# https://github.com/mikedh/trimesh

o box_link.STL
v 0.23999999 -0.16500001 -0.01700000
v 0.23999999 0.16500001 -0.01700000
v 0.25000000 -0.16500001 -0.01700000
v 0.25000000 0.16500001 -0.01700000
v 0.25000000 0.16500001 -0.00000000
v 0.23999999 0.16500001 -0.00000000
v 0.23999999 -0.16500001 -0.00000000
v 0.23999999 -0.14090011 -0.00000000
v 0.23999999 -0.11259967 -0.00000000
v 0.23999999 0.04085204 -0.00000000
v 0.23999999 -0.04085204 -0.00000000
v 0.23999999 -0.08805161 -0.00000000
v 0.23999999 0.08835194 -0.00000000
v 0.23999999 0.14120044 -0.00000000
v 0.25000000 -0.16500001 -0.00000000
v 0.25000000 0.14120044 -0.00000000
v 0.25000000 0.08835194 -0.00000000
v 0.25000000 0.04085204 -0.00000000
v 0.25000000 -0.04085204 -0.00000000
v 0.25000000 -0.08805161 -0.00000000
v 0.25000000 -0.11259967 -0.00000000
v 0.25000000 -0.14090011 -0.00000000
v 0.57999998 -0.19275001 -0.00000000
v 0.57999998 -0.19275001 0.01000000
v 0.58137500 -0.19238158 -0.00000000
v 0.58137500 -0.19238158 0.01000000
v 0.58238155 -0.19137500 -0.00000000
v 0.58238155 -0.19137500 0.01000000
v 0.58275002 -0.19000000 -0.00000000
v 0.58275002 -0.19000000 0.01000000
v 0.58238155 -0.18862499 -0.00000000
v 0.58238155 -0.18862499 0.01000000
v 0.58137500 -0.18761843 -0.00000000
v 0.58137500 -0.18761843 0.01000000
v 0.57999998 -0.18725000 -0.00000000
v 0.57999998 -0.18725000 0.01000000
v 0.57862502 -0.18761843 -0.00000000
v 0.57862502 -0.18761843 0.01000000
v 0.57761842 -0.18862499 -0.00000000
v 0.57761842 -0.18862499 0.01000000
v 0.57725000 -0.19000000 -0.00000000
v 0.57725000 -0.19000000 0.01000000
v 0.57761842 -0.19137500 -0.00000000
v 0.57761842 -0.19137500 0.01000000
v 0.57862502 -0.19238158 -0.00000000
v 0.57862502 -0.19238158 0.01000000
v 0.40000001 -0.19275001 -0.00000000
v 0.40000001 -0.19275001 0.01000000
v 0.40137500 -0.19238158 -0.00000000
v 0.40137500 -0.19238158 0.01000000
v 0.40238157 -0.19137500 -0.00000000
v 0.40238157 -0.19137500 0.01000000
v 0.40275002 -0.19000000 -0.00000000
v 0.40275002 -0.19000000 0.01000000
v 0.40238157 -0.18862499 -0.00000000
v 0.40238157 -0.18862499 0.01000000
v 0.40137500 -0.18761843 -0.00000000
v 0.40137500 -0.18761843 0.01000000
v 0.40000001 -0.18725000 -0.00000000
v 0.40000001 -0.18725000 0.01000000
v 0.39862499 -0.18761843 -0.00000000
v 0.39862499 -0.18761843 0.01000000
v 0.39761844 -0.18862499 -0.00000000
v 0.39761844 -0.18862499 0.01000000
v 0.39725000 -0.19000000 -0.00000000
v 0.39725000 -0.19000000 0.01000000
v 0.39761844 -0.19137500 -0.00000000
v 0.39761844 -0.19137500 0.01000000
v 0.39862499 -0.19238158 -0.00000000
v 0.39862499 -0.19238158 0.01000000
v 0.20000000 -0.19275001 -0.00000000
v 0.20000000 -0.19275001 0.01000000
v 0.20137501 -0.19238158 -0.00000000
v 0.20137501 -0.19238158 0.01000000
v 0.20238157 -0.19137500 -0.00000000
v 0.20238157 -0.19137500 0.01000000
v 0.20275000 -0.19000000 -0.00000000
v 0.20275000 -0.19000000 0.01000000
v 0.20238157 -0.18862499 -0.00000000
v 0.20238157 -0.18862499 0.01000000
v 0.20137501 -0.18761843 -0.00000000
v 0.20137501 -0.18761843 0.01000000
v 0.20000000 -0.18725000 -0.00000000
v 0.20000000 -0.18725000 0.01000000
v 0.19862500 -0.18761843 -0.00000000
v 0.19862500 -0.18761843 0.01000000
v 0.19761842 -0.18862499 -0.00000000
v 0.19761842 -0.18862499 0.01000000
v 0.19724999 -0.19000000 -0.00000000
v 0.19724999 -0.19000000 0.01000000
v 0.19761842 -0.19137500 -0.00000000
v 0.19761842 -0.19137500 0.01000000
v 0.19862500 -0.19238158 -0.00000000
v 0.19862500 -0.19238158 0.01000000
v 0.02000000 -0.19275001 0.00000000
v 0.02000000 -0.19275001 0.01000000
v 0.02137499 -0.19238158 0.00000000
v 0.02137499 -0.19238158 0.01000000
v 0.02238156 -0.19137500 0.00000000
v 0.02238156 -0.19137500 0.01000000
v 0.02275001 -0.19000000 0.00000000
v 0.02275001 -0.19000000 0.01000000
v 0.02238156 -0.18862499 0.00000000
v 0.02238156 -0.18862499 0.01000000
v 0.02137499 -0.18761843 0.00000000
v 0.02137499 -0.18761843 0.01000000
v 0.02000000 -0.18725000 0.00000000
v 0.02000000 -0.18725000 0.01000000
v 0.01862501 -0.18761843 0.00000000
v 0.01862501 -0.18761843 0.01000000
v 0.01761844 -0.18862499 0.00000000
v 0.01761844 -0.18862499 0.01000000
v 0.01724999 -0.19000000 0.00000000
v 0.01724999 -0.19000000 0.01000000
v 0.01761844 -0.19137500 0.00000000
v 0.01761844 -0.19137500 0.01000000
v 0.01862501 -0.19238158 0.00000000
v 0.01862501 -0.19238158 0.01000000
v 0.57999998 0.18725000 -0.00000000
v 0.57999998 0.18725000 0.01000000
v 0.58137500 0.18761843 -0.00000000
v 0.58137500 0.18761843 0.01000000
v 0.58238155 0.18862499 -0.00000000
v 0.58238155 0.18862499 0.01000000
v 0.58275002 0.19000000 -0.00000000
v 0.58275002 0.19000000 0.01000000
v 0.58238155 0.19137500 -0.00000000
v 0.58238155 0.19137500 0.01000000
v 0.58137500 0.19238158 -0.00000000
v 0.58137500 0.19238158 0.01000000
v 0.57999998 0.19275001 -0.00000000
v 0.57999998 0.19275001 0.01000000
v 0.57862502 0.19238158 -0.00000000
v 0.57862502 0.19238158 0.01000000
v 0.57761842 0.19137500 -0.00000000
v 0.57761842 0.19137500 0.01000000
v 0.57725000 0.19000000 -0.00000000
v 0.57725000 0.19000000 0.01000000
v 0.57761842 0.18862499 -0.00000000
v 0.57761842 0.18862499 0.01000000
v 0.57862502 0.18761843 -0.00000000
v 0.57862502 0.18761843 0.01000000
v 0.40000001 0.18725000 -0.00000000
v 0.40000001 0.18725000 0.01000000
v 0.40137500 0.18761843 -0.00000000
v 0.40137500 0.18761843 0.01000000
v 0.40238157 0.18862499 -0.00000000
v 0.40238157 0.18862499 0.01000000
v 0.40275002 0.19000000 -0.00000000
v 0.40275002 0.19000000 0.01000000
v 0.40238157 0.19137500 -0.00000000
v 0.40238157 0.19137500 0.01000000
v 0.40137500 0.19238158 -0.00000000
v 0.40137500 0.19238158 0.01000000
v 0.40000001 0.19275001 -0.00000000
v 0.40000001 0.19275001 0.01000000
v 0.39862499 0.19238158 -0.00000000
v 0.39862499 0.19238158 0.01000000
v 0.39761844 0.19137500 -0.00000000
v 0.39761844 0.19137500 0.01000000
v 0.39725000 0.19000000 -0.00000000
v 0.39725000 0.19000000 0.01000000
v 0.39761844 0.18862499 -0.00000000
v 0.39761844 0.18862499 0.01000000
v 0.39862499 0.18761843 -0.00000000
v 0.39862499 0.18761843 0.01000000
v 0.20000000 0.18725000 -0.00000000
v 0.20000000 0.18725000 0.01000000
v 0.20137501 0.18761843 -0.00000000
v 0.20137501 0.18761843 0.01000000
v 0.20238157 0.18862499 -0.00000000
v 0.20238157 0.18862499 0.01000000
v 0.20275000 0.19000000 -0.00000000
v 0.20275000 0.19000000 0.01000000
v 0.20238157 0.19137500 -0.00000000
v 0.20238157 0.19137500 0.01000000
v 0.20137501 0.19238158 -0.00000000
v 0.20137501 0.19238158 0.01000000
v 0.20000000 0.19275001 -0.00000000
v 0.20000000 0.19275001 0.01000000
v 0.19862500 0.19238158 -0.00000000
v 0.19862500 0.19238158 0.01000000
v 0.19761842 0.19137500 -0.00000000
v 0.19761842 0.19137500 0.01000000
v 0.19724999 0.19000000 -0.00000000
v 0.19724999 0.19000000 0.01000000
v 0.19761842 0.18862499 -0.00000000
v 0.19761842 0.18862499 0.01000000
v 0.19862500 0.18761843 -0.00000000
v 0.19862500 0.18761843 0.01000000
v 0.02000000 0.18725000 0.00000000
v 0.02000000 0.18725000 0.01000000
v 0.02137499 0.18761843 0.00000000
v 0.02137499 0.18761843 0.01000000
v 0.02238156 0.18862499 0.00000000
v 0.02238156 0.18862499 0.01000000
v 0.02275001 0.19000000 0.00000000
v 0.02275001 0.19000000 0.01000000
v 0.02238156 0.19137500 0.00000000
v 0.02238156 0.19137500 0.01000000
v 0.02137499 0.19238158 0.00000000
v 0.02137499 0.19238158 0.01000000
v 0.02000000 0.19275001 0.00000000
v 0.02000000 0.19275001 0.01000000
v 0.01862501 0.19238158 0.00000000
v 0.01862501 0.19238158 0.01000000
v 0.01761844 0.19137500 0.00000000
v 0.01761844 0.19137500 0.01000000
v 0.01724999 0.19000000 0.00000000
v 0.01724999 0.19000000 0.01000000
v 0.01761844 0.18862499 0.00000000
v 0.01761844 0.18862499 0.01000000
v 0.01862501 0.18761843 0.00000000
v 0.01862501 0.18761843 0.01000000
v 0.30630675 0.05670408 -0.00000000
v 0.30630675 0.05670408 0.01000000
v 0.30800673 0.05715959 -0.00000000
v 0.30800673 0.05715959 0.01000000
v 0.30925122 0.05840408 -0.00000000
v 0.30925122 0.05840408 0.01000000
v 0.30970675 0.06010408 -0.00000000
v 0.30970675 0.06010408 0.01000000
v 0.30925122 0.06180408 -0.00000000
v 0.30925122 0.06180408 0.01000000
v 0.30800673 0.06304856 -0.00000000
v 0.30800673 0.06304856 0.01000000
v 0.30630675 0.06350408 -0.00000000
v 0.30630675 0.06350408 0.01000000
v 0.30460674 0.06304856 -0.00000000
v 0.30460674 0.06304856 0.01000000
v 0.30336225 0.06180408 -0.00000000
v 0.30336225 0.06180408 0.01000000
v 0.30290675 0.06010408 -0.00000000
v 0.30290675 0.06010408 0.01000000
v 0.30336225 0.05840408 -0.00000000
v 0.30336225 0.05840408 0.01000000
v 0.30460674 0.05715959 -0.00000000
v 0.30460674 0.05715959 0.01000000
v 0.18609859 0.05670408 -0.00000000
v 0.18609859 0.05670408 0.01000000
v 0.18779859 0.05715959 -0.00000000
v 0.18779859 0.05715959 0.01000000
v 0.18904307 0.05840408 -0.00000000
v 0.18904307 0.05840408 0.01000000
v 0.18949859 0.06010408 -0.00000000
v 0.18949859 0.06010408 0.01000000
v 0.18904307 0.06180407 -0.00000000
v 0.18904307 0.06180407 0.01000000
v 0.18779859 0.06304856 -0.00000000
v 0.18779859 0.06304856 0.01000000
v 0.18609859 0.06350408 -0.00000000
v 0.18609859 0.06350408 0.01000000
v 0.18439859 0.06304856 -0.00000000
v 0.18439859 0.06304856 0.01000000
v 0.18315411 0.06180407 -0.00000000
v 0.18315411 0.06180407 0.01000000
v 0.18269859 0.06010408 -0.00000000
v 0.18269859 0.06010408 0.01000000
v 0.18315411 0.05840408 -0.00000000
v 0.18315411 0.05840408 0.01000000
v 0.18439859 0.05715959 -0.00000000
v 0.18439859 0.05715959 0.01000000
v 0.30630675 -0.06350408 -0.00000000
v 0.30630675 -0.06350408 0.01000000
v 0.30800673 -0.06304856 -0.00000000
v 0.30800673 -0.06304856 0.01000000
v 0.30925122 -0.06180407 -0.00000000
v 0.30925122 -0.06180407 0.01000000
v 0.30970675 -0.06010408 -0.00000000
v 0.30970675 -0.06010408 0.01000000
v 0.30925122 -0.05840408 -0.00000000
v 0.30925122 -0.05840408 0.01000000
v 0.30800673 -0.05715959 -0.00000000
v 0.30800673 -0.05715959 0.01000000
v 0.30630675 -0.05670408 -0.00000000
v 0.30630675 -0.05670408 0.01000000
v 0.30460674 -0.05715959 -0.00000000
v 0.30460674 -0.05715959 0.01000000
v 0.30336225 -0.05840408 -0.00000000
v 0.30336225 -0.05840408 0.01000000
v 0.30290675 -0.06010408 -0.00000000
v 0.30290675 -0.06010408 0.01000000
v 0.30336225 -0.06180407 -0.00000000
v 0.30336225 -0.06180407 0.01000000
v 0.30460674 -0.06304856 -0.00000000
v 0.30460674 -0.06304856 0.01000000
v 0.18609859 -0.06350408 -0.00000000
v 0.18609859 -0.06350408 0.01000000
v 0.18779859 -0.06304856 -0.00000000
v 0.18779859 -0.06304856 0.01000000
v 0.18904307 -0.06180407 -0.00000000
v 0.18904307 -0.06180407 0.01000000
v 0.18949859 -0.06010408 -0.00000000
v 0.18949859 -0.06010408 0.01000000
v 0.18904307 -0.05840408 -0.00000000
v 0.18904307 -0.05840408 0.01000000
v 0.18779859 -0.05715959 -0.00000000
v 0.18779859 -0.05715959 0.01000000
v 0.18609859 -0.05670408 -0.00000000
v 0.18609859 -0.05670408 0.01000000
v 0.18439859 -0.05715959 -0.00000000
v 0.18439859 -0.05715959 0.01000000
v 0.18315411 -0.05840408 -0.00000000
v 0.18315411 -0.05840408 0.01000000
v 0.18269859 -0.06010408 -0.00000000
v 0.18269859 -0.06010408 0.01000000
v 0.18315411 -0.06180407 -0.00000000
v 0.18315411 -0.06180407 0.01000000
v 0.18439859 -0.06304856 -0.00000000
v 0.18439859 -0.06304856 0.01000000
v 0.49388182 0.02500000 0.01000000
v 0.43009695 0.02500000 0.01000000
v 0.49388182 0.02500000 -0.00000000
v 0.43009695 0.02500000 -0.00000000
v 0.41759697 0.02165063 -0.00000000
v 0.41759697 0.02165063 0.01000000
v 0.40844634 0.01250000 -0.00000000
v 0.40844634 0.01250000 0.01000000
v 0.40509695 0.00000000 -0.00000000
v 0.40509695 0.00000000 0.01000000
v 0.40844634 -0.01250000 -0.00000000
v 0.40844634 -0.01250000 0.01000000
v 0.41759697 -0.02165063 -0.00000000
v 0.41759697 -0.02165063 0.01000000
v 0.43009695 -0.02500000 -0.00000000
v 0.43009695 -0.02500000 0.01000000
v 0.49388182 -0.02500000 0.01000000
v 0.49388182 -0.02500000 -0.00000000
v 0.50638181 -0.02165063 -0.00000000
v 0.50638181 -0.02165063 0.01000000
v 0.51553249 -0.01250000 -0.00000000
v 0.51553249 -0.01250000 0.01000000
v 0.51888186 0.00000000 -0.00000000
v 0.51888186 0.00000000 0.01000000
v 0.51553249 0.01250000 -0.00000000
v 0.51553249 0.01250000 0.01000000
v 0.50638181 0.02165063 -0.00000000
v 0.50638181 0.02165063 0.01000000
v 0.45588183 0.11320087 -0.00000000
v 0.45588183 0.11320087 0.01000000
v 0.45693183 0.11348221 -0.00000000
v 0.45693183 0.11348221 0.01000000
v 0.45770049 0.11425086 -0.00000000
v 0.45770049 0.11425086 0.01000000
v 0.45798182 0.11530086 -0.00000000
v 0.45798182 0.11530086 0.01000000
v 0.45770049 0.11635087 -0.00000000
v 0.45770049 0.11635087 0.01000000
v 0.45693183 0.11711952 -0.00000000
v 0.45693183 0.11711952 0.01000000
v 0.45588183 0.11740086 -0.00000000
v 0.45588183 0.11740086 0.01000000
v 0.45483184 0.11711952 -0.00000000
v 0.45483184 0.11711952 0.01000000
v 0.45406318 0.11635087 -0.00000000
v 0.45406318 0.11635087 0.01000000
v 0.45378184 0.11530086 -0.00000000
v 0.45378184 0.11530086 0.01000000
v 0.45406318 0.11425086 -0.00000000
v 0.45406318 0.11425086 0.01000000
v 0.45483184 0.11348221 -0.00000000
v 0.45483184 0.11348221 0.01000000
v 0.39588183 0.11319980 -0.00000000
v 0.39588183 0.11319980 0.01000000
v 0.39693183 0.11348115 -0.00000000
v 0.39693183 0.11348115 0.01000000
v 0.39770049 0.11424980 -0.00000000
v 0.39770049 0.11424980 0.01000000
v 0.39798182 0.11529980 -0.00000000
v 0.39798182 0.11529980 0.01000000
v 0.39770049 0.11634980 -0.00000000
v 0.39770049 0.11634980 0.01000000
v 0.39693183 0.11711846 -0.00000000
v 0.39693183 0.11711846 0.01000000
v 0.39588183 0.11739980 -0.00000000
v 0.39588183 0.11739980 0.01000000
v 0.39483184 0.11711846 -0.00000000
v 0.39483184 0.11711846 0.01000000
v 0.39406317 0.11634980 -0.00000000
v 0.39406317 0.11634980 0.01000000
v 0.39378184 0.11529980 -0.00000000
v 0.39378184 0.11529980 0.01000000
v 0.39406317 0.11424980 -0.00000000
v 0.39406317 0.11424980 0.01000000
v 0.39483184 0.11348115 -0.00000000
v 0.39483184 0.11348115 0.01000000
v 0.45588592 -0.11679914 -0.00000000
v 0.45588592 -0.11679914 0.01000000
v 0.45693591 -0.11651779 -0.00000000
v 0.45693591 -0.11651779 0.01000000
v 0.45770457 -0.11574914 -0.00000000
v 0.45770457 -0.11574914 0.01000000
v 0.45798591 -0.11469913 -0.00000000
v 0.45798591 -0.11469913 0.01000000
v 0.45770457 -0.11364914 -0.00000000
v 0.45770457 -0.11364914 0.01000000
v 0.45693591 -0.11288048 -0.00000000
v 0.45693591 -0.11288048 0.01000000
v 0.45588592 -0.11259913 -0.00000000
v 0.45588592 -0.11259913 0.01000000
v 0.45483592 -0.11288048 -0.00000000
v 0.45483592 -0.11288048 0.01000000
v 0.45406726 -0.11364914 -0.00000000
v 0.45406726 -0.11364914 0.01000000
v 0.45378593 -0.11469913 -0.00000000
v 0.45378593 -0.11469913 0.01000000
v 0.45406726 -0.11574914 -0.00000000
v 0.45406726 -0.11574914 0.01000000
v 0.45483592 -0.11651779 -0.00000000
v 0.45483592 -0.11651779 0.01000000
v 0.39588591 -0.11680020 -0.00000000
v 0.39588591 -0.11680020 0.01000000
v 0.39693591 -0.11651886 -0.00000000
v 0.39693591 -0.11651886 0.01000000
v 0.39770457 -0.11575020 -0.00000000
v 0.39770457 -0.11575020 0.01000000
v 0.39798591 -0.11470020 -0.00000000
v 0.39798591 -0.11470020 0.01000000
v 0.39770457 -0.11365020 -0.00000000
v 0.39770457 -0.11365020 0.01000000
v 0.39693591 -0.11288155 -0.00000000
v 0.39693591 -0.11288155 0.01000000
v 0.39588591 -0.11260020 -0.00000000
v 0.39588591 -0.11260020 0.01000000
v 0.39483592 -0.11288155 -0.00000000
v 0.39483592 -0.11288155 0.01000000
v 0.39406726 -0.11365020 -0.00000000
v 0.39406726 -0.11365020 0.01000000
v 0.39378592 -0.11470020 -0.00000000
v 0.39378592 -0.11470020 0.01000000
v 0.39406726 -0.11575020 -0.00000000
v 0.39406726 -0.11575020 0.01000000
v 0.39483592 -0.11651886 -0.00000000
v 0.39483592 -0.11651886 0.01000000
v 0.39798388 -0.15202510 0.01000000
v 0.40392348 -0.15202510 0.01000000
v 0.60000002 0.15232544 0.01000000
v -0.00000001 -0.20000000 0.01000000
v 0.00133975 -0.20500000 0.01000000
v 0.00500001 -0.20866026 0.01000000
v 0.60000002 -0.15202510 0.01000000
v 0.58999997 -0.20999999 0.01000000
v 0.54806590 -0.20999999 0.01000000
v 0.54806590 -0.15202510 0.01000000
v 0.60000002 -0.20000000 0.01000000
v 0.59866023 -0.20500000 0.01000000
v 0.59499997 -0.20866026 0.01000000
v 0.01000001 -0.20999999 0.01000000
v 0.00862499 -0.15202510 0.01000000
v 0.10272430 -0.15202510 0.01000000
v 0.10272430 -0.20999999 0.01000000
v -0.00000001 -0.15202510 0.01000000
v 0.10272430 0.20137499 0.01000000
v 0.01000001 0.20999999 0.01000000
v 0.00862499 0.20137499 0.01000000
v 0.00500001 0.20866026 0.01000000
v -0.00000001 0.15232544 0.01000000
v 0.00862499 0.15232544 0.01000000
v -0.00000001 0.20000000 0.01000000
v 0.00133975 0.20500000 0.01000000
v 0.59866023 0.20500000 0.01000000
v 0.59499997 0.20866026 0.01000000
v 0.58999997 0.20999999 0.01000000
v 0.54806590 0.15232544 0.01000000
v 0.54806590 0.20137499 0.01000000
v 0.60000002 0.20000000 0.01000000
v 0.39798388 -0.20999999 0.01000000
v 0.40392348 -0.20999999 0.01000000
v 0.39551795 -0.20999999 0.01000000
v 0.39551795 -0.15202510 0.01000000
v 0.40392348 0.20137499 0.01000000
v 0.39798388 0.20137499 0.01000000
v 0.40392348 0.15232544 0.01000000
v 0.39798388 0.15232544 0.01000000
v 0.39551795 0.20137499 0.01000000
v 0.39551795 0.15232544 0.01000000
v 0.54806590 0.04085204 0.01000000
v 0.42943940 0.04085204 0.01000000
v 0.54806590 -0.04085204 0.01000000
v 0.40392348 0.04085204 0.01000000
v 0.42943940 -0.04085204 0.01000000
v 0.40392348 -0.04085204 0.01000000
v 0.54806590 0.08835194 0.01000000
v 0.42943940 0.11740033 0.01000000
v 0.42943940 0.08835194 0.01000000
v 0.54806590 0.11740033 0.01000000
v 0.42943940 0.15232544 0.01000000
v 0.35174429 0.11740033 0.01000000
v 0.39798388 0.08835194 0.01000000
v 0.39551795 0.08835194 0.01000000
v 0.35174429 0.08835194 0.01000000
v 0.39551795 0.11740033 0.01000000
v 0.39798388 0.11740033 0.01000000
v 0.54806590 -0.11259967 0.01000000
v 0.42943940 -0.15202510 0.01000000
v 0.42943940 -0.11259967 0.01000000
v 0.54806590 -0.08805161 0.01000000
v 0.42943940 -0.08805161 0.01000000
v 0.35174429 -0.11259967 0.01000000
v 0.39551795 -0.11259967 0.01000000
v 0.39798388 -0.11259967 0.01000000
v 0.35174429 -0.15202510 0.01000000
v 0.60000002 -0.11259967 0.01000000
v 0.60000002 -0.08805161 0.01000000
v 0.60000002 -0.04085204 0.01000000
v 0.60000002 0.04085204 0.01000000
v 0.60000002 0.11740033 0.01000000
v 0.60000002 0.08835194 0.01000000
v 0.42943940 -0.20999999 0.01000000
v 0.40392348 -0.11259967 0.01000000
v 0.42943940 0.20137499 0.01000000
v 0.40392348 0.08835194 0.01000000
v 0.40392348 0.11740033 0.01000000
v 0.35174429 -0.20999999 0.01000000
v 0.25282836 -0.20999999 0.01000000
v 0.40392348 -0.08805161 0.01000000
v 0.39798388 -0.08805161 0.01000000
v 0.39798388 -0.04085204 0.01000000
v 0.39551795 -0.08805161 0.01000000
v 0.39551795 -0.04085204 0.01000000
v 0.35174429 -0.08805161 0.01000000
v 0.35174429 -0.04085204 0.01000000
v 0.25282836 -0.08805161 0.01000000
v 0.25282836 -0.04085204 0.01000000
v 0.25282836 0.08835194 0.01000000
v 0.35174429 0.04085204 0.01000000
v 0.25282836 0.04085204 0.01000000
v 0.39551795 0.04085204 0.01000000
v 0.39798388 0.04085204 0.01000000
v 0.19337429 -0.20999999 0.01000000
v 0.19337429 -0.15202510 0.01000000
v 0.25282836 -0.15202510 0.01000000
v 0.19337429 0.15232544 0.01000000
v 0.19337429 0.20137499 0.01000000
v 0.25282836 0.20137499 0.01000000
v 0.25282836 0.15232544 0.01000000
v 0.35174429 0.20137499 0.01000000
v 0.35174429 0.15232544 0.01000000
v 0.25282836 -0.11259967 0.01000000
v 0.19337429 -0.11259967 0.01000000
v 0.10272430 -0.11259967 0.01000000
v 0.19337429 -0.08805161 0.01000000
v 0.10272430 -0.08805161 0.01000000
v 0.10272430 -0.04085204 0.01000000
v 0.19337429 -0.04085204 0.01000000
v 0.19337429 0.04085204 0.01000000
v 0.10272430 0.04085204 0.01000000
v 0.19337429 0.08835194 0.01000000
v 0.10272430 0.08835194 0.01000000
v 0.25282836 0.11740033 0.01000000
v 0.19337429 0.11740033 0.01000000
v 0.10272430 0.11740033 0.01000000
v 0.54806590 0.20999999 0.01000000
v 0.42943940 0.20999999 0.01000000
v 0.40392348 0.20999999 0.01000000
v 0.39798388 0.20999999 0.01000000
v 0.39551795 0.20999999 0.01000000
v 0.35174429 0.20999999 0.01000000
v 0.25282836 0.20999999 0.01000000
v 0.19337429 0.20999999 0.01000000
v 0.10272430 0.20999999 0.01000000
v 0.00862499 -0.11259967 0.01000000
v 0.00862499 -0.08805161 0.01000000
v 0.00862499 -0.04085204 0.01000000
v 0.00862499 0.04085204 0.01000000
v 0.00862499 0.08835194 0.01000000
v 0.00862499 0.11740033 0.01000000
v 0.10272430 0.15232544 0.01000000
v -0.00000001 -0.11259967 0.01000000
v -0.00000001 -0.08805161 0.01000000
v -0.00000001 -0.04085204 0.01000000
v -0.00000001 0.04085204 0.01000000
v -0.00000001 0.08835194 0.01000000
v -0.00000001 0.11740033 0.01000000
v 0.60000002 0.20000000 -0.00000000
v 0.60000002 0.17612500 -0.00000000
v 0.60000002 0.14120044 -0.00000000
v 0.60000002 0.08835194 -0.00000000
v 0.60000002 0.04085204 -0.00000000
v 0.60000002 -0.04085204 -0.00000000
v 0.60000002 -0.08805161 -0.00000000
v 0.60000002 -0.11259967 -0.00000000
v 0.60000002 -0.14090011 -0.00000000
v 0.60000002 -0.17612500 -0.00000000
v 0.60000002 -0.20000000 -0.00000000
v 0.58999997 -0.20999999 -0.00000000
v 0.59499997 -0.20866026 -0.00000000
v 0.59866023 -0.20500000 -0.00000000
v 0.01000001 -0.20999999 0.00000000
v 0.10272430 -0.20999999 0.00000000
v 0.19337429 -0.20999999 -0.00000000
v 0.22137500 -0.20999999 -0.00000000
v 0.35174429 -0.20999999 -0.00000000
v 0.54806590 -0.20999999 -0.00000000
v 0.42943940 -0.20999999 -0.00000000
v 0.40392348 -0.20999999 -0.00000000
v 0.39798388 -0.20999999 -0.00000000
v 0.39551795 -0.20999999 -0.00000000
v -0.00000001 -0.20000000 0.00000000
v 0.00133975 -0.20500000 0.00000000
v 0.00500001 -0.20866026 0.00000000
v -0.00000001 0.20000000 0.00000000
v -0.00000001 0.17612500 0.00000000
v -0.00000001 0.14120044 0.00000000
v -0.00000001 0.08835194 0.00000000
v -0.00000001 0.04085204 0.00000000
v -0.00000001 -0.04085204 0.00000000
v -0.00000001 -0.08805161 0.00000000
v -0.00000001 -0.11259967 0.00000000
v -0.00000001 -0.14090011 0.00000000
v -0.00000001 -0.17612500 0.00000000
v 0.01000001 0.20999999 0.00000000
v 0.00500001 0.20866026 0.00000000
v 0.00133975 0.20500000 0.00000000
v 0.10272430 0.20999999 0.00000000
v 0.19337429 0.20999999 -0.00000000
v 0.22137500 0.20999999 -0.00000000
v 0.35174429 0.20999999 -0.00000000
v 0.39551795 0.20999999 -0.00000000
v 0.39798388 0.20999999 -0.00000000
v 0.40392348 0.20999999 -0.00000000
v 0.42943940 0.20999999 -0.00000000
v 0.54806590 0.20999999 -0.00000000
v 0.58999997 0.20999999 -0.00000000
v 0.59866023 0.20500000 -0.00000000
v 0.59499997 0.20866026 -0.00000000
v 0.35174429 0.04085204 -0.00000000
v 0.35174429 0.08835194 -0.00000000
v 0.39551795 0.08835194 -0.00000000
v 0.19337429 -0.17612500 -0.00000000
v 0.10272430 0.17612500 0.00000000
v 0.10272430 0.20137499 0.00000000
v 0.19337429 0.20137499 -0.00000000
v 0.35174429 0.14120044 -0.00000000
v 0.35174429 -0.14090011 -0.00000000
v 0.00862499 -0.17612500 0.00000000
v 0.00862499 0.17612500 0.00000000
v 0.00862499 0.20137499 0.00000000
v 0.10272430 -0.17612500 0.00000000
v 0.54806590 -0.17612500 -0.00000000
v 0.54806590 0.20137499 -0.00000000
v 0.54806590 0.17612500 -0.00000000
v 0.39551795 -0.14090011 -0.00000000
v 0.39798388 -0.14090011 -0.00000000
v 0.40392348 -0.11259967 -0.00000000
v 0.39798388 -0.11259967 -0.00000000
v 0.39551795 -0.11259967 -0.00000000
v 0.35174429 -0.11259967 -0.00000000
v 0.42943940 -0.14090011 -0.00000000
v 0.54806590 -0.14090011 -0.00000000
v 0.54806590 -0.11259967 -0.00000000
v 0.42943940 -0.11259967 -0.00000000
v 0.42943940 -0.08805161 -0.00000000
v 0.54806590 -0.08805161 -0.00000000
v 0.39798388 0.08835194 -0.00000000
v 0.39798388 0.14120044 -0.00000000
v 0.39551795 0.14120044 -0.00000000
v 0.54806590 -0.04085204 -0.00000000
v 0.42943940 -0.04085204 -0.00000000
v 0.54806590 0.04085204 -0.00000000
v 0.40392348 0.04085204 -0.00000000
v 0.40392348 -0.04085204 -0.00000000
v 0.40392348 0.17612500 -0.00000000
v 0.39798388 0.17612500 -0.00000000
v 0.40392348 0.20137499 -0.00000000
v 0.42943940 0.20137499 -0.00000000
v 0.39798388 0.20137499 -0.00000000
v 0.39551795 0.20137499 -0.00000000
v 0.39551795 0.17612500 -0.00000000
v 0.39798388 -0.17612500 -0.00000000
v 0.40392348 -0.17612500 -0.00000000
v 0.39551795 -0.17612500 -0.00000000
v 0.35174429 -0.17612500 -0.00000000
v 0.22137500 -0.17612500 -0.00000000
v 0.35174429 0.17612500 -0.00000000
v 0.22137500 0.17612500 -0.00000000
v 0.22137500 0.14120044 -0.00000000
v 0.22137500 0.08835194 -0.00000000
v 0.22137500 0.04085204 -0.00000000
v 0.22137500 -0.04085204 -0.00000000
v 0.22137500 -0.08805161 -0.00000000
v 0.22137500 -0.11259967 -0.00000000
v 0.22137500 -0.14090011 -0.00000000
v 0.35174429 -0.04085204 -0.00000000
v 0.35174429 -0.08805161 -0.00000000
v 0.00862499 -0.14090011 0.00000000
v 0.00862499 -0.11259967 0.00000000
v 0.10272430 -0.14090011 0.00000000
v 0.10272430 -0.11259967 0.00000000
v 0.10272430 -0.08805161 0.00000000
v 0.00862499 0.14120044 0.00000000
v 0.19337429 -0.08805161 -0.00000000
v 0.19337429 -0.11259967 -0.00000000
v 0.19337429 -0.14090011 -0.00000000
v 0.10272430 -0.04085204 0.00000000
v 0.00862499 -0.08805161 0.00000000
v 0.19337429 -0.04085204 -0.00000000
v 0.19337429 0.04085204 -0.00000000
v 0.10272430 0.04085204 0.00000000
v 0.10272430 0.08835194 0.00000000
v 0.00862499 0.04085204 0.00000000
v 0.00862499 -0.04085204 0.00000000
v 0.19337429 0.08835194 -0.00000000
v 0.19337429 0.14120044 -0.00000000
v 0.00862499 0.08835194 0.00000000
v 0.10272430 0.14120044 0.00000000
v 0.19337429 0.17612500 -0.00000000
v 0.22137500 0.20137499 -0.00000000
v 0.39551795 0.04085204 -0.00000000
v 0.35174429 0.20137499 -0.00000000
v 0.39798388 0.04085204 -0.00000000
v 0.39798388 -0.04085204 -0.00000000
v 0.39551795 -0.04085204 -0.00000000
v 0.40392348 0.08835194 -0.00000000
v 0.40392348 -0.14090011 -0.00000000
v 0.40392348 -0.08805161 -0.00000000
v 0.39798388 -0.08805161 -0.00000000
v 0.39551795 -0.08805161 -0.00000000
v 0.42943940 0.04085204 -0.00000000
v 0.42943940 0.08835194 -0.00000000
v 0.42943940 0.14120044 -0.00000000
v 0.40392348 0.14120044 -0.00000000
v 0.42943940 0.17612500 -0.00000000
v 0.42943940 -0.17612500 -0.00000000
v 0.54806590 0.08835194 -0.00000000
v 0.54806590 0.14120044 -0.00000000
v -0.46633542 -0.06575000 0.01500000
v -0.46633542 -0.06575000 0.29699999
v -0.46733543 -0.06675000 0.01500000
v -0.46733543 -0.06675000 0.29699999
v -0.50258541 -0.03150000 0.01500000
v -0.50258541 -0.03150000 0.29699999
v -0.50158542 -0.03050000 0.01500000
v -0.50158542 -0.03050000 0.29699999
v -0.50158542 0.03050000 0.01500000
v -0.50158542 0.03050000 0.29699999
v -0.50258541 0.03150000 0.01500000
v -0.50258541 0.03150000 0.29699999
v -0.46733543 0.06675000 0.01500000
v -0.46733543 0.06675000 0.29699999
v -0.46633542 0.06575000 0.01500000
v -0.46633542 0.06575000 0.29699999
v -0.40533543 0.06575000 0.01500000
v -0.40533543 0.06575000 0.29699999
v -0.40433544 0.06675000 0.01500000
v -0.40433544 0.06675000 0.29699999
v -0.36908543 0.03150000 0.01500000
v -0.36908543 0.03150000 0.29699999
v -0.37008542 0.03050000 0.01500000
v -0.37008542 0.03050000 0.29699999
v -0.37008542 -0.03050000 0.01500000
v -0.37008542 -0.03050000 0.29699999
v -0.36908543 -0.03150000 0.01500000
v -0.36908543 -0.03150000 0.29699999
v -0.40433544 -0.06675000 0.01500000
v -0.40433544 -0.06675000 0.29699999
v -0.40533543 -0.06575000 0.01500000
v -0.40533543 -0.06575000 0.29699999
v -0.37816608 0.05929570 0.29699999
v -0.37840059 0.05906118 0.29699999
v -0.37816608 0.05929570 0.01500000
v -0.37840059 0.05906118 0.01500000
v -0.49327028 0.05906118 0.29699999
v -0.49350479 0.05929570 0.29699999
v -0.49327028 0.05906118 0.01500000
v -0.49350479 0.05929570 0.01500000
v -0.49513113 0.05766935 0.29699999
v -0.49489662 0.05743483 0.29699999
v -0.49513113 0.05766935 0.01500000
v -0.49489662 0.05743483 0.01500000
v -0.49489662 -0.05743483 0.29699999
v -0.49513113 -0.05766935 0.29699999
v -0.49489662 -0.05743483 0.01500000
v -0.49513113 -0.05766935 0.01500000
v -0.49327028 -0.05906118 0.01500000
v -0.49350479 -0.05929570 0.01500000
v -0.49327028 -0.05906118 0.29699999
v -0.49350479 -0.05929570 0.29699999
v -0.37840059 -0.05906118 0.29699999
v -0.37816608 -0.05929570 0.29699999
v -0.37840059 -0.05906118 0.01500000
v -0.37816608 -0.05929570 0.01500000
v -0.37653974 -0.05766935 0.29699999
v -0.37677425 -0.05743483 0.29699999
v -0.37653974 -0.05766935 0.01500000
v -0.37677425 -0.05743483 0.01500000
v -0.49433544 -0.06675000 0.01500000
v -0.49433544 -0.06675000 0.29699999
v -0.50258541 -0.05850000 0.01500000
v -0.50258541 -0.05850000 0.29699999
v -0.50258541 0.05850000 0.01500000
v -0.50258541 0.05850000 0.29699999
v -0.49433544 0.06675000 0.01500000
v -0.49433544 0.06675000 0.29699999
v -0.37733543 0.06675000 0.01500000
v -0.37733543 0.06675000 0.29699999
v -0.36908543 0.05850000 0.01500000
v -0.36908543 0.05850000 0.29699999
v -0.36908543 -0.05850000 0.01500000
v -0.36908543 -0.05850000 0.29699999
v -0.37733543 -0.06675000 0.01500000
v -0.37733543 -0.06675000 0.29699999
v -0.37547675 -0.05772289 0.29699999
v -0.37547675 -0.05772289 0.01500000
v -0.37457654 -0.05829072 0.29699999
v -0.37457654 -0.05829072 0.01500000
v -0.37407035 -0.05922698 0.29699999
v -0.37407035 -0.05922698 0.01500000
v -0.37408820 -0.06029117 0.29699999
v -0.37408820 -0.06029117 0.01500000
v -0.37462550 -0.06120992 0.29699999
v -0.37462550 -0.06120992 0.01500000
v -0.37554425 -0.06174724 0.29699999
v -0.37554425 -0.06174724 0.01500000
v -0.37660846 -0.06176509 0.29699999
v -0.37660846 -0.06176509 0.01500000
v -0.37754470 -0.06125890 0.29699999
v -0.37754470 -0.06125890 0.01500000
v -0.37811255 -0.06035868 0.29699999
v -0.37811255 -0.06035868 0.01500000
v -0.37811255 0.06035868 0.29699999
v -0.37811255 0.06035868 0.01500000
v -0.37754470 0.06125890 0.29699999
v -0.37754470 0.06125890 0.01500000
v -0.37660846 0.06176509 0.29699999
v -0.37660846 0.06176509 0.01500000
v -0.37554425 0.06174724 0.29699999
v -0.37554425 0.06174724 0.01500000
v -0.37462550 0.06120992 0.29699999
v -0.37462550 0.06120992 0.01500000
v -0.37408820 0.06029117 0.29699999
v -0.37408820 0.06029117 0.01500000
v -0.37407035 0.05922698 0.29699999
v -0.37407035 0.05922698 0.01500000
v -0.37457654 0.05829072 0.29699999
v -0.37457654 0.05829072 0.01500000
v -0.37547675 0.05772289 0.29699999
v -0.37547675 0.05772289 0.01500000
v -0.37653974 0.05766935 0.29699999
v -0.37653974 0.05766935 0.01500000
v -0.38258940 0.06325000 0.01500000
v -0.38258940 0.06325000 0.29699999
v -0.48908144 0.06325000 0.01500000
v -0.48908144 0.06325000 0.29699999
v -0.49619412 0.05772289 0.29699999
v -0.49619412 0.05772289 0.01500000
v -0.49709433 0.05829072 0.29699999
v -0.49709433 0.05829072 0.01500000
v -0.49760053 0.05922698 0.29699999
v -0.49760053 0.05922698 0.01500000
v -0.49758267 0.06029117 0.29699999
v -0.49758267 0.06029117 0.01500000
v -0.49704537 0.06120992 0.29699999
v -0.49704537 0.06120992 0.01500000
v -0.49612659 0.06174724 0.29699999
v -0.49612659 0.06174724 0.01500000
v -0.49506241 0.06176509 0.29699999
v -0.49506241 0.06176509 0.01500000
v -0.49412614 0.06125890 0.29699999
v -0.49412614 0.06125890 0.01500000
v -0.49355832 0.06035868 0.29699999
v -0.49355832 0.06035868 0.01500000
v -0.49908543 0.05324602 0.01500000
v -0.49908543 0.05324602 0.29699999
v -0.49908543 -0.05324602 0.01500000
v -0.49908543 -0.05324602 0.29699999
v -0.49355832 -0.06035868 0.29699999
v -0.49355832 -0.06035868 0.01500000
v -0.49412614 -0.06125890 0.29699999
v -0.49412614 -0.06125890 0.01500000
v -0.49506241 -0.06176509 0.29699999
v -0.49506241 -0.06176509 0.01500000
v -0.49612659 -0.06174724 0.29699999
v -0.49612659 -0.06174724 0.01500000
v -0.49704537 -0.06120992 0.29699999
v -0.49704537 -0.06120992 0.01500000
v -0.49758267 -0.06029117 0.29699999
v -0.49758267 -0.06029117 0.01500000
v -0.49760053 -0.05922698 0.29699999
v -0.49760053 -0.05922698 0.01500000
v -0.49709433 -0.05829072 0.29699999
v -0.49709433 -0.05829072 0.01500000
v -0.49619412 -0.05772289 0.29699999
v -0.49619412 -0.05772289 0.01500000
v -0.48908144 -0.06325000 0.01500000
v -0.48908144 -0.06325000 0.29699999
v -0.38258940 -0.06325000 0.01500000
v -0.38258940 -0.06325000 0.29699999
v -0.37677425 0.05743483 0.29699999
v -0.37677425 0.05743483 0.01500000
v -0.37258545 0.05324602 0.01500000
v -0.37258545 -0.05324602 0.01500000
v -0.37258545 -0.05324602 0.29699999
v -0.37258545 0.05324602 0.29699999
v -0.09571043 0.34805146 0.25027001
v -0.09459543 0.34612021 0.25250000
v -0.09488687 0.34887499 0.25027001
v -0.09295563 0.34775999 0.25250000
v -0.09458543 0.34999999 0.25027001
v -0.09235543 0.34999999 0.25250000
v -0.09488687 0.35112500 0.25027001
v -0.09295563 0.35224000 0.25250000
v -0.09571043 0.35194856 0.25027001
v -0.09459543 0.35387981 0.25250000
v -0.09683543 0.35225001 0.25027001
v -0.09683543 0.35448000 0.25250000
v -0.09796043 0.35194856 0.25027001
v -0.09907544 0.35387981 0.25250000
v -0.09878398 0.35112500 0.25027001
v -0.10071522 0.35224000 0.25250000
v -0.09908544 0.34999999 0.25027001
v -0.10131544 0.34999999 0.25250000
v -0.09878398 0.34887499 0.25027001
v -0.10071522 0.34775999 0.25250000
v -0.09796043 0.34805146 0.25027001
v -0.09907544 0.34612021 0.25250000
v -0.09683543 0.34775001 0.25027001
v -0.09683543 0.34551999 0.25250000
v -0.09683543 0.34775001 0.25000000
v -0.09571043 0.34805146 0.25000000
v -0.09488687 0.34887499 0.25000000
v -0.09458543 0.34999999 0.25000000
v -0.09488687 0.35112500 0.25000000
v -0.09571043 0.35194856 0.25000000
v -0.09683543 0.35225001 0.25000000
v -0.09796043 0.35194856 0.25000000
v -0.09878398 0.35112500 0.25000000
v -0.09908544 0.34999999 0.25000000
v -0.09878398 0.34887499 0.25000000
v -0.09796043 0.34805146 0.25000000
v -0.08371043 0.24055144 0.25027001
v -0.08259544 0.23862021 0.25250000
v -0.08288687 0.24137500 0.25027001
v -0.08095564 0.24026000 0.25250000
v -0.08258544 0.24250001 0.25027001
v -0.08035544 0.24250001 0.25250000
v -0.08288687 0.24362500 0.25027001
v -0.08095564 0.24473999 0.25250000
v -0.08371043 0.24444856 0.25027001
v -0.08259544 0.24637979 0.25250000
v -0.08483544 0.24474999 0.25027001
v -0.08483544 0.24698000 0.25250000
v -0.08596043 0.24444856 0.25027001
v -0.08707543 0.24637979 0.25250000
v -0.08678399 0.24362500 0.25027001
v -0.08871523 0.24473999 0.25250000
v -0.08708543 0.24250001 0.25027001
v -0.08931543 0.24250001 0.25250000
v -0.08678399 0.24137500 0.25027001
v -0.08871523 0.24026000 0.25250000
v -0.08596043 0.24055144 0.25027001
v -0.08707543 0.23862021 0.25250000
v -0.08483544 0.24025001 0.25027001
v -0.08483544 0.23802000 0.25250000
v -0.08483544 0.24025001 0.25000000
v -0.08371043 0.24055144 0.25000000
v -0.08288687 0.24137500 0.25000000
v -0.08258544 0.24250001 0.25000000
v -0.08288687 0.24362500 0.25000000
v -0.08371043 0.24444856 0.25000000
v -0.08483544 0.24474999 0.25000000
v -0.08596043 0.24444856 0.25000000
v -0.08678399 0.24362500 0.25000000
v -0.08708543 0.24250001 0.25000000
v -0.08678399 0.24137500 0.25000000
v -0.08596043 0.24055144 0.25000000
v -0.53971040 0.34805146 0.25027001
v -0.53859544 0.34612021 0.25250000
v -0.53888685 0.34887499 0.25027001
v -0.53695565 0.34775999 0.25250000
v -0.53858542 0.34999999 0.25027001
v -0.53635544 0.34999999 0.25250000
v -0.53888685 0.35112500 0.25027001
v -0.53695565 0.35224000 0.25250000
v -0.53971040 0.35194856 0.25027001
v -0.53859544 0.35387981 0.25250000
v -0.54083544 0.35225001 0.25027001
v -0.54083544 0.35448000 0.25250000
v -0.54196042 0.35194856 0.25027001
v -0.54307544 0.35387981 0.25250000
v -0.54278398 0.35112500 0.25027001
v -0.54471523 0.35224000 0.25250000
v -0.54308540 0.34999999 0.25027001
v -0.54531544 0.34999999 0.25250000
v -0.54278398 0.34887499 0.25027001
v -0.54471523 0.34775999 0.25250000
v -0.54196042 0.34805146 0.25027001
v -0.54307544 0.34612021 0.25250000
v -0.54083544 0.34775001 0.25027001
v -0.54083544 0.34551999 0.25250000
v -0.54083544 0.34775001 0.25000000
v -0.53971040 0.34805146 0.25000000
v -0.53888685 0.34887499 0.25000000
v -0.53858542 0.34999999 0.25000000
v -0.53888685 0.35112500 0.25000000
v -0.53971040 0.35194856 0.25000000
v -0.54083544 0.35225001 0.25000000
v -0.54196042 0.35194856 0.25000000
v -0.54278398 0.35112500 0.25000000
v -0.54308540 0.34999999 0.25000000
v -0.54278398 0.34887499 0.25000000
v -0.54196042 0.34805146 0.25000000
v -0.55171043 0.24055144 0.25027001
v -0.55059540 0.23862021 0.25250000
v -0.55088687 0.24137500 0.25027001
v -0.54895562 0.24026000 0.25250000
v -0.55058545 0.24250001 0.25027001
v -0.54835540 0.24250001 0.25250000
v -0.55088687 0.24362500 0.25027001
v -0.54895562 0.24473999 0.25250000
v -0.55171043 0.24444856 0.25027001
v -0.55059540 0.24637979 0.25250000
v -0.55283540 0.24474999 0.25027001
v -0.55283540 0.24698000 0.25250000
v -0.55396044 0.24444856 0.25027001
v -0.55507541 0.24637979 0.25250000
v -0.55478400 0.24362500 0.25027001
v -0.55671519 0.24473999 0.25250000
v -0.55508542 0.24250001 0.25027001
v -0.55731541 0.24250001 0.25250000
v -0.55478400 0.24137500 0.25027001
v -0.55671519 0.24026000 0.25250000
v -0.55396044 0.24055144 0.25027001
v -0.55507541 0.23862021 0.25250000
v -0.55283540 0.24025001 0.25027001
v -0.55283540 0.23802000 0.25250000
v -0.55283540 0.24025001 0.25000000
v -0.55171043 0.24055144 0.25000000
v -0.55088687 0.24137500 0.25000000
v -0.55058545 0.24250001 0.25000000
v -0.55088687 0.24362500 0.25000000
v -0.55171043 0.24444856 0.25000000
v -0.55283540 0.24474999 0.25000000
v -0.55396044 0.24444856 0.25000000
v -0.55478400 0.24362500 0.25000000
v -0.55508542 0.24250001 0.25000000
v -0.55478400 0.24137500 0.25000000
v -0.55396044 0.24055144 0.25000000
v -0.06683543 0.40300000 0.25260001
v -0.06683543 0.40300000 0.25510001
v -0.06750530 0.40050000 0.25510001
v -0.06750530 0.40050000 0.25260001
v -0.06933543 0.39866987 0.25510001
v -0.06933543 0.39866987 0.25260001
v -0.07183543 0.39800000 0.25510001
v -0.07183543 0.39800000 0.25260001
v -0.56183541 0.39800000 0.25260001
v -0.56183541 0.39800000 0.25510001
v -0.56433541 0.39866987 0.25510001
v -0.56433541 0.39866987 0.25260001
v -0.56616557 0.40050000 0.25510001
v -0.56616557 0.40050000 0.25260001
v -0.56683540 0.40300000 0.25510001
v -0.56683540 0.40300000 0.25260001
v -0.56683540 0.08699999 0.25260001
v -0.56683540 0.08699999 0.25510001
v -0.56616557 0.08950000 0.25510001
v -0.56616557 0.08950000 0.25260001
v -0.56433541 0.09133012 0.25510001
v -0.56433541 0.09133012 0.25260001
v -0.56183541 0.09200000 0.25510001
v -0.56183541 0.09200000 0.25260001
v -0.07183543 0.09200000 0.25260001
v -0.07183543 0.09200000 0.25510001
v -0.06933543 0.09133012 0.25510001
v -0.06933543 0.09133012 0.25260001
v -0.06750530 0.08950000 0.25510001
v -0.06750530 0.08950000 0.25260001
v -0.06683543 0.08699999 0.25510001
v -0.06683543 0.08699999 0.25260001
v -0.56683540 0.08255000 0.25260001
v -0.06683543 0.08255000 0.25260001
v -0.56683540 0.08252499 0.25259331
v -0.06683543 0.08252499 0.25259331
v -0.56683540 0.08250669 0.25257501
v -0.06683543 0.08250669 0.25257501
v -0.56683540 0.08250000 0.25255001
v -0.06683543 0.08250000 0.25255001
v -0.56683540 0.08250669 0.25252500
v -0.06683543 0.08250669 0.25252500
v -0.56683540 0.08252499 0.25250670
v -0.06683543 0.08252499 0.25250670
v -0.56683540 0.08255000 0.25250000
v -0.06683543 0.08255000 0.25250000
v -0.56683540 0.08255000 0.25000000
v -0.06683543 0.08255000 0.25000000
v -0.06683543 0.08127499 0.25034162
v -0.56683540 0.08127499 0.25034162
v -0.06683543 0.08034163 0.25127500
v -0.56683540 0.08034163 0.25127500
v -0.06683543 0.07999999 0.25255001
v -0.56683540 0.07999999 0.25255001
v -0.06683543 0.08034163 0.25382501
v -0.56683540 0.08034163 0.25382501
v -0.06683543 0.08127499 0.25475836
v -0.56683540 0.08127499 0.25475836
v -0.06683543 0.08255000 0.25510001
v -0.56683540 0.08255000 0.25510001
v -0.06683543 0.40744999 0.25260001
v -0.56683540 0.40744999 0.25260001
v -0.06683543 0.40747499 0.25259331
v -0.56683540 0.40747499 0.25259331
v -0.06683543 0.40749329 0.25257501
v -0.56683540 0.40749329 0.25257501
v -0.06683543 0.40750000 0.25255001
v -0.56683540 0.40750000 0.25255001
v -0.06683543 0.40749329 0.25252500
v -0.56683540 0.40749329 0.25252500
v -0.06683543 0.40747499 0.25250670
v -0.56683540 0.40747499 0.25250670
v -0.06683543 0.40744999 0.25250000
v -0.56683540 0.40744999 0.25250000
v -0.06683543 0.40744999 0.25000000
v -0.56683540 0.40744999 0.25000000
v -0.56683540 0.40872499 0.25034162
v -0.06683543 0.40872499 0.25034162
v -0.56683540 0.40965837 0.25127500
v -0.06683543 0.40965837 0.25127500
v -0.56683540 0.41000000 0.25255001
v -0.06683543 0.41000000 0.25255001
v -0.56683540 0.40965837 0.25382501
v -0.06683543 0.40965837 0.25382501
v -0.56683540 0.40872499 0.25475836
v -0.06683543 0.40872499 0.25475836
v -0.56683540 0.40744999 0.25510001
v -0.06683543 0.40744999 0.25510001
v -0.55283540 -0.24474999 0.25200000
v -0.55283540 -0.24474999 0.25400001
v -0.55171043 -0.24444856 0.25200000
v -0.55171043 -0.24444856 0.25400001
v -0.55088687 -0.24362500 0.25200000
v -0.55088687 -0.24362500 0.25400001
v -0.55058545 -0.24250001 0.25200000
v -0.55058545 -0.24250001 0.25400001
v -0.55088687 -0.24137500 0.25200000
v -0.55088687 -0.24137500 0.25400001
v -0.55171043 -0.24055144 0.25200000
v -0.55171043 -0.24055144 0.25400001
v -0.55283540 -0.24025001 0.25200000
v -0.55283540 -0.24025001 0.25400001
v -0.55396044 -0.24055144 0.25200000
v -0.55396044 -0.24055144 0.25400001
v -0.55478400 -0.24137500 0.25200000
v -0.55478400 -0.24137500 0.25400001
v -0.55508542 -0.24250001 0.25200000
v -0.55508542 -0.24250001 0.25400001
v -0.55478400 -0.24362500 0.25200000
v -0.55478400 -0.24362500 0.25400001
v -0.55396044 -0.24444856 0.25200000
v -0.55396044 -0.24444856 0.25400001
v -0.08483543 -0.24474999 0.25200000
v -0.08483543 -0.24474999 0.25400001
v -0.08371042 -0.24444856 0.25200000
v -0.08371042 -0.24444856 0.25400001
v -0.08288687 -0.24362500 0.25200000
v -0.08288687 -0.24362500 0.25400001
v -0.08258543 -0.24250001 0.25200000
v -0.08258543 -0.24250001 0.25400001
v -0.08288687 -0.24137500 0.25200000
v -0.08288687 -0.24137500 0.25400001
v -0.08371042 -0.24055144 0.25200000
v -0.08371042 -0.24055144 0.25400001
v -0.08483543 -0.24025001 0.25200000
v -0.08483543 -0.24025001 0.25400001
v -0.08596043 -0.24055144 0.25200000
v -0.08596043 -0.24055144 0.25400001
v -0.08678398 -0.24137500 0.25200000
v -0.08678398 -0.24137500 0.25400001
v -0.08708543 -0.24250001 0.25200000
v -0.08708543 -0.24250001 0.25400001
v -0.08678398 -0.24362500 0.25200000
v -0.08678398 -0.24362500 0.25400001
v -0.08596043 -0.24444856 0.25200000
v -0.08596043 -0.24444856 0.25400001
v -0.08683544 -0.33500001 0.25200000
v -0.07683543 -0.32499999 0.25200000
v -0.07683543 -0.16000000 0.25200000
v -0.08183543 -0.15133974 0.25200000
v -0.07817518 -0.15500000 0.25200000
v -0.08683544 -0.15000001 0.25200000
v -0.55083543 -0.15000001 0.25200000
v -0.55949569 -0.15500000 0.25200000
v -0.55583543 -0.15133974 0.25200000
v -0.56083542 -0.16000000 0.25200000
v -0.56083542 -0.32499999 0.25200000
v -0.07817518 -0.33000001 0.25200000
v -0.08183543 -0.33366024 0.25200000
v -0.55083543 -0.33500001 0.25200000
v -0.55583543 -0.33366024 0.25200000
v -0.55949569 -0.33000001 0.25200000
v -0.08683544 -0.15000001 0.25400001
v -0.08683544 -0.33500001 0.25400001
v -0.55083543 -0.33500001 0.25400001
v -0.55949569 -0.33000001 0.25400001
v -0.55583543 -0.33366024 0.25400001
v -0.56083542 -0.32499999 0.25400001
v -0.56083542 -0.16000000 0.25400001
v -0.07683543 -0.16000000 0.25400001
v -0.07683543 -0.32499999 0.25400001
v -0.55083543 -0.15000001 0.25400001
v -0.07817518 -0.15500000 0.25400001
v -0.08183543 -0.15133974 0.25400001
v -0.08183543 -0.33366024 0.25400001
v -0.07817518 -0.33000001 0.25400001
v -0.55583543 -0.15133974 0.25400001
v -0.55949569 -0.15500000 0.25400001
v -0.49583542 0.07200000 0.25200000
v -0.49583542 0.07200000 0.25000000
v -0.37583542 0.07200000 0.25200000
v -0.37583542 0.07200000 0.25000000
v -0.50042760 0.07108656 0.25000000
v -0.50042760 0.07108656 0.25200000
v -0.50432074 0.06848528 0.25000000
v -0.50432074 0.06848528 0.25200000
v -0.50692201 0.06459220 0.25000000
v -0.50692201 0.06459220 0.25200000
v -0.50783545 0.06000000 0.25000000
v -0.50783545 0.06000000 0.25200000
v -0.50783545 -0.06000000 0.25200000
v -0.50783545 -0.06000000 0.25000000
v -0.50783545 0.00000000 0.25200000
v -0.50783545 0.00000000 0.25000000
v -0.50622773 -0.06600000 0.25000000
v -0.50622773 -0.06600000 0.25200000
v -0.50183541 -0.07039230 0.25000000
v -0.50183541 -0.07039230 0.25200000
v -0.49583542 -0.07200000 0.25000000
v -0.49583542 -0.07200000 0.25200000
v -0.37583542 -0.07200000 0.25200000
v -0.37583542 -0.07200000 0.25000000
v -0.36983544 -0.07039230 0.25000000
v -0.36983544 -0.07039230 0.25200000
v -0.36544314 -0.06600000 0.25000000
v -0.36544314 -0.06600000 0.25200000
v -0.36383542 -0.06000000 0.25000000
v -0.36383542 -0.06000000 0.25200000
v -0.36383542 0.06000000 0.25200000
v -0.36383542 0.06000000 0.25000000
v -0.36383542 0.00000000 0.25200000
v -0.36383542 0.00000000 0.25000000
v -0.36544314 0.06600000 0.25000000
v -0.36544314 0.06600000 0.25200000
v -0.36983544 0.07039230 0.25000000
v -0.36983544 0.07039230 0.25200000
v -0.23774412 -0.06330000 0.25000000
v -0.23774412 -0.06330000 0.25200000
v -0.23609413 -0.06285788 0.25000000
v -0.23609413 -0.06285788 0.25200000
v -0.23488624 -0.06165000 0.25000000
v -0.23488624 -0.06165000 0.25200000
v -0.23444413 -0.06000000 0.25000000
v -0.23444413 -0.06000000 0.25200000
v -0.23488624 -0.05835000 0.25000000
v -0.23488624 -0.05835000 0.25200000
v -0.23609413 -0.05714212 0.25000000
v -0.23609413 -0.05714212 0.25200000
v -0.23774412 -0.05670000 0.25000000
v -0.23774412 -0.05670000 0.25200000
v -0.23939413 -0.05714212 0.25000000
v -0.23939413 -0.05714212 0.25200000
v -0.24060202 -0.05835000 0.25000000
v -0.24060202 -0.05835000 0.25200000
v -0.24104413 -0.06000000 0.25000000
v -0.24104413 -0.06000000 0.25200000
v -0.24060202 -0.06165000 0.25000000
v -0.24060202 -0.06165000 0.25200000
v -0.23939413 -0.06285788 0.25000000
v -0.23939413 -0.06285788 0.25200000
v -0.23774412 0.05670000 0.25000000
v -0.23774412 0.05670000 0.25200000
v -0.23609413 0.05714212 0.25000000
v -0.23609413 0.05714212 0.25200000
v -0.23488624 0.05835000 0.25000000
v -0.23488624 0.05835000 0.25200000
v -0.23444413 0.06000000 0.25000000
v -0.23444413 0.06000000 0.25200000
v -0.23488624 0.06165000 0.25000000
v -0.23488624 0.06165000 0.25200000
v -0.23609413 0.06285788 0.25000000
v -0.23609413 0.06285788 0.25200000
v -0.23774412 0.06330000 0.25000000
v -0.23774412 0.06330000 0.25200000
v -0.23939413 0.06285788 0.25000000
v -0.23939413 0.06285788 0.25200000
v -0.24060202 0.06165000 0.25000000
v -0.24060202 0.06165000 0.25200000
v -0.24104413 0.06000000 0.25000000
v -0.24104413 0.06000000 0.25200000
v -0.24060202 0.05835000 0.25000000
v -0.24060202 0.05835000 0.25200000
v -0.23939413 0.05714212 0.25000000
v -0.23939413 0.05714212 0.25200000
v -0.55283540 -0.24474999 0.25000000
v -0.55171043 -0.24444856 0.25000000
v -0.55088687 -0.24362500 0.25000000
v -0.55058545 -0.24250001 0.25000000
v -0.55088687 -0.24137500 0.25000000
v -0.55171043 -0.24055144 0.25000000
v -0.55283540 -0.24025001 0.25000000
v -0.55396044 -0.24055144 0.25000000
v -0.55478400 -0.24137500 0.25000000
v -0.55508542 -0.24250001 0.25000000
v -0.55478400 -0.24362500 0.25000000
v -0.55396044 -0.24444856 0.25000000
v -0.08483543 -0.24474999 0.25000000
v -0.08371042 -0.24444856 0.25000000
v -0.08288687 -0.24362500 0.25000000
v -0.08258543 -0.24250001 0.25000000
v -0.08288687 -0.24137500 0.25000000
v -0.08371042 -0.24055144 0.25000000
v -0.08483543 -0.24025001 0.25000000
v -0.08596043 -0.24055144 0.25000000
v -0.08678398 -0.24137500 0.25000000
v -0.08708543 -0.24250001 0.25000000
v -0.08678398 -0.24362500 0.25000000
v -0.08596043 -0.24444856 0.25000000
v -0.53083545 -0.15500000 0.25200000
v -0.53083545 -0.15500000 0.25000000
v -0.52321041 -0.15500000 0.25200000
v -0.52321041 -0.15500000 0.25000000
v -0.30243978 -0.15500000 0.25200000
v -0.30243978 -0.15500000 0.25000000
v -0.16676478 -0.15500000 0.25200000
v -0.16676478 -0.15500000 0.25000000
v -0.10683543 -0.15500000 0.25200000
v -0.10683543 -0.15500000 0.25000000
v -0.53583544 -0.15633975 0.25000000
v -0.53583544 -0.15633975 0.25200000
v -0.53949571 -0.16000000 0.25000000
v -0.53949571 -0.16000000 0.25200000
v -0.54083544 -0.16500001 0.25000000
v -0.54083544 -0.16500001 0.25200000
v -0.54083544 -0.31999999 0.25200000
v -0.54083544 -0.31999999 0.25000000
v -0.54083544 -0.28737500 0.25200000
v -0.54083544 -0.28737500 0.25000000
v -0.53949571 -0.32499999 0.25000000
v -0.53949571 -0.32499999 0.25200000
v -0.53583544 -0.32866025 0.25000000
v -0.53583544 -0.32866025 0.25200000
v -0.53083545 -0.33000001 0.25000000
v -0.53083545 -0.33000001 0.25200000
v -0.10683543 -0.33000001 0.25200000
v -0.10683543 -0.33000001 0.25000000
v -0.16676478 -0.33000001 0.25200000
v -0.16676478 -0.33000001 0.25000000
v -0.30243978 -0.33000001 0.25200000
v -0.30243978 -0.33000001 0.25000000
v -0.52321041 -0.33000001 0.25200000
v -0.52321041 -0.33000001 0.25000000
v -0.10183544 -0.32866025 0.25000000
v -0.10183544 -0.32866025 0.25200000
v -0.09817518 -0.32499999 0.25000000
v -0.09817518 -0.32499999 0.25200000
v -0.09683543 -0.31999999 0.25000000
v -0.09683543 -0.31999999 0.25200000
v -0.09683543 -0.16500001 0.25200000
v -0.09683543 -0.16500001 0.25000000
v -0.09683543 -0.28737500 0.25200000
v -0.09683543 -0.28737500 0.25000000
v -0.09817518 -0.16000000 0.25000000
v -0.09817518 -0.16000000 0.25200000
v -0.10183544 -0.15633975 0.25000000
v -0.10183544 -0.15633975 0.25200000
v -0.53083545 0.33000001 0.25200000
v -0.53083545 0.33000001 0.25000000
v -0.52321041 0.33000001 0.25200000
v -0.52321041 0.33000001 0.25000000
v -0.30243978 0.33000001 0.25200000
v -0.30243978 0.33000001 0.25000000
v -0.16676478 0.33000001 0.25200000
v -0.16676478 0.33000001 0.25000000
v -0.10683543 0.33000001 0.25200000
v -0.10683543 0.33000001 0.25000000
v -0.53583544 0.32866025 0.25000000
v -0.53583544 0.32866025 0.25200000
v -0.53949571 0.32499999 0.25000000
v -0.53949571 0.32499999 0.25200000
v -0.54083544 0.31999999 0.25000000
v -0.54083544 0.31999999 0.25200000
v -0.54083544 0.16500001 0.25200000
v -0.54083544 0.16500001 0.25000000
v -0.53949571 0.16000000 0.25000000
v -0.53949571 0.16000000 0.25200000
v -0.53583544 0.15633975 0.25000000
v -0.53583544 0.15633975 0.25200000
v -0.53083545 0.15500000 0.25000000
v -0.53083545 0.15500000 0.25200000
v -0.10683543 0.15500000 0.25200000
v -0.10683543 0.15500000 0.25000000
v -0.16676478 0.15500000 0.25200000
v -0.16676478 0.15500000 0.25000000
v -0.30243978 0.15500000 0.25200000
v -0.30243978 0.15500000 0.25000000
v -0.52321041 0.15500000 0.25200000
v -0.52321041 0.15500000 0.25000000
v -0.10183544 0.15633975 0.25000000
v -0.10183544 0.15633975 0.25200000
v -0.09817518 0.16000000 0.25000000
v -0.09817518 0.16000000 0.25200000
v -0.09683543 0.16500001 0.25000000
v -0.09683543 0.16500001 0.25200000
v -0.09683543 0.31999999 0.25200000
v -0.09683543 0.31999999 0.25000000
v -0.09817518 0.32499999 0.25000000
v -0.09817518 0.32499999 0.25200000
v -0.10183544 0.32866025 0.25000000
v -0.10183544 0.32866025 0.25200000
v -0.54083544 -0.35225001 0.25000000
v -0.54083544 -0.35225001 0.25200000
v -0.53971040 -0.35194856 0.25000000
v -0.53971040 -0.35194856 0.25200000
v -0.53888685 -0.35112500 0.25000000
v -0.53888685 -0.35112500 0.25200000
v -0.53858542 -0.34999999 0.25000000
v -0.53858542 -0.34999999 0.25200000
v -0.53888685 -0.34887499 0.25000000
v -0.53888685 -0.34887499 0.25200000
v -0.53971040 -0.34805143 0.25000000
v -0.53971040 -0.34805143 0.25200000
v -0.54083544 -0.34775001 0.25000000
v -0.54083544 -0.34775001 0.25200000
v -0.54196042 -0.34805143 0.25000000
v -0.54196042 -0.34805143 0.25200000
v -0.54278398 -0.34887499 0.25000000
v -0.54278398 -0.34887499 0.25200000
v -0.54308546 -0.34999999 0.25000000
v -0.54308546 -0.34999999 0.25200000
v -0.54278398 -0.35112500 0.25000000
v -0.54278398 -0.35112500 0.25200000
v -0.54196042 -0.35194856 0.25000000
v -0.54196042 -0.35194856 0.25200000
v -0.09683543 -0.35225001 0.25000000
v -0.09683543 -0.35225001 0.25200000
v -0.09571043 -0.35194856 0.25000000
v -0.09571043 -0.35194856 0.25200000
v -0.09488688 -0.35112500 0.25000000
v -0.09488688 -0.35112500 0.25200000
v -0.09458543 -0.34999999 0.25000000
v -0.09458543 -0.34999999 0.25200000
v -0.09488688 -0.34887499 0.25000000
v -0.09488688 -0.34887499 0.25200000
v -0.09571043 -0.34805143 0.25000000
v -0.09571043 -0.34805143 0.25200000
v -0.09683543 -0.34775001 0.25000000
v -0.09683543 -0.34775001 0.25200000
v -0.09796043 -0.34805143 0.25000000
v -0.09796043 -0.34805143 0.25200000
v -0.09878399 -0.34887499 0.25000000
v -0.09878399 -0.34887499 0.25200000
v -0.09908543 -0.34999999 0.25000000
v -0.09908543 -0.34999999 0.25200000
v -0.09878399 -0.35112500 0.25000000
v -0.09878399 -0.35112500 0.25200000
v -0.09796043 -0.35194856 0.25000000
v -0.09796043 -0.35194856 0.25200000
v -0.09683543 0.34775001 0.25200000
v -0.09571043 0.34805143 0.25000000
v -0.09571043 0.34805143 0.25200000
v -0.09488688 0.34887499 0.25000000
v -0.09488688 0.34887499 0.25200000
v -0.09458543 0.34999999 0.25200000
v -0.09488688 0.35112500 0.25000000
v -0.09488688 0.35112500 0.25200000
v -0.09571043 0.35194856 0.25200000
v -0.09683543 0.35225001 0.25200000
v -0.09796043 0.35194856 0.25200000
v -0.09878399 0.35112500 0.25000000
v -0.09878399 0.35112500 0.25200000
v -0.09908543 0.34999999 0.25000000
v -0.09908543 0.34999999 0.25200000
v -0.09878399 0.34887499 0.25000000
v -0.09878399 0.34887499 0.25200000
v -0.09796043 0.34805143 0.25000000
v -0.09796043 0.34805143 0.25200000
v -0.54083544 0.34775001 0.25200000
v -0.53971040 0.34805143 0.25000000
v -0.53971040 0.34805143 0.25200000
v -0.53888685 0.34887499 0.25200000
v -0.53858542 0.34999999 0.25200000
v -0.53888685 0.35112500 0.25200000
v -0.53971040 0.35194856 0.25200000
v -0.54083544 0.35225001 0.25200000
v -0.54196042 0.35194856 0.25200000
v -0.54278398 0.35112500 0.25200000
v -0.54308546 0.34999999 0.25000000
v -0.54308546 0.34999999 0.25200000
v -0.54278398 0.34887499 0.25200000
v -0.54196042 0.34805143 0.25000000
v -0.54196042 0.34805143 0.25200000
v -0.16676478 -0.11350000 0.25000000
v -0.08183543 -0.37598076 0.25000000
v -0.09083543 -0.36612499 0.25000000
v -0.07085467 -0.36500001 0.25000000
v -0.52321041 -0.33887500 0.25000000
v -0.57083541 -0.33887500 0.25000000
v -0.57083541 -0.34999999 0.25000000
v -0.56681621 -0.36500001 0.25000000
v -0.55583543 -0.37598076 0.25000000
v -0.52321041 -0.36612499 0.25000000
v -0.16676478 -0.36612499 0.25000000
v -0.09571043 -0.36612499 0.25000000
v -0.09683543 -0.38000000 0.25000000
v -0.06683543 -0.34999999 0.25000000
v -0.09083543 -0.33887500 0.25000000
v -0.06683543 -0.33887500 0.25000000
v -0.09083543 0.33887500 0.25000000
v -0.08183543 0.37598076 0.25000000
v -0.07085467 0.36500001 0.25000000
v -0.09683543 0.38000000 0.25000000
v -0.09571043 0.33887500 0.25000000
v -0.16676478 0.38000000 0.25000000
v -0.16676478 0.33887500 0.25000000
v -0.52321041 0.33887500 0.25000000
v -0.57083541 0.33887500 0.25000000
v -0.57083541 0.34999999 0.25000000
v -0.56681621 0.36500001 0.25000000
v -0.55583543 0.37598076 0.25000000
v -0.54083544 0.38000000 0.25000000
v -0.52321041 0.38000000 0.25000000
v -0.52321041 0.11350000 0.25000000
v -0.30243978 0.11350000 0.25000000
v -0.30243978 -0.06765000 0.25000000
v -0.30243978 0.00000000 0.25000000
v -0.52321041 -0.06765000 0.25000000
v -0.52321041 -0.11350000 0.25000000
v -0.30243978 -0.11350000 0.25000000
v -0.52321041 0.00000000 0.25000000
v -0.09571043 -0.28737500 0.25000000
v -0.09571043 -0.11350000 0.25000000
v -0.09571043 -0.33887500 0.25000000
v -0.57083541 -0.28737500 0.25000000
v -0.57083541 -0.11350000 0.25000000
v -0.09571043 0.11350000 0.25000000
v -0.57083541 0.11350000 0.25000000
v -0.30243978 0.33887500 0.25000000
v -0.16676478 -0.33887500 0.25000000
v -0.30243978 -0.33887500 0.25000000
v -0.30243978 0.38000000 0.25000000
v -0.16676478 0.11350000 0.25000000
v -0.16676478 0.00000000 0.25000000
v -0.16676478 -0.06765000 0.25000000
v -0.57083541 0.00000000 0.25000000
v -0.57083541 -0.06765000 0.25000000
v -0.09571043 0.00000000 0.25000000
v -0.09571043 -0.06765000 0.25000000
v -0.09083543 0.11350000 0.25000000
v -0.09083543 0.00000000 0.25000000
v -0.09083543 -0.06765000 0.25000000
v -0.09083543 -0.11350000 0.25000000
v -0.09083543 -0.28737500 0.25000000
v -0.06683543 -0.28737500 0.25000000
v -0.06683543 0.34999999 0.25000000
v -0.06683543 0.33887500 0.25000000
v -0.06683543 0.11350000 0.25000000
v -0.06683543 0.00000000 0.25000000
v -0.06683543 -0.06765000 0.25000000
v -0.06683543 -0.11350000 0.25000000
v -0.30243978 -0.36612499 0.25000000
v -0.16676478 -0.38000000 0.25000000
v -0.30243978 -0.38000000 0.25000000
v -0.52321041 -0.38000000 0.25000000
v -0.54083544 -0.38000000 0.25000000
v -0.54083544 0.38000000 0.25200000
v -0.52321041 0.38000000 0.25200000
v -0.30243978 0.38000000 0.25200000
v -0.16676478 0.38000000 0.25200000
v -0.09683543 0.38000000 0.25200000
v -0.06683543 0.34999999 0.25200000
v -0.07085467 0.36500001 0.25200000
v -0.08183543 0.37598076 0.25200000
v -0.06683543 0.33887500 0.25200000
v -0.06683543 0.11350000 0.25200000
v -0.06683543 0.00000000 0.25200000
v -0.06683543 -0.06765000 0.25200000
v -0.06683543 -0.11350000 0.25200000
v -0.06683543 -0.28737500 0.25200000
v -0.06683543 -0.33887500 0.25200000
v -0.06683543 -0.34999999 0.25200000
v -0.09683543 -0.38000000 0.25200000
v -0.08183543 -0.37598076 0.25200000
v -0.07085467 -0.36500001 0.25200000
v -0.16676478 -0.38000000 0.25200000
v -0.30243978 -0.38000000 0.25200000
v -0.52321041 -0.38000000 0.25200000
v -0.54083544 -0.38000000 0.25200000
v -0.57083541 -0.34999999 0.25200000
v -0.56681621 -0.36500001 0.25200000
v -0.55583543 -0.37598076 0.25200000
v -0.57083541 -0.33887500 0.25200000
v -0.57083541 -0.28737500 0.25200000
v -0.57083541 -0.11350000 0.25200000
v -0.57083541 -0.06765000 0.25200000
v -0.57083541 0.00000000 0.25200000
v -0.57083541 0.11350000 0.25200000
v -0.57083541 0.33887500 0.25200000
v -0.57083541 0.34999999 0.25200000
v -0.55583543 0.37598076 0.25200000
v -0.56681621 0.36500001 0.25200000
v -0.09571043 -0.33887500 0.25200000
v -0.16676478 0.11350000 0.25200000
v -0.16676478 -0.11350000 0.25200000
v -0.09571043 0.33887500 0.25200000
v -0.16676478 0.33887500 0.25200000
v -0.09083543 0.33887500 0.25200000
v -0.09083543 -0.33887500 0.25200000
v -0.09083543 -0.36612499 0.25200000
v -0.16676478 -0.36612499 0.25200000
v -0.09571043 -0.36612499 0.25200000
v -0.52321041 -0.33887500 0.25200000
v -0.52321041 -0.36612499 0.25200000
v -0.52321041 0.33887500 0.25200000
v -0.52321041 0.00000000 0.25200000
v -0.52321041 0.11350000 0.25200000
v -0.30243978 0.11350000 0.25200000
v -0.52321041 -0.06765000 0.25200000
v -0.30243978 -0.06765000 0.25200000
v -0.30243978 -0.11350000 0.25200000
v -0.52321041 -0.11350000 0.25200000
v -0.30243978 0.00000000 0.25200000
v -0.09571043 -0.28737500 0.25200000
v -0.16676478 -0.33887500 0.25200000
v -0.30243978 -0.33887500 0.25200000
v -0.09571043 -0.11350000 0.25200000
v -0.09571043 0.11350000 0.25200000
v -0.30243978 0.33887500 0.25200000
v -0.30243978 -0.36612499 0.25200000
v -0.09083543 -0.28737500 0.25200000
v -0.09083543 -0.11350000 0.25200000
v -0.16676478 -0.06765000 0.25200000
v -0.16676478 0.00000000 0.25200000
v -0.09571043 0.00000000 0.25200000
v -0.09571043 -0.06765000 0.25200000
v -0.09083543 0.11350000 0.25200000
v -0.09083543 0.00000000 0.25200000
v -0.09083543 -0.06765000 0.25200000
v -0.31633544 -0.39899999 0.11792895
v -0.31633544 -0.39899999 0.12250000
v -0.31353214 -0.39899999 0.11969670
v -0.31176439 -0.39899999 0.12250000
v -0.31176436 -0.40000001 0.12250000
v -0.31353214 -0.40000001 0.11969670
v -0.31633544 -0.40000001 0.11792891
v -0.31633544 -0.39899999 0.13207105
v -0.31633544 -0.40000001 0.13207108
v -0.31353214 -0.40000001 0.13030329
v -0.31353214 -0.39899999 0.13030329
v -0.31176433 -0.40000001 0.12750000
v -0.31176439 -0.39899999 0.12750000
v -0.31633544 -0.39899999 0.12750000
v -0.32590649 -0.39899999 0.12750000
v -0.32590652 -0.40000001 0.12750000
v -0.32413873 -0.40000001 0.13030329
v -0.32413873 -0.39899999 0.13030329
v -0.32133543 -0.40000001 0.13207109
v -0.32133543 -0.39899999 0.13207105
v -0.32133543 -0.39899999 0.12750000
v -0.32133543 -0.39899999 0.11792895
v -0.32133543 -0.40000001 0.11792891
v -0.32413873 -0.40000001 0.11969670
v -0.32413873 -0.39899999 0.11969670
v -0.32590652 -0.40000001 0.12250000
v -0.32590649 -0.39899999 0.12250000
v -0.32133543 -0.39899999 0.12250000
v -0.28342322 -0.40000001 0.12250000
v -0.28342324 -0.39850000 0.12250000
v -0.28754935 -0.39850000 0.10822324
v -0.31633544 -0.39850000 0.08958781
v -0.31633544 -0.40000001 0.08958780
v -0.31061801 -0.40000001 0.09046403
v -0.31061801 -0.39850000 0.09046403
v -0.29716957 -0.40000001 0.09687772
v -0.29716957 -0.39850000 0.09687772
v -0.29322454 -0.39850000 0.10041678
v -0.29322460 -0.40000001 0.10041671
v -0.28754935 -0.40000001 0.10822324
v -0.27941430 -0.39850000 0.12250000
v -0.27941430 -0.40000001 0.12250000
v -0.28118002 -0.40000001 0.11306879
v -0.28118002 -0.39850000 0.11306879
v -0.28881693 -0.40000001 0.09932566
v -0.28881693 -0.39850000 0.09932566
v -0.30119044 -0.40000001 0.08965976
v -0.30119044 -0.39850000 0.08965976
v -0.31633544 -0.40000001 0.08557886
v -0.31633544 -0.39850000 0.08557887
v -0.31633544 -0.39850000 0.16442111
v -0.31633544 -0.40000001 0.16442113
v -0.30690423 -0.40000001 0.16265543
v -0.30690423 -0.39850000 0.16265543
v -0.29316109 -0.40000001 0.15501851
v -0.29316109 -0.39850000 0.15501851
v -0.28349519 -0.40000001 0.14264500
v -0.28349519 -0.39850000 0.14264500
v -0.27941430 -0.40000001 0.12750000
v -0.27941430 -0.39850000 0.12750000
v -0.31633544 -0.40000001 0.16041219
v -0.31633544 -0.39850000 0.16041218
v -0.30205876 -0.39850000 0.15628614
v -0.28342324 -0.39850000 0.12750000
v -0.28342324 -0.40000001 0.12750000
v -0.28429949 -0.40000001 0.13321750
v -0.28429949 -0.39850000 0.13321750
v -0.29071319 -0.40000001 0.14666590
v -0.29071319 -0.39850000 0.14666590
v -0.29425222 -0.39850000 0.15061091
v -0.29425216 -0.40000001 0.15061083
v -0.30205876 -0.40000001 0.15628614
v -0.35825655 -0.39850000 0.12750000
v -0.35825658 -0.40000001 0.12750000
v -0.35649076 -0.40000001 0.13693148
v -0.35649076 -0.39850000 0.13693148
v -0.34885377 -0.40000001 0.15067455
v -0.34885377 -0.39850000 0.15067455
v -0.33648017 -0.40000001 0.16034037
v -0.33648017 -0.39850000 0.16034037
v -0.32133543 -0.40000001 0.16442116
v -0.32133543 -0.39850000 0.16442114
v -0.35424763 -0.40000001 0.12750000
v -0.35424763 -0.39850000 0.12750000
v -0.35012153 -0.39850000 0.14177676
v -0.32133543 -0.39850000 0.16041221
v -0.32133543 -0.40000001 0.16041222
v -0.32705283 -0.40000001 0.15953596
v -0.32705283 -0.39850000 0.15953596
v -0.34050128 -0.40000001 0.15312229
v -0.34050128 -0.39850000 0.15312229
v -0.34444633 -0.39850000 0.14958322
v -0.34444627 -0.40000001 0.14958329
v -0.35012153 -0.40000001 0.14177676
v -0.32133543 -0.39850000 0.08557887
v -0.32133543 -0.40000001 0.08557885
v -0.33076665 -0.40000001 0.08734458
v -0.33076665 -0.39850000 0.08734458
v -0.34450978 -0.40000001 0.09498150
v -0.34450978 -0.39850000 0.09498150
v -0.35417569 -0.40000001 0.10735500
v -0.35417569 -0.39850000 0.10735500
v -0.35825658 -0.40000001 0.12250000
v -0.35825655 -0.39850000 0.12250000
v -0.32133543 -0.40000001 0.08958779
v -0.32133543 -0.39850000 0.08958781
v -0.33561218 -0.39850000 0.09371390
v -0.35424763 -0.39850000 0.12250000
v -0.35424763 -0.40000001 0.12250000
v -0.35337141 -0.40000001 0.11678260
v -0.35337141 -0.39850000 0.11678260
v -0.34695771 -0.40000001 0.10333416
v -0.34695771 -0.39850000 0.10333416
v -0.34341866 -0.39850000 0.09938910
v -0.34341872 -0.40000001 0.09938917
v -0.33561218 -0.40000001 0.09371390
v -0.31633544 -0.39850000 0.09711194
v -0.31633544 -0.40000001 0.09711194
v -0.30384910 -0.40000001 0.10134818
v -0.30384910 -0.39850000 0.10134818
v -0.29518363 -0.40000001 0.11001366
v -0.29518363 -0.39850000 0.11001366
v -0.29094738 -0.40000001 0.12250000
v -0.29094738 -0.39850000 0.12250000
v -0.28693336 -0.39850000 0.12250000
v -0.28693312 -0.40000001 0.12250000
v -0.28735605 -0.40000001 0.11925120
v -0.28735605 -0.39850000 0.11925120
v -0.29248884 -0.40000001 0.10683805
v -0.29248884 -0.39850000 0.10683805
v -0.30285758 -0.40000001 0.09727453
v -0.30285758 -0.39850000 0.09727453
v -0.31633544 -0.40000001 0.09309769
v -0.31633544 -0.39850000 0.09309792
v -0.31633544 -0.39850000 0.15690207
v -0.31633544 -0.40000001 0.15690230
v -0.31308663 -0.40000001 0.15647937
v -0.31308663 -0.39850000 0.15647937
v -0.30067348 -0.40000001 0.15134659
v -0.30067348 -0.39850000 0.15134659
v -0.29110995 -0.40000001 0.14097786
v -0.29110995 -0.39850000 0.14097786
v -0.28693312 -0.40000001 0.12750000
v -0.28693336 -0.39850000 0.12750000
v -0.29094738 -0.39850000 0.12750000
v -0.29094738 -0.40000001 0.12750000
v -0.29518363 -0.40000001 0.13998634
v -0.29518363 -0.39850000 0.13998634
v -0.30384910 -0.40000001 0.14865182
v -0.30384910 -0.39850000 0.14865182
v -0.31633544 -0.40000001 0.15288806
v -0.31633544 -0.39850000 0.15288806
v -0.35073751 -0.39850000 0.12750000
v -0.35073775 -0.40000001 0.12750000
v -0.35031480 -0.40000001 0.13074879
v -0.35031480 -0.39850000 0.13074879
v -0.34518203 -0.40000001 0.14316195
v -0.34518203 -0.39850000 0.14316195
v -0.33481330 -0.40000001 0.15272547
v -0.33481330 -0.39850000 0.15272547
v -0.32133543 -0.40000001 0.15690231
v -0.32133543 -0.39850000 0.15690207
v -0.32133543 -0.39850000 0.15288806
v -0.32133543 -0.40000001 0.15288806
v -0.33382177 -0.40000001 0.14865182
v -0.33382177 -0.39850000 0.14865182
v -0.34248725 -0.40000001 0.13998634
v -0.34248725 -0.39850000 0.13998634
v -0.34672350 -0.40000001 0.12750000
v -0.34672350 -0.39850000 0.12750000
v -0.32133543 -0.39850000 0.09309792
v -0.32133543 -0.40000001 0.09309769
v -0.32458422 -0.40000001 0.09352063
v -0.32458422 -0.39850000 0.09352063
v -0.33699739 -0.40000001 0.09865341
v -0.33699739 -0.39850000 0.09865341
v -0.34656090 -0.40000001 0.10902215
v -0.34656090 -0.39850000 0.10902215
v -0.35073775 -0.40000001 0.12250000
v -0.35073751 -0.39850000 0.12250000
v -0.34672350 -0.39850000 0.12250000
v -0.34672350 -0.40000001 0.12250000
v -0.34248725 -0.40000001 0.11001366
v -0.34248725 -0.39850000 0.11001366
v -0.33382177 -0.40000001 0.10134818
v -0.33382177 -0.39850000 0.10134818
v -0.32133543 -0.40000001 0.09711194
v -0.32133543 -0.39850000 0.09711194
v -0.31633544 -0.39850000 0.10465308
v -0.31633544 -0.40000001 0.10465293
v -0.30938092 -0.40000001 0.10681048
v -0.30938092 -0.39850000 0.10681048
v -0.30198577 -0.40000001 0.11332358
v -0.30198577 -0.39850000 0.11332358
v -0.29848838 -0.40000001 0.12250000
v -0.29848850 -0.39850000 0.12250000
v -0.29446343 -0.39850000 0.12250000
v -0.29446322 -0.40000001 0.12250000
v -0.29731390 -0.40000001 0.11329236
v -0.29731390 -0.39850000 0.11329236
v -0.30531490 -0.40000001 0.10456853
v -0.30531490 -0.39850000 0.10456853
v -0.31633544 -0.40000001 0.10062779
v -0.31633544 -0.39850000 0.10062798
v -0.31633544 -0.39850000 0.14937203
v -0.31633544 -0.40000001 0.14937221
v -0.30712777 -0.40000001 0.14652154
v -0.30712777 -0.39850000 0.14652154
v -0.29840395 -0.40000001 0.13852054
v -0.29840395 -0.39850000 0.13852054
v -0.29446322 -0.40000001 0.12750000
v -0.29446343 -0.39850000 0.12750000
v -0.29848850 -0.39850000 0.12750000
v -0.29848838 -0.40000001 0.12750000
v -0.30064592 -0.40000001 0.13445453
v -0.30064592 -0.39850000 0.13445453
v -0.30715901 -0.40000001 0.14184965
v -0.30715901 -0.39850000 0.14184965
v -0.31633544 -0.40000001 0.14534706
v -0.31633544 -0.39850000 0.14534692
v -0.34320745 -0.39850000 0.12750000
v -0.34320763 -0.40000001 0.12750000
v -0.34035698 -0.40000001 0.13670765
v -0.34035698 -0.39850000 0.13670765
v -0.33235598 -0.40000001 0.14543147
v -0.33235598 -0.39850000 0.14543147
v -0.32133543 -0.40000001 0.14937222
v -0.32133543 -0.39850000 0.14937203
v -0.32133543 -0.39850000 0.14534692
v -0.32133543 -0.40000001 0.14534707
v -0.32828996 -0.40000001 0.14318952
v -0.32828996 -0.39850000 0.14318952
v -0.33568507 -0.40000001 0.13667642
v -0.33568507 -0.39850000 0.13667642
v -0.33918250 -0.40000001 0.12750000
v -0.33918235 -0.39850000 0.12750000
v -0.32133543 -0.39850000 0.10062798
v -0.32133543 -0.40000001 0.10062779
v -0.33054307 -0.40000001 0.10347847
v -0.33054307 -0.39850000 0.10347847
v -0.33926690 -0.40000001 0.11147947
v -0.33926690 -0.39850000 0.11147947
v -0.34320763 -0.40000001 0.12250000
v -0.34320745 -0.39850000 0.12250000
v -0.33918235 -0.39850000 0.12250000
v -0.33918250 -0.40000001 0.12250000
v -0.33702496 -0.40000001 0.11554547
v -0.33702496 -0.39850000 0.11554547
v -0.33051184 -0.40000001 0.10815035
v -0.33051184 -0.39850000 0.10815035
v -0.32133543 -0.40000001 0.10465294
v -0.32133543 -0.39850000 0.10465308
v -0.31633544 -0.39850000 0.11224265
v -0.31633544 -0.40000001 0.11224265
v -0.31284529 -0.40000001 0.11346237
v -0.31284529 -0.39850000 0.11346237
v -0.30815420 -0.40000001 0.11758980
v -0.30815420 -0.39850000 0.11758980
v -0.30607808 -0.40000001 0.12250000
v -0.30607808 -0.39850000 0.12250000
v -0.30202031 -0.39850000 0.12250000
v -0.30202022 -0.40000001 0.12250000
v -0.30356500 -0.40000001 0.11752925
v -0.30356500 -0.39850000 0.11752925
v -0.30877608 -0.40000001 0.11129567
v -0.30877608 -0.39850000 0.11129567
v -0.31633544 -0.40000001 0.10818478
v -0.31633544 -0.39850000 0.10818487
v -0.31633544 -0.39850000 0.14181514
v -0.31633544 -0.40000001 0.14181520
v -0.31136468 -0.40000001 0.14027044
v -0.31136468 -0.39850000 0.14027044
v -0.30513111 -0.40000001 0.13505934
v -0.30513111 -0.39850000 0.13505934
v -0.30202022 -0.40000001 0.12750000
v -0.30202031 -0.39850000 0.12750000
v -0.30607808 -0.39850000 0.12750000
v -0.30607808 -0.40000001 0.12750000
v -0.30729780 -0.40000001 0.13099015
v -0.30729780 -0.39850000 0.13099015
v -0.31142524 -0.40000001 0.13568124
v -0.31142524 -0.39850000 0.13568124
v -0.31633544 -0.40000001 0.13775735
v -0.31633544 -0.39850000 0.13775735
v -0.33565056 -0.39850000 0.12750000
v -0.33565062 -0.40000001 0.12750000
v -0.33410588 -0.40000001 0.13247074
v -0.33410588 -0.39850000 0.13247074
v -0.32889476 -0.40000001 0.13870433
v -0.32889476 -0.39850000 0.13870433
v -0.32133543 -0.40000001 0.14181522
v -0.32133543 -0.39850000 0.14181514
v -0.32133543 -0.39850000 0.13775735
v -0.32133543 -0.40000001 0.13775735
v -0.32482558 -0.40000001 0.13653763
v -0.32482558 -0.39850000 0.13653763
v -0.32951668 -0.40000001 0.13241020
v -0.32951668 -0.39850000 0.13241020
v -0.33159277 -0.40000001 0.12750000
v -0.33159277 -0.39850000 0.12750000
v -0.32133543 -0.39850000 0.10818487
v -0.32133543 -0.40000001 0.10818480
v -0.32630616 -0.40000001 0.10972957
v -0.32630616 -0.39850000 0.10972957
v -0.33253977 -0.40000001 0.11494066
v -0.33253977 -0.39850000 0.11494066
v -0.33565065 -0.40000001 0.12250000
v -0.33565056 -0.39850000 0.12250000
v -0.33159277 -0.39850000 0.12250000
v -0.33159277 -0.40000001 0.12250000
v -0.33037305 -0.40000001 0.11900985
v -0.33037305 -0.39850000 0.11900985
v -0.32624564 -0.40000001 0.11431876
v -0.32624564 -0.39850000 0.11431876
v -0.32133543 -0.40000001 0.11224265
v -0.32133543 -0.39850000 0.11224265
v -0.32133543 -0.39850000 0.12250000
v -0.32133543 -0.39850000 0.12750000
v -0.31633544 -0.39850000 0.12750000
v -0.31633544 -0.39850000 0.12250000
v -0.31883544 -0.39850000 0.12500000
v -0.31883544 -0.39850000 0.14911748
v -0.29471794 -0.39850000 0.12500000
v -0.31633544 -0.39850000 0.08479279
v -0.31883544 -0.39850000 0.08479279
v -0.32041448 -0.39850000 0.08002757
v -0.32133543 -0.39850000 0.08006917
v -0.32133543 -0.39850000 0.08479279
v -0.31883544 -0.39850000 0.10088251
v -0.35904264 -0.39850000 0.12250000
v -0.35904264 -0.39850000 0.12500000
v -0.31883544 -0.39850000 0.16041219
v -0.31633544 -0.39850000 0.16993082
v -0.31847841 -0.39850000 0.16999859
v -0.31883544 -0.39850000 0.17000000
v -0.32133543 -0.39850000 0.16993083
v -0.31930462 -0.39850000 0.16999757
v -0.34295291 -0.39850000 0.12500000
v -0.35904264 -0.39850000 0.12750000
v -0.36383510 -0.39850000 0.12482708
v -0.36376625 -0.39850000 0.12750000
v -0.36376625 -0.39850000 0.12250000
v -0.31866249 -0.39850000 0.08000033
v -0.31852394 -0.39850000 0.08000107
v -0.31633544 -0.39850000 0.08006918
v -0.27383542 -0.39850000 0.12500000
v -0.27390459 -0.39850000 0.12250000
v -0.27383575 -0.39850000 0.12517266
v -0.27390462 -0.39850000 0.12750000
v -0.32133543 -0.40000001 0.16993083
v -0.33530569 -0.40000001 0.16687761
v -0.36376625 -0.40000001 0.12250000
v -0.36372623 -0.40000001 0.12186084
v -0.31633544 -0.40000001 0.08006918
v -0.31410608 -0.40000001 0.08024869
v -0.27390462 -0.40000001 0.12750000
v -0.27696258 -0.40000001 0.14148238
v -0.27696258 -0.39800000 0.14148238
v -0.27383542 -0.39800000 0.12500000
v -0.27642795 -0.39800000 0.10994572
v -0.32041448 -0.39800000 0.08002757
v -0.31410608 -0.39800000 0.08024869
v -0.33678943 -0.39800000 0.08373673
v -0.36175784 -0.39800000 0.13851707
v -0.36372623 -0.39800000 0.12186084
v -0.31883544 -0.39800000 0.17000000
v -0.33530569 -0.39800000 0.16687761
v -0.30528095 -0.39800000 0.16791062
v -0.34950972 -0.40000001 0.15792568
v -0.34950972 -0.39800000 0.15792568
v -0.35384789 -0.40000001 0.15326966
v -0.35384789 -0.39800000 0.15326966
v -0.36175784 -0.40000001 0.13851707
v -0.36376625 -0.40000001 0.12750000
v -0.35945037 -0.40000001 0.10562341
v -0.35945037 -0.39800000 0.10562341
v -0.35065523 -0.40000001 0.09318019
v -0.35065523 -0.39800000 0.09318019
v -0.33678943 -0.40000001 0.08373673
v -0.32133543 -0.40000001 0.08006917
v -0.29807681 -0.40000001 0.08507352
v -0.29807681 -0.39800000 0.08507352
v -0.28489840 -0.40000001 0.09544811
v -0.28489840 -0.39800000 0.09544811
v -0.27642795 -0.40000001 0.10994572
v -0.27390459 -0.40000001 0.12250000
v -0.28591874 -0.40000001 0.15568395
v -0.28591874 -0.39800000 0.15568395
v -0.29053500 -0.40000001 0.15998758
v -0.29053500 -0.39800000 0.15998758
v -0.30528095 -0.40000001 0.16791062
v -0.31633544 -0.40000001 0.16993082
v -0.32413873 0.39899999 0.13030329
v -0.32590649 0.39899999 0.12750000
v -0.32286531 0.39899999 0.13132535
v -0.32133543 0.39899999 0.12750000
v -0.32190609 0.39899999 0.13184258
v -0.32133543 0.39899999 0.13207105
v -0.32133543 0.40000001 0.13207109
v -0.32190609 0.40000001 0.13184258
v -0.32286531 0.40000001 0.13132535
v -0.32413873 0.40000001 0.13030329
v -0.32590652 0.40000001 0.12750000
v -0.32590649 0.39899999 0.12250000
v -0.32590652 0.40000001 0.12250000
v -0.32567802 0.40000001 0.12192934
v -0.32567802 0.39899999 0.12192934
v -0.32516077 0.40000001 0.12097013
v -0.32516077 0.39899999 0.12097013
v -0.32413873 0.40000001 0.11969670
v -0.32413873 0.39899999 0.11969670
v -0.32133543 0.40000001 0.11792891
v -0.32133543 0.39899999 0.11792895
v -0.32133543 0.39899999 0.12250000
v -0.31633544 0.39899999 0.11792895
v -0.31633544 0.40000001 0.11792891
v -0.31576476 0.40000001 0.11815742
v -0.31576476 0.39899999 0.11815742
v -0.31480557 0.40000001 0.11867465
v -0.31480557 0.39899999 0.11867465
v -0.31353214 0.40000001 0.11969670
v -0.31353214 0.39899999 0.11969670
v -0.31176436 0.40000001 0.12250000
v -0.31176439 0.39899999 0.12250000
v -0.31633544 0.39899999 0.12250000
v -0.31176439 0.39899999 0.12750000
v -0.31176433 0.40000001 0.12750000
v -0.31199285 0.40000001 0.12807067
v -0.31199285 0.39899999 0.12807067
v -0.31251007 0.40000001 0.12902987
v -0.31251007 0.39899999 0.12902987
v -0.31353214 0.40000001 0.13030329
v -0.31353214 0.39899999 0.13030329
v -0.31633544 0.40000001 0.13207108
v -0.31633544 0.39899999 0.13207105
v -0.31633544 0.39899999 0.12750000
v -0.32133543 0.40000001 0.16041222
v -0.32133543 0.39850000 0.16041221
v -0.33561215 0.39850000 0.15628612
v -0.35424763 0.39850000 0.12750000
v -0.35424763 0.40000001 0.12750000
v -0.35337138 0.40000001 0.13321747
v -0.35337138 0.39850000 0.13321747
v -0.34695768 0.40000001 0.14666589
v -0.34695768 0.39850000 0.14666589
v -0.34341869 0.40000001 0.15061086
v -0.33561215 0.40000001 0.15628612
v -0.32133543 0.39850000 0.16442114
v -0.32133543 0.40000001 0.16442116
v -0.33076665 0.40000001 0.16265543
v -0.33076665 0.39850000 0.16265543
v -0.34450975 0.40000001 0.15501851
v -0.34450975 0.39850000 0.15501851
v -0.35417569 0.40000001 0.14264500
v -0.35417569 0.39850000 0.14264500
v -0.35825658 0.40000001 0.12750000
v -0.35825655 0.39850000 0.12750000
v -0.35825655 0.39850000 0.12250000
v -0.35825658 0.40000001 0.12250000
v -0.35649085 0.40000001 0.11306880
v -0.35649085 0.39850000 0.11306880
v -0.34885395 0.40000001 0.09932567
v -0.34885395 0.39850000 0.09932567
v -0.33648044 0.40000001 0.08965976
v -0.33648044 0.39850000 0.08965976
v -0.32133543 0.40000001 0.08557885
v -0.32133543 0.39850000 0.08557887
v -0.35424763 0.40000001 0.12250000
v -0.35424763 0.39850000 0.12250000
v -0.35012153 0.39850000 0.10822324
v -0.32133543 0.39850000 0.08958781
v -0.32133543 0.40000001 0.08958779
v -0.32705286 0.40000001 0.09046403
v -0.32705286 0.39850000 0.09046403
v -0.34050128 0.40000001 0.09687771
v -0.34050128 0.39850000 0.09687771
v -0.34444633 0.39850000 0.10041678
v -0.34444627 0.40000001 0.10041673
v -0.35012153 0.40000001 0.10822324
v -0.31633544 0.39850000 0.08557887
v -0.31633544 0.40000001 0.08557886
v -0.30690423 0.40000001 0.08734458
v -0.30690423 0.39850000 0.08734458
v -0.29316109 0.40000001 0.09498149
v -0.29316109 0.39850000 0.09498149
v -0.28349519 0.40000001 0.10735500
v -0.28349519 0.39850000 0.10735500
v -0.27941430 0.40000001 0.12250000
v -0.27941430 0.39850000 0.12250000
v -0.31633544 0.40000001 0.08958780
v -0.31633544 0.39850000 0.08958781
v -0.30205867 0.39850000 0.09371390
v -0.28342324 0.39850000 0.12250000
v -0.28342322 0.40000001 0.12250000
v -0.28429946 0.40000001 0.11678258
v -0.28429946 0.39850000 0.11678258
v -0.29071313 0.40000001 0.10333416
v -0.29071313 0.39850000 0.10333416
v -0.29425222 0.39850000 0.09938910
v -0.29425216 0.40000001 0.09938914
v -0.30205867 0.40000001 0.09371390
v -0.27941430 0.39850000 0.12750000
v -0.27941430 0.40000001 0.12750000
v -0.28117993 0.40000001 0.13693094
v -0.28117993 0.39850000 0.13693094
v -0.28881675 0.40000001 0.15067412
v -0.28881675 0.39850000 0.15067412
v -0.30119017 0.40000001 0.16034012
v -0.30119017 0.39850000 0.16034012
v -0.31633544 0.40000001 0.16442113
v -0.31633544 0.39850000 0.16442111
v -0.28342324 0.40000001 0.12750000
v -0.28342324 0.39850000 0.12750000
v -0.28754935 0.39850000 0.14177676
v -0.31633544 0.39850000 0.16041218
v -0.31633544 0.40000001 0.16041219
v -0.31061801 0.40000001 0.15953597
v -0.31061801 0.39850000 0.15953597
v -0.29716960 0.40000001 0.15312229
v -0.29716960 0.39850000 0.15312229
v -0.29322454 0.39850000 0.14958322
v -0.29322457 0.40000001 0.14958327
v -0.28754935 0.40000001 0.14177676
v -0.34672350 0.39850000 0.12750000
v -0.34672350 0.40000001 0.12750000
v -0.34248725 0.40000001 0.13998634
v -0.34248725 0.39850000 0.13998634
v -0.33382177 0.40000001 0.14865182
v -0.33382177 0.39850000 0.14865182
v -0.32133543 0.40000001 0.15288806
v -0.32133543 0.39850000 0.15288806
v -0.32133543 0.39850000 0.15690207
v -0.32133543 0.40000001 0.15690231
v -0.32458422 0.40000001 0.15647937
v -0.32458422 0.39850000 0.15647937
v -0.33699739 0.40000001 0.15134659
v -0.33699739 0.39850000 0.15134659
v -0.34656090 0.40000001 0.14097786
v -0.34656090 0.39850000 0.14097786
v -0.35073775 0.40000001 0.12750000
v -0.35073751 0.39850000 0.12750000
v -0.35073751 0.39850000 0.12250000
v -0.35073775 0.40000001 0.12250000
v -0.35031480 0.40000001 0.11925120
v -0.35031480 0.39850000 0.11925120
v -0.34518203 0.40000001 0.10683805
v -0.34518203 0.39850000 0.10683805
v -0.33481330 0.40000001 0.09727453
v -0.33481330 0.39850000 0.09727453
v -0.32133543 0.40000001 0.09309769
v -0.32133543 0.39850000 0.09309792
v -0.32133543 0.39850000 0.09711194
v -0.32133543 0.40000001 0.09711194
v -0.33382177 0.40000001 0.10134818
v -0.33382177 0.39850000 0.10134818
v -0.34248725 0.40000001 0.11001366
v -0.34248725 0.39850000 0.11001366
v -0.34672350 0.40000001 0.12250000
v -0.34672350 0.39850000 0.12250000
v -0.31633544 0.39850000 0.09309792
v -0.31633544 0.40000001 0.09309769
v -0.31308663 0.40000001 0.09352063
v -0.31308663 0.39850000 0.09352063
v -0.30067348 0.40000001 0.09865341
v -0.30067348 0.39850000 0.09865341
v -0.29110995 0.40000001 0.10902215
v -0.29110995 0.39850000 0.10902215
v -0.28693312 0.40000001 0.12250000
v -0.28693336 0.39850000 0.12250000
v -0.29094738 0.39850000 0.12250000
v -0.29094738 0.40000001 0.12250000
v -0.29518363 0.40000001 0.11001366
v -0.29518363 0.39850000 0.11001366
v -0.30384910 0.40000001 0.10134818
v -0.30384910 0.39850000 0.10134818
v -0.31633544 0.40000001 0.09711193
v -0.31633544 0.39850000 0.09711194
v -0.28693336 0.39850000 0.12750000
v -0.28693312 0.40000001 0.12750000
v -0.28735605 0.40000001 0.13074879
v -0.28735605 0.39850000 0.13074879
v -0.29248884 0.40000001 0.14316195
v -0.29248884 0.39850000 0.14316195
v -0.30285758 0.40000001 0.15272547
v -0.30285758 0.39850000 0.15272547
v -0.31633544 0.40000001 0.15690230
v -0.31633544 0.39850000 0.15690207
v -0.31633544 0.39850000 0.15288806
v -0.31633544 0.40000001 0.15288806
v -0.30384910 0.40000001 0.14865182
v -0.30384910 0.39850000 0.14865182
v -0.29518363 0.40000001 0.13998634
v -0.29518363 0.39850000 0.13998634
v -0.29094738 0.40000001 0.12750000
v -0.29094738 0.39850000 0.12750000
v -0.33918235 0.39850000 0.12750000
v -0.33918250 0.40000001 0.12750000
v -0.33702496 0.40000001 0.13445453
v -0.33702496 0.39850000 0.13445453
v -0.33051184 0.40000001 0.14184965
v -0.33051184 0.39850000 0.14184965
v -0.32133543 0.40000001 0.14534707
v -0.32133543 0.39850000 0.14534692
v -0.32133543 0.39850000 0.14937203
v -0.32133543 0.40000001 0.14937222
v -0.33054307 0.40000001 0.14652154
v -0.33054307 0.39850000 0.14652154
v -0.33926690 0.40000001 0.13852054
v -0.33926690 0.39850000 0.13852054
v -0.34320763 0.40000001 0.12750000
v -0.34320745 0.39850000 0.12750000
v -0.34320745 0.39850000 0.12250000
v -0.34320763 0.40000001 0.12250000
v -0.34035698 0.40000001 0.11329236
v -0.34035698 0.39850000 0.11329236
v -0.33235598 0.40000001 0.10456853
v -0.33235598 0.39850000 0.10456853
v -0.32133543 0.40000001 0.10062779
v -0.32133543 0.39850000 0.10062798
v -0.32133543 0.39850000 0.10465308
v -0.32133543 0.40000001 0.10465294
v -0.32828996 0.40000001 0.10681048
v -0.32828996 0.39850000 0.10681048
v -0.33568507 0.40000001 0.11332358
v -0.33568507 0.39850000 0.11332358
v -0.33918250 0.40000001 0.12250000
v -0.33918235 0.39850000 0.12250000
v -0.31633544 0.39850000 0.10062798
v -0.31633544 0.40000001 0.10062779
v -0.30712777 0.40000001 0.10347847
v -0.30712777 0.39850000 0.10347847
v -0.29840395 0.40000001 0.11147947
v -0.29840395 0.39850000 0.11147947
v -0.29446322 0.40000001 0.12250000
v -0.29446343 0.39850000 0.12250000
v -0.29848850 0.39850000 0.12250000
v -0.29848838 0.40000001 0.12250000
v -0.30064592 0.40000001 0.11554547
v -0.30064592 0.39850000 0.11554547
v -0.30715901 0.40000001 0.10815035
v -0.30715901 0.39850000 0.10815035
v -0.31633544 0.40000001 0.10465293
v -0.31633544 0.39850000 0.10465308
v -0.29446343 0.39850000 0.12750000
v -0.29446322 0.40000001 0.12750000
v -0.29731390 0.40000001 0.13670765
v -0.29731390 0.39850000 0.13670765
v -0.30531490 0.40000001 0.14543147
v -0.30531490 0.39850000 0.14543147
v -0.31633544 0.40000001 0.14937221
v -0.31633544 0.39850000 0.14937203
v -0.31633544 0.39850000 0.14534692
v -0.31633544 0.40000001 0.14534706
v -0.30938092 0.40000001 0.14318952
v -0.30938092 0.39850000 0.14318952
v -0.30198577 0.40000001 0.13667642
v -0.30198577 0.39850000 0.13667642
v -0.29848838 0.40000001 0.12750000
v -0.29848850 0.39850000 0.12750000
v -0.33159277 0.39850000 0.12750000
v -0.33159277 0.40000001 0.12750000
v -0.33037305 0.40000001 0.13099015
v -0.33037305 0.39850000 0.13099015
v -0.32624564 0.40000001 0.13568124
v -0.32624564 0.39850000 0.13568124
v -0.32133543 0.40000001 0.13775735
v -0.32133543 0.39850000 0.13775735
v -0.32133543 0.39850000 0.14181514
v -0.32133543 0.40000001 0.14181522
v -0.32630616 0.40000001 0.14027044
v -0.32630616 0.39850000 0.14027044
v -0.33253977 0.40000001 0.13505934
v -0.33253977 0.39850000 0.13505934
v -0.33565062 0.40000001 0.12750000
v -0.33565056 0.39850000 0.12750000
v -0.33565056 0.39850000 0.12250000
v -0.33565065 0.40000001 0.12250000
v -0.33410588 0.40000001 0.11752925
v -0.33410588 0.39850000 0.11752925
v -0.32889476 0.40000001 0.11129567
v -0.32889476 0.39850000 0.11129567
v -0.32133543 0.40000001 0.10818480
v -0.32133543 0.39850000 0.10818487
v -0.32133543 0.39850000 0.11224265
v -0.32133543 0.40000001 0.11224265
v -0.32482558 0.40000001 0.11346237
v -0.32482558 0.39850000 0.11346237
v -0.32951668 0.40000001 0.11758980
v -0.32951668 0.39850000 0.11758980
v -0.33159277 0.40000001 0.12250000
v -0.33159277 0.39850000 0.12250000
v -0.31633544 0.39850000 0.10818487
v -0.31633544 0.40000001 0.10818478
v -0.31136468 0.40000001 0.10972957
v -0.31136468 0.39850000 0.10972957
v -0.30513111 0.40000001 0.11494066
v -0.30513111 0.39850000 0.11494066
v -0.30202022 0.40000001 0.12250000
v -0.30202031 0.39850000 0.12250000
v -0.30607808 0.39850000 0.12250000
v -0.30607808 0.40000001 0.12250000
v -0.30729780 0.40000001 0.11900985
v -0.30729780 0.39850000 0.11900985
v -0.31142524 0.40000001 0.11431876
v -0.31142524 0.39850000 0.11431876
v -0.31633544 0.40000001 0.11224265
v -0.31633544 0.39850000 0.11224265
v -0.30202031 0.39850000 0.12750000
v -0.30202022 0.40000001 0.12750000
v -0.30356029 0.40000001 0.13246113
v -0.30356029 0.39850000 0.13246113
v -0.30877608 0.40000001 0.13870433
v -0.30877608 0.39850000 0.13870433
v -0.31633544 0.40000001 0.14181520
v -0.31633544 0.39850000 0.14181514
v -0.31633544 0.39850000 0.13775735
v -0.31633544 0.40000001 0.13775735
v -0.31284529 0.40000001 0.13653763
v -0.31284529 0.39850000 0.13653763
v -0.30815420 0.40000001 0.13241020
v -0.30815420 0.39850000 0.13241020
v -0.30607808 0.40000001 0.12750000
v -0.30607808 0.39850000 0.12750000
v -0.31633544 0.39850000 0.12750000
v -0.31633544 0.39850000 0.12250000
v -0.32133543 0.39850000 0.12250000
v -0.32133543 0.39850000 0.12750000
v -0.31883544 0.39850000 0.12500000
v -0.32133543 0.39850000 0.08479279
v -0.31883544 0.39850000 0.08479279
v -0.31725639 0.39850000 0.08002757
v -0.31633544 0.39850000 0.08006918
v -0.31633544 0.39850000 0.08479279
v -0.31883544 0.39850000 0.10088251
v -0.27390459 0.39850000 0.12250000
v -0.27383575 0.39850000 0.12517266
v -0.29471794 0.39850000 0.12500000
v -0.35904264 0.39850000 0.12750000
v -0.35904264 0.39850000 0.12500000
v -0.34295291 0.39850000 0.12500000
v -0.35904264 0.39850000 0.12250000
v -0.36376625 0.39850000 0.12250000
v -0.36383510 0.39850000 0.12482708
v -0.36383542 0.39850000 0.12500000
v -0.36376625 0.39850000 0.12750000
v -0.32133543 0.39850000 0.16993083
v -0.31930462 0.39850000 0.16999757
v -0.31883544 0.39850000 0.16041219
v -0.31883544 0.39850000 0.17000000
v -0.31633544 0.39850000 0.16993082
v -0.31847841 0.39850000 0.16999859
v -0.27390462 0.39850000 0.12750000
v -0.31852394 0.39850000 0.08000107
v -0.31866249 0.39850000 0.08000033
v -0.32133543 0.39850000 0.08006917
v -0.31883544 0.39850000 0.14911748
v -0.36376625 0.40000001 0.12750000
v -0.36070827 0.40000001 0.14148238
v -0.31633544 0.40000001 0.16993082
v -0.30236447 0.40000001 0.16687733
v -0.27390459 0.40000001 0.12250000
v -0.27394450 0.40000001 0.12186317
v -0.32133543 0.40000001 0.08006917
v -0.32356471 0.40000001 0.08024868
v -0.31725639 0.39800000 0.08002757
v -0.32356471 0.39800000 0.08024868
v -0.30088145 0.39800000 0.08373672
v -0.27591372 0.39800000 0.13851930
v -0.27394450 0.39800000 0.12186317
v -0.31883544 0.39800000 0.17000000
v -0.30236447 0.39800000 0.16687733
v -0.33238989 0.39800000 0.16791064
v -0.36070827 0.39800000 0.14148238
v -0.36383542 0.39800000 0.12500000
v -0.36124289 0.39800000 0.10994568
v -0.28816056 0.40000001 0.15792514
v -0.28816056 0.39800000 0.15792514
v -0.28382444 0.40000001 0.15327148
v -0.28382444 0.39800000 0.15327148
v -0.27591372 0.40000001 0.13851930
v -0.27390462 0.40000001 0.12750000
v -0.27821949 0.40000001 0.10562552
v -0.27821949 0.39800000 0.10562552
v -0.28701562 0.40000001 0.09318019
v -0.28701562 0.39800000 0.09318019
v -0.30088145 0.40000001 0.08373672
v -0.31633544 0.40000001 0.08006918
v -0.33959401 0.40000001 0.08507349
v -0.33959401 0.39800000 0.08507349
v -0.35277241 0.40000001 0.09544806
v -0.35277241 0.39800000 0.09544806
v -0.36124289 0.40000001 0.10994568
v -0.36376625 0.40000001 0.12250000
v -0.35175213 0.40000001 0.15568393
v -0.35175213 0.39800000 0.15568393
v -0.34713584 0.40000001 0.15998763
v -0.34713584 0.39800000 0.15998763
v -0.33238989 0.40000001 0.16791064
v -0.32133543 0.40000001 0.16993083
v -0.56883544 0.10000000 0.17920543
v -0.57083541 0.10000000 0.17920543
v -0.56883544 0.09937500 0.17937289
v -0.57083541 0.09937500 0.17937289
v -0.56883544 0.09891747 0.17983043
v -0.57083541 0.09891747 0.17983043
v -0.56883544 0.09875000 0.18045543
v -0.57083541 0.09875000 0.18045543
v -0.56883544 0.09891747 0.18108043
v -0.57083541 0.09891747 0.18108043
v -0.56883544 0.09937500 0.18153796
v -0.57083541 0.09937500 0.18153796
v -0.56883544 0.10000000 0.18170543
v -0.57083541 0.10000000 0.18170543
v -0.56883544 0.10062500 0.18153796
v -0.57083541 0.10062500 0.18153796
v -0.56883544 0.10108253 0.18108043
v -0.57083541 0.10108253 0.18108043
v -0.56883544 0.10125000 0.18045543
v -0.57083541 0.10125000 0.18045543
v -0.56883544 0.10108253 0.17983043
v -0.57083541 0.10108253 0.17983043
v -0.56883544 0.10062500 0.17937289
v -0.57083541 0.10062500 0.17937289
v -0.56883544 0.10000000 0.04920543
v -0.57083541 0.10000000 0.04920543
v -0.56883544 0.09937500 0.04937290
v -0.57083541 0.09937500 0.04937290
v -0.56883544 0.09891747 0.04983043
v -0.57083541 0.09891747 0.04983043
v -0.56883544 0.09875000 0.05045543
v -0.57083541 0.09875000 0.05045543
v -0.56883544 0.09891747 0.05108043
v -0.57083541 0.09891747 0.05108043
v -0.56883544 0.09937500 0.05153796
v -0.57083541 0.09937500 0.05153796
v -0.56883544 0.10000000 0.05170543
v -0.57083541 0.10000000 0.05170543
v -0.56883544 0.10062500 0.05153796
v -0.57083541 0.10062500 0.05153796
v -0.56883544 0.10108253 0.05108043
v -0.57083541 0.10108253 0.05108043
v -0.56883544 0.10125000 0.05045543
v -0.57083541 0.10125000 0.05045543
v -0.56883544 0.10108253 0.04983043
v -0.57083541 0.10108253 0.04983043
v -0.56883544 0.10062500 0.04937290
v -0.57083541 0.10062500 0.04937290
v -0.56883544 -0.10000000 0.04920543
v -0.57083541 -0.10000000 0.04920543
v -0.56883544 -0.10062500 0.04937290
v -0.57083541 -0.10062500 0.04937290
v -0.56883544 -0.10108253 0.04983043
v -0.57083541 -0.10108253 0.04983043
v -0.56883544 -0.10125000 0.05045543
v -0.57083541 -0.10125000 0.05045543
v -0.56883544 -0.10108253 0.05108043
v -0.57083541 -0.10108253 0.05108043
v -0.56883544 -0.10062500 0.05153796
v -0.57083541 -0.10062500 0.05153796
v -0.56883544 -0.10000000 0.05170543
v -0.57083541 -0.10000000 0.05170543
v -0.56883544 -0.09937500 0.05153796
v -0.57083541 -0.09937500 0.05153796
v -0.56883544 -0.09891747 0.05108043
v -0.57083541 -0.09891747 0.05108043
v -0.56883544 -0.09875000 0.05045543
v -0.57083541 -0.09875000 0.05045543
v -0.56883544 -0.09891747 0.04983043
v -0.57083541 -0.09891747 0.04983043
v -0.56883544 -0.09937500 0.04937290
v -0.57083541 -0.09937500 0.04937290
v -0.56883544 -0.10000000 0.17920543
v -0.57083541 -0.10000000 0.17920543
v -0.56883544 -0.10062500 0.17937289
v -0.57083541 -0.10062500 0.17937289
v -0.56883544 -0.10108253 0.17983043
v -0.57083541 -0.10108253 0.17983043
v -0.56883544 -0.10125000 0.18045543
v -0.57083541 -0.10125000 0.18045543
v -0.56883544 -0.10108253 0.18108043
v -0.57083541 -0.10108253 0.18108043
v -0.56883544 -0.10062500 0.18153796
v -0.57083541 -0.10062500 0.18153796
v -0.56883544 -0.10000000 0.18170543
v -0.57083541 -0.10000000 0.18170543
v -0.56883544 -0.09937500 0.18153796
v -0.57083541 -0.09937500 0.18153796
v -0.56883544 -0.09891747 0.18108043
v -0.57083541 -0.09891747 0.18108043
v -0.56883544 -0.09875000 0.18045543
v -0.57083541 -0.09875000 0.18045543
v -0.56883544 -0.09891747 0.17983043
v -0.57083541 -0.09891747 0.17983043
v -0.56883544 -0.09937500 0.17937289
v -0.57083541 -0.09937500 0.17937289
v -0.56883544 0.20500000 0.04000000
v -0.57083541 0.20500000 0.04000000
v -0.56883544 0.20901924 0.05500000
v -0.57083541 0.20901924 0.05500000
v -0.56883544 0.22000000 0.06598076
v -0.57083541 0.22000000 0.06598076
v -0.56883544 0.23500000 0.07000000
v -0.57083541 0.23500000 0.07000000
v -0.56883544 0.25000000 0.06598076
v -0.57083541 0.25000000 0.06598076
v -0.56883544 0.26098076 0.05500000
v -0.57083541 0.26098076 0.05500000
v -0.56883544 0.26499999 0.04000000
v -0.57083541 0.26499999 0.04000000
v -0.56883544 0.26098076 0.02500000
v -0.57083541 0.26098076 0.02500000
v -0.56883544 0.25000000 0.01401924
v -0.57083541 0.25000000 0.01401924
v -0.56883544 0.23500000 0.01000000
v -0.57083541 0.23500000 0.01000000
v -0.56883544 0.22000000 0.01401924
v -0.57083541 0.22000000 0.01401924
v -0.56883544 0.20901924 0.02500000
v -0.57083541 0.20901924 0.02500000
v -0.56883544 -0.26499999 0.04000000
v -0.57083541 -0.26499999 0.04000000
v -0.56883544 -0.26098076 0.05500000
v -0.57083541 -0.26098076 0.05500000
v -0.56883544 -0.25000000 0.06598076
v -0.57083541 -0.25000000 0.06598076
v -0.56883544 -0.23500000 0.07000000
v -0.57083541 -0.23500000 0.07000000
v -0.56883544 -0.22000000 0.06598076
v -0.57083541 -0.22000000 0.06598076
v -0.56883544 -0.20901924 0.05500000
v -0.57083541 -0.20901924 0.05500000
v -0.56883544 -0.20500000 0.04000000
v -0.57083541 -0.20500000 0.04000000
v -0.56883544 -0.20901924 0.02500000
v -0.57083541 -0.20901924 0.02500000
v -0.56883544 -0.22000000 0.01401924
v -0.57083541 -0.22000000 0.01401924
v -0.56883544 -0.23500000 0.01000000
v -0.57083541 -0.23500000 0.01000000
v -0.56883544 -0.25000000 0.01401924
v -0.57083541 -0.25000000 0.01401924
v -0.56883544 -0.26098076 0.02500000
v -0.57083541 -0.26098076 0.02500000
v -0.06883543 0.03000000 0.04500000
v -0.06683543 0.03000000 0.04500000
v -0.06883543 0.02598076 0.06000000
v -0.06683543 0.02598076 0.06000000
v -0.06883543 0.01500000 0.07098076
v -0.06683543 0.01500000 0.07098076
v -0.06883543 -0.00000000 0.07500000
v -0.06683543 -0.00000000 0.07500000
v -0.06883543 -0.01500000 0.07098076
v -0.06683543 -0.01500000 0.07098076
v -0.06883543 -0.02598076 0.06000000
v -0.06683543 -0.02598076 0.06000000
v -0.06883543 -0.03000000 0.04500000
v -0.06683543 -0.03000000 0.04500000
v -0.06883543 -0.02598076 0.03000000
v -0.06683543 -0.02598076 0.03000000
v -0.06883543 -0.01500000 0.01901924
v -0.06683543 -0.01500000 0.01901924
v -0.06883543 -0.00000000 0.01500000
v -0.06683543 -0.00000000 0.01500000
v -0.06883543 0.01500000 0.01901924
v -0.06683543 0.01500000 0.01901924
v -0.06883543 0.02598076 0.03000000
v -0.06683543 0.02598076 0.03000000
v -0.15049839 0.13355811 0.00000000
v -0.15049839 0.13355811 0.00200000
v -0.14987339 0.13372558 0.00000000
v -0.14987339 0.13372558 0.00200000
v -0.14941587 0.13418311 0.00000000
v -0.14941587 0.13418311 0.00200000
v -0.14924839 0.13480811 0.00000000
v -0.14924839 0.13480811 0.00200000
v -0.14941587 0.13543311 0.00000000
v -0.14941587 0.13543311 0.00200000
v -0.14987339 0.13589065 0.00000000
v -0.14987339 0.13589065 0.00200000
v -0.15049839 0.13605811 0.00000000
v -0.15049839 0.13605811 0.00200000
v -0.15112339 0.13589065 0.00000000
v -0.15112339 0.13589065 0.00200000
v -0.15158093 0.13543311 0.00000000
v -0.15158093 0.13543311 0.00200000
v -0.15174839 0.13480811 0.00000000
v -0.15174839 0.13480811 0.00200000
v -0.15158093 0.13418311 0.00000000
v -0.15158093 0.13418311 0.00200000
v -0.15112339 0.13372558 0.00000000
v -0.15112339 0.13372558 0.00200000
v -0.15049839 -0.02644189 0.00000000
v -0.15049839 -0.02644189 0.00200000
v -0.14987339 -0.02627442 0.00000000
v -0.14987339 -0.02627442 0.00200000
v -0.14941587 -0.02581689 0.00000000
v -0.14941587 -0.02581689 0.00200000
v -0.14924839 -0.02519189 0.00000000
v -0.14924839 -0.02519189 0.00200000
v -0.14941587 -0.02456689 0.00000000
v -0.14941587 -0.02456689 0.00200000
v -0.14987339 -0.02410936 0.00000000
v -0.14987339 -0.02410936 0.00200000
v -0.15049839 -0.02394189 0.00000000
v -0.15049839 -0.02394189 0.00200000
v -0.15112339 -0.02410936 0.00000000
v -0.15112339 -0.02410936 0.00200000
v -0.15158093 -0.02456689 0.00000000
v -0.15158093 -0.02456689 0.00200000
v -0.15174839 -0.02519189 0.00000000
v -0.15174839 -0.02519189 0.00200000
v -0.15158093 -0.02581689 0.00000000
v -0.15158093 -0.02581689 0.00200000
v -0.15112339 -0.02627442 0.00000000
v -0.15112339 -0.02627442 0.00200000
v -0.14066719 -0.08344590 0.00000000
v -0.14066719 -0.08344590 0.00200000
v -0.14004219 -0.08327843 0.00000000
v -0.14004219 -0.08327843 0.00200000
v -0.13958465 -0.08282090 0.00000000
v -0.13958465 -0.08282090 0.00200000
v -0.13941719 -0.08219590 0.00000000
v -0.13941719 -0.08219590 0.00200000
v -0.13958465 -0.08157090 0.00000000
v -0.13958465 -0.08157090 0.00200000
v -0.14004219 -0.08111337 0.00000000
v -0.14004219 -0.08111337 0.00200000
v -0.14066719 -0.08094590 0.00000000
v -0.14066719 -0.08094590 0.00200000
v -0.14129218 -0.08111337 0.00000000
v -0.14129218 -0.08111337 0.00200000
v -0.14174971 -0.08157090 0.00000000
v -0.14174971 -0.08157090 0.00200000
v -0.14191718 -0.08219590 0.00000000
v -0.14191718 -0.08219590 0.00200000
v -0.14174971 -0.08282090 0.00000000
v -0.14174971 -0.08282090 0.00200000
v -0.14129218 -0.08327843 0.00000000
v -0.14129218 -0.08327843 0.00200000
v -0.17066719 -0.08344590 0.00000000
v -0.17066719 -0.08344590 0.00200000
v -0.17004219 -0.08327843 0.00000000
v -0.17004219 -0.08327843 0.00200000
v -0.16958465 -0.08282090 0.00000000
v -0.16958465 -0.08282090 0.00200000
v -0.16941719 -0.08219590 0.00000000
v -0.16941719 -0.08219590 0.00200000
v -0.16958465 -0.08157090 0.00000000
v -0.16958465 -0.08157090 0.00200000
v -0.17004219 -0.08111337 0.00000000
v -0.17004219 -0.08111337 0.00200000
v -0.17066719 -0.08094590 0.00000000
v -0.17066719 -0.08094590 0.00200000
v -0.17129219 -0.08111337 0.00000000
v -0.17129219 -0.08111337 0.00200000
v -0.17174971 -0.08157090 0.00000000
v -0.17174971 -0.08157090 0.00200000
v -0.17191719 -0.08219590 0.00000000
v -0.17191719 -0.08219590 0.00200000
v -0.17174971 -0.08282090 0.00000000
v -0.17174971 -0.08282090 0.00200000
v -0.17129219 -0.08327843 0.00000000
v -0.17129219 -0.08327843 0.00200000
v -0.17066719 -0.26544589 0.00000000
v -0.17066719 -0.26544589 0.00200000
v -0.17004219 -0.26527843 0.00000000
v -0.17004219 -0.26527843 0.00200000
v -0.16958465 -0.26482090 0.00000000
v -0.16958465 -0.26482090 0.00200000
v -0.16941719 -0.26419589 0.00000000
v -0.16941719 -0.26419589 0.00200000
v -0.16958465 -0.26357090 0.00000000
v -0.16958465 -0.26357090 0.00200000
v -0.17004219 -0.26311338 0.00000000
v -0.17004219 -0.26311338 0.00200000
v -0.17066719 -0.26294589 0.00000000
v -0.17066719 -0.26294589 0.00200000
v -0.17129219 -0.26311338 0.00000000
v -0.17129219 -0.26311338 0.00200000
v -0.17174971 -0.26357090 0.00000000
v -0.17174971 -0.26357090 0.00200000
v -0.17191719 -0.26419589 0.00000000
v -0.17191719 -0.26419589 0.00200000
v -0.17174971 -0.26482090 0.00000000
v -0.17174971 -0.26482090 0.00200000
v -0.17129219 -0.26527843 0.00000000
v -0.17129219 -0.26527843 0.00200000
v -0.14066719 -0.26544589 0.00000000
v -0.14066719 -0.26544589 0.00200000
v -0.14004219 -0.26527843 0.00000000
v -0.14004219 -0.26527843 0.00200000
v -0.13958465 -0.26482090 0.00000000
v -0.13958465 -0.26482090 0.00200000
v -0.13941719 -0.26419589 0.00000000
v -0.13941719 -0.26419589 0.00200000
v -0.13958465 -0.26357090 0.00000000
v -0.13958465 -0.26357090 0.00200000
v -0.14004219 -0.26311338 0.00000000
v -0.14004219 -0.26311338 0.00200000
v -0.14066719 -0.26294589 0.00000000
v -0.14066719 -0.26294589 0.00200000
v -0.14129218 -0.26311338 0.00000000
v -0.14129218 -0.26311338 0.00200000
v -0.14174971 -0.26357090 0.00000000
v -0.14174971 -0.26357090 0.00200000
v -0.14191718 -0.26419589 0.00000000
v -0.14191718 -0.26419589 0.00200000
v -0.14174971 -0.26482090 0.00000000
v -0.14174971 -0.26482090 0.00200000
v -0.14129218 -0.26527843 0.00000000
v -0.14129218 -0.26527843 0.00200000
v -0.44875205 -0.30882931 0.00000000
v -0.44875205 -0.30882931 0.00200000
v -0.44812703 -0.30866185 0.00000000
v -0.44812703 -0.30866185 0.00200000
v -0.44766951 -0.30820429 0.00000000
v -0.44766951 -0.30820429 0.00200000
v -0.44750205 -0.30757931 0.00000000
v -0.44750205 -0.30757931 0.00200000
v -0.44766951 -0.30695429 0.00000000
v -0.44766951 -0.30695429 0.00200000
v -0.44812703 -0.30649677 0.00000000
v -0.44812703 -0.30649677 0.00200000
v -0.44875205 -0.30632931 0.00000000
v -0.44875205 -0.30632931 0.00200000
v -0.44937703 -0.30649677 0.00000000
v -0.44937703 -0.30649677 0.00200000
v -0.44983459 -0.30695429 0.00000000
v -0.44983459 -0.30695429 0.00200000
v -0.45000204 -0.30757931 0.00000000
v -0.45000204 -0.30757931 0.00200000
v -0.44983459 -0.30820429 0.00000000
v -0.44983459 -0.30820429 0.00200000
v -0.44937703 -0.30866185 0.00000000
v -0.44937703 -0.30866185 0.00200000
v -0.44875205 -0.26882932 0.00000000
v -0.44875205 -0.26882932 0.00200000
v -0.44812703 -0.26866183 0.00000000
v -0.44812703 -0.26866183 0.00200000
v -0.44766951 -0.26820430 0.00000000
v -0.44766951 -0.26820430 0.00200000
v -0.44750205 -0.26757932 0.00000000
v -0.44750205 -0.26757932 0.00200000
v -0.44766951 -0.26695430 0.00000000
v -0.44766951 -0.26695430 0.00200000
v -0.44812703 -0.26649678 0.00000000
v -0.44812703 -0.26649678 0.00200000
v -0.44875205 -0.26632932 0.00000000
v -0.44875205 -0.26632932 0.00200000
v -0.44937703 -0.26649678 0.00000000
v -0.44937703 -0.26649678 0.00200000
v -0.44983459 -0.26695430 0.00000000
v -0.44983459 -0.26695430 0.00200000
v -0.45000204 -0.26757932 0.00000000
v -0.45000204 -0.26757932 0.00200000
v -0.44983459 -0.26820430 0.00000000
v -0.44983459 -0.26820430 0.00200000
v -0.44937703 -0.26866183 0.00000000
v -0.44937703 -0.26866183 0.00200000
v -0.23075205 -0.26882932 0.00000000
v -0.23075205 -0.26882932 0.00200000
v -0.23012705 -0.26866183 0.00000000
v -0.23012705 -0.26866183 0.00200000
v -0.22966951 -0.26820430 0.00000000
v -0.22966951 -0.26820430 0.00200000
v -0.22950205 -0.26757932 0.00000000
v -0.22950205 -0.26757932 0.00200000
v -0.22966951 -0.26695430 0.00000000
v -0.22966951 -0.26695430 0.00200000
v -0.23012705 -0.26649678 0.00000000
v -0.23012705 -0.26649678 0.00200000
v -0.23075205 -0.26632932 0.00000000
v -0.23075205 -0.26632932 0.00200000
v -0.23137705 -0.26649678 0.00000000
v -0.23137705 -0.26649678 0.00200000
v -0.23183458 -0.26695430 0.00000000
v -0.23183458 -0.26695430 0.00200000
v -0.23200205 -0.26757932 0.00000000
v -0.23200205 -0.26757932 0.00200000
v -0.23183458 -0.26820430 0.00000000
v -0.23183458 -0.26820430 0.00200000
v -0.23137705 -0.26866183 0.00000000
v -0.23137705 -0.26866183 0.00200000
v -0.23075205 -0.30882931 0.00000000
v -0.23075205 -0.30882931 0.00200000
v -0.23012705 -0.30866185 0.00000000
v -0.23012705 -0.30866185 0.00200000
v -0.22966951 -0.30820429 0.00000000
v -0.22966951 -0.30820429 0.00200000
v -0.22950205 -0.30757931 0.00000000
v -0.22950205 -0.30757931 0.00200000
v -0.22966951 -0.30695429 0.00000000
v -0.22966951 -0.30695429 0.00200000
v -0.23012705 -0.30649677 0.00000000
v -0.23012705 -0.30649677 0.00200000
v -0.23075205 -0.30632931 0.00000000
v -0.23075205 -0.30632931 0.00200000
v -0.23137705 -0.30649677 0.00000000
v -0.23137705 -0.30649677 0.00200000
v -0.23183458 -0.30695429 0.00000000
v -0.23183458 -0.30695429 0.00200000
v -0.23200205 -0.30757931 0.00000000
v -0.23200205 -0.30757931 0.00200000
v -0.23183458 -0.30820429 0.00000000
v -0.23183458 -0.30820429 0.00200000
v -0.23137705 -0.30866185 0.00000000
v -0.23137705 -0.30866185 0.00200000
v -0.41990340 0.27806264 0.00000000
v -0.41990340 0.27806264 0.00200000
v -0.41927841 0.27823010 0.00000000
v -0.41927841 0.27823010 0.00200000
v -0.41882089 0.27868763 0.00000000
v -0.41882089 0.27868763 0.00200000
v -0.41865340 0.27931264 0.00000000
v -0.41865340 0.27931264 0.00200000
v -0.41882089 0.27993762 0.00000000
v -0.41882089 0.27993762 0.00200000
v -0.41927841 0.28039518 0.00000000
v -0.41927841 0.28039518 0.00200000
v -0.41990340 0.28056264 0.00000000
v -0.41990340 0.28056264 0.00200000
v -0.42052841 0.28039518 0.00000000
v -0.42052841 0.28039518 0.00200000
v -0.42098594 0.27993762 0.00000000
v -0.42098594 0.27993762 0.00200000
v -0.42115340 0.27931264 0.00000000
v -0.42115340 0.27931264 0.00200000
v -0.42098594 0.27868763 0.00000000
v -0.42098594 0.27868763 0.00200000
v -0.42052841 0.27823010 0.00000000
v -0.42052841 0.27823010 0.00200000
v -0.35490340 0.27806264 0.00000000
v -0.35490340 0.27806264 0.00200000
v -0.35427842 0.27823010 0.00000000
v -0.35427842 0.27823010 0.00200000
v -0.35382089 0.27868763 0.00000000
v -0.35382089 0.27868763 0.00200000
v -0.35365340 0.27931264 0.00000000
v -0.35365340 0.27931264 0.00200000
v -0.35382089 0.27993762 0.00000000
v -0.35382089 0.27993762 0.00200000
v -0.35427842 0.28039518 0.00000000
v -0.35427842 0.28039518 0.00200000
v -0.35490340 0.28056264 0.00000000
v -0.35490340 0.28056264 0.00200000
v -0.35552841 0.28039518 0.00000000
v -0.35552841 0.28039518 0.00200000
v -0.35598594 0.27993762 0.00000000
v -0.35598594 0.27993762 0.00200000
v -0.35615340 0.27931264 0.00000000
v -0.35615340 0.27931264 0.00200000
v -0.35598594 0.27868763 0.00000000
v -0.35598594 0.27868763 0.00200000
v -0.35552841 0.27823010 0.00000000
v -0.35552841 0.27823010 0.00200000
v -0.46681413 0.27806264 0.00000000
v -0.46681413 0.27806264 0.00200000
v -0.46618912 0.27823010 0.00000000
v -0.46618912 0.27823010 0.00200000
v -0.46573159 0.27868763 0.00000000
v -0.46573159 0.27868763 0.00200000
v -0.46556413 0.27931264 0.00000000
v -0.46556413 0.27931264 0.00200000
v -0.46573159 0.27993762 0.00000000
v -0.46573159 0.27993762 0.00200000
v -0.46618912 0.28039518 0.00000000
v -0.46618912 0.28039518 0.00200000
v -0.46681413 0.28056264 0.00000000
v -0.46681413 0.28056264 0.00200000
v -0.46743912 0.28039518 0.00000000
v -0.46743912 0.28039518 0.00200000
v -0.46789664 0.27993762 0.00000000
v -0.46789664 0.27993762 0.00200000
v -0.46806413 0.27931264 0.00000000
v -0.46806413 0.27931264 0.00200000
v -0.46789664 0.27868763 0.00000000
v -0.46789664 0.27868763 0.00200000
v -0.46743912 0.27823010 0.00000000
v -0.46743912 0.27823010 0.00200000
v -0.53181410 0.27806264 0.00000000
v -0.53181410 0.27806264 0.00200000
v -0.53118914 0.27823010 0.00000000
v -0.53118914 0.27823010 0.00200000
v -0.53073156 0.27868763 0.00000000
v -0.53073156 0.27868763 0.00200000
v -0.53056413 0.27931264 0.00000000
v -0.53056413 0.27931264 0.00200000
v -0.53073156 0.27993762 0.00000000
v -0.53073156 0.27993762 0.00200000
v -0.53118914 0.28039518 0.00000000
v -0.53118914 0.28039518 0.00200000
v -0.53181410 0.28056264 0.00000000
v -0.53181410 0.28056264 0.00200000
v -0.53243911 0.28039518 0.00000000
v -0.53243911 0.28039518 0.00200000
v -0.53289664 0.27993762 0.00000000
v -0.53289664 0.27993762 0.00200000
v -0.53306413 0.27931264 0.00000000
v -0.53306413 0.27931264 0.00200000
v -0.53289664 0.27868763 0.00000000
v -0.53289664 0.27868763 0.00200000
v -0.53243911 0.27823010 0.00000000
v -0.53243911 0.27823010 0.00200000
v -0.31450060 0.26673189 0.00000000
v -0.31450060 0.26673189 0.00200000
v -0.31387559 0.26689935 0.00000000
v -0.31387559 0.26689935 0.00200000
v -0.31341806 0.26735690 0.00000000
v -0.31341806 0.26735690 0.00200000
v -0.31325060 0.26798189 0.00000000
v -0.31325060 0.26798189 0.00200000
v -0.31341806 0.26860690 0.00000000
v -0.31341806 0.26860690 0.00200000
v -0.31387559 0.26906443 0.00000000
v -0.31387559 0.26906443 0.00200000
v -0.31450060 0.26923189 0.00000000
v -0.31450060 0.26923189 0.00200000
v -0.31512558 0.26906443 0.00000000
v -0.31512558 0.26906443 0.00200000
v -0.31558314 0.26860690 0.00000000
v -0.31558314 0.26860690 0.00200000
v -0.31575060 0.26798189 0.00000000
v -0.31575060 0.26798189 0.00200000
v -0.31558314 0.26735690 0.00000000
v -0.31558314 0.26735690 0.00200000
v -0.31512558 0.26689935 0.00000000
v -0.31512558 0.26689935 0.00200000
v -0.12430059 0.26673189 0.00000000
v -0.12430059 0.26673189 0.00200000
v -0.12367559 0.26689935 0.00000000
v -0.12367559 0.26689935 0.00200000
v -0.12321807 0.26735690 0.00000000
v -0.12321807 0.26735690 0.00200000
v -0.12305059 0.26798189 0.00000000
v -0.12305059 0.26798189 0.00200000
v -0.12321807 0.26860690 0.00000000
v -0.12321807 0.26860690 0.00200000
v -0.12367559 0.26906443 0.00000000
v -0.12367559 0.26906443 0.00200000
v -0.12430059 0.26923189 0.00000000
v -0.12430059 0.26923189 0.00200000
v -0.12492559 0.26906443 0.00000000
v -0.12492559 0.26906443 0.00200000
v -0.12538314 0.26860690 0.00000000
v -0.12538314 0.26860690 0.00200000
v -0.12555060 0.26798189 0.00000000
v -0.12555060 0.26798189 0.00200000
v -0.12538314 0.26735690 0.00000000
v -0.12538314 0.26735690 0.00200000
v -0.12492559 0.26689935 0.00000000
v -0.12492559 0.26689935 0.00200000
v -0.25807676 0.12623194 0.00000000
v -0.25807676 0.12623194 0.00200000
v -0.25745174 0.12639941 0.00000000
v -0.25745174 0.12639941 0.00200000
v -0.25699422 0.12685695 0.00000000
v -0.25699422 0.12685695 0.00200000
v -0.25682676 0.12748195 0.00000000
v -0.25682676 0.12748195 0.00200000
v -0.25699422 0.12810695 0.00000000
v -0.25699422 0.12810695 0.00200000
v -0.25745174 0.12856448 0.00000000
v -0.25745174 0.12856448 0.00200000
v -0.25807676 0.12873195 0.00000000
v -0.25807676 0.12873195 0.00200000
v -0.25870174 0.12856448 0.00000000
v -0.25870174 0.12856448 0.00200000
v -0.25915927 0.12810695 0.00000000
v -0.25915927 0.12810695 0.00200000
v -0.25932676 0.12748195 0.00000000
v -0.25932676 0.12748195 0.00200000
v -0.25915927 0.12685695 0.00000000
v -0.25915927 0.12685695 0.00200000
v -0.25870174 0.12639941 0.00000000
v -0.25870174 0.12639941 0.00200000
v -0.25807676 0.01423195 0.00000000
v -0.25807676 0.01423195 0.00200000
v -0.25745174 0.01439941 0.00000000
v -0.25745174 0.01439941 0.00200000
v -0.25699422 0.01485695 0.00000000
v -0.25699422 0.01485695 0.00200000
v -0.25682676 0.01548195 0.00000000
v -0.25682676 0.01548195 0.00200000
v -0.25699422 0.01610695 0.00000000
v -0.25699422 0.01610695 0.00200000
v -0.25745174 0.01656448 0.00000000
v -0.25745174 0.01656448 0.00200000
v -0.25807676 0.01673195 0.00000000
v -0.25807676 0.01673195 0.00200000
v -0.25870174 0.01656448 0.00000000
v -0.25870174 0.01656448 0.00200000
v -0.25915927 0.01610695 0.00000000
v -0.25915927 0.01610695 0.00200000
v -0.25932676 0.01548195 0.00000000
v -0.25932676 0.01548195 0.00200000
v -0.25915927 0.01485695 0.00000000
v -0.25915927 0.01485695 0.00200000
v -0.25870174 0.01439941 0.00000000
v -0.25870174 0.01439941 0.00200000
v -0.10683543 0.18725000 0.00000000
v -0.10683543 0.18725000 0.00200000
v -0.10546043 0.18761843 0.00000000
v -0.10546043 0.18761843 0.00200000
v -0.10445385 0.18862499 0.00000000
v -0.10445385 0.18862499 0.00200000
v -0.10408542 0.19000000 0.00000000
v -0.10408542 0.19000000 0.00200000
v -0.10445385 0.19137500 0.00000000
v -0.10445385 0.19137500 0.00200000
v -0.10546043 0.19238158 0.00000000
v -0.10546043 0.19238158 0.00200000
v -0.10683543 0.19275001 0.00000000
v -0.10683543 0.19275001 0.00200000
v -0.10821044 0.19238158 0.00000000
v -0.10821044 0.19238158 0.00200000
v -0.10921700 0.19137500 0.00000000
v -0.10921700 0.19137500 0.00200000
v -0.10958543 0.19000000 0.00000000
v -0.10958543 0.19000000 0.00200000
v -0.10921700 0.18862499 0.00000000
v -0.10921700 0.18862499 0.00200000
v -0.10821044 0.18761843 0.00000000
v -0.10821044 0.18761843 0.00200000
v -0.10683543 -0.19275001 0.00000000
v -0.10683543 -0.19275001 0.00200000
v -0.10546043 -0.19238158 0.00000000
v -0.10546043 -0.19238158 0.00200000
v -0.10445385 -0.19137500 0.00000000
v -0.10445385 -0.19137500 0.00200000
v -0.10408542 -0.19000000 0.00000000
v -0.10408542 -0.19000000 0.00200000
v -0.10445385 -0.18862499 0.00000000
v -0.10445385 -0.18862499 0.00200000
v -0.10546043 -0.18761843 0.00000000
v -0.10546043 -0.18761843 0.00200000
v -0.10683543 -0.18725000 0.00000000
v -0.10683543 -0.18725000 0.00200000
v -0.10821044 -0.18761843 0.00000000
v -0.10821044 -0.18761843 0.00200000
v -0.10921700 -0.18862499 0.00000000
v -0.10921700 -0.18862499 0.00200000
v -0.10958543 -0.19000000 0.00000000
v -0.10958543 -0.19000000 0.00200000
v -0.10921700 -0.19137500 0.00000000
v -0.10921700 -0.19137500 0.00200000
v -0.10821044 -0.19238158 0.00000000
v -0.10821044 -0.19238158 0.00200000
v -0.08483543 -0.24415000 0.24800000
v -0.08483543 -0.24415000 0.25000000
v -0.08401043 -0.24392894 0.24800000
v -0.08401043 -0.24392894 0.25000000
v -0.08340649 -0.24332500 0.24800000
v -0.08340649 -0.24332500 0.25000000
v -0.08318543 -0.24250001 0.24800000
v -0.08318543 -0.24250001 0.25000000
v -0.08340649 -0.24167500 0.24800000
v -0.08340649 -0.24167500 0.25000000
v -0.08401043 -0.24107106 0.24800000
v -0.08401043 -0.24107106 0.25000000
v -0.08483543 -0.24085000 0.24800000
v -0.08483543 -0.24085000 0.25000000
v -0.08566044 -0.24107106 0.24800000
v -0.08566044 -0.24107106 0.25000000
v -0.08626436 -0.24167500 0.24800000
v -0.08626436 -0.24167500 0.25000000
v -0.08648542 -0.24250001 0.24800000
v -0.08648542 -0.24250001 0.25000000
v -0.08626436 -0.24332500 0.24800000
v -0.08626436 -0.24332500 0.25000000
v -0.08566044 -0.24392894 0.24800000
v -0.08566044 -0.24392894 0.25000000
v -0.09683543 -0.35165000 0.24800000
v -0.09683543 -0.35165000 0.25000000
v -0.09601042 -0.35142896 0.24800000
v -0.09601042 -0.35142896 0.25000000
v -0.09540650 -0.35082501 0.24800000
v -0.09540650 -0.35082501 0.25000000
v -0.09518544 -0.34999999 0.24800000
v -0.09518544 -0.34999999 0.25000000
v -0.09540650 -0.34917501 0.24800000
v -0.09540650 -0.34917501 0.25000000
v -0.09601042 -0.34857106 0.24800000
v -0.09601042 -0.34857106 0.25000000
v -0.09683543 -0.34834999 0.24800000
v -0.09683543 -0.34834999 0.25000000
v -0.09766043 -0.34857106 0.24800000
v -0.09766043 -0.34857106 0.25000000
v -0.09826437 -0.34917501 0.24800000
v -0.09826437 -0.34917501 0.25000000
v -0.09848543 -0.34999999 0.24800000
v -0.09848543 -0.34999999 0.25000000
v -0.09826437 -0.35082501 0.24800000
v -0.09826437 -0.35082501 0.25000000
v -0.09766043 -0.35142896 0.24800000
v -0.09766043 -0.35142896 0.25000000
v -0.09683543 0.34834999 0.24800000
v -0.09683543 0.34834999 0.25000000
v -0.09601042 0.34857106 0.24800000
v -0.09601042 0.34857106 0.25000000
v -0.09540650 0.34917501 0.24800000
v -0.09540650 0.34917501 0.25000000
v -0.09518544 0.34999999 0.24800000
v -0.09518544 0.34999999 0.25000000
v -0.09540650 0.35082501 0.24800000
v -0.09540650 0.35082501 0.25000000
v -0.09601042 0.35142896 0.24800000
v -0.09601042 0.35142896 0.25000000
v -0.09683543 0.35165000 0.24800000
v -0.09683543 0.35165000 0.25000000
v -0.09766043 0.35142896 0.24800000
v -0.09766043 0.35142896 0.25000000
v -0.09826437 0.35082501 0.24800000
v -0.09826437 0.35082501 0.25000000
v -0.09848543 0.34999999 0.24800000
v -0.09848543 0.34999999 0.25000000
v -0.09826437 0.34917501 0.24800000
v -0.09826437 0.34917501 0.25000000
v -0.09766043 0.34857106 0.24800000
v -0.09766043 0.34857106 0.25000000
v -0.54083544 0.34834999 0.24800000
v -0.54083544 0.34834999 0.25000000
v -0.54001045 0.34857106 0.24800000
v -0.54001045 0.34857106 0.25000000
v -0.53940648 0.34917501 0.24800000
v -0.53940648 0.34917501 0.25000000
v -0.53918540 0.34999999 0.24800000
v -0.53918540 0.34999999 0.25000000
v -0.53940648 0.35082501 0.24800000
v -0.53940648 0.35082501 0.25000000
v -0.54001045 0.35142896 0.24800000
v -0.54001045 0.35142896 0.25000000
v -0.54083544 0.35165000 0.24800000
v -0.54083544 0.35165000 0.25000000
v -0.54166043 0.35142896 0.24800000
v -0.54166043 0.35142896 0.25000000
v -0.54226434 0.35082501 0.24800000
v -0.54226434 0.35082501 0.25000000
v -0.54248542 0.34999999 0.24800000
v -0.54248542 0.34999999 0.25000000
v -0.54226434 0.34917501 0.24800000
v -0.54226434 0.34917501 0.25000000
v -0.54166043 0.34857106 0.24800000
v -0.54166043 0.34857106 0.25000000
v -0.55283540 -0.24415000 0.24800000
v -0.55283540 -0.24415000 0.25000000
v -0.55201042 -0.24392894 0.24800000
v -0.55201042 -0.24392894 0.25000000
v -0.55140650 -0.24332500 0.24800000
v -0.55140650 -0.24332500 0.25000000
v -0.55118543 -0.24250001 0.24800000
v -0.55118543 -0.24250001 0.25000000
v -0.55140650 -0.24167500 0.24800000
v -0.55140650 -0.24167500 0.25000000
v -0.55201042 -0.24107106 0.24800000
v -0.55201042 -0.24107106 0.25000000
v -0.55283540 -0.24085000 0.24800000
v -0.55283540 -0.24085000 0.25000000
v -0.55366045 -0.24107106 0.24800000
v -0.55366045 -0.24107106 0.25000000
v -0.55426437 -0.24167500 0.24800000
v -0.55426437 -0.24167500 0.25000000
v -0.55448544 -0.24250001 0.24800000
v -0.55448544 -0.24250001 0.25000000
v -0.55426437 -0.24332500 0.24800000
v -0.55426437 -0.24332500 0.25000000
v -0.55366045 -0.24392894 0.24800000
v -0.55366045 -0.24392894 0.25000000
v -0.54083544 -0.35165000 0.24800000
v -0.54083544 -0.35165000 0.25000000
v -0.54001045 -0.35142896 0.24800000
v -0.54001045 -0.35142896 0.25000000
v -0.53940648 -0.35082501 0.24800000
v -0.53940648 -0.35082501 0.25000000
v -0.53918540 -0.34999999 0.24800000
v -0.53918540 -0.34999999 0.25000000
v -0.53940648 -0.34917501 0.24800000
v -0.53940648 -0.34917501 0.25000000
v -0.54001045 -0.34857106 0.24800000
v -0.54001045 -0.34857106 0.25000000
v -0.54083544 -0.34834999 0.24800000
v -0.54083544 -0.34834999 0.25000000
v -0.54166043 -0.34857106 0.24800000
v -0.54166043 -0.34857106 0.25000000
v -0.54226434 -0.34917501 0.24800000
v -0.54226434 -0.34917501 0.25000000
v -0.54248542 -0.34999999 0.24800000
v -0.54248542 -0.34999999 0.25000000
v -0.54226434 -0.35082501 0.24800000
v -0.54226434 -0.35082501 0.25000000
v -0.54166043 -0.35142896 0.24800000
v -0.54166043 -0.35142896 0.25000000
v -0.08483543 0.24085000 0.24800000
v -0.08483543 0.24085000 0.25000000
v -0.08401043 0.24107106 0.24800000
v -0.08401043 0.24107106 0.25000000
v -0.08340649 0.24167500 0.24800000
v -0.08340649 0.24167500 0.25000000
v -0.08318543 0.24250001 0.24800000
v -0.08318543 0.24250001 0.25000000
v -0.08340649 0.24332500 0.24800000
v -0.08340649 0.24332500 0.25000000
v -0.08401043 0.24392894 0.24800000
v -0.08401043 0.24392894 0.25000000
v -0.08483543 0.24415000 0.24800000
v -0.08483543 0.24415000 0.25000000
v -0.08566044 0.24392894 0.24800000
v -0.08566044 0.24392894 0.25000000
v -0.08626436 0.24332500 0.24800000
v -0.08626436 0.24332500 0.25000000
v -0.08648542 0.24250001 0.24800000
v -0.08648542 0.24250001 0.25000000
v -0.08626436 0.24167500 0.24800000
v -0.08626436 0.24167500 0.25000000
v -0.08566044 0.24107106 0.24800000
v -0.08566044 0.24107106 0.25000000
v -0.55283540 0.24085000 0.24800000
v -0.55283540 0.24085000 0.25000000
v -0.55201042 0.24107106 0.24800000
v -0.55201042 0.24107106 0.25000000
v -0.55140650 0.24167500 0.24800000
v -0.55140650 0.24167500 0.25000000
v -0.55118543 0.24250001 0.24800000
v -0.55118543 0.24250001 0.25000000
v -0.55140650 0.24332500 0.24800000
v -0.55140650 0.24332500 0.25000000
v -0.55201042 0.24392894 0.24800000
v -0.55201042 0.24392894 0.25000000
v -0.55283540 0.24415000 0.24800000
v -0.55283540 0.24415000 0.25000000
v -0.55366045 0.24392894 0.24800000
v -0.55366045 0.24392894 0.25000000
v -0.55426437 0.24332500 0.24800000
v -0.55426437 0.24332500 0.25000000
v -0.55448544 0.24250001 0.24800000
v -0.55448544 0.24250001 0.25000000
v -0.55426437 0.24167500 0.24800000
v -0.55426437 0.24167500 0.25000000
v -0.55366045 0.24107106 0.24800000
v -0.55366045 0.24107106 0.25000000
v -0.56166041 0.37917158 0.24800000
v -0.56883544 0.37917158 0.24800000
v -0.56883544 0.39800000 0.22917157
v -0.06883543 0.39800000 0.22917157
v -0.06883543 0.37917158 0.24800000
v -0.09083543 0.37917158 0.24800000
v -0.09601042 0.37917158 0.24800000
v -0.31883544 0.37917158 0.24800000
v -0.54683542 0.37917158 0.24800000
v -0.56883544 0.37917158 0.00200000
v -0.49931413 0.37917158 0.00200000
v -0.56883544 0.39800000 0.02082843
v -0.45778307 0.37917158 0.00200000
v -0.43432772 0.37917158 0.00200000
v -0.24441440 0.37917158 0.00200000
v -0.06883543 0.39800000 0.02082843
v -0.33470201 0.37917158 0.00200000
v -0.38740340 0.37917158 0.00200000
v -0.20070961 0.37917158 0.00200000
v -0.16058278 0.37917158 0.00200000
v -0.14558278 0.37917158 0.00200000
v -0.13248390 0.37917158 0.00200000
v -0.11631801 0.37917158 0.00200000
v -0.06883543 0.37917158 0.00200000
v -0.09083543 -0.37917158 0.24800000
v -0.06883543 -0.37917158 0.24800000
v -0.06883543 -0.39800000 0.22917157
v -0.56883544 -0.39800000 0.22917157
v -0.56883544 -0.37917158 0.24800000
v -0.56166041 -0.37917158 0.24800000
v -0.54683542 -0.37917158 0.24800000
v -0.31883544 -0.37917158 0.24800000
v -0.09601042 -0.37917158 0.24800000
v -0.13248390 -0.37917158 0.00200000
v -0.06883543 -0.39800000 0.02082843
v -0.11631801 -0.37917158 0.00200000
v -0.06883543 -0.37917158 0.00200000
v -0.14558278 -0.37917158 0.00200000
v -0.16058278 -0.37917158 0.00200000
v -0.20070961 -0.37917158 0.00200000
v -0.24441440 -0.37917158 0.00200000
v -0.33470201 -0.37917158 0.00200000
v -0.56883544 -0.39800000 0.02082843
v -0.38740340 -0.37917158 0.00200000
v -0.43432772 -0.37917158 0.00200000
v -0.45778307 -0.37917158 0.00200000
v -0.49931413 -0.37917158 0.00200000
v -0.56883544 -0.37917158 0.00200000
v -0.49931413 -0.28757930 0.00200000
v -0.45778307 -0.28757930 0.00200000
v -0.24441440 -0.00485497 0.00200000
v -0.33470201 -0.28757930 0.00200000
v -0.24441440 -0.28757930 0.00200000
v -0.24441440 -0.26588759 0.00200000
v -0.20070961 -0.26588759 0.00200000
v -0.20070961 -0.22784795 0.00200000
v -0.16058278 -0.22784795 0.00200000
v -0.16058278 -0.13534795 0.00200000
v -0.16058278 -0.26588759 0.00200000
v -0.14558278 -0.26588759 0.00200000
v -0.14558278 -0.22784795 0.00200000
v -0.11631801 -0.22784795 0.00200000
v -0.11631801 -0.13534795 0.00200000
v -0.06883543 -0.13534795 0.00200000
v -0.06883543 -0.22784795 0.00200000
v -0.11631801 0.16165406 0.00200000
v -0.11631801 0.22974095 0.00200000
v -0.06883543 0.22974095 0.00200000
v -0.06883543 0.16165406 0.00200000
v -0.06883543 0.27364728 0.00200000
v -0.11631801 0.27364728 0.00200000
v -0.06883543 -0.26588759 0.00200000
v -0.11631801 -0.26588759 0.00200000
v -0.13248390 -0.26588759 0.00200000
v -0.13248390 -0.22784795 0.00200000
v -0.13248390 -0.13534795 0.00200000
v -0.13248390 0.27364728 0.00200000
v -0.13248390 0.22974095 0.00200000
v -0.14558278 -0.05369389 0.00200000
v -0.14558278 -0.13534795 0.00200000
v -0.13248390 -0.05369389 0.00200000
v -0.11631801 -0.05369389 0.00200000
v -0.06883543 -0.05369389 0.00200000
v -0.06883543 -0.00485497 0.00200000
v -0.06883543 0.13114503 0.00200000
v -0.11631801 -0.00485497 0.00200000
v -0.11631801 0.13114503 0.00200000
v -0.13248390 -0.00485497 0.00200000
v -0.13248390 0.13114503 0.00200000
v -0.14558278 -0.00485497 0.00200000
v -0.14558278 0.13114503 0.00200000
v -0.16058278 -0.00485497 0.00200000
v -0.16058278 -0.05369389 0.00200000
v -0.20070961 -0.05369389 0.00200000
v -0.16058278 0.13114503 0.00200000
v -0.16058278 0.16165406 0.00200000
v -0.14558278 0.16165406 0.00200000
v -0.13248390 0.16165406 0.00200000
v -0.20070961 -0.13534795 0.00200000
v -0.20070961 -0.28757930 0.00200000
v -0.16058278 -0.28757930 0.00200000
v -0.14558278 -0.28757930 0.00200000
v -0.13248390 -0.28757930 0.00200000
v -0.11631801 -0.28757930 0.00200000
v -0.06883543 -0.28757930 0.00200000
v -0.20070961 -0.00485497 0.00200000
v -0.24441440 -0.05369389 0.00200000
v -0.24441440 0.13114503 0.00200000
v -0.20070961 0.13114503 0.00200000
v -0.20070961 0.16165406 0.00200000
v -0.24441440 0.16165406 0.00200000
v -0.14558278 0.22974095 0.00200000
v -0.16058278 0.22974095 0.00200000
v -0.20070961 0.22974095 0.00200000
v -0.24441440 0.22974095 0.00200000
v -0.33470201 -0.13534795 0.00200000
v -0.33470201 -0.05369389 0.00200000
v -0.33470201 -0.00485497 0.00200000
v -0.33470201 0.13114503 0.00200000
v -0.33470201 0.16165406 0.00200000
v -0.33470201 0.22974095 0.00200000
v -0.33470201 0.27364728 0.00200000
v -0.24441440 0.27364728 0.00200000
v -0.20070961 0.27364728 0.00200000
v -0.16058278 0.27364728 0.00200000
v -0.14558278 0.27364728 0.00200000
v -0.06883543 0.32986709 0.00200000
v -0.11631801 0.32986709 0.00200000
v -0.13248390 0.32986709 0.00200000
v -0.14558278 0.32986709 0.00200000
v -0.16058278 0.32986709 0.00200000
v -0.20070961 0.32986709 0.00200000
v -0.24441440 0.32986709 0.00200000
v -0.33470201 0.32986709 0.00200000
v -0.38740340 -0.28757930 0.00200000
v -0.33470201 -0.26588759 0.00200000
v -0.24441440 -0.22784795 0.00200000
v -0.38740340 -0.22784795 0.00200000
v -0.38740340 -0.13534795 0.00200000
v -0.38740340 -0.05369389 0.00200000
v -0.38740340 -0.00485497 0.00200000
v -0.38740340 0.13114503 0.00200000
v -0.38740340 0.16165406 0.00200000
v -0.38740340 0.22974095 0.00200000
v -0.38740340 0.27364728 0.00200000
v -0.38740340 0.32986709 0.00200000
v -0.43432772 -0.26588759 0.00200000
v -0.43432772 -0.22784795 0.00200000
v -0.43432772 -0.13534795 0.00200000
v -0.43432772 -0.05369389 0.00200000
v -0.43432772 -0.00485497 0.00200000
v -0.43432772 0.13114503 0.00200000
v -0.43432772 0.16165406 0.00200000
v -0.43432772 0.22974095 0.00200000
v -0.43432772 0.27364728 0.00200000
v -0.43432772 0.32986709 0.00200000
v -0.43432772 -0.28757930 0.00200000
v -0.38740340 -0.26588759 0.00200000
v -0.33470201 -0.22784795 0.00200000
v -0.24441440 -0.13534795 0.00200000
v -0.45778307 -0.26588759 0.00200000
v -0.45778307 -0.22784795 0.00200000
v -0.45778307 -0.13534795 0.00200000
v -0.45778307 -0.05369389 0.00200000
v -0.45778307 -0.00485497 0.00200000
v -0.45778307 0.13114503 0.00200000
v -0.45778307 0.16165406 0.00200000
v -0.45778307 0.22974095 0.00200000
v -0.45778307 0.27364728 0.00200000
v -0.45778307 0.32986709 0.00200000
v -0.49931413 -0.26588759 0.00200000
v -0.49931413 -0.22784795 0.00200000
v -0.49931413 -0.13534795 0.00200000
v -0.49931413 -0.05369389 0.00200000
v -0.49931413 -0.00485497 0.00200000
v -0.49931413 0.13114503 0.00200000
v -0.49931413 0.16165406 0.00200000
v -0.49931413 0.22974095 0.00200000
v -0.49931413 0.27364728 0.00200000
v -0.49931413 0.32986709 0.00200000
v -0.56883544 -0.28757930 0.00200000
v -0.56883544 -0.26588759 0.00200000
v -0.56883544 -0.22784795 0.00200000
v -0.56883544 -0.13534795 0.00200000
v -0.56883544 -0.05369389 0.00200000
v -0.56883544 -0.00485497 0.00200000
v -0.56883544 0.13114503 0.00200000
v -0.56883544 0.16165406 0.00200000
v -0.56883544 0.22974095 0.00200000
v -0.56883544 0.27364728 0.00200000
v -0.56883544 0.32986709 0.00200000
v -0.56883544 0.15312500 0.24800000
v -0.56883544 0.33149999 0.24800000
v -0.56166041 0.29624999 0.24800000
v -0.56883544 -0.15312500 0.24800000
v -0.56883544 0.00000000 0.24800000
v -0.56166041 0.00000000 0.24800000
v -0.54683542 -0.35082501 0.24800000
v -0.31883544 -0.35082501 0.24800000
v -0.12683544 -0.34999999 0.24800000
v -0.11183543 -0.34598076 0.24800000
v -0.10085467 -0.33500001 0.24800000
v -0.09683543 -0.31999999 0.24800000
v -0.09601042 -0.29624999 0.24800000
v -0.09083543 -0.35082501 0.24800000
v -0.12683544 0.34999999 0.24800000
v -0.31883544 0.34999999 0.24800000
v -0.31883544 0.35082501 0.24800000
v -0.09683543 0.00000000 0.24800000
v -0.09683543 0.29624999 0.24800000
v -0.09601042 0.29624999 0.24800000
v -0.09683543 0.31999999 0.24800000
v -0.10085467 0.33500001 0.24800000
v -0.11183543 0.34598076 0.24800000
v -0.09083543 0.35082501 0.24800000
v -0.09083543 0.29624999 0.24800000
v -0.54683542 0.35082501 0.24800000
v -0.53681618 0.33500001 0.24800000
v -0.52583545 0.34598076 0.24800000
v -0.51083541 0.34999999 0.24800000
v -0.31883544 -0.34999999 0.24800000
v -0.51083541 -0.34999999 0.24800000
v -0.53681618 -0.33500001 0.24800000
v -0.54083544 -0.31999999 0.24800000
v -0.54683542 -0.29624999 0.24800000
v -0.52583545 -0.34598076 0.24800000
v -0.09683543 -0.29624999 0.24800000
v -0.09601042 0.00000000 0.24800000
v -0.54083544 0.31999999 0.24800000
v -0.54683542 0.29624999 0.24800000
v -0.54083544 0.29624999 0.24800000
v -0.54683542 0.00000000 0.24800000
v -0.54083544 0.00000000 0.24800000
v -0.54083544 -0.29624999 0.24800000
v -0.56166041 -0.35082501 0.24800000
v -0.56883544 -0.35082501 0.24800000
v -0.56166041 -0.29624999 0.24800000
v -0.56166041 0.35082501 0.24800000
v -0.09083543 0.00000000 0.24800000
v -0.09083543 -0.29624999 0.24800000
v -0.06883543 -0.35082501 0.24800000
v -0.06883543 -0.29624999 0.24800000
v -0.06883543 0.00000000 0.24800000
v -0.06883543 0.29624999 0.24800000
v -0.06883543 0.35082501 0.24800000
v -0.56883544 0.15312500 0.06085271
v -0.56883544 0.15312500 0.12460271
v -0.56883544 0.00000000 0.12460271
v -0.56883544 -0.15312500 0.02960271
v -0.56883544 0.33149999 0.12460271
v -0.56883544 -0.39800000 0.02960271
v -0.56883544 -0.39800000 0.12460271
v -0.56883544 0.33149999 0.02960271
v -0.56883544 0.15312500 0.02960271
v -0.56883544 0.33149999 0.06085271
v -0.56883544 -0.39800000 0.06085271
v -0.56883544 -0.15312500 0.06085271
v -0.56883544 -0.15312500 0.12460271
v -0.56883544 0.39800000 0.02960271
v -0.56883544 0.39800000 0.06085271
v -0.56883544 0.39800000 0.12460271
v -0.56883544 0.00000000 0.06085271
v -0.56883544 0.00000000 0.02960271
v -0.29471788 0.40000001 0.23000000
v -0.31883544 0.40000001 0.23000000
v -0.31883544 0.38000000 0.25000000
v -0.06683543 0.38000000 0.25000000
v -0.06683543 0.40000001 0.23000000
v -0.09083543 0.38000000 0.25000000
v -0.09601042 0.38000000 0.25000000
v -0.57083541 0.38000000 0.25000000
v -0.56266046 0.38000000 0.25000000
v -0.57083541 0.40000001 0.23000000
v -0.54683542 0.38000000 0.25000000
v -0.35900694 0.40000001 0.23000000
v -0.34295300 0.40000001 0.23000000
v -0.27866390 0.40000001 0.23000000
v -0.38740340 0.38000000 0.00000000
v -0.35900694 0.40000001 0.02000000
v -0.33470201 0.38000000 0.00000000
v -0.34295300 0.40000001 0.02000000
v -0.43432772 0.38000000 0.00000000
v -0.45778307 0.38000000 0.00000000
v -0.57083541 0.40000001 0.02000000
v -0.49931413 0.38000000 0.00000000
v -0.57083541 0.38000000 0.00000000
v -0.31883544 0.40000001 0.02000000
v -0.29471788 0.40000001 0.02000000
v -0.24441440 0.38000000 0.00000000
v -0.27866390 0.40000001 0.02000000
v -0.06683543 0.38000000 0.00000000
v -0.11631801 0.38000000 0.00000000
v -0.06683543 0.40000001 0.02000000
v -0.13248390 0.38000000 0.00000000
v -0.14558278 0.38000000 0.00000000
v -0.16058278 0.38000000 0.00000000
v -0.20070961 0.38000000 0.00000000
v -0.31883544 -0.38000000 0.25000000
v -0.54683542 -0.38000000 0.25000000
v -0.57083541 -0.40000001 0.23000000
v -0.56266046 -0.38000000 0.25000000
v -0.57083541 -0.38000000 0.25000000
v -0.35900694 -0.40000001 0.23000000
v -0.34295300 -0.40000001 0.23000000
v -0.31883544 -0.40000001 0.23000000
v -0.29471788 -0.40000001 0.23000000
v -0.27866390 -0.40000001 0.23000000
v -0.09601042 -0.38000000 0.25000000
v -0.06683543 -0.40000001 0.23000000
v -0.09083543 -0.38000000 0.25000000
v -0.06683543 -0.38000000 0.25000000
v -0.57083541 -0.38000000 0.00000000
v -0.49931413 -0.38000000 0.00000000
v -0.57083541 -0.40000001 0.02000000
v -0.45778307 -0.38000000 0.00000000
v -0.35900694 -0.40000001 0.02000000
v -0.24441440 -0.38000000 0.00000000
v -0.27866390 -0.40000001 0.02000000
v -0.33470201 -0.38000000 0.00000000
v -0.29471788 -0.40000001 0.02000000
v -0.43432772 -0.38000000 0.00000000
v -0.38740340 -0.38000000 0.00000000
v -0.34295300 -0.40000001 0.02000000
v -0.31883544 -0.40000001 0.02000000
v -0.20070961 -0.38000000 0.00000000
v -0.16058278 -0.38000000 0.00000000
v -0.06683543 -0.40000001 0.02000000
v -0.14558278 -0.38000000 0.00000000
v -0.13248390 -0.38000000 0.00000000
v -0.11631801 -0.38000000 0.00000000
v -0.06683543 -0.38000000 0.00000000
v -0.14558278 -0.22784795 0.00000000
v -0.14558278 -0.00485497 0.00000000
v -0.16058278 -0.13534795 0.00000000
v -0.16058278 -0.05369389 0.00000000
v -0.14558278 -0.05369389 0.00000000
v -0.16058278 -0.22784795 0.00000000
v -0.20070961 -0.28757930 0.00000000
v -0.20070961 -0.26588759 0.00000000
v -0.16058278 -0.26588759 0.00000000
v -0.57083541 0.33250001 0.00000000
v -0.49931413 0.33028132 0.00000000
v -0.57083541 0.22974095 0.00000000
v -0.57083541 0.27364728 0.00000000
v -0.49931413 0.27364728 0.00000000
v -0.57083541 0.15312500 0.00000000
v -0.57083541 0.16165406 0.00000000
v -0.49931413 0.16165406 0.00000000
v -0.57083541 -0.13534795 0.00000000
v -0.57083541 -0.05369389 0.00000000
v -0.49931413 -0.05369389 0.00000000
v -0.57083541 -0.28757930 0.00000000
v -0.57083541 -0.26588759 0.00000000
v -0.49931413 -0.26588759 0.00000000
v -0.49931413 -0.28757930 0.00000000
v -0.49931413 -0.22784795 0.00000000
v -0.57083541 -0.22784795 0.00000000
v -0.57083541 -0.15312500 0.00000000
v -0.57083541 -0.00485497 0.00000000
v -0.49931413 -0.00485497 0.00000000
v -0.57083541 0.00000000 0.00000000
v -0.57083541 0.33028132 0.00000000
v -0.45778307 0.33028132 0.00000000
v -0.45778307 0.27364728 0.00000000
v -0.45778307 -0.28757930 0.00000000
v -0.43432772 -0.28757930 0.00000000
v -0.43432772 -0.26588759 0.00000000
v -0.45778307 -0.26588759 0.00000000
v -0.38740340 -0.28757930 0.00000000
v -0.33470201 -0.26588759 0.00000000
v -0.38740340 -0.26588759 0.00000000
v -0.33470201 0.13114503 0.00000000
v -0.38740340 -0.00485497 0.00000000
v -0.38740340 0.13114503 0.00000000
v -0.43432772 -0.00485497 0.00000000
v -0.43432772 0.13114503 0.00000000
v -0.45778307 -0.00485497 0.00000000
v -0.45778307 0.13114503 0.00000000
v -0.49931413 0.13114503 0.00000000
v -0.43432772 0.33028132 0.00000000
v -0.43432772 0.27364728 0.00000000
v -0.38740340 0.27364728 0.00000000
v -0.38740340 0.33028132 0.00000000
v -0.33470201 -0.28757930 0.00000000
v -0.24441440 -0.22784795 0.00000000
v -0.33470201 -0.22784795 0.00000000
v -0.38740340 -0.22784795 0.00000000
v -0.43432772 -0.22784795 0.00000000
v -0.45778307 -0.22784795 0.00000000
v -0.33470201 0.33028132 0.00000000
v -0.33470201 0.27364728 0.00000000
v -0.24441440 -0.28757930 0.00000000
v -0.24441440 -0.26588759 0.00000000
v -0.20070961 -0.13534795 0.00000000
v -0.24441440 -0.13534795 0.00000000
v -0.33470201 -0.13534795 0.00000000
v -0.38740340 -0.13534795 0.00000000
v -0.43432772 -0.13534795 0.00000000
v -0.45778307 -0.13534795 0.00000000
v -0.49931413 -0.13534795 0.00000000
v -0.33470201 -0.00485497 0.00000000
v -0.24441440 0.13114503 0.00000000
v -0.24441440 -0.00485497 0.00000000
v -0.24441440 0.27364728 0.00000000
v -0.33470201 0.22974095 0.00000000
v -0.24441440 0.22974095 0.00000000
v -0.49931413 0.22974095 0.00000000
v -0.45778307 0.22974095 0.00000000
v -0.43432772 0.22974095 0.00000000
v -0.38740340 0.22974095 0.00000000
v -0.20070961 -0.22784795 0.00000000
v -0.16058278 -0.28757930 0.00000000
v -0.20070961 -0.05369389 0.00000000
v -0.45778307 -0.05369389 0.00000000
v -0.43432772 -0.05369389 0.00000000
v -0.38740340 -0.05369389 0.00000000
v -0.33470201 -0.05369389 0.00000000
v -0.24441440 -0.05369389 0.00000000
v -0.14558278 0.13114503 0.00000000
v -0.16058278 -0.00485497 0.00000000
v -0.16058278 0.13114503 0.00000000
v -0.20070961 -0.00485497 0.00000000
v -0.20070961 0.13114503 0.00000000
v -0.45778307 0.16165406 0.00000000
v -0.43432772 0.16165406 0.00000000
v -0.38740340 0.16165406 0.00000000
v -0.33470201 0.16165406 0.00000000
v -0.24441440 0.16165406 0.00000000
v -0.20070961 0.16165406 0.00000000
v -0.16058278 0.16165406 0.00000000
v -0.14558278 -0.28757930 0.00000000
v -0.14558278 -0.26588759 0.00000000
v -0.14558278 0.16165406 0.00000000
v -0.13248390 0.22974095 0.00000000
v -0.14558278 0.22974095 0.00000000
v -0.16058278 0.22974095 0.00000000
v -0.20070961 0.22974095 0.00000000
v -0.13248390 -0.26588759 0.00000000
v -0.13248390 -0.28757930 0.00000000
v -0.13248390 -0.22784795 0.00000000
v -0.13248390 -0.13534795 0.00000000
v -0.11631801 -0.13534795 0.00000000
v -0.13248390 -0.05369389 0.00000000
v -0.14558278 -0.13534795 0.00000000
v -0.13248390 -0.00485497 0.00000000
v -0.13248390 0.13114503 0.00000000
v -0.11631801 -0.28757930 0.00000000
v -0.11631801 -0.26588759 0.00000000
v -0.11631801 -0.22784795 0.00000000
v -0.11631801 -0.05369389 0.00000000
v -0.11631801 -0.00485497 0.00000000
v -0.11631801 0.13114503 0.00000000
v -0.11631801 0.16165406 0.00000000
v -0.13248390 0.27364728 0.00000000
v -0.11631801 0.27364728 0.00000000
v -0.20070961 0.27364728 0.00000000
v -0.16058278 0.27364728 0.00000000
v -0.14558278 0.27364728 0.00000000
v -0.13248390 0.16165406 0.00000000
v -0.11631801 0.22974095 0.00000000
v -0.06683543 -0.22784795 0.00000000
v -0.06683543 -0.26588759 0.00000000
v -0.06683543 -0.28757930 0.00000000
v -0.06683543 -0.13534795 0.00000000
v -0.06683543 0.16165406 0.00000000
v -0.06683543 0.13114503 0.00000000
v -0.06683543 -0.00485497 0.00000000
v -0.06683543 -0.05369389 0.00000000
v -0.06683543 0.22974095 0.00000000
v -0.06683543 0.27364728 0.00000000
v -0.24441440 0.33028132 0.00000000
v -0.20070961 0.33028132 0.00000000
v -0.16058278 0.33028132 0.00000000
v -0.14558278 0.33028132 0.00000000
v -0.13248390 0.33028132 0.00000000
v -0.11631801 0.33028132 0.00000000
v -0.06683543 0.33028132 0.00000000
v -0.54683542 0.00000000 0.25000000
v -0.06683543 -0.35082501 0.25000000
v -0.54683542 -0.35082501 0.25000000
v -0.09601042 0.29624999 0.25000000
v -0.09083543 -0.35082501 0.25000000
v -0.09083543 -0.29624999 0.25000000
v -0.12683544 -0.34999999 0.25000000
v -0.31883544 -0.34999999 0.25000000
v -0.31883544 -0.35082501 0.25000000
v -0.10085467 -0.33500001 0.25000000
v -0.11183543 -0.34598076 0.25000000
v -0.12683544 0.34999999 0.25000000
v -0.11183543 0.34598076 0.25000000
v -0.10085467 0.33500001 0.25000000
v -0.09083543 0.29624999 0.25000000
v -0.09083543 0.35082501 0.25000000
v -0.31883544 0.35082501 0.25000000
v -0.31883544 0.34999999 0.25000000
v -0.51083541 0.34999999 0.25000000
v -0.54683542 0.35082501 0.25000000
v -0.53681618 0.33500001 0.25000000
v -0.52583545 0.34598076 0.25000000
v -0.54083544 -0.29624999 0.25000000
v -0.54683542 -0.29624999 0.25000000
v -0.51083541 -0.34999999 0.25000000
v -0.53681618 -0.33500001 0.25000000
v -0.52583545 -0.34598076 0.25000000
v -0.54683542 0.29624999 0.25000000
v -0.54083544 0.29624999 0.25000000
v -0.54083544 0.00000000 0.25000000
v -0.09683543 0.29624999 0.25000000
v -0.09683543 0.00000000 0.25000000
v -0.09601042 0.00000000 0.25000000
v -0.09683543 -0.29624999 0.25000000
v -0.09601042 -0.29624999 0.25000000
v -0.06683543 -0.29624999 0.25000000
v -0.06683543 0.29624999 0.25000000
v -0.06683543 0.35082501 0.25000000
v -0.56266046 -0.35082501 0.25000000
v -0.56266046 -0.29624999 0.25000000
v -0.56266046 0.00000000 0.25000000
v -0.56266046 0.29624999 0.25000000
v -0.56266046 0.35082501 0.25000000
v -0.57083541 -0.35082501 0.25000000
v -0.57083541 -0.29624999 0.25000000
v -0.57083541 0.29624999 0.25000000
v -0.57083541 0.35082501 0.25000000
v -0.57083541 0.00000000 0.02960271
v -0.57083541 -0.15312500 0.06085271
v -0.57083541 -0.15312500 0.12460271
v -0.57083541 0.33250001 0.12460271
v -0.57083541 0.40000001 0.16517152
v -0.57083541 0.40000001 0.14911756
v -0.57083541 -0.40000001 0.16517152
v -0.57083541 -0.40000001 0.14911756
v -0.57083541 0.15312500 0.02960271
v -0.57083541 0.33250001 0.02960271
v -0.57083541 0.33250001 0.06085271
v -0.57083541 0.15312500 0.06085271
v -0.57083541 0.15312500 0.12460271
v -0.57083541 -0.40000001 0.12500000
v -0.57083541 -0.40000001 0.12460271
v -0.57083541 -0.40000001 0.10088244
v -0.57083541 -0.40000001 0.06085271
v -0.57083541 -0.40000001 0.02960271
v -0.57083541 -0.15312500 0.02960271
v -0.57083541 0.00000000 0.06085271
v -0.57083541 0.00000000 0.12460271
v -0.57083541 0.40000001 0.12500000
v -0.57083541 0.40000001 0.10088244
v -0.57083541 0.40000001 0.08482849
v -0.27866390 0.40000001 0.16517152
v -0.27866390 0.40000001 0.10088244
v -0.06683543 0.40000001 0.10088244
v -0.06683543 0.40000001 0.08482849
v -0.31883544 0.40000001 0.12500000
v -0.27866390 0.40000001 0.14911756
v -0.29471788 0.40000001 0.16517152
v -0.34295300 0.40000001 0.12500000
v -0.29471788 0.40000001 0.08482849
v -0.27866390 0.40000001 0.12500000
v -0.27866390 0.40000001 0.12250000
v -0.31883544 0.40000001 0.08482849
v -0.31883544 0.40000001 0.10088244
v -0.31633544 0.40000001 0.08482849
v -0.35900694 0.40000001 0.12500000
v -0.29471788 0.40000001 0.12500000
v -0.31883544 0.40000001 0.16517152
v -0.35900694 0.40000001 0.12750000
v -0.35900694 0.40000001 0.14911756
v -0.35900694 0.40000001 0.16517152
v -0.34295300 0.40000001 0.16517152
v -0.31883544 0.40000001 0.14911756
v -0.32133543 0.40000001 0.16517152
v -0.32133543 0.40000001 0.08482849
v -0.35900694 0.40000001 0.08482849
v -0.34295300 0.40000001 0.08482849
v -0.35900694 0.40000001 0.12250000
v -0.35900694 0.40000001 0.10088244
v -0.27866390 0.40000001 0.12750000
v -0.06683543 0.40000001 0.14911756
v -0.06683543 0.40000001 0.12500000
v -0.06683543 0.40000001 0.16517152
v -0.27866390 0.40000001 0.08482849
v -0.31633544 0.40000001 0.16517152
v -0.06683543 -0.40000001 0.16517152
v -0.06683543 -0.40000001 0.14911756
v -0.06683543 -0.40000001 0.12500000
v -0.06683543 -0.40000001 0.08482848
v -0.06683543 -0.40000001 0.10088244
v -0.35900694 -0.40000001 0.08482848
v -0.29471788 -0.40000001 0.08482848
v -0.34295300 -0.40000001 0.08482848
v -0.27866390 -0.40000001 0.14911756
v -0.27866390 -0.40000001 0.16517152
v -0.31883544 -0.40000001 0.10088244
v -0.31883544 -0.40000001 0.14911756
v -0.34295300 -0.40000001 0.12500000
v -0.35900694 -0.40000001 0.12500000
v -0.31883544 -0.40000001 0.12500000
v -0.31883544 -0.40000001 0.16517152
v -0.32133543 -0.40000001 0.16517152
v -0.29471788 -0.40000001 0.12500000
v -0.27866390 -0.40000001 0.12500000
v -0.31883544 -0.40000001 0.08482848
v -0.31633544 -0.40000001 0.08482848
v -0.35900694 -0.40000001 0.12250000
v -0.27866390 -0.40000001 0.12750000
v -0.31633544 -0.40000001 0.16517152
v -0.29471788 -0.40000001 0.16517152
v -0.27866390 -0.40000001 0.12250000
v -0.27866390 -0.40000001 0.10088244
v -0.34295300 -0.40000001 0.16517152
v -0.35900694 -0.40000001 0.16517152
v -0.35900694 -0.40000001 0.14911756
v -0.35900694 -0.40000001 0.12750000
v -0.35900694 -0.40000001 0.10088244
v -0.32133543 -0.40000001 0.08482848
v -0.27866390 -0.40000001 0.08482848
v -0.58683544 -0.12000000 0.01695543
v -0.58483541 -0.12000000 0.01695543
v -0.58483541 -0.11959808 0.01845543
v -0.58683544 -0.11959808 0.01845543
v -0.58483541 -0.11850000 0.01955351
v -0.58683544 -0.11850000 0.01955351
v -0.58483541 -0.11700000 0.01995543
v -0.58683544 -0.11700000 0.01995543
v -0.58683544 0.11700000 0.01995543
v -0.58483541 0.11700000 0.01995543
v -0.58483541 0.11850000 0.01955351
v -0.58683544 0.11850000 0.01955351
v -0.58483541 0.11959808 0.01845543
v -0.58683544 0.11959808 0.01845543
v -0.58483541 0.12000000 0.01695543
v -0.58683544 0.12000000 0.01695543
v -0.58683544 0.12000000 0.20895544
v -0.58483541 0.12000000 0.20895544
v -0.58483541 0.11959808 0.20745543
v -0.58683544 0.11959808 0.20745543
v -0.58483541 0.11850000 0.20635736
v -0.58683544 0.11850000 0.20635736
v -0.58483541 0.11700000 0.20595543
v -0.58683544 0.11700000 0.20595543
v -0.58683544 -0.11700000 0.20595543
v -0.58483541 -0.11700000 0.20595543
v -0.58483541 -0.11850000 0.20635736
v -0.58683544 -0.11850000 0.20635736
v -0.58483541 -0.11959808 0.20745543
v -0.58683544 -0.11959808 0.20745543
v -0.58483541 -0.12000000 0.20895544
v -0.58683544 -0.12000000 0.20895544
v -0.57117546 0.09852776 0.18130542
v -0.57283545 0.09709015 0.18213543
v -0.57117546 0.09915000 0.18192767
v -0.57283545 0.09832000 0.18336527
v -0.57117546 0.10000000 0.18215543
v -0.57283545 0.10000000 0.18381543
v -0.57117546 0.10085000 0.18192767
v -0.57283545 0.10168000 0.18336527
v -0.57117546 0.10147224 0.18130542
v -0.57283545 0.10290985 0.18213543
v -0.57117546 0.10170000 0.18045543
v -0.57283545 0.10336000 0.18045543
v -0.57117546 0.10147224 0.17960542
v -0.57283545 0.10290985 0.17877543
v -0.57117546 0.10085000 0.17898318
v -0.57283545 0.10168000 0.17754558
v -0.57117546 0.10000000 0.17875543
v -0.57283545 0.10000000 0.17709543
v -0.57117546 0.09915000 0.17898318
v -0.57283545 0.09832000 0.17754558
v -0.57117546 0.09852776 0.17960542
v -0.57283545 0.09709015 0.17877543
v -0.57117546 0.09830000 0.18045543
v -0.57283545 0.09664000 0.18045543
v -0.57083541 0.09830000 0.18045543
v -0.57083541 0.09852776 0.18130542
v -0.57083541 0.09915000 0.18192767
v -0.57083541 0.10000000 0.18215543
v -0.57083541 0.10085000 0.18192767
v -0.57083541 0.10147224 0.18130542
v -0.57083541 0.10170000 0.18045543
v -0.57083541 0.10147224 0.17960542
v -0.57083541 0.10085000 0.17898318
v -0.57083541 0.10000000 0.17875543
v -0.57083541 0.09915000 0.17898318
v -0.57083541 0.09852776 0.17960542
v -0.57117546 -0.10147224 0.18130542
v -0.57283545 -0.10290985 0.18213543
v -0.57117546 -0.10085000 0.18192767
v -0.57283545 -0.10168000 0.18336527
v -0.57117546 -0.10000000 0.18215543
v -0.57283545 -0.10000000 0.18381543
v -0.57117546 -0.09915000 0.18192767
v -0.57283545 -0.09832000 0.18336527
v -0.57117546 -0.09852776 0.18130542
v -0.57283545 -0.09709015 0.18213543
v -0.57117546 -0.09830000 0.18045543
v -0.57283545 -0.09664000 0.18045543
v -0.57117546 -0.09852776 0.17960542
v -0.57283545 -0.09709015 0.17877543
v -0.57117546 -0.09915000 0.17898318
v -0.57283545 -0.09832000 0.17754558
v -0.57117546 -0.10000000 0.17875543
v -0.57283545 -0.10000000 0.17709543
v -0.57117546 -0.10085000 0.17898318
v -0.57283545 -0.10168000 0.17754558
v -0.57117546 -0.10147224 0.17960542
v -0.57283545 -0.10290985 0.17877543
v -0.57117546 -0.10170000 0.18045543
v -0.57283545 -0.10336000 0.18045543
v -0.57083541 -0.10170000 0.18045543
v -0.57083541 -0.10147224 0.18130542
v -0.57083541 -0.10085000 0.18192767
v -0.57083541 -0.10000000 0.18215543
v -0.57083541 -0.09915000 0.18192767
v -0.57083541 -0.09852776 0.18130542
v -0.57083541 -0.09830000 0.18045543
v -0.57083541 -0.09852776 0.17960542
v -0.57083541 -0.09915000 0.17898318
v -0.57083541 -0.10000000 0.17875543
v -0.57083541 -0.10085000 0.17898318
v -0.57083541 -0.10147224 0.17960542
v -0.57117546 -0.10147224 0.05130543
v -0.57283545 -0.10290985 0.05213543
v -0.57117546 -0.10085000 0.05192767
v -0.57283545 -0.10168000 0.05336528
v -0.57117546 -0.10000000 0.05215543
v -0.57283545 -0.10000000 0.05381543
v -0.57117546 -0.09915000 0.05192767
v -0.57283545 -0.09832000 0.05336528
v -0.57117546 -0.09852776 0.05130543
v -0.57283545 -0.09709015 0.05213543
v -0.57117546 -0.09830000 0.05045543
v -0.57283545 -0.09664000 0.05045543
v -0.57117546 -0.09852776 0.04960543
v -0.57283545 -0.09709015 0.04877543
v -0.57117546 -0.09915000 0.04898319
v -0.57283545 -0.09832000 0.04754559
v -0.57117546 -0.10000000 0.04875543
v -0.57283545 -0.10000000 0.04709543
v -0.57117546 -0.10085000 0.04898319
v -0.57283545 -0.10168000 0.04754559
v -0.57117546 -0.10147224 0.04960543
v -0.57283545 -0.10290985 0.04877543
v -0.57117546 -0.10170000 0.05045543
v -0.57283545 -0.10336000 0.05045543
v -0.57083541 -0.10170000 0.05045543
v -0.57083541 -0.10147224 0.05130543
v -0.57083541 -0.10085000 0.05192767
v -0.57083541 -0.10000000 0.05215543
v -0.57083541 -0.09915000 0.05192767
v -0.57083541 -0.09852776 0.05130543
v -0.57083541 -0.09830000 0.05045543
v -0.57083541 -0.09852776 0.04960543
v -0.57083541 -0.09915000 0.04898319
v -0.57083541 -0.10000000 0.04875543
v -0.57083541 -0.10085000 0.04898319
v -0.57083541 -0.10147224 0.04960543
v -0.57117546 0.09852776 0.05130543
v -0.57283545 0.09709015 0.05213543
v -0.57117546 0.09915000 0.05192767
v -0.57283545 0.09832000 0.05336528
v -0.57117546 0.10000000 0.05215543
v -0.57283545 0.10000000 0.05381543
v -0.57117546 0.10085000 0.05192767
v -0.57283545 0.10168000 0.05336528
v -0.57117546 0.10147224 0.05130543
v -0.57283545 0.10290985 0.05213543
v -0.57117546 0.10170000 0.05045543
v -0.57283545 0.10336000 0.05045543
v -0.57117546 0.10147224 0.04960543
v -0.57283545 0.10290985 0.04877543
v -0.57117546 0.10085000 0.04898319
v -0.57283545 0.10168000 0.04754559
v -0.57117546 0.10000000 0.04875543
v -0.57283545 0.10000000 0.04709543
v -0.57117546 0.09915000 0.04898319
v -0.57283545 0.09832000 0.04754559
v -0.57117546 0.09852776 0.04960543
v -0.57283545 0.09709015 0.04877543
v -0.57117546 0.09830000 0.05045543
v -0.57283545 0.09664000 0.05045543
v -0.57083541 0.09830000 0.05045543
v -0.57083541 0.09852776 0.05130543
v -0.57083541 0.09915000 0.05192767
v -0.57083541 0.10000000 0.05215543
v -0.57083541 0.10085000 0.05192767
v -0.57083541 0.10147224 0.05130543
v -0.57083541 0.10170000 0.05045543
v -0.57083541 0.10147224 0.04960543
v -0.57083541 0.10085000 0.04898319
v -0.57083541 0.10000000 0.04875543
v -0.57083541 0.09915000 0.04898319
v -0.57083541 0.09852776 0.04960543
v -0.58683544 -0.12000000 0.01395543
v -0.58483541 -0.12000000 0.01395543
v -0.58683544 0.12000000 0.01395543
v -0.58483541 0.12000000 0.01395543
v -0.58283544 0.12000000 0.00995543
v -0.58283544 -0.12000000 0.00995543
v -0.58483541 -0.12000000 0.01049133
v -0.58483541 0.12000000 0.01049133
v -0.58629954 -0.12000000 0.01195543
v -0.58629954 0.12000000 0.01195543
v -0.58456749 0.12000000 0.01295543
v -0.58456749 -0.12000000 0.01295543
v -0.58383542 0.12000000 0.01222338
v -0.58383542 -0.12000000 0.01222338
v -0.58283544 0.12000000 0.01195543
v -0.58283544 -0.12000000 0.01195543
v -0.58683544 0.12000000 0.21695542
v -0.58483541 0.12000000 0.21695542
v -0.58683544 -0.12000000 0.21695542
v -0.58483541 -0.12000000 0.21695542
v -0.58283544 -0.12000000 0.22095543
v -0.58283544 0.12000000 0.22095543
v -0.58483541 0.12000000 0.22041953
v -0.58483541 -0.12000000 0.22041953
v -0.58629954 0.12000000 0.21895543
v -0.58629954 -0.12000000 0.21895543
v -0.58283544 -0.08000000 0.21895543
v -0.58283544 -0.12000000 0.21895543
v -0.58383542 -0.12000000 0.21868747
v -0.58283544 0.08000000 0.21895543
v -0.58283544 0.12000000 0.21895543
v -0.58383542 0.12000000 0.21868747
v -0.58456749 0.12000000 0.21795543
v -0.58456749 -0.12000000 0.21795543
v -0.57483542 -0.12000000 0.01195543
v -0.57483542 -0.12000000 0.00995543
v -0.57483542 0.12000000 0.00995543
v -0.57483542 0.12000000 0.01195543
v -0.57083541 0.12000000 0.01395543
v -0.57083541 -0.12000000 0.01395543
v -0.57137132 -0.12000000 0.01195543
v -0.57137132 0.12000000 0.01195543
v -0.57283545 -0.12000000 0.01049133
v -0.57283545 0.12000000 0.01049133
v -0.57383543 0.12000000 0.01222338
v -0.57383543 -0.12000000 0.01222338
v -0.57310337 0.12000000 0.01295543
v -0.57310337 -0.12000000 0.01295543
v -0.57283545 0.12000000 0.01395543
v -0.57283545 -0.12000000 0.01395543
v -0.58229953 0.08200000 0.21895543
v -0.58083540 0.08346410 0.21895543
v -0.57483542 0.08000000 0.21895543
v -0.57537133 0.08200000 0.21895543
v -0.57483542 0.12000000 0.21895543
v -0.57683545 0.08346410 0.21895543
v -0.57883543 0.08400000 0.21895543
v -0.57483542 0.12000000 0.22095543
v -0.58026439 0.08082500 0.22095543
v -0.58048540 0.08000000 0.22095543
v -0.58026439 0.07917500 0.22095543
v -0.57966042 0.08142895 0.22095543
v -0.57883543 0.08165000 0.22095543
v -0.58026439 -0.07917500 0.22095543
v -0.57966042 -0.07857106 0.22095543
v -0.57883543 0.07835000 0.22095543
v -0.57883543 -0.07835000 0.22095543
v -0.57801044 0.07857106 0.22095543
v -0.57966042 -0.08142895 0.22095543
v -0.58026439 -0.08082500 0.22095543
v -0.58048540 -0.08000000 0.22095543
v -0.57966042 0.07857106 0.22095543
v -0.57801044 0.08142895 0.22095543
v -0.57740647 0.08082500 0.22095543
v -0.57718545 0.08000000 0.22095543
v -0.57483542 -0.12000000 0.22095543
v -0.57718545 -0.08000000 0.22095543
v -0.57740647 -0.07917500 0.22095543
v -0.57801044 -0.07857106 0.22095543
v -0.57740647 0.07917500 0.22095543
v -0.57740647 -0.08082500 0.22095543
v -0.57801044 -0.08142895 0.22095543
v -0.57883543 -0.08165000 0.22095543
v -0.57483542 -0.12000000 0.21895543
v -0.57537133 -0.08200000 0.21895543
v -0.57483542 -0.08000000 0.21895543
v -0.58229953 -0.08200000 0.21895543
v -0.58083540 -0.08346410 0.21895543
v -0.57883543 -0.08400000 0.21895543
v -0.57683545 -0.08346410 0.21895543
v -0.57883543 -0.07600000 0.21895543
v -0.58083540 -0.07653590 0.21595544
v -0.58083540 -0.07653590 0.21895543
v -0.58229953 -0.07800000 0.21595544
v -0.58229953 -0.07800000 0.21895543
v -0.58283544 -0.08000000 0.21595544
v -0.58229953 -0.08200000 0.21595544
v -0.58083540 -0.08346410 0.21595544
v -0.57883543 -0.08400000 0.21595544
v -0.57683545 -0.08346410 0.21595544
v -0.57537133 -0.08200000 0.21595544
v -0.57483542 -0.08000000 0.21595544
v -0.57537133 -0.07800000 0.21595544
v -0.57537133 -0.07800000 0.21895543
v -0.57683545 -0.07653590 0.21595544
v -0.57683545 -0.07653590 0.21895543
v -0.57883543 -0.07600000 0.21595544
v -0.58229953 0.07800000 0.21895543
v -0.58083540 0.07653590 0.21895543
v -0.57537133 0.07800000 0.21895543
v -0.57883543 0.07600000 0.21895543
v -0.57683545 0.07653590 0.21895543
v -0.57883543 0.07835000 0.21595544
v -0.57966042 0.07857106 0.21595544
v -0.58026439 0.07917500 0.21595544
v -0.58048540 0.08000000 0.21595544
v -0.58026439 0.08082500 0.21595544
v -0.57966042 0.08142895 0.21595544
v -0.57883543 0.08165000 0.21595544
v -0.57801044 0.08142895 0.21595544
v -0.57740647 0.08082500 0.21595544
v -0.57718545 0.08000000 0.21595544
v -0.57740647 0.07917500 0.21595544
v -0.57801044 0.07857106 0.21595544
v -0.57883543 -0.08165000 0.21595544
v -0.57966042 -0.08142895 0.21595544
v -0.58026439 -0.08082500 0.21595544
v -0.58048540 -0.08000000 0.21595544
v -0.58026439 -0.07917500 0.21595544
v -0.57966042 -0.07857106 0.21595544
v -0.57883543 -0.07835000 0.21595544
v -0.57801044 -0.07857106 0.21595544
v -0.57740647 -0.07917500 0.21595544
v -0.57718545 -0.08000000 0.21595544
v -0.57740647 -0.08082500 0.21595544
v -0.57801044 -0.08142895 0.21595544
v -0.58083540 0.08346410 0.21595544
v -0.58229953 0.08200000 0.21595544
v -0.58283544 0.08000000 0.21595544
v -0.58229953 0.07800000 0.21595544
v -0.58083540 0.07653590 0.21595544
v -0.57883543 0.07600000 0.21595544
v -0.57683545 0.07653590 0.21595544
v -0.57537133 0.07800000 0.21595544
v -0.57483542 0.08000000 0.21595544
v -0.57537133 0.08200000 0.21595544
v -0.57683545 0.08346410 0.21595544
v -0.57883543 0.08400000 0.21595544
v -0.57083541 -0.12000000 0.21695542
v -0.57083541 0.12000000 0.21695542
v -0.57137132 0.12000000 0.21895543
v -0.57137132 -0.12000000 0.21895543
v -0.57283545 0.12000000 0.22041953
v -0.57283545 -0.12000000 0.22041953
v -0.57383543 0.12000000 0.21868747
v -0.57383543 -0.12000000 0.21868747
v -0.57310337 -0.12000000 0.21795543
v -0.57310337 0.12000000 0.21795543
v -0.57283545 -0.12000000 0.21695542
v -0.57283545 0.12000000 0.21695542
v -0.35923544 -0.04000000 0.30899999
v -0.35923544 -0.04000000 0.31700000
v -0.35877991 -0.04170000 0.30899999
v -0.35877991 -0.04170000 0.31700000
v -0.35753542 -0.04294449 0.30899999
v -0.35753542 -0.04294449 0.31700000
v -0.35583544 -0.04340000 0.30899999
v -0.35583544 -0.04340000 0.31700000
v -0.35413542 -0.04294449 0.30899999
v -0.35413542 -0.04294449 0.31700000
v -0.35289094 -0.04170000 0.30899999
v -0.35289094 -0.04170000 0.31700000
v -0.35243544 -0.04000000 0.30899999
v -0.35243544 -0.04000000 0.31700000
v -0.35289094 -0.03830000 0.30899999
v -0.35289094 -0.03830000 0.31700000
v -0.35413542 -0.03705551 0.30899999
v -0.35413542 -0.03705551 0.31700000
v -0.35583544 -0.03660000 0.30899999
v -0.35583544 -0.03660000 0.31700000
v -0.35753542 -0.03705551 0.30899999
v -0.35753542 -0.03705551 0.31700000
v -0.35877991 -0.03830000 0.30899999
v -0.35877991 -0.03830000 0.31700000
v -0.39923543 0.08000000 0.30899999
v -0.39923543 0.08000000 0.31700000
v -0.39877993 0.07830000 0.30899999
v -0.39877993 0.07830000 0.31700000
v -0.39753544 0.07705551 0.30899999
v -0.39753544 0.07705551 0.31700000
v -0.39583543 0.07660000 0.30899999
v -0.39583543 0.07660000 0.31700000
v -0.39413542 0.07705551 0.30899999
v -0.39413542 0.07705551 0.31700000
v -0.39289093 0.07830000 0.30899999
v -0.39289093 0.07830000 0.31700000
v -0.39243543 0.08000000 0.30899999
v -0.39243543 0.08000000 0.31700000
v -0.39289093 0.08170000 0.30899999
v -0.39289093 0.08170000 0.31700000
v -0.39413542 0.08294449 0.30899999
v -0.39413542 0.08294449 0.31700000
v -0.39583543 0.08340000 0.30899999
v -0.39583543 0.08340000 0.31700000
v -0.39753544 0.08294449 0.30899999
v -0.39753544 0.08294449 0.31700000
v -0.39877993 0.08170000 0.30899999
v -0.39877993 0.08170000 0.31700000
v -0.39923543 -0.08000000 0.30899999
v -0.39923543 -0.08000000 0.31700000
v -0.39877993 -0.08170000 0.30899999
v -0.39877993 -0.08170000 0.31700000
v -0.39753544 -0.08294449 0.30899999
v -0.39753544 -0.08294449 0.31700000
v -0.39583543 -0.08340000 0.30899999
v -0.39583543 -0.08340000 0.31700000
v -0.39413542 -0.08294449 0.30899999
v -0.39413542 -0.08294449 0.31700000
v -0.39289093 -0.08170000 0.30899999
v -0.39289093 -0.08170000 0.31700000
v -0.39243543 -0.08000000 0.30899999
v -0.39243543 -0.08000000 0.31700000
v -0.39289093 -0.07830000 0.30899999
v -0.39289093 -0.07830000 0.31700000
v -0.39413542 -0.07705551 0.30899999
v -0.39413542 -0.07705551 0.31700000
v -0.39583543 -0.07660000 0.30899999
v -0.39583543 -0.07660000 0.31700000
v -0.39753544 -0.07705551 0.30899999
v -0.39753544 -0.07705551 0.31700000
v -0.39877993 -0.07830000 0.30899999
v -0.39877993 -0.07830000 0.31700000
v -0.47923544 -0.08000000 0.30899999
v -0.47923544 -0.08000000 0.31700000
v -0.47877991 -0.08170000 0.30899999
v -0.47877991 -0.08170000 0.31700000
v -0.47753543 -0.08294449 0.30899999
v -0.47753543 -0.08294449 0.31700000
v -0.47583544 -0.08340000 0.30899999
v -0.47583544 -0.08340000 0.31700000
v -0.47413543 -0.08294449 0.30899999
v -0.47413543 -0.08294449 0.31700000
v -0.47289094 -0.08170000 0.30899999
v -0.47289094 -0.08170000 0.31700000
v -0.47243544 -0.08000000 0.30899999
v -0.47243544 -0.08000000 0.31700000
v -0.47289094 -0.07830000 0.30899999
v -0.47289094 -0.07830000 0.31700000
v -0.47413543 -0.07705551 0.30899999
v -0.47413543 -0.07705551 0.31700000
v -0.47583544 -0.07660000 0.30899999
v -0.47583544 -0.07660000 0.31700000
v -0.47753543 -0.07705551 0.30899999
v -0.47753543 -0.07705551 0.31700000
v -0.47877991 -0.07830000 0.30899999
v -0.47877991 -0.07830000 0.31700000
v -0.47923544 0.08000000 0.30899999
v -0.47923544 0.08000000 0.31700000
v -0.47877991 0.07830000 0.30899999
v -0.47877991 0.07830000 0.31700000
v -0.47753543 0.07705551 0.30899999
v -0.47753543 0.07705551 0.31700000
v -0.47583544 0.07660000 0.30899999
v -0.47583544 0.07660000 0.31700000
v -0.47413543 0.07705551 0.30899999
v -0.47413543 0.07705551 0.31700000
v -0.47289094 0.07830000 0.30899999
v -0.47289094 0.07830000 0.31700000
v -0.47243544 0.08000000 0.30899999
v -0.47243544 0.08000000 0.31700000
v -0.47289094 0.08170000 0.30899999
v -0.47289094 0.08170000 0.31700000
v -0.47413543 0.08294449 0.30899999
v -0.47413543 0.08294449 0.31700000
v -0.47583544 0.08340000 0.30899999
v -0.47583544 0.08340000 0.31700000
v -0.47753543 0.08294449 0.30899999
v -0.47753543 0.08294449 0.31700000
v -0.47877991 0.08170000 0.30899999
v -0.47877991 0.08170000 0.31700000
v -0.51923543 0.04000000 0.30899999
v -0.51923543 0.04000000 0.31700000
v -0.51877993 0.03830000 0.30899999
v -0.51877993 0.03830000 0.31700000
v -0.51753545 0.03705551 0.30899999
v -0.51753545 0.03705551 0.31700000
v -0.51583540 0.03660000 0.30899999
v -0.51583540 0.03660000 0.31700000
v -0.51413542 0.03705551 0.30899999
v -0.51413542 0.03705551 0.31700000
v -0.51289093 0.03830000 0.30899999
v -0.51289093 0.03830000 0.31700000
v -0.51243544 0.04000000 0.30899999
v -0.51243544 0.04000000 0.31700000
v -0.51289093 0.04170000 0.30899999
v -0.51289093 0.04170000 0.31700000
v -0.51413542 0.04294449 0.30899999
v -0.51413542 0.04294449 0.31700000
v -0.51583540 0.04340000 0.30899999
v -0.51583540 0.04340000 0.31700000
v -0.51753545 0.04294449 0.30899999
v -0.51753545 0.04294449 0.31700000
v -0.51877993 0.04170000 0.30899999
v -0.51877993 0.04170000 0.31700000
v -0.51923543 -0.04000000 0.30899999
v -0.51923543 -0.04000000 0.31700000
v -0.51877993 -0.04170000 0.30899999
v -0.51877993 -0.04170000 0.31700000
v -0.51753545 -0.04294449 0.30899999
v -0.51753545 -0.04294449 0.31700000
v -0.51583540 -0.04340000 0.30899999
v -0.51583540 -0.04340000 0.31700000
v -0.51413542 -0.04294449 0.30899999
v -0.51413542 -0.04294449 0.31700000
v -0.51289093 -0.04170000 0.30899999
v -0.51289093 -0.04170000 0.31700000
v -0.51243544 -0.04000000 0.30899999
v -0.51243544 -0.04000000 0.31700000
v -0.51289093 -0.03830000 0.30899999
v -0.51289093 -0.03830000 0.31700000
v -0.51413542 -0.03705551 0.30899999
v -0.51413542 -0.03705551 0.31700000
v -0.51583540 -0.03660000 0.30899999
v -0.51583540 -0.03660000 0.31700000
v -0.51753545 -0.03705551 0.30899999
v -0.51753545 -0.03705551 0.31700000
v -0.51877993 -0.03830000 0.30899999
v -0.51877993 -0.03830000 0.31700000
v -0.35923544 0.04000000 0.30899999
v -0.35923544 0.04000000 0.31700000
v -0.35877991 0.03830000 0.30899999
v -0.35877991 0.03830000 0.31700000
v -0.35753542 0.03705551 0.30899999
v -0.35753542 0.03705551 0.31700000
v -0.35583544 0.03660000 0.30899999
v -0.35583544 0.03660000 0.31700000
v -0.35413542 0.03705551 0.30899999
v -0.35413542 0.03705551 0.31700000
v -0.35289094 0.03830000 0.30899999
v -0.35289094 0.03830000 0.31700000
v -0.35243544 0.04000000 0.30899999
v -0.35243544 0.04000000 0.31700000
v -0.35289094 0.04170000 0.30899999
v -0.35289094 0.04170000 0.31700000
v -0.35413542 0.04294449 0.30899999
v -0.35413542 0.04294449 0.31700000
v -0.35583544 0.04340000 0.30899999
v -0.35583544 0.04340000 0.31700000
v -0.35753542 0.04294449 0.30899999
v -0.35753542 0.04294449 0.31700000
v -0.35877991 0.04170000 0.30899999
v -0.35877991 0.04170000 0.31700000
v -0.39936653 0.05575000 0.31378001
v -0.40215513 0.05414000 0.31700000
v -0.39808545 0.05446891 0.31378001
v -0.39969543 0.05168031 0.31700000
v -0.39633542 0.05400000 0.31378001
v -0.39633542 0.05078000 0.31700000
v -0.39458543 0.05446891 0.31378001
v -0.39297542 0.05168031 0.31700000
v -0.39330435 0.05575000 0.31378001
v -0.39051574 0.05414000 0.31700000
v -0.39283544 0.05750000 0.31378001
v -0.38961542 0.05750000 0.31700000
v -0.39330435 0.05925000 0.31378001
v -0.39051574 0.06086000 0.31700000
v -0.39458543 0.06053109 0.31378001
v -0.39297542 0.06331969 0.31700000
v -0.39633542 0.06100000 0.31378001
v -0.39633542 0.06422000 0.31700000
v -0.39808545 0.06053109 0.31378001
v -0.39969543 0.06331969 0.31700000
v -0.39936653 0.05925000 0.31378001
v -0.40215513 0.06086000 0.31700000
v -0.39983544 0.05750000 0.31378001
v -0.40305543 0.05750000 0.31700000
v -0.39983544 0.05750000 0.30899999
v -0.39936653 0.05575000 0.30899999
v -0.39808545 0.05446891 0.30899999
v -0.39633542 0.05400000 0.30899999
v -0.39458543 0.05446891 0.30899999
v -0.39330435 0.05575000 0.30899999
v -0.39283544 0.05750000 0.30899999
v -0.39330435 0.05925000 0.30899999
v -0.39458543 0.06053109 0.30899999
v -0.39633542 0.06100000 0.30899999
v -0.39808545 0.06053109 0.30899999
v -0.39936653 0.05925000 0.30899999
v -0.47836652 0.05575000 0.31378001
v -0.48115513 0.05414000 0.31700000
v -0.47708544 0.05446891 0.31378001
v -0.47869542 0.05168031 0.31700000
v -0.47533542 0.05400000 0.31378001
v -0.47533542 0.05078000 0.31700000
v -0.47358543 0.05446891 0.31378001
v -0.47197542 0.05168031 0.31700000
v -0.47230434 0.05575000 0.31378001
v -0.46951574 0.05414000 0.31700000
v -0.47183543 0.05750000 0.31378001
v -0.46861544 0.05750000 0.31700000
v -0.47230434 0.05925000 0.31378001
v -0.46951574 0.06086000 0.31700000
v -0.47358543 0.06053109 0.31378001
v -0.47197542 0.06331969 0.31700000
v -0.47533542 0.06100000 0.31378001
v -0.47533542 0.06422000 0.31700000
v -0.47708544 0.06053109 0.31378001
v -0.47869542 0.06331969 0.31700000
v -0.47836652 0.05925000 0.31378001
v -0.48115513 0.06086000 0.31700000
v -0.47883543 0.05750000 0.31378001
v -0.48205543 0.05750000 0.31700000
v -0.47883543 0.05750000 0.30899999
v -0.47836652 0.05575000 0.30899999
v -0.47708544 0.05446891 0.30899999
v -0.47533542 0.05400000 0.30899999
v -0.47358543 0.05446891 0.30899999
v -0.47230434 0.05575000 0.30899999
v -0.47183543 0.05750000 0.30899999
v -0.47230434 0.05925000 0.30899999
v -0.47358543 0.06053109 0.30899999
v -0.47533542 0.06100000 0.30899999
v -0.47708544 0.06053109 0.30899999
v -0.47836652 0.05925000 0.30899999
v -0.47836652 -0.05925000 0.31378001
v -0.48115513 -0.06086000 0.31700000
v -0.47708544 -0.06053109 0.31378001
v -0.47869542 -0.06331969 0.31700000
v -0.47533542 -0.06100000 0.31378001
v -0.47533542 -0.06422000 0.31700000
v -0.47358543 -0.06053109 0.31378001
v -0.47197542 -0.06331969 0.31700000
v -0.47230434 -0.05925000 0.31378001
v -0.46951574 -0.06086000 0.31700000
v -0.47183543 -0.05750000 0.31378001
v -0.46861544 -0.05750000 0.31700000
v -0.47230434 -0.05575000 0.31378001
v -0.46951574 -0.05414000 0.31700000
v -0.47358543 -0.05446891 0.31378001
v -0.47197542 -0.05168031 0.31700000
v -0.47533542 -0.05400000 0.31378001
v -0.47533542 -0.05078000 0.31700000
v -0.47708544 -0.05446891 0.31378001
v -0.47869542 -0.05168031 0.31700000
v -0.47836652 -0.05575000 0.31378001
v -0.48115513 -0.05414000 0.31700000
v -0.47883543 -0.05750000 0.31378001
v -0.48205543 -0.05750000 0.31700000
v -0.47883543 -0.05750000 0.30899999
v -0.47836652 -0.05925000 0.30899999
v -0.47708544 -0.06053109 0.30899999
v -0.47533542 -0.06100000 0.30899999
v -0.47358543 -0.06053109 0.30899999
v -0.47230434 -0.05925000 0.30899999
v -0.47183543 -0.05750000 0.30899999
v -0.47230434 -0.05575000 0.30899999
v -0.47358543 -0.05446891 0.30899999
v -0.47533542 -0.05400000 0.30899999
v -0.47708544 -0.05446891 0.30899999
v -0.47836652 -0.05575000 0.30899999
v -0.39936653 -0.05925000 0.31378001
v -0.40215513 -0.06086000 0.31700000
v -0.39808545 -0.06053109 0.31378001
v -0.39969543 -0.06331969 0.31700000
v -0.39633542 -0.06100000 0.31378001
v -0.39633542 -0.06422000 0.31700000
v -0.39458543 -0.06053109 0.31378001
v -0.39297542 -0.06331969 0.31700000
v -0.39330435 -0.05925000 0.31378001
v -0.39051574 -0.06086000 0.31700000
v -0.39283544 -0.05750000 0.31378001
v -0.38961542 -0.05750000 0.31700000
v -0.39330435 -0.05575000 0.31378001
v -0.39051574 -0.05414000 0.31700000
v -0.39458543 -0.05446891 0.31378001
v -0.39297542 -0.05168031 0.31700000
v -0.39633542 -0.05400000 0.31378001
v -0.39633542 -0.05078000 0.31700000
v -0.39808545 -0.05446891 0.31378001
v -0.39969543 -0.05168031 0.31700000
v -0.39936653 -0.05575000 0.31378001
v -0.40215513 -0.05414000 0.31700000
v -0.39983544 -0.05750000 0.31378001
v -0.40305543 -0.05750000 0.31700000
v -0.39633542 -0.06100000 0.30899999
v -0.39808545 -0.06053109 0.30899999
v -0.39818677 -0.06047027 0.30899999
v -0.39936653 -0.05925000 0.30899999
v -0.39983544 -0.05750000 0.30899999
v -0.39936653 -0.05575000 0.30899999
v -0.39808545 -0.05446891 0.30899999
v -0.39633542 -0.05400000 0.30899999
v -0.39458543 -0.05446891 0.30899999
v -0.39330435 -0.05575000 0.30899999
v -0.39283544 -0.05750000 0.30899999
v -0.39330435 -0.05925000 0.30899999
v -0.39458543 -0.06053109 0.30899999
v -0.49534690 0.05555000 0.31430000
v -0.49768516 0.05420000 0.31700000
v -0.49428543 0.05448852 0.31430000
v -0.49563542 0.05215026 0.31700000
v -0.49283543 0.05410000 0.31430000
v -0.49283543 0.05140000 0.31700000
v -0.49138543 0.05448852 0.31430000
v -0.49003544 0.05215026 0.31700000
v -0.49032396 0.05555000 0.31430000
v -0.48798570 0.05420000 0.31700000
v -0.48993543 0.05700000 0.31430000
v -0.48723543 0.05700000 0.31700000
v -0.49032396 0.05845000 0.31430000
v -0.48798570 0.05980000 0.31700000
v -0.49138543 0.05951148 0.31430000
v -0.49003544 0.06184974 0.31700000
v -0.49283543 0.05990000 0.31430000
v -0.49283543 0.06260000 0.31700000
v -0.49428543 0.05951148 0.31430000
v -0.49563542 0.06184974 0.31700000
v -0.49534690 0.05845000 0.31430000
v -0.49768516 0.05980000 0.31700000
v -0.49573544 0.05700000 0.31430000
v -0.49843544 0.05700000 0.31700000
v -0.49573544 0.05700000 0.30899999
v -0.49534690 0.05555000 0.30899999
v -0.49428543 0.05448852 0.30899999
v -0.49283543 0.05410000 0.30899999
v -0.49138543 0.05448852 0.30899999
v -0.49032396 0.05555000 0.30899999
v -0.48993543 0.05700000 0.30899999
v -0.49032396 0.05845000 0.30899999
v -0.49138543 0.05951148 0.30899999
v -0.49283543 0.05990000 0.30899999
v -0.49428543 0.05951148 0.30899999
v -0.49534690 0.05845000 0.30899999
v -0.49534690 -0.05845000 0.31430000
v -0.49768516 -0.05980000 0.31700000
v -0.49428543 -0.05951148 0.31430000
v -0.49563542 -0.06184974 0.31700000
v -0.49283543 -0.05990000 0.31430000
v -0.49283543 -0.06260000 0.31700000
v -0.49138543 -0.05951148 0.31430000
v -0.49003544 -0.06184974 0.31700000
v -0.49032396 -0.05845000 0.31430000
v -0.48798570 -0.05980000 0.31700000
v -0.48993543 -0.05700000 0.31430000
v -0.48723543 -0.05700000 0.31700000
v -0.49032396 -0.05555000 0.31430000
v -0.48798570 -0.05420000 0.31700000
v -0.49138543 -0.05448852 0.31430000
v -0.49003544 -0.05215026 0.31700000
v -0.49283543 -0.05410000 0.31430000
v -0.49283543 -0.05140000 0.31700000
v -0.49428543 -0.05448852 0.31430000
v -0.49563542 -0.05215026 0.31700000
v -0.49534690 -0.05555000 0.31430000
v -0.49768516 -0.05420000 0.31700000
v -0.49573544 -0.05700000 0.31430000
v -0.49843544 -0.05700000 0.31700000
v -0.49573544 -0.05700000 0.30899999
v -0.49534690 -0.05845000 0.30899999
v -0.49428543 -0.05951148 0.30899999
v -0.49283543 -0.05990000 0.30899999
v -0.49138543 -0.05951148 0.30899999
v -0.49032396 -0.05845000 0.30899999
v -0.48993543 -0.05700000 0.30899999
v -0.49032396 -0.05555000 0.30899999
v -0.49138543 -0.05448852 0.30899999
v -0.49283543 -0.05410000 0.30899999
v -0.49428543 -0.05448852 0.30899999
v -0.49534690 -0.05555000 0.30899999
v -0.38134691 -0.05845000 0.31430000
v -0.38368517 -0.05980000 0.31700000
v -0.38028544 -0.05951148 0.31430000
v -0.38163543 -0.06184974 0.31700000
v -0.37883544 -0.05990000 0.31430000
v -0.37883544 -0.06260000 0.31700000
v -0.37738544 -0.05951148 0.31430000
v -0.37603542 -0.06184974 0.31700000
v -0.37632397 -0.05845000 0.31430000
v -0.37398568 -0.05980000 0.31700000
v -0.37593544 -0.05700000 0.31430000
v -0.37323543 -0.05700000 0.31700000
v -0.37632397 -0.05555000 0.31430000
v -0.37398568 -0.05420000 0.31700000
v -0.37738544 -0.05448852 0.31430000
v -0.37603542 -0.05215026 0.31700000
v -0.37883544 -0.05410000 0.31430000
v -0.37883544 -0.05140000 0.31700000
v -0.38028544 -0.05448852 0.31430000
v -0.38163543 -0.05215026 0.31700000
v -0.38134691 -0.05555000 0.31430000
v -0.38368517 -0.05420000 0.31700000
v -0.38173544 -0.05700000 0.31430000
v -0.38443545 -0.05700000 0.31700000
v -0.38173544 -0.05700000 0.30899999
v -0.38134691 -0.05845000 0.30899999
v -0.38028544 -0.05951148 0.30899999
v -0.37883544 -0.05990000 0.30899999
v -0.37738544 -0.05951148 0.30899999
v -0.37632397 -0.05845000 0.30899999
v -0.37593544 -0.05700000 0.30899999
v -0.37632397 -0.05555000 0.30899999
v -0.37738544 -0.05448852 0.30899999
v -0.37883544 -0.05410000 0.30899999
v -0.38028544 -0.05448852 0.30899999
v -0.38134691 -0.05555000 0.30899999
v -0.38134691 0.05555000 0.31430000
v -0.38368517 0.05420000 0.31700000
v -0.38028544 0.05448852 0.31430000
v -0.38163543 0.05215026 0.31700000
v -0.37883544 0.05410000 0.31430000
v -0.37883544 0.05140000 0.31700000
v -0.37738544 0.05448852 0.31430000
v -0.37603542 0.05215026 0.31700000
v -0.37632397 0.05555000 0.31430000
v -0.37398568 0.05420000 0.31700000
v -0.37593544 0.05700000 0.31430000
v -0.37323543 0.05700000 0.31700000
v -0.37632397 0.05845000 0.31430000
v -0.37398568 0.05980000 0.31700000
v -0.37738544 0.05951148 0.31430000
v -0.37603542 0.06184974 0.31700000
v -0.37883544 0.05990000 0.31430000
v -0.37883544 0.06260000 0.31700000
v -0.38028544 0.05951148 0.31430000
v -0.38163543 0.06184974 0.31700000
v -0.38134691 0.05845000 0.31430000
v -0.38368517 0.05980000 0.31700000
v -0.38173544 0.05700000 0.31430000
v -0.38443545 0.05700000 0.31700000
v -0.38173544 0.05700000 0.30899999
v -0.38134691 0.05555000 0.30899999
v -0.38028544 0.05448852 0.30899999
v -0.37883544 0.05410000 0.30899999
v -0.37738544 0.05448852 0.30899999
v -0.37632397 0.05555000 0.30899999
v -0.37593544 0.05700000 0.30899999
v -0.37632397 0.05845000 0.30899999
v -0.37738544 0.05951148 0.30899999
v -0.37883544 0.05990000 0.30899999
v -0.38028544 0.05951148 0.30899999
v -0.38134691 0.05845000 0.30899999
v -0.52583545 -0.08000000 0.31700000
v -0.52583545 -0.08000000 0.30899999
v -0.52507424 -0.08382683 0.30899999
v -0.52507424 -0.08382683 0.31700000
v -0.52290648 -0.08707107 0.30899999
v -0.52290648 -0.08707107 0.31700000
v -0.51966226 -0.08923879 0.30899999
v -0.51966226 -0.08923879 0.31700000
v -0.51583540 -0.09000000 0.30899999
v -0.51583540 -0.09000000 0.31700000
v -0.51583540 0.09000000 0.31700000
v -0.51583540 0.09000000 0.30899999
v -0.51966226 0.08923879 0.30899999
v -0.51966226 0.08923879 0.31700000
v -0.52290648 0.08707107 0.30899999
v -0.52290648 0.08707107 0.31700000
v -0.52507424 0.08382683 0.30899999
v -0.52507424 0.08382683 0.31700000
v -0.52583545 0.08000000 0.30899999
v -0.52583545 0.08000000 0.31700000
v -0.35583544 -0.09000000 0.31700000
v -0.35583544 -0.09000000 0.30899999
v -0.35200861 -0.08923879 0.30899999
v -0.35200861 -0.08923879 0.31700000
v -0.34876436 -0.08707107 0.30899999
v -0.34876436 -0.08707107 0.31700000
v -0.34659663 -0.08382683 0.30899999
v -0.34659663 -0.08382683 0.31700000
v -0.34583542 -0.08000000 0.30899999
v -0.34583542 -0.08000000 0.31700000
v -0.34583542 0.08000000 0.31700000
v -0.34583542 0.08000000 0.30899999
v -0.34659663 0.08382683 0.30899999
v -0.34659663 0.08382683 0.31700000
v -0.34876436 0.08707107 0.30899999
v -0.34876436 0.08707107 0.31700000
v -0.35200861 0.08923879 0.30899999
v -0.35200861 0.08923879 0.31700000
v -0.35583544 0.09000000 0.30899999
v -0.35583544 0.09000000 0.31700000
v -0.43583542 0.06880000 0.30899999
v -0.43583542 0.08670000 0.30899999
v -0.39953542 0.08670000 0.30899999
v -0.48458543 0.05405000 0.30899999
v -0.50408542 -0.04870000 0.30899999
v -0.52583545 0.05405000 0.30899999
v -0.52583545 0.06045000 0.30899999
v -0.52253544 0.06045000 0.30899999
v -0.52583545 -0.06045000 0.30899999
v -0.52583545 -0.05405000 0.30899999
v -0.52253544 -0.05405000 0.30899999
v -0.39953542 -0.06045000 0.30899999
v -0.43583542 -0.05405000 0.30899999
v -0.39953542 0.05405000 0.30899999
v -0.39953542 0.06045000 0.30899999
v -0.52253544 -0.06045000 0.30899999
v -0.50408542 0.08670000 0.30899999
v -0.52253544 0.08670000 0.30899999
v -0.52583545 0.06880000 0.30899999
v -0.52253544 0.06880000 0.30899999
v -0.50408542 -0.06045000 0.30899999
v -0.50408542 -0.09000000 0.30899999
v -0.36758542 -0.06045000 0.30899999
v -0.36758542 0.08670000 0.30899999
v -0.36758542 0.06880000 0.30899999
v -0.47903544 -0.09000000 0.30899999
v -0.43583542 -0.09000000 0.30899999
v -0.43583542 -0.06045000 0.30899999
v -0.47903544 -0.06045000 0.30899999
v -0.47903544 0.08670000 0.30899999
v -0.48458543 0.08670000 0.30899999
v -0.47903544 0.06880000 0.30899999
v -0.43583542 0.06045000 0.30899999
v -0.39953542 0.06880000 0.30899999
v -0.38708544 0.06045000 0.30899999
v -0.38708544 0.05405000 0.30899999
v -0.47903544 0.06045000 0.30899999
v -0.47903544 0.05405000 0.30899999
v -0.43583542 0.05405000 0.30899999
v -0.43583542 0.00000000 0.30899999
v -0.47903544 0.00000000 0.30899999
v -0.47903544 -0.05405000 0.30899999
v -0.47903544 -0.04870000 0.30899999
v -0.43583542 -0.04870000 0.30899999
v -0.39953542 -0.04870000 0.30899999
v -0.39953542 -0.05405000 0.30899999
v -0.38708544 -0.06045000 0.30899999
v -0.38708544 -0.05405000 0.30899999
v -0.39953542 -0.09000000 0.30899999
v -0.38708544 -0.09000000 0.30899999
v -0.52253544 0.05405000 0.30899999
v -0.52583545 0.00000000 0.30899999
v -0.52253544 0.00000000 0.30899999
v -0.52583545 -0.04870000 0.30899999
v -0.52253544 -0.04870000 0.30899999
v -0.50408542 0.00000000 0.30899999
v -0.50408542 0.05405000 0.30899999
v -0.48458543 -0.09000000 0.30899999
v -0.48458543 -0.06045000 0.30899999
v -0.48458543 -0.05405000 0.30899999
v -0.50408542 -0.05405000 0.30899999
v -0.48458543 0.06045000 0.30899999
v -0.50408542 0.06045000 0.30899999
v -0.48458543 0.06880000 0.30899999
v -0.50408542 0.06880000 0.30899999
v -0.48458543 -0.04870000 0.30899999
v -0.48458543 0.00000000 0.30899999
v -0.38708544 0.00000000 0.30899999
v -0.39953542 0.00000000 0.30899999
v -0.38708544 0.08670000 0.30899999
v -0.38708544 0.06880000 0.30899999
v -0.36758542 -0.09000000 0.30899999
v -0.36758542 -0.05405000 0.30899999
v -0.36758542 -0.04870000 0.30899999
v -0.36758542 0.05405000 0.30899999
v -0.36758542 0.06045000 0.30899999
v -0.36758542 0.09000000 0.30899999
v -0.38708544 0.09000000 0.30899999
v -0.39953542 0.09000000 0.30899999
v -0.43583542 0.09000000 0.30899999
v -0.47903544 0.09000000 0.30899999
v -0.48458543 0.09000000 0.30899999
v -0.50408542 0.09000000 0.30899999
v -0.34583542 -0.04870000 0.30899999
v -0.34583542 0.00000000 0.30899999
v -0.38708544 -0.04870000 0.30899999
v -0.36758542 0.00000000 0.30899999
v -0.34583542 -0.05405000 0.30899999
v -0.34583542 -0.06045000 0.30899999
v -0.34583542 0.05405000 0.30899999
v -0.34583542 0.06880000 0.30899999
v -0.34583542 0.06045000 0.30899999
v -0.43583542 -0.06341000 0.31700000
v -0.38702542 -0.09000000 0.31700000
v -0.36623544 -0.09000000 0.31700000
v -0.36623544 -0.06341000 0.31700000
v -0.52253544 -0.06341000 0.31700000
v -0.50543541 -0.06341000 0.31700000
v -0.52253544 0.07041000 0.31700000
v -0.52253544 0.08670000 0.31700000
v -0.50543541 0.08670000 0.31700000
v -0.36623544 0.08670000 0.31700000
v -0.36623544 0.07041000 0.31700000
v -0.43583542 0.06341000 0.31700000
v -0.40114543 0.05109000 0.31700000
v -0.43583542 0.05109000 0.31700000
v -0.38702542 0.05109000 0.31700000
v -0.40114543 0.07041000 0.31700000
v -0.40114543 0.06341000 0.31700000
v -0.38702542 0.06341000 0.31700000
v -0.38702542 0.07041000 0.31700000
v -0.48064542 0.06341000 0.31700000
v -0.48464543 0.06341000 0.31700000
v -0.48064542 0.05109000 0.31700000
v -0.48464543 0.05109000 0.31700000
v -0.48064542 0.07041000 0.31700000
v -0.48064542 -0.06341000 0.31700000
v -0.48064542 -0.09000000 0.31700000
v -0.43583542 -0.09000000 0.31700000
v -0.43583542 -0.05109000 0.31700000
v -0.48064542 -0.05109000 0.31700000
v -0.48464543 -0.05109000 0.31700000
v -0.48464543 -0.06341000 0.31700000
v -0.40114543 -0.06341000 0.31700000
v -0.40114543 -0.09000000 0.31700000
v -0.38702542 -0.06341000 0.31700000
v -0.38702542 -0.05109000 0.31700000
v -0.40114543 -0.05109000 0.31700000
v -0.34583542 -0.06341000 0.31700000
v -0.34583542 -0.05109000 0.31700000
v -0.36623544 -0.05109000 0.31700000
v -0.34583542 0.00000000 0.31700000
v -0.34583542 -0.04709000 0.31700000
v -0.36623544 0.00000000 0.31700000
v -0.36623544 -0.04709000 0.31700000
v -0.36623544 0.05109000 0.31700000
v -0.34583542 0.05109000 0.31700000
v -0.34583542 0.07041000 0.31700000
v -0.36623544 0.06341000 0.31700000
v -0.34583542 0.06341000 0.31700000
v -0.38702542 -0.04709000 0.31700000
v -0.40114543 -0.04709000 0.31700000
v -0.38702542 0.00000000 0.31700000
v -0.40114543 0.00000000 0.31700000
v -0.38702542 0.08670000 0.31700000
v -0.40114543 0.08670000 0.31700000
v -0.43583542 -0.04709000 0.31700000
v -0.48064542 -0.04709000 0.31700000
v -0.43583542 0.00000000 0.31700000
v -0.48064542 0.00000000 0.31700000
v -0.43583542 0.07041000 0.31700000
v -0.43583542 0.08670000 0.31700000
v -0.48064542 0.08670000 0.31700000
v -0.48464543 -0.09000000 0.31700000
v -0.50543541 -0.09000000 0.31700000
v -0.50543541 -0.05109000 0.31700000
v -0.48464543 -0.04709000 0.31700000
v -0.48464543 0.00000000 0.31700000
v -0.50543541 -0.04709000 0.31700000
v -0.50543541 0.00000000 0.31700000
v -0.50543541 0.06341000 0.31700000
v -0.50543541 0.05109000 0.31700000
v -0.36623544 0.09000000 0.31700000
v -0.38702542 0.09000000 0.31700000
v -0.40114543 0.09000000 0.31700000
v -0.43583542 0.09000000 0.31700000
v -0.48064542 0.09000000 0.31700000
v -0.48464543 0.08670000 0.31700000
v -0.48464543 0.09000000 0.31700000
v -0.50543541 0.09000000 0.31700000
v -0.52253544 -0.05109000 0.31700000
v -0.52253544 -0.04709000 0.31700000
v -0.52253544 0.00000000 0.31700000
v -0.52253544 0.05109000 0.31700000
v -0.52253544 0.06341000 0.31700000
v -0.48464543 0.07041000 0.31700000
v -0.50543541 0.07041000 0.31700000
v -0.52583545 0.07041000 0.31700000
v -0.52583545 0.06341000 0.31700000
v -0.52583545 0.05109000 0.31700000
v -0.52583545 0.00000000 0.31700000
v -0.52583545 -0.04709000 0.31700000
v -0.52583545 -0.05109000 0.31700000
v -0.52583545 -0.06341000 0.31700000
v -0.48096150 -0.00508986 0.33032355
v -0.48417151 -0.00793369 0.33032355
v -0.48608544 -0.00389711 0.33478352
v -0.48463202 -0.00255629 0.33478352
v -0.48443833 -0.00225000 0.33478352
v -0.47944075 -0.00108001 0.33032355
v -0.48386824 -0.00054242 0.33478352
v -0.48383543 -0.00000000 0.33478352
v -0.47995767 0.00317726 0.33032355
v -0.48412785 0.00159572 0.33478352
v -0.48443833 0.00225000 0.33478352
v -0.48239386 0.00670666 0.33032355
v -0.48535138 0.00336830 0.33478352
v -0.48608544 0.00389711 0.33478352
v -0.48619115 0.00869964 0.33032355
v -0.48725852 0.00436924 0.33478352
v -0.49047971 0.00869964 0.33032355
v -0.48833543 0.00450000 0.33478352
v -0.48941234 0.00436924 0.33478352
v -0.49427700 0.00670666 0.33032355
v -0.49058542 0.00389711 0.33478352
v -0.49131948 0.00336830 0.33478352
v -0.49671316 0.00317726 0.33032355
v -0.49223253 0.00225000 0.33478352
v -0.49254301 0.00159572 0.33478352
v -0.49723011 -0.00108001 0.33032355
v -0.49283543 -0.00000000 0.33478352
v -0.49280262 -0.00054242 0.33478352
v -0.49570936 -0.00508986 0.33032355
v -0.49223253 -0.00225000 0.33478352
v -0.49203885 -0.00255629 0.33478352
v -0.49249935 -0.00793369 0.33032355
v -0.49058542 -0.00389711 0.33478352
v -0.49042669 -0.00398455 0.33478352
v -0.48833543 -0.00896000 0.33032355
v -0.48833543 -0.00450000 0.33478352
v -0.48624417 -0.00398455 0.33478352
v -0.49058542 -0.00389711 0.33832353
v -0.48833543 -0.00450000 0.33832353
v -0.49223253 -0.00225000 0.33832353
v -0.49283543 -0.00000000 0.33832353
v -0.49223253 0.00225000 0.33832353
v -0.49058542 0.00389711 0.33832353
v -0.48833543 0.00450000 0.33832353
v -0.48608544 0.00389711 0.33832353
v -0.48443833 0.00225000 0.33832353
v -0.48383543 -0.00000000 0.33832353
v -0.48443833 -0.00225000 0.33832353
v -0.48608544 -0.00389711 0.33832353
v -0.45471150 0.04037647 0.33032355
v -0.45792150 0.03753265 0.33032355
v -0.45983544 0.04156922 0.33478352
v -0.45838201 0.04291004 0.33478352
v -0.45818833 0.04321633 0.33478352
v -0.45319074 0.04438632 0.33032355
v -0.45761824 0.04492392 0.33478352
v -0.45758542 0.04546633 0.33478352
v -0.45370770 0.04864359 0.33032355
v -0.45787784 0.04706205 0.33478352
v -0.45818833 0.04771633 0.33478352
v -0.45614386 0.05217299 0.33032355
v -0.45910138 0.04883463 0.33478352
v -0.45983544 0.04936345 0.33478352
v -0.45994115 0.05416597 0.33032355
v -0.46100852 0.04983557 0.33478352
v -0.46422970 0.05416597 0.33032355
v -0.46208543 0.04996634 0.33478352
v -0.46316236 0.04983557 0.33478352
v -0.46802700 0.05217299 0.33032355
v -0.46433544 0.04936345 0.33478352
v -0.46506947 0.04883463 0.33478352
v -0.47046319 0.04864359 0.33032355
v -0.46598256 0.04771633 0.33478352
v -0.46629301 0.04706205 0.33478352
v -0.47098011 0.04438632 0.33032355
v -0.46658543 0.04546633 0.33478352
v -0.46655262 0.04492392 0.33478352
v -0.46945935 0.04037647 0.33032355
v -0.46598256 0.04321633 0.33478352
v -0.46578887 0.04291004 0.33478352
v -0.46624935 0.03753265 0.33032355
v -0.46433544 0.04156922 0.33478352
v -0.46417668 0.04148178 0.33478352
v -0.46208543 0.03650633 0.33032355
v -0.46208543 0.04096633 0.33478352
v -0.45999417 0.04148178 0.33478352
v -0.46433544 0.04156922 0.33832353
v -0.46208543 0.04096633 0.33832353
v -0.46598256 0.04321633 0.33832353
v -0.46658543 0.04546633 0.33832353
v -0.46598256 0.04771633 0.33832353
v -0.46433544 0.04936345 0.33832353
v -0.46208543 0.04996634 0.33832353
v -0.45983544 0.04936345 0.33832353
v -0.45818833 0.04771633 0.33832353
v -0.45758542 0.04546633 0.33832353
v -0.45818833 0.04321633 0.33832353
v -0.45983544 0.04156922 0.33832353
v -0.45471150 -0.05055619 0.33032355
v -0.45792150 -0.05340002 0.33032355
v -0.45983544 -0.04936345 0.33478352
v -0.45838201 -0.04802262 0.33478352
v -0.45818833 -0.04771633 0.33478352
v -0.45319074 -0.04654634 0.33032355
v -0.45761824 -0.04600875 0.33478352
v -0.45758542 -0.04546633 0.33478352
v -0.45370770 -0.04228907 0.33032355
v -0.45787784 -0.04387061 0.33478352
v -0.45818833 -0.04321633 0.33478352
v -0.45614386 -0.03875968 0.33032355
v -0.45910138 -0.04209803 0.33478352
v -0.45983544 -0.04156922 0.33478352
v -0.45994115 -0.03676670 0.33032355
v -0.46100852 -0.04109710 0.33478352
v -0.46208543 -0.04096633 0.33478352
v -0.46422970 -0.03676670 0.33032355
v -0.46316236 -0.04109710 0.33478352
v -0.46802700 -0.03875968 0.33032355
v -0.46433544 -0.04156922 0.33478352
v -0.46506947 -0.04209803 0.33478352
v -0.47046319 -0.04228907 0.33032355
v -0.46598256 -0.04321633 0.33478352
v -0.46629301 -0.04387061 0.33478352
v -0.47098011 -0.04654634 0.33032355
v -0.46658543 -0.04546633 0.33478352
v -0.46655262 -0.04600875 0.33478352
v -0.46945935 -0.05055619 0.33032355
v -0.46598256 -0.04771633 0.33478352
v -0.46578887 -0.04802262 0.33478352
v -0.46624935 -0.05340002 0.33032355
v -0.46433544 -0.04936345 0.33478352
v -0.46417668 -0.04945089 0.33478352
v -0.46208543 -0.05442633 0.33032355
v -0.46208543 -0.04996634 0.33478352
v -0.45999417 -0.04945089 0.33478352
v -0.46433544 -0.04936345 0.33832353
v -0.46208543 -0.04996634 0.33832353
v -0.46598256 -0.04771633 0.33832353
v -0.46658543 -0.04546633 0.33832353
v -0.46598256 -0.04321633 0.33832353
v -0.46433544 -0.04156922 0.33832353
v -0.46208543 -0.04096633 0.33832353
v -0.45983544 -0.04156922 0.33832353
v -0.45818833 -0.04321633 0.33832353
v -0.45758542 -0.04546633 0.33832353
v -0.45818833 -0.04771633 0.33832353
v -0.45983544 -0.04936345 0.33832353
v -0.40221149 -0.05055619 0.33032355
v -0.40542150 -0.05340002 0.33032355
v -0.40733543 -0.04936345 0.33478352
v -0.40588200 -0.04802262 0.33478352
v -0.40568832 -0.04771633 0.33478352
v -0.40069076 -0.04654634 0.33032355
v -0.40511823 -0.04600875 0.33478352
v -0.40508541 -0.04546633 0.33478352
v -0.40120769 -0.04228907 0.33032355
v -0.40537786 -0.04387061 0.33478352
v -0.40568832 -0.04321633 0.33478352
v -0.40364385 -0.03875968 0.33032355
v -0.40660137 -0.04209803 0.33478352
v -0.40733543 -0.04156922 0.33478352
v -0.40744117 -0.03676670 0.33032355
v -0.40850851 -0.04109710 0.33478352
v -0.40958542 -0.04096633 0.33478352
v -0.41172969 -0.03676670 0.33032355
v -0.41066235 -0.04109710 0.33478352
v -0.41552702 -0.03875968 0.33032355
v -0.41183543 -0.04156922 0.33478352
v -0.41256949 -0.04209803 0.33478352
v -0.41796318 -0.04228907 0.33032355
v -0.41348255 -0.04321633 0.33478352
v -0.41379300 -0.04387061 0.33478352
v -0.41848010 -0.04654634 0.33032355
v -0.41408542 -0.04546633 0.33478352
v -0.41405261 -0.04600875 0.33478352
v -0.41695938 -0.05055619 0.33032355
v -0.41348255 -0.04771633 0.33478352
v -0.41328886 -0.04802262 0.33478352
v -0.41374934 -0.05340002 0.33032355
v -0.41183543 -0.04936345 0.33478352
v -0.41167668 -0.04945089 0.33478352
v -0.40958542 -0.05442633 0.33032355
v -0.40958542 -0.04996634 0.33478352
v -0.40749419 -0.04945089 0.33478352
v -0.41183543 -0.04936345 0.33832353
v -0.40958542 -0.04996634 0.33832353
v -0.41348255 -0.04771633 0.33832353
v -0.41408542 -0.04546633 0.33832353
v -0.41348255 -0.04321633 0.33832353
v -0.41183543 -0.04156922 0.33832353
v -0.40958542 -0.04096633 0.33832353
v -0.40733543 -0.04156922 0.33832353
v -0.40568832 -0.04321633 0.33832353
v -0.40508541 -0.04546633 0.33832353
v -0.40568832 -0.04771633 0.33832353
v -0.40733543 -0.04936345 0.33832353
v -0.40221149 0.04037647 0.33032355
v -0.40542150 0.03753265 0.33032355
v -0.40733543 0.04156922 0.33478352
v -0.40588200 0.04291004 0.33478352
v -0.40568832 0.04321633 0.33478352
v -0.40069076 0.04438632 0.33032355
v -0.40511823 0.04492392 0.33478352
v -0.40508541 0.04546633 0.33478352
v -0.40120769 0.04864359 0.33032355
v -0.40537786 0.04706205 0.33478352
v -0.40568832 0.04771633 0.33478352
v -0.40364385 0.05217299 0.33032355
v -0.40660137 0.04883463 0.33478352
v -0.40733543 0.04936345 0.33478352
v -0.40744117 0.05416597 0.33032355
v -0.40850851 0.04983557 0.33478352
v -0.41172969 0.05416597 0.33032355
v -0.40958542 0.04996634 0.33478352
v -0.41066235 0.04983557 0.33478352
v -0.41552702 0.05217299 0.33032355
v -0.41183543 0.04936345 0.33478352
v -0.41256949 0.04883463 0.33478352
v -0.41796318 0.04864359 0.33032355
v -0.41348255 0.04771633 0.33478352
v -0.41379300 0.04706205 0.33478352
v -0.41848010 0.04438632 0.33032355
v -0.41408542 0.04546633 0.33478352
v -0.41405261 0.04492392 0.33478352
v -0.41695938 0.04037647 0.33032355
v -0.41348255 0.04321633 0.33478352
v -0.41328886 0.04291004 0.33478352
v -0.41374934 0.03753265 0.33032355
v -0.41183543 0.04156922 0.33478352
v -0.41167668 0.04148178 0.33478352
v -0.40958542 0.03650633 0.33032355
v -0.40958542 0.04096633 0.33478352
v -0.40749419 0.04148178 0.33478352
v -0.41183543 0.04156922 0.33832353
v -0.40958542 0.04096633 0.33832353
v -0.41348255 0.04321633 0.33832353
v -0.41408542 0.04546633 0.33832353
v -0.41348255 0.04771633 0.33832353
v -0.41183543 0.04936345 0.33832353
v -0.40958542 0.04996634 0.33832353
v -0.40733543 0.04936345 0.33832353
v -0.40568832 0.04771633 0.33832353
v -0.40508541 0.04546633 0.33832353
v -0.40568832 0.04321633 0.33832353
v -0.40733543 0.04156922 0.33832353
v -0.37596148 -0.00508986 0.33032355
v -0.37917152 -0.00793369 0.33032355
v -0.38108543 -0.00389711 0.33478352
v -0.37963200 -0.00255629 0.33478352
v -0.37943831 -0.00225000 0.33478352
v -0.37444076 -0.00108001 0.33032355
v -0.37886825 -0.00054242 0.33478352
v -0.37883544 -0.00000000 0.33478352
v -0.37495768 0.00317726 0.33032355
v -0.37912786 0.00159572 0.33478352
v -0.37943831 0.00225000 0.33478352
v -0.37739384 0.00670666 0.33032355
v -0.38035136 0.00336830 0.33478352
v -0.38108543 0.00389711 0.33478352
v -0.38119116 0.00869964 0.33032355
v -0.38225850 0.00436924 0.33478352
v -0.38547969 0.00869964 0.33032355
v -0.38333544 0.00450000 0.33478352
v -0.38441235 0.00436924 0.33478352
v -0.38927701 0.00670666 0.33032355
v -0.38558543 0.00389711 0.33478352
v -0.38631949 0.00336830 0.33478352
v -0.39171317 0.00317726 0.33032355
v -0.38723254 0.00225000 0.33478352
v -0.38754299 0.00159572 0.33478352
v -0.39223009 -0.00108001 0.33032355
v -0.38783544 -0.00000000 0.33478352
v -0.38780263 -0.00054242 0.33478352
v -0.39070937 -0.00508986 0.33032355
v -0.38723254 -0.00225000 0.33478352
v -0.38703886 -0.00255629 0.33478352
v -0.38749936 -0.00793369 0.33032355
v -0.38558543 -0.00389711 0.33478352
v -0.38542667 -0.00398455 0.33478352
v -0.38333544 -0.00896000 0.33032355
v -0.38333544 -0.00450000 0.33478352
v -0.38124418 -0.00398455 0.33478352
v -0.38558543 -0.00389711 0.33832353
v -0.38333544 -0.00450000 0.33832353
v -0.38723254 -0.00225000 0.33832353
v -0.38783544 -0.00000000 0.33832353
v -0.38723254 0.00225000 0.33832353
v -0.38558543 0.00389711 0.33832353
v -0.38333544 0.00450000 0.33832353
v -0.38108543 0.00389711 0.33832353
v -0.37943831 0.00225000 0.33832353
v -0.37883544 -0.00000000 0.33832353
v -0.37943831 -0.00225000 0.33832353
v -0.38108543 -0.00389711 0.33832353
v -0.39583543 0.08450000 0.33032355
v -0.39583543 0.08450000 0.33832353
v -0.39808545 0.08389711 0.33032355
v -0.39808545 0.08389711 0.33832353
v -0.39973253 0.08225000 0.33032355
v -0.39973253 0.08225000 0.33832353
v -0.40033543 0.08000000 0.33032355
v -0.40033543 0.08000000 0.33832353
v -0.39973253 0.07775000 0.33032355
v -0.39973253 0.07775000 0.33832353
v -0.39808545 0.07610288 0.33032355
v -0.39808545 0.07610288 0.33832353
v -0.39583543 0.07550000 0.33032355
v -0.39583543 0.07550000 0.33832353
v -0.39358544 0.07610288 0.33032355
v -0.39358544 0.07610288 0.33832353
v -0.39193833 0.07775000 0.33032355
v -0.39193833 0.07775000 0.33832353
v -0.39133543 0.08000000 0.33032355
v -0.39133543 0.08000000 0.33832353
v -0.39193833 0.08225000 0.33032355
v -0.39193833 0.08225000 0.33832353
v -0.39358544 0.08389711 0.33032355
v -0.39358544 0.08389711 0.33832353
v -0.47583544 0.08450000 0.33032355
v -0.47583544 0.08450000 0.33832353
v -0.47808543 0.08389711 0.33032355
v -0.47808543 0.08389711 0.33832353
v -0.47973254 0.08225000 0.33032355
v -0.47973254 0.08225000 0.33832353
v -0.48033544 0.08000000 0.33032355
v -0.48033544 0.08000000 0.33832353
v -0.47973254 0.07775000 0.33032355
v -0.47973254 0.07775000 0.33832353
v -0.47808543 0.07610288 0.33032355
v -0.47808543 0.07610288 0.33832353
v -0.47583544 0.07550000 0.33032355
v -0.47583544 0.07550000 0.33832353
v -0.47358543 0.07610288 0.33032355
v -0.47358543 0.07610288 0.33832353
v -0.47193831 0.07775000 0.33032355
v -0.47193831 0.07775000 0.33832353
v -0.47133544 0.08000000 0.33032355
v -0.47133544 0.08000000 0.33832353
v -0.47193831 0.08225000 0.33032355
v -0.47193831 0.08225000 0.33832353
v -0.47358543 0.08389711 0.33032355
v -0.47358543 0.08389711 0.33832353
v -0.51583540 0.04450000 0.33032355
v -0.51583540 0.04450000 0.33832353
v -0.51808542 0.04389711 0.33032355
v -0.51808542 0.04389711 0.33832353
v -0.51973253 0.04225000 0.33032355
v -0.51973253 0.04225000 0.33832353
v -0.52033544 0.04000000 0.33032355
v -0.52033544 0.04000000 0.33832353
v -0.51973253 0.03775000 0.33032355
v -0.51973253 0.03775000 0.33832353
v -0.51808542 0.03610289 0.33032355
v -0.51808542 0.03610289 0.33832353
v -0.51583540 0.03550000 0.33032355
v -0.51583540 0.03550000 0.33832353
v -0.51358545 0.03610289 0.33032355
v -0.51358545 0.03610289 0.33832353
v -0.51193833 0.03775000 0.33032355
v -0.51193833 0.03775000 0.33832353
v -0.51133543 0.04000000 0.33032355
v -0.51133543 0.04000000 0.33832353
v -0.51193833 0.04225000 0.33032355
v -0.51193833 0.04225000 0.33832353
v -0.51358545 0.04389711 0.33032355
v -0.51358545 0.04389711 0.33832353
v -0.51583540 -0.03550000 0.33032355
v -0.51583540 -0.03550000 0.33832353
v -0.51808542 -0.03610289 0.33032355
v -0.51808542 -0.03610289 0.33832353
v -0.51973253 -0.03775000 0.33032355
v -0.51973253 -0.03775000 0.33832353
v -0.52033544 -0.04000000 0.33032355
v -0.52033544 -0.04000000 0.33832353
v -0.51973253 -0.04225000 0.33032355
v -0.51973253 -0.04225000 0.33832353
v -0.51808542 -0.04389711 0.33032355
v -0.51808542 -0.04389711 0.33832353
v -0.51583540 -0.04450000 0.33032355
v -0.51583540 -0.04450000 0.33832353
v -0.51358545 -0.04389711 0.33032355
v -0.51358545 -0.04389711 0.33832353
v -0.51193833 -0.04225000 0.33032355
v -0.51193833 -0.04225000 0.33832353
v -0.51133543 -0.04000000 0.33032355
v -0.51133543 -0.04000000 0.33832353
v -0.51193833 -0.03775000 0.33032355
v -0.51193833 -0.03775000 0.33832353
v -0.51358545 -0.03610289 0.33032355
v -0.51358545 -0.03610289 0.33832353
v -0.47583544 -0.07550000 0.33032355
v -0.47583544 -0.07550000 0.33832353
v -0.47808543 -0.07610288 0.33032355
v -0.47808543 -0.07610288 0.33832353
v -0.47973254 -0.07775000 0.33032355
v -0.47973254 -0.07775000 0.33832353
v -0.48033544 -0.08000000 0.33032355
v -0.48033544 -0.08000000 0.33832353
v -0.47973254 -0.08225000 0.33032355
v -0.47973254 -0.08225000 0.33832353
v -0.47808543 -0.08389711 0.33032355
v -0.47808543 -0.08389711 0.33832353
v -0.47583544 -0.08450000 0.33032355
v -0.47583544 -0.08450000 0.33832353
v -0.47358543 -0.08389711 0.33032355
v -0.47358543 -0.08389711 0.33832353
v -0.47193831 -0.08225000 0.33032355
v -0.47193831 -0.08225000 0.33832353
v -0.47133544 -0.08000000 0.33032355
v -0.47133544 -0.08000000 0.33832353
v -0.47193831 -0.07775000 0.33032355
v -0.47193831 -0.07775000 0.33832353
v -0.47358543 -0.07610288 0.33032355
v -0.47358543 -0.07610288 0.33832353
v -0.39583543 -0.07550000 0.33032355
v -0.39583543 -0.07550000 0.33832353
v -0.39808545 -0.07610288 0.33032355
v -0.39808545 -0.07610288 0.33832353
v -0.39973253 -0.07775000 0.33032355
v -0.39973253 -0.07775000 0.33832353
v -0.40033543 -0.08000000 0.33032355
v -0.40033543 -0.08000000 0.33832353
v -0.39973253 -0.08225000 0.33032355
v -0.39973253 -0.08225000 0.33832353
v -0.39808545 -0.08389711 0.33032355
v -0.39808545 -0.08389711 0.33832353
v -0.39583543 -0.08450000 0.33032355
v -0.39583543 -0.08450000 0.33832353
v -0.39358544 -0.08389711 0.33032355
v -0.39358544 -0.08389711 0.33832353
v -0.39193833 -0.08225000 0.33032355
v -0.39193833 -0.08225000 0.33832353
v -0.39133543 -0.08000000 0.33032355
v -0.39133543 -0.08000000 0.33832353
v -0.39193833 -0.07775000 0.33032355
v -0.39193833 -0.07775000 0.33832353
v -0.39358544 -0.07610288 0.33032355
v -0.39358544 -0.07610288 0.33832353
v -0.35583544 -0.03550000 0.33032355
v -0.35583544 -0.03550000 0.33832353
v -0.35808542 -0.03610289 0.33032355
v -0.35808542 -0.03610289 0.33832353
v -0.35973254 -0.03775000 0.33032355
v -0.35973254 -0.03775000 0.33832353
v -0.36033544 -0.04000000 0.33032355
v -0.36033544 -0.04000000 0.33832353
v -0.35973254 -0.04225000 0.33032355
v -0.35973254 -0.04225000 0.33832353
v -0.35808542 -0.04389711 0.33032355
v -0.35808542 -0.04389711 0.33832353
v -0.35583544 -0.04450000 0.33032355
v -0.35583544 -0.04450000 0.33832353
v -0.35358542 -0.04389711 0.33032355
v -0.35358542 -0.04389711 0.33832353
v -0.35193831 -0.04225000 0.33032355
v -0.35193831 -0.04225000 0.33832353
v -0.35133544 -0.04000000 0.33032355
v -0.35133544 -0.04000000 0.33832353
v -0.35193831 -0.03775000 0.33032355
v -0.35193831 -0.03775000 0.33832353
v -0.35358542 -0.03610289 0.33032355
v -0.35358542 -0.03610289 0.33832353
v -0.35583544 0.04450000 0.33032355
v -0.35583544 0.04450000 0.33832353
v -0.35808542 0.04389711 0.33032355
v -0.35808542 0.04389711 0.33832353
v -0.35973254 0.04225000 0.33032355
v -0.35973254 0.04225000 0.33832353
v -0.36033544 0.04000000 0.33032355
v -0.36033544 0.04000000 0.33832353
v -0.35973254 0.03775000 0.33032355
v -0.35973254 0.03775000 0.33832353
v -0.35808542 0.03610289 0.33032355
v -0.35808542 0.03610289 0.33832353
v -0.35583544 0.03550000 0.33032355
v -0.35583544 0.03550000 0.33832353
v -0.35358542 0.03610289 0.33032355
v -0.35358542 0.03610289 0.33832353
v -0.35193831 0.03775000 0.33032355
v -0.35193831 0.03775000 0.33832353
v -0.35133544 0.04000000 0.33032355
v -0.35133544 0.04000000 0.33832353
v -0.35193831 0.04225000 0.33032355
v -0.35193831 0.04225000 0.33832353
v -0.35358542 0.04389711 0.33032355
v -0.35358542 0.04389711 0.33832353
v -0.51583540 -0.09000000 0.33032355
v -0.51583540 -0.09000000 0.33832353
v -0.51966226 -0.08923879 0.33832353
v -0.51966226 -0.08923879 0.33032355
v -0.52290648 -0.08707107 0.33832353
v -0.52290648 -0.08707107 0.33032355
v -0.52507424 -0.08382683 0.33832353
v -0.52507424 -0.08382683 0.33032355
v -0.52583545 -0.08000000 0.33832353
v -0.52583545 -0.08000000 0.33032355
v -0.52583545 0.08000000 0.33032355
v -0.52583545 0.08000000 0.33832353
v -0.52507424 0.08382683 0.33832353
v -0.52507424 0.08382683 0.33032355
v -0.52290648 0.08707107 0.33832353
v -0.52290648 0.08707107 0.33032355
v -0.51966226 0.08923879 0.33832353
v -0.51966226 0.08923879 0.33032355
v -0.51583540 0.09000000 0.33832353
v -0.51583540 0.09000000 0.33032355
v -0.34583542 -0.08000000 0.33032355
v -0.34583542 -0.08000000 0.33832353
v -0.34659663 -0.08382683 0.33832353
v -0.34659663 -0.08382683 0.33032355
v -0.34876436 -0.08707107 0.33832353
v -0.34876436 -0.08707107 0.33032355
v -0.35200861 -0.08923879 0.33832353
v -0.35200861 -0.08923879 0.33032355
v -0.35583544 -0.09000000 0.33832353
v -0.35583544 -0.09000000 0.33032355
v -0.35583544 0.09000000 0.33032355
v -0.35583544 0.09000000 0.33832353
v -0.35200861 0.08923879 0.33832353
v -0.35200861 0.08923879 0.33032355
v -0.34876436 0.08707107 0.33832353
v -0.34876436 0.08707107 0.33032355
v -0.34659663 0.08382683 0.33832353
v -0.34659663 0.08382683 0.33032355
v -0.34583542 0.08000000 0.33832353
v -0.34583542 0.08000000 0.33032355
v -0.52583545 0.02223000 0.33032355
v -0.43583542 -0.04946317 0.33032355
v -0.47119042 -0.04946317 0.33032355
v -0.43583542 0.04946317 0.33032355
v -0.48881543 0.02223000 0.33032355
v -0.52583545 -0.04946317 0.33032355
v -0.50431544 -0.04946317 0.33032355
v -0.50431544 0.09000000 0.33032355
v -0.50431544 0.06496317 0.33032355
v -0.34583542 -0.04946317 0.33032355
v -0.34858543 0.06496317 0.33032355
v -0.36735544 0.06496317 0.33032355
v -0.47119042 0.02223000 0.33032355
v -0.50431544 0.02223000 0.33032355
v -0.50431544 -0.02223000 0.33032355
v -0.48881543 -0.02223000 0.33032355
v -0.47119042 -0.02223000 0.33032355
v -0.47119042 0.04946317 0.33032355
v -0.43583542 0.02223000 0.33032355
v -0.43583542 0.06496317 0.33032355
v -0.47119042 0.06496317 0.33032355
v -0.47119042 -0.09000000 0.33032355
v -0.43583542 -0.09000000 0.33032355
v -0.47119042 -0.03600317 0.33032355
v -0.43583542 -0.03600317 0.33032355
v -0.40048042 -0.04946317 0.33032355
v -0.40048042 -0.09000000 0.33032355
v -0.40048042 -0.03600317 0.33032355
v -0.40048042 0.02223000 0.33032355
v -0.40048042 0.06496317 0.33032355
v -0.38285545 0.02223000 0.33032355
v -0.39631543 0.02223000 0.33032355
v -0.39631543 -0.02223000 0.33032355
v -0.38285545 -0.02223000 0.33032355
v -0.36735544 -0.02223000 0.33032355
v -0.36735544 0.02223000 0.33032355
v -0.38285545 0.09000000 0.33032355
v -0.39631543 0.09000000 0.33032355
v -0.40048042 0.09000000 0.33032355
v -0.38285545 0.06496317 0.33032355
v -0.39631543 0.06496317 0.33032355
v -0.50431544 -0.03600317 0.33032355
v -0.52583545 -0.03600317 0.33032355
v -0.52583545 -0.02223000 0.33032355
v -0.38285545 -0.04946317 0.33032355
v -0.39631543 -0.04946317 0.33032355
v -0.39631543 -0.09000000 0.33032355
v -0.38285545 -0.09000000 0.33032355
v -0.36735544 -0.03600317 0.33032355
v -0.36735544 -0.04946317 0.33032355
v -0.34858543 -0.04946317 0.33032355
v -0.34858543 -0.03600317 0.33032355
v -0.34858543 -0.02223000 0.33032355
v -0.52583545 0.04946317 0.33032355
v -0.50431544 0.04946317 0.33032355
v -0.52583545 0.06496317 0.33032355
v -0.48881543 0.04946317 0.33032355
v -0.48881543 0.06496317 0.33032355
v -0.48881543 0.09000000 0.33032355
v -0.48881543 -0.04946317 0.33032355
v -0.48881543 -0.09000000 0.33032355
v -0.50431544 -0.09000000 0.33032355
v -0.48881543 -0.03600317 0.33032355
v -0.47119042 0.09000000 0.33032355
v -0.43583542 0.09000000 0.33032355
v -0.43583542 -0.02223000 0.33032355
v -0.40048042 -0.02223000 0.33032355
v -0.36735544 -0.09000000 0.33032355
v -0.39631543 -0.03600317 0.33032355
v -0.38285545 -0.03600317 0.33032355
v -0.36735544 0.09000000 0.33032355
v -0.34858543 0.02223000 0.33032355
v -0.36735544 0.04946317 0.33032355
v -0.38285545 0.04946317 0.33032355
v -0.39631543 0.04946317 0.33032355
v -0.40048042 0.04946317 0.33032355
v -0.34858543 0.04946317 0.33032355
v -0.34583542 0.06496317 0.33032355
v -0.34583542 0.04946317 0.33032355
v -0.34583542 0.02223000 0.33032355
v -0.34583542 -0.02223000 0.33032355
v -0.34583542 -0.03600317 0.33032355
v -0.52583545 0.06273317 0.33832353
v -0.52583545 0.04723317 0.33832353
v -0.52583545 0.02000000 0.33832353
v -0.52583545 -0.02000000 0.33832353
v -0.52583545 -0.03823317 0.33832353
v -0.52583545 -0.04723317 0.33832353
v -0.50208545 -0.09000000 0.33832353
v -0.48208544 -0.09000000 0.33832353
v -0.46896043 -0.09000000 0.33832353
v -0.43583542 -0.09000000 0.33832353
v -0.40271044 -0.09000000 0.33832353
v -0.36958542 -0.09000000 0.33832353
v -0.38958544 -0.09000000 0.33832353
v -0.34583542 0.06273317 0.33832353
v -0.34583542 0.04723317 0.33832353
v -0.34583542 0.02000000 0.33832353
v -0.34583542 -0.02000000 0.33832353
v -0.34583542 -0.03823317 0.33832353
v -0.34583542 -0.04723317 0.33832353
v -0.36958542 0.09000000 0.33832353
v -0.38958544 0.09000000 0.33832353
v -0.50208545 0.09000000 0.33832353
v -0.48208544 0.09000000 0.33832353
v -0.46896043 0.09000000 0.33832353
v -0.43583542 0.09000000 0.33832353
v -0.40271044 0.09000000 0.33832353
v -0.38958544 0.02000000 0.33832353
v -0.34858543 0.04723317 0.33832353
v -0.34858543 0.06273317 0.33832353
v -0.36958542 0.06273317 0.33832353
v -0.50208545 -0.03823317 0.33832353
v -0.36958542 -0.03823317 0.33832353
v -0.46896043 -0.04723317 0.33832353
v -0.46896043 0.04723317 0.33832353
v -0.50208545 0.06273317 0.33832353
v -0.34858543 -0.04723317 0.33832353
v -0.36958542 -0.04723317 0.33832353
v -0.50208545 -0.04723317 0.33832353
v -0.43583542 0.02000000 0.33832353
v -0.46896043 0.02000000 0.33832353
v -0.46896043 0.06273317 0.33832353
v -0.43583542 0.06273317 0.33832353
v -0.43583542 0.04723317 0.33832353
v -0.46896043 -0.03823317 0.33832353
v -0.43583542 -0.04723317 0.33832353
v -0.43583542 -0.03823317 0.33832353
v -0.40271044 -0.03823317 0.33832353
v -0.40271044 -0.04723317 0.33832353
v -0.40271044 0.04723317 0.33832353
v -0.40271044 0.02000000 0.33832353
v -0.40271044 0.06273317 0.33832353
v -0.34858543 -0.02000000 0.33832353
v -0.34858543 -0.03823317 0.33832353
v -0.34858543 0.02000000 0.33832353
v -0.36958542 0.04723317 0.33832353
v -0.36958542 0.02000000 0.33832353
v -0.38958544 -0.04723317 0.33832353
v -0.36958542 -0.02000000 0.33832353
v -0.38958544 -0.02000000 0.33832353
v -0.38958544 -0.03823317 0.33832353
v -0.38958544 0.04723317 0.33832353
v -0.38958544 0.06273317 0.33832353
v -0.46896043 -0.02000000 0.33832353
v -0.43583542 -0.02000000 0.33832353
v -0.40271044 -0.02000000 0.33832353
v -0.48208544 0.02000000 0.33832353
v -0.48208544 -0.04723317 0.33832353
v -0.48208544 -0.03823317 0.33832353
v -0.48208544 -0.02000000 0.33832353
v -0.50208545 -0.02000000 0.33832353
v -0.48208544 0.06273317 0.33832353
v -0.50208545 0.02000000 0.33832353
v -0.50208545 0.04723317 0.33832353
v -0.48208544 0.04723317 0.33832353
v -0.44365403 0.05716443 0.31400001
v -0.44192198 0.05416443 0.31400001
v -0.44711813 0.05716443 0.31400001
v -0.44365403 0.05116443 0.31400001
v -0.44885018 0.05416443 0.31400001
v -0.44711813 0.05116443 0.31400001
v -0.44365403 0.05116443 0.31000000
v -0.44711813 0.05116443 0.31000000
v -0.44192198 0.05416443 0.31000000
v -0.44365403 0.05716443 0.31000000
v -0.44711813 0.05716443 0.31000000
v -0.44885018 0.05416443 0.31000000
v -0.44356605 0.05956605 0.31000000
v -0.44244742 0.05904851 0.31000000
v -0.45087832 0.05263951 0.31000000
v -0.45107773 0.05385584 0.31000000
v -0.44930598 0.05830260 0.31000000
v -0.44832474 0.05904851 0.31000000
v -0.44720611 0.05956605 0.31000000
v -0.44600236 0.05983101 0.31000000
v -0.44538608 0.05986443 0.31000000
v -0.44476980 0.05983101 0.31000000
v -0.45101100 0.05508658 0.31000000
v -0.45068124 0.05627421 0.31000000
v -0.45010391 0.05736319 0.31000000
v -0.44777945 0.04899125 0.31000000
v -0.44883558 0.04962670 0.31000000
v -0.44973040 0.05047432 0.31000000
v -0.45042211 0.05149450 0.31000000
v -0.44146618 0.05830260 0.31000000
v -0.44066826 0.05736319 0.31000000
v -0.44009092 0.05627421 0.31000000
v -0.44299272 0.04899125 0.31000000
v -0.44416076 0.04859769 0.31000000
v -0.44538608 0.04846442 0.31000000
v -0.44661140 0.04859769 0.31000000
v -0.43976116 0.05508658 0.31000000
v -0.43969443 0.05385584 0.31000000
v -0.43989384 0.05263951 0.31000000
v -0.44035006 0.05149450 0.31000000
v -0.44104177 0.05047432 0.31000000
v -0.44193658 0.04962670 0.31000000
v -0.44608885 0.06062632 0.31080002
v -0.44746155 0.06032417 0.31080002
v -0.44873717 0.05973400 0.31080002
v -0.44985613 0.05888340 0.31080002
v -0.45076606 0.05781214 0.31080002
v -0.45142442 0.05657033 0.31080002
v -0.45180047 0.05521601 0.31080002
v -0.45187655 0.05381252 0.31080002
v -0.45164916 0.05242549 0.31080002
v -0.44468331 0.06062632 0.31080002
v -0.44331062 0.06032417 0.31080002
v -0.44203499 0.05973400 0.31080002
v -0.44091603 0.05888340 0.31080002
v -0.44000611 0.05781214 0.31080002
v -0.43934774 0.05657033 0.31080002
v -0.43897170 0.05521601 0.31080002
v -0.43889561 0.05381252 0.31080002
v -0.43912300 0.05242549 0.31080002
v -0.43964326 0.05111977 0.31080002
v -0.44043201 0.04995641 0.31080002
v -0.44145244 0.04898982 0.31080002
v -0.44265682 0.04826519 0.31080002
v -0.44398877 0.04781639 0.31080002
v -0.44538608 0.04766443 0.31080002
v -0.44678339 0.04781639 0.31080002
v -0.44811535 0.04826519 0.31080002
v -0.44931972 0.04898982 0.31080002
v -0.45034012 0.04995641 0.31080002
v -0.45101523 0.05091443 0.31080002
v -0.45112890 0.05111977 0.31080002
v -0.45034012 0.04995641 0.31800002
v -0.44931972 0.04898982 0.31800002
v -0.44811535 0.04826519 0.31800002
v -0.44678339 0.04781639 0.31800002
v -0.44538608 0.04766443 0.31800002
v -0.44398877 0.04781639 0.31800002
v -0.44265682 0.04826519 0.31800002
v -0.44145244 0.04898982 0.31800002
v -0.44043201 0.04995641 0.31800002
v -0.43964326 0.05111977 0.31800002
v -0.43912300 0.05242549 0.31800002
v -0.43889561 0.05381252 0.31800002
v -0.43897170 0.05521601 0.31800002
v -0.43934774 0.05657033 0.31800002
v -0.44000611 0.05781214 0.31800002
v -0.44091603 0.05888340 0.31800002
v -0.44203499 0.05973400 0.31800002
v -0.44331062 0.06032417 0.31800002
v -0.44468331 0.06062632 0.31800002
v -0.44608885 0.06062632 0.31800002
v -0.44746155 0.06032417 0.31800002
v -0.44873717 0.05973400 0.31800002
v -0.44985613 0.05888340 0.31800002
v -0.45076606 0.05781214 0.31800002
v -0.45142442 0.05657033 0.31800002
v -0.45180047 0.05521601 0.31800002
v -0.45187655 0.05381252 0.31800002
v -0.45164916 0.05242549 0.31800002
v -0.45112890 0.05111977 0.31800002
v -0.44937676 0.05443740 0.31800002
v -0.44930241 0.05335060 0.31800002
v -0.44893762 0.05232416 0.31800002
v -0.44830942 0.05143422 0.31800002
v -0.44746441 0.05074675 0.31800002
v -0.44697967 0.05783327 0.31800002
v -0.44791043 0.05726727 0.31800002
v -0.44865397 0.05647115 0.31800002
v -0.44915512 0.05550395 0.31800002
v -0.44286174 0.05726727 0.31800002
v -0.44379246 0.05783327 0.31800002
v -0.44484141 0.05812717 0.31800002
v -0.44593075 0.05812717 0.31800002
v -0.44430688 0.05031276 0.31800002
v -0.44330776 0.05074675 0.31800002
v -0.44246274 0.05143422 0.31800002
v -0.44183454 0.05232416 0.31800002
v -0.44146973 0.05335060 0.31800002
v -0.44646525 0.05031276 0.31800002
v -0.44538608 0.05016443 0.31800002
v -0.44139540 0.05443740 0.31800002
v -0.44161704 0.05550395 0.31800002
v -0.44211820 0.05647115 0.31800002
v -0.44830942 0.05143422 0.33800000
v -0.44746441 0.05074675 0.33800000
v -0.44697967 0.05783327 0.33800000
v -0.44865397 0.05647115 0.33800000
v -0.44915512 0.05550395 0.33800000
v -0.44937676 0.05443740 0.33800000
v -0.44430688 0.05031276 0.33800000
v -0.44593075 0.05812717 0.33800000
v -0.44484141 0.05812717 0.33800000
v -0.44791043 0.05726727 0.33800000
v -0.44893762 0.05232416 0.33800000
v -0.44646525 0.05031276 0.33800000
v -0.44538608 0.05016443 0.33800000
v -0.44183454 0.05232416 0.33800000
v -0.44146973 0.05335060 0.33800000
v -0.44246274 0.05143422 0.33800000
v -0.44139540 0.05443740 0.33800000
v -0.44330776 0.05074675 0.33800000
v -0.44161704 0.05550395 0.33800000
v -0.44211820 0.05647115 0.33800000
v -0.44286174 0.05726727 0.33800000
v -0.44379246 0.05783327 0.33800000
v -0.44930241 0.05335060 0.33800000
v -0.38068822 -0.01881111 0.31400001
v -0.38242027 -0.02181111 0.31400001
v -0.38242027 -0.01581111 0.31400001
v -0.38588437 -0.02181111 0.31400001
v -0.38588437 -0.01581111 0.31400001
v -0.38761643 -0.01881111 0.31400001
v -0.38761643 -0.01881111 0.31000000
v -0.38588437 -0.01581111 0.31000000
v -0.38588437 -0.02181111 0.31000000
v -0.38242027 -0.02181111 0.31000000
v -0.38068822 -0.01881111 0.31000000
v -0.38242027 -0.01581111 0.31000000
v -0.38233232 -0.01340949 0.31000000
v -0.38121367 -0.01392702 0.31000000
v -0.38807222 -0.01467293 0.31000000
v -0.38709098 -0.01392702 0.31000000
v -0.38597235 -0.01340949 0.31000000
v -0.38476861 -0.01314452 0.31000000
v -0.38415232 -0.01311111 0.31000000
v -0.38353607 -0.01314452 0.31000000
v -0.38984397 -0.01911970 0.31000000
v -0.38977724 -0.01788895 0.31000000
v -0.38944751 -0.01670132 0.31000000
v -0.38887015 -0.01561234 0.31000000
v -0.38023245 -0.01467293 0.31000000
v -0.37943450 -0.01561234 0.31000000
v -0.37885717 -0.01670132 0.31000000
v -0.38760182 -0.02334884 0.31000000
v -0.38849667 -0.02250121 0.31000000
v -0.38918835 -0.02148104 0.31000000
v -0.38964456 -0.02033602 0.31000000
v -0.38415232 -0.02451111 0.31000000
v -0.38537768 -0.02437785 0.31000000
v -0.38654572 -0.02398429 0.31000000
v -0.37852743 -0.01788895 0.31000000
v -0.37846071 -0.01911970 0.31000000
v -0.37866011 -0.02033602 0.31000000
v -0.38292700 -0.02437785 0.31000000
v -0.38175896 -0.02398429 0.31000000
v -0.37911633 -0.02148104 0.31000000
v -0.37980801 -0.02250121 0.31000000
v -0.38070285 -0.02334884 0.31000000
v -0.38415232 -0.01231111 0.31080002
v -0.38485512 -0.01234921 0.31080002
v -0.38622779 -0.01265136 0.31080002
v -0.38750345 -0.01324154 0.31080002
v -0.38862237 -0.01409214 0.31080002
v -0.38953233 -0.01516339 0.31080002
v -0.39019069 -0.01640521 0.31080002
v -0.39056671 -0.01775952 0.31080002
v -0.39064279 -0.01916301 0.31080002
v -0.39041540 -0.02055004 0.31080002
v -0.38989517 -0.02185576 0.31080002
v -0.38910639 -0.02301912 0.31080002
v -0.38808596 -0.02398571 0.31080002
v -0.38688162 -0.02471035 0.31080002
v -0.38554963 -0.02515914 0.31080002
v -0.38415232 -0.02531111 0.31080002
v -0.38275504 -0.02515914 0.31080002
v -0.38142306 -0.02471035 0.31080002
v -0.38021871 -0.02398571 0.31080002
v -0.37919828 -0.02301912 0.31080002
v -0.37840950 -0.02185576 0.31080002
v -0.37788928 -0.02055004 0.31080002
v -0.37766185 -0.01916301 0.31080002
v -0.37773797 -0.01775952 0.31080002
v -0.37811399 -0.01640521 0.31080002
v -0.37877235 -0.01516339 0.31080002
v -0.37968230 -0.01409214 0.31080002
v -0.38080123 -0.01324154 0.31080002
v -0.38207689 -0.01265136 0.31080002
v -0.38344955 -0.01234921 0.31080002
v -0.38485512 -0.01234921 0.31800002
v -0.38622779 -0.01265136 0.31800002
v -0.38750345 -0.01324154 0.31800002
v -0.38862237 -0.01409214 0.31800002
v -0.38953233 -0.01516339 0.31800002
v -0.39019069 -0.01640521 0.31800002
v -0.39056671 -0.01775952 0.31800002
v -0.39064279 -0.01916301 0.31800002
v -0.39041540 -0.02055004 0.31800002
v -0.38989517 -0.02185576 0.31800002
v -0.38910639 -0.02301912 0.31800002
v -0.38808596 -0.02398571 0.31800002
v -0.38688162 -0.02471035 0.31800002
v -0.38554963 -0.02515914 0.31800002
v -0.38415232 -0.02531111 0.31800002
v -0.38275504 -0.02515914 0.31800002
v -0.38142306 -0.02471035 0.31800002
v -0.38021871 -0.02398571 0.31800002
v -0.37919828 -0.02301912 0.31800002
v -0.37840950 -0.02185576 0.31800002
v -0.37788928 -0.02055004 0.31800002
v -0.37766188 -0.01916301 0.31800002
v -0.37773797 -0.01775952 0.31800002
v -0.37811399 -0.01640521 0.31800002
v -0.37877235 -0.01516339 0.31800002
v -0.37968230 -0.01409214 0.31800002
v -0.38080123 -0.01324154 0.31800002
v -0.38207689 -0.01265136 0.31800002
v -0.38344955 -0.01234921 0.31800002
v -0.38307315 -0.02266278 0.31800002
v -0.38207400 -0.02222878 0.31800002
v -0.38122898 -0.02154132 0.31800002
v -0.38060081 -0.02065137 0.31800002
v -0.38023600 -0.01962493 0.31800002
v -0.38623068 -0.02222878 0.31800002
v -0.38523152 -0.02266278 0.31800002
v -0.38415232 -0.02281111 0.31800002
v -0.38814300 -0.01853814 0.31800002
v -0.38806868 -0.01962493 0.31800002
v -0.38770387 -0.02065137 0.31800002
v -0.38707569 -0.02154132 0.31800002
v -0.38016167 -0.01853814 0.31800002
v -0.38038328 -0.01747159 0.31800002
v -0.38088447 -0.01650439 0.31800002
v -0.38162798 -0.01570826 0.31800002
v -0.38255873 -0.01514226 0.31800002
v -0.38360766 -0.01484836 0.31800002
v -0.38469699 -0.01484836 0.31800002
v -0.38574594 -0.01514226 0.31800002
v -0.38667670 -0.01570826 0.31800002
v -0.38742021 -0.01650439 0.31800002
v -0.38792139 -0.01747159 0.31800002
v -0.38806868 -0.01962493 0.33800000
v -0.38023600 -0.01962493 0.33800000
v -0.38814300 -0.01853814 0.33800000
v -0.38016167 -0.01853814 0.33800000
v -0.38038328 -0.01747159 0.33800000
v -0.38088447 -0.01650439 0.33800000
v -0.38162798 -0.01570826 0.33800000
v -0.38623068 -0.02222878 0.33800000
v -0.38523152 -0.02266278 0.33800000
v -0.38707569 -0.02154132 0.33800000
v -0.38415232 -0.02281111 0.33800000
v -0.38307315 -0.02266278 0.33800000
v -0.38207400 -0.02222878 0.33800000
v -0.38122898 -0.02154132 0.33800000
v -0.38770387 -0.02065137 0.33800000
v -0.38060081 -0.02065137 0.33800000
v -0.38255873 -0.01514226 0.33800000
v -0.38360766 -0.01484836 0.33800000
v -0.38792139 -0.01747159 0.33800000
v -0.38469699 -0.01484836 0.33800000
v -0.38574594 -0.01514226 0.33800000
v -0.38667670 -0.01570826 0.33800000
v -0.38742021 -0.01650439 0.33800000
v -0.44885018 -0.05416443 0.31400001
v -0.44711813 -0.05116443 0.31400001
v -0.44711813 -0.05716443 0.31400001
v -0.44365403 -0.05116443 0.31400001
v -0.44365403 -0.05716443 0.31400001
v -0.44192198 -0.05416443 0.31400001
v -0.44365403 -0.05116443 0.31000000
v -0.44192198 -0.05416443 0.31000000
v -0.44711813 -0.05116443 0.31000000
v -0.44885018 -0.05416443 0.31000000
v -0.44711813 -0.05716443 0.31000000
v -0.44365403 -0.05716443 0.31000000
v -0.44356605 -0.04876280 0.31000000
v -0.44244742 -0.04928034 0.31000000
v -0.45087832 -0.05568934 0.31000000
v -0.45107773 -0.05447302 0.31000000
v -0.43976116 -0.05324227 0.31000000
v -0.43969443 -0.05447302 0.31000000
v -0.43989384 -0.05568934 0.31000000
v -0.44930598 -0.05002625 0.31000000
v -0.44832474 -0.04928034 0.31000000
v -0.44720611 -0.04876280 0.31000000
v -0.44600236 -0.04849784 0.31000000
v -0.44538608 -0.04846442 0.31000000
v -0.44476980 -0.04849784 0.31000000
v -0.44035006 -0.05683435 0.31000000
v -0.44104177 -0.05785453 0.31000000
v -0.44193658 -0.05870216 0.31000000
v -0.44299272 -0.05933760 0.31000000
v -0.44146618 -0.05002625 0.31000000
v -0.44066826 -0.05096566 0.31000000
v -0.44009092 -0.05205464 0.31000000
v -0.45101100 -0.05324227 0.31000000
v -0.45068124 -0.05205464 0.31000000
v -0.45010391 -0.05096566 0.31000000
v -0.44416076 -0.05973116 0.31000000
v -0.44538608 -0.05986443 0.31000000
v -0.44661140 -0.05973116 0.31000000
v -0.44777945 -0.05933760 0.31000000
v -0.44883558 -0.05870216 0.31000000
v -0.44973040 -0.05785453 0.31000000
v -0.45042211 -0.05683435 0.31000000
v -0.44608885 -0.04770253 0.31080002
v -0.44468331 -0.04770253 0.31080002
v -0.44331062 -0.04800468 0.31080002
v -0.44203499 -0.04859485 0.31080002
v -0.44091603 -0.04944545 0.31080002
v -0.44000611 -0.05051671 0.31080002
v -0.43934774 -0.05175853 0.31080002
v -0.43897170 -0.05311284 0.31080002
v -0.43889561 -0.05451633 0.31080002
v -0.43912300 -0.05590336 0.31080002
v -0.43964326 -0.05720908 0.31080002
v -0.43975690 -0.05741443 0.31080002
v -0.44746155 -0.04800468 0.31080002
v -0.44873717 -0.04859485 0.31080002
v -0.44985613 -0.04944545 0.31080002
v -0.45076606 -0.05051671 0.31080002
v -0.45142442 -0.05175853 0.31080002
v -0.45180047 -0.05311284 0.31080002
v -0.45187655 -0.05451633 0.31080002
v -0.45164916 -0.05590336 0.31080002
v -0.45112890 -0.05720908 0.31080002
v -0.45034012 -0.05837244 0.31080002
v -0.44931972 -0.05933903 0.31080002
v -0.44811535 -0.06006367 0.31080002
v -0.44678339 -0.06051246 0.31080002
v -0.44538608 -0.06066443 0.31080002
v -0.44398877 -0.06051246 0.31080002
v -0.44265682 -0.06006367 0.31080002
v -0.44145244 -0.05933903 0.31080002
v -0.44043201 -0.05837244 0.31080002
v -0.43964326 -0.05720908 0.31800002
v -0.43912300 -0.05590336 0.31800002
v -0.43889561 -0.05451633 0.31800002
v -0.43897170 -0.05311284 0.31800002
v -0.43934774 -0.05175853 0.31800002
v -0.44000611 -0.05051671 0.31800002
v -0.44091603 -0.04944545 0.31800002
v -0.44203499 -0.04859485 0.31800002
v -0.44331062 -0.04800468 0.31800002
v -0.44468331 -0.04770253 0.31800002
v -0.44608885 -0.04770253 0.31800002
v -0.44746155 -0.04800468 0.31800002
v -0.44873717 -0.04859485 0.31800002
v -0.44985613 -0.04944545 0.31800002
v -0.45076606 -0.05051671 0.31800002
v -0.45142442 -0.05175853 0.31800002
v -0.45180047 -0.05311284 0.31800002
v -0.45187655 -0.05451633 0.31800002
v -0.45164916 -0.05590336 0.31800002
v -0.45112890 -0.05720908 0.31800002
v -0.45034012 -0.05837244 0.31800002
v -0.44931972 -0.05933903 0.31800002
v -0.44811535 -0.06006367 0.31800002
v -0.44678339 -0.06051246 0.31800002
v -0.44538608 -0.06066443 0.31800002
v -0.44398877 -0.06051246 0.31800002
v -0.44265682 -0.06006367 0.31800002
v -0.44145244 -0.05933903 0.31800002
v -0.44043201 -0.05837244 0.31800002
v -0.44697967 -0.05049558 0.31800002
v -0.44791043 -0.05106158 0.31800002
v -0.44865397 -0.05185771 0.31800002
v -0.44915512 -0.05282491 0.31800002
v -0.44937676 -0.05389146 0.31800002
v -0.44286174 -0.05106158 0.31800002
v -0.44379246 -0.05049558 0.31800002
v -0.44484141 -0.05020168 0.31800002
v -0.44593075 -0.05020168 0.31800002
v -0.44746441 -0.05758210 0.31800002
v -0.44646525 -0.05801610 0.31800002
v -0.44538608 -0.05816443 0.31800002
v -0.44430688 -0.05801610 0.31800002
v -0.44930241 -0.05497825 0.31800002
v -0.44893762 -0.05600469 0.31800002
v -0.44830942 -0.05689464 0.31800002
v -0.44146973 -0.05497825 0.31800002
v -0.44139540 -0.05389146 0.31800002
v -0.44161704 -0.05282491 0.31800002
v -0.44211820 -0.05185771 0.31800002
v -0.44330776 -0.05758210 0.31800002
v -0.44246274 -0.05689464 0.31800002
v -0.44183454 -0.05600469 0.31800002
v -0.44484141 -0.05020168 0.33800000
v -0.44646525 -0.05801610 0.33800000
v -0.44538608 -0.05816443 0.33800000
v -0.44430688 -0.05801610 0.33800000
v -0.44330776 -0.05758210 0.33800000
v -0.44379246 -0.05049558 0.33800000
v -0.44183454 -0.05600469 0.33800000
v -0.44146973 -0.05497825 0.33800000
v -0.44286174 -0.05106158 0.33800000
v -0.44593075 -0.05020168 0.33800000
v -0.44697967 -0.05049558 0.33800000
v -0.44746441 -0.05758210 0.33800000
v -0.44791043 -0.05106158 0.33800000
v -0.44865397 -0.05185771 0.33800000
v -0.44937676 -0.05389146 0.33800000
v -0.44930241 -0.05497825 0.33800000
v -0.44893762 -0.05600469 0.33800000
v -0.44246274 -0.05689464 0.33800000
v -0.44139540 -0.05389146 0.33800000
v -0.44161704 -0.05282491 0.33800000
v -0.44211820 -0.05185771 0.33800000
v -0.44915512 -0.05282491 0.33800000
v -0.44830942 -0.05689464 0.33800000
v -0.38168365 -0.01541324 0.31780002
v -0.38190758 -0.01526131 0.31780002
v -0.38041109 -0.01289478 0.31809503
v -0.38832933 -0.01837209 0.31780002
v -0.38834894 -0.01864199 0.31780002
v -0.39114666 -0.01852925 0.31809503
v -0.38778964 -0.02091111 0.31780002
v -0.38760886 -0.02119698 0.31780002
v -0.38991323 -0.02278756 0.31809503
v -0.38502556 -0.02291933 0.31780002
v -0.38527521 -0.02572046 0.31809503
v -0.38548234 -0.02279496 0.31780002
v -0.38636902 -0.02545086 0.31809503
v -0.38586062 -0.02264800 0.31780002
v -0.38740540 -0.02500930 0.31809503
v -0.38610417 -0.02253002 0.31780002
v -0.38662103 -0.02220898 0.31780002
v -0.38835752 -0.02440721 0.31809503
v -0.38667545 -0.02216877 0.31780002
v -0.38920075 -0.02366018 0.31809503
v -0.38718140 -0.02172055 0.31780002
v -0.38727355 -0.02162146 0.31780002
v -0.38794681 -0.02061162 0.31780002
v -0.39047650 -0.02181196 0.31809503
v -0.38814679 -0.02010898 0.31780002
v -0.39087597 -0.02075863 0.31809503
v -0.38818651 -0.01997962 0.31780002
v -0.39110130 -0.01965486 0.31809503
v -0.38832173 -0.01931736 0.31780002
v -0.38832933 -0.01925013 0.31780002
v -0.38826746 -0.01797100 0.31780002
v -0.39101088 -0.01741093 0.31809503
v -0.38814679 -0.01751324 0.31780002
v -0.39069745 -0.01632887 0.31809503
v -0.38807940 -0.01732177 0.31780002
v -0.39021450 -0.01531111 0.31809503
v -0.38778964 -0.01671111 0.31780002
v -0.38957456 -0.01438399 0.31809503
v -0.38740566 -0.01615484 0.31780002
v -0.38789359 -0.01289478 0.31809503
v -0.38662103 -0.01541324 0.31780002
v -0.38879418 -0.01357153 0.31809503
v -0.38693744 -0.01566736 0.31780002
v -0.38727355 -0.01600076 0.31780002
v -0.38502556 -0.01470289 0.31780002
v -0.38515747 -0.01473315 0.31780002
v -0.38582754 -0.01201451 0.31809503
v -0.38579860 -0.01494719 0.31780002
v -0.38689610 -0.01237125 0.31809503
v -0.38586062 -0.01497422 0.31780002
v -0.38639709 -0.01526131 0.31780002
v -0.38449028 -0.01462473 0.31780002
v -0.38471562 -0.01183381 0.31809503
v -0.38415232 -0.01461111 0.31780002
v -0.38358906 -0.01183381 0.31809503
v -0.38381436 -0.01462473 0.31780002
v -0.38327911 -0.01470289 0.31780002
v -0.38247713 -0.01201451 0.31809503
v -0.38314721 -0.01473315 0.31780002
v -0.38140857 -0.01237125 0.31809503
v -0.38250607 -0.01494719 0.31780002
v -0.38244405 -0.01497422 0.31780002
v -0.38136721 -0.01566736 0.31780002
v -0.37951049 -0.01357153 0.31809503
v -0.38103113 -0.01600076 0.31780002
v -0.37873009 -0.01438399 0.31809503
v -0.38089898 -0.01615484 0.31780002
v -0.37809017 -0.01531111 0.31809503
v -0.38051504 -0.01671111 0.31780002
v -0.37760723 -0.01632887 0.31809503
v -0.38022527 -0.01732177 0.31780002
v -0.37715802 -0.01852925 0.31809503
v -0.37997535 -0.01837209 0.31780002
v -0.37729380 -0.01741093 0.31809503
v -0.38003722 -0.01797100 0.31780002
v -0.38015789 -0.01751324 0.31780002
v -0.38015789 -0.02010898 0.31780002
v -0.38011816 -0.01997962 0.31780002
v -0.37742871 -0.02075863 0.31809503
v -0.37998295 -0.01931736 0.31780002
v -0.37720338 -0.01965486 0.31809503
v -0.37997535 -0.01925013 0.31780002
v -0.37995574 -0.01864199 0.31780002
v -0.38035783 -0.02061162 0.31780002
v -0.37782818 -0.02181196 0.31809503
v -0.38051504 -0.02091111 0.31780002
v -0.37839144 -0.02278756 0.31809503
v -0.38069579 -0.02119698 0.31780002
v -0.38103113 -0.02162146 0.31780002
v -0.37910393 -0.02366018 0.31809503
v -0.38112327 -0.02172055 0.31780002
v -0.37994713 -0.02440721 0.31809503
v -0.38162923 -0.02216877 0.31780002
v -0.38089928 -0.02500930 0.31809503
v -0.38220051 -0.02253002 0.31780002
v -0.38168365 -0.02220898 0.31780002
v -0.38482606 -0.02295672 0.31780002
v -0.38415232 -0.02301111 0.31780002
v -0.38415232 -0.02581111 0.31809503
v -0.38347861 -0.02295672 0.31780002
v -0.38302946 -0.02572046 0.31809503
v -0.38327911 -0.02291933 0.31780002
v -0.38193566 -0.02545086 0.31809503
v -0.38282233 -0.02279496 0.31780002
v -0.38244405 -0.02264800 0.31780002
v -0.38482606 -0.02295672 0.31870499
v -0.38415232 -0.02301111 0.31870499
v -0.38347861 -0.02295672 0.31870499
v -0.38327911 -0.02291933 0.31870499
v -0.38282233 -0.02279496 0.31870499
v -0.38244405 -0.02264800 0.31870499
v -0.38220051 -0.02253002 0.31870499
v -0.38168365 -0.02220898 0.31870499
v -0.38162923 -0.02216877 0.31870499
v -0.38112327 -0.02172055 0.31870499
v -0.38103113 -0.02162146 0.31870499
v -0.38069579 -0.02119698 0.31870499
v -0.38051504 -0.02091111 0.31870499
v -0.38035783 -0.02061162 0.31870499
v -0.38015789 -0.02010898 0.31870499
v -0.38011816 -0.01997962 0.31870499
v -0.37998295 -0.01931736 0.31870499
v -0.37997535 -0.01925013 0.31870499
v -0.37995574 -0.01864199 0.31870499
v -0.37997535 -0.01837209 0.31870499
v -0.38003722 -0.01797100 0.31870499
v -0.38015789 -0.01751324 0.31870499
v -0.38022527 -0.01732177 0.31870499
v -0.38051504 -0.01671111 0.31870499
v -0.38089898 -0.01615484 0.31870499
v -0.38103113 -0.01600076 0.31870499
v -0.38136721 -0.01566736 0.31870499
v -0.38168365 -0.01541324 0.31870499
v -0.38190758 -0.01526131 0.31870499
v -0.38244405 -0.01497422 0.31870499
v -0.38250607 -0.01494719 0.31870499
v -0.38314721 -0.01473315 0.31870499
v -0.38327911 -0.01470289 0.31870499
v -0.38381436 -0.01462473 0.31870499
v -0.38415232 -0.01461111 0.31870499
v -0.38449028 -0.01462473 0.31870499
v -0.38502556 -0.01470289 0.31870499
v -0.38515747 -0.01473315 0.31870499
v -0.38579860 -0.01494719 0.31870499
v -0.38586062 -0.01497422 0.31870499
v -0.38639709 -0.01526131 0.31870499
v -0.38662103 -0.01541324 0.31870499
v -0.38693744 -0.01566736 0.31870499
v -0.38727355 -0.01600076 0.31870499
v -0.38740566 -0.01615484 0.31870499
v -0.38778964 -0.01671111 0.31870499
v -0.38807940 -0.01732177 0.31870499
v -0.38814679 -0.01751324 0.31870499
v -0.38826746 -0.01797100 0.31870499
v -0.38832933 -0.01837209 0.31870499
v -0.38834894 -0.01864199 0.31870499
v -0.38832933 -0.01925013 0.31870499
v -0.38832173 -0.01931736 0.31870499
v -0.38818651 -0.01997962 0.31870499
v -0.38814679 -0.02010898 0.31870499
v -0.38794681 -0.02061162 0.31870499
v -0.38778964 -0.02091111 0.31870499
v -0.38760886 -0.02119698 0.31870499
v -0.38727355 -0.02162146 0.31870499
v -0.38718140 -0.02172055 0.31870499
v -0.38667545 -0.02216877 0.31870499
v -0.38662103 -0.02220898 0.31870499
v -0.38610417 -0.02253002 0.31870499
v -0.38586062 -0.02264800 0.31870499
v -0.38548234 -0.02279496 0.31870499
v -0.38502556 -0.02291933 0.31870499
v -0.38415232 -0.02581111 0.31900001
v -0.38302946 -0.02572046 0.31900001
v -0.38193566 -0.02545086 0.31900001
v -0.38089928 -0.02500930 0.31900001
v -0.37994713 -0.02440721 0.31900001
v -0.37910393 -0.02366018 0.31900001
v -0.37839144 -0.02278756 0.31900001
v -0.37782818 -0.02181196 0.31900001
v -0.37742871 -0.02075863 0.31900001
v -0.37720338 -0.01965486 0.31900001
v -0.37715802 -0.01852925 0.31900001
v -0.37729380 -0.01741093 0.31900001
v -0.37760723 -0.01632887 0.31900001
v -0.37809017 -0.01531111 0.31900001
v -0.37873009 -0.01438399 0.31900001
v -0.37951049 -0.01357153 0.31900001
v -0.38041109 -0.01289478 0.31900001
v -0.38140857 -0.01237125 0.31900001
v -0.38247713 -0.01201451 0.31900001
v -0.38358906 -0.01183381 0.31900001
v -0.38471562 -0.01183381 0.31900001
v -0.38582754 -0.01201451 0.31900001
v -0.38689610 -0.01237125 0.31900001
v -0.38789359 -0.01289478 0.31900001
v -0.38879418 -0.01357153 0.31900001
v -0.38957456 -0.01438399 0.31900001
v -0.39021450 -0.01531111 0.31900001
v -0.39069745 -0.01632887 0.31900001
v -0.39101088 -0.01741093 0.31900001
v -0.39114666 -0.01852925 0.31900001
v -0.39110130 -0.01965486 0.31900001
v -0.39087597 -0.02075863 0.31900001
v -0.39047650 -0.02181196 0.31900001
v -0.38991323 -0.02278756 0.31900001
v -0.38920075 -0.02366018 0.31900001
v -0.38835752 -0.02440721 0.31900001
v -0.38740540 -0.02500930 0.31900001
v -0.38636902 -0.02545086 0.31900001
v -0.38527521 -0.02572046 0.31900001
v -0.48935720 0.02082637 0.33866653
v -0.48937047 0.02079430 0.33865830
v -0.48894766 0.02072389 0.33825907
v -0.49058303 0.01786658 0.33648434
v -0.49062353 0.01776814 0.33632472
v -0.49010623 0.01792687 0.33610320
v -0.49095184 0.01697261 0.33349741
v -0.49095231 0.01697208 0.33340004
v -0.49040997 0.01719356 0.33340001
v -0.49067646 0.01763627 0.33070260
v -0.49062306 0.01776430 0.33047315
v -0.49010623 0.01792687 0.33069679
v -0.48680207 0.02695699 0.33391449
v -0.48659182 0.02641144 0.33387530
v -0.48681131 0.02696888 0.33359697
v -0.48658314 0.02643235 0.33340001
v -0.48659182 0.02641144 0.33292472
v -0.48682386 0.02694787 0.33288538
v -0.48681572 0.02697000 0.33340019
v -0.48686743 0.02681576 0.33203959
v -0.48684734 0.02686373 0.33226040
v -0.48666066 0.02624523 0.33199134
v -0.48683670 0.02689537 0.33243623
v -0.48695397 0.02661923 0.33139938
v -0.48692614 0.02668264 0.33158270
v -0.48696601 0.02659097 0.33132371
v -0.48679584 0.02591884 0.33110887
v -0.48702508 0.02644877 0.33098626
v -0.48692203 0.02669197 0.33161101
v -0.48688659 0.02677240 0.33187363
v -0.48729581 0.02579601 0.32991037
v -0.48725128 0.02590339 0.33005336
v -0.48699251 0.02544405 0.33030921
v -0.48718014 0.02607497 0.33030438
v -0.48716855 0.02610290 0.33034825
v -0.48708293 0.02630937 0.33070469
v -0.48703885 0.02641567 0.33091566
v -0.48753276 0.02522501 0.32928690
v -0.48752335 0.02524771 0.32930803
v -0.48724353 0.02483802 0.32962126
v -0.48741117 0.02551789 0.32958117
v -0.48733756 0.02569532 0.32978481
v -0.48753986 0.02412266 0.32906988
v -0.48781830 0.02453874 0.32875538
v -0.48774844 0.02470646 0.32886821
v -0.48767173 0.02489073 0.32900405
v -0.48787075 0.02332381 0.32867500
v -0.48820508 0.02360748 0.32828778
v -0.48817614 0.02367747 0.32831454
v -0.48801464 0.02406735 0.32848728
v -0.48798481 0.02413913 0.32852373
v -0.48797297 0.02416754 0.32853857
v -0.48784599 0.02447234 0.32871336
v -0.48867613 0.02246583 0.32801461
v -0.48858634 0.02268367 0.32804397
v -0.48822427 0.02247036 0.32845089
v -0.48851466 0.02285748 0.32807490
v -0.48850694 0.02287616 0.32807863
v -0.48834300 0.02327353 0.32817671
v -0.48823953 0.02352411 0.32825750
v -0.48858762 0.02159316 0.32840568
v -0.48897812 0.02173360 0.32799235
v -0.48895404 0.02179188 0.32798982
v -0.48876604 0.02224768 0.32799569
v -0.48936871 0.02079307 0.32813990
v -0.48935944 0.02081538 0.32813403
v -0.48894766 0.02072389 0.32854095
v -0.48918191 0.02124199 0.32804418
v -0.48905131 0.02155663 0.32800472
v -0.48929143 0.01989399 0.32885185
v -0.48974308 0.01989616 0.32847786
v -0.48964125 0.02014017 0.32836533
v -0.48954082 0.02038047 0.32827005
v -0.49013913 0.01893822 0.32909912
v -0.49008241 0.01907589 0.32898983
v -0.48960644 0.01913344 0.32932714
v -0.48993498 0.01943309 0.32873961
v -0.48978892 0.01978583 0.32853433
v -0.48988137 0.01846974 0.32994962
v -0.49036136 0.01839836 0.32961258
v -0.49022093 0.01873952 0.32927117
v -0.49058062 0.01786635 0.33030728
v -0.49048069 0.01810839 0.32996073
v -0.49038035 0.01835221 0.32966396
v -0.49083507 0.01725912 0.33159792
v -0.49080440 0.01733147 0.33138889
v -0.49027291 0.01752445 0.33154169
v -0.49076277 0.01743023 0.33113840
v -0.49071205 0.01755115 0.33087108
v -0.49088663 0.01713631 0.33203310
v -0.49037540 0.01727704 0.33245376
v -0.49091607 0.01706453 0.33237612
v -0.49095142 0.01697541 0.33321822
v -0.49094418 0.01699457 0.33290291
v -0.49092290 0.01704780 0.33247456
v -0.49037540 0.01727704 0.33434626
v -0.49092084 0.01704314 0.33432111
v -0.49094462 0.01698773 0.33384368
v -0.49080309 0.01733066 0.33541119
v -0.49083352 0.01725625 0.33519936
v -0.49027291 0.01752445 0.33525831
v -0.49088493 0.01713026 0.33475685
v -0.49091357 0.01706058 0.33442447
v -0.49067834 0.01763478 0.33608735
v -0.49070963 0.01755859 0.33593851
v -0.49076343 0.01742748 0.33565328
v -0.49049181 0.01808758 0.33680415
v -0.48988137 0.01846974 0.33685040
v -0.49038091 0.01835445 0.33713439
v -0.48960644 0.01913344 0.33747289
v -0.49022624 0.01872555 0.33751690
v -0.49036533 0.01839191 0.33717671
v -0.48998562 0.01930254 0.33797845
v -0.49007767 0.01908103 0.33781764
v -0.49008197 0.01907080 0.33780977
v -0.48983639 0.01966397 0.33820295
v -0.48929143 0.01989399 0.33794817
v -0.48974136 0.01989454 0.33832410
v -0.48946208 0.02057231 0.33859470
v -0.48952937 0.02040908 0.33854038
v -0.48969781 0.02000028 0.33837444
v -0.48858762 0.02159316 0.33839434
v -0.48902756 0.02162308 0.33879727
v -0.48919138 0.02122762 0.33874986
v -0.48858565 0.02268360 0.33875731
v -0.48868331 0.02244966 0.33878720
v -0.48822427 0.02247036 0.33834910
v -0.48885483 0.02203845 0.33881065
v -0.48898113 0.02173495 0.33880454
v -0.48820171 0.02360721 0.33851555
v -0.48831478 0.02333404 0.33860859
v -0.48787075 0.02332381 0.33812502
v -0.48837110 0.02319836 0.33864784
v -0.48849723 0.02289548 0.33871964
v -0.48783350 0.02450189 0.33806726
v -0.48784578 0.02447198 0.33808616
v -0.48753986 0.02412266 0.33773014
v -0.48799884 0.02409983 0.33829772
v -0.48814702 0.02373982 0.33846346
v -0.48767793 0.02487999 0.33780098
v -0.48724353 0.02483802 0.33717877
v -0.48754314 0.02520660 0.33752534
v -0.48725337 0.02590235 0.33674526
v -0.48728648 0.02582303 0.33685112
v -0.48699251 0.02544405 0.33649081
v -0.48742282 0.02549596 0.33723763
v -0.48752680 0.02524597 0.33748877
v -0.48703802 0.02641734 0.33588079
v -0.48707074 0.02633926 0.33603847
v -0.48679584 0.02591884 0.33569112
v -0.48717123 0.02609912 0.33645669
v -0.48722199 0.02597753 0.33663967
v -0.48686671 0.02680931 0.33479387
v -0.48688477 0.02677342 0.33492696
v -0.48666066 0.02624523 0.33480868
v -0.48691845 0.02670102 0.33516574
v -0.48699164 0.02652841 0.33563137
v -0.48679489 0.02694304 0.33410883
v -0.48679531 0.02693064 0.33422351
v -0.48685020 0.02684048 0.33466858
v -0.48703325 0.02732486 0.33288836
v -0.48691785 0.02713990 0.33289984
v -0.48694867 0.02706552 0.33222863
v -0.49034706 0.02095338 0.32764706
v -0.49062777 0.02027573 0.32789403
v -0.49104953 0.02042750 0.32784069
v -0.49177256 0.01868191 0.32906324
v -0.49169800 0.01886195 0.32888496
v -0.49127045 0.01872408 0.32892665
v -0.49108467 0.01804392 0.33707517
v -0.49098721 0.01827923 0.33736652
v -0.49142885 0.01834167 0.33747122
v -0.48772749 0.02614887 0.33727682
v -0.48763141 0.02638080 0.33698142
v -0.48798451 0.02665708 0.33707595
v -0.48792660 0.02796686 0.33447134
v -0.48796687 0.02786968 0.33494228
v -0.48756564 0.02766832 0.33493382
v -0.48722333 0.02736603 0.33489439
v -0.48715505 0.02753087 0.33424899
v -0.48749557 0.02783750 0.33427140
v -0.48690480 0.02717146 0.33421439
v -0.48690498 0.02717099 0.33412066
v -0.48715526 0.02753038 0.33415130
v -0.48951104 0.02297169 0.32749462
v -0.48936093 0.02333409 0.32755500
v -0.48897246 0.02314326 0.32770532
v -0.49115252 0.01900882 0.32867670
v -0.49071798 0.01892922 0.32879817
v -0.49191335 0.01834205 0.32944760
v -0.49180993 0.01859167 0.32915878
v -0.49138176 0.01845537 0.32919645
v -0.49204636 0.01685093 0.33326438
v -0.49203721 0.01687301 0.33286828
v -0.49157989 0.01684834 0.33288196
v -0.49132168 0.01860044 0.33775204
v -0.48848057 0.02662950 0.33741793
v -0.48858723 0.02637199 0.33770698
v -0.48818916 0.02616301 0.33766493
v -0.48789433 0.02687478 0.33675829
v -0.48788971 0.02805594 0.33340040
v -0.48790887 0.02800971 0.33417329
v -0.48768821 0.02795824 0.33417609
v -0.48744872 0.02585831 0.32968789
v -0.48892975 0.02228277 0.32784903
v -0.48930147 0.02138535 0.32788524
v -0.48921019 0.02160572 0.32785988
v -0.49008521 0.01949327 0.32857680
v -0.48697028 0.02701335 0.33483347
v -0.48720104 0.02645628 0.33622772
v -0.48707670 0.02675648 0.33558896
v -0.48776871 0.02508582 0.33786404
v -0.48755300 0.02560654 0.33738586
v -0.48736176 0.02606828 0.33683541
v -0.48800260 0.02452115 0.33825999
v -0.48825017 0.02392344 0.33856893
v -0.48851055 0.02329482 0.33878917
v -0.48878780 0.02262548 0.33891937
v -0.48962775 0.02059765 0.33873180
v -0.48935398 0.02125862 0.33888847
v -0.48907158 0.02194042 0.33895236
v -0.48988679 0.01997232 0.33848897
v -0.49014539 0.01934801 0.33813745
v -0.49012980 0.01938560 0.33816221
v -0.49037394 0.01879623 0.33771178
v -0.49058074 0.01829698 0.33720481
v -0.49076056 0.01786284 0.33663052
v -0.49090913 0.01750411 0.33600581
v -0.49102387 0.01722711 0.33534721
v -0.49110404 0.01703361 0.33466339
v -0.49112692 0.01697837 0.33437347
v -0.49115694 0.01690588 0.33364406
v -0.49114925 0.01692441 0.33290306
v -0.49110442 0.01703265 0.33217016
v -0.49102446 0.01722567 0.33146501
v -0.49091241 0.01749622 0.33080372
v -0.49077019 0.01783957 0.33019334
v -0.49072197 0.01795600 0.33002159
v -0.49053672 0.01840324 0.32947153
v -0.49032247 0.01892047 0.32898578
v -0.48983204 0.02010448 0.32825431
v -0.48956972 0.02073779 0.32802349
v -0.48837286 0.02362726 0.32812193
v -0.48864812 0.02296272 0.32793748
v -0.48811138 0.02425848 0.32839516
v -0.48786974 0.02484188 0.32874769
v -0.48764783 0.02537763 0.32917932
v -0.48727530 0.02627701 0.33026636
v -0.48712808 0.02663238 0.33092141
v -0.48702353 0.02688483 0.33156222
v -0.48715815 0.02752336 0.33359903
v -0.48702291 0.02734978 0.33359531
v -0.48690778 0.02716426 0.33359092
v -0.48749578 0.02783700 0.33417112
v -0.48731676 0.02769384 0.33416286
v -0.48733041 0.02766092 0.33287057
v -0.48763016 0.02693728 0.33639324
v -0.48749852 0.02725506 0.33571711
v -0.48774165 0.02724340 0.33608973
v -0.48882040 0.02580902 0.33822387
v -0.48841995 0.02560583 0.33817661
v -0.48875421 0.02596884 0.33809099
v -0.48830140 0.02589207 0.33793050
v -0.49190369 0.01719536 0.33132952
v -0.49195111 0.01708085 0.33170319
v -0.49239916 0.01716915 0.33180380
v -0.49089864 0.01962172 0.32823911
v -0.49102834 0.01930866 0.32844710
v -0.49145073 0.01945889 0.32839257
v -0.48878664 0.02472057 0.32804474
v -0.48892471 0.02438723 0.32788679
v -0.48932993 0.02457891 0.32783240
v -0.48716867 0.02749797 0.33287859
v -0.48770210 0.02792476 0.33286139
v -0.48750955 0.02780374 0.33286482
v -0.48752174 0.02777431 0.33249113
v -0.48791414 0.02799693 0.33427313
v -0.48807517 0.02760820 0.33576235
v -0.48767948 0.02739347 0.33574224
v -0.48803613 0.02770247 0.33550826
v -0.48746386 0.02678529 0.33634788
v -0.48733425 0.02709825 0.33568200
v -0.48754355 0.02659290 0.33667192
v -0.48813781 0.02745696 0.33611289
v -0.48820898 0.02728514 0.33645216
v -0.48781255 0.02707225 0.33642569
v -0.48821473 0.02727128 0.33647740
v -0.48829100 0.02708716 0.33678877
v -0.48845670 0.02668715 0.33734763
v -0.48808312 0.02641903 0.33737913
v -0.48800272 0.02603779 0.33761922
v -0.48783082 0.02589944 0.33755526
v -0.48823103 0.02548658 0.33812541
v -0.48805568 0.02535659 0.33805376
v -0.48870033 0.02609896 0.33797514
v -0.48829949 0.02476792 0.33846653
v -0.48867023 0.02500163 0.33860025
v -0.48855761 0.02414481 0.33878860
v -0.48907343 0.02519822 0.33864886
v -0.48921373 0.02368944 0.33916649
v -0.48882905 0.02348948 0.33901820
v -0.48907289 0.02402948 0.33906090
v -0.48869181 0.02382077 0.33891535
v -0.48893514 0.02436207 0.33893085
v -0.48962253 0.02387250 0.33921668
v -0.48947626 0.02422563 0.33910635
v -0.48934141 0.02455124 0.33897954
v -0.48909777 0.02513945 0.33868358
v -0.48936120 0.02333345 0.33924925
v -0.48911807 0.02279169 0.33915395
v -0.48897272 0.02314264 0.33909881
v -0.48977116 0.02351370 0.33930135
v -0.48987761 0.02325676 0.33934569
v -0.48951042 0.02297323 0.33930582
v -0.48926577 0.02243515 0.33918390
v -0.48992175 0.02315016 0.33936021
v -0.49007460 0.02278114 0.33939296
v -0.48966199 0.02260729 0.33933657
v -0.48981404 0.02224021 0.33934110
v -0.48941389 0.02207751 0.33918834
v -0.49022794 0.02241096 0.33939898
v -0.49028882 0.02226397 0.33939397
v -0.48996556 0.02187444 0.33931974
v -0.49038127 0.02204082 0.33937824
v -0.49011621 0.02151068 0.33927274
v -0.48956150 0.02172115 0.33916751
v -0.48970830 0.02136674 0.33912173
v -0.48999372 0.02067767 0.33895838
v -0.49053323 0.02167391 0.33933091
v -0.49068198 0.02131479 0.33925822
v -0.49026373 0.02115454 0.33920124
v -0.49069673 0.02127917 0.33924958
v -0.49040917 0.02080342 0.33910510
v -0.49026376 0.02002577 0.33870524
v -0.49068633 0.02013431 0.33884525
v -0.49051711 0.01941412 0.33836460
v -0.49081850 0.01981519 0.33868176
v -0.49094638 0.01950652 0.33849561
v -0.49053335 0.01937493 0.33833879
v -0.49096304 0.01946630 0.33846915
v -0.49108833 0.01916381 0.33825216
v -0.49077162 0.01879970 0.33789501
v -0.49065542 0.01908023 0.33812740
v -0.49082902 0.02095985 0.33915979
v -0.49108824 0.02033402 0.33891717
v -0.49110833 0.02028551 0.33889443
v -0.49124140 0.01996423 0.33872834
v -0.49137026 0.01965317 0.33854008
v -0.49138707 0.01961260 0.33851337
v -0.49145073 0.01945889 0.33840746
v -0.49151364 0.01930703 0.33829498
v -0.49120760 0.01887587 0.33801365
v -0.49088275 0.01853135 0.33764011
v -0.49163425 0.01901580 0.33805552
v -0.49174973 0.01873700 0.33779302
v -0.49177256 0.01868191 0.33773679
v -0.49155533 0.01746101 0.33615837
v -0.49139807 0.01784074 0.33681965
v -0.49162129 0.01787714 0.33685669
v -0.49152890 0.01810015 0.33717218
v -0.49204341 0.01802806 0.33692673
v -0.49185854 0.01847436 0.33751026
v -0.49117467 0.01782664 0.33676782
v -0.49205339 0.01800389 0.33689043
v -0.49213767 0.01780045 0.33655995
v -0.49170491 0.01767524 0.33652917
v -0.49178028 0.01749329 0.33618826
v -0.49221340 0.01761766 0.33621565
v -0.49225453 0.01751834 0.33600330
v -0.49190304 0.01719689 0.33548355
v -0.49201331 0.01693074 0.33444163
v -0.49155658 0.01690458 0.33441484
v -0.49198881 0.01698985 0.33475184
v -0.49153274 0.01696217 0.33471707
v -0.49144918 0.01716389 0.33542997
v -0.49132958 0.01745267 0.33611655
v -0.49233630 0.01732094 0.33550271
v -0.49239916 0.01716915 0.33499622
v -0.49242184 0.01711444 0.33476362
v -0.49244642 0.01705504 0.33445069
v -0.49203444 0.01687970 0.33405268
v -0.49158791 0.01682902 0.33365443
v -0.49157721 0.01685485 0.33403590
v -0.49246803 0.01700288 0.33405852
v -0.49247268 0.01699170 0.33393785
v -0.49204540 0.01685318 0.33366114
v -0.49158880 0.01682683 0.33326787
v -0.49247971 0.01697473 0.33366340
v -0.49248132 0.01697083 0.33326319
v -0.49247268 0.01699170 0.33286217
v -0.49201810 0.01691910 0.33247414
v -0.49245384 0.01703713 0.33246487
v -0.49198923 0.01698882 0.33208406
v -0.49156129 0.01689324 0.33249795
v -0.49153316 0.01696117 0.33211792
v -0.49144980 0.01716239 0.33138278
v -0.49233803 0.01731676 0.33130941
v -0.49225453 0.01751834 0.33079669
v -0.49178377 0.01748485 0.33062196
v -0.49221581 0.01761178 0.33059636
v -0.49163160 0.01785224 0.32996884
v -0.49133298 0.01744444 0.33069339
v -0.49118471 0.01780239 0.33005708
v -0.49113443 0.01792376 0.32987803
v -0.49157998 0.01797682 0.32978505
v -0.49200928 0.01811041 0.32975376
v -0.49204341 0.01802806 0.32987329
v -0.49206141 0.01798454 0.32993904
v -0.49148470 0.01820689 0.32948187
v -0.49094132 0.01839001 0.32930455
v -0.49104160 0.01814791 0.32958263
v -0.49083287 0.01865181 0.32904169
v -0.49157944 0.01914817 0.32863158
v -0.49145445 0.01944987 0.32839903
v -0.49059695 0.01922135 0.32857448
v -0.49047062 0.01952636 0.32837182
v -0.49020669 0.02016355 0.32803562
v -0.49108824 0.02033402 0.32788283
v -0.49076530 0.01994362 0.32805514
v -0.49132335 0.01976638 0.32818809
v -0.48993322 0.02082377 0.32779500
v -0.48965359 0.02149886 0.32765087
v -0.49020448 0.02129759 0.32756078
v -0.49006006 0.02164628 0.32749915
v -0.48955843 0.02172858 0.32762444
v -0.48996237 0.02188207 0.32747197
v -0.48981240 0.02224417 0.32745284
v -0.48926607 0.02243441 0.32761315
v -0.48941231 0.02208137 0.32760578
v -0.49076602 0.02111192 0.32759473
v -0.49069673 0.02127917 0.32755044
v -0.49062192 0.02145979 0.32750922
v -0.49047619 0.02181162 0.32744819
v -0.49037766 0.02204946 0.32742098
v -0.49028882 0.02226397 0.32740605
v -0.49022639 0.02241471 0.32740095
v -0.48966229 0.02260653 0.32746038
v -0.48911870 0.02279019 0.32764646
v -0.49007496 0.02278025 0.32740700
v -0.48992237 0.02314863 0.32743964
v -0.48987761 0.02325676 0.32745430
v -0.48921245 0.02369254 0.32764113
v -0.48962069 0.02387699 0.32758456
v -0.48906639 0.02404516 0.32775238
v -0.48882779 0.02349250 0.32778922
v -0.48868549 0.02383605 0.32789761
v -0.48841292 0.02449409 0.32818246
v -0.48947626 0.02422563 0.32769367
v -0.48816100 0.02510229 0.32854998
v -0.48804247 0.02538842 0.32876489
v -0.48792964 0.02566080 0.32899997
v -0.48782250 0.02591948 0.32925600
v -0.48919082 0.02491478 0.32799262
v -0.48909777 0.02513945 0.32811642
v -0.48852807 0.02534482 0.32842195
v -0.48893031 0.02554367 0.32837638
v -0.48840642 0.02563851 0.32864255
v -0.48875421 0.02596884 0.32870901
v -0.48829061 0.02591808 0.32888383
v -0.48869142 0.02612043 0.32884470
v -0.48818064 0.02618359 0.32914659
v -0.48858058 0.02638805 0.32910994
v -0.48807758 0.02643241 0.32942802
v -0.48773450 0.02726068 0.33074787
v -0.48780867 0.02708160 0.33039045
v -0.48821473 0.02727128 0.33032262
v -0.48789200 0.02688043 0.33004695
v -0.48837897 0.02687474 0.32969761
v -0.48798090 0.02666582 0.32972950
v -0.48845670 0.02668715 0.32945237
v -0.48847657 0.02663911 0.32939366
v -0.48772210 0.02616191 0.32953015
v -0.48762789 0.02638932 0.32982388
v -0.48754129 0.02659841 0.33013317
v -0.48746011 0.02679440 0.33046785
v -0.48738784 0.02696888 0.33081606
v -0.48727882 0.02723205 0.33148411
v -0.48718053 0.02746930 0.33251449
v -0.48720080 0.02742042 0.33217886
v -0.48723206 0.02734495 0.33185080
v -0.48762259 0.02753080 0.33143353
v -0.48757461 0.02764668 0.33180991
v -0.48754251 0.02772414 0.33214661
v -0.48813054 0.02747452 0.33072495
v -0.48803613 0.02770247 0.33129176
v -0.48801869 0.02774454 0.33141729
v -0.48797297 0.02785491 0.33179885
v -0.48794103 0.02793208 0.33213875
v -0.48792660 0.02796686 0.33232868
v -0.48789907 0.02803337 0.33285913
v -0.48993289 0.02879788 0.33232868
v -0.48989597 0.02888697 0.33340001
v -0.49004239 0.02853350 0.33129176
v -0.49022099 0.02810231 0.33032262
v -0.49046296 0.02751817 0.32945237
v -0.49076048 0.02679987 0.32870901
v -0.49110404 0.02597047 0.32811642
v -0.49148256 0.02505666 0.32769367
v -0.49188387 0.02408778 0.32745430
v -0.49229509 0.02309499 0.32740605
v -0.49270302 0.02211019 0.32755044
v -0.49309450 0.02116504 0.32788283
v -0.49345699 0.02028991 0.32839257
v -0.49377882 0.01951294 0.32906324
v -0.49404967 0.01885908 0.32987329
v -0.49426079 0.01834937 0.33079669
v -0.49440545 0.01800018 0.33180380
v -0.49447894 0.01782273 0.33286217
v -0.49448818 0.01780041 0.33340001
v -0.49447894 0.01782273 0.33393785
v -0.49440545 0.01800018 0.33499622
v -0.49426079 0.01834937 0.33600330
v -0.49404967 0.01885908 0.33692673
v -0.49377882 0.01951294 0.33773679
v -0.49345699 0.02028991 0.33840746
v -0.49309450 0.02116504 0.33891717
v -0.49270302 0.02211019 0.33924958
v -0.49229509 0.02309499 0.33939397
v -0.49188387 0.02408778 0.33934569
v -0.49148256 0.02505666 0.33910635
v -0.49110404 0.02597047 0.33868358
v -0.49076048 0.02679987 0.33809099
v -0.49046296 0.02751817 0.33734763
v -0.49022099 0.02810231 0.33647740
v -0.49004239 0.02853350 0.33550826
v -0.48993289 0.02879788 0.33447134
v -0.49209622 0.02357514 0.32814097
v -0.49247882 0.02265144 0.32818860
v -0.49285108 0.02175276 0.32842457
v -0.49319950 0.02091158 0.32884037
v -0.49351153 0.02015830 0.32942098
v -0.49377584 0.01952015 0.33014539
v -0.49398294 0.01902019 0.33098745
v -0.49412531 0.01867650 0.33191669
v -0.49419779 0.01850149 0.33289954
v -0.49420691 0.01847946 0.33340001
v -0.49419779 0.01850149 0.33390048
v -0.49412531 0.01867650 0.33488333
v -0.49398294 0.01902019 0.33581257
v -0.49377584 0.01952015 0.33665460
v -0.49351153 0.02015830 0.33737904
v -0.49319950 0.02091158 0.33795962
v -0.49285108 0.02175276 0.33837542
v -0.49247882 0.02265144 0.33861142
v -0.49209622 0.02357514 0.33865905
v -0.49171707 0.02449047 0.33851659
v -0.49135509 0.02536436 0.33818921
v -0.49102336 0.02616522 0.33768874
v -0.49073389 0.02686409 0.33703327
v -0.49049711 0.02743574 0.33624649
v -0.49032158 0.02785948 0.33535680
v -0.49021366 0.02812001 0.33439642
v -0.49017724 0.02820791 0.33340001
v -0.49021366 0.02812001 0.33240360
v -0.49032158 0.02785948 0.33144319
v -0.49049711 0.02743574 0.33055353
v -0.49073389 0.02686409 0.32976675
v -0.49102336 0.02616522 0.32911125
v -0.49135509 0.02536436 0.32861078
v -0.49171707 0.02449047 0.32828343
v -0.49605468 0.01924483 0.33340001
v -0.49604556 0.01926686 0.33390048
v -0.49604556 0.01926686 0.33289954
v -0.49597305 0.01944187 0.33191669
v -0.49583068 0.01978556 0.33098745
v -0.49562359 0.02028552 0.33014539
v -0.49535927 0.02092367 0.32942098
v -0.49504724 0.02167694 0.32884037
v -0.49469882 0.02251812 0.32842457
v -0.49432659 0.02341680 0.32818860
v -0.49394396 0.02434050 0.32814097
v -0.49356481 0.02525584 0.32828343
v -0.49320287 0.02612973 0.32861078
v -0.49287114 0.02693058 0.32911125
v -0.49258164 0.02762946 0.32976675
v -0.49234486 0.02820110 0.33055353
v -0.49216935 0.02862485 0.33144319
v -0.49206144 0.02888538 0.33240360
v -0.49202502 0.02897328 0.33340001
v -0.49206144 0.02888538 0.33439642
v -0.49216935 0.02862485 0.33535680
v -0.49234486 0.02820110 0.33624649
v -0.49258164 0.02762946 0.33703327
v -0.49287114 0.02693058 0.33768874
v -0.49320287 0.02612973 0.33818921
v -0.49356481 0.02525584 0.33851659
v -0.49394396 0.02434050 0.33865905
v -0.49432659 0.02341680 0.33861142
v -0.49469882 0.02251812 0.33837542
v -0.49504724 0.02167694 0.33795962
v -0.49535927 0.02092367 0.33737904
v -0.49562359 0.02028552 0.33665460
v -0.49583068 0.01978556 0.33581257
v -0.49597305 0.01944187 0.33488333
v -0.49235773 0.02817001 0.33622485
v -0.49218354 0.02859054 0.33534193
v -0.49207646 0.02884909 0.33438885
v -0.49204031 0.02893633 0.33340001
v -0.49207646 0.02884909 0.33241117
v -0.49218354 0.02859054 0.33145806
v -0.49235773 0.02817001 0.33057517
v -0.49259272 0.02760272 0.32979435
v -0.49288002 0.02690915 0.32914385
v -0.49320921 0.02611438 0.32864717
v -0.49356845 0.02524713 0.32832229
v -0.49394470 0.02433875 0.32818091
v -0.49432442 0.02342206 0.32822818
v -0.49469382 0.02253021 0.32846236
v -0.49503961 0.02169542 0.32887504
v -0.49534926 0.02094787 0.32945120
v -0.49561158 0.02031456 0.33017012
v -0.49581710 0.01981841 0.33100578
v -0.49595836 0.01947732 0.33192796
v -0.49603030 0.01930364 0.33290333
v -0.49603936 0.01928179 0.33340001
v -0.49603030 0.01930364 0.33389667
v -0.49595836 0.01947732 0.33487207
v -0.49581710 0.01981841 0.33579424
v -0.49561158 0.02031456 0.33662990
v -0.49534926 0.02094787 0.33734879
v -0.49503961 0.02169542 0.33792499
v -0.49469382 0.02253021 0.33833763
v -0.49432442 0.02342206 0.33857182
v -0.49394470 0.02433875 0.33861908
v -0.49356845 0.02524713 0.33847773
v -0.49320921 0.02611438 0.33815283
v -0.49288002 0.02690915 0.33765617
v -0.49259272 0.02760272 0.33700567
v -0.49696323 0.01966447 0.33340001
v -0.49695417 0.01968633 0.33389667
v -0.49695417 0.01968633 0.33290333
v -0.49688226 0.01986001 0.33192796
v -0.49674097 0.02020109 0.33100578
v -0.49653545 0.02069725 0.33017012
v -0.49627313 0.02133055 0.32945120
v -0.49596348 0.02207810 0.32887504
v -0.49561769 0.02291289 0.32846236
v -0.49524829 0.02380475 0.32822818
v -0.49486858 0.02472143 0.32818091
v -0.49449232 0.02562981 0.32832229
v -0.49413309 0.02649706 0.32864717
v -0.49380389 0.02729183 0.32914385
v -0.49351659 0.02798540 0.32979435
v -0.49328160 0.02855270 0.33057517
v -0.49310744 0.02897322 0.33145806
v -0.49300033 0.02923178 0.33241117
v -0.49296421 0.02931901 0.33340001
v -0.49300033 0.02923178 0.33438885
v -0.49310744 0.02897322 0.33534193
v -0.49328160 0.02855270 0.33622485
v -0.49351659 0.02798540 0.33700567
v -0.49380389 0.02729183 0.33765617
v -0.49413309 0.02649706 0.33815283
v -0.49449232 0.02562981 0.33847773
v -0.49486858 0.02472143 0.33861908
v -0.49524829 0.02380475 0.33857182
v -0.49561769 0.02291289 0.33833763
v -0.49596348 0.02207810 0.33792499
v -0.49627313 0.02133055 0.33734879
v -0.49653545 0.02069725 0.33662990
v -0.49674097 0.02020109 0.33579424
v -0.49688226 0.01986001 0.33487207
v -0.47457001 0.03288462 0.31780002
v -0.47445178 0.03305614 0.31780002
v -0.47210771 0.03152468 0.31809503
v -0.47376788 0.03535332 0.31780002
v -0.47378221 0.03570015 0.31780002
v -0.47099179 0.03593137 0.31809503
v -0.47515753 0.03847453 0.31780002
v -0.47538817 0.03866771 0.31780002
v -0.47366840 0.04087730 0.31809503
v -0.47840691 0.03953031 0.31780002
v -0.47865918 0.03949603 0.31780002
v -0.47912005 0.04225785 0.31809503
v -0.48136574 0.03782202 0.31780002
v -0.48148397 0.03765050 0.31780002
v -0.48382804 0.03918196 0.31809503
v -0.48216787 0.03535332 0.31780002
v -0.48215353 0.03500649 0.31780002
v -0.48494396 0.03477526 0.31809503
v -0.48077822 0.03223211 0.31780002
v -0.48054758 0.03203893 0.31780002
v -0.48226735 0.02982933 0.31809503
v -0.47912005 0.02844879 0.31809503
v -0.48024076 0.02873260 0.31809503
v -0.47926575 0.03135888 0.31780002
v -0.47933161 0.03138088 0.31780002
v -0.48129952 0.02919700 0.31809503
v -0.47996685 0.03165953 0.31780002
v -0.48006788 0.03171601 0.31780002
v -0.48105791 0.03250873 0.31780002
v -0.48311794 0.03061235 0.31809503
v -0.48136574 0.03288462 0.31780002
v -0.48382804 0.03152468 0.31809503
v -0.48148397 0.03305614 0.31780002
v -0.48180476 0.03364503 0.31780002
v -0.48437828 0.03254145 0.31809503
v -0.48181412 0.03366620 0.31780002
v -0.48475367 0.03363492 0.31809503
v -0.48203936 0.03432228 0.31780002
v -0.48207611 0.03448009 0.31780002
v -0.48215353 0.03570015 0.31780002
v -0.48494396 0.03593137 0.31809503
v -0.48207611 0.03622655 0.31780002
v -0.48475367 0.03707172 0.31809503
v -0.48203936 0.03638436 0.31780002
v -0.48437828 0.03816519 0.31809503
v -0.48181412 0.03704044 0.31780002
v -0.48180476 0.03706161 0.31780002
v -0.48105791 0.03819790 0.31780002
v -0.48311794 0.04009429 0.31809503
v -0.48077822 0.03847453 0.31780002
v -0.48226735 0.04087730 0.31809503
v -0.48054758 0.03866771 0.31780002
v -0.48006788 0.03899062 0.31780002
v -0.48129952 0.04150964 0.31809503
v -0.47996685 0.03904711 0.31780002
v -0.48024076 0.04197404 0.31809503
v -0.47933161 0.03932575 0.31780002
v -0.47926575 0.03934776 0.31780002
v -0.47796789 0.03955332 0.31780002
v -0.47796789 0.04235332 0.31809503
v -0.47752887 0.03953031 0.31780002
v -0.47681570 0.04225785 0.31809503
v -0.47727656 0.03949603 0.31780002
v -0.47667000 0.03934776 0.31780002
v -0.47569498 0.04197404 0.31809503
v -0.47660413 0.03932575 0.31780002
v -0.47463626 0.04150964 0.31809503
v -0.47596890 0.03904711 0.31780002
v -0.47586787 0.03899062 0.31780002
v -0.47487783 0.03819790 0.31780002
v -0.47281781 0.04009429 0.31809503
v -0.47457001 0.03782202 0.31780002
v -0.47210771 0.03918196 0.31809503
v -0.47445178 0.03765050 0.31780002
v -0.47413099 0.03706161 0.31780002
v -0.47155747 0.03816519 0.31809503
v -0.47412163 0.03704044 0.31780002
v -0.47118208 0.03707172 0.31809503
v -0.47389638 0.03638436 0.31780002
v -0.47385967 0.03622655 0.31780002
v -0.47378221 0.03500649 0.31780002
v -0.47099179 0.03477526 0.31809503
v -0.47385967 0.03448009 0.31780002
v -0.47118208 0.03363492 0.31809503
v -0.47389638 0.03432228 0.31780002
v -0.47155747 0.03254145 0.31809503
v -0.47412163 0.03366620 0.31780002
v -0.47413099 0.03364503 0.31780002
v -0.47487783 0.03250873 0.31780002
v -0.47281781 0.03061235 0.31809503
v -0.47515753 0.03223211 0.31780002
v -0.47366840 0.02982933 0.31809503
v -0.47538817 0.03203893 0.31780002
v -0.47586787 0.03171601 0.31780002
v -0.47463626 0.02919700 0.31809503
v -0.47596890 0.03165953 0.31780002
v -0.47569498 0.02873260 0.31809503
v -0.47660413 0.03138088 0.31780002
v -0.47681570 0.02844879 0.31809503
v -0.47727656 0.03121060 0.31780002
v -0.47667000 0.03135888 0.31780002
v -0.47865918 0.03121060 0.31780002
v -0.47840691 0.03117633 0.31780002
v -0.47796789 0.02835332 0.31809503
v -0.47796789 0.03115332 0.31780002
v -0.47752887 0.03117633 0.31780002
v -0.48215353 0.03570015 0.31870499
v -0.48207611 0.03622655 0.31870499
v -0.48203936 0.03638436 0.31870499
v -0.48181412 0.03704044 0.31870499
v -0.48180476 0.03706161 0.31870499
v -0.48148397 0.03765050 0.31870499
v -0.48136574 0.03782202 0.31870499
v -0.48105791 0.03819790 0.31870499
v -0.48077822 0.03847453 0.31870499
v -0.48054758 0.03866771 0.31870499
v -0.48006788 0.03899062 0.31870499
v -0.47996685 0.03904711 0.31870499
v -0.47933161 0.03932575 0.31870499
v -0.47926575 0.03934776 0.31870499
v -0.47865918 0.03949603 0.31870499
v -0.47840691 0.03953031 0.31870499
v -0.47796789 0.03955332 0.31870499
v -0.47752887 0.03953031 0.31870499
v -0.47727656 0.03949603 0.31870499
v -0.47667000 0.03934776 0.31870499
v -0.47660413 0.03932575 0.31870499
v -0.47596890 0.03904711 0.31870499
v -0.47586787 0.03899062 0.31870499
v -0.47538817 0.03866771 0.31870499
v -0.47515753 0.03847453 0.31870499
v -0.47487783 0.03819790 0.31870499
v -0.47457001 0.03782202 0.31870499
v -0.47445178 0.03765050 0.31870499
v -0.47413099 0.03706161 0.31870499
v -0.47412163 0.03704044 0.31870499
v -0.47389638 0.03638436 0.31870499
v -0.47385967 0.03622655 0.31870499
v -0.47378221 0.03570015 0.31870499
v -0.47376788 0.03535332 0.31870499
v -0.47378221 0.03500649 0.31870499
v -0.47385967 0.03448009 0.31870499
v -0.47389638 0.03432228 0.31870499
v -0.47412163 0.03366620 0.31870499
v -0.47413099 0.03364503 0.31870499
v -0.47445178 0.03305614 0.31870499
v -0.47457001 0.03288462 0.31870499
v -0.47487783 0.03250873 0.31870499
v -0.47515753 0.03223211 0.31870499
v -0.47538817 0.03203893 0.31870499
v -0.47586787 0.03171601 0.31870499
v -0.47596890 0.03165953 0.31870499
v -0.47660413 0.03138088 0.31870499
v -0.47667000 0.03135888 0.31870499
v -0.47727656 0.03121060 0.31870499
v -0.47752887 0.03117633 0.31870499
v -0.47796789 0.03115332 0.31870499
v -0.47840691 0.03117633 0.31870499
v -0.47865918 0.03121060 0.31870499
v -0.47926575 0.03135888 0.31870499
v -0.47933161 0.03138088 0.31870499
v -0.47996685 0.03165953 0.31870499
v -0.48006788 0.03171601 0.31870499
v -0.48054758 0.03203893 0.31870499
v -0.48077822 0.03223211 0.31870499
v -0.48105791 0.03250873 0.31870499
v -0.48136574 0.03288462 0.31870499
v -0.48148397 0.03305614 0.31870499
v -0.48180476 0.03364503 0.31870499
v -0.48181412 0.03366620 0.31870499
v -0.48203936 0.03432228 0.31870499
v -0.48207611 0.03448009 0.31870499
v -0.48215353 0.03500649 0.31870499
v -0.48216787 0.03535332 0.31870499
v -0.47796789 0.02835332 0.31900001
v -0.47681570 0.02844879 0.31900001
v -0.47569498 0.02873260 0.31900001
v -0.47463626 0.02919700 0.31900001
v -0.47366840 0.02982933 0.31900001
v -0.47281781 0.03061235 0.31900001
v -0.47210771 0.03152468 0.31900001
v -0.47155747 0.03254145 0.31900001
v -0.47118208 0.03363492 0.31900001
v -0.47099179 0.03477526 0.31900001
v -0.47099179 0.03593137 0.31900001
v -0.47118208 0.03707172 0.31900001
v -0.47155747 0.03816519 0.31900001
v -0.47210771 0.03918196 0.31900001
v -0.47281781 0.04009429 0.31900001
v -0.47366840 0.04087730 0.31900001
v -0.47463626 0.04150964 0.31900001
v -0.47569498 0.04197404 0.31900001
v -0.47681570 0.04225785 0.31900001
v -0.47796789 0.04235332 0.31900001
v -0.47912005 0.04225785 0.31900001
v -0.48024076 0.04197404 0.31900001
v -0.48129952 0.04150964 0.31900001
v -0.48226735 0.04087730 0.31900001
v -0.48311794 0.04009429 0.31900001
v -0.48382804 0.03918196 0.31900001
v -0.48437828 0.03816519 0.31900001
v -0.48475367 0.03707172 0.31900001
v -0.48494396 0.03593137 0.31900001
v -0.48494396 0.03477526 0.31900001
v -0.48475367 0.03363492 0.31900001
v -0.48437828 0.03254145 0.31900001
v -0.48382804 0.03152468 0.31900001
v -0.48311794 0.03061235 0.31900001
v -0.48226735 0.02982933 0.31900001
v -0.48129952 0.02919700 0.31900001
v -0.48024076 0.02873260 0.31900001
v -0.47912005 0.02844879 0.31900001
v -0.48143199 -0.03535332 0.31400001
v -0.47969994 -0.03235332 0.31400001
v -0.47969994 -0.03835332 0.31400001
v -0.47623584 -0.03235332 0.31400001
v -0.47623584 -0.03835332 0.31400001
v -0.47450379 -0.03535332 0.31400001
v -0.47623584 -0.03235332 0.31000000
v -0.47450379 -0.03535332 0.31000000
v -0.47969994 -0.03235332 0.31000000
v -0.48143199 -0.03535332 0.31000000
v -0.47969994 -0.03835332 0.31000000
v -0.47623584 -0.03835332 0.31000000
v -0.48188776 -0.03121514 0.31000000
v -0.48090655 -0.03046923 0.31000000
v -0.47404799 -0.03121514 0.31000000
v -0.47325006 -0.03215455 0.31000000
v -0.47234297 -0.03443116 0.31000000
v -0.47227624 -0.03566191 0.31000000
v -0.47247565 -0.03687823 0.31000000
v -0.47267270 -0.03324353 0.31000000
v -0.47978789 -0.02995170 0.31000000
v -0.47858414 -0.02968673 0.31000000
v -0.47796789 -0.02965332 0.31000000
v -0.47735161 -0.02968673 0.31000000
v -0.47614786 -0.02995170 0.31000000
v -0.47502923 -0.03046923 0.31000000
v -0.48365951 -0.03566191 0.31000000
v -0.48359278 -0.03443116 0.31000000
v -0.48326305 -0.03324353 0.31000000
v -0.48268571 -0.03215455 0.31000000
v -0.47557449 -0.04052650 0.31000000
v -0.47674254 -0.04092006 0.31000000
v -0.47796789 -0.04105332 0.31000000
v -0.47919321 -0.04092006 0.31000000
v -0.48036125 -0.04052650 0.31000000
v -0.48141736 -0.03989105 0.31000000
v -0.47293186 -0.03802325 0.31000000
v -0.47362354 -0.03904342 0.31000000
v -0.47451839 -0.03989105 0.31000000
v -0.48231220 -0.03904342 0.31000000
v -0.48300388 -0.03802325 0.31000000
v -0.48346010 -0.03687823 0.31000000
v -0.47867066 -0.02889142 0.31080002
v -0.47726509 -0.02889142 0.31080002
v -0.47589242 -0.02919357 0.31080002
v -0.47461677 -0.02978375 0.31080002
v -0.47349784 -0.03063435 0.31080002
v -0.47258788 -0.03170560 0.31080002
v -0.47192952 -0.03294742 0.31080002
v -0.47155350 -0.03430174 0.31080002
v -0.47147742 -0.03570522 0.31080002
v -0.47170481 -0.03709225 0.31080002
v -0.47222504 -0.03839798 0.31080002
v -0.47233871 -0.03860332 0.31080002
v -0.48004332 -0.02919357 0.31080002
v -0.48131898 -0.02978375 0.31080002
v -0.48243791 -0.03063435 0.31080002
v -0.48334786 -0.03170560 0.31080002
v -0.48400623 -0.03294742 0.31080002
v -0.48438224 -0.03430174 0.31080002
v -0.48445833 -0.03570522 0.31080002
v -0.48423094 -0.03709225 0.31080002
v -0.48371071 -0.03839798 0.31080002
v -0.48292193 -0.03956133 0.31080002
v -0.48190150 -0.04052792 0.31080002
v -0.48069715 -0.04125256 0.31080002
v -0.47936517 -0.04170135 0.31080002
v -0.47796789 -0.04185332 0.31080002
v -0.47657058 -0.04170135 0.31080002
v -0.47523859 -0.04125256 0.31080002
v -0.47403425 -0.04052792 0.31080002
v -0.47301382 -0.03956133 0.31080002
v -0.47222504 -0.03839798 0.31800002
v -0.47170481 -0.03709225 0.31800002
v -0.47147742 -0.03570522 0.31800002
v -0.47155350 -0.03430174 0.31800002
v -0.47192952 -0.03294742 0.31800002
v -0.47258788 -0.03170560 0.31800002
v -0.47349784 -0.03063435 0.31800002
v -0.47461677 -0.02978375 0.31800002
v -0.47589242 -0.02919357 0.31800002
v -0.47726509 -0.02889142 0.31800002
v -0.47867066 -0.02889142 0.31800002
v -0.48004332 -0.02919357 0.31800002
v -0.48131898 -0.02978375 0.31800002
v -0.48243791 -0.03063435 0.31800002
v -0.48334786 -0.03170560 0.31800002
v -0.48400623 -0.03294742 0.31800002
v -0.48438224 -0.03430174 0.31800002
v -0.48445833 -0.03570522 0.31800002
v -0.48423094 -0.03709225 0.31800002
v -0.48371071 -0.03839798 0.31800002
v -0.48292193 -0.03956133 0.31800002
v -0.48190150 -0.04052792 0.31800002
v -0.48069715 -0.04125256 0.31800002
v -0.47936517 -0.04170135 0.31800002
v -0.47796789 -0.04185332 0.31800002
v -0.47657058 -0.04170135 0.31800002
v -0.47523859 -0.04125256 0.31800002
v -0.47403425 -0.04052792 0.31800002
v -0.47301382 -0.03956133 0.31800002
v -0.48004621 -0.03877100 0.31800002
v -0.47904706 -0.03920499 0.31800002
v -0.47796789 -0.03935332 0.31800002
v -0.47688869 -0.03920499 0.31800002
v -0.48195854 -0.03508035 0.31800002
v -0.48188421 -0.03616714 0.31800002
v -0.48151940 -0.03719358 0.31800002
v -0.48089123 -0.03808353 0.31800002
v -0.47405154 -0.03616714 0.31800002
v -0.47397721 -0.03508035 0.31800002
v -0.47419882 -0.03401380 0.31800002
v -0.47470000 -0.03304660 0.31800002
v -0.47544351 -0.03225048 0.31800002
v -0.47588953 -0.03877100 0.31800002
v -0.47504452 -0.03808353 0.31800002
v -0.47441635 -0.03719358 0.31800002
v -0.47956148 -0.03168447 0.31800002
v -0.48049223 -0.03225048 0.31800002
v -0.48123574 -0.03304660 0.31800002
v -0.48173693 -0.03401380 0.31800002
v -0.47637427 -0.03168447 0.31800002
v -0.47742322 -0.03139057 0.31800002
v -0.47851256 -0.03139057 0.31800002
v -0.47397721 -0.03508035 0.33800000
v -0.47419882 -0.03401380 0.33800000
v -0.48188421 -0.03616714 0.33800000
v -0.47470000 -0.03304660 0.33800000
v -0.48195854 -0.03508035 0.33800000
v -0.47637427 -0.03168447 0.33800000
v -0.47742322 -0.03139057 0.33800000
v -0.48173693 -0.03401380 0.33800000
v -0.47851256 -0.03139057 0.33800000
v -0.47796789 -0.03935332 0.33800000
v -0.48151940 -0.03719358 0.33800000
v -0.48089123 -0.03808353 0.33800000
v -0.48004621 -0.03877100 0.33800000
v -0.47904706 -0.03920499 0.33800000
v -0.47688869 -0.03920499 0.33800000
v -0.47588953 -0.03877100 0.33800000
v -0.47504452 -0.03808353 0.33800000
v -0.47544351 -0.03225048 0.33800000
v -0.47441635 -0.03719358 0.33800000
v -0.47405154 -0.03616714 0.33800000
v -0.47956148 -0.03168447 0.33800000
v -0.48049223 -0.03225048 0.33800000
v -0.48123574 -0.03304660 0.33800000
v -0.38761643 0.01881111 0.31400001
v -0.38588437 0.02181111 0.31400001
v -0.38588437 0.01581111 0.31400001
v -0.38242027 0.02181111 0.31400001
v -0.38242027 0.01581111 0.31400001
v -0.38068822 0.01881111 0.31400001
v -0.38761643 0.01881111 0.31000000
v -0.38588437 0.02181111 0.31000000
v -0.38588437 0.01581111 0.31000000
v -0.38242027 0.01581111 0.31000000
v -0.38068822 0.01881111 0.31000000
v -0.38242027 0.02181111 0.31000000
v -0.38070285 0.01427338 0.31000000
v -0.38175896 0.01363793 0.31000000
v -0.38964456 0.01728620 0.31000000
v -0.38984397 0.01850252 0.31000000
v -0.38233232 0.02421273 0.31000000
v -0.38121367 0.02369519 0.31000000
v -0.38023245 0.02294928 0.31000000
v -0.38807222 0.02294928 0.31000000
v -0.38709098 0.02369519 0.31000000
v -0.38597235 0.02421273 0.31000000
v -0.38476861 0.02447769 0.31000000
v -0.38415232 0.02451111 0.31000000
v -0.38353607 0.02447769 0.31000000
v -0.38977724 0.01973327 0.31000000
v -0.38944751 0.02092090 0.31000000
v -0.38887015 0.02200987 0.31000000
v -0.37943450 0.02200987 0.31000000
v -0.37885717 0.02092090 0.31000000
v -0.37852743 0.01973327 0.31000000
v -0.37846071 0.01850252 0.31000000
v -0.38654572 0.01363793 0.31000000
v -0.38760182 0.01427338 0.31000000
v -0.38849667 0.01512101 0.31000000
v -0.38918835 0.01614118 0.31000000
v -0.38292700 0.01324437 0.31000000
v -0.38415232 0.01311111 0.31000000
v -0.38537768 0.01324437 0.31000000
v -0.37866011 0.01728620 0.31000000
v -0.37911633 0.01614118 0.31000000
v -0.37980801 0.01512101 0.31000000
v -0.38415232 0.02531111 0.31080002
v -0.38485512 0.02527300 0.31080002
v -0.38622779 0.02497085 0.31080002
v -0.38750345 0.02438068 0.31080002
v -0.38862237 0.02353008 0.31080002
v -0.38953233 0.02245882 0.31080002
v -0.39019069 0.02121701 0.31080002
v -0.39056671 0.01986269 0.31080002
v -0.39064279 0.01845920 0.31080002
v -0.39041540 0.01707217 0.31080002
v -0.38989517 0.01576645 0.31080002
v -0.38910639 0.01460310 0.31080002
v -0.38808596 0.01363650 0.31080002
v -0.38688162 0.01291187 0.31080002
v -0.38554963 0.01246307 0.31080002
v -0.38415232 0.01231111 0.31080002
v -0.38275504 0.01246307 0.31080002
v -0.38142306 0.01291187 0.31080002
v -0.38021871 0.01363650 0.31080002
v -0.37919828 0.01460310 0.31080002
v -0.37840950 0.01576645 0.31080002
v -0.37788928 0.01707217 0.31080002
v -0.37766185 0.01845920 0.31080002
v -0.37773797 0.01986269 0.31080002
v -0.37811399 0.02121701 0.31080002
v -0.37877235 0.02245882 0.31080002
v -0.37968230 0.02353008 0.31080002
v -0.38080123 0.02438068 0.31080002
v -0.38207689 0.02497085 0.31080002
v -0.38344955 0.02527300 0.31080002
v -0.38485512 0.02527300 0.31800002
v -0.38622779 0.02497085 0.31800002
v -0.38750345 0.02438068 0.31800002
v -0.38862237 0.02353008 0.31800002
v -0.38953233 0.02245882 0.31800002
v -0.39019069 0.02121701 0.31800002
v -0.39056671 0.01986269 0.31800002
v -0.39064279 0.01845920 0.31800002
v -0.39041540 0.01707217 0.31800002
v -0.38989517 0.01576645 0.31800002
v -0.38910639 0.01460310 0.31800002
v -0.38808596 0.01363650 0.31800002
v -0.38688162 0.01291187 0.31800002
v -0.38554963 0.01246307 0.31800002
v -0.38415232 0.01231111 0.31800002
v -0.38275504 0.01246307 0.31800002
v -0.38142306 0.01291187 0.31800002
v -0.38021871 0.01363650 0.31800002
v -0.37919828 0.01460310 0.31800002
v -0.37840950 0.01576645 0.31800002
v -0.37788928 0.01707217 0.31800002
v -0.37766188 0.01845920 0.31800002
v -0.37773797 0.01986269 0.31800002
v -0.37811399 0.02121701 0.31800002
v -0.37877235 0.02245882 0.31800002
v -0.37968230 0.02353008 0.31800002
v -0.38080123 0.02438068 0.31800002
v -0.38207689 0.02497085 0.31800002
v -0.38344955 0.02527300 0.31800002
v -0.38307315 0.01495944 0.31800002
v -0.38207400 0.01539343 0.31800002
v -0.38122898 0.01608090 0.31800002
v -0.38060081 0.01697085 0.31800002
v -0.38023600 0.01799728 0.31800002
v -0.38623068 0.01539343 0.31800002
v -0.38523152 0.01495944 0.31800002
v -0.38415232 0.01481111 0.31800002
v -0.38162798 0.02191395 0.31800002
v -0.38255873 0.02247995 0.31800002
v -0.38360766 0.02277385 0.31800002
v -0.38469699 0.02277385 0.31800002
v -0.38574594 0.02247995 0.31800002
v -0.38016167 0.01908408 0.31800002
v -0.38038328 0.02015063 0.31800002
v -0.38088447 0.02111783 0.31800002
v -0.38814300 0.01908408 0.31800002
v -0.38806868 0.01799728 0.31800002
v -0.38770387 0.01697085 0.31800002
v -0.38707569 0.01608090 0.31800002
v -0.38667670 0.02191395 0.31800002
v -0.38742021 0.02111783 0.31800002
v -0.38792139 0.02015063 0.31800002
v -0.38255873 0.02247995 0.33800000
v -0.38360766 0.02277385 0.33800000
v -0.38814300 0.01908408 0.33800000
v -0.38623068 0.01539343 0.33800000
v -0.38523152 0.01495944 0.33800000
v -0.38415232 0.01481111 0.33800000
v -0.38207400 0.01539343 0.33800000
v -0.38122898 0.01608090 0.33800000
v -0.38707569 0.01608090 0.33800000
v -0.38806868 0.01799728 0.33800000
v -0.38023600 0.01799728 0.33800000
v -0.38016167 0.01908408 0.33800000
v -0.38038328 0.02015063 0.33800000
v -0.38088447 0.02111783 0.33800000
v -0.38162798 0.02191395 0.33800000
v -0.38469699 0.02277385 0.33800000
v -0.38574594 0.02247995 0.33800000
v -0.38792139 0.02015063 0.33800000
v -0.38667670 0.02191395 0.33800000
v -0.38742021 0.02111783 0.33800000
v -0.38307315 0.01495944 0.33800000
v -0.38770387 0.01697085 0.33800000
v -0.38060081 0.01697085 0.33800000
v -0.47433057 -0.03745332 0.31780002
v -0.47417340 -0.03715383 0.31780002
v -0.47164372 -0.03835417 0.31809503
v -0.48214486 -0.03491430 0.31780002
v -0.48216447 -0.03518420 0.31780002
v -0.48496220 -0.03507146 0.31809503
v -0.48160517 -0.03745332 0.31780002
v -0.48142442 -0.03773919 0.31780002
v -0.48372877 -0.03932977 0.31809503
v -0.47884110 -0.03946154 0.31780002
v -0.47909075 -0.04226267 0.31809503
v -0.47929788 -0.03933717 0.31780002
v -0.48018456 -0.04199307 0.31809503
v -0.47967616 -0.03919021 0.31780002
v -0.48122093 -0.04155151 0.31809503
v -0.47991970 -0.03907223 0.31780002
v -0.48043656 -0.03875119 0.31780002
v -0.48217309 -0.04094942 0.31809503
v -0.48049098 -0.03871098 0.31780002
v -0.48301628 -0.04020239 0.31809503
v -0.48099694 -0.03826276 0.31780002
v -0.48108909 -0.03816367 0.31780002
v -0.48176238 -0.03715383 0.31780002
v -0.48429203 -0.03835417 0.31809503
v -0.48196232 -0.03665119 0.31780002
v -0.48469150 -0.03730084 0.31809503
v -0.48200205 -0.03652183 0.31780002
v -0.48491684 -0.03619707 0.31809503
v -0.48213726 -0.03585957 0.31780002
v -0.48214486 -0.03579234 0.31780002
v -0.48208299 -0.03451321 0.31780002
v -0.48482642 -0.03395314 0.31809503
v -0.48196232 -0.03405545 0.31780002
v -0.48451298 -0.03287109 0.31809503
v -0.48189494 -0.03386398 0.31780002
v -0.48403004 -0.03185332 0.31809503
v -0.48160517 -0.03325332 0.31780002
v -0.48339012 -0.03092620 0.31809503
v -0.48122123 -0.03269705 0.31780002
v -0.48170912 -0.02943699 0.31809503
v -0.48043656 -0.03195545 0.31780002
v -0.48260972 -0.03011374 0.31809503
v -0.48075300 -0.03220958 0.31780002
v -0.48108909 -0.03254297 0.31780002
v -0.47884110 -0.03124510 0.31780002
v -0.47897300 -0.03127536 0.31780002
v -0.47964308 -0.02855673 0.31809503
v -0.47961414 -0.03148941 0.31780002
v -0.48071164 -0.02891346 0.31809503
v -0.47967616 -0.03151643 0.31780002
v -0.48021263 -0.03180352 0.31780002
v -0.47830585 -0.03116694 0.31780002
v -0.47853115 -0.02837602 0.31809503
v -0.47796789 -0.03115332 0.31780002
v -0.47740459 -0.02837602 0.31809503
v -0.47762993 -0.03116694 0.31780002
v -0.47709465 -0.03124510 0.31780002
v -0.47629267 -0.02855673 0.31809503
v -0.47696275 -0.03127536 0.31780002
v -0.47522411 -0.02891346 0.31809503
v -0.47632161 -0.03148941 0.31780002
v -0.47422662 -0.02943699 0.31809503
v -0.47572312 -0.03180352 0.31780002
v -0.47625959 -0.03151643 0.31780002
v -0.47397342 -0.03405545 0.31780002
v -0.47404081 -0.03386398 0.31780002
v -0.47142276 -0.03287109 0.31809503
v -0.47433057 -0.03325332 0.31780002
v -0.47190571 -0.03185332 0.31809503
v -0.47471455 -0.03269705 0.31780002
v -0.47254565 -0.03092620 0.31809503
v -0.47484666 -0.03254297 0.31780002
v -0.47332603 -0.03011374 0.31809503
v -0.47518277 -0.03220958 0.31780002
v -0.47549918 -0.03195545 0.31780002
v -0.47385275 -0.03451321 0.31780002
v -0.47110933 -0.03395314 0.31809503
v -0.47379088 -0.03491430 0.31780002
v -0.47097355 -0.03507146 0.31809503
v -0.47377127 -0.03518420 0.31780002
v -0.47379088 -0.03579234 0.31780002
v -0.47101891 -0.03619707 0.31809503
v -0.47379848 -0.03585957 0.31780002
v -0.47124425 -0.03730084 0.31809503
v -0.47393370 -0.03652183 0.31780002
v -0.47397342 -0.03665119 0.31780002
v -0.47451136 -0.03773919 0.31780002
v -0.47220698 -0.03932977 0.31809503
v -0.47484666 -0.03816367 0.31780002
v -0.47291946 -0.04020239 0.31809503
v -0.47493881 -0.03826276 0.31780002
v -0.47376269 -0.04094942 0.31809503
v -0.47544476 -0.03871098 0.31780002
v -0.47471482 -0.04155151 0.31809503
v -0.47601604 -0.03907223 0.31780002
v -0.47549918 -0.03875119 0.31780002
v -0.47864160 -0.03949893 0.31780002
v -0.47796789 -0.03955332 0.31780002
v -0.47796789 -0.04235332 0.31809503
v -0.47729415 -0.03949893 0.31780002
v -0.47684500 -0.04226267 0.31809503
v -0.47709465 -0.03946154 0.31780002
v -0.47575119 -0.04199307 0.31809503
v -0.47663787 -0.03933717 0.31780002
v -0.47625959 -0.03919021 0.31780002
v -0.47864160 -0.03949893 0.31870499
v -0.47796789 -0.03955332 0.31870499
v -0.47729415 -0.03949893 0.31870499
v -0.47709465 -0.03946154 0.31870499
v -0.47663787 -0.03933717 0.31870499
v -0.47625959 -0.03919021 0.31870499
v -0.47601604 -0.03907223 0.31870499
v -0.47549918 -0.03875119 0.31870499
v -0.47544476 -0.03871098 0.31870499
v -0.47493881 -0.03826276 0.31870499
v -0.47484666 -0.03816367 0.31870499
v -0.47451136 -0.03773919 0.31870499
v -0.47433057 -0.03745332 0.31870499
v -0.47417340 -0.03715383 0.31870499
v -0.47397342 -0.03665119 0.31870499
v -0.47393370 -0.03652183 0.31870499
v -0.47379848 -0.03585957 0.31870499
v -0.47379088 -0.03579234 0.31870499
v -0.47377127 -0.03518420 0.31870499
v -0.47379088 -0.03491430 0.31870499
v -0.47385275 -0.03451321 0.31870499
v -0.47397342 -0.03405545 0.31870499
v -0.47404081 -0.03386398 0.31870499
v -0.47433057 -0.03325332 0.31870499
v -0.47471455 -0.03269705 0.31870499
v -0.47484666 -0.03254297 0.31870499
v -0.47518277 -0.03220958 0.31870499
v -0.47549918 -0.03195545 0.31870499
v -0.47572312 -0.03180352 0.31870499
v -0.47625959 -0.03151643 0.31870499
v -0.47632161 -0.03148941 0.31870499
v -0.47696275 -0.03127536 0.31870499
v -0.47709465 -0.03124510 0.31870499
v -0.47762993 -0.03116694 0.31870499
v -0.47796789 -0.03115332 0.31870499
v -0.47830585 -0.03116694 0.31870499
v -0.47884110 -0.03124510 0.31870499
v -0.47897300 -0.03127536 0.31870499
v -0.47961414 -0.03148941 0.31870499
v -0.47967616 -0.03151643 0.31870499
v -0.48021263 -0.03180352 0.31870499
v -0.48043656 -0.03195545 0.31870499
v -0.48075300 -0.03220958 0.31870499
v -0.48108909 -0.03254297 0.31870499
v -0.48122123 -0.03269705 0.31870499
v -0.48160517 -0.03325332 0.31870499
v -0.48189494 -0.03386398 0.31870499
v -0.48196232 -0.03405545 0.31870499
v -0.48208299 -0.03451321 0.31870499
v -0.48214486 -0.03491430 0.31870499
v -0.48216447 -0.03518420 0.31870499
v -0.48214486 -0.03579234 0.31870499
v -0.48213726 -0.03585957 0.31870499
v -0.48200205 -0.03652183 0.31870499
v -0.48196232 -0.03665119 0.31870499
v -0.48176238 -0.03715383 0.31870499
v -0.48160517 -0.03745332 0.31870499
v -0.48142442 -0.03773919 0.31870499
v -0.48108909 -0.03816367 0.31870499
v -0.48099694 -0.03826276 0.31870499
v -0.48049098 -0.03871098 0.31870499
v -0.48043656 -0.03875119 0.31870499
v -0.47991970 -0.03907223 0.31870499
v -0.47967616 -0.03919021 0.31870499
v -0.47929788 -0.03933717 0.31870499
v -0.47884110 -0.03946154 0.31870499
v -0.47796789 -0.04235332 0.31900001
v -0.47684500 -0.04226267 0.31900001
v -0.47575119 -0.04199307 0.31900001
v -0.47471482 -0.04155151 0.31900001
v -0.47376269 -0.04094942 0.31900001
v -0.47291946 -0.04020239 0.31900001
v -0.47220698 -0.03932977 0.31900001
v -0.47164372 -0.03835417 0.31900001
v -0.47124425 -0.03730084 0.31900001
v -0.47101891 -0.03619707 0.31900001
v -0.47097355 -0.03507146 0.31900001
v -0.47110933 -0.03395314 0.31900001
v -0.47142276 -0.03287109 0.31900001
v -0.47190571 -0.03185332 0.31900001
v -0.47254565 -0.03092620 0.31900001
v -0.47332603 -0.03011374 0.31900001
v -0.47422662 -0.02943699 0.31900001
v -0.47522411 -0.02891346 0.31900001
v -0.47629267 -0.02855673 0.31900001
v -0.47740459 -0.02837602 0.31900001
v -0.47853115 -0.02837602 0.31900001
v -0.47964308 -0.02855673 0.31900001
v -0.48071164 -0.02891346 0.31900001
v -0.48170912 -0.02943699 0.31900001
v -0.48260972 -0.03011374 0.31900001
v -0.48339012 -0.03092620 0.31900001
v -0.48403004 -0.03185332 0.31900001
v -0.48451298 -0.03287109 0.31900001
v -0.48482642 -0.03395314 0.31900001
v -0.48496220 -0.03507146 0.31900001
v -0.48491684 -0.03619707 0.31900001
v -0.48469150 -0.03730084 0.31900001
v -0.48429203 -0.03835417 0.31900001
v -0.48372877 -0.03932977 0.31900001
v -0.48301628 -0.04020239 0.31900001
v -0.48217309 -0.04094942 0.31900001
v -0.48122093 -0.04155151 0.31900001
v -0.48018456 -0.04199307 0.31900001
v -0.47909075 -0.04226267 0.31900001
v -0.47623584 0.03835332 0.31400001
v -0.47450379 0.03535332 0.31400001
v -0.47969994 0.03835332 0.31400001
v -0.47623584 0.03235332 0.31400001
v -0.48143199 0.03535332 0.31400001
v -0.47969994 0.03235332 0.31400001
v -0.47623584 0.03235332 0.31000000
v -0.47969994 0.03235332 0.31000000
v -0.47450379 0.03535332 0.31000000
v -0.47623584 0.03835332 0.31000000
v -0.47969994 0.03835332 0.31000000
v -0.48143199 0.03535332 0.31000000
v -0.47404799 0.03949149 0.31000000
v -0.47325006 0.03855208 0.31000000
v -0.47267270 0.03746311 0.31000000
v -0.47234297 0.03627548 0.31000000
v -0.47227624 0.03504473 0.31000000
v -0.47451839 0.03081559 0.31000000
v -0.47557449 0.03018014 0.31000000
v -0.47674254 0.02978658 0.31000000
v -0.48090655 0.04023740 0.31000000
v -0.47978789 0.04075494 0.31000000
v -0.47858414 0.04101991 0.31000000
v -0.47796789 0.04105332 0.31000000
v -0.47735161 0.04101991 0.31000000
v -0.47614786 0.04075494 0.31000000
v -0.47502923 0.04023740 0.31000000
v -0.48300388 0.03268339 0.31000000
v -0.48346010 0.03382841 0.31000000
v -0.48365951 0.03504473 0.31000000
v -0.48359278 0.03627548 0.31000000
v -0.48326305 0.03746311 0.31000000
v -0.48268571 0.03855208 0.31000000
v -0.48188776 0.03949149 0.31000000
v -0.48231220 0.03166322 0.31000000
v -0.48141736 0.03081559 0.31000000
v -0.47796789 0.02965332 0.31000000
v -0.47919321 0.02978658 0.31000000
v -0.48036125 0.03018014 0.31000000
v -0.47247565 0.03382841 0.31000000
v -0.47293186 0.03268339 0.31000000
v -0.47362354 0.03166322 0.31000000
v -0.47867066 0.04181521 0.31080002
v -0.48004332 0.04151306 0.31080002
v -0.48131898 0.04092289 0.31080002
v -0.48243791 0.04007229 0.31080002
v -0.48334786 0.03900103 0.31080002
v -0.48400623 0.03775922 0.31080002
v -0.48438224 0.03640490 0.31080002
v -0.48445833 0.03500142 0.31080002
v -0.48423094 0.03361439 0.31080002
v -0.47726509 0.04181521 0.31080002
v -0.47589242 0.04151306 0.31080002
v -0.47461677 0.04092289 0.31080002
v -0.47349784 0.04007229 0.31080002
v -0.47258788 0.03900103 0.31080002
v -0.47192952 0.03775922 0.31080002
v -0.47155350 0.03640490 0.31080002
v -0.47147742 0.03500142 0.31080002
v -0.47170481 0.03361439 0.31080002
v -0.47222504 0.03230866 0.31080002
v -0.47301382 0.03114531 0.31080002
v -0.47403425 0.03017871 0.31080002
v -0.47523859 0.02945408 0.31080002
v -0.47657058 0.02900529 0.31080002
v -0.47796789 0.02885332 0.31080002
v -0.47936517 0.02900529 0.31080002
v -0.48069715 0.02945408 0.31080002
v -0.48190150 0.03017871 0.31080002
v -0.48292193 0.03114531 0.31080002
v -0.48359704 0.03210332 0.31080002
v -0.48371071 0.03230866 0.31080002
v -0.48292193 0.03114531 0.31800002
v -0.48190150 0.03017871 0.31800002
v -0.48069715 0.02945408 0.31800002
v -0.47936517 0.02900529 0.31800002
v -0.47796789 0.02885332 0.31800002
v -0.47657058 0.02900529 0.31800002
v -0.47523859 0.02945408 0.31800002
v -0.47403425 0.03017871 0.31800002
v -0.47301382 0.03114531 0.31800002
v -0.47222504 0.03230866 0.31800002
v -0.47170481 0.03361439 0.31800002
v -0.47147742 0.03500142 0.31800002
v -0.47155350 0.03640490 0.31800002
v -0.47192952 0.03775922 0.31800002
v -0.47258788 0.03900103 0.31800002
v -0.47349784 0.04007229 0.31800002
v -0.47461677 0.04092289 0.31800002
v -0.47589242 0.04151306 0.31800002
v -0.47726509 0.04181521 0.31800002
v -0.47867066 0.04181521 0.31800002
v -0.48004332 0.04151306 0.31800002
v -0.48131898 0.04092289 0.31800002
v -0.48243791 0.04007229 0.31800002
v -0.48334786 0.03900103 0.31800002
v -0.48400623 0.03775922 0.31800002
v -0.48438224 0.03640490 0.31800002
v -0.48445833 0.03500142 0.31800002
v -0.48423094 0.03361439 0.31800002
v -0.48371071 0.03230866 0.31800002
v -0.48004621 0.03193564 0.31800002
v -0.47904706 0.03150165 0.31800002
v -0.47796789 0.03135332 0.31800002
v -0.47688869 0.03150165 0.31800002
v -0.48195854 0.03562629 0.31800002
v -0.48188421 0.03453949 0.31800002
v -0.48151940 0.03351306 0.31800002
v -0.48089123 0.03262310 0.31800002
v -0.47405154 0.03453949 0.31800002
v -0.47397721 0.03562629 0.31800002
v -0.47419882 0.03669284 0.31800002
v -0.47470000 0.03766004 0.31800002
v -0.47544351 0.03845616 0.31800002
v -0.47588953 0.03193564 0.31800002
v -0.47504452 0.03262310 0.31800002
v -0.47441635 0.03351306 0.31800002
v -0.47956148 0.03902216 0.31800002
v -0.48049223 0.03845616 0.31800002
v -0.48123574 0.03766004 0.31800002
v -0.48173693 0.03669284 0.31800002
v -0.47637427 0.03902216 0.31800002
v -0.47742322 0.03931606 0.31800002
v -0.47851256 0.03931606 0.31800002
v -0.47397721 0.03562629 0.33800000
v -0.47419882 0.03669284 0.33800000
v -0.48188421 0.03453949 0.33800000
v -0.47470000 0.03766004 0.33800000
v -0.48195854 0.03562629 0.33800000
v -0.47637427 0.03902216 0.33800000
v -0.47742322 0.03931606 0.33800000
v -0.48173693 0.03669284 0.33800000
v -0.47851256 0.03931606 0.33800000
v -0.47796789 0.03135332 0.33800000
v -0.48151940 0.03351306 0.33800000
v -0.48089123 0.03262310 0.33800000
v -0.48004621 0.03193564 0.33800000
v -0.47904706 0.03150165 0.33800000
v -0.47688869 0.03150165 0.33800000
v -0.47588953 0.03193564 0.33800000
v -0.47504452 0.03262310 0.33800000
v -0.47544351 0.03845616 0.33800000
v -0.47441635 0.03351306 0.33800000
v -0.47405154 0.03453949 0.33800000
v -0.47956148 0.03902216 0.33800000
v -0.48049223 0.03845616 0.33800000
v -0.48123574 0.03766004 0.33800000
v -0.57735115 0.05423937 0.33046108
v -0.57767481 0.05345809 0.33236045
v -0.49775919 0.02035597 0.33236045
v -0.57771659 0.05335714 0.33340001
v -0.49775919 0.02035597 0.33443958
v -0.57767481 0.05345809 0.33443958
v -0.49743560 0.02113725 0.33633894
v -0.57735115 0.05423937 0.33633894
v -0.49684432 0.02256472 0.33773014
v -0.57675987 0.05566684 0.33773014
v -0.49608761 0.02439157 0.33837262
v -0.57600319 0.05749368 0.33837262
v -0.49529633 0.02630190 0.33815530
v -0.57521188 0.05940401 0.33815530
v -0.49460727 0.02796540 0.33711573
v -0.57452285 0.06106752 0.33711573
v -0.49413961 0.02909445 0.33543369
v -0.57405519 0.06219657 0.33543369
v -0.49397418 0.02949382 0.33340001
v -0.57388973 0.06259594 0.33340001
v -0.49413961 0.02909445 0.33136633
v -0.57405519 0.06219657 0.33136633
v -0.49460727 0.02796540 0.32968429
v -0.57452285 0.06106752 0.32968429
v -0.49529633 0.02630190 0.32864472
v -0.57521188 0.05940401 0.32864472
v -0.49608761 0.02439157 0.32842740
v -0.57600319 0.05749368 0.32842740
v -0.49684432 0.02256472 0.32906988
v -0.57675987 0.05566684 0.32906988
v -0.49743560 0.02113725 0.33046108
v -0.57776856 0.05323173 0.33449164
v -0.57742870 0.05405216 0.33648616
v -0.57680780 0.05555114 0.33794704
v -0.57601321 0.05746949 0.33862171
v -0.57518226 0.05947552 0.33839351
v -0.57445872 0.06122236 0.33730188
v -0.57396764 0.06240797 0.33553556
v -0.57379389 0.06282735 0.33340001
v -0.57396764 0.06240797 0.33126444
v -0.57445872 0.06122236 0.32949814
v -0.57518226 0.05947552 0.32840651
v -0.57601321 0.05746949 0.32817829
v -0.57680780 0.05555114 0.32885295
v -0.57742870 0.05405216 0.33031386
v -0.57776856 0.05323173 0.33230838
v -0.57781243 0.05312574 0.33340001
v -0.49785277 0.02013005 0.33449155
v -0.49785277 0.02013005 0.33230847
v -0.49751300 0.02095039 0.33031413
v -0.49689215 0.02244924 0.32885337
v -0.49609759 0.02436742 0.32817876
v -0.49526677 0.02637327 0.32840696
v -0.49454325 0.02811995 0.32949850
v -0.49405220 0.02930545 0.33126464
v -0.49387851 0.02972479 0.33340001
v -0.49405220 0.02930545 0.33553538
v -0.49454325 0.02811995 0.33730152
v -0.49526677 0.02637327 0.33839306
v -0.49609759 0.02436742 0.33862126
v -0.49689215 0.02244924 0.33794662
v -0.49751300 0.02095039 0.33648586
v -0.57748944 0.06435808 0.33340001
v -0.57766312 0.06393871 0.33553556
v -0.57815421 0.06275310 0.33730188
v -0.57887781 0.06100626 0.33839351
v -0.57970870 0.05900023 0.33862171
v -0.58050334 0.05708187 0.33794704
v -0.58112425 0.05558289 0.33648616
v -0.58146405 0.05476247 0.33449164
v -0.58150798 0.05465647 0.33340001
v -0.58146405 0.05476247 0.33230838
v -0.58112425 0.05558289 0.33031386
v -0.58050334 0.05708187 0.32885295
v -0.57970870 0.05900023 0.32817829
v -0.57887781 0.06100626 0.32840651
v -0.57815421 0.06275310 0.32949814
v -0.57766312 0.06393871 0.33126444
v -0.49018300 0.02819406 0.33340001
v -0.49035668 0.02777472 0.33553538
v -0.49084774 0.02658922 0.33730152
v -0.49157125 0.02484254 0.33839306
v -0.49240208 0.02283669 0.33862126
v -0.49319664 0.02091851 0.33794662
v -0.49381748 0.01941966 0.33648586
v -0.49415725 0.01859931 0.33449155
v -0.49415725 0.01859931 0.33230847
v -0.49381748 0.01941966 0.33031413
v -0.49319664 0.02091851 0.32885337
v -0.49240208 0.02283669 0.32817876
v -0.49157125 0.02484254 0.32840696
v -0.49084774 0.02658922 0.32949850
v -0.49035668 0.02777472 0.33126464
v -0.57737738 0.06462859 0.33569610
v -0.57720262 0.06505055 0.33340001
v -0.57737738 0.06462859 0.33110389
v -0.57787514 0.06342696 0.32915735
v -0.57862002 0.06162859 0.32785672
v -0.57949871 0.05950727 0.32740000
v -0.58037740 0.05738596 0.32785672
v -0.58112228 0.05558759 0.32915735
v -0.58162004 0.05438595 0.33110389
v -0.58179480 0.05396400 0.33340001
v -0.58162004 0.05438595 0.33569610
v -0.58112228 0.05558759 0.33764264
v -0.58037740 0.05738596 0.33894327
v -0.57949871 0.05950727 0.33939999
v -0.57862002 0.06162859 0.33894327
v -0.57787514 0.06342696 0.33764264
v -0.49431339 0.01822237 0.33569610
v -0.49431339 0.01822237 0.33110389
v -0.49381566 0.01942400 0.32915735
v -0.49307075 0.02122237 0.32785672
v -0.49219209 0.02334369 0.32740000
v -0.49131340 0.02546501 0.32785672
v -0.49056849 0.02726338 0.32915735
v -0.49007076 0.02846501 0.33110389
v -0.49007076 0.02846501 0.33569610
v -0.49056849 0.02726338 0.33764264
v -0.49131340 0.02546501 0.33894327
v -0.49219209 0.02334369 0.33939999
v -0.49307075 0.02122237 0.33894327
v -0.49381566 0.01942400 0.33764264
v -0.44198820 0.05169573 0.31780002
v -0.44186997 0.05186724 0.31780002
v -0.43952590 0.05033579 0.31809503
v -0.44118607 0.05416443 0.31780002
v -0.44120044 0.05451126 0.31780002
v -0.43840998 0.05474248 0.31809503
v -0.44257572 0.05728563 0.31780002
v -0.44280639 0.05747882 0.31780002
v -0.44108659 0.05968841 0.31809503
v -0.44582510 0.05834142 0.31780002
v -0.44607738 0.05830714 0.31780002
v -0.44653824 0.06106896 0.31809503
v -0.44878396 0.05663313 0.31780002
v -0.44890219 0.05646161 0.31780002
v -0.45124623 0.05799306 0.31809503
v -0.44958609 0.05416443 0.31780002
v -0.44957173 0.05381759 0.31780002
v -0.45236218 0.05358637 0.31809503
v -0.44819644 0.05104322 0.31780002
v -0.44796577 0.05085004 0.31780002
v -0.44968557 0.04864044 0.31809503
v -0.44653824 0.04725990 0.31809503
v -0.44765899 0.04754370 0.31809503
v -0.44668394 0.05016999 0.31780002
v -0.44674981 0.05019199 0.31780002
v -0.44871771 0.04800811 0.31809503
v -0.44738507 0.05047064 0.31780002
v -0.44748607 0.05052712 0.31780002
v -0.44847611 0.05131985 0.31780002
v -0.45053616 0.04942346 0.31809503
v -0.44878396 0.05169573 0.31780002
v -0.45124623 0.05033579 0.31809503
v -0.44890219 0.05186724 0.31780002
v -0.44922298 0.05245613 0.31780002
v -0.45179650 0.05135256 0.31809503
v -0.44923234 0.05247730 0.31780002
v -0.45217189 0.05244603 0.31809503
v -0.44945756 0.05313339 0.31780002
v -0.44949430 0.05329120 0.31780002
v -0.44957173 0.05451126 0.31780002
v -0.45236218 0.05474248 0.31809503
v -0.44949430 0.05503765 0.31780002
v -0.45217189 0.05588283 0.31809503
v -0.44945756 0.05519547 0.31780002
v -0.45179650 0.05697630 0.31809503
v -0.44923234 0.05585155 0.31780002
v -0.44922298 0.05587272 0.31780002
v -0.44847611 0.05700901 0.31780002
v -0.45053616 0.05890540 0.31809503
v -0.44819644 0.05728563 0.31780002
v -0.44968557 0.05968841 0.31809503
v -0.44796577 0.05747882 0.31780002
v -0.44748607 0.05780173 0.31780002
v -0.44871771 0.06032074 0.31809503
v -0.44738507 0.05785822 0.31780002
v -0.44765899 0.06078515 0.31809503
v -0.44674981 0.05813686 0.31780002
v -0.44668394 0.05815886 0.31780002
v -0.44538608 0.05836442 0.31780002
v -0.44538608 0.06116443 0.31809503
v -0.44494706 0.05834142 0.31780002
v -0.44423392 0.06106896 0.31809503
v -0.44469479 0.05830714 0.31780002
v -0.44408822 0.05815886 0.31780002
v -0.44311318 0.06078515 0.31809503
v -0.44402233 0.05813686 0.31780002
v -0.44205445 0.06032074 0.31809503
v -0.44338709 0.05785822 0.31780002
v -0.44328609 0.05780173 0.31780002
v -0.44229603 0.05700901 0.31780002
v -0.44023600 0.05890540 0.31809503
v -0.44198820 0.05663313 0.31780002
v -0.43952590 0.05799306 0.31809503
v -0.44186997 0.05646161 0.31780002
v -0.44154918 0.05587272 0.31780002
v -0.43897566 0.05697630 0.31809503
v -0.44153982 0.05585155 0.31780002
v -0.43860027 0.05588283 0.31809503
v -0.44131461 0.05519547 0.31780002
v -0.44127786 0.05503765 0.31780002
v -0.44120044 0.05381759 0.31780002
v -0.43840998 0.05358637 0.31809503
v -0.44127786 0.05329120 0.31780002
v -0.43860027 0.05244603 0.31809503
v -0.44131461 0.05313339 0.31780002
v -0.43897566 0.05135256 0.31809503
v -0.44153982 0.05247730 0.31780002
v -0.44154918 0.05245613 0.31780002
v -0.44229603 0.05131985 0.31780002
v -0.44023600 0.04942346 0.31809503
v -0.44257572 0.05104322 0.31780002
v -0.44108659 0.04864044 0.31809503
v -0.44280639 0.05085004 0.31780002
v -0.44328609 0.05052712 0.31780002
v -0.44205445 0.04800811 0.31809503
v -0.44338709 0.05047064 0.31780002
v -0.44311318 0.04754370 0.31809503
v -0.44402233 0.05019199 0.31780002
v -0.44423392 0.04725990 0.31809503
v -0.44469479 0.05002171 0.31780002
v -0.44408822 0.05016999 0.31780002
v -0.44607738 0.05002171 0.31780002
v -0.44582510 0.04998744 0.31780002
v -0.44538608 0.04716443 0.31809503
v -0.44538608 0.04996443 0.31780002
v -0.44494706 0.04998744 0.31780002
v -0.44957173 0.05451126 0.31870499
v -0.44958609 0.05416443 0.31870499
v -0.44957173 0.05381759 0.31870499
v -0.44949430 0.05329120 0.31870499
v -0.44945756 0.05313339 0.31870499
v -0.44923234 0.05247730 0.31870499
v -0.44922298 0.05245613 0.31870499
v -0.44890219 0.05186724 0.31870499
v -0.44878396 0.05169573 0.31870499
v -0.44847611 0.05131985 0.31870499
v -0.44819644 0.05104322 0.31870499
v -0.44796577 0.05085004 0.31870499
v -0.44748607 0.05052712 0.31870499
v -0.44738507 0.05047064 0.31870499
v -0.44674981 0.05019199 0.31870499
v -0.44668394 0.05016999 0.31870499
v -0.44607738 0.05002171 0.31870499
v -0.44582510 0.04998744 0.31870499
v -0.44538608 0.04996443 0.31870499
v -0.44494706 0.04998744 0.31870499
v -0.44469479 0.05002171 0.31870499
v -0.44408822 0.05016999 0.31870499
v -0.44402233 0.05019199 0.31870499
v -0.44338709 0.05047064 0.31870499
v -0.44328609 0.05052712 0.31870499
v -0.44280639 0.05085004 0.31870499
v -0.44257572 0.05104322 0.31870499
v -0.44229603 0.05131985 0.31870499
v -0.44198820 0.05169573 0.31870499
v -0.44186997 0.05186724 0.31870499
v -0.44154918 0.05245613 0.31870499
v -0.44153982 0.05247730 0.31870499
v -0.44131461 0.05313339 0.31870499
v -0.44127786 0.05329120 0.31870499
v -0.44120044 0.05381759 0.31870499
v -0.44118607 0.05416443 0.31870499
v -0.44120044 0.05451126 0.31870499
v -0.44127786 0.05503765 0.31870499
v -0.44131461 0.05519547 0.31870499
v -0.44153982 0.05585155 0.31870499
v -0.44154918 0.05587272 0.31870499
v -0.44186997 0.05646161 0.31870499
v -0.44198820 0.05663313 0.31870499
v -0.44229603 0.05700901 0.31870499
v -0.44257572 0.05728563 0.31870499
v -0.44280639 0.05747882 0.31870499
v -0.44328609 0.05780173 0.31870499
v -0.44338709 0.05785822 0.31870499
v -0.44402233 0.05813686 0.31870499
v -0.44408822 0.05815886 0.31870499
v -0.44469479 0.05830714 0.31870499
v -0.44494706 0.05834142 0.31870499
v -0.44538608 0.05836442 0.31870499
v -0.44582510 0.05834142 0.31870499
v -0.44607738 0.05830714 0.31870499
v -0.44668394 0.05815886 0.31870499
v -0.44674981 0.05813686 0.31870499
v -0.44738507 0.05785822 0.31870499
v -0.44748607 0.05780173 0.31870499
v -0.44796577 0.05747882 0.31870499
v -0.44819644 0.05728563 0.31870499
v -0.44847611 0.05700901 0.31870499
v -0.44878396 0.05663313 0.31870499
v -0.44890219 0.05646161 0.31870499
v -0.44922298 0.05587272 0.31870499
v -0.44923234 0.05585155 0.31870499
v -0.44945756 0.05519547 0.31870499
v -0.44949430 0.05503765 0.31870499
v -0.44538608 0.04716443 0.31900001
v -0.44423392 0.04725990 0.31900001
v -0.44311318 0.04754370 0.31900001
v -0.44205445 0.04800811 0.31900001
v -0.44108659 0.04864044 0.31900001
v -0.44023600 0.04942346 0.31900001
v -0.43952590 0.05033579 0.31900001
v -0.43897566 0.05135256 0.31900001
v -0.43860027 0.05244603 0.31900001
v -0.43840998 0.05358637 0.31900001
v -0.43840998 0.05474248 0.31900001
v -0.43860027 0.05588283 0.31900001
v -0.43897566 0.05697630 0.31900001
v -0.43952590 0.05799306 0.31900001
v -0.44023600 0.05890540 0.31900001
v -0.44108659 0.05968841 0.31900001
v -0.44205445 0.06032074 0.31900001
v -0.44311318 0.06078515 0.31900001
v -0.44423392 0.06106896 0.31900001
v -0.44538608 0.06116443 0.31900001
v -0.44653824 0.06106896 0.31900001
v -0.44765899 0.06078515 0.31900001
v -0.44871771 0.06032074 0.31900001
v -0.44968557 0.05968841 0.31900001
v -0.45053616 0.05890540 0.31900001
v -0.45124623 0.05799306 0.31900001
v -0.45179650 0.05697630 0.31900001
v -0.45217189 0.05588283 0.31900001
v -0.45236218 0.05474248 0.31900001
v -0.45236218 0.05358637 0.31900001
v -0.45217189 0.05244603 0.31900001
v -0.45179650 0.05135256 0.31900001
v -0.45124623 0.05033579 0.31900001
v -0.45053616 0.04942346 0.31900001
v -0.44968557 0.04864044 0.31900001
v -0.44871771 0.04800811 0.31900001
v -0.44765899 0.04754370 0.31900001
v -0.44653824 0.04725990 0.31900001
v -0.44291738 -0.05076655 0.31780002
v -0.44314131 -0.05061463 0.31780002
v -0.44164482 -0.04824810 0.31809503
v -0.44956309 -0.05372541 0.31780002
v -0.44958267 -0.05399531 0.31780002
v -0.45238039 -0.05388257 0.31809503
v -0.44902340 -0.05626443 0.31780002
v -0.44884261 -0.05655030 0.31780002
v -0.45114696 -0.05814088 0.31809503
v -0.44625932 -0.05827264 0.31780002
v -0.44650894 -0.06107378 0.31809503
v -0.44671610 -0.05814828 0.31780002
v -0.44760275 -0.06080418 0.31809503
v -0.44709438 -0.05800132 0.31780002
v -0.44863915 -0.06036262 0.31809503
v -0.44733793 -0.05788334 0.31780002
v -0.44785479 -0.05756230 0.31780002
v -0.44959128 -0.05976053 0.31809503
v -0.44790921 -0.05752208 0.31780002
v -0.45043451 -0.05901350 0.31809503
v -0.44841513 -0.05707387 0.31780002
v -0.44850728 -0.05697478 0.31780002
v -0.44918057 -0.05596494 0.31780002
v -0.45171022 -0.05716527 0.31809503
v -0.44938052 -0.05546230 0.31780002
v -0.45210969 -0.05611195 0.31809503
v -0.44942024 -0.05533294 0.31780002
v -0.45233503 -0.05500818 0.31809503
v -0.44955546 -0.05467068 0.31780002
v -0.44956309 -0.05460345 0.31780002
v -0.44950119 -0.05332432 0.31780002
v -0.45224461 -0.05276425 0.31809503
v -0.44938052 -0.05286656 0.31780002
v -0.45193118 -0.05168219 0.31809503
v -0.44931313 -0.05267509 0.31780002
v -0.45144826 -0.05066442 0.31809503
v -0.44902340 -0.05206443 0.31780002
v -0.45080832 -0.04973731 0.31809503
v -0.44863942 -0.05150815 0.31780002
v -0.44912735 -0.04824810 0.31809503
v -0.44785479 -0.05076655 0.31780002
v -0.45002794 -0.04892485 0.31809503
v -0.44817120 -0.05102068 0.31780002
v -0.44850728 -0.05135408 0.31780002
v -0.44625932 -0.05005621 0.31780002
v -0.44639120 -0.05008647 0.31780002
v -0.44706130 -0.04736783 0.31809503
v -0.44703233 -0.05030051 0.31780002
v -0.44812983 -0.04772457 0.31809503
v -0.44709438 -0.05032754 0.31780002
v -0.44763082 -0.05061463 0.31780002
v -0.44572404 -0.04997804 0.31780002
v -0.44594935 -0.04718712 0.31809503
v -0.44538608 -0.04996443 0.31780002
v -0.44482282 -0.04718712 0.31809503
v -0.44504812 -0.04997804 0.31780002
v -0.44451284 -0.05005621 0.31780002
v -0.44371086 -0.04736783 0.31809503
v -0.44438097 -0.05008647 0.31780002
v -0.44264230 -0.04772457 0.31809503
v -0.44373983 -0.05030051 0.31780002
v -0.44367778 -0.05032754 0.31780002
v -0.44260097 -0.05102068 0.31780002
v -0.44074422 -0.04892485 0.31809503
v -0.44226488 -0.05135408 0.31780002
v -0.43996385 -0.04973731 0.31809503
v -0.44213274 -0.05150815 0.31780002
v -0.43932390 -0.05066442 0.31809503
v -0.44174877 -0.05206443 0.31780002
v -0.43884096 -0.05168219 0.31809503
v -0.44145900 -0.05267509 0.31780002
v -0.43839175 -0.05388257 0.31809503
v -0.44120908 -0.05372541 0.31780002
v -0.43852755 -0.05276425 0.31809503
v -0.44127095 -0.05332432 0.31780002
v -0.44139165 -0.05286656 0.31780002
v -0.44139165 -0.05546230 0.31780002
v -0.44135189 -0.05533294 0.31780002
v -0.43866244 -0.05611195 0.31809503
v -0.44121671 -0.05467068 0.31780002
v -0.43843710 -0.05500818 0.31809503
v -0.44120908 -0.05460345 0.31780002
v -0.44118950 -0.05399531 0.31780002
v -0.44159159 -0.05596494 0.31780002
v -0.43906194 -0.05716527 0.31809503
v -0.44174877 -0.05626443 0.31780002
v -0.43962520 -0.05814088 0.31809503
v -0.44192955 -0.05655030 0.31780002
v -0.44226488 -0.05697478 0.31780002
v -0.44033766 -0.05901350 0.31809503
v -0.44235703 -0.05707387 0.31780002
v -0.44118088 -0.05976053 0.31809503
v -0.44286296 -0.05752208 0.31780002
v -0.44213301 -0.06036262 0.31809503
v -0.44343424 -0.05788334 0.31780002
v -0.44291738 -0.05756230 0.31780002
v -0.44605979 -0.05831004 0.31780002
v -0.44538608 -0.05836442 0.31780002
v -0.44538608 -0.06116443 0.31809503
v -0.44471234 -0.05831004 0.31780002
v -0.44426319 -0.06107378 0.31809503
v -0.44451284 -0.05827264 0.31780002
v -0.44316941 -0.06080418 0.31809503
v -0.44405606 -0.05814828 0.31780002
v -0.44367778 -0.05800132 0.31780002
v -0.44605979 -0.05831004 0.31870499
v -0.44538608 -0.05836442 0.31870499
v -0.44471234 -0.05831004 0.31870499
v -0.44451284 -0.05827264 0.31870499
v -0.44405606 -0.05814828 0.31870499
v -0.44367778 -0.05800132 0.31870499
v -0.44343424 -0.05788334 0.31870499
v -0.44291738 -0.05756230 0.31870499
v -0.44286296 -0.05752208 0.31870499
v -0.44235703 -0.05707387 0.31870499
v -0.44226488 -0.05697478 0.31870499
v -0.44192955 -0.05655030 0.31870499
v -0.44174877 -0.05626443 0.31870499
v -0.44159159 -0.05596494 0.31870499
v -0.44139165 -0.05546230 0.31870499
v -0.44135189 -0.05533294 0.31870499
v -0.44121671 -0.05467068 0.31870499
v -0.44120908 -0.05460345 0.31870499
v -0.44118950 -0.05399531 0.31870499
v -0.44120908 -0.05372541 0.31870499
v -0.44127095 -0.05332432 0.31870499
v -0.44139165 -0.05286656 0.31870499
v -0.44145900 -0.05267509 0.31870499
v -0.44174877 -0.05206443 0.31870499
v -0.44213274 -0.05150815 0.31870499
v -0.44226488 -0.05135408 0.31870499
v -0.44260097 -0.05102068 0.31870499
v -0.44291738 -0.05076655 0.31870499
v -0.44314131 -0.05061463 0.31870499
v -0.44367778 -0.05032754 0.31870499
v -0.44373983 -0.05030051 0.31870499
v -0.44438097 -0.05008647 0.31870499
v -0.44451284 -0.05005621 0.31870499
v -0.44504812 -0.04997804 0.31870499
v -0.44538608 -0.04996443 0.31870499
v -0.44572404 -0.04997804 0.31870499
v -0.44625932 -0.05005621 0.31870499
v -0.44639120 -0.05008647 0.31870499
v -0.44703233 -0.05030051 0.31870499
v -0.44709438 -0.05032754 0.31870499
v -0.44763082 -0.05061463 0.31870499
v -0.44785479 -0.05076655 0.31870499
v -0.44817120 -0.05102068 0.31870499
v -0.44850728 -0.05135408 0.31870499
v -0.44863942 -0.05150815 0.31870499
v -0.44902340 -0.05206443 0.31870499
v -0.44931313 -0.05267509 0.31870499
v -0.44938052 -0.05286656 0.31870499
v -0.44950119 -0.05332432 0.31870499
v -0.44956309 -0.05372541 0.31870499
v -0.44958267 -0.05399531 0.31870499
v -0.44956309 -0.05460345 0.31870499
v -0.44955546 -0.05467068 0.31870499
v -0.44942024 -0.05533294 0.31870499
v -0.44938052 -0.05546230 0.31870499
v -0.44918057 -0.05596494 0.31870499
v -0.44902340 -0.05626443 0.31870499
v -0.44884261 -0.05655030 0.31870499
v -0.44850728 -0.05697478 0.31870499
v -0.44841513 -0.05707387 0.31870499
v -0.44790921 -0.05752208 0.31870499
v -0.44785479 -0.05756230 0.31870499
v -0.44733793 -0.05788334 0.31870499
v -0.44709438 -0.05800132 0.31870499
v -0.44671610 -0.05814828 0.31870499
v -0.44625932 -0.05827264 0.31870499
v -0.44538608 -0.06116443 0.31900001
v -0.44426319 -0.06107378 0.31900001
v -0.44316941 -0.06080418 0.31900001
v -0.44213301 -0.06036262 0.31900001
v -0.44118088 -0.05976053 0.31900001
v -0.44033766 -0.05901350 0.31900001
v -0.43962520 -0.05814088 0.31900001
v -0.43906194 -0.05716527 0.31900001
v -0.43866244 -0.05611195 0.31900001
v -0.43843710 -0.05500818 0.31900001
v -0.43839175 -0.05388257 0.31900001
v -0.43852755 -0.05276425 0.31900001
v -0.43884096 -0.05168219 0.31900001
v -0.43932390 -0.05066442 0.31900001
v -0.43996385 -0.04973731 0.31900001
v -0.44074422 -0.04892485 0.31900001
v -0.44164482 -0.04824810 0.31900001
v -0.44264230 -0.04772457 0.31900001
v -0.44371086 -0.04736783 0.31900001
v -0.44482282 -0.04718712 0.31900001
v -0.44594935 -0.04718712 0.31900001
v -0.44706130 -0.04736783 0.31900001
v -0.44812983 -0.04772457 0.31900001
v -0.44912735 -0.04824810 0.31900001
v -0.45002794 -0.04892485 0.31900001
v -0.45080832 -0.04973731 0.31900001
v -0.45144826 -0.05066442 0.31900001
v -0.45193118 -0.05168219 0.31900001
v -0.45224461 -0.05276425 0.31900001
v -0.45238039 -0.05388257 0.31900001
v -0.45233503 -0.05500818 0.31900001
v -0.45210969 -0.05611195 0.31900001
v -0.45171022 -0.05716527 0.31900001
v -0.45114696 -0.05814088 0.31900001
v -0.45043451 -0.05901350 0.31900001
v -0.44959128 -0.05976053 0.31900001
v -0.44863915 -0.06036262 0.31900001
v -0.44760275 -0.06080418 0.31900001
v -0.44650894 -0.06107378 0.31900001
v -0.38051504 0.01671111 0.31780002
v -0.38035783 0.01701060 0.31780002
v -0.37782818 0.01581026 0.31809503
v -0.38832933 0.01925013 0.31780002
v -0.38834894 0.01898023 0.31780002
v -0.39114666 0.01909297 0.31809503
v -0.38502556 0.01470289 0.31780002
v -0.38527521 0.01190176 0.31809503
v -0.38548234 0.01482726 0.31780002
v -0.38636902 0.01217135 0.31809503
v -0.38586062 0.01497422 0.31780002
v -0.38740540 0.01261292 0.31809503
v -0.38727355 0.01600076 0.31780002
v -0.38718140 0.01590167 0.31780002
v -0.38920075 0.01396204 0.31809503
v -0.38667545 0.01545345 0.31780002
v -0.38835752 0.01321501 0.31809503
v -0.38662103 0.01541324 0.31780002
v -0.38610417 0.01509219 0.31780002
v -0.38760886 0.01642524 0.31780002
v -0.38991323 0.01483465 0.31809503
v -0.38778964 0.01671111 0.31780002
v -0.39047650 0.01581026 0.31809503
v -0.38794681 0.01701060 0.31780002
v -0.38814679 0.01751324 0.31780002
v -0.39087597 0.01686359 0.31809503
v -0.38818651 0.01764259 0.31780002
v -0.39110130 0.01796735 0.31809503
v -0.38832173 0.01830485 0.31780002
v -0.38832933 0.01837209 0.31780002
v -0.38826746 0.01965122 0.31780002
v -0.39101088 0.02021129 0.31809503
v -0.38814679 0.02010898 0.31780002
v -0.39069745 0.02129334 0.31809503
v -0.38807940 0.02030045 0.31780002
v -0.39021450 0.02231111 0.31809503
v -0.38778964 0.02091111 0.31780002
v -0.38957456 0.02323822 0.31809503
v -0.38740566 0.02146738 0.31780002
v -0.38789359 0.02472744 0.31809503
v -0.38662103 0.02220898 0.31780002
v -0.38879418 0.02405068 0.31809503
v -0.38693744 0.02195485 0.31780002
v -0.38727355 0.02162146 0.31780002
v -0.38502556 0.02291933 0.31780002
v -0.38515747 0.02288906 0.31780002
v -0.38582754 0.02560770 0.31809503
v -0.38579860 0.02267502 0.31780002
v -0.38689610 0.02525096 0.31809503
v -0.38586062 0.02264800 0.31780002
v -0.38639709 0.02236091 0.31780002
v -0.38449028 0.02299749 0.31780002
v -0.38471562 0.02578841 0.31809503
v -0.38415232 0.02301111 0.31780002
v -0.38358906 0.02578841 0.31809503
v -0.38381436 0.02299749 0.31780002
v -0.38327911 0.02291933 0.31780002
v -0.38247713 0.02560770 0.31809503
v -0.38314721 0.02288906 0.31780002
v -0.38140857 0.02525096 0.31809503
v -0.38250607 0.02267502 0.31780002
v -0.38041109 0.02472744 0.31809503
v -0.38190758 0.02236091 0.31780002
v -0.38244405 0.02264800 0.31780002
v -0.38015789 0.02010898 0.31780002
v -0.38022527 0.02030045 0.31780002
v -0.37760723 0.02129334 0.31809503
v -0.38051504 0.02091111 0.31780002
v -0.37809017 0.02231111 0.31809503
v -0.38089898 0.02146738 0.31780002
v -0.37873009 0.02323822 0.31809503
v -0.38103113 0.02162146 0.31780002
v -0.37951049 0.02405068 0.31809503
v -0.38136721 0.02195485 0.31780002
v -0.38168365 0.02220898 0.31780002
v -0.38003722 0.01965122 0.31780002
v -0.37729380 0.02021129 0.31809503
v -0.37997535 0.01925013 0.31780002
v -0.37715802 0.01909297 0.31809503
v -0.37995574 0.01898023 0.31780002
v -0.37997535 0.01837209 0.31780002
v -0.37720338 0.01796735 0.31809503
v -0.37998295 0.01830485 0.31780002
v -0.37742871 0.01686359 0.31809503
v -0.38011816 0.01764259 0.31780002
v -0.38015789 0.01751324 0.31780002
v -0.38069579 0.01642524 0.31780002
v -0.37839144 0.01483465 0.31809503
v -0.38103113 0.01600076 0.31780002
v -0.37910393 0.01396204 0.31809503
v -0.38112327 0.01590167 0.31780002
v -0.37994713 0.01321501 0.31809503
v -0.38162923 0.01545345 0.31780002
v -0.38089928 0.01261292 0.31809503
v -0.38220051 0.01509219 0.31780002
v -0.38168365 0.01541324 0.31780002
v -0.38482606 0.01466550 0.31780002
v -0.38415232 0.01461111 0.31780002
v -0.38415232 0.01181111 0.31809503
v -0.38347861 0.01466550 0.31780002
v -0.38302946 0.01190176 0.31809503
v -0.38327911 0.01470289 0.31780002
v -0.38193566 0.01217135 0.31809503
v -0.38282233 0.01482726 0.31780002
v -0.38244405 0.01497422 0.31780002
v -0.38482606 0.01466550 0.31870499
v -0.38415232 0.01461111 0.31870499
v -0.38347861 0.01466550 0.31870499
v -0.38327911 0.01470289 0.31870499
v -0.38282233 0.01482726 0.31870499
v -0.38244405 0.01497422 0.31870499
v -0.38220051 0.01509219 0.31870499
v -0.38168365 0.01541324 0.31870499
v -0.38162923 0.01545345 0.31870499
v -0.38112327 0.01590167 0.31870499
v -0.38103113 0.01600076 0.31870499
v -0.38069579 0.01642524 0.31870499
v -0.38051504 0.01671111 0.31870499
v -0.38035783 0.01701060 0.31870499
v -0.38015789 0.01751324 0.31870499
v -0.38011816 0.01764259 0.31870499
v -0.37998295 0.01830485 0.31870499
v -0.37997535 0.01837209 0.31870499
v -0.37995574 0.01898023 0.31870499
v -0.37997535 0.01925013 0.31870499
v -0.38003722 0.01965122 0.31870499
v -0.38015789 0.02010898 0.31870499
v -0.38022527 0.02030045 0.31870499
v -0.38051504 0.02091111 0.31870499
v -0.38089898 0.02146738 0.31870499
v -0.38103113 0.02162146 0.31870499
v -0.38136721 0.02195485 0.31870499
v -0.38168365 0.02220898 0.31870499
v -0.38190758 0.02236091 0.31870499
v -0.38244405 0.02264800 0.31870499
v -0.38250607 0.02267502 0.31870499
v -0.38314721 0.02288906 0.31870499
v -0.38327911 0.02291933 0.31870499
v -0.38381436 0.02299749 0.31870499
v -0.38415232 0.02301111 0.31870499
v -0.38449028 0.02299749 0.31870499
v -0.38502556 0.02291933 0.31870499
v -0.38515747 0.02288906 0.31870499
v -0.38579860 0.02267502 0.31870499
v -0.38586062 0.02264800 0.31870499
v -0.38639709 0.02236091 0.31870499
v -0.38662103 0.02220898 0.31870499
v -0.38693744 0.02195485 0.31870499
v -0.38727355 0.02162146 0.31870499
v -0.38740566 0.02146738 0.31870499
v -0.38778964 0.02091111 0.31870499
v -0.38807940 0.02030045 0.31870499
v -0.38814679 0.02010898 0.31870499
v -0.38826746 0.01965122 0.31870499
v -0.38832933 0.01925013 0.31870499
v -0.38834894 0.01898023 0.31870499
v -0.38832933 0.01837209 0.31870499
v -0.38832173 0.01830485 0.31870499
v -0.38818651 0.01764259 0.31870499
v -0.38814679 0.01751324 0.31870499
v -0.38794681 0.01701060 0.31870499
v -0.38778964 0.01671111 0.31870499
v -0.38760886 0.01642524 0.31870499
v -0.38727355 0.01600076 0.31870499
v -0.38718140 0.01590167 0.31870499
v -0.38667545 0.01545345 0.31870499
v -0.38662103 0.01541324 0.31870499
v -0.38610417 0.01509219 0.31870499
v -0.38586062 0.01497422 0.31870499
v -0.38548234 0.01482726 0.31870499
v -0.38502556 0.01470289 0.31870499
v -0.38415232 0.01181111 0.31900001
v -0.38302946 0.01190176 0.31900001
v -0.38193566 0.01217135 0.31900001
v -0.38089928 0.01261292 0.31900001
v -0.37994713 0.01321501 0.31900001
v -0.37910393 0.01396204 0.31900001
v -0.37839144 0.01483465 0.31900001
v -0.37782818 0.01581026 0.31900001
v -0.37742871 0.01686359 0.31900001
v -0.37720338 0.01796735 0.31900001
v -0.37715802 0.01909297 0.31900001
v -0.37729380 0.02021129 0.31900001
v -0.37760723 0.02129334 0.31900001
v -0.37809017 0.02231111 0.31900001
v -0.37873009 0.02323822 0.31900001
v -0.37951049 0.02405068 0.31900001
v -0.38041109 0.02472744 0.31900001
v -0.38140857 0.02525096 0.31900001
v -0.38247713 0.02560770 0.31900001
v -0.38358906 0.02578841 0.31900001
v -0.38471562 0.02578841 0.31900001
v -0.38582754 0.02560770 0.31900001
v -0.38689610 0.02525096 0.31900001
v -0.38789359 0.02472744 0.31900001
v -0.38879418 0.02405068 0.31900001
v -0.38957456 0.02323822 0.31900001
v -0.39021450 0.02231111 0.31900001
v -0.39069745 0.02129334 0.31900001
v -0.39101088 0.02021129 0.31900001
v -0.39114666 0.01909297 0.31900001
v -0.39110130 0.01796735 0.31900001
v -0.39087597 0.01686359 0.31900001
v -0.39047650 0.01581026 0.31900001
v -0.38991323 0.01483465 0.31900001
v -0.38920075 0.01396204 0.31900001
v -0.38835752 0.01321501 0.31900001
v -0.38740540 0.01261292 0.31900001
v -0.38636902 0.01217135 0.31900001
v -0.38527521 0.01190176 0.31900001
v -0.45751518 0.04943503 0.33900002
v -0.45706776 0.04930967 0.33900002
v -0.45683542 0.05270623 0.33900002
v -0.45822936 0.05001605 0.33900002
v -0.45791221 0.04967646 0.33900002
v -0.45772195 0.05245783 0.33900002
v -0.45683542 0.04929378 0.33900002
v -0.45660311 0.04930967 0.33900002
v -0.45615566 0.04943503 0.33900002
v -0.45729578 0.05264296 0.33900002
v -0.45575866 0.04967646 0.33900002
v -0.45544150 0.05001605 0.33900002
v -0.45522773 0.05042862 0.33900002
v -0.45516488 0.05134714 0.33900002
v -0.45532051 0.05178497 0.33900002
v -0.45558846 0.05216459 0.33900002
v -0.45513317 0.05088356 0.33900002
v -0.45594889 0.05245783 0.33900002
v -0.45637509 0.05264296 0.33900002
v -0.45844314 0.05042862 0.33900002
v -0.45808241 0.05216459 0.33900002
v -0.45853767 0.05088356 0.33900002
v -0.45835036 0.05178497 0.33900002
v -0.45850596 0.05134714 0.33900002
v -0.45772195 0.04954217 0.32300001
v -0.45808241 0.04983541 0.32300001
v -0.45706776 0.05269033 0.32300001
v -0.45594889 0.04954217 0.32300001
v -0.45637509 0.04935705 0.32300001
v -0.45660311 0.05269033 0.32300001
v -0.45683542 0.04929378 0.32300001
v -0.45683542 0.05270623 0.32300001
v -0.45729578 0.04935705 0.32300001
v -0.45835036 0.05021502 0.32300001
v -0.45850596 0.05065286 0.32300001
v -0.45853767 0.05111644 0.32300001
v -0.45844314 0.05157138 0.32300001
v -0.45822936 0.05198395 0.32300001
v -0.45791221 0.05232354 0.32300001
v -0.45751518 0.05256497 0.32300001
v -0.45544150 0.05198395 0.32300001
v -0.45575866 0.05232354 0.32300001
v -0.45615566 0.05256497 0.32300001
v -0.45522773 0.05157138 0.32300001
v -0.45513317 0.05111644 0.32300001
v -0.45516488 0.05065286 0.32300001
v -0.45532051 0.05021502 0.32300001
v -0.45558846 0.04983541 0.32300001
v -0.45710775 0.04901863 0.33837000
v -0.45763224 0.04916558 0.33837000
v -0.45809761 0.04944858 0.33837000
v -0.45846936 0.04984664 0.33837000
v -0.45871994 0.05033024 0.33837000
v -0.45883077 0.05086352 0.33837000
v -0.45879361 0.05140691 0.33837000
v -0.45861119 0.05192013 0.33837000
v -0.45829710 0.05236511 0.33837000
v -0.45787460 0.05270884 0.33837000
v -0.45737502 0.05292584 0.33837000
v -0.45683542 0.05300000 0.33837000
v -0.45629585 0.05292584 0.33837000
v -0.45579627 0.05270884 0.33837000
v -0.45537376 0.05236511 0.33837000
v -0.45505965 0.05192013 0.33837000
v -0.45487726 0.05140691 0.33837000
v -0.45484009 0.05086352 0.33837000
v -0.45495090 0.05033024 0.33837000
v -0.45520148 0.04984664 0.33837000
v -0.45557326 0.04944858 0.33837000
v -0.45603862 0.04916558 0.33837000
v -0.45656309 0.04901863 0.33837000
v -0.45710775 0.04901863 0.32363001
v -0.45737502 0.04907417 0.32363001
v -0.45763224 0.04916558 0.32363001
v -0.45787460 0.04929116 0.32363001
v -0.45809761 0.04944858 0.32363001
v -0.45829710 0.04963489 0.32363001
v -0.45846936 0.04984664 0.32363001
v -0.45861119 0.05007987 0.32363001
v -0.45871994 0.05033024 0.32363001
v -0.45879361 0.05059309 0.32363001
v -0.45883077 0.05086352 0.32363001
v -0.45883077 0.05113649 0.32363001
v -0.45879361 0.05140691 0.32363001
v -0.45871994 0.05166976 0.32363001
v -0.45861119 0.05192013 0.32363001
v -0.45846936 0.05215336 0.32363001
v -0.45829710 0.05236511 0.32363001
v -0.45809761 0.05255142 0.32363001
v -0.45787460 0.05270884 0.32363001
v -0.45763224 0.05283442 0.32363001
v -0.45737502 0.05292584 0.32363001
v -0.45710775 0.05298137 0.32363001
v -0.45683542 0.05300000 0.32363001
v -0.45656309 0.05298137 0.32363001
v -0.45629585 0.05292584 0.32363001
v -0.45603862 0.05283442 0.32363001
v -0.45579627 0.05270884 0.32363001
v -0.45557326 0.05255142 0.32363001
v -0.45537376 0.05236511 0.32363001
v -0.45520148 0.05215336 0.32363001
v -0.45505965 0.05192013 0.32363001
v -0.45495090 0.05166976 0.32363001
v -0.45487726 0.05140691 0.32363001
v -0.45484009 0.05113649 0.32363001
v -0.45484009 0.05086352 0.32363001
v -0.45487726 0.05059309 0.32363001
v -0.45495090 0.05033024 0.32363001
v -0.45505965 0.05007987 0.32363001
v -0.45520148 0.04984664 0.32363001
v -0.45537376 0.04963489 0.32363001
v -0.45557326 0.04944858 0.32363001
v -0.45579627 0.04929116 0.32363001
v -0.45603862 0.04916558 0.32363001
v -0.45629585 0.04907417 0.32363001
v -0.45656309 0.04901863 0.32363001
v -0.45683542 0.04900000 0.32363001
v -0.45637509 -0.04935705 0.33900002
v -0.45683542 -0.04929378 0.33900002
v -0.45660311 -0.05269033 0.33900002
v -0.45729578 -0.04935705 0.33900002
v -0.45706776 -0.05269033 0.33900002
v -0.45683542 -0.05270623 0.33900002
v -0.45822936 -0.05198395 0.33900002
v -0.45791221 -0.05232354 0.33900002
v -0.45808241 -0.04983541 0.33900002
v -0.45835036 -0.05021502 0.33900002
v -0.45850596 -0.05065286 0.33900002
v -0.45853767 -0.05111644 0.33900002
v -0.45772195 -0.04954217 0.33900002
v -0.45751518 -0.05256497 0.33900002
v -0.45615566 -0.05256497 0.33900002
v -0.45575866 -0.05232354 0.33900002
v -0.45544150 -0.05198395 0.33900002
v -0.45522773 -0.05157138 0.33900002
v -0.45513317 -0.05111644 0.33900002
v -0.45516488 -0.05065286 0.33900002
v -0.45532051 -0.05021502 0.33900002
v -0.45558846 -0.04983541 0.33900002
v -0.45594889 -0.04954217 0.33900002
v -0.45844314 -0.05157138 0.33900002
v -0.45706776 -0.04930967 0.32300001
v -0.45683542 -0.04929378 0.32300001
v -0.45683542 -0.05270623 0.32300001
v -0.45729578 -0.05264296 0.32300001
v -0.45772195 -0.05245783 0.32300001
v -0.45808241 -0.05216459 0.32300001
v -0.45660311 -0.04930967 0.32300001
v -0.45615566 -0.04943503 0.32300001
v -0.45575866 -0.04967646 0.32300001
v -0.45532051 -0.05178497 0.32300001
v -0.45516488 -0.05134714 0.32300001
v -0.45513317 -0.05088356 0.32300001
v -0.45544150 -0.05001605 0.32300001
v -0.45522773 -0.05042862 0.32300001
v -0.45558846 -0.05216459 0.32300001
v -0.45594889 -0.05245783 0.32300001
v -0.45637509 -0.05264296 0.32300001
v -0.45835036 -0.05178497 0.32300001
v -0.45791221 -0.04967646 0.32300001
v -0.45751518 -0.04943503 0.32300001
v -0.45844314 -0.05042862 0.32300001
v -0.45822936 -0.05001605 0.32300001
v -0.45853767 -0.05088356 0.32300001
v -0.45850596 -0.05134714 0.32300001
v -0.45710775 -0.05298137 0.33837000
v -0.45751947 -0.05287939 0.33837000
v -0.45763224 -0.05283442 0.33837000
v -0.45809761 -0.05255142 0.33837000
v -0.45846936 -0.05215336 0.33837000
v -0.45871994 -0.05166976 0.33837000
v -0.45883077 -0.05113649 0.33837000
v -0.45879361 -0.05059309 0.33837000
v -0.45861119 -0.05007987 0.33837000
v -0.45829710 -0.04963489 0.33837000
v -0.45787460 -0.04929116 0.33837000
v -0.45737502 -0.04907417 0.33837000
v -0.45683542 -0.04900000 0.33837000
v -0.45629585 -0.04907417 0.33837000
v -0.45579627 -0.04929116 0.33837000
v -0.45537376 -0.04963489 0.33837000
v -0.45505965 -0.05007987 0.33837000
v -0.45487726 -0.05059309 0.33837000
v -0.45484009 -0.05113649 0.33837000
v -0.45495090 -0.05166976 0.33837000
v -0.45520148 -0.05215336 0.33837000
v -0.45557326 -0.05255142 0.33837000
v -0.45603862 -0.05283442 0.33837000
v -0.45656309 -0.05298137 0.33837000
v -0.45737502 -0.05292584 0.32363001
v -0.45710775 -0.05298137 0.32363001
v -0.45751947 -0.05287939 0.32363001
v -0.45763224 -0.05283442 0.32363001
v -0.45787460 -0.05270884 0.32363001
v -0.45809761 -0.05255142 0.32363001
v -0.45829710 -0.05236511 0.32363001
v -0.45846936 -0.05215336 0.32363001
v -0.45861119 -0.05192013 0.32363001
v -0.45871994 -0.05166976 0.32363001
v -0.45879361 -0.05140691 0.32363001
v -0.45883077 -0.05113649 0.32363001
v -0.45883077 -0.05086352 0.32363001
v -0.45879361 -0.05059309 0.32363001
v -0.45871994 -0.05033024 0.32363001
v -0.45861119 -0.05007987 0.32363001
v -0.45846936 -0.04984664 0.32363001
v -0.45829710 -0.04963489 0.32363001
v -0.45809761 -0.04944858 0.32363001
v -0.45787460 -0.04929116 0.32363001
v -0.45763224 -0.04916558 0.32363001
v -0.45737502 -0.04907417 0.32363001
v -0.45710775 -0.04901863 0.32363001
v -0.45683542 -0.04900000 0.32363001
v -0.45656309 -0.04901863 0.32363001
v -0.45629585 -0.04907417 0.32363001
v -0.45603862 -0.04916558 0.32363001
v -0.45579627 -0.04929116 0.32363001
v -0.45557326 -0.04944858 0.32363001
v -0.45537376 -0.04963489 0.32363001
v -0.45520148 -0.04984664 0.32363001
v -0.45505965 -0.05007987 0.32363001
v -0.45495090 -0.05033024 0.32363001
v -0.45487726 -0.05059309 0.32363001
v -0.45484009 -0.05086352 0.32363001
v -0.45484009 -0.05113649 0.32363001
v -0.45487726 -0.05140691 0.32363001
v -0.45495090 -0.05166976 0.32363001
v -0.45505965 -0.05192013 0.32363001
v -0.45520148 -0.05215336 0.32363001
v -0.45537376 -0.05236511 0.32363001
v -0.45557326 -0.05255142 0.32363001
v -0.45579627 -0.05270884 0.32363001
v -0.45603862 -0.05283442 0.32363001
v -0.45629585 -0.05292584 0.32363001
v -0.45656309 -0.05298137 0.32363001
v -0.45683542 -0.05300000 0.32363001
v -0.45671913 -0.04900339 0.31900001
v -0.45683542 -0.04900000 0.31900001
v -0.45683542 -0.04900000 0.32900000
v -0.45718274 -0.04903039 0.32900000
v -0.45718274 -0.04903039 0.31900001
v -0.45762759 -0.04916357 0.31900001
v -0.45762759 -0.04916357 0.32900000
v -0.45802975 -0.04939575 0.31900001
v -0.45802975 -0.04939575 0.32900000
v -0.45836753 -0.04971442 0.31900001
v -0.45836753 -0.04971442 0.32900000
v -0.45862269 -0.05010240 0.31900001
v -0.45862269 -0.05010240 0.32900000
v -0.45878151 -0.05053877 0.31900001
v -0.45878151 -0.05053877 0.32900000
v -0.45883542 -0.05100000 0.31900001
v -0.45883542 -0.05100000 0.32900000
v -0.45878151 -0.05146123 0.31900001
v -0.45878151 -0.05146123 0.32900000
v -0.45862269 -0.05189760 0.31900001
v -0.45862269 -0.05189760 0.32900000
v -0.45836753 -0.05228557 0.31900001
v -0.45836753 -0.05228557 0.32900000
v -0.45802975 -0.05260425 0.31900001
v -0.45802975 -0.05260425 0.32900000
v -0.45762759 -0.05283643 0.31900001
v -0.45762759 -0.05283643 0.32900000
v -0.45718274 -0.05296962 0.31900001
v -0.45718274 -0.05296962 0.32900000
v -0.45671913 -0.05299662 0.31900001
v -0.45671913 -0.05299662 0.32900000
v -0.45626181 -0.05291598 0.31900001
v -0.45626181 -0.05291598 0.32900000
v -0.45583543 -0.05273205 0.31900001
v -0.45583543 -0.05273205 0.32900000
v -0.45546293 -0.05245475 0.31900001
v -0.45546293 -0.05245475 0.32900000
v -0.45516446 -0.05209902 0.31900001
v -0.45516446 -0.05209902 0.32900000
v -0.45495605 -0.05168404 0.31900001
v -0.45495605 -0.05168404 0.32900000
v -0.45484895 -0.05123219 0.31900001
v -0.45484895 -0.05123219 0.32900000
v -0.45484895 -0.05076781 0.31900001
v -0.45484895 -0.05076781 0.32900000
v -0.45495605 -0.05031596 0.31900001
v -0.45495605 -0.05031596 0.32900000
v -0.45516446 -0.04990098 0.31900001
v -0.45516446 -0.04990098 0.32900000
v -0.45546293 -0.04954525 0.31900001
v -0.45546293 -0.04954525 0.32900000
v -0.45583543 -0.04926795 0.31900001
v -0.45583543 -0.04926795 0.32900000
v -0.45626181 -0.04908402 0.31900001
v -0.45626181 -0.04908402 0.32900000
v -0.45671913 -0.04900339 0.32900000
v -0.46448746 -0.05294432 0.32900000
v -0.46615168 -0.04933221 0.32900000
v -0.47281104 -0.04750626 0.32900000
v -0.45826378 -0.04960009 0.32900000
v -0.45748690 -0.04910888 0.32900000
v -0.41628852 0.05693820 0.32900000
v -0.41476920 0.05583221 0.32900000
v -0.40718341 0.05294432 0.32900000
v -0.45797008 0.05598300 0.32900000
v -0.45236072 0.05583221 0.32900000
v -0.45538235 0.05693820 0.32900000
v -0.47629470 0.04457678 0.32900000
v -0.46615168 0.04442662 0.32900000
v -0.47281104 0.04750626 0.32900000
v -0.46615168 0.02708221 0.32900000
v -0.47796789 0.03085332 0.32900000
v -0.48926270 0.02708221 0.32900000
v -0.48021787 0.03145621 0.32900000
v -0.48929015 0.02768812 0.32900000
v -0.48186499 0.03310332 0.32900000
v -0.48623285 0.03292628 0.32900000
v -0.47571787 0.03925043 0.32900000
v -0.47796789 0.03985332 0.32900000
v -0.48021787 0.03925043 0.32900000
v -0.48012602 0.04077235 0.32900000
v -0.48186499 0.03760332 0.32900000
v -0.48246786 0.03535332 0.32900000
v -0.47407076 0.03760332 0.32900000
v -0.47346789 0.03535332 0.32900000
v -0.47407076 0.03310332 0.32900000
v -0.47571787 0.03145621 0.32900000
v -0.45873052 0.05163943 0.32900000
v -0.45826378 0.05239991 0.32900000
v -0.46448746 0.05294432 0.32900000
v -0.45882404 0.05078501 0.32900000
v -0.45854288 0.04995780 0.32900000
v -0.45793885 0.04933128 0.32900000
v -0.45748690 0.05289112 0.32900000
v -0.45683542 0.05300000 0.32900000
v -0.45597589 0.05280619 0.32900000
v -0.45530885 0.05229247 0.32900000
v -0.45491382 0.05155559 0.32900000
v -0.45485616 0.05071069 0.32900000
v -0.45236072 0.04442662 0.32900000
v -0.45513773 0.04994170 0.32900000
v -0.45568526 0.04936328 0.32900000
v -0.45641026 0.04904531 0.32900000
v -0.45716357 0.04902678 0.32900000
v -0.44313607 0.05806154 0.32900000
v -0.43583542 0.06020000 0.32900000
v -0.44538608 0.05866443 0.32900000
v -0.44574404 0.05937895 0.32900000
v -0.44763607 0.05806154 0.32900000
v -0.44928318 0.05641443 0.32900000
v -0.42474505 0.05916962 0.32900000
v -0.42493048 0.05902651 0.32900000
v -0.42703339 0.05819340 0.32900000
v -0.44088608 0.05416443 0.32900000
v -0.42927599 0.05848864 0.32900000
v -0.43109161 0.05983764 0.32900000
v -0.43123370 0.06002386 0.32900000
v -0.44148895 0.05641443 0.32900000
v -0.39085141 0.03310559 0.32900000
v -0.41476920 0.02708221 0.32900000
v -0.38879973 0.03220609 0.32900000
v -0.38211498 0.02716899 0.32900000
v -0.38656858 0.03240727 0.32900000
v -0.38543800 0.03292628 0.32900000
v -0.38547149 0.03297745 0.32900000
v -0.39094651 0.04011265 0.32900000
v -0.39154485 0.04077235 0.32900000
v -0.39178121 0.03920051 0.32900000
v -0.39885983 0.04750626 0.32900000
v -0.39255300 0.03709745 0.32900000
v -0.41476920 0.04442662 0.32900000
v -0.39221516 0.03488287 0.32900000
v -0.37747753 0.01477823 0.32900000
v -0.38070586 0.02418206 0.32900000
v -0.38025522 0.02106111 0.32900000
v -0.38804945 0.01656111 0.32900000
v -0.38865232 0.01881111 0.32900000
v -0.38640234 0.01491399 0.32900000
v -0.41476920 -0.00000000 0.32900000
v -0.38415232 0.01431111 0.32900000
v -0.37563545 -0.00000000 0.32900000
v -0.38190234 0.01491399 0.32900000
v -0.37584105 0.00497128 0.32900000
v -0.38025522 0.01656111 0.32900000
v -0.37965235 0.01881111 0.32900000
v -0.38804945 0.02106111 0.32900000
v -0.38640234 0.02270822 0.32900000
v -0.38415232 0.02331111 0.32900000
v -0.38190234 0.02270822 0.32900000
v -0.38804945 -0.02106111 0.32900000
v -0.41476920 -0.02708223 0.32900000
v -0.38640234 -0.02270822 0.32900000
v -0.38543800 -0.03292628 0.32900000
v -0.38415232 -0.02331111 0.32900000
v -0.38190234 -0.02270822 0.32900000
v -0.38070586 -0.02418206 0.32900000
v -0.38025522 -0.02106111 0.32900000
v -0.37747753 -0.01477823 0.32900000
v -0.37965235 -0.01881111 0.32900000
v -0.38865232 -0.01881111 0.32900000
v -0.38804945 -0.01656111 0.32900000
v -0.38640234 -0.01491399 0.32900000
v -0.38415232 -0.01431111 0.32900000
v -0.37584105 -0.00497128 0.32900000
v -0.38190234 -0.01491399 0.32900000
v -0.38025522 -0.01656111 0.32900000
v -0.41476920 -0.04442667 0.32900000
v -0.39885983 -0.04750626 0.32900000
v -0.39154485 -0.04077235 0.32900000
v -0.39016944 -0.03895722 0.32900000
v -0.38983950 -0.03671948 0.32900000
v -0.38846251 -0.03492497 0.32900000
v -0.38638642 -0.03402708 0.32900000
v -0.38615412 -0.03399715 0.32900000
v -0.44148895 -0.05641443 0.32900000
v -0.44313607 -0.05806154 0.32900000
v -0.43583542 -0.06020000 0.32900000
v -0.44574404 -0.05937895 0.32900000
v -0.44538608 -0.05866443 0.32900000
v -0.44763607 -0.05806154 0.32900000
v -0.45240414 -0.05787502 0.32900000
v -0.44928318 -0.05641443 0.32900000
v -0.44988608 -0.05416443 0.32900000
v -0.44928318 -0.05191443 0.32900000
v -0.45236072 -0.04933221 0.32900000
v -0.44763607 -0.05026731 0.32900000
v -0.44538608 -0.04966443 0.32900000
v -0.41476920 -0.04933221 0.32900000
v -0.43245810 -0.06010519 0.32900000
v -0.43240333 -0.05886999 0.32900000
v -0.44088608 -0.05416443 0.32900000
v -0.43146199 -0.05683716 0.32900000
v -0.42965716 -0.05551010 0.32900000
v -0.44313607 -0.05026731 0.32900000
v -0.44148895 -0.05191443 0.32900000
v -0.40718341 -0.05294432 0.32900000
v -0.42743611 -0.05521770 0.32900000
v -0.42534930 -0.05603241 0.32900000
v -0.42391390 -0.05775233 0.32900000
v -0.41628852 -0.05693820 0.32900000
v -0.42354131 -0.05893127 0.32900000
v -0.45873052 -0.05036056 0.32900000
v -0.45882404 -0.05121499 0.32900000
v -0.45854288 -0.05204220 0.32900000
v -0.45491382 -0.05044441 0.32900000
v -0.45530885 -0.04970753 0.32900000
v -0.45597589 -0.04919380 0.32900000
v -0.45485616 -0.05128931 0.32900000
v -0.45538235 -0.05693820 0.32900000
v -0.45716357 -0.05297321 0.32900000
v -0.45793885 -0.05266872 0.32900000
v -0.45513773 -0.05205831 0.32900000
v -0.45568526 -0.05263672 0.32900000
v -0.45641026 -0.05295468 0.32900000
v -0.47407076 -0.03760332 0.32900000
v -0.47571787 -0.03925043 0.32900000
v -0.47796789 -0.03985332 0.32900000
v -0.48012602 -0.04077235 0.32900000
v -0.48021787 -0.03925043 0.32900000
v -0.48186499 -0.03760332 0.32900000
v -0.48623285 -0.03292628 0.32900000
v -0.48246786 -0.03535332 0.32900000
v -0.48934075 -0.02759025 0.32900000
v -0.48186499 -0.03310332 0.32900000
v -0.48926270 -0.02708223 0.32900000
v -0.48021787 -0.03145621 0.32900000
v -0.47796789 -0.03085332 0.32900000
v -0.46615168 -0.02708223 0.32900000
v -0.47571787 -0.03145621 0.32900000
v -0.47407076 -0.03310332 0.32900000
v -0.47346789 -0.03535332 0.32900000
v -0.46615168 -0.04442667 0.32900000
v -0.49240637 -0.02006929 0.32900000
v -0.49063340 -0.02147391 0.32900000
v -0.48926270 0.00000000 0.32900000
v -0.48976779 -0.02356367 0.32900000
v -0.49002826 -0.02581056 0.32900000
v -0.49011847 -0.02602671 0.32900000
v -0.49262300 -0.01998026 0.32900000
v -0.49419332 -0.01477823 0.32900000
v -0.49582982 -0.00497128 0.32900000
v -0.49582982 0.00497128 0.32900000
v -0.48960397 0.01893496 0.32900000
v -0.49181119 0.01855182 0.32900000
v -0.49301848 0.01881863 0.32900000
v -0.49419332 0.01477823 0.32900000
v -0.48724458 0.02463107 0.32900000
v -0.48853439 0.02646271 0.32900000
v -0.48957673 0.02712773 0.32900000
v -0.48785502 0.02033483 0.32900000
v -0.46615168 0.00000000 0.32900000
v -0.48699772 0.02240451 0.32900000
v -0.44148895 0.05191443 0.32900000
v -0.44313607 0.05026731 0.32900000
v -0.44538608 0.04966443 0.32900000
v -0.44763607 0.05026731 0.32900000
v -0.44928318 0.05191443 0.32900000
v -0.44988608 0.05416443 0.32900000
v -0.45236072 -0.04442667 0.32900000
v -0.45236072 -0.02708223 0.32900000
v -0.39013824 -0.03918936 0.32900000
v -0.45236072 0.00000000 0.32900000
v -0.45236072 0.02708221 0.32900000
v -0.47796789 0.03985332 0.31900001
v -0.47571787 0.03925043 0.31900001
v -0.47407076 0.03760332 0.31900001
v -0.47346789 0.03535332 0.31900001
v -0.47407076 0.03310332 0.31900001
v -0.47571787 0.03145621 0.31900001
v -0.47796789 0.03085332 0.31900001
v -0.48021787 0.03145621 0.31900001
v -0.48186499 0.03310332 0.31900001
v -0.48246786 0.03535332 0.31900001
v -0.48186499 0.03760332 0.31900001
v -0.48021787 0.03925043 0.31900001
v -0.44538608 0.05866443 0.31900001
v -0.44313607 0.05806154 0.31900001
v -0.44148895 0.05641443 0.31900001
v -0.44088608 0.05416443 0.31900001
v -0.44148895 0.05191443 0.31900001
v -0.44313607 0.05026731 0.31900001
v -0.44538608 0.04966443 0.31900001
v -0.44763607 0.05026731 0.31900001
v -0.44928318 0.05191443 0.31900001
v -0.44988608 0.05416443 0.31900001
v -0.44928318 0.05641443 0.31900001
v -0.44763607 0.05806154 0.31900001
v -0.44538608 -0.04966443 0.31900001
v -0.44313607 -0.05026731 0.31900001
v -0.44148895 -0.05191443 0.31900001
v -0.44088608 -0.05416443 0.31900001
v -0.44148895 -0.05641443 0.31900001
v -0.44313607 -0.05806154 0.31900001
v -0.44538608 -0.05866443 0.31900001
v -0.44763607 -0.05806154 0.31900001
v -0.44928318 -0.05641443 0.31900001
v -0.44988608 -0.05416443 0.31900001
v -0.44928318 -0.05191443 0.31900001
v -0.44763607 -0.05026731 0.31900001
v -0.47796789 -0.03085332 0.31900001
v -0.47571787 -0.03145621 0.31900001
v -0.47407076 -0.03310332 0.31900001
v -0.47346789 -0.03535332 0.31900001
v -0.47407076 -0.03760332 0.31900001
v -0.47571787 -0.03925043 0.31900001
v -0.47796789 -0.03985332 0.31900001
v -0.48021787 -0.03925043 0.31900001
v -0.48186499 -0.03760332 0.31900001
v -0.48246786 -0.03535332 0.31900001
v -0.48186499 -0.03310332 0.31900001
v -0.48021787 -0.03145621 0.31900001
v -0.37965235 0.01881111 0.31900001
v -0.38025522 0.01656111 0.31900001
v -0.38190234 0.01491399 0.31900001
v -0.38415232 0.01431111 0.31900001
v -0.38640234 0.01491399 0.31900001
v -0.38804945 0.01656111 0.31900001
v -0.38865232 0.01881111 0.31900001
v -0.38804945 0.02106111 0.31900001
v -0.38640234 0.02270822 0.31900001
v -0.38415232 0.02331111 0.31900001
v -0.38190234 0.02270822 0.31900001
v -0.38025522 0.02106111 0.31900001
v -0.37965235 -0.01881111 0.31900001
v -0.38025522 -0.02106111 0.31900001
v -0.38190234 -0.02270822 0.31900001
v -0.38415232 -0.02331111 0.31900001
v -0.38640234 -0.02270822 0.31900001
v -0.38804945 -0.02106111 0.31900001
v -0.38865232 -0.01881111 0.31900001
v -0.38804945 -0.01656111 0.31900001
v -0.38640234 -0.01491399 0.31900001
v -0.38415232 -0.01431111 0.31900001
v -0.38190234 -0.01491399 0.31900001
v -0.38025522 -0.01656111 0.31900001
v -0.43186384 -0.06058170 0.32848826
v -0.49270096 -0.02005665 0.32890111
v -0.42477223 0.05927531 0.32890111
v -0.38535595 0.03373035 0.32848826
v -0.38300285 -0.03451724 0.32609120
v -0.38513827 -0.03603661 0.32699999
v -0.38538355 -0.03791213 0.32609120
v -0.38648885 -0.03786496 0.32699999
v -0.38940477 -0.04274243 0.32609120
v -0.38790533 -0.03964274 0.32699999
v -0.39003310 -0.03921866 0.32890111
v -0.38980699 0.03996515 0.32824239
v -0.38911885 0.03980478 0.32782525
v -0.38940477 0.04274243 0.32609120
v -0.38785914 0.03931267 0.32717413
v -0.38743180 0.03906313 0.32699999
v -0.38538355 0.03791213 0.32609120
v -0.38648885 0.03786496 0.32699999
v -0.38557556 0.03664404 0.32699999
v -0.38300285 0.03451724 0.32609120
v -0.38532019 0.03534132 0.32754940
v -0.42544806 0.06224808 0.32609120
v -0.42822850 0.06264867 0.32609120
v -0.42997539 0.06192334 0.32699999
v -0.43583542 0.06310881 0.32609120
v -0.49346048 0.01987922 0.32824239
v -0.49366567 0.02055535 0.32782525
v -0.49701312 0.01549230 0.32609120
v -0.49386933 0.02189235 0.32717413
v -0.49386692 0.02238721 0.32699999
v -0.49389425 0.02473654 0.32609120
v -0.49279654 0.02498545 0.32699999
v -0.49362880 0.02535052 0.32609120
v -0.49270004 0.02520430 0.32699999
v -0.48917437 0.03372950 0.32609120
v -0.49169955 0.02607683 0.32754940
v -0.49028653 0.02685135 0.32848826
v -0.49413210 -0.02168731 0.32699999
v -0.49701312 -0.01549230 0.32609120
v -0.49389425 -0.02473654 0.32609120
v -0.49239263 -0.02588672 0.32699999
v -0.49279654 -0.02498545 0.32699999
v -0.49362880 -0.02535052 0.32609120
v -0.48917437 -0.03372950 0.32609120
v -0.42562658 -0.06110580 0.32724729
v -0.42577779 -0.06120502 0.32717413
v -0.42544806 -0.06224808 0.32609120
v -0.42620757 -0.06145034 0.32699999
v -0.42822850 -0.06264867 0.32609120
v -0.42771670 -0.06166787 0.32699999
v -0.42923069 -0.06184834 0.32699999
v -0.43583542 -0.06310881 0.32609120
v -0.43048656 -0.06141815 0.32754940
v -0.42423880 -0.05984437 0.32824239
v -0.42472178 -0.06036014 0.32782525
v -0.41827747 -0.06061715 0.32609120
v -0.43837658 0.06305762 0.32609120
v -0.44622281 0.06224808 0.32609120
v -0.44845882 0.06183342 0.32609120
v -0.45632681 0.05968940 0.32609120
v -0.45821413 0.05900776 0.32609120
v -0.46587190 0.05550254 0.32609120
v -0.46738982 0.05465383 0.32609120
v -0.47459766 0.04980171 0.32609120
v -0.47574830 0.04888440 0.32609120
v -0.48866799 0.03451724 0.32609120
v -0.48307306 0.04184888 0.32609120
v -0.48226610 0.04274243 0.32609120
v -0.49711040 0.01510293 0.32609120
v -0.49873960 0.00507815 0.32609120
v -0.49711040 -0.01510293 0.32609120
v -0.49873960 -0.00507815 0.32609120
v -0.48866799 -0.03451724 0.32609120
v -0.48307306 -0.04184888 0.32609120
v -0.48226610 -0.04274243 0.32609120
v -0.47574830 -0.04888440 0.32609120
v -0.47459766 -0.04980171 0.32609120
v -0.46738982 -0.05465383 0.32609120
v -0.45632681 -0.05968940 0.32609120
v -0.45821413 -0.05900776 0.32609120
v -0.46587190 -0.05550254 0.32609120
v -0.44845882 -0.06183342 0.32609120
v -0.43837658 -0.06305762 0.32609120
v -0.44622281 -0.06224808 0.32609120
v -0.41534403 -0.05968940 0.32609120
v -0.40878114 -0.05701568 0.32609120
v -0.40579897 -0.05550254 0.32609120
v -0.39998555 -0.05193753 0.32609120
v -0.39707321 -0.04980171 0.32609120
v -0.39211842 -0.04551423 0.32609120
v -0.37995535 -0.02932812 0.32609120
v -0.37804207 -0.02535052 0.32609120
v -0.37597442 -0.01998454 0.32609120
v -0.37465775 -0.01549230 0.32609120
v -0.37354386 -0.01012336 0.32609120
v -0.37294218 -0.00521148 0.32609120
v -0.37272662 -0.00000000 0.32609120
v -0.37294218 0.00521148 0.32609120
v -0.37354386 0.01012336 0.32609120
v -0.37465775 0.01549230 0.32609120
v -0.37597442 0.01998454 0.32609120
v -0.37804207 0.02535052 0.32609120
v -0.37995535 0.02932812 0.32609120
v -0.39211842 0.04551423 0.32609120
v -0.39707321 0.04980171 0.32609120
v -0.39998555 0.05193753 0.32609120
v -0.42559764 0.06135167 0.32699999
v -0.42546886 0.06133004 0.32699999
v -0.41827747 0.06061715 0.32609120
v -0.41534403 0.05968940 0.32609120
v -0.40878114 0.05701568 0.32609120
v -0.40579897 0.05550254 0.32609120
v -0.49366480 0.02187227 0.32699999
v -0.48983154 0.02494041 0.32699999
v -0.49094993 0.02548641 0.32699999
v -0.49219301 0.02542550 0.32699999
v -0.49282888 0.02095023 0.32699999
v -0.49165198 0.02054548 0.32699999
v -0.49042577 0.02075833 0.32699999
v -0.48945412 0.02153603 0.32699999
v -0.48897785 0.02268586 0.32699999
v -0.48911497 0.02392284 0.32699999
v -0.42611080 0.06064109 0.32699999
v -0.42953363 0.06109172 0.32699999
v -0.42852494 0.06034227 0.32699999
v -0.42727908 0.06017825 0.32699999
v -0.38797879 0.03914557 0.32699999
v -0.38919526 0.03888267 0.32699999
v -0.38723835 0.03429179 0.32699999
v -0.38620630 0.03498736 0.32699999
v -0.38563752 0.03609433 0.32699999
v -0.39013425 0.03806581 0.32699999
v -0.39056304 0.03689745 0.32699999
v -0.39037535 0.03566712 0.32699999
v -0.38961771 0.03467975 0.32699999
v -0.38847786 0.03418002 0.32699999
v -0.38818103 -0.03874233 0.32699999
v -0.38607934 -0.03600337 0.32699999
v -0.38723272 -0.03650219 0.32699999
v -0.38799772 -0.03749914 0.32699999
v -0.43043640 -0.05923221 0.32699999
v -0.43035007 -0.06047377 0.32699999
v -0.42967579 -0.06151984 0.32699999
v -0.42586270 -0.06101784 0.32699999
v -0.42548212 -0.05983289 0.32699999
v -0.42572007 -0.05861128 0.32699999
v -0.42651752 -0.05765577 0.32699999
v -0.42767686 -0.05720316 0.32699999
v -0.42891076 -0.05736560 0.32699999
v -0.42991343 -0.05810286 0.32699999
v -0.49321449 -0.02189876 0.32699999
v -0.49189329 -0.02508835 0.32699999
v -0.49174860 -0.02384008 0.32699999
v -0.49222949 -0.02267911 0.32699999
v -0.48294130 0.04096715 0.31900001
v -0.47976273 0.04263538 0.31900001
v -0.47617301 0.04263538 0.31900001
v -0.47299445 0.04096715 0.31900001
v -0.47095525 0.03801285 0.31900001
v -0.47052255 0.03444929 0.31900001
v -0.47179550 0.03109283 0.31900001
v -0.47448245 0.02871240 0.31900001
v -0.47796789 0.02785332 0.31900001
v -0.48145330 0.02871240 0.31900001
v -0.48414025 0.03109283 0.31900001
v -0.48541319 0.03444929 0.31900001
v -0.48498049 0.03801285 0.31900001
v -0.45035949 0.05977826 0.31900001
v -0.44718096 0.06144649 0.31900001
v -0.44359121 0.06144649 0.31900001
v -0.44041267 0.05977826 0.31900001
v -0.43837345 0.05682396 0.31900001
v -0.43794078 0.05326040 0.31900001
v -0.43921369 0.04990394 0.31900001
v -0.44190067 0.04752351 0.31900001
v -0.44538608 0.04666443 0.31900001
v -0.44887149 0.04752351 0.31900001
v -0.45155847 0.04990394 0.31900001
v -0.45283139 0.05326040 0.31900001
v -0.45239869 0.05682396 0.31900001
v -0.45035949 -0.04855059 0.31900001
v -0.44718096 -0.04688236 0.31900001
v -0.44359121 -0.04688236 0.31900001
v -0.44041267 -0.04855059 0.31900001
v -0.43837345 -0.05150489 0.31900001
v -0.43794078 -0.05506845 0.31900001
v -0.43921369 -0.05842491 0.31900001
v -0.44190067 -0.06080535 0.31900001
v -0.44538608 -0.06166442 0.31900001
v -0.44887149 -0.06080535 0.31900001
v -0.45155847 -0.05842491 0.31900001
v -0.45283139 -0.05506845 0.31900001
v -0.45239869 -0.05150489 0.31900001
v -0.48294130 -0.02973949 0.31900001
v -0.47976273 -0.02807125 0.31900001
v -0.47617301 -0.02807125 0.31900001
v -0.47299445 -0.02973949 0.31900001
v -0.47095525 -0.03269378 0.31900001
v -0.47052255 -0.03625735 0.31900001
v -0.47179550 -0.03961381 0.31900001
v -0.47448245 -0.04199424 0.31900001
v -0.47796789 -0.04285332 0.31900001
v -0.48145330 -0.04199424 0.31900001
v -0.48414025 -0.03961381 0.31900001
v -0.48541319 -0.03625735 0.31900001
v -0.48498049 -0.03269378 0.31900001
v -0.38912576 0.02442494 0.31900001
v -0.38594720 0.02609317 0.31900001
v -0.38235748 0.02609317 0.31900001
v -0.37917891 0.02442494 0.31900001
v -0.37713972 0.02147065 0.31900001
v -0.37670702 0.01790708 0.31900001
v -0.37797996 0.01455062 0.31900001
v -0.38066691 0.01217019 0.31900001
v -0.38415232 0.01131111 0.31900001
v -0.38763776 0.01217019 0.31900001
v -0.39032471 0.01455062 0.31900001
v -0.39159766 0.01790708 0.31900001
v -0.39116496 0.02147065 0.31900001
v -0.38912576 -0.01319728 0.31900001
v -0.38594720 -0.01152904 0.31900001
v -0.38235748 -0.01152904 0.31900001
v -0.37917891 -0.01319728 0.31900001
v -0.37713972 -0.01615157 0.31900001
v -0.37670702 -0.01971513 0.31900001
v -0.37797996 -0.02307159 0.31900001
v -0.38066691 -0.02545203 0.31900001
v -0.38415232 -0.02631111 0.31900001
v -0.38763776 -0.02545203 0.31900001
v -0.39032471 -0.02307159 0.31900001
v -0.39159766 -0.01971513 0.31900001
v -0.39116496 -0.01615157 0.31900001
v -0.49759018 -0.01613246 0.32097989
v -0.49748492 -0.01651896 0.32100046
v -0.49727073 -0.01734653 0.32090792
v -0.49703330 -0.01835380 0.32052660
v -0.49700963 -0.01846267 0.32046464
v -0.49684089 -0.01934183 0.31976271
v -0.49676943 -0.01991364 0.31899992
v -0.49676496 -0.01998238 0.31887791
v -0.49687251 -0.02049637 0.31699967
v -0.49693179 -0.02049267 0.31660807
v -0.49597600 -0.02562350 0.30999029
v -0.49679744 -0.02041329 0.31769407
v -0.49719962 -0.02023186 0.31538540
v -0.49731305 -0.02005992 0.31499985
v -0.49749717 -0.01973139 0.31447196
v -0.49789256 -0.01886086 0.31363085
v -0.49795076 -0.01871457 0.31353599
v -0.49862608 -0.01818753 0.30999029
v -0.49823335 -0.01793405 0.31317514
v -0.49930748 -0.01564446 0.30999029
v -0.49856928 -0.01681659 0.31299961
v -0.49885049 -0.01561830 0.31319165
v -0.50073045 -0.00787968 0.30999029
v -0.49898636 -0.01484981 0.31353557
v -0.49903268 -0.01451594 0.31375223
v -0.49910653 -0.01360929 0.31463975
v -0.50099510 -0.00526023 0.30999029
v -0.49910641 -0.01336692 0.31500018
v -0.49907228 -0.01300542 0.31576279
v -0.49894163 -0.01276767 0.31701186
v -0.49875537 -0.01288931 0.31813785
v -0.49856278 -0.01322058 0.31899995
v -0.49848852 -0.01338292 0.31927717
v -0.49822223 -0.01407079 0.32007819
v -0.49804521 -0.01459829 0.32046404
v -0.49788651 -0.01510678 0.32072094
v -0.39248601 0.04893138 0.30999029
v -0.39870012 0.05379981 0.30999029
v -0.40089652 0.05525146 0.30999029
v -0.40781111 0.05906004 0.30999029
v -0.41021192 0.06014057 0.30999029
v -0.41764790 0.06279065 0.30999029
v -0.42019096 0.06347206 0.30999029
v -0.42795575 0.06489501 0.30999029
v -0.43057519 0.06515966 0.30999029
v -0.43583542 0.06537164 0.30999029
v -0.43846768 0.06531863 0.30999029
v -0.44109565 0.06515966 0.30999029
v -0.44891143 0.06405053 0.30999029
v -0.45147988 0.06347206 0.30999029
v -0.45901653 0.06112355 0.30999029
v -0.46145892 0.06014057 0.30999029
v -0.46852124 0.05661350 0.30999029
v -0.47077435 0.05525146 0.30999029
v -0.47717944 0.05063720 0.30999029
v -0.47918484 0.04893138 0.30999029
v -0.48476681 0.04334942 0.30999029
v -0.48647264 0.04134399 0.30999029
v -0.49108690 0.03493891 0.30999029
v -0.49244893 0.03268582 0.30999029
v -0.49597600 0.02562350 0.30999029
v -0.49695897 0.02318111 0.30999029
v -0.49930748 0.01564446 0.30999029
v -0.49988595 0.01307601 0.30999029
v -0.50115407 0.00263225 0.30999029
v -0.50099510 0.00526023 0.30999029
v -0.49489546 -0.02802434 0.30999029
v -0.49108690 -0.03493891 0.30999029
v -0.48963523 -0.03713533 0.30999029
v -0.48476681 -0.04334942 0.30999029
v -0.48298162 -0.04528453 0.30999029
v -0.47717944 -0.05063720 0.30999029
v -0.47510692 -0.05226089 0.30999029
v -0.46852124 -0.05661350 0.30999029
v -0.46621513 -0.05788372 0.30999029
v -0.45901653 -0.06112355 0.30999029
v -0.45653653 -0.06200739 0.30999029
v -0.44891143 -0.06405053 0.30999029
v -0.44632179 -0.06452510 0.30999029
v -0.43846768 -0.06531863 0.30999029
v -0.43583542 -0.06537164 0.30999029
v -0.42795575 -0.06489501 0.30999029
v -0.42534909 -0.06452510 0.30999029
v -0.41764790 -0.06279065 0.30999029
v -0.41513431 -0.06200739 0.30999029
v -0.40781111 -0.05906004 0.30999029
v -0.40545571 -0.05788372 0.30999029
v -0.39870012 -0.05379981 0.30999029
v -0.39656392 -0.05226089 0.30999029
v -0.39055091 -0.04714619 0.30999029
v -0.38868925 -0.04528453 0.30999029
v -0.38357455 -0.03927151 0.30999029
v -0.38203561 -0.03713533 0.30999029
v -0.37795171 -0.03037972 0.30999029
v -0.37677538 -0.02802434 0.30999029
v -0.37382805 -0.02070111 0.30999029
v -0.37304479 -0.01818753 0.30999029
v -0.37131032 -0.01048635 0.30999029
v -0.37094042 -0.00787968 0.30999029
v -0.37046379 -0.00000000 0.30999029
v -0.37051681 0.00263225 0.30999029
v -0.37131032 0.01048635 0.30999029
v -0.37178490 0.01307601 0.30999029
v -0.37382805 0.02070111 0.30999029
v -0.37471187 0.02318111 0.30999029
v -0.37795171 0.03037972 0.30999029
v -0.37922192 0.03268582 0.30999029
v -0.38357455 0.03927151 0.30999029
v -0.38519824 0.04134399 0.30999029
v -0.39055091 0.04714619 0.30999029
v -0.48145330 0.02871240 0.30900002
v -0.48414025 0.03109283 0.30900002
v -0.48446307 0.03160332 0.30900002
v -0.48541319 0.03444929 0.30900002
v -0.48498049 0.03801285 0.30900002
v -0.48294130 0.04096715 0.30900002
v -0.47976273 0.04263538 0.30900002
v -0.47617301 0.04263538 0.30900002
v -0.47299445 0.04096715 0.30900002
v -0.47095525 0.03801285 0.30900002
v -0.47052255 0.03444929 0.30900002
v -0.47179550 0.03109283 0.30900002
v -0.47448245 0.02871240 0.30900002
v -0.47796789 0.02785332 0.30900002
v -0.44887149 0.04752351 0.30900002
v -0.45155847 0.04990394 0.30900002
v -0.45188126 0.05041443 0.30900002
v -0.45283139 0.05326040 0.30900002
v -0.45239869 0.05682396 0.30900002
v -0.45035949 0.05977826 0.30900002
v -0.44718096 0.06144649 0.30900002
v -0.44359121 0.06144649 0.30900002
v -0.44041267 0.05977826 0.30900002
v -0.43837345 0.05682396 0.30900002
v -0.43794078 0.05326040 0.30900002
v -0.43921369 0.04990394 0.30900002
v -0.44190067 0.04752351 0.30900002
v -0.44538608 0.04666443 0.30900002
v -0.43837345 -0.05150489 0.30900002
v -0.43794078 -0.05506845 0.30900002
v -0.43889087 -0.05791442 0.30900002
v -0.43921369 -0.05842491 0.30900002
v -0.44190067 -0.06080535 0.30900002
v -0.44538608 -0.06166442 0.30900002
v -0.44887149 -0.06080535 0.30900002
v -0.45155847 -0.05842491 0.30900002
v -0.45283139 -0.05506845 0.30900002
v -0.45239869 -0.05150489 0.30900002
v -0.45035949 -0.04855059 0.30900002
v -0.44718096 -0.04688236 0.30900002
v -0.44359121 -0.04688236 0.30900002
v -0.44041267 -0.04855059 0.30900002
v -0.47095525 -0.03269378 0.30900002
v -0.47052255 -0.03625735 0.30900002
v -0.47147268 -0.03910332 0.30900002
v -0.47179550 -0.03961381 0.30900002
v -0.47448245 -0.04199424 0.30900002
v -0.47796789 -0.04285332 0.30900002
v -0.48145330 -0.04199424 0.30900002
v -0.48414025 -0.03961381 0.30900002
v -0.48541319 -0.03625735 0.30900002
v -0.48498049 -0.03269378 0.30900002
v -0.48294130 -0.02973949 0.30900002
v -0.47976273 -0.02807125 0.30900002
v -0.47617301 -0.02807125 0.30900002
v -0.47299445 -0.02973949 0.30900002
v -0.38912576 0.02442494 0.30900002
v -0.38594720 0.02609317 0.30900002
v -0.38415232 0.02631111 0.30900002
v -0.38235748 0.02609317 0.30900002
v -0.37917891 0.02442494 0.30900002
v -0.37713972 0.02147065 0.30900002
v -0.37670702 0.01790708 0.30900002
v -0.37797996 0.01455062 0.30900002
v -0.38066691 0.01217019 0.30900002
v -0.38415232 0.01131111 0.30900002
v -0.38763776 0.01217019 0.30900002
v -0.39032471 0.01455062 0.30900002
v -0.39159766 0.01790708 0.30900002
v -0.39116496 0.02147065 0.30900002
v -0.38912576 -0.01319728 0.30900002
v -0.38594720 -0.01152904 0.30900002
v -0.38415232 -0.01131111 0.30900002
v -0.38235748 -0.01152904 0.30900002
v -0.37917891 -0.01319728 0.30900002
v -0.37713972 -0.01615157 0.30900002
v -0.37670702 -0.01971513 0.30900002
v -0.37797996 -0.02307159 0.30900002
v -0.38066691 -0.02545203 0.30900002
v -0.38415232 -0.02631111 0.30900002
v -0.38763776 -0.02545203 0.30900002
v -0.39032471 -0.02307159 0.30900002
v -0.39159766 -0.01971513 0.30900002
v -0.39116496 -0.01615157 0.30900002
v -0.48799542 -0.01397622 0.32100001
v -0.48851305 -0.01204437 0.32046410
v -0.48747778 -0.01590807 0.32046410
v -0.48709884 -0.01732229 0.31900001
v -0.48696014 -0.01783992 0.31700000
v -0.48709884 -0.01732229 0.31500000
v -0.48747778 -0.01590807 0.31353590
v -0.48799542 -0.01397622 0.31299999
v -0.48851305 -0.01204437 0.31353590
v -0.48889199 -0.01063015 0.31500000
v -0.48903069 -0.01011252 0.31700000
v -0.48889199 -0.01063015 0.31900001
v -0.44618368 -0.06367542 0.30900002
v -0.43583542 -0.06451081 0.30900002
v -0.45626393 -0.06119086 0.30900002
v -0.46581510 -0.05712149 0.30900002
v -0.47458979 -0.05157271 0.30900002
v -0.48236078 -0.04468821 0.30900002
v -0.48892680 -0.03664632 0.30900002
v -0.49411777 -0.02765531 0.30900002
v -0.49779925 -0.01794804 0.30900002
v -0.49987590 -0.00777592 0.30900002
v -0.50029391 0.00259759 0.30900002
v -0.49904254 0.01290382 0.30900002
v -0.49615410 0.02287585 0.30900002
v -0.49170345 0.03225541 0.30900002
v -0.48580584 0.04079957 0.30900002
v -0.47861400 0.04828704 0.30900002
v -0.47031426 0.05452390 0.30900002
v -0.46112153 0.05934862 0.30900002
v -0.45555457 0.06142313 0.30900002
v -0.45127389 0.06263625 0.30900002
v -0.43064445 0.06430162 0.30900002
v -0.43583542 0.06451081 0.30900002
v -0.44102639 0.06430162 0.30900002
v -0.42039698 0.06263625 0.30900002
v -0.41054934 0.05934862 0.30900002
v -0.40135661 0.05452390 0.30900002
v -0.39305684 0.04828704 0.30900002
v -0.38586503 0.04079957 0.30900002
v -0.37996742 0.03225541 0.30900002
v -0.37551677 0.02287585 0.30900002
v -0.37262833 0.01290382 0.30900002
v -0.37137693 0.00259759 0.30900002
v -0.37179497 -0.00777592 0.30900002
v -0.37387162 -0.01794804 0.30900002
v -0.37729037 -0.02709464 0.30900002
v -0.37755311 -0.02765531 0.30900002
v -0.38274407 -0.03664632 0.30900002
v -0.38931006 -0.04468821 0.30900002
v -0.39708105 -0.05157271 0.30900002
v -0.40585575 -0.05712149 0.30900002
v -0.41540691 -0.06119086 0.30900002
v -0.42548716 -0.06367542 0.30900002
v -0.39861888 -0.03465578 0.30900002
v -0.39861888 -0.02707818 0.30900002
v -0.38926044 -0.02707818 0.30900002
v -0.38133544 0.00346410 0.30900002
v -0.38333544 0.00400000 0.30900002
v -0.37799385 0.00765554 0.30900002
v -0.46740776 0.03157232 0.30900002
v -0.46827263 0.03465575 0.30900002
v -0.46064165 0.03712512 0.30900002
v -0.37799385 -0.02707818 0.30900002
v -0.38926044 0.03465575 0.30900002
v -0.39861888 0.03465575 0.30900002
v -0.39861888 0.04565316 0.30900002
v -0.37799385 0.02707816 0.30900002
v -0.40612131 -0.04746633 0.30900002
v -0.40558544 -0.04546633 0.30900002
v -0.39861888 -0.04565318 0.30900002
v -0.46827263 -0.04565318 0.30900002
v -0.48241043 0.02707816 0.30900002
v -0.48241043 0.00765554 0.30900002
v -0.42573172 0.04565316 0.30900002
v -0.45548978 0.04565316 0.30900002
v -0.46008542 0.04893044 0.30900002
v -0.46208543 0.04946633 0.30900002
v -0.46827263 0.04565316 0.30900002
v -0.48833543 0.00400000 0.30900002
v -0.49033543 0.00346410 0.30900002
v -0.48633543 0.00346410 0.30900002
v -0.48833543 -0.00400000 0.30900002
v -0.48633543 -0.00346410 0.30900002
v -0.48241043 -0.00765558 0.30900002
v -0.48487133 -0.00200000 0.30900002
v -0.48433542 0.00000000 0.30900002
v -0.48487133 0.00200000 0.30900002
v -0.49179953 0.00200000 0.30900002
v -0.49233544 0.00000000 0.30900002
v -0.49179953 -0.00200000 0.30900002
v -0.49033543 -0.00346410 0.30900002
v -0.48241043 -0.02707818 0.30900002
v -0.46827263 -0.03465578 0.30900002
v -0.45548978 -0.05556945 0.30900002
v -0.46208543 -0.04946633 0.30900002
v -0.42573172 -0.05556945 0.30900002
v -0.40758544 -0.04893044 0.30900002
v -0.42573172 -0.04565318 0.30900002
v -0.41358542 -0.04546633 0.30900002
v -0.41304952 -0.04746633 0.30900002
v -0.41158542 -0.04893044 0.30900002
v -0.40958542 -0.04946633 0.30900002
v -0.38926044 -0.03465578 0.30900002
v -0.37799385 -0.00765558 0.30900002
v -0.40758544 0.04893044 0.30900002
v -0.40958542 0.04946633 0.30900002
v -0.38926044 -0.00765558 0.30900002
v -0.39204338 -0.00871078 0.30900002
v -0.39458421 -0.01708682 0.30900002
v -0.38926044 0.02707816 0.30900002
v -0.38926044 0.00765554 0.30900002
v -0.39871031 0.02480621 0.30900002
v -0.39458421 0.01708682 0.30900002
v -0.39861888 0.02707816 0.30900002
v -0.40426311 0.03157232 0.30900002
v -0.39204338 0.00871078 0.30900002
v -0.39118543 -0.00000000 0.30900002
v -0.47296056 0.02480621 0.30900002
v -0.45548978 -0.04565318 0.30900002
v -0.47296056 -0.02480621 0.30900002
v -0.47708666 -0.01708682 0.30900002
v -0.46740776 -0.03157232 0.30900002
v -0.46064165 -0.03712512 0.30900002
v -0.46208543 -0.04146633 0.30900002
v -0.46008542 -0.04893044 0.30900002
v -0.45862132 -0.04746633 0.30900002
v -0.45808542 -0.04546633 0.30900002
v -0.45292225 -0.04125122 0.30900002
v -0.45862132 -0.04346633 0.30900002
v -0.46008542 -0.04200223 0.30900002
v -0.46408543 -0.04200223 0.30900002
v -0.46554953 -0.04346633 0.30900002
v -0.46608543 -0.04546633 0.30900002
v -0.46554953 -0.04746633 0.30900002
v -0.46408543 -0.04893044 0.30900002
v -0.40612131 -0.04346633 0.30900002
v -0.40758544 -0.04200223 0.30900002
v -0.40958542 -0.04146633 0.30900002
v -0.41102922 -0.03712512 0.30900002
v -0.41158542 -0.04200223 0.30900002
v -0.41874862 -0.04125122 0.30900002
v -0.41102922 0.03712512 0.30900002
v -0.40958542 0.04146633 0.30900002
v -0.40758544 0.04200223 0.30900002
v -0.40612131 0.04346633 0.30900002
v -0.40558544 0.04546633 0.30900002
v -0.40612131 0.04746633 0.30900002
v -0.41158542 0.04893044 0.30900002
v -0.41304952 0.04746633 0.30900002
v -0.41358542 0.04546633 0.30900002
v -0.41874862 0.04125122 0.30900002
v -0.41304952 0.04346633 0.30900002
v -0.41158542 0.04200223 0.30900002
v -0.46408543 0.04893044 0.30900002
v -0.46554953 0.04746633 0.30900002
v -0.46608543 0.04546633 0.30900002
v -0.46008542 0.04200223 0.30900002
v -0.45292225 0.04125122 0.30900002
v -0.45862132 0.04346633 0.30900002
v -0.45808542 0.04546633 0.30900002
v -0.45862132 0.04746633 0.30900002
v -0.46554953 0.04346633 0.30900002
v -0.46408543 0.04200223 0.30900002
v -0.46208543 0.04146633 0.30900002
v -0.42712465 0.04379206 0.30900002
v -0.43583542 0.04465000 0.30900002
v -0.44454622 0.04379206 0.30900002
v -0.40426311 -0.03157232 0.30900002
v -0.39871031 -0.02480621 0.30900002
v -0.44454622 -0.04379206 0.30900002
v -0.43583542 -0.04465000 0.30900002
v -0.42712465 -0.04379206 0.30900002
v -0.41304952 -0.04346633 0.30900002
v -0.47962749 -0.00871078 0.30900002
v -0.48048544 0.00000000 0.30900002
v -0.47962749 0.00871078 0.30900002
v -0.47708666 0.01708682 0.30900002
v -0.38533542 0.00346410 0.30900002
v -0.38679954 0.00200000 0.30900002
v -0.38133544 -0.00346410 0.30900002
v -0.37987134 -0.00200000 0.30900002
v -0.37933543 -0.00000000 0.30900002
v -0.37987134 0.00200000 0.30900002
v -0.38733542 -0.00000000 0.30900002
v -0.38679954 -0.00200000 0.30900002
v -0.38533542 -0.00346410 0.30900002
v -0.38333544 -0.00400000 0.30900002
v -0.44432017 0.04128719 0.31150001
v -0.45196554 0.03894152 0.31150001
v -0.45245752 0.03873407 0.31150001
v -0.45925272 0.03504644 0.31150001
v -0.45991439 0.03459518 0.31150001
v -0.46563998 0.02980455 0.31150001
v -0.46638545 0.02903995 0.31150001
v -0.47088188 0.02341728 0.31150001
v -0.47160578 0.02229583 0.31150001
v -0.47477695 0.01613011 0.31150001
v -0.47536168 0.01463892 0.31150001
v -0.47717553 0.00822306 0.31150001
v -0.47749937 0.00638268 0.31150001
v -0.47798544 0.00000000 0.31150001
v -0.47793132 -0.00213486 0.31150001
v -0.47717553 -0.00822306 0.31150001
v -0.47663987 -0.01056500 0.31150001
v -0.47477695 -0.01613011 0.31150001
v -0.47367790 -0.01856261 0.31150001
v -0.47088188 -0.02341728 0.31150001
v -0.46916664 -0.02580027 0.31150001
v -0.46563998 -0.02980455 0.31150001
v -0.46329078 -0.03198165 0.31150001
v -0.45925272 -0.03504644 0.31150001
v -0.45629090 -0.03685371 0.31150001
v -0.45196554 -0.03894152 0.31150001
v -0.44845358 -0.04021697 0.31150001
v -0.44405848 -0.04134010 0.31150001
v -0.44009969 -0.04193374 0.31150001
v -0.43583542 -0.04215000 0.31150001
v -0.43157119 -0.04193374 0.31150001
v -0.42761236 -0.04134010 0.31150001
v -0.42321727 -0.04021697 0.31150001
v -0.41970533 -0.03894152 0.31150001
v -0.41537994 -0.03685371 0.31150001
v -0.41241816 -0.03504644 0.31150001
v -0.40838009 -0.03198165 0.31150001
v -0.40603089 -0.02980455 0.31150001
v -0.40250424 -0.02580027 0.31150001
v -0.40078899 -0.02341728 0.31150001
v -0.39799297 -0.01856261 0.31150001
v -0.39689392 -0.01613011 0.31150001
v -0.39503098 -0.01056500 0.31150001
v -0.39449534 -0.00822306 0.31150001
v -0.39373952 -0.00213486 0.31150001
v -0.39368543 -0.00000000 0.31150001
v -0.39417148 0.00638268 0.31150001
v -0.39449534 0.00822306 0.31150001
v -0.39630917 0.01463892 0.31150001
v -0.39689392 0.01613011 0.31150001
v -0.40006506 0.02229583 0.31150001
v -0.40078899 0.02341728 0.31150001
v -0.40528542 0.02903995 0.31150001
v -0.40603089 0.02980455 0.31150001
v -0.41175649 0.03459518 0.31150001
v -0.41241816 0.03504644 0.31150001
v -0.41921332 0.03873407 0.31150001
v -0.41970533 0.03894152 0.31150001
v -0.42735070 0.04128719 0.31150001
v -0.42761236 0.04134010 0.31150001
v -0.43583542 0.04215000 0.31150001
v -0.44405848 0.04134010 0.31150001
v -0.46208543 0.04946633 0.32400000
v -0.46008542 0.04893044 0.32400000
v -0.45862132 0.04746633 0.32400000
v -0.45808542 0.04546633 0.32400000
v -0.45862132 0.04346633 0.32400000
v -0.46008542 0.04200223 0.32400000
v -0.46208543 0.04146633 0.32400000
v -0.46408543 0.04200223 0.32400000
v -0.46554953 0.04346633 0.32400000
v -0.46608543 0.04546633 0.32400000
v -0.46554953 0.04746633 0.32400000
v -0.46408543 0.04893044 0.32400000
v -0.40958542 0.04946633 0.32400000
v -0.40758544 0.04893044 0.32400000
v -0.40612131 0.04746633 0.32400000
v -0.40558544 0.04546633 0.32400000
v -0.40612131 0.04346633 0.32400000
v -0.40758544 0.04200223 0.32400000
v -0.40958542 0.04146633 0.32400000
v -0.41158542 0.04200223 0.32400000
v -0.41304952 0.04346633 0.32400000
v -0.41358542 0.04546633 0.32400000
v -0.41304952 0.04746633 0.32400000
v -0.41158542 0.04893044 0.32400000
v -0.38333544 0.00400000 0.32400000
v -0.38133544 0.00346410 0.32400000
v -0.37987134 0.00200000 0.32400000
v -0.37933543 -0.00000000 0.32400000
v -0.37987134 -0.00200000 0.32400000
v -0.38133544 -0.00346410 0.32400000
v -0.38333544 -0.00400000 0.32400000
v -0.38533542 -0.00346410 0.32400000
v -0.38679954 -0.00200000 0.32400000
v -0.38733542 -0.00000000 0.32400000
v -0.38679954 0.00200000 0.32400000
v -0.38533542 0.00346410 0.32400000
v -0.40958542 -0.04146633 0.32400000
v -0.40758544 -0.04200223 0.32400000
v -0.40612131 -0.04346633 0.32400000
v -0.40558544 -0.04546633 0.32400000
v -0.40612131 -0.04746633 0.32400000
v -0.40758544 -0.04893044 0.32400000
v -0.40958542 -0.04946633 0.32400000
v -0.41158542 -0.04893044 0.32400000
v -0.41304952 -0.04746633 0.32400000
v -0.41358542 -0.04546633 0.32400000
v -0.41304952 -0.04346633 0.32400000
v -0.41158542 -0.04200223 0.32400000
v -0.46208543 -0.04146633 0.32400000
v -0.46008542 -0.04200223 0.32400000
v -0.45862132 -0.04346633 0.32400000
v -0.45808542 -0.04546633 0.32400000
v -0.45862132 -0.04746633 0.32400000
v -0.46008542 -0.04893044 0.32400000
v -0.46208543 -0.04946633 0.32400000
v -0.46408543 -0.04893044 0.32400000
v -0.46554953 -0.04746633 0.32400000
v -0.46608543 -0.04546633 0.32400000
v -0.46554953 -0.04346633 0.32400000
v -0.46408543 -0.04200223 0.32400000
v -0.48833543 0.00400000 0.32400000
v -0.48633543 0.00346410 0.32400000
v -0.48487133 0.00200000 0.32400000
v -0.48433542 0.00000000 0.32400000
v -0.48487133 -0.00200000 0.32400000
v -0.48633543 -0.00346410 0.32400000
v -0.48833543 -0.00400000 0.32400000
v -0.49033543 -0.00346410 0.32400000
v -0.49179953 -0.00200000 0.32400000
v -0.49233544 0.00000000 0.32400000
v -0.49179953 0.00200000 0.32400000
v -0.49033543 0.00346410 0.32400000
v -0.42735070 0.04128719 0.31900001
v -0.43583542 0.04215000 0.31900001
v -0.41921332 0.03873407 0.31900001
v -0.41175649 0.03459518 0.31900001
v -0.40528542 0.02903995 0.31900001
v -0.40006506 0.02229583 0.31900001
v -0.39630917 0.01463892 0.31900001
v -0.39417148 0.00638268 0.31900001
v -0.39373952 -0.00213486 0.31900001
v -0.39503098 -0.01056500 0.31900001
v -0.39799297 -0.01856261 0.31900001
v -0.40250424 -0.02580027 0.31900001
v -0.40838009 -0.03198165 0.31900001
v -0.41537994 -0.03685371 0.31900001
v -0.42321727 -0.04021697 0.31900001
v -0.43157119 -0.04193374 0.31900001
v -0.44009969 -0.04193374 0.31900001
v -0.44845358 -0.04021697 0.31900001
v -0.45629090 -0.03685371 0.31900001
v -0.46329078 -0.03198165 0.31900001
v -0.46916664 -0.02580027 0.31900001
v -0.47367790 -0.01856261 0.31900001
v -0.47663987 -0.01056500 0.31900001
v -0.47793132 -0.00213486 0.31900001
v -0.47749937 0.00638268 0.31900001
v -0.47536168 0.01463892 0.31900001
v -0.47160578 0.02229583 0.31900001
v -0.46638545 0.02903995 0.31900001
v -0.45991439 0.03459518 0.31900001
v -0.45245752 0.03873407 0.31900001
v -0.44432017 0.04128719 0.31900001
v -0.44487959 -0.04254942 0.31900001
v -0.43886983 -0.04339404 0.31900001
v -0.43280104 -0.04339404 0.31900001
v -0.40561780 -0.03129128 0.31900001
v -0.40155697 -0.02678127 0.31900001
v -0.46140409 -0.03519224 0.31900001
v -0.45625743 -0.03840822 0.31900001
v -0.45071331 -0.04087663 0.31900001
v -0.47350752 -0.02175000 0.31900001
v -0.47011390 -0.02678127 0.31900001
v -0.46605307 -0.03129128 0.31900001
v -0.39816332 -0.02175000 0.31900001
v -0.39550292 -0.01629539 0.31900001
v -0.39362755 -0.01052360 0.31900001
v -0.44782564 0.04181488 0.31900001
v -0.45352846 0.03973923 0.31900001
v -0.42679128 -0.04254942 0.31900001
v -0.42095757 -0.04087663 0.31900001
v -0.41541341 -0.03840822 0.31900001
v -0.41026676 -0.03519224 0.31900001
v -0.47909713 -0.00454699 0.31900001
v -0.47804329 -0.01052360 0.31900001
v -0.47616792 -0.01629539 0.31900001
v -0.41278395 0.03689009 0.31900001
v -0.41814238 0.03973923 0.31900001
v -0.42384520 0.04181488 0.31900001
v -0.42978141 0.04307666 0.31900001
v -0.43583542 0.04350000 0.31900001
v -0.44188946 0.04307666 0.31900001
v -0.39673790 0.01906914 0.31900001
v -0.39977229 0.02432489 0.31900001
v -0.40350863 0.02910718 0.31900001
v -0.40787417 0.03332293 0.31900001
v -0.39257371 -0.00454699 0.31900001
v -0.39236194 0.00151813 0.31900001
v -0.39299628 0.00755370 0.31900001
v -0.39446446 0.01344224 0.31900001
v -0.47720638 0.01344224 0.31900001
v -0.47867456 0.00755370 0.31900001
v -0.47930893 0.00151813 0.31900001
v -0.45888692 0.03689009 0.31900001
v -0.46379671 0.03332293 0.31900001
v -0.46816224 0.02910718 0.31900001
v -0.47189856 0.02432489 0.31900001
v -0.47493297 0.01906914 0.31900001
v -0.42973322 0.04341941 0.31906182
v -0.42374980 0.04214759 0.31906182
v -0.41800159 0.04005542 0.31906182
v -0.41260052 0.03718362 0.31906182
v -0.40765169 0.03358807 0.31906182
v -0.40325141 0.02933878 0.31906182
v -0.39948535 0.02451844 0.31906182
v -0.39642680 0.01922087 0.31906182
v -0.39413530 0.01354920 0.31906182
v -0.39265543 0.00761380 0.31906182
v -0.39201602 0.00153021 0.31906182
v -0.39222950 -0.00458317 0.31906182
v -0.39329174 -0.01060734 0.31906182
v -0.39518201 -0.01642505 0.31906182
v -0.39786357 -0.02192306 0.31906182
v -0.40128422 -0.02699436 0.31906182
v -0.40537736 -0.03154026 0.31906182
v -0.41006333 -0.03547226 0.31906182
v -0.41525093 -0.03871382 0.31906182
v -0.42083916 -0.04120187 0.31906182
v -0.42671931 -0.04288797 0.31906182
v -0.43277687 -0.04373931 0.31906182
v -0.43889397 -0.04373931 0.31906182
v -0.44495156 -0.04288797 0.31906182
v -0.45083168 -0.04120187 0.31906182
v -0.45641994 -0.03871382 0.31906182
v -0.46160752 -0.03547226 0.31906182
v -0.46629351 -0.03154026 0.31906182
v -0.47038665 -0.02699436 0.31906182
v -0.47380728 -0.02192306 0.31906182
v -0.47648883 -0.01642505 0.31906182
v -0.47837913 -0.01060734 0.31906182
v -0.47944134 -0.00458317 0.31906182
v -0.47965485 0.00153021 0.31906182
v -0.47901544 0.00761380 0.31906182
v -0.47753558 0.01354920 0.31906182
v -0.47524405 0.01922087 0.31906182
v -0.47218552 0.02451844 0.31906182
v -0.46841943 0.02933878 0.31906182
v -0.46401918 0.03358807 0.31906182
v -0.45907032 0.03718362 0.31906182
v -0.45366925 0.04005542 0.31906182
v -0.44792107 0.04214759 0.31906182
v -0.44193763 0.04341941 0.31906182
v -0.43583542 0.04384612 0.31906182
v -0.42358661 0.04271673 0.31965390
v -0.41776079 0.04059631 0.31965390
v -0.41880602 0.04111264 0.31999999
v -0.40727112 0.03404163 0.31965390
v -0.41111255 0.03700040 0.31999999
v -0.41228679 0.03768572 0.31965390
v -0.41225404 0.03773814 0.31999999
v -0.41773564 0.04065277 0.31999999
v -0.40281141 0.02973495 0.31965390
v -0.40436918 0.03146625 0.31999999
v -0.40723139 0.03408898 0.31999999
v -0.39589465 0.01948042 0.31965390
v -0.39883503 0.02472288 0.31999999
v -0.39899451 0.02484952 0.31965390
v -0.39894325 0.02488408 0.31999999
v -0.40276548 0.02977631 0.31999999
v -0.39357221 0.01373216 0.31965390
v -0.39472279 0.01702941 0.31999999
v -0.39583910 0.01950752 0.31999999
v -0.39207235 0.00771661 0.31965390
v -0.39219049 0.00868152 0.31999999
v -0.39351341 0.01375126 0.31999999
v -0.39164066 -0.00464506 0.31965390
v -0.39133543 -0.00000000 0.31999999
v -0.39142430 0.00155087 0.31965390
v -0.39136255 0.00155303 0.31999999
v -0.39201149 0.00772734 0.31999999
v -0.39271724 -0.01075057 0.31965390
v -0.39219049 -0.00868152 0.31999999
v -0.39157921 -0.00465152 0.31999999
v -0.39463305 -0.01664684 0.31965390
v -0.39457574 -0.01666999 0.31999999
v -0.39265728 -0.01076552 0.31999999
v -0.40081766 -0.02735888 0.31965390
v -0.39883503 -0.02472288 0.31999999
v -0.39735082 -0.02221910 0.31965390
v -0.39729729 -0.02225000 0.31999999
v -0.39472279 -0.01702941 0.31999999
v -0.40496606 -0.03196616 0.31965390
v -0.40436918 -0.03146625 0.31999999
v -0.40076897 -0.02739694 0.31999999
v -0.41497296 -0.03923659 0.31965390
v -0.41111255 -0.03700040 0.31999999
v -0.40971532 -0.03595125 0.31965390
v -0.40967900 -0.03600126 0.31999999
v -0.40492314 -0.03201062 0.31999999
v -0.42063668 -0.04175824 0.31965390
v -0.41880602 -0.04111264 0.31999999
v -0.41494393 -0.03929117 0.31999999
v -0.42659622 -0.04346711 0.31965390
v -0.42658335 -0.04352757 0.31999999
v -0.42061552 -0.04181632 0.31999999
v -0.43893528 -0.04432994 0.31965390
v -0.43583542 -0.04450000 0.31999999
v -0.43273559 -0.04432994 0.31965390
v -0.43273127 -0.04439160 0.31999999
v -0.42715392 -0.04364495 0.31999999
v -0.44507465 -0.04346711 0.31965390
v -0.44451696 -0.04364495 0.31999999
v -0.43893960 -0.04439160 0.31999999
v -0.45669791 -0.03923659 0.31965390
v -0.45286486 -0.04111264 0.31999999
v -0.45103419 -0.04175824 0.31965390
v -0.45105532 -0.04181632 0.31999999
v -0.44508749 -0.04352757 0.31999999
v -0.46195555 -0.03595125 0.31965390
v -0.46055830 -0.03700040 0.31999999
v -0.45672691 -0.03929117 0.31999999
v -0.46670479 -0.03196616 0.31965390
v -0.46674773 -0.03201062 0.31999999
v -0.46199188 -0.03600126 0.31999999
v -0.47432002 -0.02221910 0.31965390
v -0.47283584 -0.02472288 0.31999999
v -0.47085321 -0.02735888 0.31965390
v -0.47090191 -0.02739694 0.31999999
v -0.46730170 -0.03146625 0.31999999
v -0.47703782 -0.01664684 0.31965390
v -0.47694808 -0.01702941 0.31999999
v -0.47437355 -0.02225000 0.31999999
v -0.48003018 -0.00464506 0.31965390
v -0.47948039 -0.00868152 0.31999999
v -0.47895363 -0.01075057 0.31965390
v -0.47901359 -0.01076552 0.31999999
v -0.47709510 -0.01666999 0.31999999
v -0.48024654 0.00155087 0.31965390
v -0.48033544 0.00000000 0.31999999
v -0.48009166 -0.00465152 0.31999999
v -0.47959849 0.00771661 0.31965390
v -0.47965938 0.00772734 0.31999999
v -0.48030832 0.00155303 0.31999999
v -0.47577623 0.01948042 0.31965390
v -0.47694808 0.01702941 0.31999999
v -0.47809866 0.01373216 0.31965390
v -0.47815743 0.01375126 0.31999999
v -0.47948039 0.00868152 0.31999999
v -0.47267637 0.02484952 0.31965390
v -0.47283584 0.02472288 0.31999999
v -0.47583178 0.01950752 0.31999999
v -0.46439976 0.03404163 0.31965390
v -0.46730170 0.03146625 0.31999999
v -0.46885943 0.02973495 0.31965390
v -0.46890539 0.02977631 0.31999999
v -0.47272760 0.02488408 0.31999999
v -0.45938408 0.03768572 0.31965390
v -0.46055830 0.03700040 0.31999999
v -0.46443948 0.03408898 0.31999999
v -0.44808426 0.04271673 0.31965390
v -0.45286486 0.04111264 0.31999999
v -0.45391008 0.04059631 0.31965390
v -0.45393521 0.04065277 0.31999999
v -0.45941684 0.03773814 0.31999999
v -0.44202003 0.04400572 0.31965390
v -0.44451696 0.04364495 0.31999999
v -0.44810128 0.04277615 0.31999999
v -0.42356956 0.04277615 0.31999999
v -0.42715392 0.04364495 0.31999999
v -0.42965084 0.04400572 0.31965390
v -0.42964223 0.04406693 0.31999999
v -0.43583542 0.04443819 0.31965390
v -0.43583542 0.04450000 0.31999999
v -0.44202864 0.04406693 0.31999999
v -0.42968300 0.04377688 0.31929290
v -0.42365029 0.04249460 0.31929290
v -0.41785479 0.04038520 0.31929290
v -0.41240925 0.03748975 0.31929290
v -0.40741965 0.03386461 0.31929290
v -0.40298316 0.02958033 0.31929290
v -0.39918607 0.02472030 0.31929290
v -0.39610234 0.01937912 0.31929290
v -0.39379197 0.01366075 0.31929290
v -0.39229992 0.00767648 0.31929290
v -0.39165527 0.00154281 0.31929290
v -0.39187050 -0.00462090 0.31929290
v -0.39294147 -0.01069467 0.31929290
v -0.39484730 -0.01656027 0.31929290
v -0.39755094 -0.02210355 0.31929290
v -0.40099975 -0.02721661 0.31929290
v -0.40512660 -0.03179993 0.31929290
v -0.40985113 -0.03576430 0.31929290
v -0.41508144 -0.03903256 0.31929290
v -0.42071572 -0.04154109 0.31929290
v -0.42664427 -0.04324108 0.31929290
v -0.43275169 -0.04409942 0.31929290
v -0.43891916 -0.04409942 0.31929290
v -0.44502661 -0.04324108 0.31929290
v -0.45095515 -0.04154109 0.31929290
v -0.45658940 -0.03903256 0.31929290
v -0.46181971 -0.03576430 0.31929290
v -0.46654427 -0.03179993 0.31929290
v -0.47067112 -0.02721661 0.31929290
v -0.47411990 -0.02210355 0.31929290
v -0.47682354 -0.01656027 0.31929290
v -0.47872940 -0.01069467 0.31929290
v -0.47980037 -0.00462090 0.31929290
v -0.48001561 0.00154281 0.31929290
v -0.47937092 0.00767648 0.31929290
v -0.47787890 0.01366075 0.31929290
v -0.47556850 0.01937912 0.31929290
v -0.47248480 0.02472030 0.31929290
v -0.46868771 0.02958033 0.31929290
v -0.46425122 0.03386461 0.31929290
v -0.45926163 0.03748975 0.31929290
v -0.45381609 0.04038520 0.31929290
v -0.44802055 0.04249460 0.31929290
v -0.44198787 0.04377688 0.31929290
v -0.43583542 0.04420711 0.31929290
v -0.44202864 0.04406693 0.32200000
v -0.43583542 0.04450000 0.32200000
v -0.42964223 0.04406693 0.32200000
v -0.42715392 0.04364495 0.32200000
v -0.42356956 0.04277615 0.32200000
v -0.41880602 0.04111264 0.32200000
v -0.41773564 0.04065277 0.32200000
v -0.41225404 0.03773814 0.32200000
v -0.41111255 0.03700040 0.32200000
v -0.40723139 0.03408898 0.32200000
v -0.40436918 0.03146625 0.32200000
v -0.40276548 0.02977631 0.32200000
v -0.39894325 0.02488408 0.32200000
v -0.39883503 0.02472288 0.32200000
v -0.39583910 0.01950752 0.32200000
v -0.39472279 0.01702941 0.32200000
v -0.39351341 0.01375126 0.32200000
v -0.39219049 0.00868152 0.32200000
v -0.39201149 0.00772734 0.32200000
v -0.39136255 0.00155303 0.32200000
v -0.39133543 -0.00000000 0.32200000
v -0.39157921 -0.00465152 0.32200000
v -0.39219049 -0.00868152 0.32200000
v -0.39265728 -0.01076552 0.32200000
v -0.39457574 -0.01666999 0.32200000
v -0.39472279 -0.01702941 0.32200000
v -0.39729729 -0.02225000 0.32200000
v -0.39883503 -0.02472288 0.32200000
v -0.40076897 -0.02739694 0.32200000
v -0.40436918 -0.03146625 0.32200000
v -0.40492314 -0.03201062 0.32200000
v -0.40967900 -0.03600126 0.32200000
v -0.41111255 -0.03700040 0.32200000
v -0.41494393 -0.03929117 0.32200000
v -0.41880602 -0.04111264 0.32200000
v -0.42061552 -0.04181632 0.32200000
v -0.42658335 -0.04352757 0.32200000
v -0.42715392 -0.04364495 0.32200000
v -0.43273127 -0.04439160 0.32200000
v -0.43583542 -0.04450000 0.32200000
v -0.43893960 -0.04439160 0.32200000
v -0.44451696 -0.04364495 0.32200000
v -0.44508749 -0.04352757 0.32200000
v -0.45105532 -0.04181632 0.32200000
v -0.45286486 -0.04111264 0.32200000
v -0.45672691 -0.03929117 0.32200000
v -0.46055830 -0.03700040 0.32200000
v -0.46199188 -0.03600126 0.32200000
v -0.46674773 -0.03201062 0.32200000
v -0.46730170 -0.03146625 0.32200000
v -0.47090191 -0.02739694 0.32200000
v -0.47283584 -0.02472288 0.32200000
v -0.47437355 -0.02225000 0.32200000
v -0.47694808 -0.01702941 0.32200000
v -0.47709510 -0.01666999 0.32200000
v -0.47901359 -0.01076552 0.32200000
v -0.47948039 -0.00868152 0.32200000
v -0.48009166 -0.00465152 0.32200000
v -0.48033544 0.00000000 0.32200000
v -0.48030832 0.00155303 0.32200000
v -0.47965938 0.00772734 0.32200000
v -0.47948039 0.00868152 0.32200000
v -0.47815743 0.01375126 0.32200000
v -0.47694808 0.01702941 0.32200000
v -0.47583178 0.01950752 0.32200000
v -0.47283584 0.02472288 0.32200000
v -0.47272760 0.02488408 0.32200000
v -0.46890539 0.02977631 0.32200000
v -0.46730170 0.03146625 0.32200000
v -0.46443948 0.03408898 0.32200000
v -0.46055830 0.03700040 0.32200000
v -0.45941684 0.03773814 0.32200000
v -0.45393521 0.04065277 0.32200000
v -0.45286486 0.04111264 0.32200000
v -0.44810128 0.04277615 0.32200000
v -0.44451696 0.04364495 0.32200000
v -0.39142430 0.00155087 0.32234612
v -0.39207235 0.00771661 0.32234612
v -0.40971532 -0.03595125 0.32234612
v -0.40496606 -0.03196616 0.32234612
v -0.45103419 -0.04175824 0.32234612
v -0.44507465 -0.04346711 0.32234612
v -0.47895363 -0.01075057 0.32234612
v -0.47703782 -0.01664684 0.32234612
v -0.44808426 0.04271673 0.32234612
v -0.45391008 0.04059631 0.32234612
v -0.46439976 0.03404163 0.32234612
v -0.45938408 0.03768572 0.32234612
v -0.46885943 0.02973495 0.32234612
v -0.47577623 0.01948042 0.32234612
v -0.47267637 0.02484952 0.32234612
v -0.47809866 0.01373216 0.32234612
v -0.47959849 0.00771661 0.32234612
v -0.48003018 -0.00464506 0.32234612
v -0.48024654 0.00155087 0.32234612
v -0.47085321 -0.02735888 0.32234612
v -0.47432002 -0.02221910 0.32234612
v -0.46670479 -0.03196616 0.32234612
v -0.45669791 -0.03923659 0.32234612
v -0.46195555 -0.03595125 0.32234612
v -0.43273559 -0.04432994 0.32234612
v -0.43893528 -0.04432994 0.32234612
v -0.42659622 -0.04346711 0.32234612
v -0.41497296 -0.03923659 0.32234612
v -0.42063668 -0.04175824 0.32234612
v -0.39735082 -0.02221910 0.32234612
v -0.40081766 -0.02735888 0.32234612
v -0.39463305 -0.01664684 0.32234612
v -0.39164066 -0.00464506 0.32234612
v -0.39271724 -0.01075057 0.32234612
v -0.39589465 0.01948042 0.32234612
v -0.39357221 0.01373216 0.32234612
v -0.39899451 0.02484952 0.32234612
v -0.40727112 0.03404163 0.32234612
v -0.40281141 0.02973495 0.32234612
v -0.41228679 0.03768572 0.32234612
v -0.42358661 0.04271673 0.32234612
v -0.41776079 0.04059631 0.32234612
v -0.42965084 0.04400572 0.32234612
v -0.44202003 0.04400572 0.32234612
v -0.43583542 0.04443819 0.32234612
v -0.43583542 0.04350000 0.32300001
v -0.43583542 0.04384612 0.32293820
v -0.42978141 0.04307666 0.32300001
v -0.42973322 0.04341941 0.32293820
v -0.42384520 0.04181488 0.32300001
v -0.42374980 0.04214759 0.32293820
v -0.41814238 0.03973923 0.32300001
v -0.41800159 0.04005542 0.32293820
v -0.41278395 0.03689009 0.32300001
v -0.41260052 0.03718362 0.32293820
v -0.40787417 0.03332293 0.32300001
v -0.40765169 0.03358807 0.32293820
v -0.40350863 0.02910718 0.32300001
v -0.40325141 0.02933878 0.32293820
v -0.39977229 0.02432489 0.32300001
v -0.39948535 0.02451844 0.32293820
v -0.39673790 0.01906914 0.32300001
v -0.39642680 0.01922087 0.32293820
v -0.39446446 0.01344224 0.32300001
v -0.39413530 0.01354920 0.32293820
v -0.39299628 0.00755370 0.32300001
v -0.39265543 0.00761380 0.32293820
v -0.39236194 0.00151813 0.32300001
v -0.39201602 0.00153021 0.32293820
v -0.39257371 -0.00454699 0.32300001
v -0.39222950 -0.00458317 0.32293820
v -0.39362755 -0.01052360 0.32300001
v -0.39329174 -0.01060734 0.32293820
v -0.39550292 -0.01629539 0.32300001
v -0.39518201 -0.01642505 0.32293820
v -0.39816332 -0.02175000 0.32300001
v -0.39786357 -0.02192306 0.32293820
v -0.40155697 -0.02678127 0.32300001
v -0.40128422 -0.02699436 0.32293820
v -0.40561780 -0.03129128 0.32300001
v -0.40537736 -0.03154026 0.32293820
v -0.41026676 -0.03519224 0.32300001
v -0.41006333 -0.03547226 0.32293820
v -0.41541341 -0.03840822 0.32300001
v -0.41525093 -0.03871382 0.32293820
v -0.42095757 -0.04087663 0.32300001
v -0.42083916 -0.04120187 0.32293820
v -0.42679128 -0.04254942 0.32300001
v -0.42671931 -0.04288797 0.32293820
v -0.43280104 -0.04339404 0.32300001
v -0.43277687 -0.04373931 0.32293820
v -0.43886983 -0.04339404 0.32300001
v -0.43889397 -0.04373931 0.32293820
v -0.44487959 -0.04254942 0.32300001
v -0.44495156 -0.04288797 0.32293820
v -0.45071331 -0.04087663 0.32300001
v -0.45083168 -0.04120187 0.32293820
v -0.45625743 -0.03840822 0.32300001
v -0.45641994 -0.03871382 0.32293820
v -0.46140409 -0.03519224 0.32300001
v -0.46160752 -0.03547226 0.32293820
v -0.46605307 -0.03129128 0.32300001
v -0.46629351 -0.03154026 0.32293820
v -0.47011390 -0.02678127 0.32300001
v -0.47038665 -0.02699436 0.32293820
v -0.47350752 -0.02175000 0.32300001
v -0.47380728 -0.02192306 0.32293820
v -0.47616792 -0.01629539 0.32300001
v -0.47648883 -0.01642505 0.32293820
v -0.47804329 -0.01052360 0.32300001
v -0.47837913 -0.01060734 0.32293820
v -0.47909713 -0.00454699 0.32300001
v -0.47944134 -0.00458317 0.32293820
v -0.47930893 0.00151813 0.32300001
v -0.47965485 0.00153021 0.32293820
v -0.47867456 0.00755370 0.32300001
v -0.47901544 0.00761380 0.32293820
v -0.47720638 0.01344224 0.32300001
v -0.47753558 0.01354920 0.32293820
v -0.47493297 0.01906914 0.32300001
v -0.47524405 0.01922087 0.32293820
v -0.47189856 0.02432489 0.32300001
v -0.47218552 0.02451844 0.32293820
v -0.46816224 0.02910718 0.32300001
v -0.46841943 0.02933878 0.32293820
v -0.46379671 0.03332293 0.32300001
v -0.46401918 0.03358807 0.32293820
v -0.45888692 0.03689009 0.32300001
v -0.45907032 0.03718362 0.32293820
v -0.45352846 0.03973923 0.32300001
v -0.45366925 0.04005542 0.32293820
v -0.44782564 0.04181488 0.32300001
v -0.44792107 0.04214759 0.32293820
v -0.44188946 0.04307666 0.32300001
v -0.44193763 0.04341941 0.32293820
v -0.42968300 0.04377688 0.32270712
v -0.42365029 0.04249460 0.32270712
v -0.41785479 0.04038520 0.32270712
v -0.41240925 0.03748975 0.32270712
v -0.40741965 0.03386461 0.32270712
v -0.40298316 0.02958033 0.32270712
v -0.39918607 0.02472030 0.32270712
v -0.39610234 0.01937912 0.32270712
v -0.39379197 0.01366075 0.32270712
v -0.39229992 0.00767648 0.32270712
v -0.39165527 0.00154281 0.32270712
v -0.39187050 -0.00462090 0.32270712
v -0.39294147 -0.01069467 0.32270712
v -0.39484730 -0.01656027 0.32270712
v -0.39755094 -0.02210355 0.32270712
v -0.40099975 -0.02721661 0.32270712
v -0.40512660 -0.03179993 0.32270712
v -0.40985113 -0.03576430 0.32270712
v -0.41508144 -0.03903256 0.32270712
v -0.42071572 -0.04154109 0.32270712
v -0.42664427 -0.04324108 0.32270712
v -0.43275169 -0.04409942 0.32270712
v -0.43891916 -0.04409942 0.32270712
v -0.44502661 -0.04324108 0.32270712
v -0.45095515 -0.04154109 0.32270712
v -0.45658940 -0.03903256 0.32270712
v -0.46181971 -0.03576430 0.32270712
v -0.46654427 -0.03179993 0.32270712
v -0.47067112 -0.02721661 0.32270712
v -0.47411990 -0.02210355 0.32270712
v -0.47682354 -0.01656027 0.32270712
v -0.47872940 -0.01069467 0.32270712
v -0.47980037 -0.00462090 0.32270712
v -0.48001561 0.00154281 0.32270712
v -0.47937092 0.00767648 0.32270712
v -0.47787890 0.01366075 0.32270712
v -0.47556850 0.01937912 0.32270712
v -0.47248480 0.02472030 0.32270712
v -0.46868771 0.02958033 0.32270712
v -0.46425122 0.03386461 0.32270712
v -0.45926163 0.03748975 0.32270712
v -0.45381609 0.04038520 0.32270712
v -0.44802055 0.04249460 0.32270712
v -0.44198787 0.04377688 0.32270712
v -0.43583542 0.04420711 0.32270712
v -0.45671913 0.05299662 0.31900001
v -0.45683542 0.05300000 0.31900001
v -0.45718274 0.05296962 0.32900000
v -0.45718274 0.05296962 0.31900001
v -0.45762759 0.05283643 0.31900001
v -0.45762759 0.05283643 0.32900000
v -0.45802975 0.05260425 0.31900001
v -0.45802975 0.05260425 0.32900000
v -0.45836753 0.05228557 0.31900001
v -0.45836753 0.05228557 0.32900000
v -0.45862269 0.05189760 0.31900001
v -0.45862269 0.05189760 0.32900000
v -0.45878151 0.05146123 0.31900001
v -0.45878151 0.05146123 0.32900000
v -0.45883542 0.05100000 0.31900001
v -0.45883542 0.05100000 0.32900000
v -0.45878151 0.05053877 0.31900001
v -0.45878151 0.05053877 0.32900000
v -0.45862269 0.05010240 0.31900001
v -0.45862269 0.05010240 0.32900000
v -0.45836753 0.04971442 0.31900001
v -0.45836753 0.04971442 0.32900000
v -0.45802975 0.04939575 0.31900001
v -0.45802975 0.04939575 0.32900000
v -0.45762759 0.04916357 0.31900001
v -0.45762759 0.04916357 0.32900000
v -0.45718274 0.04903039 0.31900001
v -0.45718274 0.04903039 0.32900000
v -0.45671913 0.04900339 0.31900001
v -0.45671913 0.04900339 0.32900000
v -0.45626181 0.04908402 0.31900001
v -0.45626181 0.04908402 0.32900000
v -0.45583543 0.04926795 0.31900001
v -0.45583543 0.04926795 0.32900000
v -0.45546293 0.04954525 0.31900001
v -0.45546293 0.04954525 0.32900000
v -0.45516446 0.04990098 0.31900001
v -0.45516446 0.04990098 0.32900000
v -0.45495605 0.05031596 0.31900001
v -0.45495605 0.05031596 0.32900000
v -0.45484895 0.05076781 0.31900001
v -0.45484895 0.05076781 0.32900000
v -0.45484895 0.05123219 0.31900001
v -0.45484895 0.05123219 0.32900000
v -0.45495605 0.05168404 0.31900001
v -0.45495605 0.05168404 0.32900000
v -0.45516446 0.05209902 0.31900001
v -0.45516446 0.05209902 0.32900000
v -0.45546293 0.05245475 0.31900001
v -0.45546293 0.05245475 0.32900000
v -0.45583543 0.05273205 0.31900001
v -0.45583543 0.05273205 0.32900000
v -0.45626181 0.05291598 0.31900001
v -0.45626181 0.05291598 0.32900000
v -0.45671913 0.05299662 0.32900000
v -0.41463345 -0.01324739 0.34299999
v -0.40329960 -0.02326892 0.34299999
v -0.41609779 -0.01534410 0.34299999
v -0.40510228 -0.02560312 0.34299999
v -0.41778362 -0.01729567 0.34299999
v -0.40718904 -0.02791750 0.34299999
v -0.41964081 -0.01904596 0.34299999
v -0.41341060 -0.01105150 0.34299999
v -0.40100649 -0.01967173 0.34299999
v -0.40187779 -0.02113965 0.34299999
v -0.46029025 0.00519364 0.34299999
v -0.47447813 0.01033323 0.34299999
v -0.45964986 0.00760861 0.34299999
v -0.47355643 0.01330932 0.34299999
v -0.45877323 0.00994407 0.34299999
v -0.47254345 0.01589165 0.34299999
v -0.45762458 0.01225707 0.34299999
v -0.46073812 -0.00221111 0.34299999
v -0.47580406 -0.00158758 0.34299999
v -0.46083415 0.00025553 0.34299999
v -0.47581238 0.00136247 0.34299999
v -0.46068829 0.00271500 0.34299999
v -0.47560555 0.00428535 0.34299999
v -0.47515178 0.00736377 0.34299999
v -0.41113472 -0.00386119 0.34299999
v -0.39676392 -0.00856912 0.34299999
v -0.41165417 -0.00634560 0.34299999
v -0.39753744 -0.01154550 0.34299999
v -0.41239578 -0.00869567 0.34299999
v -0.39851835 -0.01440279 0.34299999
v -0.39961141 -0.01696636 0.34299999
v -0.45317999 0.01800510 0.34299999
v -0.46204805 0.03021484 0.34299999
v -0.45142686 0.01954259 0.34299999
v -0.45969763 0.03210335 0.34299999
v -0.44936562 0.02102247 0.34299999
v -0.45713678 0.03385642 0.34299999
v -0.44734731 0.02219188 0.34299999
v -0.45447609 0.03539163 0.34299999
v -0.44504306 0.02324280 0.34299999
v -0.41108319 0.00351596 0.34299999
v -0.39598373 0.00344551 0.34299999
v -0.41085774 0.00106204 0.34299999
v -0.39583680 0.00033175 0.34299999
v -0.41087472 -0.00140718 0.34299999
v -0.39591187 -0.00247650 0.34299999
v -0.39622024 -0.00553616 0.34299999
v -0.43829691 0.02487854 0.34299999
v -0.43685839 0.03998701 0.34299999
v -0.43583542 0.02500000 0.34299999
v -0.43583542 0.04000000 0.34299999
v -0.43332937 0.02487413 0.34299999
v -0.43271738 0.03987860 0.34299999
v -0.43099663 0.02452734 0.34299999
v -0.45166528 0.03673452 0.34299999
v -0.44892657 0.03779737 0.34299999
v -0.44283450 0.02400027 0.34299999
v -0.44602570 0.03868061 0.34299999
v -0.44059485 0.02454288 0.34299999
v -0.44289157 0.03937277 0.34299999
v -0.43996754 0.03978642 0.34299999
v -0.47123262 0.01863008 0.34299999
v -0.46970406 0.02128191 0.34299999
v -0.45631316 0.01434184 0.34299999
v -0.46817648 0.02353901 0.34299999
v -0.45488611 0.01618869 0.34299999
v -0.46635494 0.02585735 0.34299999
v -0.46424809 0.02815528 0.34299999
v -0.41315305 0.01051311 0.34299999
v -0.39885846 0.01525472 0.34299999
v -0.41223097 0.00823763 0.34299999
v -0.39785498 0.01255039 0.34299999
v -0.41155016 0.00593517 0.34299999
v -0.39700028 0.00958409 0.34299999
v -0.39634636 0.00637368 0.34299999
v -0.45800921 -0.01154659 0.34299999
v -0.47236425 -0.01629913 0.34299999
v -0.45903867 -0.00930816 0.34299999
v -0.47347656 -0.01353361 0.34299999
v -0.45982894 -0.00702292 0.34299999
v -0.47438231 -0.01068517 0.34299999
v -0.46039966 -0.00464958 0.34299999
v -0.47510397 -0.00761468 0.34299999
v -0.47555944 -0.00469385 0.34299999
v -0.45384628 -0.01733840 0.34299999
v -0.46581489 -0.02648142 0.34299999
v -0.45540357 -0.01555948 0.34299999
v -0.46763095 -0.02427098 0.34299999
v -0.45683181 -0.01357114 0.34299999
v -0.46942136 -0.02172525 0.34299999
v -0.47098544 -0.01909230 0.34299999
v -0.44617337 -0.02276247 0.34299999
v -0.45434427 -0.03546076 0.34299999
v -0.44829595 -0.02167360 0.34299999
v -0.45700249 -0.03394054 0.34299999
v -0.45023775 -0.02043472 0.34299999
v -0.45915753 -0.03249776 0.34299999
v -0.45212305 -0.01896646 0.34299999
v -0.46148860 -0.03069137 0.34299999
v -0.46379974 -0.02860066 0.34299999
v -0.42793483 -0.02371888 0.34299999
v -0.42503163 -0.03851380 0.34299999
v -0.43016776 -0.02434915 0.34299999
v -0.42808673 -0.03924232 0.34299999
v -0.43246385 -0.02477161 0.34299999
v -0.43100685 -0.03970785 0.34299999
v -0.43492672 -0.02498353 0.34299999
v -0.43411240 -0.03996305 0.34299999
v -0.43734068 -0.02495470 0.34299999
v -0.40929094 -0.02992361 0.34299999
v -0.41146672 -0.03172071 0.34299999
v -0.42148471 -0.02047095 0.34299999
v -0.41400865 -0.03352001 0.34299999
v -0.42367548 -0.02184365 0.34299999
v -0.41663489 -0.03509099 0.34299999
v -0.42575803 -0.02287902 0.34299999
v -0.41942385 -0.03647846 0.34299999
v -0.42219561 -0.03760275 0.34299999
v -0.41869405 0.01819869 0.34299999
v -0.40738541 0.02811758 0.34299999
v -0.41710421 0.01655724 0.34299999
v -0.40528020 0.02581512 0.34299999
v -0.41557178 0.01464270 0.34299999
v -0.40336448 0.02335928 0.34299999
v -0.41426978 0.01264646 0.34299999
v -0.40165734 0.02078155 0.34299999
v -0.40015784 0.01808731 0.34299999
v -0.42453527 0.02230038 0.34299999
v -0.41565716 0.03453781 0.34299999
v -0.42242309 0.02109790 0.34299999
v -0.41432434 0.03372350 0.34299999
v -0.42056906 0.01979744 0.34299999
v -0.41189352 0.03204407 0.34299999
v -0.40946153 0.03007410 0.34299999
v -0.43707746 -0.03998084 0.34299999
v -0.43998620 -0.03978439 0.34299999
v -0.43955380 -0.02472193 0.34299999
v -0.44306919 -0.03934047 0.34299999
v -0.44182214 -0.02427269 0.34299999
v -0.44603780 -0.03867745 0.34299999
v -0.44405833 -0.02360909 0.34299999
v -0.44901702 -0.03776586 0.34299999
v -0.45161948 -0.03675437 0.34299999
v -0.42962205 0.03951455 0.34299999
v -0.42661604 0.03892332 0.34299999
v -0.42886800 0.02400948 0.34299999
v -0.42363670 0.03809487 0.34299999
v -0.42658189 0.02322456 0.34299999
v -0.42088053 0.03709932 0.34299999
v -0.41825551 0.03593033 0.34299999
v -0.45637420 0.05294609 0.33900002
v -0.45637420 0.05294609 0.32900000
v -0.45593783 0.05278727 0.33900002
v -0.45593783 0.05278727 0.32900000
v -0.45554987 0.05253209 0.33900002
v -0.45554987 0.05253209 0.32900000
v -0.45523119 0.05219432 0.33900002
v -0.45523119 0.05219432 0.32900000
v -0.45499900 0.05179216 0.33900002
v -0.45499900 0.05179216 0.32900000
v -0.45486581 0.05134730 0.33900002
v -0.45486581 0.05134730 0.32900000
v -0.45483881 0.05088371 0.33900002
v -0.45483881 0.05088371 0.32900000
v -0.45491946 0.05042639 0.33900002
v -0.45491946 0.05042639 0.32900000
v -0.45510337 0.05000000 0.33900002
v -0.45510337 0.05000000 0.32900000
v -0.45538068 0.04962752 0.33900002
v -0.45538068 0.04962752 0.32900000
v -0.45573640 0.04932902 0.33900002
v -0.45573640 0.04932902 0.32900000
v -0.45615140 0.04912062 0.33900002
v -0.45615140 0.04912062 0.32900000
v -0.45660323 0.04901352 0.33900002
v -0.45660323 0.04901352 0.32900000
v -0.45706761 0.04901352 0.33900002
v -0.45706761 0.04901352 0.32900000
v -0.45751947 0.04912062 0.33900002
v -0.45751947 0.04912062 0.32900000
v -0.45793444 0.04932902 0.33900002
v -0.45793444 0.04932902 0.32900000
v -0.45829019 0.04962752 0.33900002
v -0.45829019 0.04962752 0.32900000
v -0.45856747 0.05000000 0.33900002
v -0.45856747 0.05000000 0.32900000
v -0.45875141 0.05042639 0.33900002
v -0.45875141 0.05042639 0.32900000
v -0.45883206 0.05088371 0.33900002
v -0.45883206 0.05088371 0.32900000
v -0.45880505 0.05134730 0.33900002
v -0.45880505 0.05134730 0.32900000
v -0.45867187 0.05179216 0.33900002
v -0.45867187 0.05179216 0.32900000
v -0.45843968 0.05219432 0.33900002
v -0.45843968 0.05219432 0.32900000
v -0.45812100 0.05253209 0.33900002
v -0.45812100 0.05253209 0.32900000
v -0.45773304 0.05278727 0.33900002
v -0.45773304 0.05278727 0.32900000
v -0.45729667 0.05294609 0.33900002
v -0.45729667 0.05294609 0.32900000
v -0.45683542 0.05300000 0.33900002
v -0.45637420 -0.04905391 0.33900002
v -0.45637420 -0.04905391 0.32900000
v -0.45593783 -0.04921274 0.33900002
v -0.45593783 -0.04921274 0.32900000
v -0.45554987 -0.04946791 0.33900002
v -0.45554987 -0.04946791 0.32900000
v -0.45523119 -0.04980568 0.33900002
v -0.45523119 -0.04980568 0.32900000
v -0.45499900 -0.05020784 0.33900002
v -0.45499900 -0.05020784 0.32900000
v -0.45486581 -0.05065271 0.33900002
v -0.45486581 -0.05065271 0.32900000
v -0.45483881 -0.05111629 0.33900002
v -0.45483881 -0.05111629 0.32900000
v -0.45491946 -0.05157361 0.33900002
v -0.45491946 -0.05157361 0.32900000
v -0.45510337 -0.05200000 0.33900002
v -0.45510337 -0.05200000 0.32900000
v -0.45538068 -0.05237248 0.33900002
v -0.45538068 -0.05237248 0.32900000
v -0.45573640 -0.05267097 0.33900002
v -0.45573640 -0.05267097 0.32900000
v -0.45615140 -0.05287939 0.33900002
v -0.45615140 -0.05287939 0.32900000
v -0.45660323 -0.05298648 0.33900002
v -0.45660323 -0.05298648 0.32900000
v -0.45706761 -0.05298648 0.33900002
v -0.45706761 -0.05298648 0.32900000
v -0.45751947 -0.05287939 0.33900002
v -0.45751947 -0.05287939 0.32900000
v -0.45793444 -0.05267097 0.33900002
v -0.45793444 -0.05267097 0.32900000
v -0.45829019 -0.05237248 0.33900002
v -0.45829019 -0.05237248 0.32900000
v -0.45856747 -0.05200000 0.33900002
v -0.45856747 -0.05200000 0.32900000
v -0.45875141 -0.05157361 0.33900002
v -0.45875141 -0.05157361 0.32900000
v -0.45883206 -0.05111629 0.33900002
v -0.45883206 -0.05111629 0.32900000
v -0.45880505 -0.05065271 0.33900002
v -0.45880505 -0.05065271 0.32900000
v -0.45867187 -0.05020784 0.33900002
v -0.45867187 -0.05020784 0.32900000
v -0.45843968 -0.04980568 0.33900002
v -0.45843968 -0.04980568 0.32900000
v -0.45812100 -0.04946791 0.33900002
v -0.45812100 -0.04946791 0.32900000
v -0.45773304 -0.04921274 0.33900002
v -0.45773304 -0.04921274 0.32900000
v -0.45729667 -0.04905391 0.33900002
v -0.45729667 -0.04905391 0.32900000
v -0.45683542 -0.04900000 0.33900002
v -0.42274427 0.03779737 0.32699999
v -0.43241614 0.01254241 0.32699999
v -0.43066841 0.01192917 0.32699999
v -0.42904347 0.01108466 0.32699999
v -0.41719475 0.03539163 0.32699999
v -0.42000559 0.03673452 0.32699999
v -0.42564517 0.03868061 0.32699999
v -0.42877930 0.03937277 0.32699999
v -0.43406296 0.01287859 0.32699999
v -0.43170330 0.03978642 0.32699999
v -0.43583542 0.01300000 0.32699999
v -0.47490695 -0.00856912 0.32699999
v -0.44835272 -0.00351186 0.32699999
v -0.44870797 -0.00181713 0.32699999
v -0.40585598 -0.02648142 0.32699999
v -0.42559415 -0.00800741 0.32699999
v -0.42681828 -0.00936449 0.32699999
v -0.42819217 -0.01051575 0.32699999
v -0.41018227 -0.03069137 0.32699999
v -0.40787110 -0.02860066 0.32699999
v -0.42970416 -0.01146345 0.32699999
v -0.41466835 -0.03394054 0.32699999
v -0.41251335 -0.03249776 0.32699999
v -0.44644654 0.00751170 0.32699999
v -0.44533196 0.00887815 0.32699999
v -0.46639067 0.02581512 0.32699999
v -0.42757806 0.01004090 0.32699999
v -0.41197324 0.03210335 0.32699999
v -0.41453406 0.03385642 0.32699999
v -0.46830639 0.02335928 0.32699999
v -0.47001350 0.02078155 0.32699999
v -0.44731560 0.00610012 0.32699999
v -0.47151300 0.01808731 0.32699999
v -0.44799608 0.00459559 0.32699999
v -0.42329255 -0.00341714 0.32699999
v -0.39656690 -0.00761468 0.32699999
v -0.42295748 -0.00177832 0.32699999
v -0.39611143 -0.00469385 0.32699999
v -0.42283589 -0.00011698 0.32699999
v -0.42390245 -0.00515793 0.32699999
v -0.39819431 -0.01353361 0.32699999
v -0.39728856 -0.01068517 0.32699999
v -0.40403989 -0.02427098 0.32699999
v -0.40224952 -0.02172525 0.32699999
v -0.42464668 -0.00661910 0.32699999
v -0.40068543 -0.01909230 0.32699999
v -0.39930660 -0.01629913 0.32699999
v -0.43441564 -0.01292284 0.32699999
v -0.42860168 -0.03934047 0.32699999
v -0.43263012 -0.01259869 0.32699999
v -0.42563307 -0.03867745 0.32699999
v -0.43132240 -0.01219173 0.32699999
v -0.43609697 -0.01299753 0.32699999
v -0.43459341 -0.03998084 0.32699999
v -0.43168464 -0.03978439 0.32699999
v -0.44373888 -0.01032165 0.32699999
v -0.45766222 -0.03352001 0.32699999
v -0.44232932 -0.01126206 0.32699999
v -0.45503595 -0.03509099 0.32699999
v -0.44084901 -0.01199435 0.32699999
v -0.47413340 -0.01154550 0.32699999
v -0.47315249 -0.01440279 0.32699999
v -0.44778967 -0.00510886 0.32699999
v -0.47205946 -0.01696636 0.32699999
v -0.44703788 -0.00659597 0.32699999
v -0.47066435 -0.01967173 0.32699999
v -0.47281238 0.01525472 0.32699999
v -0.47381589 0.01255039 0.32699999
v -0.44849560 0.00295372 0.32699999
v -0.45079032 0.03709932 0.32699999
v -0.44134700 0.01177397 0.32699999
v -0.43980870 0.01237805 0.32699999
v -0.43822089 0.01277938 0.32699999
v -0.44505483 0.03892332 0.32699999
v -0.44803414 0.03809487 0.32699999
v -0.43921909 -0.01255209 0.32699999
v -0.44358411 -0.03924232 0.32699999
v -0.43772277 -0.01286275 0.32699999
v -0.44066402 -0.03970785 0.32699999
v -0.43755847 -0.03996305 0.32699999
v -0.45224702 -0.03647846 0.32699999
v -0.44947523 -0.03760275 0.32699999
v -0.44663924 -0.03851380 0.32699999
v -0.44883507 -0.00010349 0.32699999
v -0.47575900 -0.00247650 0.32699999
v -0.47545063 -0.00553616 0.32699999
v -0.47467059 0.00958409 0.32699999
v -0.47532451 0.00637368 0.32699999
v -0.44875678 0.00142857 0.32699999
v -0.47568715 0.00344551 0.32699999
v -0.47583407 0.00033175 0.32699999
v -0.44273162 0.01102010 0.32699999
v -0.45977733 0.03204407 0.32699999
v -0.44405317 0.01007342 0.32699999
v -0.46220931 0.03007410 0.32699999
v -0.46428543 0.02811758 0.32699999
v -0.45341536 0.03593033 0.32699999
v -0.45601368 0.03453781 0.32699999
v -0.45734653 0.03372350 0.32699999
v -0.43481246 0.03998701 0.32699999
v -0.43583542 0.04000000 0.32699999
v -0.43654972 0.01298050 0.32699999
v -0.43895349 0.03987860 0.32699999
v -0.44204882 0.03951455 0.32699999
v -0.42529085 0.00760350 0.32699999
v -0.40531591 0.02585735 0.32699999
v -0.42636058 0.00890139 0.32699999
v -0.40742275 0.02815528 0.32699999
v -0.40962282 0.03021484 0.32699999
v -0.42441496 0.00621114 0.32699999
v -0.40196681 0.02128191 0.32699999
v -0.40349436 0.02353901 0.32699999
v -0.42370012 0.00466233 0.32699999
v -0.39912742 0.01589165 0.32699999
v -0.40043822 0.01863008 0.32699999
v -0.42265382 -0.03776586 0.32699999
v -0.42005137 -0.03675437 0.32699999
v -0.41732660 -0.03546076 0.32699999
v -0.44501621 -0.00920402 0.32699999
v -0.46237990 -0.02992361 0.32699999
v -0.46020415 -0.03172071 0.32699999
v -0.42292681 0.00154165 0.32699999
v -0.39651909 0.00736377 0.32699999
v -0.42319050 0.00301905 0.32699999
v -0.39719272 0.01033323 0.32699999
v -0.39811441 0.01330932 0.32699999
v -0.46979305 -0.02113965 0.32699999
v -0.46837127 -0.02326892 0.32699999
v -0.44610018 -0.00797731 0.32699999
v -0.46656859 -0.02560312 0.32699999
v -0.46448180 -0.02791750 0.32699999
v -0.39586678 -0.00158758 0.32699999
v -0.39585850 0.00136247 0.32699999
v -0.39606532 0.00428535 0.32699999
v -0.58172810 0.05412507 0.33196411
v -0.58395177 0.05308617 0.33284146
v -0.58387440 0.05327288 0.33156762
v -0.58374029 0.05359664 0.33049390
v -0.58153176 0.05459895 0.33061168
v -0.58362395 0.05387760 0.32984170
v -0.58353025 0.05410373 0.32940996
v -0.58121735 0.05535807 0.32942128
v -0.58322269 0.05484635 0.32832259
v -0.58292919 0.05555493 0.32757050
v -0.58080304 0.05635833 0.32846209
v -0.58269393 0.05612283 0.32709855
v -0.58255446 0.05645950 0.32686198
v -0.58031291 0.05754160 0.32778990
v -0.58206844 0.05763284 0.32624072
v -0.58169967 0.05852321 0.32594615
v -0.57977545 0.05883911 0.32744375
v -0.58138263 0.05928864 0.32579899
v -0.58123827 0.05963715 0.32576263
v -0.57922190 0.06017544 0.32744375
v -0.58067626 0.06099400 0.32579899
v -0.58031714 0.06186097 0.32597286
v -0.57868451 0.06147295 0.32778990
v -0.57999039 0.06264979 0.32624072
v -0.57946891 0.06390874 0.32691938
v -0.57819438 0.06265622 0.32846209
v -0.57936490 0.06415981 0.32709855
v -0.57909590 0.06480929 0.32764685
v -0.57778007 0.06365648 0.32942128
v -0.57883620 0.06543629 0.32832259
v -0.57850599 0.06623343 0.32950827
v -0.57746559 0.06441560 0.33061168
v -0.57818443 0.06700976 0.33156762
v -0.57726932 0.06488948 0.33196411
v -0.57830274 0.06672411 0.33059654
v -0.57843488 0.06640504 0.32984170
v -0.57816982 0.06704507 0.33173025
v -0.57811254 0.06718327 0.33267197
v -0.57810181 0.06720914 0.33307990
v -0.57809925 0.06721532 0.33339986
v -0.57811463 0.06717823 0.33418304
v -0.57726932 0.06488948 0.33483589
v -0.57818443 0.06700976 0.33523241
v -0.57833135 0.06665507 0.33638641
v -0.57746559 0.06441560 0.33618835
v -0.57843488 0.06640504 0.33695832
v -0.57853365 0.06616658 0.33741182
v -0.57778007 0.06365648 0.33737874
v -0.57883620 0.06543629 0.33847743
v -0.57913619 0.06471196 0.33924401
v -0.57819438 0.06265622 0.33833790
v -0.57936490 0.06415981 0.33970147
v -0.57951170 0.06380541 0.33994967
v -0.57868451 0.06147295 0.33901009
v -0.57999039 0.06264979 0.34055927
v -0.58037144 0.06172977 0.34086132
v -0.57922190 0.06017544 0.33935624
v -0.58067626 0.06099400 0.34100103
v -0.58082908 0.06062503 0.34103894
v -0.57977545 0.05883911 0.33935624
v -0.58129489 0.05950047 0.34102535
v -0.58134472 0.05938008 0.34101239
v -0.58138263 0.05928864 0.34100103
v -0.58179855 0.05828452 0.34078836
v -0.58031291 0.05754160 0.33901009
v -0.58206844 0.05763284 0.34055927
v -0.58223605 0.05722822 0.34037748
v -0.58080304 0.05635833 0.33833790
v -0.58269393 0.05612283 0.33970147
v -0.58300829 0.05536387 0.33904690
v -0.58121735 0.05535807 0.33737874
v -0.58322269 0.05484635 0.33847743
v -0.58351040 0.05415170 0.33747387
v -0.58153176 0.05459895 0.33618835
v -0.58362395 0.05387760 0.33695832
v -0.58372486 0.05363399 0.33640277
v -0.58172810 0.05412507 0.33483589
v -0.58387440 0.05327288 0.33523241
v -0.58394891 0.05309307 0.33405268
v -0.58395958 0.05306732 0.33340001
v -0.57817924 0.06269266 0.32942098
v -0.57780373 0.06359932 0.33055353
v -0.57756549 0.06417447 0.33191669
v -0.57748389 0.06437150 0.33340001
v -0.57756549 0.06417447 0.33488333
v -0.57780373 0.06359932 0.33624649
v -0.57817924 0.06269266 0.33737904
v -0.57866168 0.06152795 0.33818921
v -0.57921195 0.06019953 0.33861142
v -0.57978541 0.05881502 0.33861142
v -0.58033568 0.05748660 0.33818921
v -0.58081812 0.05632188 0.33737904
v -0.58081812 0.05632188 0.32942098
v -0.58033568 0.05748660 0.32861078
v -0.57978541 0.05881502 0.32818860
v -0.57921195 0.06019953 0.32818860
v -0.57866168 0.06152795 0.32861078
v -0.58119369 0.05541523 0.33624649
v -0.58143193 0.05484008 0.33488333
v -0.58151352 0.05464305 0.33340001
v -0.58143193 0.05484008 0.33191669
v -0.58119369 0.05541523 0.33055353
v -0.57563609 0.06360614 0.33340001
v -0.57571775 0.06340910 0.33488333
v -0.57595593 0.06283396 0.33624649
v -0.57633150 0.06192730 0.33737904
v -0.57681394 0.06076258 0.33818921
v -0.57736421 0.05943416 0.33861142
v -0.57793766 0.05804966 0.33861142
v -0.57848793 0.05672123 0.33818921
v -0.57897037 0.05555652 0.33737904
v -0.57934594 0.05464986 0.33624649
v -0.57958412 0.05407472 0.33488333
v -0.57966578 0.05387768 0.33340001
v -0.57958412 0.05407472 0.33191669
v -0.57934594 0.05464986 0.33055353
v -0.57897037 0.05555652 0.32942098
v -0.57848793 0.05672123 0.32861078
v -0.57793766 0.05804966 0.32818860
v -0.57736421 0.05943416 0.32818860
v -0.57681394 0.06076258 0.32861078
v -0.57633150 0.06192730 0.32942098
v -0.57595593 0.06283396 0.33055353
v -0.57571775 0.06340910 0.33191669
v -0.57956946 0.05411017 0.33487207
v -0.57965046 0.05391464 0.33340001
v -0.57956946 0.05411017 0.33192796
v -0.57933307 0.05468095 0.33057517
v -0.57896036 0.05558072 0.32945120
v -0.57848155 0.05673658 0.32864717
v -0.57793552 0.05805491 0.32822818
v -0.57736635 0.05942890 0.32822818
v -0.57682031 0.06074723 0.32864717
v -0.57634151 0.06190310 0.32945120
v -0.57596886 0.06280287 0.33057517
v -0.57573241 0.06337364 0.33192796
v -0.57565141 0.06356918 0.33340001
v -0.57573241 0.06337364 0.33487207
v -0.57596886 0.06280287 0.33622485
v -0.57634151 0.06190310 0.33734879
v -0.57682031 0.06074723 0.33815283
v -0.57736635 0.05942890 0.33857182
v -0.57793552 0.05805491 0.33857182
v -0.57848155 0.05673658 0.33815283
v -0.57896036 0.05558072 0.33734879
v -0.57933307 0.05468095 0.33622485
v -0.57472754 0.06318650 0.33340001
v -0.57480854 0.06299096 0.33487207
v -0.57504493 0.06242018 0.33622485
v -0.57541764 0.06152041 0.33734879
v -0.57589644 0.06036454 0.33815283
v -0.57644248 0.05904622 0.33857182
v -0.57701164 0.05767223 0.33857182
v -0.57755768 0.05635390 0.33815283
v -0.57803649 0.05519803 0.33734879
v -0.57840914 0.05429827 0.33622485
v -0.57864559 0.05372749 0.33487207
v -0.57872659 0.05353195 0.33340001
v -0.57864559 0.05372749 0.33192796
v -0.57840914 0.05429827 0.33057517
v -0.57803649 0.05519803 0.32945120
v -0.57755768 0.05635390 0.32864717
v -0.57701164 0.05767223 0.32822818
v -0.57644248 0.05904622 0.32822818
v -0.57589644 0.06036454 0.32864717
v -0.57541764 0.06152041 0.32945120
v -0.57504493 0.06242018 0.33057517
v -0.57480854 0.06299096 0.33192796
v -0.57555497 0.06118892 0.33110881
v -0.57649082 0.05892953 0.33717495
v -0.57789022 0.05555106 0.33572206
v -0.57772684 0.05594560 0.33619463
v -0.57753670 0.05640451 0.33658665
v -0.57533747 0.06171394 0.33219743
v -0.57542616 0.06149988 0.33164549
v -0.57624972 0.05951167 0.33701602
v -0.57604313 0.06001038 0.33678180
v -0.57571667 0.06079847 0.33063158
v -0.57590520 0.06034335 0.33023468
v -0.57696456 0.05778588 0.32962561
v -0.57732278 0.05692106 0.33689404
v -0.57716042 0.05731302 0.33705360
v -0.57694846 0.05782471 0.33718136
v -0.57671976 0.05837686 0.33722508
v -0.57583922 0.06050269 0.33644116
v -0.57567012 0.06091084 0.33604640
v -0.57552934 0.06125081 0.33559901
v -0.57540840 0.06154281 0.33506143
v -0.57611829 0.05982888 0.32992136
v -0.57629436 0.05940383 0.32974589
v -0.57650673 0.05889112 0.32961822
v -0.57673544 0.05833894 0.32957494
v -0.57811195 0.05501585 0.33463910
v -0.57802123 0.05523487 0.33518827
v -0.57533121 0.06172904 0.33455187
v -0.57527965 0.06185358 0.33397165
v -0.57526332 0.06189306 0.33340001
v -0.57528329 0.06184475 0.33276862
v -0.57720542 0.05720441 0.32978490
v -0.57741159 0.05670665 0.33001900
v -0.57761544 0.05621449 0.33035991
v -0.57778442 0.05580650 0.33075488
v -0.57792521 0.05546666 0.33120251
v -0.57804602 0.05517501 0.33174002
v -0.57812291 0.05498930 0.33224851
v -0.57817441 0.05486495 0.33282810
v -0.57819074 0.05482556 0.33343947
v -0.57816833 0.05487967 0.33406895
v -0.57914841 0.06894849 0.33431035
v -0.57960606 0.06949744 0.33434448
v -0.57967502 0.06933106 0.33556783
v -0.58009171 0.06998326 0.33437151
v -0.58061701 0.07042436 0.33439276
v -0.58068943 0.07024947 0.33567861
v -0.57839024 0.06774975 0.33422634
v -0.57874346 0.06836484 0.33427086
v -0.57880700 0.06821143 0.33539885
v -0.57837379 0.06778348 0.33332586
v -0.57898188 0.06778922 0.33672494
v -0.57920736 0.06724481 0.33786595
v -0.57951319 0.06650647 0.33896014
v -0.57987803 0.06562568 0.33990586
v -0.58029622 0.06461621 0.34069082
v -0.58075941 0.06349792 0.34129885
v -0.58125323 0.06230576 0.34170634
v -0.58176261 0.06107594 0.34190395
v -0.58228117 0.05982396 0.34188941
v -0.58233672 0.05968994 0.34187493
v -0.58474749 0.05386981 0.33793494
v -0.58454245 0.05436475 0.33869344
v -0.58418858 0.05521919 0.33968604
v -0.58378255 0.05619941 0.34051397
v -0.58332902 0.05729431 0.34116787
v -0.58284187 0.05847039 0.34162486
v -0.58523548 0.05269166 0.33412650
v -0.58515126 0.05289500 0.33545643
v -0.58498609 0.05329371 0.33674261
v -0.58500326 0.05325235 0.33016509
v -0.58516079 0.05287208 0.33144736
v -0.58523875 0.05268383 0.33277828
v -0.58410048 0.05543177 0.32691047
v -0.58446532 0.05455104 0.32786238
v -0.58476961 0.05381642 0.32895836
v -0.58273178 0.05873618 0.32510254
v -0.58322322 0.05754969 0.32551375
v -0.58368355 0.05643838 0.32612115
v -0.58024842 0.06473155 0.32618541
v -0.58070499 0.06362928 0.32556042
v -0.58119273 0.06245177 0.32513189
v -0.58170301 0.06121990 0.32490882
v -0.58221817 0.05997612 0.32489786
v -0.57917649 0.06731948 0.32906753
v -0.57947391 0.06660129 0.32796186
v -0.57983309 0.06573429 0.32699499
v -0.57895052 0.06786495 0.33027935
v -0.57880086 0.06822623 0.33154064
v -0.57872355 0.06841296 0.33258471
v -0.57872534 0.06840854 0.33304292
v -0.58180869 0.07098959 0.33122742
v -0.58252090 0.07132268 0.33121991
v -0.58251250 0.07134301 0.33132088
v -0.57912952 0.06899414 0.33302876
v -0.57872540 0.06840860 0.33304554
v -0.58061022 0.07044070 0.33219489
v -0.58173466 0.07116830 0.33216476
v -0.58059430 0.07047921 0.33247060
v -0.58171833 0.07120778 0.33244735
v -0.58059639 0.07047418 0.33299294
v -0.58172047 0.07120262 0.33298275
v -0.58059639 0.07047415 0.33299518
v -0.58172047 0.07120258 0.33298507
v -0.58115250 0.07084687 0.33366969
v -0.58172721 0.07118624 0.33367229
v -0.58174163 0.07115155 0.33441758
v -0.58269459 0.07090340 0.32973871
v -0.58198357 0.07056745 0.32975367
v -0.58275968 0.07074617 0.32933265
v -0.58224756 0.06993008 0.32833770
v -0.58296001 0.07026255 0.32831734
v -0.58315969 0.06978045 0.32752216
v -0.58259517 0.06909092 0.32704577
v -0.58330894 0.06942026 0.32701993
v -0.58369505 0.06848807 0.32596856
v -0.58301479 0.06807786 0.32591599
v -0.58373046 0.06840257 0.32588625
v -0.58421761 0.06722648 0.32493618
v -0.58350009 0.06690619 0.32497004
v -0.58434224 0.06692550 0.32473975
v -0.58403355 0.06561824 0.32423979
v -0.58475322 0.06593335 0.32420295
v -0.58507311 0.06516106 0.32388943
v -0.58460349 0.06424238 0.32373905
v -0.58532542 0.06455198 0.32369998
v -0.58585566 0.06327183 0.32345480
v -0.58519971 0.06280298 0.32347843
v -0.58592403 0.06310672 0.32343763
v -0.58652842 0.06164766 0.32342544
v -0.58580166 0.06134968 0.32346562
v -0.58665568 0.06134039 0.32345480
v -0.58640182 0.05990085 0.32370475
v -0.58713102 0.06019286 0.32366511
v -0.58743823 0.05945116 0.32388943
v -0.58697605 0.05851449 0.32418525
v -0.58770764 0.05880082 0.32414770
v -0.58816910 0.05768671 0.32473975
v -0.58751392 0.05721597 0.32489496
v -0.58824748 0.05749755 0.32486123
v -0.58873677 0.05631625 0.32578647
v -0.58800107 0.05603979 0.32581726
v -0.58881634 0.05612415 0.32596856
v -0.58842736 0.05501070 0.32692951
v -0.58916485 0.05528278 0.32690310
v -0.58905590 0.05349322 0.32962012
v -0.58975166 0.05386605 0.32933265
v -0.58878291 0.05415231 0.32821012
v -0.58952188 0.05442085 0.32818899
v -0.58935165 0.05483177 0.32752216
v -0.59008253 0.05306731 0.33340001
v -0.59007233 0.05309193 0.33267054
v -0.58933109 0.05282893 0.33267355
v -0.58999890 0.05326920 0.33132088
v -0.58923995 0.05304890 0.33111840
v -0.58998072 0.05331303 0.33110905
v -0.58979619 0.05375859 0.32960463
v -0.59006858 0.05310094 0.33425242
v -0.58932728 0.05283808 0.33424890
v -0.58999890 0.05326920 0.33547911
v -0.58922887 0.05307567 0.33580285
v -0.58996946 0.05334022 0.33581260
v -0.58977598 0.05380737 0.33732161
v -0.58903593 0.05354155 0.33730569
v -0.58975166 0.05386605 0.33746737
v -0.58875710 0.05421470 0.33869889
v -0.58949590 0.05448349 0.33872047
v -0.58935165 0.05483177 0.33927786
v -0.58851755 0.05479302 0.33958519
v -0.58925521 0.05506466 0.33961004
v -0.58884019 0.05606657 0.34077486
v -0.58810401 0.05579140 0.34074500
v -0.58881634 0.05612415 0.34083146
v -0.58762956 0.05693674 0.34171242
v -0.58836371 0.05721682 0.34174597
v -0.58653045 0.05959029 0.34301043
v -0.58743823 0.05945116 0.34291056
v -0.58709967 0.05821609 0.34247643
v -0.58783162 0.05850152 0.34251273
v -0.58816910 0.05768671 0.34206027
v -0.58587533 0.06117189 0.34331954
v -0.58665568 0.06134039 0.34334522
v -0.58594018 0.06101528 0.34330261
v -0.58666748 0.06131193 0.34334195
v -0.58726013 0.05988112 0.34304938
v -0.58467412 0.06407176 0.34310561
v -0.58585566 0.06327183 0.34334522
v -0.58526939 0.06263477 0.34333652
v -0.58599401 0.06293785 0.34337661
v -0.58660233 0.06146916 0.34335887
v -0.58409715 0.06546476 0.34262949
v -0.58507311 0.06516106 0.34291056
v -0.58539641 0.06438065 0.34314463
v -0.58355594 0.06677143 0.34191903
v -0.58434224 0.06692550 0.34206027
v -0.58481705 0.06577923 0.34266651
v -0.58264107 0.06898012 0.33989680
v -0.58369505 0.06848807 0.34083146
v -0.58306736 0.06795096 0.34100184
v -0.58378309 0.06827541 0.34103242
v -0.58427346 0.06709164 0.34195390
v -0.58228368 0.06984285 0.33861828
v -0.58315969 0.06978045 0.33927786
v -0.58335507 0.06930878 0.33992296
v -0.58202022 0.07047896 0.33728504
v -0.58275968 0.07074617 0.33746737
v -0.58299619 0.07017527 0.33863947
v -0.58181584 0.07097229 0.33573556
v -0.58253491 0.07128886 0.33573794
v -0.58273196 0.07081316 0.33730045
v -0.58245820 0.07147399 0.33216339
v -0.58244622 0.07150298 0.33244833
v -0.58243221 0.07153681 0.33298144
v -0.58243215 0.07153690 0.33298373
v -0.58242887 0.07154490 0.33339959
v -0.58244890 0.07149648 0.33442253
v -0.58251250 0.07134301 0.33547911
v -0.57959962 0.06951299 0.33225346
v -0.57958448 0.06954963 0.33251578
v -0.57958645 0.06954484 0.33301273
v -0.58007157 0.07003198 0.33300385
v -0.58060300 0.07045820 0.33366564
v -0.58116674 0.07081251 0.33440799
v -0.58068246 0.07026635 0.33128041
v -0.58085304 0.06985450 0.32984260
v -0.58111060 0.06923269 0.32846117
v -0.58144975 0.06841398 0.32720074
v -0.58185911 0.06742565 0.32609856
v -0.58233261 0.06628256 0.32517564
v -0.58285308 0.06502602 0.32446322
v -0.58340907 0.06368371 0.32397470
v -0.58399075 0.06227943 0.32372043
v -0.58457804 0.06086158 0.32370794
v -0.58516353 0.05944809 0.32394123
v -0.58572376 0.05809554 0.32441002
v -0.58624852 0.05682870 0.32510245
v -0.58672380 0.05568121 0.32600221
v -0.58713967 0.05467721 0.32708734
v -0.58748657 0.05383977 0.32833672
v -0.58775294 0.05319676 0.32971233
v -0.58793247 0.05276327 0.33117408
v -0.58802134 0.05254867 0.33269125
v -0.58801764 0.05255760 0.33422819
v -0.58792162 0.05278940 0.33574423
v -0.58773339 0.05324391 0.33721045
v -0.58746135 0.05390064 0.33856964
v -0.58722764 0.05446485 0.33943430
v -0.58682418 0.05543888 0.34056583
v -0.58636135 0.05655628 0.34150964
v -0.58584434 0.05780443 0.34225503
v -0.58528900 0.05914510 0.34277600
v -0.58471316 0.06053534 0.34306103
v -0.58464986 0.06068812 0.34307757
v -0.58405870 0.06211532 0.34309414
v -0.58347803 0.06351727 0.34286889
v -0.58291507 0.06487628 0.34240437
v -0.58238703 0.06615108 0.34171122
v -0.58191037 0.06730183 0.34081641
v -0.58149451 0.06830589 0.33973831
v -0.58114588 0.06914757 0.33849099
v -0.58088881 0.06976817 0.33719027
v -0.57958645 0.06954481 0.33301485
v -0.57986468 0.06887315 0.33700603
v -0.58010924 0.06828272 0.33824351
v -0.58044094 0.06748196 0.33943021
v -0.58083659 0.06652671 0.34045589
v -0.58129007 0.06543189 0.34130722
v -0.58179247 0.06421907 0.34196663
v -0.58232802 0.06292611 0.34240860
v -0.58288050 0.06159232 0.34262291
v -0.58344293 0.06023450 0.34260711
v -0.58350313 0.06008914 0.34259140
v -0.58405101 0.05876648 0.34232020
v -0.58457935 0.05749099 0.34182456
v -0.58507121 0.05630352 0.34111542
v -0.58551151 0.05524043 0.34021747
v -0.58589536 0.05431375 0.33914098
v -0.58611774 0.05377697 0.33831835
v -0.58637655 0.05315216 0.33702520
v -0.58655566 0.05271974 0.33563027
v -0.58664697 0.05249921 0.33418792
v -0.58665049 0.05249072 0.33272570
v -0.58656591 0.05269489 0.33128229
v -0.58639508 0.05310730 0.32989159
v -0.58614171 0.05371905 0.32858285
v -0.58581167 0.05451579 0.32739422
v -0.58541602 0.05547098 0.32636184
v -0.58496386 0.05656269 0.32550579
v -0.58446461 0.05776795 0.32484704
v -0.58393157 0.05905475 0.32440105
v -0.58337456 0.06039952 0.32417908
v -0.58281583 0.06174845 0.32419097
v -0.58226240 0.06308447 0.32443288
v -0.58173347 0.06436152 0.32489765
v -0.58123827 0.06555698 0.32557544
v -0.58078784 0.06664450 0.32645348
v -0.58039832 0.06758480 0.32750210
v -0.58007568 0.06836370 0.32870126
v -0.57983065 0.06895529 0.33001554
v -0.57966834 0.06934711 0.33138344
v -0.58444870 0.07238156 0.33340001
v -0.58453232 0.07217968 0.33132088
v -0.58477956 0.07158282 0.32933265
v -0.58517957 0.07061711 0.32752216
v -0.58571488 0.06932472 0.32596856
v -0.58636212 0.06776217 0.32473975
v -0.58709300 0.06599771 0.32388943
v -0.58787555 0.06410848 0.32345480
v -0.58867556 0.06217705 0.32345480
v -0.58945811 0.06028782 0.32388943
v -0.59018898 0.05852337 0.32473975
v -0.59083623 0.05696081 0.32596856
v -0.59137154 0.05566842 0.32752216
v -0.59177154 0.05470271 0.32933265
v -0.59201878 0.05410586 0.33132088
v -0.59210241 0.05390397 0.33340001
v -0.59201878 0.05410586 0.33547911
v -0.59177154 0.05470271 0.33746737
v -0.59137154 0.05566842 0.33927786
v -0.59083623 0.05696081 0.34083146
v -0.59018898 0.05852337 0.34206027
v -0.58945811 0.06028782 0.34291056
v -0.58867556 0.06217705 0.34334522
v -0.58787555 0.06410848 0.34334522
v -0.58709300 0.06599771 0.34291056
v -0.58636212 0.06776217 0.34206027
v -0.58571488 0.06932472 0.34083146
v -0.58517957 0.07061711 0.33927786
v -0.58477956 0.07158282 0.33746737
v -0.58453232 0.07217968 0.33547911
v -0.59086180 0.05689899 0.34090576
v -0.59140247 0.05559368 0.33933663
v -0.59180647 0.05461831 0.33750805
v -0.59205621 0.05401549 0.33549991
v -0.59214067 0.05381158 0.33340001
v -0.59205621 0.05401549 0.33130011
v -0.59180647 0.05461831 0.32929197
v -0.59140247 0.05559368 0.32746339
v -0.59086180 0.05689899 0.32589424
v -0.59020811 0.05847717 0.32465315
v -0.58946991 0.06025927 0.32379434
v -0.58867955 0.06216739 0.32335535
v -0.58787155 0.06411814 0.32335535
v -0.58708119 0.06602626 0.32379434
v -0.58634299 0.06780836 0.32465315
v -0.58568931 0.06938655 0.32589424
v -0.58514863 0.07069185 0.32746339
v -0.58474463 0.07166722 0.32929197
v -0.58449489 0.07227004 0.33130011
v -0.58441043 0.07247395 0.33340001
v -0.58449489 0.07227004 0.33549991
v -0.58474463 0.07166722 0.33750805
v -0.58514863 0.07069185 0.33933663
v -0.58568931 0.06938655 0.34090576
v -0.58634299 0.06780836 0.34214687
v -0.58708119 0.06602626 0.34300569
v -0.58787155 0.06411814 0.34344468
v -0.58867955 0.06216739 0.34344468
v -0.58946991 0.06025927 0.34300569
v -0.59020811 0.05847717 0.34214687
v -0.58588076 0.07284407 0.33549991
v -0.58613044 0.07224125 0.33750805
v -0.58653444 0.07126588 0.33933663
v -0.58707511 0.06996057 0.34090576
v -0.58772880 0.06838238 0.34214687
v -0.58846700 0.06660029 0.34300569
v -0.58925736 0.06469217 0.34344468
v -0.59006536 0.06274141 0.34344468
v -0.59085578 0.06083330 0.34300569
v -0.59159392 0.05905120 0.34214687
v -0.59224761 0.05747301 0.34090576
v -0.59278828 0.05616771 0.33933663
v -0.59319234 0.05519233 0.33750805
v -0.59344202 0.05458952 0.33549991
v -0.59352648 0.05438561 0.33340001
v -0.59344202 0.05458952 0.33130011
v -0.59319234 0.05519233 0.32929197
v -0.59278828 0.05616771 0.32746339
v -0.59224761 0.05747301 0.32589424
v -0.59159392 0.05905120 0.32465315
v -0.59085578 0.06083330 0.32379434
v -0.59006536 0.06274141 0.32335535
v -0.58925736 0.06469217 0.32335535
v -0.58846700 0.06660029 0.32379434
v -0.58772880 0.06838238 0.32465315
v -0.58707511 0.06996057 0.32589424
v -0.58653444 0.07126588 0.32746339
v -0.58613044 0.07224125 0.32929197
v -0.58588076 0.07284407 0.33130011
v -0.58579630 0.07304797 0.33340001
v -0.58774793 0.06833619 0.32473975
v -0.58847880 0.06657173 0.32388943
v -0.58926135 0.06468251 0.32345480
v -0.59006137 0.06275108 0.32345480
v -0.59084392 0.06086185 0.32388943
v -0.59157479 0.05909739 0.32473975
v -0.59222203 0.05753483 0.32596856
v -0.59275734 0.05624245 0.32752216
v -0.59315735 0.05527673 0.32933265
v -0.59340459 0.05467989 0.33132088
v -0.59348822 0.05447800 0.33340001
v -0.59340459 0.05467989 0.33547911
v -0.59315735 0.05527673 0.33746737
v -0.59275734 0.05624245 0.33927786
v -0.59222203 0.05753483 0.34083146
v -0.59157479 0.05909739 0.34206027
v -0.59084392 0.06086185 0.34291056
v -0.59006137 0.06275108 0.34334522
v -0.58926135 0.06468251 0.34334522
v -0.58847880 0.06657173 0.34291056
v -0.58774793 0.06833619 0.34206027
v -0.58710074 0.06989875 0.34083146
v -0.58656538 0.07119113 0.33927786
v -0.58616537 0.07215685 0.33746737
v -0.58591819 0.07275370 0.33547911
v -0.58583456 0.07295559 0.33340001
v -0.58591819 0.07275370 0.33132088
v -0.58616537 0.07215685 0.32933265
v -0.58656538 0.07119113 0.32752216
v -0.58710074 0.06989875 0.32596856
v -0.58730400 0.07332772 0.33547911
v -0.58755118 0.07273088 0.33746737
v -0.58795124 0.07176516 0.33927786
v -0.58848655 0.07047278 0.34083146
v -0.58913380 0.06891021 0.34206027
v -0.58986461 0.06714576 0.34291056
v -0.59064716 0.06525654 0.34334522
v -0.59144717 0.06332510 0.34334522
v -0.59222972 0.06143587 0.34291056
v -0.59296060 0.05967142 0.34206027
v -0.59360784 0.05810886 0.34083146
v -0.59414315 0.05681647 0.33927786
v -0.59454316 0.05585076 0.33746737
v -0.59479040 0.05525391 0.33547911
v -0.59487402 0.05505202 0.33340001
v -0.59479040 0.05525391 0.33132088
v -0.59454316 0.05585076 0.32933265
v -0.59414315 0.05681647 0.32752216
v -0.59360784 0.05810886 0.32596856
v -0.59296060 0.05967142 0.32473975
v -0.59222972 0.06143587 0.32388943
v -0.59144717 0.06332510 0.32345480
v -0.59064716 0.06525654 0.32345480
v -0.58986461 0.06714576 0.32388943
v -0.58913380 0.06891021 0.32473975
v -0.58848655 0.07047278 0.32596856
v -0.58795124 0.07176516 0.32752216
v -0.58755118 0.07273088 0.32933265
v -0.58730400 0.07332772 0.33132088
v -0.58722037 0.07352961 0.33340001
v -0.60369122 0.07306270 0.33295116
v -0.60367948 0.07309107 0.33340001
v -0.60341138 0.07341685 0.33340001
v -0.60378391 0.07283895 0.33208680
v -0.60372627 0.07297814 0.33251071
v -0.60346389 0.07329009 0.33240181
v -0.60386312 0.07264774 0.33168736
v -0.60352862 0.07313386 0.33192602
v -0.60407990 0.07212435 0.33099103
v -0.60396236 0.07240804 0.33131981
v -0.60372895 0.07265019 0.33106512
v -0.60421342 0.07180193 0.33070710
v -0.60386086 0.07233177 0.33069608
v -0.60451847 0.07106557 0.33029410
v -0.60436052 0.07144681 0.33047336
v -0.60417587 0.07157127 0.33011502
v -0.60468423 0.07066535 0.33017275
v -0.60435307 0.07114337 0.32991385
v -0.60485476 0.07025359 0.33011147
v -0.60453916 0.07069414 0.32977760
v -0.60502696 0.06983795 0.33011147
v -0.60473061 0.07023196 0.32970884
v -0.60519749 0.06942619 0.33017275
v -0.60492384 0.06976543 0.32970884
v -0.60536331 0.06902596 0.33029410
v -0.60511529 0.06930325 0.32977760
v -0.60566831 0.06828960 0.33070710
v -0.60552120 0.06864473 0.33047336
v -0.60547858 0.06842612 0.33011502
v -0.60580182 0.06796719 0.33099103
v -0.60564375 0.06802752 0.33037740
v -0.60601866 0.06744380 0.33168736
v -0.60591936 0.06768350 0.33131981
v -0.60592550 0.06734720 0.33106512
v -0.60609788 0.06725258 0.33208680
v -0.60603696 0.06707817 0.33147767
v -0.60619050 0.06702884 0.33295116
v -0.60615551 0.06711340 0.33251071
v -0.60619056 0.06670730 0.33240181
v -0.60620230 0.06700047 0.33340001
v -0.60622990 0.06661239 0.33289623
v -0.60619050 0.06702884 0.33384883
v -0.60624307 0.06658055 0.33340001
v -0.60609788 0.06725258 0.33471322
v -0.60615551 0.06711340 0.33428931
v -0.60619056 0.06670730 0.33439818
v -0.60601866 0.06744380 0.33511266
v -0.60612589 0.06686353 0.33487400
v -0.60580182 0.06796719 0.33580899
v -0.60591936 0.06768350 0.33548021
v -0.60592550 0.06734720 0.33573490
v -0.60566831 0.06828960 0.33609292
v -0.60579360 0.06766563 0.33610395
v -0.60536331 0.06902596 0.33650589
v -0.60552120 0.06864473 0.33632666
v -0.60547858 0.06842612 0.33668497
v -0.60519749 0.06942619 0.33662727
v -0.60530138 0.06885403 0.33688617
v -0.60485476 0.07025359 0.33668852
v -0.60502696 0.06983795 0.33668852
v -0.60492384 0.06976543 0.33709115
v -0.60468423 0.07066535 0.33662727
v -0.60473061 0.07023196 0.33709115
v -0.60436052 0.07144681 0.33632666
v -0.60451847 0.07106557 0.33650589
v -0.60435307 0.07114337 0.33688617
v -0.60421342 0.07180193 0.33609292
v -0.60417587 0.07157127 0.33668497
v -0.60396236 0.07240804 0.33548021
v -0.60407990 0.07212435 0.33580899
v -0.60386086 0.07233177 0.33610395
v -0.60386312 0.07264774 0.33511266
v -0.60372895 0.07265019 0.33573490
v -0.60372627 0.07297814 0.33428931
v -0.60378391 0.07283895 0.33471322
v -0.60352862 0.07313386 0.33487400
v -0.60369122 0.07306270 0.33384883
v -0.60346389 0.07329009 0.33439818
v -0.60342455 0.07338502 0.33390379
v -0.60342455 0.07338502 0.33289623
v -0.60249501 0.07437812 0.33340001
v -0.60251266 0.07433562 0.33272755
v -0.60146958 0.07523859 0.33340001
v -0.60149139 0.07518588 0.33256584
v -0.60034543 0.07598493 0.33340001
v -0.60037124 0.07592257 0.33241338
v -0.59913462 0.07660474 0.33340001
v -0.59916413 0.07653347 0.33227232
v -0.59785110 0.07708676 0.33340001
v -0.59788400 0.07700744 0.33214480
v -0.59651786 0.07741984 0.33340001
v -0.59655368 0.07733347 0.33203343
v -0.59514481 0.07759906 0.33340001
v -0.59518301 0.07750676 0.33193934
v -0.59375304 0.07761860 0.33340001
v -0.59379321 0.07752156 0.33186436
v -0.59236097 0.07747565 0.33340001
v -0.59240264 0.07737516 0.33180979
v -0.59098792 0.07716959 0.33340001
v -0.59103042 0.07706701 0.33177674
v -0.60256511 0.07420892 0.33206761
v -0.60265148 0.07400038 0.33143249
v -0.60155648 0.07502872 0.33174723
v -0.60166365 0.07477004 0.33095941
v -0.60044825 0.07573669 0.33144516
v -0.60057497 0.07543073 0.33051333
v -0.59925210 0.07632101 0.33116564
v -0.59939700 0.07597130 0.33010060
v -0.59798193 0.07677095 0.33091298
v -0.59814316 0.07638169 0.32972747
v -0.59666032 0.07707600 0.33069229
v -0.59683585 0.07665221 0.32940161
v -0.59529704 0.07723155 0.33050585
v -0.59548467 0.07677858 0.32912630
v -0.59391308 0.07723222 0.33035728
v -0.59411031 0.07675599 0.32890692
v -0.59252673 0.07707555 0.33024919
v -0.59273100 0.07658240 0.32874730
v -0.59115714 0.07676117 0.33018371
v -0.59136564 0.07625778 0.32865062
v -0.60361749 0.07291923 0.33147767
v -0.60277015 0.07371388 0.33083400
v -0.60181087 0.07441466 0.33021706
v -0.60074908 0.07501039 0.32963526
v -0.59959596 0.07549086 0.32909697
v -0.59836465 0.07584693 0.32861039
v -0.59707701 0.07607000 0.32818541
v -0.59574240 0.07615627 0.32782635
v -0.59438133 0.07610175 0.32754025
v -0.59301162 0.07590491 0.32733208
v -0.59165210 0.07556621 0.32720599
v -0.60291892 0.07335477 0.33028334
v -0.60309500 0.07292973 0.32979074
v -0.60199535 0.07396920 0.32953399
v -0.60221374 0.07344196 0.32892293
v -0.60096729 0.07448351 0.32882735
v -0.60122561 0.07385989 0.32810462
v -0.59984541 0.07488865 0.32817355
v -0.60014069 0.07417587 0.32734746
v -0.59864235 0.07517661 0.32758254
v -0.59897095 0.07438324 0.32666305
v -0.59737927 0.07534020 0.32706636
v -0.59773707 0.07447643 0.32606527
v -0.59606552 0.07537623 0.32663023
v -0.59644794 0.07445298 0.32556024
v -0.59472102 0.07528166 0.32628274
v -0.59512305 0.07431102 0.32515779
v -0.59336334 0.07505570 0.32602990
v -0.59377968 0.07405057 0.32486498
v -0.59201115 0.07469935 0.32587674
v -0.59243613 0.07367334 0.32468763
v -0.60401076 0.07196988 0.33037740
v -0.60329509 0.07244667 0.32936534
v -0.60246193 0.07284275 0.32839528
v -0.60151917 0.07315117 0.32748049
v -0.60047621 0.07336581 0.32663414
v -0.59934443 0.07348157 0.32586905
v -0.59814370 0.07349475 0.32520083
v -0.59688258 0.07340372 0.32463625
v -0.59557998 0.07320789 0.32418638
v -0.59425288 0.07290826 0.32385910
v -0.59291911 0.07250728 0.32366082
v -0.60351545 0.07191460 0.32901514
v -0.60375202 0.07134342 0.32874659
v -0.60273534 0.07218275 0.32796085
v -0.60302883 0.07147425 0.32762775
v -0.60184252 0.07237053 0.32696667
v -0.60218966 0.07153253 0.32657269
v -0.60084581 0.07247356 0.32604682
v -0.60124254 0.07151573 0.32559651
v -0.59975582 0.07248842 0.32521534
v -0.60019743 0.07142229 0.32471409
v -0.59859157 0.07241348 0.32448912
v -0.59907240 0.07125275 0.32394338
v -0.59736127 0.07224800 0.32387555
v -0.59787518 0.07100733 0.32329226
v -0.59608328 0.07199284 0.32338661
v -0.59662354 0.07068849 0.32277340
v -0.59477401 0.07165004 0.32303089
v -0.59533352 0.07029936 0.32239589
v -0.59345114 0.07122292 0.32281542
v -0.59402221 0.06984417 0.32216722
v -0.60400045 0.07074378 0.32856473
v -0.60333693 0.07073044 0.32740217
v -0.60255408 0.07065275 0.32630590
v -0.60165906 0.07051017 0.32529157
v -0.60066104 0.07030302 0.32437465
v -0.59957713 0.07003417 0.32357383
v -0.59841466 0.06970485 0.32289723
v -0.59719074 0.06931915 0.32235810
v -0.59592086 0.06888137 0.32196584
v -0.59462178 0.06839672 0.32172823
v -0.60451388 0.06950413 0.32847297
v -0.60476947 0.06888720 0.32856473
v -0.60397387 0.06919272 0.32728833
v -0.60429084 0.06842746 0.32740217
v -0.60330743 0.06883397 0.32617122
v -0.60368234 0.06792884 0.32630590
v -0.60252011 0.06843134 0.32513765
v -0.60294867 0.06739678 0.32529157
v -0.60161948 0.06798911 0.32420334
v -0.60209650 0.06683756 0.32437465
v -0.60062063 0.06751495 0.32338732
v -0.60113990 0.06626122 0.32357383
v -0.59953004 0.06701216 0.32269788
v -0.60008508 0.06567211 0.32289723
v -0.59836334 0.06648824 0.32214850
v -0.59894693 0.06507941 0.32235810
v -0.59713513 0.06594989 0.32174879
v -0.59773940 0.06449101 0.32196584
v -0.59586126 0.06540433 0.32150668
v -0.59647810 0.06391513 0.32172823
v -0.60530138 0.06885403 0.32991385
v -0.60501784 0.06828756 0.32874659
v -0.60459894 0.06768365 0.32762775
v -0.60404676 0.06704907 0.32657269
v -0.60336518 0.06639123 0.32559651
v -0.60256010 0.06571830 0.32471409
v -0.60164469 0.06504265 0.32394338
v -0.60062462 0.06436963 0.32329226
v -0.59951413 0.06371006 0.32277340
v -0.59832674 0.06307302 0.32239589
v -0.59707767 0.06246767 0.32216722
v -0.60525441 0.06771638 0.32901514
v -0.60547483 0.06718431 0.32936534
v -0.60489243 0.06697515 0.32796085
v -0.60516578 0.06631514 0.32839528
v -0.60439390 0.06621106 0.32696667
v -0.60471725 0.06543043 0.32748049
v -0.60376191 0.06543341 0.32604682
v -0.60413152 0.06454115 0.32663414
v -0.60300171 0.06465217 0.32521534
v -0.60341311 0.06365901 0.32586905
v -0.60212547 0.06388191 0.32448912
v -0.60257334 0.06280064 0.32520083
v -0.60113847 0.06312897 0.32387555
v -0.60161722 0.06197325 0.32463625
v -0.60005438 0.06240572 0.32338661
v -0.60055768 0.06119066 0.32418638
v -0.59888625 0.06172233 0.32303089
v -0.59940737 0.06046412 0.32385910
v -0.59764880 0.06108892 0.32281542
v -0.59818077 0.05980456 0.32366082
v -0.60579360 0.06766563 0.33069608
v -0.60567486 0.06670126 0.32979074
v -0.60541397 0.06571594 0.32892293
v -0.60501081 0.06472170 0.32810462
v -0.60446703 0.06373109 0.32734746
v -0.60378659 0.06275735 0.32666305
v -0.60297996 0.06181897 0.32606527
v -0.60205185 0.06092399 0.32556024
v -0.60101461 0.06008754 0.32515779
v -0.59988058 0.05932181 0.32486498
v -0.59866375 0.05863851 0.32468763
v -0.60585093 0.06627621 0.33028334
v -0.60599971 0.06591710 0.33083400
v -0.60563236 0.06518870 0.32953399
v -0.60581690 0.06474324 0.33021706
v -0.60526907 0.06409808 0.32882735
v -0.60548735 0.06357121 0.32963526
v -0.60476226 0.06301831 0.32817355
v -0.60501170 0.06241610 0.32909697
v -0.60411519 0.06196398 0.32758254
v -0.60439283 0.06129366 0.32861039
v -0.60333776 0.06095520 0.32706636
v -0.60364002 0.06022540 0.32818541
v -0.60243428 0.06000074 0.32663023
v -0.60275733 0.05922069 0.32782635
v -0.60141665 0.05911690 0.32628274
v -0.60175633 0.05829681 0.32754025
v -0.60029691 0.05831668 0.32602990
v -0.60064864 0.05746746 0.32733208
v -0.59908873 0.05761249 0.32587674
v -0.59944785 0.05674563 0.32720599
v -0.60612589 0.06686353 0.33192602
v -0.60611838 0.06563060 0.33143249
v -0.60596406 0.06438786 0.33095941
v -0.60566145 0.06315087 0.33051333
v -0.60521072 0.06193566 0.33010060
v -0.60461438 0.06075889 0.32972747
v -0.60388124 0.05964319 0.32940161
v -0.60301512 0.05859839 0.32912630
v -0.60202736 0.05764256 0.32890692
v -0.60092926 0.05678998 0.32874730
v -0.59973431 0.05605406 0.32865062
v -0.60620475 0.06542206 0.33206761
v -0.60625726 0.06529536 0.33272755
v -0.60607123 0.06412918 0.33174723
v -0.60613632 0.06397202 0.33256584
v -0.60578817 0.06284490 0.33144516
v -0.60586518 0.06265902 0.33241338
v -0.60535556 0.06158595 0.33116564
v -0.60544360 0.06137349 0.33227232
v -0.60477561 0.06036964 0.33091298
v -0.60487354 0.06013315 0.33214480
v -0.60405678 0.05921940 0.33069229
v -0.60416341 0.05896192 0.33203343
v -0.60320276 0.05814542 0.33050585
v -0.60331672 0.05787021 0.33193934
v -0.60222465 0.05716634 0.33035728
v -0.60234445 0.05687701 0.33186436
v -0.60113353 0.05629683 0.33024919
v -0.60125762 0.05599722 0.33180979
v -0.59994280 0.05555067 0.33018371
v -0.60006946 0.05524484 0.33177674
v -0.60627484 0.06525286 0.33340001
v -0.60615820 0.06391931 0.33340001
v -0.60589099 0.06259667 0.33340001
v -0.60547310 0.06130222 0.33340001
v -0.60490638 0.06005383 0.33340001
v -0.60419917 0.05887556 0.33340001
v -0.60335499 0.05777790 0.33340001
v -0.60238469 0.05677996 0.33340001
v -0.60129929 0.05589673 0.33340001
v -0.60011196 0.05514225 0.33340001
v -0.60622990 0.06661239 0.33390379
v -0.60625726 0.06529536 0.33407247
v -0.60613632 0.06397202 0.33423415
v -0.60586518 0.06265902 0.33438662
v -0.60544360 0.06137349 0.33452770
v -0.60487354 0.06013315 0.33465523
v -0.60416341 0.05896192 0.33476660
v -0.60331672 0.05787021 0.33486068
v -0.60234445 0.05687701 0.33493567
v -0.60125762 0.05599722 0.33499020
v -0.60006946 0.05524484 0.33502325
v -0.60620475 0.06542206 0.33473241
v -0.60611838 0.06563060 0.33536753
v -0.60607123 0.06412918 0.33505276
v -0.60596406 0.06438786 0.33584058
v -0.60578817 0.06284490 0.33535486
v -0.60566145 0.06315087 0.33628669
v -0.60535556 0.06158595 0.33563438
v -0.60521072 0.06193566 0.33669943
v -0.60477561 0.06036964 0.33588704
v -0.60461438 0.06075889 0.33707252
v -0.60405678 0.05921940 0.33610770
v -0.60388124 0.05964319 0.33739838
v -0.60320276 0.05814542 0.33629414
v -0.60301512 0.05859839 0.33767369
v -0.60222465 0.05716634 0.33644271
v -0.60202736 0.05764256 0.33789310
v -0.60113353 0.05629683 0.33655080
v -0.60092926 0.05678998 0.33805269
v -0.59994280 0.05555067 0.33661628
v -0.59973431 0.05605406 0.33814940
v -0.60603696 0.06707817 0.33532235
v -0.60599971 0.06591710 0.33596599
v -0.60581690 0.06474324 0.33658296
v -0.60548735 0.06357121 0.33716473
v -0.60501170 0.06241610 0.33770302
v -0.60439283 0.06129366 0.33818960
v -0.60364002 0.06022540 0.33861458
v -0.60275733 0.05922069 0.33897364
v -0.60175633 0.05829681 0.33925977
v -0.60064864 0.05746746 0.33946794
v -0.59944785 0.05674563 0.33959401
v -0.60585093 0.06627621 0.33651668
v -0.60567486 0.06670126 0.33700928
v -0.60563236 0.06518870 0.33726603
v -0.60541397 0.06571594 0.33787706
v -0.60526907 0.06409808 0.33797267
v -0.60501081 0.06472170 0.33869541
v -0.60476226 0.06301831 0.33862647
v -0.60446703 0.06373109 0.33945253
v -0.60411519 0.06196398 0.33921748
v -0.60378659 0.06275735 0.34013698
v -0.60333776 0.06095520 0.33973366
v -0.60297996 0.06181897 0.34073475
v -0.60243428 0.06000074 0.34016976
v -0.60205185 0.06092399 0.34123978
v -0.60141665 0.05911690 0.34051728
v -0.60101461 0.06008754 0.34164223
v -0.60029691 0.05831668 0.34077013
v -0.59988058 0.05932181 0.34193501
v -0.59908873 0.05761249 0.34092328
v -0.59866375 0.05863851 0.34211239
v -0.60564375 0.06802752 0.33642262
v -0.60547483 0.06718431 0.33743465
v -0.60516578 0.06631514 0.33840472
v -0.60471725 0.06543043 0.33931950
v -0.60413152 0.06454115 0.34016588
v -0.60341311 0.06365901 0.34093097
v -0.60257334 0.06280064 0.34159920
v -0.60161722 0.06197325 0.34216374
v -0.60055768 0.06119066 0.34261361
v -0.59940737 0.06046412 0.34294093
v -0.59818077 0.05980456 0.34313920
v -0.60525441 0.06771638 0.33778489
v -0.60501784 0.06828756 0.33805341
v -0.60489243 0.06697515 0.33883914
v -0.60459894 0.06768365 0.33917224
v -0.60439390 0.06621106 0.33983332
v -0.60404676 0.06704907 0.34022731
v -0.60376191 0.06543341 0.34075317
v -0.60336518 0.06639123 0.34120348
v -0.60300171 0.06465217 0.34158468
v -0.60256010 0.06571830 0.34208593
v -0.60212547 0.06388191 0.34231091
v -0.60164469 0.06504265 0.34285662
v -0.60113847 0.06312897 0.34292448
v -0.60062462 0.06436963 0.34350777
v -0.60005438 0.06240572 0.34341338
v -0.59951413 0.06371006 0.34402663
v -0.59888625 0.06172233 0.34376910
v -0.59832674 0.06307302 0.34440413
v -0.59764880 0.06108892 0.34398457
v -0.59707767 0.06246767 0.34463280
v -0.60511529 0.06930325 0.33702239
v -0.60476947 0.06888720 0.33823526
v -0.60429084 0.06842746 0.33939782
v -0.60368234 0.06792884 0.34049413
v -0.60294867 0.06739678 0.34150845
v -0.60209650 0.06683756 0.34242535
v -0.60113990 0.06626122 0.34322619
v -0.60008508 0.06567211 0.34390277
v -0.59894693 0.06507941 0.34444192
v -0.59773940 0.06449101 0.34483418
v -0.59647810 0.06391513 0.34507176
v -0.60451388 0.06950413 0.33832705
v -0.60425597 0.07012685 0.33832705
v -0.60397387 0.06919272 0.33951169
v -0.60365391 0.06996518 0.33951169
v -0.60330743 0.06883397 0.34062877
v -0.60292900 0.06974762 0.34062877
v -0.60252011 0.06843134 0.34166235
v -0.60208756 0.06947562 0.34166235
v -0.60161948 0.06798911 0.34259668
v -0.60113806 0.06915148 0.34259668
v -0.60062063 0.06751495 0.34341270
v -0.60009640 0.06878045 0.34341270
v -0.59953004 0.06701216 0.34410214
v -0.59896976 0.06836481 0.34410214
v -0.59836334 0.06648824 0.34465149
v -0.59777433 0.06791032 0.34465149
v -0.59713513 0.06594989 0.34505120
v -0.59652513 0.06742249 0.34505120
v -0.59586126 0.06540433 0.34529331
v -0.59523863 0.06690752 0.34529331
v -0.60375202 0.07134342 0.33805341
v -0.60351545 0.07191460 0.33778489
v -0.60302883 0.07147425 0.33917224
v -0.60273534 0.07218275 0.33883914
v -0.60218966 0.07153253 0.34022731
v -0.60184252 0.07237053 0.33983332
v -0.60124254 0.07151573 0.34120348
v -0.60084581 0.07247356 0.34075317
v -0.60019743 0.07142229 0.34208593
v -0.59975582 0.07248842 0.34158468
v -0.59907240 0.07125275 0.34285662
v -0.59859157 0.07241348 0.34231091
v -0.59787518 0.07100733 0.34350777
v -0.59736127 0.07224800 0.34292448
v -0.59662354 0.07068849 0.34402663
v -0.59608328 0.07199284 0.34341338
v -0.59533352 0.07029936 0.34440413
v -0.59477401 0.07165004 0.34376910
v -0.59402221 0.06984417 0.34463280
v -0.59345114 0.07122292 0.34398457
v -0.60309500 0.07292973 0.33700928
v -0.60291892 0.07335477 0.33651668
v -0.60221374 0.07344196 0.33787706
v -0.60199535 0.07396920 0.33726603
v -0.60122561 0.07385989 0.33869541
v -0.60096729 0.07448351 0.33797267
v -0.60014069 0.07417587 0.33945253
v -0.59984541 0.07488865 0.33862647
v -0.59897095 0.07438324 0.34013698
v -0.59864235 0.07517661 0.33921748
v -0.59773707 0.07447643 0.34073475
v -0.59737927 0.07534020 0.33973366
v -0.59644794 0.07445298 0.34123978
v -0.59606552 0.07537623 0.34016976
v -0.59512305 0.07431102 0.34164223
v -0.59472102 0.07528166 0.34051728
v -0.59377968 0.07405057 0.34193501
v -0.59336334 0.07505570 0.34077013
v -0.59243613 0.07367334 0.34211239
v -0.59201115 0.07469935 0.34092328
v -0.60265148 0.07400038 0.33536753
v -0.60256511 0.07420892 0.33473241
v -0.60166365 0.07477004 0.33584058
v -0.60155648 0.07502872 0.33505276
v -0.60057497 0.07543073 0.33628669
v -0.60044825 0.07573669 0.33535486
v -0.59939700 0.07597130 0.33669943
v -0.59925210 0.07632101 0.33563438
v -0.59814316 0.07638169 0.33707252
v -0.59798193 0.07677095 0.33588704
v -0.59683585 0.07665221 0.33739838
v -0.59666032 0.07707600 0.33610770
v -0.59548467 0.07677858 0.33767369
v -0.59529704 0.07723155 0.33629414
v -0.59411031 0.07675599 0.33789310
v -0.59391308 0.07723222 0.33644271
v -0.59273100 0.07658240 0.33805269
v -0.59252673 0.07707555 0.33655080
v -0.59136564 0.07625778 0.33814940
v -0.59115714 0.07676117 0.33661628
v -0.58968854 0.07671677 0.33340001
v -0.58973134 0.07661350 0.33176601
v -0.58977681 0.07650374 0.33105892
v -0.58985883 0.07630564 0.33016244
v -0.59003812 0.07587285 0.32880780
v -0.59006876 0.07579892 0.32861918
v -0.59035712 0.07510278 0.32716501
v -0.59046251 0.07484834 0.32673317
v -0.59071857 0.07423017 0.32582694
v -0.59103358 0.07346959 0.32491472
v -0.59114635 0.07319737 0.32462996
v -0.59163254 0.07202361 0.32359636
v -0.59172946 0.07178957 0.32342237
v -0.59216803 0.07073075 0.32274538
v -0.59252340 0.06987285 0.32231346
v -0.59274292 0.06934287 0.32209286
v -0.59334648 0.06788584 0.32165098
v -0.59338486 0.06779309 0.32163057
v -0.60425597 0.07012685 0.32847297
v -0.60365391 0.06996518 0.32728833
v -0.60292900 0.06974762 0.32617122
v -0.60208756 0.06947562 0.32513765
v -0.60113806 0.06915148 0.32420334
v -0.60009640 0.06878045 0.32338732
v -0.59896976 0.06836481 0.32269788
v -0.59777433 0.06791032 0.32214850
v -0.59652513 0.06742249 0.32174879
v -0.59523863 0.06690752 0.32150668
v -0.59396738 0.06638678 0.32142797
v -0.59428078 0.06563020 0.32140002
v -0.59459418 0.06487364 0.32142797
v -0.59517664 0.06346733 0.32163057
v -0.59521508 0.06337458 0.32165098
v -0.59581858 0.06191755 0.32209286
v -0.59603810 0.06138757 0.32231346
v -0.59639347 0.06052967 0.32274538
v -0.59683204 0.05947085 0.32342237
v -0.59692901 0.05923681 0.32359636
v -0.59741521 0.05806305 0.32462996
v -0.59752792 0.05779083 0.32491472
v -0.59784299 0.05703024 0.32582694
v -0.59809905 0.05641207 0.32673317
v -0.59820443 0.05615764 0.32716501
v -0.59849280 0.05546150 0.32861918
v -0.59852344 0.05538757 0.32880780
v -0.59870267 0.05495477 0.33016244
v -0.59878474 0.05475668 0.33105892
v -0.59883022 0.05464692 0.33176601
v -0.59887296 0.05454366 0.33340001
v -0.59883022 0.05464692 0.33503401
v -0.59878474 0.05475668 0.33574110
v -0.59870267 0.05495477 0.33663756
v -0.59852344 0.05538757 0.33799219
v -0.59849280 0.05546150 0.33818081
v -0.59820443 0.05615764 0.33963501
v -0.59809905 0.05641207 0.34006685
v -0.59784299 0.05703024 0.34097305
v -0.59752792 0.05779083 0.34188530
v -0.59741521 0.05806305 0.34217003
v -0.59692901 0.05923681 0.34320363
v -0.59683204 0.05947085 0.34337765
v -0.59639347 0.06052967 0.34405464
v -0.59603810 0.06138757 0.34448656
v -0.59581858 0.06191755 0.34470713
v -0.59521508 0.06337458 0.34514901
v -0.59517664 0.06346733 0.34516943
v -0.59459418 0.06487364 0.34537202
v -0.59428078 0.06563020 0.34540001
v -0.59396738 0.06638678 0.34537202
v -0.59338486 0.06779309 0.34516943
v -0.60453916 0.07069414 0.33702239
v -0.60400045 0.07074378 0.33823526
v -0.60333693 0.07073044 0.33939782
v -0.60255408 0.07065275 0.34049413
v -0.60165906 0.07051017 0.34150845
v -0.60066104 0.07030302 0.34242535
v -0.59957713 0.07003417 0.34322619
v -0.59841466 0.06970485 0.34390277
v -0.59719074 0.06931915 0.34444192
v -0.59592086 0.06888137 0.34483418
v -0.59462178 0.06839672 0.34507176
v -0.59334648 0.06788584 0.34514901
v -0.59274292 0.06934287 0.34470713
v -0.59252340 0.06987285 0.34448656
v -0.59216803 0.07073075 0.34405464
v -0.59172946 0.07178957 0.34337765
v -0.60401076 0.07196988 0.33642262
v -0.60329509 0.07244667 0.33743465
v -0.60246193 0.07284275 0.33840472
v -0.60151917 0.07315117 0.33931950
v -0.60047621 0.07336581 0.34016588
v -0.59934443 0.07348157 0.34093097
v -0.59814370 0.07349475 0.34159920
v -0.59688258 0.07340372 0.34216374
v -0.59557998 0.07320789 0.34261361
v -0.59425288 0.07290826 0.34294093
v -0.59291911 0.07250728 0.34313920
v -0.59163254 0.07202361 0.34320363
v -0.59114635 0.07319737 0.34217003
v -0.59103358 0.07346959 0.34188530
v -0.59071857 0.07423017 0.34097305
v -0.59046251 0.07484834 0.34006685
v -0.60361749 0.07291923 0.33532235
v -0.60277015 0.07371388 0.33596599
v -0.60181087 0.07441466 0.33658296
v -0.60074908 0.07501039 0.33716473
v -0.59959596 0.07549086 0.33770302
v -0.59836465 0.07584693 0.33818960
v -0.59707701 0.07607000 0.33861458
v -0.59574240 0.07615627 0.33897364
v -0.59438133 0.07610175 0.33925977
v -0.59301162 0.07590491 0.33946794
v -0.59165210 0.07556621 0.33959401
v -0.59035712 0.07510278 0.33963501
v -0.59006876 0.07579892 0.33818081
v -0.59003812 0.07587285 0.33799219
v -0.58985883 0.07630564 0.33663756
v -0.58977681 0.07650374 0.33574110
v -0.60251266 0.07433562 0.33407247
v -0.60149139 0.07518588 0.33423415
v -0.60037124 0.07592257 0.33438662
v -0.59916413 0.07653347 0.33452770
v -0.59788400 0.07700744 0.33465523
v -0.59655368 0.07733347 0.33476660
v -0.59518301 0.07750676 0.33486068
v -0.59379321 0.07752156 0.33493567
v -0.59240264 0.07737516 0.33499020
v -0.59103042 0.07706701 0.33502325
v -0.58973134 0.07661350 0.33503401
v -0.58645499 0.07537737 0.33340001
v -0.58654320 0.07516435 0.33105892
v -0.58680457 0.07453346 0.32880780
v -0.58722889 0.07350895 0.32673317
v -0.58780003 0.07213020 0.32491472
v -0.58849591 0.07045018 0.32342237
v -0.58928984 0.06853346 0.32231346
v -0.59015131 0.06645370 0.32163057
v -0.59104717 0.06429081 0.32140002
v -0.59194309 0.06212794 0.32163057
v -0.59280455 0.06004817 0.32231346
v -0.59359848 0.05813146 0.32342237
v -0.59429437 0.05645144 0.32491472
v -0.59486544 0.05507268 0.32673317
v -0.59528983 0.05404818 0.32880780
v -0.59555113 0.05341729 0.33105892
v -0.59563941 0.05320426 0.33340001
v -0.59555113 0.05341729 0.33574110
v -0.59528983 0.05404818 0.33799219
v -0.59486544 0.05507268 0.34006685
v -0.59429437 0.05645144 0.34188530
v -0.59359848 0.05813146 0.34337765
v -0.59280455 0.06004817 0.34448656
v -0.59194309 0.06212794 0.34516943
v -0.59104717 0.06429081 0.34540001
v -0.59015131 0.06645370 0.34516943
v -0.58928984 0.06853346 0.34448656
v -0.58849591 0.07045018 0.34337765
v -0.58780003 0.07213020 0.34188530
v -0.58722889 0.07350895 0.34006685
v -0.58680457 0.07453346 0.33799219
v -0.58654320 0.07516435 0.33574110
v -0.59490156 0.05367901 0.33564353
v -0.59465110 0.05428361 0.33780086
v -0.59424442 0.05526543 0.33978906
v -0.59369713 0.05658674 0.34153172
v -0.59303021 0.05819676 0.34296191
v -0.59226936 0.06003361 0.34402463
v -0.59144384 0.06202672 0.34467903
v -0.59058523 0.06409948 0.34490001
v -0.58972669 0.06617223 0.34467903
v -0.58890110 0.06816534 0.34402463
v -0.58814025 0.07000220 0.34296191
v -0.58747339 0.07161221 0.34153172
v -0.58692604 0.07293352 0.33978906
v -0.58651936 0.07391534 0.33780086
v -0.58626896 0.07451994 0.33564353
v -0.58618438 0.07472409 0.33340001
v -0.58626896 0.07451994 0.33115646
v -0.58651936 0.07391534 0.32899913
v -0.58692604 0.07293352 0.32701096
v -0.58747339 0.07161221 0.32526827
v -0.58814025 0.07000220 0.32383811
v -0.58890110 0.06816534 0.32277539
v -0.58972669 0.06617223 0.32212096
v -0.59058523 0.06409948 0.32190001
v -0.59144384 0.06202672 0.32212096
v -0.59226936 0.06003361 0.32277539
v -0.59303021 0.05819676 0.32383811
v -0.59369713 0.05658674 0.32526827
v -0.59424442 0.05526543 0.32701096
v -0.59465110 0.05428361 0.32899913
v -0.59490156 0.05367901 0.33115646
v -0.59498608 0.05347486 0.33340001
v -0.45676580 -0.02218490 0.34700000
v -0.47268820 -0.04734843 0.34700000
v -0.45108542 -0.02641377 0.34700000
v -0.46439227 -0.05276842 0.34700000
v -0.44458294 -0.02921868 0.34700000
v -0.46612921 -0.00354083 0.34700000
v -0.49399945 -0.01472913 0.34700000
v -0.46449605 -0.01043161 0.34700000
v -0.49078184 -0.02410172 0.34700000
v -0.46131781 -0.01676002 0.34700000
v -0.48606542 -0.03281689 0.34700000
v -0.47997886 -0.04063689 0.34700000
v -0.45531741 -0.05674903 0.34700000
v -0.44571111 -0.05918168 0.34700000
v -0.43760884 -0.03044840 0.34700000
v -0.43583542 -0.06000000 0.34700000
v -0.43053916 -0.03003664 0.34700000
v -0.42595977 -0.05918168 0.34700000
v -0.42375499 -0.02800559 0.34700000
v -0.45108542 0.02641377 0.34700000
v -0.47268820 0.04734843 0.34700000
v -0.45676580 0.02218490 0.34700000
v -0.47997886 0.04063689 0.34700000
v -0.46131781 0.01676002 0.34700000
v -0.48606542 0.03281689 0.34700000
v -0.46449605 0.01043161 0.34700000
v -0.40615755 -0.00703378 0.34700000
v -0.37604037 -0.00495476 0.34700000
v -0.40533543 -0.00000000 0.34700000
v -0.37604037 0.00495476 0.34700000
v -0.40615755 0.00703378 0.34700000
v -0.37767142 0.01472913 0.34700000
v -0.40857965 0.01368838 0.34700000
v -0.49078184 0.02410172 0.34700000
v -0.49399945 0.01472913 0.34700000
v -0.46612921 0.00354083 0.34700000
v -0.49563050 0.00495476 0.34700000
v -0.49563050 -0.00495476 0.34700000
v -0.41762209 0.02446476 0.34700000
v -0.40727860 0.05276842 0.34700000
v -0.42375499 0.02800559 0.34700000
v -0.41635346 0.05674903 0.34700000
v -0.43053916 0.03003664 0.34700000
v -0.42595977 0.05918168 0.34700000
v -0.43583542 0.03050000 0.34700000
v -0.43583542 0.06000000 0.34700000
v -0.43760884 0.03044840 0.34700000
v -0.44571111 0.05918168 0.34700000
v -0.44458294 0.02921868 0.34700000
v -0.45531741 0.05674903 0.34700000
v -0.46439227 0.05276842 0.34700000
v -0.38088903 0.02410172 0.34700000
v -0.38560545 0.03281689 0.34700000
v -0.41247109 0.01960502 0.34700000
v -0.39169198 0.04063689 0.34700000
v -0.39898267 0.04734843 0.34700000
v -0.41247109 -0.01960502 0.34700000
v -0.38560545 -0.03281689 0.34700000
v -0.40857965 -0.01368838 0.34700000
v -0.38088903 -0.02410172 0.34700000
v -0.37767142 -0.01472913 0.34700000
v -0.41635346 -0.05674903 0.34700000
v -0.40727860 -0.05276842 0.34700000
v -0.41762209 -0.02446476 0.34700000
v -0.39898267 -0.04734843 0.34700000
v -0.39169198 -0.04063689 0.34700000
v -0.37555385 0.01012328 0.33899027
v -0.37658018 0.01500547 0.33899027
v -0.41598794 0.05781374 0.33899027
v -0.41788402 0.05843028 0.33899027
v -0.42452559 0.06007022 0.33899066
v -0.40934569 0.05508760 0.33899027
v -0.40674281 0.05375844 0.33899027
v -0.40140343 0.05050533 0.33899027
v -0.39829126 0.04823676 0.33899027
v -0.39423597 0.04478656 0.33899027
v -0.39086381 0.04139931 0.33899027
v -0.38466305 0.03343259 0.33899027
v -0.38534063 0.03444741 0.33899018
v -0.38949189 0.03985770 0.33899066
v -0.38894516 0.03899133 0.34000000
v -0.38745373 0.03712458 0.34000000
v -0.38603660 0.03520084 0.34000000
v -0.38218623 0.02929357 0.33899027
v -0.37985814 0.02455391 0.33899027
v -0.37806925 0.01998548 0.33899027
v -0.37491852 0.00504772 0.33899027
v -0.37470973 -0.00001958 0.33899027
v -0.37491852 -0.00504772 0.33899027
v -0.37556034 -0.01016190 0.33899027
v -0.37658018 -0.01500547 0.33899027
v -0.37808207 -0.02002247 0.33899027
v -0.37985814 -0.02455391 0.33899027
v -0.39086381 -0.04139931 0.33899027
v -0.38946801 -0.03982972 0.33899066
v -0.38868836 -0.03868044 0.34000000
v -0.38745373 -0.03712458 0.34000000
v -0.38627043 -0.03552933 0.34000000
v -0.38220501 -0.02932793 0.33899027
v -0.38466305 -0.03343258 0.33899027
v -0.38536268 -0.03447954 0.33899099
v -0.39420903 -0.04476152 0.33899027
v -0.39829126 -0.04823676 0.33899027
v -0.40137303 -0.05048459 0.33899027
v -0.40674281 -0.05375844 0.33899027
v -0.40931255 -0.05507165 0.33899027
v -0.41598794 -0.05781374 0.33899027
v -0.42579782 -0.06015205 0.34000000
v -0.42551309 -0.06010384 0.34000000
v -0.41784886 -0.05841947 0.33899027
v -0.42448944 -0.06006354 0.33899066
v -0.43025002 -0.06072747 0.34000000
v -0.43125048 -0.06095347 0.33899018
v -0.43729106 -0.06110836 0.33899027
v -0.43583542 -0.06112570 0.33899027
v -0.44741058 -0.06001972 0.33899027
v -0.44589639 -0.06029202 0.33899027
v -0.45720920 -0.05726703 0.33899027
v -0.45568290 -0.05781374 0.33899027
v -0.46641523 -0.05292661 0.33899027
v -0.46492803 -0.05375844 0.33899027
v -0.47477344 -0.04711881 0.33899027
v -0.47337961 -0.04823676 0.33899027
v -0.48804939 -0.03178135 0.33899027
v -0.48700783 -0.03343258 0.33899027
v -0.48205209 -0.04000464 0.33899027
v -0.48080707 -0.04139931 0.33899027
v -0.49168277 -0.02449691 0.34000000
v -0.49138722 -0.02515988 0.34000000
v -0.49093196 -0.02647091 0.33899099
v -0.49290720 -0.02149033 0.34000000
v -0.49351269 -0.02024050 0.33899066
v -0.49678758 -0.00460301 0.33899027
v -0.49675235 -0.00504772 0.33899027
v -0.49541324 -0.01366876 0.33899027
v -0.49509069 -0.01500547 0.33899027
v -0.49679032 0.00456633 0.33899027
v -0.49675235 0.00504772 0.33899027
v -0.49542147 0.01363291 0.33899027
v -0.49509069 0.01500547 0.33899027
v -0.48802900 0.03181479 0.33899027
v -0.49091515 0.02650606 0.33899018
v -0.49121967 0.02552663 0.34000000
v -0.49352500 0.02020584 0.33899066
v -0.49304804 0.02111251 0.34000000
v -0.49168277 0.02449691 0.34000000
v -0.48700783 0.03343258 0.33899027
v -0.48202646 0.04003424 0.33899027
v -0.48080707 0.04139931 0.33899027
v -0.47474325 0.04714374 0.33899027
v -0.47337961 0.04823676 0.33899027
v -0.46638131 0.05294619 0.33899027
v -0.46492803 0.05375844 0.33899027
v -0.45717251 0.05728070 0.33899027
v -0.45568290 0.05781374 0.33899027
v -0.44737214 0.06002712 0.33899027
v -0.44589639 0.06029202 0.33899027
v -0.43725190 0.06110928 0.33899027
v -0.43583542 0.06112570 0.33899027
v -0.43121165 0.06095045 0.33899099
v -0.42984861 0.06068921 0.34000000
v -0.42787546 0.06046206 0.34000000
v -0.42591071 0.06017077 0.34000000
v -0.42973489 0.06056575 0.34000000
v -0.42605215 0.06008117 0.34000000
v -0.42862430 0.05984466 0.34000000
v -0.42731148 0.05967192 0.34000000
v -0.39089620 0.04015371 0.33800000
v -0.39482182 0.04415583 0.33800000
v -0.40188834 0.04979406 0.33800000
v -0.40971872 0.05431181 0.33800000
v -0.41813684 0.05760741 0.33800000
v -0.42406940 0.05910512 0.33800000
v -0.38961625 0.03861627 0.34000000
v -0.38657257 0.03464968 0.34000000
v -0.39005893 0.03512553 0.34000000
v -0.39055312 0.03631327 0.34000000
v -0.39039126 0.03758949 0.34000000
v -0.38776496 0.03416681 0.34000000
v -0.38903958 0.03434078 0.34000000
v -0.38572195 -0.03347379 0.33800000
v -0.38429070 -0.03122490 0.33800000
v -0.38296026 -0.02891491 0.33800000
v -0.38180149 -0.02668685 0.33800000
v -0.38073656 -0.02441246 0.33800000
v -0.37976730 -0.02209566 0.33800000
v -0.37889540 -0.01974050 0.33800000
v -0.37812239 -0.01735106 0.33800000
v -0.37744960 -0.01493148 0.33800000
v -0.37687820 -0.01248597 0.33800000
v -0.37640920 -0.01001879 0.33800000
v -0.37604338 -0.00753420 0.33800000
v -0.37578139 -0.00503653 0.33800000
v -0.37562370 -0.00253011 0.33800000
v -0.37557057 -0.00001930 0.33800000
v -0.37562209 0.00249154 0.33800000
v -0.37577817 0.00499806 0.33800000
v -0.37603855 0.00749590 0.33800000
v -0.37640280 0.00998072 0.33800000
v -0.37687021 0.01244821 0.33800000
v -0.37744004 0.01489408 0.33800000
v -0.37811127 0.01731408 0.33800000
v -0.37888277 0.01970402 0.33800000
v -0.37975314 0.02205974 0.33800000
v -0.38072091 0.02437716 0.33800000
v -0.38541880 0.03301541 0.33800000
v -0.38413894 0.03097299 0.33800000
v -0.38294175 0.02888103 0.33800000
v -0.38178441 0.02665224 0.33800000
v -0.38643423 -0.03556610 0.34000000
v -0.38869524 -0.03851315 0.34000000
v -0.38761398 -0.03616735 0.34000000
v -0.38842002 -0.03721792 0.34000000
v -0.40185836 -0.04977363 0.33800000
v -0.42353091 -0.05899537 0.33800000
v -0.41810217 -0.05759675 0.33800000
v -0.40968606 -0.05429608 0.33800000
v -0.39479524 -0.04413114 0.33800000
v -0.39053190 -0.03974224 0.33800000
v -0.43045935 -0.05998772 0.34000000
v -0.43028134 -0.05871366 0.34000000
v -0.42949337 -0.05769679 0.34000000
v -0.42550236 -0.05933512 0.34000000
v -0.42600405 -0.05815054 0.34000000
v -0.42702836 -0.05737226 0.34000000
v -0.42830408 -0.05720637 0.34000000
v -0.48988131 -0.02666264 0.33800000
v -0.48864937 -0.02902660 0.33800000
v -0.48731405 -0.03133377 0.33800000
v -0.48596388 -0.03345133 0.33800000
v -0.48452666 -0.03551080 0.33800000
v -0.48300490 -0.03750860 0.33800000
v -0.48140121 -0.03944126 0.33800000
v -0.47971842 -0.04130543 0.33800000
v -0.47795939 -0.04309787 0.33800000
v -0.47612721 -0.04481547 0.33800000
v -0.47422507 -0.04645524 0.33800000
v -0.47225627 -0.04801434 0.33800000
v -0.47022420 -0.04949006 0.33800000
v -0.46813244 -0.05087983 0.33800000
v -0.46598458 -0.05218125 0.33800000
v -0.46378437 -0.05339205 0.33800000
v -0.46153560 -0.05451014 0.33800000
v -0.45924222 -0.05553356 0.33800000
v -0.45690820 -0.05646054 0.33800000
v -0.45453757 -0.05728948 0.33800000
v -0.45213446 -0.05801892 0.33800000
v -0.44970307 -0.05864762 0.33800000
v -0.44724756 -0.05917446 0.33800000
v -0.44477227 -0.05959855 0.33800000
v -0.44228145 -0.05991914 0.33800000
v -0.43245158 -0.06016979 0.33800000
v -0.43486029 -0.06025698 0.33800000
v -0.43727055 -0.06024778 0.33800000
v -0.43977943 -0.06013567 0.33800000
v -0.49133718 -0.02499965 0.34000000
v -0.49275890 -0.02156803 0.34000000
v -0.49126798 -0.02367731 0.34000000
v -0.49177480 -0.02245400 0.34000000
v -0.49307919 0.01884165 0.33800000
v -0.49458233 0.01344092 0.33800000
v -0.49593189 0.00450202 0.33800000
v -0.49592918 -0.00453818 0.33800000
v -0.49457422 -0.01347627 0.33800000
v -0.49290499 -0.01936288 0.33800000
v -0.49238768 0.02071885 0.34000000
v -0.48945999 0.02454685 0.34000000
v -0.48897335 0.02335600 0.34000000
v -0.49047437 0.02533804 0.34000000
v -0.49111095 0.02056105 0.34000000
v -0.48992479 0.02105899 0.34000000
v -0.48914328 0.02208083 0.34000000
v -0.48963594 0.02715438 0.33800000
v -0.48850709 0.02928398 0.33800000
v -0.43190300 0.06013643 0.33800000
v -0.43456623 0.06025150 0.33800000
v -0.43723196 0.06024868 0.33800000
v -0.43974090 0.06013819 0.33800000
v -0.44224307 0.05992325 0.33800000
v -0.44473410 0.05960426 0.33800000
v -0.44720966 0.05918176 0.33800000
v -0.44966549 0.05865649 0.33800000
v -0.45209730 0.05802935 0.33800000
v -0.45450088 0.05730144 0.33800000
v -0.45687202 0.05647403 0.33800000
v -0.45920664 0.05554854 0.33800000
v -0.46150067 0.05452659 0.33800000
v -0.46375015 0.05340995 0.33800000
v -0.46595114 0.05220056 0.33800000
v -0.46809983 0.05090051 0.33800000
v -0.47019249 0.04951208 0.33800000
v -0.47222552 0.04803766 0.33800000
v -0.47419530 0.04647982 0.33800000
v -0.47609851 0.04484127 0.33800000
v -0.47793177 0.04312485 0.33800000
v -0.47969195 0.04133353 0.33800000
v -0.48137593 0.03947044 0.33800000
v -0.48298088 0.03753880 0.33800000
v -0.48450392 0.03554198 0.33800000
v -0.48594245 0.03348343 0.33800000
v -0.48729399 0.03136674 0.33800000
v -0.42502949 0.05836241 0.33800000
v -0.43116736 0.05917004 0.33800000
v -0.42931640 0.05796823 0.33800000
v -0.42712834 0.05768032 0.33800000
v -0.39901870 0.01689664 0.33800000
v -0.39840338 0.01410114 0.33800000
v -0.39997321 0.01771742 0.33800000
v -0.46887672 0.02343590 0.33800000
v -0.46676341 0.02536653 0.33800000
v -0.46911061 0.02219855 0.33800000
v -0.43961087 -0.04033253 0.33800000
v -0.44233951 -0.03946767 0.33800000
v -0.43842235 -0.03991644 0.33800000
v -0.49083734 0.01857985 0.33800000
v -0.43496740 -0.05930425 0.33800000
v -0.43443048 -0.05697166 0.33800000
v -0.43313912 -0.05495632 0.33800000
v -0.38491046 0.03040387 0.33800000
v -0.38719898 0.02970254 0.33800000
v -0.38959002 0.02981323 0.33800000
v -0.42442510 -0.05692299 0.33800000
v -0.43391511 0.05966854 0.33800000
v -0.43274754 0.05793065 0.33800000
v -0.43462718 0.06022267 0.33800000
v -0.43445823 0.06017385 0.33800000
v -0.43411797 0.05995420 0.33800000
v -0.48787749 0.02913187 0.33800000
v -0.48786560 0.02575429 0.33800000
v -0.48805493 0.02950655 0.33800000
v -0.47206414 0.02200821 0.33800000
v -0.47116527 0.01875669 0.33800000
v -0.47554815 0.02176373 0.33800000
v -0.47288343 0.01508154 0.33800000
v -0.47421232 0.01127991 0.33800000
v -0.39224383 0.03834313 0.33800000
v -0.48762843 0.02890038 0.33800000
v -0.48587680 0.02726912 0.33800000
v -0.48698965 0.02361077 0.33800000
v -0.48477715 0.02514309 0.33800000
v -0.48729551 0.02131547 0.33800000
v -0.47832221 0.02246937 0.33800000
v -0.47568733 0.00344274 0.33800000
v -0.47514373 0.00740656 0.33800000
v -0.43678075 -0.04237909 0.33800000
v -0.43441427 -0.03997488 0.33800000
v -0.43482703 -0.04527409 0.33800000
v -0.43037242 -0.03962527 0.33800000
v -0.42641568 -0.03887532 0.33800000
v -0.39866140 0.02037088 0.33800000
v -0.40193149 0.02122580 0.33800000
v -0.39713112 0.02351035 0.33800000
v -0.40422869 0.02451560 0.33800000
v -0.40685788 0.02757373 0.33800000
v -0.49014160 -0.02129960 0.33800000
v -0.49178174 -0.01982299 0.33800000
v -0.47583228 -0.00050500 0.33800000
v -0.48870227 0.01947615 0.33800000
v -0.48929691 -0.02333846 0.33800000
v -0.48754880 -0.02629114 0.33800000
v -0.47832221 -0.02246937 0.33800000
v -0.47554815 -0.02176373 0.33800000
v -0.47558859 -0.00443946 0.33800000
v -0.47496179 -0.00831488 0.33800000
v -0.42259556 -0.03774527 0.33800000
v -0.41889098 -0.03623412 0.33800000
v -0.43405107 -0.04802933 0.33800000
v -0.42856511 -0.05522348 0.33800000
v -0.43070585 -0.05610623 0.33800000
v -0.43678075 0.04237909 0.33800000
v -0.43583542 0.04000000 0.33800000
v -0.43961087 0.04033253 0.33800000
v -0.43977359 0.03980587 0.33800000
v -0.44233951 0.03946767 0.33800000
v -0.40973309 0.03030974 0.33800000
v -0.41286412 0.03274627 0.33800000
v -0.39513299 0.02555996 0.33800000
v -0.39164564 0.03390801 0.33800000
v -0.38981080 0.03249546 0.33800000
v -0.43480209 0.06024114 0.33800000
v -0.43583542 0.06025000 0.33800000
v -0.48847008 -0.02817121 0.33800000
v -0.48941222 -0.02554236 0.33800000
v -0.43212423 -0.05793659 0.33800000
v -0.43527910 -0.05997670 0.33800000
v -0.43504333 -0.05963568 0.33800000
v -0.39023635 -0.03638072 0.33800000
v -0.39069507 -0.03853942 0.33800000
v -0.41539967 -0.03438579 0.33800000
v -0.42626885 -0.05552209 0.33800000
v -0.38889298 -0.03462976 0.33800000
v -0.38720995 -0.03163951 0.33800000
v -0.39513299 -0.02555996 0.33800000
v -0.39713112 -0.02351035 0.33800000
v -0.41211417 -0.03220750 0.33800000
v -0.40907136 -0.02972698 0.33800000
v -0.38512114 -0.03149733 0.33800000
v -0.38692671 -0.03362768 0.33800000
v -0.38751647 0.03218230 0.33800000
v -0.38417226 0.03047014 0.33800000
v -0.38458547 0.03050381 0.33800000
v -0.41619939 0.03484881 0.33800000
v -0.39253518 0.03604594 0.33800000
v -0.43405107 0.04802933 0.33800000
v -0.43482703 0.04527409 0.33800000
v -0.41971263 0.03660688 0.33800000
v -0.42336559 0.03800664 0.33800000
v -0.47396627 -0.01208523 0.33800000
v -0.47261512 -0.01572485 0.33800000
v -0.47206414 -0.02200821 0.33800000
v -0.47091615 -0.01921839 0.33800000
v -0.46887672 -0.02343590 0.33800000
v -0.46892735 -0.02247095 0.33800000
v -0.46676341 -0.02536653 0.33800000
v -0.48859391 -0.02906496 0.33800000
v -0.48863611 -0.02889423 0.33800000
v -0.48861602 -0.02848974 0.33800000
v -0.40630391 -0.02697966 0.33800000
v -0.40382746 -0.02398971 0.33800000
v -0.39866140 -0.02037088 0.33800000
v -0.40165147 -0.02077160 0.33800000
v -0.39901870 -0.01689664 0.33800000
v -0.39982906 -0.01742298 0.33800000
v -0.39840338 -0.01410114 0.33800000
v -0.38428518 -0.03115771 0.33800000
v -0.38441196 -0.03127962 0.33800000
v -0.38477230 -0.03146446 0.33800000
v -0.42709795 0.03903421 0.33800000
v -0.43093440 0.03969867 0.33800000
v -0.43476298 0.03998568 0.33800000
v -0.43729109 0.06023241 0.33800000
v -0.43874586 0.06017966 0.33800000
v -0.44164950 0.05996882 0.33800000
v -0.44414604 0.05967408 0.33800000
v -0.44662812 0.05927546 0.33800000
v -0.44909140 0.05877364 0.33800000
v -0.45153162 0.05816951 0.33800000
v -0.45394450 0.05746411 0.33800000
v -0.45632586 0.05665867 0.33800000
v -0.45867154 0.05575459 0.33800000
v -0.46097749 0.05475345 0.33800000
v -0.46323964 0.05365698 0.33800000
v -0.46545410 0.05246710 0.33800000
v -0.46761698 0.05118589 0.33800000
v -0.46972454 0.04981556 0.33800000
v -0.47177312 0.04835851 0.33800000
v -0.47375911 0.04681727 0.33800000
v -0.47567907 0.04519453 0.33800000
v -0.47752970 0.04349311 0.33800000
v -0.47930771 0.04171597 0.33800000
v -0.48101008 0.03986621 0.33800000
v -0.48263377 0.03794704 0.33800000
v -0.48417601 0.03596181 0.33800000
v -0.48517942 0.03457214 0.33800000
v -0.48614290 0.03315448 0.33800000
v -0.48794699 0.03023983 0.33800000
v -0.48806518 0.02992101 0.33800000
v -0.48852247 -0.02922566 0.33800000
v -0.48766977 -0.03071260 0.33800000
v -0.48677513 -0.03217467 0.33800000
v -0.48486292 -0.03501955 0.33800000
v -0.48335940 -0.03703425 0.33800000
v -0.48177314 -0.03898448 0.33800000
v -0.48010692 -0.04086684 0.33800000
v -0.47836360 -0.04267806 0.33800000
v -0.47654626 -0.04441497 0.33800000
v -0.47465804 -0.04607457 0.33800000
v -0.47270226 -0.04765395 0.33800000
v -0.47068226 -0.04915038 0.33800000
v -0.46860164 -0.05056123 0.33800000
v -0.46646395 -0.05188407 0.33800000
v -0.46427292 -0.05311658 0.33800000
v -0.46203241 -0.05425662 0.33800000
v -0.45974630 -0.05530220 0.33800000
v -0.45741853 -0.05625150 0.33800000
v -0.45505321 -0.05710288 0.33800000
v -0.45265442 -0.05785485 0.33800000
v -0.45022637 -0.05850610 0.33800000
v -0.44777325 -0.05905549 0.33800000
v -0.44529936 -0.05950207 0.33800000
v -0.44280899 -0.05984507 0.33800000
v -0.44110379 -0.06001922 0.33800000
v -0.43939433 -0.06014480 0.33800000
v -0.43596810 -0.06024985 0.33800000
v -0.43563291 -0.06019279 0.33800000
v -0.38418174 -0.03101548 0.33800000
v -0.38332036 -0.02953356 0.33800000
v -0.38250148 -0.02802774 0.33800000
v -0.38099387 -0.02494927 0.33800000
v -0.38000086 -0.02263983 0.33800000
v -0.37910503 -0.02029098 0.33800000
v -0.37830797 -0.01790680 0.33800000
v -0.37761107 -0.01549145 0.33800000
v -0.37701550 -0.01304913 0.33800000
v -0.37652236 -0.01058409 0.33800000
v -0.37613249 -0.00810063 0.33800000
v -0.37584653 -0.00560306 0.33800000
v -0.37566501 -0.00309574 0.33800000
v -0.37558824 -0.00058303 0.33800000
v -0.37561637 0.00193069 0.33800000
v -0.37574932 0.00444105 0.33800000
v -0.37598690 0.00694369 0.33800000
v -0.37632865 0.00943423 0.33800000
v -0.37677398 0.01190835 0.33800000
v -0.37732217 0.01436174 0.33800000
v -0.37797219 0.01679013 0.33800000
v -0.37872297 0.01918928 0.33800000
v -0.37957317 0.02155503 0.33800000
v -0.38052130 0.02388326 0.33800000
v -0.38122308 0.02544709 0.33800000
v -0.38196906 0.02699032 0.33800000
v -0.38359118 0.03001002 0.33800000
v -0.38380820 0.03027177 0.33800000
v -0.47832221 -0.02246937 0.32900000
v -0.48754880 -0.02629114 0.32900000
v -0.46676341 -0.02536653 0.32900000
v -0.46887672 -0.02343590 0.32900000
v -0.47206414 -0.02200821 0.32900000
v -0.47554815 -0.02176373 0.32900000
v -0.46676341 0.02536653 0.32900000
v -0.46887672 0.02343590 0.32900000
v -0.47206414 0.02200821 0.32900000
v -0.47554815 0.02176373 0.32900000
v -0.47832221 0.02246937 0.32900000
v -0.48477715 0.02514309 0.32900000
v -0.48762843 0.02890038 0.32900000
v -0.48587680 0.02726912 0.32900000
v -0.43583542 0.06025000 0.32900000
v -0.44164950 0.05996882 0.32900000
v -0.43480209 0.06024114 0.32900000
v -0.45153162 0.05816951 0.32900000
v -0.46097749 0.05475345 0.32900000
v -0.46972454 0.04981556 0.32900000
v -0.47752970 0.04349311 0.32900000
v -0.48794699 0.03023983 0.32900000
v -0.48417601 0.03596181 0.32900000
v -0.43405107 0.04802933 0.32900000
v -0.43274754 0.05793065 0.32900000
v -0.44233951 0.03946767 0.32900000
v -0.43961087 0.04033253 0.32900000
v -0.43678075 0.04237909 0.32900000
v -0.43482703 0.04527409 0.32900000
v -0.39840338 0.01410114 0.32900000
v -0.39901870 0.01689664 0.32900000
v -0.39866140 0.02037088 0.32900000
v -0.39713112 0.02351035 0.32900000
v -0.39513299 0.02555996 0.32900000
v -0.38959002 0.02981323 0.32900000
v -0.38491046 0.03040387 0.32900000
v -0.38719898 0.02970254 0.32900000
v -0.38099387 -0.02494927 0.32900000
v -0.38418174 -0.03101548 0.32900000
v -0.37761107 -0.01549145 0.32900000
v -0.37584653 -0.00560306 0.32900000
v -0.37574932 0.00444105 0.32900000
v -0.37732217 0.01436174 0.32900000
v -0.38359118 0.03001002 0.32900000
v -0.38052130 0.02388326 0.32900000
v -0.39513299 -0.02555996 0.32900000
v -0.38720995 -0.03163951 0.32900000
v -0.39840338 -0.01410114 0.32900000
v -0.39901870 -0.01689664 0.32900000
v -0.39866140 -0.02037088 0.32900000
v -0.39713112 -0.02351035 0.32900000
v -0.44233951 -0.03946767 0.32900000
v -0.43961087 -0.04033253 0.32900000
v -0.43678075 -0.04237909 0.32900000
v -0.43482703 -0.04527409 0.32900000
v -0.43405107 -0.04802933 0.32900000
v -0.43313912 -0.05495632 0.32900000
v -0.43496740 -0.05930425 0.32900000
v -0.43443048 -0.05697166 0.32900000
v -0.44280899 -0.05984507 0.32900000
v -0.43596810 -0.06024985 0.32900000
v -0.48486292 -0.03501955 0.32900000
v -0.48852247 -0.02922566 0.32900000
v -0.47836360 -0.04267806 0.32900000
v -0.47068226 -0.04915038 0.32900000
v -0.46203241 -0.05425662 0.32900000
v -0.45265442 -0.05785485 0.32900000
v -0.48847008 -0.02817121 0.32900000
v -0.44538608 -0.05016443 0.32900000
v -0.44338608 -0.05762853 0.32900000
v -0.44192198 -0.05616442 0.32900000
v -0.43563291 -0.06019279 0.32900000
v -0.43527910 -0.05997670 0.32900000
v -0.44338608 -0.05070033 0.32900000
v -0.48196787 -0.03535332 0.32900000
v -0.48143199 -0.03735332 0.32900000
v -0.44738609 -0.05762853 0.32900000
v -0.44538608 -0.05816443 0.32900000
v -0.47450379 -0.03735332 0.32900000
v -0.47396788 -0.03535332 0.32900000
v -0.45828408 -0.03310724 0.32900000
v -0.47596788 -0.03188922 0.32900000
v -0.47796789 -0.03135332 0.32900000
v -0.44192198 -0.05216443 0.32900000
v -0.44138607 -0.05416443 0.32900000
v -0.48861602 -0.02848974 0.32900000
v -0.47996786 -0.03188922 0.32900000
v -0.44738609 -0.05070033 0.32900000
v -0.45495525 -0.03513450 0.32900000
v -0.47450379 -0.03335332 0.32900000
v -0.46411431 -0.02829046 0.32900000
v -0.46119162 -0.03093645 0.32900000
v -0.44938609 -0.05416443 0.32900000
v -0.45650727 -0.05297321 0.32900000
v -0.44885018 -0.05216443 0.32900000
v -0.45574179 -0.05267515 0.32900000
v -0.43504333 -0.05963568 0.32900000
v -0.45513836 -0.05205907 0.32900000
v -0.45484680 -0.05121498 0.32900000
v -0.47996786 -0.03881742 0.32900000
v -0.47796789 -0.03935332 0.32900000
v -0.47596788 -0.03881742 0.32900000
v -0.45881787 -0.05126661 0.32900000
v -0.48143199 -0.03335332 0.32900000
v -0.48863611 -0.02889423 0.32900000
v -0.45172486 -0.03670895 0.32900000
v -0.44810301 -0.03807239 0.32900000
v -0.44470412 -0.03900461 0.32900000
v -0.45835575 -0.04970023 0.32900000
v -0.45875096 -0.05042392 0.32900000
v -0.45853314 -0.05205832 0.32900000
v -0.45799342 -0.05263119 0.32900000
v -0.45726058 -0.05295469 0.32900000
v -0.45493677 -0.05037123 0.32900000
v -0.45539263 -0.04961497 0.32900000
v -0.45603940 -0.04916519 0.32900000
v -0.45679715 -0.04900035 0.32900000
v -0.45769498 -0.04919381 0.32900000
v -0.44885018 -0.05616442 0.32900000
v -0.44996172 0.03742263 0.32900000
v -0.44738609 0.05070033 0.32900000
v -0.44619423 0.03863571 0.32900000
v -0.44538608 0.05016443 0.32900000
v -0.47996786 0.03881742 0.32900000
v -0.44338608 0.05070033 0.32900000
v -0.44192198 0.05216443 0.32900000
v -0.44138607 0.05416442 0.32900000
v -0.43391511 0.05966854 0.32900000
v -0.45484680 0.05078502 0.32900000
v -0.45493677 0.05162877 0.32900000
v -0.45539263 0.05238503 0.32900000
v -0.45603940 0.05283481 0.32900000
v -0.48143199 0.03735332 0.32900000
v -0.48196787 0.03535332 0.32900000
v -0.48143199 0.03335332 0.32900000
v -0.48806518 0.02992101 0.32900000
v -0.48805493 0.02950655 0.32900000
v -0.48787749 0.02913187 0.32900000
v -0.47996786 0.03188922 0.32900000
v -0.47596788 0.03188922 0.32900000
v -0.47796789 0.03135332 0.32900000
v -0.45513836 0.04994093 0.32900000
v -0.44885018 0.05616442 0.32900000
v -0.45574179 0.04932484 0.32900000
v -0.44938609 0.05416442 0.32900000
v -0.44885018 0.05216443 0.32900000
v -0.47596788 0.03881742 0.32900000
v -0.47796789 0.03935332 0.32900000
v -0.44192198 0.05616442 0.32900000
v -0.44338608 0.05762853 0.32900000
v -0.44538608 0.05816443 0.32900000
v -0.44738609 0.05762853 0.32900000
v -0.47450379 0.03735332 0.32900000
v -0.45706692 0.03390039 0.32900000
v -0.47396788 0.03535332 0.32900000
v -0.46030036 0.03164621 0.32900000
v -0.47450379 0.03335332 0.32900000
v -0.46327478 0.02910499 0.32900000
v -0.46598604 0.02628592 0.32900000
v -0.45679715 0.05299965 0.32900000
v -0.43411797 0.05995420 0.32900000
v -0.43445823 0.06017385 0.32900000
v -0.45769498 0.05280619 0.32900000
v -0.45835575 0.05229977 0.32900000
v -0.45726058 0.04904531 0.32900000
v -0.45650727 0.04902679 0.32900000
v -0.45875096 0.05157608 0.32900000
v -0.45881787 0.05073339 0.32900000
v -0.45853314 0.04994168 0.32900000
v -0.45799342 0.04936881 0.32900000
v -0.45362374 0.03582733 0.32900000
v -0.38512114 -0.03149733 0.32900000
v -0.38615233 -0.02227521 0.32900000
v -0.38761643 -0.02081111 0.32900000
v -0.38615233 0.01534701 0.32900000
v -0.38415232 0.01481111 0.32900000
v -0.38415232 -0.01481111 0.32900000
v -0.38458547 0.03050381 0.32900000
v -0.38417226 0.03047014 0.32900000
v -0.38415232 0.02281111 0.32900000
v -0.38615233 0.02227521 0.32900000
v -0.38015234 0.01881111 0.32900000
v -0.39586109 0.00143682 0.32900000
v -0.39619654 0.00536414 0.32900000
v -0.38815233 0.01881111 0.32900000
v -0.38761643 -0.01681111 0.32900000
v -0.38815233 -0.01881111 0.32900000
v -0.38068822 -0.02081111 0.32900000
v -0.39719653 -0.01034688 0.32900000
v -0.38615233 -0.01534701 0.32900000
v -0.39636335 -0.00647759 0.32900000
v -0.39591390 -0.00250854 0.32900000
v -0.38477230 -0.03146446 0.32900000
v -0.38441196 -0.03127962 0.32900000
v -0.38415232 -0.02281111 0.32900000
v -0.38215235 -0.02227521 0.32900000
v -0.38215235 0.01534701 0.32900000
v -0.38068822 0.01681111 0.32900000
v -0.38068822 0.02081111 0.32900000
v -0.38215235 0.02227521 0.32900000
v -0.38380820 0.03027177 0.32900000
v -0.38761643 0.01681111 0.32900000
v -0.38015234 -0.01881111 0.32900000
v -0.38068822 -0.01681111 0.32900000
v -0.38215235 -0.01534701 0.32900000
v -0.39691007 0.00921069 0.32900000
v -0.39799586 0.01296823 0.32900000
v -0.38761643 0.02081111 0.32900000
v -0.47796789 -0.03935332 0.34299999
v -0.47596788 -0.03881742 0.34299999
v -0.47450379 -0.03735332 0.34299999
v -0.47396788 -0.03535332 0.34299999
v -0.47450379 -0.03335332 0.34299999
v -0.47596788 -0.03188922 0.34299999
v -0.47796789 -0.03135332 0.34299999
v -0.47996786 -0.03188922 0.34299999
v -0.48143199 -0.03335332 0.34299999
v -0.48196787 -0.03535332 0.34299999
v -0.48143199 -0.03735332 0.34299999
v -0.47996786 -0.03881742 0.34299999
v -0.44538608 -0.05816443 0.34299999
v -0.44338608 -0.05762853 0.34299999
v -0.44192198 -0.05616442 0.34299999
v -0.44138607 -0.05416443 0.34299999
v -0.44192198 -0.05216443 0.34299999
v -0.44338608 -0.05070033 0.34299999
v -0.44538608 -0.05016443 0.34299999
v -0.44738609 -0.05070033 0.34299999
v -0.44885018 -0.05216443 0.34299999
v -0.44938609 -0.05416443 0.34299999
v -0.44885018 -0.05616442 0.34299999
v -0.44738609 -0.05762853 0.34299999
v -0.44538608 0.05016443 0.34299999
v -0.44338608 0.05070033 0.34299999
v -0.44192198 0.05216443 0.34299999
v -0.44138607 0.05416442 0.34299999
v -0.44192198 0.05616442 0.34299999
v -0.44338608 0.05762853 0.34299999
v -0.44538608 0.05816443 0.34299999
v -0.44738609 0.05762853 0.34299999
v -0.44885018 0.05616442 0.34299999
v -0.44938609 0.05416442 0.34299999
v -0.44885018 0.05216443 0.34299999
v -0.44738609 0.05070033 0.34299999
v -0.47796789 0.03135332 0.34299999
v -0.47596788 0.03188922 0.34299999
v -0.47450379 0.03335332 0.34299999
v -0.47396788 0.03535332 0.34299999
v -0.47450379 0.03735332 0.34299999
v -0.47596788 0.03881742 0.34299999
v -0.47796789 0.03935332 0.34299999
v -0.47996786 0.03881742 0.34299999
v -0.48143199 0.03735332 0.34299999
v -0.48196787 0.03535332 0.34299999
v -0.48143199 0.03335332 0.34299999
v -0.47996786 0.03188922 0.34299999
v -0.38815233 0.01881111 0.34299999
v -0.38761643 0.01681111 0.34299999
v -0.38615233 0.01534701 0.34299999
v -0.38415232 0.01481111 0.34299999
v -0.38215235 0.01534701 0.34299999
v -0.38068822 0.01681111 0.34299999
v -0.38015234 0.01881111 0.34299999
v -0.38068822 0.02081111 0.34299999
v -0.38215235 0.02227521 0.34299999
v -0.38415232 0.02281111 0.34299999
v -0.38615233 0.02227521 0.34299999
v -0.38761643 0.02081111 0.34299999
v -0.38815233 -0.01881111 0.34299999
v -0.38761643 -0.02081111 0.34299999
v -0.38615233 -0.02227521 0.34299999
v -0.38415232 -0.02281111 0.34299999
v -0.38215235 -0.02227521 0.34299999
v -0.38068822 -0.02081111 0.34299999
v -0.38015234 -0.01881111 0.34299999
v -0.38068822 -0.01681111 0.34299999
v -0.38215235 -0.01534701 0.34299999
v -0.38415232 -0.01481111 0.34299999
v -0.38615233 -0.01534701 0.34299999
v -0.38761643 -0.01681111 0.34299999
v -0.46364835 0.01136707 0.37326768
v -0.46436444 0.00942799 0.37326744
v -0.46064085 0.00856897 0.37553492
v -0.46587414 -0.00067061 0.37326762
v -0.46560425 -0.00407562 0.37326741
v -0.46064085 -0.00286940 0.37620467
v -0.46494865 -0.00743003 0.37326750
v -0.46463108 -0.00857937 0.37326741
v -0.46064085 -0.00856897 0.37553492
v -0.41130310 -0.01734754 0.37326765
v -0.41103002 -0.01415143 0.37420458
v -0.41692850 -0.01488929 0.37665540
v -0.40617290 -0.00478698 0.37326756
v -0.40589345 -0.00250603 0.37326732
v -0.41103002 -0.00286940 0.37620467
v -0.40582100 -0.00138553 0.37326750
v -0.40585762 0.00203193 0.37326738
v -0.41103002 0.00286939 0.37620467
v -0.40676221 0.00758518 0.37326747
v -0.40708786 0.00873912 0.37326741
v -0.41103002 0.00856897 0.37553492
v -0.40827179 0.01195897 0.37326768
v -0.40980056 0.01499894 0.37326753
v -0.41103002 0.01415143 0.37420458
v -0.43495917 0.03003340 0.37326765
v -0.43583533 0.03004611 0.37326768
v -0.43583542 0.02763239 0.37475473
v -0.43300039 0.02991235 0.37326750
v -0.43173647 0.02976541 0.37326756
v -0.42941654 0.02744356 0.37442976
v -0.42836690 0.02910326 0.37326759
v -0.41907820 0.02493921 0.37326768
v -0.42197430 0.02665803 0.37326756
v -0.42308539 0.02687966 0.37345928
v -0.42419299 0.02769878 0.37326768
v -0.42513195 0.02807505 0.37326765
v -0.41167805 0.01786607 0.37326762
v -0.41386637 0.02049715 0.37326765
v -0.41692850 0.02055933 0.37457976
v -0.41632506 0.02285004 0.37326756
v -0.42308539 0.02129719 0.37628022
v -0.40628323 0.00542583 0.37326765
v -0.40948412 -0.01443588 0.37326750
v -0.40843850 -0.01233620 0.37326762
v -0.41103002 -0.00856897 0.37553492
v -0.40802291 -0.01136806 0.37326768
v -0.40690589 -0.00811629 0.37326741
v -0.41342717 -0.02001615 0.37326759
v -0.41692850 -0.02055933 0.37457976
v -0.41741437 -0.02373695 0.37326759
v -0.41583624 -0.02242339 0.37326759
v -0.41853148 -0.02456306 0.37326765
v -0.42308539 -0.02129720 0.37628022
v -0.42140144 -0.02635226 0.37326756
v -0.42308539 -0.02687966 0.37345928
v -0.42941654 -0.02744356 0.37442976
v -0.42452386 -0.02783554 0.37326768
v -0.42637581 -0.02851837 0.37326753
v -0.43790504 -0.02997499 0.37326753
v -0.43447065 -0.03001525 0.37326759
v -0.43583542 -0.02763239 0.37475473
v -0.43108311 -0.02966801 0.37326762
v -0.42773041 -0.02893253 0.37326753
v -0.44780526 -0.02755891 0.37326768
v -0.44225430 -0.02744356 0.37442976
v -0.44846174 -0.02726445 0.37326762
v -0.44858545 -0.02687966 0.37345928
v -0.45087239 -0.02601285 0.37326756
v -0.44462258 -0.02873274 0.37326753
v -0.44127372 -0.02954988 0.37326768
v -0.43865767 -0.02991356 0.37326750
v -0.45474234 -0.02055933 0.37457976
v -0.45872855 -0.01945982 0.37326756
v -0.45679563 -0.02152765 0.37326768
v -0.45634753 -0.02195510 0.37326765
v -0.45373255 -0.02413436 0.37326762
v -0.44858545 -0.02129720 0.37628022
v -0.46391505 -0.01069160 0.37326762
v -0.46252483 -0.01380075 0.37326750
v -0.46064085 -0.01415143 0.37420458
v -0.46076965 -0.01676465 0.37326768
v -0.45474234 -0.01488929 0.37665540
v -0.46524918 0.00613196 0.37326768
v -0.46575645 0.00274505 0.37326732
v -0.46064085 0.00286939 0.37620467
v -0.46584600 0.00146739 0.37326747
v -0.46310854 0.01260770 0.37326759
v -0.46149647 0.01562967 0.37326759
v -0.46064085 0.01415143 0.37420458
v -0.45957097 0.01842287 0.37326756
v -0.45474234 0.01488929 0.37665540
v -0.45828128 0.01997399 0.37326759
v -0.45474234 0.02055933 0.37457976
v -0.45480159 0.02330374 0.37326756
v -0.45729741 0.02102741 0.37326768
v -0.45200592 0.02532362 0.37326768
v -0.44858545 0.02129719 0.37628022
v -0.45036480 0.02629979 0.37326756
v -0.44904470 0.02698691 0.37326759
v -0.44858545 0.02687966 0.37345928
v -0.44589043 0.02831386 0.37326759
v -0.44225430 0.02744356 0.37442976
v -0.44260940 0.02927262 0.37326765
v -0.43700361 0.03002351 0.37326762
v -0.43924320 0.02985251 0.37326750
v -0.44100302 0.02959844 0.37326765
v -0.42941654 -0.02174399 0.37730986
v -0.43583542 -0.02189360 0.37765464
v -0.44225430 -0.02174399 0.37730986
v -0.42941654 0.02174399 0.37730986
v -0.43583542 0.02189360 0.37765464
v -0.44225430 0.02174399 0.37730986
v -0.42308539 -0.01542366 0.37843034
v -0.42941654 -0.01574723 0.37950510
v -0.43583542 -0.01585559 0.37986499
v -0.44225430 -0.01574723 0.37950510
v -0.44858545 -0.01542366 0.37843034
v -0.41095099 0.01683847 0.37326768
v -0.41692850 0.01488929 0.37665540
v -0.42308539 0.01542366 0.37843034
v -0.42941654 0.01574723 0.37950510
v -0.43583542 0.01585558 0.37986499
v -0.44225430 0.01574723 0.37950510
v -0.44858545 0.01542366 0.37843034
v -0.41692850 -0.00901576 0.37805513
v -0.42308539 -0.00933933 0.37988031
v -0.42941654 -0.00953526 0.38098547
v -0.43583542 -0.00960087 0.38135555
v -0.44225430 -0.00953526 0.38098547
v -0.44858545 -0.00933933 0.37988031
v -0.45474234 -0.00901576 0.37805513
v -0.41692850 -0.00301901 0.37875980
v -0.42308539 -0.00312736 0.38061026
v -0.42941654 -0.00319297 0.38173077
v -0.43583542 -0.00321494 0.38210598
v -0.44225430 -0.00319297 0.38173077
v -0.44858545 -0.00312736 0.38061026
v -0.45474234 -0.00301901 0.37875980
v -0.41692850 0.00301901 0.37875980
v -0.42308539 0.00312736 0.38061026
v -0.42941654 0.00319297 0.38173077
v -0.43583542 0.00321493 0.38210598
v -0.44225430 0.00319297 0.38173077
v -0.44858545 0.00312736 0.38061026
v -0.45474234 0.00301901 0.37875980
v -0.41692850 0.00901576 0.37805513
v -0.42308539 0.00933933 0.37988031
v -0.42941654 0.00953526 0.38098547
v -0.43583542 0.00960087 0.38135555
v -0.44225430 0.00953526 0.38098547
v -0.44858545 0.00933933 0.37988031
v -0.45474234 0.00901576 0.37805513
v -0.43296644 0.03028403 0.37304872
v -0.43701169 0.03023833 0.37304872
v -0.44104436 0.02983522 0.37304872
v -0.44575447 0.02861352 0.37304872
v -0.45047912 0.02650680 0.37304872
v -0.45474300 0.02365436 0.37304872
v -0.45845872 0.02013191 0.37304872
v -0.46152520 0.01603243 0.37304872
v -0.46386823 0.01145696 0.37304872
v -0.46539915 0.00655426 0.37304872
v -0.46608174 0.00147894 0.37304872
v -0.46589997 -0.00363540 0.37304872
v -0.46485704 -0.00864665 0.37304872
v -0.46297643 -0.01343479 0.37304872
v -0.45696127 -0.02169786 0.37304872
v -0.46032026 -0.01781840 0.37304872
v -0.45300779 -0.02494287 0.37304872
v -0.44856101 -0.02747896 0.37304872
v -0.43867972 -0.03014805 0.37304872
v -0.44371784 -0.02923976 0.37304872
v -0.43353748 -0.03019658 0.37304872
v -0.43126947 -0.02993725 0.37304872
v -0.42630163 -0.02874203 0.37304872
v -0.42157361 -0.02671546 0.37304872
v -0.41726980 -0.02392328 0.37304872
v -0.41071215 -0.01690838 0.37304872
v -0.41350117 -0.02045118 0.37304872
v -0.40822336 -0.01243303 0.37304872
v -0.40651491 -0.00757790 0.37304872
v -0.40565899 -0.00252560 0.37304872
v -0.40566415 0.00260424 0.37304872
v -0.40653357 0.00764486 0.37304872
v -0.40824097 0.01247186 0.37304872
v -0.41075492 0.01697118 0.37304872
v -0.41397440 0.02095349 0.37304872
v -0.42410108 0.02791752 0.37304872
v -0.41957083 0.02554566 0.37304872
v -0.41783106 0.02435062 0.37304872
v -0.43038130 0.02982442 0.37304872
v -0.42895752 0.02950026 0.37304872
v -0.43295032 0.03045418 0.37272650
v -0.43035066 0.02999199 0.37272650
v -0.43053916 0.03003664 0.37242997
v -0.42403516 0.02807438 0.37272650
v -0.42401722 0.02811726 0.37242997
v -0.42891890 0.02966601 0.37272650
v -0.42891061 0.02970348 0.37242997
v -0.43035257 0.03000314 0.37242997
v -0.41061398 0.01706654 0.37272650
v -0.41247109 0.01960502 0.37242997
v -0.41385159 0.02107122 0.37272650
v -0.41381657 0.02110498 0.37242997
v -0.41772991 0.02448743 0.37272650
v -0.41762209 0.02446476 0.37242997
v -0.41947943 0.02568919 0.37272650
v -0.41945481 0.02572791 0.37242997
v -0.42375499 0.02800559 0.37242997
v -0.40808594 0.01254193 0.37272650
v -0.40857965 0.01368838 0.37242997
v -0.41057509 0.01709284 0.37242997
v -0.40636894 0.00768782 0.37272650
v -0.40632334 0.00769985 0.37242997
v -0.40804228 0.01256149 0.37242997
v -0.40548944 -0.00253979 0.37272650
v -0.40533543 -0.00000000 0.37242997
v -0.40549463 0.00261887 0.37272650
v -0.40544841 0.00262288 0.37242997
v -0.40615755 0.00703378 0.37242997
v -0.40635017 -0.00762048 0.37272650
v -0.40615755 -0.00703378 0.37242997
v -0.40544170 -0.00254386 0.37242997
v -0.41057101 -0.01700338 0.37272650
v -0.40857965 -0.01368838 0.37242997
v -0.40806821 -0.01250288 0.37272650
v -0.40802464 -0.01252235 0.37242997
v -0.40630573 -0.00763198 0.37242997
v -0.41337568 -0.02056608 0.37272650
v -0.41247109 -0.01960502 0.37242997
v -0.41053230 -0.01702942 0.37242997
v -0.41716549 -0.02405769 0.37272650
v -0.41713604 -0.02409530 0.37242997
v -0.41334128 -0.02059766 0.37242997
v -0.42624807 -0.02890352 0.37272650
v -0.42375499 -0.02800559 0.37242997
v -0.42149347 -0.02686557 0.37272650
v -0.42147183 -0.02690608 0.37242997
v -0.41762209 -0.02446476 0.37242997
v -0.43869570 -0.03031744 0.37272650
v -0.43760884 -0.03044840 0.37242997
v -0.43352455 -0.03036624 0.37272650
v -0.43352106 -0.03041207 0.37242997
v -0.43124381 -0.03010546 0.37272650
v -0.43053916 -0.03003664 0.37242997
v -0.42623305 -0.02894899 0.37242997
v -0.44376212 -0.02940404 0.37272650
v -0.44377413 -0.02944872 0.37242997
v -0.43870038 -0.03036514 0.37242997
v -0.45310429 -0.02508301 0.37272650
v -0.45108542 -0.02641377 0.37242997
v -0.44863251 -0.02763335 0.37272650
v -0.44865236 -0.02767628 0.37242997
v -0.44458294 -0.02921868 0.37242997
v -0.45707998 -0.02181977 0.37272650
v -0.45676580 -0.02218490 0.37242997
v -0.45313111 -0.02512189 0.37242997
v -0.46312889 -0.01351027 0.37272650
v -0.46131781 -0.01676002 0.37242997
v -0.46045783 -0.01791851 0.37272650
v -0.46049640 -0.01794676 0.37242997
v -0.45711225 -0.02185285 0.37242997
v -0.46502009 -0.00869523 0.37272650
v -0.46449605 -0.01043161 0.37242997
v -0.46316990 -0.01353057 0.37242997
v -0.46625167 0.00148725 0.37272650
v -0.46612921 -0.00354083 0.37242997
v -0.46606889 -0.00365583 0.37272650
v -0.46611485 -0.00366145 0.37242997
v -0.46506569 -0.00870871 0.37242997
v -0.46556526 0.00659108 0.37272650
v -0.46612921 0.00354083 0.37242997
v -0.46629903 0.00148949 0.37242997
v -0.46402574 0.01152133 0.37272650
v -0.46449605 0.01043161 0.37242997
v -0.46561241 0.00660158 0.37242997
v -0.46166953 0.01612251 0.37272650
v -0.46171018 0.01614765 0.37242997
v -0.46406847 0.01153883 0.37242997
v -0.45484924 0.02378726 0.37272650
v -0.45676580 0.02218490 0.37242997
v -0.45858586 0.02024502 0.37272650
v -0.45862025 0.02027563 0.37242997
v -0.46131781 0.01676002 0.37242997
v -0.45056140 0.02665573 0.37272650
v -0.45108542 0.02641377 0.37242997
v -0.45487881 0.02382435 0.37242997
v -0.44107363 0.03000285 0.37272650
v -0.44458294 0.02921868 0.37242997
v -0.44581020 0.02877428 0.37272650
v -0.44582522 0.02881760 0.37242997
v -0.45058405 0.02669697 0.37242997
v -0.43295789 0.03036395 0.37242997
v -0.43583509 0.03050000 0.37242997
v -0.43701831 0.03040822 0.37272650
v -0.43760884 0.03044840 0.37242997
v -0.44108108 0.03004552 0.37242997
v -0.40615755 0.00703378 0.37120000
v -0.40533543 -0.00000000 0.37120000
v -0.40857965 0.01368838 0.37120000
v -0.41247109 0.01960502 0.37120000
v -0.41762209 0.02446476 0.37120000
v -0.42375499 0.02800559 0.37120000
v -0.43053916 0.03003664 0.37120000
v -0.43760884 0.03044840 0.37120000
v -0.43583542 0.03050000 0.37120000
v -0.45108542 0.02641377 0.37120000
v -0.44458294 0.02921868 0.37120000
v -0.45676580 0.02218490 0.37120000
v -0.46449605 0.01043161 0.37120000
v -0.46131781 0.01676002 0.37120000
v -0.46612921 0.00354083 0.37120000
v -0.46449605 -0.01043161 0.37120000
v -0.46612921 -0.00354083 0.37120000
v -0.45676580 -0.02218490 0.37120000
v -0.46131781 -0.01676002 0.37120000
v -0.45108542 -0.02641377 0.37120000
v -0.43760884 -0.03044840 0.37120000
v -0.44458294 -0.02921868 0.37120000
v -0.43053916 -0.03003664 0.37120000
v -0.42375499 -0.02800559 0.37120000
v -0.41247109 -0.01960502 0.37120000
v -0.41762209 -0.02446476 0.37120000
v -0.40857965 -0.01368838 0.37120000
v -0.40615755 -0.00703378 0.37120000
f 1 2 3
f 3 2 4
f 4 2 5
f 5 2 6
f 7 8 1
f 1 8 9
f 10 2 11
f 11 2 1
f 11 1 12
f 12 1 9
f 10 13 2
f 2 13 14
f 2 14 6
f 1 3 7
f 7 3 15
f 5 16 4
f 4 16 17
f 17 18 4
f 4 18 19
f 4 19 3
f 3 19 20
f 20 21 3
f 3 21 22
f 3 22 15
f 23 24 25
f 25 24 26
f 25 26 27
f 27 26 28
f 27 28 29
f 29 28 30
f 29 30 31
f 31 30 32
f 31 32 33
f 33 32 34
f 33 34 35
f 35 34 36
f 35 36 37
f 37 36 38
f 37 38 39
f 39 38 40
f 39 40 41
f 41 40 42
f 41 42 43
f 43 42 44
f 43 44 45
f 45 44 46
f 45 46 23
f 23 46 24
f 47 48 49
f 49 48 50
f 49 50 51
f 51 50 52
f 51 52 53
f 53 52 54
f 53 54 55
f 55 54 56
f 55 56 57
f 57 56 58
f 57 58 59
f 59 58 60
f 59 60 61
f 61 60 62
f 61 62 63
f 63 62 64
f 63 64 65
f 65 64 66
f 65 66 67
f 67 66 68
f 67 68 69
f 69 68 70
f 69 70 47
f 47 70 48
f 71 72 73
f 73 72 74
f 73 74 75
f 75 74 76
f 75 76 77
f 77 76 78
f 77 78 79
f 79 78 80
f 79 80 81
f 81 80 82
f 81 82 83
f 83 82 84
f 83 84 85
f 85 84 86
f 85 86 87
f 87 86 88
f 87 88 89
f 89 88 90
f 89 90 91
f 91 90 92
f 91 92 93
f 93 92 94
f 93 94 71
f 71 94 72
f 95 96 97
f 97 96 98
f 97 98 99
f 99 98 100
f 99 100 101
f 101 100 102
f 101 102 103
f 103 102 104
f 103 104 105
f 105 104 106
f 105 106 107
f 107 106 108
f 107 108 109
f 109 108 110
f 109 110 111
f 111 110 112
f 111 112 113
f 113 112 114
f 113 114 115
f 115 114 116
f 115 116 117
f 117 116 118
f 117 118 95
f 95 118 96
f 119 120 121
f 121 120 122
f 121 122 123
f 123 122 124
f 123 124 125
f 125 124 126
f 125 126 127
f 127 126 128
f 127 128 129
f 129 128 130
f 129 130 131
f 131 130 132
f 131 132 133
f 133 132 134
f 133 134 135
f 135 134 136
f 135 136 137
f 137 136 138
f 137 138 139
f 139 138 140
f 139 140 141
f 141 140 142
f 141 142 119
f 119 142 120
f 143 144 145
f 145 144 146
f 145 146 147
f 147 146 148
f 147 148 149
f 149 148 150
f 149 150 151
f 151 150 152
f 151 152 153
f 153 152 154
f 153 154 155
f 155 154 156
f 155 156 157
f 157 156 158
f 157 158 159
f 159 158 160
f 159 160 161
f 161 160 162
f 161 162 163
f 163 162 164
f 163 164 165
f 165 164 166
f 165 166 143
f 143 166 144
f 167 168 169
f 169 168 170
f 169 170 171
f 171 170 172
f 171 172 173
f 173 172 174
f 173 174 175
f 175 174 176
f 175 176 177
f 177 176 178
f 177 178 179
f 179 178 180
f 179 180 181
f 181 180 182
f 181 182 183
f 183 182 184
f 183 184 185
f 185 184 186
f 185 186 187
f 187 186 188
f 187 188 189
f 189 188 190
f 189 190 167
f 167 190 168
f 191 192 193
f 193 192 194
f 193 194 195
f 195 194 196
f 195 196 197
f 197 196 198
f 197 198 199
f 199 198 200
f 199 200 201
f 201 200 202
f 201 202 203
f 203 202 204
f 203 204 205
f 205 204 206
f 205 206 207
f 207 206 208
f 207 208 209
f 209 208 210
f 209 210 211
f 211 210 212
f 211 212 213
f 213 212 214
f 213 214 191
f 191 214 192
f 215 216 217
f 217 216 218
f 217 218 219
f 219 218 220
f 219 220 221
f 221 220 222
f 221 222 223
f 223 222 224
f 223 224 225
f 225 224 226
f 225 226 227
f 227 226 228
f 227 228 229
f 229 228 230
f 229 230 231
f 231 230 232
f 231 232 233
f 233 232 234
f 233 234 235
f 235 234 236
f 235 236 237
f 237 236 238
f 237 238 215
f 215 238 216
f 239 240 241
f 241 240 242
f 241 242 243
f 243 242 244
f 243 244 245
f 245 244 246
f 245 246 247
f 247 246 248
f 247 248 249
f 249 248 250
f 249 250 251
f 251 250 252
f 251 252 253
f 253 252 254
f 253 254 255
f 255 254 256
f 255 256 257
f 257 256 258
f 257 258 259
f 259 258 260
f 259 260 261
f 261 260 262
f 261 262 239
f 239 262 240
f 263 264 265
f 265 264 266
f 265 266 267
f 267 266 268
f 267 268 269
f 269 268 270
f 269 270 271
f 271 270 272
f 271 272 273
f 273 272 274
f 273 274 275
f 275 274 276
f 275 276 277
f 277 276 278
f 277 278 279
f 279 278 280
f 279 280 281
f 281 280 282
f 281 282 283
f 283 282 284
f 283 284 285
f 285 284 286
f 285 286 263
f 263 286 264
f 287 288 289
f 289 288 290
f 289 290 291
f 291 290 292
f 291 292 293
f 293 292 294
f 293 294 295
f 295 294 296
f 295 296 297
f 297 296 298
f 297 298 299
f 299 298 300
f 299 300 301
f 301 300 302
f 301 302 303
f 303 302 304
f 303 304 305
f 305 304 306
f 305 306 307
f 307 306 308
f 307 308 309
f 309 308 310
f 309 310 287
f 287 310 288
f 311 312 313
f 313 312 314
f 314 312 315
f 315 312 316
f 315 316 317
f 317 316 318
f 317 318 319
f 319 318 320
f 319 320 321
f 321 320 322
f 321 322 323
f 323 322 324
f 323 324 325
f 325 324 326
f 326 327 325
f 325 327 328
f 328 327 329
f 329 327 330
f 329 330 331
f 331 330 332
f 331 332 333
f 333 332 334
f 333 334 335
f 335 334 336
f 335 336 337
f 337 336 338
f 337 338 313
f 313 338 311
f 339 340 341
f 341 340 342
f 341 342 343
f 343 342 344
f 343 344 345
f 345 344 346
f 345 346 347
f 347 346 348
f 347 348 349
f 349 348 350
f 349 350 351
f 351 350 352
f 351 352 353
f 353 352 354
f 353 354 355
f 355 354 356
f 355 356 357
f 357 356 358
f 357 358 359
f 359 358 360
f 359 360 361
f 361 360 362
f 361 362 339
f 339 362 340
f 363 364 365
f 365 364 366
f 365 366 367
f 367 366 368
f 367 368 369
f 369 368 370
f 369 370 371
f 371 370 372
f 371 372 373
f 373 372 374
f 373 374 375
f 375 374 376
f 375 376 377
f 377 376 378
f 377 378 379
f 379 378 380
f 379 380 381
f 381 380 382
f 381 382 383
f 383 382 384
f 383 384 385
f 385 384 386
f 385 386 363
f 363 386 364
f 387 388 389
f 389 388 390
f 389 390 391
f 391 390 392
f 391 392 393
f 393 392 394
f 393 394 395
f 395 394 396
f 395 396 397
f 397 396 398
f 397 398 399
f 399 398 400
f 399 400 401
f 401 400 402
f 401 402 403
f 403 402 404
f 403 404 405
f 405 404 406
f 405 406 407
f 407 406 408
f 407 408 409
f 409 408 410
f 409 410 387
f 387 410 388
f 411 412 413
f 413 412 414
f 413 414 415
f 415 414 416
f 415 416 417
f 417 416 418
f 417 418 419
f 419 418 420
f 419 420 421
f 421 420 422
f 421 422 423
f 423 422 424
f 423 424 425
f 425 424 426
f 425 426 427
f 427 426 428
f 427 428 429
f 429 428 430
f 429 430 431
f 431 430 432
f 431 432 433
f 433 432 434
f 433 434 411
f 411 434 412
f 418 435 436
f 122 120 437
f 438 439 440
f 38 36 441
f 442 24 443
f 443 24 46
f 443 46 44
f 42 40 444
f 444 40 38
f 36 34 441
f 441 34 32
f 441 32 445
f 445 32 30
f 445 30 28
f 446 445 447
f 447 445 28
f 447 28 442
f 442 28 26
f 442 26 24
f 116 440 118
f 118 440 448
f 114 112 449
f 449 112 110
f 449 110 108
f 108 106 450
f 104 102 451
f 102 100 451
f 451 100 98
f 451 98 448
f 448 98 96
f 448 96 118
f 438 440 452
f 453 454 455
f 455 454 456
f 457 458 459
f 459 458 455
f 459 455 460
f 460 455 456
f 461 462 463
f 120 142 464
f 140 138 465
f 138 136 465
f 465 136 134
f 465 134 461
f 134 132 461
f 461 132 130
f 461 130 466
f 130 128 466
f 466 128 126
f 466 126 437
f 437 126 124
f 437 124 122
f 62 60 435
f 435 60 436
f 436 60 58
f 436 58 56
f 48 467 50
f 50 467 468
f 50 468 52
f 52 468 54
f 48 70 467
f 467 70 68
f 467 68 469
f 62 435 64
f 64 435 470
f 64 470 66
f 471 154 152
f 154 471 156
f 156 471 472
f 156 472 158
f 150 148 473
f 473 148 146
f 473 146 474
f 474 146 144
f 158 472 160
f 160 472 475
f 160 475 162
f 144 166 474
f 474 166 164
f 474 164 476
f 338 477 311
f 311 477 478
f 334 332 479
f 334 479 336
f 320 318 480
f 480 318 316
f 480 316 478
f 478 316 312
f 478 312 311
f 332 330 479
f 479 330 327
f 479 327 481
f 481 327 326
f 481 326 482
f 482 326 324
f 482 324 322
f 348 346 483
f 360 358 484
f 484 358 356
f 484 356 354
f 346 344 483
f 483 344 342
f 483 342 485
f 485 342 340
f 485 340 362
f 348 483 350
f 350 483 486
f 350 486 352
f 352 486 464
f 352 464 487
f 384 382 488
f 370 368 489
f 489 368 366
f 489 366 490
f 490 366 364
f 490 364 491
f 491 364 386
f 382 380 488
f 488 380 378
f 488 378 492
f 492 378 376
f 492 376 493
f 493 376 374
f 493 374 372
f 398 396 494
f 494 396 394
f 494 394 444
f 394 392 444
f 444 392 390
f 444 390 495
f 495 390 388
f 495 388 410
f 408 406 496
f 496 406 404
f 496 404 402
f 398 494 400
f 400 494 497
f 400 497 498
f 432 430 499
f 430 428 499
f 499 428 426
f 499 426 500
f 500 426 424
f 500 424 501
f 501 424 422
f 418 416 435
f 435 416 414
f 435 414 470
f 470 414 412
f 470 412 502
f 502 412 434
f 38 441 444
f 444 441 503
f 444 503 494
f 494 503 504
f 494 504 497
f 505 506 479
f 479 506 477
f 479 477 336
f 336 477 338
f 120 464 437
f 437 464 486
f 437 486 507
f 507 486 483
f 507 483 508
f 44 42 443
f 443 42 444
f 443 444 509
f 509 444 495
f 509 495 468
f 468 495 436
f 468 436 54
f 54 436 56
f 410 408 495
f 495 408 496
f 495 496 436
f 436 496 510
f 436 510 418
f 418 510 501
f 418 501 420
f 420 501 422
f 142 140 464
f 464 140 465
f 464 465 487
f 487 465 511
f 487 511 473
f 473 511 471
f 473 471 150
f 150 471 152
f 362 360 485
f 485 360 484
f 485 484 512
f 512 484 513
f 512 513 489
f 489 513 493
f 489 493 370
f 370 493 372
f 68 66 469
f 469 66 470
f 469 470 514
f 514 470 502
f 514 502 515
f 504 505 497
f 497 505 479
f 497 479 498
f 498 479 481
f 498 481 516
f 516 481 482
f 516 482 517
f 517 482 518
f 517 518 519
f 519 518 520
f 519 520 521
f 521 520 522
f 286 523 264
f 264 523 521
f 264 521 266
f 284 282 524
f 524 282 280
f 280 278 524
f 524 278 276
f 524 276 522
f 522 276 274
f 274 272 522
f 522 272 270
f 522 270 521
f 521 270 268
f 521 268 266
f 234 232 525
f 526 216 527
f 527 216 238
f 527 238 236
f 224 222 526
f 232 230 525
f 525 230 228
f 525 228 491
f 491 228 226
f 222 220 526
f 526 220 218
f 526 218 216
f 226 224 491
f 491 224 526
f 491 526 490
f 490 526 528
f 490 528 489
f 489 528 529
f 489 529 512
f 512 529 480
f 512 480 485
f 485 480 478
f 485 478 483
f 483 478 477
f 483 477 508
f 508 477 506
f 94 92 530
f 90 88 531
f 502 532 515
f 515 532 80
f 515 80 78
f 78 76 515
f 515 76 74
f 515 74 530
f 530 74 72
f 530 72 94
f 88 86 531
f 531 86 84
f 531 84 532
f 532 84 82
f 532 82 80
f 533 190 188
f 534 186 184
f 176 174 535
f 535 174 536
f 535 536 537
f 537 536 538
f 537 538 475
f 475 538 476
f 475 476 162
f 162 476 164
f 174 172 536
f 536 172 170
f 536 170 533
f 533 170 168
f 533 168 190
f 184 182 534
f 534 182 180
f 534 180 535
f 535 180 178
f 535 178 176
f 92 90 530
f 530 90 531
f 530 531 451
f 451 531 450
f 451 450 104
f 104 450 106
f 434 432 502
f 502 432 499
f 502 499 532
f 532 499 539
f 532 539 531
f 531 539 540
f 531 540 450
f 450 540 541
f 402 400 496
f 496 400 498
f 496 498 510
f 510 498 516
f 510 516 501
f 501 516 517
f 501 517 500
f 500 517 519
f 500 519 499
f 499 519 521
f 499 521 539
f 539 521 523
f 539 523 540
f 540 523 542
f 540 542 541
f 541 542 543
f 543 308 544
f 544 308 306
f 545 298 296
f 294 292 542
f 306 304 544
f 544 304 302
f 544 302 545
f 545 302 300
f 545 300 298
f 296 294 545
f 545 294 542
f 545 542 524
f 524 542 523
f 524 523 284
f 284 523 286
f 292 290 542
f 542 290 288
f 542 288 543
f 543 288 310
f 543 310 308
f 322 320 482
f 482 320 480
f 482 480 518
f 518 480 529
f 518 529 520
f 520 529 528
f 520 528 522
f 522 528 526
f 522 526 524
f 524 526 527
f 524 527 545
f 545 527 546
f 545 546 544
f 544 546 547
f 250 248 548
f 246 244 546
f 262 547 240
f 240 547 546
f 240 546 242
f 242 546 244
f 262 260 547
f 547 260 258
f 547 258 549
f 236 234 527
f 527 234 525
f 527 525 546
f 546 525 548
f 546 548 246
f 246 548 248
f 258 256 549
f 549 256 254
f 549 254 548
f 548 254 252
f 548 252 250
f 386 384 491
f 491 384 488
f 491 488 525
f 525 488 550
f 525 550 548
f 548 550 551
f 548 551 549
f 549 551 552
f 461 463 465
f 465 463 553
f 465 553 511
f 511 553 554
f 511 554 471
f 471 554 555
f 471 555 472
f 472 555 556
f 472 556 475
f 475 556 557
f 475 557 537
f 537 557 558
f 537 558 535
f 535 558 559
f 535 559 534
f 534 559 560
f 534 560 453
f 453 560 561
f 453 561 454
f 108 450 449
f 449 450 541
f 449 541 562
f 562 541 543
f 562 543 563
f 563 543 544
f 563 544 564
f 564 544 547
f 564 547 565
f 565 547 549
f 565 549 566
f 566 549 552
f 566 552 567
f 214 212 458
f 458 212 455
f 455 212 210
f 455 210 208
f 208 206 455
f 455 206 204
f 455 204 453
f 453 204 202
f 453 202 200
f 198 196 568
f 568 196 194
f 568 194 458
f 458 194 192
f 458 192 214
f 200 198 453
f 453 198 568
f 453 568 534
f 534 568 533
f 534 533 186
f 186 533 188
f 116 114 440
f 440 114 449
f 440 449 452
f 452 449 562
f 452 562 569
f 569 562 563
f 569 563 570
f 570 563 564
f 570 564 571
f 571 564 565
f 571 565 572
f 572 565 566
f 572 566 573
f 573 566 567
f 573 567 574
f 354 352 484
f 484 352 487
f 484 487 513
f 513 487 473
f 513 473 493
f 493 473 474
f 493 474 492
f 492 474 476
f 492 476 488
f 488 476 538
f 488 538 550
f 550 538 536
f 550 536 551
f 551 536 533
f 551 533 552
f 552 533 568
f 552 568 567
f 567 568 458
f 567 458 574
f 574 458 457
f 575 466 576
f 576 466 437
f 576 437 577
f 577 437 507
f 577 507 578
f 578 507 508
f 578 508 579
f 579 508 506
f 579 506 580
f 580 506 505
f 580 505 581
f 581 505 504
f 581 504 582
f 582 504 503
f 582 503 583
f 583 503 441
f 583 441 584
f 584 441 445
f 584 445 585
f 442 586 587
f 442 587 447
f 447 587 588
f 447 588 446
f 446 588 585
f 446 585 445
f 448 589 451
f 451 589 590
f 451 590 530
f 590 591 530
f 530 591 592
f 530 592 515
f 515 592 593
f 586 442 594
f 594 442 443
f 594 443 595
f 595 443 509
f 595 509 596
f 596 509 468
f 596 468 597
f 597 468 467
f 597 467 598
f 598 467 469
f 598 469 593
f 593 469 514
f 593 514 515
f 438 599 600
f 438 600 439
f 439 600 601
f 439 601 440
f 440 601 589
f 440 589 448
f 457 459 602
f 602 603 457
f 457 603 604
f 457 604 574
f 574 604 573
f 573 604 605
f 573 605 572
f 572 605 606
f 572 606 571
f 571 606 607
f 571 607 570
f 570 607 608
f 570 608 569
f 569 608 609
f 569 609 452
f 452 609 610
f 452 610 438
f 438 610 611
f 438 611 599
f 454 612 613
f 454 613 456
f 456 613 614
f 456 614 460
f 460 614 602
f 460 602 459
f 612 454 615
f 615 454 561
f 615 561 616
f 616 561 560
f 616 560 617
f 617 560 559
f 617 559 618
f 618 559 558
f 618 558 619
f 619 558 557
f 619 557 620
f 620 557 556
f 620 556 621
f 621 556 555
f 621 555 622
f 622 555 554
f 622 554 623
f 623 554 553
f 623 553 624
f 624 553 463
f 466 575 625
f 466 625 461
f 461 625 626
f 461 626 462
f 462 626 624
f 462 624 463
f 627 628 629
f 81 83 630
f 631 632 633
f 19 18 627
f 225 227 628
f 17 16 634
f 15 22 635
f 624 626 625
f 105 107 636
f 604 603 637
f 637 603 602
f 637 602 638
f 638 602 614
f 636 601 600
f 101 103 639
f 107 109 636
f 636 109 111
f 636 111 601
f 589 95 590
f 590 95 97
f 590 97 99
f 111 113 601
f 601 113 115
f 601 115 589
f 589 115 117
f 589 117 95
f 101 639 99
f 588 587 586
f 35 37 640
f 640 37 39
f 640 39 41
f 41 43 594
f 594 43 45
f 594 45 586
f 585 588 25
f 25 588 586
f 25 586 23
f 23 586 45
f 25 27 585
f 585 27 29
f 585 29 584
f 584 29 31
f 584 31 33
f 133 135 641
f 133 641 131
f 137 139 642
f 642 139 141
f 119 121 576
f 576 121 123
f 576 123 575
f 123 125 575
f 575 125 127
f 575 127 625
f 625 127 129
f 624 625 623
f 429 431 635
f 635 431 433
f 635 433 643
f 643 433 411
f 643 411 644
f 644 411 413
f 644 413 415
f 645 417 646
f 646 417 419
f 419 421 646
f 646 421 423
f 646 423 647
f 647 423 425
f 647 425 648
f 648 425 427
f 648 427 429
f 407 409 649
f 649 409 387
f 649 387 650
f 395 397 651
f 399 401 652
f 652 401 403
f 652 403 405
f 387 389 650
f 650 389 391
f 650 391 651
f 651 391 393
f 651 393 395
f 397 399 651
f 651 399 653
f 651 653 654
f 655 365 367
f 369 371 656
f 656 371 373
f 656 373 657
f 657 373 375
f 657 375 634
f 634 375 377
f 634 377 379
f 363 629 385
f 385 629 628
f 385 628 383
f 383 628 381
f 329 658 328
f 328 658 659
f 329 331 658
f 658 331 333
f 658 333 660
f 660 333 335
f 660 335 337
f 314 315 661
f 315 317 661
f 661 317 319
f 661 319 662
f 319 321 662
f 662 321 323
f 662 323 659
f 659 323 325
f 659 325 328
f 663 145 147
f 145 663 143
f 143 663 664
f 143 664 165
f 147 149 663
f 663 149 665
f 663 665 666
f 149 151 665
f 665 151 153
f 665 153 667
f 667 153 155
f 161 668 159
f 159 668 667
f 159 667 157
f 157 667 155
f 165 664 163
f 163 664 669
f 163 669 161
f 69 47 597
f 597 47 596
f 47 49 596
f 596 49 51
f 596 51 53
f 59 670 57
f 57 670 671
f 57 671 55
f 65 672 63
f 63 672 670
f 63 670 61
f 61 670 59
f 69 597 67
f 67 597 598
f 67 598 65
f 15 673 674
f 675 5 676
f 676 5 6
f 676 6 677
f 677 6 14
f 677 14 678
f 678 14 13
f 678 13 679
f 679 13 10
f 679 10 680
f 680 10 11
f 680 11 681
f 681 11 12
f 681 12 682
f 682 12 9
f 682 9 683
f 683 9 8
f 683 8 674
f 674 8 7
f 674 7 15
f 379 381 634
f 634 381 628
f 634 628 17
f 17 628 227
f 227 229 17
f 17 229 231
f 17 231 18
f 18 231 233
f 18 233 235
f 235 237 18
f 18 237 215
f 18 215 627
f 627 215 217
f 217 219 627
f 627 219 221
f 627 221 628
f 628 221 223
f 628 223 225
f 267 269 684
f 275 277 19
f 277 279 19
f 19 279 281
f 19 281 20
f 20 281 283
f 283 285 20
f 20 285 263
f 20 263 685
f 685 263 265
f 269 271 684
f 684 271 273
f 684 273 275
f 429 635 648
f 648 635 22
f 648 22 21
f 600 599 636
f 636 599 611
f 636 611 686
f 686 611 610
f 686 610 687
f 103 105 639
f 639 105 636
f 639 636 688
f 688 636 686
f 688 686 689
f 689 686 687
f 689 687 690
f 201 203 638
f 638 203 205
f 213 191 637
f 205 207 638
f 638 207 209
f 638 209 637
f 637 209 211
f 637 211 213
f 605 604 691
f 691 604 637
f 691 637 631
f 631 637 191
f 199 201 632
f 632 201 638
f 632 638 612
f 612 638 614
f 612 614 613
f 191 193 631
f 631 193 195
f 631 195 632
f 632 195 197
f 632 197 199
f 690 692 689
f 689 692 693
f 689 693 688
f 688 693 694
f 688 694 639
f 639 694 630
f 301 303 695
f 301 695 299
f 303 305 695
f 695 305 690
f 695 690 696
f 696 690 687
f 696 687 609
f 609 687 610
f 305 307 690
f 690 307 309
f 690 309 692
f 692 309 287
f 692 287 289
f 289 291 692
f 692 291 293
f 692 293 697
f 697 293 295
f 697 295 297
f 297 299 697
f 697 299 695
f 697 695 698
f 255 257 699
f 699 257 259
f 699 259 261
f 251 253 700
f 239 241 698
f 253 255 700
f 700 255 699
f 700 699 701
f 701 699 702
f 701 702 607
f 607 702 608
f 241 243 698
f 698 243 245
f 698 245 703
f 703 245 247
f 703 247 249
f 609 608 696
f 696 608 702
f 696 702 695
f 695 702 699
f 695 699 698
f 698 699 261
f 698 261 239
f 249 251 703
f 703 251 700
f 703 700 704
f 607 606 701
f 701 606 705
f 701 705 700
f 700 705 706
f 700 706 704
f 704 706 707
f 77 79 674
f 83 85 630
f 630 85 87
f 630 87 89
f 99 639 590
f 590 639 630
f 590 630 591
f 591 630 89
f 591 89 91
f 91 93 591
f 591 93 71
f 591 71 592
f 592 71 73
f 592 73 75
f 169 171 676
f 187 189 707
f 633 181 183
f 187 707 185
f 169 676 167
f 173 175 708
f 708 175 177
f 708 177 633
f 633 177 179
f 633 179 181
f 183 185 633
f 633 185 707
f 633 707 631
f 631 707 706
f 631 706 691
f 691 706 705
f 691 705 605
f 605 705 606
f 189 167 707
f 707 167 676
f 707 676 704
f 704 676 677
f 704 677 703
f 703 677 678
f 703 678 698
f 698 678 679
f 698 679 697
f 697 679 680
f 697 680 692
f 692 680 681
f 692 681 693
f 693 681 682
f 693 682 694
f 694 682 683
f 694 683 630
f 630 683 674
f 630 674 81
f 81 674 79
f 65 598 672
f 672 598 593
f 672 593 673
f 673 593 592
f 673 592 674
f 674 592 75
f 674 75 77
f 275 19 684
f 684 19 627
f 684 627 709
f 709 627 629
f 709 629 655
f 655 629 363
f 655 363 365
f 161 669 668
f 668 669 675
f 668 675 710
f 710 675 676
f 710 676 708
f 708 676 171
f 708 171 173
f 711 712 713
f 663 656 664
f 664 656 657
f 664 657 669
f 669 657 634
f 669 634 675
f 675 634 16
f 675 16 5
f 662 712 661
f 661 712 711
f 661 711 714
f 415 417 644
f 644 417 645
f 644 645 715
f 715 645 652
f 715 652 649
f 649 652 405
f 649 405 407
f 399 652 653
f 653 652 645
f 653 645 716
f 716 645 646
f 716 646 717
f 717 646 647
f 717 647 718
f 718 647 648
f 718 648 685
f 685 648 21
f 685 21 20
f 313 314 719
f 719 314 661
f 719 661 720
f 720 661 714
f 720 714 721
f 367 369 655
f 655 369 656
f 655 656 722
f 722 656 663
f 722 663 723
f 723 663 666
f 723 666 641
f 41 594 640
f 640 594 595
f 640 595 724
f 724 595 596
f 724 596 671
f 671 596 53
f 671 53 55
f 15 635 673
f 673 635 643
f 673 643 672
f 672 643 644
f 672 644 670
f 670 644 715
f 670 715 671
f 671 715 649
f 671 649 724
f 724 649 650
f 724 650 640
f 685 713 718
f 718 713 712
f 718 712 717
f 717 712 662
f 717 662 716
f 716 662 659
f 716 659 653
f 653 659 658
f 653 658 654
f 349 351 721
f 721 351 353
f 361 339 720
f 720 339 725
f 720 725 719
f 719 725 660
f 719 660 313
f 313 660 337
f 339 341 725
f 725 341 343
f 725 343 726
f 726 343 345
f 726 345 347
f 353 355 721
f 721 355 357
f 721 357 720
f 720 357 359
f 720 359 361
f 347 349 726
f 726 349 721
f 726 721 642
f 265 267 685
f 685 267 684
f 685 684 713
f 713 684 709
f 713 709 711
f 711 709 655
f 711 655 714
f 714 655 722
f 714 722 721
f 721 722 723
f 721 723 642
f 642 723 641
f 642 641 137
f 137 641 135
f 129 131 625
f 625 131 641
f 625 641 623
f 623 641 666
f 623 666 622
f 622 666 665
f 622 665 621
f 621 665 667
f 621 667 620
f 620 667 668
f 620 668 619
f 619 668 710
f 619 710 618
f 618 710 708
f 618 708 617
f 617 708 633
f 617 633 616
f 616 633 632
f 616 632 615
f 615 632 612
f 141 119 642
f 642 119 576
f 642 576 726
f 726 576 577
f 726 577 725
f 725 577 578
f 725 578 660
f 660 578 579
f 660 579 658
f 658 579 580
f 658 580 654
f 654 580 581
f 654 581 651
f 651 581 582
f 651 582 650
f 650 582 583
f 650 583 640
f 640 583 584
f 640 584 35
f 35 584 33
f 727 728 729
f 729 728 730
f 731 732 733
f 733 732 734
f 735 736 737
f 737 736 738
f 739 740 741
f 741 740 742
f 743 744 745
f 745 744 746
f 747 748 749
f 749 748 750
f 751 752 753
f 753 752 754
f 755 756 757
f 757 756 758
f 759 760 761
f 761 760 762
f 763 764 765
f 765 764 766
f 767 768 769
f 769 768 770
f 771 772 773
f 773 772 774
f 775 776 777
f 777 776 778
f 779 780 781
f 781 780 782
f 783 784 785
f 785 784 786
f 757 758 727
f 727 758 728
f 729 730 787
f 787 730 788
f 787 788 789
f 789 788 790
f 789 790 731
f 731 790 732
f 733 734 735
f 735 734 736
f 737 738 791
f 791 738 792
f 791 792 793
f 793 792 794
f 793 794 739
f 739 794 740
f 741 742 743
f 743 742 744
f 745 746 795
f 795 746 796
f 795 796 797
f 797 796 798
f 797 798 747
f 747 798 748
f 749 750 751
f 751 750 752
f 753 754 799
f 799 754 800
f 799 800 801
f 801 800 802
f 801 802 755
f 755 802 756
f 783 785 803
f 803 785 804
f 803 804 805
f 805 804 806
f 805 806 807
f 807 806 808
f 807 808 809
f 809 808 810
f 809 810 811
f 811 810 812
f 811 812 813
f 813 812 814
f 813 814 815
f 815 814 816
f 815 816 817
f 817 816 818
f 817 818 819
f 819 818 820
f 819 820 780
f 780 820 782
f 759 761 821
f 821 761 822
f 821 822 823
f 823 822 824
f 823 824 825
f 825 824 826
f 825 826 827
f 827 826 828
f 827 828 829
f 829 828 830
f 829 830 831
f 831 830 832
f 831 832 833
f 833 832 834
f 833 834 835
f 835 834 836
f 835 836 837
f 837 836 838
f 837 838 839
f 839 838 840
f 762 760 841
f 841 760 842
f 843 841 844
f 844 841 842
f 763 765 844
f 844 765 843
f 767 769 845
f 845 769 846
f 845 846 847
f 847 846 848
f 847 848 849
f 849 848 850
f 849 850 851
f 851 850 852
f 851 852 853
f 853 852 854
f 853 854 855
f 855 854 856
f 855 856 857
f 857 856 858
f 857 858 859
f 859 858 860
f 859 860 861
f 861 860 862
f 861 862 764
f 764 862 766
f 770 768 863
f 863 768 864
f 865 863 866
f 866 863 864
f 771 773 866
f 866 773 865
f 778 776 867
f 867 776 868
f 867 868 869
f 869 868 870
f 869 870 871
f 871 870 872
f 871 872 873
f 873 872 874
f 873 874 875
f 875 874 876
f 875 876 877
f 877 876 878
f 877 878 879
f 879 878 880
f 879 880 881
f 881 880 882
f 881 882 883
f 883 882 884
f 883 884 772
f 772 884 774
f 775 777 885
f 885 777 886
f 887 885 888
f 888 885 886
f 779 781 888
f 888 781 887
f 889 839 890
f 890 839 840
f 789 731 733
f 797 747 891
f 891 747 749
f 891 749 892
f 801 755 757
f 793 739 741
f 749 751 892
f 892 751 753
f 892 753 799
f 785 786 804
f 804 786 892
f 773 774 865
f 865 774 884
f 865 884 882
f 885 787 872
f 743 745 841
f 841 745 795
f 735 863 733
f 733 863 865
f 733 865 789
f 789 865 882
f 789 882 880
f 776 775 868
f 868 775 885
f 868 885 870
f 870 885 872
f 891 890 840
f 816 814 801
f 801 814 812
f 801 812 799
f 812 810 799
f 799 810 808
f 799 808 892
f 892 808 806
f 892 806 804
f 880 878 789
f 789 878 876
f 789 876 787
f 787 876 874
f 787 874 872
f 765 766 843
f 843 766 862
f 843 862 860
f 834 797 836
f 836 797 891
f 836 891 838
f 838 891 840
f 761 762 822
f 822 762 841
f 781 782 887
f 887 782 820
f 887 820 818
f 743 841 741
f 741 841 843
f 741 843 793
f 793 843 860
f 793 860 858
f 735 737 863
f 863 737 791
f 863 791 850
f 729 787 727
f 727 787 885
f 727 885 757
f 757 885 887
f 757 887 801
f 801 887 818
f 801 818 816
f 769 770 846
f 846 770 863
f 846 863 848
f 848 863 850
f 834 832 797
f 797 832 830
f 797 830 795
f 830 828 795
f 795 828 826
f 795 826 841
f 841 826 824
f 841 824 822
f 858 856 793
f 793 856 854
f 793 854 791
f 791 854 852
f 791 852 850
f 786 784 892
f 892 784 893
f 758 756 802
f 800 754 752
f 792 738 736
f 780 779 819
f 819 779 888
f 796 746 744
f 802 888 758
f 758 888 886
f 758 886 728
f 728 886 788
f 728 788 730
f 768 767 864
f 864 767 845
f 864 845 847
f 844 794 857
f 784 783 893
f 893 783 803
f 893 803 805
f 750 894 752
f 752 894 893
f 752 893 800
f 800 893 805
f 800 805 807
f 807 809 800
f 800 809 811
f 800 811 802
f 734 866 736
f 736 866 864
f 736 864 792
f 792 864 847
f 792 847 849
f 764 763 861
f 861 763 844
f 861 844 859
f 859 844 857
f 811 813 802
f 802 813 815
f 802 815 888
f 888 815 817
f 888 817 819
f 849 851 792
f 792 851 853
f 792 853 794
f 794 853 855
f 794 855 857
f 886 777 778
f 750 748 894
f 894 748 798
f 894 798 833
f 734 732 866
f 866 732 790
f 866 790 879
f 839 889 837
f 837 889 894
f 837 894 835
f 835 894 833
f 871 788 869
f 869 788 886
f 869 886 867
f 867 886 778
f 772 771 883
f 883 771 866
f 883 866 881
f 881 866 879
f 760 759 842
f 842 759 821
f 842 821 823
f 740 794 742
f 742 794 844
f 742 844 744
f 744 844 842
f 744 842 796
f 796 842 823
f 796 823 825
f 825 827 796
f 796 827 829
f 796 829 798
f 798 829 831
f 798 831 833
f 871 873 788
f 788 873 875
f 788 875 790
f 790 875 877
f 790 877 879
f 889 890 894
f 894 890 891
f 891 892 894
f 894 892 893
f 895 896 897
f 897 896 898
f 897 898 899
f 899 898 900
f 899 900 901
f 901 900 902
f 901 902 903
f 903 902 904
f 903 904 905
f 905 904 906
f 905 906 907
f 907 906 908
f 907 908 909
f 909 908 910
f 909 910 911
f 911 910 912
f 911 912 913
f 913 912 914
f 913 914 915
f 915 914 916
f 915 916 917
f 917 916 918
f 917 918 895
f 895 918 896
f 919 917 920
f 920 917 895
f 920 895 921
f 921 895 897
f 921 897 922
f 922 897 899
f 922 899 923
f 923 899 901
f 923 901 924
f 924 901 903
f 924 903 925
f 925 903 905
f 925 905 926
f 926 905 907
f 926 907 927
f 927 907 909
f 927 909 928
f 928 909 911
f 928 911 929
f 929 911 913
f 929 913 930
f 930 913 915
f 930 915 919
f 919 915 917
f 931 932 933
f 933 932 934
f 933 934 935
f 935 934 936
f 935 936 937
f 937 936 938
f 937 938 939
f 939 938 940
f 939 940 941
f 941 940 942
f 941 942 943
f 943 942 944
f 943 944 945
f 945 944 946
f 945 946 947
f 947 946 948
f 947 948 949
f 949 948 950
f 949 950 951
f 951 950 952
f 951 952 953
f 953 952 954
f 953 954 931
f 931 954 932
f 955 953 956
f 956 953 931
f 956 931 957
f 957 931 933
f 957 933 958
f 958 933 935
f 958 935 959
f 959 935 937
f 959 937 960
f 960 937 939
f 960 939 961
f 961 939 941
f 961 941 962
f 962 941 943
f 962 943 963
f 963 943 945
f 963 945 964
f 964 945 947
f 964 947 965
f 965 947 949
f 965 949 966
f 966 949 951
f 966 951 955
f 955 951 953
f 967 968 969
f 969 968 970
f 969 970 971
f 971 970 972
f 971 972 973
f 973 972 974
f 973 974 975
f 975 974 976
f 975 976 977
f 977 976 978
f 977 978 979
f 979 978 980
f 979 980 981
f 981 980 982
f 981 982 983
f 983 982 984
f 983 984 985
f 985 984 986
f 985 986 987
f 987 986 988
f 987 988 989
f 989 988 990
f 989 990 967
f 967 990 968
f 991 989 992
f 992 989 967
f 992 967 993
f 993 967 969
f 993 969 994
f 994 969 971
f 994 971 995
f 995 971 973
f 995 973 996
f 996 973 975
f 996 975 997
f 997 975 977
f 997 977 998
f 998 977 979
f 998 979 999
f 999 979 981
f 999 981 1000
f 1000 981 983
f 1000 983 1001
f 1001 983 985
f 1001 985 1002
f 1002 985 987
f 1002 987 991
f 991 987 989
f 1003 1004 1005
f 1005 1004 1006
f 1005 1006 1007
f 1007 1006 1008
f 1007 1008 1009
f 1009 1008 1010
f 1009 1010 1011
f 1011 1010 1012
f 1011 1012 1013
f 1013 1012 1014
f 1013 1014 1015
f 1015 1014 1016
f 1015 1016 1017
f 1017 1016 1018
f 1017 1018 1019
f 1019 1018 1020
f 1019 1020 1021
f 1021 1020 1022
f 1021 1022 1023
f 1023 1022 1024
f 1023 1024 1025
f 1025 1024 1026
f 1025 1026 1003
f 1003 1026 1004
f 1027 1025 1028
f 1028 1025 1003
f 1028 1003 1029
f 1029 1003 1005
f 1029 1005 1030
f 1030 1005 1007
f 1030 1007 1031
f 1031 1007 1009
f 1031 1009 1032
f 1032 1009 1011
f 1032 1011 1033
f 1033 1011 1013
f 1033 1013 1034
f 1034 1013 1015
f 1034 1015 1035
f 1035 1015 1017
f 1035 1017 1036
f 1036 1017 1019
f 1036 1019 1037
f 1037 1019 1021
f 1037 1021 1038
f 1038 1021 1023
f 1038 1023 1027
f 1027 1023 1025
f 1039 1040 1041
f 1039 1041 1042
f 1042 1041 1043
f 1042 1043 1044
f 1044 1043 1045
f 1044 1045 1046
f 1047 1048 1049
f 1047 1049 1050
f 1050 1049 1051
f 1050 1051 1052
f 1052 1051 1053
f 1052 1053 1054
f 1055 1056 1057
f 1055 1057 1058
f 1058 1057 1059
f 1058 1059 1060
f 1060 1059 1061
f 1060 1061 1062
f 1063 1064 1065
f 1063 1065 1066
f 1066 1065 1067
f 1066 1067 1068
f 1068 1067 1069
f 1068 1069 1070
f 1071 1072 1073
f 1073 1072 1074
f 1073 1074 1075
f 1075 1074 1076
f 1075 1076 1077
f 1077 1076 1078
f 1077 1078 1079
f 1079 1078 1080
f 1079 1080 1081
f 1081 1080 1082
f 1081 1082 1083
f 1083 1082 1084
f 1085 1086 1087
f 1085 1087 1088
f 1088 1087 1089
f 1088 1089 1090
f 1090 1089 1091
f 1090 1091 1092
f 1092 1091 1093
f 1092 1093 1094
f 1094 1093 1095
f 1094 1095 1096
f 1096 1095 1097
f 1096 1097 1098
f 1072 1097 1074
f 1074 1097 1095
f 1074 1095 1076
f 1076 1095 1093
f 1076 1093 1078
f 1078 1093 1091
f 1078 1091 1080
f 1080 1091 1089
f 1080 1089 1082
f 1082 1089 1087
f 1082 1087 1084
f 1084 1087 1086
f 1083 1085 1081
f 1081 1085 1088
f 1081 1088 1079
f 1079 1088 1090
f 1079 1090 1077
f 1077 1090 1092
f 1077 1092 1075
f 1075 1092 1094
f 1075 1094 1073
f 1073 1094 1096
f 1073 1096 1071
f 1071 1096 1098
f 1072 1071 1055
f 1063 1066 1068
f 1068 1070 1063
f 1063 1070 1072
f 1063 1072 1062
f 1062 1072 1055
f 1062 1055 1060
f 1060 1055 1058
f 1098 1097 1069
f 1061 1059 1057
f 1067 1065 1069
f 1069 1065 1064
f 1069 1064 1098
f 1098 1064 1061
f 1098 1061 1056
f 1056 1061 1057
f 1055 1071 1056
f 1056 1071 1098
f 1063 1062 1064
f 1064 1062 1061
f 1069 1097 1070
f 1070 1097 1072
f 1099 1100 1101
f 1101 1100 1102
f 1101 1102 1103
f 1103 1102 1104
f 1103 1104 1105
f 1105 1104 1106
f 1105 1106 1107
f 1107 1106 1108
f 1107 1108 1109
f 1109 1108 1110
f 1109 1110 1111
f 1111 1110 1112
f 1113 1114 1115
f 1113 1115 1116
f 1116 1115 1117
f 1116 1117 1118
f 1118 1117 1119
f 1118 1119 1120
f 1120 1119 1121
f 1120 1121 1122
f 1122 1121 1123
f 1122 1123 1124
f 1124 1123 1125
f 1124 1125 1126
f 1100 1125 1102
f 1102 1125 1123
f 1102 1123 1104
f 1104 1123 1121
f 1104 1121 1106
f 1106 1121 1119
f 1106 1119 1108
f 1108 1119 1117
f 1108 1117 1110
f 1110 1117 1115
f 1110 1115 1112
f 1112 1115 1114
f 1111 1113 1109
f 1109 1113 1116
f 1109 1116 1107
f 1107 1116 1118
f 1107 1118 1105
f 1105 1118 1120
f 1105 1120 1103
f 1103 1120 1122
f 1103 1122 1101
f 1101 1122 1124
f 1101 1124 1099
f 1099 1124 1126
f 1100 1099 1039
f 1047 1050 1052
f 1052 1054 1047
f 1047 1054 1100
f 1047 1100 1046
f 1046 1100 1039
f 1046 1039 1044
f 1044 1039 1042
f 1126 1125 1053
f 1045 1043 1041
f 1051 1049 1053
f 1053 1049 1048
f 1053 1048 1126
f 1126 1048 1045
f 1126 1045 1040
f 1040 1045 1041
f 1039 1099 1040
f 1040 1099 1126
f 1047 1046 1048
f 1048 1046 1045
f 1053 1125 1054
f 1054 1125 1100
f 1083 1026 1024
f 986 984 1014
f 942 940 900
f 900 940 938
f 900 938 936
f 1014 984 1016
f 1024 1022 1083
f 1083 1022 1020
f 1083 1020 1112
f 1112 1020 1018
f 1112 1018 1016
f 900 898 942
f 942 898 896
f 942 896 944
f 944 896 918
f 944 918 946
f 904 902 1111
f 932 954 1084
f 1084 954 952
f 1008 1006 1084
f 1016 984 1112
f 1112 984 982
f 1112 982 980
f 1112 910 908
f 1112 908 1111
f 1111 908 906
f 1111 906 904
f 1084 1006 1083
f 1083 1006 1004
f 1083 1004 1026
f 1012 990 1014
f 1014 990 988
f 1014 988 986
f 1012 1010 990
f 990 1010 1008
f 990 1008 968
f 968 1008 1084
f 968 1084 970
f 970 1084 952
f 970 952 950
f 946 918 948
f 948 918 916
f 948 916 914
f 902 900 1111
f 1111 900 936
f 1111 936 1084
f 1084 936 934
f 1084 934 932
f 980 978 1112
f 1112 978 976
f 1112 976 910
f 910 976 974
f 910 974 912
f 912 974 972
f 912 972 914
f 914 972 970
f 914 970 948
f 948 970 950
f 1114 997 998
f 926 1114 925
f 925 1114 1113
f 925 1113 924
f 1031 1032 1114
f 1114 1032 1033
f 1114 1033 1034
f 1034 1035 1114
f 1114 1035 1036
f 1114 1036 1085
f 1085 1036 1037
f 1085 1037 1038
f 961 962 929
f 929 962 928
f 929 930 961
f 961 930 919
f 961 919 920
f 998 999 1114
f 1114 999 1000
f 1114 1000 1031
f 926 927 1114
f 1114 927 928
f 1114 928 963
f 963 928 962
f 1000 1001 1031
f 1031 1001 1002
f 1031 1002 1030
f 993 1086 992
f 992 1086 1030
f 992 1030 991
f 991 1030 1002
f 1086 955 956
f 956 957 1086
f 1086 957 958
f 1086 958 1113
f 958 959 1113
f 1113 959 960
f 1113 960 961
f 1038 1027 1085
f 1085 1027 1028
f 1085 1028 1086
f 1086 1028 1029
f 1086 1029 1030
f 993 994 963
f 963 994 995
f 963 995 1114
f 1114 995 996
f 1114 996 997
f 963 964 993
f 993 964 965
f 993 965 1086
f 1086 965 966
f 1086 966 955
f 920 921 961
f 961 921 922
f 961 922 1113
f 1113 922 923
f 1113 923 924
f 1112 1114 1083
f 1083 1114 1085
f 1086 1113 1084
f 1084 1113 1111
f 1127 1128 1129
f 1129 1128 1130
f 1129 1130 1131
f 1131 1130 1132
f 1131 1132 1133
f 1133 1132 1134
f 1133 1134 1135
f 1135 1134 1136
f 1135 1136 1137
f 1137 1136 1138
f 1137 1138 1139
f 1139 1138 1140
f 1139 1140 1141
f 1141 1140 1142
f 1141 1142 1143
f 1143 1142 1144
f 1143 1144 1145
f 1145 1144 1146
f 1145 1146 1147
f 1147 1146 1148
f 1147 1148 1149
f 1149 1148 1150
f 1149 1150 1127
f 1127 1150 1128
f 1151 1152 1153
f 1153 1152 1154
f 1153 1154 1155
f 1155 1154 1156
f 1155 1156 1157
f 1157 1156 1158
f 1157 1158 1159
f 1159 1158 1160
f 1159 1160 1161
f 1161 1160 1162
f 1161 1162 1163
f 1163 1162 1164
f 1163 1164 1165
f 1165 1164 1166
f 1165 1166 1167
f 1167 1166 1168
f 1167 1168 1169
f 1169 1168 1170
f 1169 1170 1171
f 1171 1170 1172
f 1171 1172 1173
f 1173 1172 1174
f 1173 1174 1151
f 1151 1174 1152
f 1173 1151 1175
f 1153 1155 1176
f 1176 1155 1157
f 1176 1157 1177
f 1177 1157 1159
f 1178 1179 1180
f 1180 1179 1177
f 1129 1131 1180
f 1180 1131 1133
f 1180 1133 1181
f 1181 1133 1135
f 1181 1135 1137
f 1182 1183 1184
f 1184 1183 1181
f 1147 1185 1145
f 1145 1185 1184
f 1186 1187 1176
f 1176 1187 1175
f 1176 1175 1153
f 1153 1175 1151
f 1137 1139 1181
f 1181 1139 1141
f 1181 1141 1184
f 1184 1141 1143
f 1184 1143 1145
f 1173 1175 1171
f 1171 1175 1188
f 1171 1188 1169
f 1147 1149 1185
f 1185 1149 1127
f 1185 1127 1167
f 1167 1127 1129
f 1167 1129 1165
f 1165 1129 1180
f 1165 1180 1163
f 1163 1180 1177
f 1163 1177 1161
f 1161 1177 1159
f 1189 1190 1188
f 1188 1190 1185
f 1188 1185 1169
f 1169 1185 1167
f 1166 1164 1191
f 1138 1136 1192
f 1192 1136 1134
f 1192 1134 1193
f 1193 1134 1132
f 1193 1132 1130
f 1194 1195 1196
f 1196 1195 1193
f 1144 1197 1146
f 1146 1197 1196
f 1162 1160 1198
f 1198 1160 1158
f 1198 1158 1199
f 1199 1158 1156
f 1130 1128 1193
f 1193 1128 1150
f 1193 1150 1196
f 1196 1150 1148
f 1196 1148 1146
f 1166 1191 1168
f 1168 1191 1200
f 1168 1200 1170
f 1201 1202 1198
f 1198 1202 1191
f 1198 1191 1162
f 1162 1191 1164
f 1203 1204 1192
f 1192 1204 1199
f 1144 1142 1197
f 1197 1142 1140
f 1197 1140 1172
f 1172 1140 1138
f 1172 1138 1174
f 1174 1138 1192
f 1174 1192 1152
f 1152 1192 1199
f 1152 1199 1154
f 1154 1199 1156
f 1205 1206 1200
f 1200 1206 1197
f 1200 1197 1170
f 1170 1197 1172
f 1200 1191 1181
f 1181 1191 1180
f 1198 1177 1179
f 1198 1179 1201
f 1201 1179 1178
f 1201 1178 1202
f 1202 1178 1180
f 1202 1180 1191
f 1198 1199 1177
f 1177 1199 1176
f 1192 1175 1187
f 1192 1187 1203
f 1203 1187 1186
f 1203 1186 1204
f 1204 1186 1176
f 1204 1176 1199
f 1192 1193 1175
f 1175 1193 1188
f 1196 1185 1190
f 1196 1190 1194
f 1194 1190 1189
f 1194 1189 1195
f 1195 1189 1188
f 1195 1188 1193
f 1196 1197 1185
f 1185 1197 1184
f 1200 1181 1183
f 1200 1183 1205
f 1205 1183 1182
f 1205 1182 1206
f 1206 1182 1184
f 1206 1184 1197
f 1207 1208 1209
f 1209 1208 1210
f 1208 1207 1211
f 1211 1207 1212
f 1211 1212 1213
f 1213 1212 1214
f 1213 1214 1215
f 1215 1214 1216
f 1215 1216 1217
f 1217 1216 1218
f 1219 1220 1221
f 1221 1220 1222
f 1221 1222 1218
f 1218 1222 1217
f 1220 1219 1223
f 1223 1219 1224
f 1223 1224 1225
f 1225 1224 1226
f 1225 1226 1227
f 1227 1226 1228
f 1229 1230 1228
f 1228 1230 1227
f 1230 1229 1231
f 1231 1229 1232
f 1231 1232 1233
f 1233 1232 1234
f 1233 1234 1235
f 1235 1234 1236
f 1237 1238 1239
f 1239 1238 1240
f 1239 1240 1236
f 1236 1240 1235
f 1238 1237 1241
f 1241 1237 1242
f 1241 1242 1243
f 1243 1242 1244
f 1243 1244 1210
f 1210 1244 1209
f 1245 1246 1247
f 1247 1246 1248
f 1247 1248 1249
f 1249 1248 1250
f 1249 1250 1251
f 1251 1250 1252
f 1251 1252 1253
f 1253 1252 1254
f 1253 1254 1255
f 1255 1254 1256
f 1255 1256 1257
f 1257 1256 1258
f 1257 1258 1259
f 1259 1258 1260
f 1259 1260 1261
f 1261 1260 1262
f 1261 1262 1263
f 1263 1262 1264
f 1263 1264 1265
f 1265 1264 1266
f 1265 1266 1267
f 1267 1266 1268
f 1267 1268 1245
f 1245 1268 1246
f 1269 1270 1271
f 1271 1270 1272
f 1271 1272 1273
f 1273 1272 1274
f 1273 1274 1275
f 1275 1274 1276
f 1275 1276 1277
f 1277 1276 1278
f 1277 1278 1279
f 1279 1278 1280
f 1279 1280 1281
f 1281 1280 1282
f 1281 1282 1283
f 1283 1282 1284
f 1283 1284 1285
f 1285 1284 1286
f 1285 1286 1287
f 1287 1286 1288
f 1287 1288 1289
f 1289 1288 1290
f 1289 1290 1291
f 1291 1290 1292
f 1291 1292 1269
f 1269 1292 1270
f 1293 1127 1294
f 1294 1127 1129
f 1294 1129 1295
f 1295 1129 1131
f 1295 1131 1296
f 1296 1131 1133
f 1296 1133 1297
f 1297 1133 1135
f 1297 1135 1298
f 1298 1135 1137
f 1298 1137 1299
f 1299 1137 1139
f 1299 1139 1300
f 1300 1139 1141
f 1300 1141 1301
f 1301 1141 1143
f 1301 1143 1302
f 1302 1143 1145
f 1302 1145 1303
f 1303 1145 1147
f 1303 1147 1304
f 1304 1147 1149
f 1304 1149 1293
f 1293 1149 1127
f 1305 1151 1306
f 1306 1151 1153
f 1306 1153 1307
f 1307 1153 1155
f 1307 1155 1308
f 1308 1155 1157
f 1308 1157 1309
f 1309 1157 1159
f 1309 1159 1310
f 1310 1159 1161
f 1310 1161 1311
f 1311 1161 1163
f 1311 1163 1312
f 1312 1163 1165
f 1312 1165 1313
f 1313 1165 1167
f 1313 1167 1314
f 1314 1167 1169
f 1314 1169 1315
f 1315 1169 1171
f 1315 1171 1316
f 1316 1171 1173
f 1316 1173 1305
f 1305 1173 1151
f 1317 1318 1319
f 1319 1318 1320
f 1319 1320 1321
f 1321 1320 1322
f 1321 1322 1323
f 1323 1322 1324
f 1323 1324 1325
f 1325 1324 1326
f 1318 1317 1327
f 1327 1317 1328
f 1327 1328 1329
f 1329 1328 1330
f 1329 1330 1331
f 1331 1330 1332
f 1333 1334 1335
f 1335 1334 1336
f 1335 1336 1332
f 1332 1336 1331
f 1334 1333 1337
f 1337 1333 1338
f 1337 1338 1339
f 1339 1338 1340
f 1339 1340 1341
f 1341 1340 1342
f 1343 1344 1345
f 1345 1344 1346
f 1345 1346 1347
f 1347 1346 1348
f 1347 1348 1349
f 1349 1348 1350
f 1349 1350 1342
f 1342 1350 1341
f 1344 1343 1351
f 1351 1343 1352
f 1351 1352 1353
f 1353 1352 1354
f 1353 1354 1355
f 1355 1354 1356
f 1357 1358 1359
f 1359 1358 1360
f 1359 1360 1356
f 1356 1360 1355
f 1358 1357 1361
f 1361 1357 1362
f 1361 1362 1363
f 1363 1362 1364
f 1363 1364 1326
f 1326 1364 1325
f 1365 1366 1367
f 1367 1366 1368
f 1367 1368 1369
f 1369 1368 1370
f 1369 1370 1371
f 1371 1370 1372
f 1371 1372 1373
f 1373 1372 1374
f 1366 1365 1375
f 1375 1365 1376
f 1375 1376 1377
f 1377 1376 1378
f 1377 1378 1379
f 1379 1378 1380
f 1381 1382 1380
f 1380 1382 1379
f 1382 1381 1383
f 1383 1381 1384
f 1383 1384 1385
f 1385 1384 1386
f 1385 1386 1387
f 1387 1386 1388
f 1389 1390 1391
f 1391 1390 1392
f 1391 1392 1393
f 1393 1392 1394
f 1393 1394 1395
f 1395 1394 1396
f 1395 1396 1388
f 1388 1396 1387
f 1390 1389 1397
f 1397 1389 1398
f 1397 1398 1399
f 1399 1398 1400
f 1399 1400 1401
f 1401 1400 1402
f 1403 1404 1402
f 1402 1404 1401
f 1404 1403 1405
f 1405 1403 1406
f 1405 1406 1407
f 1407 1406 1408
f 1407 1408 1374
f 1374 1408 1373
f 1409 1410 1411
f 1411 1410 1412
f 1411 1412 1413
f 1413 1412 1414
f 1413 1414 1415
f 1415 1414 1416
f 1415 1416 1417
f 1417 1416 1418
f 1417 1418 1419
f 1419 1418 1420
f 1419 1420 1421
f 1421 1420 1422
f 1421 1422 1423
f 1423 1422 1424
f 1423 1424 1425
f 1425 1424 1426
f 1425 1426 1427
f 1427 1426 1428
f 1427 1428 1429
f 1429 1428 1430
f 1429 1430 1431
f 1431 1430 1432
f 1431 1432 1409
f 1409 1432 1410
f 1433 1434 1435
f 1435 1434 1436
f 1435 1436 1437
f 1437 1436 1438
f 1437 1438 1439
f 1439 1438 1440
f 1439 1440 1441
f 1441 1440 1442
f 1441 1442 1443
f 1443 1442 1444
f 1443 1444 1445
f 1445 1444 1446
f 1445 1446 1447
f 1447 1446 1448
f 1447 1448 1449
f 1449 1448 1450
f 1449 1450 1451
f 1451 1450 1452
f 1451 1452 1453
f 1453 1452 1454
f 1453 1454 1455
f 1455 1454 1456
f 1455 1456 1433
f 1433 1456 1434
f 919 1457 1458
f 1458 1457 1459
f 1458 1459 1460
f 1460 1459 1461
f 1460 1461 922
f 922 1461 1462
f 922 1462 1463
f 1463 1462 1464
f 1463 1464 924
f 924 1464 1465
f 924 1465 925
f 925 1465 1466
f 925 1466 926
f 926 1466 1467
f 926 1467 1468
f 1468 1467 1469
f 1468 1469 1470
f 1470 1469 1471
f 1470 1471 1472
f 1472 1471 1473
f 1472 1473 1474
f 1474 1473 1475
f 1474 1475 919
f 919 1475 1457
f 991 1476 1477
f 1477 1476 1478
f 1477 1478 993
f 993 1478 1479
f 993 1479 994
f 994 1479 1480
f 994 1480 995
f 995 1480 1481
f 995 1481 996
f 996 1481 1482
f 996 1482 997
f 997 1482 1483
f 997 1483 998
f 998 1483 1484
f 998 1484 999
f 999 1484 1485
f 999 1485 1486
f 1486 1485 1487
f 1486 1487 1001
f 1001 1487 1488
f 1001 1488 1489
f 1489 1488 1490
f 1489 1490 991
f 991 1490 1476
f 1326 1324 1491
f 1492 1493 1494
f 1415 1417 1495
f 1496 1425 1497
f 1497 1425 1427
f 1497 1427 1498
f 1498 1427 1429
f 1498 1429 1499
f 1417 1419 1495
f 1495 1419 1421
f 1495 1421 1496
f 1496 1421 1423
f 1496 1423 1425
f 1429 1431 1499
f 1499 1431 1409
f 1499 1409 1500
f 1500 1409 1411
f 1500 1411 1413
f 1501 1502 1503
f 1494 1493 1504
f 1504 1493 1505
f 1504 1505 1506
f 1458 1460 1507
f 1460 922 1507
f 1507 922 1508
f 1507 1508 1509
f 922 1463 1508
f 1508 1463 924
f 1508 924 1510
f 1474 919 1511
f 1468 1512 926
f 926 1512 1510
f 926 1510 925
f 925 1510 924
f 1468 1470 1513
f 1474 1511 1472
f 1514 993 994
f 1001 1489 1515
f 1515 1489 991
f 1515 991 1514
f 1514 991 1477
f 1514 1477 993
f 1001 1515 1486
f 1486 1515 1516
f 1486 1516 999
f 999 1516 1517
f 999 1517 998
f 998 1517 1518
f 998 1518 997
f 997 1518 1519
f 997 1519 996
f 996 1519 1520
f 996 1520 995
f 1521 1211 1213
f 1241 1243 1522
f 1522 1243 1210
f 1522 1210 1521
f 1521 1210 1208
f 1521 1208 1211
f 1523 1235 1524
f 1524 1235 1240
f 1524 1240 1522
f 1522 1240 1238
f 1522 1238 1241
f 1525 1223 1526
f 1526 1223 1225
f 1227 1230 1527
f 1527 1230 1231
f 1527 1231 1523
f 1523 1231 1233
f 1523 1233 1235
f 1213 1215 1521
f 1521 1215 1217
f 1521 1217 1528
f 1528 1217 1222
f 1528 1222 1525
f 1525 1222 1220
f 1525 1220 1223
f 1355 1360 1529
f 1529 1360 1358
f 1529 1358 1530
f 1530 1358 1361
f 1530 1361 1363
f 1531 1353 1355
f 1346 1344 1531
f 1531 1344 1351
f 1531 1351 1353
f 1532 1336 1496
f 1496 1336 1334
f 1334 1337 1496
f 1496 1337 1339
f 1496 1339 1495
f 1495 1339 1341
f 1532 1533 1302
f 1302 1533 1301
f 1302 1303 1532
f 1532 1303 1304
f 1532 1304 1336
f 1336 1304 1293
f 1336 1293 1294
f 1297 1331 1296
f 1296 1331 1336
f 1296 1336 1295
f 1295 1336 1294
f 1318 1327 1533
f 1533 1327 1329
f 1533 1329 1331
f 1297 1298 1331
f 1331 1298 1299
f 1331 1299 1533
f 1533 1299 1300
f 1533 1300 1301
f 1225 1227 1526
f 1526 1227 1527
f 1526 1527 1320
f 1320 1527 1322
f 1390 1397 1534
f 1390 1534 1392
f 1511 1405 1407
f 1407 1374 1511
f 1511 1374 1513
f 1511 1513 1472
f 1472 1513 1470
f 1397 1399 1534
f 1534 1399 1401
f 1534 1401 1511
f 1511 1401 1404
f 1511 1404 1405
f 1515 1377 1379
f 1515 1379 1535
f 1535 1379 1382
f 1535 1382 1383
f 1385 1387 1521
f 1374 1372 1513
f 1513 1372 1370
f 1513 1370 1536
f 1536 1370 1368
f 1536 1368 1514
f 1514 1368 1366
f 1514 1366 1515
f 1515 1366 1375
f 1515 1375 1377
f 1451 1453 1501
f 1447 1449 1537
f 1537 1449 1451
f 1445 1447 1531
f 1531 1447 1537
f 1531 1537 1346
f 1346 1537 1538
f 1346 1538 1348
f 1348 1538 1495
f 1348 1495 1350
f 1350 1495 1341
f 1501 1453 1502
f 1502 1453 1455
f 1502 1455 1433
f 1433 1435 1502
f 1502 1435 1493
f 1502 1493 1503
f 1503 1493 1492
f 1435 1437 1493
f 1493 1437 1439
f 1493 1439 1505
f 1505 1439 1441
f 1505 1441 1531
f 1531 1441 1443
f 1531 1443 1445
f 1468 1513 1512
f 1512 1513 1536
f 1512 1536 1539
f 1539 1536 1514
f 1539 1514 1520
f 1520 1514 994
f 1520 994 995
f 1291 1269 1524
f 1277 1279 1540
f 1540 1279 1522
f 1522 1279 1281
f 1522 1281 1283
f 1269 1271 1541
f 1541 1271 1273
f 1541 1273 1540
f 1540 1273 1275
f 1540 1275 1277
f 1283 1285 1522
f 1522 1285 1287
f 1522 1287 1524
f 1524 1287 1289
f 1524 1289 1291
f 1245 1247 1542
f 1269 1541 1524
f 1524 1541 1255
f 1524 1255 1257
f 1247 1249 1542
f 1542 1249 1251
f 1542 1251 1541
f 1541 1251 1253
f 1541 1253 1255
f 1523 1265 1267
f 1257 1259 1524
f 1524 1259 1261
f 1524 1261 1523
f 1523 1261 1263
f 1523 1263 1265
f 1383 1385 1535
f 1535 1385 1521
f 1535 1521 1543
f 1543 1521 1528
f 1543 1528 1544
f 1544 1528 1525
f 1544 1525 1533
f 1533 1525 1526
f 1533 1526 1318
f 1318 1526 1320
f 1267 1245 1523
f 1523 1245 1542
f 1523 1542 1527
f 1527 1542 1491
f 1527 1491 1322
f 1322 1491 1324
f 1387 1396 1521
f 1521 1396 1394
f 1521 1394 1522
f 1522 1394 1392
f 1522 1392 1540
f 1540 1392 1534
f 1540 1534 1541
f 1541 1534 1545
f 1541 1545 1542
f 1542 1545 1546
f 1542 1546 1491
f 1491 1546 1530
f 1491 1530 1326
f 1326 1530 1363
f 919 1458 1511
f 1511 1458 1507
f 1511 1507 1534
f 1534 1507 1547
f 1534 1547 1545
f 1545 1547 1548
f 1545 1548 1546
f 1546 1548 1549
f 1546 1549 1530
f 1530 1549 1550
f 1530 1550 1529
f 1529 1550 1551
f 1310 1311 1550
f 1550 1311 1312
f 1306 1552 1305
f 1305 1552 1551
f 1305 1551 1316
f 1312 1313 1550
f 1550 1313 1314
f 1550 1314 1551
f 1551 1314 1315
f 1551 1315 1316
f 1509 1553 1507
f 1507 1553 1554
f 1507 1554 1547
f 1547 1554 1555
f 1547 1555 1548
f 1548 1555 1556
f 1548 1556 1549
f 1549 1556 1557
f 1549 1557 1550
f 1550 1557 1558
f 1550 1558 1310
f 1306 1307 1552
f 1552 1307 1308
f 1552 1308 1558
f 1558 1308 1309
f 1558 1309 1310
f 1355 1529 1531
f 1531 1529 1551
f 1531 1551 1505
f 1505 1551 1552
f 1505 1552 1506
f 1451 1501 1537
f 1537 1501 1559
f 1537 1559 1538
f 1538 1559 1500
f 1538 1500 1495
f 1495 1500 1413
f 1495 1413 1415
f 1503 1560 1501
f 1501 1560 1561
f 1501 1561 1559
f 1559 1561 1562
f 1559 1562 1500
f 1500 1562 1563
f 1500 1563 1499
f 1519 1564 1520
f 1520 1564 1565
f 1520 1565 1539
f 1539 1565 1566
f 1539 1566 1512
f 1512 1566 1567
f 1512 1567 1510
f 1510 1567 1568
f 1569 1553 1509
f 1569 1509 1570
f 1570 1509 1508
f 1570 1508 1571
f 1571 1508 1510
f 1571 1510 1568
f 1553 1569 1554
f 1554 1569 1572
f 1554 1572 1555
f 1555 1572 1573
f 1555 1573 1556
f 1556 1573 1574
f 1556 1574 1557
f 1557 1574 1575
f 1557 1575 1558
f 1558 1575 1576
f 1558 1576 1552
f 1552 1576 1577
f 1552 1577 1506
f 1506 1577 1578
f 1506 1578 1504
f 1504 1578 1579
f 1580 1503 1492
f 1580 1492 1581
f 1581 1492 1494
f 1581 1494 1582
f 1582 1494 1504
f 1582 1504 1579
f 1503 1580 1560
f 1560 1580 1583
f 1560 1583 1561
f 1561 1583 1584
f 1561 1584 1562
f 1562 1584 1585
f 1562 1585 1563
f 1563 1585 1586
f 1587 1497 1498
f 1587 1498 1588
f 1588 1498 1499
f 1588 1499 1589
f 1589 1499 1563
f 1589 1563 1586
f 1497 1587 1496
f 1496 1587 1590
f 1496 1590 1532
f 1532 1590 1591
f 1532 1591 1533
f 1533 1591 1592
f 1533 1592 1544
f 1544 1592 1593
f 1544 1593 1543
f 1543 1593 1594
f 1543 1594 1535
f 1535 1594 1595
f 1535 1595 1515
f 1515 1595 1596
f 1515 1596 1516
f 1516 1596 1597
f 1564 1519 1518
f 1564 1518 1598
f 1598 1518 1517
f 1598 1517 1599
f 1599 1517 1516
f 1599 1516 1597
f 1446 1444 1600
f 1389 1391 1601
f 1321 1323 1602
f 1461 1459 1603
f 1471 1469 1567
f 1473 1604 1475
f 1475 1604 1603
f 1475 1603 1457
f 1457 1603 1459
f 1465 1571 1466
f 1466 1571 1568
f 1567 1469 1568
f 1568 1469 1467
f 1568 1467 1466
f 1461 1605 1462
f 1462 1605 1571
f 1462 1571 1464
f 1464 1571 1465
f 1579 1606 1607
f 1608 1580 1609
f 1609 1580 1581
f 1609 1581 1607
f 1607 1581 1582
f 1607 1582 1579
f 1589 1432 1588
f 1588 1432 1430
f 1588 1430 1587
f 1587 1430 1428
f 1587 1428 1590
f 1418 1610 1420
f 1420 1610 1422
f 1428 1426 1590
f 1590 1426 1424
f 1590 1424 1422
f 1416 1414 1611
f 1611 1414 1412
f 1611 1412 1589
f 1589 1412 1410
f 1589 1410 1432
f 1482 1565 1483
f 1483 1565 1564
f 1483 1564 1484
f 1484 1564 1598
f 1484 1598 1485
f 1485 1598 1599
f 1485 1599 1487
f 1487 1599 1597
f 1487 1597 1488
f 1488 1597 1596
f 1488 1596 1490
f 1490 1596 1476
f 1481 1480 1612
f 1612 1480 1479
f 1612 1479 1478
f 1613 1218 1614
f 1614 1218 1216
f 1614 1216 1214
f 1214 1212 1614
f 1614 1212 1207
f 1614 1207 1615
f 1615 1207 1209
f 1615 1209 1244
f 1616 1219 1613
f 1613 1219 1221
f 1613 1221 1218
f 1617 1234 1618
f 1618 1234 1232
f 1618 1232 1229
f 1229 1228 1619
f 1619 1228 1226
f 1619 1226 1616
f 1616 1226 1224
f 1616 1224 1219
f 1244 1242 1615
f 1615 1242 1237
f 1615 1237 1620
f 1620 1237 1239
f 1620 1239 1617
f 1617 1239 1236
f 1617 1236 1234
f 1317 1319 1619
f 1127 1149 1591
f 1141 1139 1592
f 1330 1328 1592
f 1149 1147 1591
f 1591 1147 1145
f 1591 1145 1592
f 1592 1145 1143
f 1592 1143 1141
f 1330 1592 1332
f 1139 1137 1592
f 1592 1137 1135
f 1592 1135 1332
f 1332 1135 1133
f 1332 1133 1335
f 1335 1133 1131
f 1335 1131 1129
f 1129 1127 1335
f 1335 1127 1591
f 1335 1591 1333
f 1333 1591 1590
f 1333 1590 1338
f 1338 1590 1340
f 1422 1610 1590
f 1590 1610 1342
f 1590 1342 1340
f 1354 1600 1356
f 1356 1600 1621
f 1354 1352 1600
f 1600 1352 1343
f 1600 1343 1622
f 1622 1343 1345
f 1622 1345 1623
f 1623 1345 1347
f 1623 1347 1610
f 1610 1347 1349
f 1610 1349 1342
f 1325 1364 1624
f 1364 1362 1624
f 1624 1362 1357
f 1624 1357 1621
f 1621 1357 1359
f 1621 1359 1356
f 1229 1619 1618
f 1618 1619 1319
f 1618 1319 1321
f 1388 1386 1595
f 1378 1376 1596
f 1596 1376 1612
f 1596 1612 1476
f 1476 1612 1478
f 1386 1384 1595
f 1595 1384 1381
f 1595 1381 1596
f 1596 1381 1380
f 1596 1380 1378
f 1601 1391 1615
f 1615 1391 1393
f 1615 1393 1614
f 1614 1393 1395
f 1614 1395 1388
f 1625 1398 1389
f 1603 1408 1406
f 1406 1403 1603
f 1603 1403 1402
f 1603 1402 1625
f 1625 1402 1400
f 1625 1400 1398
f 1376 1365 1612
f 1612 1365 1367
f 1612 1367 1626
f 1626 1367 1369
f 1626 1369 1604
f 1604 1369 1371
f 1604 1371 1603
f 1603 1371 1373
f 1603 1373 1408
f 1436 1434 1609
f 1609 1434 1456
f 1609 1456 1608
f 1454 1452 1622
f 1622 1452 1450
f 1622 1450 1600
f 1600 1450 1448
f 1600 1448 1446
f 1436 1609 1438
f 1438 1609 1607
f 1438 1607 1440
f 1440 1607 1606
f 1440 1606 1442
f 1589 1586 1611
f 1611 1586 1585
f 1611 1585 1627
f 1627 1585 1584
f 1627 1584 1608
f 1608 1584 1583
f 1608 1583 1580
f 1456 1454 1608
f 1608 1454 1622
f 1608 1622 1627
f 1627 1622 1623
f 1627 1623 1611
f 1611 1623 1610
f 1611 1610 1416
f 1416 1610 1418
f 1628 1151 1173
f 1579 1578 1606
f 1606 1578 1577
f 1606 1577 1628
f 1628 1577 1153
f 1628 1153 1151
f 1165 1163 1629
f 1173 1171 1628
f 1628 1171 1169
f 1628 1169 1629
f 1629 1169 1167
f 1629 1167 1165
f 1161 1159 1576
f 1576 1159 1157
f 1576 1157 1577
f 1577 1157 1155
f 1577 1155 1153
f 1260 1258 1620
f 1250 1248 1630
f 1630 1248 1246
f 1321 1602 1618
f 1618 1602 1630
f 1618 1630 1617
f 1617 1630 1246
f 1617 1246 1268
f 1258 1256 1631
f 1631 1256 1254
f 1631 1254 1630
f 1630 1254 1252
f 1630 1252 1250
f 1268 1266 1617
f 1617 1266 1264
f 1617 1264 1620
f 1620 1264 1262
f 1620 1262 1260
f 1388 1595 1614
f 1614 1595 1594
f 1614 1594 1613
f 1613 1594 1593
f 1613 1593 1616
f 1616 1593 1592
f 1616 1592 1619
f 1619 1592 1328
f 1619 1328 1317
f 1278 1276 1601
f 1258 1631 1620
f 1620 1631 1272
f 1620 1272 1270
f 1601 1276 1631
f 1631 1276 1274
f 1631 1274 1272
f 1286 1284 1615
f 1615 1284 1282
f 1615 1282 1601
f 1601 1282 1280
f 1601 1280 1278
f 1270 1292 1620
f 1620 1292 1290
f 1620 1290 1615
f 1615 1290 1288
f 1615 1288 1286
f 1389 1601 1625
f 1625 1601 1631
f 1625 1631 1632
f 1632 1631 1630
f 1632 1630 1633
f 1633 1630 1602
f 1633 1602 1624
f 1624 1602 1323
f 1624 1323 1325
f 1461 1603 1605
f 1605 1603 1625
f 1605 1625 1634
f 1634 1625 1632
f 1634 1632 1635
f 1635 1632 1633
f 1635 1633 1636
f 1636 1633 1624
f 1636 1624 1629
f 1629 1624 1621
f 1629 1621 1628
f 1628 1621 1600
f 1628 1600 1606
f 1606 1600 1444
f 1606 1444 1442
f 1570 1571 1569
f 1569 1571 1605
f 1569 1605 1572
f 1572 1605 1634
f 1572 1634 1573
f 1573 1634 1635
f 1573 1635 1574
f 1574 1635 1636
f 1574 1636 1575
f 1575 1636 1629
f 1575 1629 1576
f 1576 1629 1163
f 1576 1163 1161
f 1473 1471 1604
f 1604 1471 1567
f 1604 1567 1626
f 1626 1567 1566
f 1626 1566 1612
f 1612 1566 1565
f 1612 1565 1481
f 1481 1565 1482
f 1637 1638 1639
f 1639 1638 1640
f 1640 1641 1642
f 1640 1642 1639
f 1639 1642 1643
f 1639 1643 1637
f 1644 1645 1646
f 1644 1646 1647
f 1647 1646 1648
f 1647 1648 1649
f 1644 1647 1650
f 1650 1647 1649
f 1651 1652 1653
f 1651 1653 1654
f 1654 1653 1655
f 1654 1655 1656
f 1656 1657 1654
f 1654 1657 1651
f 1658 1659 1660
f 1658 1660 1661
f 1661 1660 1662
f 1661 1662 1663
f 1658 1661 1664
f 1664 1661 1663
f 1665 1666 1667
f 1668 1669 1670
f 1668 1670 1671
f 1671 1670 1672
f 1671 1672 1673
f 1673 1672 1674
f 1674 1672 1675
f 1674 1675 1667
f 1667 1675 1676
f 1667 1676 1665
f 1677 1678 1679
f 1677 1679 1680
f 1680 1679 1681
f 1680 1681 1682
f 1682 1681 1683
f 1682 1683 1684
f 1684 1683 1685
f 1684 1685 1686
f 1687 1688 1689
f 1687 1689 1690
f 1690 1689 1691
f 1690 1691 1692
f 1692 1691 1693
f 1692 1693 1694
f 1694 1693 1695
f 1694 1695 1696
f 1697 1698 1699
f 1700 1701 1702
f 1700 1702 1703
f 1703 1702 1704
f 1703 1704 1705
f 1705 1704 1706
f 1706 1704 1707
f 1706 1707 1699
f 1699 1707 1708
f 1699 1708 1697
f 1709 1710 1711
f 1709 1711 1712
f 1712 1711 1713
f 1712 1713 1714
f 1714 1713 1715
f 1714 1715 1716
f 1716 1715 1717
f 1716 1717 1718
f 1719 1720 1721
f 1722 1723 1724
f 1722 1724 1725
f 1725 1724 1726
f 1725 1726 1727
f 1727 1726 1728
f 1728 1726 1729
f 1728 1729 1721
f 1721 1729 1730
f 1721 1730 1719
f 1731 1732 1733
f 1731 1733 1734
f 1734 1733 1735
f 1734 1735 1736
f 1736 1735 1737
f 1736 1737 1738
f 1738 1737 1739
f 1738 1739 1740
f 1741 1742 1743
f 1744 1745 1746
f 1744 1746 1747
f 1747 1746 1748
f 1747 1748 1749
f 1749 1748 1750
f 1750 1748 1751
f 1750 1751 1743
f 1743 1751 1752
f 1743 1752 1741
f 1753 1754 1755
f 1753 1755 1756
f 1756 1755 1757
f 1756 1757 1758
f 1758 1757 1759
f 1758 1759 1760
f 1761 1762 1763
f 1761 1763 1764
f 1764 1763 1765
f 1764 1765 1766
f 1766 1765 1767
f 1766 1767 1768
f 1768 1767 1769
f 1768 1769 1770
f 1771 1772 1773
f 1771 1773 1774
f 1774 1773 1775
f 1774 1775 1776
f 1776 1775 1777
f 1776 1777 1778
f 1778 1777 1779
f 1778 1779 1780
f 1781 1782 1783
f 1781 1783 1784
f 1784 1783 1785
f 1784 1785 1786
f 1786 1785 1787
f 1786 1787 1788
f 1789 1790 1791
f 1789 1791 1792
f 1792 1791 1793
f 1792 1793 1794
f 1794 1793 1795
f 1794 1795 1796
f 1796 1795 1797
f 1796 1797 1798
f 1799 1800 1801
f 1799 1801 1802
f 1802 1801 1803
f 1802 1803 1804
f 1804 1803 1805
f 1804 1805 1806
f 1807 1808 1809
f 1807 1809 1810
f 1810 1809 1811
f 1810 1811 1812
f 1812 1811 1813
f 1812 1813 1814
f 1814 1813 1815
f 1814 1815 1816
f 1817 1818 1819
f 1817 1819 1820
f 1820 1819 1821
f 1820 1821 1822
f 1822 1821 1823
f 1822 1823 1824
f 1825 1826 1827
f 1825 1827 1828
f 1828 1827 1829
f 1828 1829 1830
f 1830 1829 1831
f 1830 1831 1832
f 1833 1834 1835
f 1833 1835 1836
f 1836 1835 1837
f 1836 1837 1838
f 1838 1837 1839
f 1838 1839 1840
f 1841 1842 1843
f 1841 1843 1844
f 1844 1843 1845
f 1844 1845 1846
f 1846 1845 1847
f 1846 1847 1848
f 1849 1850 1851
f 1849 1851 1852
f 1852 1851 1853
f 1852 1853 1854
f 1854 1853 1855
f 1854 1855 1856
f 1857 1858 1859
f 1857 1859 1860
f 1860 1859 1861
f 1860 1861 1862
f 1862 1861 1863
f 1862 1863 1864
f 1865 1866 1867
f 1865 1867 1868
f 1868 1867 1869
f 1868 1869 1870
f 1870 1869 1871
f 1870 1871 1872
f 1873 1874 1875
f 1873 1875 1876
f 1876 1875 1877
f 1876 1877 1878
f 1878 1877 1879
f 1878 1879 1880
f 1881 1882 1883
f 1881 1883 1884
f 1884 1883 1885
f 1884 1885 1886
f 1886 1885 1887
f 1886 1887 1888
f 1889 1890 1891
f 1889 1891 1892
f 1892 1891 1893
f 1892 1893 1894
f 1894 1893 1895
f 1894 1895 1896
f 1897 1898 1899
f 1897 1899 1900
f 1900 1899 1901
f 1900 1901 1902
f 1902 1901 1903
f 1902 1903 1904
f 1905 1906 1907
f 1905 1907 1908
f 1908 1907 1909
f 1908 1909 1910
f 1910 1909 1911
f 1910 1911 1912
f 1913 1914 1915
f 1913 1915 1916
f 1916 1915 1917
f 1916 1917 1918
f 1918 1917 1919
f 1918 1919 1920
f 1921 1922 1923
f 1921 1923 1924
f 1924 1923 1925
f 1924 1925 1926
f 1926 1925 1927
f 1926 1927 1928
f 1929 1930 1931
f 1929 1931 1932
f 1932 1931 1933
f 1932 1933 1934
f 1934 1933 1935
f 1934 1935 1936
f 1937 1938 1939
f 1937 1939 1940
f 1940 1939 1941
f 1940 1941 1942
f 1942 1941 1943
f 1942 1943 1944
f 1945 1946 1947
f 1945 1947 1948
f 1948 1947 1949
f 1948 1949 1950
f 1950 1949 1951
f 1950 1951 1952
f 1953 1664 1663
f 1662 1946 1663
f 1663 1946 1945
f 1663 1945 1953
f 1657 1954 1651
f 1651 1954 1936
f 1651 1936 1652
f 1652 1936 1935
f 1955 1650 1649
f 1648 1914 1649
f 1649 1914 1913
f 1649 1913 1955
f 1638 1956 1640
f 1640 1956 1896
f 1640 1896 1641
f 1641 1896 1895
f 1896 1956 1957
f 1768 1756 1758
f 1788 1841 1958
f 1760 1833 1959
f 1686 1960 1961
f 1962 1963 1964
f 1824 1873 1965
f 1740 1966 1967
f 1687 1690 1968
f 1969 1687 1970
f 1970 1687 1968
f 1970 1968 1971
f 1718 1972 1968
f 1968 1972 1973
f 1968 1973 1971
f 1857 1974 1806
f 1806 1974 1967
f 1967 1975 1709
f 1721 1712 1714
f 1722 1725 1716
f 1716 1725 1727
f 1716 1727 1714
f 1714 1727 1728
f 1714 1728 1721
f 1976 1977 1975
f 1975 1967 1976
f 1976 1967 1966
f 1976 1966 1978
f 1816 1817 1814
f 1814 1817 1820
f 1814 1820 1822
f 1743 1734 1736
f 1967 1744 1740
f 1740 1744 1747
f 1740 1747 1738
f 1738 1747 1749
f 1738 1749 1736
f 1736 1749 1750
f 1736 1750 1743
f 1979 1962 1961
f 1961 1962 1964
f 1961 1964 1731
f 1979 1961 1980
f 1980 1961 1960
f 1980 1960 1981
f 1840 1753 1965
f 1965 1753 1961
f 1965 1961 1824
f 1982 1983 1677
f 1667 1680 1682
f 1756 1768 1753
f 1753 1768 1770
f 1753 1770 1961
f 1961 1770 1668
f 1961 1668 1686
f 1686 1668 1671
f 1686 1671 1684
f 1684 1671 1673
f 1684 1673 1682
f 1682 1673 1674
f 1682 1674 1667
f 1848 1781 1959
f 1959 1781 1982
f 1959 1982 1760
f 1705 1692 1694
f 1982 1696 1984
f 1984 1696 1985
f 1705 1694 1703
f 1703 1694 1696
f 1703 1696 1700
f 1700 1696 1982
f 1700 1982 1780
f 1780 1982 1781
f 1780 1781 1778
f 1778 1781 1784
f 1778 1784 1786
f 1788 1958 1968
f 1968 1958 1864
f 1968 1864 1799
f 1716 1718 1722
f 1722 1718 1968
f 1722 1968 1798
f 1798 1968 1799
f 1798 1799 1796
f 1796 1799 1802
f 1796 1802 1804
f 1712 1721 1709
f 1709 1721 1720
f 1709 1720 1967
f 1967 1720 1789
f 1967 1789 1806
f 1806 1789 1792
f 1806 1792 1804
f 1804 1792 1794
f 1804 1794 1796
f 1705 1706 1692
f 1692 1706 1699
f 1692 1699 1690
f 1690 1699 1698
f 1690 1698 1968
f 1968 1698 1771
f 1968 1771 1788
f 1788 1771 1774
f 1788 1774 1786
f 1786 1774 1776
f 1786 1776 1778
f 1680 1667 1677
f 1677 1667 1666
f 1677 1666 1982
f 1982 1666 1761
f 1982 1761 1760
f 1760 1761 1764
f 1760 1764 1758
f 1758 1764 1766
f 1758 1766 1768
f 1734 1743 1731
f 1731 1743 1742
f 1731 1742 1961
f 1961 1742 1807
f 1961 1807 1824
f 1824 1807 1810
f 1824 1810 1822
f 1822 1810 1812
f 1822 1812 1814
f 1936 1954 1957
f 1921 1974 1872
f 1872 1974 1857
f 1872 1857 1870
f 1870 1857 1860
f 1870 1860 1868
f 1868 1860 1862
f 1868 1862 1865
f 1920 1955 1957
f 1905 1958 1856
f 1856 1958 1841
f 1856 1841 1854
f 1854 1841 1844
f 1854 1844 1852
f 1852 1844 1846
f 1852 1846 1849
f 1954 1929 1957
f 1957 1929 1958
f 1957 1958 1920
f 1920 1958 1905
f 1920 1905 1918
f 1918 1905 1908
f 1918 1908 1916
f 1916 1908 1910
f 1916 1910 1913
f 1913 1910 1912
f 1913 1912 1959
f 1959 1912 1849
f 1959 1849 1848
f 1848 1849 1846
f 1897 1959 1832
f 1832 1959 1833
f 1832 1833 1830
f 1830 1833 1836
f 1830 1836 1828
f 1828 1836 1838
f 1828 1838 1825
f 1955 1913 1957
f 1957 1913 1959
f 1957 1959 1896
f 1896 1959 1897
f 1896 1897 1894
f 1894 1897 1900
f 1894 1900 1892
f 1892 1900 1902
f 1892 1902 1889
f 1889 1902 1904
f 1889 1904 1965
f 1965 1904 1825
f 1965 1825 1840
f 1840 1825 1838
f 1944 1881 1974
f 1952 1953 1957
f 1957 1953 1945
f 1937 1965 1888
f 1888 1965 1873
f 1888 1873 1886
f 1886 1873 1876
f 1886 1876 1884
f 1884 1876 1878
f 1884 1878 1881
f 1881 1878 1880
f 1881 1880 1974
f 1974 1880 1817
f 1974 1817 1967
f 1967 1817 1816
f 1967 1816 1744
f 1956 1889 1957
f 1957 1889 1965
f 1957 1965 1952
f 1952 1965 1937
f 1952 1937 1950
f 1950 1937 1940
f 1950 1940 1948
f 1948 1940 1942
f 1948 1942 1945
f 1945 1942 1944
f 1945 1944 1957
f 1957 1944 1974
f 1957 1974 1936
f 1936 1974 1921
f 1936 1921 1934
f 1934 1921 1924
f 1934 1924 1932
f 1932 1924 1926
f 1932 1926 1929
f 1929 1926 1928
f 1929 1928 1958
f 1958 1928 1865
f 1958 1865 1864
f 1864 1865 1862
f 1956 1638 1637
f 1643 1890 1637
f 1637 1890 1889
f 1637 1889 1956
f 1664 1953 1658
f 1658 1953 1952
f 1658 1952 1659
f 1659 1952 1951
f 1972 1986 1987
f 1978 1988 1989
f 1981 1990 1991
f 1985 1992 1993
f 1994 1995 1985
f 1985 1995 1984
f 1996 1983 1995
f 1995 1983 1982
f 1995 1982 1984
f 1979 1980 1997
f 1997 1980 1981
f 1997 1981 1998
f 1999 1963 1997
f 1997 1963 1962
f 1997 1962 1979
f 2000 1977 2001
f 2001 1977 1976
f 2001 1976 1978
f 1971 1973 2002
f 2002 1973 1972
f 2002 1972 2003
f 2004 1969 2002
f 2002 1969 1970
f 2002 1970 1971
f 1972 1987 2003
f 2003 1987 2005
f 2003 2005 2006
f 2006 2005 2007
f 2006 2007 2008
f 2008 2007 2009
f 2008 2009 2000
f 2000 2009 2010
f 2000 2010 1977
f 1978 1989 2001
f 2001 1989 2011
f 2001 2011 2012
f 2012 2011 2013
f 2012 2013 2014
f 2014 2013 2015
f 2014 2015 1999
f 1999 2015 2016
f 1999 2016 1963
f 1981 1991 1998
f 1998 1991 2017
f 1998 2017 2018
f 2018 2017 2019
f 2018 2019 2020
f 2020 2019 2021
f 2020 2021 1996
f 1996 2021 2022
f 1996 2022 1983
f 1985 1993 1994
f 1994 1993 2023
f 1994 2023 2024
f 2024 2023 2025
f 2024 2025 2026
f 2026 2025 2027
f 2026 2027 2004
f 2004 2027 2028
f 2004 2028 1969
f 2029 2030 2031
f 2031 2030 2032
f 2031 2032 2033
f 2033 2032 2034
f 2034 2035 2036
f 2034 2036 2033
f 2033 2036 2037
f 2033 2037 2031
f 2031 2037 2038
f 2031 2038 2029
f 2029 2038 2039
f 2029 2039 2030
f 2040 2041 2042
f 2040 2042 2043
f 2043 2042 2044
f 2043 2044 2045
f 2045 2044 2046
f 2045 2046 2047
f 2047 2046 2048
f 2047 2048 2049
f 2047 2049 2045
f 2045 2049 2050
f 2045 2050 2043
f 2043 2050 2040
f 2051 2052 2053
f 2051 2053 2054
f 2054 2053 2055
f 2054 2055 2056
f 2056 2055 2057
f 2056 2057 2058
f 2058 2057 2059
f 2058 2059 2060
f 2058 2060 2056
f 2056 2060 2061
f 2056 2061 2054
f 2054 2061 2051
f 2062 2063 2064
f 2062 2064 2065
f 2065 2064 2066
f 2065 2066 2067
f 2067 2066 2068
f 2067 2068 2069
f 2069 2068 2070
f 2069 2070 2071
f 2069 2071 2067
f 2067 2071 2072
f 2067 2072 2065
f 2065 2072 2062
f 2073 2074 2075
f 2076 2077 2078
f 2076 2078 2079
f 2079 2078 2080
f 2079 2080 2081
f 2081 2080 2082
f 2081 2082 2075
f 2075 2082 2083
f 2075 2083 2073
f 2084 2085 2086
f 2084 2086 2087
f 2087 2086 2088
f 2087 2088 2089
f 2089 2088 2090
f 2089 2090 2091
f 2091 2090 2092
f 2091 2092 2093
f 2094 2095 2096
f 2094 2096 2097
f 2097 2096 2098
f 2097 2098 2099
f 2099 2098 2100
f 2099 2100 2101
f 2101 2100 2102
f 2101 2102 2103
f 2104 2105 2106
f 2107 2108 2109
f 2107 2109 2110
f 2110 2109 2111
f 2110 2111 2112
f 2112 2111 2113
f 2113 2111 2114
f 2113 2114 2106
f 2106 2114 2115
f 2106 2115 2104
f 2116 2117 2118
f 2116 2118 2119
f 2119 2118 2120
f 2119 2120 2121
f 2121 2120 2122
f 2121 2122 2123
f 2123 2122 2124
f 2123 2124 2125
f 2126 2127 2128
f 2129 2130 2131
f 2129 2131 2132
f 2132 2131 2133
f 2132 2133 2134
f 2134 2133 2135
f 2135 2133 2136
f 2135 2136 2128
f 2128 2136 2137
f 2128 2137 2126
f 2138 2139 2140
f 2138 2140 2141
f 2141 2140 2142
f 2141 2142 2143
f 2143 2142 2144
f 2143 2144 2145
f 2145 2144 2146
f 2145 2146 2147
f 2148 2149 2150
f 2151 2152 2153
f 2151 2153 2154
f 2154 2153 2155
f 2154 2155 2156
f 2156 2155 2157
f 2157 2155 2158
f 2157 2158 2150
f 2150 2158 2159
f 2150 2159 2148
f 2160 2161 2162
f 2160 2162 2163
f 2163 2162 2164
f 2163 2164 2165
f 2165 2164 2166
f 2165 2166 2167
f 2168 2169 2170
f 2168 2170 2171
f 2171 2170 2172
f 2171 2172 2173
f 2173 2172 2174
f 2173 2174 2175
f 2175 2174 2176
f 2175 2176 2177
f 2178 2179 2180
f 2178 2180 2181
f 2181 2180 2182
f 2181 2182 2183
f 2183 2182 2184
f 2183 2184 2185
f 2185 2184 2186
f 2185 2186 2187
f 2188 2189 2190
f 2188 2190 2191
f 2191 2190 2192
f 2191 2192 2193
f 2193 2192 2194
f 2193 2194 2195
f 2196 2197 2198
f 2196 2198 2199
f 2199 2198 2200
f 2199 2200 2201
f 2201 2200 2202
f 2201 2202 2203
f 2203 2202 2204
f 2203 2204 2205
f 2206 2207 2208
f 2206 2208 2209
f 2209 2208 2210
f 2209 2210 2211
f 2211 2210 2212
f 2211 2212 2213
f 2214 2215 2216
f 2214 2216 2217
f 2217 2216 2218
f 2217 2218 2219
f 2219 2218 2220
f 2219 2220 2221
f 2221 2220 2222
f 2221 2222 2223
f 2224 2225 2226
f 2224 2226 2227
f 2227 2226 2228
f 2227 2228 2229
f 2229 2228 2230
f 2229 2230 2231
f 2232 2233 2234
f 2232 2234 2235
f 2235 2234 2236
f 2235 2236 2237
f 2237 2236 2238
f 2237 2238 2239
f 2240 2241 2242
f 2240 2242 2243
f 2243 2242 2244
f 2243 2244 2245
f 2245 2244 2246
f 2245 2246 2247
f 2248 2249 2250
f 2248 2250 2251
f 2251 2250 2252
f 2251 2252 2253
f 2253 2252 2254
f 2253 2254 2255
f 2256 2257 2258
f 2256 2258 2259
f 2259 2258 2260
f 2259 2260 2261
f 2261 2260 2262
f 2261 2262 2263
f 2264 2265 2266
f 2264 2266 2267
f 2267 2266 2268
f 2267 2268 2269
f 2269 2268 2270
f 2269 2270 2271
f 2272 2273 2274
f 2272 2274 2275
f 2275 2274 2276
f 2275 2276 2277
f 2277 2276 2278
f 2277 2278 2279
f 2280 2281 2282
f 2280 2282 2283
f 2283 2282 2284
f 2283 2284 2285
f 2285 2284 2286
f 2285 2286 2287
f 2288 2289 2290
f 2288 2290 2291
f 2291 2290 2292
f 2291 2292 2293
f 2293 2292 2294
f 2293 2294 2295
f 2296 2297 2298
f 2296 2298 2299
f 2299 2298 2300
f 2299 2300 2301
f 2301 2300 2302
f 2301 2302 2303
f 2304 2305 2306
f 2304 2306 2307
f 2307 2306 2308
f 2307 2308 2309
f 2309 2308 2310
f 2309 2310 2311
f 2312 2313 2314
f 2312 2314 2315
f 2315 2314 2316
f 2315 2316 2317
f 2317 2316 2318
f 2317 2318 2319
f 2320 2321 2322
f 2320 2322 2323
f 2323 2322 2324
f 2323 2324 2325
f 2325 2324 2326
f 2325 2326 2327
f 2328 2329 2330
f 2328 2330 2331
f 2331 2330 2332
f 2331 2332 2333
f 2333 2332 2334
f 2333 2334 2335
f 2336 2337 2338
f 2336 2338 2339
f 2339 2338 2340
f 2339 2340 2341
f 2341 2340 2342
f 2341 2342 2343
f 2344 2345 2346
f 2344 2346 2347
f 2347 2346 2348
f 2347 2348 2349
f 2349 2348 2350
f 2349 2350 2351
f 2352 2353 2354
f 2352 2354 2355
f 2355 2354 2356
f 2355 2356 2357
f 2357 2356 2358
f 2357 2358 2359
f 2072 2360 2062
f 2062 2360 2359
f 2062 2359 2063
f 2063 2359 2358
f 2361 2061 2060
f 2059 2337 2060
f 2060 2337 2336
f 2060 2336 2361
f 2050 2362 2040
f 2040 2362 2327
f 2040 2327 2041
f 2041 2327 2326
f 2363 2032 2030
f 2039 2297 2030
f 2030 2297 2296
f 2030 2296 2363
f 2032 2363 2034
f 2034 2363 2303
f 2034 2303 2035
f 2035 2303 2302
f 2360 2072 2071
f 2070 2353 2071
f 2071 2353 2352
f 2071 2352 2360
f 2303 2363 2364
f 2221 2227 2229
f 2203 2209 2211
f 2103 2365 2366
f 2367 2368 2369
f 2213 2264 2370
f 2125 2371 2372
f 2231 2280 2373
f 2093 2374 2375
f 2195 2248 2376
f 2375 2377 2094
f 2097 2099 2106
f 2106 2099 2113
f 2378 2377 2379
f 2379 2377 2375
f 2379 2375 2380
f 2380 2375 2374
f 2380 2374 2381
f 2247 2160 2376
f 2376 2160 2375
f 2376 2375 2195
f 2075 2089 2081
f 2081 2089 2091
f 2081 2091 2079
f 2079 2091 2093
f 2079 2093 2076
f 2076 2093 2375
f 2076 2375 2177
f 2177 2375 2160
f 2177 2160 2175
f 2382 2084 2383
f 2383 2084 2384
f 2383 2384 2385
f 2147 2386 2384
f 2384 2386 2387
f 2384 2387 2385
f 2287 2224 2384
f 2372 2388 2138
f 2150 2141 2143
f 2227 2221 2224
f 2224 2221 2223
f 2224 2223 2384
f 2384 2223 2151
f 2384 2151 2147
f 2147 2151 2154
f 2147 2154 2145
f 2145 2154 2156
f 2145 2156 2143
f 2143 2156 2157
f 2143 2157 2150
f 2271 2206 2373
f 2373 2206 2372
f 2373 2372 2231
f 2128 2119 2121
f 2209 2203 2206
f 2206 2203 2205
f 2206 2205 2372
f 2372 2205 2129
f 2372 2129 2125
f 2125 2129 2132
f 2125 2132 2123
f 2123 2132 2134
f 2123 2134 2121
f 2121 2134 2135
f 2121 2135 2128
f 2389 2367 2366
f 2366 2367 2369
f 2366 2369 2116
f 2389 2366 2390
f 2390 2366 2365
f 2390 2365 2391
f 2255 2188 2370
f 2370 2188 2366
f 2370 2366 2213
f 2113 2099 2112
f 2112 2099 2101
f 2112 2101 2110
f 2110 2101 2103
f 2110 2103 2107
f 2107 2103 2366
f 2107 2366 2187
f 2187 2366 2188
f 2187 2188 2185
f 2185 2188 2191
f 2185 2191 2193
f 2119 2128 2116
f 2116 2128 2127
f 2116 2127 2366
f 2366 2127 2196
f 2366 2196 2213
f 2213 2196 2199
f 2213 2199 2211
f 2211 2199 2201
f 2211 2201 2203
f 2097 2106 2094
f 2094 2106 2105
f 2094 2105 2375
f 2375 2105 2178
f 2375 2178 2195
f 2195 2178 2181
f 2195 2181 2193
f 2193 2181 2183
f 2193 2183 2185
f 2160 2163 2175
f 2175 2163 2165
f 2175 2165 2173
f 2287 2384 2392
f 2392 2384 2167
f 2392 2167 2240
f 2173 2165 2171
f 2171 2165 2167
f 2171 2167 2168
f 2168 2167 2384
f 2168 2384 2074
f 2074 2384 2084
f 2074 2084 2075
f 2075 2084 2087
f 2075 2087 2089
f 2141 2150 2138
f 2138 2150 2149
f 2138 2149 2372
f 2372 2149 2214
f 2372 2214 2231
f 2231 2214 2217
f 2231 2217 2229
f 2229 2217 2219
f 2229 2219 2221
f 2343 2361 2364
f 2328 2370 2279
f 2279 2370 2264
f 2279 2264 2277
f 2277 2264 2267
f 2277 2267 2275
f 2275 2267 2269
f 2275 2269 2272
f 2327 2362 2364
f 2269 2271 2272
f 2272 2271 2373
f 2272 2373 2335
f 2335 2373 2336
f 2335 2336 2333
f 2333 2336 2339
f 2333 2339 2331
f 2331 2339 2341
f 2331 2341 2328
f 2328 2341 2343
f 2328 2343 2370
f 2370 2343 2364
f 2370 2364 2320
f 2320 2364 2362
f 2312 2376 2263
f 2263 2376 2248
f 2263 2248 2261
f 2261 2248 2251
f 2261 2251 2259
f 2259 2251 2253
f 2259 2253 2256
f 2253 2255 2256
f 2256 2255 2370
f 2256 2370 2319
f 2319 2370 2320
f 2319 2320 2317
f 2317 2320 2323
f 2317 2323 2315
f 2315 2323 2325
f 2315 2325 2312
f 2312 2325 2327
f 2312 2327 2376
f 2376 2327 2364
f 2376 2364 2296
f 2296 2364 2363
f 2304 2392 2239
f 2239 2392 2240
f 2239 2240 2237
f 2237 2240 2243
f 2237 2243 2235
f 2235 2243 2245
f 2235 2245 2232
f 2359 2360 2364
f 2245 2247 2232
f 2232 2247 2376
f 2232 2376 2311
f 2311 2376 2296
f 2311 2296 2309
f 2309 2296 2299
f 2309 2299 2307
f 2307 2299 2301
f 2307 2301 2304
f 2304 2301 2303
f 2304 2303 2392
f 2392 2303 2364
f 2392 2364 2352
f 2352 2364 2360
f 2344 2373 2295
f 2295 2373 2280
f 2295 2280 2293
f 2293 2280 2283
f 2293 2283 2291
f 2291 2283 2285
f 2291 2285 2288
f 2361 2336 2364
f 2364 2336 2373
f 2364 2373 2359
f 2359 2373 2344
f 2359 2344 2357
f 2357 2344 2347
f 2357 2347 2355
f 2355 2347 2349
f 2355 2349 2352
f 2352 2349 2351
f 2352 2351 2392
f 2392 2351 2288
f 2392 2288 2287
f 2287 2288 2285
f 2381 2393 2394
f 2386 2395 2396
f 2371 2397 2398
f 2391 2399 2400
f 2389 2390 2401
f 2401 2390 2391
f 2401 2391 2402
f 2403 2368 2401
f 2401 2368 2367
f 2401 2367 2389
f 2404 2388 2405
f 2405 2388 2372
f 2405 2372 2371
f 2385 2387 2406
f 2406 2387 2386
f 2406 2386 2407
f 2408 2382 2406
f 2406 2382 2383
f 2406 2383 2385
f 2409 2410 2381
f 2381 2410 2380
f 2411 2378 2410
f 2410 2378 2379
f 2410 2379 2380
f 2386 2396 2407
f 2407 2396 2412
f 2407 2412 2413
f 2413 2412 2414
f 2413 2414 2415
f 2415 2414 2416
f 2415 2416 2404
f 2404 2416 2417
f 2404 2417 2388
f 2371 2398 2405
f 2405 2398 2418
f 2405 2418 2419
f 2419 2418 2420
f 2419 2420 2421
f 2421 2420 2422
f 2421 2422 2403
f 2403 2422 2423
f 2403 2423 2368
f 2391 2400 2402
f 2402 2400 2424
f 2402 2424 2425
f 2425 2424 2426
f 2425 2426 2427
f 2427 2426 2428
f 2427 2428 2411
f 2411 2428 2429
f 2411 2429 2378
f 2381 2394 2409
f 2409 2394 2430
f 2409 2430 2431
f 2431 2430 2432
f 2431 2432 2433
f 2433 2432 2434
f 2433 2434 2408
f 2408 2434 2435
f 2408 2435 2382
f 2436 2437 2438
f 2438 2437 2439
f 2438 2439 2440
f 2440 2439 2441
f 2440 2441 2442
f 2442 2441 2443
f 2442 2443 2444
f 2444 2443 2445
f 2444 2445 2446
f 2446 2445 2447
f 2446 2447 2448
f 2448 2447 2449
f 2448 2449 2450
f 2450 2449 2451
f 2450 2451 2452
f 2452 2451 2453
f 2452 2453 2454
f 2454 2453 2455
f 2454 2455 2456
f 2456 2455 2457
f 2456 2457 2458
f 2458 2457 2459
f 2458 2459 2436
f 2436 2459 2437
f 2460 2461 2462
f 2462 2461 2463
f 2462 2463 2464
f 2464 2463 2465
f 2464 2465 2466
f 2466 2465 2467
f 2466 2467 2468
f 2468 2467 2469
f 2468 2469 2470
f 2470 2469 2471
f 2470 2471 2472
f 2472 2471 2473
f 2472 2473 2474
f 2474 2473 2475
f 2474 2475 2476
f 2476 2475 2477
f 2476 2477 2478
f 2478 2477 2479
f 2478 2479 2480
f 2480 2479 2481
f 2480 2481 2482
f 2482 2481 2483
f 2482 2483 2460
f 2460 2483 2461
f 2484 2485 2486
f 2486 2485 2487
f 2486 2487 2488
f 2488 2487 2489
f 2488 2489 2490
f 2490 2489 2491
f 2490 2491 2492
f 2492 2491 2493
f 2492 2493 2494
f 2494 2493 2495
f 2494 2495 2496
f 2496 2495 2497
f 2496 2497 2498
f 2498 2497 2499
f 2498 2499 2500
f 2500 2499 2501
f 2500 2501 2502
f 2502 2501 2503
f 2502 2503 2504
f 2504 2503 2505
f 2504 2505 2506
f 2506 2505 2507
f 2506 2507 2484
f 2484 2507 2485
f 2508 2509 2510
f 2510 2509 2511
f 2510 2511 2512
f 2512 2511 2513
f 2512 2513 2514
f 2514 2513 2515
f 2514 2515 2516
f 2516 2515 2517
f 2516 2517 2518
f 2518 2517 2519
f 2518 2519 2520
f 2520 2519 2521
f 2520 2521 2522
f 2522 2521 2523
f 2522 2523 2524
f 2524 2523 2525
f 2524 2525 2526
f 2526 2525 2527
f 2526 2527 2528
f 2528 2527 2529
f 2528 2529 2530
f 2530 2529 2531
f 2530 2531 2508
f 2508 2531 2509
f 2532 2533 2534
f 2534 2533 2535
f 2534 2535 2536
f 2536 2535 2537
f 2536 2537 2538
f 2538 2537 2539
f 2538 2539 2540
f 2540 2539 2541
f 2540 2541 2542
f 2542 2541 2543
f 2542 2543 2544
f 2544 2543 2545
f 2544 2545 2546
f 2546 2545 2547
f 2546 2547 2548
f 2548 2547 2549
f 2548 2549 2550
f 2550 2549 2551
f 2550 2551 2552
f 2552 2551 2553
f 2552 2553 2554
f 2554 2553 2555
f 2554 2555 2532
f 2532 2555 2533
f 2556 2557 2558
f 2558 2557 2559
f 2558 2559 2560
f 2560 2559 2561
f 2560 2561 2562
f 2562 2561 2563
f 2562 2563 2564
f 2564 2563 2565
f 2564 2565 2566
f 2566 2565 2567
f 2566 2567 2568
f 2568 2567 2569
f 2568 2569 2570
f 2570 2569 2571
f 2570 2571 2572
f 2572 2571 2573
f 2572 2573 2574
f 2574 2573 2575
f 2574 2575 2576
f 2576 2575 2577
f 2576 2577 2578
f 2578 2577 2579
f 2578 2579 2556
f 2556 2579 2557
f 2580 2581 2582
f 2582 2581 2583
f 2582 2583 2584
f 2584 2583 2585
f 2584 2585 2586
f 2586 2585 2587
f 2586 2587 2588
f 2588 2587 2589
f 2588 2589 2590
f 2590 2589 2591
f 2590 2591 2592
f 2592 2591 2593
f 2592 2593 2594
f 2594 2593 2595
f 2594 2595 2596
f 2596 2595 2597
f 2596 2597 2598
f 2598 2597 2599
f 2598 2599 2600
f 2600 2599 2601
f 2600 2601 2602
f 2602 2601 2603
f 2602 2603 2580
f 2580 2603 2581
f 2604 2605 2606
f 2606 2605 2607
f 2606 2607 2608
f 2608 2607 2609
f 2608 2609 2610
f 2610 2609 2611
f 2610 2611 2612
f 2612 2611 2613
f 2612 2613 2614
f 2614 2613 2615
f 2614 2615 2616
f 2616 2615 2617
f 2616 2617 2618
f 2618 2617 2619
f 2618 2619 2620
f 2620 2619 2621
f 2620 2621 2622
f 2622 2621 2623
f 2622 2623 2624
f 2624 2623 2625
f 2624 2625 2626
f 2626 2625 2627
f 2626 2627 2604
f 2604 2627 2605
f 2628 2629 2630
f 2630 2629 2631
f 2630 2631 2632
f 2632 2631 2633
f 2632 2633 2634
f 2634 2633 2635
f 2634 2635 2636
f 2636 2635 2637
f 2636 2637 2638
f 2638 2637 2639
f 2638 2639 2640
f 2640 2639 2641
f 2640 2641 2642
f 2642 2641 2643
f 2642 2643 2644
f 2644 2643 2645
f 2644 2645 2646
f 2646 2645 2647
f 2646 2647 2648
f 2648 2647 2649
f 2648 2649 2650
f 2650 2649 2651
f 2650 2651 2628
f 2628 2651 2629
f 2652 2653 2654
f 2654 2653 2655
f 2654 2655 2656
f 2656 2655 2657
f 2656 2657 2658
f 2658 2657 2659
f 2658 2659 2660
f 2660 2659 2661
f 2660 2661 2662
f 2662 2661 2663
f 2662 2663 2664
f 2664 2663 2665
f 2664 2665 2666
f 2666 2665 2667
f 2666 2667 2668
f 2668 2667 2669
f 2668 2669 2670
f 2670 2669 2671
f 2670 2671 2672
f 2672 2671 2673
f 2672 2673 2674
f 2674 2673 2675
f 2674 2675 2652
f 2652 2675 2653
f 2676 2677 2678
f 2678 2677 2679
f 2678 2679 2680
f 2680 2679 2681
f 2680 2681 2682
f 2682 2681 2683
f 2682 2683 2684
f 2684 2683 2685
f 2684 2685 2686
f 2686 2685 2687
f 2686 2687 2688
f 2688 2687 2689
f 2688 2689 2690
f 2690 2689 2691
f 2690 2691 2692
f 2692 2691 2693
f 2692 2693 2694
f 2694 2693 2695
f 2694 2695 2696
f 2696 2695 2697
f 2696 2697 2698
f 2698 2697 2699
f 2698 2699 2676
f 2676 2699 2677
f 2700 2701 2702
f 2702 2701 2703
f 2702 2703 2704
f 2704 2703 2705
f 2704 2705 2706
f 2706 2705 2707
f 2706 2707 2708
f 2708 2707 2709
f 2708 2709 2710
f 2710 2709 2711
f 2710 2711 2712
f 2712 2711 2713
f 2712 2713 2714
f 2714 2713 2715
f 2714 2715 2716
f 2716 2715 2717
f 2716 2717 2718
f 2718 2717 2719
f 2718 2719 2720
f 2720 2719 2721
f 2720 2721 2722
f 2722 2721 2723
f 2722 2723 2700
f 2700 2723 2701
f 2724 2725 2726
f 2726 2725 2727
f 2726 2727 2728
f 2728 2727 2729
f 2728 2729 2730
f 2730 2729 2731
f 2730 2731 2732
f 2732 2731 2733
f 2732 2733 2734
f 2734 2733 2735
f 2734 2735 2736
f 2736 2735 2737
f 2736 2737 2738
f 2738 2737 2739
f 2738 2739 2740
f 2740 2739 2741
f 2740 2741 2742
f 2742 2741 2743
f 2742 2743 2744
f 2744 2743 2745
f 2744 2745 2746
f 2746 2745 2747
f 2746 2747 2724
f 2724 2747 2725
f 2748 2749 2750
f 2750 2749 2751
f 2750 2751 2752
f 2752 2751 2753
f 2752 2753 2754
f 2754 2753 2755
f 2754 2755 2756
f 2756 2755 2757
f 2756 2757 2758
f 2758 2757 2759
f 2758 2759 2760
f 2760 2759 2761
f 2760 2761 2762
f 2762 2761 2763
f 2762 2763 2764
f 2764 2763 2765
f 2764 2765 2766
f 2766 2765 2767
f 2766 2767 2768
f 2768 2767 2769
f 2768 2769 2770
f 2770 2769 2771
f 2770 2771 2748
f 2748 2771 2749
f 2772 2773 2774
f 2774 2773 2775
f 2774 2775 2776
f 2776 2775 2777
f 2776 2777 2778
f 2778 2777 2779
f 2778 2779 2780
f 2780 2779 2781
f 2780 2781 2782
f 2782 2781 2783
f 2782 2783 2784
f 2784 2783 2785
f 2784 2785 2786
f 2786 2785 2787
f 2786 2787 2788
f 2788 2787 2789
f 2788 2789 2790
f 2790 2789 2791
f 2790 2791 2792
f 2792 2791 2793
f 2792 2793 2794
f 2794 2793 2795
f 2794 2795 2772
f 2772 2795 2773
f 2796 2797 2798
f 2798 2797 2799
f 2798 2799 2800
f 2800 2799 2801
f 2800 2801 2802
f 2802 2801 2803
f 2802 2803 2804
f 2804 2803 2805
f 2804 2805 2806
f 2806 2805 2807
f 2806 2807 2808
f 2808 2807 2809
f 2808 2809 2810
f 2810 2809 2811
f 2810 2811 2812
f 2812 2811 2813
f 2812 2813 2814
f 2814 2813 2815
f 2814 2815 2816
f 2816 2815 2817
f 2816 2817 2818
f 2818 2817 2819
f 2818 2819 2796
f 2796 2819 2797
f 2820 2821 2822
f 2822 2821 2823
f 2822 2823 2824
f 2824 2823 2825
f 2824 2825 2826
f 2826 2825 2827
f 2826 2827 2828
f 2828 2827 2829
f 2828 2829 2830
f 2830 2829 2831
f 2830 2831 2832
f 2832 2831 2833
f 2832 2833 2834
f 2834 2833 2835
f 2834 2835 2836
f 2836 2835 2837
f 2836 2837 2838
f 2838 2837 2839
f 2838 2839 2840
f 2840 2839 2841
f 2840 2841 2842
f 2842 2841 2843
f 2842 2843 2820
f 2820 2843 2821
f 2844 2845 2846
f 2846 2845 2847
f 2846 2847 2848
f 2848 2847 2849
f 2848 2849 2850
f 2850 2849 2851
f 2850 2851 2852
f 2852 2851 2853
f 2852 2853 2854
f 2854 2853 2855
f 2854 2855 2856
f 2856 2855 2857
f 2856 2857 2858
f 2858 2857 2859
f 2858 2859 2860
f 2860 2859 2861
f 2860 2861 2862
f 2862 2861 2863
f 2862 2863 2864
f 2864 2863 2865
f 2864 2865 2866
f 2866 2865 2867
f 2866 2867 2844
f 2844 2867 2845
f 2868 2869 2870
f 2870 2869 2871
f 2870 2871 2872
f 2872 2871 2873
f 2872 2873 2874
f 2874 2873 2875
f 2874 2875 2876
f 2876 2875 2877
f 2876 2877 2878
f 2878 2877 2879
f 2878 2879 2880
f 2880 2879 2881
f 2880 2881 2882
f 2882 2881 2883
f 2882 2883 2884
f 2884 2883 2885
f 2884 2885 2886
f 2886 2885 2887
f 2886 2887 2888
f 2888 2887 2889
f 2888 2889 2890
f 2890 2889 2891
f 2890 2891 2868
f 2868 2891 2869
f 2892 2893 2894
f 2894 2893 2895
f 2894 2895 2896
f 2896 2895 2897
f 2896 2897 2898
f 2898 2897 2899
f 2898 2899 2900
f 2900 2899 2901
f 2900 2901 2902
f 2902 2901 2903
f 2902 2903 2904
f 2904 2903 2905
f 2904 2905 2906
f 2906 2905 2907
f 2906 2907 2908
f 2908 2907 2909
f 2908 2909 2910
f 2910 2909 2911
f 2910 2911 2912
f 2912 2911 2913
f 2912 2913 2914
f 2914 2913 2915
f 2914 2915 2892
f 2892 2915 2893
f 2916 2917 2918
f 2918 2917 2919
f 2918 2919 2920
f 2920 2919 2921
f 2920 2921 2922
f 2922 2921 2923
f 2922 2923 2924
f 2924 2923 2925
f 2924 2925 2926
f 2926 2925 2927
f 2926 2927 2928
f 2928 2927 2929
f 2928 2929 2930
f 2930 2929 2931
f 2930 2931 2932
f 2932 2931 2933
f 2932 2933 2934
f 2934 2933 2935
f 2934 2935 2936
f 2936 2935 2937
f 2936 2937 2938
f 2938 2937 2939
f 2938 2939 2916
f 2916 2939 2917
f 2940 2941 2942
f 2942 2941 2943
f 2942 2943 2944
f 2944 2943 2945
f 2944 2945 2946
f 2946 2945 2947
f 2946 2947 2948
f 2948 2947 2949
f 2948 2949 2950
f 2950 2949 2951
f 2950 2951 2952
f 2952 2951 2953
f 2952 2953 2954
f 2954 2953 2955
f 2954 2955 2956
f 2956 2955 2957
f 2956 2957 2958
f 2958 2957 2959
f 2958 2959 2960
f 2960 2959 2961
f 2960 2961 2962
f 2962 2961 2963
f 2962 2963 2940
f 2940 2963 2941
f 2964 2965 2966
f 2966 2965 2967
f 2966 2967 2968
f 2968 2967 2969
f 2968 2969 2970
f 2970 2969 2971
f 2970 2971 2972
f 2972 2971 2973
f 2972 2973 2974
f 2974 2973 2975
f 2974 2975 2976
f 2976 2975 2977
f 2976 2977 2978
f 2978 2977 2979
f 2978 2979 2980
f 2980 2979 2981
f 2980 2981 2982
f 2982 2981 2983
f 2982 2983 2984
f 2984 2983 2985
f 2984 2985 2986
f 2986 2985 2987
f 2986 2987 2964
f 2964 2987 2965
f 2988 2989 2990
f 2990 2989 2991
f 2990 2991 2992
f 2992 2991 2993
f 2992 2993 2994
f 2994 2993 2995
f 2994 2995 2996
f 2996 2995 2997
f 2996 2997 2998
f 2998 2997 2999
f 2998 2999 3000
f 3000 2999 3001
f 3000 3001 3002
f 3002 3001 3003
f 3002 3003 3004
f 3004 3003 3005
f 3004 3005 3006
f 3006 3005 3007
f 3006 3007 3008
f 3008 3007 3009
f 3008 3009 3010
f 3010 3009 3011
f 3010 3011 2988
f 2988 3011 2989
f 3012 3013 3014
f 3014 3013 3015
f 3014 3015 3016
f 3016 3015 3017
f 3016 3017 3018
f 3018 3017 3019
f 3018 3019 3020
f 3020 3019 3021
f 3020 3021 3022
f 3022 3021 3023
f 3022 3023 3024
f 3024 3023 3025
f 3024 3025 3026
f 3026 3025 3027
f 3026 3027 3028
f 3028 3027 3029
f 3028 3029 3030
f 3030 3029 3031
f 3030 3031 3032
f 3032 3031 3033
f 3032 3033 3034
f 3034 3033 3035
f 3034 3035 3012
f 3012 3035 3013
f 3036 3037 3038
f 3038 3037 3039
f 3038 3039 3040
f 3040 3039 3041
f 3040 3041 3042
f 3042 3041 3043
f 3042 3043 3044
f 3044 3043 3045
f 3044 3045 3046
f 3046 3045 3047
f 3046 3047 3048
f 3048 3047 3049
f 3048 3049 3050
f 3050 3049 3051
f 3050 3051 3052
f 3052 3051 3053
f 3052 3053 3054
f 3054 3053 3055
f 3054 3055 3056
f 3056 3055 3057
f 3056 3057 3058
f 3058 3057 3059
f 3058 3059 3036
f 3036 3059 3037
f 3060 3061 3062
f 3062 3061 3063
f 3062 3063 3064
f 3064 3063 3065
f 3064 3065 3066
f 3066 3065 3067
f 3066 3067 3068
f 3068 3067 3069
f 3068 3069 3070
f 3070 3069 3071
f 3070 3071 3072
f 3072 3071 3073
f 3072 3073 3074
f 3074 3073 3075
f 3074 3075 3076
f 3076 3075 3077
f 3076 3077 3078
f 3078 3077 3079
f 3078 3079 3080
f 3080 3079 3081
f 3080 3081 3082
f 3082 3081 3083
f 3082 3083 3060
f 3060 3083 3061
f 3084 3085 3086
f 3086 3085 3087
f 3086 3087 3088
f 3088 3087 3089
f 3088 3089 3090
f 3090 3089 3091
f 3090 3091 3092
f 3092 3091 3093
f 3092 3093 3094
f 3094 3093 3095
f 3094 3095 3096
f 3096 3095 3097
f 3096 3097 3098
f 3098 3097 3099
f 3098 3099 3100
f 3100 3099 3101
f 3100 3101 3102
f 3102 3101 3103
f 3102 3103 3104
f 3104 3103 3105
f 3104 3105 3106
f 3106 3105 3107
f 3106 3107 3084
f 3084 3107 3085
f 3108 3109 3110
f 3110 3109 3111
f 3110 3111 3112
f 3112 3111 3113
f 3112 3113 3114
f 3114 3113 3115
f 3114 3115 3116
f 3116 3115 3117
f 3116 3117 3118
f 3118 3117 3119
f 3118 3119 3120
f 3120 3119 3121
f 3120 3121 3122
f 3122 3121 3123
f 3122 3123 3124
f 3124 3123 3125
f 3124 3125 3126
f 3126 3125 3127
f 3126 3127 3128
f 3128 3127 3129
f 3128 3129 3130
f 3130 3129 3131
f 3130 3131 3108
f 3108 3131 3109
f 3132 3133 3134
f 3134 3133 3135
f 3134 3135 3136
f 3136 3135 3137
f 3136 3137 3138
f 3138 3137 3139
f 3138 3139 3140
f 3140 3139 3141
f 3140 3141 3142
f 3142 3141 3143
f 3142 3143 3144
f 3144 3143 3145
f 3144 3145 3146
f 3146 3145 3147
f 3146 3147 3148
f 3148 3147 3149
f 3148 3149 3150
f 3150 3149 3151
f 3150 3151 3152
f 3152 3151 3153
f 3152 3153 3154
f 3154 3153 3155
f 3154 3155 3132
f 3132 3155 3133
f 3156 3157 3158
f 3158 3157 3159
f 3158 3159 3160
f 3160 3159 3161
f 3160 3161 3162
f 3162 3161 3163
f 3162 3163 3164
f 3164 3163 3165
f 3164 3165 3166
f 3166 3165 3167
f 3166 3167 3168
f 3168 3167 3169
f 3168 3169 3170
f 3170 3169 3171
f 3170 3171 3172
f 3172 3171 3173
f 3172 3173 3174
f 3174 3173 3175
f 3174 3175 3176
f 3176 3175 3177
f 3176 3177 3178
f 3178 3177 3179
f 3178 3179 3156
f 3156 3179 3157
f 3180 3181 3182
f 3182 3181 3183
f 3182 3183 3184
f 3184 3183 3185
f 3184 3185 3186
f 3186 3185 3187
f 3186 3187 3188
f 3188 3187 3189
f 3188 3189 3190
f 3190 3189 3191
f 3190 3191 3192
f 3192 3191 3193
f 3192 3193 3194
f 3194 3193 3195
f 3194 3195 3196
f 3196 3195 3197
f 3196 3197 3198
f 3198 3197 3199
f 3198 3199 3200
f 3200 3199 3201
f 3200 3201 3202
f 3202 3201 3203
f 3202 3203 3180
f 3180 3203 3181
f 3204 3205 3206
f 3206 3205 3207
f 3206 3207 3208
f 3208 3207 3209
f 3208 3209 3210
f 3210 3209 3211
f 3210 3211 3212
f 3212 3211 3213
f 3212 3213 3214
f 3214 3213 3215
f 3214 3215 3216
f 3216 3215 3217
f 3216 3217 3218
f 3218 3217 3219
f 3218 3219 3220
f 3220 3219 3221
f 3220 3221 3222
f 3222 3221 3223
f 3222 3223 3224
f 3224 3223 3225
f 3224 3225 3226
f 3226 3225 3227
f 3226 3227 3204
f 3204 3227 3205
f 3228 3229 3230
f 3230 3229 3231
f 3230 3231 3232
f 3232 3231 3233
f 3232 3233 3234
f 3234 3233 3235
f 3234 3235 3236
f 3236 3235 3237
f 3236 3237 3238
f 3238 3237 3239
f 3238 3239 3240
f 3240 3239 3241
f 3240 3241 3242
f 3242 3241 3243
f 3242 3243 3244
f 3244 3243 3245
f 3244 3245 3246
f 3246 3245 3247
f 3246 3247 3248
f 3248 3247 3249
f 3248 3249 3250
f 3250 3249 3251
f 3250 3251 3228
f 3228 3251 3229
f 3252 3253 3254
f 3254 3253 3255
f 3254 3255 3256
f 3256 3255 3257
f 3256 3257 3258
f 3258 3257 3259
f 3258 3259 3260
f 3260 3259 3261
f 3260 3261 3262
f 3262 3261 3263
f 3262 3263 3264
f 3264 3263 3265
f 3264 3265 3266
f 3266 3265 3267
f 3266 3267 3268
f 3268 3267 3269
f 3268 3269 3270
f 3270 3269 3271
f 3270 3271 3272
f 3272 3271 3273
f 3272 3273 3274
f 3274 3273 3275
f 3274 3275 3252
f 3252 3275 3253
f 3276 3277 3278
f 3279 3280 3281
f 3281 3282 3279
f 3279 3282 3283
f 3279 3283 3278
f 3278 3283 3284
f 3278 3284 3276
f 3285 3286 3287
f 3287 3286 3288
f 3287 3288 3289
f 3290 3291 3292
f 3292 3291 3287
f 3292 3287 3293
f 3293 3287 3289
f 3290 3294 3291
f 3291 3294 3295
f 3291 3295 3296
f 3296 3297 3291
f 3291 3297 3298
f 3291 3298 3299
f 3300 3301 3302
f 3303 3304 3305
f 3305 3306 3303
f 3303 3306 3307
f 3303 3307 3302
f 3302 3307 3308
f 3302 3308 3300
f 3309 3310 3311
f 3311 3310 3312
f 3309 3313 3310
f 3310 3313 3314
f 3310 3314 3315
f 3315 3316 3310
f 3310 3316 3317
f 3310 3317 3318
f 3318 3317 3319
f 3318 3319 3320
f 3320 3321 3318
f 3318 3321 3322
f 3318 3322 3323
f 3323 3322 3324
f 3322 3321 3325
f 3015 3013 3326
f 3327 3328 3329
f 3329 3330 3331
f 3331 3332 3333
f 3334 3335 3336
f 3083 3081 3337
f 3079 3077 3338
f 3077 3075 3338
f 3338 3075 3073
f 3338 3073 3339
f 3073 3071 3339
f 3339 3071 3069
f 3339 3069 3340
f 3340 3069 3067
f 3067 3065 3340
f 3340 3065 3063
f 3340 3063 3337
f 3337 3063 3061
f 3337 3061 3083
f 3059 3057 3341
f 3055 3053 3342
f 3342 3053 3051
f 3342 3051 3049
f 3049 3047 3343
f 3343 3047 3045
f 3343 3045 3344
f 3344 3045 3043
f 3043 3041 3344
f 3344 3041 3039
f 3344 3039 3341
f 3341 3039 3037
f 3341 3037 3059
f 3049 3343 3342
f 3342 3343 3345
f 3342 3345 3346
f 3347 3340 3348
f 3348 3340 3337
f 3348 3337 3349
f 3349 3337 3350
f 3081 3079 3337
f 3337 3079 3338
f 3337 3338 3350
f 3350 3338 3351
f 3350 3351 3336
f 2983 2981 3352
f 2987 3353 2965
f 2965 3353 3342
f 2965 3342 2967
f 2983 3352 2985
f 2981 2979 3352
f 3352 2979 2977
f 3352 2977 3346
f 3346 2977 2975
f 2975 2973 3346
f 3346 2973 2971
f 3346 2971 3342
f 3342 2971 2969
f 3342 2969 2967
f 2731 2729 3349
f 2741 2739 3336
f 3336 2739 2737
f 3336 2737 3350
f 3350 2737 2735
f 3350 2735 3349
f 3349 2735 2733
f 3349 2733 2731
f 2741 3336 2743
f 2743 3336 3335
f 2743 3335 2745
f 2729 2727 3349
f 3349 2727 2725
f 3349 2725 3335
f 3335 2725 2747
f 3335 2747 2745
f 2671 2669 3354
f 2655 2653 3355
f 3355 2653 2675
f 3355 2675 2673
f 2659 2657 3351
f 2669 2667 3354
f 3354 2667 2665
f 3354 2665 3356
f 3356 2665 2663
f 3356 2663 2661
f 2661 2659 3356
f 3356 2659 3351
f 3356 3351 3357
f 3357 3351 3338
f 3357 3338 3358
f 3358 3338 3339
f 3359 3360 3361
f 3361 3360 3362
f 3361 3362 3363
f 3363 3362 3364
f 3363 3364 3365
f 3365 3364 3366
f 3365 3366 3367
f 3333 3332 3355
f 2635 2633 3354
f 2633 2631 3354
f 3354 2631 2629
f 3354 2629 3368
f 3368 2629 2651
f 3368 2651 2649
f 3365 2639 2637
f 2649 2647 3368
f 3368 2647 3367
f 3368 3367 3369
f 2647 2645 3367
f 3367 2645 2643
f 3367 2643 3365
f 3365 2643 2641
f 3365 2641 2639
f 2637 2635 3365
f 3365 2635 3354
f 3365 3354 3363
f 3363 3354 3356
f 3363 3356 3361
f 3361 3356 3357
f 3361 3357 3359
f 3359 3357 3358
f 2605 2627 3370
f 3370 2627 2625
f 2613 2611 3366
f 3366 2611 2609
f 3366 2609 2607
f 2623 2621 3371
f 3371 2621 2619
f 3371 2619 3372
f 3372 2619 2617
f 3372 2617 2615
f 2615 2613 3372
f 3372 2613 3366
f 3372 3366 3373
f 3373 3366 3364
f 3373 3364 3341
f 3341 3364 3362
f 3341 3362 3344
f 3344 3362 3360
f 2657 2655 3351
f 3351 2655 3355
f 3351 3355 3336
f 3336 3355 3332
f 3336 3332 3334
f 3334 3332 2711
f 2711 2709 3334
f 3334 2709 2707
f 3334 2707 2705
f 2723 3330 2701
f 2701 3330 3334
f 2701 3334 2703
f 2703 3334 2705
f 2723 2721 3330
f 3330 2721 2719
f 3330 2719 3331
f 2719 2717 3331
f 3331 2717 2715
f 3331 2715 3332
f 3332 2715 2713
f 3332 2713 2711
f 2699 2697 3374
f 2683 2681 3333
f 3333 2681 2679
f 2699 3374 2677
f 2687 2685 3368
f 2695 2693 3369
f 3369 2693 2691
f 3369 2691 3368
f 3368 2691 2689
f 3368 2689 2687
f 2685 2683 3368
f 3368 2683 3333
f 3368 3333 3354
f 3354 3333 3355
f 3354 3355 2671
f 2671 3355 2673
f 2843 2841 3316
f 2839 2837 3328
f 2837 2835 3328
f 3328 2835 2833
f 3328 2833 3375
f 3375 2833 2831
f 3375 2831 2829
f 2829 2827 3375
f 3375 2827 3315
f 3375 3315 3376
f 3376 3315 3314
f 3376 3314 3377
f 3377 3314 3313
f 3377 3313 3378
f 3378 3313 3309
f 3378 3309 3379
f 3379 3309 3311
f 3379 3311 3380
f 3380 3311 3312
f 2827 2825 3315
f 3315 2825 2823
f 3315 2823 3316
f 3316 2823 2821
f 3316 2821 2843
f 2819 2817 3328
f 2813 2811 3329
f 3329 2811 2809
f 3329 2809 3330
f 3330 2809 2807
f 3330 2807 2805
f 3328 2817 3329
f 3329 2817 2815
f 3329 2815 2813
f 2805 2803 3330
f 3330 2803 3375
f 3330 3375 3334
f 3334 3375 3376
f 3334 3376 3335
f 3335 3376 3377
f 3335 3377 3349
f 3349 3377 3378
f 3349 3378 3348
f 3348 3378 3379
f 3348 3379 3347
f 3347 3379 3380
f 2803 2801 3375
f 3375 2801 2799
f 3375 2799 3328
f 3328 2799 2797
f 3328 2797 2819
f 3381 3326 3382
f 3383 3326 3384
f 3384 3326 3381
f 3384 3381 3370
f 2625 2623 3370
f 3370 2623 3371
f 3370 3371 3384
f 3384 3371 3385
f 3384 3385 3383
f 3383 3385 3386
f 3057 3055 3341
f 3341 3055 3342
f 3341 3342 3373
f 3373 3342 3353
f 3373 3353 3372
f 3372 3353 3387
f 3372 3387 3371
f 3371 3387 3388
f 3371 3388 3385
f 3385 3388 3389
f 3385 3389 3386
f 3386 3389 3390
f 2841 2839 3316
f 3316 2839 3328
f 3316 3328 3317
f 3317 3328 3327
f 3317 3327 3319
f 3391 3382 3392
f 3392 3382 3326
f 3392 3326 3393
f 3393 3326 3013
f 3013 3035 3393
f 3393 3035 3033
f 3393 3033 3031
f 3009 3007 3394
f 3009 3394 3011
f 3001 2999 3383
f 3383 2999 2997
f 3007 3005 3394
f 3394 3005 3003
f 3394 3003 3001
f 3394 3393 3011
f 3011 3393 3031
f 3011 3031 2989
f 2989 3031 3029
f 3029 3027 2989
f 2989 3027 3025
f 2989 3025 2991
f 2991 3025 3023
f 3021 3019 3326
f 3326 3019 3017
f 3326 3017 3015
f 2997 2995 3383
f 3383 2995 2993
f 3383 2993 3326
f 3326 2993 2991
f 3326 2991 3021
f 3021 2991 3023
f 2947 2945 3390
f 3390 2945 2943
f 3001 3383 3394
f 3394 3383 3386
f 3394 3386 3395
f 3395 3386 3390
f 3395 3390 3396
f 3396 3390 2943
f 3396 2943 2941
f 2941 2963 3396
f 3396 2963 2961
f 3396 2961 3397
f 3397 2961 2959
f 3397 2959 2957
f 2957 2955 3397
f 3397 2955 2953
f 3397 2953 3398
f 3398 2953 2951
f 3398 2951 2949
f 2949 2947 3398
f 3398 2947 3390
f 3398 3390 3399
f 3399 3390 3389
f 3399 3389 3400
f 3400 3389 3388
f 3400 3388 3401
f 3401 3388 3387
f 3401 3387 3352
f 3352 3387 3353
f 3352 3353 2985
f 2985 3353 2987
f 3345 3402 3346
f 3346 3402 3403
f 3346 3403 3352
f 3352 3403 3404
f 3352 3404 3401
f 3401 3404 3405
f 3401 3405 3400
f 3400 3405 3406
f 3400 3406 3399
f 3399 3406 3407
f 3399 3407 3398
f 3398 3407 3408
f 3398 3408 3397
f 3397 3408 3409
f 3320 3319 3410
f 3410 3319 3327
f 3410 3327 3411
f 3411 3327 3329
f 3411 3329 3412
f 3412 3329 3331
f 3412 3331 3374
f 3374 3331 3333
f 3374 3333 2677
f 2677 3333 2679
f 3413 3391 3414
f 3414 3391 3392
f 3414 3392 3415
f 3415 3392 3393
f 3415 3393 3416
f 3416 3393 3394
f 3416 3394 3417
f 3417 3394 3395
f 3417 3395 3418
f 3418 3395 3396
f 3418 3396 3419
f 3419 3396 3397
f 3419 3397 3420
f 2891 3420 2869
f 2869 3420 3397
f 2869 3397 2871
f 2871 3397 2873
f 2891 2889 3420
f 3420 2889 2887
f 3420 2887 3421
f 2881 3409 2883
f 2883 3409 3421
f 2883 3421 2885
f 2885 3421 2887
f 2881 2879 3409
f 3409 2879 2877
f 3409 2877 3397
f 3397 2877 2875
f 3397 2875 2873
f 3422 3413 3423
f 3423 3413 3414
f 3423 3414 3424
f 3424 3414 3415
f 3424 3415 3425
f 3425 3415 3416
f 3425 3416 3426
f 3426 3416 3417
f 3426 3417 3427
f 3427 3417 3418
f 3427 3418 3428
f 3428 3418 3419
f 3428 3419 3429
f 3429 3419 3420
f 3429 3420 3430
f 2861 2859 3431
f 3431 2859 2857
f 3431 2857 3421
f 2861 3431 2863
f 2863 3431 3430
f 2863 3430 2865
f 2857 2855 3421
f 3421 2855 2853
f 3421 2853 3420
f 3420 2853 2851
f 3420 2851 2849
f 2849 2847 3420
f 3420 2847 2845
f 3420 2845 3430
f 3430 2845 2867
f 3430 2867 2865
f 2763 2761 3325
f 3325 2761 3432
f 2761 2759 3432
f 3432 2759 2757
f 3432 2757 2755
f 2771 2769 3321
f 3321 2769 2767
f 3321 2767 3325
f 3325 2767 2765
f 3325 2765 2763
f 2755 3320 3432
f 3432 3320 3410
f 3432 3410 3433
f 3433 3410 3411
f 3433 3411 3434
f 3434 3411 3412
f 3434 3412 3435
f 3435 3412 3374
f 3435 3374 3369
f 3369 3374 2697
f 3369 2697 2695
f 2755 2753 3320
f 3320 2753 2751
f 3320 2751 3321
f 3321 2751 2749
f 3321 2749 2771
f 2795 2793 3325
f 2785 3436 2787
f 2787 3436 2789
f 2785 2783 3422
f 3422 2783 2781
f 3422 2781 2779
f 3325 2793 3436
f 3436 2793 2791
f 3436 2791 2789
f 2607 2605 3366
f 3366 2605 3370
f 3366 3370 3367
f 3367 3370 3381
f 3367 3381 3369
f 3369 3381 3382
f 3369 3382 3435
f 3435 3382 3391
f 3435 3391 3434
f 3434 3391 3413
f 3434 3413 3433
f 3433 3413 3422
f 3433 3422 3432
f 3432 3422 2779
f 2779 2777 3432
f 3432 2777 2775
f 3432 2775 3325
f 3325 2775 2773
f 3325 2773 2795
f 2785 3422 3436
f 3436 3422 3423
f 3436 3423 3437
f 3437 3423 3424
f 3437 3424 3438
f 3438 3424 3425
f 3438 3425 3439
f 3439 3425 3426
f 3439 3426 3440
f 3440 3426 3427
f 3440 3427 3441
f 3441 3427 3428
f 3441 3428 3442
f 3442 3428 3429
f 3442 3429 3443
f 3443 3429 3430
f 3443 3430 3444
f 3444 3430 3431
f 3444 3431 3445
f 3322 3325 3324
f 3324 3325 3436
f 3324 3436 3446
f 3446 3436 3437
f 3446 3437 3447
f 3447 3437 3438
f 3447 3438 3448
f 3448 3438 3439
f 3448 3439 3449
f 3449 3439 3440
f 3449 3440 3450
f 3450 3440 3441
f 3450 3441 3451
f 3451 3441 3442
f 3451 3442 3452
f 3452 3442 3443
f 3452 3443 3453
f 3453 3443 3444
f 3453 3444 3454
f 2915 3454 2893
f 2893 3454 3444
f 2893 3444 2895
f 2895 3444 2897
f 2915 2913 3454
f 3454 2913 2911
f 3454 2911 3455
f 2905 3445 2907
f 2907 3445 3455
f 2907 3455 2909
f 2909 3455 2911
f 2905 2903 3445
f 3445 2903 2901
f 3445 2901 3444
f 3444 2901 2899
f 3444 2899 2897
f 3323 3324 3456
f 3456 3324 3446
f 3456 3446 3457
f 3457 3446 3447
f 3457 3447 3458
f 3458 3447 3448
f 3458 3448 3459
f 3459 3448 3449
f 3459 3449 3460
f 3460 3449 3450
f 3460 3450 3461
f 3461 3450 3451
f 3461 3451 3462
f 3462 3451 3452
f 3462 3452 3463
f 3463 3452 3453
f 3463 3453 3464
f 3464 3453 3454
f 3464 3454 3465
f 2939 3465 2917
f 2917 3465 3454
f 2917 3454 2919
f 2919 3454 2921
f 2939 2937 3465
f 3465 2937 2935
f 3465 2935 3466
f 2929 3455 2931
f 2931 3455 3466
f 2931 3466 2933
f 2933 3466 2935
f 2929 2927 3455
f 3455 2927 2925
f 3455 2925 3454
f 3454 2925 2923
f 3454 2923 2921
f 3402 3299 3403
f 3403 3299 3298
f 3403 3298 3404
f 3404 3298 3297
f 3404 3297 3405
f 3405 3297 3296
f 3405 3296 3406
f 3406 3296 3295
f 3406 3295 3407
f 3407 3295 3294
f 3407 3294 3408
f 3408 3294 3290
f 3408 3290 3409
f 3409 3290 3292
f 3409 3292 3421
f 3421 3292 3293
f 3421 3293 3431
f 3431 3293 3289
f 3431 3289 3445
f 3445 3289 3288
f 3445 3288 3455
f 3455 3288 3286
f 3455 3286 3466
f 3466 3286 3285
f 3467 3468 3469
f 3470 3471 3472
f 3222 3224 3473
f 3474 3128 3307
f 3307 3128 3130
f 3307 3130 3308
f 3126 3475 3124
f 3124 3475 3476
f 3124 3476 3122
f 3122 3476 3477
f 3122 3477 3120
f 3120 3477 3118
f 3118 3477 3478
f 3118 3478 3479
f 3480 3112 3114
f 3130 3108 3308
f 3308 3108 3110
f 3308 3110 3300
f 3481 3482 3483
f 3484 3485 3486
f 3486 3485 3487
f 3486 3487 3134
f 3134 3487 3488
f 3134 3488 3132
f 3132 3488 3154
f 3146 3282 3144
f 3144 3282 3142
f 3154 3488 3152
f 3152 3488 3489
f 3152 3489 3150
f 3150 3489 3481
f 3150 3481 3148
f 3148 3481 3483
f 3148 3483 3146
f 3146 3483 3283
f 3146 3283 3282
f 3142 3282 3140
f 3140 3282 3281
f 3140 3281 3490
f 3491 3136 3490
f 3490 3136 3138
f 3490 3138 3140
f 3492 3174 3176
f 3176 3178 3493
f 3178 3156 3493
f 3493 3156 3158
f 3493 3158 3494
f 3494 3158 3160
f 3494 3160 3495
f 3495 3160 3162
f 3495 3162 3164
f 3482 3495 3483
f 3483 3495 3164
f 3483 3164 3283
f 3283 3164 3166
f 3283 3166 3284
f 3166 3168 3284
f 3284 3168 3170
f 3284 3170 3492
f 3492 3170 3172
f 3492 3172 3174
f 3306 3204 3206
f 3473 3224 3306
f 3306 3224 3226
f 3306 3226 3204
f 3126 3128 3475
f 3475 3128 3474
f 3475 3474 3496
f 3496 3474 3497
f 3498 3473 3499
f 3499 3473 3500
f 3214 3498 3212
f 3212 3498 3501
f 3212 3501 3210
f 3210 3501 3497
f 3210 3497 3208
f 3208 3497 3474
f 3208 3474 3206
f 3206 3474 3307
f 3206 3307 3306
f 3214 3216 3498
f 3498 3216 3218
f 3498 3218 3473
f 3473 3218 3220
f 3473 3220 3222
f 3502 3484 3503
f 3503 3484 3486
f 3503 3486 3491
f 3491 3486 3134
f 3491 3134 3136
f 3176 3493 3492
f 3492 3493 3504
f 3492 3504 3505
f 3505 3504 3506
f 3505 3506 3507
f 3507 3506 3508
f 3507 3508 3500
f 3500 3508 3509
f 3500 3509 3499
f 3305 3304 3510
f 3510 3304 3511
f 3510 3511 3512
f 3277 3276 3468
f 3468 3276 3513
f 3468 3513 3469
f 3512 3198 3200
f 3202 3180 3500
f 3500 3180 3182
f 3188 3507 3186
f 3186 3507 3500
f 3186 3500 3184
f 3184 3500 3182
f 3188 3190 3507
f 3507 3190 3192
f 3507 3192 3472
f 3472 3192 3194
f 3472 3194 3196
f 3511 3470 3512
f 3512 3470 3472
f 3512 3472 3198
f 3198 3472 3196
f 3200 3202 3512
f 3512 3202 3500
f 3512 3500 3510
f 3510 3500 3473
f 3510 3473 3305
f 3305 3473 3306
f 3264 3266 3469
f 3469 3266 3268
f 3268 3270 3469
f 3469 3270 3472
f 3469 3472 3467
f 3467 3472 3471
f 3270 3272 3472
f 3472 3272 3274
f 3472 3274 3507
f 3507 3274 3252
f 3507 3252 3254
f 3254 3256 3507
f 3507 3256 3258
f 3507 3258 3505
f 3505 3258 3260
f 3505 3260 3262
f 3276 3284 3513
f 3513 3284 3492
f 3513 3492 3469
f 3469 3492 3505
f 3469 3505 3264
f 3264 3505 3262
f 3514 3515 3479
f 3479 3515 3116
f 3479 3116 3118
f 3516 3301 3300
f 3110 3112 3300
f 3300 3112 3480
f 3300 3480 3516
f 3516 3480 3517
f 3106 3084 3515
f 3514 3096 3098
f 3098 3100 3514
f 3514 3100 3102
f 3514 3102 3515
f 3515 3102 3104
f 3515 3104 3106
f 3114 3116 3480
f 3480 3116 3515
f 3480 3515 3517
f 3517 3515 3084
f 3517 3084 3086
f 3086 3088 3517
f 3517 3088 3090
f 3517 3090 3518
f 3518 3090 3092
f 3518 3092 3514
f 3514 3092 3094
f 3514 3094 3096
f 3238 3240 3491
f 3491 3240 3242
f 3491 3242 3244
f 3244 3246 3491
f 3491 3246 3514
f 3491 3514 3503
f 3503 3514 3479
f 3503 3479 3502
f 3502 3479 3478
f 3246 3248 3514
f 3514 3248 3250
f 3514 3250 3518
f 3518 3250 3228
f 3518 3228 3230
f 3230 3232 3518
f 3518 3232 3234
f 3518 3234 3519
f 3519 3234 3236
f 3281 3280 3490
f 3490 3280 3520
f 3490 3520 3491
f 3491 3520 3519
f 3491 3519 3238
f 3238 3519 3236
f 3521 3522 3523
f 2568 2570 3524
f 3277 3468 3525
f 3318 3323 3526
f 3526 3323 3456
f 3304 3303 3511
f 3511 3303 3527
f 3511 3527 3470
f 3277 3525 3278
f 3528 3466 3285
f 3529 2554 2532
f 3466 3528 3465
f 2554 3529 2552
f 2552 3529 3463
f 2552 3463 2550
f 2550 3463 3464
f 2550 3464 2548
f 2548 3464 3465
f 2548 3465 2546
f 2546 3465 3528
f 2546 3528 2544
f 2532 2534 3521
f 3521 2534 2536
f 3521 2536 3522
f 2544 3528 2542
f 2542 3528 3530
f 2542 3530 2540
f 2540 3530 3525
f 2540 3525 2538
f 3459 2572 3458
f 3458 2572 2574
f 3458 2574 3457
f 3457 2574 2576
f 3457 2576 3456
f 3456 2576 2578
f 3456 2578 3526
f 3526 2578 2556
f 3526 2556 3531
f 2568 3524 2566
f 2566 3524 3532
f 2566 3532 2564
f 2560 2562 3533
f 3285 3287 3528
f 3528 3287 3534
f 3528 3534 3530
f 3530 3534 3535
f 3530 3535 3525
f 3525 3535 3536
f 3525 3536 3278
f 3468 3467 3525
f 3525 3467 3522
f 3525 3522 2538
f 2538 3522 2536
f 2532 3521 3529
f 3529 3521 2478
f 3529 2478 2480
f 2472 2474 3521
f 3521 2474 2476
f 3521 2476 2478
f 2468 2470 3537
f 3537 2470 2472
f 2480 2482 3529
f 3529 2482 2460
f 3529 2460 3538
f 2460 2462 3538
f 3538 2462 2464
f 3538 2464 3537
f 3537 2464 2466
f 3537 2466 2468
f 2440 2442 3523
f 2456 2458 3522
f 3522 2458 2436
f 3522 2436 3523
f 3523 2436 2438
f 3523 2438 2440
f 2442 2444 3471
f 3471 2444 2446
f 3471 2446 3467
f 3467 2446 2448
f 2448 2450 3467
f 3467 2450 2452
f 3467 2452 3522
f 3522 2452 2454
f 3522 2454 2456
f 3459 3460 3538
f 3538 3460 3461
f 3538 3461 3529
f 3529 3461 3462
f 3529 3462 3463
f 2498 2500 3537
f 3537 2500 2502
f 3537 2502 3538
f 3538 2502 2504
f 3538 2504 2506
f 2506 2484 3538
f 3538 2484 3524
f 3538 3524 3459
f 3459 3524 2570
f 3459 2570 2572
f 2484 2486 3524
f 3524 2486 2488
f 3524 2488 3532
f 3532 2488 2490
f 2490 2492 3532
f 3532 2492 2494
f 3532 2494 2496
f 2562 2564 3533
f 3533 2564 3532
f 3533 3532 3537
f 3537 3532 2496
f 3537 2496 2498
f 2530 3523 2528
f 2528 3523 2526
f 2508 2510 3533
f 3533 2510 2512
f 3533 2512 2514
f 2472 3521 3537
f 3537 3521 3523
f 3537 3523 3533
f 3533 3523 2530
f 3533 2530 2508
f 2556 2558 3531
f 3531 2558 2560
f 3531 2560 3527
f 3527 2560 3533
f 3527 3533 3470
f 3470 3533 2514
f 3470 2514 2516
f 2442 3471 3523
f 3523 3471 2524
f 3523 2524 2526
f 2516 2518 3470
f 3470 2518 2520
f 3470 2520 3471
f 3471 2520 2522
f 3471 2522 2524
f 2402 3287 2401
f 2401 3287 3291
f 2402 2425 3287
f 3287 2425 2427
f 3287 2427 3534
f 3534 2427 2411
f 3534 2411 3535
f 3535 2411 2410
f 3535 2410 3536
f 2419 2421 3291
f 3291 2421 2403
f 3291 2403 2401
f 3278 2406 3279
f 3279 2406 2407
f 3279 2407 2413
f 3536 2410 3278
f 3278 2410 2409
f 3278 2409 2431
f 2413 2415 3279
f 3279 2415 2404
f 3279 2404 3291
f 3291 2404 2405
f 3291 2405 2419
f 2431 2433 3278
f 3278 2433 2408
f 3278 2408 2406
f 3516 2590 2592
f 3380 3312 3310
f 3358 3339 2592
f 2592 3339 3340
f 2592 3340 3347
f 3310 3302 3301
f 3301 3516 3310
f 3310 3516 2592
f 3310 2592 3380
f 3380 2592 3347
f 3280 3279 3520
f 3520 3279 3291
f 2590 3516 2588
f 2588 3516 3517
f 2588 3517 2586
f 2586 3517 3518
f 2586 3518 2584
f 2584 3518 3519
f 2584 3519 2582
f 3299 3402 3291
f 3291 3402 3345
f 3519 3520 2582
f 2582 3520 3291
f 2582 3291 2580
f 2580 3291 3345
f 2580 3345 3343
f 2600 3360 2598
f 2598 3360 3359
f 2598 3359 2596
f 2596 3359 3358
f 2596 3358 2594
f 2594 3358 2592
f 3343 3344 2580
f 2580 3344 3360
f 2580 3360 2602
f 2602 3360 2600
f 3539 3540 3541
f 3542 3543 3544
f 3544 3543 3545
f 3546 3547 3548
f 3548 3547 3549
f 3548 3549 3550
f 3550 3549 3541
f 3550 3541 3551
f 3551 3541 3540
f 3545 3543 3541
f 3541 3543 3552
f 3541 3552 3539
f 3553 3554 3555
f 3555 3554 3556
f 3553 3557 3554
f 3554 3557 3558
f 3554 3558 3559
f 3559 3558 3560
f 3559 3560 3561
f 3556 3562 3555
f 3555 3562 3563
f 3555 3563 3564
f 3564 3563 3565
f 3566 3567 3568
f 3568 3567 3569
f 3569 3570 3568
f 3568 3570 3571
f 3568 3571 3565
f 3565 3571 3572
f 3565 3572 3564
f 3573 3574 3575
f 3575 3574 3576
f 3575 3576 3577
f 3575 3578 3573
f 3573 3578 3579
f 3573 3579 3580
f 3580 3581 3573
f 3573 3581 3582
f 3573 3582 3583
f 3583 3582 3584
f 3583 3584 3585
f 3585 3584 3586
f 3587 3588 3589
f 3589 3588 3590
f 3589 3590 3591
f 3592 3593 3594
f 3594 3593 3595
f 3590 3596 3591
f 3591 3596 3597
f 3591 3597 3598
f 3598 3597 3594
f 3598 3594 3599
f 3599 3594 3595
f 3592 3600 3593
f 3593 3600 3601
f 3593 3601 3602
f 3602 3601 3603
f 3603 3604 3602
f 3602 3604 3605
f 3602 3605 3606
f 2734 2736 3607
f 2638 2640 3608
f 3609 3610 3611
f 2686 2688 3610
f 2710 2712 3612
f 3613 3614 3615
f 3616 3561 3560
f 2926 2928 3617
f 3618 3619 3620
f 3621 3622 3623
f 3624 3625 3626
f 3627 3628 3629
f 3587 3627 3630
f 3631 3632 3633
f 3625 3634 3635
f 3635 3634 3636
f 2930 2932 3637
f 3637 2932 3619
f 3619 2932 2934
f 3619 2934 2936
f 2936 2938 3619
f 3619 2938 2916
f 3619 2916 3620
f 3620 2916 2918
f 2918 2920 3620
f 3620 2920 2922
f 3620 2922 3617
f 3617 2922 2924
f 3617 2924 2926
f 3616 3617 3637
f 3637 3617 2928
f 3637 2928 2930
f 2898 2900 3638
f 3639 2896 2898
f 2900 2902 3638
f 3638 2902 2904
f 3638 2904 3617
f 2904 2906 3617
f 3617 2906 2908
f 3617 2908 3620
f 3620 2908 2910
f 3620 2910 2912
f 2912 2914 3620
f 3620 2914 2892
f 3620 2892 3639
f 3639 2892 2894
f 3639 2894 2896
f 2762 2764 3640
f 3640 2764 2766
f 2768 2770 3590
f 3590 2770 2748
f 3590 2748 3596
f 3596 2748 2750
f 3596 2750 2752
f 3587 3630 3588
f 3588 3630 3640
f 3588 3640 3590
f 3590 3640 2766
f 3590 2766 2768
f 2752 2754 3641
f 2754 2756 3641
f 3641 2756 2758
f 3641 2758 3640
f 3640 2758 2760
f 3640 2760 2762
f 2778 2780 3642
f 3643 2788 2790
f 2792 2794 3640
f 3640 2794 2772
f 3640 2772 3641
f 3641 2772 2774
f 3641 2774 2776
f 3627 3629 3630
f 3630 3629 3643
f 3630 3643 3640
f 3640 3643 2790
f 3640 2790 2792
f 2780 2782 3642
f 3642 2782 2784
f 3642 2784 3643
f 3643 2784 2786
f 3643 2786 2788
f 2752 3641 3596
f 3596 3641 3644
f 3596 3644 3597
f 3645 3644 3646
f 3646 3644 3641
f 3646 3641 3642
f 3642 3641 2776
f 3642 2776 2778
f 3647 3648 3649
f 3649 3648 3650
f 3649 3650 3651
f 3651 3650 3652
f 3651 3652 3653
f 3653 3652 3635
f 3653 3635 3654
f 3654 3635 3636
f 3654 3636 3621
f 2858 2860 3655
f 2862 2864 3656
f 2846 3657 2844
f 2844 3657 3656
f 2844 3656 2866
f 2866 3656 2864
f 2898 3638 3639
f 3639 3638 3655
f 3639 3655 3656
f 3656 3655 2860
f 3656 2860 2862
f 2846 2848 3657
f 3657 2848 2850
f 3657 2850 3658
f 2850 2852 3658
f 3658 2852 2854
f 3658 2854 3655
f 3655 2854 2856
f 3655 2856 2858
f 3659 3594 3597
f 3660 3645 3661
f 3661 3645 3646
f 3661 3646 3662
f 3662 3646 3642
f 3662 3642 3663
f 3663 3642 3643
f 3663 3643 3664
f 3664 3643 3629
f 3664 3629 3631
f 3631 3629 3628
f 3631 3628 3632
f 2874 2876 3665
f 3666 2872 2874
f 2876 2878 3665
f 3665 2878 2880
f 3665 2880 3658
f 2880 2882 3658
f 3658 2882 2884
f 3658 2884 3657
f 3657 2884 2886
f 3657 2886 2888
f 2888 2890 3657
f 3657 2890 2868
f 3657 2868 3666
f 3666 2868 2870
f 3666 2870 2872
f 3592 3594 3667
f 3667 3594 3659
f 3667 3659 3668
f 3669 3660 3670
f 3670 3660 3661
f 3670 3661 3671
f 3671 3661 3662
f 3671 3662 3672
f 3672 3662 3663
f 3672 3663 3673
f 3673 3663 3664
f 3673 3664 3674
f 3674 3664 3631
f 3674 3631 3675
f 3675 3631 3633
f 3675 3633 3624
f 3032 3034 3676
f 2992 2994 3677
f 3677 2994 2996
f 2996 2998 3677
f 3677 2998 3000
f 3677 3000 3647
f 3676 3034 3678
f 3678 3034 3012
f 3678 3012 3014
f 3022 3006 3020
f 3020 3006 3008
f 3020 3008 3018
f 3018 3008 3010
f 3018 3010 2988
f 3000 3002 3647
f 3647 3002 3004
f 3647 3004 3006
f 3026 3028 3676
f 3676 3028 3030
f 3676 3030 3032
f 2988 2990 3018
f 3018 2990 3678
f 3018 3678 3016
f 3016 3678 3014
f 3022 3024 3006
f 3006 3024 3026
f 3006 3026 3647
f 3647 3026 3676
f 3647 3676 3648
f 2946 2948 3679
f 3666 2956 2958
f 2960 2962 3680
f 3680 2962 2940
f 3680 2940 3681
f 3681 2940 2942
f 3681 2942 2944
f 3618 3620 3682
f 3682 3620 3639
f 3682 3639 3683
f 3683 3639 3656
f 3683 3656 3684
f 3684 3656 3657
f 3684 3657 3685
f 3685 3657 3666
f 3685 3666 3680
f 3680 3666 2958
f 3680 2958 2960
f 2946 3679 2944
f 2948 2950 3679
f 3679 2950 2952
f 3679 2952 3666
f 3666 2952 2954
f 3666 2954 2956
f 2830 2832 3667
f 3667 2832 2834
f 2826 2828 3613
f 2822 3600 2820
f 2820 3600 3592
f 2820 3592 2842
f 2834 2836 3667
f 3667 2836 2838
f 3667 2838 3592
f 3592 2838 2840
f 3592 2840 2842
f 2826 3613 2824
f 3668 2808 2810
f 2818 2796 3667
f 3667 2796 3613
f 3667 3613 2830
f 2830 3613 2828
f 3614 2804 2806
f 2810 2812 3668
f 3668 2812 2814
f 3668 2814 3667
f 3667 2814 2816
f 3667 2816 2818
f 2796 2798 3613
f 3613 2798 2800
f 3613 2800 3614
f 3614 2800 2802
f 3614 2802 2804
f 2806 2808 3614
f 3614 2808 3668
f 3614 3668 3686
f 3687 3601 3600
f 2714 2716 3686
f 3615 2704 2706
f 3686 2716 3614
f 3614 2716 2718
f 3614 2718 2720
f 2720 2722 3614
f 3614 2722 2700
f 3614 2700 3615
f 3615 2700 2702
f 3615 2702 2704
f 2710 3612 2708
f 3610 2688 3688
f 3609 2676 2678
f 2678 2680 3609
f 3609 2680 2682
f 3609 2682 3610
f 3610 2682 2684
f 3610 2684 2686
f 2688 2690 3688
f 3688 2690 2692
f 3688 2692 2694
f 3669 2696 2698
f 3624 3626 3675
f 3675 3626 3689
f 3675 3689 3674
f 3674 3689 3690
f 3674 3690 3673
f 3673 3690 3691
f 3673 3691 3672
f 3672 3691 3692
f 3672 3692 3671
f 3671 3692 3693
f 3671 3693 3670
f 3670 3693 3688
f 3670 3688 3669
f 3669 3688 2694
f 3669 2694 2696
f 3597 3644 3659
f 3659 3644 3645
f 3659 3645 3668
f 3668 3645 3660
f 3668 3660 3686
f 3686 3660 3669
f 3686 3669 3609
f 3609 3669 2698
f 3609 2698 2676
f 3694 3695 3696
f 3696 3695 3697
f 3696 3697 3698
f 3698 3697 3678
f 3698 3678 3677
f 3677 3678 2990
f 3677 2990 2992
f 3621 3623 3654
f 3654 3623 3699
f 3654 3699 3653
f 3653 3699 3700
f 3653 3700 3651
f 3651 3700 3701
f 3651 3701 3649
f 3649 3701 3702
f 3649 3702 3647
f 3647 3702 3703
f 3647 3703 3677
f 3677 3703 3704
f 3677 3704 3698
f 3698 3704 3705
f 3698 3705 3696
f 3603 3601 3706
f 3706 3601 3687
f 3706 3687 3707
f 2822 2824 3600
f 3600 2824 3613
f 3600 3613 3687
f 3687 3613 3615
f 3687 3615 3707
f 3707 3615 3607
f 2648 2650 3610
f 2642 2644 3695
f 3695 2644 2646
f 3610 2650 3611
f 3611 2650 2628
f 3611 2628 2630
f 2630 2632 3611
f 3611 2632 2634
f 3611 2634 3608
f 3608 2634 2636
f 3608 2636 2638
f 3625 3635 3626
f 3626 3635 3652
f 3626 3652 3689
f 3689 3652 3650
f 3689 3650 3690
f 3690 3650 3648
f 3690 3648 3691
f 3691 3648 3676
f 3691 3676 3692
f 3692 3676 3678
f 3692 3678 3693
f 3693 3678 3697
f 3693 3697 3688
f 3688 3697 3695
f 3688 3695 3610
f 3610 3695 2646
f 3610 2646 2648
f 3705 3708 2616
f 2616 2618 3705
f 3705 2618 2620
f 3705 2620 3696
f 3696 2620 2622
f 3696 2622 2624
f 2624 2626 3696
f 3696 2626 2604
f 3696 2604 3694
f 3694 2604 2606
f 3694 2606 2608
f 2610 2612 3708
f 3708 2612 2614
f 3708 2614 2616
f 3709 3708 3710
f 3710 3708 3705
f 3710 3705 3711
f 3711 3705 3704
f 3711 3704 3712
f 3712 3704 3703
f 3712 3703 3681
f 3681 3703 3702
f 3681 3702 3680
f 3680 3702 3701
f 3680 3701 3685
f 3685 3701 3700
f 3685 3700 3684
f 3684 3700 3699
f 3684 3699 3683
f 3683 3699 3623
f 3683 3623 3682
f 3682 3623 3622
f 3682 3622 3618
f 3707 2744 2746
f 2746 2724 3707
f 3707 2724 3713
f 3707 3713 3706
f 3706 3713 3714
f 3706 3714 3603
f 3603 3714 3604
f 2724 2726 3713
f 3713 2726 2728
f 3713 2728 2730
f 2736 2738 3607
f 3607 2738 2740
f 3607 2740 3707
f 3707 2740 2742
f 3707 2742 2744
f 2732 2734 3715
f 2734 3607 3715
f 3715 3607 3716
f 3715 3716 3717
f 2662 2664 3611
f 3611 2664 2666
f 3611 2666 2668
f 2654 2656 3716
f 3716 2656 2658
f 3716 2658 3718
f 3718 2658 2660
f 2670 2672 3719
f 3719 2672 2674
f 3719 2674 2652
f 2706 2708 3615
f 3615 2708 3612
f 3615 3612 3607
f 3607 3612 3719
f 3607 3719 3716
f 3716 3719 2652
f 3716 2652 2654
f 2668 2670 3611
f 3611 2670 3719
f 3611 3719 3609
f 3609 3719 3612
f 3609 3612 3686
f 3686 3612 2712
f 3686 2712 2714
f 2660 2662 3718
f 3718 2662 3611
f 3718 3611 3720
f 3720 3611 3608
f 3720 3608 3721
f 3605 3604 3722
f 3722 3604 3714
f 3722 3714 3723
f 3723 3714 3713
f 3723 3713 3724
f 3717 3716 3725
f 3725 3716 3718
f 3725 3718 3726
f 3726 3718 3720
f 3726 3720 3727
f 3727 3720 3721
f 3727 3721 3728
f 3729 2980 2982
f 3709 2984 2986
f 2972 2974 3730
f 3730 2974 2976
f 3730 2976 3729
f 3729 2976 2978
f 3729 2978 2980
f 2944 3679 3681
f 3681 3679 3731
f 3681 3731 3712
f 3712 3731 3732
f 3712 3732 3711
f 3711 3732 3733
f 3711 3733 3710
f 3710 3733 3729
f 3710 3729 3709
f 3709 3729 2982
f 3709 2982 2984
f 2608 2610 3694
f 3694 2610 3708
f 3694 3708 3734
f 3734 3708 3709
f 3734 3709 3735
f 3735 3709 2986
f 3735 2986 2964
f 2964 2966 3735
f 3735 2966 2968
f 3735 2968 3730
f 3730 2968 2970
f 3730 2970 2972
f 3724 3736 3723
f 3723 3736 3737
f 3723 3737 3722
f 3722 3737 3738
f 3722 3738 3605
f 3605 3738 3606
f 3724 3078 3080
f 3070 3072 3717
f 3717 3072 3074
f 3717 3074 3076
f 3062 3736 3060
f 3060 3736 3724
f 3060 3724 3082
f 3082 3724 3080
f 2730 2732 3713
f 3713 2732 3715
f 3713 3715 3724
f 3724 3715 3717
f 3724 3717 3078
f 3078 3717 3076
f 3068 3739 3066
f 3066 3739 3736
f 3066 3736 3064
f 3064 3736 3062
f 3728 3740 3727
f 3727 3740 3741
f 3727 3741 3726
f 3726 3741 3742
f 3726 3742 3725
f 3725 3742 3743
f 3725 3743 3717
f 3717 3743 3739
f 3717 3739 3070
f 3070 3739 3068
f 3728 3054 3056
f 3046 3048 3735
f 3735 3048 3050
f 3735 3050 3052
f 3038 3740 3036
f 3036 3740 3728
f 3036 3728 3058
f 3058 3728 3056
f 3052 3054 3735
f 3735 3054 3728
f 3735 3728 3734
f 3734 3728 3721
f 3734 3721 3694
f 3694 3721 3608
f 3694 3608 3695
f 3695 3608 2640
f 3695 2640 2642
f 3044 3744 3042
f 3042 3744 3740
f 3042 3740 3040
f 3040 3740 3038
f 3730 3745 3735
f 3735 3745 3744
f 3735 3744 3046
f 3046 3744 3044
f 2874 3665 3666
f 3666 3665 3746
f 3666 3746 3679
f 3679 3746 3747
f 3679 3747 3731
f 3731 3747 3748
f 3731 3748 3732
f 3732 3748 3749
f 3732 3749 3733
f 3733 3749 3750
f 3733 3750 3729
f 3729 3750 3751
f 3729 3751 3730
f 3730 3751 3752
f 3730 3752 3745
f 3616 3560 3617
f 3617 3560 3558
f 3617 3558 3638
f 3638 3558 3557
f 3638 3557 3655
f 3655 3557 3553
f 3655 3553 3658
f 3658 3553 3555
f 3658 3555 3665
f 3665 3555 3564
f 3665 3564 3746
f 3746 3564 3572
f 3746 3572 3747
f 3747 3572 3571
f 3747 3571 3748
f 3748 3571 3570
f 3748 3570 3749
f 3749 3570 3569
f 3749 3569 3750
f 3750 3569 3567
f 3750 3567 3751
f 3751 3567 3566
f 3751 3566 3752
f 3255 3253 3753
f 3585 3586 3754
f 3227 3225 3755
f 3137 3135 3756
f 3111 3109 3583
f 3583 3109 3131
f 3111 3583 3113
f 3113 3583 3585
f 3113 3585 3757
f 3758 3117 3757
f 3757 3117 3115
f 3757 3115 3113
f 3759 3760 3761
f 3123 3762 3125
f 3125 3762 3763
f 3125 3763 3127
f 3127 3763 3759
f 3127 3759 3129
f 3129 3759 3761
f 3129 3761 3131
f 3131 3761 3573
f 3131 3573 3583
f 3151 3764 3153
f 3153 3764 3765
f 3153 3765 3155
f 3155 3765 3766
f 3155 3766 3133
f 3133 3766 3135
f 3135 3766 1404
f 3135 1404 3756
f 3767 3768 3137
f 3545 3143 3544
f 3544 3143 3141
f 3544 3141 3768
f 3768 3141 3139
f 3768 3139 3137
f 3769 3149 3541
f 3541 3149 3147
f 3541 3147 3545
f 3545 3147 3145
f 3545 3145 3143
f 3151 3149 3764
f 3764 3149 3769
f 3764 3769 3770
f 3770 3769 3771
f 3179 3177 3772
f 3773 3159 3157
f 3169 3167 3549
f 3177 3175 3772
f 3772 3175 3173
f 3772 3173 3549
f 3549 3173 3171
f 3549 3171 3169
f 3159 3773 3161
f 3161 3773 3774
f 3161 3774 3163
f 3163 3774 3771
f 3163 3771 3165
f 3165 3771 3769
f 3165 3769 3167
f 3167 3769 3541
f 3167 3541 3549
f 1334 3775 3776
f 3205 3574 3207
f 3207 3574 3573
f 3207 3573 3209
f 3209 3573 3761
f 3209 3761 3777
f 3777 3761 3760
f 3225 3223 3755
f 3755 3223 3221
f 3755 3221 3778
f 3778 3221 3219
f 3219 3217 3778
f 3778 3217 3215
f 3778 3215 3779
f 3779 3215 3213
f 3779 3213 3777
f 3777 3213 3211
f 3777 3211 3209
f 3157 3179 3773
f 3773 3179 3772
f 3773 3772 1379
f 1379 3772 3780
f 1379 3780 3781
f 3781 3780 3753
f 3781 3753 3782
f 1404 3783 3756
f 3756 3783 3784
f 3756 3784 3785
f 3785 3784 3786
f 3785 3786 3787
f 3787 3786 1355
f 3787 1355 3119
f 3119 1355 3762
f 3119 3762 3121
f 3121 3762 3123
f 3758 3085 3107
f 3099 3097 1548
f 3107 3105 3758
f 3758 3105 3103
f 3758 3103 1548
f 1548 3103 3101
f 1548 3101 3099
f 3788 3089 3087
f 3097 3095 1556
f 1556 3095 3093
f 1556 3093 3788
f 3788 3093 3091
f 3788 3091 3089
f 3585 3754 3757
f 3757 3754 3788
f 3757 3788 3758
f 3758 3788 3087
f 3758 3087 3085
f 3243 3241 3767
f 1548 3229 3251
f 3251 3249 1548
f 1548 3249 3247
f 1548 3247 3767
f 3767 3247 3245
f 3767 3245 3243
f 3241 3239 3789
f 3097 1556 1548
f 1548 1556 3231
f 1548 3231 3229
f 3239 3237 3789
f 3789 3237 3235
f 3789 3235 1556
f 1556 3235 3233
f 1556 3233 3231
f 3241 3789 3767
f 3767 3789 3790
f 3767 3790 3768
f 3768 3790 3542
f 3768 3542 3544
f 3137 3756 3767
f 3767 3756 3785
f 3767 3785 1548
f 1548 3785 3787
f 1548 3787 3758
f 3758 3787 3119
f 3758 3119 3117
f 3205 3227 3574
f 3574 3227 3755
f 3574 3755 3576
f 3576 3755 3791
f 3576 3791 3577
f 3778 1334 3755
f 3755 1334 3776
f 3755 3776 3791
f 3791 3776 3792
f 3197 3793 3199
f 3199 3793 3792
f 3199 3792 3201
f 3776 3187 3185
f 3197 3195 3753
f 3195 3193 3753
f 3753 3193 3191
f 3753 3191 3189
f 3775 3782 3776
f 3776 3782 3753
f 3776 3753 3187
f 3187 3753 3189
f 3185 3183 3776
f 3776 3183 3181
f 3776 3181 3792
f 3792 3181 3203
f 3792 3203 3201
f 3197 3753 3793
f 3793 3753 3253
f 3793 3253 3275
f 3275 3273 3793
f 3793 3273 3271
f 3793 3271 3794
f 3794 3271 3269
f 3794 3269 3267
f 3267 3265 3780
f 3780 3265 3263
f 3263 3261 3780
f 3780 3261 3259
f 3780 3259 3753
f 3753 3259 3257
f 3753 3257 3255
f 3267 3780 3794
f 3794 3780 3772
f 3794 3772 3795
f 3795 3772 3549
f 3795 3549 3547
f 3577 3791 3796
f 3796 3791 3792
f 3796 3792 3797
f 3797 3792 3793
f 3797 3793 1543
f 1543 3793 3794
f 1543 3794 3798
f 3798 3794 3795
f 3798 3795 3799
f 3799 3795 3547
f 3799 3547 3546
f 3621 3636 3800
f 2493 2491 3801
f 3796 3797 3802
f 3803 3804 3805
f 3575 3577 3806
f 3806 3577 3807
f 3627 3587 3589
f 2533 2555 3808
f 3808 2555 2553
f 3808 2553 3622
f 3622 2553 3618
f 3618 2553 2551
f 3618 2551 3619
f 3561 3616 3809
f 3809 3616 3637
f 3809 3637 3619
f 2551 2549 3619
f 3619 2549 2547
f 3619 2547 3809
f 3809 2547 2545
f 3809 2545 3810
f 2533 3808 2535
f 2535 3808 3811
f 2535 3811 2537
f 2541 2539 3812
f 2545 2543 3810
f 3810 2543 2541
f 3810 2541 3803
f 3803 2541 3812
f 2565 2563 3802
f 3802 2563 2561
f 3807 3577 3813
f 3813 3577 3796
f 3813 3796 3814
f 3814 3796 3802
f 3814 3802 3815
f 3815 3802 2561
f 3815 2561 3816
f 3816 2561 2559
f 3816 2559 3817
f 3817 2559 2557
f 3817 2557 2579
f 3589 3817 3627
f 3627 3817 2579
f 3627 2579 3628
f 3628 2579 2577
f 3628 2577 3632
f 3632 2577 2575
f 3632 2575 3633
f 3633 2575 2573
f 3633 2573 3818
f 3818 2573 2571
f 3818 2571 2569
f 2569 2567 3801
f 3636 3634 3800
f 3800 3634 3625
f 3800 3625 3818
f 3818 3625 3624
f 3818 3624 3633
f 2569 3801 3818
f 3818 3801 2491
f 3818 2491 2489
f 3800 2505 3819
f 3819 2505 2503
f 3819 2503 2501
f 2489 2487 3818
f 3818 2487 2485
f 3818 2485 3800
f 3800 2485 2507
f 3800 2507 2505
f 2501 2499 3819
f 3819 2499 2497
f 3819 2497 3801
f 3801 2497 2495
f 3801 2495 2493
f 2529 2527 3820
f 2513 3802 2515
f 2515 3802 3797
f 2515 3797 2517
f 2513 2511 3802
f 3802 2511 2509
f 3802 2509 3820
f 3820 2509 2531
f 3820 2531 2529
f 2527 2525 1543
f 2525 2523 1543
f 1543 2523 2521
f 1543 2521 3797
f 3797 2521 2519
f 3797 2519 2517
f 2461 2483 3808
f 3808 2483 2481
f 3808 2481 3811
f 3811 2481 2479
f 3811 2479 2477
f 2471 3819 2473
f 2473 3819 3811
f 2473 3811 2475
f 2475 3811 2477
f 3622 3621 3808
f 3808 3621 3800
f 3808 3800 2461
f 2461 3800 2463
f 2471 2469 3819
f 3819 2469 2467
f 3819 2467 3800
f 3800 2467 2465
f 3800 2465 2463
f 2567 2565 3801
f 3801 2565 3802
f 3801 3802 3819
f 3819 3802 3820
f 3819 3820 3811
f 3811 3820 3812
f 3811 3812 2537
f 2537 3812 2539
f 2459 2457 3812
f 1543 2447 2445
f 2527 1543 3820
f 3820 1543 2445
f 3820 2445 2443
f 2443 2441 3820
f 3820 2441 2439
f 3820 2439 3812
f 3812 2439 2437
f 3812 2437 2459
f 2455 2453 3798
f 3798 2453 2451
f 3798 2451 1543
f 1543 2451 2449
f 1543 2449 2447
f 3548 3804 3546
f 3546 3804 3803
f 3546 3803 3799
f 3799 3803 3812
f 3799 3812 3798
f 3798 3812 2457
f 3798 2457 2455
f 3805 3821 3803
f 3803 3821 3822
f 3803 3822 3810
f 3810 3822 3823
f 3810 3823 3809
f 3809 3823 3559
f 3809 3559 3561
f 3539 3552 3824
f 3825 3826 3827
f 2042 2041 3828
f 2286 2284 2290
f 2270 2268 2274
f 2414 3829 2416
f 2396 3830 2412
f 2172 2164 2162
f 2161 2246 3831
f 2155 2142 2158
f 2218 2228 2226
f 2120 2136 2133
f 2420 3832 2422
f 3833 3834 2124
f 2208 2207 2204
f 2120 2133 2122
f 2122 2133 2131
f 2122 2131 2124
f 2124 2131 2130
f 2124 2130 3833
f 3832 3563 2422
f 2422 3563 3562
f 2422 3562 2423
f 2423 3562 3835
f 3836 2265 2212
f 2197 2126 3835
f 2200 2198 2212
f 2136 2120 2137
f 2137 2120 2118
f 2137 2118 2126
f 2126 2118 2117
f 2126 2117 3835
f 3835 2117 3837
f 3835 3837 2423
f 2104 3838 2179
f 2179 3838 2194
f 2179 2194 2180
f 2180 2194 2182
f 2194 2192 2182
f 2182 2192 2190
f 2182 2190 2184
f 2184 2190 2186
f 2198 2197 2212
f 2212 2197 3835
f 2212 3835 3836
f 3836 3835 2189
f 3836 2189 2254
f 2190 2189 2186
f 2186 2189 3835
f 2186 3835 2108
f 2108 3835 2102
f 2108 2102 2109
f 2109 2102 2100
f 2109 2100 2111
f 2111 2100 2098
f 2111 2098 2114
f 3839 2281 2230
f 3839 2230 3833
f 3833 2230 2215
f 3833 2215 2148
f 2228 2218 2230
f 2230 2218 2216
f 2230 2216 2215
f 2225 2222 2226
f 2226 2222 2220
f 2226 2220 2218
f 2142 2155 2144
f 2144 2155 2153
f 2144 2153 2146
f 2146 2153 2152
f 2146 2152 3840
f 3838 3841 2092
f 2176 3838 2077
f 2077 3838 2092
f 2077 2092 2078
f 2078 2092 2090
f 2078 2090 2080
f 2080 2090 2088
f 2080 2088 2082
f 2394 3842 2430
f 2430 3842 3843
f 2430 3843 2432
f 2432 3843 3844
f 2432 3844 2434
f 2435 3540 3840
f 3540 2435 3551
f 3845 2241 2166
f 3845 2166 3840
f 3840 2166 2169
f 3840 2169 2073
f 2164 2172 2166
f 2166 2172 2170
f 2166 2170 2169
f 2082 2088 2083
f 2083 2088 2086
f 2083 2086 2073
f 2073 2086 2085
f 2073 2085 3840
f 3840 2085 3846
f 3840 3846 2435
f 2204 2202 2208
f 2208 2202 2200
f 2208 2200 2210
f 2210 2200 2212
f 3556 2400 3562
f 3562 2400 2399
f 3562 2399 3835
f 3835 2399 3847
f 3835 3847 2102
f 3848 2426 3849
f 3849 2426 2424
f 2429 3821 3838
f 2114 2098 2115
f 2115 2098 2096
f 2115 2096 2104
f 2104 2096 2095
f 2104 2095 3838
f 3838 2095 3850
f 3838 3850 2429
f 3821 2429 3822
f 3822 2429 2428
f 3822 2428 3851
f 2249 2194 3831
f 3831 2194 3838
f 3831 3838 2161
f 2161 3838 2176
f 2161 2176 2162
f 2162 2176 2174
f 2162 2174 2172
f 3829 2414 3824
f 2158 2142 2159
f 2159 2142 2140
f 2159 2140 2148
f 2148 2140 2139
f 2148 2139 3833
f 3833 2139 3852
f 3833 3852 2417
f 2416 3853 2417
f 2417 3853 3854
f 2417 3854 3833
f 2036 2035 3828
f 2297 2039 3828
f 2236 2241 2238
f 2238 2241 3845
f 2238 3845 2305
f 2305 3845 2302
f 2305 2302 2306
f 2306 2302 2308
f 2310 3831 2233
f 2233 3831 2246
f 2233 2246 2234
f 2234 2246 2244
f 2234 2244 2236
f 2236 2244 2242
f 2236 2242 2241
f 2039 2038 3828
f 3828 2038 2037
f 3828 2037 2036
f 2053 2052 3828
f 2337 2059 3828
f 2059 2057 3828
f 3828 2057 2055
f 3828 2055 2053
f 2274 2268 2276
f 3839 2273 2334
f 2130 2204 3833
f 3833 2204 2207
f 3833 2207 3839
f 3839 2207 2270
f 3839 2270 2273
f 2273 2270 2274
f 2064 2063 3828
f 2353 2070 3828
f 2268 2266 2276
f 2276 2266 2265
f 2276 2265 2278
f 2278 2265 3836
f 2278 3836 2329
f 2329 3836 2342
f 2329 2342 2330
f 2330 2342 2340
f 2330 2340 2332
f 2332 2340 2338
f 2332 2338 2334
f 2334 2338 2337
f 2334 2337 3839
f 3839 2337 3828
f 3839 3828 2358
f 2358 3828 2063
f 3845 2289 2350
f 2290 2284 2292
f 2070 2068 3828
f 3828 2068 2066
f 3828 2066 2064
f 2152 2222 3840
f 3840 2222 2225
f 3840 2225 3845
f 3845 2225 2286
f 3845 2286 2289
f 2289 2286 2290
f 2035 2302 3828
f 3828 2302 3845
f 3828 3845 2353
f 2353 3845 2350
f 2353 2350 2354
f 2354 2350 2348
f 2354 2348 2356
f 2356 2348 2346
f 2356 2346 2358
f 2358 2346 2345
f 2358 2345 3839
f 3839 2345 2294
f 3839 2294 2281
f 2281 2294 2292
f 2281 2292 2282
f 2282 2292 2284
f 2302 2300 2308
f 2308 2300 2298
f 2308 2298 2310
f 2310 2298 2297
f 2310 2297 3831
f 3831 2297 3828
f 3831 3828 2326
f 2326 3828 2041
f 2321 2048 3828
f 2316 2314 2326
f 2326 2314 2313
f 2326 2313 3831
f 3831 2313 2262
f 3831 2262 2249
f 2249 2262 2260
f 2048 2046 3828
f 3828 2046 2044
f 3828 2044 2042
f 2318 3836 2257
f 2257 3836 2254
f 2257 2254 2258
f 2258 2254 2252
f 2258 2252 2260
f 2260 2252 2250
f 2260 2250 2249
f 2052 2342 3828
f 3828 2342 3836
f 3828 3836 2321
f 2321 3836 2318
f 2321 2318 2322
f 2322 2318 2316
f 2322 2316 2324
f 2324 2316 2326
f 2416 3829 3853
f 3853 3829 3824
f 3853 3824 3855
f 3855 3824 3552
f 3855 3552 3543
f 3825 3827 3856
f 3856 3827 3568
f 3856 3568 3565
f 2414 2412 3824
f 3824 2412 3830
f 3824 3830 3539
f 3539 3830 2396
f 3539 2396 3540
f 3540 2396 2395
f 3540 2395 3840
f 3840 2395 3857
f 3840 3857 2146
f 3834 3833 2397
f 2397 3833 3854
f 2397 3854 2398
f 2398 3854 3826
f 2398 3826 2418
f 2418 3826 3825
f 2418 3825 2420
f 2420 3825 3856
f 2420 3856 3832
f 3832 3856 3565
f 3832 3565 3563
f 2435 2434 3551
f 3551 2434 3844
f 3551 3844 3550
f 3550 3844 3843
f 3841 3838 2393
f 2393 3838 3821
f 2393 3821 2394
f 2394 3821 3805
f 2394 3805 3842
f 3842 3805 3804
f 3842 3804 3843
f 3843 3804 3548
f 3843 3548 3550
f 2428 2426 3851
f 3851 2426 3848
f 3851 3848 3822
f 3822 3848 3823
f 2424 2400 3849
f 3849 2400 3556
f 3849 3556 3848
f 3848 3556 3554
f 3848 3554 3823
f 3823 3554 3559
f 3741 3740 2581
f 2581 2603 3741
f 3741 2603 2601
f 3741 2601 3742
f 3742 2601 2599
f 3742 2599 3743
f 3743 2599 2597
f 3743 2597 3739
f 3754 2591 3788
f 3788 2591 2589
f 3788 2589 1556
f 1556 2589 2587
f 1556 2587 3789
f 3789 2587 2585
f 3789 2585 3790
f 2581 3568 2583
f 2583 3568 3827
f 2583 3827 3826
f 3738 3737 2593
f 3740 3744 2581
f 2581 3744 3745
f 2581 3745 3568
f 3568 3745 3752
f 3568 3752 3566
f 3586 3584 3754
f 3754 3584 3858
f 3754 3858 2591
f 2591 3858 3859
f 2591 3859 3860
f 3737 3736 2593
f 2593 3736 3739
f 2593 3739 2595
f 2595 3739 2597
f 3826 3854 2583
f 2583 3854 3853
f 2583 3853 3855
f 3606 3738 3602
f 3602 3738 2593
f 3602 2593 3861
f 3861 2593 2591
f 3861 2591 3862
f 3862 2591 3860
f 3543 3542 3855
f 3855 3542 3790
f 3855 3790 2583
f 2583 3790 2585
f 3504 1379 3506
f 3506 1379 3781
f 3506 3781 3508
f 3508 3781 3782
f 3508 3782 3509
f 3509 3782 3775
f 3509 3775 3499
f 3499 3775 1334
f 3499 1334 3498
f 3498 1334 3778
f 3498 3778 3501
f 3501 3778 3779
f 3501 3779 3497
f 3497 3779 3777
f 3497 3777 3496
f 3496 3777 3760
f 3496 3760 3475
f 3475 3760 3759
f 3475 3759 3476
f 3476 3759 3763
f 3476 3763 3477
f 3477 3763 3762
f 3477 3762 3478
f 3478 3762 1355
f 3478 1355 3502
f 3502 1355 3786
f 3502 3786 3484
f 3484 3786 3784
f 3484 3784 3485
f 3485 3784 3783
f 3485 3783 3487
f 3487 3783 1404
f 3487 1404 3488
f 3488 1404 3766
f 3488 3766 3489
f 3489 3766 3765
f 3489 3765 3481
f 3481 3765 3764
f 3481 3764 3482
f 3482 3764 3770
f 3482 3770 3495
f 3495 3770 3771
f 3495 3771 3494
f 3494 3771 3774
f 3494 3774 3493
f 3493 3774 3773
f 3493 3773 3504
f 3504 3773 1379
f 2362 2050 2049
f 2048 2321 2049
f 2049 2321 2320
f 2049 2320 2362
f 2061 2361 2051
f 2051 2361 2343
f 2051 2343 2052
f 2052 2343 2342
f 2345 2344 2294
f 2294 2344 2295
f 2335 2334 2272
f 2272 2334 2273
f 2313 2312 2262
f 2262 2312 2263
f 2311 2310 2232
f 2232 2310 2233
f 2305 2304 2238
f 2238 2304 2239
f 2351 2350 2288
f 2288 2350 2289
f 2319 2318 2256
f 2256 2318 2257
f 2329 2328 2278
f 2278 2328 2279
f 2281 2280 2230
f 2230 2280 2231
f 2271 2270 2206
f 2206 2270 2207
f 2249 2248 2194
f 2194 2248 2195
f 2247 2246 2160
f 2160 2246 2161
f 2241 2240 2166
f 2166 2240 2167
f 2287 2286 2224
f 2224 2286 2225
f 2255 2254 2188
f 2188 2254 2189
f 2265 2264 2212
f 2212 2264 2213
f 2215 2214 2148
f 2148 2214 2149
f 2205 2204 2129
f 2129 2204 2130
f 2179 2178 2104
f 2104 2178 2105
f 2177 2176 2076
f 2076 2176 2077
f 2169 2168 2073
f 2073 2168 2074
f 2223 2222 2151
f 2151 2222 2152
f 2187 2186 2107
f 2107 2186 2108
f 2197 2196 2126
f 2126 2196 2127
f 2139 2138 3852
f 3852 2138 2388
f 3852 2388 2417
f 2397 2371 3834
f 3834 2371 2125
f 3834 2125 2124
f 2095 2094 3850
f 3850 2094 2377
f 3850 2377 2429
f 2429 2377 2378
f 2393 2381 3841
f 3841 2381 2374
f 3841 2374 2092
f 2092 2374 2093
f 2085 2084 3846
f 3846 2084 2382
f 3846 2382 2435
f 2395 2386 3857
f 3857 2386 2147
f 3857 2147 2146
f 2399 2391 3847
f 3847 2391 2365
f 3847 2365 2102
f 2102 2365 2103
f 2117 2116 3837
f 3837 2116 2369
f 3837 2369 2423
f 2423 2369 2368
f 1994 2024 3302
f 3302 2024 2026
f 3318 2012 2014
f 2026 2004 3302
f 3302 2004 2002
f 3302 2002 3303
f 3303 2002 2003
f 3303 2003 2006
f 2018 2020 3310
f 3310 2020 1996
f 3310 1996 3302
f 3302 1996 1995
f 3302 1995 1994
f 2006 2008 3303
f 3303 2008 2000
f 3303 2000 3527
f 3527 2000 2001
f 3527 2001 3531
f 3531 2001 2012
f 3531 2012 3526
f 3526 2012 3318
f 2014 1999 3318
f 3318 1999 1997
f 3318 1997 3310
f 3310 1997 1998
f 3310 1998 2018
f 3863 3591 3598
f 1991 3864 2017
f 2013 3865 2015
f 2023 3866 3867
f 1754 1839 3868
f 1800 1863 3869
f 3870 1858 1805
f 1790 1719 3871
f 3872 1652 1935
f 1653 1652 1655
f 1655 1652 3872
f 1655 3872 1930
f 1869 1858 1871
f 1871 1858 3870
f 1871 3870 1922
f 1927 3869 1866
f 1866 3869 1863
f 1866 1863 1867
f 1867 1863 1861
f 1867 1861 1869
f 1869 1861 1859
f 1869 1859 1858
f 3873 3874 1717
f 1797 3873 1723
f 1723 3873 1717
f 1723 1717 1724
f 1724 1717 1715
f 1724 1715 1726
f 1726 1715 1713
f 1726 1713 1729
f 1791 1805 1793
f 1793 1805 1803
f 1793 1803 1801
f 3875 1834 1759
f 1762 1665 3876
f 1642 1641 1643
f 1643 1641 3872
f 1643 3872 1890
f 1903 3868 1826
f 1826 3868 1839
f 1826 1839 1827
f 1827 1839 1837
f 1827 1837 1829
f 1837 1835 1829
f 1829 1835 1834
f 1829 1834 1831
f 1831 1834 3875
f 1831 3875 1898
f 1898 3875 1895
f 1898 1895 1899
f 1899 1895 1893
f 1899 1893 1901
f 1901 1893 1891
f 1901 1891 1903
f 1903 1891 1890
f 1903 1890 3868
f 3868 1890 3872
f 3868 3872 1951
f 3877 3878 1685
f 1769 3877 1669
f 1669 3877 1685
f 1669 1685 1670
f 1670 1685 1683
f 1670 1683 1672
f 1672 1683 1681
f 1672 1681 1675
f 1763 1759 1765
f 1765 1759 1757
f 1765 1757 1755
f 1874 1823 3868
f 3868 1823 3877
f 3868 3877 1754
f 1754 3877 1769
f 1754 1769 1755
f 1755 1769 1767
f 1755 1767 1765
f 1811 1809 1823
f 1823 1809 1808
f 1823 1808 3877
f 3877 1808 1741
f 3877 1741 1732
f 1732 1741 1733
f 1733 1741 1752
f 1733 1752 1735
f 1946 1662 3872
f 1951 3872 1659
f 1659 3872 1662
f 1659 1662 1660
f 1943 3870 1882
f 1882 3870 1879
f 1882 1879 1883
f 1883 1879 1877
f 1883 1877 1885
f 1925 1923 1935
f 1935 1923 1922
f 1935 1922 3872
f 3872 1922 3870
f 3872 3870 1946
f 1946 3870 1943
f 1946 1943 1947
f 1947 1943 1941
f 1947 1941 1949
f 1949 1941 1939
f 1949 1939 1951
f 1951 1939 1938
f 1951 1938 3868
f 3868 1938 1887
f 3868 1887 1874
f 1874 1887 1885
f 1874 1885 1875
f 1875 1885 1877
f 1791 1790 1805
f 1805 1790 3871
f 1805 3871 3870
f 3870 3871 1818
f 3870 1818 1879
f 1988 3879 3871
f 3871 3879 1739
f 1752 1751 1735
f 1735 1751 1748
f 1735 1748 1737
f 1737 1748 1746
f 1737 1746 1739
f 1739 1746 1745
f 1739 1745 3871
f 3871 1745 1815
f 3871 1815 1818
f 1818 1815 1819
f 1823 1821 1811
f 1811 1821 1819
f 1811 1819 1813
f 1813 1819 1815
f 1842 1787 3869
f 3869 1787 3873
f 3869 3873 1800
f 1800 3873 1797
f 1800 1797 1801
f 1801 1797 1795
f 1801 1795 1793
f 1697 3873 1772
f 1772 3873 1787
f 1772 1787 1773
f 1773 1787 1775
f 1935 1933 1925
f 1925 1933 1931
f 1925 1931 1927
f 1927 1931 1930
f 1927 1930 3869
f 3869 1930 3872
f 3869 3872 1919
f 1914 1648 3872
f 1919 3872 1645
f 1645 3872 1648
f 1645 1648 1646
f 1911 3875 1850
f 1850 3875 1847
f 1850 1847 1851
f 1851 1847 1845
f 1851 1845 1853
f 1641 1895 3872
f 3872 1895 3875
f 3872 3875 1914
f 1914 3875 1911
f 1914 1911 1915
f 1915 1911 1909
f 1915 1909 1917
f 1917 1909 1907
f 1917 1907 1919
f 1919 1907 1906
f 1919 1906 3869
f 3869 1906 1855
f 3869 1855 1842
f 1842 1855 1853
f 1842 1853 1843
f 1843 1853 1845
f 1763 1762 1759
f 1759 1762 3876
f 1759 3876 3875
f 3875 3876 1782
f 3875 1782 1847
f 3876 3880 1695
f 1783 1782 1779
f 1779 1782 3876
f 1779 3876 1701
f 1701 3876 1695
f 1701 1695 1702
f 1702 1695 1693
f 1702 1693 1704
f 1704 1693 1691
f 1704 1691 1707
f 1787 1785 1775
f 1775 1785 1783
f 1775 1783 1777
f 1777 1783 1779
f 1992 3860 1993
f 1993 3860 3859
f 2023 3867 2025
f 2028 3580 3873
f 1707 1691 1708
f 1708 1691 1689
f 1708 1689 1697
f 1697 1689 1688
f 1697 1688 3873
f 3873 1688 3881
f 3873 3881 2028
f 3580 2028 3581
f 3581 2028 2027
f 3581 2027 3882
f 1989 1988 3813
f 1675 1681 1676
f 1676 1681 1679
f 1676 1679 1665
f 1665 1679 1678
f 1665 1678 3876
f 3876 1678 3883
f 3876 3883 2022
f 2019 3884 2021
f 2021 3884 3862
f 2021 3862 2022
f 2022 3862 3860
f 2022 3860 3876
f 3876 3860 1992
f 3876 1992 3880
f 1987 3885 2005
f 2005 3885 3886
f 2005 3886 2007
f 2007 3886 3887
f 2007 3887 2009
f 1729 1713 1730
f 1730 1713 1711
f 1730 1711 1719
f 1719 1711 1710
f 1719 1710 3871
f 3871 1710 3888
f 3871 3888 2010
f 1988 3871 3813
f 3813 3871 2010
f 3813 2010 3807
f 2010 2009 3807
f 3807 2009 3887
f 3807 3887 3806
f 3806 3887 3886
f 3863 3889 3815
f 3589 3591 3817
f 3817 3591 3863
f 3817 3863 3816
f 3816 3863 3815
f 3874 3873 1986
f 1986 3873 3580
f 1986 3580 1987
f 1987 3580 3579
f 1987 3579 3885
f 3885 3579 3578
f 3885 3578 3886
f 3886 3578 3575
f 3886 3575 3806
f 3813 3814 1989
f 1989 3814 3815
f 1989 3815 2011
f 2011 3815 3889
f 2011 3889 2013
f 2013 3889 3863
f 2013 3863 3865
f 3865 3863 3598
f 3865 3598 2015
f 2015 3598 3599
f 2015 3599 2016
f 2016 3599 3877
f 2016 3877 3890
f 3890 3877 1732
f 2027 2025 3882
f 3882 2025 3867
f 3882 3867 3581
f 3581 3867 3582
f 2023 1993 3866
f 3866 1993 3859
f 3866 3859 3867
f 3867 3859 3858
f 3867 3858 3582
f 3582 3858 3584
f 2017 3864 2019
f 2019 3864 3891
f 2019 3891 3884
f 3884 3891 3861
f 3884 3861 3862
f 3878 3877 1990
f 1990 3877 3599
f 1990 3599 1991
f 1991 3599 3595
f 1991 3595 3864
f 3864 3595 3593
f 3864 3593 3891
f 3891 3593 3602
f 3891 3602 3861
f 1650 1955 1644
f 1644 1955 1920
f 1644 1920 1645
f 1645 1920 1919
f 1954 1657 1656
f 1655 1930 1656
f 1656 1930 1929
f 1656 1929 1954
f 1944 1943 1881
f 1881 1943 1882
f 1922 1921 1871
f 1871 1921 1872
f 1912 1911 1849
f 1849 1911 1850
f 1898 1897 1831
f 1831 1897 1832
f 1904 1903 1825
f 1825 1903 1826
f 1938 1937 1887
f 1887 1937 1888
f 1906 1905 1855
f 1855 1905 1856
f 1928 1927 1865
f 1865 1927 1866
f 1880 1879 1817
f 1817 1879 1818
f 1858 1857 1805
f 1805 1857 1806
f 1848 1847 1781
f 1781 1847 1782
f 1834 1833 1759
f 1759 1833 1760
f 1840 1839 1753
f 1753 1839 1754
f 1874 1873 1823
f 1823 1873 1824
f 1842 1841 1787
f 1787 1841 1788
f 1864 1863 1799
f 1799 1863 1800
f 1816 1815 1744
f 1744 1815 1745
f 1790 1789 1719
f 1719 1789 1720
f 1780 1779 1700
f 1700 1779 1701
f 1762 1761 1665
f 1665 1761 1666
f 1770 1769 1668
f 1668 1769 1669
f 1808 1807 1741
f 1741 1807 1742
f 1772 1771 1697
f 1697 1771 1698
f 1798 1797 1722
f 1722 1797 1723
f 1988 1978 3879
f 3879 1978 1966
f 3879 1966 1739
f 1739 1966 1740
f 1710 1709 3888
f 3888 1709 1975
f 3888 1975 2010
f 2010 1975 1977
f 1992 1985 3880
f 3880 1985 1696
f 3880 1696 1695
f 1678 1677 3883
f 3883 1677 1983
f 3883 1983 2022
f 1990 1981 3878
f 3878 1981 1960
f 3878 1960 1685
f 1685 1960 1686
f 1732 1731 3890
f 3890 1731 1964
f 3890 1964 2016
f 2016 1964 1963
f 1688 1687 3881
f 3881 1687 1969
f 3881 1969 2028
f 1986 1972 3874
f 3874 1972 1718
f 3874 1718 1717
f 3892 3893 3894
f 3892 3894 3895
f 3895 3894 3896
f 3895 3896 3897
f 3897 3896 3898
f 3897 3898 3899
f 3900 3901 3902
f 3900 3902 3903
f 3903 3902 3904
f 3903 3904 3905
f 3905 3904 3906
f 3905 3906 3907
f 3908 3909 3910
f 3908 3910 3911
f 3911 3910 3912
f 3911 3912 3913
f 3913 3912 3914
f 3913 3914 3915
f 3916 3917 3918
f 3916 3918 3919
f 3919 3918 3920
f 3919 3920 3921
f 3921 3920 3922
f 3921 3922 3923
f 3924 3925 3926
f 3926 3925 3927
f 3926 3927 3928
f 3928 3927 3929
f 3928 3929 3930
f 3930 3929 3931
f 3930 3931 3932
f 3932 3931 3933
f 3932 3933 3934
f 3934 3933 3935
f 3934 3935 3936
f 3936 3935 3937
f 3936 3937 3938
f 3938 3937 3939
f 3938 3939 3940
f 3940 3939 3941
f 3940 3941 3942
f 3942 3941 3943
f 3942 3943 3944
f 3944 3943 3945
f 3944 3945 3946
f 3946 3945 3947
f 3946 3947 3924
f 3924 3947 3925
f 3948 3946 3949
f 3949 3946 3924
f 3949 3924 3950
f 3950 3924 3926
f 3950 3926 3951
f 3951 3926 3928
f 3951 3928 3952
f 3952 3928 3930
f 3952 3930 3953
f 3953 3930 3932
f 3953 3932 3954
f 3954 3932 3934
f 3954 3934 3955
f 3955 3934 3936
f 3955 3936 3956
f 3956 3936 3938
f 3956 3938 3957
f 3957 3938 3940
f 3957 3940 3958
f 3958 3940 3942
f 3958 3942 3959
f 3959 3942 3944
f 3959 3944 3948
f 3948 3944 3946
f 3960 3961 3962
f 3962 3961 3963
f 3962 3963 3964
f 3964 3963 3965
f 3964 3965 3966
f 3966 3965 3967
f 3966 3967 3968
f 3968 3967 3969
f 3968 3969 3970
f 3970 3969 3971
f 3970 3971 3972
f 3972 3971 3973
f 3972 3973 3974
f 3974 3973 3975
f 3974 3975 3976
f 3976 3975 3977
f 3976 3977 3978
f 3978 3977 3979
f 3978 3979 3980
f 3980 3979 3981
f 3980 3981 3982
f 3982 3981 3983
f 3982 3983 3960
f 3960 3983 3961
f 3984 3982 3985
f 3985 3982 3960
f 3985 3960 3986
f 3986 3960 3962
f 3986 3962 3987
f 3987 3962 3964
f 3987 3964 3988
f 3988 3964 3966
f 3988 3966 3989
f 3989 3966 3968
f 3989 3968 3990
f 3990 3968 3970
f 3990 3970 3991
f 3991 3970 3972
f 3991 3972 3992
f 3992 3972 3974
f 3992 3974 3993
f 3993 3974 3976
f 3993 3976 3994
f 3994 3976 3978
f 3994 3978 3995
f 3995 3978 3980
f 3995 3980 3984
f 3984 3980 3982
f 3996 3997 3998
f 3998 3997 3999
f 3998 3999 4000
f 4000 3999 4001
f 4000 4001 4002
f 4002 4001 4003
f 4002 4003 4004
f 4004 4003 4005
f 4004 4005 4006
f 4006 4005 4007
f 4006 4007 4008
f 4008 4007 4009
f 4008 4009 4010
f 4010 4009 4011
f 4010 4011 4012
f 4012 4011 4013
f 4012 4013 4014
f 4014 4013 4015
f 4014 4015 4016
f 4016 4015 4017
f 4016 4017 4018
f 4018 4017 4019
f 4018 4019 3996
f 3996 4019 3997
f 4020 4018 4021
f 4021 4018 3996
f 4021 3996 4022
f 4022 3996 3998
f 4022 3998 4023
f 4023 3998 4000
f 4023 4000 4024
f 4024 4000 4002
f 4024 4002 4025
f 4025 4002 4004
f 4025 4004 4026
f 4026 4004 4006
f 4026 4006 4027
f 4027 4006 4008
f 4027 4008 4028
f 4028 4008 4010
f 4028 4010 4029
f 4029 4010 4012
f 4029 4012 4030
f 4030 4012 4014
f 4030 4014 4031
f 4031 4014 4016
f 4031 4016 4020
f 4020 4016 4018
f 4032 4033 4034
f 4034 4033 4035
f 4034 4035 4036
f 4036 4035 4037
f 4036 4037 4038
f 4038 4037 4039
f 4038 4039 4040
f 4040 4039 4041
f 4040 4041 4042
f 4042 4041 4043
f 4042 4043 4044
f 4044 4043 4045
f 4044 4045 4046
f 4046 4045 4047
f 4046 4047 4048
f 4048 4047 4049
f 4048 4049 4050
f 4050 4049 4051
f 4050 4051 4052
f 4052 4051 4053
f 4052 4053 4054
f 4054 4053 4055
f 4054 4055 4032
f 4032 4055 4033
f 4056 4054 4057
f 4057 4054 4032
f 4057 4032 4058
f 4058 4032 4034
f 4058 4034 4059
f 4059 4034 4036
f 4059 4036 4060
f 4060 4036 4038
f 4060 4038 4061
f 4061 4038 4040
f 4061 4040 4062
f 4062 4040 4042
f 4062 4042 4063
f 4063 4042 4044
f 4063 4044 4064
f 4064 4044 4046
f 4064 4046 4065
f 4065 4046 4048
f 4065 4048 4066
f 4066 4048 4050
f 4066 4050 4067
f 4067 4050 4052
f 4067 4052 4056
f 4056 4052 4054
f 3892 4068 3893
f 3893 4068 4069
f 3907 4070 4068
f 3895 3897 3892
f 3892 3897 3899
f 3903 3905 3900
f 3900 3905 3907
f 3900 3907 3899
f 3899 3907 4068
f 3899 4068 3892
f 3906 4071 3907
f 3907 4071 4070
f 3893 4069 4071
f 3904 3902 3906
f 3906 3902 3901
f 3896 3894 3898
f 3898 3894 3893
f 3898 3893 3901
f 3901 3893 4071
f 3901 4071 3906
f 3900 3899 3901
f 3901 3899 3898
f 4072 4073 4074
f 4072 4074 4075
f 4075 4074 4076
f 4075 4076 4077
f 4077 4076 4068
f 4077 4068 4070
f 4071 4069 4078
f 4078 4069 4079
f 4078 4079 4080
f 4080 4079 4081
f 4080 4081 4082
f 4082 4081 4083
f 4082 4072 4080
f 4080 4072 4075
f 4080 4075 4078
f 4078 4075 4077
f 4078 4077 4071
f 4071 4077 4070
f 4069 4068 4079
f 4079 4068 4076
f 4079 4076 4081
f 4081 4076 4074
f 4081 4074 4083
f 4083 4074 4073
f 3908 4084 3909
f 3909 4084 4085
f 3923 4086 4084
f 3911 3913 3908
f 3908 3913 3915
f 3919 3921 3916
f 3916 3921 3923
f 3916 3923 3915
f 3915 3923 4084
f 3915 4084 3908
f 3922 4087 3923
f 3923 4087 4086
f 3909 4085 4087
f 3920 3918 3922
f 3922 3918 3917
f 3912 3910 3914
f 3914 3910 3909
f 3914 3909 3917
f 3917 3909 4087
f 3917 4087 3922
f 3916 3915 3917
f 3917 3915 3914
f 4088 4089 4090
f 4088 4090 4091
f 4091 4090 4092
f 4091 4092 4093
f 4093 4092 4084
f 4093 4084 4086
f 4094 4095 4096
f 4094 4096 4097
f 4098 4097 4099
f 4099 4097 4096
f 4099 4096 4100
f 4100 4096 4101
f 4100 4101 4085
f 4085 4101 4087
f 4095 4088 4096
f 4096 4088 4091
f 4096 4091 4101
f 4101 4091 4093
f 4101 4093 4087
f 4087 4093 4086
f 4085 4084 4100
f 4100 4084 4092
f 4100 4092 4099
f 4099 4092 4090
f 4099 4090 4098
f 4098 4090 4089
f 4102 4083 4103
f 4103 4083 4073
f 4073 4072 4103
f 4103 4072 4104
f 4104 4072 4105
f 4105 4072 4082
f 4105 4082 4102
f 4102 4082 4083
f 4106 4107 4108
f 4106 4108 4109
f 4109 4108 4110
f 4109 4110 4111
f 4111 4110 4103
f 4111 4103 4104
f 4105 4102 4112
f 4112 4102 4113
f 4112 4113 4114
f 4114 4113 4115
f 4114 4115 4116
f 4116 4115 4117
f 4116 4106 4114
f 4114 4106 4109
f 4114 4109 4112
f 4112 4109 4111
f 4112 4111 4105
f 4105 4111 4104
f 4102 4103 4113
f 4113 4103 4110
f 4113 4110 4115
f 4115 4110 4108
f 4115 4108 4117
f 4117 4108 4107
f 4118 4097 4098
f 4118 4098 4119
f 4120 4121 4122
f 4122 4121 4123
f 4122 4123 4098
f 4098 4123 4124
f 4098 4124 4119
f 4122 4098 4125
f 4125 4098 4089
f 4126 4089 4127
f 4127 4089 4088
f 4127 4088 4128
f 4126 4129 4089
f 4089 4129 4130
f 4089 4130 4125
f 4131 4132 4133
f 4133 4132 4134
f 4133 4134 4135
f 4136 4137 4088
f 4088 4137 4138
f 4088 4138 4128
f 4128 4138 4131
f 4128 4131 4139
f 4139 4131 4133
f 4130 4140 4125
f 4125 4140 4141
f 4125 4141 4142
f 4143 4125 4144
f 4144 4125 4145
f 4145 4125 4146
f 4146 4125 4142
f 4146 4142 4134
f 4134 4142 4147
f 4134 4147 4135
f 4144 4148 4143
f 4143 4148 4149
f 4143 4149 4088
f 4088 4149 4150
f 4088 4150 4136
f 4143 4088 4151
f 4151 4088 4095
f 4152 4153 4151
f 4095 4094 4154
f 4154 4155 4095
f 4095 4155 4156
f 4095 4156 4151
f 4151 4156 4157
f 4151 4157 4152
f 4158 4159 4160
f 4160 4159 4161
f 4160 4161 4162
f 4162 4161 4163
f 4162 4163 4094
f 4094 4163 4164
f 4094 4164 4154
f 4154 4164 4165
f 4154 4165 4155
f 4155 4165 4166
f 4155 4166 4156
f 4156 4166 4167
f 4156 4167 4157
f 4157 4167 4168
f 4157 4168 4152
f 4152 4168 4169
f 4152 4169 4153
f 4153 4169 4170
f 4153 4170 4171
f 4171 4170 4172
f 4171 4172 4173
f 4173 4172 4174
f 4173 4174 4158
f 4158 4174 4159
f 4162 4094 4097
f 4097 4175 4162
f 4162 4175 4176
f 4162 4176 4160
f 4153 4171 4120
f 4120 4171 4173
f 4120 4173 4177
f 4160 4176 4158
f 4158 4176 4178
f 4158 4178 4173
f 4173 4178 4179
f 4173 4179 4177
f 4133 4180 4139
f 4139 4180 4181
f 4139 4181 4128
f 4128 4181 4182
f 4128 4182 4127
f 4127 4182 4183
f 4127 4183 4126
f 4126 4183 4184
f 4126 4184 4129
f 4129 4184 4185
f 4129 4185 4130
f 4130 4185 4186
f 4130 4186 4140
f 4140 4186 4187
f 4140 4187 4141
f 4141 4187 4188
f 4141 4188 4142
f 4142 4188 4189
f 4142 4189 4147
f 4147 4189 4190
f 4147 4190 4135
f 4135 4190 4191
f 4135 4191 4133
f 4133 4191 4180
f 4150 4192 4136
f 4136 4192 4193
f 4136 4193 4137
f 4137 4193 4194
f 4137 4194 4138
f 4138 4194 4195
f 4138 4195 4131
f 4131 4195 4196
f 4131 4196 4132
f 4132 4196 4197
f 4132 4197 4134
f 4134 4197 4198
f 4134 4198 4146
f 4146 4198 4199
f 4146 4199 4145
f 4145 4199 4200
f 4145 4200 4144
f 4144 4200 4201
f 4144 4201 4148
f 4148 4201 4202
f 4148 4202 4149
f 4149 4202 4203
f 4149 4203 4150
f 4150 4203 4192
f 4124 4204 4119
f 4119 4204 4205
f 4119 4205 4118
f 4118 4205 4206
f 4118 4206 4097
f 4097 4206 4207
f 4097 4207 4175
f 4175 4207 4208
f 4175 4208 4176
f 4176 4208 4209
f 4176 4209 4178
f 4178 4209 4210
f 4178 4210 4179
f 4179 4210 4211
f 4179 4211 4177
f 4177 4211 4212
f 4177 4212 4120
f 4120 4212 4213
f 4120 4213 4121
f 4121 4213 4214
f 4121 4214 4123
f 4123 4214 4215
f 4123 4215 4124
f 4124 4215 4204
f 4195 4163 4196
f 4196 4163 4161
f 4196 4161 4197
f 4197 4161 4159
f 4197 4159 4198
f 4198 4159 4174
f 4198 4174 4199
f 4199 4174 4172
f 4199 4172 4200
f 4200 4172 4170
f 4200 4170 4201
f 4201 4170 4169
f 4201 4169 4202
f 4202 4169 4168
f 4202 4168 4203
f 4203 4168 4167
f 4203 4167 4192
f 4192 4167 4166
f 4192 4166 4193
f 4193 4166 4165
f 4193 4165 4194
f 4194 4165 4164
f 4194 4164 4195
f 4195 4164 4163
f 4183 4206 4184
f 4184 4206 4205
f 4184 4205 4185
f 4185 4205 4204
f 4185 4204 4186
f 4186 4204 4215
f 4186 4215 4187
f 4187 4215 4214
f 4187 4214 4188
f 4188 4214 4213
f 4188 4213 4189
f 4189 4213 4212
f 4189 4212 4190
f 4190 4212 4211
f 4190 4211 4191
f 4191 4211 4210
f 4191 4210 4180
f 4180 4210 4209
f 4180 4209 4181
f 4181 4209 4208
f 4181 4208 4182
f 4182 4208 4207
f 4182 4207 4183
f 4183 4207 4206
f 4216 4217 4218
f 4216 4218 4219
f 4219 4218 4220
f 4219 4220 4221
f 4221 4220 4125
f 4221 4125 4143
f 4120 4122 4222
f 4120 4222 4153
f 4151 4153 4223
f 4223 4153 4222
f 4223 4222 4224
f 4224 4222 4225
f 4224 4225 4226
f 4226 4225 4227
f 4226 4216 4224
f 4224 4216 4219
f 4224 4219 4223
f 4223 4219 4221
f 4223 4221 4151
f 4151 4221 4143
f 4122 4125 4222
f 4222 4125 4220
f 4222 4220 4225
f 4225 4220 4218
f 4225 4218 4227
f 4227 4218 4217
f 4063 4064 4106
f 4106 4064 4065
f 4027 4028 4107
f 4107 4028 4029
f 4107 4029 4030
f 4021 4216 4020
f 4020 4216 4107
f 4020 4107 4031
f 4031 4107 4030
f 4107 4106 4027
f 4027 4106 4065
f 4027 4065 4026
f 4026 4065 4025
f 4025 4065 4024
f 4024 4065 4066
f 4024 4066 4023
f 3993 3994 4021
f 4021 3994 3995
f 4021 3995 4216
f 4216 3995 3984
f 4216 3984 3985
f 4059 4217 4058
f 4058 4217 4057
f 3957 4022 3956
f 3956 4022 4023
f 4066 4067 4023
f 4023 4067 4056
f 4023 4056 3956
f 3956 4056 4057
f 4059 4060 4217
f 4217 4060 4061
f 4217 4061 4106
f 4106 4061 4062
f 4106 4062 4063
f 3988 4217 3987
f 3987 4217 4216
f 3987 4216 3986
f 3986 4216 3985
f 3959 3988 3958
f 3958 3988 3989
f 3958 3989 3957
f 3957 3989 3990
f 3957 3990 4022
f 4022 3990 3991
f 4022 3991 4021
f 4021 3991 3992
f 4021 3992 3993
f 3951 3952 4217
f 3959 3948 3988
f 3988 3948 3949
f 3988 3949 4217
f 4217 3949 3950
f 4217 3950 3951
f 3952 3953 4217
f 4217 3953 3954
f 4217 3954 4057
f 4057 3954 3955
f 4057 3955 3956
f 4216 4226 4107
f 4107 4226 4117
f 4106 4116 4217
f 4217 4116 4227
f 4011 4116 4013
f 4013 4116 4117
f 4013 4117 4015
f 3965 3963 4226
f 3999 3997 4226
f 4226 3997 4019
f 4226 4019 4117
f 4117 4019 4017
f 4117 4017 4015
f 3963 3961 4226
f 4226 3961 3983
f 4226 3983 3999
f 3999 3983 3981
f 3999 3981 3979
f 4001 3999 3945
f 3965 4226 3967
f 3967 4226 4227
f 3967 4227 3969
f 3943 3941 4005
f 4033 3939 4035
f 4035 3939 4037
f 3935 3933 4227
f 4227 3933 3931
f 3941 3939 4005
f 4005 3939 4033
f 4005 4033 4007
f 4007 4033 4055
f 4007 4055 4009
f 4009 4055 4053
f 4009 4053 4011
f 4011 4053 4051
f 4011 4051 4116
f 4116 4051 4049
f 4116 4049 4047
f 4037 3939 4039
f 4039 3939 3937
f 4039 3937 4041
f 3937 3935 4041
f 4041 3935 4227
f 4041 4227 4043
f 4043 4227 4116
f 4043 4116 4045
f 4045 4116 4047
f 3943 4005 3945
f 3945 4005 4003
f 3945 4003 4001
f 3979 3977 3999
f 3999 3977 3975
f 3999 3975 3945
f 3945 3975 3973
f 3945 3973 3947
f 3947 3973 3971
f 3947 3971 3925
f 3925 3971 3969
f 3925 3969 3927
f 3927 3969 4227
f 3927 4227 3929
f 3929 4227 3931
f 4228 4229 4230
f 4230 4229 4231
f 4230 4231 4232
f 4232 4231 4233
f 4232 4233 4234
f 4234 4233 4235
f 4234 4235 4236
f 4236 4235 4237
f 4236 4237 4238
f 4238 4237 4239
f 4238 4239 4240
f 4240 4239 4241
f 4240 4241 4242
f 4242 4241 4243
f 4242 4243 4244
f 4244 4243 4245
f 4244 4245 4246
f 4246 4245 4247
f 4246 4247 4248
f 4248 4247 4249
f 4248 4249 4250
f 4250 4249 4251
f 4250 4251 4228
f 4228 4251 4229
f 4252 4253 4254
f 4254 4253 4255
f 4254 4255 4256
f 4256 4255 4257
f 4256 4257 4258
f 4258 4257 4259
f 4258 4259 4260
f 4260 4259 4261
f 4260 4261 4262
f 4262 4261 4263
f 4262 4263 4264
f 4264 4263 4265
f 4264 4265 4266
f 4266 4265 4267
f 4266 4267 4268
f 4268 4267 4269
f 4268 4269 4270
f 4270 4269 4271
f 4270 4271 4272
f 4272 4271 4273
f 4272 4273 4274
f 4274 4273 4275
f 4274 4275 4252
f 4252 4275 4253
f 4276 4277 4278
f 4278 4277 4279
f 4278 4279 4280
f 4280 4279 4281
f 4280 4281 4282
f 4282 4281 4283
f 4282 4283 4284
f 4284 4283 4285
f 4284 4285 4286
f 4286 4285 4287
f 4286 4287 4288
f 4288 4287 4289
f 4288 4289 4290
f 4290 4289 4291
f 4290 4291 4292
f 4292 4291 4293
f 4292 4293 4294
f 4294 4293 4295
f 4294 4295 4296
f 4296 4295 4297
f 4296 4297 4298
f 4298 4297 4299
f 4298 4299 4276
f 4276 4299 4277
f 4300 4301 4302
f 4302 4301 4303
f 4302 4303 4304
f 4304 4303 4305
f 4304 4305 4306
f 4306 4305 4307
f 4306 4307 4308
f 4308 4307 4309
f 4308 4309 4310
f 4310 4309 4311
f 4310 4311 4312
f 4312 4311 4313
f 4312 4313 4314
f 4314 4313 4315
f 4314 4315 4316
f 4316 4315 4317
f 4316 4317 4318
f 4318 4317 4319
f 4318 4319 4320
f 4320 4319 4321
f 4320 4321 4322
f 4322 4321 4323
f 4322 4323 4300
f 4300 4323 4301
f 4324 4325 4326
f 4326 4325 4327
f 4326 4327 4328
f 4328 4327 4329
f 4328 4329 4330
f 4330 4329 4331
f 4330 4331 4332
f 4332 4331 4333
f 4332 4333 4334
f 4334 4333 4335
f 4334 4335 4336
f 4336 4335 4337
f 4336 4337 4338
f 4338 4337 4339
f 4338 4339 4340
f 4340 4339 4341
f 4340 4341 4342
f 4342 4341 4343
f 4342 4343 4344
f 4344 4343 4345
f 4344 4345 4346
f 4346 4345 4347
f 4346 4347 4324
f 4324 4347 4325
f 4348 4349 4350
f 4350 4349 4351
f 4350 4351 4352
f 4352 4351 4353
f 4352 4353 4354
f 4354 4353 4355
f 4354 4355 4356
f 4356 4355 4357
f 4356 4357 4358
f 4358 4357 4359
f 4358 4359 4360
f 4360 4359 4361
f 4360 4361 4362
f 4362 4361 4363
f 4362 4363 4364
f 4364 4363 4365
f 4364 4365 4366
f 4366 4365 4367
f 4366 4367 4368
f 4368 4367 4369
f 4368 4369 4370
f 4370 4369 4371
f 4370 4371 4348
f 4348 4371 4349
f 4372 4373 4374
f 4374 4373 4375
f 4374 4375 4376
f 4376 4375 4377
f 4376 4377 4378
f 4378 4377 4379
f 4378 4379 4380
f 4380 4379 4381
f 4380 4381 4382
f 4382 4381 4383
f 4382 4383 4384
f 4384 4383 4385
f 4384 4385 4386
f 4386 4385 4387
f 4386 4387 4388
f 4388 4387 4389
f 4388 4389 4390
f 4390 4389 4391
f 4390 4391 4392
f 4392 4391 4393
f 4392 4393 4394
f 4394 4393 4395
f 4394 4395 4372
f 4372 4395 4373
f 4396 4397 4398
f 4398 4397 4399
f 4398 4399 4400
f 4400 4399 4401
f 4400 4401 4402
f 4402 4401 4403
f 4402 4403 4404
f 4404 4403 4405
f 4404 4405 4406
f 4406 4405 4407
f 4406 4407 4408
f 4408 4407 4409
f 4408 4409 4410
f 4410 4409 4411
f 4410 4411 4412
f 4412 4411 4413
f 4412 4413 4414
f 4414 4413 4415
f 4414 4415 4416
f 4416 4415 4417
f 4416 4417 4418
f 4418 4417 4419
f 4418 4419 4396
f 4396 4419 4397
f 4420 4421 4422
f 4422 4421 4423
f 4422 4423 4424
f 4424 4423 4425
f 4424 4425 4426
f 4426 4425 4427
f 4426 4427 4428
f 4428 4427 4429
f 4428 4429 4430
f 4430 4429 4431
f 4430 4431 4432
f 4432 4431 4433
f 4432 4433 4434
f 4434 4433 4435
f 4434 4435 4436
f 4436 4435 4437
f 4436 4437 4438
f 4438 4437 4439
f 4438 4439 4440
f 4440 4439 4441
f 4440 4441 4442
f 4442 4441 4443
f 4442 4443 4420
f 4420 4443 4421
f 4444 4442 4445
f 4445 4442 4420
f 4445 4420 4446
f 4446 4420 4422
f 4446 4422 4447
f 4447 4422 4424
f 4447 4424 4448
f 4448 4424 4426
f 4448 4426 4449
f 4449 4426 4428
f 4449 4428 4450
f 4450 4428 4430
f 4450 4430 4451
f 4451 4430 4432
f 4451 4432 4452
f 4452 4432 4434
f 4452 4434 4453
f 4453 4434 4436
f 4453 4436 4454
f 4454 4436 4438
f 4454 4438 4455
f 4455 4438 4440
f 4455 4440 4444
f 4444 4440 4442
f 4456 4457 4458
f 4458 4457 4459
f 4458 4459 4460
f 4460 4459 4461
f 4460 4461 4462
f 4462 4461 4463
f 4462 4463 4464
f 4464 4463 4465
f 4464 4465 4466
f 4466 4465 4467
f 4466 4467 4468
f 4468 4467 4469
f 4468 4469 4470
f 4470 4469 4471
f 4470 4471 4472
f 4472 4471 4473
f 4472 4473 4474
f 4474 4473 4475
f 4474 4475 4476
f 4476 4475 4477
f 4476 4477 4478
f 4478 4477 4479
f 4478 4479 4456
f 4456 4479 4457
f 4480 4478 4481
f 4481 4478 4456
f 4481 4456 4482
f 4482 4456 4458
f 4482 4458 4483
f 4483 4458 4460
f 4483 4460 4484
f 4484 4460 4462
f 4484 4462 4485
f 4485 4462 4464
f 4485 4464 4486
f 4486 4464 4466
f 4486 4466 4487
f 4487 4466 4468
f 4487 4468 4488
f 4488 4468 4470
f 4488 4470 4489
f 4489 4470 4472
f 4489 4472 4490
f 4490 4472 4474
f 4490 4474 4491
f 4491 4474 4476
f 4491 4476 4480
f 4480 4476 4478
f 4492 4493 4494
f 4494 4493 4495
f 4494 4495 4496
f 4496 4495 4497
f 4496 4497 4498
f 4498 4497 4499
f 4498 4499 4500
f 4500 4499 4501
f 4500 4501 4502
f 4502 4501 4503
f 4502 4503 4504
f 4504 4503 4505
f 4504 4505 4506
f 4506 4505 4507
f 4506 4507 4508
f 4508 4507 4509
f 4508 4509 4510
f 4510 4509 4511
f 4510 4511 4512
f 4512 4511 4513
f 4512 4513 4514
f 4514 4513 4515
f 4514 4515 4492
f 4492 4515 4493
f 4516 4514 4517
f 4517 4514 4492
f 4517 4492 4518
f 4518 4492 4494
f 4518 4494 4519
f 4519 4494 4496
f 4519 4496 4520
f 4520 4496 4498
f 4520 4498 4521
f 4521 4498 4500
f 4521 4500 4522
f 4522 4500 4502
f 4522 4502 4523
f 4523 4502 4504
f 4523 4504 4524
f 4524 4504 4506
f 4524 4506 4525
f 4525 4506 4508
f 4525 4508 4526
f 4526 4508 4510
f 4526 4510 4527
f 4527 4510 4512
f 4527 4512 4516
f 4516 4512 4514
f 4528 4529 4530
f 4530 4529 4531
f 4530 4531 4532
f 4532 4531 4533
f 4532 4533 4534
f 4534 4533 4535
f 4534 4535 4536
f 4536 4535 4537
f 4536 4537 4538
f 4538 4537 4539
f 4538 4539 4540
f 4540 4539 4541
f 4540 4541 4542
f 4542 4541 4543
f 4542 4543 4544
f 4544 4543 4545
f 4544 4545 4546
f 4546 4545 4547
f 4546 4547 4548
f 4548 4547 4549
f 4548 4549 4550
f 4550 4549 4551
f 4550 4551 4528
f 4528 4551 4529
f 4552 4553 4530
f 4530 4553 4554
f 4530 4554 4528
f 4528 4554 4555
f 4528 4555 4550
f 4550 4555 4556
f 4550 4556 4548
f 4548 4556 4557
f 4548 4557 4546
f 4546 4557 4558
f 4546 4558 4544
f 4544 4558 4559
f 4544 4559 4542
f 4542 4559 4560
f 4542 4560 4540
f 4540 4560 4561
f 4540 4561 4538
f 4538 4561 4562
f 4538 4562 4536
f 4536 4562 4563
f 4536 4563 4534
f 4534 4563 4564
f 4534 4564 4532
f 4532 4564 4552
f 4532 4552 4530
f 4565 4566 4567
f 4567 4566 4568
f 4567 4568 4569
f 4569 4568 4570
f 4569 4570 4571
f 4571 4570 4572
f 4571 4572 4573
f 4573 4572 4574
f 4573 4574 4575
f 4575 4574 4576
f 4575 4576 4577
f 4577 4576 4578
f 4577 4578 4579
f 4579 4578 4580
f 4579 4580 4581
f 4581 4580 4582
f 4581 4582 4583
f 4583 4582 4584
f 4583 4584 4585
f 4585 4584 4586
f 4585 4586 4587
f 4587 4586 4588
f 4587 4588 4565
f 4565 4588 4566
f 4589 4587 4590
f 4590 4587 4565
f 4590 4565 4591
f 4591 4565 4567
f 4591 4567 4592
f 4592 4567 4569
f 4592 4569 4593
f 4593 4569 4571
f 4593 4571 4594
f 4594 4571 4573
f 4594 4573 4595
f 4595 4573 4575
f 4595 4575 4596
f 4596 4575 4577
f 4596 4577 4597
f 4597 4577 4579
f 4597 4579 4598
f 4598 4579 4581
f 4598 4581 4599
f 4599 4581 4583
f 4599 4583 4600
f 4600 4583 4585
f 4600 4585 4589
f 4589 4585 4587
f 4601 4602 4603
f 4603 4602 4604
f 4603 4604 4605
f 4605 4604 4606
f 4605 4606 4607
f 4607 4606 4608
f 4607 4608 4609
f 4609 4608 4610
f 4609 4610 4611
f 4611 4610 4612
f 4611 4612 4613
f 4613 4612 4614
f 4613 4614 4615
f 4615 4614 4616
f 4615 4616 4617
f 4617 4616 4618
f 4617 4618 4619
f 4619 4618 4620
f 4619 4620 4621
f 4621 4620 4622
f 4621 4622 4623
f 4623 4622 4624
f 4623 4624 4601
f 4601 4624 4602
f 4625 4623 4626
f 4626 4623 4601
f 4626 4601 4627
f 4627 4601 4603
f 4627 4603 4628
f 4628 4603 4605
f 4628 4605 4629
f 4629 4605 4607
f 4629 4607 4630
f 4630 4607 4609
f 4630 4609 4631
f 4631 4609 4611
f 4631 4611 4632
f 4632 4611 4613
f 4632 4613 4633
f 4633 4613 4615
f 4633 4615 4634
f 4634 4615 4617
f 4634 4617 4635
f 4635 4617 4619
f 4635 4619 4636
f 4636 4619 4621
f 4636 4621 4625
f 4625 4621 4623
f 4637 4638 4639
f 4639 4638 4640
f 4639 4640 4641
f 4641 4640 4642
f 4641 4642 4643
f 4643 4642 4644
f 4643 4644 4645
f 4645 4644 4646
f 4645 4646 4647
f 4647 4646 4648
f 4647 4648 4649
f 4649 4648 4650
f 4649 4650 4651
f 4651 4650 4652
f 4651 4652 4653
f 4653 4652 4654
f 4653 4654 4655
f 4655 4654 4656
f 4655 4656 4657
f 4657 4656 4658
f 4657 4658 4659
f 4659 4658 4660
f 4659 4660 4637
f 4637 4660 4638
f 4661 4659 4662
f 4662 4659 4637
f 4662 4637 4663
f 4663 4637 4639
f 4663 4639 4664
f 4664 4639 4641
f 4664 4641 4665
f 4665 4641 4643
f 4665 4643 4666
f 4666 4643 4645
f 4666 4645 4667
f 4667 4645 4647
f 4667 4647 4668
f 4668 4647 4649
f 4668 4649 4669
f 4669 4649 4651
f 4669 4651 4670
f 4670 4651 4653
f 4670 4653 4671
f 4671 4653 4655
f 4671 4655 4672
f 4672 4655 4657
f 4672 4657 4661
f 4661 4657 4659
f 4673 4674 4675
f 4675 4674 4676
f 4675 4676 4677
f 4677 4676 4678
f 4677 4678 4679
f 4679 4678 4680
f 4679 4680 4681
f 4681 4680 4682
f 4681 4682 4683
f 4683 4682 4684
f 4683 4684 4685
f 4685 4684 4686
f 4685 4686 4687
f 4687 4686 4688
f 4687 4688 4689
f 4689 4688 4690
f 4689 4690 4691
f 4691 4690 4692
f 4691 4692 4693
f 4693 4692 4694
f 4693 4694 4695
f 4695 4694 4696
f 4695 4696 4673
f 4673 4696 4674
f 4697 4695 4698
f 4698 4695 4673
f 4698 4673 4699
f 4699 4673 4675
f 4699 4675 4700
f 4700 4675 4677
f 4700 4677 4701
f 4701 4677 4679
f 4701 4679 4702
f 4702 4679 4681
f 4702 4681 4703
f 4703 4681 4683
f 4703 4683 4704
f 4704 4683 4685
f 4704 4685 4705
f 4705 4685 4687
f 4705 4687 4706
f 4706 4687 4689
f 4706 4689 4707
f 4707 4689 4691
f 4707 4691 4708
f 4708 4691 4693
f 4708 4693 4697
f 4697 4693 4695
f 4709 4710 4711
f 4709 4711 4712
f 4712 4711 4713
f 4712 4713 4714
f 4714 4713 4715
f 4714 4715 4716
f 4716 4715 4717
f 4716 4717 4718
f 4719 4720 4721
f 4719 4721 4722
f 4722 4721 4723
f 4722 4723 4724
f 4724 4723 4725
f 4724 4725 4726
f 4726 4725 4727
f 4726 4727 4728
f 4729 4730 4731
f 4729 4731 4732
f 4732 4731 4733
f 4732 4733 4734
f 4734 4733 4735
f 4734 4735 4736
f 4736 4735 4737
f 4736 4737 4738
f 4739 4740 4741
f 4739 4741 4742
f 4742 4741 4743
f 4742 4743 4744
f 4744 4743 4745
f 4744 4745 4746
f 4746 4745 4747
f 4746 4747 4748
f 4749 4750 4751
f 4594 4595 4752
f 4382 4384 4753
f 4754 4755 4756
f 4757 4758 4759
f 4554 4760 4555
f 4524 4525 4761
f 4446 4447 4762
f 4455 4763 4454
f 4710 4757 4764
f 4720 4765 4721
f 4721 4765 4766
f 4721 4766 4723
f 4767 4727 4768
f 4768 4727 4725
f 4711 4710 4713
f 4713 4710 4764
f 4713 4764 4715
f 4715 4764 4769
f 4715 4769 4717
f 4717 4769 4770
f 4737 4735 4771
f 4771 4735 4733
f 4771 4733 4731
f 4772 4743 4773
f 4773 4743 4741
f 4774 4304 4306
f 4310 4312 4775
f 4774 4306 4775
f 4775 4306 4308
f 4775 4308 4310
f 4776 4314 4520
f 4520 4314 4316
f 4520 4316 4519
f 4519 4316 4318
f 4519 4318 4518
f 4518 4318 4320
f 4518 4320 4777
f 4777 4320 4322
f 4777 4322 4300
f 4338 4340 4750
f 4344 4346 4778
f 4778 4346 4324
f 4778 4324 4779
f 4326 4328 4780
f 4780 4328 4330
f 4780 4330 4749
f 4750 4340 4778
f 4778 4340 4342
f 4778 4342 4344
f 4330 4332 4749
f 4749 4332 4334
f 4749 4334 4750
f 4750 4334 4336
f 4750 4336 4338
f 4781 4444 4445
f 4452 4453 4782
f 4450 4783 4449
f 4449 4783 4784
f 4449 4784 4448
f 4448 4784 4447
f 4480 4785 4491
f 4491 4785 4490
f 4480 4481 4786
f 4786 4481 4482
f 4786 4482 4483
f 4780 4489 4490
f 4488 4781 4487
f 4487 4781 4486
f 4483 4484 4787
f 4787 4484 4485
f 4446 4762 4445
f 4445 4762 4787
f 4445 4787 4781
f 4781 4787 4485
f 4781 4485 4486
f 4788 4789 4483
f 4790 4525 4526
f 4526 4527 4790
f 4790 4527 4516
f 4790 4516 4777
f 4777 4516 4517
f 4777 4517 4518
f 4525 4791 4761
f 4761 4791 4792
f 4761 4792 4793
f 4520 4521 4776
f 4776 4521 4522
f 4776 4522 4761
f 4761 4522 4523
f 4761 4523 4524
f 4557 4794 4558
f 4558 4794 4559
f 4795 4563 4562
f 4795 4562 4796
f 4796 4562 4561
f 4796 4561 4560
f 4290 4292 4795
f 4290 4795 4288
f 4797 4282 4798
f 4798 4282 4284
f 4798 4284 4286
f 4563 4795 4564
f 4564 4795 4292
f 4564 4292 4552
f 4552 4292 4294
f 4552 4294 4553
f 4553 4294 4296
f 4553 4296 4554
f 4276 4278 4797
f 4797 4278 4280
f 4797 4280 4282
f 4554 4296 4760
f 4760 4296 4298
f 4760 4298 4276
f 4754 4799 4800
f 4800 4799 4801
f 4800 4801 4802
f 4802 4801 4803
f 4801 4390 4392
f 4392 4394 4801
f 4801 4394 4372
f 4801 4372 4803
f 4803 4372 4374
f 4390 4801 4388
f 4388 4801 4804
f 4388 4804 4386
f 4374 4376 4803
f 4803 4376 4378
f 4803 4378 4753
f 4753 4378 4380
f 4753 4380 4382
f 4804 4358 4360
f 4799 4366 4368
f 4350 4801 4348
f 4348 4801 4799
f 4348 4799 4370
f 4370 4799 4368
f 4366 4799 4364
f 4364 4799 4805
f 4364 4805 4362
f 4350 4352 4801
f 4801 4352 4354
f 4801 4354 4804
f 4804 4354 4356
f 4804 4356 4358
f 4769 4626 4627
f 4806 4770 4807
f 4807 4770 4769
f 4807 4769 4628
f 4628 4769 4627
f 4628 4629 4807
f 4807 4629 4630
f 4807 4630 4808
f 4808 4630 4631
f 4808 4631 4632
f 4632 4633 4808
f 4808 4633 4634
f 4808 4634 4809
f 4634 4635 4809
f 4809 4635 4636
f 4809 4636 4625
f 4757 4759 4764
f 4764 4759 4809
f 4764 4809 4769
f 4769 4809 4625
f 4769 4625 4626
f 4589 4590 4805
f 4590 4591 4805
f 4805 4591 4592
f 4805 4592 4752
f 4752 4592 4593
f 4752 4593 4594
f 4596 4597 4810
f 4810 4597 4598
f 4810 4598 4811
f 4811 4598 4599
f 4811 4599 4600
f 4754 4756 4799
f 4799 4756 4811
f 4799 4811 4805
f 4805 4811 4600
f 4805 4600 4589
f 4326 4780 4324
f 4324 4780 4812
f 4324 4812 4779
f 4779 4812 4813
f 4779 4813 4765
f 4765 4813 4768
f 4765 4768 4766
f 4766 4768 4725
f 4766 4725 4723
f 4808 4790 4807
f 4807 4790 4777
f 4807 4777 4806
f 4806 4777 4300
f 4806 4300 4774
f 4774 4300 4302
f 4774 4302 4304
f 4525 4790 4791
f 4791 4790 4808
f 4791 4808 4814
f 4814 4808 4809
f 4814 4809 4753
f 4753 4809 4759
f 4753 4759 4803
f 4803 4759 4758
f 4803 4758 4802
f 4483 4789 4786
f 4786 4789 4815
f 4786 4815 4752
f 4752 4815 4804
f 4752 4804 4805
f 4805 4804 4360
f 4805 4360 4362
f 4480 4786 4785
f 4785 4786 4752
f 4785 4752 4810
f 4810 4752 4595
f 4810 4595 4596
f 4490 4785 4780
f 4780 4785 4810
f 4780 4810 4812
f 4812 4810 4811
f 4812 4811 4813
f 4813 4811 4756
f 4813 4756 4768
f 4768 4756 4755
f 4768 4755 4767
f 4276 4797 4760
f 4760 4797 4775
f 4760 4775 4776
f 4776 4775 4312
f 4776 4312 4314
f 4555 4760 4556
f 4556 4760 4776
f 4556 4776 4557
f 4557 4776 4761
f 4557 4761 4794
f 4794 4761 4793
f 4794 4793 4559
f 4816 4793 4817
f 4817 4793 4792
f 4817 4792 4788
f 4788 4792 4791
f 4788 4791 4789
f 4789 4791 4814
f 4789 4814 4815
f 4815 4814 4753
f 4815 4753 4804
f 4804 4753 4384
f 4804 4384 4386
f 4453 4454 4782
f 4782 4454 4763
f 4782 4763 4781
f 4781 4763 4455
f 4781 4455 4444
f 4266 4268 4818
f 4818 4268 4751
f 4450 4451 4783
f 4783 4451 4452
f 4783 4452 4819
f 4819 4452 4782
f 4819 4782 4258
f 4258 4260 4819
f 4819 4260 4262
f 4819 4262 4818
f 4818 4262 4264
f 4818 4264 4266
f 4268 4270 4751
f 4751 4270 4272
f 4751 4272 4274
f 4252 4254 4782
f 4782 4254 4256
f 4782 4256 4258
f 4274 4252 4751
f 4751 4252 4782
f 4751 4782 4749
f 4749 4782 4781
f 4749 4781 4780
f 4780 4781 4488
f 4780 4488 4489
f 4731 4730 4771
f 4771 4730 4820
f 4771 4820 4798
f 4821 4668 4669
f 4670 4671 4796
f 4795 4663 4664
f 4286 4288 4798
f 4798 4288 4795
f 4798 4795 4771
f 4771 4795 4664
f 4664 4665 4771
f 4771 4665 4666
f 4771 4666 4821
f 4821 4666 4667
f 4821 4667 4668
f 4671 4672 4796
f 4796 4672 4661
f 4796 4661 4795
f 4795 4661 4662
f 4795 4662 4663
f 4669 4670 4821
f 4821 4670 4796
f 4821 4796 4822
f 4698 4699 4784
f 4784 4699 4700
f 4701 4702 4823
f 4823 4702 4703
f 4823 4703 4824
f 4824 4703 4704
f 4824 4704 4705
f 4483 4787 4788
f 4788 4787 4762
f 4788 4762 4817
f 4817 4762 4447
f 4817 4447 4816
f 4816 4447 4784
f 4816 4784 4823
f 4823 4784 4700
f 4823 4700 4701
f 4706 4707 4783
f 4783 4707 4708
f 4783 4708 4784
f 4784 4708 4697
f 4784 4697 4698
f 4818 4772 4819
f 4819 4772 4773
f 4819 4773 4783
f 4783 4773 4824
f 4783 4824 4706
f 4706 4824 4705
f 4745 4743 4747
f 4747 4743 4772
f 4747 4772 4825
f 4825 4772 4818
f 4825 4818 4826
f 4826 4818 4751
f 4826 4751 4827
f 4827 4751 4750
f 4827 4750 4828
f 4828 4750 4778
f 4828 4778 4829
f 4829 4778 4779
f 4829 4779 4830
f 4830 4779 4765
f 4830 4765 4831
f 4831 4765 4720
f 4832 4240 4833
f 4833 4240 4242
f 4796 4834 4822
f 4822 4834 4835
f 4822 4835 4250
f 4250 4228 4822
f 4822 4228 4230
f 4822 4230 4232
f 4234 4236 4832
f 4832 4236 4238
f 4832 4238 4240
f 4242 4244 4833
f 4833 4244 4246
f 4833 4246 4835
f 4835 4246 4248
f 4835 4248 4250
f 4232 4234 4822
f 4822 4234 4832
f 4822 4832 4821
f 4821 4832 4836
f 4821 4836 4771
f 4771 4836 4837
f 4771 4837 4737
f 4404 4406 4833
f 4833 4406 4408
f 4833 4408 4838
f 4838 4408 4410
f 4838 4410 4412
f 4560 4559 4796
f 4796 4559 4793
f 4796 4793 4834
f 4834 4793 4816
f 4834 4816 4835
f 4835 4816 4823
f 4835 4823 4396
f 4414 4416 4823
f 4823 4416 4418
f 4823 4418 4396
f 4396 4398 4835
f 4835 4398 4400
f 4835 4400 4833
f 4833 4400 4402
f 4833 4402 4404
f 4741 4740 4773
f 4773 4740 4839
f 4773 4839 4824
f 4824 4839 4840
f 4824 4840 4823
f 4823 4840 4838
f 4823 4838 4414
f 4414 4838 4412
f 4501 4499 4841
f 4842 4843 4844
f 4844 4843 4738
f 4734 4736 4732
f 4732 4736 4738
f 4732 4738 4729
f 4729 4738 4843
f 4845 4714 4846
f 4846 4714 4716
f 4726 4728 4847
f 4724 4848 4722
f 4722 4848 4849
f 4722 4849 4719
f 4850 4744 4746
f 4744 4850 4742
f 4742 4850 4851
f 4742 4851 4739
f 4421 4443 4852
f 4852 4443 4441
f 4425 4423 4853
f 4853 4423 4421
f 4853 4421 4854
f 4431 4429 4855
f 4437 4856 4439
f 4439 4856 4857
f 4439 4857 4441
f 4433 4858 4435
f 4435 4858 4859
f 4435 4859 4437
f 4860 4861 4477
f 4477 4861 4479
f 4461 4459 4862
f 4862 4459 4457
f 4862 4457 4863
f 4852 4469 4467
f 4421 4852 4854
f 4854 4852 4467
f 4854 4467 4465
f 4475 4473 4864
f 4864 4473 4471
f 4323 4321 4865
f 4866 4305 4303
f 4323 4865 4301
f 4319 4497 4495
f 4315 4313 4867
f 4497 4319 4499
f 4499 4319 4317
f 4499 4317 4841
f 4313 4311 4867
f 4867 4311 4309
f 4867 4309 4866
f 4866 4309 4307
f 4866 4307 4305
f 4509 4507 4868
f 4868 4507 4505
f 4868 4505 4841
f 4841 4505 4503
f 4841 4503 4501
f 4511 4869 4513
f 4513 4869 4870
f 4513 4870 4515
f 4515 4870 4871
f 4515 4871 4493
f 4493 4871 4865
f 4493 4865 4495
f 4495 4865 4321
f 4495 4321 4319
f 4299 4297 4872
f 4299 4872 4277
f 4287 4285 4842
f 4873 4281 4279
f 4295 4533 4531
f 4842 4285 4873
f 4873 4285 4283
f 4873 4283 4281
f 4533 4295 4535
f 4535 4295 4293
f 4535 4293 4874
f 4874 4293 4291
f 4874 4291 4289
f 4875 4545 4543
f 4543 4541 4875
f 4875 4541 4539
f 4875 4539 4874
f 4874 4539 4537
f 4874 4537 4535
f 4547 4876 4549
f 4549 4876 4868
f 4549 4868 4551
f 4551 4868 4841
f 4551 4841 4529
f 4529 4841 4872
f 4529 4872 4531
f 4531 4872 4297
f 4531 4297 4295
f 4738 4877 4844
f 4844 4877 4878
f 4844 4878 4879
f 4245 4243 4880
f 4880 4243 4881
f 4881 4243 4241
f 4881 4241 4239
f 4229 4251 4882
f 4882 4251 4249
f 4882 4249 4880
f 4880 4249 4247
f 4880 4247 4245
f 4239 4237 4881
f 4881 4237 4235
f 4881 4235 4883
f 4883 4235 4233
f 4883 4233 4231
f 4397 4419 4884
f 4884 4419 4417
f 4885 4415 4413
f 4407 4880 4409
f 4409 4880 4885
f 4409 4885 4411
f 4411 4885 4413
f 4407 4405 4880
f 4880 4405 4403
f 4880 4403 4882
f 4882 4403 4401
f 4882 4401 4399
f 4739 4851 4886
f 4886 4851 4887
f 4886 4887 4888
f 4888 4887 4884
f 4888 4884 4885
f 4885 4884 4417
f 4885 4417 4415
f 4652 4879 4654
f 4654 4879 4875
f 4654 4875 4656
f 4642 4640 4874
f 4652 4650 4879
f 4879 4650 4648
f 4879 4648 4844
f 4844 4648 4646
f 4844 4646 4644
f 4640 4638 4874
f 4874 4638 4660
f 4874 4660 4875
f 4875 4660 4658
f 4875 4658 4656
f 4644 4642 4844
f 4844 4642 4874
f 4844 4874 4842
f 4842 4874 4289
f 4842 4289 4287
f 4878 4881 4879
f 4879 4881 4883
f 4879 4883 4875
f 4875 4883 4889
f 4875 4889 4545
f 4545 4889 4890
f 4399 4397 4882
f 4882 4397 4884
f 4882 4884 4891
f 4891 4884 4855
f 4891 4855 4892
f 4674 4696 4855
f 4855 4696 4858
f 4855 4858 4431
f 4431 4858 4433
f 4696 4694 4858
f 4858 4694 4692
f 4858 4692 4690
f 4690 4688 4887
f 4887 4688 4686
f 4887 4686 4884
f 4884 4686 4684
f 4884 4684 4682
f 4682 4680 4884
f 4884 4680 4678
f 4884 4678 4855
f 4855 4678 4676
f 4855 4676 4674
f 4690 4887 4858
f 4858 4887 4851
f 4858 4851 4859
f 4859 4851 4850
f 4859 4850 4893
f 4259 4257 4856
f 4269 4893 4271
f 4271 4893 4894
f 4271 4894 4273
f 4257 4255 4856
f 4856 4255 4253
f 4856 4253 4894
f 4894 4253 4275
f 4894 4275 4273
f 4437 4859 4856
f 4856 4859 4261
f 4856 4261 4259
f 4269 4267 4893
f 4893 4267 4265
f 4893 4265 4859
f 4859 4265 4263
f 4859 4263 4261
f 4279 4277 4873
f 4873 4277 4872
f 4873 4872 4867
f 4867 4872 4841
f 4867 4841 4315
f 4315 4841 4317
f 4547 4545 4876
f 4876 4545 4890
f 4876 4890 4868
f 4868 4890 4895
f 4868 4895 4509
f 4509 4895 4896
f 4429 4427 4855
f 4855 4427 4425
f 4855 4425 4892
f 4892 4425 4853
f 4892 4853 4897
f 4897 4853 4854
f 4897 4854 4898
f 4441 4857 4852
f 4852 4857 4856
f 4852 4856 4899
f 4899 4856 4894
f 4899 4894 4900
f 4901 4325 4347
f 4331 4329 4864
f 4864 4329 4327
f 4341 4900 4343
f 4343 4900 4901
f 4343 4901 4345
f 4345 4901 4347
f 4469 4852 4471
f 4471 4852 4899
f 4471 4899 4864
f 4864 4899 4333
f 4864 4333 4331
f 4341 4339 4900
f 4900 4339 4337
f 4900 4337 4899
f 4899 4337 4335
f 4899 4335 4333
f 4303 4301 4866
f 4866 4301 4865
f 4866 4865 4902
f 4902 4865 4871
f 4902 4871 4903
f 4903 4871 4846
f 4903 4846 4718
f 4718 4846 4716
f 4602 4624 4904
f 4904 4624 4622
f 4622 4620 4904
f 4904 4620 4618
f 4904 4618 4870
f 4870 4618 4616
f 4610 4871 4612
f 4612 4871 4870
f 4612 4870 4614
f 4614 4870 4616
f 4604 4846 4606
f 4606 4846 4871
f 4606 4871 4608
f 4608 4871 4610
f 4231 4229 4883
f 4883 4229 4882
f 4883 4882 4889
f 4889 4882 4891
f 4889 4891 4890
f 4890 4891 4892
f 4890 4892 4895
f 4895 4892 4897
f 4895 4897 4896
f 4896 4897 4898
f 4896 4898 4905
f 4905 4898 4906
f 4905 4906 4907
f 4907 4906 4908
f 4588 4586 4909
f 4576 4574 4863
f 4586 4584 4909
f 4909 4584 4582
f 4909 4582 4861
f 4861 4582 4580
f 4861 4580 4578
f 4457 4479 4863
f 4863 4479 4861
f 4863 4861 4576
f 4576 4861 4578
f 4574 4572 4863
f 4863 4572 4570
f 4863 4570 4910
f 4910 4570 4568
f 4910 4568 4566
f 4746 4748 4850
f 4850 4748 4911
f 4850 4911 4893
f 4893 4911 4912
f 4893 4912 4894
f 4894 4912 4913
f 4894 4913 4900
f 4900 4913 4914
f 4900 4914 4901
f 4901 4914 4915
f 4901 4915 4916
f 4916 4915 4917
f 4916 4917 4849
f 4849 4917 4918
f 4849 4918 4719
f 4604 4602 4846
f 4846 4602 4904
f 4846 4904 4845
f 4845 4904 4919
f 4511 4509 4869
f 4869 4509 4896
f 4869 4896 4870
f 4870 4896 4905
f 4870 4905 4904
f 4904 4905 4907
f 4904 4907 4919
f 4919 4907 4920
f 4395 4921 4373
f 4373 4921 4920
f 4373 4920 4375
f 4908 4387 4907
f 4907 4387 4385
f 4907 4385 4383
f 4395 4393 4921
f 4921 4393 4391
f 4921 4391 4908
f 4908 4391 4389
f 4908 4389 4387
f 4383 4381 4907
f 4907 4381 4379
f 4907 4379 4920
f 4920 4379 4377
f 4920 4377 4375
f 4353 4351 4921
f 4921 4351 4349
f 4921 4349 4922
f 4922 4349 4371
f 4363 4361 4910
f 4910 4361 4908
f 4910 4908 4863
f 4863 4908 4906
f 4863 4906 4862
f 4862 4906 4898
f 4862 4898 4461
f 4461 4898 4854
f 4461 4854 4463
f 4463 4854 4465
f 4371 4369 4922
f 4922 4369 4367
f 4922 4367 4910
f 4910 4367 4365
f 4910 4365 4363
f 4361 4359 4908
f 4908 4359 4357
f 4908 4357 4921
f 4921 4357 4355
f 4921 4355 4353
f 4566 4588 4910
f 4910 4588 4909
f 4910 4909 4922
f 4922 4909 4923
f 4477 4475 4860
f 4860 4475 4864
f 4860 4864 4861
f 4861 4864 4924
f 4861 4924 4909
f 4909 4924 4925
f 4909 4925 4923
f 4923 4925 4847
f 4327 4325 4864
f 4864 4325 4901
f 4864 4901 4924
f 4924 4901 4916
f 4924 4916 4925
f 4925 4916 4849
f 4925 4849 4847
f 4847 4849 4848
f 4847 4848 4726
f 4726 4848 4724
f 4728 4926 4847
f 4847 4926 4927
f 4847 4927 4923
f 4923 4927 4928
f 4923 4928 4922
f 4922 4928 4929
f 4922 4929 4921
f 4921 4929 4930
f 4921 4930 4920
f 4920 4930 4931
f 4920 4931 4919
f 4919 4931 4932
f 4919 4932 4845
f 4845 4932 4709
f 4845 4709 4714
f 4714 4709 4712
f 4740 4739 4839
f 4839 4739 4886
f 4839 4886 4840
f 4840 4886 4888
f 4840 4888 4838
f 4838 4888 4885
f 4838 4885 4833
f 4833 4885 4880
f 4833 4880 4832
f 4832 4880 4881
f 4832 4881 4836
f 4836 4881 4878
f 4836 4878 4837
f 4837 4878 4877
f 4837 4877 4737
f 4737 4877 4738
f 4730 4729 4820
f 4820 4729 4843
f 4820 4843 4798
f 4798 4843 4842
f 4798 4842 4797
f 4797 4842 4873
f 4797 4873 4775
f 4775 4873 4867
f 4775 4867 4774
f 4774 4867 4866
f 4774 4866 4806
f 4806 4866 4902
f 4806 4902 4770
f 4770 4902 4903
f 4770 4903 4717
f 4717 4903 4718
f 4728 4727 4926
f 4926 4727 4767
f 4926 4767 4927
f 4927 4767 4755
f 4927 4755 4928
f 4928 4755 4754
f 4928 4754 4929
f 4929 4754 4800
f 4929 4800 4930
f 4930 4800 4802
f 4930 4802 4931
f 4931 4802 4758
f 4931 4758 4932
f 4932 4758 4757
f 4932 4757 4709
f 4709 4757 4710
f 4748 4747 4911
f 4911 4747 4825
f 4911 4825 4912
f 4912 4825 4826
f 4912 4826 4913
f 4913 4826 4827
f 4913 4827 4914
f 4914 4827 4828
f 4914 4828 4915
f 4915 4828 4829
f 4915 4829 4917
f 4917 4829 4830
f 4917 4830 4918
f 4918 4830 4831
f 4918 4831 4719
f 4719 4831 4720
f 4933 4934 4935
f 4935 4936 4933
f 4933 4936 4937
f 4933 4937 4938
f 4937 4939 4938
f 4938 4939 4940
f 4938 4940 4941
f 4940 4942 4941
f 4941 4942 4943
f 4941 4943 4944
f 4943 4945 4944
f 4944 4945 4946
f 4944 4946 4947
f 4947 4946 4948
f 4947 4948 4949
f 4948 4950 4949
f 4949 4950 4951
f 4949 4951 4952
f 4951 4953 4952
f 4952 4953 4954
f 4952 4954 4955
f 4954 4956 4955
f 4955 4956 4957
f 4955 4957 4958
f 4957 4959 4958
f 4958 4959 4960
f 4958 4960 4961
f 4960 4962 4961
f 4961 4962 4963
f 4961 4963 4964
f 4963 4965 4964
f 4964 4965 4966
f 4964 4966 4967
f 4967 4966 4968
f 4967 4968 4934
f 4934 4968 4969
f 4934 4969 4935
f 4966 4970 4971
f 4966 4965 4970
f 4970 4965 4963
f 4970 4963 4972
f 4963 4962 4972
f 4972 4962 4960
f 4972 4960 4973
f 4960 4959 4973
f 4973 4959 4957
f 4973 4957 4974
f 4957 4956 4974
f 4974 4956 4954
f 4974 4954 4975
f 4954 4953 4975
f 4975 4953 4951
f 4975 4951 4976
f 4951 4950 4976
f 4976 4950 4948
f 4976 4948 4977
f 4948 4946 4977
f 4977 4946 4945
f 4977 4945 4978
f 4945 4943 4978
f 4978 4943 4942
f 4978 4942 4979
f 4942 4940 4979
f 4979 4940 4939
f 4979 4939 4980
f 4939 4937 4980
f 4980 4937 4936
f 4980 4936 4981
f 4936 4935 4981
f 4981 4935 4969
f 4981 4969 4971
f 4971 4969 4968
f 4971 4968 4966
f 4982 4983 4984
f 4984 4985 4982
f 4982 4985 4986
f 4982 4986 4987
f 4986 4988 4987
f 4987 4988 4989
f 4987 4989 4990
f 4989 4991 4990
f 4990 4991 4992
f 4990 4992 4993
f 4992 4994 4993
f 4993 4994 4995
f 4993 4995 4996
f 4996 4995 4997
f 4996 4997 4998
f 4997 4999 4998
f 4998 4999 5000
f 4998 5000 5001
f 5000 5002 5001
f 5001 5002 5003
f 5001 5003 5004
f 5003 5005 5004
f 5004 5005 5006
f 5004 5006 5007
f 5006 5008 5007
f 5007 5008 5009
f 5007 5009 5010
f 5009 5011 5010
f 5010 5011 5012
f 5010 5012 5013
f 5012 5014 5013
f 5013 5014 5015
f 5013 5015 5016
f 5016 5015 5017
f 5016 5017 4983
f 4983 5017 5018
f 4983 5018 4984
f 5015 5019 5020
f 5015 5014 5019
f 5019 5014 5012
f 5019 5012 5021
f 5012 5011 5021
f 5021 5011 5009
f 5021 5009 5022
f 5009 5008 5022
f 5022 5008 5006
f 5022 5006 5023
f 5006 5005 5023
f 5023 5005 5003
f 5023 5003 5024
f 5003 5002 5024
f 5024 5002 5000
f 5024 5000 5025
f 5000 4999 5025
f 5025 4999 4997
f 5025 4997 5026
f 4997 4995 5026
f 5026 4995 4994
f 5026 4994 5027
f 4994 4992 5027
f 5027 4992 4991
f 5027 4991 5028
f 4991 4989 5028
f 5028 4989 4988
f 5028 4988 5029
f 4988 4986 5029
f 5029 4986 4985
f 5029 4985 5030
f 4985 4984 5030
f 5030 4984 5018
f 5030 5018 5020
f 5020 5018 5017
f 5020 5017 5015
f 5031 5032 5033
f 5033 5034 5031
f 5031 5034 5035
f 5031 5035 5036
f 5035 5037 5036
f 5036 5037 5038
f 5036 5038 5039
f 5038 5040 5039
f 5039 5040 5041
f 5039 5041 5042
f 5041 5043 5042
f 5042 5043 5044
f 5042 5044 5045
f 5044 5046 5045
f 5045 5046 5047
f 5045 5047 5048
f 5048 5047 5049
f 5048 5049 5050
f 5049 5051 5050
f 5050 5051 5052
f 5050 5052 5053
f 5052 5054 5053
f 5053 5054 5055
f 5053 5055 5056
f 5055 5057 5056
f 5056 5057 5058
f 5056 5058 5059
f 5058 5060 5059
f 5059 5060 5061
f 5059 5061 5062
f 5061 5063 5062
f 5062 5063 5064
f 5062 5064 5065
f 5065 5064 5066
f 5065 5066 5032
f 5032 5066 5067
f 5032 5067 5033
f 5064 5068 5069
f 5064 5063 5068
f 5068 5063 5061
f 5068 5061 5070
f 5061 5060 5070
f 5070 5060 5058
f 5070 5058 5071
f 5058 5057 5071
f 5071 5057 5055
f 5071 5055 5072
f 5055 5054 5072
f 5072 5054 5052
f 5072 5052 5073
f 5052 5051 5073
f 5073 5051 5049
f 5073 5049 5074
f 5049 5047 5074
f 5074 5047 5046
f 5074 5046 5075
f 5046 5044 5075
f 5075 5044 5043
f 5075 5043 5076
f 5043 5041 5076
f 5076 5041 5040
f 5076 5040 5077
f 5040 5038 5077
f 5077 5038 5037
f 5077 5037 5078
f 5037 5035 5078
f 5078 5035 5034
f 5078 5034 5079
f 5034 5033 5079
f 5079 5033 5067
f 5079 5067 5069
f 5069 5067 5066
f 5069 5066 5064
f 5080 5081 5082
f 5082 5083 5080
f 5080 5083 5084
f 5080 5084 5085
f 5084 5086 5085
f 5085 5086 5087
f 5085 5087 5088
f 5087 5089 5088
f 5088 5089 5090
f 5088 5090 5091
f 5090 5092 5091
f 5091 5092 5093
f 5091 5093 5094
f 5093 5095 5094
f 5094 5095 5096
f 5094 5096 5097
f 5097 5096 5098
f 5097 5098 5099
f 5098 5100 5099
f 5099 5100 5101
f 5099 5101 5102
f 5101 5103 5102
f 5102 5103 5104
f 5102 5104 5105
f 5104 5106 5105
f 5105 5106 5107
f 5105 5107 5108
f 5107 5109 5108
f 5108 5109 5110
f 5108 5110 5111
f 5110 5112 5111
f 5111 5112 5113
f 5111 5113 5114
f 5114 5113 5115
f 5114 5115 5081
f 5081 5115 5116
f 5081 5116 5082
f 5113 5117 5118
f 5113 5112 5117
f 5117 5112 5110
f 5117 5110 5119
f 5110 5109 5119
f 5119 5109 5107
f 5119 5107 5120
f 5107 5106 5120
f 5120 5106 5104
f 5120 5104 5121
f 5104 5103 5121
f 5121 5103 5101
f 5121 5101 5122
f 5101 5100 5122
f 5122 5100 5098
f 5122 5098 5123
f 5098 5096 5123
f 5123 5096 5095
f 5123 5095 5124
f 5095 5093 5124
f 5124 5093 5092
f 5124 5092 5125
f 5092 5090 5125
f 5125 5090 5089
f 5125 5089 5126
f 5089 5087 5126
f 5126 5087 5086
f 5126 5086 5127
f 5086 5084 5127
f 5127 5084 5083
f 5127 5083 5128
f 5083 5082 5128
f 5128 5082 5116
f 5128 5116 5118
f 5118 5116 5115
f 5118 5115 5113
f 5129 5130 5131
f 5131 5132 5129
f 5129 5132 5133
f 5129 5133 5134
f 5133 5135 5134
f 5134 5135 5136
f 5134 5136 5137
f 5136 5138 5137
f 5137 5138 5139
f 5137 5139 5140
f 5139 5141 5140
f 5140 5141 5142
f 5140 5142 5143
f 5143 5142 5144
f 5143 5144 5145
f 5144 5146 5145
f 5145 5146 5147
f 5145 5147 5148
f 5147 5149 5148
f 5148 5149 5150
f 5148 5150 5151
f 5150 5152 5151
f 5151 5152 5153
f 5151 5153 5154
f 5153 5155 5154
f 5154 5155 5156
f 5154 5156 5157
f 5156 5158 5157
f 5157 5158 5159
f 5157 5159 5160
f 5159 5161 5160
f 5160 5161 5162
f 5160 5162 5163
f 5163 5162 5164
f 5163 5164 5130
f 5130 5164 5165
f 5130 5165 5131
f 5162 5166 5167
f 5162 5161 5166
f 5166 5161 5159
f 5166 5159 5168
f 5159 5158 5168
f 5168 5158 5156
f 5168 5156 5169
f 5156 5155 5169
f 5169 5155 5153
f 5169 5153 5170
f 5153 5152 5170
f 5170 5152 5150
f 5170 5150 5171
f 5150 5149 5171
f 5171 5149 5147
f 5171 5147 5172
f 5147 5146 5172
f 5172 5146 5144
f 5172 5144 5173
f 5144 5142 5173
f 5173 5142 5141
f 5173 5141 5174
f 5141 5139 5174
f 5174 5139 5138
f 5174 5138 5175
f 5138 5136 5175
f 5175 5136 5135
f 5175 5135 5176
f 5135 5133 5176
f 5176 5133 5132
f 5176 5132 5177
f 5132 5131 5177
f 5177 5131 5165
f 5177 5165 5167
f 5167 5165 5164
f 5167 5164 5162
f 5178 5179 5180
f 5180 5181 5178
f 5178 5181 5182
f 5178 5182 5183
f 5182 5184 5183
f 5183 5184 5185
f 5183 5185 5186
f 5185 5187 5186
f 5186 5187 5188
f 5186 5188 5189
f 5188 5190 5189
f 5189 5190 5191
f 5189 5191 5192
f 5192 5191 5193
f 5192 5193 5194
f 5193 5195 5194
f 5194 5195 5196
f 5194 5196 5197
f 5196 5198 5197
f 5197 5198 5199
f 5197 5199 5200
f 5199 5201 5200
f 5200 5201 5202
f 5200 5202 5203
f 5202 5204 5203
f 5203 5204 5205
f 5203 5205 5206
f 5205 5207 5206
f 5206 5207 5208
f 5206 5208 5209
f 5208 5210 5209
f 5209 5210 5211
f 5209 5211 5212
f 5212 5211 5213
f 5212 5213 5179
f 5179 5213 5214
f 5179 5214 5180
f 5211 5215 5216
f 5211 5210 5215
f 5215 5210 5208
f 5215 5208 5217
f 5208 5207 5217
f 5217 5207 5205
f 5217 5205 5218
f 5205 5204 5218
f 5218 5204 5202
f 5218 5202 5219
f 5202 5201 5219
f 5219 5201 5199
f 5219 5199 5220
f 5199 5198 5220
f 5220 5198 5196
f 5220 5196 5221
f 5196 5195 5221
f 5221 5195 5193
f 5221 5193 5222
f 5193 5191 5222
f 5222 5191 5190
f 5222 5190 5223
f 5190 5188 5223
f 5223 5188 5187
f 5223 5187 5224
f 5187 5185 5224
f 5224 5185 5184
f 5224 5184 5225
f 5184 5182 5225
f 5225 5182 5181
f 5225 5181 5226
f 5181 5180 5226
f 5226 5180 5214
f 5226 5214 5216
f 5216 5214 5213
f 5216 5213 5211
f 5227 5228 5229
f 5229 5228 5230
f 5229 5230 5231
f 5231 5230 5232
f 5231 5232 5233
f 5233 5232 5234
f 5233 5234 5235
f 5235 5234 5236
f 5235 5236 5237
f 5237 5236 5238
f 5237 5238 5239
f 5239 5238 5240
f 5239 5240 5241
f 5241 5240 5242
f 5241 5242 5243
f 5243 5242 5244
f 5243 5244 5245
f 5245 5244 5246
f 5245 5246 5247
f 5247 5246 5248
f 5247 5248 5249
f 5249 5248 5250
f 5249 5250 5227
f 5227 5250 5228
f 5251 5252 5253
f 5253 5252 5254
f 5253 5254 5255
f 5255 5254 5256
f 5255 5256 5257
f 5257 5256 5258
f 5257 5258 5259
f 5259 5258 5260
f 5259 5260 5261
f 5261 5260 5262
f 5261 5262 5263
f 5263 5262 5264
f 5263 5264 5265
f 5265 5264 5266
f 5265 5266 5267
f 5267 5266 5268
f 5267 5268 5269
f 5269 5268 5270
f 5269 5270 5271
f 5271 5270 5272
f 5271 5272 5273
f 5273 5272 5274
f 5273 5274 5251
f 5251 5274 5252
f 5275 5276 5277
f 5277 5276 5278
f 5277 5278 5279
f 5279 5278 5280
f 5279 5280 5281
f 5281 5280 5282
f 5281 5282 5283
f 5283 5282 5284
f 5283 5284 5285
f 5285 5284 5286
f 5285 5286 5287
f 5287 5286 5288
f 5287 5288 5289
f 5289 5288 5290
f 5289 5290 5291
f 5291 5290 5292
f 5291 5292 5293
f 5293 5292 5294
f 5293 5294 5295
f 5295 5294 5296
f 5295 5296 5297
f 5297 5296 5298
f 5297 5298 5275
f 5275 5298 5276
f 5299 5300 5301
f 5301 5300 5302
f 5301 5302 5303
f 5303 5302 5304
f 5303 5304 5305
f 5305 5304 5306
f 5305 5306 5307
f 5307 5306 5308
f 5307 5308 5309
f 5309 5308 5310
f 5309 5310 5311
f 5311 5310 5312
f 5311 5312 5313
f 5313 5312 5314
f 5313 5314 5315
f 5315 5314 5316
f 5315 5316 5317
f 5317 5316 5318
f 5317 5318 5319
f 5319 5318 5320
f 5319 5320 5321
f 5321 5320 5322
f 5321 5322 5299
f 5299 5322 5300
f 5323 5324 5325
f 5325 5324 5326
f 5325 5326 5327
f 5327 5326 5328
f 5327 5328 5329
f 5329 5328 5330
f 5329 5330 5331
f 5331 5330 5332
f 5331 5332 5333
f 5333 5332 5334
f 5333 5334 5335
f 5335 5334 5336
f 5335 5336 5337
f 5337 5336 5338
f 5337 5338 5339
f 5339 5338 5340
f 5339 5340 5341
f 5341 5340 5342
f 5341 5342 5343
f 5343 5342 5344
f 5343 5344 5345
f 5345 5344 5346
f 5345 5346 5323
f 5323 5346 5324
f 5347 5348 5349
f 5349 5348 5350
f 5349 5350 5351
f 5351 5350 5352
f 5351 5352 5353
f 5353 5352 5354
f 5353 5354 5355
f 5355 5354 5356
f 5355 5356 5357
f 5357 5356 5358
f 5357 5358 5359
f 5359 5358 5360
f 5359 5360 5361
f 5361 5360 5362
f 5361 5362 5363
f 5363 5362 5364
f 5363 5364 5365
f 5365 5364 5366
f 5365 5366 5367
f 5367 5366 5368
f 5367 5368 5369
f 5369 5368 5370
f 5369 5370 5347
f 5347 5370 5348
f 5371 5372 5373
f 5373 5372 5374
f 5373 5374 5375
f 5375 5374 5376
f 5375 5376 5377
f 5377 5376 5378
f 5377 5378 5379
f 5379 5378 5380
f 5379 5380 5381
f 5381 5380 5382
f 5381 5382 5383
f 5383 5382 5384
f 5383 5384 5385
f 5385 5384 5386
f 5385 5386 5387
f 5387 5386 5388
f 5387 5388 5389
f 5389 5388 5390
f 5389 5390 5391
f 5391 5390 5392
f 5391 5392 5393
f 5393 5392 5394
f 5393 5394 5371
f 5371 5394 5372
f 5395 5396 5397
f 5397 5396 5398
f 5397 5398 5399
f 5399 5398 5400
f 5399 5400 5401
f 5401 5400 5402
f 5401 5402 5403
f 5403 5402 5404
f 5403 5404 5405
f 5405 5404 5406
f 5405 5406 5407
f 5407 5406 5408
f 5407 5408 5409
f 5409 5408 5410
f 5409 5410 5411
f 5411 5410 5412
f 5411 5412 5413
f 5413 5412 5414
f 5413 5414 5415
f 5415 5414 5416
f 5415 5416 5417
f 5417 5416 5418
f 5417 5418 5395
f 5395 5418 5396
f 5419 5420 5421
f 5419 5421 5422
f 5422 5421 5423
f 5422 5423 5424
f 5424 5423 5425
f 5424 5425 5426
f 5426 5425 5427
f 5426 5427 5428
f 5429 5430 5431
f 5429 5431 5432
f 5432 5431 5433
f 5432 5433 5434
f 5434 5433 5435
f 5434 5435 5436
f 5436 5435 5437
f 5436 5437 5438
f 5439 5440 5441
f 5439 5441 5442
f 5442 5441 5443
f 5442 5443 5444
f 5444 5443 5445
f 5444 5445 5446
f 5446 5445 5447
f 5446 5447 5448
f 5449 5450 5451
f 5449 5451 5452
f 5452 5451 5453
f 5452 5453 5454
f 5454 5453 5455
f 5454 5455 5456
f 5456 5455 5457
f 5456 5457 5458
f 5285 5287 5459
f 5105 5108 5460
f 5056 5059 5461
f 4987 4990 5462
f 4947 4949 5463
f 5439 5442 5444
f 5428 5464 5465
f 5438 5466 5467
f 5467 5429 5432
f 5432 5434 5467
f 5467 5434 5436
f 5467 5436 5438
f 5424 5426 5422
f 5422 5426 5428
f 5439 5444 5468
f 5456 5458 5454
f 5454 5458 5469
f 5454 5469 5452
f 5452 5469 5470
f 5452 5470 5449
f 4947 5463 4944
f 4938 4941 5471
f 5471 4941 4944
f 4949 4952 5472
f 5473 4964 5474
f 5474 4964 4967
f 5474 4967 5475
f 5475 4967 4934
f 5475 4934 4933
f 4952 4955 5472
f 5472 4955 4958
f 5472 4958 5473
f 5473 4958 4961
f 5473 4961 4964
f 5476 5007 5471
f 5471 5007 5010
f 4983 5477 5016
f 5016 5477 5471
f 5016 5471 5013
f 5013 5471 5010
f 4987 5462 4982
f 4990 4993 5478
f 5478 4993 4996
f 5478 4996 5479
f 4996 4998 5479
f 5479 4998 5001
f 5479 5001 5476
f 5476 5001 5004
f 5476 5004 5007
f 5461 5059 5480
f 5059 5062 5480
f 5480 5062 5065
f 5480 5065 5481
f 5481 5065 5032
f 5481 5032 5460
f 5460 5032 5031
f 5460 5031 5036
f 5482 5483 5045
f 5045 5048 5482
f 5482 5048 5050
f 5482 5050 5053
f 5036 5039 5483
f 5483 5039 5042
f 5483 5042 5045
f 5484 5485 5080
f 5080 5485 5081
f 5460 5108 5481
f 5481 5108 5111
f 5481 5111 5485
f 5485 5111 5114
f 5485 5114 5081
f 5085 5088 5486
f 5486 5088 5091
f 5036 5483 5460
f 5460 5483 5102
f 5460 5102 5105
f 5091 5094 5486
f 5486 5094 5097
f 5486 5097 5483
f 5483 5097 5099
f 5483 5099 5102
f 5487 5130 5129
f 5151 5154 5462
f 5462 5154 5477
f 5462 5477 4982
f 4982 5477 4983
f 5154 5157 5477
f 5477 5157 5160
f 5477 5160 5487
f 5487 5160 5163
f 5487 5163 5130
f 4990 5478 5462
f 5462 5478 5148
f 5462 5148 5151
f 5137 5140 5488
f 5488 5140 5143
f 5488 5143 5478
f 5478 5143 5145
f 5478 5145 5148
f 5489 5194 5490
f 5490 5194 5197
f 5490 5197 5200
f 5203 5206 5491
f 5491 5206 5209
f 5491 5209 5492
f 5492 5209 5212
f 5492 5212 5493
f 5493 5212 5179
f 5179 5178 5493
f 5493 5178 5183
f 5493 5183 5494
f 5183 5186 5494
f 5494 5186 5189
f 5494 5189 5489
f 5489 5189 5192
f 5489 5192 5194
f 5243 5245 5495
f 5245 5247 5495
f 5495 5247 5249
f 5495 5249 5496
f 5496 5249 5227
f 5496 5227 5497
f 5497 5227 5229
f 5497 5229 5231
f 5241 5498 5239
f 5239 5498 5499
f 5239 5499 5237
f 5237 5499 5488
f 5237 5488 5235
f 5235 5488 5233
f 5317 5319 5500
f 5307 5464 5305
f 5305 5464 5501
f 5305 5501 5303
f 5313 5465 5311
f 5311 5465 5464
f 5311 5464 5309
f 5309 5464 5307
f 5317 5500 5315
f 5303 5501 5301
f 5301 5501 5502
f 5301 5502 5299
f 5365 5367 5503
f 5503 5367 5369
f 5503 5369 5504
f 5504 5369 5347
f 5504 5347 5484
f 5484 5347 5349
f 5485 5357 5505
f 5505 5357 5359
f 5505 5359 5506
f 5506 5359 5361
f 5506 5361 5363
f 5349 5351 5484
f 5484 5351 5353
f 5484 5353 5485
f 5485 5353 5355
f 5485 5355 5357
f 5507 5373 5375
f 5377 5379 5508
f 5508 5379 5381
f 5508 5381 5509
f 5509 5381 5383
f 5389 5510 5387
f 5387 5510 5509
f 5387 5509 5385
f 5385 5509 5383
f 5371 5511 5393
f 5393 5511 5510
f 5393 5510 5391
f 5391 5510 5389
f 5287 5472 5459
f 5459 5472 5473
f 5459 5473 5502
f 5502 5473 5321
f 5502 5321 5299
f 5277 5279 5512
f 5512 5279 5281
f 5512 5281 5459
f 5459 5281 5283
f 5459 5283 5285
f 5293 5513 5291
f 5291 5513 5472
f 5291 5472 5289
f 5289 5472 5287
f 5293 5295 5513
f 5513 5295 5297
f 5513 5297 5275
f 5429 5467 5514
f 5514 5467 5513
f 5514 5513 5512
f 5512 5513 5275
f 5512 5275 5277
f 4949 5472 5463
f 5463 5472 5513
f 5463 5513 5515
f 5515 5513 5467
f 5515 5467 5516
f 5516 5467 5466
f 5516 5466 5517
f 5325 5518 5323
f 5323 5518 5461
f 5323 5461 5345
f 5327 5329 5519
f 5337 5339 5480
f 5480 5339 5341
f 5480 5341 5461
f 5461 5341 5343
f 5461 5343 5345
f 5329 5331 5519
f 5519 5331 5333
f 5519 5333 5480
f 5480 5333 5335
f 5480 5335 5337
f 5325 5327 5518
f 5518 5327 5519
f 5518 5519 5465
f 5465 5519 5520
f 5465 5520 5428
f 5428 5520 5419
f 5428 5419 5422
f 5313 5315 5465
f 5465 5315 5500
f 5465 5500 5518
f 5518 5500 5521
f 5518 5521 5461
f 5461 5521 5482
f 5461 5482 5056
f 5056 5482 5053
f 5267 5479 5265
f 5265 5479 5263
f 5269 5271 5522
f 5253 5517 5251
f 5251 5517 5522
f 5251 5522 5273
f 5273 5522 5271
f 4944 5463 5471
f 5471 5463 5515
f 5471 5515 5476
f 5476 5515 5516
f 5476 5516 5479
f 5479 5516 5261
f 5479 5261 5263
f 5253 5255 5517
f 5517 5255 5257
f 5517 5257 5516
f 5516 5257 5259
f 5516 5259 5261
f 5267 5269 5479
f 5479 5269 5522
f 5479 5522 5478
f 5478 5522 5523
f 5478 5523 5488
f 5488 5523 5497
f 5488 5497 5233
f 5233 5497 5231
f 4933 4938 5475
f 5475 4938 5471
f 5475 5471 5524
f 5524 5471 5477
f 5524 5477 5525
f 5525 5477 5487
f 5525 5487 5491
f 5491 5487 5490
f 5491 5490 5203
f 5203 5490 5200
f 5363 5365 5506
f 5506 5365 5503
f 5506 5503 5526
f 5526 5503 5508
f 5526 5508 5448
f 5080 5085 5484
f 5484 5085 5486
f 5484 5486 5504
f 5504 5486 5527
f 5504 5527 5503
f 5503 5527 5528
f 5503 5528 5508
f 5508 5528 5507
f 5508 5507 5377
f 5377 5507 5375
f 5319 5321 5500
f 5500 5321 5473
f 5500 5473 5521
f 5521 5473 5474
f 5521 5474 5482
f 5482 5474 5475
f 5482 5475 5483
f 5483 5475 5524
f 5483 5524 5486
f 5486 5524 5525
f 5486 5525 5527
f 5527 5525 5491
f 5527 5491 5528
f 5528 5491 5492
f 5528 5492 5507
f 5507 5492 5493
f 5507 5493 5373
f 5373 5493 5371
f 5241 5243 5498
f 5498 5243 5495
f 5498 5495 5470
f 5470 5495 5529
f 5470 5529 5449
f 5530 5407 5409
f 5403 5405 5494
f 5403 5494 5401
f 5371 5493 5511
f 5511 5493 5494
f 5511 5494 5530
f 5530 5494 5405
f 5530 5405 5407
f 5399 5401 5531
f 5531 5401 5494
f 5531 5494 5532
f 5532 5494 5489
f 5532 5489 5533
f 5533 5489 5490
f 5533 5490 5534
f 5534 5490 5487
f 5534 5487 5134
f 5134 5487 5129
f 5409 5411 5530
f 5530 5411 5413
f 5530 5413 5535
f 5535 5413 5415
f 5415 5417 5535
f 5535 5417 5395
f 5535 5395 5531
f 5531 5395 5397
f 5531 5397 5399
f 5134 5137 5534
f 5534 5137 5488
f 5534 5488 5533
f 5533 5488 5499
f 5533 5499 5532
f 5532 5499 5498
f 5532 5498 5531
f 5531 5498 5470
f 5531 5470 5535
f 5535 5470 5469
f 5458 5536 5469
f 5469 5536 5537
f 5469 5537 5535
f 5535 5537 5538
f 5535 5538 5530
f 5530 5538 5539
f 5530 5539 5511
f 5511 5539 5540
f 5511 5540 5510
f 5510 5540 5468
f 5510 5468 5509
f 5509 5468 5444
f 5509 5444 5508
f 5508 5444 5446
f 5508 5446 5448
f 5430 5429 5541
f 5541 5429 5514
f 5541 5514 5542
f 5542 5514 5512
f 5542 5512 5543
f 5543 5512 5459
f 5543 5459 5544
f 5544 5459 5502
f 5544 5502 5545
f 5545 5502 5501
f 5545 5501 5546
f 5546 5501 5464
f 5546 5464 5427
f 5427 5464 5428
f 5420 5419 5547
f 5547 5419 5520
f 5547 5520 5548
f 5548 5520 5519
f 5548 5519 5549
f 5549 5519 5480
f 5549 5480 5550
f 5550 5480 5481
f 5550 5481 5551
f 5448 5447 5526
f 5526 5447 5552
f 5526 5552 5506
f 5506 5552 5553
f 5506 5553 5505
f 5505 5553 5551
f 5505 5551 5485
f 5485 5551 5481
f 5458 5457 5536
f 5536 5457 5554
f 5536 5554 5537
f 5537 5554 5555
f 5537 5555 5538
f 5538 5555 5556
f 5538 5556 5539
f 5539 5556 5557
f 5539 5557 5540
f 5540 5557 5558
f 5540 5558 5468
f 5468 5558 5559
f 5468 5559 5439
f 5439 5559 5440
f 5450 5449 5560
f 5560 5449 5529
f 5560 5529 5561
f 5438 5437 5466
f 5466 5437 5562
f 5466 5562 5517
f 5517 5562 5563
f 5517 5563 5522
f 5522 5563 5564
f 5522 5564 5523
f 5523 5564 5565
f 5523 5565 5497
f 5497 5565 5566
f 5497 5566 5496
f 5496 5566 5561
f 5496 5561 5495
f 5495 5561 5529
f 5220 5221 5567
f 5568 5569 5570
f 5322 5320 5571
f 5378 5376 5572
f 5068 5070 5573
f 5022 5023 5574
f 5457 5455 5453
f 5430 5541 5575
f 5443 5441 5440
f 5443 5576 5445
f 5445 5576 5577
f 5445 5577 5447
f 5427 5425 5578
f 5578 5425 5423
f 5578 5423 5421
f 5433 5431 5435
f 5435 5431 5430
f 5435 5430 5437
f 5437 5430 5562
f 5453 5451 5569
f 5569 5451 5450
f 5569 5450 5570
f 5570 5450 5560
f 5570 5560 5561
f 5029 5030 5579
f 5019 5021 5580
f 5579 5030 5580
f 5580 5030 5020
f 5580 5020 5019
f 5022 5574 5021
f 5023 5024 5581
f 5581 5024 5025
f 5581 5025 5582
f 5582 5025 5026
f 5582 5026 5583
f 5583 5026 5027
f 5583 5027 5028
f 5069 5549 5079
f 5079 5549 5550
f 5079 5550 5078
f 5071 5072 5584
f 5584 5072 5073
f 5584 5073 5074
f 5077 5585 5076
f 5076 5585 5586
f 5076 5586 5075
f 5550 5551 5118
f 5118 5117 5550
f 5550 5117 5585
f 5550 5585 5078
f 5078 5585 5077
f 5117 5119 5585
f 5585 5119 5120
f 5585 5120 5586
f 5586 5120 5121
f 5121 5122 5586
f 5586 5122 5123
f 5586 5123 5587
f 5587 5123 5124
f 5587 5124 5125
f 5125 5126 5588
f 5588 5126 5127
f 5588 5127 5551
f 5551 5127 5128
f 5551 5128 5118
f 5173 5174 5589
f 5589 5174 5175
f 5168 5583 5579
f 5579 5583 5028
f 5579 5028 5029
f 5176 5177 5590
f 5590 5177 5167
f 5590 5167 5579
f 5579 5167 5166
f 5579 5166 5168
f 5168 5169 5583
f 5583 5169 5170
f 5583 5170 5582
f 5582 5170 5171
f 5582 5171 5591
f 5591 5171 5172
f 5372 5394 5592
f 5592 5394 5593
f 5394 5392 5593
f 5593 5392 5390
f 5593 5390 5576
f 5576 5390 5388
f 5388 5386 5576
f 5576 5386 5384
f 5576 5384 5577
f 5577 5384 5382
f 5577 5382 5380
f 5545 5304 5544
f 5544 5304 5302
f 5316 5314 5578
f 5316 5578 5318
f 5314 5312 5578
f 5578 5312 5546
f 5578 5546 5427
f 5312 5310 5546
f 5546 5310 5308
f 5546 5308 5545
f 5545 5308 5306
f 5545 5306 5304
f 5443 5440 5576
f 5576 5440 5559
f 5576 5559 5593
f 5593 5559 5558
f 5593 5558 5592
f 5457 5453 5554
f 5554 5453 5569
f 5554 5569 5555
f 5555 5569 5568
f 5555 5568 5556
f 5556 5568 5594
f 5556 5594 5557
f 5595 5398 5396
f 5594 5410 5408
f 5418 5416 5568
f 5568 5416 5414
f 5568 5414 5594
f 5594 5414 5412
f 5594 5412 5410
f 5558 5557 5592
f 5592 5557 5594
f 5592 5594 5596
f 5596 5594 5408
f 5596 5408 5406
f 5404 5402 5595
f 5595 5402 5400
f 5595 5400 5398
f 5447 5577 5552
f 5552 5577 5597
f 5552 5597 5553
f 5222 5223 5596
f 5220 5567 5219
f 5223 5224 5596
f 5596 5224 5598
f 5596 5598 5592
f 5592 5598 5374
f 5592 5374 5372
f 5216 5599 5226
f 5226 5599 5598
f 5226 5598 5225
f 5225 5598 5224
f 5216 5215 5599
f 5599 5215 5217
f 5599 5217 5218
f 5588 5350 5597
f 5597 5350 5348
f 5597 5348 5370
f 5370 5368 5597
f 5597 5368 5366
f 5597 5366 5553
f 5553 5366 5364
f 5358 5551 5360
f 5360 5551 5553
f 5360 5553 5362
f 5362 5553 5364
f 5358 5356 5551
f 5551 5356 5354
f 5551 5354 5588
f 5588 5354 5352
f 5588 5352 5350
f 5125 5588 5587
f 5587 5588 5597
f 5587 5597 5600
f 5600 5597 5577
f 5600 5577 5572
f 5572 5577 5380
f 5572 5380 5378
f 5567 5589 5590
f 5590 5589 5175
f 5590 5175 5176
f 5172 5173 5591
f 5591 5173 5589
f 5591 5589 5601
f 5601 5589 5567
f 5601 5567 5596
f 5596 5567 5221
f 5596 5221 5222
f 5232 5230 5566
f 5250 5248 5561
f 5566 5230 5561
f 5561 5230 5228
f 5561 5228 5250
f 5246 5244 5602
f 5602 5244 5242
f 5602 5242 5240
f 5248 5246 5561
f 5561 5246 5602
f 5561 5602 5570
f 5570 5602 5595
f 5570 5595 5568
f 5568 5595 5396
f 5568 5396 5418
f 5406 5404 5596
f 5596 5404 5595
f 5596 5595 5601
f 5601 5595 5602
f 5601 5602 5591
f 5591 5602 5240
f 5240 5238 5591
f 5591 5238 5236
f 5591 5236 5234
f 5603 5586 5604
f 5604 5586 5587
f 5604 5587 5605
f 5605 5587 5600
f 5605 5600 5599
f 5599 5600 5572
f 5599 5572 5598
f 5598 5572 5376
f 5598 5376 5374
f 5606 5603 5580
f 5580 5603 5604
f 5580 5604 5579
f 5579 5604 5605
f 5579 5605 5590
f 5590 5605 5599
f 5590 5599 5567
f 5567 5599 5218
f 5567 5218 5219
f 5346 5344 5573
f 5548 5334 5332
f 5330 5328 5607
f 5607 5328 5326
f 5607 5326 5324
f 5069 5068 5549
f 5549 5068 5573
f 5549 5573 5342
f 5342 5573 5344
f 5342 5340 5549
f 5549 5340 5338
f 5549 5338 5548
f 5548 5338 5336
f 5548 5336 5334
f 5070 5071 5573
f 5573 5071 5584
f 5573 5584 5608
f 5608 5584 5609
f 5608 5609 5610
f 5564 5272 5270
f 5256 5254 5563
f 5563 5254 5252
f 5563 5252 5564
f 5564 5252 5274
f 5564 5274 5272
f 5270 5581 5564
f 5564 5581 5582
f 5564 5582 5565
f 5565 5582 5591
f 5565 5591 5566
f 5566 5591 5234
f 5566 5234 5232
f 5270 5268 5581
f 5581 5268 5266
f 5581 5266 5611
f 5611 5266 5264
f 5264 5262 5611
f 5611 5262 5260
f 5611 5260 5258
f 5421 5420 5578
f 5578 5420 5547
f 5578 5547 5548
f 5332 5330 5548
f 5548 5330 5607
f 5548 5607 5578
f 5578 5607 5571
f 5578 5571 5318
f 5318 5571 5320
f 5300 5322 5610
f 5610 5322 5571
f 5610 5571 5608
f 5608 5571 5607
f 5608 5607 5573
f 5573 5607 5324
f 5573 5324 5346
f 4977 4978 5606
f 4979 4980 5609
f 4978 4979 5606
f 5606 4979 5609
f 5606 5609 5603
f 5603 5609 5584
f 5603 5584 5586
f 5586 5584 5074
f 5586 5074 5075
f 4980 4981 5609
f 5609 4981 4971
f 5609 4971 5610
f 5610 4971 4970
f 5610 4970 4972
f 4973 4974 5612
f 5612 4974 4975
f 5612 4975 5606
f 5606 4975 4976
f 5606 4976 4977
f 5430 5575 5562
f 5562 5575 5611
f 5562 5611 5563
f 5563 5611 5258
f 5563 5258 5256
f 5302 5300 5544
f 5544 5300 5610
f 5544 5610 5543
f 5280 5278 5542
f 5542 5278 5276
f 5542 5276 5613
f 5292 5290 5612
f 5276 5298 5613
f 5613 5298 5296
f 5613 5296 5294
f 5021 5574 5580
f 5580 5574 5614
f 5580 5614 5606
f 5606 5614 5613
f 5606 5613 5612
f 5612 5613 5294
f 5612 5294 5292
f 4972 4973 5610
f 5610 4973 5612
f 5610 5612 5543
f 5543 5612 5290
f 5543 5290 5288
f 5288 5286 5543
f 5543 5286 5284
f 5543 5284 5542
f 5542 5284 5282
f 5542 5282 5280
f 5023 5581 5574
f 5574 5581 5611
f 5574 5611 5614
f 5614 5611 5575
f 5614 5575 5613
f 5613 5575 5541
f 5613 5541 5542
f 5615 5616 5617
f 5617 5616 5618
f 5617 5618 5619
f 5619 5618 5620
f 5618 5621 5620
f 5620 5621 5622
f 5616 5623 5618
f 5618 5623 5621
f 5615 5624 5616
f 5616 5624 5623
f 5617 5625 5615
f 5615 5625 5624
f 5619 5626 5617
f 5617 5626 5625
f 5620 5622 5619
f 5619 5622 5626
f 5627 5628 5624
f 5629 5630 5626
f 5631 5632 5625
f 5625 5632 5633
f 5633 5634 5625
f 5625 5634 5635
f 5625 5635 5624
f 5624 5635 5636
f 5624 5636 5627
f 5630 5637 5626
f 5626 5637 5638
f 5626 5638 5625
f 5625 5638 5639
f 5625 5639 5631
f 5640 5641 5622
f 5622 5641 5642
f 5622 5642 5626
f 5626 5642 5643
f 5626 5643 5629
f 5628 5644 5624
f 5624 5644 5645
f 5624 5645 5623
f 5623 5645 5646
f 5647 5648 5621
f 5621 5648 5649
f 5621 5649 5622
f 5622 5649 5650
f 5622 5650 5640
f 5646 5651 5623
f 5623 5651 5652
f 5623 5652 5653
f 5653 5654 5623
f 5623 5654 5655
f 5623 5655 5621
f 5621 5655 5656
f 5621 5656 5647
f 5657 5633 5658
f 5658 5633 5632
f 5658 5632 5659
f 5659 5632 5631
f 5659 5631 5660
f 5660 5631 5639
f 5660 5639 5661
f 5661 5639 5638
f 5661 5638 5662
f 5662 5638 5637
f 5662 5637 5663
f 5663 5637 5630
f 5663 5630 5664
f 5664 5630 5629
f 5664 5629 5665
f 5665 5629 5643
f 5636 5635 5657
f 5657 5635 5634
f 5657 5634 5633
f 5657 5666 5636
f 5636 5666 5667
f 5636 5667 5627
f 5627 5667 5668
f 5627 5668 5628
f 5628 5668 5669
f 5628 5669 5644
f 5644 5669 5670
f 5644 5670 5645
f 5645 5670 5671
f 5645 5671 5646
f 5646 5671 5672
f 5646 5672 5651
f 5651 5672 5673
f 5651 5673 5652
f 5652 5673 5674
f 5652 5674 5653
f 5653 5674 5675
f 5653 5675 5654
f 5654 5675 5676
f 5654 5676 5655
f 5655 5676 5677
f 5655 5677 5656
f 5656 5677 5678
f 5656 5678 5647
f 5647 5678 5679
f 5647 5679 5648
f 5648 5679 5680
f 5648 5680 5649
f 5649 5680 5681
f 5649 5681 5650
f 5650 5681 5682
f 5650 5682 5640
f 5640 5682 5683
f 5640 5683 5641
f 5641 5683 5684
f 5641 5684 5642
f 5642 5684 5685
f 5642 5685 5643
f 5643 5685 5686
f 5643 5686 5665
f 5685 5684 5687
f 5687 5684 5683
f 5687 5683 5688
f 5688 5683 5682
f 5688 5682 5689
f 5689 5682 5681
f 5689 5681 5690
f 5690 5681 5680
f 5690 5680 5691
f 5691 5680 5679
f 5691 5679 5692
f 5692 5679 5678
f 5692 5678 5693
f 5693 5678 5677
f 5693 5677 5694
f 5694 5677 5676
f 5694 5676 5695
f 5695 5676 5675
f 5695 5675 5696
f 5696 5675 5674
f 5696 5674 5697
f 5697 5674 5673
f 5697 5673 5698
f 5698 5673 5672
f 5698 5672 5699
f 5699 5672 5671
f 5699 5671 5700
f 5700 5671 5670
f 5700 5670 5701
f 5701 5670 5669
f 5701 5669 5702
f 5702 5669 5668
f 5702 5668 5703
f 5703 5668 5667
f 5703 5667 5704
f 5704 5667 5666
f 5704 5666 5705
f 5705 5666 5657
f 5705 5657 5706
f 5706 5657 5658
f 5706 5658 5707
f 5707 5658 5659
f 5707 5659 5708
f 5708 5659 5660
f 5708 5660 5709
f 5709 5660 5661
f 5709 5661 5710
f 5710 5661 5662
f 5710 5662 5711
f 5711 5662 5663
f 5711 5663 5712
f 5712 5663 5664
f 5712 5664 5713
f 5713 5664 5665
f 5713 5665 5714
f 5714 5665 5686
f 5714 5686 5715
f 5715 5686 5685
f 5715 5685 5687
f 5716 5713 5717
f 5717 5713 5714
f 5717 5714 5718
f 5718 5714 5715
f 5718 5715 5719
f 5719 5715 5687
f 5719 5687 5720
f 5721 5708 5722
f 5722 5708 5709
f 5722 5709 5723
f 5723 5709 5710
f 5723 5710 5724
f 5724 5710 5711
f 5724 5711 5716
f 5716 5711 5712
f 5716 5712 5713
f 5725 5703 5726
f 5726 5703 5704
f 5726 5704 5727
f 5727 5704 5705
f 5727 5705 5728
f 5728 5705 5706
f 5728 5706 5721
f 5721 5706 5707
f 5721 5707 5708
f 5729 5693 5730
f 5730 5693 5694
f 5730 5694 5731
f 5731 5694 5695
f 5731 5695 5732
f 5732 5695 5696
f 5732 5696 5733
f 5687 5688 5720
f 5720 5688 5689
f 5720 5689 5734
f 5734 5689 5690
f 5734 5690 5735
f 5735 5690 5691
f 5735 5691 5729
f 5729 5691 5692
f 5729 5692 5693
f 5696 5697 5733
f 5733 5697 5698
f 5733 5698 5736
f 5736 5698 5699
f 5736 5699 5737
f 5737 5699 5700
f 5737 5700 5738
f 5738 5700 5701
f 5738 5701 5725
f 5725 5701 5702
f 5725 5702 5703
f 5739 5740 5741
f 5742 5743 5744
f 5741 5745 5746
f 5746 5745 5747
f 5742 5744 5748
f 5739 5741 5749
f 5740 5750 5741
f 5741 5750 5751
f 5741 5751 5745
f 5752 5753 5754
f 5754 5753 5755
f 5754 5755 5756
f 5756 5755 5745
f 5745 5755 5757
f 5745 5757 5758
f 5758 5759 5745
f 5745 5759 5760
f 5745 5760 5747
f 5748 5744 5741
f 5741 5744 5761
f 5741 5761 5749
f 5751 5729 5745
f 5745 5729 5730
f 5745 5730 5756
f 5756 5730 5731
f 5756 5731 5754
f 5754 5731 5732
f 5754 5732 5752
f 5752 5732 5733
f 5752 5733 5753
f 5753 5733 5736
f 5753 5736 5755
f 5755 5736 5737
f 5755 5737 5757
f 5757 5737 5738
f 5757 5738 5758
f 5758 5738 5725
f 5758 5725 5759
f 5759 5725 5726
f 5759 5726 5760
f 5760 5726 5727
f 5760 5727 5747
f 5747 5727 5728
f 5747 5728 5746
f 5746 5728 5721
f 5746 5721 5741
f 5741 5721 5722
f 5741 5722 5748
f 5748 5722 5723
f 5748 5723 5742
f 5742 5723 5724
f 5742 5724 5743
f 5743 5724 5716
f 5743 5716 5744
f 5744 5716 5717
f 5744 5717 5761
f 5761 5717 5718
f 5761 5718 5749
f 5749 5718 5719
f 5749 5719 5739
f 5739 5719 5720
f 5739 5720 5740
f 5740 5720 5734
f 5740 5734 5750
f 5750 5734 5735
f 5750 5735 5751
f 5751 5735 5729
f 5762 5763 5764
f 5764 5763 5765
f 5764 5765 5766
f 5766 5765 5767
f 5767 5768 5766
f 5766 5768 5769
f 5765 5770 5767
f 5767 5770 5768
f 5763 5771 5765
f 5765 5771 5770
f 5762 5772 5763
f 5763 5772 5771
f 5764 5773 5762
f 5762 5773 5772
f 5766 5769 5764
f 5764 5769 5773
f 5774 5775 5773
f 5776 5777 5769
f 5769 5777 5778
f 5778 5779 5769
f 5769 5779 5780
f 5769 5780 5773
f 5773 5780 5781
f 5773 5781 5774
f 5782 5783 5768
f 5768 5783 5784
f 5768 5784 5769
f 5769 5784 5785
f 5769 5785 5776
f 5775 5786 5773
f 5773 5786 5787
f 5773 5787 5772
f 5772 5787 5788
f 5789 5790 5770
f 5770 5790 5791
f 5770 5791 5768
f 5768 5791 5792
f 5768 5792 5782
f 5793 5794 5770
f 5770 5794 5795
f 5770 5795 5789
f 5788 5796 5772
f 5772 5796 5797
f 5772 5797 5798
f 5793 5770 5799
f 5799 5770 5771
f 5799 5771 5800
f 5798 5801 5772
f 5772 5801 5802
f 5772 5802 5771
f 5771 5802 5803
f 5771 5803 5800
f 5781 5780 5804
f 5804 5780 5805
f 5780 5779 5805
f 5805 5779 5778
f 5805 5778 5806
f 5806 5778 5777
f 5806 5777 5807
f 5807 5777 5776
f 5807 5776 5808
f 5808 5776 5785
f 5808 5785 5809
f 5809 5785 5784
f 5809 5784 5810
f 5810 5784 5783
f 5810 5783 5811
f 5811 5783 5782
f 5811 5782 5812
f 5812 5782 5792
f 5812 5792 5813
f 5813 5792 5791
f 5813 5791 5814
f 5814 5791 5790
f 5814 5790 5815
f 5815 5790 5789
f 5815 5789 5816
f 5816 5789 5795
f 5816 5795 5817
f 5817 5795 5794
f 5817 5794 5818
f 5818 5794 5793
f 5818 5793 5819
f 5819 5793 5799
f 5819 5799 5820
f 5820 5799 5800
f 5820 5800 5821
f 5821 5800 5803
f 5821 5803 5822
f 5822 5803 5802
f 5822 5802 5823
f 5823 5802 5801
f 5823 5801 5824
f 5824 5801 5798
f 5824 5798 5825
f 5825 5798 5797
f 5825 5797 5826
f 5826 5797 5796
f 5826 5796 5827
f 5827 5796 5788
f 5827 5788 5828
f 5828 5788 5787
f 5828 5787 5829
f 5829 5787 5786
f 5829 5786 5830
f 5830 5786 5775
f 5830 5775 5831
f 5831 5775 5774
f 5831 5774 5832
f 5832 5774 5781
f 5832 5781 5833
f 5833 5781 5804
f 5804 5805 5834
f 5834 5805 5806
f 5834 5806 5835
f 5835 5806 5807
f 5835 5807 5836
f 5836 5807 5808
f 5836 5808 5837
f 5837 5808 5809
f 5837 5809 5838
f 5838 5809 5810
f 5838 5810 5839
f 5839 5810 5811
f 5839 5811 5840
f 5840 5811 5812
f 5840 5812 5841
f 5841 5812 5813
f 5841 5813 5842
f 5842 5813 5814
f 5842 5814 5843
f 5843 5814 5815
f 5843 5815 5844
f 5844 5815 5816
f 5844 5816 5845
f 5845 5816 5817
f 5845 5817 5846
f 5846 5817 5818
f 5846 5818 5847
f 5847 5818 5819
f 5847 5819 5848
f 5848 5819 5820
f 5848 5820 5849
f 5849 5820 5821
f 5849 5821 5850
f 5850 5821 5822
f 5850 5822 5851
f 5851 5822 5823
f 5851 5823 5852
f 5852 5823 5824
f 5852 5824 5853
f 5853 5824 5825
f 5853 5825 5854
f 5854 5825 5826
f 5854 5826 5855
f 5855 5826 5827
f 5855 5827 5856
f 5856 5827 5828
f 5856 5828 5857
f 5857 5828 5829
f 5857 5829 5858
f 5858 5829 5830
f 5858 5830 5859
f 5859 5830 5831
f 5859 5831 5860
f 5860 5831 5832
f 5860 5832 5861
f 5861 5832 5833
f 5861 5833 5862
f 5862 5833 5804
f 5862 5804 5834
f 5863 5850 5864
f 5864 5850 5851
f 5864 5851 5865
f 5865 5851 5852
f 5865 5852 5866
f 5866 5852 5853
f 5866 5853 5867
f 5868 5846 5869
f 5869 5846 5847
f 5869 5847 5870
f 5870 5847 5848
f 5870 5848 5863
f 5863 5848 5849
f 5863 5849 5850
f 5871 5841 5872
f 5872 5841 5842
f 5872 5842 5873
f 5873 5842 5843
f 5873 5843 5874
f 5874 5843 5844
f 5874 5844 5868
f 5868 5844 5845
f 5868 5845 5846
f 5853 5854 5867
f 5867 5854 5855
f 5867 5855 5875
f 5875 5855 5856
f 5875 5856 5876
f 5876 5856 5857
f 5876 5857 5877
f 5877 5857 5858
f 5877 5858 5878
f 5858 5859 5878
f 5878 5859 5860
f 5878 5860 5879
f 5879 5860 5861
f 5879 5861 5880
f 5880 5861 5862
f 5880 5862 5881
f 5881 5862 5834
f 5881 5834 5882
f 5834 5835 5882
f 5882 5835 5836
f 5882 5836 5883
f 5883 5836 5837
f 5883 5837 5884
f 5884 5837 5838
f 5884 5838 5885
f 5885 5838 5839
f 5885 5839 5871
f 5871 5839 5840
f 5871 5840 5841
f 5886 5887 5888
f 5888 5887 5889
f 5889 5890 5888
f 5888 5890 5891
f 5888 5891 5892
f 5893 5894 5895
f 5895 5894 5896
f 5896 5897 5895
f 5895 5897 5898
f 5895 5898 5899
f 5886 5900 5887
f 5887 5900 5895
f 5887 5895 5901
f 5901 5895 5899
f 5892 5902 5888
f 5888 5902 5903
f 5888 5903 5904
f 5904 5903 5905
f 5905 5906 5904
f 5904 5906 5907
f 5904 5907 5908
f 5896 5863 5897
f 5897 5863 5864
f 5897 5864 5898
f 5898 5864 5865
f 5898 5865 5899
f 5899 5865 5866
f 5899 5866 5901
f 5901 5866 5867
f 5901 5867 5887
f 5887 5867 5875
f 5887 5875 5889
f 5889 5875 5876
f 5889 5876 5890
f 5890 5876 5877
f 5890 5877 5891
f 5891 5877 5878
f 5891 5878 5892
f 5892 5878 5879
f 5892 5879 5902
f 5902 5879 5880
f 5902 5880 5903
f 5903 5880 5881
f 5903 5881 5905
f 5905 5881 5882
f 5905 5882 5906
f 5906 5882 5883
f 5906 5883 5907
f 5907 5883 5884
f 5907 5884 5908
f 5908 5884 5885
f 5908 5885 5904
f 5904 5885 5871
f 5904 5871 5888
f 5888 5871 5872
f 5888 5872 5886
f 5886 5872 5873
f 5886 5873 5900
f 5900 5873 5874
f 5900 5874 5895
f 5895 5874 5868
f 5895 5868 5893
f 5893 5868 5869
f 5893 5869 5894
f 5894 5869 5870
f 5894 5870 5896
f 5896 5870 5863
f 5909 5910 5911
f 5911 5910 5912
f 5911 5912 5913
f 5913 5912 5914
f 5912 5915 5914
f 5914 5915 5916
f 5910 5917 5912
f 5912 5917 5915
f 5909 5918 5910
f 5910 5918 5917
f 5911 5919 5909
f 5909 5919 5918
f 5913 5920 5911
f 5911 5920 5919
f 5914 5916 5913
f 5913 5916 5920
f 5921 5922 5915
f 5923 5924 5918
f 5925 5926 5916
f 5916 5926 5927
f 5928 5929 5917
f 5917 5929 5930
f 5930 5931 5917
f 5917 5931 5932
f 5917 5932 5915
f 5915 5932 5933
f 5915 5933 5921
f 5927 5934 5916
f 5916 5934 5935
f 5916 5935 5920
f 5920 5935 5936
f 5920 5936 5937
f 5922 5938 5915
f 5915 5938 5939
f 5915 5939 5916
f 5916 5939 5940
f 5916 5940 5925
f 5924 5941 5918
f 5918 5941 5942
f 5918 5942 5917
f 5917 5942 5943
f 5917 5943 5928
f 5937 5944 5920
f 5920 5944 5945
f 5920 5945 5919
f 5919 5945 5946
f 5919 5946 5947
f 5947 5948 5919
f 5919 5948 5949
f 5919 5949 5918
f 5918 5949 5950
f 5918 5950 5923
f 5933 5932 5951
f 5951 5952 5933
f 5933 5952 5953
f 5933 5953 5921
f 5921 5953 5954
f 5921 5954 5922
f 5922 5954 5955
f 5922 5955 5938
f 5938 5955 5956
f 5938 5956 5939
f 5939 5956 5957
f 5939 5957 5940
f 5940 5957 5958
f 5940 5958 5925
f 5925 5958 5959
f 5925 5959 5926
f 5926 5959 5960
f 5926 5960 5927
f 5927 5960 5961
f 5927 5961 5934
f 5934 5961 5962
f 5934 5962 5935
f 5932 5931 5951
f 5951 5931 5930
f 5951 5930 5963
f 5963 5930 5929
f 5963 5929 5964
f 5964 5929 5928
f 5964 5928 5965
f 5965 5928 5943
f 5965 5943 5966
f 5966 5943 5942
f 5966 5942 5967
f 5967 5942 5941
f 5967 5941 5968
f 5968 5941 5924
f 5968 5924 5969
f 5969 5924 5923
f 5969 5923 5970
f 5970 5923 5950
f 5970 5950 5971
f 5971 5950 5949
f 5971 5949 5972
f 5972 5949 5948
f 5972 5948 5973
f 5973 5948 5947
f 5973 5947 5974
f 5974 5947 5946
f 5974 5946 5975
f 5975 5946 5945
f 5975 5945 5976
f 5976 5945 5944
f 5976 5944 5977
f 5977 5944 5937
f 5977 5937 5978
f 5978 5937 5936
f 5978 5936 5979
f 5979 5936 5935
f 5979 5935 5980
f 5980 5935 5962
f 5962 5961 5981
f 5981 5961 5960
f 5981 5960 5982
f 5982 5960 5959
f 5982 5959 5983
f 5983 5959 5958
f 5983 5958 5984
f 5984 5958 5957
f 5984 5957 5985
f 5985 5957 5956
f 5985 5956 5986
f 5986 5956 5955
f 5986 5955 5987
f 5987 5955 5954
f 5987 5954 5988
f 5988 5954 5953
f 5988 5953 5989
f 5989 5953 5952
f 5989 5952 5990
f 5990 5952 5951
f 5990 5951 5991
f 5991 5951 5963
f 5991 5963 5992
f 5992 5963 5964
f 5992 5964 5993
f 5993 5964 5965
f 5993 5965 5994
f 5994 5965 5966
f 5994 5966 5995
f 5995 5966 5967
f 5995 5967 5996
f 5996 5967 5968
f 5996 5968 5997
f 5997 5968 5969
f 5997 5969 5998
f 5998 5969 5970
f 5998 5970 5999
f 5999 5970 5971
f 5999 5971 6000
f 6000 5971 5972
f 6000 5972 6001
f 6001 5972 5973
f 6001 5973 6002
f 6002 5973 5974
f 6002 5974 6003
f 6003 5974 5975
f 6003 5975 6004
f 6004 5975 5976
f 6004 5976 6005
f 6005 5976 5977
f 6005 5977 6006
f 6006 5977 5978
f 6006 5978 6007
f 6007 5978 5979
f 6007 5979 6008
f 6008 5979 5980
f 6008 5980 6009
f 6009 5980 5962
f 6009 5962 5981
f 6010 5993 6011
f 6011 5993 5994
f 6011 5994 6012
f 6012 5994 5995
f 6012 5995 6013
f 6013 5995 5996
f 6013 5996 6014
f 6015 5988 6016
f 6016 5988 5989
f 6016 5989 6017
f 6017 5989 5990
f 6017 5990 6018
f 6018 5990 5991
f 6018 5991 6010
f 6010 5991 5992
f 6010 5992 5993
f 6019 6003 6020
f 6020 6003 6004
f 6020 6004 6021
f 6021 6004 6005
f 6021 6005 6022
f 5996 5997 6014
f 6014 5997 5998
f 6014 5998 6023
f 6023 5998 5999
f 6023 5999 6024
f 6024 5999 6000
f 6024 6000 6025
f 6025 6000 6001
f 6025 6001 6019
f 6019 6001 6002
f 6019 6002 6003
f 6026 5983 6027
f 6027 5983 5984
f 6027 5984 6028
f 6028 5984 5985
f 6028 5985 6029
f 6029 5985 5986
f 6029 5986 6015
f 6015 5986 5987
f 6015 5987 5988
f 6005 6006 6022
f 6022 6006 6007
f 6022 6007 6030
f 6030 6007 6008
f 6030 6008 6031
f 6031 6008 6009
f 6031 6009 6032
f 6032 6009 5981
f 6032 5981 6026
f 6026 5981 5982
f 6026 5982 5983
f 6033 6034 6035
f 6035 6036 6033
f 6033 6036 6037
f 6033 6037 6038
f 6039 6040 6041
f 6033 6042 6034
f 6034 6042 6043
f 6034 6043 6044
f 6044 6043 6045
f 6044 6045 6046
f 6047 6048 6049
f 6038 6037 6041
f 6041 6037 6050
f 6041 6050 6039
f 6040 6051 6041
f 6041 6051 6052
f 6041 6052 6053
f 6046 6054 6044
f 6044 6054 6047
f 6044 6047 6055
f 6055 6047 6049
f 6035 6022 6036
f 6036 6022 6030
f 6036 6030 6037
f 6037 6030 6031
f 6037 6031 6050
f 6050 6031 6032
f 6050 6032 6039
f 6039 6032 6026
f 6039 6026 6040
f 6040 6026 6027
f 6040 6027 6051
f 6051 6027 6028
f 6051 6028 6052
f 6052 6028 6029
f 6052 6029 6053
f 6053 6029 6015
f 6053 6015 6041
f 6041 6015 6016
f 6041 6016 6038
f 6038 6016 6017
f 6038 6017 6033
f 6033 6017 6018
f 6033 6018 6042
f 6042 6018 6010
f 6042 6010 6043
f 6043 6010 6011
f 6043 6011 6045
f 6045 6011 6012
f 6045 6012 6046
f 6046 6012 6013
f 6046 6013 6054
f 6054 6013 6014
f 6054 6014 6047
f 6047 6014 6023
f 6047 6023 6048
f 6048 6023 6024
f 6048 6024 6049
f 6049 6024 6025
f 6049 6025 6055
f 6055 6025 6019
f 6055 6019 6044
f 6044 6019 6020
f 6044 6020 6034
f 6034 6020 6021
f 6034 6021 6035
f 6035 6021 6022
f 6056 6057 6058
f 6059 6060 6061
f 6062 6063 6064
f 6065 6066 6067
f 6067 6066 6068
f 6067 6068 6069
f 6069 6068 6070
f 6069 6070 6071
f 6071 6070 6072
f 6072 6070 6073
f 6072 6073 6074
f 6074 6073 6075
f 6074 6075 6076
f 6064 6063 6075
f 6075 6063 6077
f 6075 6077 6076
f 6062 6064 6078
f 6078 6064 6079
f 6078 6079 6080
f 6080 6079 6081
f 6080 6081 6082
f 6082 6081 6083
f 6082 6083 6084
f 6061 6060 6083
f 6083 6060 6085
f 6083 6085 6084
f 6059 6061 6086
f 6086 6061 6087
f 6086 6087 6088
f 6088 6087 6089
f 6088 6089 6090
f 6090 6089 6091
f 6090 6091 6092
f 6092 6091 6093
f 6092 6093 6094
f 6095 6096 6097
f 6097 6096 6098
f 6097 6098 6093
f 6093 6098 6099
f 6093 6099 6094
f 6100 6101 6102
f 6102 6101 6103
f 6102 6103 6104
f 6104 6103 6105
f 6104 6105 6095
f 6095 6105 6106
f 6095 6106 6096
f 6100 6102 6107
f 6107 6102 6108
f 6107 6108 6109
f 6109 6108 6110
f 6109 6110 6111
f 6111 6110 6112
f 6112 6110 6113
f 6112 6113 6114
f 6114 6113 6115
f 6114 6115 6116
f 6058 6057 6115
f 6115 6057 6117
f 6115 6117 6116
f 6056 6058 6118
f 6118 6058 6119
f 6118 6119 6120
f 6120 6119 6121
f 6120 6121 6122
f 6122 6121 6123
f 6122 6123 6124
f 6124 6123 6125
f 6124 6125 6126
f 6127 6128 6129
f 6129 6128 6130
f 6129 6130 6125
f 6125 6130 6131
f 6125 6131 6126
f 6132 6133 6134
f 6134 6133 6135
f 6134 6135 6136
f 6136 6135 6137
f 6136 6137 6127
f 6127 6137 6138
f 6127 6138 6128
f 6132 6134 6139
f 6139 6134 6140
f 6139 6140 6141
f 6141 6140 6142
f 6141 6142 6143
f 6143 6142 6144
f 6144 6142 6145
f 6144 6145 6146
f 6146 6145 6147
f 6146 6147 6148
f 6149 6150 6147
f 6147 6150 6151
f 6147 6151 6148
f 6065 6152 6066
f 6066 6152 6153
f 6066 6153 6154
f 6154 6153 6155
f 6154 6155 6156
f 6156 6155 6157
f 6156 6157 6158
f 6158 6157 6159
f 6158 6159 6149
f 6149 6159 6160
f 6149 6160 6150
f 6152 6161 6153
f 6153 6161 6162
f 6153 6162 6155
f 6155 6162 6163
f 6155 6163 6157
f 6157 6163 6164
f 6157 6164 6159
f 6159 6164 6165
f 6159 6165 6160
f 6160 6165 6166
f 6160 6166 6150
f 6150 6166 6167
f 6150 6167 6151
f 6151 6167 6168
f 6151 6168 6148
f 6148 6168 6169
f 6148 6169 6146
f 6146 6169 6170
f 6146 6170 6144
f 6144 6170 6171
f 6144 6171 6143
f 6143 6171 6172
f 6143 6172 6141
f 6141 6172 6173
f 6141 6173 6139
f 6139 6173 6174
f 6139 6174 6132
f 6132 6174 6175
f 6132 6175 6133
f 6133 6175 6176
f 6133 6176 6135
f 6135 6176 6177
f 6135 6177 6137
f 6137 6177 6178
f 6137 6178 6138
f 6138 6178 6179
f 6138 6179 6128
f 6128 6179 6180
f 6128 6180 6130
f 6130 6180 6181
f 6130 6181 6131
f 6131 6181 6182
f 6131 6182 6126
f 6126 6182 6183
f 6126 6183 6124
f 6124 6183 6184
f 6124 6184 6122
f 6122 6184 6185
f 6122 6185 6120
f 6120 6185 6186
f 6120 6186 6118
f 6118 6186 6187
f 6118 6187 6056
f 6056 6187 6188
f 6056 6188 6057
f 6057 6188 6189
f 6057 6189 6117
f 6117 6189 6190
f 6117 6190 6116
f 6116 6190 6191
f 6116 6191 6114
f 6114 6191 6192
f 6114 6192 6112
f 6112 6192 6193
f 6112 6193 6111
f 6111 6193 6194
f 6111 6194 6109
f 6109 6194 6195
f 6109 6195 6107
f 6107 6195 6196
f 6107 6196 6100
f 6100 6196 6197
f 6100 6197 6101
f 6101 6197 6198
f 6101 6198 6103
f 6103 6198 6199
f 6103 6199 6105
f 6105 6199 6200
f 6105 6200 6106
f 6106 6200 6201
f 6106 6201 6096
f 6096 6201 6202
f 6096 6202 6098
f 6098 6202 6203
f 6098 6203 6099
f 6099 6203 6204
f 6099 6204 6094
f 6094 6204 6205
f 6094 6205 6092
f 6092 6205 6206
f 6092 6206 6090
f 6090 6206 6207
f 6090 6207 6088
f 6088 6207 6208
f 6088 6208 6086
f 6086 6208 6209
f 6086 6209 6059
f 6059 6209 6210
f 6059 6210 6060
f 6060 6210 6211
f 6060 6211 6085
f 6085 6211 6212
f 6085 6212 6084
f 6084 6212 6213
f 6084 6213 6082
f 6082 6213 6214
f 6082 6214 6080
f 6080 6214 6215
f 6080 6215 6078
f 6078 6215 6216
f 6078 6216 6062
f 6062 6216 6217
f 6062 6217 6063
f 6063 6217 6218
f 6063 6218 6077
f 6077 6218 6219
f 6077 6219 6076
f 6076 6219 6220
f 6076 6220 6074
f 6074 6220 6221
f 6074 6221 6072
f 6072 6221 6222
f 6072 6222 6071
f 6071 6222 6223
f 6071 6223 6069
f 6069 6223 6224
f 6069 6224 6067
f 6067 6224 6225
f 6067 6225 6065
f 6065 6225 6226
f 6065 6226 6152
f 6152 6226 6161
f 6227 6156 6228
f 6228 6156 6158
f 6228 6158 6229
f 6229 6158 6149
f 6229 6149 6230
f 6230 6149 6147
f 6230 6147 6231
f 6231 6147 6145
f 6231 6145 6232
f 6232 6145 6142
f 6232 6142 6233
f 6233 6142 6140
f 6233 6140 6234
f 6234 6140 6134
f 6234 6134 6235
f 6235 6134 6136
f 6235 6136 6236
f 6236 6136 6127
f 6236 6127 6237
f 6237 6127 6129
f 6237 6129 6238
f 6238 6129 6125
f 6238 6125 6239
f 6239 6125 6123
f 6239 6123 6240
f 6240 6123 6121
f 6240 6121 6241
f 6241 6121 6119
f 6241 6119 6242
f 6242 6119 6058
f 6242 6058 6243
f 6243 6058 6115
f 6243 6115 6244
f 6244 6115 6113
f 6244 6113 6245
f 6245 6113 6110
f 6245 6110 6246
f 6246 6110 6108
f 6246 6108 6247
f 6247 6108 6102
f 6247 6102 6248
f 6248 6102 6104
f 6248 6104 6249
f 6249 6104 6095
f 6249 6095 6250
f 6250 6095 6097
f 6250 6097 6251
f 6251 6097 6093
f 6251 6093 6252
f 6252 6093 6091
f 6252 6091 6253
f 6253 6091 6089
f 6253 6089 6254
f 6254 6089 6087
f 6254 6087 6255
f 6255 6087 6061
f 6255 6061 6256
f 6256 6061 6083
f 6256 6083 6257
f 6257 6083 6081
f 6257 6081 6258
f 6258 6081 6079
f 6258 6079 6259
f 6259 6079 6064
f 6259 6064 6260
f 6260 6064 6075
f 6260 6075 6261
f 6261 6075 6073
f 6261 6073 6262
f 6262 6073 6070
f 6262 6070 6263
f 6263 6070 6068
f 6263 6068 6264
f 6264 6068 6066
f 6264 6066 6265
f 6265 6066 6154
f 6265 6154 6227
f 6227 6154 6156
f 6265 6226 6264
f 6264 6226 6225
f 6264 6225 6263
f 6225 6224 6263
f 6263 6224 6223
f 6263 6223 6262
f 6223 6222 6262
f 6262 6222 6221
f 6262 6221 6261
f 6221 6220 6261
f 6261 6220 6219
f 6261 6219 6260
f 6219 6218 6260
f 6260 6218 6217
f 6260 6217 6259
f 6259 6217 6216
f 6259 6216 6258
f 6216 6215 6258
f 6258 6215 6214
f 6258 6214 6257
f 6214 6213 6257
f 6257 6213 6212
f 6257 6212 6256
f 6212 6211 6256
f 6256 6211 6210
f 6256 6210 6255
f 6255 6210 6209
f 6255 6209 6254
f 6209 6208 6254
f 6254 6208 6207
f 6254 6207 6253
f 6253 6207 6206
f 6253 6206 6252
f 6206 6205 6252
f 6252 6205 6204
f 6252 6204 6251
f 6251 6204 6203
f 6251 6203 6250
f 6203 6202 6250
f 6250 6202 6201
f 6250 6201 6249
f 6201 6200 6249
f 6249 6200 6199
f 6249 6199 6248
f 6199 6198 6248
f 6248 6198 6197
f 6248 6197 6247
f 6247 6197 6196
f 6247 6196 6246
f 6196 6195 6246
f 6246 6195 6194
f 6246 6194 6245
f 6194 6193 6245
f 6245 6193 6192
f 6245 6192 6244
f 6192 6191 6244
f 6244 6191 6190
f 6244 6190 6243
f 6190 6189 6243
f 6243 6189 6188
f 6243 6188 6242
f 6242 6188 6187
f 6242 6187 6241
f 6187 6186 6241
f 6241 6186 6185
f 6241 6185 6240
f 6240 6185 6184
f 6240 6184 6239
f 6184 6183 6239
f 6239 6183 6182
f 6239 6182 6238
f 6238 6182 6181
f 6238 6181 6237
f 6181 6180 6237
f 6237 6180 6179
f 6237 6179 6236
f 6179 6178 6236
f 6236 6178 6177
f 6236 6177 6235
f 6177 6176 6235
f 6235 6176 6175
f 6235 6175 6234
f 6234 6175 6174
f 6234 6174 6233
f 6174 6173 6233
f 6233 6173 6172
f 6233 6172 6232
f 6172 6171 6232
f 6232 6171 6170
f 6232 6170 6231
f 6170 6169 6231
f 6231 6169 6168
f 6231 6168 6230
f 6168 6167 6230
f 6230 6167 6166
f 6230 6166 6229
f 6229 6166 6165
f 6229 6165 6228
f 6165 6164 6228
f 6228 6164 6163
f 6228 6163 6227
f 6227 6163 6162
f 6227 6162 6265
f 6265 6162 6161
f 6265 6161 6226
f 6266 6267 6268
f 6269 6270 6271
f 6272 6273 6274
f 6275 6276 6277
f 6278 6279 6280
f 6280 6279 6281
f 6282 6283 6281
f 6281 6283 6284
f 6281 6284 6280
f 6285 6286 6287
f 6287 6286 6282
f 6282 6286 6288
f 6282 6288 6283
f 6289 6290 6287
f 6289 6287 6291
f 6291 6287 6292
f 6291 6292 6293
f 6290 6294 6287
f 6287 6294 6295
f 6287 6295 6285
f 6296 6297 6298
f 6298 6297 6299
f 6299 6300 6298
f 6298 6300 6301
f 6298 6301 6292
f 6292 6301 6302
f 6292 6302 6293
f 6303 6304 6305
f 6305 6304 6306
f 6305 6306 6298
f 6298 6306 6307
f 6298 6307 6296
f 6308 6309 6310
f 6308 6310 6305
f 6305 6310 6311
f 6305 6311 6303
f 6312 6313 6314
f 6312 6314 6308
f 6308 6314 6315
f 6308 6315 6316
f 6316 6317 6308
f 6308 6317 6318
f 6308 6318 6309
f 6319 6320 6321
f 6321 6320 6322
f 6322 6323 6321
f 6321 6323 6324
f 6321 6324 6312
f 6312 6324 6325
f 6312 6325 6313
f 6326 6327 6328
f 6326 6328 6321
f 6321 6328 6329
f 6321 6329 6319
f 6330 6331 6332
f 6332 6331 6333
f 6332 6333 6326
f 6326 6333 6334
f 6326 6334 6327
f 6335 6336 6337
f 6335 6337 6332
f 6332 6337 6338
f 6332 6338 6330
f 6339 6340 6341
f 6341 6340 6342
f 6341 6342 6335
f 6335 6342 6343
f 6335 6343 6336
f 6344 6345 6341
f 6341 6345 6346
f 6341 6346 6339
f 6276 6347 6277
f 6277 6347 6348
f 6277 6348 6344
f 6344 6348 6349
f 6344 6349 6345
f 6350 6351 6352
f 6352 6351 6353
f 6352 6353 6277
f 6277 6353 6354
f 6277 6354 6275
f 6350 6352 6355
f 6355 6352 6356
f 6355 6356 6357
f 6273 6358 6274
f 6274 6358 6359
f 6274 6359 6356
f 6356 6359 6360
f 6356 6360 6357
f 6361 6362 6274
f 6274 6362 6363
f 6274 6363 6272
f 6364 6365 6366
f 6366 6365 6367
f 6366 6367 6361
f 6361 6367 6368
f 6361 6368 6362
f 6270 6369 6271
f 6271 6369 6370
f 6271 6370 6366
f 6366 6370 6371
f 6366 6371 6364
f 6269 6271 6372
f 6372 6271 6373
f 6372 6373 6374
f 6375 6376 6373
f 6373 6376 6377
f 6373 6377 6374
f 6378 6379 6375
f 6375 6379 6380
f 6375 6380 6376
f 6378 6375 6381
f 6381 6375 6382
f 6381 6382 6383
f 6267 6384 6268
f 6268 6384 6385
f 6268 6385 6382
f 6382 6385 6386
f 6382 6386 6383
f 6387 6388 6268
f 6268 6388 6389
f 6268 6389 6266
f 6390 6391 6392
f 6392 6391 6393
f 6392 6393 6387
f 6387 6393 6394
f 6387 6394 6388
f 6395 6396 6397
f 6397 6396 6398
f 6397 6398 6392
f 6392 6398 6399
f 6392 6399 6390
f 6400 6401 6402
f 6402 6401 6403
f 6402 6403 6397
f 6397 6403 6404
f 6397 6404 6395
f 6400 6402 6405
f 6405 6402 6406
f 6405 6406 6407
f 6408 6409 6410
f 6410 6409 6411
f 6410 6411 6406
f 6406 6411 6412
f 6406 6412 6407
f 6413 6414 6415
f 6415 6414 6416
f 6415 6416 6410
f 6410 6416 6417
f 6410 6417 6408
f 6418 6419 6420
f 6420 6419 6421
f 6420 6421 6415
f 6415 6421 6422
f 6415 6422 6413
f 6278 6423 6279
f 6279 6423 6424
f 6279 6424 6420
f 6420 6424 6425
f 6420 6425 6418
f 6274 6281 6279
f 6308 6274 6312
f 6312 6274 6321
f 6397 6392 6274
f 6274 6392 6387
f 6274 6387 6268
f 6356 6332 6274
f 6274 6332 6326
f 6274 6326 6321
f 6277 6344 6341
f 6292 6287 6274
f 6274 6287 6282
f 6274 6282 6281
f 6279 6420 6274
f 6274 6420 6415
f 6274 6415 6410
f 6356 6352 6332
f 6332 6352 6277
f 6332 6277 6335
f 6335 6277 6341
f 6308 6305 6274
f 6274 6305 6298
f 6274 6298 6292
f 6410 6406 6274
f 6274 6406 6402
f 6274 6402 6397
f 6268 6382 6274
f 6274 6382 6375
f 6274 6375 6361
f 6361 6375 6373
f 6361 6373 6366
f 6366 6373 6271
f 6426 6427 6428
f 6429 6430 6431
f 6432 6433 6434
f 6435 6436 6437
f 6438 6439 6440
f 6441 6442 6443
f 6444 6445 6446
f 6447 6448 6449
f 6450 6451 6452
f 6434 6453 6454
f 6455 6456 6457
f 6458 6459 6460
f 6437 6436 6461
f 6462 6463 6464
f 6440 6439 6465
f 6466 6467 6468
f 6296 6307 6469
f 6319 6329 6470
f 6333 6471 6472
f 6343 6342 6473
f 6419 6418 6474
f 6425 6424 6447
f 6447 6424 6423
f 6447 6423 6448
f 6448 6423 6278
f 6475 6413 6476
f 6476 6413 6422
f 6476 6422 6474
f 6474 6422 6421
f 6474 6421 6419
f 6417 6416 6475
f 6475 6416 6414
f 6475 6414 6413
f 6477 6405 6407
f 6477 6407 6478
f 6407 6412 6478
f 6478 6412 6411
f 6478 6411 6479
f 6479 6411 6409
f 6479 6409 6408
f 6405 6477 6400
f 6400 6477 6480
f 6400 6480 6401
f 6401 6480 6403
f 6403 6480 6481
f 6403 6481 6404
f 6399 6398 6482
f 6482 6398 6396
f 6482 6396 6481
f 6481 6396 6395
f 6481 6395 6404
f 6393 6391 6483
f 6483 6391 6390
f 6384 6267 6484
f 6484 6267 6266
f 6484 6266 6485
f 6485 6266 6389
f 6485 6389 6486
f 6486 6389 6388
f 6486 6388 6394
f 6381 6383 6487
f 6487 6383 6386
f 6487 6386 6484
f 6484 6386 6385
f 6484 6385 6384
f 6379 6378 6488
f 6488 6378 6381
f 6488 6381 6489
f 6489 6381 6487
f 6377 6376 6490
f 6490 6376 6380
f 6374 6491 6372
f 6372 6491 6492
f 6372 6492 6269
f 6371 6370 6493
f 6493 6370 6369
f 6493 6369 6492
f 6492 6369 6270
f 6492 6270 6269
f 6371 6493 6364
f 6364 6493 6494
f 6364 6494 6365
f 6365 6494 6495
f 6365 6495 6367
f 6367 6495 6368
f 6368 6495 6496
f 6368 6496 6362
f 6358 6273 6497
f 6497 6273 6272
f 6497 6272 6363
f 6359 6498 6360
f 6360 6498 6499
f 6360 6499 6357
f 6357 6499 6355
f 6355 6499 6500
f 6355 6500 6350
f 6275 6354 6501
f 6501 6354 6353
f 6501 6353 6500
f 6500 6353 6351
f 6500 6351 6350
f 6275 6501 6276
f 6276 6501 6502
f 6276 6502 6347
f 6347 6502 6503
f 6347 6503 6348
f 6346 6345 6504
f 6504 6345 6349
f 6473 6342 6505
f 6505 6342 6340
f 6505 6340 6339
f 6343 6473 6336
f 6336 6473 6506
f 6336 6506 6337
f 6471 6333 6507
f 6333 6331 6507
f 6507 6331 6330
f 6507 6330 6506
f 6506 6330 6338
f 6506 6338 6337
f 6328 6327 6472
f 6472 6327 6334
f 6472 6334 6333
f 6319 6470 6320
f 6313 6325 6508
f 6508 6325 6324
f 6508 6324 6509
f 6509 6324 6323
f 6509 6323 6322
f 6510 6316 6315
f 6510 6315 6508
f 6508 6315 6314
f 6508 6314 6313
f 6310 6309 6511
f 6511 6309 6318
f 6511 6318 6510
f 6510 6318 6317
f 6510 6317 6316
f 6306 6304 6512
f 6512 6304 6303
f 6512 6303 6511
f 6511 6303 6311
f 6511 6311 6310
f 6513 6300 6299
f 6513 6299 6469
f 6469 6299 6297
f 6469 6297 6296
f 6300 6513 6301
f 6301 6513 6514
f 6301 6514 6302
f 6295 6294 6515
f 6515 6294 6290
f 6290 6289 6515
f 6515 6289 6291
f 6515 6291 6514
f 6514 6291 6293
f 6514 6293 6302
f 6295 6515 6285
f 6285 6515 6428
f 6285 6428 6286
f 6284 6283 6427
f 6427 6283 6428
f 6428 6283 6288
f 6428 6288 6286
f 6516 6449 6517
f 6517 6449 6448
f 6517 6448 6518
f 6518 6448 6278
f 6518 6278 6280
f 6519 6520 6521
f 6522 6523 6524
f 6525 6526 6527
f 6527 6526 6528
f 6529 6530 6531
f 6532 6533 6534
f 6535 6536 6537
f 6280 6284 6518
f 6518 6284 6427
f 6518 6427 6517
f 6517 6427 6426
f 6517 6426 6516
f 6516 6426 6538
f 6466 6468 6539
f 6539 6468 6540
f 6539 6540 6541
f 6445 6520 6446
f 6446 6520 6519
f 6446 6519 6542
f 6543 6524 6544
f 6544 6524 6523
f 6544 6523 6443
f 6443 6442 6544
f 6544 6442 6545
f 6544 6545 6543
f 6546 6475 6547
f 6547 6475 6476
f 6547 6476 6444
f 6444 6476 6474
f 6444 6474 6445
f 6542 6441 6446
f 6446 6441 6443
f 6446 6443 6444
f 6444 6443 6523
f 6444 6523 6547
f 6547 6523 6522
f 6547 6522 6546
f 6546 6522 6548
f 6546 6548 6475
f 6475 6548 6479
f 6475 6479 6417
f 6417 6479 6408
f 6549 6550 6551
f 6551 6550 6552
f 6551 6552 6465
f 6465 6552 6553
f 6465 6553 6440
f 6553 6554 6440
f 6440 6554 6555
f 6440 6555 6438
f 6438 6555 6556
f 6438 6556 6557
f 6557 6556 6558
f 6557 6558 6559
f 6464 6463 6528
f 6528 6463 6560
f 6528 6560 6527
f 6559 6558 6561
f 6561 6558 6562
f 6561 6562 6563
f 6554 6462 6555
f 6555 6462 6464
f 6555 6464 6556
f 6556 6464 6528
f 6556 6528 6558
f 6558 6528 6526
f 6558 6526 6562
f 6562 6526 6525
f 6562 6525 6564
f 6543 6549 6524
f 6524 6549 6551
f 6524 6551 6522
f 6522 6551 6465
f 6522 6465 6548
f 6548 6465 6439
f 6548 6439 6479
f 6479 6439 6438
f 6479 6438 6478
f 6478 6438 6557
f 6478 6557 6477
f 6477 6557 6559
f 6477 6559 6480
f 6480 6559 6561
f 6480 6561 6481
f 6481 6561 6563
f 6481 6563 6482
f 6565 6566 6567
f 6567 6566 6568
f 6567 6568 6569
f 6570 6565 6571
f 6571 6565 6567
f 6571 6567 6572
f 6572 6567 6569
f 6572 6569 6573
f 6574 6575 6576
f 6576 6575 6483
f 6576 6483 6482
f 6482 6483 6390
f 6482 6390 6399
f 6564 6573 6562
f 6562 6573 6569
f 6562 6569 6563
f 6563 6569 6568
f 6563 6568 6482
f 6482 6568 6566
f 6482 6566 6576
f 6576 6566 6565
f 6576 6565 6574
f 6574 6565 6570
f 6574 6570 6577
f 6577 6578 6574
f 6574 6578 6579
f 6574 6579 6575
f 6575 6579 6580
f 6575 6580 6483
f 6483 6580 6486
f 6483 6486 6393
f 6393 6486 6394
f 6581 6582 6583
f 6583 6582 6584
f 6583 6584 6585
f 6582 6586 6584
f 6584 6586 6587
f 6584 6587 6588
f 6588 6587 6589
f 6588 6589 6590
f 6585 6584 6591
f 6591 6584 6588
f 6591 6588 6592
f 6592 6588 6590
f 6592 6590 6593
f 6594 6595 6596
f 6596 6595 6597
f 6596 6597 6598
f 6589 6594 6590
f 6590 6594 6596
f 6590 6596 6593
f 6593 6596 6598
f 6593 6598 6599
f 6599 6598 6600
f 6599 6600 6601
f 6600 6602 6601
f 6601 6602 6603
f 6601 6603 6604
f 6604 6603 6605
f 6606 6607 6608
f 6608 6607 6490
f 6608 6490 6488
f 6488 6490 6380
f 6488 6380 6379
f 6597 6609 6598
f 6598 6609 6610
f 6598 6610 6600
f 6600 6610 6611
f 6600 6611 6602
f 6602 6611 6612
f 6602 6612 6603
f 6603 6612 6613
f 6603 6613 6605
f 6605 6613 6614
f 6605 6614 6615
f 6578 6581 6579
f 6579 6581 6583
f 6579 6583 6580
f 6580 6583 6585
f 6580 6585 6486
f 6486 6585 6591
f 6486 6591 6485
f 6485 6591 6592
f 6485 6592 6484
f 6484 6592 6593
f 6484 6593 6487
f 6487 6593 6599
f 6487 6599 6489
f 6489 6599 6601
f 6489 6601 6488
f 6488 6601 6604
f 6488 6604 6608
f 6608 6604 6605
f 6608 6605 6606
f 6606 6605 6615
f 6615 6616 6606
f 6606 6616 6617
f 6606 6617 6607
f 6607 6617 6618
f 6607 6618 6490
f 6490 6618 6491
f 6490 6491 6377
f 6377 6491 6374
f 6619 6620 6461
f 6461 6620 6621
f 6461 6621 6437
f 6622 6623 6624
f 6624 6623 6625
f 6624 6625 6626
f 6626 6625 6627
f 6621 6627 6437
f 6437 6627 6625
f 6437 6625 6435
f 6435 6625 6623
f 6435 6623 6628
f 6628 6623 6622
f 6629 6630 6631
f 6631 6630 6632
f 6632 6630 6633
f 6632 6633 6634
f 6626 6629 6624
f 6624 6629 6631
f 6624 6631 6622
f 6622 6631 6632
f 6622 6632 6635
f 6635 6632 6634
f 6636 6637 6638
f 6638 6637 6639
f 6638 6639 6635
f 6635 6639 6640
f 6635 6640 6622
f 6622 6640 6641
f 6622 6641 6628
f 6634 6642 6635
f 6635 6642 6643
f 6635 6643 6638
f 6638 6643 6644
f 6638 6644 6636
f 6636 6644 6645
f 6646 6647 6648
f 6648 6647 6497
f 6648 6497 6496
f 6496 6497 6363
f 6496 6363 6362
f 6616 6619 6617
f 6617 6619 6461
f 6617 6461 6618
f 6618 6461 6436
f 6618 6436 6491
f 6491 6436 6435
f 6491 6435 6492
f 6492 6435 6628
f 6492 6628 6493
f 6493 6628 6641
f 6493 6641 6494
f 6494 6641 6640
f 6494 6640 6495
f 6495 6640 6639
f 6495 6639 6496
f 6496 6639 6637
f 6496 6637 6648
f 6648 6637 6636
f 6648 6636 6646
f 6646 6636 6645
f 6646 6645 6649
f 6649 6650 6646
f 6646 6650 6651
f 6646 6651 6647
f 6647 6651 6652
f 6647 6652 6497
f 6497 6652 6498
f 6497 6498 6358
f 6358 6498 6359
f 6653 6654 6458
f 6458 6654 6459
f 6459 6654 6655
f 6459 6655 6656
f 6656 6655 6657
f 6656 6657 6658
f 6460 6459 6659
f 6659 6459 6656
f 6659 6656 6660
f 6660 6656 6658
f 6660 6658 6661
f 6531 6662 6529
f 6529 6662 6663
f 6529 6663 6664
f 6664 6663 6665
f 6664 6665 6666
f 6657 6531 6658
f 6658 6531 6530
f 6658 6530 6661
f 6661 6530 6529
f 6661 6529 6667
f 6667 6529 6664
f 6667 6664 6668
f 6668 6664 6666
f 6668 6666 6669
f 6669 6666 6670
f 6671 6670 6672
f 6672 6670 6666
f 6672 6666 6673
f 6673 6666 6665
f 6674 6675 6676
f 6676 6675 6504
f 6676 6504 6503
f 6503 6504 6349
f 6503 6349 6348
f 6671 6674 6670
f 6670 6674 6676
f 6670 6676 6669
f 6669 6676 6503
f 6669 6503 6668
f 6668 6503 6502
f 6668 6502 6667
f 6667 6502 6501
f 6667 6501 6661
f 6661 6501 6500
f 6661 6500 6660
f 6660 6500 6499
f 6660 6499 6659
f 6659 6499 6498
f 6659 6498 6460
f 6460 6498 6652
f 6460 6652 6458
f 6458 6652 6651
f 6458 6651 6653
f 6653 6651 6650
f 6671 6455 6674
f 6674 6455 6457
f 6674 6457 6675
f 6675 6457 6677
f 6675 6677 6504
f 6504 6677 6505
f 6504 6505 6346
f 6346 6505 6339
f 6434 6433 6453
f 6453 6433 6678
f 6453 6678 6533
f 6533 6678 6679
f 6533 6679 6534
f 6454 6453 6680
f 6680 6453 6533
f 6680 6533 6681
f 6681 6533 6532
f 6681 6532 6682
f 6431 6430 6683
f 6683 6430 6684
f 6683 6684 6685
f 6534 6685 6532
f 6532 6685 6684
f 6532 6684 6682
f 6682 6684 6430
f 6682 6430 6686
f 6686 6430 6429
f 6686 6429 6687
f 6429 6688 6687
f 6687 6688 6689
f 6687 6689 6690
f 6690 6689 6691
f 6692 6693 6694
f 6694 6693 6470
f 6694 6470 6472
f 6472 6470 6329
f 6472 6329 6328
f 6431 6695 6429
f 6429 6695 6696
f 6429 6696 6688
f 6688 6696 6697
f 6688 6697 6689
f 6689 6697 6698
f 6689 6698 6691
f 6691 6698 6699
f 6691 6699 6700
f 6456 6432 6457
f 6457 6432 6434
f 6457 6434 6677
f 6677 6434 6454
f 6677 6454 6505
f 6505 6454 6680
f 6505 6680 6473
f 6473 6680 6681
f 6473 6681 6506
f 6506 6681 6682
f 6506 6682 6507
f 6507 6682 6686
f 6507 6686 6471
f 6471 6686 6687
f 6471 6687 6472
f 6472 6687 6690
f 6472 6690 6694
f 6694 6690 6691
f 6694 6691 6692
f 6692 6691 6700
f 6700 6701 6692
f 6692 6701 6702
f 6692 6702 6693
f 6693 6702 6703
f 6693 6703 6470
f 6470 6703 6509
f 6470 6509 6320
f 6320 6509 6322
f 6704 6705 6450
f 6450 6705 6451
f 6451 6705 6706
f 6451 6706 6707
f 6707 6706 6708
f 6707 6708 6709
f 6452 6451 6710
f 6710 6451 6707
f 6710 6707 6711
f 6711 6707 6709
f 6711 6709 6712
f 6537 6536 6713
f 6701 6704 6702
f 6702 6704 6450
f 6702 6450 6703
f 6703 6450 6452
f 6703 6452 6509
f 6509 6452 6710
f 6509 6710 6508
f 6508 6710 6711
f 6508 6711 6510
f 6510 6711 6712
f 6510 6712 6511
f 6511 6712 6714
f 6511 6714 6512
f 6512 6714 6715
f 6512 6715 6716
f 6716 6717 6512
f 6512 6717 6469
f 6512 6469 6306
f 6306 6469 6307
f 6537 6718 6535
f 6535 6718 6719
f 6535 6719 6720
f 6720 6719 6721
f 6720 6721 6722
f 6722 6721 6723
f 6722 6723 6724
f 6724 6723 6725
f 6724 6725 6726
f 6726 6725 6727
f 6726 6727 6728
f 6729 6730 6731
f 6731 6730 6732
f 6731 6732 6733
f 6733 6732 6734
f 6733 6734 6735
f 6735 6734 6728
f 6735 6728 6736
f 6736 6728 6727
f 6717 6737 6469
f 6469 6737 6738
f 6469 6738 6513
f 6513 6738 6739
f 6513 6739 6514
f 6739 6740 6514
f 6514 6740 6741
f 6514 6741 6515
f 6515 6741 6742
f 6515 6742 6428
f 6418 6425 6474
f 6474 6425 6447
f 6474 6447 6445
f 6445 6447 6449
f 6445 6449 6520
f 6520 6449 6516
f 6520 6516 6521
f 6521 6516 6538
f 6521 6538 6743
f 6743 6538 6426
f 6743 6426 6744
f 6744 6426 6428
f 6744 6428 6745
f 6745 6428 6742
f 6708 6713 6709
f 6709 6713 6536
f 6709 6536 6712
f 6712 6536 6535
f 6712 6535 6714
f 6714 6535 6720
f 6714 6720 6715
f 6715 6720 6722
f 6715 6722 6716
f 6716 6722 6724
f 6716 6724 6717
f 6717 6724 6726
f 6717 6726 6737
f 6737 6726 6728
f 6737 6728 6738
f 6738 6728 6734
f 6738 6734 6739
f 6739 6734 6732
f 6739 6732 6740
f 6740 6732 6730
f 6740 6730 6741
f 6741 6730 6729
f 6741 6729 6742
f 6742 6729 6746
f 6742 6746 6745
f 6745 6746 6747
f 6745 6747 6744
f 6744 6747 6748
f 6744 6748 6743
f 6743 6748 6541
f 6743 6541 6521
f 6521 6541 6540
f 6521 6540 6519
f 6519 6540 6468
f 6519 6468 6542
f 6542 6468 6467
f 6731 6749 6729
f 6729 6749 6750
f 6729 6750 6746
f 6746 6750 6751
f 6746 6751 6747
f 6747 6751 6752
f 6747 6752 6748
f 6748 6752 6753
f 6748 6753 6541
f 6541 6753 6754
f 6541 6754 6539
f 6539 6754 6755
f 6539 6755 6466
f 6754 6756 6755
f 6755 6756 6757
f 6751 6758 6752
f 6752 6758 6756
f 6752 6756 6753
f 6753 6756 6754
f 6751 6750 6758
f 6758 6750 6749
f 6758 6749 6759
f 6749 6731 6759
f 6759 6731 6733
f 6759 6733 6760
f 6760 6733 6735
f 6760 6735 6736
f 6736 6727 6760
f 6760 6727 6725
f 6760 6725 6761
f 6719 6762 6721
f 6721 6762 6761
f 6721 6761 6723
f 6723 6761 6725
f 6719 6718 6762
f 6762 6718 6537
f 6762 6537 6763
f 6537 6713 6763
f 6763 6713 6708
f 6763 6708 6764
f 6764 6708 6706
f 6764 6706 6705
f 6705 6704 6764
f 6764 6704 6701
f 6764 6701 6765
f 6765 6701 6700
f 6765 6700 6699
f 6696 6766 6697
f 6697 6766 6765
f 6697 6765 6698
f 6698 6765 6699
f 6696 6695 6766
f 6766 6695 6431
f 6766 6431 6767
f 6431 6683 6767
f 6767 6683 6685
f 6767 6685 6768
f 6768 6685 6534
f 6768 6534 6679
f 6432 6769 6433
f 6433 6769 6768
f 6433 6768 6678
f 6678 6768 6679
f 6671 6770 6455
f 6455 6770 6769
f 6455 6769 6456
f 6456 6769 6432
f 6665 6771 6673
f 6673 6771 6770
f 6673 6770 6672
f 6672 6770 6671
f 6665 6663 6771
f 6771 6663 6662
f 6771 6662 6772
f 6662 6531 6772
f 6772 6531 6657
f 6772 6657 6773
f 6773 6657 6655
f 6773 6655 6774
f 6650 6775 6653
f 6653 6775 6774
f 6653 6774 6654
f 6654 6774 6655
f 6644 6776 6645
f 6645 6776 6775
f 6645 6775 6649
f 6649 6775 6650
f 6644 6643 6776
f 6776 6643 6642
f 6776 6642 6777
f 6642 6634 6777
f 6777 6634 6633
f 6777 6633 6778
f 6778 6633 6630
f 6778 6630 6629
f 6629 6626 6778
f 6778 6626 6627
f 6778 6627 6779
f 6779 6627 6621
f 6779 6621 6620
f 6615 6780 6616
f 6616 6780 6779
f 6616 6779 6619
f 6619 6779 6620
f 6615 6614 6780
f 6780 6614 6613
f 6780 6613 6781
f 6781 6613 6612
f 6781 6612 6611
f 6611 6610 6781
f 6781 6610 6609
f 6781 6609 6782
f 6782 6609 6597
f 6782 6597 6595
f 6587 6783 6589
f 6589 6783 6782
f 6589 6782 6594
f 6594 6782 6595
f 6587 6586 6783
f 6783 6586 6582
f 6783 6582 6784
f 6784 6582 6581
f 6784 6581 6578
f 6578 6577 6784
f 6784 6577 6570
f 6784 6570 6785
f 6570 6571 6785
f 6785 6571 6572
f 6785 6572 6786
f 6572 6573 6786
f 6786 6573 6564
f 6786 6564 6787
f 6787 6564 6525
f 6787 6525 6527
f 6462 6788 6463
f 6463 6788 6787
f 6463 6787 6560
f 6560 6787 6527
f 6552 6789 6553
f 6553 6789 6788
f 6553 6788 6554
f 6554 6788 6462
f 6543 6790 6549
f 6549 6790 6789
f 6549 6789 6550
f 6550 6789 6552
f 6441 6791 6442
f 6442 6791 6790
f 6442 6790 6545
f 6545 6790 6543
f 6441 6542 6791
f 6791 6542 6467
f 6791 6467 6757
f 6757 6467 6466
f 6757 6466 6755
f 6792 6765 6793
f 6793 6765 6766
f 6793 6766 6794
f 6794 6766 6767
f 6794 6767 6795
f 6795 6767 6768
f 6795 6768 6796
f 6796 6768 6769
f 6796 6769 6797
f 6797 6769 6770
f 6797 6770 6798
f 6798 6770 6771
f 6798 6771 6799
f 6799 6771 6772
f 6799 6772 6800
f 6800 6772 6773
f 6800 6773 6801
f 6801 6773 6774
f 6801 6774 6802
f 6802 6774 6775
f 6802 6775 6803
f 6803 6775 6776
f 6803 6776 6804
f 6804 6776 6777
f 6804 6777 6805
f 6805 6777 6778
f 6805 6778 6806
f 6806 6778 6779
f 6806 6779 6807
f 6807 6779 6780
f 6807 6780 6808
f 6808 6780 6781
f 6808 6781 6809
f 6809 6781 6782
f 6809 6782 6810
f 6782 6783 6810
f 6810 6783 6784
f 6810 6784 6811
f 6811 6784 6785
f 6811 6785 6812
f 6812 6785 6786
f 6812 6786 6813
f 6813 6786 6787
f 6813 6787 6814
f 6814 6787 6788
f 6814 6788 6815
f 6815 6788 6789
f 6815 6789 6816
f 6816 6789 6790
f 6816 6790 6817
f 6817 6790 6791
f 6817 6791 6818
f 6818 6791 6757
f 6818 6757 6819
f 6819 6757 6756
f 6819 6756 6820
f 6820 6756 6758
f 6820 6758 6821
f 6821 6758 6759
f 6821 6759 6822
f 6822 6759 6760
f 6822 6760 6823
f 6823 6760 6761
f 6823 6761 6824
f 6824 6761 6762
f 6824 6762 6825
f 6825 6762 6763
f 6825 6763 6792
f 6792 6763 6764
f 6792 6764 6765
f 6800 6801 6826
f 6826 6801 6827
f 6826 6828 6800
f 6800 6828 6829
f 6800 6829 6799
f 6799 6829 6830
f 6799 6830 6798
f 6798 6830 6831
f 6798 6831 6797
f 6797 6831 6832
f 6797 6832 6796
f 6796 6832 6833
f 6796 6833 6795
f 6795 6833 6834
f 6795 6834 6794
f 6794 6834 6835
f 6794 6835 6793
f 6793 6835 6836
f 6793 6836 6792
f 6792 6836 6837
f 6792 6837 6825
f 6825 6837 6838
f 6825 6838 6824
f 6824 6838 6839
f 6824 6839 6823
f 6823 6839 6840
f 6823 6840 6822
f 6822 6840 6841
f 6822 6841 6821
f 6821 6841 6842
f 6821 6842 6820
f 6820 6842 6843
f 6820 6843 6819
f 6819 6843 6844
f 6819 6844 6818
f 6818 6844 6845
f 6818 6845 6817
f 6817 6845 6846
f 6817 6846 6816
f 6816 6846 6847
f 6816 6847 6815
f 6815 6847 6848
f 6815 6848 6814
f 6814 6848 6849
f 6814 6849 6813
f 6813 6849 6850
f 6813 6850 6812
f 6812 6850 6851
f 6812 6851 6811
f 6811 6851 6852
f 6811 6852 6810
f 6810 6852 6853
f 6810 6853 6809
f 6809 6853 6854
f 6809 6854 6808
f 6808 6854 6855
f 6808 6855 6807
f 6807 6855 6856
f 6807 6856 6806
f 6806 6856 6857
f 6806 6857 6805
f 6805 6857 6858
f 6805 6858 6804
f 6804 6858 6859
f 6804 6859 6803
f 6803 6859 6827
f 6803 6827 6802
f 6802 6827 6801
f 6860 6847 6861
f 6861 6847 6846
f 6861 6846 6862
f 6862 6846 6845
f 6862 6845 6863
f 6863 6845 6844
f 6863 6844 6864
f 6864 6844 6843
f 6864 6843 6865
f 6865 6843 6842
f 6865 6842 6866
f 6866 6842 6841
f 6866 6841 6867
f 6867 6841 6840
f 6867 6840 6868
f 6868 6840 6839
f 6868 6839 6869
f 6869 6839 6838
f 6869 6838 6870
f 6870 6838 6837
f 6870 6837 6871
f 6871 6837 6836
f 6871 6836 6872
f 6872 6836 6835
f 6872 6835 6873
f 6873 6835 6834
f 6873 6834 6874
f 6874 6834 6833
f 6874 6833 6875
f 6875 6833 6832
f 6875 6832 6876
f 6876 6832 6831
f 6876 6831 6877
f 6877 6831 6830
f 6877 6830 6878
f 6878 6830 6829
f 6878 6829 6879
f 6879 6829 6828
f 6879 6828 6880
f 6880 6828 6826
f 6880 6826 6881
f 6881 6826 6827
f 6881 6827 6882
f 6882 6827 6859
f 6882 6859 6883
f 6883 6859 6858
f 6883 6858 6884
f 6884 6858 6857
f 6884 6857 6885
f 6885 6857 6856
f 6885 6856 6886
f 6886 6856 6855
f 6886 6855 6887
f 6887 6855 6854
f 6887 6854 6888
f 6888 6854 6853
f 6888 6853 6889
f 6889 6853 6852
f 6889 6852 6890
f 6890 6852 6851
f 6890 6851 6891
f 6891 6851 6850
f 6891 6850 6892
f 6892 6850 6849
f 6892 6849 6893
f 6893 6849 6848
f 6893 6848 6860
f 6860 6848 6847
f 6879 6880 6894
f 6894 6880 6895
f 6894 6896 6879
f 6879 6896 6897
f 6879 6897 6878
f 6878 6897 6898
f 6878 6898 6877
f 6877 6898 6899
f 6877 6899 6876
f 6876 6899 6900
f 6876 6900 6875
f 6875 6900 6901
f 6875 6901 6874
f 6874 6901 6902
f 6874 6902 6873
f 6873 6902 6903
f 6873 6903 6872
f 6872 6903 6904
f 6872 6904 6871
f 6871 6904 6905
f 6871 6905 6870
f 6870 6905 6906
f 6870 6906 6869
f 6869 6906 6907
f 6869 6907 6868
f 6868 6907 6908
f 6868 6908 6867
f 6867 6908 6909
f 6867 6909 6866
f 6866 6909 6910
f 6866 6910 6865
f 6865 6910 6911
f 6865 6911 6864
f 6864 6911 6912
f 6864 6912 6863
f 6863 6912 6913
f 6863 6913 6862
f 6862 6913 6914
f 6862 6914 6861
f 6861 6914 6915
f 6861 6915 6860
f 6860 6915 6916
f 6860 6916 6893
f 6893 6916 6917
f 6893 6917 6892
f 6892 6917 6918
f 6892 6918 6891
f 6891 6918 6919
f 6891 6919 6890
f 6890 6919 6920
f 6890 6920 6889
f 6889 6920 6921
f 6889 6921 6888
f 6888 6921 6922
f 6888 6922 6887
f 6887 6922 6923
f 6887 6923 6886
f 6886 6923 6924
f 6886 6924 6885
f 6885 6924 6925
f 6885 6925 6884
f 6884 6925 6926
f 6884 6926 6883
f 6883 6926 6927
f 6883 6927 6882
f 6882 6927 6895
f 6882 6895 6881
f 6881 6895 6880
f 6912 6894 6895
f 6899 6898 6912
f 6898 6897 6912
f 6912 6897 6896
f 6912 6896 6894
f 6918 6895 6919
f 6919 6895 6920
f 6911 6910 6909
f 6907 6906 6912
f 6912 6906 6905
f 6905 6904 6912
f 6912 6904 6903
f 6912 6903 6902
f 6902 6901 6912
f 6912 6901 6900
f 6912 6900 6899
f 6927 6922 6895
f 6895 6922 6921
f 6895 6921 6920
f 6927 6926 6922
f 6922 6926 6925
f 6922 6925 6923
f 6923 6925 6924
f 6918 6917 6895
f 6895 6917 6916
f 6895 6916 6915
f 6915 6914 6895
f 6895 6914 6913
f 6895 6913 6912
f 6911 6909 6912
f 6912 6909 6908
f 6912 6908 6907
f 6928 6929 6930
f 6931 6932 6933
f 6934 6935 6936
f 6937 6938 6939
f 6940 6941 6942
f 6943 6944 6945
f 6946 6947 6948
f 6949 6950 6951
f 6951 6950 6952
f 6952 6950 6953
f 6952 6953 6954
f 6948 6947 6953
f 6953 6947 6955
f 6953 6955 6954
f 6946 6948 6956
f 6956 6948 6957
f 6956 6957 6958
f 6958 6957 6959
f 6958 6959 6960
f 6960 6959 6961
f 6961 6959 6962
f 6961 6962 6963
f 6963 6962 6964
f 6963 6964 6965
f 6945 6944 6964
f 6964 6944 6966
f 6964 6966 6965
f 6943 6945 6967
f 6967 6945 6968
f 6967 6968 6969
f 6969 6968 6970
f 6969 6970 6971
f 6971 6970 6972
f 6971 6972 6973
f 6942 6941 6972
f 6972 6941 6974
f 6972 6974 6973
f 6940 6942 6975
f 6975 6942 6976
f 6975 6976 6977
f 6977 6976 6978
f 6977 6978 6979
f 6979 6978 6980
f 6980 6978 6981
f 6980 6981 6982
f 6982 6981 6983
f 6982 6983 6984
f 6939 6938 6983
f 6983 6938 6985
f 6983 6985 6984
f 6937 6939 6986
f 6986 6939 6987
f 6986 6987 6988
f 6988 6987 6989
f 6988 6989 6990
f 6990 6989 6991
f 6991 6989 6992
f 6991 6992 6993
f 6993 6992 6994
f 6993 6994 6995
f 6936 6935 6994
f 6994 6935 6996
f 6994 6996 6995
f 6934 6936 6997
f 6997 6936 6998
f 6997 6998 6999
f 6999 6998 7000
f 6999 7000 7001
f 7001 7000 7002
f 7002 7000 7003
f 7002 7003 7004
f 7004 7003 7005
f 7004 7005 7006
f 6933 6932 7005
f 7005 6932 7007
f 7005 7007 7006
f 6931 6933 7008
f 7008 6933 7009
f 7008 7009 7010
f 7010 7009 7011
f 7010 7011 7012
f 7012 7011 7013
f 7012 7013 7014
f 6930 6929 7013
f 7013 6929 7015
f 7013 7015 7014
f 6928 6930 7016
f 7016 6930 7017
f 7016 7017 7018
f 7018 7017 7019
f 7018 7019 7020
f 7020 7019 7021
f 7021 7019 7022
f 7021 7022 7023
f 7023 7022 7024
f 7023 7024 7025
f 7026 7027 7024
f 7024 7027 7028
f 7024 7028 7025
f 6951 7029 6949
f 6949 7029 7030
f 6949 7030 7031
f 7031 7030 7032
f 7031 7032 7026
f 7026 7032 7033
f 7026 7033 7027
f 7034 6967 7035
f 7035 6967 6969
f 7035 6969 7036
f 7036 6969 6971
f 7036 6971 7037
f 7037 6971 6973
f 7037 6973 7038
f 7038 6973 6974
f 7038 6974 7039
f 7039 6974 6941
f 7039 6941 7040
f 7040 6941 6940
f 7040 6940 7041
f 7041 6940 6975
f 7041 6975 7042
f 7042 6975 6977
f 7042 6977 7043
f 7043 6977 6979
f 7043 6979 7044
f 7044 6979 6980
f 7044 6980 7045
f 7045 6980 6982
f 7045 6982 7046
f 7046 6982 6984
f 7046 6984 7047
f 7047 6984 6985
f 7047 6985 7048
f 7048 6985 6938
f 7048 6938 7049
f 7049 6938 6937
f 7049 6937 7050
f 7050 6937 6986
f 7050 6986 7051
f 7051 6986 6988
f 7051 6988 7052
f 7052 6988 6990
f 7052 6990 7053
f 7053 6990 6991
f 7053 6991 7054
f 7054 6991 6993
f 7054 6993 7055
f 7055 6993 6995
f 7055 6995 7056
f 7056 6995 6996
f 7056 6996 7057
f 7057 6996 6935
f 7057 6935 7058
f 7058 6935 6934
f 7058 6934 7059
f 7059 6934 6997
f 7059 6997 7060
f 7060 6997 6999
f 7060 6999 7061
f 7061 6999 7001
f 7061 7001 7062
f 7062 7001 7002
f 7062 7002 7063
f 7063 7002 7004
f 7063 7004 7064
f 7064 7004 7006
f 7064 7006 7065
f 7065 7006 7007
f 7065 7007 7066
f 7066 7007 6932
f 7066 6932 7067
f 7067 6932 6931
f 7067 6931 7068
f 7068 6931 7008
f 7068 7008 7069
f 7069 7008 7010
f 7069 7010 7070
f 7070 7010 7012
f 7070 7012 7071
f 7071 7012 7014
f 7071 7014 7072
f 7072 7014 7015
f 7072 7015 7073
f 7073 7015 6929
f 7073 6929 7074
f 7074 6929 6928
f 7074 6928 7075
f 7075 6928 7016
f 7075 7016 7076
f 7076 7016 7018
f 7076 7018 7077
f 7077 7018 7020
f 7077 7020 7078
f 7078 7020 7021
f 7078 7021 7079
f 7079 7021 7023
f 7079 7023 7080
f 7080 7023 7025
f 7080 7025 7081
f 7081 7025 7028
f 7081 7028 7082
f 7082 7028 7027
f 7082 7027 7083
f 7083 7027 7033
f 7083 7033 7084
f 7084 7033 7032
f 7084 7032 7085
f 7085 7032 7030
f 7085 7030 7086
f 7086 7030 7029
f 7086 7029 7087
f 7087 7029 6951
f 7087 6951 7088
f 7088 6951 6952
f 7088 6952 7089
f 7089 6952 6954
f 7089 6954 7090
f 7090 6954 6955
f 7090 6955 7091
f 7091 6955 6947
f 7091 6947 7092
f 7092 6947 6946
f 7092 6946 7093
f 7093 6946 6956
f 7093 6956 7094
f 7094 6956 6958
f 7094 6958 7095
f 7095 6958 6960
f 7095 6960 7096
f 7096 6960 6961
f 7096 6961 7097
f 7097 6961 6963
f 7097 6963 7098
f 7098 6963 6965
f 7098 6965 7099
f 7099 6965 6966
f 7099 6966 7100
f 7100 6966 6944
f 7100 6944 7101
f 7101 6944 6943
f 7101 6943 7034
f 7034 6943 6967
f 7102 7026 7103
f 7103 7026 7024
f 7103 7024 7104
f 7104 7024 7022
f 7104 7022 7105
f 7105 7022 7019
f 7105 7019 7106
f 7106 7019 7017
f 7106 7017 7107
f 7107 7017 6930
f 7107 6930 7108
f 7108 6930 7013
f 7108 7013 7109
f 7109 7013 7011
f 7109 7011 7110
f 7110 7011 7009
f 7110 7009 7111
f 7111 7009 6933
f 7111 6933 7112
f 7112 6933 7005
f 7112 7005 7113
f 7113 7005 7003
f 7113 7003 7114
f 7114 7003 7000
f 7114 7000 7115
f 7115 7000 6998
f 7115 6998 7116
f 7116 6998 6936
f 7116 6936 7117
f 7117 6936 6994
f 7117 6994 7118
f 7118 6994 6992
f 7118 6992 7119
f 7119 6992 6989
f 7119 6989 7120
f 7120 6989 6987
f 7120 6987 7121
f 7121 6987 6939
f 7121 6939 7122
f 7122 6939 6983
f 7122 6983 7123
f 7123 6983 6981
f 7123 6981 7124
f 7124 6981 6978
f 7124 6978 7125
f 7125 6978 6976
f 7125 6976 7126
f 7126 6976 6942
f 7126 6942 7127
f 7127 6942 6972
f 7127 6972 7128
f 7128 6972 6970
f 7128 6970 7129
f 7129 6970 6968
f 7129 6968 7130
f 7130 6968 6945
f 7130 6945 7131
f 7131 6945 6964
f 7131 6964 7132
f 7132 6964 6962
f 7132 6962 7133
f 7133 6962 6959
f 7133 6959 7134
f 7134 6959 6957
f 7134 6957 7135
f 7135 6957 6948
f 7135 6948 7136
f 7136 6948 6953
f 7136 6953 7137
f 7137 6953 6950
f 7137 6950 7138
f 7138 6950 6949
f 7138 6949 7139
f 7139 6949 7031
f 7139 7031 7102
f 7102 7031 7026
f 7138 7139 7086
f 7086 7087 7138
f 7138 7087 7088
f 7138 7088 7137
f 7088 7089 7137
f 7137 7089 7090
f 7137 7090 7136
f 7090 7091 7136
f 7136 7091 7092
f 7136 7092 7135
f 7135 7092 7093
f 7135 7093 7134
f 7093 7094 7134
f 7134 7094 7095
f 7134 7095 7133
f 7095 7096 7133
f 7133 7096 7097
f 7133 7097 7132
f 7097 7098 7132
f 7132 7098 7099
f 7132 7099 7131
f 7131 7099 7100
f 7131 7100 7130
f 7100 7101 7130
f 7130 7101 7034
f 7130 7034 7129
f 7034 7035 7129
f 7129 7035 7036
f 7129 7036 7128
f 7036 7037 7128
f 7128 7037 7038
f 7128 7038 7127
f 7038 7039 7127
f 7127 7039 7040
f 7127 7040 7126
f 7126 7040 7041
f 7126 7041 7125
f 7041 7042 7125
f 7125 7042 7043
f 7125 7043 7124
f 7043 7044 7124
f 7124 7044 7045
f 7124 7045 7123
f 7045 7046 7123
f 7123 7046 7047
f 7123 7047 7122
f 7047 7048 7122
f 7122 7048 7049
f 7122 7049 7121
f 7121 7049 7050
f 7121 7050 7120
f 7050 7051 7120
f 7120 7051 7052
f 7120 7052 7119
f 7052 7053 7119
f 7119 7053 7054
f 7119 7054 7118
f 7054 7055 7118
f 7118 7055 7056
f 7118 7056 7117
f 7056 7057 7117
f 7117 7057 7058
f 7117 7058 7116
f 7116 7058 7059
f 7116 7059 7115
f 7059 7060 7115
f 7115 7060 7061
f 7115 7061 7114
f 7061 7062 7114
f 7114 7062 7063
f 7114 7063 7113
f 7063 7064 7113
f 7113 7064 7065
f 7113 7065 7112
f 7065 7066 7112
f 7112 7066 7067
f 7112 7067 7111
f 7111 7067 7068
f 7111 7068 7110
f 7068 7069 7110
f 7110 7069 7070
f 7110 7070 7109
f 7070 7071 7109
f 7109 7071 7072
f 7109 7072 7108
f 7072 7073 7108
f 7108 7073 7074
f 7108 7074 7107
f 7107 7074 7075
f 7107 7075 7106
f 7075 7076 7106
f 7106 7076 7077
f 7106 7077 7105
f 7077 7078 7105
f 7105 7078 7079
f 7105 7079 7104
f 7079 7080 7104
f 7104 7080 7081
f 7104 7081 7103
f 7081 7082 7103
f 7103 7082 7083
f 7103 7083 7102
f 7102 7083 7084
f 7102 7084 7139
f 7139 7084 7085
f 7139 7085 7086
f 7140 7141 7142
f 7142 7141 7143
f 7142 7143 7144
f 7144 7143 7145
f 7143 7146 7145
f 7145 7146 7147
f 7141 7148 7143
f 7143 7148 7146
f 7140 7149 7141
f 7141 7149 7148
f 7142 7150 7140
f 7140 7150 7149
f 7144 7151 7142
f 7142 7151 7150
f 7145 7147 7144
f 7144 7147 7151
f 7152 7153 7148
f 7146 7154 7155
f 7156 7157 7147
f 7147 7157 7158
f 7146 7155 7147
f 7147 7155 7159
f 7147 7159 7156
f 7153 7160 7148
f 7148 7160 7161
f 7148 7161 7146
f 7146 7161 7162
f 7146 7162 7163
f 7163 7164 7146
f 7146 7164 7165
f 7146 7165 7154
f 7166 7167 7149
f 7149 7167 7168
f 7149 7168 7148
f 7148 7168 7169
f 7148 7169 7152
f 7151 7170 7171
f 7171 7172 7151
f 7151 7172 7173
f 7151 7173 7150
f 7150 7173 7174
f 7150 7174 7175
f 7158 7176 7147
f 7147 7176 7177
f 7147 7177 7151
f 7151 7177 7178
f 7151 7178 7170
f 7175 7179 7150
f 7150 7179 7180
f 7150 7180 7149
f 7149 7180 7181
f 7149 7181 7166
f 7163 7162 7182
f 7182 7183 7163
f 7163 7183 7184
f 7163 7184 7164
f 7164 7184 7185
f 7164 7185 7165
f 7165 7185 7186
f 7165 7186 7154
f 7154 7186 7187
f 7154 7187 7155
f 7155 7187 7188
f 7155 7188 7159
f 7159 7188 7189
f 7159 7189 7156
f 7156 7189 7190
f 7156 7190 7157
f 7157 7190 7191
f 7157 7191 7158
f 7158 7191 7192
f 7158 7192 7176
f 7176 7192 7193
f 7176 7193 7177
f 7162 7161 7182
f 7182 7161 7160
f 7182 7160 7194
f 7194 7160 7153
f 7194 7153 7195
f 7195 7153 7152
f 7195 7152 7196
f 7196 7152 7169
f 7196 7169 7197
f 7197 7169 7168
f 7197 7168 7198
f 7198 7168 7167
f 7198 7167 7199
f 7199 7167 7166
f 7199 7166 7200
f 7200 7166 7181
f 7200 7181 7201
f 7201 7181 7180
f 7201 7180 7202
f 7202 7180 7179
f 7202 7179 7203
f 7203 7179 7175
f 7203 7175 7204
f 7204 7175 7174
f 7204 7174 7205
f 7205 7174 7173
f 7205 7173 7206
f 7206 7173 7172
f 7206 7172 7207
f 7207 7172 7171
f 7207 7171 7208
f 7208 7171 7170
f 7208 7170 7209
f 7209 7170 7178
f 7209 7178 7210
f 7210 7178 7177
f 7210 7177 7211
f 7211 7177 7193
f 7193 7192 7212
f 7212 7192 7191
f 7212 7191 7213
f 7213 7191 7190
f 7213 7190 7214
f 7214 7190 7189
f 7214 7189 7215
f 7215 7189 7188
f 7215 7188 7216
f 7216 7188 7187
f 7216 7187 7217
f 7217 7187 7186
f 7217 7186 7218
f 7218 7186 7185
f 7218 7185 7219
f 7219 7185 7184
f 7219 7184 7220
f 7220 7184 7183
f 7220 7183 7221
f 7221 7183 7182
f 7221 7182 7222
f 7222 7182 7194
f 7222 7194 7223
f 7223 7194 7195
f 7223 7195 7224
f 7224 7195 7196
f 7224 7196 7225
f 7225 7196 7197
f 7225 7197 7226
f 7226 7197 7198
f 7226 7198 7227
f 7227 7198 7199
f 7227 7199 7228
f 7228 7199 7200
f 7228 7200 7229
f 7229 7200 7201
f 7229 7201 7230
f 7230 7201 7202
f 7230 7202 7231
f 7231 7202 7203
f 7231 7203 7232
f 7232 7203 7204
f 7232 7204 7233
f 7233 7204 7205
f 7233 7205 7234
f 7234 7205 7206
f 7234 7206 7235
f 7235 7206 7207
f 7235 7207 7236
f 7236 7207 7208
f 7236 7208 7237
f 7237 7208 7209
f 7237 7209 7238
f 7238 7209 7210
f 7238 7210 7239
f 7239 7210 7211
f 7239 7211 7240
f 7240 7211 7193
f 7240 7193 7212
f 7241 7234 7242
f 7242 7234 7235
f 7242 7235 7243
f 7243 7235 7236
f 7243 7236 7244
f 7245 7229 7246
f 7246 7229 7230
f 7246 7230 7247
f 7247 7230 7231
f 7247 7231 7248
f 7248 7231 7232
f 7248 7232 7241
f 7241 7232 7233
f 7241 7233 7234
f 7249 7214 7250
f 7250 7214 7215
f 7250 7215 7251
f 7251 7215 7216
f 7251 7216 7252
f 7252 7216 7217
f 7252 7217 7253
f 7236 7237 7244
f 7244 7237 7238
f 7244 7238 7254
f 7254 7238 7239
f 7254 7239 7255
f 7255 7239 7240
f 7255 7240 7256
f 7256 7240 7212
f 7256 7212 7249
f 7249 7212 7213
f 7249 7213 7214
f 7257 7224 7258
f 7258 7224 7225
f 7258 7225 7259
f 7259 7225 7226
f 7259 7226 7260
f 7260 7226 7227
f 7260 7227 7245
f 7245 7227 7228
f 7245 7228 7229
f 7217 7218 7253
f 7253 7218 7219
f 7253 7219 7261
f 7261 7219 7220
f 7261 7220 7262
f 7262 7220 7221
f 7262 7221 7263
f 7263 7221 7222
f 7263 7222 7257
f 7257 7222 7223
f 7257 7223 7224
f 7264 7265 7266
f 7266 7265 7267
f 7266 7267 7268
f 7269 7270 7271
f 7271 7270 7272
f 7273 7266 7274
f 7274 7275 7273
f 7273 7275 7276
f 7273 7276 7277
f 7273 7278 7266
f 7266 7278 7279
f 7266 7279 7280
f 7268 7267 7271
f 7271 7267 7281
f 7271 7281 7269
f 7280 7282 7266
f 7266 7282 7283
f 7266 7283 7264
f 7272 7284 7271
f 7271 7284 7285
f 7271 7285 7286
f 7273 7244 7278
f 7278 7244 7254
f 7278 7254 7279
f 7279 7254 7255
f 7279 7255 7280
f 7280 7255 7256
f 7280 7256 7282
f 7282 7256 7249
f 7282 7249 7283
f 7283 7249 7250
f 7283 7250 7264
f 7264 7250 7251
f 7264 7251 7265
f 7265 7251 7252
f 7265 7252 7267
f 7267 7252 7253
f 7267 7253 7281
f 7281 7253 7261
f 7281 7261 7269
f 7269 7261 7262
f 7269 7262 7270
f 7270 7262 7263
f 7270 7263 7272
f 7272 7263 7257
f 7272 7257 7284
f 7284 7257 7258
f 7284 7258 7285
f 7285 7258 7259
f 7285 7259 7286
f 7286 7259 7260
f 7286 7260 7271
f 7271 7260 7245
f 7271 7245 7268
f 7268 7245 7246
f 7268 7246 7266
f 7266 7246 7247
f 7266 7247 7274
f 7274 7247 7248
f 7274 7248 7275
f 7275 7248 7241
f 7275 7241 7276
f 7276 7241 7242
f 7276 7242 7277
f 7277 7242 7243
f 7277 7243 7273
f 7273 7243 7244
f 7287 7288 7289
f 7289 7288 7290
f 7289 7290 7291
f 7291 7290 7292
f 7287 7293 7288
f 7288 7293 7294
f 7289 7295 7287
f 7287 7295 7293
f 7291 7296 7289
f 7289 7296 7295
f 7292 7297 7291
f 7291 7297 7296
f 7290 7298 7292
f 7292 7298 7297
f 7288 7294 7290
f 7290 7294 7298
f 7299 7300 7296
f 7301 7302 7293
f 7303 7304 7298
f 7298 7304 7305
f 7306 7307 7294
f 7294 7307 7308
f 7308 7309 7294
f 7294 7309 7310
f 7294 7310 7298
f 7298 7310 7311
f 7298 7311 7303
f 7302 7312 7293
f 7293 7312 7313
f 7293 7313 7294
f 7294 7313 7314
f 7294 7314 7306
f 7305 7315 7298
f 7298 7315 7316
f 7298 7316 7297
f 7297 7316 7317
f 7297 7317 7318
f 7319 7320 7295
f 7295 7320 7321
f 7295 7321 7293
f 7293 7321 7322
f 7293 7322 7301
f 7300 7323 7296
f 7296 7323 7324
f 7296 7324 7295
f 7295 7324 7325
f 7295 7325 7319
f 7318 7326 7297
f 7297 7326 7327
f 7297 7327 7296
f 7296 7327 7328
f 7296 7328 7299
f 7311 7310 7329
f 7329 7310 7330
f 7310 7309 7330
f 7330 7309 7308
f 7330 7308 7331
f 7331 7308 7307
f 7331 7307 7332
f 7332 7307 7306
f 7332 7306 7333
f 7333 7306 7314
f 7333 7314 7334
f 7334 7314 7313
f 7334 7313 7335
f 7335 7313 7312
f 7335 7312 7336
f 7336 7312 7302
f 7336 7302 7337
f 7337 7302 7301
f 7337 7301 7338
f 7338 7301 7322
f 7338 7322 7339
f 7339 7322 7321
f 7339 7321 7340
f 7340 7321 7320
f 7340 7320 7341
f 7341 7320 7319
f 7341 7319 7342
f 7342 7319 7325
f 7342 7325 7343
f 7343 7325 7324
f 7343 7324 7344
f 7344 7324 7323
f 7344 7323 7345
f 7345 7323 7300
f 7345 7300 7346
f 7346 7300 7299
f 7346 7299 7347
f 7347 7299 7328
f 7347 7328 7348
f 7348 7328 7327
f 7348 7327 7349
f 7349 7327 7326
f 7349 7326 7350
f 7350 7326 7318
f 7350 7318 7351
f 7351 7318 7317
f 7351 7317 7352
f 7352 7317 7316
f 7352 7316 7353
f 7353 7316 7315
f 7353 7315 7354
f 7354 7315 7305
f 7354 7305 7355
f 7355 7305 7304
f 7355 7304 7356
f 7356 7304 7303
f 7356 7303 7357
f 7357 7303 7311
f 7357 7311 7358
f 7358 7311 7329
f 7329 7330 7359
f 7359 7330 7331
f 7359 7331 7360
f 7360 7331 7332
f 7360 7332 7361
f 7361 7332 7333
f 7361 7333 7362
f 7362 7333 7334
f 7362 7334 7363
f 7363 7334 7335
f 7363 7335 7364
f 7364 7335 7336
f 7364 7336 7365
f 7365 7336 7337
f 7365 7337 7366
f 7366 7337 7338
f 7366 7338 7367
f 7367 7338 7339
f 7367 7339 7368
f 7368 7339 7340
f 7368 7340 7369
f 7369 7340 7341
f 7369 7341 7370
f 7370 7341 7342
f 7370 7342 7371
f 7371 7342 7343
f 7371 7343 7372
f 7372 7343 7344
f 7372 7344 7373
f 7373 7344 7345
f 7373 7345 7374
f 7374 7345 7346
f 7374 7346 7375
f 7375 7346 7347
f 7375 7347 7376
f 7376 7347 7348
f 7376 7348 7377
f 7377 7348 7349
f 7377 7349 7378
f 7378 7349 7350
f 7378 7350 7379
f 7379 7350 7351
f 7379 7351 7380
f 7380 7351 7352
f 7380 7352 7381
f 7381 7352 7353
f 7381 7353 7382
f 7382 7353 7354
f 7382 7354 7383
f 7383 7354 7355
f 7383 7355 7384
f 7384 7355 7356
f 7384 7356 7385
f 7385 7356 7357
f 7385 7357 7386
f 7386 7357 7358
f 7386 7358 7387
f 7387 7358 7329
f 7387 7329 7359
f 7388 7375 7389
f 7389 7375 7376
f 7389 7376 7390
f 7390 7376 7377
f 7390 7377 7391
f 7391 7377 7378
f 7391 7378 7392
f 7393 7371 7394
f 7394 7371 7372
f 7394 7372 7395
f 7395 7372 7373
f 7395 7373 7388
f 7388 7373 7374
f 7388 7374 7375
f 7396 7385 7397
f 7397 7385 7386
f 7397 7386 7398
f 7398 7386 7387
f 7398 7387 7399
f 7399 7387 7359
f 7399 7359 7400
f 7378 7379 7392
f 7392 7379 7380
f 7392 7380 7401
f 7401 7380 7381
f 7401 7381 7402
f 7402 7381 7382
f 7402 7382 7403
f 7403 7382 7383
f 7403 7383 7396
f 7396 7383 7384
f 7396 7384 7385
f 7404 7366 7405
f 7405 7366 7367
f 7405 7367 7406
f 7406 7367 7368
f 7406 7368 7407
f 7407 7368 7369
f 7407 7369 7393
f 7393 7369 7370
f 7393 7370 7371
f 7359 7360 7400
f 7400 7360 7361
f 7400 7361 7408
f 7408 7361 7362
f 7408 7362 7409
f 7409 7362 7363
f 7409 7363 7410
f 7410 7363 7364
f 7410 7364 7404
f 7404 7364 7365
f 7404 7365 7366
f 7411 7412 7413
f 7414 7415 7416
f 7417 7418 7419
f 7420 7421 7413
f 7413 7421 7422
f 7413 7422 7423
f 7423 7424 7413
f 7413 7424 7425
f 7413 7425 7411
f 7412 7426 7413
f 7413 7426 7427
f 7413 7427 7428
f 7428 7427 7429
f 7428 7429 7430
f 7414 7416 7419
f 7419 7416 7431
f 7419 7431 7417
f 7420 7432 7421
f 7421 7432 7419
f 7421 7419 7433
f 7433 7419 7418
f 7416 7388 7431
f 7431 7388 7389
f 7431 7389 7417
f 7417 7389 7390
f 7417 7390 7418
f 7418 7390 7391
f 7418 7391 7433
f 7433 7391 7392
f 7433 7392 7421
f 7421 7392 7401
f 7421 7401 7422
f 7422 7401 7402
f 7422 7402 7423
f 7423 7402 7403
f 7423 7403 7424
f 7424 7403 7396
f 7424 7396 7425
f 7425 7396 7397
f 7425 7397 7411
f 7411 7397 7398
f 7411 7398 7412
f 7412 7398 7399
f 7412 7399 7426
f 7426 7399 7400
f 7426 7400 7427
f 7427 7400 7408
f 7427 7408 7429
f 7429 7408 7409
f 7429 7409 7430
f 7430 7409 7410
f 7430 7410 7428
f 7428 7410 7404
f 7428 7404 7413
f 7413 7404 7405
f 7413 7405 7420
f 7420 7405 7406
f 7420 7406 7432
f 7432 7406 7407
f 7432 7407 7419
f 7419 7407 7393
f 7419 7393 7414
f 7414 7393 7394
f 7414 7394 7415
f 7415 7394 7395
f 7415 7395 7416
f 7416 7395 7388
f 7434 7435 7436
f 7437 7438 7439
f 7440 7441 7442
f 7443 7444 7445
f 7445 7444 7446
f 7445 7446 7447
f 7447 7446 7448
f 7447 7448 7449
f 7449 7448 7450
f 7450 7448 7451
f 7450 7451 7452
f 7452 7451 7453
f 7452 7453 7454
f 7442 7441 7453
f 7453 7441 7455
f 7453 7455 7454
f 7440 7442 7456
f 7456 7442 7457
f 7456 7457 7458
f 7458 7457 7459
f 7458 7459 7460
f 7460 7459 7461
f 7460 7461 7462
f 7439 7438 7461
f 7461 7438 7463
f 7461 7463 7462
f 7437 7439 7464
f 7464 7439 7465
f 7464 7465 7466
f 7466 7465 7467
f 7466 7467 7468
f 7468 7467 7469
f 7468 7469 7470
f 7470 7469 7471
f 7470 7471 7472
f 7473 7474 7475
f 7475 7474 7476
f 7475 7476 7471
f 7471 7476 7477
f 7471 7477 7472
f 7478 7479 7480
f 7480 7479 7481
f 7480 7481 7482
f 7482 7481 7483
f 7482 7483 7473
f 7473 7483 7484
f 7473 7484 7474
f 7478 7480 7485
f 7485 7480 7486
f 7485 7486 7487
f 7487 7486 7488
f 7487 7488 7489
f 7489 7488 7490
f 7490 7488 7491
f 7490 7491 7492
f 7492 7491 7493
f 7492 7493 7494
f 7495 7496 7493
f 7493 7496 7497
f 7493 7497 7494
f 7498 7499 7500
f 7500 7499 7501
f 7500 7501 7502
f 7502 7501 7503
f 7502 7503 7504
f 7504 7503 7505
f 7504 7505 7506
f 7506 7505 7507
f 7506 7507 7495
f 7495 7507 7508
f 7495 7508 7496
f 7498 7500 7509
f 7509 7500 7510
f 7509 7510 7511
f 7511 7510 7512
f 7511 7512 7513
f 7513 7512 7514
f 7514 7512 7515
f 7514 7515 7516
f 7516 7515 7517
f 7516 7517 7518
f 7436 7435 7517
f 7517 7435 7519
f 7517 7519 7518
f 7434 7436 7520
f 7520 7436 7521
f 7520 7521 7522
f 7522 7521 7523
f 7522 7523 7524
f 7524 7523 7525
f 7524 7525 7526
f 7527 7528 7525
f 7525 7528 7529
f 7525 7529 7526
f 7443 7530 7444
f 7444 7530 7531
f 7444 7531 7532
f 7532 7531 7533
f 7532 7533 7534
f 7534 7533 7535
f 7534 7535 7536
f 7536 7535 7537
f 7536 7537 7527
f 7527 7537 7538
f 7527 7538 7528
f 7530 7539 7531
f 7531 7539 7540
f 7531 7540 7533
f 7533 7540 7541
f 7533 7541 7535
f 7535 7541 7542
f 7535 7542 7537
f 7537 7542 7543
f 7537 7543 7538
f 7538 7543 7544
f 7538 7544 7528
f 7528 7544 7545
f 7528 7545 7529
f 7529 7545 7546
f 7529 7546 7526
f 7526 7546 7547
f 7526 7547 7524
f 7524 7547 7548
f 7524 7548 7522
f 7522 7548 7549
f 7522 7549 7520
f 7520 7549 7550
f 7520 7550 7434
f 7434 7550 7551
f 7434 7551 7435
f 7435 7551 7552
f 7435 7552 7519
f 7519 7552 7553
f 7519 7553 7518
f 7518 7553 7554
f 7518 7554 7516
f 7516 7554 7555
f 7516 7555 7514
f 7514 7555 7556
f 7514 7556 7513
f 7513 7556 7557
f 7513 7557 7511
f 7511 7557 7558
f 7511 7558 7509
f 7509 7558 7559
f 7509 7559 7498
f 7498 7559 7560
f 7498 7560 7499
f 7499 7560 7561
f 7499 7561 7501
f 7501 7561 7562
f 7501 7562 7503
f 7503 7562 7563
f 7503 7563 7505
f 7505 7563 7564
f 7505 7564 7507
f 7507 7564 7565
f 7507 7565 7508
f 7508 7565 7566
f 7508 7566 7496
f 7496 7566 7567
f 7496 7567 7497
f 7497 7567 7568
f 7497 7568 7494
f 7494 7568 7569
f 7494 7569 7492
f 7492 7569 7570
f 7492 7570 7490
f 7490 7570 7571
f 7490 7571 7489
f 7489 7571 7572
f 7489 7572 7487
f 7487 7572 7573
f 7487 7573 7485
f 7485 7573 7574
f 7485 7574 7478
f 7478 7574 7575
f 7478 7575 7479
f 7479 7575 7576
f 7479 7576 7481
f 7481 7576 7577
f 7481 7577 7483
f 7483 7577 7578
f 7483 7578 7484
f 7484 7578 7579
f 7484 7579 7474
f 7474 7579 7580
f 7474 7580 7476
f 7476 7580 7581
f 7476 7581 7477
f 7477 7581 7582
f 7477 7582 7472
f 7472 7582 7583
f 7472 7583 7470
f 7470 7583 7584
f 7470 7584 7468
f 7468 7584 7585
f 7468 7585 7466
f 7466 7585 7586
f 7466 7586 7464
f 7464 7586 7587
f 7464 7587 7437
f 7437 7587 7588
f 7437 7588 7438
f 7438 7588 7589
f 7438 7589 7463
f 7463 7589 7590
f 7463 7590 7462
f 7462 7590 7591
f 7462 7591 7460
f 7460 7591 7592
f 7460 7592 7458
f 7458 7592 7593
f 7458 7593 7456
f 7456 7593 7594
f 7456 7594 7440
f 7440 7594 7595
f 7440 7595 7441
f 7441 7595 7596
f 7441 7596 7455
f 7455 7596 7597
f 7455 7597 7454
f 7454 7597 7598
f 7454 7598 7452
f 7452 7598 7599
f 7452 7599 7450
f 7450 7599 7600
f 7450 7600 7449
f 7449 7600 7601
f 7449 7601 7447
f 7447 7601 7602
f 7447 7602 7445
f 7445 7602 7603
f 7445 7603 7443
f 7443 7603 7604
f 7443 7604 7530
f 7530 7604 7539
f 7605 7534 7606
f 7606 7534 7536
f 7606 7536 7607
f 7607 7536 7527
f 7607 7527 7608
f 7608 7527 7525
f 7608 7525 7609
f 7609 7525 7523
f 7609 7523 7610
f 7610 7523 7521
f 7610 7521 7611
f 7611 7521 7436
f 7611 7436 7612
f 7612 7436 7517
f 7612 7517 7613
f 7613 7517 7515
f 7613 7515 7614
f 7614 7515 7512
f 7614 7512 7615
f 7615 7512 7510
f 7615 7510 7616
f 7616 7510 7500
f 7616 7500 7617
f 7617 7500 7502
f 7617 7502 7618
f 7618 7502 7504
f 7618 7504 7619
f 7619 7504 7506
f 7619 7506 7620
f 7620 7506 7495
f 7620 7495 7621
f 7621 7495 7493
f 7621 7493 7622
f 7622 7493 7491
f 7622 7491 7623
f 7623 7491 7488
f 7623 7488 7624
f 7624 7488 7486
f 7624 7486 7625
f 7625 7486 7480
f 7625 7480 7626
f 7626 7480 7482
f 7626 7482 7627
f 7627 7482 7473
f 7627 7473 7628
f 7628 7473 7475
f 7628 7475 7629
f 7629 7475 7471
f 7629 7471 7630
f 7630 7471 7469
f 7630 7469 7631
f 7631 7469 7467
f 7631 7467 7632
f 7632 7467 7465
f 7632 7465 7633
f 7633 7465 7439
f 7633 7439 7634
f 7634 7439 7461
f 7634 7461 7635
f 7635 7461 7459
f 7635 7459 7636
f 7636 7459 7457
f 7636 7457 7637
f 7637 7457 7442
f 7637 7442 7638
f 7638 7442 7453
f 7638 7453 7639
f 7639 7453 7451
f 7639 7451 7640
f 7640 7451 7448
f 7640 7448 7641
f 7641 7448 7446
f 7641 7446 7642
f 7642 7446 7444
f 7642 7444 7643
f 7643 7444 7532
f 7643 7532 7605
f 7605 7532 7534
f 7643 7604 7642
f 7642 7604 7603
f 7642 7603 7641
f 7603 7602 7641
f 7641 7602 7601
f 7641 7601 7640
f 7601 7600 7640
f 7640 7600 7599
f 7640 7599 7639
f 7599 7598 7639
f 7639 7598 7597
f 7639 7597 7638
f 7597 7596 7638
f 7638 7596 7595
f 7638 7595 7637
f 7637 7595 7594
f 7637 7594 7636
f 7594 7593 7636
f 7636 7593 7592
f 7636 7592 7635
f 7592 7591 7635
f 7635 7591 7590
f 7635 7590 7634
f 7590 7589 7634
f 7634 7589 7588
f 7634 7588 7633
f 7633 7588 7587
f 7633 7587 7632
f 7587 7586 7632
f 7632 7586 7585
f 7632 7585 7631
f 7631 7585 7584
f 7631 7584 7630
f 7584 7583 7630
f 7630 7583 7582
f 7630 7582 7629
f 7629 7582 7581
f 7629 7581 7628
f 7581 7580 7628
f 7628 7580 7579
f 7628 7579 7627
f 7579 7578 7627
f 7627 7578 7577
f 7627 7577 7626
f 7577 7576 7626
f 7626 7576 7575
f 7626 7575 7625
f 7625 7575 7574
f 7625 7574 7624
f 7574 7573 7624
f 7624 7573 7572
f 7624 7572 7623
f 7572 7571 7623
f 7623 7571 7570
f 7623 7570 7622
f 7570 7569 7622
f 7622 7569 7568
f 7622 7568 7621
f 7568 7567 7621
f 7621 7567 7566
f 7621 7566 7620
f 7620 7566 7565
f 7620 7565 7619
f 7565 7564 7619
f 7619 7564 7563
f 7619 7563 7618
f 7618 7563 7562
f 7618 7562 7617
f 7562 7561 7617
f 7617 7561 7560
f 7617 7560 7616
f 7616 7560 7559
f 7616 7559 7615
f 7559 7558 7615
f 7615 7558 7557
f 7615 7557 7614
f 7557 7556 7614
f 7614 7556 7555
f 7614 7555 7613
f 7555 7554 7613
f 7613 7554 7553
f 7613 7553 7612
f 7553 7552 7612
f 7612 7552 7551
f 7612 7551 7611
f 7611 7551 7550
f 7611 7550 7610
f 7550 7549 7610
f 7610 7549 7548
f 7610 7548 7609
f 7548 7547 7609
f 7609 7547 7546
f 7609 7546 7608
f 7546 7545 7608
f 7608 7545 7544
f 7608 7544 7607
f 7607 7544 7543
f 7607 7543 7606
f 7543 7542 7606
f 7606 7542 7541
f 7606 7541 7605
f 7605 7541 7540
f 7605 7540 7643
f 7643 7540 7539
f 7643 7539 7604
f 7644 7645 7646
f 7646 7645 7647
f 7646 7647 7648
f 7648 7647 7649
f 7647 7650 7649
f 7649 7650 7651
f 7645 7652 7647
f 7647 7652 7650
f 7644 7653 7645
f 7645 7653 7652
f 7646 7654 7644
f 7644 7654 7653
f 7648 7655 7646
f 7646 7655 7654
f 7649 7651 7648
f 7648 7651 7655
f 7656 7657 7653
f 7653 7657 7658
f 7653 7658 7652
f 7652 7658 7659
f 7652 7659 7660
f 7661 7662 7650
f 7650 7662 7663
f 7664 7665 7654
f 7654 7665 7666
f 7654 7666 7653
f 7653 7666 7667
f 7653 7667 7668
f 7668 7669 7653
f 7653 7669 7670
f 7653 7670 7656
f 7671 7672 7655
f 7655 7672 7673
f 7655 7673 7674
f 7674 7675 7655
f 7655 7675 7676
f 7655 7676 7654
f 7654 7676 7677
f 7654 7677 7664
f 7671 7655 7678
f 7678 7655 7651
f 7678 7651 7679
f 7663 7680 7650
f 7650 7680 7681
f 7650 7681 7651
f 7651 7681 7682
f 7651 7682 7679
f 7660 7683 7652
f 7652 7683 7684
f 7652 7684 7650
f 7650 7684 7685
f 7650 7685 7661
f 7686 7665 7687
f 7687 7665 7664
f 7687 7664 7688
f 7688 7664 7677
f 7688 7677 7689
f 7689 7677 7676
f 7689 7676 7690
f 7690 7676 7675
f 7690 7675 7691
f 7691 7675 7674
f 7691 7674 7692
f 7692 7674 7673
f 7692 7673 7693
f 7693 7673 7672
f 7693 7672 7694
f 7694 7672 7671
f 7668 7667 7686
f 7686 7667 7666
f 7686 7666 7665
f 7686 7695 7668
f 7668 7695 7696
f 7668 7696 7669
f 7669 7696 7697
f 7669 7697 7670
f 7670 7697 7698
f 7670 7698 7656
f 7656 7698 7699
f 7656 7699 7657
f 7657 7699 7700
f 7657 7700 7658
f 7658 7700 7701
f 7658 7701 7659
f 7659 7701 7702
f 7659 7702 7660
f 7660 7702 7703
f 7660 7703 7683
f 7683 7703 7704
f 7683 7704 7684
f 7684 7704 7705
f 7684 7705 7685
f 7685 7705 7706
f 7685 7706 7661
f 7661 7706 7707
f 7661 7707 7662
f 7662 7707 7708
f 7662 7708 7663
f 7663 7708 7709
f 7663 7709 7680
f 7680 7709 7710
f 7680 7710 7681
f 7681 7710 7711
f 7681 7711 7682
f 7682 7711 7712
f 7682 7712 7679
f 7679 7712 7713
f 7679 7713 7678
f 7678 7713 7714
f 7678 7714 7671
f 7671 7714 7715
f 7671 7715 7694
f 7714 7713 7716
f 7716 7713 7712
f 7716 7712 7717
f 7717 7712 7711
f 7717 7711 7718
f 7718 7711 7710
f 7718 7710 7719
f 7719 7710 7709
f 7719 7709 7720
f 7720 7709 7708
f 7720 7708 7721
f 7721 7708 7707
f 7721 7707 7722
f 7722 7707 7706
f 7722 7706 7723
f 7723 7706 7705
f 7723 7705 7724
f 7724 7705 7704
f 7724 7704 7725
f 7725 7704 7703
f 7725 7703 7726
f 7726 7703 7702
f 7726 7702 7727
f 7727 7702 7701
f 7727 7701 7728
f 7728 7701 7700
f 7728 7700 7729
f 7729 7700 7699
f 7729 7699 7730
f 7730 7699 7698
f 7730 7698 7731
f 7731 7698 7697
f 7731 7697 7732
f 7732 7697 7696
f 7732 7696 7733
f 7733 7696 7695
f 7733 7695 7734
f 7734 7695 7686
f 7734 7686 7735
f 7735 7686 7687
f 7735 7687 7736
f 7736 7687 7688
f 7736 7688 7737
f 7737 7688 7689
f 7737 7689 7738
f 7738 7689 7690
f 7738 7690 7739
f 7739 7690 7691
f 7739 7691 7740
f 7740 7691 7692
f 7740 7692 7741
f 7741 7692 7693
f 7741 7693 7742
f 7742 7693 7694
f 7742 7694 7743
f 7743 7694 7715
f 7743 7715 7744
f 7744 7715 7714
f 7744 7714 7716
f 7745 7718 7746
f 7746 7718 7719
f 7746 7719 7747
f 7747 7719 7720
f 7747 7720 7748
f 7749 7742 7750
f 7750 7742 7743
f 7750 7743 7751
f 7751 7743 7744
f 7751 7744 7752
f 7752 7744 7716
f 7752 7716 7745
f 7745 7716 7717
f 7745 7717 7718
f 7753 7727 7754
f 7754 7727 7728
f 7754 7728 7755
f 7755 7728 7729
f 7755 7729 7756
f 7756 7729 7730
f 7756 7730 7757
f 7720 7721 7748
f 7748 7721 7722
f 7748 7722 7758
f 7758 7722 7723
f 7758 7723 7759
f 7759 7723 7724
f 7759 7724 7760
f 7760 7724 7725
f 7760 7725 7753
f 7753 7725 7726
f 7753 7726 7727
f 7761 7737 7762
f 7762 7737 7738
f 7762 7738 7763
f 7763 7738 7739
f 7763 7739 7764
f 7764 7739 7740
f 7764 7740 7749
f 7749 7740 7741
f 7749 7741 7742
f 7730 7731 7757
f 7757 7731 7732
f 7757 7732 7765
f 7765 7732 7733
f 7765 7733 7766
f 7766 7733 7734
f 7766 7734 7767
f 7767 7734 7735
f 7767 7735 7761
f 7761 7735 7736
f 7761 7736 7737
f 7768 7769 7770
f 7770 7769 7771
f 7770 7771 7772
f 7773 7774 7775
f 7775 7774 7776
f 7777 7770 7778
f 7778 7779 7777
f 7777 7779 7780
f 7777 7780 7781
f 7777 7782 7770
f 7770 7782 7783
f 7770 7783 7784
f 7772 7771 7775
f 7775 7771 7785
f 7775 7785 7773
f 7784 7786 7770
f 7770 7786 7787
f 7770 7787 7768
f 7776 7788 7775
f 7775 7788 7789
f 7775 7789 7790
f 7777 7748 7782
f 7782 7748 7758
f 7782 7758 7783
f 7783 7758 7759
f 7783 7759 7784
f 7784 7759 7760
f 7784 7760 7786
f 7786 7760 7753
f 7786 7753 7787
f 7787 7753 7754
f 7787 7754 7768
f 7768 7754 7755
f 7768 7755 7769
f 7769 7755 7756
f 7769 7756 7771
f 7771 7756 7757
f 7771 7757 7785
f 7785 7757 7765
f 7785 7765 7773
f 7773 7765 7766
f 7773 7766 7774
f 7774 7766 7767
f 7774 7767 7776
f 7776 7767 7761
f 7776 7761 7788
f 7788 7761 7762
f 7788 7762 7789
f 7789 7762 7763
f 7789 7763 7790
f 7790 7763 7764
f 7790 7764 7775
f 7775 7764 7749
f 7775 7749 7772
f 7772 7749 7750
f 7772 7750 7770
f 7770 7750 7751
f 7770 7751 7778
f 7778 7751 7752
f 7778 7752 7779
f 7779 7752 7745
f 7779 7745 7780
f 7780 7745 7746
f 7780 7746 7781
f 7781 7746 7747
f 7781 7747 7777
f 7777 7747 7748
f 7791 7792 7793
f 7793 7792 7794
f 7793 7794 7795
f 7795 7794 7796
f 7795 7796 7797
f 7797 7796 7798
f 7797 7798 7799
f 7799 7798 7800
f 7799 7800 7801
f 7801 7800 7802
f 7801 7802 7803
f 7803 7802 7804
f 7803 7804 7805
f 7805 7804 7806
f 7805 7806 7807
f 7807 7806 7808
f 7807 7808 7809
f 7809 7808 7810
f 7809 7810 7811
f 7811 7810 7812
f 7811 7812 7813
f 7813 7812 7814
f 7813 7814 7815
f 7815 7814 7816
f 7815 7816 7817
f 7817 7816 7818
f 7817 7818 7819
f 7819 7818 7820
f 7819 7820 7821
f 7821 7820 7791
f 7821 7791 7793
f 7796 7822 7798
f 7798 7822 7823
f 7798 7823 7800
f 7800 7823 7824
f 7800 7824 7802
f 7802 7824 7825
f 7802 7825 7804
f 7804 7825 7826
f 7804 7826 7806
f 7806 7826 7827
f 7806 7827 7808
f 7808 7827 7828
f 7808 7828 7810
f 7810 7828 7829
f 7810 7829 7812
f 7812 7829 7830
f 7812 7830 7814
f 7814 7830 7831
f 7814 7831 7816
f 7816 7831 7832
f 7816 7832 7818
f 7818 7832 7833
f 7818 7833 7820
f 7820 7833 7834
f 7820 7834 7791
f 7791 7834 7835
f 7791 7835 7792
f 7792 7835 7836
f 7792 7836 7794
f 7794 7836 7837
f 7794 7837 7796
f 7796 7837 7822
f 7795 7838 7793
f 7793 7838 7839
f 7793 7839 7821
f 7821 7839 7840
f 7821 7840 7819
f 7819 7840 7841
f 7819 7841 7817
f 7817 7841 7842
f 7817 7842 7815
f 7815 7842 7843
f 7815 7843 7813
f 7813 7843 7844
f 7813 7844 7811
f 7811 7844 7845
f 7811 7845 7809
f 7809 7845 7846
f 7809 7846 7807
f 7807 7846 7847
f 7807 7847 7805
f 7805 7847 7848
f 7805 7848 7803
f 7803 7848 7849
f 7803 7849 7801
f 7801 7849 7850
f 7801 7850 7799
f 7799 7850 7851
f 7799 7851 7797
f 7797 7851 7852
f 7797 7852 7795
f 7795 7852 7838
f 7853 7829 7854
f 7854 7829 7828
f 7854 7828 7855
f 7855 7828 7827
f 7855 7827 7856
f 7856 7827 7826
f 7856 7826 7857
f 7857 7826 7825
f 7857 7825 7858
f 7858 7825 7824
f 7858 7824 7859
f 7859 7824 7823
f 7859 7823 7860
f 7860 7823 7822
f 7860 7822 7861
f 7861 7822 7837
f 7861 7837 7862
f 7862 7837 7836
f 7862 7836 7863
f 7863 7836 7835
f 7863 7835 7864
f 7864 7835 7834
f 7864 7834 7865
f 7865 7834 7833
f 7865 7833 7866
f 7866 7833 7832
f 7866 7832 7867
f 7867 7832 7831
f 7867 7831 7868
f 7868 7831 7830
f 7868 7830 7853
f 7853 7830 7829
f 7846 7869 7847
f 7847 7869 7870
f 7847 7870 7848
f 7848 7870 7871
f 7848 7871 7849
f 7849 7871 7872
f 7849 7872 7850
f 7850 7872 7873
f 7850 7873 7851
f 7851 7873 7874
f 7851 7874 7852
f 7852 7874 7875
f 7852 7875 7838
f 7838 7875 7876
f 7838 7876 7839
f 7839 7876 7877
f 7839 7877 7840
f 7840 7877 7878
f 7840 7878 7841
f 7841 7878 7879
f 7841 7879 7842
f 7842 7879 7880
f 7842 7880 7843
f 7843 7880 7881
f 7843 7881 7844
f 7844 7881 7882
f 7844 7882 7845
f 7845 7882 7883
f 7845 7883 7846
f 7846 7883 7869
f 7854 7884 7853
f 7853 7884 7885
f 7853 7885 7868
f 7868 7885 7886
f 7868 7886 7867
f 7867 7886 7887
f 7867 7887 7866
f 7866 7887 7888
f 7866 7888 7865
f 7865 7888 7889
f 7865 7889 7864
f 7864 7889 7890
f 7864 7890 7863
f 7863 7890 7891
f 7863 7891 7862
f 7862 7891 7892
f 7862 7892 7861
f 7861 7892 7893
f 7861 7893 7860
f 7860 7893 7894
f 7860 7894 7859
f 7859 7894 7895
f 7859 7895 7858
f 7858 7895 7896
f 7858 7896 7857
f 7857 7896 7897
f 7857 7897 7856
f 7856 7897 7898
f 7856 7898 7855
f 7855 7898 7899
f 7855 7899 7854
f 7854 7899 7884
f 7900 6774 7877
f 7877 6774 7901
f 7877 7901 7878
f 7878 7901 7902
f 7878 7902 7879
f 7879 7902 7903
f 7879 7903 7880
f 7880 7903 7904
f 7880 7904 7881
f 7881 7904 7905
f 7881 7905 7882
f 7882 7905 7906
f 7882 7906 7883
f 7883 7906 7907
f 7883 7907 7869
f 7869 7907 6757
f 7869 6757 7870
f 7870 6757 7908
f 7870 7908 7871
f 7871 7908 7909
f 7871 7909 7872
f 7872 7909 7910
f 7872 7910 7873
f 7873 7910 7911
f 7873 7911 7874
f 7874 7911 7912
f 7874 7912 7875
f 7875 7912 7913
f 7875 7913 7876
f 7876 7913 7900
f 7876 7900 7877
f 6757 7884 7908
f 7908 7884 7899
f 7908 7899 7909
f 7909 7899 7898
f 7909 7898 7910
f 7910 7898 7897
f 7910 7897 7911
f 7911 7897 7896
f 7911 7896 7912
f 7912 7896 7895
f 7912 7895 7913
f 7913 7895 7894
f 7913 7894 7900
f 7900 7894 7893
f 7900 7893 6774
f 6774 7893 7892
f 6774 7892 7901
f 7901 7892 7891
f 7901 7891 7902
f 7902 7891 7890
f 7902 7890 7903
f 7903 7890 7889
f 7903 7889 7904
f 7904 7889 7888
f 7904 7888 7905
f 7905 7888 7887
f 7905 7887 7906
f 7906 7887 7886
f 7906 7886 7907
f 7907 7886 7885
f 7907 7885 6757
f 6757 7885 7884
f 7914 7915 7916
f 7917 7918 7919
f 7920 7921 7922
f 7923 7924 7925
f 7926 7927 7928
f 7929 7930 7931
f 7932 7933 7934
f 7935 7936 7937
f 7937 7936 7938
f 7938 7936 7939
f 7938 7939 7940
f 7934 7933 7939
f 7939 7933 7941
f 7939 7941 7940
f 7932 7934 7942
f 7942 7934 7943
f 7942 7943 7944
f 7944 7943 7945
f 7944 7945 7946
f 7946 7945 7947
f 7947 7945 7948
f 7947 7948 7949
f 7949 7948 7950
f 7949 7950 7951
f 7931 7930 7950
f 7950 7930 7952
f 7950 7952 7951
f 7929 7931 7953
f 7953 7931 7954
f 7953 7954 7955
f 7955 7954 7956
f 7955 7956 7957
f 7957 7956 7958
f 7957 7958 7959
f 7928 7927 7958
f 7958 7927 7960
f 7958 7960 7959
f 7926 7928 7961
f 7961 7928 7962
f 7961 7962 7963
f 7963 7962 7964
f 7963 7964 7965
f 7965 7964 7966
f 7966 7964 7967
f 7966 7967 7968
f 7968 7967 7969
f 7968 7969 7970
f 7925 7924 7969
f 7969 7924 7971
f 7969 7971 7970
f 7923 7925 7972
f 7972 7925 7973
f 7972 7973 7974
f 7974 7973 7975
f 7974 7975 7976
f 7976 7975 7977
f 7977 7975 7978
f 7977 7978 7979
f 7979 7978 7980
f 7979 7980 7981
f 7922 7921 7980
f 7980 7921 7982
f 7980 7982 7981
f 7920 7922 7983
f 7983 7922 7984
f 7983 7984 7985
f 7985 7984 7986
f 7985 7986 7987
f 7987 7986 7988
f 7988 7986 7989
f 7988 7989 7990
f 7990 7989 7991
f 7990 7991 7992
f 7919 7918 7991
f 7991 7918 7993
f 7991 7993 7992
f 7917 7919 7994
f 7994 7919 7995
f 7994 7995 7996
f 7996 7995 7997
f 7996 7997 7998
f 7998 7997 7999
f 7998 7999 8000
f 7916 7915 7999
f 7999 7915 8001
f 7999 8001 8000
f 7914 7916 8002
f 8002 7916 8003
f 8002 8003 8004
f 8004 8003 8005
f 8004 8005 8006
f 8006 8005 8007
f 8007 8005 8008
f 8007 8008 8009
f 8009 8008 8010
f 8009 8010 8011
f 8012 8013 8010
f 8010 8013 8014
f 8010 8014 8011
f 7937 8015 7935
f 7935 8015 8016
f 7935 8016 8017
f 8017 8016 8018
f 8017 8018 8012
f 8012 8018 8019
f 8012 8019 8013
f 7953 8020 7929
f 7929 8020 8021
f 7929 8021 7930
f 7930 8021 8022
f 7930 8022 7952
f 7952 8022 8023
f 7952 8023 7951
f 7951 8023 8024
f 7951 8024 7949
f 7949 8024 8025
f 7949 8025 7947
f 7947 8025 8026
f 7947 8026 7946
f 7946 8026 8027
f 7946 8027 7944
f 7944 8027 8028
f 7944 8028 7942
f 7942 8028 8029
f 7942 8029 7932
f 7932 8029 8030
f 7932 8030 7933
f 7933 8030 8031
f 7933 8031 7941
f 7941 8031 8032
f 7941 8032 7940
f 7940 8032 8033
f 7940 8033 7938
f 7938 8033 8034
f 7938 8034 7937
f 7937 8034 8035
f 7937 8035 8015
f 8015 8035 8036
f 8015 8036 8016
f 8016 8036 8037
f 8016 8037 8018
f 8018 8037 8038
f 8018 8038 8019
f 8019 8038 8039
f 8019 8039 8013
f 8013 8039 8040
f 8013 8040 8014
f 8014 8040 8041
f 8014 8041 8011
f 8011 8041 8042
f 8011 8042 8009
f 8009 8042 8043
f 8009 8043 8007
f 8007 8043 8044
f 8007 8044 8006
f 8006 8044 8045
f 8006 8045 8004
f 8004 8045 8046
f 8004 8046 8002
f 8002 8046 8047
f 8002 8047 7914
f 7914 8047 8048
f 7914 8048 7915
f 7915 8048 8049
f 7915 8049 8001
f 8001 8049 8050
f 8001 8050 8000
f 8000 8050 8051
f 8000 8051 7998
f 7998 8051 8052
f 7998 8052 7996
f 7996 8052 8053
f 7996 8053 7994
f 7994 8053 8054
f 7994 8054 7917
f 7917 8054 8055
f 7917 8055 7918
f 7918 8055 8056
f 7918 8056 7993
f 7993 8056 8057
f 7993 8057 7992
f 7992 8057 8058
f 7992 8058 7990
f 7990 8058 8059
f 7990 8059 7988
f 7988 8059 8060
f 7988 8060 7987
f 7987 8060 8061
f 7987 8061 7985
f 7985 8061 8062
f 7985 8062 7983
f 7983 8062 8063
f 7983 8063 7920
f 7920 8063 8064
f 7920 8064 7921
f 7921 8064 8065
f 7921 8065 7982
f 7982 8065 8066
f 7982 8066 7981
f 7981 8066 8067
f 7981 8067 7979
f 7979 8067 8068
f 7979 8068 7977
f 7977 8068 8069
f 7977 8069 7976
f 7976 8069 8070
f 7976 8070 7974
f 7974 8070 8071
f 7974 8071 7972
f 7972 8071 8072
f 7972 8072 7923
f 7923 8072 8073
f 7923 8073 7924
f 7924 8073 8074
f 7924 8074 7971
f 7971 8074 8075
f 7971 8075 7970
f 7970 8075 8076
f 7970 8076 7968
f 7968 8076 8077
f 7968 8077 7966
f 7966 8077 8078
f 7966 8078 7965
f 7965 8078 8079
f 7965 8079 7963
f 7963 8079 8080
f 7963 8080 7961
f 7961 8080 8081
f 7961 8081 7926
f 7926 8081 8082
f 7926 8082 7927
f 7927 8082 8083
f 7927 8083 7960
f 7960 8083 8084
f 7960 8084 7959
f 7959 8084 8085
f 7959 8085 7957
f 7957 8085 8086
f 7957 8086 7955
f 7955 8086 8087
f 7955 8087 7953
f 7953 8087 8020
f 8088 8012 8089
f 8089 8012 8010
f 8089 8010 8090
f 8090 8010 8008
f 8090 8008 8091
f 8091 8008 8005
f 8091 8005 8092
f 8092 8005 8003
f 8092 8003 8093
f 8093 8003 7916
f 8093 7916 8094
f 8094 7916 7999
f 8094 7999 8095
f 8095 7999 7997
f 8095 7997 8096
f 8096 7997 7995
f 8096 7995 8097
f 8097 7995 7919
f 8097 7919 8098
f 8098 7919 7991
f 8098 7991 8099
f 8099 7991 7989
f 8099 7989 8100
f 8100 7989 7986
f 8100 7986 8101
f 8101 7986 7984
f 8101 7984 8102
f 8102 7984 7922
f 8102 7922 8103
f 8103 7922 7980
f 8103 7980 8104
f 8104 7980 7978
f 8104 7978 8105
f 8105 7978 7975
f 8105 7975 8106
f 8106 7975 7973
f 8106 7973 8107
f 8107 7973 7925
f 8107 7925 8108
f 8108 7925 7969
f 8108 7969 8109
f 8109 7969 7967
f 8109 7967 8110
f 8110 7967 7964
f 8110 7964 8111
f 8111 7964 7962
f 8111 7962 8112
f 8112 7962 7928
f 8112 7928 8113
f 8113 7928 7958
f 8113 7958 8114
f 8114 7958 7956
f 8114 7956 8115
f 8115 7956 7954
f 8115 7954 8116
f 8116 7954 7931
f 8116 7931 8117
f 8117 7931 7950
f 8117 7950 8118
f 8118 7950 7948
f 8118 7948 8119
f 8119 7948 7945
f 8119 7945 8120
f 8120 7945 7943
f 8120 7943 8121
f 8121 7943 7934
f 8121 7934 8122
f 8122 7934 7939
f 8122 7939 8123
f 8123 7939 7936
f 8123 7936 8124
f 8124 7936 7935
f 8124 7935 8125
f 8125 7935 8017
f 8125 8017 8088
f 8088 8017 8012
f 8124 8125 8036
f 8036 8035 8124
f 8124 8035 8034
f 8124 8034 8123
f 8034 8033 8123
f 8123 8033 8032
f 8123 8032 8122
f 8032 8031 8122
f 8122 8031 8030
f 8122 8030 8121
f 8121 8030 8029
f 8121 8029 8120
f 8029 8028 8120
f 8120 8028 8027
f 8120 8027 8119
f 8027 8026 8119
f 8119 8026 8025
f 8119 8025 8118
f 8025 8024 8118
f 8118 8024 8023
f 8118 8023 8117
f 8023 8022 8117
f 8117 8022 8021
f 8117 8021 8116
f 8116 8021 8020
f 8116 8020 8115
f 8020 8087 8115
f 8115 8087 8086
f 8115 8086 8114
f 8086 8085 8114
f 8114 8085 8084
f 8114 8084 8113
f 8084 8083 8113
f 8113 8083 8082
f 8113 8082 8112
f 8112 8082 8081
f 8112 8081 8111
f 8081 8080 8111
f 8111 8080 8079
f 8111 8079 8110
f 8079 8078 8110
f 8110 8078 8077
f 8110 8077 8109
f 8077 8076 8109
f 8109 8076 8075
f 8109 8075 8108
f 8075 8074 8108
f 8108 8074 8073
f 8108 8073 8107
f 8107 8073 8072
f 8107 8072 8106
f 8072 8071 8106
f 8106 8071 8070
f 8106 8070 8105
f 8070 8069 8105
f 8105 8069 8068
f 8105 8068 8104
f 8068 8067 8104
f 8104 8067 8066
f 8104 8066 8103
f 8066 8065 8103
f 8103 8065 8064
f 8103 8064 8102
f 8102 8064 8063
f 8102 8063 8101
f 8063 8062 8101
f 8101 8062 8061
f 8101 8061 8100
f 8061 8060 8100
f 8100 8060 8059
f 8100 8059 8099
f 8059 8058 8099
f 8099 8058 8057
f 8099 8057 8098
f 8098 8057 8056
f 8098 8056 8097
f 8056 8055 8097
f 8097 8055 8054
f 8097 8054 8096
f 8054 8053 8096
f 8096 8053 8052
f 8096 8052 8095
f 8052 8051 8095
f 8095 8051 8050
f 8095 8050 8094
f 8050 8049 8094
f 8094 8049 8048
f 8094 8048 8093
f 8093 8048 8047
f 8093 8047 8092
f 8047 8046 8092
f 8092 8046 8045
f 8092 8045 8091
f 8045 8044 8091
f 8091 8044 8043
f 8091 8043 8090
f 8043 8042 8090
f 8090 8042 8041
f 8090 8041 8089
f 8041 8040 8089
f 8089 8040 8039
f 8089 8039 8088
f 8088 8039 8038
f 8088 8038 8125
f 8125 8038 8037
f 8125 8037 8036
f 8126 8127 8128
f 8129 8130 8131
f 8132 8133 8134
f 8135 8136 8137
f 8137 8136 8138
f 8137 8138 8139
f 8139 8138 8140
f 8139 8140 8141
f 8141 8140 8142
f 8142 8140 8143
f 8142 8143 8144
f 8144 8143 8145
f 8144 8145 8146
f 8134 8133 8145
f 8145 8133 8147
f 8145 8147 8146
f 8132 8134 8148
f 8148 8134 8149
f 8148 8149 8150
f 8150 8149 8151
f 8150 8151 8152
f 8152 8151 8153
f 8152 8153 8154
f 8131 8130 8153
f 8153 8130 8155
f 8153 8155 8154
f 8129 8131 8156
f 8156 8131 8157
f 8156 8157 8158
f 8158 8157 8159
f 8158 8159 8160
f 8160 8159 8161
f 8160 8161 8162
f 8162 8161 8163
f 8162 8163 8164
f 8165 8166 8167
f 8167 8166 8168
f 8167 8168 8163
f 8163 8168 8169
f 8163 8169 8164
f 8170 8171 8172
f 8172 8171 8173
f 8172 8173 8174
f 8174 8173 8175
f 8174 8175 8165
f 8165 8175 8176
f 8165 8176 8166
f 8170 8172 8177
f 8177 8172 8178
f 8177 8178 8179
f 8179 8178 8180
f 8179 8180 8181
f 8181 8180 8182
f 8182 8180 8183
f 8182 8183 8184
f 8184 8183 8185
f 8184 8185 8186
f 8128 8127 8185
f 8185 8127 8187
f 8185 8187 8186
f 8126 8128 8188
f 8188 8128 8189
f 8188 8189 8190
f 8190 8189 8191
f 8190 8191 8192
f 8192 8191 8193
f 8192 8193 8194
f 8194 8193 8195
f 8194 8195 8196
f 8197 8198 8199
f 8199 8198 8200
f 8199 8200 8195
f 8195 8200 8201
f 8195 8201 8196
f 8202 8203 8204
f 8204 8203 8205
f 8204 8205 8206
f 8206 8205 8207
f 8206 8207 8197
f 8197 8207 8208
f 8197 8208 8198
f 8202 8204 8209
f 8209 8204 8210
f 8209 8210 8211
f 8211 8210 8212
f 8211 8212 8213
f 8213 8212 8214
f 8214 8212 8215
f 8214 8215 8216
f 8216 8215 8217
f 8216 8217 8218
f 8219 8220 8217
f 8217 8220 8221
f 8217 8221 8218
f 8135 8222 8136
f 8136 8222 8223
f 8136 8223 8224
f 8224 8223 8225
f 8224 8225 8226
f 8226 8225 8227
f 8226 8227 8228
f 8228 8227 8229
f 8228 8229 8219
f 8219 8229 8230
f 8219 8230 8220
f 8222 8231 8223
f 8223 8231 8232
f 8223 8232 8225
f 8225 8232 8233
f 8225 8233 8227
f 8227 8233 8234
f 8227 8234 8229
f 8229 8234 8235
f 8229 8235 8230
f 8230 8235 8236
f 8230 8236 8220
f 8220 8236 8237
f 8220 8237 8221
f 8221 8237 8238
f 8221 8238 8218
f 8218 8238 8239
f 8218 8239 8216
f 8216 8239 8240
f 8216 8240 8214
f 8214 8240 8241
f 8214 8241 8213
f 8213 8241 8242
f 8213 8242 8211
f 8211 8242 8243
f 8211 8243 8209
f 8209 8243 8244
f 8209 8244 8202
f 8202 8244 8245
f 8202 8245 8203
f 8203 8245 8246
f 8203 8246 8205
f 8205 8246 8247
f 8205 8247 8207
f 8207 8247 8248
f 8207 8248 8208
f 8208 8248 8249
f 8208 8249 8198
f 8198 8249 8250
f 8198 8250 8200
f 8200 8250 8251
f 8200 8251 8201
f 8201 8251 8252
f 8201 8252 8196
f 8196 8252 8253
f 8196 8253 8194
f 8194 8253 8254
f 8194 8254 8192
f 8192 8254 8255
f 8192 8255 8190
f 8190 8255 8256
f 8190 8256 8188
f 8188 8256 8257
f 8188 8257 8126
f 8126 8257 8258
f 8126 8258 8127
f 8127 8258 8259
f 8127 8259 8187
f 8187 8259 8260
f 8187 8260 8186
f 8186 8260 8261
f 8186 8261 8184
f 8184 8261 8262
f 8184 8262 8182
f 8182 8262 8263
f 8182 8263 8181
f 8181 8263 8264
f 8181 8264 8179
f 8179 8264 8265
f 8179 8265 8177
f 8177 8265 8266
f 8177 8266 8170
f 8170 8266 8267
f 8170 8267 8171
f 8171 8267 8268
f 8171 8268 8173
f 8173 8268 8269
f 8173 8269 8175
f 8175 8269 8270
f 8175 8270 8176
f 8176 8270 8271
f 8176 8271 8166
f 8166 8271 8272
f 8166 8272 8168
f 8168 8272 8273
f 8168 8273 8169
f 8169 8273 8274
f 8169 8274 8164
f 8164 8274 8275
f 8164 8275 8162
f 8162 8275 8276
f 8162 8276 8160
f 8160 8276 8277
f 8160 8277 8158
f 8158 8277 8278
f 8158 8278 8156
f 8156 8278 8279
f 8156 8279 8129
f 8129 8279 8280
f 8129 8280 8130
f 8130 8280 8281
f 8130 8281 8155
f 8155 8281 8282
f 8155 8282 8154
f 8154 8282 8283
f 8154 8283 8152
f 8152 8283 8284
f 8152 8284 8150
f 8150 8284 8285
f 8150 8285 8148
f 8148 8285 8286
f 8148 8286 8132
f 8132 8286 8287
f 8132 8287 8133
f 8133 8287 8288
f 8133 8288 8147
f 8147 8288 8289
f 8147 8289 8146
f 8146 8289 8290
f 8146 8290 8144
f 8144 8290 8291
f 8144 8291 8142
f 8142 8291 8292
f 8142 8292 8141
f 8141 8292 8293
f 8141 8293 8139
f 8139 8293 8294
f 8139 8294 8137
f 8137 8294 8295
f 8137 8295 8135
f 8135 8295 8296
f 8135 8296 8222
f 8222 8296 8231
f 8297 8226 8298
f 8298 8226 8228
f 8298 8228 8299
f 8299 8228 8219
f 8299 8219 8300
f 8300 8219 8217
f 8300 8217 8301
f 8301 8217 8215
f 8301 8215 8302
f 8302 8215 8212
f 8302 8212 8303
f 8303 8212 8210
f 8303 8210 8304
f 8304 8210 8204
f 8304 8204 8305
f 8305 8204 8206
f 8305 8206 8306
f 8306 8206 8197
f 8306 8197 8307
f 8307 8197 8199
f 8307 8199 8308
f 8308 8199 8195
f 8308 8195 8309
f 8309 8195 8193
f 8309 8193 8310
f 8310 8193 8191
f 8310 8191 8311
f 8311 8191 8189
f 8311 8189 8312
f 8312 8189 8128
f 8312 8128 8313
f 8313 8128 8185
f 8313 8185 8314
f 8314 8185 8183
f 8314 8183 8315
f 8315 8183 8180
f 8315 8180 8316
f 8316 8180 8178
f 8316 8178 8317
f 8317 8178 8172
f 8317 8172 8318
f 8318 8172 8174
f 8318 8174 8319
f 8319 8174 8165
f 8319 8165 8320
f 8320 8165 8167
f 8320 8167 8321
f 8321 8167 8163
f 8321 8163 8322
f 8322 8163 8161
f 8322 8161 8323
f 8323 8161 8159
f 8323 8159 8324
f 8324 8159 8157
f 8324 8157 8325
f 8325 8157 8131
f 8325 8131 8326
f 8326 8131 8153
f 8326 8153 8327
f 8327 8153 8151
f 8327 8151 8328
f 8328 8151 8149
f 8328 8149 8329
f 8329 8149 8134
f 8329 8134 8330
f 8330 8134 8145
f 8330 8145 8331
f 8331 8145 8143
f 8331 8143 8332
f 8332 8143 8140
f 8332 8140 8333
f 8333 8140 8138
f 8333 8138 8334
f 8334 8138 8136
f 8334 8136 8335
f 8335 8136 8224
f 8335 8224 8297
f 8297 8224 8226
f 8335 8296 8334
f 8334 8296 8295
f 8334 8295 8333
f 8295 8294 8333
f 8333 8294 8293
f 8333 8293 8332
f 8293 8292 8332
f 8332 8292 8291
f 8332 8291 8331
f 8291 8290 8331
f 8331 8290 8289
f 8331 8289 8330
f 8289 8288 8330
f 8330 8288 8287
f 8330 8287 8329
f 8329 8287 8286
f 8329 8286 8328
f 8286 8285 8328
f 8328 8285 8284
f 8328 8284 8327
f 8284 8283 8327
f 8327 8283 8282
f 8327 8282 8326
f 8282 8281 8326
f 8326 8281 8280
f 8326 8280 8325
f 8325 8280 8279
f 8325 8279 8324
f 8279 8278 8324
f 8324 8278 8277
f 8324 8277 8323
f 8323 8277 8276
f 8323 8276 8322
f 8276 8275 8322
f 8322 8275 8274
f 8322 8274 8321
f 8321 8274 8273
f 8321 8273 8320
f 8273 8272 8320
f 8320 8272 8271
f 8320 8271 8319
f 8271 8270 8319
f 8319 8270 8269
f 8319 8269 8318
f 8269 8268 8318
f 8318 8268 8267
f 8318 8267 8317
f 8317 8267 8266
f 8317 8266 8316
f 8266 8265 8316
f 8316 8265 8264
f 8316 8264 8315
f 8264 8263 8315
f 8315 8263 8262
f 8315 8262 8314
f 8262 8261 8314
f 8314 8261 8260
f 8314 8260 8313
f 8260 8259 8313
f 8313 8259 8258
f 8313 8258 8312
f 8312 8258 8257
f 8312 8257 8311
f 8257 8256 8311
f 8311 8256 8255
f 8311 8255 8310
f 8310 8255 8254
f 8310 8254 8309
f 8254 8253 8309
f 8309 8253 8252
f 8309 8252 8308
f 8308 8252 8251
f 8308 8251 8307
f 8251 8250 8307
f 8307 8250 8249
f 8307 8249 8306
f 8249 8248 8306
f 8306 8248 8247
f 8306 8247 8305
f 8247 8246 8305
f 8305 8246 8245
f 8305 8245 8304
f 8304 8245 8244
f 8304 8244 8303
f 8244 8243 8303
f 8303 8243 8242
f 8303 8242 8302
f 8242 8241 8302
f 8302 8241 8240
f 8302 8240 8301
f 8240 8239 8301
f 8301 8239 8238
f 8301 8238 8300
f 8238 8237 8300
f 8300 8237 8236
f 8300 8236 8299
f 8299 8236 8235
f 8299 8235 8298
f 8235 8234 8298
f 8298 8234 8233
f 8298 8233 8297
f 8297 8233 8232
f 8297 8232 8335
f 8335 8232 8231
f 8335 8231 8296
f 8336 8337 8338
f 8339 8340 8341
f 8342 8343 8344
f 8344 8343 8345
f 8344 8345 8346
f 8346 8345 8347
f 8348 8349 8350
f 8350 8349 8351
f 8350 8351 8352
f 8352 8351 8353
f 8352 8353 8347
f 8347 8353 8354
f 8347 8354 8346
f 8348 8350 8355
f 8355 8350 8356
f 8355 8356 8357
f 8357 8356 8358
f 8357 8358 8359
f 8359 8358 8360
f 8360 8358 8361
f 8360 8361 8362
f 8362 8361 8363
f 8362 8363 8364
f 8341 8340 8363
f 8363 8340 8365
f 8363 8365 8364
f 8339 8341 8366
f 8366 8341 8367
f 8366 8367 8368
f 8368 8367 8369
f 8368 8369 8370
f 8370 8369 8371
f 8370 8371 8372
f 8372 8371 8373
f 8372 8373 8374
f 8375 8376 8377
f 8377 8376 8378
f 8377 8378 8373
f 8373 8378 8379
f 8373 8379 8374
f 8380 8381 8382
f 8382 8381 8383
f 8382 8383 8384
f 8384 8383 8385
f 8384 8385 8375
f 8375 8385 8386
f 8375 8386 8376
f 8380 8382 8387
f 8387 8382 8388
f 8387 8388 8389
f 8389 8388 8390
f 8389 8390 8391
f 8391 8390 8392
f 8392 8390 8393
f 8392 8393 8394
f 8394 8393 8395
f 8394 8395 8396
f 8397 8398 8395
f 8395 8398 8399
f 8395 8399 8396
f 8400 8401 8402
f 8402 8401 8403
f 8402 8403 8404
f 8404 8403 8405
f 8404 8405 8406
f 8406 8405 8407
f 8406 8407 8408
f 8408 8407 8409
f 8408 8409 8397
f 8397 8409 8410
f 8397 8410 8398
f 8400 8402 8411
f 8411 8402 8412
f 8411 8412 8413
f 8413 8412 8414
f 8413 8414 8415
f 8415 8414 8416
f 8416 8414 8417
f 8416 8417 8418
f 8418 8417 8419
f 8418 8419 8420
f 8338 8337 8419
f 8419 8337 8421
f 8419 8421 8420
f 8336 8338 8422
f 8422 8338 8423
f 8422 8423 8424
f 8424 8423 8425
f 8424 8425 8426
f 8426 8425 8427
f 8426 8427 8428
f 8429 8430 8427
f 8427 8430 8431
f 8427 8431 8428
f 8342 8432 8343
f 8343 8432 8433
f 8343 8433 8434
f 8434 8433 8435
f 8434 8435 8436
f 8436 8435 8437
f 8436 8437 8438
f 8438 8437 8439
f 8438 8439 8429
f 8429 8439 8440
f 8429 8440 8430
f 8432 8441 8433
f 8433 8441 8442
f 8433 8442 8435
f 8435 8442 8443
f 8435 8443 8437
f 8437 8443 8444
f 8437 8444 8439
f 8439 8444 8445
f 8439 8445 8440
f 8440 8445 8446
f 8440 8446 8430
f 8430 8446 8447
f 8430 8447 8431
f 8431 8447 8448
f 8431 8448 8428
f 8428 8448 8449
f 8428 8449 8426
f 8426 8449 8450
f 8426 8450 8424
f 8424 8450 8451
f 8424 8451 8422
f 8422 8451 8452
f 8422 8452 8336
f 8336 8452 8453
f 8336 8453 8337
f 8337 8453 8454
f 8337 8454 8421
f 8421 8454 8455
f 8421 8455 8420
f 8420 8455 8456
f 8420 8456 8418
f 8418 8456 8457
f 8418 8457 8416
f 8416 8457 8458
f 8416 8458 8415
f 8415 8458 8459
f 8415 8459 8413
f 8413 8459 8460
f 8413 8460 8411
f 8411 8460 8461
f 8411 8461 8400
f 8400 8461 8462
f 8400 8462 8401
f 8401 8462 8463
f 8401 8463 8403
f 8403 8463 8464
f 8403 8464 8405
f 8405 8464 8465
f 8405 8465 8407
f 8407 8465 8466
f 8407 8466 8409
f 8409 8466 8467
f 8409 8467 8410
f 8410 8467 8468
f 8410 8468 8398
f 8398 8468 8469
f 8398 8469 8399
f 8399 8469 8470
f 8399 8470 8396
f 8396 8470 8471
f 8396 8471 8394
f 8394 8471 8472
f 8394 8472 8392
f 8392 8472 8473
f 8392 8473 8391
f 8391 8473 8474
f 8391 8474 8389
f 8389 8474 8475
f 8389 8475 8387
f 8387 8475 8476
f 8387 8476 8380
f 8380 8476 8477
f 8380 8477 8381
f 8381 8477 8478
f 8381 8478 8383
f 8383 8478 8479
f 8383 8479 8385
f 8385 8479 8480
f 8385 8480 8386
f 8386 8480 8481
f 8386 8481 8376
f 8376 8481 8482
f 8376 8482 8378
f 8378 8482 8483
f 8378 8483 8379
f 8379 8483 8484
f 8379 8484 8374
f 8374 8484 8485
f 8374 8485 8372
f 8372 8485 8486
f 8372 8486 8370
f 8370 8486 8487
f 8370 8487 8368
f 8368 8487 8488
f 8368 8488 8366
f 8366 8488 8489
f 8366 8489 8339
f 8339 8489 8490
f 8339 8490 8340
f 8340 8490 8491
f 8340 8491 8365
f 8365 8491 8492
f 8365 8492 8364
f 8364 8492 8493
f 8364 8493 8362
f 8362 8493 8494
f 8362 8494 8360
f 8360 8494 8495
f 8360 8495 8359
f 8359 8495 8496
f 8359 8496 8357
f 8357 8496 8497
f 8357 8497 8355
f 8355 8497 8498
f 8355 8498 8348
f 8348 8498 8499
f 8348 8499 8349
f 8349 8499 8500
f 8349 8500 8351
f 8351 8500 8501
f 8351 8501 8353
f 8353 8501 8502
f 8353 8502 8354
f 8354 8502 8503
f 8354 8503 8346
f 8346 8503 8504
f 8346 8504 8344
f 8344 8504 8505
f 8344 8505 8342
f 8342 8505 8506
f 8342 8506 8432
f 8432 8506 8441
f 8507 8436 8508
f 8508 8436 8438
f 8508 8438 8509
f 8509 8438 8429
f 8509 8429 8510
f 8510 8429 8427
f 8510 8427 8511
f 8511 8427 8425
f 8511 8425 8512
f 8512 8425 8423
f 8512 8423 8513
f 8513 8423 8338
f 8513 8338 8514
f 8514 8338 8419
f 8514 8419 8515
f 8515 8419 8417
f 8515 8417 8516
f 8516 8417 8414
f 8516 8414 8517
f 8517 8414 8412
f 8517 8412 8518
f 8518 8412 8402
f 8518 8402 8519
f 8519 8402 8404
f 8519 8404 8520
f 8520 8404 8406
f 8520 8406 8521
f 8521 8406 8408
f 8521 8408 8522
f 8522 8408 8397
f 8522 8397 8523
f 8523 8397 8395
f 8523 8395 8524
f 8524 8395 8393
f 8524 8393 8525
f 8525 8393 8390
f 8525 8390 8526
f 8526 8390 8388
f 8526 8388 8527
f 8527 8388 8382
f 8527 8382 8528
f 8528 8382 8384
f 8528 8384 8529
f 8529 8384 8375
f 8529 8375 8530
f 8530 8375 8377
f 8530 8377 8531
f 8531 8377 8373
f 8531 8373 8532
f 8532 8373 8371
f 8532 8371 8533
f 8533 8371 8369
f 8533 8369 8534
f 8534 8369 8367
f 8534 8367 8535
f 8535 8367 8341
f 8535 8341 8536
f 8536 8341 8363
f 8536 8363 8537
f 8537 8363 8361
f 8537 8361 8538
f 8538 8361 8358
f 8538 8358 8539
f 8539 8358 8356
f 8539 8356 8540
f 8540 8356 8350
f 8540 8350 8541
f 8541 8350 8352
f 8541 8352 8542
f 8542 8352 8347
f 8542 8347 8543
f 8543 8347 8345
f 8543 8345 8544
f 8544 8345 8343
f 8544 8343 8545
f 8545 8343 8434
f 8545 8434 8507
f 8507 8434 8436
f 8545 8506 8544
f 8544 8506 8505
f 8544 8505 8543
f 8505 8504 8543
f 8543 8504 8503
f 8543 8503 8542
f 8503 8502 8542
f 8542 8502 8501
f 8542 8501 8541
f 8501 8500 8541
f 8541 8500 8499
f 8541 8499 8540
f 8540 8499 8498
f 8540 8498 8539
f 8498 8497 8539
f 8539 8497 8496
f 8539 8496 8538
f 8496 8495 8538
f 8538 8495 8494
f 8538 8494 8537
f 8494 8493 8537
f 8537 8493 8492
f 8537 8492 8536
f 8492 8491 8536
f 8536 8491 8490
f 8536 8490 8535
f 8535 8490 8489
f 8535 8489 8534
f 8489 8488 8534
f 8534 8488 8487
f 8534 8487 8533
f 8533 8487 8486
f 8533 8486 8532
f 8486 8485 8532
f 8532 8485 8484
f 8532 8484 8531
f 8531 8484 8483
f 8531 8483 8530
f 8483 8482 8530
f 8530 8482 8481
f 8530 8481 8529
f 8481 8480 8529
f 8529 8480 8479
f 8529 8479 8528
f 8479 8478 8528
f 8528 8478 8477
f 8528 8477 8527
f 8527 8477 8476
f 8527 8476 8526
f 8476 8475 8526
f 8526 8475 8474
f 8526 8474 8525
f 8474 8473 8525
f 8525 8473 8472
f 8525 8472 8524
f 8472 8471 8524
f 8524 8471 8470
f 8524 8470 8523
f 8470 8469 8523
f 8523 8469 8468
f 8523 8468 8522
f 8522 8468 8467
f 8522 8467 8521
f 8467 8466 8521
f 8521 8466 8465
f 8521 8465 8520
f 8520 8465 8464
f 8520 8464 8519
f 8464 8463 8519
f 8519 8463 8462
f 8519 8462 8518
f 8518 8462 8461
f 8518 8461 8517
f 8461 8460 8517
f 8517 8460 8459
f 8517 8459 8516
f 8459 8458 8516
f 8516 8458 8457
f 8516 8457 8515
f 8457 8456 8515
f 8515 8456 8455
f 8515 8455 8514
f 8455 8454 8514
f 8514 8454 8453
f 8514 8453 8513
f 8513 8453 8452
f 8513 8452 8512
f 8452 8451 8512
f 8512 8451 8450
f 8512 8450 8511
f 8450 8449 8511
f 8511 8449 8448
f 8511 8448 8510
f 8448 8447 8510
f 8510 8447 8446
f 8510 8446 8509
f 8509 8446 8445
f 8509 8445 8508
f 8445 8444 8508
f 8508 8444 8443
f 8508 8443 8507
f 8507 8443 8442
f 8507 8442 8545
f 8545 8442 8441
f 8545 8441 8506
f 8546 8547 8548
f 8549 8550 8551
f 8547 8552 8548
f 8548 8552 8553
f 8548 8553 8554
f 8546 8548 8550
f 8550 8548 8555
f 8550 8555 8551
f 8556 8557 8558
f 8559 8560 8554
f 8554 8560 8561
f 8556 8558 8554
f 8554 8558 8562
f 8554 8562 8559
f 8561 8563 8554
f 8554 8563 8564
f 8554 8564 8548
f 8549 8551 8565
f 8565 8551 8566
f 8565 8566 8567
f 8567 8566 8568
f 8567 8568 8569
f 8570 8571 8572
f 8573 8574 8575
f 8575 8574 8576
f 8575 8576 8577
f 8577 8576 8572
f 8572 8576 8578
f 8572 8578 8570
f 8571 8579 8580
f 8580 8581 8571
f 8571 8581 8582
f 8571 8582 8583
f 8583 8584 8571
f 8571 8584 8585
f 8571 8585 8572
f 8586 8575 8587
f 8587 8575 8588
f 8586 8589 8575
f 8575 8589 8590
f 8575 8590 8591
f 8591 8592 8575
f 8575 8592 8593
f 8575 8593 8573
f 8553 8552 8594
f 8552 8547 8594
f 8594 8547 8546
f 8594 8546 8595
f 8595 8546 8550
f 8595 8550 8596
f 8596 8550 8549
f 8596 8549 8597
f 8597 8549 8565
f 8597 8565 8598
f 8598 8565 8567
f 8598 8567 8599
f 8599 8567 8569
f 8599 8569 8600
f 8600 8569 8568
f 8600 8568 8601
f 8601 8568 8566
f 8601 8566 8602
f 8602 8566 8551
f 8602 8551 8603
f 8603 8551 8555
f 8603 8555 8604
f 8604 8555 8548
f 8604 8548 8605
f 8605 8548 8564
f 8605 8564 8606
f 8606 8564 8563
f 8606 8563 8607
f 8607 8563 8561
f 8607 8561 8608
f 8608 8561 8560
f 8608 8560 8609
f 8609 8560 8559
f 8609 8559 8610
f 8610 8559 8562
f 8610 8562 8611
f 8611 8562 8558
f 8611 8558 8612
f 8612 8558 8557
f 8612 8557 8613
f 8613 8557 8556
f 8613 8556 8614
f 8614 8556 8554
f 8614 8554 8615
f 8615 8554 8553
f 8615 8553 8616
f 8616 8553 8594
f 8617 8578 8576
f 8617 8618 8578
f 8578 8618 8619
f 8578 8619 8570
f 8619 8620 8570
f 8570 8620 8621
f 8570 8621 8571
f 8621 8622 8571
f 8571 8622 8623
f 8571 8623 8579
f 8623 8624 8579
f 8579 8624 8625
f 8579 8625 8580
f 8625 8626 8580
f 8580 8626 8627
f 8580 8627 8581
f 8627 8628 8581
f 8581 8628 8629
f 8581 8629 8582
f 8629 8630 8582
f 8582 8630 8631
f 8582 8631 8583
f 8631 8632 8583
f 8583 8632 8633
f 8583 8633 8584
f 8633 8634 8584
f 8584 8634 8635
f 8584 8635 8585
f 8635 8636 8585
f 8585 8636 8637
f 8585 8637 8572
f 8572 8637 8638
f 8572 8638 8577
f 8577 8638 8639
f 8577 8639 8575
f 8639 8640 8575
f 8575 8640 8641
f 8575 8641 8588
f 8641 8642 8588
f 8588 8642 8643
f 8588 8643 8587
f 8643 8644 8587
f 8587 8644 8645
f 8587 8645 8586
f 8645 8646 8586
f 8586 8646 8647
f 8586 8647 8589
f 8647 8648 8589
f 8589 8648 8649
f 8589 8649 8590
f 8649 8650 8590
f 8590 8650 8651
f 8590 8651 8591
f 8651 8652 8591
f 8591 8652 8653
f 8591 8653 8592
f 8653 8654 8592
f 8592 8654 8655
f 8592 8655 8593
f 8655 8656 8593
f 8593 8656 8657
f 8593 8657 8573
f 8657 8658 8573
f 8573 8658 8659
f 8573 8659 8574
f 8659 8660 8574
f 8574 8660 8661
f 8574 8661 8576
f 8576 8661 8662
f 8576 8662 8617
f 8638 8604 8605
f 8638 8637 8604
f 8604 8637 8636
f 8604 8636 8603
f 8636 8635 8603
f 8603 8635 8634
f 8603 8634 8602
f 8634 8633 8602
f 8602 8633 8632
f 8602 8632 8601
f 8632 8631 8601
f 8601 8631 8630
f 8601 8630 8600
f 8630 8629 8600
f 8600 8629 8628
f 8600 8628 8599
f 8628 8627 8599
f 8599 8627 8626
f 8599 8626 8598
f 8626 8625 8598
f 8598 8625 8624
f 8598 8624 8597
f 8624 8623 8597
f 8597 8623 8622
f 8597 8622 8596
f 8622 8621 8596
f 8596 8621 8620
f 8596 8620 8595
f 8620 8619 8595
f 8595 8619 8618
f 8595 8618 8594
f 8618 8617 8594
f 8594 8617 8662
f 8594 8662 8616
f 8662 8661 8616
f 8616 8661 8660
f 8616 8660 8615
f 8660 8659 8615
f 8615 8659 8658
f 8615 8658 8614
f 8658 8657 8614
f 8614 8657 8656
f 8614 8656 8613
f 8656 8655 8613
f 8613 8655 8654
f 8613 8654 8612
f 8654 8653 8612
f 8612 8653 8652
f 8612 8652 8611
f 8652 8651 8611
f 8611 8651 8650
f 8611 8650 8610
f 8650 8649 8610
f 8610 8649 8648
f 8610 8648 8609
f 8648 8647 8609
f 8609 8647 8646
f 8609 8646 8608
f 8646 8645 8608
f 8608 8645 8644
f 8608 8644 8607
f 8644 8643 8607
f 8607 8643 8642
f 8607 8642 8606
f 8642 8641 8606
f 8606 8641 8640
f 8606 8640 8605
f 8605 8640 8639
f 8605 8639 8638
f 8663 8664 8665
f 8666 8667 8664
f 8664 8667 8668
f 8664 8668 8665
f 8669 8670 8671
f 8672 8673 8674
f 8666 8675 8667
f 8667 8675 8671
f 8667 8671 8676
f 8676 8671 8670
f 8665 8677 8663
f 8663 8677 8678
f 8663 8678 8679
f 8679 8680 8663
f 8663 8680 8681
f 8663 8681 8682
f 8682 8683 8663
f 8663 8683 8684
f 8663 8684 8685
f 8672 8674 8671
f 8671 8674 8686
f 8671 8686 8669
f 8687 8688 8689
f 8689 8690 8687
f 8687 8690 8691
f 8687 8691 8692
f 8688 8693 8689
f 8689 8693 8694
f 8689 8694 8695
f 8696 8689 8697
f 8697 8689 8698
f 8695 8699 8689
f 8689 8699 8700
f 8689 8700 8698
f 8696 8701 8689
f 8689 8701 8702
f 8689 8702 8703
f 8704 8705 8692
f 8692 8705 8706
f 8692 8706 8687
f 8707 8708 8709
f 8709 8708 8705
f 8709 8705 8710
f 8710 8705 8704
f 8665 8668 8711
f 8711 8668 8667
f 8711 8667 8712
f 8712 8667 8676
f 8712 8676 8713
f 8713 8676 8670
f 8713 8670 8714
f 8714 8670 8669
f 8714 8669 8715
f 8715 8669 8686
f 8715 8686 8716
f 8716 8686 8674
f 8716 8674 8717
f 8717 8674 8673
f 8717 8673 8718
f 8718 8673 8672
f 8718 8672 8719
f 8719 8672 8671
f 8719 8671 8720
f 8720 8671 8675
f 8720 8675 8721
f 8721 8675 8666
f 8721 8666 8722
f 8722 8666 8664
f 8722 8664 8723
f 8723 8664 8663
f 8723 8663 8724
f 8724 8663 8685
f 8724 8685 8725
f 8725 8685 8684
f 8725 8684 8726
f 8726 8684 8683
f 8726 8683 8727
f 8727 8683 8682
f 8727 8682 8728
f 8728 8682 8681
f 8728 8681 8729
f 8729 8681 8680
f 8729 8680 8730
f 8730 8680 8679
f 8730 8679 8731
f 8731 8679 8678
f 8731 8678 8732
f 8732 8678 8677
f 8732 8677 8733
f 8733 8677 8665
f 8733 8665 8734
f 8734 8665 8711
f 8735 8690 8736
f 8736 8690 8689
f 8735 8737 8690
f 8690 8737 8738
f 8690 8738 8691
f 8738 8739 8691
f 8691 8739 8740
f 8691 8740 8692
f 8740 8741 8692
f 8692 8741 8742
f 8692 8742 8704
f 8742 8743 8704
f 8704 8743 8744
f 8704 8744 8710
f 8744 8745 8710
f 8710 8745 8746
f 8710 8746 8709
f 8746 8747 8709
f 8709 8747 8748
f 8709 8748 8707
f 8748 8749 8707
f 8707 8749 8750
f 8707 8750 8708
f 8750 8751 8708
f 8708 8751 8752
f 8708 8752 8705
f 8752 8753 8705
f 8705 8753 8754
f 8705 8754 8706
f 8754 8755 8706
f 8706 8755 8756
f 8706 8756 8687
f 8687 8756 8757
f 8687 8757 8688
f 8688 8757 8758
f 8688 8758 8693
f 8758 8759 8693
f 8693 8759 8760
f 8693 8760 8694
f 8760 8761 8694
f 8694 8761 8762
f 8694 8762 8695
f 8762 8763 8695
f 8695 8763 8764
f 8695 8764 8699
f 8764 8765 8699
f 8699 8765 8766
f 8699 8766 8700
f 8766 8767 8700
f 8700 8767 8768
f 8700 8768 8698
f 8768 8769 8698
f 8698 8769 8770
f 8698 8770 8697
f 8770 8771 8697
f 8697 8771 8772
f 8697 8772 8696
f 8772 8773 8696
f 8696 8773 8774
f 8696 8774 8701
f 8774 8775 8701
f 8701 8775 8776
f 8701 8776 8702
f 8776 8777 8702
f 8702 8777 8778
f 8702 8778 8703
f 8778 8779 8703
f 8703 8779 8780
f 8703 8780 8689
f 8689 8780 8781
f 8689 8781 8736
f 8722 8723 8757
f 8757 8756 8722
f 8722 8756 8755
f 8722 8755 8721
f 8755 8754 8721
f 8721 8754 8753
f 8721 8753 8720
f 8753 8752 8720
f 8720 8752 8751
f 8720 8751 8719
f 8751 8750 8719
f 8719 8750 8749
f 8719 8749 8718
f 8749 8748 8718
f 8718 8748 8747
f 8718 8747 8717
f 8747 8746 8717
f 8717 8746 8745
f 8717 8745 8716
f 8745 8744 8716
f 8716 8744 8743
f 8716 8743 8715
f 8743 8742 8715
f 8715 8742 8741
f 8715 8741 8714
f 8711 8712 8735
f 8741 8740 8714
f 8714 8740 8739
f 8714 8739 8713
f 8713 8739 8738
f 8713 8738 8712
f 8712 8738 8737
f 8712 8737 8735
f 8735 8736 8711
f 8711 8736 8781
f 8711 8781 8734
f 8781 8780 8734
f 8734 8780 8779
f 8734 8779 8733
f 8779 8778 8733
f 8733 8778 8777
f 8733 8777 8732
f 8777 8776 8732
f 8732 8776 8775
f 8732 8775 8731
f 8775 8774 8731
f 8731 8774 8773
f 8731 8773 8730
f 8773 8772 8730
f 8730 8772 8771
f 8730 8771 8729
f 8771 8770 8729
f 8729 8770 8769
f 8729 8769 8728
f 8769 8768 8728
f 8728 8768 8767
f 8728 8767 8727
f 8767 8766 8727
f 8727 8766 8765
f 8727 8765 8726
f 8765 8764 8726
f 8726 8764 8763
f 8726 8763 8725
f 8763 8762 8725
f 8725 8762 8761
f 8725 8761 8724
f 8761 8760 8724
f 8724 8760 8759
f 8724 8759 8723
f 8723 8759 8758
f 8723 8758 8757
f 8782 8783 8784
f 8784 8783 8785
f 8783 8786 8785
f 8785 8786 8787
f 8785 8787 8788
f 8788 8787 8789
f 8788 8789 8790
f 8790 8789 8791
f 8790 8791 8792
f 8792 8791 8793
f 8792 8793 8794
f 8794 8793 8795
f 8794 8795 8796
f 8796 8795 8797
f 8796 8797 8798
f 8798 8797 8799
f 8798 8799 8800
f 8800 8799 8801
f 8800 8801 8802
f 8802 8801 8803
f 8802 8803 8804
f 8804 8803 8805
f 8804 8805 8806
f 8806 8805 8807
f 8806 8807 8808
f 8808 8807 8809
f 8808 8809 8810
f 8810 8809 8811
f 8810 8811 8812
f 8812 8811 8813
f 8812 8813 8814
f 8814 8813 8815
f 8814 8815 8816
f 8816 8815 8817
f 8816 8817 8818
f 8818 8817 8819
f 8818 8819 8820
f 8820 8819 8821
f 8820 8821 8822
f 8822 8821 8823
f 8822 8823 8824
f 8824 8823 8825
f 8824 8825 8826
f 8826 8825 8827
f 8826 8827 8828
f 8828 8827 8829
f 8828 8829 8830
f 8830 8829 8831
f 8830 8831 8832
f 8832 8831 8833
f 8832 8833 8834
f 8834 8833 8835
f 8834 8835 8836
f 8836 8835 8782
f 8836 8782 8837
f 8837 8782 8784
f 8786 8783 8811
f 8786 8811 8787
f 8807 8805 8797
f 8807 8797 8809
f 8805 8803 8797
f 8797 8803 8801
f 8797 8801 8799
f 8809 8797 8811
f 8811 8797 8795
f 8811 8795 8793
f 8793 8791 8811
f 8811 8791 8789
f 8811 8789 8787
f 8783 8782 8811
f 8811 8782 8835
f 8811 8835 8813
f 8813 8835 8833
f 8829 8819 8817
f 8829 8827 8819
f 8819 8827 8825
f 8819 8825 8821
f 8821 8825 8823
f 8833 8831 8813
f 8813 8831 8829
f 8813 8829 8815
f 8815 8829 8817
f 8838 8839 8840
f 8841 8842 8839
f 8843 8844 8845
f 8846 8847 8848
f 8849 8850 8851
f 8852 8853 8854
f 8854 8853 8855
f 8854 8855 8856
f 8856 8855 8857
f 8856 8857 8858
f 8859 8850 8860
f 8860 8850 8849
f 8860 8849 8861
f 8861 8849 8862
f 8861 8862 8863
f 8863 8862 8858
f 8863 8858 8864
f 8864 8858 8857
f 8865 8866 8852
f 8866 8867 8852
f 8852 8867 8868
f 8852 8868 8853
f 8869 8870 8871
f 8871 8870 8846
f 8869 8871 8872
f 8872 8871 8851
f 8872 8851 8873
f 8873 8851 8850
f 8873 8850 8874
f 8870 8875 8846
f 8846 8875 8876
f 8846 8876 8847
f 8847 8876 8877
f 8847 8877 8878
f 8878 8879 8847
f 8847 8879 8880
f 8847 8880 8881
f 8881 8880 8882
f 8882 8883 8881
f 8881 8883 8884
f 8881 8884 8850
f 8850 8884 8885
f 8850 8885 8874
f 8886 8887 8888
f 8888 8887 8889
f 8888 8889 8890
f 8890 8889 8848
f 8890 8848 8891
f 8891 8848 8847
f 8843 8892 8844
f 8844 8892 8893
f 8844 8893 8894
f 8895 8896 8897
f 8897 8898 8895
f 8895 8898 8887
f 8895 8887 8899
f 8899 8887 8886
f 8900 8901 8902
f 8902 8901 8903
f 8902 8903 8904
f 8904 8903 8905
f 8904 8905 8906
f 8907 8908 8909
f 8909 8908 8910
f 8909 8910 8911
f 8911 8910 8912
f 8911 8912 8913
f 8914 8915 8916
f 8917 8918 8901
f 8919 8920 8921
f 8921 8920 8922
f 8921 8922 8923
f 8923 8922 8924
f 8923 8924 8925
f 8925 8924 8914
f 8925 8914 8926
f 8926 8914 8916
f 8918 8927 8901
f 8901 8927 8928
f 8901 8928 8903
f 8903 8928 8929
f 8903 8929 8915
f 8915 8929 8930
f 8915 8930 8916
f 8931 8932 8933
f 8933 8932 8934
f 8933 8934 8935
f 8935 8934 8936
f 8936 8934 8937
f 8936 8937 8938
f 8938 8937 8939
f 8938 8939 8940
f 8941 8942 8920
f 8920 8942 8943
f 8920 8943 8922
f 8922 8943 8944
f 8922 8944 8945
f 8945 8944 8946
f 8945 8946 8939
f 8939 8946 8947
f 8939 8947 8940
f 8948 8949 8950
f 8951 8952 8932
f 8932 8952 8953
f 8932 8953 8934
f 8934 8953 8954
f 8934 8954 8955
f 8956 8957 8958
f 8958 8957 8959
f 8957 8960 8959
f 8959 8960 8961
f 8959 8961 8962
f 8962 8961 8963
f 8964 8965 8966
f 8965 8967 8966
f 8966 8967 8968
f 8966 8968 8969
f 8958 8970 8956
f 8956 8970 8971
f 8956 8971 8972
f 8972 8971 8973
f 8972 8973 8974
f 8968 8975 8969
f 8969 8975 8976
f 8969 8976 8977
f 8977 8976 8972
f 8977 8972 8978
f 8978 8972 8974
f 8978 8979 8977
f 8977 8979 8980
f 8977 8980 8981
f 8981 8980 8982
f 8841 8839 8983
f 8983 8839 8984
f 8984 8839 8838
f 8984 8838 8985
f 8986 8966 8987
f 8987 8966 8988
f 8986 8989 8966
f 8966 8989 8962
f 8966 8962 8964
f 8964 8962 8963
f 8990 8991 8838
f 8838 8991 8992
f 8838 8992 8985
f 8989 8993 8962
f 8962 8993 8994
f 8962 8994 8990
f 8990 8994 8995
f 8990 8995 8991
f 8996 8997 8840
f 8840 8997 8998
f 8840 8998 8999
f 8998 9000 8999
f 8999 9000 9001
f 8999 9001 9002
f 9002 9001 9003
f 9002 9003 9004
f 9004 9003 9005
f 9004 9005 9006
f 9005 9007 9006
f 9006 9007 9008
f 9006 9008 9009
f 9009 9008 9010
f 9009 9010 9011
f 9012 8996 9013
f 9014 9015 9016
f 9017 9018 9006
f 9006 9018 9019
f 9006 9019 9004
f 9020 9014 9021
f 9021 9014 9016
f 9021 9016 9022
f 9022 9016 9023
f 9016 9024 9025
f 9025 9026 9016
f 9016 9026 9027
f 9016 9027 9023
f 9028 8852 9029
f 9029 8852 8854
f 9029 8854 9030
f 9030 8854 8856
f 9024 9016 9031
f 9031 9016 9032
f 9031 9032 9033
f 8910 8845 8912
f 8912 8845 8844
f 8912 8844 8895
f 8895 8844 8894
f 8895 8894 8896
f 8895 9034 8912
f 8912 9034 9035
f 8912 9035 8881
f 8881 9035 9036
f 9036 9037 8881
f 8881 9037 9038
f 8881 9038 8847
f 8847 9038 9039
f 8847 9039 8891
f 8996 8840 9013
f 9013 8840 8839
f 9013 8839 9040
f 9040 8839 8842
f 9040 8842 8784
f 8977 8949 8969
f 8969 8949 8948
f 8969 8948 8966
f 8966 8948 9040
f 8966 9040 8988
f 8988 9040 8784
f 9011 9012 9009
f 9009 9012 9013
f 9009 9013 9041
f 9041 9013 9040
f 9041 9040 8932
f 8932 9040 8948
f 8932 8948 8951
f 8951 8948 8950
f 8951 8950 9042
f 8919 8917 8920
f 8920 8917 8901
f 8920 8901 9043
f 9043 8901 9044
f 9043 9044 9032
f 9032 9044 8852
f 9032 8852 9033
f 9033 8852 9028
f 8900 8913 8901
f 8901 8913 8912
f 8901 8912 9044
f 9044 8912 8881
f 9044 8881 8852
f 8852 8881 8850
f 8852 8850 8865
f 8865 8850 8859
f 8931 8941 8932
f 8932 8941 8920
f 8932 8920 9041
f 9041 8920 9043
f 9041 9043 9009
f 9009 9043 9032
f 9009 9032 9006
f 9006 9032 9016
f 9006 9016 9017
f 9017 9016 9015
f 8860 9045 8859
f 8859 9045 9046
f 8859 9046 8865
f 8865 9046 9047
f 8865 9047 8866
f 8866 9047 9048
f 8866 9048 8867
f 8867 9048 9049
f 8867 9049 8868
f 8868 9049 9050
f 8868 9050 8853
f 8853 9050 9051
f 8853 9051 8855
f 8855 9051 9052
f 8855 9052 8857
f 8857 9052 9053
f 8857 9053 8864
f 8864 9053 9054
f 8864 9054 8863
f 8863 9054 9055
f 8863 9055 8861
f 8861 9055 9056
f 8861 9056 8860
f 8860 9056 9045
f 8888 9057 8886
f 8886 9057 9058
f 8886 9058 8899
f 8899 9058 9059
f 8899 9059 8895
f 8895 9059 9060
f 8895 9060 9034
f 9034 9060 9061
f 9034 9061 9035
f 9035 9061 9062
f 9035 9062 9036
f 9036 9062 9063
f 9036 9063 9037
f 9037 9063 9064
f 9037 9064 9038
f 9038 9064 9065
f 9038 9065 9039
f 9039 9065 9066
f 9039 9066 8891
f 8891 9066 9067
f 8891 9067 8890
f 8890 9067 9068
f 8890 9068 8888
f 8888 9068 9057
f 8968 9069 8975
f 8975 9069 9070
f 8975 9070 8976
f 8976 9070 9071
f 8976 9071 8972
f 8972 9071 9072
f 8972 9072 8956
f 8956 9072 9073
f 8956 9073 8957
f 8957 9073 9074
f 8957 9074 8960
f 8960 9074 9075
f 8960 9075 8961
f 8961 9075 9076
f 8961 9076 8963
f 8963 9076 9077
f 8963 9077 8964
f 8964 9077 9078
f 8964 9078 8965
f 8965 9078 9079
f 8965 9079 8967
f 8967 9079 9080
f 8967 9080 8968
f 8968 9080 9069
f 9008 9081 9010
f 9010 9081 9082
f 9010 9082 9011
f 9011 9082 9083
f 9011 9083 9012
f 9012 9083 9084
f 9012 9084 8996
f 8996 9084 9085
f 8996 9085 8997
f 8997 9085 9086
f 8997 9086 8998
f 8998 9086 9087
f 8998 9087 9000
f 9000 9087 9088
f 9000 9088 9001
f 9001 9088 9089
f 9001 9089 9003
f 9003 9089 9090
f 9003 9090 9005
f 9005 9090 9091
f 9005 9091 9007
f 9007 9091 9092
f 9007 9092 9008
f 9008 9092 9081
f 8926 9093 8925
f 8925 9093 9094
f 8925 9094 8923
f 8923 9094 9095
f 8923 9095 8921
f 8921 9095 9096
f 8921 9096 8919
f 8919 9096 9097
f 8919 9097 8917
f 8917 9097 9098
f 8917 9098 8918
f 8918 9098 9099
f 8918 9099 8927
f 8927 9099 9100
f 8927 9100 8928
f 8928 9100 9101
f 8928 9101 8929
f 8929 9101 9102
f 8929 9102 8930
f 8930 9102 9103
f 8930 9103 8916
f 8916 9103 9104
f 8916 9104 8926
f 8926 9104 9093
f 8940 9105 8938
f 8938 9105 9106
f 8938 9106 8936
f 8936 9106 9107
f 8936 9107 8935
f 8935 9107 9108
f 8935 9108 8933
f 8933 9108 9109
f 8933 9109 8931
f 8931 9109 9110
f 8931 9110 8941
f 8941 9110 9111
f 8941 9111 8942
f 8942 9111 9112
f 8942 9112 8943
f 8943 9112 9113
f 8943 9113 8944
f 8944 9113 9114
f 8944 9114 8946
f 8946 9114 9115
f 8946 9115 8947
f 8947 9115 9116
f 8947 9116 8940
f 8940 9116 9105
f 9117 8970 8958
f 9118 9020 9021
f 9119 8892 8843
f 9120 8906 8905
f 9121 9122 9123
f 9123 9122 9124
f 9123 9124 9125
f 9125 9124 9126
f 9125 9126 8950
f 8950 9126 9127
f 8950 9127 9042
f 9128 9129 9130
f 9128 9130 8907
f 9129 9131 9130
f 9130 9131 9132
f 9130 9132 9133
f 9132 9134 9133
f 9133 9134 9135
f 9133 9135 9136
f 9136 9135 9137
f 9138 9139 9140
f 9140 9139 9141
f 9140 9141 8898
f 9142 9143 9144
f 9142 9144 9026
f 9143 9145 9144
f 9144 9145 9146
f 9144 9146 9147
f 9147 9146 9148
f 9147 9148 9149
f 9149 9148 9150
f 9149 9150 9151
f 9151 9150 9152
f 9151 9152 9153
f 9154 9155 9156
f 9004 9019 9157
f 9004 9157 9002
f 9154 9156 9158
f 9158 9156 9159
f 9158 9159 9157
f 9157 9159 9160
f 9157 9160 9002
f 9161 9162 9163
f 9163 9162 9164
f 9163 9164 9165
f 9164 9166 9165
f 9165 9166 9167
f 9165 9167 9168
f 9168 9167 9169
f 8981 8982 9170
f 9161 9163 9171
f 9171 9163 9172
f 9171 9172 9170
f 8898 9141 8887
f 8887 9141 9173
f 8887 9173 8889
f 9173 9174 8889
f 8889 9174 9175
f 8889 9175 8848
f 8848 9175 9176
f 8848 9176 8846
f 8846 9176 9177
f 8846 9177 8871
f 9177 9178 8871
f 8871 9178 9179
f 8871 9179 8851
f 8851 9179 9180
f 8851 9180 8849
f 8849 9180 9181
f 8849 9181 8862
f 9153 9030 9151
f 9151 9030 8856
f 9151 8856 9182
f 9182 8856 8858
f 9182 8858 9183
f 9183 8858 8862
f 9183 8862 9184
f 9184 8862 9181
f 9026 9144 9027
f 9027 9144 9185
f 9027 9185 9023
f 9023 9185 9186
f 9023 9186 9022
f 9154 9118 9155
f 9155 9118 9021
f 9155 9021 9187
f 9187 9021 9022
f 9187 9022 9188
f 9188 9022 9186
f 9160 9189 9002
f 9002 9189 9190
f 9002 9190 8999
f 9190 9191 8999
f 8999 9191 9192
f 8999 9192 8840
f 9192 9193 8840
f 8840 9193 9194
f 8840 9194 8838
f 9195 8990 9196
f 9196 8990 8838
f 9196 8838 9197
f 9197 8838 9194
f 9198 8959 9195
f 9195 8959 8962
f 9195 8962 8990
f 9169 9117 9168
f 9168 9117 8958
f 9168 8958 9199
f 9199 8958 8959
f 9199 8959 9200
f 9200 8959 9198
f 9170 9172 8981
f 8981 9172 9201
f 8981 9201 8977
f 9201 9202 8977
f 8977 9202 9203
f 8977 9203 8949
f 9203 9204 8949
f 8949 9204 9205
f 8949 9205 8950
f 8950 9205 9206
f 8950 9206 9125
f 8937 8934 9121
f 9121 8934 8955
f 9121 8955 9122
f 9121 9207 8937
f 8937 9207 9208
f 8937 9208 8939
f 9208 9209 8939
f 8939 9209 9210
f 8939 9210 8945
f 9210 9211 8945
f 8945 9211 9212
f 8945 9212 8922
f 8922 9212 9213
f 8922 9213 8924
f 9213 9214 8924
f 8924 9214 9215
f 8924 9215 8914
f 9215 9216 8914
f 8914 9216 9217
f 8914 9217 8915
f 8915 9217 9218
f 8915 9218 8903
f 8903 9218 9219
f 8903 9219 8905
f 8905 9219 9136
f 8905 9136 9120
f 9120 9136 9137
f 8907 9130 8908
f 8908 9130 9220
f 8908 9220 8910
f 9220 9221 8910
f 8910 9221 9222
f 8910 9222 8845
f 9140 9223 9138
f 9138 9223 9224
f 9138 9224 9225
f 9225 9224 9119
f 9225 9119 9226
f 9226 9119 8843
f 9226 8843 9227
f 9227 8843 8845
f 9227 8845 9228
f 9228 8845 9222
f 9145 9229 9146
f 9142 9026 9025
f 9230 9153 9231
f 9231 9153 9152
f 9231 9152 9232
f 9232 9152 9150
f 9229 9145 9233
f 9145 9143 9233
f 9233 9143 9142
f 9233 9142 9234
f 9234 9142 9025
f 9234 9025 9235
f 9235 9025 9024
f 9235 9024 9236
f 9236 9024 9031
f 9236 9031 9237
f 9237 9031 9033
f 9237 9033 9238
f 9238 9033 9028
f 9238 9028 9230
f 9230 9028 9029
f 9230 9029 9153
f 9153 9029 9030
f 9119 9224 9239
f 9140 8898 9240
f 9240 8898 8897
f 9240 8897 9241
f 9241 8897 8896
f 9241 8896 9242
f 9242 8896 8894
f 9242 8894 9239
f 9239 8894 8893
f 9239 8893 9119
f 9119 8893 8892
f 9131 9243 9132
f 9128 8907 8909
f 9243 9131 9244
f 9245 9120 9246
f 9246 9120 9137
f 9246 9137 9247
f 9247 9137 9135
f 9131 9129 9244
f 9244 9129 9128
f 9244 9128 9248
f 9248 9128 8909
f 9248 8909 9249
f 9249 8909 8911
f 9249 8911 9250
f 9250 8911 8913
f 9250 8913 9251
f 9251 8913 8900
f 9251 8900 9252
f 9252 8900 8902
f 9252 8902 9245
f 9245 8902 8904
f 9245 8904 9120
f 9120 8904 8906
f 9127 9126 9253
f 9122 8955 9254
f 9254 8955 8954
f 9254 8954 9255
f 9255 8954 8953
f 9255 8953 9256
f 9256 8953 8952
f 9256 8952 9253
f 9253 8952 8951
f 9253 8951 9127
f 9127 8951 9042
f 9170 8982 8980
f 9257 9117 9258
f 9258 9117 9169
f 9258 9169 9259
f 9259 9169 9167
f 9164 9162 9260
f 9260 9162 9161
f 9260 9161 9261
f 9161 9171 9261
f 9261 9171 9170
f 9261 9170 9262
f 9262 9170 8980
f 9262 8980 9263
f 9263 8980 8979
f 9263 8979 9264
f 9264 8979 8978
f 9264 8978 9265
f 9265 8978 8974
f 9265 8974 9266
f 9266 8974 8973
f 9266 8973 9257
f 9257 8973 8971
f 9257 8971 9117
f 9117 8971 8970
f 9118 9154 9267
f 9157 9019 9268
f 9268 9019 9018
f 9268 9018 9269
f 9269 9018 9017
f 9269 9017 9270
f 9270 9017 9015
f 9270 9015 9267
f 9267 9015 9014
f 9267 9014 9118
f 9118 9014 9020
f 9271 9272 9045
f 9045 9272 9273
f 9045 9273 9046
f 9046 9273 9274
f 9046 9274 9047
f 9047 9274 9275
f 9047 9275 9048
f 9048 9275 9276
f 9048 9276 9049
f 9049 9276 9277
f 9049 9277 9050
f 9050 9277 9278
f 9050 9278 9051
f 9051 9278 9279
f 9051 9279 9052
f 9052 9279 9280
f 9052 9280 9053
f 9053 9280 9281
f 9053 9281 9054
f 9054 9281 9282
f 9054 9282 9055
f 9055 9282 9283
f 9055 9283 9056
f 9056 9283 9271
f 9056 9271 9045
f 9284 9285 9057
f 9057 9285 9286
f 9057 9286 9058
f 9058 9286 9287
f 9058 9287 9059
f 9059 9287 9288
f 9059 9288 9060
f 9060 9288 9289
f 9060 9289 9061
f 9061 9289 9290
f 9061 9290 9062
f 9062 9290 9291
f 9062 9291 9063
f 9063 9291 9292
f 9063 9292 9064
f 9064 9292 9293
f 9064 9293 9065
f 9065 9293 9294
f 9065 9294 9066
f 9066 9294 9295
f 9066 9295 9067
f 9067 9295 9296
f 9067 9296 9068
f 9068 9296 9284
f 9068 9284 9057
f 9297 9298 9069
f 9069 9298 9299
f 9069 9299 9070
f 9070 9299 9300
f 9070 9300 9071
f 9071 9300 9301
f 9071 9301 9072
f 9072 9301 9302
f 9072 9302 9073
f 9073 9302 9303
f 9073 9303 9074
f 9074 9303 9304
f 9074 9304 9075
f 9075 9304 9305
f 9075 9305 9076
f 9076 9305 9306
f 9076 9306 9077
f 9077 9306 9307
f 9077 9307 9078
f 9078 9307 9308
f 9078 9308 9079
f 9079 9308 9309
f 9079 9309 9080
f 9080 9309 9297
f 9080 9297 9069
f 9310 9311 9081
f 9081 9311 9312
f 9081 9312 9082
f 9082 9312 9313
f 9082 9313 9083
f 9083 9313 9314
f 9083 9314 9084
f 9084 9314 9315
f 9084 9315 9085
f 9085 9315 9316
f 9085 9316 9086
f 9086 9316 9317
f 9086 9317 9087
f 9087 9317 9318
f 9087 9318 9088
f 9088 9318 9319
f 9088 9319 9089
f 9089 9319 9320
f 9089 9320 9090
f 9090 9320 9321
f 9090 9321 9091
f 9091 9321 9322
f 9091 9322 9092
f 9092 9322 9310
f 9092 9310 9081
f 9323 9324 9102
f 9102 9324 9325
f 9102 9325 9103
f 9103 9325 9326
f 9103 9326 9104
f 9104 9326 9327
f 9104 9327 9093
f 9093 9327 9328
f 9093 9328 9094
f 9094 9328 9329
f 9094 9329 9095
f 9095 9329 9330
f 9095 9330 9096
f 9096 9330 9331
f 9096 9331 9097
f 9097 9331 9332
f 9097 9332 9098
f 9098 9332 9333
f 9098 9333 9099
f 9099 9333 9334
f 9099 9334 9100
f 9100 9334 9335
f 9100 9335 9101
f 9101 9335 9323
f 9101 9323 9102
f 9336 9337 9114
f 9114 9337 9338
f 9114 9338 9115
f 9115 9338 9339
f 9115 9339 9116
f 9116 9339 9340
f 9116 9340 9105
f 9105 9340 9341
f 9105 9341 9106
f 9106 9341 9342
f 9106 9342 9107
f 9107 9342 9343
f 9107 9343 9108
f 9108 9343 9344
f 9108 9344 9109
f 9109 9344 9345
f 9109 9345 9110
f 9110 9345 9346
f 9110 9346 9111
f 9111 9346 9347
f 9111 9347 9112
f 9112 9347 9348
f 9112 9348 9113
f 9113 9348 9336
f 9113 9336 9114
f 9254 9255 9256
f 9122 9254 9124
f 9124 9254 9256
f 9124 9256 9126
f 9126 9256 9253
f 9247 9135 9134
f 9132 9243 9251
f 9245 9246 9252
f 9252 9246 9247
f 9252 9247 9251
f 9251 9247 9134
f 9251 9134 9132
f 9250 9251 9249
f 9249 9251 9243
f 9249 9243 9248
f 9248 9243 9244
f 9239 9224 9223
f 9223 9140 9240
f 9239 9223 9242
f 9242 9223 9240
f 9242 9240 9241
f 9238 9148 9146
f 9150 9148 9232
f 9232 9148 9238
f 9232 9238 9231
f 9231 9238 9230
f 9236 9237 9235
f 9235 9237 9238
f 9234 9235 9233
f 9233 9235 9238
f 9233 9238 9229
f 9229 9238 9146
f 9157 9268 9158
f 9158 9268 9269
f 9269 9270 9158
f 9158 9270 9267
f 9158 9267 9154
f 9259 9167 9166
f 9262 9263 9264
f 9257 9258 9266
f 9266 9258 9259
f 9266 9259 9265
f 9265 9259 9166
f 9166 9164 9265
f 9265 9164 9260
f 9265 9260 9264
f 9264 9260 9261
f 9264 9261 9262
f 9155 9187 9349
f 9349 9350 9155
f 9155 9350 9351
f 9155 9351 9156
f 9156 9351 9352
f 9156 9352 9353
f 9353 9354 9156
f 9156 9354 9355
f 9156 9355 9356
f 9357 9358 9359
f 9357 9359 9360
f 9358 9361 9359
f 9359 9361 9362
f 9359 9362 9363
f 9363 9364 9359
f 9359 9364 9365
f 9359 9365 9366
f 9366 9365 9367
f 9366 9367 9368
f 9367 9369 9368
f 9368 9369 9370
f 9368 9370 9371
f 9371 9370 9372
f 9372 9373 9371
f 9371 9373 9374
f 9371 9374 9375
f 9375 9374 9376
f 9375 9376 9377
f 9378 9379 9188
f 9188 9379 9380
f 9188 9380 9381
f 9381 9382 9188
f 9188 9382 9383
f 9188 9383 9187
f 9187 9383 9384
f 9187 9384 9349
f 9220 9385 9221
f 9221 9385 9386
f 9221 9386 9222
f 9222 9386 9387
f 9222 9387 9228
f 9228 9387 9388
f 9228 9388 9227
f 9227 9388 9389
f 9227 9389 9226
f 9226 9389 9390
f 9226 9390 9225
f 9225 9390 9391
f 9225 9391 9138
f 9138 9391 9392
f 9138 9392 9139
f 9139 9392 9393
f 9139 9393 9141
f 9141 9393 9394
f 9141 9394 9173
f 9394 9395 9173
f 9173 9395 9396
f 9173 9396 9174
f 9174 9396 9397
f 9174 9397 9175
f 9175 9397 9398
f 9175 9398 9176
f 9176 9398 9399
f 9176 9399 9177
f 9177 9399 9400
f 9177 9400 9178
f 9178 9400 9401
f 9178 9401 9179
f 9179 9401 9402
f 9179 9402 9180
f 9180 9402 9403
f 9180 9403 9181
f 9181 9403 9404
f 9181 9404 9184
f 9184 9404 9405
f 9184 9405 9183
f 9183 9405 9406
f 9183 9406 9182
f 9182 9406 9407
f 9182 9407 9151
f 9151 9407 9408
f 9151 9408 9149
f 9149 9408 9409
f 9149 9409 9147
f 9147 9409 9410
f 9147 9410 9144
f 9144 9410 9411
f 9144 9411 9185
f 9185 9411 9412
f 9185 9412 9186
f 9377 9378 9375
f 9375 9378 9188
f 9375 9188 9413
f 9413 9188 9186
f 9413 9186 9414
f 9414 9186 9412
f 9356 9360 9156
f 9156 9360 9359
f 9156 9359 9159
f 9159 9359 9415
f 9159 9415 9160
f 9160 9415 9416
f 9160 9416 9189
f 9189 9416 9417
f 9189 9417 9190
f 9190 9417 9418
f 9190 9418 9191
f 9191 9418 9419
f 9191 9419 9192
f 9192 9419 9420
f 9192 9420 9193
f 9193 9420 9421
f 9193 9421 9194
f 9194 9421 9422
f 9194 9422 9197
f 9197 9422 9423
f 9197 9423 9196
f 9196 9423 9424
f 9196 9424 9195
f 9195 9424 9425
f 9195 9425 9198
f 9198 9425 9426
f 9198 9426 9200
f 9200 9426 9427
f 9200 9427 9199
f 9199 9427 9428
f 9199 9428 9168
f 9168 9428 9429
f 9168 9429 9165
f 9165 9429 9430
f 9165 9430 9163
f 9163 9430 9431
f 9163 9431 9172
f 9172 9431 9432
f 9172 9432 9201
f 9201 9432 9433
f 9201 9433 9202
f 9202 9433 9434
f 9202 9434 9203
f 9203 9434 9435
f 9203 9435 9204
f 9204 9435 9436
f 9204 9436 9205
f 9205 9436 9437
f 9205 9437 9206
f 9206 9437 9438
f 9206 9438 9125
f 9125 9438 9439
f 9125 9439 9123
f 9123 9439 9440
f 9123 9440 9121
f 9121 9440 9441
f 9121 9441 9207
f 9207 9441 9442
f 9207 9442 9208
f 9208 9442 9443
f 9208 9443 9209
f 9209 9443 9444
f 9209 9444 9210
f 9210 9444 9445
f 9210 9445 9211
f 9211 9445 9446
f 9211 9446 9212
f 9212 9446 9447
f 9212 9447 9213
f 9213 9447 9448
f 9213 9448 9214
f 9214 9448 9449
f 9214 9449 9215
f 9215 9449 9450
f 9215 9450 9216
f 9216 9450 9451
f 9216 9451 9217
f 9217 9451 9452
f 9217 9452 9218
f 9218 9452 9453
f 9218 9453 9219
f 9219 9453 9454
f 9219 9454 9136
f 9136 9454 9455
f 9136 9455 9133
f 9133 9455 9456
f 9133 9456 9130
f 9130 9456 9457
f 9130 9457 9220
f 9220 9457 9458
f 9220 9458 9385
f 9459 9460 9281
f 9281 9460 9461
f 9281 9461 9282
f 9282 9461 9462
f 9282 9462 9283
f 9283 9462 9463
f 9283 9463 9271
f 9271 9463 9464
f 9271 9464 9272
f 9272 9464 9465
f 9272 9465 9273
f 9273 9465 9466
f 9273 9466 9274
f 9274 9466 9467
f 9274 9467 9275
f 9275 9467 9468
f 9275 9468 9276
f 9276 9468 9469
f 9276 9469 9277
f 9277 9469 9470
f 9277 9470 9278
f 9278 9470 9471
f 9278 9471 9279
f 9279 9471 9472
f 9279 9472 9280
f 9280 9472 9459
f 9280 9459 9281
f 9473 9474 9294
f 9294 9474 9475
f 9294 9475 9295
f 9295 9475 9476
f 9295 9476 9296
f 9296 9476 9477
f 9296 9477 9284
f 9284 9477 9478
f 9284 9478 9285
f 9285 9478 9479
f 9285 9479 9286
f 9286 9479 9480
f 9286 9480 9287
f 9287 9480 9481
f 9287 9481 9288
f 9288 9481 9482
f 9288 9482 9289
f 9289 9482 9483
f 9289 9483 9290
f 9290 9483 9484
f 9290 9484 9291
f 9291 9484 9485
f 9291 9485 9292
f 9292 9485 9486
f 9292 9486 9293
f 9293 9486 9473
f 9293 9473 9294
f 9487 9488 9302
f 9302 9488 9489
f 9302 9489 9303
f 9303 9489 9490
f 9303 9490 9304
f 9304 9490 9491
f 9304 9491 9305
f 9305 9491 9492
f 9305 9492 9306
f 9306 9492 9493
f 9306 9493 9307
f 9307 9493 9494
f 9307 9494 9308
f 9308 9494 9495
f 9308 9495 9309
f 9309 9495 9496
f 9309 9496 9297
f 9297 9496 9497
f 9297 9497 9298
f 9298 9497 9498
f 9298 9498 9299
f 9299 9498 9499
f 9299 9499 9300
f 9300 9499 9500
f 9300 9500 9301
f 9301 9500 9487
f 9301 9487 9302
f 9501 9502 9315
f 9315 9502 9503
f 9315 9503 9316
f 9316 9503 9504
f 9316 9504 9317
f 9317 9504 9505
f 9317 9505 9318
f 9318 9505 9506
f 9318 9506 9319
f 9319 9506 9507
f 9319 9507 9320
f 9320 9507 9508
f 9320 9508 9321
f 9321 9508 9509
f 9321 9509 9322
f 9322 9509 9510
f 9322 9510 9310
f 9310 9510 9511
f 9310 9511 9311
f 9311 9511 9512
f 9311 9512 9312
f 9312 9512 9513
f 9312 9513 9313
f 9313 9513 9514
f 9313 9514 9314
f 9314 9514 9501
f 9314 9501 9315
f 9515 9516 9324
f 9324 9516 9517
f 9324 9517 9325
f 9325 9517 9518
f 9325 9518 9326
f 9326 9518 9519
f 9326 9519 9327
f 9327 9519 9520
f 9327 9520 9328
f 9328 9520 9521
f 9328 9521 9329
f 9329 9521 9522
f 9329 9522 9330
f 9330 9522 9523
f 9330 9523 9331
f 9331 9523 9524
f 9331 9524 9332
f 9332 9524 9525
f 9332 9525 9333
f 9333 9525 9526
f 9333 9526 9334
f 9334 9526 9527
f 9334 9527 9335
f 9335 9527 9528
f 9335 9528 9323
f 9323 9528 9515
f 9323 9515 9324
f 9529 9530 9337
f 9337 9530 9531
f 9337 9531 9338
f 9338 9531 9532
f 9338 9532 9339
f 9339 9532 9533
f 9339 9533 9340
f 9340 9533 9534
f 9340 9534 9341
f 9341 9534 9535
f 9341 9535 9342
f 9342 9535 9536
f 9342 9536 9343
f 9343 9536 9537
f 9343 9537 9344
f 9344 9537 9538
f 9344 9538 9345
f 9345 9538 9539
f 9345 9539 9346
f 9346 9539 9540
f 9346 9540 9347
f 9347 9540 9541
f 9347 9541 9348
f 9348 9541 9542
f 9348 9542 9336
f 9336 9542 9529
f 9336 9529 9337
f 9351 9350 9543
f 9543 9350 9349
f 9543 9349 9544
f 9351 9543 9352
f 9352 9543 9545
f 9352 9545 9353
f 9353 9545 9354
f 9354 9545 9546
f 9354 9546 9355
f 9355 9546 9356
f 9356 9546 9547
f 9356 9547 9360
f 9362 9361 9548
f 9548 9361 9358
f 9548 9358 9547
f 9547 9358 9357
f 9547 9357 9360
f 9362 9548 9363
f 9363 9548 9549
f 9363 9549 9364
f 9550 9367 9549
f 9549 9367 9365
f 9549 9365 9364
f 9373 9372 9551
f 9551 9372 9370
f 9551 9370 9550
f 9550 9370 9369
f 9550 9369 9367
f 9552 9553 9378
f 9378 9377 9552
f 9552 9377 9376
f 9552 9376 9551
f 9551 9376 9374
f 9551 9374 9373
f 9349 9384 9544
f 9544 9384 9383
f 9544 9383 9554
f 9554 9383 9382
f 9382 9381 9554
f 9554 9381 9380
f 9554 9380 9553
f 9553 9380 9379
f 9553 9379 9378
f 9555 9556 9428
f 9428 9427 9555
f 9555 9427 9426
f 9555 9426 9557
f 9426 9425 9557
f 9557 9425 9424
f 9557 9424 9558
f 9424 9423 9558
f 9558 9423 9422
f 9558 9422 9559
f 9422 9421 9559
f 9559 9421 9420
f 9559 9420 9560
f 9420 9419 9560
f 9560 9419 9418
f 9560 9418 9561
f 9418 9417 9561
f 9561 9417 9416
f 9561 9416 9562
f 9416 9415 9562
f 9562 9415 9359
f 9562 9359 9563
f 9359 9366 9563
f 9563 9366 9368
f 9563 9368 9564
f 9368 9371 9564
f 9564 9371 9375
f 9564 9375 9565
f 9375 9413 9565
f 9565 9413 9414
f 9565 9414 9566
f 9414 9412 9566
f 9566 9412 9411
f 9566 9411 9567
f 9411 9410 9567
f 9567 9410 9409
f 9567 9409 9568
f 9409 9408 9568
f 9568 9408 9407
f 9568 9407 9569
f 9407 9406 9569
f 9569 9406 9405
f 9569 9405 9570
f 9405 9404 9570
f 9570 9404 9403
f 9570 9403 9571
f 9403 9402 9571
f 9571 9402 9401
f 9571 9401 9572
f 9572 9401 9400
f 9572 9400 9573
f 9573 9400 9399
f 9573 9399 9574
f 9575 9576 9394
f 9399 9398 9574
f 9574 9398 9397
f 9574 9397 9577
f 9577 9397 9396
f 9577 9396 9576
f 9576 9396 9395
f 9576 9395 9394
f 9394 9393 9575
f 9575 9393 9392
f 9575 9392 9578
f 9392 9391 9578
f 9578 9391 9390
f 9578 9390 9579
f 9390 9389 9579
f 9579 9389 9388
f 9579 9388 9580
f 9388 9387 9580
f 9580 9387 9386
f 9580 9386 9581
f 9386 9385 9581
f 9581 9385 9458
f 9581 9458 9582
f 9458 9457 9582
f 9582 9457 9456
f 9582 9456 9583
f 9456 9455 9583
f 9583 9455 9454
f 9583 9454 9584
f 9454 9453 9584
f 9584 9453 9452
f 9584 9452 9585
f 9452 9451 9585
f 9585 9451 9450
f 9585 9450 9586
f 9450 9449 9586
f 9586 9449 9448
f 9586 9448 9587
f 9448 9447 9587
f 9587 9447 9446
f 9587 9446 9588
f 9446 9445 9588
f 9588 9445 9444
f 9588 9444 9589
f 9589 9444 9443
f 9589 9443 9590
f 9590 9443 9442
f 9590 9442 9591
f 9442 9441 9591
f 9591 9441 9440
f 9591 9440 9592
f 9440 9439 9592
f 9592 9439 9438
f 9592 9438 9593
f 9438 9437 9593
f 9593 9437 9436
f 9593 9436 9594
f 9436 9435 9594
f 9594 9435 9434
f 9594 9434 9595
f 9434 9433 9595
f 9595 9433 9432
f 9595 9432 9596
f 9432 9431 9596
f 9596 9431 9430
f 9596 9430 9556
f 9556 9430 9429
f 9556 9429 9428
f 9597 9598 9599
f 9600 9601 9602
f 9603 9604 9605
f 9537 9536 9606
f 9607 9608 9609
f 9583 9607 9582
f 9520 9519 9610
f 9611 9612 9613
f 9560 9614 9559
f 9567 9615 9616
f 9573 9574 9478
f 9478 9574 9479
f 9479 9574 9577
f 9479 9577 9480
f 9485 9617 9486
f 9486 9617 9618
f 9486 9618 9473
f 9473 9618 9474
f 9482 9578 9483
f 9483 9578 9617
f 9483 9617 9484
f 9484 9617 9485
f 9480 9577 9481
f 9481 9577 9576
f 9481 9576 9482
f 9482 9576 9575
f 9482 9575 9578
f 9478 9477 9573
f 9573 9477 9476
f 9573 9476 9618
f 9618 9476 9475
f 9618 9475 9474
f 9573 9619 9572
f 9572 9619 9620
f 9572 9620 9571
f 9571 9621 9570
f 9570 9621 9467
f 9467 9466 9570
f 9570 9466 9465
f 9570 9465 9569
f 9465 9464 9569
f 9569 9464 9463
f 9569 9463 9568
f 9568 9463 9462
f 9568 9462 9567
f 9566 9622 9623
f 9566 9623 9565
f 9567 9616 9566
f 9566 9616 9624
f 9566 9624 9622
f 9625 9626 9627
f 9626 9628 9627
f 9627 9628 9629
f 9627 9629 9616
f 9616 9629 9630
f 9616 9630 9624
f 9623 9631 9565
f 9565 9631 9632
f 9565 9632 9564
f 9564 9632 9633
f 9564 9633 9634
f 9634 9625 9564
f 9564 9625 9627
f 9564 9627 9563
f 9563 9627 9635
f 9563 9635 9562
f 9560 9561 9508
f 9505 9614 9506
f 9506 9614 9560
f 9506 9560 9507
f 9507 9560 9508
f 9502 9636 9503
f 9503 9636 9614
f 9503 9614 9504
f 9504 9614 9505
f 9557 9558 9637
f 9637 9558 9638
f 9596 9556 9491
f 9491 9556 9492
f 9492 9556 9555
f 9492 9555 9493
f 9493 9555 9557
f 9493 9557 9494
f 9596 9639 9595
f 9595 9639 9594
f 9593 9594 9640
f 9639 9641 9642
f 9642 9643 9639
f 9639 9643 9644
f 9639 9644 9594
f 9594 9644 9645
f 9594 9645 9640
f 9592 9646 9591
f 9591 9646 9606
f 9591 9606 9590
f 9536 9588 9606
f 9606 9588 9589
f 9606 9589 9590
f 9536 9535 9588
f 9588 9535 9534
f 9588 9534 9587
f 9534 9647 9587
f 9587 9647 9602
f 9587 9602 9586
f 9584 9585 9521
f 9586 9602 9585
f 9585 9602 9522
f 9585 9522 9521
f 9582 9607 9581
f 9581 9607 9609
f 9581 9609 9580
f 9580 9648 9579
f 9579 9648 9649
f 9579 9649 9578
f 9534 9533 9647
f 9647 9533 9532
f 9647 9532 9650
f 9650 9532 9531
f 9598 9540 9599
f 9599 9540 9539
f 9599 9539 9538
f 9531 9530 9650
f 9650 9530 9529
f 9650 9529 9651
f 9651 9529 9652
f 9652 9529 9542
f 9652 9542 9598
f 9598 9542 9541
f 9598 9541 9540
f 9519 9518 9610
f 9610 9518 9517
f 9610 9517 9653
f 9526 9525 9654
f 9654 9525 9524
f 9654 9524 9602
f 9602 9524 9523
f 9602 9523 9522
f 9515 9528 9655
f 9655 9528 9656
f 9517 9516 9653
f 9653 9516 9515
f 9653 9515 9657
f 9657 9515 9655
f 9657 9655 9658
f 9528 9527 9656
f 9656 9527 9526
f 9656 9526 9659
f 9659 9526 9654
f 9659 9654 9660
f 9462 9461 9567
f 9567 9461 9460
f 9567 9460 9615
f 9615 9460 9459
f 9615 9459 9472
f 9661 9471 9603
f 9603 9471 9470
f 9603 9470 9604
f 9604 9470 9469
f 9604 9469 9621
f 9621 9469 9468
f 9621 9468 9467
f 9494 9557 9495
f 9495 9557 9637
f 9495 9637 9496
f 9496 9637 9662
f 9496 9662 9497
f 9491 9490 9596
f 9596 9490 9489
f 9596 9489 9639
f 9639 9489 9488
f 9639 9488 9641
f 9641 9488 9487
f 9487 9500 9641
f 9641 9500 9499
f 9641 9499 9662
f 9662 9499 9498
f 9662 9498 9497
f 9514 9513 9663
f 9663 9513 9635
f 9663 9635 9664
f 9513 9512 9635
f 9635 9512 9511
f 9635 9511 9562
f 9562 9511 9510
f 9562 9510 9561
f 9561 9510 9509
f 9561 9509 9508
f 9514 9663 9501
f 9501 9663 9665
f 9501 9665 9502
f 9502 9665 9636
f 9636 9665 9666
f 9636 9666 9667
f 9638 9668 9637
f 9637 9668 9669
f 9637 9669 9662
f 9662 9669 9670
f 9662 9670 9671
f 9671 9670 9672
f 9671 9672 9666
f 9666 9672 9673
f 9666 9673 9667
f 9667 9674 9636
f 9636 9674 9675
f 9636 9675 9614
f 9614 9675 9676
f 9614 9676 9559
f 9559 9676 9677
f 9559 9677 9558
f 9558 9677 9678
f 9558 9678 9638
f 9613 9612 9597
f 9597 9612 9679
f 9597 9679 9680
f 9680 9681 9682
f 9682 9681 9683
f 9682 9683 9684
f 9608 9685 9686
f 9686 9687 9608
f 9608 9687 9688
f 9608 9688 9609
f 9609 9688 9689
f 9609 9689 9580
f 9580 9689 9690
f 9580 9690 9648
f 9649 9691 9578
f 9578 9691 9692
f 9578 9692 9617
f 9617 9692 9693
f 9617 9693 9694
f 9694 9693 9695
f 9694 9695 9685
f 9685 9695 9696
f 9685 9696 9686
f 9620 9697 9571
f 9571 9697 9698
f 9571 9698 9621
f 9621 9698 9699
f 9621 9699 9604
f 9605 9700 9701
f 9701 9700 9702
f 9701 9702 9618
f 9618 9702 9703
f 9618 9703 9573
f 9573 9703 9704
f 9573 9704 9619
f 9699 9705 9604
f 9604 9705 9706
f 9604 9706 9605
f 9605 9706 9707
f 9605 9707 9700
f 9694 9708 9617
f 9617 9708 9709
f 9617 9709 9618
f 9618 9709 9710
f 9618 9710 9701
f 9680 9682 9597
f 9597 9682 9711
f 9597 9711 9598
f 9598 9711 9712
f 9598 9712 9652
f 9671 9713 9662
f 9662 9713 9714
f 9662 9714 9641
f 9641 9714 9715
f 9641 9715 9642
f 9642 9715 9684
f 9642 9684 9716
f 9716 9684 9683
f 9664 9635 9717
f 9717 9635 9627
f 9717 9627 9718
f 9718 9627 9616
f 9718 9616 9719
f 9719 9616 9720
f 9720 9616 9615
f 9720 9615 9661
f 9661 9615 9472
f 9661 9472 9471
f 9521 9520 9584
f 9584 9520 9610
f 9584 9610 9583
f 9583 9610 9653
f 9583 9653 9607
f 9607 9653 9657
f 9607 9657 9608
f 9608 9657 9658
f 9608 9658 9685
f 9602 9601 9654
f 9654 9601 9721
f 9654 9721 9722
f 9723 9724 9647
f 9647 9724 9725
f 9647 9725 9602
f 9602 9725 9726
f 9602 9726 9600
f 9722 9727 9654
f 9654 9727 9650
f 9654 9650 9660
f 9660 9650 9651
f 9727 9728 9650
f 9650 9728 9729
f 9650 9729 9647
f 9647 9729 9730
f 9647 9730 9723
f 9640 9611 9593
f 9593 9611 9613
f 9593 9613 9592
f 9592 9613 9597
f 9592 9597 9646
f 9646 9597 9599
f 9646 9599 9606
f 9606 9599 9538
f 9606 9538 9537
f 9550 9549 9544
f 9544 9549 9543
f 9551 9550 9552
f 9552 9550 9544
f 9552 9544 9553
f 9553 9544 9554
f 9546 9545 9547
f 9547 9545 9543
f 9547 9543 9548
f 9548 9543 9549
f 9701 9710 9731
f 9731 9732 9701
f 9701 9732 9733
f 9701 9733 9605
f 9733 9734 9605
f 9605 9734 9735
f 9605 9735 9603
f 9735 9736 9603
f 9603 9736 9737
f 9603 9737 9661
f 9737 9738 9661
f 9661 9738 9739
f 9661 9739 9720
f 9739 9740 9720
f 9720 9740 9741
f 9720 9741 9719
f 9741 9742 9719
f 9719 9742 9743
f 9719 9743 9718
f 9743 9744 9718
f 9718 9744 9745
f 9718 9745 9717
f 9745 9746 9717
f 9717 9746 9747
f 9717 9747 9664
f 9747 9748 9664
f 9664 9748 9749
f 9664 9749 9663
f 9749 9750 9663
f 9663 9750 9751
f 9663 9751 9665
f 9751 9752 9665
f 9665 9752 9753
f 9665 9753 9666
f 9753 9754 9666
f 9666 9754 9755
f 9666 9755 9671
f 9755 9756 9671
f 9671 9756 9757
f 9671 9757 9713
f 9757 9758 9713
f 9713 9758 9759
f 9713 9759 9714
f 9714 9759 9760
f 9714 9760 9715
f 9760 9761 9715
f 9715 9761 9762
f 9715 9762 9684
f 9762 9763 9684
f 9684 9763 9764
f 9684 9764 9682
f 9764 9765 9682
f 9682 9765 9766
f 9682 9766 9711
f 9766 9767 9711
f 9711 9767 9768
f 9711 9768 9712
f 9768 9769 9712
f 9712 9769 9770
f 9712 9770 9652
f 9770 9771 9652
f 9652 9771 9772
f 9652 9772 9651
f 9772 9773 9651
f 9651 9773 9774
f 9651 9774 9660
f 9774 9775 9660
f 9660 9775 9776
f 9660 9776 9659
f 9776 9777 9659
f 9659 9777 9778
f 9659 9778 9656
f 9778 9779 9656
f 9656 9779 9780
f 9656 9780 9655
f 9780 9781 9655
f 9655 9781 9782
f 9655 9782 9658
f 9782 9783 9658
f 9658 9783 9784
f 9658 9784 9685
f 9784 9785 9685
f 9685 9785 9786
f 9685 9786 9694
f 9786 9787 9694
f 9694 9787 9788
f 9694 9788 9708
f 9788 9789 9708
f 9708 9789 9790
f 9708 9790 9709
f 9709 9790 9791
f 9709 9791 9710
f 9710 9791 9792
f 9710 9792 9731
f 9793 9620 9794
f 9794 9620 9619
f 9794 9619 9795
f 9795 9619 9704
f 9795 9704 9796
f 9796 9704 9703
f 9796 9703 9797
f 9797 9703 9702
f 9797 9702 9798
f 9798 9702 9700
f 9798 9700 9799
f 9799 9700 9707
f 9799 9707 9800
f 9800 9707 9706
f 9800 9706 9801
f 9801 9706 9705
f 9801 9705 9802
f 9802 9705 9699
f 9802 9699 9803
f 9803 9699 9698
f 9803 9698 9804
f 9804 9698 9697
f 9804 9697 9793
f 9793 9697 9620
f 9805 9649 9806
f 9806 9649 9648
f 9806 9648 9807
f 9807 9648 9690
f 9807 9690 9808
f 9808 9690 9689
f 9808 9689 9809
f 9809 9689 9688
f 9809 9688 9810
f 9810 9688 9687
f 9810 9687 9811
f 9811 9687 9686
f 9811 9686 9812
f 9812 9686 9696
f 9812 9696 9813
f 9813 9696 9695
f 9813 9695 9814
f 9814 9695 9693
f 9814 9693 9815
f 9815 9693 9692
f 9815 9692 9816
f 9816 9692 9691
f 9816 9691 9805
f 9805 9691 9649
f 9817 9601 9818
f 9818 9601 9600
f 9818 9600 9819
f 9819 9600 9726
f 9819 9726 9820
f 9820 9726 9725
f 9820 9725 9821
f 9821 9725 9724
f 9821 9724 9822
f 9822 9724 9723
f 9822 9723 9823
f 9823 9723 9730
f 9823 9730 9824
f 9824 9730 9729
f 9824 9729 9825
f 9825 9729 9728
f 9825 9728 9826
f 9826 9728 9727
f 9826 9727 9827
f 9827 9727 9722
f 9827 9722 9828
f 9828 9722 9721
f 9828 9721 9817
f 9817 9721 9601
f 9829 9681 9830
f 9830 9681 9680
f 9830 9680 9831
f 9831 9680 9679
f 9831 9679 9832
f 9832 9679 9612
f 9832 9612 9833
f 9833 9612 9611
f 9833 9611 9834
f 9834 9611 9640
f 9834 9640 9835
f 9835 9640 9645
f 9835 9645 9836
f 9836 9645 9644
f 9836 9644 9837
f 9837 9644 9643
f 9837 9643 9838
f 9838 9643 9642
f 9838 9642 9839
f 9839 9642 9716
f 9839 9716 9840
f 9840 9716 9683
f 9840 9683 9829
f 9829 9683 9681
f 9841 9667 9842
f 9842 9667 9673
f 9842 9673 9843
f 9843 9673 9672
f 9843 9672 9844
f 9844 9672 9670
f 9844 9670 9845
f 9845 9670 9669
f 9845 9669 9846
f 9846 9669 9668
f 9846 9668 9847
f 9847 9668 9638
f 9847 9638 9848
f 9848 9638 9678
f 9848 9678 9849
f 9849 9678 9677
f 9849 9677 9850
f 9850 9677 9676
f 9850 9676 9851
f 9851 9676 9675
f 9851 9675 9852
f 9852 9675 9674
f 9852 9674 9841
f 9841 9674 9667
f 9853 9622 9854
f 9854 9622 9624
f 9854 9624 9855
f 9855 9624 9630
f 9855 9630 9856
f 9856 9630 9629
f 9856 9629 9857
f 9857 9629 9628
f 9857 9628 9858
f 9858 9628 9626
f 9858 9626 9859
f 9859 9626 9625
f 9859 9625 9860
f 9860 9625 9634
f 9860 9634 9861
f 9861 9634 9633
f 9861 9633 9862
f 9862 9633 9632
f 9862 9632 9863
f 9863 9632 9631
f 9863 9631 9864
f 9864 9631 9623
f 9864 9623 9853
f 9853 9623 9622
f 9790 9865 9866
f 9790 9789 9865
f 9865 9789 9788
f 9865 9788 9867
f 9788 9787 9867
f 9867 9787 9786
f 9867 9786 9868
f 9786 9785 9868
f 9868 9785 9784
f 9868 9784 9869
f 9784 9783 9869
f 9869 9783 9782
f 9869 9782 9870
f 9782 9781 9870
f 9870 9781 9780
f 9870 9780 9871
f 9780 9779 9871
f 9871 9779 9778
f 9871 9778 9872
f 9778 9777 9872
f 9872 9777 9776
f 9872 9776 9873
f 9776 9775 9873
f 9873 9775 9774
f 9873 9774 9874
f 9774 9773 9874
f 9874 9773 9772
f 9874 9772 9875
f 9772 9771 9875
f 9875 9771 9770
f 9875 9770 9876
f 9770 9769 9876
f 9876 9769 9768
f 9876 9768 9877
f 9768 9767 9877
f 9877 9767 9766
f 9877 9766 9878
f 9766 9765 9878
f 9878 9765 9764
f 9878 9764 9879
f 9764 9763 9879
f 9879 9763 9762
f 9879 9762 9880
f 9762 9761 9880
f 9880 9761 9760
f 9880 9760 9881
f 9760 9759 9881
f 9881 9759 9758
f 9881 9758 9882
f 9758 9757 9882
f 9882 9757 9756
f 9882 9756 9883
f 9756 9755 9883
f 9883 9755 9754
f 9883 9754 9884
f 9754 9753 9884
f 9884 9753 9752
f 9884 9752 9885
f 9752 9751 9885
f 9885 9751 9750
f 9885 9750 9886
f 9750 9749 9886
f 9886 9749 9748
f 9886 9748 9887
f 9748 9747 9887
f 9887 9747 9746
f 9887 9746 9888
f 9746 9745 9888
f 9888 9745 9744
f 9888 9744 9889
f 9744 9743 9889
f 9889 9743 9742
f 9889 9742 9890
f 9742 9741 9890
f 9890 9741 9740
f 9890 9740 9891
f 9740 9739 9891
f 9891 9739 9738
f 9891 9738 9892
f 9738 9737 9892
f 9892 9737 9736
f 9892 9736 9893
f 9736 9735 9893
f 9893 9735 9734
f 9893 9734 9894
f 9734 9733 9894
f 9894 9733 9732
f 9894 9732 9895
f 9732 9731 9895
f 9895 9731 9792
f 9895 9792 9866
f 9866 9792 9791
f 9866 9791 9790
f 9800 9801 9802
f 9797 9798 9799
f 9793 9794 9804
f 9804 9794 9795
f 9804 9795 9796
f 9799 9800 9797
f 9797 9800 9802
f 9797 9802 9796
f 9796 9802 9803
f 9796 9803 9804
f 9812 9813 9814
f 9809 9810 9811
f 9805 9806 9816
f 9816 9806 9807
f 9816 9807 9808
f 9811 9812 9809
f 9809 9812 9814
f 9809 9814 9808
f 9808 9814 9815
f 9808 9815 9816
f 9828 9817 9818
f 9820 9821 9822
f 9827 9828 9826
f 9826 9828 9818
f 9826 9818 9820
f 9820 9818 9819
f 9825 9826 9824
f 9824 9826 9820
f 9824 9820 9823
f 9823 9820 9822
f 9838 9832 9833
f 9840 9829 9830
f 9836 9837 9835
f 9835 9837 9838
f 9835 9838 9834
f 9834 9838 9833
f 9838 9839 9832
f 9832 9839 9840
f 9832 9840 9831
f 9831 9840 9830
f 9850 9844 9845
f 9849 9850 9848
f 9848 9850 9845
f 9848 9845 9847
f 9847 9845 9846
f 9852 9841 9851
f 9851 9841 9842
f 9851 9842 9850
f 9850 9842 9843
f 9850 9843 9844
f 9854 9855 9856
f 9860 9861 9859
f 9859 9861 9862
f 9859 9862 9858
f 9853 9854 9864
f 9864 9854 9862
f 9864 9862 9863
f 9854 9856 9862
f 9862 9856 9857
f 9862 9857 9858
f 9882 9896 9881
f 9881 9896 9897
f 9881 9897 9880
f 9880 9897 9898
f 9880 9898 9879
f 9877 9899 9876
f 9876 9899 9900
f 9876 9900 9875
f 9884 9901 9883
f 9883 9901 9902
f 9883 9902 9882
f 9882 9902 9903
f 9882 9903 9896
f 9886 9904 9885
f 9885 9904 9905
f 9885 9905 9884
f 9884 9905 9906
f 9884 9906 9901
f 9900 9907 9875
f 9875 9907 9908
f 9875 9908 9874
f 9874 9908 9909
f 9874 9909 9873
f 9895 9910 9894
f 9894 9910 9911
f 9894 9911 9893
f 9898 9912 9879
f 9879 9912 9913
f 9879 9913 9878
f 9878 9913 9914
f 9878 9914 9877
f 9877 9914 9915
f 9877 9915 9899
f 9888 9916 9887
f 9887 9916 9917
f 9887 9917 9886
f 9886 9917 9918
f 9886 9918 9904
f 9868 9919 9867
f 9867 9919 9920
f 9867 9920 9865
f 9920 9921 9865
f 9865 9921 9922
f 9865 9922 9866
f 9866 9922 9923
f 9866 9923 9895
f 9895 9923 9924
f 9895 9924 9910
f 9871 9925 9870
f 9870 9925 9926
f 9870 9926 9869
f 9869 9926 9927
f 9869 9927 9868
f 9868 9927 9928
f 9868 9928 9919
f 9909 9929 9873
f 9873 9929 9930
f 9873 9930 9872
f 9872 9930 9931
f 9872 9931 9871
f 9871 9931 9932
f 9871 9932 9925
f 9890 9933 9889
f 9889 9933 9934
f 9889 9934 9888
f 9888 9934 9935
f 9888 9935 9916
f 9911 9936 9893
f 9893 9936 9937
f 9893 9937 9892
f 9892 9937 9938
f 9892 9938 9891
f 9891 9938 9939
f 9891 9939 9890
f 9890 9939 9940
f 9890 9940 9933
f 9941 9922 9942
f 9942 9922 9921
f 9942 9921 9943
f 9943 9921 9920
f 9943 9920 9944
f 9944 9920 9919
f 9944 9919 9945
f 9945 9919 9928
f 9945 9928 9946
f 9946 9928 9927
f 9946 9927 9947
f 9947 9927 9926
f 9947 9926 9948
f 9948 9926 9925
f 9948 9925 9949
f 9949 9925 9932
f 9949 9932 9950
f 9950 9932 9931
f 9950 9931 9951
f 9951 9931 9930
f 9951 9930 9952
f 9952 9930 9929
f 9952 9929 9953
f 9953 9929 9909
f 9953 9909 9954
f 9954 9909 9908
f 9954 9908 9955
f 9955 9908 9907
f 9955 9907 9956
f 9956 9907 9900
f 9956 9900 9957
f 9957 9900 9899
f 9957 9899 9958
f 9958 9899 9915
f 9958 9915 9959
f 9959 9915 9914
f 9959 9914 9960
f 9960 9914 9913
f 9960 9913 9961
f 9961 9913 9912
f 9961 9912 9962
f 9962 9912 9898
f 9962 9898 9963
f 9963 9898 9897
f 9963 9897 9964
f 9964 9897 9896
f 9964 9896 9965
f 9965 9896 9903
f 9965 9903 9966
f 9966 9903 9902
f 9966 9902 9967
f 9967 9902 9901
f 9967 9901 9968
f 9968 9901 9906
f 9968 9906 9969
f 9969 9906 9905
f 9969 9905 9970
f 9970 9905 9904
f 9970 9904 9971
f 9971 9904 9918
f 9971 9918 9972
f 9972 9918 9917
f 9972 9917 9973
f 9973 9917 9916
f 9973 9916 9974
f 9974 9916 9935
f 9974 9935 9975
f 9975 9935 9934
f 9975 9934 9976
f 9976 9934 9933
f 9976 9933 9977
f 9977 9933 9940
f 9977 9940 9978
f 9978 9940 9939
f 9978 9939 9979
f 9979 9939 9938
f 9979 9938 9980
f 9980 9938 9937
f 9980 9937 9981
f 9981 9937 9936
f 9981 9936 9982
f 9982 9936 9911
f 9982 9911 9983
f 9983 9911 9910
f 9983 9910 9984
f 9984 9910 9924
f 9984 9924 9985
f 9985 9924 9923
f 9985 9923 9941
f 9941 9923 9922
f 9986 9987 9988
f 9989 9990 9991
f 9991 9990 9992
f 9991 9992 9987
f 9987 9992 9993
f 9987 9993 9988
f 9994 9995 9989
f 9989 9995 9996
f 9989 9996 9990
f 9997 9998 9999
f 9999 9998 10000
f 9999 10000 9994
f 9994 10000 10001
f 9994 10001 9995
f 10002 10003 9997
f 9997 10003 10004
f 9997 10004 9998
f 10005 10006 10002
f 10002 10006 10007
f 10002 10007 10003
f 10008 10009 10010
f 10010 10009 10011
f 10010 10011 10005
f 10005 10011 10012
f 10005 10012 10006
f 10013 10014 10008
f 10008 10014 10015
f 10008 10015 10009
f 10016 10017 10013
f 10013 10017 10018
f 10013 10018 10014
f 10019 10020 10021
f 10021 10020 10022
f 10021 10022 10016
f 10016 10022 10023
f 10016 10023 10017
f 10024 10025 10019
f 10019 10025 10026
f 10019 10026 10020
f 10027 10028 10029
f 10029 10028 10030
f 10029 10030 10024
f 10024 10030 10031
f 10024 10031 10025
f 10032 10033 10027
f 10027 10033 10034
f 10027 10034 10028
f 10035 10036 10032
f 10032 10036 10037
f 10032 10037 10033
f 10038 10039 10040
f 10040 10039 10041
f 10040 10041 10035
f 10035 10041 10042
f 10035 10042 10036
f 10043 10044 10038
f 10038 10044 10045
f 10038 10045 10039
f 10046 10047 10048
f 10048 10047 10049
f 10048 10049 10043
f 10043 10049 10050
f 10043 10050 10044
f 10051 10052 10046
f 10046 10052 10053
f 10046 10053 10047
f 10054 10055 10051
f 10051 10055 10056
f 10051 10056 10052
f 10057 10058 10059
f 10059 10058 10060
f 10059 10060 10054
f 10054 10060 10061
f 10054 10061 10055
f 10062 10063 10057
f 10057 10063 10064
f 10057 10064 10058
f 10065 10066 10067
f 10067 10066 10068
f 10067 10068 10062
f 10062 10068 10069
f 10062 10069 10063
f 10070 10071 10065
f 10065 10071 10072
f 10065 10072 10066
f 10073 10074 10070
f 10070 10074 10075
f 10070 10075 10071
f 10076 10077 10078
f 10078 10077 10079
f 10078 10079 10073
f 10073 10079 10080
f 10073 10080 10074
f 10081 10082 10076
f 10076 10082 10083
f 10076 10083 10077
f 10084 10085 10086
f 10086 10085 10087
f 10086 10087 10081
f 10081 10087 10088
f 10081 10088 10082
f 10089 10090 10084
f 10084 10090 10091
f 10084 10091 10085
f 10092 10093 10094
f 10094 10093 10095
f 10094 10095 10089
f 10089 10095 10096
f 10089 10096 10090
f 10097 10098 10092
f 10092 10098 10099
f 10092 10099 10093
f 9988 10100 9986
f 9986 10100 10101
f 9986 10101 10102
f 10102 10101 10103
f 10102 10103 10104
f 10104 10103 10105
f 10104 10105 10097
f 10097 10105 10106
f 10097 10106 10098
f 10102 10107 9986
f 9986 10107 10108
f 9986 10108 9987
f 9987 10108 10109
f 9987 10109 9991
f 9991 10109 10110
f 9991 10110 9989
f 9989 10110 10111
f 9989 10111 9994
f 9994 10111 10112
f 9994 10112 9999
f 9999 10112 10113
f 9999 10113 9997
f 9997 10113 10114
f 9997 10114 10002
f 10002 10114 10115
f 10002 10115 10005
f 10005 10115 10116
f 10005 10116 10010
f 10010 10116 10117
f 10010 10117 10008
f 10008 10117 10118
f 10008 10118 10013
f 10013 10118 10119
f 10013 10119 10016
f 10016 10119 10120
f 10016 10120 10021
f 10021 10120 10121
f 10021 10121 10019
f 10019 10121 10122
f 10019 10122 10024
f 10024 10122 10123
f 10024 10123 10029
f 10029 10123 10124
f 10029 10124 10027
f 10027 10124 10125
f 10027 10125 10032
f 10032 10125 10126
f 10032 10126 10035
f 10035 10126 10127
f 10035 10127 10040
f 10040 10127 10128
f 10040 10128 10038
f 10038 10128 10129
f 10038 10129 10043
f 10043 10129 10130
f 10043 10130 10048
f 10048 10130 10131
f 10048 10131 10046
f 10046 10131 10132
f 10046 10132 10051
f 10051 10132 10133
f 10051 10133 10054
f 10054 10133 10134
f 10054 10134 10059
f 10059 10134 10135
f 10059 10135 10057
f 10057 10135 10136
f 10057 10136 10062
f 10062 10136 10137
f 10062 10137 10067
f 10067 10137 10138
f 10067 10138 10065
f 10065 10138 10139
f 10065 10139 10070
f 10070 10139 10140
f 10070 10140 10073
f 10073 10140 10141
f 10073 10141 10078
f 10078 10141 10142
f 10078 10142 10076
f 10076 10142 10143
f 10076 10143 10081
f 10081 10143 10144
f 10081 10144 10086
f 10086 10144 10145
f 10086 10145 10084
f 10084 10145 10146
f 10084 10146 10089
f 10089 10146 10147
f 10089 10147 10094
f 10094 10147 10148
f 10094 10148 10092
f 10092 10148 10149
f 10092 10149 10097
f 10097 10149 10150
f 10097 10150 10104
f 10104 10150 10151
f 10104 10151 10102
f 10102 10151 10107
f 10107 9941 10108
f 10108 9941 9942
f 10108 9942 10109
f 10109 9942 9943
f 10109 9943 10110
f 10110 9943 9944
f 10110 9944 10111
f 10111 9944 9945
f 10111 9945 10112
f 10112 9945 9946
f 10112 9946 10113
f 10113 9946 9947
f 10113 9947 10114
f 10114 9947 9948
f 10114 9948 10115
f 10115 9948 9949
f 10115 9949 10116
f 10116 9949 9950
f 10116 9950 10117
f 10117 9950 9951
f 10117 9951 10118
f 10118 9951 9952
f 10118 9952 10119
f 10119 9952 9953
f 10119 9953 10120
f 10120 9953 9954
f 10120 9954 10121
f 10121 9954 9955
f 10121 9955 10122
f 10122 9955 9956
f 10122 9956 10123
f 10123 9956 9957
f 10123 9957 10124
f 10124 9957 9958
f 10124 9958 10125
f 10125 9958 9959
f 10125 9959 10126
f 10126 9959 9960
f 10126 9960 10127
f 10127 9960 9961
f 10127 9961 10128
f 10128 9961 9962
f 10128 9962 10129
f 10129 9962 9963
f 10129 9963 10130
f 10130 9963 9964
f 10130 9964 10131
f 10131 9964 9965
f 10131 9965 10132
f 10132 9965 9966
f 10132 9966 10133
f 10133 9966 9967
f 10133 9967 10134
f 10134 9967 9968
f 10134 9968 10135
f 10135 9968 9969
f 10135 9969 10136
f 10136 9969 9970
f 10136 9970 10137
f 10137 9970 9971
f 10137 9971 10138
f 10138 9971 9972
f 10138 9972 10139
f 10139 9972 9973
f 10139 9973 10140
f 10140 9973 9974
f 10140 9974 10141
f 10141 9974 9975
f 10141 9975 10142
f 10142 9975 9976
f 10142 9976 10143
f 10143 9976 9977
f 10143 9977 10144
f 10144 9977 9978
f 10144 9978 10145
f 10145 9978 9979
f 10145 9979 10146
f 10146 9979 9980
f 10146 9980 10147
f 10147 9980 9981
f 10147 9981 10148
f 10148 9981 9982
f 10148 9982 10149
f 10149 9982 9983
f 10149 9983 10150
f 10150 9983 9984
f 10150 9984 10151
f 10151 9984 9985
f 10151 9985 10107
f 10107 9985 9941
f 10152 10106 10153
f 10153 10106 10105
f 10153 10105 10154
f 10154 10105 10103
f 10154 10103 10155
f 10155 10103 10101
f 10155 10101 10156
f 10156 10101 10100
f 10156 10100 10157
f 10157 10100 9988
f 10157 9988 10158
f 10158 9988 9993
f 10158 9993 10159
f 10159 9993 9992
f 10159 9992 10160
f 10160 9992 9990
f 10160 9990 10161
f 10161 9990 9996
f 10161 9996 10162
f 10162 9996 9995
f 10162 9995 10163
f 10163 9995 10001
f 10163 10001 10164
f 10164 10001 10000
f 10164 10000 10165
f 10165 10000 9998
f 10165 9998 10166
f 10166 9998 10004
f 10166 10004 10167
f 10167 10004 10003
f 10167 10003 10168
f 10168 10003 10007
f 10168 10007 10169
f 10169 10007 10006
f 10169 10006 10170
f 10170 10006 10012
f 10170 10012 10171
f 10171 10012 10011
f 10171 10011 10172
f 10172 10011 10009
f 10172 10009 10173
f 10173 10009 10015
f 10173 10015 10174
f 10174 10015 10014
f 10174 10014 10175
f 10175 10014 10018
f 10175 10018 10176
f 10176 10018 10017
f 10176 10017 10177
f 10177 10017 10023
f 10177 10023 10178
f 10178 10023 10022
f 10178 10022 10179
f 10179 10022 10020
f 10179 10020 10180
f 10180 10020 10026
f 10180 10026 10181
f 10181 10026 10025
f 10181 10025 10182
f 10182 10025 10031
f 10182 10031 10183
f 10183 10031 10030
f 10183 10030 10184
f 10184 10030 10028
f 10184 10028 10185
f 10185 10028 10034
f 10185 10034 10186
f 10186 10034 10033
f 10186 10033 10187
f 10187 10033 10037
f 10187 10037 10188
f 10188 10037 10036
f 10188 10036 10189
f 10189 10036 10042
f 10189 10042 10190
f 10190 10042 10041
f 10190 10041 10191
f 10191 10041 10039
f 10191 10039 10192
f 10192 10039 10045
f 10192 10045 10193
f 10193 10045 10044
f 10193 10044 10194
f 10194 10044 10050
f 10194 10050 10195
f 10195 10050 10049
f 10195 10049 10196
f 10196 10049 10047
f 10196 10047 10197
f 10197 10047 10053
f 10197 10053 10198
f 10198 10053 10052
f 10198 10052 10199
f 10199 10052 10056
f 10199 10056 10200
f 10200 10056 10055
f 10200 10055 10201
f 10201 10055 10061
f 10201 10061 10202
f 10202 10061 10060
f 10202 10060 10203
f 10203 10060 10058
f 10203 10058 10204
f 10204 10058 10064
f 10204 10064 10205
f 10205 10064 10063
f 10205 10063 10206
f 10206 10063 10069
f 10206 10069 10207
f 10207 10069 10068
f 10207 10068 10208
f 10208 10068 10066
f 10208 10066 10209
f 10209 10066 10072
f 10209 10072 10210
f 10210 10072 10071
f 10210 10071 10211
f 10211 10071 10075
f 10211 10075 10212
f 10212 10075 10074
f 10212 10074 10213
f 10213 10074 10080
f 10213 10080 10214
f 10214 10080 10079
f 10214 10079 10215
f 10215 10079 10077
f 10215 10077 10216
f 10216 10077 10083
f 10216 10083 10217
f 10217 10083 10082
f 10217 10082 10218
f 10218 10082 10088
f 10218 10088 10219
f 10219 10088 10087
f 10219 10087 10220
f 10220 10087 10085
f 10220 10085 10221
f 10221 10085 10091
f 10221 10091 10222
f 10222 10091 10090
f 10222 10090 10223
f 10223 10090 10096
f 10223 10096 10224
f 10224 10096 10095
f 10224 10095 10225
f 10225 10095 10093
f 10225 10093 10226
f 10226 10093 10099
f 10226 10099 10227
f 10227 10099 10098
f 10227 10098 10152
f 10152 10098 10106
f 10228 10229 10170
f 10230 10231 10182
f 10232 10233 10194
f 10234 10235 10206
f 10236 10237 10225
f 10238 10222 10239
f 10239 10222 10223
f 10239 10223 10237
f 10237 10223 10224
f 10237 10224 10225
f 10240 10220 10238
f 10238 10220 10221
f 10238 10221 10222
f 10241 10217 10242
f 10242 10217 10218
f 10242 10218 10240
f 10240 10218 10219
f 10240 10219 10220
f 10243 10215 10241
f 10241 10215 10216
f 10241 10216 10217
f 10244 10213 10243
f 10243 10213 10214
f 10243 10214 10215
f 10245 10210 10246
f 10246 10210 10211
f 10246 10211 10244
f 10244 10211 10212
f 10244 10212 10213
f 10206 10207 10234
f 10234 10207 10208
f 10234 10208 10245
f 10245 10208 10209
f 10245 10209 10210
f 10247 10203 10248
f 10248 10203 10204
f 10248 10204 10235
f 10235 10204 10205
f 10235 10205 10206
f 10249 10201 10247
f 10247 10201 10202
f 10247 10202 10203
f 10250 10198 10251
f 10251 10198 10199
f 10251 10199 10249
f 10249 10199 10200
f 10249 10200 10201
f 10194 10195 10232
f 10232 10195 10196
f 10232 10196 10250
f 10250 10196 10197
f 10250 10197 10198
f 10252 10191 10253
f 10253 10191 10192
f 10253 10192 10233
f 10233 10192 10193
f 10233 10193 10194
f 10254 10189 10252
f 10252 10189 10190
f 10252 10190 10191
f 10255 10186 10256
f 10256 10186 10187
f 10256 10187 10254
f 10254 10187 10188
f 10254 10188 10189
f 10182 10183 10230
f 10230 10183 10184
f 10230 10184 10255
f 10255 10184 10185
f 10255 10185 10186
f 10257 10179 10258
f 10258 10179 10180
f 10258 10180 10231
f 10231 10180 10181
f 10231 10181 10182
f 10259 10177 10257
f 10257 10177 10178
f 10257 10178 10179
f 10260 10174 10261
f 10261 10174 10175
f 10261 10175 10259
f 10259 10175 10176
f 10259 10176 10177
f 10170 10171 10228
f 10228 10171 10172
f 10228 10172 10260
f 10260 10172 10173
f 10260 10173 10174
f 10262 10167 10263
f 10263 10167 10168
f 10263 10168 10229
f 10229 10168 10169
f 10229 10169 10170
f 10264 10165 10262
f 10262 10165 10166
f 10262 10166 10167
f 10265 10162 10266
f 10266 10162 10163
f 10266 10163 10264
f 10264 10163 10164
f 10264 10164 10165
f 10267 10160 10265
f 10265 10160 10161
f 10265 10161 10162
f 10268 10157 10269
f 10269 10157 10158
f 10269 10158 10267
f 10267 10158 10159
f 10267 10159 10160
f 10270 10155 10268
f 10268 10155 10156
f 10268 10156 10157
f 10225 10226 10236
f 10236 10226 10227
f 10236 10227 10271
f 10271 10227 10152
f 10271 10152 10272
f 10272 10152 10153
f 10272 10153 10270
f 10270 10153 10154
f 10270 10154 10155
f 10273 10274 10275
f 10275 10274 10276
f 10275 10276 10277
f 10277 10276 10278
f 10277 10278 10279
f 10279 10278 10280
f 10279 10280 10281
f 10281 10280 10282
f 10281 10282 10283
f 10283 10282 10284
f 10283 10284 10285
f 10285 10284 10286
f 10285 10286 10287
f 10287 10286 10288
f 10287 10288 10289
f 10289 10288 10290
f 10289 10290 10291
f 10291 10290 10292
f 10291 10292 10293
f 10293 10292 10294
f 10293 10294 10295
f 10295 10294 10296
f 10295 10296 10297
f 10297 10296 10298
f 10297 10298 10299
f 10299 10298 10300
f 10299 10300 10301
f 10301 10300 10302
f 10301 10302 10303
f 10303 10302 10304
f 10303 10304 10305
f 10305 10304 10306
f 10305 10306 10307
f 10307 10306 10308
f 10307 10308 10309
f 10309 10308 10310
f 10309 10310 10311
f 10311 10310 10312
f 10311 10312 10313
f 10313 10312 10314
f 10313 10314 10315
f 10315 10314 10316
f 10315 10316 10317
f 10317 10316 10318
f 10317 10318 10319
f 10319 10318 10320
f 10319 10320 10321
f 10321 10320 10322
f 10321 10322 10323
f 10323 10322 10324
f 10323 10324 10325
f 10325 10324 10326
f 10325 10326 10327
f 10327 10326 10328
f 10327 10328 10329
f 10329 10328 10330
f 10329 10330 10331
f 10331 10330 10332
f 10331 10332 10333
f 10333 10332 10334
f 10333 10334 10335
f 10335 10334 10336
f 10335 10336 10337
f 10337 10336 10338
f 10337 10338 10339
f 10339 10338 10340
f 10339 10340 10341
f 10341 10340 10342
f 10341 10342 10343
f 10343 10342 10344
f 10343 10344 10345
f 10345 10344 10346
f 10345 10346 10347
f 10347 10346 10348
f 10347 10348 10349
f 10349 10348 10350
f 10349 10350 10351
f 10351 10350 10352
f 10351 10352 10353
f 10353 10352 10354
f 10353 10354 10355
f 10355 10354 10356
f 10355 10356 10357
f 10357 10356 10358
f 10357 10358 10359
f 10359 10358 10360
f 10359 10360 10361
f 10361 10360 10362
f 10361 10362 10273
f 10273 10362 10274
f 10276 10363 10278
f 10278 10363 10364
f 10278 10364 10280
f 10280 10364 10365
f 10280 10365 10282
f 10282 10365 10366
f 10282 10366 10284
f 10284 10366 10367
f 10284 10367 10286
f 10286 10367 10368
f 10286 10368 10288
f 10288 10368 10369
f 10288 10369 10290
f 10290 10369 10370
f 10290 10370 10292
f 10292 10370 10371
f 10292 10371 10294
f 10294 10371 10372
f 10294 10372 10296
f 10296 10372 10373
f 10296 10373 10298
f 10298 10373 10374
f 10298 10374 10300
f 10300 10374 10375
f 10300 10375 10302
f 10302 10375 10376
f 10302 10376 10304
f 10304 10376 10377
f 10304 10377 10306
f 10306 10377 10378
f 10306 10378 10308
f 10308 10378 10379
f 10308 10379 10310
f 10310 10379 10380
f 10310 10380 10312
f 10312 10380 10381
f 10312 10381 10314
f 10314 10381 10382
f 10314 10382 10316
f 10316 10382 10383
f 10316 10383 10318
f 10318 10383 10384
f 10318 10384 10320
f 10320 10384 10385
f 10320 10385 10322
f 10322 10385 10386
f 10322 10386 10324
f 10324 10386 10387
f 10324 10387 10326
f 10326 10387 10388
f 10326 10388 10328
f 10328 10388 10389
f 10328 10389 10330
f 10330 10389 10390
f 10330 10390 10332
f 10332 10390 10391
f 10332 10391 10334
f 10334 10391 10392
f 10334 10392 10336
f 10336 10392 10393
f 10336 10393 10338
f 10338 10393 10394
f 10338 10394 10340
f 10340 10394 10395
f 10340 10395 10342
f 10342 10395 10396
f 10342 10396 10344
f 10344 10396 10397
f 10344 10397 10346
f 10346 10397 10398
f 10346 10398 10348
f 10348 10398 10399
f 10348 10399 10350
f 10350 10399 10400
f 10350 10400 10352
f 10352 10400 10401
f 10352 10401 10354
f 10354 10401 10402
f 10354 10402 10356
f 10356 10402 10403
f 10356 10403 10358
f 10358 10403 10404
f 10358 10404 10360
f 10360 10404 10405
f 10360 10405 10362
f 10362 10405 10406
f 10362 10406 10274
f 10274 10406 10407
f 10274 10407 10276
f 10276 10407 10363
f 10363 10270 10364
f 10364 10270 10268
f 10364 10268 10365
f 10365 10268 10269
f 10365 10269 10366
f 10366 10269 10267
f 10366 10267 10367
f 10367 10267 10265
f 10367 10265 10368
f 10368 10265 10266
f 10368 10266 10369
f 10369 10266 10264
f 10369 10264 10370
f 10370 10264 10262
f 10370 10262 10371
f 10371 10262 10263
f 10371 10263 10372
f 10372 10263 10229
f 10372 10229 10373
f 10373 10229 10228
f 10373 10228 10374
f 10374 10228 10260
f 10374 10260 10375
f 10375 10260 10261
f 10375 10261 10376
f 10376 10261 10259
f 10376 10259 10377
f 10377 10259 10257
f 10377 10257 10378
f 10378 10257 10258
f 10378 10258 10379
f 10379 10258 10231
f 10379 10231 10380
f 10380 10231 10230
f 10380 10230 10381
f 10381 10230 10255
f 10381 10255 10382
f 10382 10255 10256
f 10382 10256 10383
f 10383 10256 10254
f 10383 10254 10384
f 10384 10254 10252
f 10384 10252 10385
f 10385 10252 10253
f 10385 10253 10386
f 10386 10253 10233
f 10386 10233 10387
f 10387 10233 10232
f 10387 10232 10388
f 10388 10232 10250
f 10388 10250 10389
f 10389 10250 10251
f 10389 10251 10390
f 10390 10251 10249
f 10390 10249 10391
f 10391 10249 10247
f 10391 10247 10392
f 10392 10247 10248
f 10392 10248 10393
f 10393 10248 10235
f 10393 10235 10394
f 10394 10235 10234
f 10394 10234 10395
f 10395 10234 10245
f 10395 10245 10396
f 10396 10245 10246
f 10396 10246 10397
f 10397 10246 10244
f 10397 10244 10398
f 10398 10244 10243
f 10398 10243 10399
f 10399 10243 10241
f 10399 10241 10400
f 10400 10241 10242
f 10400 10242 10401
f 10401 10242 10240
f 10401 10240 10402
f 10402 10240 10238
f 10402 10238 10403
f 10403 10238 10239
f 10403 10239 10404
f 10404 10239 10237
f 10404 10237 10405
f 10405 10237 10236
f 10405 10236 10406
f 10406 10236 10271
f 10406 10271 10407
f 10407 10271 10272
f 10407 10272 10363
f 10363 10272 10270
f 10317 10319 10273
f 10273 10319 10321
f 10273 10321 10361
f 10305 10307 10277
f 10277 10307 10275
f 10349 10321 10323
f 10323 10325 10349
f 10349 10325 10327
f 10349 10327 10329
f 10287 10289 10291
f 10275 10307 10273
f 10273 10307 10309
f 10273 10309 10311
f 10311 10313 10273
f 10273 10313 10315
f 10273 10315 10317
f 10349 10351 10321
f 10321 10351 10353
f 10321 10353 10355
f 10293 10277 10279
f 10293 10295 10277
f 10277 10295 10297
f 10277 10297 10299
f 10339 10341 10337
f 10337 10341 10335
f 10335 10341 10333
f 10333 10341 10343
f 10333 10343 10345
f 10329 10331 10349
f 10349 10331 10333
f 10349 10333 10347
f 10347 10333 10345
f 10355 10357 10321
f 10321 10357 10359
f 10321 10359 10361
f 10279 10281 10293
f 10293 10281 10283
f 10293 10283 10291
f 10291 10283 10285
f 10291 10285 10287
f 10299 10301 10277
f 10277 10301 10303
f 10277 10303 10305
f 10408 10409 8876
f 8876 10409 10410
f 10409 10411 10410
f 10410 10411 10412
f 10410 10412 10413
f 10413 10412 10414
f 10413 10414 10415
f 10415 10414 10416
f 10415 10416 10417
f 10417 10416 10418
f 10417 10418 10419
f 10419 10418 10420
f 10419 10420 10421
f 10421 10420 10422
f 10421 10422 10423
f 10423 10422 10424
f 10423 10424 10425
f 10425 10424 10426
f 10425 10426 10427
f 10427 10426 10428
f 10427 10428 10429
f 10429 10428 10430
f 10429 10430 10431
f 10431 10430 10432
f 10431 10432 10433
f 10433 10432 10434
f 10433 10434 10435
f 10435 10434 10436
f 10435 10436 10437
f 10437 10436 10438
f 10437 10438 10439
f 10439 10438 10440
f 10439 10440 10441
f 10441 10440 10442
f 10441 10442 10443
f 10443 10442 10444
f 10443 10444 10445
f 10445 10444 10446
f 10445 10446 10447
f 10447 10446 10448
f 10447 10448 10449
f 10449 10448 10450
f 10449 10450 10451
f 10451 10450 10452
f 10451 10452 10453
f 10453 10452 10454
f 10453 10454 10455
f 10455 10454 10456
f 10455 10456 10457
f 10457 10456 10458
f 10457 10458 10459
f 10459 10458 10460
f 10459 10460 10461
f 10461 10460 10408
f 10461 10408 10462
f 10462 10408 8876
f 10411 10409 10436
f 10411 10436 10412
f 10432 10430 10422
f 10432 10422 10434
f 10430 10428 10422
f 10422 10428 10426
f 10422 10426 10424
f 10434 10422 10436
f 10436 10422 10420
f 10436 10420 10418
f 10418 10416 10436
f 10436 10416 10414
f 10436 10414 10412
f 10409 10408 10436
f 10436 10408 10460
f 10436 10460 10438
f 10438 10460 10458
f 10454 10444 10442
f 10454 10452 10444
f 10444 10452 10450
f 10444 10450 10446
f 10446 10450 10448
f 10458 10456 10438
f 10438 10456 10454
f 10438 10454 10440
f 10440 10454 10442
f 10463 10464 10465
f 10465 10464 10466
f 10465 10466 10467
f 10467 10466 10468
f 10467 10468 10469
f 10470 10471 10463
f 10463 10471 10472
f 10463 10472 10464
f 10473 10474 10475
f 10475 10474 10476
f 10475 10476 10477
f 10477 10476 10478
f 10477 10478 10479
f 10480 10481 10482
f 10482 10481 10483
f 10482 10483 10484
f 10484 10483 10485
f 10484 10485 10473
f 10473 10485 10486
f 10473 10486 10474
f 10487 10488 10489
f 10489 10488 10490
f 10489 10490 10491
f 10491 10490 10492
f 10491 10492 10470
f 10470 10492 10493
f 10470 10493 10471
f 10494 10495 10496
f 10496 10495 10497
f 10496 10497 10498
f 10498 10497 10499
f 10498 10499 10500
f 10500 10499 10501
f 10500 10501 10502
f 10503 10504 10505
f 10505 10504 10506
f 10505 10506 10507
f 10507 10506 10508
f 10507 10508 10487
f 10487 10508 10509
f 10487 10509 10488
f 10510 10511 10512
f 10512 10511 10513
f 10512 10513 10514
f 10514 10513 10515
f 10514 10515 10516
f 10501 10517 10502
f 10502 10517 10518
f 10502 10518 10519
f 10519 10518 10520
f 10519 10520 10521
f 10521 10520 10522
f 10521 10522 10510
f 10510 10522 10523
f 10510 10523 10511
f 10478 10524 10479
f 10479 10524 10525
f 10479 10525 10526
f 10526 10525 10527
f 10526 10527 10528
f 10528 10527 10529
f 10528 10529 10494
f 10494 10529 10530
f 10494 10530 10495
f 10531 10532 10533
f 10533 10532 10534
f 10533 10534 10535
f 10535 10534 10536
f 10535 10536 10503
f 10503 10536 10537
f 10503 10537 10504
f 10538 10539 10540
f 10540 10539 10541
f 10540 10541 10542
f 10542 10541 10543
f 10542 10543 10544
f 10544 10543 10545
f 10544 10545 10480
f 10480 10545 10546
f 10480 10546 10481
f 10547 10548 10549
f 10549 10548 10550
f 10549 10550 10551
f 10551 10550 10552
f 10551 10552 10538
f 10538 10552 10553
f 10538 10553 10539
f 10554 10555 10556
f 10556 10555 10557
f 10556 10557 10558
f 10558 10557 10559
f 10558 10559 10560
f 10560 10559 10561
f 10560 10561 10547
f 10547 10561 10562
f 10547 10562 10548
f 10563 10564 10565
f 10565 10564 10566
f 10565 10566 10567
f 10567 10566 10568
f 10567 10568 10569
f 10569 10568 10570
f 10569 10570 10571
f 10468 10572 10469
f 10469 10572 10573
f 10469 10573 10574
f 10574 10573 10575
f 10574 10575 10576
f 10576 10575 10577
f 10576 10577 10578
f 10578 10577 10579
f 10578 10579 10563
f 10563 10579 10580
f 10563 10580 10564
f 10581 10582 10583
f 10583 10582 10584
f 10583 10584 10585
f 10585 10584 10586
f 10585 10586 10587
f 10587 10586 10588
f 10587 10588 10531
f 10531 10588 10589
f 10531 10589 10532
f 10590 10591 10592
f 10592 10591 10593
f 10592 10593 10594
f 10594 10593 10595
f 10594 10595 10581
f 10581 10595 10596
f 10581 10596 10582
f 10570 10597 10571
f 10571 10597 10598
f 10571 10598 10599
f 10599 10598 10600
f 10599 10600 10601
f 10601 10600 10602
f 10601 10602 10603
f 10603 10602 10604
f 10603 10604 10554
f 10554 10604 10605
f 10554 10605 10555
f 10515 10606 10516
f 10516 10606 10607
f 10516 10607 10608
f 10608 10607 10609
f 10608 10609 10610
f 10610 10609 10611
f 10610 10611 10590
f 10590 10611 10612
f 10590 10612 10591
f 8876 10613 10614
f 10614 10613 10615
f 10614 10615 10616
f 10616 10615 10617
f 10616 10617 10618
f 10618 10617 10619
f 10618 10619 10620
f 10620 10619 10621
f 10620 10621 10622
f 10622 10621 10623
f 10622 10623 10624
f 10624 10623 10625
f 10624 10625 10626
f 10626 10625 10627
f 10626 10627 10628
f 10628 10627 10629
f 10628 10629 10630
f 10630 10629 10631
f 10630 10631 10632
f 10632 10631 10633
f 10632 10633 10634
f 10634 10633 10635
f 10634 10635 10636
f 10636 10635 10637
f 10636 10637 10638
f 10638 10637 10639
f 10638 10639 10640
f 10640 10639 10641
f 10640 10641 10642
f 10642 10641 10643
f 10642 10643 10644
f 10644 10643 10645
f 10644 10645 10646
f 10646 10645 10647
f 10646 10647 10648
f 10648 10647 10649
f 10648 10649 10650
f 10650 10649 10651
f 10650 10651 10652
f 10652 10651 10653
f 10652 10653 10654
f 10654 10653 10655
f 10654 10655 10656
f 10656 10655 10657
f 10656 10657 10658
f 10658 10657 10659
f 10658 10659 10660
f 10660 10659 10661
f 10660 10661 10662
f 10662 10661 10663
f 10662 10663 10664
f 10664 10663 10665
f 10664 10665 8876
f 8876 10665 10613
f 10657 10635 10659
f 10659 10635 10661
f 10653 10641 10639
f 10631 10629 10623
f 10623 10629 10627
f 10623 10627 10625
f 10635 10621 10619
f 10613 10665 10635
f 10635 10665 10663
f 10635 10663 10661
f 10647 10653 10649
f 10649 10653 10651
f 10657 10655 10635
f 10635 10655 10653
f 10635 10653 10637
f 10637 10653 10639
f 10621 10635 10623
f 10623 10635 10633
f 10623 10633 10631
f 10619 10617 10635
f 10635 10617 10615
f 10635 10615 10613
f 10647 10645 10653
f 10653 10645 10643
f 10653 10643 10641
f 8784 10666 10667
f 10667 10666 10668
f 10667 10668 10669
f 10669 10668 10670
f 10669 10670 10671
f 10671 10670 10672
f 10671 10672 10673
f 10673 10672 10674
f 10673 10674 10675
f 10675 10674 10676
f 10675 10676 10677
f 10677 10676 10678
f 10677 10678 10679
f 10679 10678 10680
f 10679 10680 10681
f 10681 10680 10682
f 10681 10682 10683
f 10683 10682 10684
f 10683 10684 10685
f 10685 10684 10686
f 10685 10686 10687
f 10687 10686 10688
f 10687 10688 10689
f 10689 10688 10690
f 10689 10690 10691
f 10691 10690 10692
f 10691 10692 10693
f 10693 10692 10694
f 10693 10694 10695
f 10695 10694 10696
f 10695 10696 10697
f 10697 10696 10698
f 10697 10698 10699
f 10699 10698 10700
f 10699 10700 10701
f 10701 10700 10702
f 10701 10702 10703
f 10703 10702 10704
f 10703 10704 10705
f 10705 10704 10706
f 10705 10706 10707
f 10707 10706 10708
f 10707 10708 10709
f 10709 10708 10710
f 10709 10710 10711
f 10711 10710 10712
f 10711 10712 10713
f 10713 10712 10714
f 10713 10714 10715
f 10715 10714 10716
f 10715 10716 10717
f 10717 10716 10718
f 10717 10718 8784
f 8784 10718 10666
f 10710 10688 10712
f 10712 10688 10714
f 10706 10694 10692
f 10684 10682 10676
f 10676 10682 10680
f 10676 10680 10678
f 10688 10674 10672
f 10666 10718 10688
f 10688 10718 10716
f 10688 10716 10714
f 10700 10706 10702
f 10702 10706 10704
f 10710 10708 10688
f 10688 10708 10706
f 10688 10706 10690
f 10690 10706 10692
f 10674 10688 10676
f 10676 10688 10686
f 10676 10686 10684
f 10672 10670 10688
f 10688 10670 10668
f 10688 10668 10666
f 10700 10698 10706
f 10706 10698 10696
f 10706 10696 10694
f 10719 10720 10721
f 10722 10723 10721
f 10721 10723 10724
f 10721 10724 10719
f 10719 10725 10720
f 10720 10725 10726
f 10720 10726 10727
f 10727 10726 10728
f 10727 10728 10729
f 10730 10731 10732
f 10733 10734 10735
f 10736 10737 10735
f 10735 10737 10738
f 10735 10738 10733
f 10739 10740 10736
f 10736 10740 10741
f 10736 10741 10737
f 10742 10743 10744
f 10745 10746 10722
f 10722 10746 10747
f 10722 10747 10723
f 10744 10748 10742
f 10742 10748 10749
f 10742 10749 10750
f 10750 10749 10751
f 10750 10751 10752
f 10753 10754 10755
f 10755 10754 10756
f 10755 10756 10757
f 10758 10759 10753
f 10753 10759 10760
f 10753 10760 10754
f 10733 10761 10734
f 10734 10761 10762
f 10734 10762 10763
f 10763 10762 10764
f 10763 10764 10758
f 10758 10764 10765
f 10758 10765 10759
f 10766 10767 10768
f 10768 10767 10769
f 10768 10769 10770
f 10771 10772 10766
f 10766 10772 10773
f 10766 10773 10767
f 10774 10775 10776
f 10776 10775 10777
f 10776 10777 10778
f 10730 10779 10731
f 10731 10779 10780
f 10731 10780 10781
f 10781 10780 10782
f 10781 10782 10783
f 10783 10782 10784
f 10751 10785 10752
f 10752 10785 10786
f 10752 10786 10787
f 10788 10789 10790
f 10791 10792 10790
f 10790 10792 10793
f 10790 10793 10788
f 10794 10795 10796
f 10796 10795 10797
f 10796 10797 10771
f 10771 10797 10798
f 10771 10798 10772
f 10777 10799 10778
f 10778 10799 10800
f 10778 10800 10794
f 10794 10800 10801
f 10794 10801 10795
f 10802 10803 10732
f 10732 10803 10804
f 10732 10804 10730
f 10786 10805 10787
f 10787 10805 10806
f 10787 10806 10807
f 10807 10806 10808
f 10807 10808 10802
f 10802 10808 10809
f 10802 10809 10803
f 10810 10811 10812
f 10812 10811 10813
f 10812 10813 10743
f 10743 10813 10814
f 10743 10814 10744
f 10788 10815 10789
f 10789 10815 10816
f 10789 10816 10810
f 10810 10816 10817
f 10810 10817 10811
f 10728 10818 10729
f 10729 10818 10819
f 10729 10819 10820
f 10820 10819 10821
f 10820 10821 10791
f 10791 10821 10822
f 10791 10822 10792
f 10823 10824 10825
f 10825 10824 10826
f 10825 10826 10745
f 10745 10826 10827
f 10745 10827 10746
f 10828 10829 10823
f 10823 10829 10830
f 10823 10830 10824
f 10831 10832 10828
f 10828 10832 10833
f 10828 10833 10829
f 10769 10834 10770
f 10770 10834 10835
f 10770 10835 10739
f 10739 10835 10836
f 10739 10836 10740
f 10837 10838 10774
f 10774 10838 10839
f 10774 10839 10775
f 10840 10841 10842
f 10842 10841 10843
f 10842 10843 10831
f 10831 10843 10844
f 10831 10844 10832
f 10784 10845 10783
f 10783 10845 10846
f 10783 10846 10847
f 10847 10846 10848
f 10847 10848 10837
f 10837 10848 10849
f 10837 10849 10838
f 10756 10850 10757
f 10757 10850 10851
f 10757 10851 10840
f 10840 10851 10852
f 10840 10852 10841
f 10853 7893 10854
f 10854 10855 10853
f 10853 10855 10856
f 10853 10856 10857
f 10856 10858 10857
f 10857 10858 10859
f 10857 10859 10860
f 10859 10861 10860
f 10860 10861 10862
f 10860 10862 10863
f 10862 10864 10863
f 10863 10864 10865
f 10863 10865 10866
f 10865 10867 10866
f 10866 10867 10868
f 10866 10868 10869
f 10868 10870 10869
f 10869 10870 10871
f 10869 10871 10872
f 10871 10873 10872
f 10872 10873 10874
f 10872 10874 10875
f 10874 10876 10875
f 10875 10876 10877
f 10875 10877 10878
f 10877 10879 10878
f 10878 10879 10880
f 10878 10880 10881
f 10880 10882 10881
f 10881 10882 10883
f 10881 10883 10884
f 10885 10886 10887
f 10887 10886 10884
f 10887 10884 10888
f 10888 10884 10883
f 10885 10889 10886
f 10886 10889 10890
f 10886 10890 7885
f 7885 10890 10891
f 10891 10892 7885
f 7885 10892 10893
f 7885 10893 10894
f 10893 10895 10894
f 10894 10895 10896
f 10894 10896 10897
f 10896 10898 10897
f 10897 10898 10899
f 10897 10899 10900
f 10899 10901 10900
f 10900 10901 10902
f 10900 10902 10903
f 10902 10904 10903
f 10903 10904 10905
f 10903 10905 10906
f 10905 10907 10906
f 10906 10907 10908
f 10906 10908 10909
f 10908 10910 10909
f 10909 10910 10911
f 10909 10911 10912
f 10912 10911 10913
f 10912 10913 10914
f 10914 10915 10912
f 10912 10915 10916
f 10912 10916 10917
f 10916 10918 10917
f 10917 10918 10919
f 10917 10919 10920
f 10919 10921 10920
f 10920 10921 10922
f 10920 10922 10923
f 10922 10924 10923
f 10923 10924 10925
f 10923 10925 10926
f 10925 10927 10926
f 10926 10927 10928
f 10926 10928 10929
f 10928 10930 10929
f 10929 10930 10931
f 10929 10931 7893
f 7893 10931 10932
f 7893 10932 10854
f 10933 10881 10934
f 10934 10881 10884
f 10934 10884 10935
f 10935 10884 10886
f 10935 10886 10936
f 10936 10886 7885
f 10936 7885 10937
f 10937 7885 10894
f 10937 10894 10938
f 10938 10894 10897
f 10938 10897 10939
f 10897 10900 10939
f 10939 10900 10903
f 10939 10903 10940
f 10940 10903 10906
f 10940 10906 10941
f 10941 10906 10909
f 10941 10909 10942
f 10942 10909 10912
f 10942 10912 10943
f 10943 10912 10917
f 10943 10917 10944
f 10945 10863 10946
f 10946 10863 10866
f 10946 10866 10947
f 10947 10866 10869
f 10947 10869 10948
f 10948 10869 10872
f 10948 10872 10949
f 10949 10872 10875
f 10949 10875 10933
f 10933 10875 10878
f 10933 10878 10881
f 10917 10920 10944
f 10944 10920 10923
f 10944 10923 10950
f 10950 10923 10926
f 10950 10926 10951
f 10951 10926 10929
f 10951 10929 10952
f 10952 10929 7893
f 10952 7893 10953
f 10953 7893 10853
f 10953 10853 10954
f 10954 10853 10857
f 10954 10857 10945
f 10945 10857 10860
f 10945 10860 10863
f 10955 10937 10956
f 10956 10937 10938
f 10956 10938 10957
f 10957 10938 10939
f 10957 10939 10958
f 10958 10939 10940
f 10958 10940 10959
f 10959 10940 10941
f 10959 10941 10960
f 10960 10941 10942
f 10960 10942 10961
f 10961 10942 10943
f 10961 10943 10962
f 10962 10943 10944
f 10962 10944 10963
f 10963 10944 10950
f 10963 10950 10964
f 10964 10950 10951
f 10964 10951 10965
f 10965 10951 10952
f 10965 10952 10966
f 10966 10952 10953
f 10966 10953 10967
f 10967 10953 10954
f 10967 10954 10968
f 10968 10954 10945
f 10968 10945 10969
f 10969 10945 10946
f 10969 10946 10970
f 10970 10946 10947
f 10970 10947 10971
f 10971 10947 10948
f 10971 10948 10972
f 10972 10948 10949
f 10972 10949 10973
f 10973 10949 10933
f 10973 10933 10974
f 10974 10933 10934
f 10974 10934 10975
f 10975 10934 10935
f 10975 10935 10976
f 10976 10935 10936
f 10976 10936 10955
f 10955 10936 10937
f 10977 10965 10978
f 10978 10965 10966
f 10978 10966 10979
f 10979 10966 10967
f 10979 10967 10980
f 10980 10967 10968
f 10980 10968 10981
f 10981 10968 10969
f 10981 10969 10982
f 10982 10969 10970
f 10982 10970 10983
f 10983 10970 10971
f 10983 10971 10984
f 10984 10971 10972
f 10984 10972 10985
f 10985 10972 10973
f 10985 10973 10986
f 10986 10973 10974
f 10986 10974 10987
f 10987 10974 10975
f 10987 10975 10988
f 10988 10975 10976
f 10988 10976 10989
f 10989 10976 10955
f 10989 10955 10990
f 10990 10955 10956
f 10990 10956 10991
f 10991 10956 10957
f 10991 10957 10992
f 10992 10957 10958
f 10992 10958 10993
f 10993 10958 10959
f 10993 10959 10994
f 10994 10959 10960
f 10994 10960 10995
f 10995 10960 10961
f 10995 10961 10996
f 10996 10961 10962
f 10996 10962 10997
f 10997 10962 10963
f 10997 10963 10998
f 10998 10963 10964
f 10998 10964 10977
f 10977 10964 10965
f 10999 10990 11000
f 11000 10990 10991
f 11000 10991 11001
f 11001 10991 10992
f 11001 10992 11002
f 11002 10992 10993
f 11002 10993 11003
f 11003 10993 10994
f 11003 10994 11004
f 11004 10994 10995
f 11004 10995 11005
f 11005 10995 10996
f 11005 10996 11006
f 11006 10996 10997
f 11006 10997 11007
f 11007 10997 10998
f 11007 10998 11008
f 11008 10998 10977
f 11008 10977 11009
f 11009 10977 10978
f 11009 10978 11010
f 11010 10978 10979
f 11010 10979 11011
f 11011 10979 10980
f 11011 10980 11012
f 11012 10980 10981
f 11012 10981 11013
f 11013 10981 10982
f 11013 10982 11014
f 11014 10982 10983
f 11014 10983 11015
f 11015 10983 10984
f 11015 10984 11016
f 11016 10984 10985
f 11016 10985 11017
f 11017 10985 10986
f 11017 10986 11018
f 11018 10986 10987
f 11018 10987 11019
f 11019 10987 10988
f 11019 10988 11020
f 11020 10988 10989
f 11020 10989 10999
f 10999 10989 10990
f 11018 11019 11021
f 11003 11004 11022
f 11007 11008 11023
f 11023 11024 11007
f 11007 11024 11025
f 11007 11025 11006
f 11020 11026 11019
f 11019 11026 11027
f 11019 11027 11021
f 11022 11028 11003
f 11003 11028 11029
f 11003 11029 11002
f 11021 11030 11018
f 11018 11030 11031
f 11018 11031 11017
f 11014 11015 11032
f 11025 11033 11006
f 11006 11033 11034
f 11006 11034 11005
f 11005 11034 11035
f 11005 11035 11004
f 11004 11035 11036
f 11004 11036 11022
f 11029 11037 11002
f 11002 11037 11038
f 11002 11038 11001
f 11038 11039 11001
f 11001 11039 11040
f 11001 11040 11000
f 11031 11041 11017
f 11017 11041 11042
f 11017 11042 11016
f 11016 11042 11043
f 11016 11043 11015
f 11015 11043 11044
f 11015 11044 11032
f 11009 11045 11008
f 11008 11045 11046
f 11008 11046 11023
f 11040 11047 11000
f 11000 11047 11048
f 11000 11048 10999
f 10999 11048 11049
f 10999 11049 11020
f 11020 11049 11050
f 11020 11050 11026
f 11032 11051 11014
f 11014 11051 11052
f 11014 11052 11013
f 11052 11053 11013
f 11013 11053 11054
f 11013 11054 11012
f 11054 11055 11012
f 11012 11055 11056
f 11012 11056 11011
f 11056 11057 11011
f 11011 11057 11058
f 11011 11058 11010
f 11010 11058 11059
f 11010 11059 11009
f 11009 11059 11060
f 11009 11060 11045
f 11061 11062 11063
f 11064 11065 11066
f 11067 11068 11069
f 10893 10892 11070
f 11070 10892 10891
f 11071 11072 10898
f 10898 11072 10899
f 10899 11072 11073
f 10899 11073 10901
f 10901 11073 11074
f 10901 11074 10902
f 10902 11074 10904
f 10904 11074 11075
f 10904 11075 10905
f 10905 11075 11076
f 10905 11076 10907
f 10907 11076 11077
f 10907 11077 10908
f 10908 11077 10910
f 10910 11077 11078
f 10910 11078 10911
f 10911 11078 11079
f 10911 11079 10913
f 10913 11079 11080
f 10913 11080 10914
f 11081 10924 11082
f 11082 10924 10922
f 11082 10922 11083
f 11083 10922 10921
f 11083 10921 11084
f 11084 10921 10919
f 11084 10919 11085
f 11085 10919 10918
f 11085 10918 11086
f 11086 10918 10916
f 11086 10916 11080
f 11080 10916 10915
f 11080 10915 10914
f 10928 10927 11081
f 11081 10927 10925
f 11081 10925 10924
f 11087 10930 11088
f 11088 10930 10928
f 11088 10928 11089
f 11089 10928 11081
f 11090 10855 11091
f 11091 10855 10854
f 11091 10854 11092
f 11092 10854 10932
f 11092 10932 11087
f 11087 10932 10931
f 11087 10931 10930
f 11093 10861 11094
f 11094 10861 10859
f 11094 10859 11095
f 11095 10859 10858
f 11095 10858 11090
f 11090 10858 10856
f 11090 10856 10855
f 11096 10867 11097
f 11097 10867 10865
f 11097 10865 11098
f 11098 10865 10864
f 11098 10864 11093
f 11093 10864 10862
f 11093 10862 10861
f 11099 10876 11100
f 11100 10876 10874
f 11100 10874 11101
f 11101 10874 10873
f 11101 10873 11102
f 11102 10873 10871
f 11102 10871 11103
f 11103 10871 10870
f 11103 10870 11096
f 11096 10870 10868
f 11096 10868 10867
f 10880 10879 11099
f 11099 10879 10877
f 11099 10877 10876
f 10888 10883 11104
f 11104 10883 10882
f 11104 10882 11105
f 11105 10882 10880
f 11105 10880 11106
f 11106 10880 11099
f 10888 11104 10887
f 10887 11104 11107
f 10887 11107 10885
f 10885 11107 11108
f 10885 11108 10889
f 10889 11108 11109
f 10889 11109 10890
f 10890 11109 11110
f 10890 11110 10891
f 11111 11112 11113
f 10898 10896 11071
f 11071 10896 10895
f 11071 10895 11069
f 11069 10895 10893
f 11069 10893 11067
f 11067 10893 11070
f 11067 11070 11068
f 11062 11061 11114
f 11114 11061 11115
f 11114 11115 11110
f 11116 11117 11118
f 11118 11117 11119
f 11118 11119 11120
f 11120 11119 11121
f 11120 11121 11122
f 11122 11121 11123
f 11122 11123 11124
f 11124 11123 11125
f 11124 11125 11126
f 11112 11111 11127
f 11127 11111 11128
f 11127 11128 11129
f 11129 11128 11130
f 11129 11130 11131
f 11131 11130 11132
f 11132 11130 11133
f 11132 11133 11134
f 11134 11133 11135
f 11135 11133 11136
f 11135 11136 11137
f 11137 11136 11138
f 11138 11136 11139
f 11138 11139 11140
f 11140 11139 11141
f 11140 11141 11142
f 11142 11141 11143
f 11143 11141 11144
f 11143 11144 11145
f 11145 11144 11146
f 11146 11144 11147
f 11146 11147 11148
f 11148 11147 11149
f 11149 11147 11150
f 11149 11150 11151
f 11151 11150 11152
f 11151 11152 11153
f 11153 11152 11154
f 11154 11152 11155
f 11154 11155 11156
f 11156 11155 11157
f 11157 11155 11158
f 11157 11158 11159
f 11159 11158 11160
f 11160 11158 11161
f 11160 11161 11162
f 11162 11161 11163
f 11162 11163 11164
f 11165 11166 11167
f 11167 11166 11168
f 11167 11168 11163
f 11163 11168 11169
f 11163 11169 11164
f 11170 11171 11172
f 11172 11171 11173
f 11172 11173 11174
f 11174 11173 11175
f 11174 11175 11165
f 11165 11175 11176
f 11165 11176 11166
f 11170 11172 11177
f 11177 11172 11178
f 11177 11178 11179
f 11179 11178 11180
f 11179 11180 11181
f 11181 11180 11182
f 11182 11180 11183
f 11182 11183 11184
f 11184 11183 11185
f 11184 11185 11186
f 11186 11185 11187
f 11187 11185 11188
f 11187 11188 11189
f 11189 11188 11190
f 11190 11188 11191
f 11190 11191 11192
f 11192 11191 11193
f 11192 11193 11194
f 11195 11196 11197
f 11197 11196 11198
f 11197 11198 11193
f 11193 11198 11199
f 11193 11199 11194
f 11200 11201 11202
f 11202 11201 11203
f 11202 11203 11195
f 11195 11203 11204
f 11195 11204 11196
f 11205 11206 11207
f 11207 11206 11208
f 11207 11208 11200
f 11200 11208 11209
f 11200 11209 11201
f 11210 11211 11205
f 11205 11211 11212
f 11205 11212 11206
f 11213 11214 11210
f 11210 11214 11215
f 11210 11215 11211
f 11216 11217 11218
f 11218 11217 11219
f 11218 11219 11213
f 11213 11219 11220
f 11213 11220 11214
f 11221 11222 11216
f 11216 11222 11223
f 11216 11223 11217
f 11224 11225 11221
f 11221 11225 11226
f 11221 11226 11222
f 11227 11228 11224
f 11224 11228 11229
f 11224 11229 11225
f 11117 11230 11119
f 11119 11230 11231
f 11119 11231 11121
f 11121 11231 11232
f 11121 11232 11123
f 11123 11232 11233
f 11123 11233 11125
f 11125 11233 11234
f 11125 11234 11126
f 11126 11234 11235
f 11126 11235 11236
f 11237 11116 11238
f 11238 11116 11118
f 11238 11118 11239
f 11239 11118 11120
f 11239 11120 11240
f 11240 11120 11122
f 11240 11122 11241
f 11241 11122 11124
f 11241 11124 11242
f 11242 11124 11126
f 11242 11126 11227
f 11227 11126 11236
f 11227 11236 11228
f 11111 11243 11128
f 11128 11243 11244
f 11128 11244 11130
f 11130 11244 11245
f 11130 11245 11133
f 11133 11245 11246
f 11133 11246 11136
f 11136 11246 11247
f 11136 11247 11139
f 11139 11247 11248
f 11139 11248 11141
f 11141 11248 11249
f 11141 11249 11144
f 11144 11249 11250
f 11144 11250 11147
f 11147 11250 11251
f 11147 11251 11150
f 11150 11251 11252
f 11150 11252 11152
f 11152 11252 11253
f 11152 11253 11155
f 11155 11253 11254
f 11155 11254 11158
f 11158 11254 11255
f 11158 11255 11161
f 11161 11255 11256
f 11161 11256 11163
f 11163 11256 11257
f 11163 11257 11167
f 11167 11257 11258
f 11167 11258 11165
f 11165 11258 11259
f 11165 11259 11174
f 11174 11259 11260
f 11174 11260 11172
f 11172 11260 11261
f 11172 11261 11178
f 11178 11261 11262
f 11178 11262 11180
f 11180 11262 11263
f 11180 11263 11183
f 11183 11263 11264
f 11183 11264 11185
f 11185 11264 11265
f 11185 11265 11188
f 11188 11265 11266
f 11188 11266 11191
f 11191 11266 11267
f 11191 11267 11193
f 11193 11267 11268
f 11193 11268 11197
f 11197 11268 11269
f 11197 11269 11195
f 11195 11269 11270
f 11195 11270 11202
f 11202 11270 11271
f 11202 11271 11200
f 11200 11271 11272
f 11200 11272 11207
f 11207 11272 11273
f 11207 11273 11205
f 11205 11273 11274
f 11205 11274 11210
f 11210 11274 11275
f 11210 11275 11213
f 11213 11275 11276
f 11213 11276 11218
f 11218 11276 11277
f 11218 11277 11216
f 11216 11277 11278
f 11216 11278 11221
f 11221 11278 11279
f 11221 11279 11224
f 11224 11279 11280
f 11224 11280 11227
f 11227 11280 11066
f 11227 11066 11242
f 11242 11066 11065
f 11242 11065 11241
f 11241 11065 11064
f 11241 11064 11240
f 11240 11064 11281
f 11240 11281 11239
f 11108 11237 11109
f 11109 11237 11238
f 11109 11238 11110
f 11110 11238 11239
f 11110 11239 11114
f 11114 11239 11281
f 11114 11281 11062
f 11062 11281 11064
f 11062 11064 11063
f 11063 11064 11066
f 11063 11066 11282
f 11282 11066 11280
f 11282 11280 11283
f 11283 11280 11279
f 11283 11279 11284
f 11284 11279 11278
f 11284 11278 11285
f 11285 11278 11277
f 11285 11277 11286
f 11286 11277 11276
f 11286 11276 11287
f 11287 11276 11275
f 11287 11275 11288
f 11288 11275 11274
f 11288 11274 11289
f 11289 11274 11273
f 11289 11273 11290
f 11290 11273 11272
f 11290 11272 11291
f 11291 11272 11271
f 11291 11271 11292
f 11292 11271 11270
f 11292 11270 11293
f 11293 11270 11269
f 11293 11269 11294
f 11294 11269 11268
f 11294 11268 11295
f 11295 11268 11267
f 11295 11267 11296
f 11296 11267 11266
f 11296 11266 11297
f 11297 11266 11265
f 11297 11265 11298
f 11298 11265 11264
f 11298 11264 11299
f 11299 11264 11263
f 11299 11263 11300
f 11300 11263 11262
f 11300 11262 11301
f 11301 11262 11261
f 11301 11261 11302
f 11302 11261 11260
f 11302 11260 11303
f 11303 11260 11259
f 11303 11259 11304
f 11304 11259 11258
f 11304 11258 11305
f 11305 11258 11257
f 11305 11257 11306
f 11306 11257 11256
f 11306 11256 11307
f 11307 11256 11255
f 11307 11255 11308
f 11308 11255 11254
f 11308 11254 11309
f 11309 11254 11253
f 11309 11253 11310
f 11310 11253 11252
f 11310 11252 11311
f 11311 11252 11251
f 11311 11251 11312
f 11312 11251 11250
f 11312 11250 11313
f 11313 11250 11249
f 11313 11249 11314
f 11314 11249 11248
f 11314 11248 11315
f 11315 11248 11247
f 11315 11247 11316
f 11316 11247 11246
f 11316 11246 11317
f 11317 11246 11245
f 11317 11245 11318
f 11318 11245 11244
f 11318 11244 11319
f 11319 11244 11243
f 10891 11110 11070
f 11070 11110 11115
f 11070 11115 11068
f 11068 11115 11061
f 11068 11061 11069
f 11069 11061 11063
f 11069 11063 11071
f 11071 11063 11282
f 11071 11282 11072
f 11072 11282 11283
f 11072 11283 11073
f 11073 11283 11284
f 11073 11284 11074
f 11074 11284 11285
f 11074 11285 11075
f 11075 11285 11286
f 11075 11286 11076
f 11076 11286 11287
f 11076 11287 11077
f 11077 11287 11288
f 11077 11288 11078
f 11078 11288 11289
f 11078 11289 11079
f 11079 11289 11290
f 11079 11290 11080
f 11080 11290 11291
f 11080 11291 11086
f 11086 11291 11292
f 11086 11292 11085
f 11085 11292 11293
f 11085 11293 11084
f 11084 11293 11294
f 11084 11294 11083
f 11083 11294 11295
f 11083 11295 11082
f 11082 11295 11296
f 11082 11296 11081
f 11081 11296 11297
f 11081 11297 11089
f 11089 11297 11298
f 11089 11298 11088
f 11088 11298 11299
f 11088 11299 11087
f 11087 11299 11300
f 11087 11300 11092
f 11092 11300 11301
f 11092 11301 11091
f 11091 11301 11302
f 11091 11302 11090
f 11090 11302 11303
f 11090 11303 11095
f 11095 11303 11304
f 11095 11304 11094
f 11094 11304 11305
f 11094 11305 11093
f 11093 11305 11306
f 11093 11306 11098
f 11098 11306 11307
f 11098 11307 11097
f 11097 11307 11308
f 11097 11308 11096
f 11096 11308 11309
f 11096 11309 11103
f 11103 11309 11310
f 11103 11310 11102
f 11102 11310 11311
f 11102 11311 11101
f 11101 11311 11312
f 11101 11312 11100
f 11100 11312 11313
f 11100 11313 11099
f 11099 11313 11314
f 11099 11314 11106
f 11106 11314 11315
f 11106 11315 11105
f 11105 11315 11316
f 11105 11316 11104
f 11104 11316 11317
f 11104 11317 11107
f 11107 11317 11318
f 11107 11318 11108
f 11108 11318 11319
f 11108 11319 11237
f 11237 11319 11243
f 11237 11243 11116
f 11116 11243 11111
f 11116 11111 11117
f 11117 11111 11113
f 11117 11113 11230
f 11233 11232 11320
f 11320 11232 11231
f 11320 11231 11321
f 11321 11231 11230
f 11321 11230 11113
f 11113 11112 11321
f 11321 11112 11127
f 11321 11127 11322
f 11127 11129 11322
f 11322 11129 11131
f 11322 11131 11323
f 11131 11132 11323
f 11323 11132 11134
f 11323 11134 11324
f 11138 11325 11137
f 11137 11325 11324
f 11137 11324 11135
f 11135 11324 11134
f 11138 11140 11325
f 11325 11140 11142
f 11325 11142 11326
f 11142 11143 11326
f 11326 11143 11145
f 11326 11145 11327
f 11149 11328 11148
f 11148 11328 11327
f 11148 11327 11146
f 11146 11327 11145
f 11149 11151 11328
f 11328 11151 11153
f 11328 11153 11329
f 11153 11154 11329
f 11329 11154 11156
f 11329 11156 11330
f 11160 11331 11159
f 11159 11331 11330
f 11159 11330 11157
f 11157 11330 11156
f 11160 11162 11331
f 11331 11162 11164
f 11331 11164 11332
f 11164 11169 11332
f 11332 11169 11168
f 11332 11168 11333
f 11175 11334 11176
f 11176 11334 11333
f 11176 11333 11166
f 11166 11333 11168
f 11175 11173 11334
f 11334 11173 11171
f 11334 11171 11335
f 11179 11336 11177
f 11177 11336 11335
f 11177 11335 11170
f 11170 11335 11171
f 11179 11181 11336
f 11336 11181 11182
f 11336 11182 11337
f 11182 11184 11337
f 11337 11184 11186
f 11337 11186 11338
f 11190 11339 11189
f 11189 11339 11338
f 11189 11338 11187
f 11187 11338 11186
f 11190 11192 11339
f 11339 11192 11194
f 11339 11194 11340
f 11196 11341 11198
f 11198 11341 11340
f 11198 11340 11199
f 11199 11340 11194
f 11201 11342 11203
f 11203 11342 11341
f 11203 11341 11204
f 11204 11341 11196
f 11201 11209 11342
f 11342 11209 11208
f 11342 11208 11343
f 11208 11206 11343
f 11343 11206 11212
f 11343 11212 11344
f 11214 11345 11215
f 11215 11345 11344
f 11215 11344 11211
f 11211 11344 11212
f 11214 11220 11345
f 11345 11220 11219
f 11345 11219 11346
f 11219 11217 11346
f 11346 11217 11223
f 11346 11223 11347
f 11225 11348 11226
f 11226 11348 11347
f 11226 11347 11222
f 11222 11347 11223
f 11225 11229 11348
f 11348 11229 11228
f 11348 11228 11349
f 11228 11236 11349
f 11349 11236 11235
f 11349 11235 11320
f 11320 11235 11234
f 11320 11234 11233
f 11339 11350 11338
f 11338 11350 11351
f 11338 11351 11337
f 11337 11351 11352
f 11337 11352 11336
f 11336 11352 11353
f 11336 11353 11335
f 11335 11353 11354
f 11335 11354 11334
f 11334 11354 11355
f 11334 11355 11333
f 11333 11355 11356
f 11333 11356 11332
f 11332 11356 11357
f 11332 11357 11331
f 11331 11357 11358
f 11331 11358 11330
f 11330 11358 11359
f 11330 11359 11329
f 11329 11359 11360
f 11329 11360 11328
f 11328 11360 11361
f 11328 11361 11327
f 11327 11361 11362
f 11327 11362 11326
f 11326 11362 11363
f 11326 11363 11325
f 11325 11363 11364
f 11325 11364 11324
f 11324 11364 11365
f 11324 11365 11323
f 11323 11365 11366
f 11323 11366 11322
f 11322 11366 11367
f 11322 11367 11321
f 11321 11367 11368
f 11321 11368 11320
f 11320 11368 11369
f 11320 11369 11349
f 11349 11369 11370
f 11349 11370 11348
f 11348 11370 11371
f 11348 11371 11347
f 11347 11371 11372
f 11347 11372 11346
f 11346 11372 11373
f 11346 11373 11345
f 11345 11373 11374
f 11345 11374 11344
f 11344 11374 11375
f 11344 11375 11343
f 11343 11375 11376
f 11343 11376 11342
f 11342 11376 11377
f 11342 11377 11341
f 11341 11377 11378
f 11341 11378 11340
f 11340 11378 11379
f 11340 11379 11339
f 11339 11379 11350
f 11369 11380 11370
f 11370 11380 11381
f 11370 11381 11371
f 11371 11381 11382
f 11371 11382 11372
f 11372 11382 11383
f 11372 11383 11373
f 11373 11383 11384
f 11373 11384 11374
f 11374 11384 11385
f 11374 11385 11375
f 11375 11385 11386
f 11375 11386 11376
f 11376 11386 11387
f 11376 11387 11377
f 11377 11387 11388
f 11377 11388 11378
f 11378 11388 11389
f 11378 11389 11379
f 11379 11389 11390
f 11379 11390 11350
f 11350 11390 11391
f 11350 11391 11351
f 11351 11391 11392
f 11351 11392 11352
f 11352 11392 11393
f 11352 11393 11353
f 11353 11393 11394
f 11353 11394 11354
f 11354 11394 11395
f 11354 11395 11355
f 11355 11395 11396
f 11355 11396 11356
f 11356 11396 11397
f 11356 11397 11357
f 11357 11397 11398
f 11357 11398 11358
f 11358 11398 11399
f 11358 11399 11359
f 11359 11399 11400
f 11359 11400 11360
f 11360 11400 11401
f 11360 11401 11361
f 11361 11401 11402
f 11361 11402 11362
f 11362 11402 11403
f 11362 11403 11363
f 11363 11403 11404
f 11363 11404 11364
f 11364 11404 11405
f 11364 11405 11365
f 11365 11405 11406
f 11365 11406 11366
f 11366 11406 11407
f 11366 11407 11367
f 11367 11407 11408
f 11367 11408 11368
f 11368 11408 11409
f 11368 11409 11369
f 11369 11409 11380
f 11410 11404 11411
f 11411 11404 11403
f 11411 11403 11412
f 11412 11403 11402
f 11412 11402 11413
f 11413 11402 11401
f 11413 11401 11414
f 11414 11401 11400
f 11414 11400 11415
f 11415 11400 11399
f 11415 11399 11416
f 11416 11399 11398
f 11416 11398 11417
f 11417 11398 11397
f 11417 11397 11418
f 11418 11397 11396
f 11418 11396 11419
f 11419 11396 11395
f 11419 11395 11420
f 11420 11395 11394
f 11420 11394 11421
f 11421 11394 11393
f 11421 11393 11422
f 11422 11393 11392
f 11422 11392 11423
f 11423 11392 11391
f 11423 11391 11424
f 11424 11391 11390
f 11424 11390 11425
f 11425 11390 11389
f 11425 11389 11426
f 11426 11389 11388
f 11426 11388 11427
f 11427 11388 11387
f 11427 11387 11428
f 11428 11387 11386
f 11428 11386 11429
f 11429 11386 11385
f 11429 11385 11430
f 11430 11385 11384
f 11430 11384 11431
f 11431 11384 11383
f 11431 11383 11432
f 11432 11383 11382
f 11432 11382 11433
f 11433 11382 11381
f 11433 11381 11434
f 11434 11381 11380
f 11434 11380 11435
f 11435 11380 11409
f 11435 11409 11436
f 11436 11409 11408
f 11436 11408 11437
f 11437 11408 11407
f 11437 11407 11438
f 11438 11407 11406
f 11438 11406 11439
f 11439 11406 11405
f 11439 11405 11410
f 11410 11405 11404
f 11435 11440 11434
f 11434 11440 11441
f 11434 11441 11433
f 11433 11441 11442
f 11433 11442 11432
f 11432 11442 11443
f 11432 11443 11431
f 11431 11443 11444
f 11431 11444 11430
f 11430 11444 11445
f 11430 11445 11429
f 11429 11445 11446
f 11429 11446 11428
f 11428 11446 11447
f 11428 11447 11427
f 11427 11447 11448
f 11427 11448 11426
f 11426 11448 11449
f 11426 11449 11425
f 11425 11449 11450
f 11425 11450 11424
f 11424 11450 11451
f 11424 11451 11423
f 11423 11451 11452
f 11423 11452 11422
f 11422 11452 11453
f 11422 11453 11421
f 11421 11453 11454
f 11421 11454 11420
f 11420 11454 11455
f 11420 11455 11419
f 11419 11455 11456
f 11419 11456 11418
f 11418 11456 11457
f 11418 11457 11417
f 11417 11457 11458
f 11417 11458 11416
f 11416 11458 11459
f 11416 11459 11415
f 11415 11459 11460
f 11415 11460 11414
f 11414 11460 11461
f 11414 11461 11413
f 11413 11461 11462
f 11413 11462 11412
f 11412 11462 11463
f 11412 11463 11411
f 11411 11463 11464
f 11411 11464 11410
f 11410 11464 11465
f 11410 11465 11439
f 11439 11465 11466
f 11439 11466 11438
f 11438 11466 11467
f 11438 11467 11437
f 11437 11467 11468
f 11437 11468 11436
f 11436 11468 11469
f 11436 11469 11435
f 11435 11469 11440
f 11470 11471 11472
f 11473 11474 11475
f 11476 11473 11477
f 11478 11479 11480
f 11481 11478 11482
f 11483 11484 11485
f 11486 11483 11487
f 11488 11486 11489
f 11490 11488 11491
f 11492 11490 11493
f 11494 11492 11495
f 11496 11497 11498
f 11499 11496 11500
f 11501 11502 11503
f 11504 11501 11505
f 11506 11507 11508
f 11509 11506 11510
f 11511 11509 11512
f 11513 11514 11515
f 11516 11513 11517
f 11518 11519 11520
f 11521 11518 11522
f 11523 11524 11525
f 11526 11523 11527
f 11528 11529 11530
f 11531 11528 11532
f 11533 11534 11535
f 11536 11533 11537
f 11538 11539 11540
f 11541 11538 11542
f 11543 11544 11545
f 11546 11543 11547
f 11471 11546 11548
f 11470 11472 11549
f 11549 11472 11550
f 11549 11550 11551
f 11551 11550 11552
f 11551 11552 11553
f 11553 11552 11554
f 11553 11554 11555
f 11555 11554 11556
f 11555 11556 11557
f 11557 11556 11558
f 11557 11558 11559
f 11559 11558 11560
f 11559 11560 11561
f 11561 11560 11562
f 11561 11562 11563
f 11563 11562 11564
f 11563 11564 11565
f 11565 11564 11566
f 11565 11566 11567
f 11567 11566 11568
f 11567 11568 11569
f 11473 11475 11477
f 11477 11475 11570
f 11477 11570 11571
f 11571 11570 11572
f 11571 11572 11573
f 11573 11572 11574
f 11573 11574 11575
f 11575 11574 11576
f 11575 11576 11577
f 11577 11576 11578
f 11577 11578 11579
f 11579 11578 11580
f 11579 11580 11581
f 11581 11580 11582
f 11581 11582 11583
f 11583 11582 11584
f 11583 11584 11585
f 11585 11584 11586
f 11585 11586 11587
f 11587 11586 11588
f 11587 11588 11589
f 11476 11477 11590
f 11590 11477 11571
f 11590 11571 11591
f 11591 11571 11573
f 11591 11573 11592
f 11592 11573 11575
f 11592 11575 11593
f 11593 11575 11577
f 11593 11577 11594
f 11594 11577 11579
f 11594 11579 11595
f 11595 11579 11581
f 11595 11581 11596
f 11596 11581 11583
f 11596 11583 11597
f 11597 11583 11585
f 11597 11585 11598
f 11598 11585 11587
f 11598 11587 11599
f 11599 11587 11589
f 11599 11589 11600
f 11478 11480 11482
f 11482 11480 11601
f 11482 11601 11602
f 11602 11601 11603
f 11602 11603 11604
f 11604 11603 11605
f 11604 11605 11606
f 11606 11605 11607
f 11606 11607 11608
f 11608 11607 11609
f 11608 11609 11610
f 11610 11609 11611
f 11610 11611 11612
f 11612 11611 11613
f 11612 11613 11614
f 11614 11613 11615
f 11614 11615 11616
f 11616 11615 11617
f 11616 11617 11618
f 11618 11617 11619
f 11618 11619 11620
f 11481 11482 11621
f 11621 11482 11602
f 11621 11602 11622
f 11622 11602 11604
f 11622 11604 11623
f 11623 11604 11606
f 11623 11606 11624
f 11624 11606 11608
f 11624 11608 11625
f 11625 11608 11610
f 11625 11610 11626
f 11626 11610 11612
f 11626 11612 11627
f 11627 11612 11614
f 11627 11614 11628
f 11628 11614 11616
f 11628 11616 11629
f 11629 11616 11618
f 11629 11618 11630
f 11630 11618 11620
f 11630 11620 11631
f 11483 11485 11487
f 11487 11485 11632
f 11487 11632 11633
f 11633 11632 11634
f 11633 11634 11635
f 11635 11634 11636
f 11635 11636 11637
f 11637 11636 11638
f 11637 11638 11639
f 11639 11638 11640
f 11639 11640 11641
f 11641 11640 11642
f 11641 11642 11643
f 11643 11642 11644
f 11643 11644 11645
f 11645 11644 11646
f 11645 11646 11647
f 11647 11646 11648
f 11647 11648 11649
f 11649 11648 11650
f 11649 11650 11651
f 11486 11487 11489
f 11489 11487 11633
f 11489 11633 11652
f 11652 11633 11635
f 11652 11635 11653
f 11653 11635 11637
f 11653 11637 11654
f 11654 11637 11639
f 11654 11639 11655
f 11655 11639 11641
f 11655 11641 11656
f 11656 11641 11643
f 11656 11643 11657
f 11657 11643 11645
f 11657 11645 11658
f 11658 11645 11647
f 11658 11647 11659
f 11659 11647 11649
f 11659 11649 11660
f 11660 11649 11651
f 11660 11651 11661
f 11492 11493 11495
f 11495 11493 11662
f 11495 11662 11663
f 11663 11662 11664
f 11663 11664 11665
f 11665 11664 11666
f 11665 11666 11667
f 11667 11666 11668
f 11667 11668 11669
f 11669 11668 11670
f 11669 11670 11671
f 11671 11670 11672
f 11671 11672 11673
f 11673 11672 11674
f 11673 11674 11675
f 11675 11674 11676
f 11675 11676 11677
f 11677 11676 11678
f 11677 11678 11679
f 11679 11678 11680
f 11679 11680 11681
f 11494 11495 11682
f 11682 11495 11663
f 11682 11663 11683
f 11683 11663 11665
f 11683 11665 11684
f 11684 11665 11667
f 11684 11667 11685
f 11685 11667 11669
f 11685 11669 11686
f 11686 11669 11671
f 11686 11671 11687
f 11687 11671 11673
f 11687 11673 11688
f 11688 11673 11675
f 11688 11675 11689
f 11689 11675 11677
f 11689 11677 11690
f 11690 11677 11679
f 11690 11679 11691
f 11691 11679 11681
f 11691 11681 11692
f 11496 11498 11500
f 11500 11498 11693
f 11500 11693 11694
f 11694 11693 11695
f 11694 11695 11696
f 11696 11695 11697
f 11696 11697 11698
f 11698 11697 11699
f 11698 11699 11700
f 11700 11699 11701
f 11700 11701 11702
f 11702 11701 11703
f 11702 11703 11704
f 11704 11703 11705
f 11704 11705 11706
f 11706 11705 11707
f 11706 11707 11708
f 11708 11707 11709
f 11708 11709 11710
f 11710 11709 11711
f 11710 11711 11712
f 11499 11500 11713
f 11713 11500 11694
f 11713 11694 11714
f 11714 11694 11696
f 11714 11696 11715
f 11715 11696 11698
f 11715 11698 11716
f 11716 11698 11700
f 11716 11700 11717
f 11717 11700 11702
f 11717 11702 11718
f 11718 11702 11704
f 11718 11704 11719
f 11719 11704 11706
f 11719 11706 11720
f 11720 11706 11708
f 11720 11708 11721
f 11721 11708 11710
f 11721 11710 11722
f 11722 11710 11712
f 11722 11712 11723
f 11501 11503 11505
f 11505 11503 11724
f 11505 11724 11725
f 11725 11724 11726
f 11725 11726 11727
f 11727 11726 11728
f 11727 11728 11729
f 11729 11728 11730
f 11729 11730 11731
f 11731 11730 11732
f 11731 11732 11733
f 11733 11732 11734
f 11733 11734 11735
f 11735 11734 11736
f 11735 11736 11737
f 11737 11736 11738
f 11737 11738 11739
f 11739 11738 11740
f 11739 11740 11741
f 11741 11740 11742
f 11741 11742 11743
f 11504 11505 11744
f 11744 11505 11725
f 11744 11725 11745
f 11745 11725 11727
f 11745 11727 11746
f 11746 11727 11729
f 11746 11729 11747
f 11747 11729 11731
f 11747 11731 11748
f 11748 11731 11733
f 11748 11733 11749
f 11749 11733 11735
f 11749 11735 11750
f 11750 11735 11737
f 11750 11737 11751
f 11751 11737 11739
f 11751 11739 11752
f 11752 11739 11741
f 11752 11741 11753
f 11753 11741 11743
f 11753 11743 11754
f 11506 11508 11510
f 11510 11508 11755
f 11510 11755 11756
f 11756 11755 11757
f 11756 11757 11758
f 11758 11757 11759
f 11758 11759 11760
f 11760 11759 11761
f 11760 11761 11762
f 11762 11761 11763
f 11762 11763 11764
f 11764 11763 11765
f 11764 11765 11766
f 11766 11765 11767
f 11766 11767 11768
f 11768 11767 11769
f 11768 11769 11770
f 11770 11769 11771
f 11770 11771 11772
f 11772 11771 11773
f 11772 11773 11774
f 11509 11510 11512
f 11512 11510 11756
f 11512 11756 11775
f 11775 11756 11758
f 11775 11758 11776
f 11776 11758 11760
f 11776 11760 11777
f 11777 11760 11762
f 11777 11762 11778
f 11778 11762 11764
f 11778 11764 11779
f 11779 11764 11766
f 11779 11766 11780
f 11780 11766 11768
f 11780 11768 11781
f 11781 11768 11770
f 11781 11770 11782
f 11782 11770 11772
f 11782 11772 11783
f 11783 11772 11774
f 11783 11774 11784
f 11511 11512 11785
f 11785 11512 11775
f 11785 11775 11786
f 11786 11775 11776
f 11786 11776 11787
f 11787 11776 11777
f 11787 11777 11788
f 11788 11777 11778
f 11788 11778 11789
f 11789 11778 11779
f 11789 11779 11790
f 11790 11779 11780
f 11790 11780 11791
f 11791 11780 11781
f 11791 11781 11792
f 11792 11781 11782
f 11792 11782 11793
f 11793 11782 11783
f 11793 11783 11794
f 11794 11783 11784
f 11794 11784 11795
f 11513 11515 11517
f 11517 11515 11796
f 11517 11796 11797
f 11797 11796 11798
f 11797 11798 11799
f 11799 11798 11800
f 11799 11800 11801
f 11801 11800 11802
f 11801 11802 11803
f 11803 11802 11804
f 11803 11804 11805
f 11805 11804 11806
f 11805 11806 11807
f 11807 11806 11808
f 11807 11808 11809
f 11809 11808 11810
f 11809 11810 11811
f 11811 11810 11812
f 11811 11812 11813
f 11813 11812 11814
f 11813 11814 11815
f 11516 11517 11816
f 11816 11517 11797
f 11816 11797 11817
f 11817 11797 11799
f 11817 11799 11818
f 11818 11799 11801
f 11818 11801 11819
f 11819 11801 11803
f 11819 11803 11820
f 11820 11803 11805
f 11820 11805 11821
f 11821 11805 11807
f 11821 11807 11822
f 11822 11807 11809
f 11822 11809 11823
f 11823 11809 11811
f 11823 11811 11824
f 11824 11811 11813
f 11824 11813 11825
f 11825 11813 11815
f 11825 11815 11826
f 11518 11520 11522
f 11522 11520 11827
f 11522 11827 11828
f 11828 11827 11829
f 11828 11829 11830
f 11830 11829 11831
f 11830 11831 11832
f 11832 11831 11833
f 11832 11833 11834
f 11834 11833 11835
f 11834 11835 11836
f 11836 11835 11837
f 11836 11837 11838
f 11838 11837 11839
f 11838 11839 11840
f 11840 11839 11841
f 11840 11841 11842
f 11842 11841 11843
f 11842 11843 11844
f 11844 11843 11845
f 11844 11845 11846
f 11521 11522 11847
f 11847 11522 11828
f 11847 11828 11848
f 11848 11828 11830
f 11848 11830 11849
f 11849 11830 11832
f 11849 11832 11850
f 11850 11832 11834
f 11850 11834 11851
f 11851 11834 11836
f 11851 11836 11852
f 11852 11836 11838
f 11852 11838 11853
f 11853 11838 11840
f 11853 11840 11854
f 11854 11840 11842
f 11854 11842 11855
f 11855 11842 11844
f 11855 11844 11856
f 11856 11844 11846
f 11856 11846 11857
f 11523 11525 11527
f 11527 11525 11858
f 11527 11858 11859
f 11859 11858 11860
f 11859 11860 11861
f 11861 11860 11862
f 11861 11862 11863
f 11863 11862 11864
f 11863 11864 11865
f 11865 11864 11866
f 11865 11866 11867
f 11867 11866 11868
f 11867 11868 11869
f 11869 11868 11870
f 11869 11870 11871
f 11871 11870 11872
f 11871 11872 11873
f 11873 11872 11874
f 11873 11874 11875
f 11875 11874 11876
f 11875 11876 11877
f 11526 11527 11878
f 11878 11527 11859
f 11878 11859 11879
f 11879 11859 11861
f 11879 11861 11880
f 11880 11861 11863
f 11880 11863 11881
f 11881 11863 11865
f 11881 11865 11882
f 11882 11865 11867
f 11882 11867 11883
f 11883 11867 11869
f 11883 11869 11884
f 11884 11869 11871
f 11884 11871 11885
f 11885 11871 11873
f 11885 11873 11886
f 11886 11873 11875
f 11886 11875 11887
f 11887 11875 11877
f 11887 11877 11888
f 11528 11530 11532
f 11532 11530 11889
f 11532 11889 11890
f 11890 11889 11891
f 11890 11891 11892
f 11892 11891 11893
f 11892 11893 11894
f 11894 11893 11895
f 11894 11895 11896
f 11896 11895 11897
f 11896 11897 11898
f 11898 11897 11899
f 11898 11899 11900
f 11900 11899 11901
f 11900 11901 11902
f 11902 11901 11903
f 11902 11903 11904
f 11904 11903 11905
f 11904 11905 11906
f 11906 11905 11907
f 11906 11907 11908
f 11533 11535 11537
f 11537 11535 11909
f 11537 11909 11910
f 11910 11909 11911
f 11910 11911 11912
f 11912 11911 11913
f 11912 11913 11914
f 11914 11913 11915
f 11914 11915 11916
f 11916 11915 11917
f 11916 11917 11918
f 11918 11917 11919
f 11918 11919 11920
f 11920 11919 11921
f 11920 11921 11922
f 11922 11921 11923
f 11922 11923 11924
f 11924 11923 11925
f 11924 11925 11926
f 11926 11925 11927
f 11926 11927 11928
f 11538 11540 11542
f 11542 11540 11929
f 11542 11929 11930
f 11930 11929 11931
f 11930 11931 11932
f 11932 11931 11933
f 11932 11933 11934
f 11934 11933 11935
f 11934 11935 11936
f 11936 11935 11937
f 11936 11937 11938
f 11938 11937 11939
f 11938 11939 11940
f 11940 11939 11941
f 11940 11941 11942
f 11942 11941 11943
f 11942 11943 11944
f 11944 11943 11945
f 11944 11945 11946
f 11946 11945 11947
f 11946 11947 11948
f 11543 11545 11547
f 11547 11545 11949
f 11547 11949 11950
f 11950 11949 11951
f 11950 11951 11952
f 11952 11951 11953
f 11952 11953 11954
f 11954 11953 11955
f 11954 11955 11956
f 11956 11955 11957
f 11956 11957 11958
f 11958 11957 11959
f 11958 11959 11960
f 11960 11959 11961
f 11960 11961 11962
f 11962 11961 11963
f 11962 11963 11964
f 11964 11963 11965
f 11964 11965 11966
f 11966 11965 11967
f 11966 11967 11968
f 11568 11969 11569
f 11569 11969 11970
f 11569 11970 11971
f 11971 11588 11569
f 11569 11588 11586
f 11569 11586 11567
f 11567 11586 11584
f 11567 11584 11565
f 11565 11584 11582
f 11565 11582 11563
f 11563 11582 11580
f 11563 11580 11561
f 11561 11580 11578
f 11561 11578 11559
f 11559 11578 11576
f 11559 11576 11557
f 11557 11576 11574
f 11557 11574 11555
f 11555 11574 11572
f 11555 11572 11553
f 11553 11572 11570
f 11553 11570 11551
f 11551 11570 11475
f 11551 11475 11549
f 11549 11475 11474
f 11549 11474 11470
f 11971 11972 11588
f 11588 11972 11973
f 11588 11973 11589
f 11589 11973 11974
f 11589 11974 11600
f 11600 11974 11975
f 11600 11975 11976
f 11976 11619 11600
f 11600 11619 11617
f 11600 11617 11599
f 11599 11617 11615
f 11599 11615 11598
f 11598 11615 11613
f 11598 11613 11597
f 11597 11613 11611
f 11597 11611 11596
f 11596 11611 11609
f 11596 11609 11595
f 11595 11609 11607
f 11595 11607 11594
f 11594 11607 11605
f 11594 11605 11593
f 11593 11605 11603
f 11593 11603 11592
f 11592 11603 11601
f 11592 11601 11591
f 11591 11601 11480
f 11591 11480 11590
f 11590 11480 11479
f 11590 11479 11476
f 11976 11977 11619
f 11619 11977 11978
f 11619 11978 11620
f 11620 11978 11979
f 11620 11979 11631
f 11631 11979 11980
f 11631 11980 11981
f 11981 11650 11631
f 11631 11650 11648
f 11631 11648 11630
f 11630 11648 11646
f 11630 11646 11629
f 11629 11646 11644
f 11629 11644 11628
f 11628 11644 11642
f 11628 11642 11627
f 11627 11642 11640
f 11627 11640 11626
f 11626 11640 11638
f 11626 11638 11625
f 11625 11638 11636
f 11625 11636 11624
f 11624 11636 11634
f 11624 11634 11623
f 11623 11634 11632
f 11623 11632 11622
f 11622 11632 11485
f 11622 11485 11621
f 11621 11485 11484
f 11621 11484 11481
f 11981 11982 11650
f 11650 11982 11983
f 11650 11983 11651
f 11651 11983 11984
f 11651 11984 11661
f 11661 11984 11985
f 11661 11985 11986
f 11488 11489 11491
f 11491 11489 11652
f 11491 11652 11987
f 11987 11652 11653
f 11987 11653 11988
f 11988 11653 11654
f 11988 11654 11989
f 11989 11654 11655
f 11989 11655 11990
f 11990 11655 11656
f 11990 11656 11991
f 11991 11656 11657
f 11991 11657 11992
f 11992 11657 11658
f 11992 11658 11993
f 11993 11658 11659
f 11993 11659 11994
f 11994 11659 11660
f 11994 11660 11995
f 11995 11660 11661
f 11995 11661 11996
f 11996 11661 11986
f 11996 11986 11997
f 11490 11491 11493
f 11493 11491 11987
f 11493 11987 11662
f 11662 11987 11988
f 11662 11988 11664
f 11664 11988 11989
f 11664 11989 11666
f 11666 11989 11990
f 11666 11990 11668
f 11668 11990 11991
f 11668 11991 11670
f 11670 11991 11992
f 11670 11992 11672
f 11672 11992 11993
f 11672 11993 11674
f 11674 11993 11994
f 11674 11994 11676
f 11676 11994 11995
f 11676 11995 11678
f 11678 11995 11996
f 11678 11996 11680
f 11680 11996 11997
f 11680 11997 11998
f 11998 11999 11680
f 11680 11999 12000
f 11680 12000 11681
f 11681 12000 12001
f 11681 12001 11692
f 11692 12001 12002
f 11692 12002 12003
f 12003 11711 11692
f 11692 11711 11709
f 11692 11709 11691
f 11691 11709 11707
f 11691 11707 11690
f 11690 11707 11705
f 11690 11705 11689
f 11689 11705 11703
f 11689 11703 11688
f 11688 11703 11701
f 11688 11701 11687
f 11687 11701 11699
f 11687 11699 11686
f 11686 11699 11697
f 11686 11697 11685
f 11685 11697 11695
f 11685 11695 11684
f 11684 11695 11693
f 11684 11693 11683
f 11683 11693 11498
f 11683 11498 11682
f 11682 11498 11497
f 11682 11497 11494
f 12003 12004 11711
f 11711 12004 12005
f 11711 12005 11712
f 11712 12005 12006
f 11712 12006 11723
f 11723 12006 12007
f 11723 12007 12008
f 12008 11742 11723
f 11723 11742 11740
f 11723 11740 11722
f 11722 11740 11738
f 11722 11738 11721
f 11721 11738 11736
f 11721 11736 11720
f 11720 11736 11734
f 11720 11734 11719
f 11719 11734 11732
f 11719 11732 11718
f 11718 11732 11730
f 11718 11730 11717
f 11717 11730 11728
f 11717 11728 11716
f 11716 11728 11726
f 11716 11726 11715
f 11715 11726 11724
f 11715 11724 11714
f 11714 11724 11503
f 11714 11503 11713
f 11713 11503 11502
f 11713 11502 11499
f 12008 12009 11742
f 11742 12009 12010
f 11742 12010 11743
f 11743 12010 12011
f 11743 12011 11754
f 11754 12011 12012
f 11754 12012 12013
f 12013 11773 11754
f 11754 11773 11771
f 11754 11771 11753
f 11753 11771 11769
f 11753 11769 11752
f 11752 11769 11767
f 11752 11767 11751
f 11751 11767 11765
f 11751 11765 11750
f 11750 11765 11763
f 11750 11763 11749
f 11749 11763 11761
f 11749 11761 11748
f 11748 11761 11759
f 11748 11759 11747
f 11747 11759 11757
f 11747 11757 11746
f 11746 11757 11755
f 11746 11755 11745
f 11745 11755 11508
f 11745 11508 11744
f 11744 11508 11507
f 11744 11507 11504
f 12013 12014 11773
f 11773 12014 12015
f 11773 12015 11774
f 11774 12015 12016
f 11774 12016 11784
f 11784 12016 12017
f 11784 12017 11795
f 11795 12017 12018
f 11795 12018 12019
f 12019 11814 11795
f 11795 11814 11812
f 11795 11812 11794
f 11794 11812 11810
f 11794 11810 11793
f 11793 11810 11808
f 11793 11808 11792
f 11792 11808 11806
f 11792 11806 11791
f 11791 11806 11804
f 11791 11804 11790
f 11790 11804 11802
f 11790 11802 11789
f 11789 11802 11800
f 11789 11800 11788
f 11788 11800 11798
f 11788 11798 11787
f 11787 11798 11796
f 11787 11796 11786
f 11786 11796 11515
f 11786 11515 11785
f 11785 11515 11514
f 11785 11514 11511
f 12019 12020 11814
f 11814 12020 12021
f 11814 12021 11815
f 11815 12021 12022
f 11815 12022 11826
f 11826 12022 12023
f 11826 12023 12024
f 12024 11845 11826
f 11826 11845 11843
f 11826 11843 11825
f 11825 11843 11841
f 11825 11841 11824
f 11824 11841 11839
f 11824 11839 11823
f 11823 11839 11837
f 11823 11837 11822
f 11822 11837 11835
f 11822 11835 11821
f 11821 11835 11833
f 11821 11833 11820
f 11820 11833 11831
f 11820 11831 11819
f 11819 11831 11829
f 11819 11829 11818
f 11818 11829 11827
f 11818 11827 11817
f 11817 11827 11520
f 11817 11520 11816
f 11816 11520 11519
f 11816 11519 11516
f 12024 12025 11845
f 11845 12025 12026
f 11845 12026 11846
f 11846 12026 12027
f 11846 12027 11857
f 11857 12027 12028
f 11857 12028 12029
f 12029 11876 11857
f 11857 11876 11874
f 11857 11874 11856
f 11856 11874 11872
f 11856 11872 11855
f 11855 11872 11870
f 11855 11870 11854
f 11854 11870 11868
f 11854 11868 11853
f 11853 11868 11866
f 11853 11866 11852
f 11852 11866 11864
f 11852 11864 11851
f 11851 11864 11862
f 11851 11862 11850
f 11850 11862 11860
f 11850 11860 11849
f 11849 11860 11858
f 11849 11858 11848
f 11848 11858 11525
f 11848 11525 11847
f 11847 11525 11524
f 11847 11524 11521
f 12029 12030 11876
f 11876 12030 12031
f 11876 12031 11877
f 11877 12031 12032
f 11877 12032 11888
f 11888 12032 12033
f 11888 12033 12034
f 12034 11907 11888
f 11888 11907 11905
f 11888 11905 11887
f 11887 11905 11903
f 11887 11903 11886
f 11886 11903 11901
f 11886 11901 11885
f 11885 11901 11899
f 11885 11899 11884
f 11884 11899 11897
f 11884 11897 11883
f 11883 11897 11895
f 11883 11895 11882
f 11882 11895 11893
f 11882 11893 11881
f 11881 11893 11891
f 11881 11891 11880
f 11880 11891 11889
f 11880 11889 11879
f 11879 11889 11530
f 11879 11530 11878
f 11878 11530 11529
f 11878 11529 11526
f 12034 12035 11907
f 11907 12035 12036
f 11907 12036 11908
f 11908 12036 12037
f 11908 12037 12038
f 11531 11532 12039
f 12039 11532 11890
f 12039 11890 12040
f 12040 11890 11892
f 12040 11892 12041
f 12041 11892 11894
f 12041 11894 12042
f 12042 11894 11896
f 12042 11896 12043
f 12043 11896 11898
f 12043 11898 12044
f 12044 11898 11900
f 12044 11900 12045
f 12045 11900 11902
f 12045 11902 12046
f 12046 11902 11904
f 12046 11904 12047
f 12047 11904 11906
f 12047 11906 12048
f 12048 11906 11908
f 12048 11908 12049
f 12049 11908 12038
f 12049 12038 12050
f 12050 11927 12049
f 12049 11927 11925
f 12049 11925 12048
f 12048 11925 11923
f 12048 11923 12047
f 12047 11923 11921
f 12047 11921 12046
f 12046 11921 11919
f 12046 11919 12045
f 12045 11919 11917
f 12045 11917 12044
f 12044 11917 11915
f 12044 11915 12043
f 12043 11915 11913
f 12043 11913 12042
f 12042 11913 11911
f 12042 11911 12041
f 12041 11911 11909
f 12041 11909 12040
f 12040 11909 11535
f 12040 11535 12039
f 12039 11535 11534
f 12039 11534 11531
f 12050 12051 11927
f 11927 12051 12052
f 11927 12052 11928
f 11928 12052 12053
f 11928 12053 12054
f 11536 11537 12055
f 12055 11537 11910
f 12055 11910 12056
f 12056 11910 11912
f 12056 11912 12057
f 12057 11912 11914
f 12057 11914 12058
f 12058 11914 11916
f 12058 11916 12059
f 12059 11916 11918
f 12059 11918 12060
f 12060 11918 11920
f 12060 11920 12061
f 12061 11920 11922
f 12061 11922 12062
f 12062 11922 11924
f 12062 11924 12063
f 12063 11924 11926
f 12063 11926 12064
f 12064 11926 11928
f 12064 11928 12065
f 12065 11928 12054
f 12065 12054 12066
f 12066 11947 12065
f 12065 11947 11945
f 12065 11945 12064
f 12064 11945 11943
f 12064 11943 12063
f 12063 11943 11941
f 12063 11941 12062
f 12062 11941 11939
f 12062 11939 12061
f 12061 11939 11937
f 12061 11937 12060
f 12060 11937 11935
f 12060 11935 12059
f 12059 11935 11933
f 12059 11933 12058
f 12058 11933 11931
f 12058 11931 12057
f 12057 11931 11929
f 12057 11929 12056
f 12056 11929 11540
f 12056 11540 12055
f 12055 11540 11539
f 12055 11539 11536
f 12066 12067 11947
f 11947 12067 12068
f 11947 12068 11948
f 11948 12068 12069
f 11948 12069 12070
f 11541 11542 12071
f 12071 11542 11930
f 12071 11930 12072
f 12072 11930 11932
f 12072 11932 12073
f 12073 11932 11934
f 12073 11934 12074
f 12074 11934 11936
f 12074 11936 12075
f 12075 11936 11938
f 12075 11938 12076
f 12076 11938 11940
f 12076 11940 12077
f 12077 11940 11942
f 12077 11942 12078
f 12078 11942 11944
f 12078 11944 12079
f 12079 11944 11946
f 12079 11946 12080
f 12080 11946 11948
f 12080 11948 12081
f 12081 11948 12070
f 12081 12070 12082
f 12082 11967 12081
f 12081 11967 11965
f 12081 11965 12080
f 12080 11965 11963
f 12080 11963 12079
f 12079 11963 11961
f 12079 11961 12078
f 12078 11961 11959
f 12078 11959 12077
f 12077 11959 11957
f 12077 11957 12076
f 12076 11957 11955
f 12076 11955 12075
f 12075 11955 11953
f 12075 11953 12074
f 12074 11953 11951
f 12074 11951 12073
f 12073 11951 11949
f 12073 11949 12072
f 12072 11949 11545
f 12072 11545 12071
f 12071 11545 11544
f 12071 11544 11541
f 12082 12083 11967
f 11967 12083 12084
f 11967 12084 11968
f 11968 12084 12085
f 11968 12085 12086
f 11546 11547 11548
f 11548 11547 11950
f 11548 11950 12087
f 12087 11950 11952
f 12087 11952 12088
f 12088 11952 11954
f 12088 11954 12089
f 12089 11954 11956
f 12089 11956 12090
f 12090 11956 11958
f 12090 11958 12091
f 12091 11958 11960
f 12091 11960 12092
f 12092 11960 11962
f 12092 11962 12093
f 12093 11962 11964
f 12093 11964 12094
f 12094 11964 11966
f 12094 11966 12095
f 12095 11966 11968
f 12095 11968 12096
f 12096 11968 12086
f 12096 12086 12097
f 11471 11548 11472
f 11472 11548 12087
f 11472 12087 11550
f 11550 12087 12088
f 11550 12088 11552
f 11552 12088 12089
f 11552 12089 11554
f 11554 12089 12090
f 11554 12090 11556
f 11556 12090 12091
f 11556 12091 11558
f 11558 12091 12092
f 11558 12092 11560
f 11560 12092 12093
f 11560 12093 11562
f 11562 12093 12094
f 11562 12094 11564
f 11564 12094 12095
f 11564 12095 11566
f 11566 12095 12096
f 11566 12096 11568
f 11568 12096 12097
f 11568 12097 11969
f 12098 12099 11970
f 12100 11972 12099
f 12099 11972 11971
f 12099 11971 11970
f 11976 11975 12101
f 12101 11975 11974
f 12101 11974 12100
f 12100 11974 11973
f 12100 11973 11972
f 11976 12101 11977
f 11977 12101 12102
f 11977 12102 11978
f 11978 12102 11979
f 11979 12102 12103
f 11979 12103 11980
f 11984 11983 12104
f 12104 11983 11982
f 12104 11982 12103
f 12103 11982 11981
f 12103 11981 11980
f 11984 12104 11985
f 11985 12104 12105
f 11985 12105 11986
f 11986 12105 11997
f 11997 12105 12106
f 11997 12106 11998
f 11998 12106 11999
f 11999 12106 12107
f 11999 12107 12000
f 12108 12002 12107
f 12107 12002 12001
f 12107 12001 12000
f 12109 12004 12108
f 12108 12004 12003
f 12108 12003 12002
f 12008 12007 12110
f 12110 12007 12006
f 12110 12006 12109
f 12109 12006 12005
f 12109 12005 12004
f 12008 12110 12009
f 12009 12110 12111
f 12009 12111 12010
f 12112 12012 12111
f 12111 12012 12011
f 12111 12011 12010
f 12113 12014 12112
f 12112 12014 12013
f 12112 12013 12012
f 12114 12016 12113
f 12113 12016 12015
f 12113 12015 12014
f 12115 12018 12114
f 12114 12018 12017
f 12114 12017 12016
f 12022 12021 12116
f 12116 12021 12020
f 12116 12020 12115
f 12115 12020 12019
f 12115 12019 12018
f 12022 12116 12023
f 12023 12116 12117
f 12023 12117 12024
f 12024 12117 12025
f 12025 12117 12118
f 12025 12118 12026
f 12119 12028 12118
f 12118 12028 12027
f 12118 12027 12026
f 12032 12031 12120
f 12120 12031 12030
f 12120 12030 12119
f 12119 12030 12029
f 12119 12029 12028
f 12032 12120 12033
f 12033 12120 12121
f 12033 12121 12034
f 12034 12121 12035
f 12035 12121 12122
f 12035 12122 12036
f 12036 12122 12037
f 12037 12122 12123
f 12037 12123 12038
f 12038 12123 12050
f 12050 12123 12124
f 12050 12124 12051
f 12066 12054 12125
f 12125 12054 12053
f 12125 12053 12124
f 12124 12053 12052
f 12124 12052 12051
f 12066 12125 12067
f 12067 12125 12126
f 12067 12126 12068
f 12068 12126 12069
f 12069 12126 12127
f 12069 12127 12070
f 12128 12083 12127
f 12127 12083 12082
f 12127 12082 12070
f 12129 12085 12128
f 12128 12085 12084
f 12128 12084 12083
f 11970 11969 12098
f 12098 11969 12097
f 12098 12097 12129
f 12129 12097 12086
f 12129 12086 12085
f 11499 11502 11531
f 11536 11539 11488
f 11490 11492 11531
f 11531 11492 11494
f 11536 11488 11533
f 11494 11497 11531
f 11531 11497 11496
f 11531 11496 11499
f 11490 11531 11488
f 11488 11531 11534
f 11488 11534 11533
f 11502 11501 11531
f 11531 11501 11504
f 11531 11504 11507
f 11507 11506 11531
f 11531 11506 11509
f 11531 11509 11528
f 11528 11509 11529
f 11484 11483 11474
f 11524 11523 11509
f 11509 11523 11526
f 11509 11526 11529
f 11544 11543 11488
f 11488 11543 11546
f 11488 11546 11471
f 11471 11470 11488
f 11488 11470 11474
f 11488 11474 11486
f 11486 11474 11483
f 11524 11509 11521
f 11521 11509 11511
f 11521 11511 11514
f 11514 11513 11521
f 11521 11513 11516
f 11521 11516 11518
f 11518 11516 11519
f 11476 11479 11473
f 11473 11479 11478
f 11473 11478 11474
f 11474 11478 11481
f 11474 11481 11484
f 11539 11538 11488
f 11488 11538 11541
f 11488 11541 11544
f 12114 12130 12115
f 12115 12130 12131
f 12115 12131 12116
f 12116 12131 12132
f 12116 12132 12117
f 12117 12132 12133
f 12117 12133 12118
f 12118 12133 12134
f 12118 12134 12119
f 12119 12134 12135
f 12119 12135 12120
f 12120 12135 12136
f 12120 12136 12121
f 12121 12136 12137
f 12121 12137 12122
f 12122 12137 12138
f 12122 12138 12123
f 12123 12138 12139
f 12123 12139 12124
f 12124 12139 12140
f 12124 12140 12125
f 12125 12140 12141
f 12125 12141 12126
f 12126 12141 12142
f 12126 12142 12127
f 12127 12142 12143
f 12127 12143 12128
f 12128 12143 12144
f 12128 12144 12129
f 12129 12144 12145
f 12129 12145 12098
f 12098 12145 12146
f 12098 12146 12099
f 12099 12146 12147
f 12099 12147 12100
f 12100 12147 12148
f 12100 12148 12101
f 12101 12148 12149
f 12101 12149 12102
f 12102 12149 12150
f 12102 12150 12103
f 12103 12150 12151
f 12103 12151 12104
f 12104 12151 12152
f 12104 12152 12105
f 12105 12152 12153
f 12105 12153 12106
f 12106 12153 12154
f 12106 12154 12107
f 12107 12154 12155
f 12107 12155 12108
f 12108 12155 12156
f 12108 12156 12109
f 12109 12156 12157
f 12109 12157 12110
f 12110 12157 12158
f 12110 12158 12111
f 12111 12158 12159
f 12111 12159 12112
f 12112 12159 12160
f 12112 12160 12113
f 12113 12160 12161
f 12113 12161 12114
f 12114 12161 12130
f 11462 12152 11463
f 11463 12152 12151
f 11463 12151 11464
f 11464 12151 12150
f 11464 12150 11465
f 11465 12150 12149
f 11465 12149 11466
f 11466 12149 12148
f 11466 12148 11467
f 11467 12148 12147
f 11467 12147 11468
f 11468 12147 12146
f 11468 12146 11469
f 11469 12146 12145
f 11469 12145 11440
f 11440 12145 12144
f 11440 12144 11441
f 11441 12144 12143
f 11441 12143 11442
f 11442 12143 12142
f 11442 12142 11443
f 11443 12142 12141
f 11443 12141 11444
f 11444 12141 12140
f 11444 12140 11445
f 11445 12140 12139
f 11445 12139 11446
f 12139 12138 11446
f 11446 12138 12137
f 11446 12137 11447
f 11447 12137 12136
f 11447 12136 11448
f 11448 12136 12135
f 11448 12135 11449
f 11449 12135 12134
f 11449 12134 11450
f 11450 12134 12133
f 11450 12133 11451
f 11451 12133 12132
f 11451 12132 11452
f 11452 12132 12131
f 11452 12131 11453
f 11453 12131 12130
f 11453 12130 11454
f 11454 12130 12161
f 11454 12161 11455
f 11455 12161 12160
f 11455 12160 11456
f 11456 12160 12159
f 11456 12159 11457
f 11457 12159 12158
f 11457 12158 11458
f 11458 12158 12157
f 11458 12157 11459
f 11459 12157 12156
f 11459 12156 11460
f 11460 12156 12155
f 11460 12155 11461
f 11461 12155 12154
f 11461 12154 11462
f 11462 12154 12153
f 11462 12153 12152
f 12162 12163 12164
f 12164 12163 12165
f 12164 12165 12166
f 12167 12168 12169
f 12169 12168 12170
f 12169 12170 12171
f 12171 12170 12172
f 12171 12172 12162
f 12162 12172 12173
f 12162 12173 12163
f 12165 12174 12166
f 12166 12174 12175
f 12166 12175 12176
f 12176 12175 12177
f 12176 12177 12178
f 12178 12177 12179
f 12178 12179 12180
f 12181 12182 12183
f 12183 12182 12184
f 12183 12184 12185
f 12185 12184 12186
f 12185 12186 12187
f 12188 12189 12190
f 12190 12189 12191
f 12190 12191 12192
f 12192 12191 12193
f 12192 12193 12194
f 12186 12195 12187
f 12187 12195 12196
f 12187 12196 12197
f 12197 12196 12198
f 12197 12198 12167
f 12167 12198 12199
f 12167 12199 12168
f 12200 12201 12202
f 12202 12201 12203
f 12202 12203 12204
f 12204 12203 12205
f 12204 12205 12206
f 12206 12205 12207
f 12206 12207 12208
f 12208 12207 12209
f 12208 12209 12210
f 12210 12209 12211
f 12210 12211 12181
f 12181 12211 12212
f 12181 12212 12182
f 12193 12213 12194
f 12194 12213 12214
f 12194 12214 12215
f 12215 12214 12216
f 12215 12216 12200
f 12200 12216 12217
f 12200 12217 12201
f 12218 12219 12220
f 12220 12219 12221
f 12220 12221 12188
f 12188 12221 12222
f 12188 12222 12189
f 12179 12223 12180
f 12180 12223 12224
f 12180 12224 12225
f 12225 12224 12226
f 12225 12226 12218
f 12218 12226 12227
f 12218 12227 12219
f 12228 12229 12193
f 12230 12231 12203
f 12203 12231 12232
f 12203 12232 12205
f 12230 12203 12233
f 12233 12203 12201
f 12233 12201 12234
f 12234 12201 12235
f 12235 12201 12217
f 12235 12217 12236
f 12236 12217 12237
f 12237 12217 12216
f 12237 12216 12238
f 12214 12239 12240
f 12241 12238 12242
f 12242 12238 12216
f 12242 12216 12243
f 12243 12216 12214
f 12243 12214 12244
f 12244 12214 12240
f 12239 12214 12245
f 12245 12214 12213
f 12245 12213 12246
f 12193 12229 12213
f 12213 12229 12247
f 12213 12247 12246
f 12228 12193 12248
f 12248 12193 12191
f 12248 12191 12249
f 12249 12191 12189
f 12249 12189 12250
f 12250 12189 12251
f 12251 12189 12222
f 12251 12222 12252
f 12252 12222 12253
f 12253 12222 12221
f 12253 12221 12254
f 12255 12256 12227
f 12227 12256 12257
f 12227 12257 12219
f 12219 12257 12258
f 12219 12258 12259
f 12254 12221 12260
f 12260 12221 12219
f 12260 12219 12261
f 12261 12219 12259
f 12261 12259 12262
f 12255 12227 12263
f 12263 12227 12226
f 12263 12226 12264
f 12264 12226 12265
f 12265 12226 12224
f 12265 12224 12266
f 12266 12224 12267
f 12267 12224 12223
f 12267 12223 12268
f 12179 12269 12270
f 12179 12270 12223
f 12268 12223 12271
f 12271 12223 12270
f 12271 12270 12272
f 12269 12179 12273
f 12273 12179 12177
f 12273 12177 12274
f 12175 12275 12177
f 12177 12275 12276
f 12177 12276 12274
f 12174 12277 12175
f 12175 12277 12278
f 12175 12278 12275
f 12165 12279 12174
f 12174 12279 12280
f 12174 12280 12277
f 12163 12281 12165
f 12165 12281 12282
f 12165 12282 12279
f 12173 12283 12163
f 12163 12283 12284
f 12163 12284 12281
f 12285 12286 12172
f 12172 12286 12287
f 12172 12287 12173
f 12173 12287 12288
f 12173 12288 12283
f 12170 12289 12290
f 12170 12290 12172
f 12172 12290 12291
f 12172 12291 12285
f 12289 12170 12292
f 12292 12170 12168
f 12292 12168 12293
f 12294 12295 12199
f 12199 12295 12296
f 12199 12296 12168
f 12168 12296 12297
f 12168 12297 12293
f 12294 12199 12298
f 12298 12199 12198
f 12298 12198 12299
f 12299 12198 12300
f 12300 12198 12196
f 12300 12196 12301
f 12302 12303 12304
f 12305 12301 12306
f 12306 12301 12196
f 12306 12196 12307
f 12307 12196 12195
f 12307 12195 12304
f 12304 12195 12186
f 12304 12186 12302
f 12302 12186 12308
f 12308 12186 12309
f 12309 12186 12184
f 12309 12184 12310
f 12310 12184 12311
f 12311 12184 12182
f 12311 12182 12312
f 12312 12182 12313
f 12313 12182 12212
f 12313 12212 12314
f 12314 12212 12315
f 12315 12212 12211
f 12315 12211 12316
f 12316 12211 12317
f 12317 12211 12209
f 12317 12209 12318
f 12318 12209 12319
f 12319 12209 12207
f 12319 12207 12320
f 12321 12320 12322
f 12322 12320 12207
f 12322 12207 12323
f 12323 12207 12205
f 12323 12205 12324
f 12324 12205 12232
f 12325 12322 12323
f 12323 12324 12326
f 12325 12323 12327
f 12327 12323 12326
f 12327 12326 12328
f 12238 12241 12329
f 12238 12329 12237
f 12237 12329 12330
f 12237 12330 12236
f 12236 12330 12331
f 12236 12331 12235
f 12235 12331 12234
f 12234 12331 12332
f 12234 12332 12233
f 12233 12332 12230
f 12230 12332 12333
f 12230 12333 12231
f 12231 12333 12334
f 12231 12334 12232
f 12335 12242 12243
f 12243 12244 12336
f 12337 12338 12243
f 12243 12338 12339
f 12243 12339 12335
f 12336 12340 12243
f 12243 12340 12341
f 12243 12341 12337
f 12262 12342 12261
f 12261 12342 12343
f 12261 12343 12260
f 12343 12344 12260
f 12260 12344 12345
f 12260 12345 12254
f 12345 12346 12254
f 12254 12346 12347
f 12254 12347 12253
f 12347 12348 12253
f 12253 12348 12349
f 12253 12349 12252
f 12349 12350 12252
f 12252 12350 12351
f 12252 12351 12251
f 12351 12352 12251
f 12251 12352 12353
f 12251 12353 12250
f 12353 12354 12250
f 12250 12354 12355
f 12250 12355 12249
f 12249 12355 12356
f 12249 12356 12248
f 12356 12357 12248
f 12248 12357 12358
f 12248 12358 12228
f 12358 12359 12228
f 12228 12359 12360
f 12228 12360 12229
f 12360 12361 12229
f 12229 12361 12362
f 12229 12362 12247
f 12362 12363 12247
f 12247 12363 12364
f 12247 12364 12246
f 12364 12365 12246
f 12246 12365 12366
f 12246 12366 12245
f 12367 12240 12368
f 12368 12240 12239
f 12368 12239 12369
f 12369 12239 12245
f 12369 12245 12370
f 12370 12245 12366
f 12371 12259 12258
f 12258 12257 12372
f 12371 12258 12373
f 12373 12258 12372
f 12373 12372 12374
f 12264 12265 12375
f 12376 12377 12272
f 12272 12377 12271
f 12375 12265 12378
f 12265 12266 12378
f 12378 12266 12267
f 12378 12267 12377
f 12377 12267 12268
f 12377 12268 12271
f 12264 12375 12263
f 12263 12375 12379
f 12263 12379 12255
f 12255 12379 12380
f 12255 12380 12256
f 12269 12273 12381
f 12381 12382 12383
f 12384 12270 12385
f 12385 12270 12269
f 12385 12269 12386
f 12386 12269 12381
f 12386 12381 12387
f 12387 12381 12383
f 12285 12291 12388
f 12388 12389 12285
f 12285 12389 12390
f 12285 12390 12286
f 12390 12391 12286
f 12286 12391 12392
f 12286 12392 12287
f 12392 12393 12287
f 12287 12393 12394
f 12287 12394 12288
f 12394 12395 12288
f 12288 12395 12396
f 12288 12396 12283
f 12396 12397 12283
f 12283 12397 12398
f 12283 12398 12284
f 12398 12399 12284
f 12284 12399 12400
f 12284 12400 12281
f 12400 12401 12281
f 12281 12401 12402
f 12281 12402 12282
f 12402 12403 12282
f 12282 12403 12404
f 12282 12404 12279
f 12404 12405 12279
f 12279 12405 12406
f 12279 12406 12280
f 12406 12407 12280
f 12280 12407 12408
f 12280 12408 12277
f 12408 12409 12277
f 12277 12409 12410
f 12277 12410 12278
f 12410 12411 12278
f 12278 12411 12412
f 12278 12412 12275
f 12413 12274 12414
f 12414 12274 12276
f 12414 12276 12415
f 12415 12276 12275
f 12415 12275 12416
f 12416 12275 12412
f 12417 12290 12289
f 12289 12292 12418
f 12417 12289 12419
f 12419 12289 12418
f 12419 12418 12420
f 12305 12421 12301
f 12301 12421 12422
f 12301 12422 12300
f 12300 12422 12299
f 12299 12422 12423
f 12299 12423 12298
f 12298 12423 12424
f 12298 12424 12294
f 12294 12424 12295
f 12295 12424 12425
f 12295 12425 12296
f 12426 12293 12425
f 12425 12293 12297
f 12425 12297 12296
f 12427 12306 12307
f 12428 12429 12430
f 12430 12429 12307
f 12430 12307 12304
f 12431 12427 12432
f 12432 12427 12307
f 12432 12307 12433
f 12433 12307 12429
f 12434 12303 12435
f 12435 12303 12302
f 12321 12436 12320
f 12320 12436 12437
f 12320 12437 12319
f 12437 12438 12319
f 12319 12438 12439
f 12319 12439 12318
f 12439 12440 12318
f 12318 12440 12441
f 12318 12441 12317
f 12441 12442 12317
f 12317 12442 12443
f 12317 12443 12316
f 12443 12444 12316
f 12316 12444 12445
f 12316 12445 12315
f 12445 12446 12315
f 12315 12446 12447
f 12315 12447 12314
f 12447 12448 12314
f 12314 12448 12449
f 12314 12449 12313
f 12449 12450 12313
f 12313 12450 12451
f 12313 12451 12312
f 12451 12452 12312
f 12312 12452 12453
f 12312 12453 12311
f 12453 12454 12311
f 12311 12454 12455
f 12311 12455 12310
f 12455 12456 12310
f 12310 12456 12457
f 12310 12457 12309
f 12457 12458 12309
f 12309 12458 12459
f 12309 12459 12308
f 12459 12460 12308
f 12308 12460 12461
f 12308 12461 12302
f 12302 12461 12462
f 12302 12462 12435
f 12321 12322 12325
f 12232 12334 12463
f 12232 12463 12324
f 12436 12321 12464
f 12464 12321 12325
f 12464 12325 12465
f 12465 12325 12327
f 12465 12327 12466
f 12466 12327 12328
f 12466 12328 12463
f 12463 12328 12326
f 12463 12326 12324
f 12467 12468 12469
f 12470 12471 12472
f 12473 12474 12475
f 12422 12421 12476
f 12477 12478 12479
f 12480 12481 12482
f 12377 12376 12483
f 12484 12436 12485
f 12485 12436 12464
f 12485 12464 12465
f 12486 12437 12487
f 12487 12437 12436
f 12487 12436 12488
f 12488 12436 12484
f 12489 12490 12491
f 12491 12490 12434
f 12491 12434 12435
f 12470 12472 12492
f 12492 12472 12493
f 12492 12493 12494
f 12494 12493 12495
f 12494 12495 12496
f 12497 12466 12463
f 12489 12498 12490
f 12490 12498 12499
f 12490 12499 12500
f 12500 12499 12501
f 12500 12501 12502
f 12502 12501 12503
f 12502 12503 12504
f 12504 12503 12494
f 12504 12494 12505
f 12505 12494 12496
f 12473 12475 12506
f 12506 12475 12507
f 12506 12507 12508
f 12508 12507 12509
f 12508 12509 12510
f 12467 12469 12511
f 12511 12469 12512
f 12511 12512 12513
f 12513 12512 12514
f 12513 12514 12515
f 12516 12517 12476
f 12476 12517 12426
f 12476 12426 12425
f 12518 12476 12504
f 12504 12476 12519
f 12504 12519 12502
f 12520 12516 12521
f 12521 12516 12476
f 12521 12476 12522
f 12522 12476 12518
f 12522 12518 12523
f 12523 12518 12524
f 12523 12524 12525
f 12510 12526 12508
f 12508 12526 12527
f 12508 12527 12528
f 12528 12527 12529
f 12528 12529 12479
f 12479 12529 12530
f 12479 12530 12477
f 12531 12532 12533
f 12533 12532 12534
f 12533 12534 12535
f 12515 12536 12513
f 12513 12536 12537
f 12513 12537 12538
f 12538 12537 12539
f 12538 12539 12482
f 12482 12539 12540
f 12482 12540 12480
f 12486 12541 12437
f 12437 12541 12542
f 12437 12542 12438
f 12425 12424 12476
f 12476 12424 12423
f 12476 12423 12422
f 12543 12388 12521
f 12521 12388 12544
f 12521 12544 12520
f 12413 12414 12545
f 12545 12414 12546
f 12545 12546 12530
f 12530 12546 12547
f 12530 12547 12477
f 12548 12549 12483
f 12483 12549 12380
f 12483 12380 12379
f 12550 12483 12527
f 12527 12483 12551
f 12527 12551 12529
f 12552 12548 12553
f 12553 12548 12483
f 12553 12483 12554
f 12554 12483 12550
f 12554 12550 12555
f 12555 12550 12556
f 12555 12556 12557
f 12558 12342 12553
f 12553 12342 12559
f 12553 12559 12552
f 12367 12368 12560
f 12560 12368 12561
f 12560 12561 12540
f 12540 12561 12562
f 12540 12562 12480
f 12463 12334 12497
f 12497 12334 12333
f 12497 12333 12332
f 12563 12497 12537
f 12537 12497 12564
f 12537 12564 12539
f 12465 12466 12485
f 12485 12466 12497
f 12485 12497 12565
f 12565 12497 12563
f 12565 12563 12566
f 12566 12563 12567
f 12566 12567 12568
f 12525 12569 12523
f 12523 12569 12570
f 12523 12570 12571
f 12571 12570 12572
f 12571 12572 12573
f 12573 12572 12574
f 12573 12574 12575
f 12379 12375 12483
f 12483 12375 12378
f 12483 12378 12377
f 12332 12331 12497
f 12497 12331 12330
f 12497 12330 12329
f 12576 12389 12577
f 12577 12389 12388
f 12577 12388 12578
f 12578 12388 12543
f 12557 12579 12555
f 12555 12579 12580
f 12555 12580 12581
f 12581 12580 12582
f 12581 12582 12583
f 12583 12582 12584
f 12583 12584 12585
f 12586 12343 12587
f 12587 12343 12342
f 12587 12342 12588
f 12588 12342 12558
f 12568 12589 12566
f 12566 12589 12590
f 12566 12590 12531
f 12531 12590 12591
f 12531 12591 12532
f 12542 12592 12438
f 12438 12592 12593
f 12438 12593 12439
f 12439 12593 12594
f 12439 12594 12440
f 12440 12594 12595
f 12440 12595 12441
f 12441 12595 12596
f 12441 12596 12442
f 12442 12596 12597
f 12442 12597 12443
f 12443 12597 12598
f 12443 12598 12444
f 12444 12598 12599
f 12444 12599 12445
f 12445 12599 12600
f 12445 12600 12446
f 12446 12600 12601
f 12446 12601 12447
f 12447 12601 12602
f 12447 12602 12448
f 12448 12602 12603
f 12448 12603 12449
f 12449 12603 12604
f 12449 12604 12450
f 12450 12604 12605
f 12450 12605 12451
f 12451 12605 12606
f 12451 12606 12452
f 12452 12606 12607
f 12452 12607 12453
f 12453 12607 12608
f 12453 12608 12454
f 12454 12608 12609
f 12454 12609 12455
f 12455 12609 12610
f 12455 12610 12456
f 12456 12610 12611
f 12456 12611 12457
f 12457 12611 12612
f 12457 12612 12458
f 12458 12612 12613
f 12458 12613 12459
f 12459 12613 12614
f 12459 12614 12460
f 12460 12614 12615
f 12460 12615 12461
f 12461 12615 12616
f 12461 12616 12462
f 12462 12616 12617
f 12462 12617 12435
f 12435 12617 12618
f 12435 12618 12491
f 12576 12619 12389
f 12389 12619 12620
f 12389 12620 12390
f 12390 12620 12621
f 12390 12621 12391
f 12391 12621 12622
f 12391 12622 12392
f 12392 12622 12623
f 12392 12623 12393
f 12393 12623 12624
f 12393 12624 12394
f 12394 12624 12625
f 12394 12625 12395
f 12395 12625 12626
f 12395 12626 12396
f 12396 12626 12627
f 12396 12627 12397
f 12397 12627 12628
f 12397 12628 12398
f 12398 12628 12629
f 12398 12629 12399
f 12399 12629 12630
f 12399 12630 12400
f 12400 12630 12631
f 12400 12631 12401
f 12401 12631 12632
f 12401 12632 12402
f 12402 12632 12633
f 12402 12633 12403
f 12403 12633 12634
f 12403 12634 12404
f 12404 12634 12635
f 12404 12635 12405
f 12405 12635 12636
f 12405 12636 12406
f 12406 12636 12637
f 12406 12637 12407
f 12407 12637 12638
f 12407 12638 12408
f 12408 12638 12639
f 12408 12639 12409
f 12409 12639 12640
f 12409 12640 12410
f 12410 12640 12641
f 12410 12641 12411
f 12411 12641 12642
f 12411 12642 12412
f 12412 12642 12643
f 12412 12643 12416
f 12416 12643 12644
f 12416 12644 12415
f 12415 12644 12645
f 12415 12645 12414
f 12414 12645 12646
f 12414 12646 12546
f 12586 12647 12343
f 12343 12647 12648
f 12343 12648 12344
f 12344 12648 12649
f 12344 12649 12345
f 12345 12649 12650
f 12345 12650 12346
f 12346 12650 12651
f 12346 12651 12347
f 12347 12651 12652
f 12347 12652 12348
f 12348 12652 12653
f 12348 12653 12349
f 12349 12653 12654
f 12349 12654 12350
f 12350 12654 12655
f 12350 12655 12351
f 12351 12655 12656
f 12351 12656 12352
f 12352 12656 12657
f 12352 12657 12353
f 12353 12657 12658
f 12353 12658 12354
f 12354 12658 12659
f 12354 12659 12355
f 12355 12659 12660
f 12355 12660 12356
f 12356 12660 12661
f 12356 12661 12357
f 12357 12661 12662
f 12357 12662 12358
f 12358 12662 12663
f 12358 12663 12359
f 12359 12663 12664
f 12359 12664 12360
f 12360 12664 12665
f 12360 12665 12361
f 12361 12665 12666
f 12361 12666 12362
f 12362 12666 12667
f 12362 12667 12363
f 12363 12667 12668
f 12363 12668 12364
f 12364 12668 12669
f 12364 12669 12365
f 12365 12669 12670
f 12365 12670 12366
f 12366 12670 12671
f 12366 12671 12370
f 12370 12671 12672
f 12370 12672 12369
f 12369 12672 12673
f 12369 12673 12368
f 12368 12673 12674
f 12368 12674 12561
f 12336 12244 12367
f 12367 12244 12240
f 12241 12242 12329
f 12329 12242 12335
f 12329 12335 12339
f 12336 12367 12340
f 12340 12367 12560
f 12340 12560 12341
f 12341 12560 12540
f 12341 12540 12337
f 12337 12540 12539
f 12337 12539 12338
f 12338 12539 12564
f 12338 12564 12339
f 12339 12564 12497
f 12339 12497 12329
f 12262 12259 12371
f 12256 12380 12549
f 12256 12549 12257
f 12342 12262 12559
f 12559 12262 12371
f 12559 12371 12552
f 12552 12371 12373
f 12552 12373 12548
f 12548 12373 12374
f 12548 12374 12549
f 12549 12374 12372
f 12549 12372 12257
f 12272 12270 12376
f 12376 12270 12384
f 12376 12384 12385
f 12273 12274 12381
f 12381 12274 12413
f 12381 12413 12382
f 12382 12413 12545
f 12382 12545 12383
f 12383 12545 12530
f 12383 12530 12387
f 12387 12530 12529
f 12387 12529 12386
f 12386 12529 12551
f 12386 12551 12385
f 12385 12551 12483
f 12385 12483 12376
f 12291 12290 12417
f 12293 12426 12517
f 12293 12517 12292
f 12388 12291 12544
f 12544 12291 12417
f 12544 12417 12520
f 12520 12417 12419
f 12520 12419 12516
f 12516 12419 12420
f 12516 12420 12517
f 12517 12420 12418
f 12517 12418 12292
f 12430 12304 12434
f 12434 12304 12303
f 12305 12306 12421
f 12421 12306 12427
f 12421 12427 12431
f 12430 12434 12428
f 12428 12434 12490
f 12428 12490 12429
f 12429 12490 12500
f 12429 12500 12433
f 12433 12500 12502
f 12433 12502 12432
f 12432 12502 12519
f 12432 12519 12431
f 12431 12519 12476
f 12431 12476 12421
f 12522 12675 12521
f 12521 12675 12676
f 12575 12677 12678
f 12575 12678 12573
f 12573 12678 12679
f 12573 12679 12571
f 12571 12679 12680
f 12571 12680 12523
f 12523 12680 12675
f 12523 12675 12522
f 12681 12471 12470
f 12681 12470 12682
f 12682 12470 12492
f 12682 12492 12683
f 12683 12492 12494
f 12683 12494 12684
f 12684 12494 12503
f 12684 12503 12685
f 12501 12686 12503
f 12503 12686 12685
f 12498 12687 12499
f 12499 12687 12688
f 12499 12688 12501
f 12501 12688 12686
f 12593 12689 12690
f 12541 12691 12542
f 12542 12691 12689
f 12542 12689 12592
f 12592 12689 12593
f 12597 12596 12692
f 12692 12596 12595
f 12692 12595 12690
f 12690 12595 12594
f 12690 12594 12593
f 12601 12600 12693
f 12693 12600 12599
f 12693 12599 12692
f 12692 12599 12598
f 12692 12598 12597
f 12605 12604 12694
f 12694 12604 12603
f 12694 12603 12693
f 12693 12603 12602
f 12693 12602 12601
f 12609 12608 12695
f 12695 12608 12607
f 12695 12607 12694
f 12694 12607 12606
f 12694 12606 12605
f 12617 12616 12696
f 12696 12616 12615
f 12696 12615 12697
f 12697 12615 12614
f 12697 12614 12613
f 12613 12612 12697
f 12697 12612 12611
f 12697 12611 12695
f 12695 12611 12610
f 12695 12610 12609
f 12565 12698 12485
f 12485 12698 12699
f 12535 12700 12701
f 12535 12701 12533
f 12533 12701 12702
f 12533 12702 12531
f 12531 12702 12703
f 12531 12703 12566
f 12566 12703 12698
f 12566 12698 12565
f 12704 12468 12467
f 12704 12467 12705
f 12705 12467 12511
f 12705 12511 12706
f 12706 12511 12513
f 12706 12513 12707
f 12707 12513 12538
f 12707 12538 12708
f 12482 12709 12538
f 12538 12709 12708
f 12480 12710 12481
f 12481 12710 12711
f 12481 12711 12482
f 12482 12711 12709
f 12712 12649 12713
f 12713 12649 12648
f 12713 12648 12647
f 12653 12652 12714
f 12714 12652 12651
f 12714 12651 12712
f 12712 12651 12650
f 12712 12650 12649
f 12657 12656 12715
f 12715 12656 12655
f 12715 12655 12714
f 12714 12655 12654
f 12714 12654 12653
f 12661 12660 12716
f 12716 12660 12659
f 12716 12659 12715
f 12715 12659 12658
f 12715 12658 12657
f 12665 12664 12717
f 12717 12664 12663
f 12717 12663 12716
f 12716 12663 12662
f 12716 12662 12661
f 12673 12672 12718
f 12718 12672 12671
f 12718 12671 12719
f 12719 12671 12670
f 12719 12670 12669
f 12669 12668 12719
f 12719 12668 12667
f 12719 12667 12717
f 12717 12667 12666
f 12717 12666 12665
f 12554 12720 12553
f 12553 12720 12721
f 12585 12722 12723
f 12585 12723 12583
f 12583 12723 12724
f 12583 12724 12581
f 12581 12724 12725
f 12581 12725 12555
f 12555 12725 12720
f 12555 12720 12554
f 12726 12474 12473
f 12726 12473 12727
f 12727 12473 12506
f 12727 12506 12728
f 12728 12506 12508
f 12728 12508 12729
f 12729 12508 12528
f 12729 12528 12730
f 12479 12731 12528
f 12528 12731 12730
f 12477 12732 12478
f 12478 12732 12733
f 12478 12733 12479
f 12479 12733 12731
f 12642 12734 12643
f 12643 12734 12735
f 12643 12735 12644
f 12644 12735 12645
f 12736 12621 12737
f 12737 12621 12620
f 12737 12620 12619
f 12627 12626 12738
f 12738 12626 12625
f 12625 12624 12738
f 12738 12624 12623
f 12738 12623 12736
f 12736 12623 12622
f 12736 12622 12621
f 12627 12738 12628
f 12628 12738 12739
f 12628 12739 12629
f 12633 12632 12740
f 12740 12632 12631
f 12740 12631 12739
f 12739 12631 12630
f 12739 12630 12629
f 12741 12638 12637
f 12637 12636 12741
f 12741 12636 12635
f 12741 12635 12740
f 12740 12635 12634
f 12740 12634 12633
f 12642 12641 12734
f 12734 12641 12640
f 12734 12640 12741
f 12741 12640 12639
f 12741 12639 12638
f 12742 12543 12676
f 12676 12543 12521
f 12743 12726 12727
f 12734 12744 12735
f 12735 12744 12745
f 12735 12745 12746
f 12746 12745 12747
f 12743 12727 12748
f 12736 12749 12750
f 12741 12751 12734
f 12734 12751 12752
f 12734 12752 12744
f 12753 12754 12755
f 12680 12756 12757
f 12727 12728 12748
f 12748 12728 12729
f 12748 12729 12758
f 12758 12729 12730
f 12758 12730 12759
f 12760 12742 12761
f 12761 12742 12676
f 12761 12676 12757
f 12757 12676 12675
f 12757 12675 12680
f 12736 12750 12738
f 12762 12755 12763
f 12764 12765 12754
f 12754 12765 12766
f 12754 12766 12755
f 12680 12679 12756
f 12756 12679 12678
f 12756 12678 12764
f 12764 12678 12677
f 12764 12677 12765
f 12767 12768 12769
f 12769 12768 12770
f 12771 12747 12732
f 12732 12747 12745
f 12732 12745 12733
f 12733 12745 12759
f 12733 12759 12731
f 12731 12759 12730
f 12770 12772 12769
f 12769 12772 12773
f 12769 12773 12762
f 12750 12774 12738
f 12738 12774 12775
f 12738 12775 12739
f 12739 12775 12776
f 12739 12776 12753
f 12740 12739 12777
f 12749 12736 12778
f 12778 12736 12737
f 12778 12737 12761
f 12761 12737 12779
f 12761 12779 12760
f 12763 12780 12762
f 12762 12780 12781
f 12762 12781 12743
f 12743 12781 12782
f 12743 12782 12726
f 12753 12783 12739
f 12739 12783 12784
f 12739 12784 12777
f 12777 12785 12740
f 12740 12785 12786
f 12740 12786 12787
f 12773 12788 12762
f 12762 12788 12789
f 12762 12789 12755
f 12755 12789 12790
f 12790 12791 12755
f 12755 12791 8784
f 12755 8784 12753
f 12753 8784 12792
f 12753 12792 12783
f 12787 12768 12740
f 12740 12768 12767
f 12740 12767 12741
f 12741 12767 12793
f 12741 12793 12751
f 12794 12795 12796
f 12796 12795 12797
f 12796 12797 12700
f 12697 12695 12798
f 12700 12797 12701
f 12701 12797 12799
f 12701 12799 12702
f 12702 12799 12703
f 12703 12799 12800
f 12703 12800 12698
f 12698 12800 12699
f 12699 12800 12801
f 12699 12801 12802
f 12803 12804 12692
f 12692 12804 12805
f 12692 12805 12806
f 12798 12807 12697
f 12697 12807 12808
f 12697 12808 12696
f 12696 12808 12809
f 12696 12809 12810
f 12810 12809 12811
f 12812 12811 12687
f 12687 12811 12809
f 12687 12809 12688
f 12688 12809 12813
f 12814 12684 12815
f 12815 12684 12685
f 12815 12685 12813
f 12813 12685 12686
f 12813 12686 12688
f 12803 12692 12816
f 12816 12692 12817
f 12816 12817 12818
f 12818 12817 12819
f 12818 12819 12820
f 12694 12821 12695
f 12695 12821 12822
f 12695 12822 12798
f 12823 12824 12690
f 12690 12824 12825
f 12690 12825 12692
f 12692 12825 12826
f 12692 12826 12817
f 12827 12828 12829
f 12829 12828 12830
f 12829 12830 12831
f 12831 12830 12832
f 12831 12832 12833
f 12806 12834 12692
f 12692 12834 8876
f 12692 8876 12693
f 12835 12802 12836
f 12836 12802 12801
f 12836 12801 12691
f 12691 12801 12823
f 12691 12823 12689
f 12689 12823 12690
f 12833 12681 12831
f 12831 12681 12682
f 12831 12682 12814
f 12814 12682 12683
f 12814 12683 12684
f 8876 12837 12693
f 12693 12837 12838
f 12693 12838 12694
f 12839 12840 12827
f 12838 12841 12694
f 12694 12841 12842
f 12694 12842 12821
f 12821 12842 12843
f 12821 12843 12827
f 12827 12843 12844
f 12827 12844 12839
f 12794 12845 12795
f 12795 12845 12828
f 12795 12828 12820
f 12820 12828 12827
f 12820 12827 12818
f 12818 12827 12840
f 12617 12696 12810
f 12617 12810 12618
f 12618 12810 12811
f 12618 12811 12491
f 12491 12811 12812
f 12491 12812 12489
f 12489 12812 12687
f 12489 12687 12498
f 12691 12541 12486
f 12691 12486 12836
f 12486 12487 12836
f 12836 12487 12488
f 12836 12488 12835
f 12835 12488 12484
f 12835 12484 12802
f 12485 12699 12484
f 12484 12699 12802
f 12846 12721 12847
f 12847 12721 12848
f 12849 12850 12851
f 12852 12853 12710
f 12710 12853 12854
f 12710 12854 12711
f 12711 12854 12855
f 12711 12855 12709
f 12719 12717 12856
f 12857 12858 12859
f 12723 12860 12861
f 12721 12720 12848
f 12848 12720 12725
f 12848 12725 12861
f 12861 12725 12724
f 12861 12724 12723
f 12714 12712 12862
f 12723 12722 12860
f 12860 12722 12863
f 12860 12863 12864
f 12864 12863 12865
f 12864 12865 12866
f 12867 12846 12868
f 12868 12846 12847
f 12868 12847 12713
f 12713 12847 12869
f 12713 12869 12712
f 12712 12869 12870
f 12712 12870 12862
f 12716 12871 12717
f 12717 12871 12872
f 12717 12872 12856
f 12856 12873 12719
f 12719 12873 12874
f 12719 12874 12718
f 12718 12874 12854
f 12718 12854 12875
f 12875 12854 12853
f 12866 12857 12864
f 12864 12857 12859
f 12864 12859 12851
f 12851 12859 12876
f 12851 12876 12849
f 12862 12877 12714
f 12714 12877 12878
f 12714 12878 12715
f 12715 12878 12879
f 12715 12879 12716
f 12716 12879 12851
f 12716 12851 12871
f 12871 12851 12850
f 12858 12880 12859
f 12859 12880 12881
f 12859 12881 12704
f 12709 12855 12708
f 12708 12855 12882
f 12708 12882 12707
f 12707 12882 12859
f 12707 12859 12706
f 12706 12859 12704
f 12706 12704 12705
f 12673 12718 12875
f 12673 12875 12674
f 12674 12875 12853
f 12674 12853 12561
f 12561 12853 12852
f 12561 12852 12562
f 12562 12852 12710
f 12562 12710 12480
f 12713 12647 12586
f 12713 12586 12868
f 12586 12587 12868
f 12868 12587 12588
f 12868 12588 12867
f 12867 12588 12558
f 12867 12558 12846
f 12553 12721 12558
f 12558 12721 12846
f 12645 12735 12746
f 12645 12746 12646
f 12646 12746 12747
f 12646 12747 12546
f 12546 12747 12771
f 12546 12771 12547
f 12547 12771 12732
f 12547 12732 12477
f 12737 12619 12576
f 12737 12576 12779
f 12576 12577 12779
f 12779 12577 12578
f 12779 12578 12760
f 12760 12578 12543
f 12760 12543 12742
f 12775 12883 12776
f 12776 12883 12884
f 12776 12884 12753
f 12753 12884 12885
f 12753 12885 12754
f 12754 12885 12886
f 12754 12886 12764
f 12764 12886 12887
f 12764 12887 12756
f 12756 12887 12888
f 12756 12888 12757
f 12757 12888 12889
f 12757 12889 12761
f 12761 12889 12890
f 12761 12890 12778
f 12778 12890 12891
f 12778 12891 12749
f 12749 12891 12892
f 12749 12892 12750
f 12750 12892 12893
f 12750 12893 12774
f 12774 12893 12894
f 12774 12894 12775
f 12775 12894 12883
f 12752 12895 12744
f 12744 12895 12896
f 12744 12896 12745
f 12745 12896 12897
f 12745 12897 12759
f 12759 12897 12898
f 12759 12898 12758
f 12758 12898 12899
f 12758 12899 12748
f 12748 12899 12900
f 12748 12900 12743
f 12743 12900 12901
f 12743 12901 12762
f 12762 12901 12902
f 12762 12902 12769
f 12769 12902 12903
f 12769 12903 12767
f 12767 12903 12904
f 12767 12904 12793
f 12793 12904 12905
f 12793 12905 12751
f 12751 12905 12906
f 12751 12906 12752
f 12752 12906 12895
f 12797 12907 12799
f 12799 12907 12908
f 12799 12908 12800
f 12800 12908 12909
f 12800 12909 12801
f 12801 12909 12910
f 12801 12910 12823
f 12823 12910 12911
f 12823 12911 12824
f 12824 12911 12912
f 12824 12912 12825
f 12825 12912 12913
f 12825 12913 12826
f 12826 12913 12914
f 12826 12914 12817
f 12817 12914 12915
f 12817 12915 12819
f 12819 12915 12916
f 12819 12916 12820
f 12820 12916 12917
f 12820 12917 12795
f 12795 12917 12918
f 12795 12918 12797
f 12797 12918 12907
f 12815 12919 12814
f 12814 12919 12920
f 12814 12920 12831
f 12831 12920 12921
f 12831 12921 12829
f 12829 12921 12922
f 12829 12922 12827
f 12827 12922 12923
f 12827 12923 12821
f 12821 12923 12924
f 12821 12924 12822
f 12822 12924 12925
f 12822 12925 12798
f 12798 12925 12926
f 12798 12926 12807
f 12807 12926 12927
f 12807 12927 12808
f 12808 12927 12928
f 12808 12928 12809
f 12809 12928 12929
f 12809 12929 12813
f 12813 12929 12930
f 12813 12930 12815
f 12815 12930 12919
f 12859 12931 12876
f 12876 12931 12932
f 12876 12932 12849
f 12849 12932 12933
f 12849 12933 12850
f 12850 12933 12934
f 12850 12934 12871
f 12871 12934 12935
f 12871 12935 12872
f 12872 12935 12936
f 12872 12936 12856
f 12856 12936 12937
f 12856 12937 12873
f 12873 12937 12938
f 12873 12938 12874
f 12874 12938 12939
f 12874 12939 12854
f 12854 12939 12940
f 12854 12940 12855
f 12855 12940 12941
f 12855 12941 12882
f 12882 12941 12942
f 12882 12942 12859
f 12859 12942 12931
f 12861 12943 12848
f 12848 12943 12944
f 12848 12944 12847
f 12847 12944 12945
f 12847 12945 12869
f 12869 12945 12946
f 12869 12946 12870
f 12870 12946 12947
f 12870 12947 12862
f 12862 12947 12948
f 12862 12948 12877
f 12877 12948 12949
f 12877 12949 12878
f 12878 12949 12950
f 12878 12950 12879
f 12879 12950 12951
f 12879 12951 12851
f 12851 12951 12952
f 12851 12952 12864
f 12864 12952 12953
f 12864 12953 12860
f 12860 12953 12954
f 12860 12954 12861
f 12861 12954 12943
f 12886 12892 12891
f 12888 12887 12889
f 12889 12887 12886
f 12889 12886 12890
f 12890 12886 12891
f 12884 12883 12885
f 12885 12883 12894
f 12885 12894 12886
f 12886 12894 12893
f 12886 12893 12892
f 12903 12898 12904
f 12904 12898 12897
f 12900 12899 12901
f 12901 12899 12898
f 12901 12898 12902
f 12902 12898 12903
f 12906 12905 12895
f 12895 12905 12904
f 12895 12904 12896
f 12896 12904 12897
f 12908 12907 12918
f 12914 12913 12912
f 12910 12909 12916
f 12916 12909 12908
f 12916 12908 12917
f 12917 12908 12918
f 12916 12915 12910
f 12910 12915 12914
f 12910 12914 12911
f 12911 12914 12912
f 12923 12930 12924
f 12924 12930 12929
f 12920 12919 12921
f 12921 12919 12930
f 12921 12930 12922
f 12922 12930 12923
f 12926 12925 12927
f 12927 12925 12924
f 12927 12924 12928
f 12928 12924 12929
f 12939 12938 12937
f 12932 12931 12933
f 12933 12931 12942
f 12942 12941 12933
f 12933 12941 12940
f 12933 12940 12939
f 12934 12933 12935
f 12935 12933 12939
f 12935 12939 12936
f 12936 12939 12937
f 12945 12951 12950
f 12944 12943 12945
f 12945 12943 12954
f 12954 12953 12945
f 12945 12953 12952
f 12945 12952 12951
f 12947 12946 12948
f 12948 12946 12945
f 12948 12945 12949
f 12949 12945 12950
f 12955 12956 12957
f 12958 12959 12960
f 12961 12962 12963
f 12964 12965 12966
f 12967 12968 12969
f 12970 12971 12972
f 12973 12974 12975
f 12976 12977 12978
f 12979 12980 12981
f 12979 12981 12982
f 12982 12981 12983
f 12983 12981 12984
f 12983 12984 12985
f 12986 12987 12988
f 12988 12987 12989
f 12988 12989 12984
f 12984 12989 12990
f 12984 12990 12985
f 12991 12992 12993
f 12993 12992 12994
f 12993 12994 12995
f 12973 12975 12996
f 12997 12998 12999
f 12999 12998 13000
f 12999 13000 13001
f 12964 12966 13002
f 13003 13004 13005
f 13004 13003 13006
f 13006 13003 13007
f 13006 13007 13008
f 13009 13010 13011
f 13011 13010 13012
f 13013 13014 13015
f 13015 13014 13016
f 13015 13016 13010
f 13010 13016 13017
f 13010 13017 13012
f 13018 13019 13020
f 13020 13019 13021
f 13020 13021 13022
f 13018 13023 13019
f 13019 13023 13024
f 13019 13024 13015
f 13015 13024 13025
f 13015 13025 13013
f 13026 13027 13028
f 13028 13029 13026
f 13026 13029 13030
f 13026 13030 13031
f 13032 13033 13034
f 13034 13033 13035
f 13034 13035 13036
f 13037 13038 13039
f 13039 13038 13040
f 12955 12957 13041
f 13042 13043 13044
f 13044 13043 13045
f 13044 13045 13046
f 13047 13048 13049
f 13048 13047 13050
f 13050 13047 13051
f 13050 13051 13052
f 13053 13054 13055
f 13055 13054 13056
f 13055 13056 13057
f 12980 13058 12981
f 12981 13058 13059
f 12981 13059 13056
f 13056 13059 13060
f 13056 13060 13057
f 13011 13008 13009
f 13009 13008 13007
f 13009 13007 13010
f 13010 13007 13061
f 13010 13061 13015
f 13015 13061 13062
f 13015 13062 13019
f 13019 13062 13063
f 13019 13063 13021
f 13021 13063 13031
f 13021 13031 13022
f 13022 13031 13030
f 12994 12986 12995
f 12995 12986 12988
f 12995 12988 13064
f 13064 12988 12984
f 13064 12984 13065
f 13065 12984 12981
f 13065 12981 13066
f 13066 12981 13056
f 13066 13056 13051
f 13051 13056 13054
f 13051 13054 13052
f 13052 13054 13053
f 13005 13002 13003
f 13003 13002 12966
f 13003 12966 13007
f 13007 12966 13067
f 13007 13067 13061
f 13061 13067 13068
f 13061 13068 13062
f 13062 13068 13069
f 13062 13069 13063
f 13063 13069 13070
f 13063 13070 13031
f 13031 13070 13071
f 13031 13071 13026
f 13026 13071 13036
f 13026 13036 13027
f 13027 13036 13035
f 12977 13072 12978
f 12978 13072 12991
f 12978 12991 13073
f 13073 12991 12993
f 13073 12993 13074
f 13074 12993 12995
f 13074 12995 13075
f 13075 12995 13064
f 13075 13064 13076
f 13076 13064 13065
f 13076 13065 13077
f 13077 13065 13066
f 13077 13066 13078
f 13078 13066 13051
f 13078 13051 13045
f 13045 13051 13047
f 13045 13047 13046
f 13046 13047 13049
f 12964 12997 12965
f 12965 12997 12999
f 12965 12999 12966
f 12966 12999 13079
f 12966 13079 13067
f 13067 13079 13080
f 13067 13080 13068
f 13068 13080 13081
f 13068 13081 13069
f 13069 13081 13082
f 13069 13082 13070
f 13070 13082 13083
f 13070 13083 13071
f 13071 13083 13084
f 13071 13084 13036
f 13036 13084 13085
f 13036 13085 13034
f 13034 13085 12963
f 13034 12963 13032
f 13032 12963 12962
f 13001 12967 12999
f 12999 12967 12969
f 12999 12969 13079
f 13079 12969 13086
f 13079 13086 13080
f 13080 13086 13087
f 13080 13087 13081
f 13081 13087 13088
f 13081 13088 13082
f 13082 13088 13089
f 13082 13089 13083
f 13083 13089 13090
f 13083 13090 13084
f 13084 13090 13091
f 13084 13091 13085
f 13085 13091 13092
f 13085 13092 12963
f 12963 13092 12960
f 12963 12960 12961
f 12961 12960 12959
f 12968 12970 12969
f 12969 12970 12972
f 12969 12972 13086
f 13086 12972 13093
f 13086 13093 13087
f 13087 13093 13094
f 13087 13094 13088
f 13088 13094 13095
f 13088 13095 13089
f 13089 13095 13096
f 13089 13096 13090
f 13090 13096 13097
f 13090 13097 13091
f 13091 13097 13098
f 13091 13098 13092
f 13092 13098 13099
f 13092 13099 12960
f 12960 13099 13039
f 12960 13039 12958
f 12958 13039 13040
f 12971 12996 12972
f 12972 12996 12975
f 12972 12975 13093
f 13093 12975 13100
f 13093 13100 13094
f 13094 13100 13101
f 13094 13101 13095
f 13095 13101 13102
f 13095 13102 13096
f 13096 13102 13103
f 13096 13103 13097
f 13097 13103 13104
f 13097 13104 13098
f 13098 13104 13105
f 13098 13105 13099
f 13099 13105 13106
f 13099 13106 13039
f 13039 13106 12957
f 13039 12957 13037
f 13037 12957 12956
f 12974 12976 12975
f 12975 12976 12978
f 12975 12978 13100
f 13100 12978 13073
f 13100 13073 13101
f 13101 13073 13074
f 13101 13074 13102
f 13102 13074 13075
f 13102 13075 13103
f 13103 13075 13076
f 13103 13076 13104
f 13104 13076 13077
f 13104 13077 13105
f 13105 13077 13078
f 13105 13078 13106
f 13106 13078 13045
f 13106 13045 12957
f 12957 13045 13043
f 12957 13043 13041
f 13041 13043 13042
f 13107 13108 12979
f 12979 13108 12980
f 13109 13059 13108
f 13108 13059 13058
f 13108 13058 12980
f 13110 13057 13109
f 13109 13057 13060
f 13109 13060 13059
f 13111 13053 13110
f 13110 13053 13055
f 13110 13055 13057
f 13112 13050 13111
f 13111 13050 13052
f 13111 13052 13053
f 13113 13049 13112
f 13112 13049 13048
f 13112 13048 13050
f 13114 13044 13113
f 13113 13044 13046
f 13113 13046 13049
f 13115 13041 13114
f 13114 13041 13042
f 13114 13042 13044
f 13116 12956 13115
f 13115 12956 12955
f 13115 12955 13041
f 13117 13038 13116
f 13116 13038 13037
f 13116 13037 12956
f 13118 12958 13117
f 13117 12958 13040
f 13117 13040 13038
f 13119 12961 13118
f 13118 12961 12959
f 13118 12959 12958
f 13120 13032 13119
f 13119 13032 12962
f 13119 12962 12961
f 13029 13028 13121
f 13121 13028 13027
f 13121 13027 13122
f 13122 13027 13035
f 13122 13035 13120
f 13120 13035 13033
f 13120 13033 13032
f 13029 13121 13030
f 13030 13121 13123
f 13030 13123 13022
f 13022 13123 13124
f 13022 13124 13020
f 13013 13025 13125
f 13125 13025 13024
f 13125 13024 13126
f 13126 13024 13023
f 13126 13023 13124
f 13124 13023 13018
f 13124 13018 13020
f 13013 13125 13014
f 13014 13125 13127
f 13014 13127 13128
f 13129 13017 13128
f 13128 13017 13016
f 13128 13016 13014
f 13130 13011 13129
f 13129 13011 13012
f 13129 13012 13017
f 13131 13006 13130
f 13130 13006 13008
f 13130 13008 13011
f 13132 13002 13133
f 13133 13002 13005
f 13133 13005 13131
f 13131 13005 13004
f 13131 13004 13006
f 13134 12997 13132
f 13132 12997 12964
f 13132 12964 13002
f 13135 13000 13134
f 13134 13000 12998
f 13134 12998 12997
f 13136 12967 13135
f 13135 12967 13001
f 13135 13001 13000
f 13137 12970 13136
f 13136 12970 12968
f 13136 12968 12967
f 13138 12996 13137
f 13137 12996 12971
f 13137 12971 12970
f 13139 12974 13138
f 13138 12974 12973
f 13138 12973 12996
f 13140 12977 13139
f 13139 12977 12976
f 13139 12976 12974
f 13141 12991 13140
f 13140 12991 13072
f 13140 13072 12977
f 13142 12987 13143
f 13143 12987 12986
f 13143 12986 13144
f 13144 12986 12994
f 13144 12994 13141
f 13141 12994 12992
f 13141 12992 12991
f 12979 12982 13107
f 13107 12982 12983
f 13107 12983 13145
f 13145 12983 12985
f 13145 12985 13146
f 13146 12985 12990
f 13146 12990 13142
f 13142 12990 12989
f 13142 12989 12987
f 13147 13148 13149
f 13150 13151 13152
f 13152 13151 13153
f 13152 13153 13148
f 13148 13153 13154
f 13148 13154 13149
f 13155 13156 13157
f 13157 13156 13158
f 13157 13158 13159
f 13159 13158 13160
f 13159 13160 13161
f 13161 13160 13162
f 13161 13162 13150
f 13150 13162 13163
f 13150 13163 13151
f 13164 13165 13155
f 13155 13165 13166
f 13155 13166 13156
f 13167 13168 13164
f 13164 13168 13169
f 13164 13169 13165
f 13170 13171 13172
f 13172 13171 13173
f 13172 13173 13167
f 13167 13173 13174
f 13167 13174 13168
f 13175 13176 13170
f 13170 13176 13177
f 13170 13177 13171
f 13178 13179 13180
f 13180 13179 13181
f 13180 13181 13175
f 13175 13181 13182
f 13175 13182 13176
f 13183 13184 13178
f 13178 13184 13185
f 13178 13185 13179
f 13186 13187 13183
f 13183 13187 13188
f 13183 13188 13184
f 13189 13190 13191
f 13191 13190 13192
f 13191 13192 13186
f 13186 13192 13193
f 13186 13193 13187
f 13194 13195 13196
f 13196 13195 13197
f 13196 13197 13198
f 13198 13197 13199
f 13198 13199 13189
f 13189 13199 13200
f 13189 13200 13190
f 13201 13202 13194
f 13194 13202 13203
f 13194 13203 13195
f 13204 13205 13206
f 13206 13205 13207
f 13206 13207 13201
f 13201 13207 13208
f 13201 13208 13202
f 13209 13210 13204
f 13204 13210 13211
f 13204 13211 13205
f 13212 13213 13214
f 13214 13213 13215
f 13214 13215 13209
f 13209 13215 13216
f 13209 13216 13210
f 13217 13218 13212
f 13212 13218 13219
f 13212 13219 13213
f 13220 13221 13222
f 13222 13221 13223
f 13222 13223 13217
f 13217 13223 13224
f 13217 13224 13218
f 13225 13226 13220
f 13220 13226 13227
f 13220 13227 13221
f 13228 13229 13225
f 13225 13229 13230
f 13225 13230 13226
f 13231 13232 13228
f 13228 13232 13233
f 13228 13233 13229
f 13234 13235 13236
f 13236 13235 13237
f 13236 13237 13231
f 13231 13237 13238
f 13231 13238 13232
f 13239 13240 13234
f 13234 13240 13241
f 13234 13241 13235
f 13242 13243 13244
f 13244 13243 13245
f 13244 13245 13239
f 13239 13245 13246
f 13239 13246 13240
f 13149 13247 13147
f 13147 13247 13248
f 13147 13248 13249
f 13249 13248 13250
f 13249 13250 13242
f 13242 13250 13251
f 13242 13251 13243
f 13249 13108 13147
f 13147 13108 13107
f 13147 13107 13148
f 13148 13107 13145
f 13148 13145 13152
f 13152 13145 13146
f 13152 13146 13150
f 13150 13146 13142
f 13150 13142 13161
f 13161 13142 13143
f 13161 13143 13159
f 13159 13143 13144
f 13159 13144 13157
f 13157 13144 13141
f 13157 13141 13155
f 13155 13141 13140
f 13155 13140 13164
f 13164 13140 13139
f 13164 13139 13167
f 13167 13139 13138
f 13167 13138 13172
f 13172 13138 13137
f 13172 13137 13170
f 13170 13137 13136
f 13170 13136 13175
f 13175 13136 13135
f 13175 13135 13180
f 13180 13135 13134
f 13180 13134 13178
f 13178 13134 13132
f 13178 13132 13183
f 13183 13132 13133
f 13183 13133 13186
f 13186 13133 13131
f 13186 13131 13191
f 13191 13131 13130
f 13191 13130 13189
f 13189 13130 13129
f 13189 13129 13198
f 13198 13129 13128
f 13198 13128 13196
f 13196 13128 13127
f 13196 13127 13194
f 13194 13127 13125
f 13194 13125 13201
f 13201 13125 13126
f 13201 13126 13206
f 13206 13126 13124
f 13206 13124 13204
f 13204 13124 13123
f 13204 13123 13209
f 13209 13123 13121
f 13209 13121 13214
f 13214 13121 13122
f 13214 13122 13212
f 13212 13122 13120
f 13212 13120 13217
f 13217 13120 13119
f 13217 13119 13222
f 13222 13119 13118
f 13222 13118 13220
f 13220 13118 13117
f 13220 13117 13225
f 13225 13117 13116
f 13225 13116 13228
f 13228 13116 13115
f 13228 13115 13231
f 13231 13115 13114
f 13231 13114 13236
f 13236 13114 13113
f 13236 13113 13234
f 13234 13113 13112
f 13234 13112 13239
f 13239 13112 13111
f 13239 13111 13244
f 13244 13111 13110
f 13244 13110 13242
f 13242 13110 13109
f 13242 13109 13249
f 13249 13109 13108
f 13252 13174 13253
f 13253 13174 13173
f 13254 13165 13169
f 13254 13169 13252
f 13252 13169 13168
f 13252 13168 13174
f 13165 13254 13166
f 13166 13254 13255
f 13166 13255 13156
f 13256 13257 13163
f 13163 13162 13256
f 13256 13162 13160
f 13256 13160 13255
f 13255 13160 13158
f 13255 13158 13156
f 13149 13154 13258
f 13258 13154 13153
f 13258 13153 13257
f 13257 13153 13151
f 13257 13151 13163
f 13259 13250 13260
f 13260 13250 13248
f 13260 13248 13258
f 13258 13248 13247
f 13258 13247 13149
f 13261 13240 13246
f 13261 13246 13262
f 13246 13245 13262
f 13262 13245 13243
f 13262 13243 13259
f 13259 13243 13251
f 13259 13251 13250
f 13240 13261 13241
f 13241 13261 13263
f 13241 13263 13235
f 13264 13229 13233
f 13264 13233 13265
f 13233 13232 13265
f 13265 13232 13238
f 13265 13238 13263
f 13263 13238 13237
f 13263 13237 13235
f 13229 13264 13230
f 13230 13264 13266
f 13230 13266 13226
f 13267 13218 13224
f 13267 13224 13268
f 13224 13223 13268
f 13268 13223 13221
f 13268 13221 13266
f 13266 13221 13227
f 13266 13227 13226
f 13269 13210 13216
f 13269 13216 13270
f 13216 13215 13270
f 13270 13215 13213
f 13270 13213 13267
f 13267 13213 13219
f 13267 13219 13218
f 13210 13269 13211
f 13211 13269 13271
f 13211 13271 13205
f 13272 13195 13203
f 13272 13203 13273
f 13203 13202 13273
f 13273 13202 13208
f 13273 13208 13271
f 13271 13208 13207
f 13271 13207 13205
f 13195 13272 13197
f 13197 13272 13274
f 13197 13274 13199
f 13199 13274 13200
f 13200 13274 13275
f 13200 13275 13190
f 13276 13184 13188
f 13276 13188 13277
f 13188 13187 13277
f 13277 13187 13193
f 13277 13193 13275
f 13275 13193 13192
f 13275 13192 13190
f 13278 13279 13182
f 13182 13181 13278
f 13278 13181 13179
f 13278 13179 13276
f 13276 13179 13185
f 13276 13185 13184
f 13173 13171 13253
f 13253 13171 13177
f 13253 13177 13279
f 13279 13177 13176
f 13279 13176 13182
f 13259 13260 12206
f 12206 13260 12204
f 13260 13258 12204
f 12204 13258 13257
f 12204 13257 12202
f 12202 13257 13256
f 12202 13256 12200
f 12200 13256 13255
f 12200 13255 12215
f 12215 13255 13254
f 12215 13254 12194
f 12194 13254 13252
f 12194 13252 12192
f 12192 13252 13253
f 12192 13253 12190
f 12190 13253 13279
f 12190 13279 12188
f 12188 13279 13278
f 12188 13278 12220
f 12220 13278 13276
f 12220 13276 12218
f 12218 13276 13277
f 12218 13277 12225
f 12225 13277 13275
f 12225 13275 12180
f 12180 13275 13274
f 12180 13274 12178
f 12178 13274 13272
f 12178 13272 12176
f 12176 13272 13273
f 12176 13273 12166
f 12166 13273 13271
f 12166 13271 12164
f 12164 13271 13269
f 12164 13269 12162
f 12162 13269 13270
f 12162 13270 12171
f 12171 13270 13267
f 12171 13267 12169
f 12169 13267 13268
f 12169 13268 12167
f 12167 13268 13266
f 12167 13266 12197
f 12197 13266 13264
f 12197 13264 12187
f 12187 13264 13265
f 12187 13265 12185
f 12185 13265 13263
f 12185 13263 12183
f 12183 13263 13261
f 12183 13261 12181
f 12181 13261 13262
f 12181 13262 12210
f 12210 13262 13259
f 12210 13259 12208
f 12208 13259 12206

