# https://github.com/mikedh/trimesh

o cr10_link0.STL
v -0.01024667 0.07126714 0.07700000
v -0.01024667 -0.07126714 0.07700000
v -0.00000000 0.07200000 0.07700000
v -0.00000000 -0.07200000 0.07700000
v 0.00342590 0.07191845 0.07700000
v 0.00342590 -0.07191845 0.07700000
v 0.01697464 0.06997044 0.07700000
v 0.05210885 0.04968569 0.07700000
v 0.06057025 0.03892614 0.07700000
v 0.06684249 0.02675970 0.07700000
v 0.04176410 0.05864947 0.07700000
v 0.02990988 0.06549350 0.07700000
v 0.01697464 -0.06997044 0.07700000
v 0.02990988 -0.06549350 0.07700000
v 0.04176410 -0.05864947 0.07700000
v -0.06908350 -0.02028474 0.07700000
v -0.07167398 -0.00684404 0.07700000
v -0.07167398 0.00684403 0.07700000
v -0.04714997 -0.05441397 0.07700000
v -0.03600000 -0.06235383 0.07700000
v -0.02354889 -0.06804006 0.07700000
v 0.05210885 -0.04968569 0.07700000
v 0.06057025 -0.03892614 0.07700000
v 0.06684249 -0.02675970 0.07700000
v -0.02354889 0.06804006 0.07700000
v -0.03600000 0.06235383 0.07700000
v -0.04714997 0.05441397 0.07700000
v -0.06399615 -0.03299231 0.07700000
v -0.05659582 -0.04450745 0.07700000
v 0.07069886 -0.01362609 0.07700000
v 0.07200000 -0.00000000 0.07700000
v 0.07069886 0.01362609 0.07700000
v -0.05659582 0.04450745 0.07700000
v -0.06399615 0.03299231 0.07700000
v -0.06908350 0.02028474 0.07700000
v 0.00342590 0.07191845 0.07900000
v 0.01697464 0.06997044 0.07900000
v 0.02990988 0.06549350 0.07900000
v 0.04176410 0.05864947 0.07900000
v 0.05210885 0.04968569 0.07900000
v 0.06057025 0.03892614 0.07900000
v 0.06684249 0.02675970 0.07900000
v 0.07069886 0.01362609 0.07900000
v 0.07200000 -0.00000000 0.07900000
v 0.07069886 -0.01362609 0.07900000
v 0.06684249 -0.02675970 0.07900000
v 0.06057025 -0.03892614 0.07900000
v 0.05210885 -0.04968569 0.07900000
v 0.04176410 -0.05864947 0.07900000
v 0.02990988 -0.06549350 0.07900000
v 0.01697464 -0.06997044 0.07900000
v 0.00342590 -0.07191845 0.07900000
v 0.00000000 -0.07200000 0.07900000
v -0.01024667 -0.07126714 0.07900000
v -0.02354889 -0.06804006 0.07900000
v -0.03600000 -0.06235383 0.07900000
v -0.04714997 -0.05441397 0.07900000
v -0.05659582 -0.04450745 0.07900000
v -0.06399615 -0.03299231 0.07900000
v -0.06908350 -0.02028474 0.07900000
v -0.07167398 -0.00684404 0.07900000
v -0.07167398 0.00684403 0.07900000
v -0.06908350 0.02028474 0.07900000
v -0.06399615 0.03299231 0.07900000
v -0.05659582 0.04450745 0.07900000
v -0.04714997 0.05441397 0.07900000
v -0.03600000 0.06235383 0.07900000
v -0.02354889 0.06804006 0.07900000
v -0.01024667 0.07126714 0.07900000
v -0.08374892 -0.00000000 0.01025000
v -0.08450000 -0.00108253 0.01087500
v -0.08450000 -0.00062500 0.01133253
v -0.08450000 -0.00125000 0.01025000
v -0.08450000 0.00062500 0.01133253
v -0.08450000 0.00108253 0.01087500
v -0.08450000 -0.00000000 0.01150000
v -0.08450000 0.00108253 0.00962500
v -0.08450000 0.00062500 0.00916747
v -0.08450000 0.00125000 0.01025000
v -0.08450000 -0.00062500 0.00916747
v -0.08450000 -0.00108253 0.00962500
v -0.08450000 -0.00000000 0.00900000
v -0.08374892 -0.00000000 0.04025000
v -0.08450000 -0.00108253 0.04087500
v -0.08450000 -0.00062500 0.04133253
v -0.08450000 -0.00125000 0.04025000
v -0.08450000 0.00062500 0.04133253
v -0.08450000 0.00108253 0.04087500
v -0.08450000 -0.00000000 0.04150000
v -0.08450000 0.00108253 0.03962500
v -0.08450000 0.00062500 0.03916747
v -0.08450000 0.00125000 0.04025000
v -0.08450000 -0.00062500 0.03916747
v -0.08450000 -0.00108253 0.03962500
v -0.08450000 -0.00000000 0.03900000
v -0.07095515 0.01175000 0.01599990
v -0.07741336 0.01175000 0.01599990
v -0.07192145 -0.00000000 0.01599990
v -0.07830000 -0.00000000 0.01599990
v -0.07095515 -0.01175000 0.01599990
v -0.07741336 -0.01175000 0.01599990
v -0.07111533 -0.01073802 0.03616162
v -0.07125751 -0.00975000 0.03700000
v -0.07192145 -0.00000000 0.03700000
v -0.07125751 0.00975000 0.03700000
v -0.07120834 0.01010529 0.03696819
v -0.07115967 0.01044209 0.03687644
v -0.07109052 0.01089876 0.03663717
v -0.07095515 0.01175000 0.03500000
v -0.07104971 0.01116381 0.03641461
v -0.07099184 0.01152928 0.03591333
v -0.07112773 -0.01065958 0.03678120
v -0.07101886 -0.01135956 0.03618714
v -0.07097609 -0.01162622 0.03569268
v -0.07095975 -0.01172371 0.03532318
v -0.07095515 -0.01175000 0.03500000
v -0.07756023 0.01073780 0.01433805
v -0.07769059 0.00975000 0.01350000
v -0.07830000 -0.00000000 0.01350000
v -0.07741336 0.01175000 0.01550000
v -0.07741759 0.01172360 0.01517615
v -0.07743254 0.01162624 0.01480739
v -0.07757171 0.01065846 0.01371823
v -0.07747190 0.01135854 0.01431148
v -0.07769059 -0.00975000 0.01350000
v -0.07764556 -0.01010475 0.01353171
v -0.07760085 -0.01044211 0.01362357
v -0.07753753 -0.01089820 0.01386243
v -0.07741336 -0.01175000 0.01550000
v -0.07750002 -0.01116388 0.01408545
v -0.07744702 -0.01152902 0.01458617
v 0.05889871 0.04998841 0.05453724
v 0.05873565 0.05017501 0.05445126
v 0.05847332 0.05005107 0.05542926
v 0.05695289 0.05053633 0.05823674
v 0.05596512 0.05076335 0.06089798
v 0.05285407 0.05278439 0.06605559
v 0.05321168 0.05244224 0.06599460
v 0.05313325 0.05252366 0.06593725
v 0.05353577 0.05217304 0.06566499
v 0.05368991 0.05207864 0.06523264
v 0.05435775 0.05159137 0.06433181
v 0.05055234 0.05651896 0.05953679
v 0.05089140 0.05567473 0.06143608
v 0.05099416 0.05558301 0.06137689
v 0.05101881 0.05540115 0.06204778
v 0.05136280 0.05482396 0.06307255
v 0.05181835 0.05401637 0.06490618
v 0.05014703 0.06065403 0.05018957
v 0.04991788 0.06084614 0.05027479
v 0.04991235 0.05997974 0.05204343
v 0.05000043 0.05940749 0.05312330
v 0.05018732 0.05778549 0.05671940
v 0.05016739 0.05924458 0.05304258
v 0.05033569 0.05745680 0.05725179
v 0.05028478 0.05904908 0.05294782
v 0.05048608 0.05728415 0.05715930
v 0.05058214 0.05708738 0.05706174
v 0.05087696 0.05604862 0.05965713
v 0.05854654 0.05030208 0.05435601
v 0.05684283 0.05058067 0.05840437
v 0.05547900 0.05103225 0.06174137
v 0.05471985 0.05144341 0.06306162
v 0.06010408 0.05035432 0.05022868
v 0.05930508 0.05032398 0.05203045
v 0.06036203 0.05030765 0.05035434
v 0.06052447 0.05023049 0.05043181
v 0.06063907 0.05014783 0.05048547
v 0.06083727 0.04991779 0.05057524
v 0.05036474 0.06010408 0.04993030
v 0.05031250 0.06037844 0.05006161
v 0.05024977 0.05752516 0.05729115
v 0.05182401 0.05406760 0.06446449
v 0.05224467 0.05347089 0.06553955
v 0.05237526 0.05328937 0.06591406
v 0.05257453 0.05307699 0.06596331
v 0.05272392 0.05290688 0.06613202
v 0.05306317 0.05257551 0.06608749
v 0.05834047 0.05037221 0.05425560
v 0.05665113 0.05068525 0.05830550
v 0.05530554 0.05116203 0.06163875
v 0.05529884 0.05116497 0.06165528
v -0.05031293 0.06037728 0.05006107
v -0.05036474 0.06010408 0.04993030
v -0.05038264 0.05831711 0.05408186
v -0.05845688 0.05005290 0.05546201
v -0.05915657 0.04999259 0.05393292
v -0.06010947 0.04990365 0.05204196
v -0.05062929 0.05667899 0.05864841
v -0.05046857 0.05684205 0.05874093
v -0.05043925 0.05696307 0.05844633
v -0.05039694 0.05699499 0.05846565
v -0.05027070 0.05743638 0.05748832
v -0.05177550 0.05407884 0.06479265
v -0.05103120 0.05537490 0.06210631
v -0.05101783 0.05552432 0.06152246
v -0.05092111 0.05561031 0.06157845
v -0.05055968 0.05650511 0.05956098
v -0.05043779 0.05686507 0.05875502
v -0.05539272 0.05106851 0.06195110
v -0.05707050 0.05052592 0.05785286
v -0.05590465 0.05078995 0.06102807
v -0.05723933 0.05037202 0.05794662
v -0.05833675 0.05007351 0.05571627
v -0.05899815 0.05016343 0.05385137
v -0.06070574 0.05008572 0.05051620
v -0.06083756 0.04991734 0.05057536
v -0.06047290 0.04990437 0.05130724
v -0.05880600 0.05028550 0.05375568
v -0.05024101 0.06052584 0.05013064
v -0.05031192 0.05852369 0.05418081
v -0.05018431 0.05871313 0.05427465
v -0.05059798 0.05679804 0.05835387
v -0.05014830 0.06065257 0.05018890
v -0.05013542 0.05882931 0.05414075
v -0.04991788 0.06084614 0.05027479
v -0.06031752 0.05032193 0.05033287
v -0.06052623 0.05022942 0.05043263
v -0.05497944 0.05125639 0.06294169
v -0.05432634 0.05166247 0.06396712
v -0.05604708 0.05087227 0.05979778
v -0.05859838 0.05035021 0.05365482
v -0.06010408 0.05035432 0.05022868
v -0.05546626 0.05098485 0.06200100
v -0.05501988 0.05120857 0.06297150
v -0.05444788 0.05153586 0.06415049
v -0.05441984 0.05155314 0.06420550
v -0.05365956 0.05210073 0.06528330
v -0.05356139 0.05215162 0.06563535
v -0.05318536 0.05247805 0.06589510
v -0.05304988 0.05258732 0.06609239
v -0.05289558 0.05274377 0.06605031
v -0.05270872 0.05292152 0.06613090
v -0.05265191 0.05299252 0.06601205
v -0.05236031 0.05330739 0.06589124
v -0.05234585 0.05334388 0.06570781
v -0.05165442 0.05434486 0.06385832
v -0.05114716 0.05534952 0.06142155
v -0.05073728 0.05648852 0.05855083
v -0.05070366 0.05660624 0.05825635
v -0.04995372 0.05922675 0.05362290
v -0.05068983 0.05665630 0.05813138
v 0.04995354 -0.05922861 0.05361897
v 0.05013689 -0.05882809 0.05413937
v 0.05027721 -0.05741180 0.05754255
v 0.05809693 -0.05039912 0.05482707
v 0.05829784 -0.05032577 0.05492531
v 0.05673674 -0.05060965 0.05865273
v 0.05604708 -0.05087227 0.05979777
v 0.05521443 -0.05114823 0.06237334
v 0.05504834 -0.05127946 0.06227042
v 0.05590471 -0.05078993 0.06102794
v 0.05442463 -0.05155021 0.06419604
v 0.05496661 -0.05126423 0.06296375
v 0.05441041 -0.05155900 0.06422383
v 0.05432634 -0.05166247 0.06396712
v 0.05373983 -0.05201481 0.06539200
v 0.05365956 -0.05210073 0.06528330
v 0.05356355 -0.05214994 0.06563257
v 0.05318536 -0.05247805 0.06589510
v 0.05305181 -0.05258556 0.06609139
v 0.05289558 -0.05274377 0.06605031
v 0.05270749 -0.05292282 0.06613044
v 0.05265191 -0.05299252 0.06601205
v 0.05235848 -0.05330957 0.06588911
v 0.05165442 -0.05434486 0.06385832
v 0.05191004 -0.05393567 0.06473392
v 0.05177202 -0.05408398 0.06478339
v 0.05220049 -0.05352821 0.06545517
v 0.05234585 -0.05334388 0.06570781
v 0.05102798 -0.05550340 0.06156536
v 0.05115483 -0.05533178 0.06146612
v 0.05070374 -0.05660594 0.05825712
v 0.05071395 -0.05656962 0.05834788
v 0.05060044 -0.05679448 0.05835291
v 0.05060995 -0.05675777 0.05844369
v 0.05031371 -0.05851992 0.05417944
v 0.05038265 -0.05831695 0.05408224
v 0.05068983 -0.05665631 0.05813136
v 0.05056868 -0.05647998 0.05961745
v 0.05040947 -0.05695456 0.05855559
v 0.05045038 -0.05692370 0.05853686
v 0.05039704 -0.05699465 0.05846640
v 0.05044149 -0.05696101 0.05844606
v 0.05018615 -0.05871088 0.05427398
v 0.05092997 -0.05559080 0.06162234
v 0.05102700 -0.05538360 0.06208693
v 0.05848544 -0.05019407 0.05502089
v 0.06052623 -0.05022942 0.05043263
v 0.06063803 -0.05014871 0.05048499
v 0.05684686 -0.05056379 0.05848624
v 0.05833677 -0.05007350 0.05571622
v 0.05874783 -0.05000849 0.05484954
v 0.06083755 -0.04991735 0.05057536
v 0.06010408 -0.05035432 0.05022868
v 0.06031370 -0.05032303 0.05033103
v 0.06036105 -0.05030800 0.05035387
v 0.05036474 -0.06010408 0.04993030
v 0.05031295 -0.06037722 0.05006104
v 0.05024243 -0.06052348 0.05012955
v 0.05014838 -0.06065248 0.05018886
v 0.04991788 -0.06084614 0.05027479
v 0.04315102 0.06011650 0.07900002
v 0.04096711 0.06162543 0.07900002
v -0.03331097 -0.06607822 0.07900001
v -0.06654809 -0.03236222 0.07900001
v -0.06538475 -0.03465225 0.07900001
v -0.01146953 0.07310564 0.07900000
v -0.01452210 0.07256106 0.07900000
v 0.07257810 -0.01443668 0.07900000
v 0.07076072 -0.02165349 0.07900001
v 0.06836709 -0.02831858 0.07900002
v -0.07269470 0.01383765 0.07900000
v -0.07326178 0.01042530 0.07900000
v 0.03331097 0.06607822 0.07900001
v 0.02799610 0.06849977 0.07900001
v 0.02266821 0.07044224 0.07900000
v 0.07267835 0.01392327 0.07900000
v 0.07076072 0.02165349 0.07900000
v 0.06526185 -0.03488317 0.07900003
v 0.06654811 -0.03236219 0.07900003
v 0.05194852 -0.05270057 0.07900003
v 0.05344166 -0.05118581 0.07900003
v 0.05720275 -0.04694512 0.07900003
v 0.06072627 -0.04228859 0.07900003
v 0.01146952 -0.07310564 0.07900000
v 0.01443660 -0.07257812 0.07900000
v 0.02266815 -0.07044225 0.07900001
v 0.00725319 -0.07364336 0.07900000
v -0.00000003 -0.07399999 0.07899999
v -0.00664573 -0.07370065 0.07899999
v -0.01146958 -0.07310563 0.07900000
v -0.02799610 -0.06849977 0.07900001
v -0.02266821 -0.07044224 0.07900000
v -0.01392332 -0.07267834 0.07900000
v -0.07370066 -0.00664567 0.07899999
v -0.07399999 -0.00000000 0.07899999
v -0.07370456 0.00660227 0.07900000
v 0.01392331 0.07267834 0.07900000
v 0.01146958 0.07310563 0.07900000
v 0.06072627 0.04228859 0.07900002
v 0.05725805 0.04687766 0.07900002
v 0.06849979 0.02799606 0.07900001
v 0.06654811 0.03236219 0.07900001
v 0.06538475 0.03465226 0.07900001
v 0.04694506 -0.05720280 0.07900003
v 0.04315098 -0.06011654 0.07900003
v 0.02831851 -0.06836712 0.07900002
v 0.03331092 -0.06607825 0.07900003
v 0.04111215 -0.06152878 0.07900003
v -0.06072625 -0.04228862 0.07900002
v -0.05725806 -0.04687765 0.07900002
v -0.05344163 -0.05118583 0.07900002
v -0.05194857 -0.05270053 0.07900002
v -0.07326176 -0.01042537 0.07899999
v -0.07267835 -0.01392326 0.07900000
v -0.07076071 -0.02165352 0.07900000
v -0.06849979 -0.02799605 0.07900001
v -0.07076073 0.02165345 0.07900001
v -0.06856555 0.02783460 0.07900002
v -0.06654812 0.03236216 0.07900003
v -0.06072629 0.04228856 0.07900003
v -0.06548652 0.03445955 0.07900003
v 0.00664572 0.07370065 0.07899999
v 0.00000003 0.07399999 0.07899999
v -0.00729657 0.07363907 0.07900000
v 0.05344166 0.05118580 0.07900002
v 0.05194856 0.05270053 0.07900002
v 0.04687769 0.05725802 0.07900002
v 0.07370066 0.00664568 0.07899999
v 0.07326177 0.01042533 0.07899999
v 0.07326177 -0.01042533 0.07900000
v 0.07364335 -0.00725327 0.07900000
v 0.07399999 -0.00000002 0.07899999
v -0.04687769 -0.05725802 0.07900002
v -0.04315102 -0.06011650 0.07900002
v -0.04096711 -0.06162543 0.07900002
v -0.04718054 0.05700873 0.07900003
v -0.05194852 0.05270056 0.07900003
v -0.05344168 0.05118578 0.07900003
v -0.05745084 0.04664119 0.07900003
v -0.04315098 0.06011654 0.07900003
v -0.04132937 0.06138309 0.07900003
v -0.02266815 0.07044225 0.07900001
v -0.02847952 0.06830020 0.07900002
v -0.03331092 0.06607825 0.07900003
v -0.05087696 -0.05604862 0.05965714
v -0.05058214 -0.05708740 0.05706172
v -0.05048607 -0.05728416 0.05715928
v -0.05889871 -0.04998841 0.05453724
v -0.05873565 -0.05017501 0.05445126
v -0.05847332 -0.05005107 0.05542927
v -0.05695289 -0.05053633 0.05823674
v -0.05596511 -0.05076336 0.06089799
v -0.05285407 -0.05278439 0.06605559
v -0.05321168 -0.05244224 0.06599460
v -0.05313325 -0.05252365 0.06593725
v -0.05353576 -0.05217304 0.06566501
v -0.05368992 -0.05207864 0.06523263
v -0.05435775 -0.05159138 0.06433182
v -0.05055234 -0.05651896 0.05953679
v -0.05089140 -0.05567474 0.06143606
v -0.05099415 -0.05558302 0.06137687
v -0.05101880 -0.05540115 0.06204777
v -0.05136280 -0.05482396 0.06307255
v -0.05181835 -0.05401637 0.06490618
v -0.05000043 -0.05940751 0.05312328
v -0.05016739 -0.05924459 0.05304255
v -0.05014703 -0.06065403 0.05018957
v -0.05028478 -0.05904909 0.05294780
v -0.05031250 -0.06037843 0.05006161
v -0.05033569 -0.05745681 0.05725177
v -0.05018732 -0.05778550 0.05671937
v -0.04991235 -0.05997976 0.05204339
v -0.04991788 -0.06084614 0.05027479
v -0.05854654 -0.05030208 0.05435601
v -0.05684283 -0.05058067 0.05840437
v -0.05547900 -0.05103225 0.06174137
v -0.05471984 -0.05144341 0.06306164
v -0.06010408 -0.05035432 0.05022868
v -0.05930511 -0.05032398 0.05203040
v -0.06036274 -0.05030740 0.05035468
v -0.06052447 -0.05023049 0.05043181
v -0.06063994 -0.05014709 0.05048587
v -0.06083727 -0.04991779 0.05057524
v -0.05036474 -0.06010408 0.04993030
v -0.05024976 -0.05752517 0.05729113
v -0.05182401 -0.05406759 0.06446449
v -0.05224468 -0.05347088 0.06553955
v -0.05237526 -0.05328937 0.06591406
v -0.05257453 -0.05307699 0.06596331
v -0.05272392 -0.05290689 0.06613202
v -0.05306316 -0.05257551 0.06608749
v -0.05834047 -0.05037221 0.05425560
v -0.05665113 -0.05068525 0.05830550
v -0.05530554 -0.05116203 0.06163875
v -0.05529886 -0.05116497 0.06165523
v -0.09170000 -0.00000000 0.01150000
v -0.09170000 -0.00062500 0.01133253
v -0.09170000 -0.00108253 0.01087500
v -0.09170000 -0.00125000 0.01025000
v -0.09170000 -0.00108253 0.00962500
v -0.09170000 -0.00062500 0.00916747
v -0.09170000 -0.00000000 0.00900000
v -0.09170000 0.00062500 0.00916747
v -0.09170000 0.00108253 0.00962500
v -0.09170000 0.00125000 0.01025000
v -0.09170000 0.00108253 0.01087500
v -0.09170000 0.00062500 0.01133253
v -0.09170000 -0.00125000 0.04025000
v -0.09170000 -0.00108253 0.04087500
v -0.09170000 -0.00062500 0.04133253
v -0.09170000 -0.00000000 0.04150000
v -0.09170000 0.00062500 0.04133253
v -0.09170000 0.00108253 0.04087500
v -0.09170000 0.00125000 0.04025000
v -0.09170000 0.00108253 0.03962500
v -0.09170000 0.00062500 0.03916747
v -0.09170000 -0.00000000 0.03900000
v -0.09170000 -0.00062500 0.03916747
v -0.09170000 -0.00108253 0.03962500
v -0.09150000 0.01175000 0.03500000
v -0.09150000 0.01175000 0.01550000
v -0.09150000 0.00975000 0.03700000
v -0.09150000 0.01075000 0.03673205
v -0.09150000 0.01116421 0.03641421
v -0.09150000 0.01148205 0.03600000
v -0.09150000 0.01162638 0.03569223
v -0.09150000 -0.00975000 0.03700000
v -0.09150000 -0.01175000 0.03500000
v -0.09150000 -0.01148205 0.03600000
v -0.09150000 -0.01116421 0.03641421
v -0.09150000 -0.01075000 0.03673205
v -0.09150000 -0.01175000 0.01550000
v -0.09150000 -0.00975000 0.01350000
v -0.09150000 -0.01075000 0.01376795
v -0.09150000 -0.01116421 0.01408579
v -0.09150000 -0.01148205 0.01450000
v -0.09150000 -0.01162638 0.01480777
v -0.09150000 0.00975000 0.01350000
v -0.09150000 0.01148205 0.01450000
v -0.09150000 0.01116421 0.01408579
v -0.09150000 0.01075000 0.01376795
v 0.00346410 -0.08700000 0.01000000
v 0.00200000 -0.08846410 0.01000000
v 0.00400000 -0.08500000 0.01000000
v -0.00000000 -0.08900000 0.01000000
v -0.00200000 -0.08846410 0.01000000
v -0.00346410 -0.08700000 0.01000000
v -0.00400000 -0.08500000 0.01000000
v -0.00346410 -0.08300000 0.01000000
v 0.00346410 -0.08300000 0.01000000
v 0.00200000 -0.08153590 0.01000000
v 0.00000000 -0.08100000 0.01000000
v -0.00200000 -0.08153590 0.01000000
v -0.05019310 0.06147877 0.04857704
v -0.05075669 0.08573789 0.01730995
v -0.05079801 0.08704223 0.01599982
v -0.05114565 0.08681967 0.01599996
v -0.05062030 0.06641268 0.03997379
v -0.05053068 0.06264148 0.04517826
v -0.05036360 0.06120994 0.04844331
v -0.05075163 0.06668144 0.03885065
v -0.05071520 0.06613582 0.03979024
v -0.05091066 0.07041525 0.03394566
v -0.05098623 0.07160233 0.03213284
v -0.05109628 0.07494667 0.02829980
v -0.05126978 0.07827295 0.02401314
v -0.05117908 0.07709108 0.02576606
v -0.05147269 0.08623893 0.01599991
v -0.05154961 0.08569863 0.01599990
v -0.05055925 0.07944853 0.02409980
v -0.05078773 0.07752217 0.02611808
v -0.05043263 0.07530547 0.02898297
v -0.05071910 0.07539091 0.02865095
v -0.05036148 0.07292464 0.03193561
v -0.05056981 0.07089054 0.03429327
v -0.05035818 0.07281356 0.03207626
v -0.05041822 0.06664796 0.04012553
v -0.05021897 0.06849746 0.03779825
v -0.05035462 0.07270025 0.03222012
v -0.04993580 0.06122564 0.04951855
v -0.05006469 0.06419506 0.04424152
v -0.05016104 0.06680238 0.04022076
v -0.05079178 0.07067593 0.03413869
v -0.05095726 0.07519358 0.02849743
v -0.05103211 0.07733200 0.02596530
v -0.05134011 0.08655655 0.01599999
v -0.05154961 0.06010408 0.01599990
v -0.05205694 0.05720193 0.01599990
v -0.05402672 0.05408373 0.01599990
v -0.05712622 0.05208465 0.01599990
v -0.06010408 0.05154961 0.01599990
v -0.06239650 0.05050262 0.04598189
v -0.07196037 0.05097912 0.03233691
v -0.06494910 0.05064550 0.04189041
v -0.08642009 0.05154961 0.01599990
v -0.08409975 0.05146664 0.01837606
v -0.08249599 0.05140727 0.02007627
v -0.06443563 0.05061809 0.04267536
v -0.06269633 0.05052038 0.04547339
v -0.06268426 0.05043963 0.04614790
v -0.08310527 0.05094244 0.02062683
v -0.08765734 0.05101114 0.01599994
v -0.08775894 0.05081791 0.01599989
v -0.08685864 0.05149984 0.01599996
v -0.08270442 0.05135916 0.02026838
v -0.07701273 0.05115410 0.02657504
v -0.07156020 0.05094056 0.03309242
v -0.06551078 0.05037245 0.04225252
v -0.06457317 0.05007952 0.04404062
v -0.06143271 0.04994715 0.04941671
v -0.08777054 0.05077924 0.01600054
v -0.08105434 0.05058764 0.02304788
v -0.07744632 0.05077054 0.02693239
v -0.07447443 0.05039519 0.03068629
v -0.07202835 0.05059981 0.03344956
v -0.06872002 0.05022095 0.03803236
v -0.06567636 0.05011963 0.04235324
v -0.08725903 0.05135109 0.01600000
v -0.08293077 0.05119791 0.02047338
v -0.07725423 0.05101154 0.02677656
v -0.07181686 0.05082177 0.03329060
v -0.06526741 0.05056272 0.04209815
v -0.06287357 -0.05025989 0.04641609
v -0.08752020 -0.05116653 0.01600041
v -0.08108900 -0.05059187 0.02300053
v -0.08775857 -0.05081900 0.01599990
v -0.08777160 -0.05077623 0.01600038
v -0.07779645 -0.05077919 0.02652990
v -0.07701202 -0.05075496 0.02743941
v -0.07367302 -0.05037361 0.03166407
v -0.06854859 -0.05048173 0.03796632
v -0.06408868 -0.05006326 0.04480655
v -0.06487174 -0.05009396 0.04357302
v -0.06815264 -0.05020329 0.03880746
v -0.06832147 -0.05068913 0.03780771
v -0.06265970 -0.05051827 0.04553386
v -0.06261310 -0.05043522 0.04627061
v -0.06010816 -0.05035527 0.05020075
v -0.06010950 -0.05035480 0.05021489
v -0.06805233 -0.05078975 0.03761468
v -0.06797170 -0.05079686 0.03755604
v -0.06646306 -0.05072316 0.03966641
v -0.07152263 -0.05095986 0.03288830
v -0.07657544 -0.05113735 0.02708169
v -0.07884409 -0.05126625 0.02411426
v -0.07736450 -0.05116696 0.02617234
v -0.08691746 -0.05148507 0.01599990
v -0.08642046 -0.05154961 0.01599990
v -0.07681851 -0.05099569 0.02728335
v -0.07760551 -0.05102228 0.02637435
v -0.08728087 -0.05133915 0.01599996
v -0.06010408 -0.05154961 0.01599990
v -0.06010612 -0.05035481 0.05021472
v -0.05718869 -0.05206173 0.01599990
v -0.05405700 -0.05405332 0.01599990
v -0.05206351 -0.05718379 0.01599990
v -0.05154961 -0.06010408 0.01599990
v -0.05154961 -0.08569839 0.01599990
v -0.05150907 -0.08457834 0.01715839
v -0.05124658 -0.07769825 0.02467722
v -0.05098755 -0.07163183 0.03209491
v -0.05075425 -0.06673280 0.03877564
v -0.05065745 -0.06487171 0.04154793
v -0.05053766 -0.06275815 0.04497831
v -0.05004929 -0.06371731 0.04502580
v -0.05037018 -0.06545065 0.04191178
v -0.05008472 -0.06459872 0.04358597
v -0.05011965 -0.06561045 0.04200625
v -0.05019708 -0.06793740 0.03858785
v -0.05063862 -0.07298703 0.03161225
v -0.05036771 -0.07311089 0.03170036
v -0.05038335 -0.07362147 0.03105921
v -0.05081084 -0.07830190 0.02521381
v -0.05058607 -0.08035024 0.02307219
v -0.05098777 -0.08695021 0.01599996
v -0.05079779 -0.08704226 0.01599985
v -0.05149961 -0.08613756 0.01599997
v -0.05120848 -0.07787501 0.02486101
v -0.05099906 -0.07252637 0.03126195
v -0.05056658 -0.06520830 0.04176212
v -0.05086958 -0.07278081 0.03145786
v -0.05105821 -0.07811421 0.02506123
v -0.05135118 -0.08653627 0.01600002
v 0.06287258 0.05026066 0.04641596
v 0.08752020 0.05116652 0.01600041
v 0.08109427 0.05059310 0.02299425
v 0.08775856 0.05081903 0.01599990
v 0.08777125 0.05077768 0.01600035
v 0.07779576 0.05078018 0.02652963
v 0.07701172 0.05075595 0.02743868
v 0.07368146 0.05037387 0.03165370
v 0.06854809 0.05048262 0.03796560
v 0.06409436 0.05006349 0.04479745
v 0.06487171 0.05009396 0.04357308
v 0.06815947 0.05020352 0.03879805
v 0.06832106 0.05068951 0.03780703
v 0.06265970 0.05051827 0.04553386
v 0.06261224 0.05043550 0.04627054
v 0.06010816 0.05035527 0.05020075
v 0.06010950 0.05035480 0.05021489
v 0.06805220 0.05078981 0.03761420
v 0.06797189 0.05079687 0.03755579
v 0.06646306 0.05072316 0.03966641
v 0.07152263 0.05095986 0.03288829
v 0.07657540 0.05113746 0.02708114
v 0.07884409 0.05126625 0.02411426
v 0.07736406 0.05116706 0.02617226
v 0.08691746 0.05148507 0.01599990
v 0.08642046 0.05154961 0.01599990
v 0.07681824 0.05099616 0.02728262
v 0.07760484 0.05102275 0.02637408
v 0.08727995 0.05133966 0.01599997
v 0.06010582 0.05154961 0.01599990
v 0.06010612 0.05035481 0.05021472
v 0.05718869 0.05206173 0.01599990
v 0.05405700 0.05405332 0.01599990
v 0.05206351 0.05718379 0.01599990
v 0.05154961 0.06010408 0.01599990
v 0.05154961 0.08569839 0.01599990
v 0.05150908 0.08457884 0.01715787
v 0.05124660 0.07769864 0.02467675
v 0.05098757 0.07163215 0.03209450
v 0.05075427 0.06673318 0.03877509
v 0.05065745 0.06487171 0.04154793
v 0.05053768 0.06275838 0.04497792
v 0.05004930 0.06371741 0.04502565
v 0.05037018 0.06545065 0.04191178
v 0.05008472 0.06459870 0.04358601
v 0.05011966 0.06561045 0.04200625
v 0.05019708 0.06793748 0.03858774
v 0.05063861 0.07298703 0.03161225
v 0.05036771 0.07311089 0.03170036
v 0.05038337 0.07362217 0.03105833
v 0.05081083 0.07830185 0.02521387
v 0.05058611 0.08035161 0.02307065
v 0.05098787 0.08695015 0.01599996
v 0.05079781 0.08704228 0.01599984
v 0.05149961 0.08613756 0.01599997
v 0.05120848 0.07787496 0.02486107
v 0.05099906 0.07252637 0.03126195
v 0.05056658 0.06520831 0.04176212
v 0.05086958 0.07278081 0.03145787
v 0.05105821 0.07811416 0.02506129
v 0.05135118 0.08653627 0.01600002
v 0.05019318 -0.06147864 0.04857708
v 0.05075670 -0.08577901 0.01726857
v 0.05079803 -0.08704224 0.01599979
v 0.05114560 -0.08681972 0.01599996
v 0.05062034 -0.06641264 0.03997371
v 0.05053071 -0.06264184 0.04517763
v 0.05036363 -0.06120983 0.04844336
v 0.05075166 -0.06668209 0.03884970
v 0.05071520 -0.06613582 0.03979019
v 0.05091067 -0.07041524 0.03394563
v 0.05098626 -0.07160312 0.03213183
v 0.05109629 -0.07494664 0.02829979
v 0.05126983 -0.07827421 0.02401170
v 0.05117909 -0.07709108 0.02576601
v 0.05147266 -0.08623904 0.01599991
v 0.05154961 -0.08569866 0.01599990
v 0.05056100 -0.07949398 0.02404783
v 0.05041831 -0.06664792 0.04012545
v 0.05020169 -0.06795307 0.03856214
v 0.05056990 -0.07089049 0.03429321
v 0.05038592 -0.07355387 0.03114066
v 0.05071921 -0.07539085 0.02865091
v 0.05078783 -0.07752213 0.02611801
v 0.05006045 -0.06397454 0.04459804
v 0.05016106 -0.06680238 0.04022073
v 0.05079182 -0.07067589 0.03413864
v 0.05095730 -0.07519352 0.02849740
v 0.05103216 -0.07733198 0.02596523
v 0.05134016 -0.08655646 0.01599999
v 0.05154961 -0.06010408 0.01599990
v 0.05206311 -0.05718488 0.01599990
v 0.05405516 -0.05405516 0.01599990
v 0.05718487 -0.05206311 0.01599990
v 0.06010408 -0.05154961 0.01599990
v 0.08641989 -0.05154961 0.01599990
v 0.08197538 -0.05138765 0.02063810
v 0.07200740 -0.05098118 0.03227780
v 0.06494908 -0.05064550 0.04189043
v 0.06447098 -0.05061999 0.04262079
v 0.06239649 -0.05050262 0.04598190
v 0.06268417 -0.05043966 0.04614787
v 0.08310476 -0.05094248 0.02062733
v 0.08765753 -0.05101085 0.01599994
v 0.08775900 -0.05081770 0.01599989
v 0.08685847 -0.05149988 0.01599996
v 0.08270385 -0.05135918 0.02026882
v 0.07701244 -0.05115412 0.02657519
v 0.07156019 -0.05094058 0.03309226
v 0.06498602 -0.05064368 0.04191484
v 0.06526732 -0.05056276 0.04209813
v 0.06408169 -0.05006083 0.04481964
v 0.06551073 -0.05037249 0.04225252
v 0.06487435 -0.05009072 0.04357195
v 0.07044475 -0.05027461 0.03574208
v 0.07037320 -0.05027242 0.03583530
v 0.07202839 -0.05059986 0.03344945
v 0.07016090 -0.05026591 0.03611277
v 0.06567634 -0.05011965 0.04235326
v 0.07623523 -0.05044704 0.02857479
v 0.07744610 -0.05077058 0.02693259
v 0.08173324 -0.05060733 0.02229931
v 0.08320161 -0.05064966 0.02070723
v 0.08777069 -0.05077928 0.01600042
v 0.08725891 -0.05135114 0.01600000
v 0.08293023 -0.05119795 0.02047384
v 0.07725397 -0.05101158 0.02677674
v 0.07181688 -0.05082182 0.03329046
v 0.04204727 0.06180197 0.06464472
v 0.04267900 0.06224516 0.06015186
v 0.03643440 0.06580471 0.06021577
v 0.04840055 0.05814958 0.06010026
v 0.02969964 0.06879216 0.06027785
v 0.02871165 0.06837230 0.06940979
v 0.06646039 0.03743036 0.05586723
v 0.06580545 0.03664589 0.06019722
v 0.06877157 0.03000472 0.06026367
v 0.04443628 0.06391029 0.05161617
v 0.01738218 0.09250573 0.01599962
v 0.01383676 0.09269651 0.01599960
v 0.00941236 0.08758148 0.02252345
v 0.00000012 0.07428529 0.05914349
v 0.00719286 0.07389856 0.06038906
v 0.00753382 0.07489428 0.05199083
v 0.06674817 0.04705164 0.04360916
v 0.07030661 0.04999605 0.03611558
v 0.08226678 0.04908720 0.02228352
v 0.07757983 0.04597001 0.02909310
v 0.07344740 0.04309437 0.03619536
v 0.09017096 0.04074084 0.01600029
v 0.08956250 0.04377549 0.01600031
v 0.08457977 0.04043600 0.02232818
v 0.08616827 0.03102159 0.02238313
v 0.09093370 0.03615740 0.01600026
v 0.09265731 0.01712220 0.01600016
v 0.09200532 0.02699489 0.01600021
v 0.08714116 0.02091458 0.02244817
v 0.09197149 0.02736904 0.01600022
v 0.09299998 -0.00000002 0.01600008
v 0.09297662 0.00492513 0.01600011
v 0.09066703 -0.00000003 0.01871221
v 0.08768380 -0.00000002 0.02260039
v 0.08760727 0.01018635 0.02252336
v 0.08460018 -0.00000001 0.02727060
v 0.08314700 0.00952831 0.02948390
v 0.08323845 -0.00000001 0.02960159
v 0.07955199 0.00892159 0.03664284
v 0.07938712 0.00000001 0.03749290
v 0.07678874 0.00836419 0.04410881
v 0.07699613 0.00000002 0.04420742
v 0.07489327 0.00785851 0.05199001
v 0.07515945 0.00000003 0.05204698
v 0.07601586 0.00000002 0.04786923
v 0.07404963 0.00000002 0.06362018
v 0.07365365 0.00700564 0.06945880
v 0.06833902 0.02885706 0.06940041
v 0.07080214 0.02187850 0.06943031
v 0.07258946 0.01457151 0.06944959
v 0.06524982 0.03544601 0.06936154
v 0.06157375 0.04161179 0.06932291
v 0.05734508 0.04732952 0.06929550
v 0.05258832 0.05257813 0.06928785
v 0.04732007 0.05733761 0.06930317
v 0.04156274 0.06158149 0.06933514
v 0.03534686 0.06527415 0.06937380
v 0.02170620 0.07083130 0.06943595
v 0.01440782 0.07260671 0.06945197
v 0.00000008 0.07397453 0.07229041
v 0.00690093 0.07365871 0.06945930
v 0.00000009 0.07396898 0.06946085
v 0.00000009 0.07396965 0.06906758
v 0.00000008 0.08091268 0.03407747
v 0.00000009 0.07952148 0.03717184
v 0.00837460 0.07953840 0.03664333
v 0.00000011 0.07705024 0.04402684
v 0.00792882 0.07678296 0.04410951
v 0.00000012 0.07601593 0.04786902
v 0.00000012 0.07520125 0.05180779
v 0.00000007 0.08328552 0.02951786
v 0.00886849 0.08312623 0.02948417
v 0.00000006 0.08607891 0.02493538
v 0.00000005 0.08771329 0.02255924
v 0.00000005 0.09300020 0.01599952
v 0.01967142 0.08704194 0.02244854
v 0.02453443 0.09194873 0.01599967
v 0.03916261 0.08429186 0.02232949
v 0.04218911 0.08928476 0.01599978
v 0.03392804 0.09079780 0.01599973
v 0.04944350 0.08744902 0.01599982
v 0.04809403 0.08191596 0.02228518
v 0.04703613 0.08811951 0.01599981
v 0.04680039 0.06656498 0.04362549
v 0.04964624 0.07004033 0.03612681
v 0.04776896 0.05763278 0.06460158
v 0.05765691 0.04778165 0.06459146
v 0.05899562 0.04925504 0.05574312
v 0.06227404 0.04278473 0.06013336
v 0.06300779 0.04361336 0.05579386
v 0.06400836 0.04460781 0.05159683
v 0.07991617 0.03786151 0.02917146
v 0.07589417 0.03548768 0.03629335
v 0.06998654 0.04052097 0.04369577
v 0.07259679 0.03334865 0.04379694
v 0.06738387 0.03834267 0.05167754
v 0.07017794 0.03150278 0.05176660
v 0.05819742 0.04841621 0.06008865
v 0.06180755 0.04212379 0.06462859
v 0.08157077 0.02904034 0.02926306
v 0.07770072 0.02721450 0.03640127
v 0.07460023 0.02555841 0.04390047
v 0.07238238 0.02410313 0.05184953
v 0.08262172 0.01957273 0.02936712
v 0.07890684 0.01833638 0.03651760
v 0.07599746 0.01720772 0.04400419
v 0.07396491 0.01619916 0.05192370
v 0.07435242 0.00000003 0.05832506
v 0.07389344 0.00740746 0.06038829
v 0.07286656 0.01532305 0.06036002
v 0.07114241 0.02287828 0.06031877
v 0.03102928 0.07014890 0.05178146
v 0.03800807 0.06731974 0.05169694
v 0.04004946 0.06983756 0.04371217
v 0.04923587 0.05891858 0.05575535
v 0.04347617 0.06294739 0.05581337
v 0.03715885 0.06643175 0.05588679
v 0.03031996 0.06934353 0.05596074
v 0.02355667 0.07237419 0.05185849
v 0.02252137 0.07116680 0.06032731
v 0.01498672 0.07288279 0.06036363
v 0.01568863 0.07396499 0.05192750
v 0.02481589 0.07454230 0.04390809
v 0.01652034 0.07597186 0.04400742
v 0.02626795 0.07758748 0.03640655
v 0.01746847 0.07885214 0.03651986
v 0.02788056 0.08140819 0.02926583
v 0.01851979 0.08254061 0.02936832
v 0.02963841 0.08597302 0.02238395
v 0.03368307 0.09083484 0.01599972
v 0.03269593 0.07249603 0.04380952
v 0.04246918 0.07321042 0.03620665
v 0.03464296 0.07571582 0.03630204
v 0.04517170 0.07726996 0.02909893
v 0.03681038 0.07967047 0.02917598
v -0.04764439 0.05711376 0.06890270
v -0.05285022 0.05236451 0.06888808
v -0.04300442 0.07309110 0.03607130
v -0.05010389 0.06989893 0.03599339
v -0.04724319 0.06642542 0.04343768
v -0.00871259 0.07679125 0.04391869
v -0.00790604 0.07385789 0.06007814
v -0.02325407 0.09206679 0.01599965
v -0.02647992 0.09175275 0.01599967
v -0.02051927 0.08700398 0.02240231
v -0.04810166 0.05742762 0.06424636
v -0.06695011 0.04689483 0.04342866
v -0.08972214 0.04302142 0.01600030
v -0.09015583 0.04082121 0.01600023
v -0.08459320 0.04077568 0.02222249
v -0.07160162 0.03967579 0.04136783
v -0.07056599 0.03935371 0.04352894
v -0.07014559 0.04037412 0.04351546
v -0.06728579 0.03416657 0.05880564
v -0.06740329 0.03340289 0.05995957
v -0.06593902 0.03650762 0.05988645
v -0.07398996 -0.00000000 0.07543031
v -0.07390727 0.00316378 0.07194822
v -0.07397342 0.00000000 0.07200000
v -0.07154390 0.01918882 0.06971197
v -0.07261306 0.01435900 0.07085954
v -0.07340518 0.00928693 0.07156347
v -0.07357338 0.00779281 0.07169754
v -0.06932513 0.02677773 0.06633365
v -0.06840772 0.02873771 0.06900545
v -0.06889605 0.02810796 0.06541789
v -0.06838899 0.02969929 0.06412908
v -0.07020751 0.02396982 0.06789014
v -0.07045400 0.02314950 0.06826627
v -0.07084116 0.02178905 0.06903601
v -0.06779339 0.03172123 0.06210035
v -0.06535629 0.03529808 0.06896564
v -0.06768194 0.03214732 0.06160301
v -0.06749799 0.03679340 0.05345029
v -0.06726257 0.03581616 0.05575925
v -0.06660607 0.03729435 0.05559213
v -0.06724416 0.03459364 0.05809820
v -0.06994554 0.03910340 0.04495805
v -0.06850785 0.03821293 0.04896571
v -0.06753793 0.03820596 0.05143605
v -0.06786148 0.03749201 0.05145647
v -0.06761032 0.03705503 0.05274374
v -0.07222921 0.03983075 0.04015718
v -0.07359771 0.04292742 0.03606854
v -0.07524896 0.04031737 0.03499008
v -0.07771204 0.04577585 0.02901291
v -0.07936363 0.04062976 0.02895064
v -0.08237632 0.04886152 0.02224503
v -0.07050026 0.04981887 0.03598873
v -0.06420571 0.04445868 0.05135490
v -0.06319727 0.04346250 0.05551818
v -0.05787254 0.04759871 0.06423898
v -0.05842528 0.04824552 0.05977593
v -0.05923422 0.04909347 0.05546624
v -0.05754896 0.04713298 0.06889696
v -0.04874324 0.05796293 0.05978418
v -0.04486135 0.06375573 0.05136729
v -0.04867056 0.08176431 0.02224301
v -0.04339616 0.08901594 0.01599977
v -0.04998619 0.08728857 0.01599981
v -0.01639304 0.09256425 0.01599961
v -0.00504473 0.09296262 0.01599955
v -0.00581636 0.09294999 0.01599955
v -0.01033629 0.08758220 0.02247554
v -0.00758712 0.07359581 0.06906540
v -0.08841900 0.04850418 0.01600047
v -0.06245205 0.04262834 0.05982187
v -0.06197225 0.04195914 0.06427739
v -0.06172553 0.04143760 0.06892575
v -0.04389150 0.06277875 0.05553133
v -0.04958863 0.05874779 0.05547466
v -0.01504564 0.07248745 0.06905703
v -0.02923224 0.06817598 0.06901190
v -0.02228843 0.07066730 0.06903968
v -0.02312196 0.07103331 0.06001299
v -0.01564685 0.07278969 0.06005104
v -0.01637786 0.07390446 0.05168015
v -0.00827967 0.07488200 0.05174466
v -0.03690454 0.06562584 0.05989876
v -0.04308435 0.06205850 0.05983484
v -0.04244356 0.06159548 0.06428905
v -0.04195215 0.06135610 0.06893484
v -0.03580225 0.06505757 0.06897441
v -0.01932327 0.08251676 0.02927612
v -0.02860636 0.08134626 0.02917554
v -0.02695822 0.07752683 0.03626833
v -0.03525661 0.07562335 0.03616514
v -0.03328147 0.07239424 0.04361934
v -0.04056278 0.06971391 0.04352278
v -0.03849921 0.06717592 0.05144722
v -0.03023582 0.06863053 0.05996188
v -0.02418305 0.07227588 0.05160998
v -0.01724387 0.07593561 0.04381683
v -0.00920096 0.07955658 0.03650218
v -0.03786953 0.09014272 0.01599974
v -0.03983409 0.08417633 0.02228610
v -0.04572798 0.07714070 0.02901210
v -0.03544773 0.09055864 0.01599973
v -0.03040125 0.08589584 0.02233922
v -0.03745281 0.07957319 0.02908743
v -0.00974158 0.08314220 0.02938980
v -0.01823039 0.07882857 0.03638026
v -0.02547264 0.07446928 0.04371765
v -0.03158845 0.07002334 0.05153198
v 0.04273612 -0.07310929 0.03620346
v 0.04980775 -0.06995687 0.03612513
v 0.04695259 -0.06647993 0.04362363
v 0.00865012 -0.07673889 0.04410081
v -0.00000011 -0.07699614 0.04420742
v -0.00000009 -0.07952145 0.03717190
v -0.00000008 -0.08091272 0.03407738
v -0.00000007 -0.08323845 0.02960159
v 0.00967710 -0.08309692 0.02947396
v -0.00000012 -0.07601594 0.04786899
v 0.07484147 -0.00856555 0.05198468
v 0.06291909 -0.04375348 0.05579231
v 0.06392124 -0.04474943 0.05159514
v 0.06727374 -0.03857547 0.05167439
v 0.02334080 -0.09205905 0.01599959
v 0.02647994 -0.09175275 0.01599961
v 0.02039185 -0.08698442 0.02244355
v 0.05760447 -0.04784589 0.06459115
v 0.06666351 -0.04719867 0.04360737
v 0.07748313 -0.04624470 0.02909055
v 0.06820627 -0.02917880 0.06939872
v 0.07067442 -0.02230211 0.06942883
v 0.06512889 -0.03567281 0.06936008
v -0.00000008 -0.07397453 0.07229045
v -0.00000009 -0.07396898 0.06946085
v 0.00752974 -0.07359952 0.06945895
v -0.00000005 -0.08768380 0.02260039
v -0.00000005 -0.09300024 0.01599943
v 0.00337046 -0.09298355 0.01599946
v 0.00504475 -0.09296262 0.01599947
v 0.01027124 -0.08755484 0.02251677
v -0.00000006 -0.08607896 0.02493531
v 0.04170467 -0.06148710 0.06933425
v 0.03557535 -0.06515276 0.06937241
v 0.02903516 -0.06823947 0.06940826
v 0.02213045 -0.07070416 0.06943469
v 0.01493490 -0.07250395 0.06945113
v 0.06147971 -0.04175271 0.06932207
v 0.07248573 -0.01510084 0.06944856
v 0.07359361 -0.00764164 0.06945834
v 0.09276658 -0.01443251 0.01600016
v 0.08758525 -0.01109879 0.02251667
v 0.09248816 -0.02039542 0.01600020
v 0.08709002 -0.02165509 0.02244315
v 0.09212764 -0.02556689 0.01600024
v 0.08609236 -0.03159985 0.02237953
v 0.09111675 -0.03487877 0.01600030
v 0.09093663 -0.03613762 0.01600031
v 0.08448733 -0.04086420 0.02232577
v 0.08976378 -0.04282016 0.01600035
v 0.08840185 -0.04856764 0.01600040
v 0.08216980 -0.04938013 0.02228208
v 0.08809268 -0.04967961 0.01600040
v 0.07022322 -0.05015097 0.03611396
v 0.07334793 -0.04335224 0.03619210
v 0.05894463 -0.04931873 0.05574269
v 0.05258828 -0.05257817 0.06928784
v 0.05729170 -0.04739459 0.06929526
v 0.04846511 -0.05809794 0.06009976
v 0.04839893 -0.08181769 0.02228375
v 0.04339617 -0.08901594 0.01599974
v 0.05006313 -0.08726554 0.01599979
v 0.01639306 -0.09256425 0.01599955
v 0.08312143 -0.01038228 0.02947365
v 0.08256529 -0.02026628 0.02935926
v 0.08149028 -0.02958210 0.02925723
v 0.07982142 -0.03826276 0.02916738
v 0.07951862 -0.00972172 0.03663201
v 0.07884011 -0.01898665 0.03650900
v 0.07761073 -0.02772259 0.03639459
v 0.07579295 -0.03586399 0.03628840
v 0.06634724 -0.03765963 0.05586440
v 0.06218360 -0.04292421 0.06013199
v 0.05814581 -0.04847997 0.06008827
v 0.06568936 -0.03687296 0.06019478
v 0.06171528 -0.04226357 0.06462745
v 0.07005857 -0.03184019 0.05176242
v 0.07674579 -0.00911516 0.04409998
v 0.07591817 -0.01781903 0.04399677
v 0.07387366 -0.01677684 0.05191869
v 0.07449832 -0.02603660 0.04389429
v 0.07226865 -0.02455659 0.05184483
v 0.07248677 -0.03370319 0.04379200
v 0.06988227 -0.04076443 0.04369232
v 0.07383552 -0.00807630 0.06038633
v 0.07276645 -0.01587341 0.06035753
v 0.07101932 -0.02331344 0.06031587
v 0.06864399 -0.03033103 0.06026069
v 0.01625911 -0.07387348 0.05192279
v 0.00821877 -0.07484256 0.05198565
v -0.00000012 -0.07515948 0.05204698
v -0.00000012 -0.07428529 0.05914345
v 0.00784709 -0.07384147 0.06038725
v 0.01553244 -0.07278348 0.06036142
v 0.02295776 -0.07104394 0.06032474
v 0.04361929 -0.06285810 0.05581173
v 0.04930066 -0.05886765 0.05575480
v 0.03002956 -0.06866399 0.06027513
v 0.00913731 -0.07950255 0.03663260
v 0.01810570 -0.07878171 0.03651144
v 0.01712166 -0.07589068 0.04400026
v 0.02529576 -0.07443815 0.04390220
v 0.02401171 -0.07225966 0.05185413
v 0.03137200 -0.07002817 0.05177755
v 0.03065549 -0.06921885 0.05595741
v 0.03739269 -0.06631748 0.05588406
v 0.03666509 -0.06568771 0.06021343
v 0.04282081 -0.06215416 0.06015041
v 0.04218870 -0.06170922 0.06464352
v 0.04783371 -0.05758028 0.06460117
v 0.04738541 -0.05728418 0.06930286
v 0.01919693 -0.08247887 0.02936055
v 0.02842330 -0.08132265 0.02926010
v 0.02677752 -0.07749373 0.03640008
v 0.03502738 -0.07561157 0.03629725
v 0.03305728 -0.07238379 0.04380481
v 0.04030028 -0.06973173 0.04370880
v 0.03824639 -0.06720833 0.05169389
v 0.04458163 -0.06382260 0.05161439
v 0.04545702 -0.07717168 0.02909642
v 0.03960072 -0.08419558 0.02232709
v 0.03794035 -0.09012989 0.01599970
v 0.03544775 -0.09055863 0.01599968
v 0.03021682 -0.08589129 0.02238038
v 0.03722078 -0.07957209 0.02917198
v -0.04204728 -0.06180197 0.06464471
v -0.04267901 -0.06224516 0.06015184
v -0.03643440 -0.06580471 0.06021575
v -0.04840056 -0.05814958 0.06010024
v -0.02969964 -0.06879216 0.06027783
v -0.02871165 -0.06837230 0.06940977
v -0.06998656 -0.04052097 0.04369574
v -0.06674819 -0.04705165 0.04360913
v -0.06400836 -0.04460781 0.05159680
v -0.04443629 -0.06391029 0.05161614
v -0.01739480 -0.09250496 0.01599957
v -0.01383676 -0.09269651 0.01599955
v -0.00941237 -0.08758152 0.02252339
v -0.07124396 -0.02034445 0.06935550
v -0.07080214 -0.02187849 0.06943031
v -0.07224902 -0.01616290 0.07050315
v -0.07030663 -0.04999606 0.03611554
v -0.07344742 -0.04309439 0.03619532
v -0.07757987 -0.04597002 0.02909306
v -0.09015567 -0.04082248 0.01600004
v -0.08956286 -0.04377385 0.01600013
v -0.08522521 -0.04078664 0.02147394
v -0.08778692 -0.05072477 0.01600038
v -0.08226682 -0.04908722 0.02228347
v -0.08075027 -0.04068645 0.02707868
v -0.07027347 -0.03923738 0.04419487
v -0.07160487 -0.03967193 0.04136452
v -0.07251300 -0.03988799 0.03963152
v -0.07447979 -0.04021946 0.03622935
v -0.07591448 -0.04038473 0.03395494
v -0.06778040 -0.03736150 0.05184498
v -0.06868835 -0.03836638 0.04837399
v -0.06738388 -0.03834267 0.05167751
v -0.06889700 -0.03852039 0.04773768
v -0.06728597 -0.03597090 0.05540784
v -0.06646040 -0.03743036 0.05586721
v -0.06724732 -0.03458914 0.05809113
v -0.06580545 -0.03664588 0.06019720
v -0.06726996 -0.03433698 0.05851531
v -0.06524983 -0.03544601 0.06936153
v -0.06763547 -0.03233123 0.06138360
v -0.06744909 -0.03317665 0.06027204
v -0.06833902 -0.02885705 0.06940041
v -0.07008728 -0.02435863 0.06771147
v -0.06914876 -0.02732710 0.06597377
v -0.06889550 -0.02810977 0.06542151
v -0.06826700 -0.03008059 0.06379683
v -0.06778978 -0.03172459 0.06210649
v -0.07258991 -0.01448180 0.07084378
v -0.07316642 -0.01107331 0.07136998
v -0.07357483 -0.00779321 0.07170486
v -0.07377738 -0.00546875 0.07185774
v -0.07394610 -0.00203469 0.07197552
v -0.05734509 -0.04732952 0.06929548
v -0.05258833 -0.05257813 0.06928784
v -0.04732007 -0.05733761 0.06930315
v -0.04156274 -0.06158148 0.06933513
v -0.03534687 -0.06527415 0.06937379
v -0.02170620 -0.07083130 0.06943595
v -0.01440783 -0.07260671 0.06945196
v -0.00753382 -0.07489429 0.05199080
v -0.00719286 -0.07389856 0.06038904
v -0.00690093 -0.07365871 0.06945930
v -0.00837460 -0.07953842 0.03664329
v -0.00792882 -0.07678296 0.04410947
v -0.00886850 -0.08312626 0.02948411
v -0.01967143 -0.08704198 0.02244848
v -0.02453443 -0.09194873 0.01599963
v -0.03916264 -0.08429190 0.02232943
v -0.04218911 -0.08928476 0.01599978
v -0.03392804 -0.09079780 0.01599970
v -0.04944350 -0.08744902 0.01599984
v -0.04809406 -0.08191600 0.02228513
v -0.04705682 -0.08811402 0.01599981
v -0.04680041 -0.06656499 0.04362546
v -0.04964626 -0.07004035 0.03612677
v -0.04776896 -0.05763278 0.06460156
v -0.05899562 -0.04925504 0.05574310
v -0.05819743 -0.04841621 0.06008863
v -0.05765691 -0.04778165 0.06459144
v -0.06300779 -0.04361337 0.05579384
v -0.06157375 -0.04161178 0.06932289
v -0.06180755 -0.04212378 0.06462857
v -0.06227405 -0.04278473 0.06013333
v -0.03102929 -0.07014890 0.05178143
v -0.03800808 -0.06731975 0.05169691
v -0.04004947 -0.06983756 0.04371214
v -0.04923588 -0.05891859 0.05575533
v -0.04347618 -0.06294739 0.05581334
v -0.03715886 -0.06643176 0.05588676
v -0.03031997 -0.06934353 0.05596071
v -0.02355667 -0.07237419 0.05185846
v -0.02252137 -0.07116680 0.06032729
v -0.01498673 -0.07288279 0.06036361
v -0.01568864 -0.07396499 0.05192747
v -0.02481590 -0.07454231 0.04390805
v -0.01652035 -0.07597187 0.04400739
v -0.02626796 -0.07758750 0.03640651
v -0.01746848 -0.07885216 0.03651982
v -0.02788057 -0.08140822 0.02926577
v -0.01851979 -0.08254064 0.02936827
v -0.02963842 -0.08597306 0.02238389
v -0.03370860 -0.09083100 0.01599970
v -0.03269594 -0.07249604 0.04380948
v -0.04246920 -0.07321044 0.03620661
v -0.03464298 -0.07571583 0.03630200
v -0.04517173 -0.07726999 0.02909889
v -0.03681040 -0.07967050 0.02917593
v -0.08234421 0.00760674 0.05696533
v -0.08096771 0.00000005 0.05782243
v -0.07953955 0.00000005 0.05912037
v -0.08724492 0.03216536 0.02583121
v -0.08881478 0.03039032 0.02552497
v -0.08750370 0.03009862 0.03026128
v -0.07214652 0.03196076 0.05320809
v -0.07237235 0.02945568 0.05665176
v -0.06983461 0.03062956 0.05935892
v -0.08602232 0.00000007 0.05466932
v -0.08497465 0.00000006 0.05518522
v -0.08521179 0.00756093 0.05508795
v -0.07424315 0.00776297 0.06817149
v -0.06946654 0.03332264 0.05563733
v -0.06980627 0.03539309 0.05130631
v -0.08921378 0.02785052 0.03389592
v -0.09200000 0.02616734 0.03319103
v -0.09200000 0.02570372 0.03592107
v -0.09042308 0.02859700 0.02525445
v -0.09200000 0.02687235 0.02502113
v -0.09200000 0.02651322 0.03026668
v -0.09183762 0.02877393 0.01600003
v -0.09200000 0.02705426 0.01600001
v -0.09200000 0.02696995 0.02227221
v -0.09114909 0.02873684 0.02048674
v -0.09026920 0.03053173 0.02056914
v -0.09164996 0.03057027 0.01600006
v -0.08939853 0.03230703 0.02066850
v -0.09144508 0.03234584 0.01600009
v -0.08853155 0.03406240 0.02078952
v -0.09122238 0.03410028 0.01600012
v -0.08766514 0.03579751 0.02093603
v -0.09098126 0.03583324 0.01600015
v -0.08680587 0.03751203 0.02110848
v -0.09081315 0.03695588 0.01600016
v -0.08269699 0.03737763 0.02704866
v -0.07902502 0.03705787 0.03300108
v -0.07599553 0.03644802 0.03876223
v -0.07033353 0.03626991 0.04876367
v -0.07115372 0.03702119 0.04599453
v -0.07364924 0.03811837 0.04005322
v -0.07069051 0.02724766 0.06243573
v -0.07173274 0.02336317 0.06472212
v -0.07341238 0.01536989 0.06723993
v -0.07436513 0.00000002 0.06829948
v -0.07480350 0.00000002 0.06667198
v -0.07561097 0.00772805 0.06477854
v -0.07252670 0.03389443 0.04918927
v -0.07376965 0.03541435 0.04427461
v -0.08570253 0.03392179 0.02618304
v -0.08316365 0.03361336 0.03147290
v -0.08105137 0.03305738 0.03651241
v -0.07947271 0.03215489 0.04125199
v -0.07854673 0.03085550 0.04545751
v -0.07819363 0.02919955 0.04893700
v -0.08478867 0.02465032 0.04802951
v -0.08143071 0.02586778 0.04987509
v -0.07824294 0.02707461 0.05190989
v -0.07520285 0.02827063 0.05416752
v -0.08640338 0.02960191 0.03468813
v -0.08556667 0.02883600 0.03876391
v -0.08505240 0.02776255 0.04236925
v -0.08482114 0.02638971 0.04541840
v -0.08836044 0.02342240 0.04633211
v -0.09200000 0.02470364 0.03974700
v -0.09200000 0.02332109 0.04303865
v -0.09200000 0.02172788 0.04551301
v -0.09200000 0.01965792 0.04765669
v -0.08525013 0.01419940 0.05411636
v -0.09200000 0.00000001 0.05250000
v -0.08846856 0.00751251 0.05347123
v -0.08850697 0.01086702 0.05303381
v -0.08852003 0.01394927 0.05234779
v -0.08850361 0.01676383 0.05137732
v -0.08845519 0.01930583 0.05007479
v -0.08518291 0.01720199 0.05320628
v -0.08231097 0.01444430 0.05610808
v -0.07978956 0.00764989 0.05917555
v -0.07750869 0.00769035 0.06177773
v -0.07701162 0.00000004 0.06217233
v -0.07553747 0.00000003 0.06478881
v -0.08216370 0.01763361 0.05523966
v -0.07963715 0.01468389 0.05838478
v -0.07938605 0.01805859 0.05753407
v -0.07719507 0.01491808 0.06099706
v -0.07681912 0.01847682 0.06013587
v -0.07507830 0.01514678 0.06395063
v -0.07454856 0.01888819 0.06305030
v -0.07268935 0.01929258 0.06627224
v -0.08839504 0.02153344 0.04840109
v -0.08505008 0.02000209 0.05192241
v -0.08489321 0.02250919 0.05020653
v -0.08191723 0.02069051 0.05395571
v -0.08163441 0.02347579 0.05217890
v -0.07900216 0.02137097 0.05622610
v -0.07856958 0.02443310 0.05436442
v -0.07627679 0.02204332 0.05877570
v -0.07567345 0.02538094 0.05680096
v -0.07381886 0.02270743 0.06160925
v -0.07301584 0.02631919 0.05949279
v -0.09200000 0.00646412 0.05221604
v -0.09200000 0.01096318 0.05153916
v -0.09200000 0.01448394 0.05054925
v -0.09200000 0.01731832 0.04926656
v -0.08917192 -0.02784894 0.03382180
v -0.08631429 -0.02960073 0.03455297
v -0.08544662 -0.02883613 0.03857129
v -0.09042695 -0.03931634 0.01600003
v -0.07404622 -0.00776609 0.06812996
v -0.07311869 -0.01537410 0.06717475
v -0.07237943 -0.01929675 0.06620209
v -0.07142447 -0.02336703 0.06465085
v -0.07039870 -0.02725096 0.06236663
v -0.06957084 -0.03063214 0.05929466
v -0.06923902 -0.03332440 0.05557996
v -0.07016847 -0.03627052 0.04871908
v -0.06961986 -0.03539405 0.05125724
v -0.07101004 -0.03702147 0.04595454
v -0.07354685 -0.03811816 0.04002255
v -0.08678582 -0.03751159 0.02109638
v -0.09072095 -0.03754535 0.01600003
v -0.09146422 -0.03218706 0.01600001
v -0.09122229 -0.03410094 0.01600002
v -0.08937975 -0.03230576 0.02065027
v -0.08850925 -0.03406124 0.02077043
v -0.08564093 -0.03392016 0.02612737
v -0.09200000 -0.02675417 0.02722042
v -0.09040539 -0.02859564 0.02523094
v -0.09200000 -0.02701054 0.02041980
v -0.09200000 -0.02534824 0.03750793
v -0.08490126 -0.02776438 0.04211658
v -0.09200000 -0.02419978 0.04112794
v -0.08464084 -0.02639348 0.04510744
v -0.09200000 -0.02360115 0.04248529
v -0.08842725 -0.01086944 0.05283670
v -0.09200000 -0.01339198 0.05091370
v -0.08842795 -0.01395177 0.05212254
v -0.09200000 -0.01631082 0.04978825
v -0.08840518 -0.01676611 0.05114006
v -0.09200000 -0.01885317 0.04828556
v -0.08835566 -0.01930767 0.04983946
v -0.09200000 -0.02101904 0.04635027
v -0.08829889 -0.02153469 0.04817920
v -0.09200000 -0.02272913 0.04407515
v -0.08827130 -0.02342297 0.04613256
v -0.09200000 -0.00474858 0.05235481
v -0.08263947 -0.03737663 0.02701698
v -0.07891572 -0.03705732 0.03294408
v -0.07582318 -0.03644875 0.03867548
v -0.07352693 -0.03541702 0.04415540
v -0.07221100 -0.03389947 0.04903695
v -0.09164992 -0.03057059 0.01600001
v -0.09025522 -0.03053058 0.02055495
v -0.08719534 -0.03216344 0.02577676
v -0.08304912 -0.03361274 0.03136623
v -0.09183761 -0.02877407 0.01600000
v -0.09114150 -0.02873610 0.02047903
v -0.08878012 -0.03038839 0.02548193
v -0.08744360 -0.03009671 0.03017708
v -0.07945572 -0.00766698 0.05884286
v -0.08210293 -0.00762010 0.05662591
v -0.08506685 -0.00756819 0.05481348
v -0.08840778 -0.00751454 0.05332026
v -0.09200000 -0.00922963 0.05186225
v -0.08087328 -0.03305903 0.03634332
v -0.07922427 -0.03215980 0.04101301
v -0.08149726 -0.02932159 0.04352889
v -0.07822579 -0.03086431 0.04514584
v -0.08114313 -0.02780989 0.04670946
v -0.07780314 -0.02921255 0.04855507
v -0.08109605 -0.02588035 0.04942576
v -0.07779131 -0.02709168 0.05146576
v -0.08126663 -0.02349128 0.05167983
v -0.07807090 -0.02445371 0.05387194
v -0.08153089 -0.02070819 0.05342685
v -0.07847617 -0.02139419 0.05570495
v -0.08177724 -0.01765245 0.05470675
v -0.07885802 -0.01808310 0.05700955
v -0.08194652 -0.01446298 0.05560227
v -0.07913748 -0.01470803 0.05788750
v -0.08458334 -0.02465604 0.04766673
v -0.08466926 -0.02251670 0.04980324
v -0.08481621 -0.02001101 0.05149478
v -0.08495000 -0.01721176 0.05277519
v -0.08503117 -0.01420928 0.05370709
v -0.09200000 -0.02616780 0.03318778
v -0.07713533 -0.00770654 0.06151246
v -0.07828213 -0.03476274 0.03744188
v -0.07628643 -0.03379706 0.04249774
v -0.07510570 -0.03239040 0.04698582
v -0.07464581 -0.03059885 0.05066514
v -0.07176046 -0.03196839 0.05302425
v -0.07469940 -0.02828699 0.05381018
v -0.07192412 -0.02946584 0.05644047
v -0.07511626 -0.02540062 0.05640586
v -0.07251941 -0.02633156 0.05926067
v -0.07568809 -0.02206542 0.05835852
v -0.07329399 -0.02272144 0.06136546
v -0.07622748 -0.01850011 0.05971671
v -0.07402062 -0.01890304 0.06280646
v -0.07663493 -0.01494098 0.06060016
v -0.07457790 -0.01516145 0.06372070
v -0.07527579 -0.00773852 0.06462637
v -0.09200000 -0.02705426 0.01599999
v -0.09200000 -0.00077500 0.00890766
v -0.09200000 -0.00134234 0.00947500
v -0.09200000 -0.00155000 0.01025000
v -0.09200000 -0.00134234 0.01102500
v -0.09200000 -0.00077500 0.01159234
v -0.09200000 -0.00000000 0.01180000
v -0.09200000 0.00077500 0.01159234
v -0.09200000 0.00134234 0.01102500
v -0.09200000 0.00155000 0.01025000
v -0.09200000 0.00134234 0.00947500
v -0.09200000 0.00077500 0.00890766
v -0.09200000 -0.00000000 0.00870000
v -0.09200000 -0.00077500 0.03890766
v -0.09200000 -0.00134234 0.03947500
v -0.09200000 -0.00155000 0.04025000
v -0.09200000 -0.00134234 0.04102500
v -0.09200000 -0.00077500 0.04159234
v -0.09200000 -0.00000000 0.04180000
v -0.09200000 0.00077500 0.04159234
v -0.09200000 0.00134234 0.04102500
v -0.09200000 0.00155000 0.04025000
v -0.09200000 0.00134234 0.03947500
v -0.09200000 0.00077500 0.03890766
v -0.09200000 -0.00000000 0.03870000
v -0.09200000 0.01225000 0.01550000
v -0.09200000 0.01225000 0.03500000
v -0.09200000 0.01191506 0.03625000
v -0.09200000 0.00975000 0.03750000
v -0.09200000 0.01100000 0.03716506
v -0.09200000 -0.00975000 0.03750000
v -0.09200000 -0.01100000 0.03716506
v -0.09200000 -0.01225000 0.03500000
v -0.09200000 -0.01191506 0.03625000
v -0.09200000 -0.01225000 0.01550000
v -0.09200000 -0.01191506 0.01425000
v -0.09200000 -0.01100000 0.01333494
v -0.09200000 -0.00975000 0.01300000
v -0.09200000 0.00975000 0.01300000
v -0.09200000 0.01100000 0.01333494
v -0.09200000 0.01191506 0.01425000
v 0.00400000 0.08400000 0.01000000
v 0.00400000 0.08400000 0.00050000
v 0.00346410 0.08200000 0.01000000
v 0.00346410 0.08200000 0.00050000
v 0.00200000 0.08053590 0.01000000
v 0.00200000 0.08053590 0.00050000
v -0.00000000 0.08000000 0.01000000
v -0.00000000 0.08000000 0.00050000
v -0.00200000 0.08053590 0.01000000
v -0.00200000 0.08053590 0.00050000
v -0.00346410 0.08200000 0.01000000
v -0.00346410 0.08200000 0.00050000
v -0.00400000 0.08400000 0.01000000
v -0.00400000 0.08400000 0.00050000
v -0.00400000 0.08600000 0.01000000
v -0.00400000 0.08600000 0.00050000
v 0.00400000 -0.08500000 0.00050000
v 0.00346410 -0.08700000 0.00050000
v 0.00200000 -0.08846410 0.00050000
v 0.00000000 -0.08900000 0.00050000
v -0.00200000 -0.08846410 0.00050000
v -0.00346410 -0.08700000 0.00050000
v -0.00400000 -0.08500000 0.00050000
v -0.00346410 -0.08300000 0.00050000
v -0.00200000 -0.08153590 0.00050000
v 0.00000000 -0.08100000 0.00050000
v 0.00200000 -0.08153590 0.00050000
v 0.00346410 -0.08300000 0.00050000
v -0.05785407 0.06400119 0.01599990
v -0.05620696 0.06235408 0.01599990
v -0.05400352 0.08598334 0.01599983
v -0.06010408 0.06460407 0.01599990
v -0.08670948 0.05404340 0.01599988
v -0.07806826 0.07009293 0.01599986
v -0.08028544 0.06709204 0.01599987
v -0.06400119 0.06235408 0.01599990
v -0.06460407 0.06010408 0.01599990
v -0.06942631 0.07820905 0.01599984
v -0.06235408 0.06400119 0.01599990
v -0.06494201 0.08106589 0.01599984
v -0.05982257 0.08366027 0.01599984
v -0.05620696 0.05785407 0.01599990
v -0.05560408 0.06010408 0.01599990
v -0.08282196 0.06291034 0.01599987
v -0.08322474 0.06215307 0.01599987
v -0.06400119 0.05785407 0.01599990
v -0.08556420 0.05707635 0.01599988
v -0.06235408 0.05620696 0.01599990
v -0.06010408 0.05560408 0.01599990
v -0.05785407 0.05620696 0.01599990
v -0.07167238 0.07650231 0.01599985
v -0.07339546 0.07503254 0.01599985
v -0.07701038 0.07135671 0.01599986
v -0.05746860 -0.08466946 0.01599986
v -0.08667506 -0.05414126 0.01599990
v -0.05787174 -0.08450377 0.01599986
v -0.05785407 -0.05620696 0.01599990
v -0.05620696 -0.05785407 0.01599990
v -0.06235408 -0.06400119 0.01599990
v -0.06756942 -0.07947116 0.01599987
v -0.06010408 -0.06460407 0.01599990
v -0.06728449 -0.07965433 0.01599987
v -0.06286059 -0.08219410 0.01599986
v -0.07912005 -0.06873378 0.01599988
v -0.07590239 -0.07258146 0.01599987
v -0.06400119 -0.06235408 0.01599990
v -0.07399914 -0.07447907 0.01599987
v -0.07208917 -0.07616072 0.01599987
v -0.07979790 -0.06779748 0.01599988
v -0.06460407 -0.06010408 0.01599990
v -0.08196029 -0.06443729 0.01599989
v -0.05560408 -0.06010408 0.01599990
v -0.06235408 -0.05620696 0.01599990
v -0.06400119 -0.05785407 0.01599990
v -0.08447475 -0.05959956 0.01599989
v -0.08425290 -0.06007718 0.01599989
v -0.05785407 -0.06400119 0.01599990
v -0.05620696 -0.06235408 0.01599990
v -0.06010408 -0.05560408 0.01599990
v 0.08742861 0.05188724 0.01599990
v 0.06286060 0.08219410 0.01599985
v 0.05785505 0.08451068 0.01599984
v 0.06010408 0.06460407 0.01599990
v 0.05746860 0.08466945 0.01599984
v 0.06235408 0.06400119 0.01599990
v 0.07208917 0.07616071 0.01599987
v 0.06756943 0.07947116 0.01599986
v 0.06653402 0.08012438 0.01599985
v 0.05785407 0.06400119 0.01599990
v 0.05620696 0.06235408 0.01599990
v 0.05560408 0.06010408 0.01599990
v 0.05620696 0.05785407 0.01599990
v 0.05785407 0.05620696 0.01599990
v 0.06400119 0.06235408 0.01599990
v 0.07590240 0.07258146 0.01599987
v 0.07340568 0.07502335 0.01599987
v 0.08379205 0.06103448 0.01599989
v 0.08196030 0.06443729 0.01599988
v 0.06460407 0.06010408 0.01599990
v 0.07921483 0.06860585 0.01599987
v 0.07912005 0.06873378 0.01599987
v 0.06235408 0.05620696 0.01599990
v 0.06400119 0.05785407 0.01599990
v 0.08667506 0.05414125 0.01599990
v 0.08447475 0.05959955 0.01599989
v 0.06010408 0.05560408 0.01599990
v 0.06494216 -0.08106581 0.01599982
v 0.06815448 -0.07908661 0.01599983
v 0.06010408 -0.06460407 0.01599990
v 0.06235408 -0.06400119 0.01599990
v 0.05400371 -0.08598327 0.01599980
v 0.05620696 -0.05785407 0.01599990
v 0.05560408 -0.06010408 0.01599990
v 0.05620696 -0.06235408 0.01599990
v 0.05785407 -0.06400119 0.01599990
v 0.05982274 -0.08366020 0.01599981
v 0.06003753 -0.08356290 0.01599981
v 0.06400119 -0.05785407 0.01599990
v 0.06235408 -0.05620696 0.01599990
v 0.06010408 -0.05560408 0.01599990
v 0.05785407 -0.05620696 0.01599990
v 0.08322483 -0.06215291 0.01599987
v 0.08496714 -0.05849752 0.01599987
v 0.06460407 -0.06010408 0.01599990
v 0.08556429 -0.05707617 0.01599987
v 0.06400119 -0.06235408 0.01599990
v 0.07701048 -0.07135658 0.01599984
v 0.08028554 -0.06709190 0.01599986
v 0.08067094 -0.06651400 0.01599986
v 0.06942644 -0.07820896 0.01599983
v 0.07339558 -0.07503244 0.01599984
v 0.07504490 -0.07346669 0.01599984
v 0.00400000 0.08600000 0.01000000
v 0.00269868 0.08895247 0.01000000
v 0.00377553 0.08732112 0.01000000
v 0.00097736 0.08987876 0.01000000
v -0.00000000 0.09000000 0.01000000
v -0.00097736 0.08987876 0.01000000
v -0.00269868 0.08895247 0.01000000
v -0.00377553 0.08732112 0.01000000
v 0.00400000 0.08600000 0.00050000
v 0.04703613 0.08811951 -0.00000000
v 0.07340568 0.07502335 -0.00000000
v -0.08972214 0.04302142 -0.00000000
v -0.09200000 0.02705426 -0.00000000
v 0.09300000 -0.00000001 -0.00000000
v 0.09296446 0.00601960 -0.00000000
v 0.09200532 0.02699489 -0.00000000
v 0.09017096 0.04074084 -0.00000000
v 0.08742861 0.05188724 -0.00000000
v 0.08379205 0.06103448 -0.00000000
v 0.07921483 0.06860585 -0.00000000
v 0.06653402 0.08012438 -0.00000000
v 0.05785505 0.08451068 -0.00000000
v 0.03368307 0.09083484 -0.00000000
v 0.01738218 0.09250573 -0.00000000
v -0.00581636 0.09294999 -0.00000000
v -0.02325407 0.09206679 -0.00000000
v -0.03786953 0.09014272 -0.00000000
v -0.04998619 0.08728857 -0.00000000
v -0.06022902 0.08347537 -0.00000000
v -0.06420051 0.08148046 -0.00000000
v -0.07167238 0.07650231 -0.00000000
v -0.07806826 0.07009293 -0.00000000
v -0.08282196 0.06291034 -0.00000000
v -0.08670948 0.05404340 -0.00000000
v -0.07399914 -0.07447907 -0.00000000
v -0.09042695 -0.03931634 -0.00000000
v -0.04705682 -0.08811402 -0.00000000
v -0.05787174 -0.08450377 -0.00000000
v -0.03370860 -0.09083100 -0.00000000
v -0.01739480 -0.09250496 -0.00000000
v 0.00337046 -0.09298355 -0.00000000
v 0.02334080 -0.09205905 -0.00000000
v 0.03794035 -0.09012989 -0.00000000
v 0.05006313 -0.08726554 -0.00000000
v 0.06003753 -0.08356290 -0.00000000
v 0.06815448 -0.07908661 -0.00000000
v 0.07504490 -0.07346669 -0.00000000
v 0.08067094 -0.06651400 -0.00000000
v 0.08496714 -0.05849752 -0.00000000
v 0.08840185 -0.04856764 -0.00000000
v 0.09248816 -0.02039542 -0.00000000
v 0.09093663 -0.03613762 -0.00000000
v -0.09200000 -0.02705426 -0.00000000
v -0.08778692 -0.05072477 -0.00000000
v -0.08425290 -0.06007718 -0.00000000
v -0.07979790 -0.06779748 -0.00000000
v -0.06728449 -0.07965433 -0.00000000
v -0.09200000 -0.00000000 -0.00000000
v 0.00450000 0.08400000 -0.00000000
v 0.00389711 0.08175000 -0.00000000
v 0.00225000 0.08010288 -0.00000000
v -0.00000000 0.07950000 -0.00000000
v -0.00225000 0.08010288 -0.00000000
v -0.00389711 0.08175000 -0.00000000
v -0.00450000 0.08400000 -0.00000000
v 0.00450000 0.08600000 -0.00000000
v -0.00450000 0.08600000 -0.00000000
v 0.00225000 -0.08110289 -0.00000000
v 0.00389711 -0.08275000 -0.00000000
v 0.00450000 -0.08500000 -0.00000000
v 0.00389711 -0.08725000 -0.00000000
v 0.00225000 -0.08889712 -0.00000000
v 0.00000000 -0.08950000 -0.00000000
v -0.00225000 -0.08889712 -0.00000000
v -0.00389711 -0.08725000 -0.00000000
v -0.00450000 -0.08500000 -0.00000000
v -0.00389711 -0.08275000 -0.00000000
v -0.00225000 -0.08110289 -0.00000000
v 0.00000000 -0.08050000 -0.00000000
v -0.06010408 0.06460407 -0.00000000
v -0.05785407 0.06400119 -0.00000000
v -0.05620696 0.06235408 -0.00000000
v -0.05560408 0.06010408 -0.00000000
v -0.05620696 0.05785407 -0.00000000
v -0.05785407 0.05620696 -0.00000000
v -0.06010408 0.05560408 -0.00000000
v -0.06235408 0.05620696 -0.00000000
v -0.06400119 0.05785407 -0.00000000
v -0.06460407 0.06010408 -0.00000000
v -0.06400119 0.06235408 -0.00000000
v -0.06235408 0.06400119 -0.00000000
v -0.06010408 -0.05560408 -0.00000000
v -0.05785407 -0.05620696 -0.00000000
v -0.05620696 -0.05785407 -0.00000000
v -0.05560408 -0.06010408 -0.00000000
v -0.05620696 -0.06235408 -0.00000000
v -0.05785407 -0.06400119 -0.00000000
v -0.06010408 -0.06460407 -0.00000000
v -0.06235408 -0.06400119 -0.00000000
v -0.06400119 -0.06235408 -0.00000000
v -0.06460407 -0.06010408 -0.00000000
v -0.06400119 -0.05785407 -0.00000000
v -0.06235408 -0.05620696 -0.00000000
v 0.06010408 0.06460407 -0.00000000
v 0.06235408 0.06400119 -0.00000000
v 0.06400119 0.06235408 -0.00000000
v 0.06460407 0.06010408 -0.00000000
v 0.06400119 0.05785407 -0.00000000
v 0.06235408 0.05620696 -0.00000000
v 0.06010408 0.05560408 -0.00000000
v 0.05785407 0.05620696 -0.00000000
v 0.05620696 0.05785407 -0.00000000
v 0.05560408 0.06010408 -0.00000000
v 0.05620696 0.06235408 -0.00000000
v 0.05785407 0.06400119 -0.00000000
v 0.06010408 -0.05560408 -0.00000000
v 0.06235408 -0.05620696 -0.00000000
v 0.06400119 -0.05785407 -0.00000000
v 0.06460407 -0.06010408 -0.00000000
v 0.06400119 -0.06235408 -0.00000000
v 0.06235408 -0.06400119 -0.00000000
v 0.06010408 -0.06460407 -0.00000000
v 0.05785407 -0.06400119 -0.00000000
v 0.05620696 -0.06235408 -0.00000000
v 0.05560408 -0.06010408 -0.00000000
v 0.05620696 -0.05785407 -0.00000000
v 0.05785407 -0.05620696 -0.00000000
v 0.00346410 0.08800000 0.00050000
v -0.00346410 0.08800000 0.00050000
v -0.00269868 0.08895247 0.00050000
v -0.00200000 0.08946410 0.00050000
v -0.00097736 0.08987876 0.00050000
v 0.00000000 0.09000000 0.00050000
v 0.00097736 0.08987876 0.00050000
v 0.00200000 0.08946410 0.00050000
v 0.00269868 0.08895247 0.00050000
v -0.03005204 -0.00000000 -0.00000000
v 0.07880204 -0.00000000 -0.00000000
v 0.03005204 0.07205204 -0.00000000
v 0.03005204 -0.00000000 -0.00000000
v -0.00389711 0.08825000 -0.00000000
v -0.00225000 0.08989711 -0.00000000
v 0.00000000 0.09050000 -0.00000000
v 0.00225000 0.08989711 -0.00000000
v -0.03005204 0.07205204 -0.00000000
v 0.00389711 0.08825000 -0.00000000
v -0.03005204 -0.07255204 -0.00000000
v 0.03005204 -0.07255204 -0.00000000
f 1 2 3
f 3 2 4
f 3 4 5
f 5 4 6
f 5 6 7
f 8 6 9
f 9 6 10
f 8 11 6
f 6 11 12
f 6 12 7
f 6 13 10
f 10 13 14
f 10 14 15
f 16 1 17
f 17 1 18
f 19 20 1
f 1 20 21
f 1 21 2
f 15 22 10
f 10 22 23
f 10 23 24
f 1 25 18
f 18 25 26
f 18 26 27
f 16 28 1
f 1 28 29
f 1 29 19
f 24 30 10
f 10 30 31
f 10 31 32
f 27 33 18
f 18 33 34
f 18 34 35
f 1 3 36
f 36 3 5
f 36 5 37
f 37 5 7
f 37 7 38
f 38 7 12
f 38 12 39
f 39 12 11
f 39 11 40
f 40 11 8
f 40 8 41
f 41 8 9
f 41 9 42
f 42 9 10
f 42 10 43
f 43 10 32
f 43 32 44
f 44 32 31
f 44 31 45
f 45 31 30
f 45 30 46
f 46 30 24
f 46 24 47
f 47 24 23
f 47 23 48
f 48 23 22
f 48 22 49
f 49 22 15
f 49 15 50
f 50 15 14
f 50 14 51
f 51 14 13
f 51 13 52
f 52 13 6
f 52 6 53
f 53 6 4
f 53 4 54
f 54 4 2
f 54 2 55
f 55 2 21
f 55 21 56
f 56 21 20
f 56 20 57
f 57 20 19
f 57 19 58
f 58 19 29
f 58 29 59
f 59 29 28
f 59 28 60
f 60 28 16
f 60 16 61
f 61 16 17
f 61 17 62
f 62 17 18
f 62 18 63
f 63 18 35
f 63 35 64
f 64 35 34
f 64 34 65
f 65 34 33
f 65 33 66
f 66 33 27
f 66 27 67
f 67 27 26
f 67 26 68
f 68 26 25
f 68 25 69
f 69 25 1
f 69 1 36
f 70 71 72
f 73 71 70
f 70 74 75
f 76 74 70
f 72 76 70
f 70 77 78
f 79 77 70
f 75 79 70
f 70 80 81
f 82 80 70
f 78 82 70
f 81 73 70
f 83 84 85
f 86 84 83
f 83 87 88
f 89 87 83
f 85 89 83
f 83 90 91
f 92 90 83
f 88 92 83
f 83 93 94
f 95 93 83
f 91 95 83
f 94 86 83
f 96 97 98
f 98 97 99
f 98 99 100
f 100 99 101
f 102 103 104
f 96 105 106
f 106 107 96
f 96 107 108
f 96 108 109
f 109 108 110
f 109 110 111
f 105 96 104
f 104 96 98
f 104 98 100
f 103 102 112
f 113 112 114
f 114 112 102
f 114 102 115
f 115 102 104
f 115 104 116
f 116 104 100
f 117 118 119
f 97 120 99
f 99 120 121
f 117 121 122
f 118 117 123
f 123 117 122
f 123 122 124
f 121 117 99
f 99 117 119
f 99 119 101
f 101 119 125
f 101 125 126
f 126 127 101
f 101 127 128
f 101 128 129
f 129 128 130
f 129 130 131
f 132 133 134
f 134 133 135
f 134 135 136
f 137 138 139
f 139 138 140
f 139 140 141
f 141 140 142
f 143 144 145
f 145 144 146
f 145 146 147
f 147 146 148
f 149 150 151
f 152 153 154
f 154 153 155
f 154 155 156
f 156 155 157
f 156 157 158
f 158 157 159
f 133 160 135
f 135 160 161
f 135 161 136
f 136 161 162
f 136 162 142
f 142 162 163
f 142 163 141
f 164 165 166
f 166 165 160
f 166 160 167
f 167 160 133
f 167 133 168
f 168 133 132
f 168 132 169
f 158 170 156
f 156 170 171
f 156 171 154
f 154 171 149
f 154 149 152
f 152 149 151
f 152 151 153
f 153 172 155
f 155 172 143
f 155 143 157
f 157 143 145
f 157 145 159
f 159 145 147
f 159 147 173
f 173 147 148
f 173 148 174
f 174 148 175
f 174 175 176
f 176 175 177
f 176 177 137
f 137 177 178
f 137 178 138
f 165 179 160
f 160 179 180
f 160 180 161
f 161 180 181
f 161 181 162
f 162 181 182
f 162 182 163
f 183 184 185
f 186 187 188
f 189 190 191
f 191 190 192
f 191 192 193
f 194 195 196
f 196 195 197
f 196 197 189
f 189 197 198
f 189 198 190
f 190 198 199
f 190 199 192
f 200 201 202
f 202 201 203
f 202 203 204
f 187 186 205
f 206 207 208
f 186 204 205
f 205 204 203
f 205 203 209
f 209 203 201
f 210 211 212
f 212 211 213
f 210 212 214
f 214 212 215
f 214 215 216
f 209 217 205
f 205 217 218
f 205 218 187
f 187 218 206
f 187 206 188
f 188 206 208
f 219 220 200
f 200 220 221
f 200 221 201
f 201 221 222
f 201 222 209
f 209 222 223
f 209 223 217
f 202 224 200
f 200 224 225
f 200 225 219
f 219 225 226
f 219 226 220
f 220 226 227
f 220 227 228
f 228 227 229
f 228 229 230
f 230 229 231
f 230 231 232
f 232 231 233
f 232 233 234
f 234 233 235
f 234 235 236
f 236 235 194
f 236 194 237
f 237 194 196
f 237 196 238
f 238 196 189
f 238 189 239
f 213 240 239
f 239 189 213
f 213 189 191
f 213 191 212
f 212 191 193
f 212 193 215
f 215 193 241
f 215 241 216
f 210 183 211
f 211 183 185
f 211 185 213
f 213 185 242
f 213 242 240
f 243 244 245
f 246 247 248
f 246 248 249
f 249 248 250
f 249 250 251
f 252 253 254
f 254 253 255
f 254 255 256
f 256 255 257
f 256 257 258
f 258 257 259
f 258 259 260
f 260 259 261
f 260 261 262
f 262 261 263
f 262 263 264
f 264 263 265
f 266 267 268
f 268 267 269
f 268 269 265
f 265 269 270
f 265 270 264
f 271 272 266
f 273 274 275
f 275 274 276
f 277 278 275
f 275 278 279
f 275 279 273
f 280 281 282
f 282 281 283
f 282 283 284
f 284 283 245
f 284 245 285
f 285 245 244
f 274 272 276
f 276 272 271
f 276 271 280
f 280 271 286
f 266 268 271
f 271 268 287
f 271 287 286
f 288 289 290
f 252 291 292
f 292 291 288
f 292 288 293
f 293 288 290
f 293 290 294
f 246 295 247
f 247 295 296
f 247 296 297
f 256 251 254
f 254 251 250
f 254 250 252
f 252 250 248
f 252 248 291
f 291 248 247
f 291 247 288
f 288 247 297
f 288 297 289
f 280 282 276
f 276 282 284
f 276 284 275
f 275 284 285
f 275 285 277
f 298 278 299
f 299 278 277
f 299 277 300
f 300 277 285
f 300 285 301
f 301 285 244
f 301 244 302
f 302 244 243
f 39 303 304
f 55 56 305
f 306 307 59
f 69 308 309
f 39 304 38
f 310 45 311
f 311 45 46
f 311 46 312
f 59 307 58
f 313 314 62
f 69 309 68
f 304 315 38
f 38 315 316
f 38 316 37
f 37 316 317
f 43 318 42
f 42 318 319
f 47 320 46
f 46 320 321
f 46 321 312
f 322 323 48
f 48 323 324
f 48 324 47
f 47 324 325
f 47 325 320
f 326 327 51
f 51 327 328
f 51 328 50
f 326 51 329
f 329 51 52
f 329 52 330
f 330 52 53
f 330 53 331
f 331 53 54
f 331 54 332
f 305 333 55
f 55 333 334
f 55 334 54
f 54 334 335
f 54 335 332
f 336 61 337
f 337 61 62
f 337 62 338
f 338 62 314
f 317 339 37
f 37 339 340
f 37 340 36
f 41 341 40
f 40 341 342
f 319 343 42
f 42 343 344
f 42 344 41
f 41 344 345
f 41 345 341
f 322 48 346
f 346 48 49
f 346 49 347
f 328 348 50
f 50 348 349
f 50 349 49
f 49 349 350
f 49 350 347
f 307 351 58
f 58 351 352
f 58 352 57
f 57 352 353
f 57 353 354
f 336 355 61
f 61 355 356
f 61 356 60
f 60 356 357
f 60 357 59
f 59 357 358
f 59 358 306
f 313 62 359
f 359 62 63
f 359 63 360
f 360 63 64
f 360 64 361
f 65 362 64
f 64 362 363
f 64 363 361
f 340 364 36
f 36 364 365
f 36 365 69
f 69 365 366
f 69 366 308
f 342 367 40
f 40 367 368
f 40 368 39
f 39 368 369
f 39 369 303
f 44 370 43
f 43 370 371
f 43 371 318
f 310 372 45
f 45 372 373
f 45 373 44
f 44 373 374
f 44 374 370
f 354 375 57
f 57 375 376
f 57 376 56
f 56 376 377
f 56 377 305
f 378 379 66
f 66 379 380
f 66 380 65
f 65 380 381
f 65 381 362
f 378 66 382
f 382 66 67
f 382 67 383
f 309 384 68
f 68 384 385
f 68 385 67
f 67 385 386
f 67 386 383
f 387 388 389
f 390 391 392
f 392 391 393
f 392 393 394
f 395 396 397
f 397 396 398
f 397 398 399
f 399 398 400
f 401 402 403
f 403 402 404
f 403 404 405
f 405 404 406
f 407 408 409
f 409 408 410
f 409 410 411
f 389 410 412
f 412 410 408
f 412 408 413
f 413 408 407
f 413 407 414
f 414 407 409
f 414 409 415
f 391 416 393
f 393 416 417
f 393 417 394
f 394 417 418
f 394 418 400
f 400 418 419
f 400 419 399
f 420 421 422
f 422 421 416
f 422 416 423
f 423 416 391
f 423 391 424
f 424 391 390
f 424 390 425
f 389 388 410
f 410 388 426
f 410 426 411
f 413 427 412
f 412 427 401
f 412 401 389
f 389 401 403
f 389 403 387
f 387 403 405
f 387 405 428
f 428 405 406
f 428 406 429
f 429 406 430
f 429 430 431
f 431 430 432
f 431 432 395
f 395 432 433
f 395 433 396
f 421 434 416
f 416 434 435
f 416 435 417
f 417 435 436
f 417 436 418
f 418 436 437
f 418 437 419
f 438 76 439
f 439 76 72
f 439 72 440
f 440 72 71
f 440 71 441
f 441 71 73
f 441 73 442
f 442 73 81
f 442 81 443
f 443 81 80
f 443 80 444
f 444 80 82
f 444 82 445
f 445 82 78
f 445 78 446
f 446 78 77
f 446 77 447
f 447 77 79
f 447 79 448
f 448 79 75
f 448 75 449
f 449 75 74
f 449 74 438
f 438 74 76
f 86 450 84
f 84 450 451
f 84 451 85
f 85 451 452
f 85 452 89
f 89 452 453
f 89 453 87
f 87 453 454
f 87 454 88
f 88 454 455
f 88 455 92
f 92 455 456
f 92 456 90
f 90 456 457
f 90 457 91
f 91 457 458
f 91 458 95
f 95 458 459
f 95 459 93
f 93 459 460
f 93 460 94
f 94 460 461
f 94 461 86
f 86 461 450
f 96 109 97
f 97 109 462
f 97 462 120
f 120 462 463
f 105 464 106
f 106 464 465
f 106 465 107
f 107 465 108
f 108 465 466
f 108 466 110
f 110 466 467
f 110 467 111
f 467 468 111
f 111 468 462
f 111 462 109
f 103 469 104
f 104 469 464
f 104 464 105
f 116 470 115
f 115 470 471
f 115 471 114
f 114 471 472
f 114 472 113
f 113 472 473
f 113 473 112
f 112 473 469
f 112 469 103
f 129 474 101
f 101 474 470
f 101 470 100
f 100 470 116
f 125 475 126
f 126 475 476
f 126 476 127
f 127 476 128
f 128 476 477
f 128 477 130
f 130 477 478
f 130 478 131
f 478 479 131
f 131 479 474
f 131 474 129
f 118 480 119
f 119 480 475
f 119 475 125
f 120 463 121
f 121 463 481
f 121 481 122
f 122 481 482
f 122 482 124
f 124 482 483
f 124 483 123
f 123 483 480
f 123 480 118
f 484 485 486
f 486 485 487
f 488 489 487
f 487 489 490
f 487 490 491
f 492 486 493
f 493 486 487
f 493 487 494
f 494 487 491
f 494 491 495
f 210 214 496
f 497 498 499
f 500 501 502
f 502 501 184
f 502 184 183
f 503 504 505
f 503 505 506
f 506 505 507
f 506 507 508
f 507 509 508
f 508 509 510
f 508 510 511
f 497 499 512
f 512 499 513
f 512 513 514
f 514 513 515
f 514 515 516
f 516 515 517
f 516 517 518
f 519 520 517
f 517 520 521
f 517 521 518
f 214 216 522
f 214 522 496
f 496 522 523
f 496 523 519
f 519 523 524
f 519 524 520
f 503 501 504
f 504 501 500
f 504 500 505
f 505 500 525
f 505 525 507
f 507 525 526
f 507 526 509
f 509 526 527
f 509 527 510
f 510 527 528
f 183 210 502
f 502 210 496
f 502 496 500
f 500 496 519
f 500 519 525
f 525 519 517
f 525 517 526
f 526 517 515
f 526 515 527
f 527 515 513
f 527 513 528
f 528 513 499
f 184 501 529
f 529 501 503
f 503 506 529
f 529 506 508
f 529 508 511
f 184 529 185
f 185 529 530
f 234 236 531
f 531 236 237
f 531 237 238
f 238 239 531
f 531 239 240
f 531 240 530
f 530 240 242
f 530 242 185
f 234 531 232
f 232 531 228
f 232 228 230
f 532 533 223
f 223 222 532
f 532 222 221
f 532 221 531
f 531 221 220
f 531 220 228
f 534 223 533
f 533 535 536
f 537 538 533
f 533 538 539
f 533 539 535
f 536 540 533
f 533 540 541
f 533 541 534
f 218 217 542
f 536 541 540
f 543 544 545
f 537 546 538
f 538 546 547
f 538 547 539
f 539 547 548
f 539 548 535
f 535 548 549
f 535 549 536
f 550 551 206
f 206 551 552
f 206 552 207
f 545 553 543
f 543 553 554
f 543 554 555
f 555 554 556
f 555 556 557
f 557 556 558
f 557 558 550
f 550 558 559
f 550 559 551
f 546 560 547
f 547 560 561
f 547 561 548
f 548 561 562
f 548 562 549
f 549 562 563
f 549 563 536
f 536 563 564
f 536 564 541
f 541 564 542
f 541 542 534
f 534 542 217
f 534 217 223
f 560 544 561
f 561 544 543
f 561 543 562
f 562 543 555
f 562 555 563
f 563 555 557
f 563 557 564
f 564 557 550
f 564 550 542
f 542 550 206
f 542 206 218
f 423 424 565
f 565 424 425
f 566 567 568
f 568 567 569
f 566 570 567
f 567 570 571
f 567 571 572
f 572 571 573
f 425 574 565
f 565 574 575
f 565 575 573
f 573 575 576
f 573 576 572
f 577 578 579
f 579 578 580
f 579 580 422
f 422 580 581
f 422 581 420
f 582 583 584
f 583 582 585
f 585 582 586
f 585 586 587
f 586 588 587
f 587 588 589
f 587 589 590
f 584 578 582
f 582 578 577
f 582 577 586
f 586 577 591
f 586 591 588
f 588 591 592
f 588 592 589
f 589 592 593
f 422 423 579
f 579 423 565
f 579 565 577
f 577 565 573
f 577 573 591
f 591 573 571
f 591 571 592
f 592 571 570
f 592 570 593
f 593 570 566
f 587 590 594
f 580 578 594
f 594 578 584
f 584 583 594
f 594 583 585
f 594 585 587
f 421 420 595
f 595 420 581
f 595 581 580
f 434 421 596
f 596 421 595
f 596 595 594
f 594 595 580
f 395 397 597
f 597 397 399
f 597 399 419
f 419 437 597
f 597 437 436
f 597 436 596
f 596 436 435
f 596 435 434
f 388 387 597
f 431 395 429
f 429 395 597
f 429 597 428
f 428 597 387
f 597 598 388
f 388 598 599
f 388 599 426
f 599 600 601
f 601 602 599
f 599 602 603
f 599 603 604
f 604 605 599
f 599 605 606
f 599 606 426
f 605 426 606
f 415 409 607
f 607 409 608
f 607 608 609
f 609 608 610
f 610 608 611
f 611 608 612
f 611 612 613
f 613 612 614
f 614 612 615
f 614 615 616
f 616 615 617
f 616 617 618
f 600 619 601
f 601 619 620
f 601 620 602
f 602 620 621
f 605 604 621
f 621 604 603
f 621 603 602
f 411 426 622
f 622 426 605
f 622 605 623
f 623 605 621
f 623 621 624
f 624 621 620
f 624 620 625
f 625 620 619
f 409 411 608
f 608 411 622
f 608 622 612
f 612 622 623
f 612 623 615
f 615 623 624
f 615 624 617
f 617 624 625
f 167 168 626
f 626 168 169
f 627 628 629
f 629 628 630
f 627 631 628
f 628 631 632
f 628 632 633
f 633 632 634
f 169 635 626
f 626 635 636
f 626 636 634
f 634 636 637
f 634 637 633
f 638 639 640
f 640 639 641
f 640 641 166
f 166 641 642
f 166 642 164
f 643 644 645
f 644 643 646
f 646 643 647
f 646 647 648
f 647 649 648
f 648 649 650
f 648 650 651
f 645 639 643
f 643 639 638
f 643 638 647
f 647 638 652
f 647 652 649
f 649 652 653
f 649 653 650
f 650 653 654
f 166 167 640
f 640 167 626
f 640 626 638
f 638 626 634
f 638 634 652
f 652 634 632
f 652 632 653
f 653 632 631
f 653 631 654
f 654 631 627
f 648 651 655
f 641 639 655
f 655 639 645
f 645 644 655
f 655 644 646
f 655 646 648
f 165 164 656
f 656 164 642
f 656 642 641
f 179 165 657
f 657 165 656
f 657 656 655
f 655 656 641
f 137 139 658
f 658 139 141
f 658 141 163
f 163 182 658
f 658 182 181
f 658 181 657
f 657 181 180
f 657 180 179
f 158 159 658
f 176 137 174
f 174 137 658
f 174 658 173
f 173 658 159
f 658 659 158
f 158 659 660
f 158 660 170
f 660 661 662
f 662 663 660
f 660 663 664
f 660 664 665
f 665 666 660
f 660 666 667
f 660 667 170
f 666 170 667
f 150 149 668
f 668 149 669
f 668 669 670
f 670 669 671
f 671 669 672
f 672 669 673
f 672 673 674
f 674 673 675
f 675 673 676
f 675 676 677
f 677 676 678
f 677 678 679
f 661 680 662
f 662 680 681
f 662 681 663
f 663 681 682
f 666 665 682
f 682 665 664
f 682 664 663
f 171 170 683
f 683 170 666
f 683 666 684
f 684 666 682
f 684 682 685
f 685 682 681
f 685 681 686
f 686 681 680
f 149 171 669
f 669 171 683
f 669 683 673
f 673 683 684
f 673 684 676
f 676 684 685
f 676 685 678
f 678 685 686
f 300 301 687
f 688 689 690
f 691 692 693
f 693 692 298
f 693 298 299
f 694 695 696
f 694 696 697
f 697 696 698
f 697 698 699
f 698 700 699
f 699 700 701
f 699 701 702
f 688 690 703
f 704 705 706
f 706 705 707
f 706 707 708
f 708 707 703
f 708 703 709
f 709 703 690
f 301 302 687
f 687 302 710
f 687 710 704
f 704 710 711
f 704 711 705
f 694 692 695
f 695 692 691
f 695 691 696
f 696 691 712
f 696 712 698
f 698 712 713
f 698 713 700
f 700 713 714
f 700 714 701
f 701 714 715
f 299 300 693
f 693 300 687
f 693 687 691
f 691 687 704
f 691 704 712
f 712 704 706
f 712 706 713
f 713 706 708
f 713 708 714
f 714 708 709
f 714 709 715
f 715 709 690
f 298 692 716
f 716 692 694
f 694 697 716
f 716 697 699
f 716 699 702
f 298 716 278
f 278 716 717
f 266 272 718
f 266 718 267
f 264 270 718
f 718 270 269
f 718 269 267
f 272 274 718
f 718 274 273
f 718 273 717
f 717 273 279
f 717 279 278
f 718 256 258
f 264 718 262
f 262 718 258
f 262 258 260
f 719 720 295
f 295 246 719
f 719 246 249
f 719 249 718
f 718 249 251
f 718 251 256
f 721 722 720
f 720 722 723
f 720 723 724
f 724 725 720
f 720 725 726
f 720 726 295
f 289 297 727
f 728 729 730
f 722 721 731
f 731 732 722
f 722 732 733
f 722 733 723
f 723 733 734
f 723 734 724
f 724 734 735
f 724 735 725
f 736 727 726
f 727 297 726
f 726 297 296
f 726 296 295
f 294 290 737
f 737 290 738
f 737 738 739
f 740 741 742
f 742 741 743
f 742 743 738
f 738 743 744
f 738 744 739
f 740 742 745
f 745 742 746
f 745 746 747
f 747 746 728
f 747 728 748
f 748 728 730
f 748 730 749
f 731 750 732
f 732 750 751
f 732 751 733
f 733 751 752
f 733 752 734
f 734 752 753
f 734 753 735
f 735 753 736
f 735 736 725
f 725 736 726
f 750 729 751
f 751 729 728
f 751 728 752
f 752 728 746
f 752 746 753
f 753 746 742
f 753 742 736
f 736 742 738
f 736 738 727
f 727 738 290
f 727 290 289
f 754 755 756
f 755 754 757
f 756 758 759
f 760 761 762
f 151 150 763
f 764 765 766
f 767 768 769
f 770 771 637
f 630 628 772
f 772 628 633
f 772 633 773
f 773 633 774
f 775 776 777
f 777 776 630
f 778 779 775
f 780 781 782
f 782 781 783
f 782 783 779
f 784 785 786
f 786 785 780
f 786 780 787
f 787 780 788
f 787 788 789
f 789 788 790
f 789 790 791
f 791 790 792
f 791 792 793
f 793 792 794
f 793 794 795
f 796 797 794
f 794 797 798
f 794 798 795
f 374 799 370
f 370 799 800
f 370 800 371
f 371 800 318
f 801 319 802
f 802 319 318
f 802 318 803
f 803 318 800
f 804 344 801
f 801 344 343
f 801 343 319
f 805 341 345
f 806 342 341
f 342 806 367
f 367 806 807
f 367 807 368
f 303 369 808
f 808 369 368
f 809 810 304
f 304 810 315
f 811 317 316
f 340 339 812
f 812 339 317
f 365 364 813
f 813 364 814
f 813 814 815
f 768 767 814
f 814 767 816
f 814 816 815
f 817 818 819
f 819 818 820
f 819 820 821
f 821 820 822
f 821 822 769
f 769 822 823
f 769 823 767
f 817 819 824
f 824 819 825
f 824 825 826
f 826 825 766
f 826 766 827
f 827 766 765
f 827 765 828
f 829 830 764
f 831 832 833
f 679 834 835
f 835 834 836
f 670 671 837
f 837 671 672
f 837 672 838
f 838 672 674
f 838 674 675
f 763 150 837
f 837 150 668
f 837 668 670
f 144 143 757
f 839 148 146
f 368 807 808
f 808 807 177
f 808 177 175
f 341 805 806
f 806 805 840
f 806 840 142
f 142 140 806
f 806 140 138
f 806 138 807
f 807 138 178
f 807 178 177
f 134 841 132
f 132 841 169
f 842 761 843
f 843 761 760
f 843 760 844
f 630 772 777
f 777 772 773
f 777 773 845
f 845 773 774
f 845 774 846
f 846 774 847
f 846 847 848
f 848 847 849
f 848 849 850
f 637 636 770
f 770 636 635
f 770 635 844
f 844 635 169
f 844 169 843
f 843 169 841
f 843 841 842
f 136 142 851
f 851 142 840
f 851 840 852
f 852 840 805
f 852 805 804
f 804 805 345
f 804 345 344
f 775 777 778
f 778 777 845
f 778 845 853
f 853 845 846
f 853 846 854
f 854 846 848
f 854 848 855
f 855 848 850
f 855 850 856
f 779 778 782
f 782 778 853
f 782 853 857
f 857 853 854
f 857 854 858
f 858 854 855
f 858 855 859
f 859 855 856
f 859 856 860
f 780 782 788
f 788 782 857
f 788 857 790
f 790 857 858
f 790 858 792
f 792 858 859
f 792 859 794
f 794 859 860
f 794 860 796
f 861 797 862
f 862 797 796
f 862 796 863
f 863 796 860
f 863 860 864
f 864 860 856
f 864 856 762
f 762 856 850
f 762 850 760
f 760 850 849
f 760 849 844
f 844 849 847
f 844 847 770
f 770 847 774
f 770 774 771
f 771 774 633
f 771 633 637
f 134 136 841
f 841 136 851
f 841 851 842
f 842 851 852
f 842 852 761
f 761 852 804
f 761 804 762
f 762 804 801
f 762 801 864
f 864 801 802
f 864 802 863
f 863 802 803
f 863 803 862
f 862 803 800
f 862 800 861
f 861 800 799
f 865 866 867
f 143 172 757
f 757 172 868
f 757 868 755
f 755 868 869
f 755 869 756
f 756 869 870
f 756 870 758
f 758 870 871
f 758 871 872
f 872 873 758
f 758 873 811
f 758 811 759
f 759 811 316
f 304 303 809
f 809 303 808
f 809 808 839
f 839 808 175
f 839 175 148
f 316 315 759
f 759 315 810
f 759 810 756
f 756 810 809
f 756 809 754
f 754 809 839
f 754 839 757
f 757 839 146
f 757 146 144
f 317 811 812
f 812 811 873
f 812 873 874
f 874 873 872
f 874 872 875
f 875 872 876
f 875 876 877
f 877 876 878
f 877 878 879
f 879 878 880
f 879 880 881
f 881 880 882
f 881 882 829
f 829 882 883
f 829 883 830
f 764 766 829
f 829 766 825
f 829 825 881
f 881 825 819
f 881 819 879
f 879 819 821
f 879 821 877
f 877 821 769
f 877 769 875
f 875 769 768
f 875 768 874
f 874 768 814
f 874 814 812
f 812 814 364
f 812 364 340
f 865 867 884
f 884 867 885
f 884 885 886
f 886 885 887
f 886 887 888
f 888 887 835
f 888 835 831
f 831 835 836
f 831 836 832
f 679 835 677
f 677 835 887
f 677 887 675
f 675 887 885
f 675 885 838
f 838 885 867
f 838 867 837
f 837 867 866
f 837 866 763
f 172 153 868
f 868 153 151
f 868 151 869
f 869 151 763
f 869 763 870
f 870 763 866
f 870 866 871
f 871 866 865
f 871 865 872
f 872 865 884
f 872 884 876
f 876 884 886
f 876 886 878
f 878 886 888
f 878 888 880
f 880 888 831
f 880 831 882
f 882 831 833
f 882 833 883
f 889 890 379
f 891 892 893
f 894 820 818
f 895 767 823
f 896 897 898
f 195 194 899
f 552 551 900
f 901 902 903
f 904 905 906
f 907 908 909
f 337 338 910
f 910 338 911
f 910 911 912
f 359 913 313
f 313 913 914
f 313 914 314
f 314 914 915
f 314 915 338
f 338 915 916
f 338 916 911
f 917 918 919
f 919 918 920
f 917 921 918
f 918 921 922
f 918 922 923
f 920 918 924
f 924 918 925
f 924 925 926
f 927 928 929
f 929 928 909
f 909 928 930
f 909 930 907
f 905 931 906
f 906 931 932
f 906 932 933
f 933 932 934
f 933 934 929
f 929 934 935
f 929 935 927
f 904 906 936
f 936 906 937
f 936 937 938
f 938 937 939
f 938 939 940
f 940 939 941
f 940 941 903
f 551 559 900
f 900 559 558
f 900 558 942
f 942 558 556
f 943 207 552
f 944 188 943
f 943 188 208
f 943 208 207
f 226 225 945
f 945 225 224
f 945 224 946
f 946 224 202
f 946 202 947
f 947 202 204
f 947 204 186
f 890 231 948
f 948 231 229
f 948 229 945
f 945 229 227
f 945 227 226
f 889 235 890
f 890 235 233
f 890 233 231
f 195 899 197
f 199 198 949
f 950 216 241
f 524 523 893
f 893 523 522
f 524 893 520
f 520 893 892
f 520 892 521
f 521 892 891
f 521 891 518
f 951 512 514
f 952 953 951
f 512 951 497
f 497 951 953
f 497 953 498
f 896 898 954
f 955 956 957
f 828 955 827
f 827 955 957
f 827 957 826
f 826 957 824
f 365 813 958
f 958 813 815
f 958 815 816
f 933 900 906
f 906 900 942
f 906 942 937
f 937 942 556
f 937 556 939
f 939 556 554
f 939 554 941
f 941 554 553
f 941 553 903
f 903 553 959
f 903 959 901
f 186 188 947
f 947 188 944
f 947 944 946
f 946 944 960
f 946 960 945
f 945 960 961
f 945 961 948
f 962 909 925
f 925 909 908
f 925 908 926
f 552 900 943
f 943 900 933
f 943 933 944
f 944 933 929
f 944 929 960
f 960 929 909
f 960 909 961
f 961 909 962
f 961 962 948
f 922 913 923
f 923 913 359
f 923 359 918
f 918 359 360
f 918 360 925
f 360 361 925
f 925 361 363
f 925 363 962
f 962 363 362
f 962 362 948
f 948 362 381
f 948 381 890
f 890 381 380
f 890 380 379
f 963 964 949
f 816 767 958
f 958 767 895
f 958 895 965
f 384 309 965
f 965 309 308
f 965 308 958
f 958 308 366
f 958 366 365
f 386 385 966
f 966 385 967
f 966 967 968
f 968 967 969
f 968 969 970
f 970 969 971
f 970 971 894
f 972 973 974
f 974 973 899
f 974 899 889
f 889 899 194
f 889 194 235
f 378 382 975
f 975 382 383
f 975 383 976
f 385 384 967
f 967 384 965
f 967 965 969
f 969 965 895
f 969 895 971
f 971 895 823
f 971 823 894
f 894 823 822
f 894 822 820
f 956 954 957
f 957 954 898
f 957 898 977
f 977 898 978
f 977 978 979
f 979 978 980
f 979 980 981
f 981 980 982
f 981 982 983
f 983 982 950
f 983 950 963
f 963 950 241
f 963 241 964
f 964 241 193
f 964 193 949
f 949 193 192
f 949 192 199
f 383 386 976
f 976 386 966
f 976 966 984
f 984 966 968
f 984 968 985
f 985 968 970
f 985 970 986
f 986 970 894
f 986 894 987
f 987 894 818
f 987 818 817
f 988 952 989
f 989 952 951
f 989 951 990
f 990 951 514
f 990 514 516
f 991 988 992
f 992 988 989
f 992 989 993
f 993 989 990
f 993 990 891
f 891 990 516
f 891 516 518
f 897 991 898
f 898 991 992
f 898 992 978
f 978 992 993
f 978 993 980
f 980 993 891
f 980 891 982
f 982 891 893
f 982 893 950
f 950 893 522
f 950 522 216
f 824 957 994
f 994 957 977
f 994 977 995
f 995 977 979
f 995 979 996
f 996 979 981
f 996 981 997
f 997 981 983
f 997 983 972
f 972 983 963
f 972 963 973
f 973 963 949
f 973 949 899
f 899 949 198
f 899 198 197
f 379 378 889
f 889 378 975
f 889 975 974
f 974 975 976
f 974 976 972
f 972 976 984
f 972 984 997
f 997 984 985
f 997 985 996
f 996 985 986
f 996 986 995
f 995 986 987
f 995 987 994
f 994 987 817
f 994 817 824
f 998 999 1000
f 1001 1002 1003
f 1004 1005 1006
f 1002 1001 1007
f 798 797 1008
f 1009 1010 1011
f 1012 1013 1014
f 255 253 1015
f 737 739 1016
f 740 745 1017
f 312 1018 1019
f 321 320 1020
f 1021 1022 1023
f 1024 1025 1026
f 1026 1027 1024
f 1024 1027 1028
f 1024 1028 1029
f 1029 1028 1005
f 1021 1023 330
f 1030 349 1031
f 1031 349 348
f 1031 348 1032
f 1032 348 328
f 1032 328 1033
f 1033 328 327
f 1033 327 1034
f 1034 327 326
f 1034 326 1023
f 1023 326 329
f 1023 329 330
f 346 347 1030
f 1030 347 350
f 1030 350 349
f 1035 325 324
f 312 1019 311
f 311 1019 1036
f 311 1036 310
f 310 1036 372
f 372 1036 1037
f 372 1037 373
f 373 1037 799
f 373 799 374
f 1038 784 786
f 1038 1039 1040
f 1040 1039 1041
f 1040 1041 1042
f 1042 1041 1043
f 1042 1043 1044
f 1044 1043 1045
f 1045 1043 1046
f 1045 1046 1047
f 1047 1046 1048
f 1048 1046 1049
f 1048 1049 1050
f 747 748 1049
f 1049 748 749
f 1049 749 1050
f 744 743 1051
f 1051 743 741
f 1051 741 1052
f 737 1016 294
f 294 1053 293
f 293 1053 292
f 1054 261 1055
f 1055 261 259
f 1055 259 257
f 1056 287 268
f 281 280 1056
f 1056 280 286
f 1056 286 287
f 1000 710 302
f 1057 703 707
f 1058 1059 1057
f 703 1057 688
f 688 1057 1059
f 688 1059 689
f 1012 1014 1060
f 1039 1061 1041
f 1041 1061 1062
f 1041 1062 1043
f 1043 1062 1063
f 1043 1063 1046
f 1046 1063 1064
f 1046 1064 1049
f 1049 1064 1017
f 1049 1017 747
f 747 1017 745
f 791 793 1061
f 1061 793 1065
f 1061 1065 1062
f 1062 1065 1066
f 1062 1066 1063
f 1063 1066 1067
f 1063 1067 1064
f 1064 1067 1068
f 1064 1068 1017
f 1017 1068 1052
f 1017 1052 740
f 740 1052 741
f 1038 786 1039
f 1039 786 787
f 1039 787 1061
f 1061 787 789
f 1061 789 791
f 1011 1069 1009
f 1009 1069 1070
f 1009 1070 1071
f 1071 1070 1015
f 1071 1015 252
f 252 1015 253
f 320 325 1020
f 1020 325 1035
f 1020 1035 1072
f 323 1054 324
f 324 1054 1055
f 324 1055 1035
f 1035 1055 1073
f 1035 1073 1072
f 1011 1074 1069
f 1069 1074 1072
f 1069 1072 1070
f 1070 1072 1073
f 1070 1073 1015
f 1015 1073 1055
f 1015 1055 255
f 255 1055 257
f 795 798 1075
f 1075 798 1008
f 1075 1008 1076
f 1076 1008 1077
f 1076 1077 1078
f 1078 1077 1079
f 1078 1079 1080
f 1080 1079 1074
f 1080 1074 1081
f 1081 1074 1011
f 1081 1011 1016
f 1016 1011 1010
f 1016 1010 294
f 294 1010 1009
f 294 1009 1053
f 1053 1009 1071
f 1053 1071 292
f 292 1071 252
f 861 799 1082
f 1082 799 1037
f 1082 1037 1083
f 1083 1037 1036
f 1083 1036 1084
f 1084 1036 1019
f 1084 1019 1085
f 1085 1019 1018
f 797 861 1008
f 1008 861 1082
f 1008 1082 1077
f 1077 1082 1083
f 1077 1083 1079
f 1079 1083 1084
f 1079 1084 1074
f 1074 1084 1085
f 1074 1085 1072
f 1072 1085 1018
f 1072 1018 1020
f 1020 1018 312
f 1020 312 321
f 1086 1087 1001
f 1001 1087 1088
f 1001 1088 1007
f 1089 1088 1090
f 1090 1088 1087
f 1090 1087 1091
f 1091 1087 1086
f 1091 1086 1092
f 1093 1094 1056
f 1022 1089 1023
f 1023 1089 1090
f 1023 1090 1034
f 1034 1090 1091
f 1034 1091 1033
f 1033 1091 1092
f 1033 1092 1032
f 1032 1092 1095
f 1032 1095 1031
f 1004 1006 1096
f 1096 1006 1097
f 1096 1097 1098
f 1098 1097 1099
f 1098 1099 1100
f 1100 1099 1101
f 1100 1101 1102
f 1102 1101 1103
f 1102 1103 1104
f 1104 1103 1105
f 1104 1105 1106
f 1106 1105 1107
f 1106 1107 1108
f 1027 1060 1028
f 1028 1060 1014
f 1028 1014 1109
f 1109 1014 1110
f 1109 1110 1111
f 1111 1110 1112
f 1111 1112 1113
f 1113 1112 1114
f 1113 1114 1115
f 1115 1114 1116
f 1115 1116 1093
f 1093 1116 243
f 1093 243 1094
f 1094 243 245
f 1094 245 1056
f 1056 245 283
f 1056 283 281
f 323 322 1054
f 1054 322 346
f 1054 346 1108
f 1108 346 1030
f 1108 1030 1106
f 1106 1030 1031
f 1106 1031 1104
f 1104 1031 1095
f 1104 1095 1102
f 1102 1095 1092
f 1102 1092 1100
f 1100 1092 1086
f 1100 1086 1098
f 1098 1086 1001
f 1098 1001 1096
f 1096 1001 1003
f 1096 1003 1004
f 707 1117 1057
f 1057 1117 1118
f 1057 1118 1058
f 1058 1118 1119
f 1120 1119 1121
f 1121 1119 1118
f 1121 1118 1122
f 1122 1118 1117
f 1122 1117 998
f 998 1117 707
f 998 707 999
f 999 707 705
f 999 705 1000
f 1000 705 711
f 1000 711 710
f 1013 1120 1014
f 1014 1120 1121
f 1014 1121 1110
f 1110 1121 1122
f 1110 1122 1112
f 1112 1122 998
f 1112 998 1114
f 1114 998 1000
f 1114 1000 1116
f 1116 1000 302
f 1116 302 243
f 1005 1028 1006
f 1006 1028 1109
f 1006 1109 1097
f 1097 1109 1111
f 1097 1111 1099
f 1099 1111 1113
f 1099 1113 1101
f 1101 1113 1115
f 1101 1115 1103
f 1103 1115 1093
f 1103 1093 1105
f 1105 1093 1056
f 1105 1056 1107
f 1107 1056 268
f 1107 268 1108
f 1108 268 265
f 1108 265 1054
f 1054 265 263
f 1054 263 261
f 793 795 1065
f 1065 795 1075
f 1065 1075 1066
f 1066 1075 1076
f 1066 1076 1067
f 1067 1076 1078
f 1067 1078 1068
f 1068 1078 1080
f 1068 1080 1052
f 1052 1080 1081
f 1052 1081 1051
f 1051 1081 1016
f 1051 1016 744
f 744 1016 739
f 1123 1124 1125
f 1124 1123 1126
f 1125 1127 1128
f 1129 1130 1131
f 414 415 1132
f 1133 1134 1135
f 1136 1137 1138
f 1139 1140 572
f 572 1140 1141
f 1142 1143 1144
f 1144 1143 1145
f 1144 1145 1146
f 1146 1145 569
f 1146 569 567
f 567 572 1146
f 1146 572 1141
f 1146 1141 1144
f 1144 1141 1147
f 1148 1149 1140
f 1149 1150 1140
f 1140 1150 1151
f 1140 1151 1141
f 1141 1151 1152
f 1141 1152 1147
f 1153 1154 1155
f 1155 1154 1156
f 1153 1155 1157
f 1157 1155 1158
f 1157 1158 1159
f 1159 1158 1160
f 1159 1160 1161
f 1162 1163 1160
f 1160 1163 1164
f 1160 1164 1161
f 1165 1166 1167
f 1167 1168 1165
f 1165 1168 1169
f 1165 1169 1162
f 1162 1169 1170
f 1162 1170 1163
f 1137 357 1138
f 1138 357 356
f 1138 356 1171
f 1171 356 1172
f 1172 356 355
f 1172 355 1173
f 1173 355 336
f 1173 336 1174
f 910 912 1175
f 1174 336 1175
f 1175 336 337
f 1175 337 910
f 1136 1166 1137
f 1137 1166 1165
f 1137 1165 357
f 357 1165 358
f 358 1165 306
f 306 1165 1162
f 306 1162 307
f 352 1176 353
f 353 1176 1177
f 353 1177 354
f 376 375 1178
f 1178 375 354
f 1179 1180 377
f 377 1180 305
f 1181 334 333
f 332 335 1182
f 1182 335 334
f 1183 1089 1184
f 1184 1089 1022
f 1184 1022 1185
f 1185 1022 1021
f 1185 1021 331
f 331 1021 330
f 1004 1003 1186
f 1186 1003 1002
f 1186 1002 1187
f 1187 1002 1007
f 1187 1007 1183
f 1183 1007 1088
f 1183 1088 1089
f 1004 1186 1005
f 1005 1186 1188
f 1005 1188 1029
f 1029 1188 1135
f 1029 1135 1024
f 1024 1135 1134
f 1024 1134 1025
f 1189 1190 1133
f 1191 1192 1193
f 618 1194 1195
f 1195 1194 1196
f 609 610 1197
f 1197 610 611
f 1197 611 1198
f 1198 611 613
f 1198 613 614
f 1132 415 1197
f 1197 415 607
f 1197 607 609
f 402 401 1126
f 1199 406 404
f 354 1177 1178
f 1178 1177 432
f 1178 432 430
f 400 398 1176
f 1176 398 396
f 1176 396 1177
f 1177 396 433
f 1177 433 432
f 390 392 1200
f 1200 392 394
f 1200 394 1201
f 1201 394 400
f 1201 400 1202
f 1202 400 1176
f 576 575 1130
f 1130 575 574
f 1130 574 1131
f 1131 574 425
f 1131 425 1203
f 572 576 1139
f 1139 576 1130
f 1139 1130 1140
f 1140 1130 1129
f 1140 1129 1148
f 1148 1129 1156
f 1156 1129 1155
f 1155 1129 1131
f 1155 1131 1158
f 1158 1131 1203
f 1158 1203 1160
f 352 351 1176
f 1176 351 1204
f 1176 1204 1202
f 1202 1204 1205
f 1202 1205 1201
f 1201 1205 1206
f 1201 1206 1200
f 351 307 1204
f 1204 307 1162
f 1204 1162 1205
f 1205 1162 1160
f 1205 1160 1206
f 1206 1160 1203
f 1206 1203 1200
f 1200 1203 425
f 1200 425 390
f 1207 1208 1209
f 401 427 1126
f 1126 427 1210
f 1126 1210 1124
f 1124 1210 1211
f 1124 1211 1125
f 1125 1211 1212
f 1125 1212 1127
f 1127 1212 1213
f 1127 1213 1214
f 1214 1215 1127
f 1127 1215 1181
f 1127 1181 1128
f 1128 1181 333
f 377 376 1179
f 1179 376 1178
f 1179 1178 1199
f 1199 1178 430
f 1199 430 406
f 333 305 1128
f 1128 305 1180
f 1128 1180 1125
f 1125 1180 1179
f 1125 1179 1123
f 1123 1179 1199
f 1123 1199 1126
f 1126 1199 404
f 1126 404 402
f 334 1181 1182
f 1182 1181 1215
f 1182 1215 1216
f 1216 1215 1214
f 1216 1214 1217
f 1217 1214 1218
f 1217 1218 1219
f 1219 1218 1220
f 1219 1220 1221
f 1221 1220 1222
f 1221 1222 1223
f 1223 1222 1224
f 1223 1224 1189
f 1189 1224 1225
f 1189 1225 1190
f 1133 1135 1189
f 1189 1135 1188
f 1189 1188 1223
f 1223 1188 1186
f 1223 1186 1221
f 1221 1186 1187
f 1221 1187 1219
f 1219 1187 1183
f 1219 1183 1217
f 1217 1183 1184
f 1217 1184 1216
f 1216 1184 1185
f 1216 1185 1182
f 1182 1185 331
f 1182 331 332
f 1207 1209 1226
f 1226 1209 1227
f 1226 1227 1228
f 1228 1227 1229
f 1228 1229 1230
f 1230 1229 1195
f 1230 1195 1191
f 1191 1195 1196
f 1191 1196 1192
f 618 1195 616
f 616 1195 1229
f 616 1229 614
f 614 1229 1227
f 614 1227 1198
f 1198 1227 1209
f 1198 1209 1197
f 1197 1209 1208
f 1197 1208 1132
f 427 413 1210
f 1210 413 414
f 1210 414 1211
f 1211 414 1132
f 1211 1132 1212
f 1212 1132 1208
f 1212 1208 1213
f 1213 1208 1207
f 1213 1207 1214
f 1214 1207 1226
f 1214 1226 1218
f 1218 1226 1228
f 1218 1228 1220
f 1220 1228 1230
f 1220 1230 1222
f 1222 1230 1191
f 1222 1191 1224
f 1224 1191 1193
f 1224 1193 1225
f 1231 1232 1233
f 1234 1235 1236
f 1237 1238 1239
f 1240 1241 1242
f 911 916 1243
f 907 930 1244
f 928 927 1245
f 1246 1247 1248
f 1249 1250 1246
f 1246 1250 1251
f 1246 1251 1247
f 1252 1253 1254
f 1254 1255 1252
f 1252 1255 1256
f 1252 1256 1257
f 1257 1256 1258
f 1257 1258 1259
f 1259 1258 1260
f 1259 1260 1261
f 1261 1260 1262
f 1261 1262 1263
f 1263 1262 1264
f 1263 1264 1265
f 903 1266 940
f 940 1266 1267
f 940 1267 938
f 938 1267 1268
f 1269 931 1270
f 1270 931 905
f 1270 905 1271
f 1271 905 904
f 1271 904 936
f 927 935 1245
f 1245 935 934
f 1245 934 1269
f 1269 934 932
f 1269 932 931
f 907 1244 908
f 1239 924 926
f 1272 919 920
f 1273 921 917
f 915 914 1274
f 1274 914 913
f 912 911 1275
f 1275 911 1243
f 1275 1243 1276
f 1276 1243 1277
f 926 908 1239
f 1239 908 1244
f 1239 1244 1237
f 1237 1244 1278
f 936 938 1271
f 1271 938 1268
f 1271 1268 1270
f 1270 1268 1279
f 1270 1279 1269
f 1269 1279 1278
f 1269 1278 1245
f 1245 1278 1244
f 1245 1244 928
f 928 1244 930
f 1266 1280 1267
f 1267 1280 1281
f 1267 1281 1268
f 1268 1281 1282
f 1268 1282 1279
f 1279 1282 1283
f 1279 1283 1278
f 1278 1283 1284
f 1278 1284 1237
f 1237 1284 1285
f 1286 1287 1285
f 1285 1287 1288
f 1285 1288 1237
f 1237 1288 1289
f 1237 1289 1238
f 1280 1234 1281
f 1281 1234 1236
f 1281 1236 1282
f 1282 1236 1290
f 1282 1290 1283
f 1283 1290 1291
f 1283 1291 1284
f 1284 1291 1292
f 1284 1292 1285
f 1285 1292 1293
f 1285 1293 1286
f 1286 1293 1294
f 1235 1249 1236
f 1236 1249 1246
f 1236 1246 1290
f 1290 1246 1248
f 1290 1248 1291
f 1291 1248 1295
f 1291 1295 1292
f 1292 1295 1296
f 1292 1296 1293
f 1293 1296 1297
f 1293 1297 1294
f 1294 1297 1298
f 902 1265 903
f 903 1265 1264
f 903 1264 1266
f 1266 1264 1262
f 1266 1262 1280
f 1280 1262 1260
f 1280 1260 1234
f 1234 1260 1258
f 1234 1258 1235
f 1235 1258 1256
f 1235 1256 1249
f 1249 1256 1255
f 1249 1255 1250
f 1250 1255 1254
f 1241 1232 1242
f 1242 1232 1231
f 1242 1231 1299
f 1300 1240 1301
f 1301 1240 1242
f 1301 1242 1302
f 1302 1242 1299
f 1302 1299 1303
f 1303 1299 1304
f 1305 1304 1306
f 1306 1304 1299
f 1306 1299 1307
f 1307 1299 1231
f 1307 1231 1308
f 1308 1231 1233
f 1308 1233 1309
f 1309 1233 1310
f 1309 1310 1277
f 1277 1310 1311
f 1277 1311 1276
f 1312 1313 1314
f 1314 1313 1315
f 1314 1315 1316
f 1316 1315 1317
f 1316 1317 1318
f 1318 1317 1274
f 1318 1274 1319
f 1319 1274 913
f 1319 913 922
f 1320 1321 1322
f 1322 1321 1323
f 1322 1323 1324
f 1324 1323 1325
f 1324 1325 1326
f 1326 1325 1327
f 1326 1327 1328
f 1328 1327 1329
f 1328 1329 1330
f 1330 1329 1273
f 1330 1273 1272
f 1272 1273 917
f 1272 917 919
f 1321 1312 1323
f 1323 1312 1314
f 1323 1314 1325
f 1325 1314 1316
f 1325 1316 1327
f 1327 1316 1318
f 1327 1318 1329
f 1329 1318 1319
f 1329 1319 1273
f 1273 1319 922
f 1273 922 921
f 1320 1305 1321
f 1321 1305 1306
f 1321 1306 1312
f 1312 1306 1307
f 1312 1307 1313
f 1313 1307 1308
f 1313 1308 1315
f 1315 1308 1309
f 1315 1309 1317
f 1317 1309 1277
f 1317 1277 1274
f 1274 1277 1243
f 1274 1243 915
f 915 1243 916
f 1300 1301 1331
f 1331 1301 1302
f 1331 1302 1332
f 1332 1302 1303
f 1332 1303 1333
f 1333 1303 1304
f 1333 1304 1334
f 1334 1304 1305
f 1334 1305 1298
f 1298 1305 1320
f 1298 1320 1294
f 1294 1320 1322
f 1294 1322 1286
f 1286 1322 1324
f 1286 1324 1287
f 1287 1324 1326
f 1287 1326 1288
f 1288 1326 1328
f 1288 1328 1289
f 1289 1328 1330
f 1289 1330 1238
f 1238 1330 1272
f 1238 1272 1239
f 1239 1272 920
f 1239 920 924
f 1335 1336 1337
f 1338 1142 1144
f 1172 1173 1339
f 1339 1173 1174
f 1339 1174 1275
f 1275 1174 1175
f 1275 1175 912
f 1171 1340 1138
f 1138 1340 1341
f 1138 1341 1136
f 1136 1341 1342
f 1136 1342 1166
f 1166 1342 1167
f 1167 1342 1343
f 1167 1343 1168
f 1168 1343 1169
f 1169 1343 1344
f 1169 1344 1170
f 1345 1164 1344
f 1344 1164 1163
f 1344 1163 1170
f 1346 1157 1347
f 1347 1157 1159
f 1347 1159 1345
f 1345 1159 1161
f 1345 1161 1164
f 1156 1154 1346
f 1346 1154 1153
f 1346 1153 1157
f 1148 1348 1149
f 1149 1348 1349
f 1149 1349 1150
f 1150 1349 1151
f 1350 1351 1338
f 1352 1353 1354
f 1354 1353 1355
f 1354 1355 1356
f 1335 1357 1358
f 1358 1357 1359
f 1360 1361 1362
f 1362 1361 1363
f 1362 1363 1364
f 1365 1366 1367
f 1367 1366 1368
f 1367 1368 1369
f 1369 1368 1370
f 1369 1370 1371
f 1371 1370 1372
f 1371 1372 1373
f 1373 1372 1374
f 1373 1374 1375
f 1375 1374 1364
f 1240 1300 1376
f 1338 1144 1350
f 1350 1144 1147
f 1350 1147 1377
f 1377 1147 1152
f 1377 1152 1378
f 1378 1152 1151
f 1378 1151 1379
f 1379 1151 1349
f 1379 1349 1380
f 1380 1349 1348
f 1380 1348 1381
f 1382 1352 1383
f 1383 1352 1354
f 1383 1354 1384
f 1384 1354 1356
f 1384 1356 1385
f 1386 1382 1387
f 1387 1382 1383
f 1387 1383 1388
f 1388 1383 1384
f 1388 1384 1389
f 1389 1384 1385
f 1310 1233 1390
f 1390 1233 1232
f 1390 1232 1391
f 1391 1232 1241
f 1391 1241 1392
f 1392 1241 1240
f 1392 1240 1393
f 1393 1240 1376
f 1393 1376 1394
f 1336 1395 1337
f 1337 1395 1396
f 1337 1396 1397
f 1397 1396 1398
f 1397 1398 1399
f 1399 1398 1400
f 1399 1400 1401
f 1401 1400 1402
f 1401 1402 1403
f 1403 1402 1404
f 1403 1404 1405
f 1405 1404 1406
f 1405 1406 1407
f 1407 1406 1408
f 1407 1408 1409
f 1409 1408 1410
f 1364 1363 1375
f 1375 1363 1411
f 1375 1411 1373
f 1373 1411 1412
f 1373 1412 1371
f 1371 1412 1413
f 1371 1413 1369
f 1369 1413 1414
f 1369 1414 1367
f 1367 1414 1415
f 1367 1415 1365
f 1409 1415 1407
f 1407 1415 1414
f 1407 1414 1405
f 1405 1414 1413
f 1405 1413 1403
f 1403 1413 1412
f 1403 1412 1401
f 1401 1412 1411
f 1401 1411 1399
f 1399 1411 1363
f 1399 1363 1397
f 1397 1363 1361
f 1397 1361 1337
f 1337 1361 1360
f 1337 1360 1335
f 1335 1360 1416
f 1335 1416 1357
f 1311 1310 1417
f 1417 1310 1390
f 1417 1390 1410
f 1410 1390 1391
f 1410 1391 1409
f 1409 1391 1392
f 1409 1392 1415
f 1415 1392 1393
f 1415 1393 1365
f 1365 1393 1394
f 1365 1394 1366
f 1353 1351 1355
f 1355 1351 1350
f 1355 1350 1356
f 1356 1350 1377
f 1356 1377 1385
f 1385 1377 1378
f 1385 1378 1418
f 1418 1378 1379
f 1418 1379 1419
f 1419 1379 1380
f 1419 1380 1420
f 1420 1380 1381
f 1420 1381 1421
f 1421 1381 1422
f 1421 1422 1423
f 1423 1422 1424
f 1423 1424 1425
f 1425 1424 1426
f 1425 1426 1427
f 1427 1426 1428
f 1427 1428 1429
f 1429 1428 1430
f 1429 1430 1431
f 1431 1430 1432
f 1431 1432 1433
f 1433 1432 1339
f 1433 1339 1276
f 1276 1339 1275
f 1148 1156 1348
f 1348 1156 1346
f 1348 1346 1381
f 1381 1346 1347
f 1381 1347 1422
f 1422 1347 1345
f 1422 1345 1424
f 1424 1345 1344
f 1424 1344 1426
f 1426 1344 1343
f 1426 1343 1428
f 1428 1343 1342
f 1428 1342 1430
f 1430 1342 1341
f 1430 1341 1432
f 1432 1341 1340
f 1432 1340 1339
f 1339 1340 1171
f 1339 1171 1172
f 1434 1386 1359
f 1359 1386 1387
f 1359 1387 1358
f 1358 1387 1388
f 1358 1388 1335
f 1335 1388 1389
f 1335 1389 1336
f 1336 1389 1385
f 1336 1385 1395
f 1395 1385 1418
f 1395 1418 1396
f 1396 1418 1419
f 1396 1419 1398
f 1398 1419 1420
f 1398 1420 1400
f 1400 1420 1421
f 1400 1421 1402
f 1402 1421 1423
f 1402 1423 1404
f 1404 1423 1425
f 1404 1425 1406
f 1406 1425 1427
f 1406 1427 1408
f 1408 1427 1429
f 1408 1429 1410
f 1410 1429 1431
f 1410 1431 1417
f 1417 1431 1433
f 1417 1433 1311
f 1311 1433 1276
f 443 1435 442
f 442 1435 1436
f 442 1436 441
f 441 1436 1437
f 441 1437 440
f 440 1437 1438
f 440 1438 439
f 439 1438 1439
f 439 1439 438
f 438 1439 1440
f 438 1440 449
f 449 1440 1441
f 449 1441 448
f 448 1441 1442
f 448 1442 447
f 447 1442 1443
f 447 1443 446
f 446 1443 1444
f 446 1444 445
f 445 1444 1445
f 445 1445 444
f 444 1445 1446
f 444 1446 443
f 443 1446 1435
f 460 1447 461
f 461 1447 1448
f 461 1448 450
f 450 1448 1449
f 450 1449 451
f 451 1449 1450
f 451 1450 452
f 452 1450 1451
f 452 1451 453
f 453 1451 1452
f 453 1452 454
f 454 1452 1453
f 454 1453 455
f 455 1453 1454
f 455 1454 456
f 456 1454 1455
f 456 1455 457
f 457 1455 1456
f 457 1456 458
f 458 1456 1457
f 458 1457 459
f 459 1457 1458
f 459 1458 460
f 460 1458 1447
f 1459 463 1460
f 1460 463 462
f 1460 462 1461
f 1461 462 468
f 464 1462 465
f 465 1462 1463
f 465 1463 466
f 466 1463 1461
f 466 1461 467
f 467 1461 468
f 1462 464 1464
f 1464 464 469
f 1465 1464 469
f 470 1466 471
f 471 1466 1467
f 471 1467 472
f 472 1467 1465
f 472 1465 473
f 473 1465 469
f 1466 470 1468
f 1468 470 474
f 1469 1468 474
f 474 479 1469
f 1469 479 478
f 1469 478 1470
f 475 1471 476
f 476 1471 1470
f 476 1470 477
f 477 1470 478
f 1471 475 1472
f 1472 475 480
f 1472 480 1473
f 1473 480 483
f 1473 483 1474
f 463 1459 481
f 481 1459 1474
f 481 1474 482
f 482 1474 483
f 1475 1476 1477
f 1477 1476 1478
f 1477 1478 1479
f 1479 1478 1480
f 1479 1480 1481
f 1481 1480 1482
f 1481 1482 1483
f 1483 1482 1484
f 1483 1484 1485
f 1485 1484 1486
f 1485 1486 1487
f 1487 1486 1488
f 1487 1488 1489
f 1489 1488 1490
f 486 1491 484
f 484 1491 1492
f 484 1492 485
f 485 1492 1493
f 485 1493 487
f 487 1493 1494
f 487 1494 488
f 488 1494 1495
f 488 1495 489
f 489 1495 1496
f 489 1496 490
f 490 1496 1497
f 490 1497 491
f 491 1497 1498
f 491 1498 495
f 495 1498 1499
f 495 1499 494
f 494 1499 1500
f 494 1500 493
f 493 1500 1501
f 493 1501 492
f 492 1501 1502
f 492 1502 486
f 486 1502 1491
f 1503 1504 1505
f 499 498 1505
f 1503 1505 1506
f 499 1505 528
f 545 544 1507
f 1507 544 560
f 1507 560 546
f 1508 1509 1510
f 1510 1509 1511
f 1512 1513 1514
f 1514 1513 1506
f 1514 1506 1515
f 1515 1506 1505
f 1516 530 1517
f 1517 530 529
f 1517 529 1504
f 1504 529 511
f 1504 511 1505
f 1505 511 510
f 1505 510 528
f 1509 1518 1511
f 1511 1518 1519
f 1511 1519 1520
f 1520 1519 1521
f 1521 1507 1520
f 1520 1507 546
f 1520 546 1522
f 1522 546 537
f 1522 537 1523
f 1523 537 533
f 1523 533 1524
f 1524 533 532
f 1524 532 1516
f 1516 532 531
f 1516 531 530
f 1512 1525 1513
f 1513 1525 1526
f 1513 1526 1510
f 1510 1526 1527
f 1510 1527 1508
f 1528 618 617
f 566 568 1529
f 1528 617 1530
f 1530 617 625
f 1530 625 619
f 566 1529 593
f 1531 1532 598
f 1533 1534 1535
f 1535 1534 1536
f 1535 1536 1537
f 1538 1539 1540
f 1540 1539 1541
f 1540 1541 1533
f 1533 1541 1542
f 1533 1542 1534
f 1538 1540 1543
f 1543 1540 1544
f 1543 1544 1545
f 598 1532 599
f 599 1532 1546
f 599 1546 600
f 1547 1529 1548
f 1548 1529 1549
f 1548 1549 1544
f 1544 1549 1550
f 1544 1550 1545
f 1537 1530 1535
f 1535 1530 619
f 1535 619 1551
f 1551 619 600
f 1551 600 1552
f 1552 600 1546
f 598 597 1531
f 1531 597 596
f 1531 596 1553
f 1553 596 594
f 1553 594 1547
f 1547 594 590
f 1547 590 1529
f 1529 590 589
f 1529 589 593
f 627 629 1554
f 627 1554 654
f 1555 1556 1557
f 679 678 1558
f 1558 678 1556
f 1559 1560 1561
f 1559 1561 1557
f 1557 1561 1562
f 1557 1562 1555
f 1563 680 1564
f 1564 680 661
f 1564 661 1565
f 1565 661 660
f 1565 660 1566
f 1566 660 659
f 1566 659 1567
f 1563 1557 680
f 680 1557 1556
f 680 1556 686
f 686 1556 678
f 1568 1569 1559
f 1559 1569 1570
f 1559 1570 1560
f 1571 1572 1573
f 1573 1572 1574
f 1573 1574 1568
f 1568 1574 1575
f 1568 1575 1569
f 1576 1554 1577
f 1577 1554 1578
f 1577 1578 1573
f 1573 1578 1579
f 1573 1579 1571
f 659 658 1567
f 1567 658 657
f 1567 657 1580
f 1580 657 655
f 1580 655 1576
f 1576 655 651
f 1576 651 1554
f 1554 651 650
f 1554 650 654
f 1581 1582 1583
f 1583 1582 1584
f 702 701 1585
f 1586 717 1587
f 1587 717 716
f 1587 716 1588
f 701 715 1585
f 1585 715 690
f 1585 690 689
f 716 702 1588
f 1588 702 1585
f 1588 1585 1589
f 1589 1585 1590
f 1589 1590 1583
f 1583 1590 1591
f 1583 1591 1581
f 1592 731 1593
f 1593 731 721
f 1593 721 1594
f 1594 721 720
f 1594 720 1595
f 1595 720 719
f 1595 719 1586
f 1586 719 718
f 1586 718 717
f 1596 1597 1598
f 730 729 1599
f 1599 729 1597
f 1600 1601 1602
f 1600 1602 1598
f 1598 1602 1603
f 1598 1603 1596
f 1592 1598 731
f 731 1598 1597
f 731 1597 750
f 750 1597 729
f 1582 1604 1584
f 1584 1604 1605
f 1584 1605 1600
f 1600 1605 1606
f 1600 1606 1601
f 1487 1607 1475
f 1608 1609 1610
f 1610 1609 1607
f 1610 1607 1611
f 1611 1607 1612
f 1613 1612 1614
f 1614 1612 1607
f 1614 1607 1489
f 1489 1607 1487
f 1479 1481 1477
f 1477 1481 1483
f 1477 1483 1475
f 1475 1483 1485
f 1475 1485 1487
f 1607 1615 1475
f 1475 1615 1476
f 832 836 1616
f 1560 1570 1617
f 902 901 1618
f 902 1618 1265
f 1257 1619 1252
f 1252 1619 1253
f 1257 1259 1619
f 1619 1259 1261
f 1619 1261 1618
f 1618 1261 1263
f 1618 1263 1265
f 784 1620 785
f 785 1620 1621
f 785 1621 780
f 780 1621 1622
f 780 1622 781
f 1623 775 779
f 1623 779 1622
f 1622 779 783
f 1622 783 781
f 1554 629 1624
f 1624 629 630
f 1624 630 1623
f 1623 630 776
f 1623 776 775
f 1554 1624 1578
f 1578 1624 1625
f 1578 1625 1579
f 1626 1572 1625
f 1625 1572 1571
f 1625 1571 1579
f 1570 1569 1617
f 1617 1569 1575
f 1617 1575 1626
f 1626 1575 1574
f 1626 1574 1572
f 1560 1617 1561
f 1561 1617 1627
f 1561 1627 1562
f 1628 1556 1627
f 1627 1556 1555
f 1627 1555 1562
f 836 834 1616
f 1616 834 679
f 1616 679 1628
f 1628 679 1558
f 1628 1558 1556
f 832 1616 833
f 833 1616 1629
f 833 1629 883
f 883 1629 830
f 830 1629 1630
f 830 1630 764
f 956 955 1631
f 1631 955 828
f 1631 828 1630
f 1630 828 765
f 1630 765 764
f 956 1631 954
f 954 1631 1632
f 954 1632 896
f 1633 988 991
f 1633 991 1632
f 1632 991 897
f 1632 897 896
f 1515 1505 1634
f 1505 498 1634
f 1634 498 953
f 1634 953 1633
f 1633 953 952
f 1633 952 988
f 1634 1635 1515
f 1515 1635 1636
f 1515 1636 1514
f 1514 1636 1512
f 1512 1636 1637
f 1512 1637 1525
f 1638 1527 1637
f 1637 1527 1526
f 1637 1526 1525
f 1519 1518 1639
f 1639 1518 1509
f 1639 1509 1638
f 1638 1509 1508
f 1638 1508 1527
f 1519 1639 1521
f 1521 1639 1640
f 1521 1640 1507
f 901 959 1618
f 1618 959 553
f 1618 553 1640
f 1640 553 545
f 1640 545 1507
f 1542 1541 1641
f 1142 1338 1642
f 1192 1196 1643
f 1196 1194 1643
f 1643 1194 618
f 1643 618 1644
f 1192 1643 1193
f 1193 1643 1645
f 1193 1645 1225
f 1225 1645 1190
f 1190 1645 1646
f 1190 1646 1133
f 1647 1026 1025
f 1647 1025 1646
f 1646 1025 1134
f 1646 1134 1133
f 1648 1012 1060
f 1648 1060 1647
f 1647 1060 1027
f 1647 1027 1026
f 1649 1119 1120
f 1649 1120 1648
f 1648 1120 1013
f 1648 1013 1012
f 1585 1650 1590
f 1590 1650 1651
f 1590 1651 1591
f 1585 689 1650
f 1650 689 1059
f 1650 1059 1649
f 1649 1059 1058
f 1649 1058 1119
f 1591 1651 1581
f 1581 1651 1652
f 1581 1652 1582
f 1653 1606 1605
f 1653 1605 1652
f 1652 1605 1604
f 1652 1604 1582
f 1606 1653 1601
f 1601 1653 1654
f 1601 1654 1602
f 1655 1596 1654
f 1654 1596 1603
f 1654 1603 1602
f 1048 1050 1656
f 1656 1050 749
f 749 730 1656
f 1656 730 1599
f 1656 1599 1655
f 1655 1599 1597
f 1655 1597 1596
f 1657 1040 1042
f 1657 1042 1658
f 1042 1044 1658
f 1658 1044 1045
f 1658 1045 1656
f 1656 1045 1047
f 1656 1047 1048
f 1620 784 1657
f 1657 784 1038
f 1657 1038 1040
f 1338 1351 1642
f 1642 1351 1353
f 1642 1353 1659
f 1659 1353 1352
f 1352 1382 1659
f 1659 1382 1386
f 1659 1386 1434
f 568 1660 1529
f 1529 1660 1661
f 1529 1661 1549
f 568 569 1660
f 1660 569 1145
f 1660 1145 1642
f 1642 1145 1143
f 1642 1143 1142
f 1662 1545 1661
f 1661 1545 1550
f 1661 1550 1549
f 1541 1539 1641
f 1641 1539 1538
f 1641 1538 1662
f 1662 1538 1543
f 1662 1543 1545
f 1542 1641 1534
f 1534 1641 1663
f 1534 1663 1536
f 618 1528 1644
f 1644 1528 1530
f 1644 1530 1663
f 1663 1530 1537
f 1663 1537 1536
f 1435 1446 1664
f 1248 1460 1295
f 1295 1460 1461
f 1295 1461 1296
f 1619 1474 1253
f 1253 1474 1459
f 1253 1459 1254
f 1464 1465 1364
f 1364 1465 1467
f 1364 1467 1362
f 1362 1467 1466
f 1362 1466 1360
f 1360 1466 1416
f 1468 1434 1359
f 1435 1664 1436
f 1248 1247 1460
f 1460 1247 1251
f 1460 1251 1459
f 1459 1251 1250
f 1459 1250 1254
f 1449 1364 1374
f 1446 1445 1664
f 1664 1445 1472
f 1664 1472 1619
f 1619 1472 1473
f 1619 1473 1474
f 1451 1450 1366
f 1449 1448 1364
f 1364 1448 1447
f 1364 1447 1464
f 1464 1447 1458
f 1464 1458 1462
f 1462 1458 1457
f 1462 1457 1456
f 1468 1359 1466
f 1466 1359 1357
f 1466 1357 1416
f 1445 1444 1472
f 1472 1444 1443
f 1472 1443 1442
f 1366 1394 1451
f 1451 1394 1376
f 1451 1376 1452
f 1452 1376 1300
f 1452 1300 1453
f 1453 1300 1331
f 1453 1331 1454
f 1454 1331 1332
f 1454 1332 1333
f 1374 1372 1449
f 1449 1372 1370
f 1449 1370 1450
f 1450 1370 1368
f 1450 1368 1366
f 1439 1471 1440
f 1440 1471 1472
f 1440 1472 1441
f 1441 1472 1442
f 1434 1468 1659
f 1659 1468 1469
f 1659 1469 1470
f 1333 1334 1454
f 1454 1334 1298
f 1454 1298 1455
f 1455 1298 1297
f 1455 1297 1296
f 1664 1659 1436
f 1436 1659 1470
f 1436 1470 1437
f 1437 1470 1471
f 1437 1471 1438
f 1438 1471 1439
f 1456 1455 1462
f 1462 1455 1296
f 1462 1296 1463
f 1463 1296 1461
f 1476 1665 1478
f 1478 1665 1666
f 1478 1666 1480
f 1480 1666 1667
f 1480 1667 1482
f 1482 1667 1668
f 1482 1668 1484
f 1484 1668 1669
f 1484 1669 1486
f 1486 1669 1670
f 1486 1670 1488
f 1488 1670 1671
f 1665 1476 1672
f 1672 1476 1615
f 1673 1490 1671
f 1671 1490 1488
f 1501 1674 1502
f 1502 1674 1675
f 1502 1675 1491
f 1491 1675 1676
f 1491 1676 1492
f 1492 1676 1677
f 1492 1677 1493
f 1493 1677 1678
f 1493 1678 1494
f 1494 1678 1679
f 1494 1679 1495
f 1495 1679 1680
f 1495 1680 1496
f 1496 1680 1681
f 1496 1681 1497
f 1497 1681 1682
f 1497 1682 1498
f 1498 1682 1683
f 1498 1683 1499
f 1499 1683 1684
f 1499 1684 1500
f 1500 1684 1685
f 1500 1685 1501
f 1501 1685 1674
f 1506 1686 1503
f 1503 1686 1687
f 1503 1687 1504
f 1504 1687 1688
f 1504 1688 1517
f 1517 1688 1689
f 1517 1689 1516
f 1516 1689 1690
f 1516 1690 1524
f 1524 1690 1691
f 1524 1691 1523
f 1523 1691 1692
f 1523 1692 1522
f 1522 1692 1693
f 1522 1693 1520
f 1520 1693 1694
f 1520 1694 1511
f 1511 1694 1695
f 1511 1695 1510
f 1510 1695 1696
f 1510 1696 1513
f 1513 1696 1697
f 1513 1697 1506
f 1506 1697 1686
f 1553 1698 1531
f 1531 1698 1699
f 1531 1699 1532
f 1532 1699 1700
f 1532 1700 1546
f 1546 1700 1701
f 1546 1701 1552
f 1552 1701 1702
f 1552 1702 1551
f 1551 1702 1703
f 1551 1703 1535
f 1535 1703 1704
f 1535 1704 1533
f 1533 1704 1705
f 1533 1705 1540
f 1540 1705 1706
f 1540 1706 1544
f 1544 1706 1707
f 1544 1707 1548
f 1548 1707 1708
f 1548 1708 1547
f 1547 1708 1709
f 1547 1709 1553
f 1553 1709 1698
f 1557 1710 1559
f 1559 1710 1711
f 1559 1711 1568
f 1568 1711 1712
f 1568 1712 1573
f 1573 1712 1713
f 1573 1713 1577
f 1577 1713 1714
f 1577 1714 1576
f 1576 1714 1715
f 1576 1715 1580
f 1580 1715 1716
f 1580 1716 1567
f 1567 1716 1717
f 1567 1717 1566
f 1566 1717 1718
f 1566 1718 1565
f 1565 1718 1719
f 1565 1719 1564
f 1564 1719 1720
f 1564 1720 1563
f 1563 1720 1721
f 1563 1721 1557
f 1557 1721 1710
f 1594 1722 1593
f 1593 1722 1723
f 1593 1723 1592
f 1592 1723 1724
f 1592 1724 1598
f 1598 1724 1725
f 1598 1725 1600
f 1600 1725 1726
f 1600 1726 1584
f 1584 1726 1727
f 1584 1727 1583
f 1583 1727 1728
f 1583 1728 1589
f 1589 1728 1729
f 1589 1729 1588
f 1588 1729 1730
f 1588 1730 1587
f 1587 1730 1731
f 1587 1731 1586
f 1586 1731 1732
f 1586 1732 1595
f 1595 1732 1733
f 1595 1733 1594
f 1594 1733 1722
f 1614 1489 1490
f 1615 1607 1734
f 1734 1607 1609
f 1734 1609 1608
f 1490 1735 1614
f 1614 1735 1736
f 1614 1736 1613
f 1613 1736 1737
f 1613 1737 1612
f 1612 1737 1738
f 1612 1738 1611
f 1611 1738 1739
f 1611 1739 1610
f 1739 1740 1610
f 1610 1740 1741
f 1610 1741 1608
f 1608 1741 1742
f 1608 1742 1734
f 1646 1648 1647
f 1699 1698 1743
f 1623 1622 1744
f 1744 1622 1621
f 1744 1621 1620
f 1626 1625 1744
f 1744 1625 1624
f 1744 1624 1623
f 1710 1721 1745
f 1746 1717 1744
f 1744 1717 1716
f 1721 1720 1745
f 1745 1720 1719
f 1745 1719 1746
f 1746 1719 1718
f 1746 1718 1717
f 1626 1712 1617
f 1617 1712 1711
f 1716 1715 1744
f 1744 1715 1714
f 1744 1714 1626
f 1626 1714 1713
f 1626 1713 1712
f 1629 1616 1745
f 1745 1616 1628
f 1711 1710 1617
f 1617 1710 1745
f 1617 1745 1627
f 1627 1745 1628
f 1633 1632 1747
f 1668 1667 1745
f 1747 1632 1748
f 1748 1632 1631
f 1748 1631 1749
f 1749 1631 1630
f 1749 1630 1750
f 1673 1671 1751
f 1751 1671 1670
f 1751 1670 1669
f 1667 1666 1745
f 1745 1666 1665
f 1745 1665 1629
f 1629 1665 1672
f 1629 1672 1630
f 1630 1672 1752
f 1630 1752 1750
f 1747 1673 1633
f 1633 1673 1751
f 1633 1751 1634
f 1634 1751 1635
f 1751 1688 1687
f 1693 1692 1743
f 1687 1637 1751
f 1751 1637 1636
f 1751 1636 1635
f 1692 1691 1743
f 1743 1691 1690
f 1743 1690 1751
f 1751 1690 1689
f 1751 1689 1688
f 1687 1686 1637
f 1637 1686 1697
f 1637 1697 1638
f 1638 1697 1696
f 1638 1696 1639
f 1639 1696 1695
f 1639 1695 1640
f 1640 1695 1694
f 1640 1694 1618
f 1618 1694 1619
f 1619 1694 1693
f 1619 1693 1664
f 1693 1743 1664
f 1664 1743 1698
f 1664 1698 1709
f 1704 1703 1753
f 1703 1702 1753
f 1753 1702 1701
f 1753 1701 1743
f 1743 1701 1700
f 1743 1700 1699
f 1705 1641 1706
f 1706 1641 1662
f 1706 1662 1707
f 1662 1661 1707
f 1707 1661 1660
f 1707 1660 1708
f 1708 1660 1642
f 1708 1642 1709
f 1709 1642 1659
f 1709 1659 1664
f 1753 1643 1644
f 1705 1704 1641
f 1641 1704 1753
f 1641 1753 1663
f 1663 1753 1644
f 1685 1684 1753
f 1753 1684 1683
f 1643 1753 1645
f 1645 1753 1683
f 1645 1683 1646
f 1646 1683 1682
f 1646 1682 1681
f 1681 1680 1646
f 1646 1680 1679
f 1646 1679 1648
f 1679 1678 1648
f 1648 1678 1677
f 1648 1677 1649
f 1649 1677 1676
f 1649 1676 1754
f 1754 1676 1675
f 1754 1675 1674
f 1652 1651 1754
f 1754 1651 1650
f 1754 1650 1649
f 1730 1729 1754
f 1725 1724 1744
f 1724 1723 1744
f 1744 1723 1722
f 1744 1722 1746
f 1722 1733 1746
f 1746 1733 1732
f 1746 1732 1754
f 1754 1732 1731
f 1754 1731 1730
f 1729 1728 1754
f 1754 1728 1653
f 1754 1653 1652
f 1728 1727 1653
f 1653 1727 1726
f 1653 1726 1654
f 1620 1657 1744
f 1744 1657 1658
f 1744 1658 1656
f 1726 1725 1654
f 1654 1725 1744
f 1654 1744 1655
f 1655 1744 1656
f 1669 1668 1751
f 1751 1668 1745
f 1751 1745 1743
f 1743 1745 1746
f 1743 1746 1753
f 1753 1746 1754
f 1753 1754 1685
f 1685 1754 1674
f 1672 1615 1752
f 1752 1615 1734
f 1752 1734 1750
f 1734 1742 1750
f 1750 1742 1741
f 1750 1741 1749
f 1749 1741 1740
f 1740 1739 1749
f 1749 1739 1738
f 1749 1738 1748
f 1490 1673 1735
f 1735 1673 1747
f 1735 1747 1736
f 1736 1747 1748
f 1736 1748 1737
f 1737 1748 1738

