# https://github.com/mikedh/trimesh

o distal_phalanx_Link.STL
v 3.29999995 3.89999986 11.13508511
v 3.29999995 3.89999986 9.86491489
v 3.29999995 5.00000000 11.77017021
v 3.29999995 5.00000000 9.22982979
v 3.29999995 6.09999990 11.13508511
v 3.29999995 6.09999990 9.86491489
v 8.50421810 -14.50000000 -3.09528232
v 8.37112904 -14.50000000 -3.59197950
v 11.27631092 -14.50000000 -4.10424185
v 8.32631207 -14.50000000 -4.10424185
v 8.37112904 -14.50000000 -4.61650419
v 9.38008785 -14.50000000 -1.84441066
v 9.01648045 -14.50000000 -2.20801830
v 8.72153664 -14.50000000 -2.62924170
v 10.76404953 -14.50000000 -1.19905889
v 10.26735210 -14.50000000 -1.33214843
v 9.80131149 -14.50000000 -1.54946673
v 12.28527069 -14.50000000 -1.33214843
v 11.78857327 -14.50000000 -1.19905889
v 11.27631092 -14.50000000 -1.15424168
v 13.53614235 -14.50000000 -2.20801830
v 13.17253494 -14.50000000 -1.84441066
v 12.75131130 -14.50000000 -1.54946673
v 14.18149471 -14.50000000 -3.59197950
v 14.04840469 -14.50000000 -3.09528232
v 13.83108616 -14.50000000 -2.62924170
v 14.04840469 -14.50000000 -5.11320114
v 14.18149471 -14.50000000 -4.61650419
v 14.22631168 -14.50000000 -4.10424185
v 13.17253494 -14.50000000 -6.36407280
v 13.53614235 -14.50000000 -6.00046539
v 13.83108616 -14.50000000 -5.57924175
v 11.78857327 -14.50000000 -7.00942469
v 12.28527069 -14.50000000 -6.87633514
v 12.75131130 -14.50000000 -6.65901661
v 10.26735210 -14.50000000 -6.87633514
v 10.76404953 -14.50000000 -7.00942469
v 11.27631092 -14.50000000 -7.05424166
v 9.01648045 -14.50000000 -6.00046539
v 9.38008785 -14.50000000 -6.36407280
v 9.80131149 -14.50000000 -6.65901661
v 8.50421810 -14.50000000 -5.11320114
v 8.72153664 -14.50000000 -5.57924175
v -2.77209330 -14.50000000 1.00895941
v -2.90518284 -14.50000000 0.51226211
v -0.00000000 -14.50000000 0.00000000
v -2.95000005 -14.50000000 -0.00000000
v -2.90518284 -14.50000000 -0.51226211
v -1.89622343 -14.50000000 2.25983119
v -2.25983119 -14.50000000 1.89622343
v -2.55477500 -14.50000000 1.47500002
v -0.51226211 -14.50000000 2.90518284
v -1.00895941 -14.50000000 2.77209330
v -1.47500002 -14.50000000 2.55477500
v 1.00895941 -14.50000000 2.77209330
v 0.51226211 -14.50000000 2.90518284
v 0.00000000 -14.50000000 2.95000005
v 2.25983119 -14.50000000 1.89622343
v 1.89622343 -14.50000000 2.25983119
v 1.47500002 -14.50000000 2.55477500
v 2.90518284 -14.50000000 0.51226211
v 2.77209330 -14.50000000 1.00895941
v 2.55477500 -14.50000000 1.47500002
v 2.77209330 -14.50000000 -1.00895941
v 2.90518284 -14.50000000 -0.51226211
v 2.95000005 -14.50000000 0.00000000
v 1.89622343 -14.50000000 -2.25983119
v 2.25983119 -14.50000000 -1.89622343
v 2.55477500 -14.50000000 -1.47500002
v 0.51226211 -14.50000000 -2.90518284
v 1.00895941 -14.50000000 -2.77209330
v 1.47500002 -14.50000000 -2.55477500
v -1.00895941 -14.50000000 -2.77209330
v -0.51226211 -14.50000000 -2.90518284
v 0.00000000 -14.50000000 -2.95000005
v -2.25983119 -14.50000000 -1.89622343
v -1.89622343 -14.50000000 -2.25983119
v -1.47500002 -14.50000000 -2.55477500
v -2.77209330 -14.50000000 -1.00895941
v -2.55477500 -14.50000000 -1.47500002
v 2.77209330 14.50000000 1.00895941
v 2.90518284 14.50000000 0.51226211
v 0.00000000 14.50000000 0.00000000
v 2.95000005 14.50000000 -0.00000000
v 2.90518284 14.50000000 -0.51226211
v 1.89622343 14.50000000 2.25983119
v 2.25983119 14.50000000 1.89622343
v 2.55477500 14.50000000 1.47500002
v 0.51226211 14.50000000 2.90518284
v 1.00895941 14.50000000 2.77209330
v 1.47500002 14.50000000 2.55477500
v -1.00895941 14.50000000 2.77209330
v -0.51226211 14.50000000 2.90518284
v 0.00000000 14.50000000 2.95000005
v -2.25983119 14.50000000 1.89622343
v -1.89622343 14.50000000 2.25983119
v -1.47500002 14.50000000 2.55477500
v -2.90518284 14.50000000 0.51226211
v -2.77209330 14.50000000 1.00895941
v -2.55477500 14.50000000 1.47500002
v -2.77209330 14.50000000 -1.00895941
v -2.90518284 14.50000000 -0.51226211
v -2.95000005 14.50000000 0.00000000
v -1.89622343 14.50000000 -2.25983119
v -2.25983119 14.50000000 -1.89622343
v -2.55477500 14.50000000 -1.47500002
v -0.51226211 14.50000000 -2.90518284
v -1.00895941 14.50000000 -2.77209330
v -1.47500002 14.50000000 -2.55477500
v 1.00895941 14.50000000 -2.77209330
v 0.51226211 14.50000000 -2.90518284
v -0.00000000 14.50000000 -2.95000005
v 2.25983119 14.50000000 -1.89622343
v 1.89622343 14.50000000 -2.25983119
v 1.47500002 14.50000000 -2.55477500
v 2.77209330 14.50000000 -1.00895941
v 2.55477500 14.50000000 -1.47500002
v 14.04840469 14.50000000 -3.09528232
v 14.18149471 14.50000000 -3.59197950
v 11.27631092 14.50000000 -4.10424185
v 14.22631168 14.50000000 -4.10424185
v 14.18149471 14.50000000 -4.61650419
v 13.17253494 14.50000000 -1.84441066
v 13.53614235 14.50000000 -2.20801830
v 13.83108616 14.50000000 -2.62924170
v 11.78857327 14.50000000 -1.19905889
v 12.28527069 14.50000000 -1.33214843
v 12.75131130 14.50000000 -1.54946673
v 10.26735210 14.50000000 -1.33214843
v 10.76404953 14.50000000 -1.19905889
v 11.27631092 14.50000000 -1.15424168
v 9.01648045 14.50000000 -2.20801830
v 9.38008785 14.50000000 -1.84441066
v 9.80131149 14.50000000 -1.54946673
v 8.37112904 14.50000000 -3.59197950
v 8.50421810 14.50000000 -3.09528232
v 8.72153664 14.50000000 -2.62924170
v 8.50421810 14.50000000 -5.11320114
v 8.37112904 14.50000000 -4.61650419
v 8.32631207 14.50000000 -4.10424185
v 9.38008785 14.50000000 -6.36407280
v 9.01648045 14.50000000 -6.00046539
v 8.72153664 14.50000000 -5.57924175
v 10.76404953 14.50000000 -7.00942469
v 10.26735210 14.50000000 -6.87633514
v 9.80131149 14.50000000 -6.65901661
v 12.28527069 14.50000000 -6.87633514
v 11.78857327 14.50000000 -7.00942469
v 11.27631092 14.50000000 -7.05424166
v 13.53614235 14.50000000 -6.00046539
v 13.17253494 14.50000000 -6.36407280
v 12.75131130 14.50000000 -6.65901661
v 14.04840469 14.50000000 -5.11320114
v 13.83108616 14.50000000 -5.57924175
v 4.69999981 3.89999986 9.86491489
v 4.69999981 5.00000000 9.22982979
v 4.69999981 3.89999986 11.13508511
v 4.69999981 5.00000000 11.77017021
v 4.69999981 6.09999990 11.13508511
v 4.69999981 6.09999990 9.86491489
v 8.02631092 -14.19999981 -4.10424185
v 8.07568645 -14.19999981 -3.53988504
v 8.22231102 -14.19999981 -2.99267626
v 8.46172905 -14.19999981 -2.47924161
v 8.78666687 -14.19999981 -2.01518202
v 9.18725109 -14.19999981 -1.61459732
v 9.65131187 -14.19999981 -1.28965914
v 10.16474628 -14.19999981 -1.05024076
v 10.71195507 -14.19999981 -0.90361655
v 11.27631092 -14.19999981 -0.85424173
v 11.84066772 -14.19999981 -0.90361655
v 12.38787746 -14.19999981 -1.05024076
v 12.90131187 -14.19999981 -1.28965914
v 13.36537075 -14.19999981 -1.61459732
v 13.76595592 -14.19999981 -2.01518202
v 14.09089375 -14.19999981 -2.47924161
v 14.33031273 -14.19999981 -2.99267626
v 14.47693634 -14.19999981 -3.53988504
v 14.52631092 -14.19999981 -4.10424185
v 14.47693634 -14.19999981 -4.66859865
v 14.33031273 -14.19999981 -5.21580744
v 14.09089375 -14.19999981 -5.72924185
v 13.76595592 -14.19999981 -6.19330168
v 13.36537075 -14.19999981 -6.59388638
v 12.90131187 -14.19999981 -6.91882420
v 12.38787746 -14.19999981 -7.15824270
v 11.84066772 -14.19999981 -7.30486679
v 11.27631092 -14.19999981 -7.35424185
v 10.71195507 -14.19999981 -7.30486679
v 10.16474628 -14.19999981 -7.15824270
v 9.65131187 -14.19999981 -6.91882420
v 9.18725109 -14.19999981 -6.59388638
v 8.78666687 -14.19999981 -6.19330168
v 8.46172905 -14.19999981 -5.72924185
v 8.22231102 -14.19999981 -5.21580744
v 8.07568645 -14.19999981 -4.66859865
v -3.25000000 -14.19999981 0.00000000
v -3.20062542 -14.19999981 0.56435657
v -3.05400085 -14.19999981 1.11156547
v -2.81458259 -14.19999981 1.62500000
v -2.48964429 -14.19999981 2.08905959
v -2.08905959 -14.19999981 2.48964429
v -1.62500000 -14.19999981 2.81458259
v -1.11156547 -14.19999981 3.05400085
v -0.56435657 -14.19999981 3.20062542
v 0.00000000 -14.19999981 3.25000000
v 0.56435657 -14.19999981 3.20062542
v 1.11156547 -14.19999981 3.05400085
v 1.62500000 -14.19999981 2.81458259
v 2.08905959 -14.19999981 2.48964429
v 2.48964429 -14.19999981 2.08905959
v 2.81458259 -14.19999981 1.62500000
v 3.05400085 -14.19999981 1.11156547
v 3.20062542 -14.19999981 0.56435657
v 3.25000000 -14.19999981 0.00000000
v 3.20062542 -14.19999981 -0.56435657
v 3.05400085 -14.19999981 -1.11156547
v 2.81458259 -14.19999981 -1.62500000
v 2.48964429 -14.19999981 -2.08905959
v 2.08905959 -14.19999981 -2.48964429
v 1.62500000 -14.19999981 -2.81458259
v 1.11156547 -14.19999981 -3.05400085
v 0.56435657 -14.19999981 -3.20062542
v 0.00000000 -14.19999981 -3.25000000
v -0.56435657 -14.19999981 -3.20062542
v -1.11156547 -14.19999981 -3.05400085
v -1.62500000 -14.19999981 -2.81458259
v -2.08905959 -14.19999981 -2.48964429
v -2.48964429 -14.19999981 -2.08905959
v -2.81458259 -14.19999981 -1.62500000
v -3.05400085 -14.19999981 -1.11156547
v -3.20062542 -14.19999981 -0.56435657
v 3.25000000 14.19999981 0.00000000
v 3.20062542 14.19999981 0.56435657
v 3.05400085 14.19999981 1.11156547
v 2.81458259 14.19999981 1.62500000
v 2.48964429 14.19999981 2.08905959
v 2.08905959 14.19999981 2.48964429
v 1.62500000 14.19999981 2.81458259
v 1.11156547 14.19999981 3.05400085
v 0.56435657 14.19999981 3.20062542
v 0.00000000 14.19999981 3.25000000
v -0.56435657 14.19999981 3.20062542
v -1.11156547 14.19999981 3.05400085
v -1.62500000 14.19999981 2.81458259
v -2.08905959 14.19999981 2.48964429
v -2.48964429 14.19999981 2.08905959
v -2.81458259 14.19999981 1.62500000
v -3.05400085 14.19999981 1.11156547
v -3.20062542 14.19999981 0.56435657
v -3.25000000 14.19999981 0.00000000
v -3.20062542 14.19999981 -0.56435657
v -3.05400085 14.19999981 -1.11156547
v -2.81458259 14.19999981 -1.62500000
v -2.48964429 14.19999981 -2.08905959
v -2.08905959 14.19999981 -2.48964429
v -1.62500000 14.19999981 -2.81458259
v -1.11156547 14.19999981 -3.05400085
v -0.56435657 14.19999981 -3.20062542
v 0.00000000 14.19999981 -3.25000000
v 0.56435657 14.19999981 -3.20062542
v 1.11156547 14.19999981 -3.05400085
v 1.62500000 14.19999981 -2.81458259
v 2.08905959 14.19999981 -2.48964429
v 2.48964429 14.19999981 -2.08905959
v 2.81458259 14.19999981 -1.62500000
v 3.05400085 14.19999981 -1.11156547
v 3.20062542 14.19999981 -0.56435657
v 14.52631092 14.19999981 -4.10424185
v 14.47693634 14.19999981 -3.53988504
v 14.33031273 14.19999981 -2.99267626
v 14.09089375 14.19999981 -2.47924161
v 13.76595592 14.19999981 -2.01518202
v 13.36537075 14.19999981 -1.61459732
v 12.90131187 14.19999981 -1.28965914
v 12.38787746 14.19999981 -1.05024076
v 11.84066772 14.19999981 -0.90361655
v 11.27631092 14.19999981 -0.85424173
v 10.71195507 14.19999981 -0.90361655
v 10.16474628 14.19999981 -1.05024076
v 9.65131187 14.19999981 -1.28965914
v 9.18725109 14.19999981 -1.61459732
v 8.78666687 14.19999981 -2.01518202
v 8.46172905 14.19999981 -2.47924161
v 8.22231102 14.19999981 -2.99267626
v 8.07568645 14.19999981 -3.53988504
v 8.02631092 14.19999981 -4.10424185
v 8.07568645 14.19999981 -4.66859865
v 8.22231102 14.19999981 -5.21580744
v 8.46172905 14.19999981 -5.72924185
v 8.78666687 14.19999981 -6.19330168
v 9.18725109 14.19999981 -6.59388638
v 9.65131187 14.19999981 -6.91882420
v 10.16474628 14.19999981 -7.15824270
v 10.71195507 14.19999981 -7.30486679
v 11.27631092 14.19999981 -7.35424185
v 11.84066772 14.19999981 -7.30486679
v 12.38787746 14.19999981 -7.15824270
v 12.90131187 14.19999981 -6.91882420
v 13.36537075 14.19999981 -6.59388638
v 13.76595592 14.19999981 -6.19330168
v 14.09089375 14.19999981 -5.72924185
v 14.33031273 14.19999981 -5.21580744
v 14.47693634 14.19999981 -4.66859865
v 4.69999981 7.20499277 11.66097927
v 4.69999981 7.16925335 11.73806477
v 4.69999981 2.79500747 9.33902073
v 4.69999981 2.83074665 9.26193523
v 4.69999981 5.21890497 8.01004601
v 4.69999981 5.36819410 8.03673553
v 4.69999981 5.63665581 8.08472919
v 4.69999981 5.66540384 8.09502220
v 4.69999981 6.39079952 8.42449093
v 4.69999981 6.50964975 8.51798153
v 4.69999981 7.16659784 9.26698112
v 4.69999981 7.20331287 9.32408524
v 4.69999981 5.96056128 8.20069504
v 4.69999981 6.03421354 8.22706413
v 4.69999981 6.24466801 8.34358406
v 4.69999981 6.70443773 8.67120647
v 4.69999981 6.74755478 8.71854305
v 4.69999981 6.81151628 8.78876400
v 4.69999981 6.97340250 8.96649170
v 4.69999981 7.00258923 9.01188660
v 4.69999981 4.78109550 12.98995399
v 4.69999981 4.63180685 12.96326542
v 4.69999981 4.36334467 12.91527081
v 4.69999981 4.33459711 12.90497875
v 4.69999981 7.30010891 9.54945755
v 4.69999981 7.36906099 9.70999908
v 4.69999981 7.40395260 9.84968472
v 4.69999981 3.66178918 8.39052200
v 4.69999981 3.86916280 8.28310013
v 4.69999981 4.42965937 8.06794548
v 4.69999981 4.46235943 8.06284046
v 4.69999981 4.77539444 8.01396942
v 4.69999981 3.60920048 12.57550907
v 4.69999981 3.49035096 12.48201942
v 4.69999981 3.18726993 12.20990372
v 4.69999981 3.02659726 12.03350830
v 4.69999981 7.03817034 11.93207073
v 4.69999981 6.94625282 12.06811142
v 4.69999981 6.84325838 12.17735767
v 4.69999981 6.67591572 12.35485744
v 4.69999981 6.63443756 12.38613129
v 4.69999981 6.39697742 12.56516933
v 4.69999981 6.33821058 12.60947800
v 4.69999981 7.45740414 10.95162678
v 4.69999981 7.42356825 11.07381535
v 4.69999981 4.03821325 8.19553089
v 4.69999981 4.15745163 8.15666676
v 4.69999981 4.82251644 8.00661182
v 4.69999981 5.07291555 8.00878048
v 4.69999981 2.99641705 11.98656654
v 4.69999981 2.83236837 11.73141193
v 4.69999981 2.79668689 11.67591476
v 4.69999981 2.69911599 11.44873810
v 4.69999981 2.63093925 11.29000092
v 4.69999981 2.59556746 11.14839363
v 4.69999981 6.13083267 12.71690178
v 4.69999981 5.96178675 12.80446911
v 4.69999981 5.84254408 12.84333420
v 4.69999981 2.50000000 10.50000000
v 4.69999981 2.50105739 10.42916584
v 4.69999981 4.03943920 12.79930496
v 4.69999981 3.96578670 12.77293682
v 4.69999981 3.75533295 12.65641689
v 4.69999981 3.29556251 12.32879353
v 4.69999981 3.25244570 12.28145790
v 4.69999981 5.22460079 12.98603249
v 4.69999981 5.17748356 12.99338818
v 4.69999981 4.92708540 12.99121857
v 4.69999981 7.50000000 10.50000000
v 4.69999981 7.49894285 10.57083416
v 4.69999981 7.47616196 10.77966785
v 4.69999981 2.96182942 9.06792927
v 4.69999981 3.05374765 8.93188953
v 4.69999981 3.15674210 8.82264233
v 4.69999981 3.32408428 8.64514256
v 4.69999981 3.36555934 8.61387157
v 4.69999981 3.60301948 8.43483257
v 4.69999981 2.53323841 10.89886951
v 4.69999981 2.52815938 10.83792114
v 4.69999981 2.50446844 10.55362225
v 4.69999981 2.52383804 10.22033215
v 4.69999981 2.54259634 10.04837227
v 4.69999981 2.57643175 9.92618465
v 4.69999981 5.57034111 12.93205357
v 4.69999981 5.53763628 12.93716049
v 4.69999981 7.46676207 10.10113144
v 4.69999981 7.47167826 10.16013050
v 4.69999981 7.49537325 10.44447517
v 4.69999981 7.34399843 11.36115837
v 4.69999981 7.33869886 11.37258911
v 4.69999981 2.65600109 9.63884163
v 4.69999981 2.66130090 9.62740993
v 11.27631092 -8.25000000 -0.85424173
v 11.84066772 -8.25000000 -0.90361655
v 12.38787746 -8.25000000 -1.05024076
v 12.90131187 -8.25000000 -1.28965914
v 13.36537075 -8.25000000 -1.61459732
v 13.76595592 -8.25000000 -2.01518202
v 14.09089375 -8.25000000 -2.47924161
v 14.33031273 -8.25000000 -2.99267626
v 14.47693634 -8.25000000 -3.53988504
v 14.52631092 -8.25000000 -4.10424185
v 14.47693634 -8.25000000 -4.66859865
v 14.33031273 -8.25000000 -5.21580744
v 14.09089375 -8.25000000 -5.72924185
v 13.76595592 -8.25000000 -6.19330168
v 13.36537075 -8.25000000 -6.59388638
v 12.90131187 -8.25000000 -6.91882420
v 12.38787746 -8.25000000 -7.15824270
v 11.84066772 -8.25000000 -7.30486679
v 11.27631092 -8.25000000 -7.35424185
v 10.71195507 -8.25000000 -7.30486679
v 10.16474628 -8.25000000 -7.15824270
v 9.65131187 -8.25000000 -6.91882420
v 9.18725109 -8.25000000 -6.59388638
v 8.78666687 -8.25000000 -6.19330168
v 8.46172905 -8.25000000 -5.72924185
v 8.22231102 -8.25000000 -5.21580744
v 8.07568645 -8.25000000 -4.66859865
v 8.02631092 -8.25000000 -4.10424185
v 8.07568645 -8.25000000 -3.53988504
v 8.22231102 -8.25000000 -2.99267626
v 8.46172905 -8.25000000 -2.47924161
v 8.78666687 -8.25000000 -2.01518202
v 9.18725109 -8.25000000 -1.61459732
v 9.65131187 -8.25000000 -1.28965914
v 10.16474628 -8.25000000 -1.05024076
v 10.71195507 -8.25000000 -0.90361655
v 0.00000000 -8.25000000 3.25000000
v 0.56435657 -8.25000000 3.20062542
v 1.11156547 -8.25000000 3.05400085
v 1.62500000 -8.25000000 2.81458259
v 2.08905959 -8.25000000 2.48964429
v 2.48964429 -8.25000000 2.08905959
v 2.81458259 -8.25000000 1.62500000
v 3.05400085 -8.25000000 1.11156547
v 3.20062542 -8.25000000 0.56435657
v 3.25000000 -8.25000000 -0.00000000
v 3.20062542 -8.25000000 -0.56435657
v 3.05400085 -8.25000000 -1.11156547
v 2.81458259 -8.25000000 -1.62500000
v 2.48964429 -8.25000000 -2.08905959
v 2.08905959 -8.25000000 -2.48964429
v 1.62500000 -8.25000000 -2.81458259
v 1.11156547 -8.25000000 -3.05400085
v 0.56435657 -8.25000000 -3.20062542
v 0.00000000 -8.25000000 -3.25000000
v -0.56435657 -8.25000000 -3.20062542
v -1.11156547 -8.25000000 -3.05400085
v -1.62500000 -8.25000000 -2.81458259
v -2.08905959 -8.25000000 -2.48964429
v -2.48964429 -8.25000000 -2.08905959
v -2.81458259 -8.25000000 -1.62500000
v -3.05400085 -8.25000000 -1.11156547
v -3.20062542 -8.25000000 -0.56435657
v -3.25000000 -8.25000000 -0.00000000
v -3.20062542 -8.25000000 0.56435657
v -3.05400085 -8.25000000 1.11156547
v -2.81458259 -8.25000000 1.62500000
v -2.48964429 -8.25000000 2.08905959
v -2.08905959 -8.25000000 2.48964429
v -1.62500000 -8.25000000 2.81458259
v -1.11156547 -8.25000000 3.05400085
v -0.56435657 -8.25000000 3.20062542
v 1.29999995 6.64446211 11.09853458
v 1.29999995 6.72341394 10.80388355
v 1.29999995 5.00000000 10.50000000
v 1.29999995 6.75000000 10.50000000
v 1.29999995 6.72341394 10.19611549
v 1.29999995 6.12487841 11.84057808
v 1.29999995 6.34057760 11.62487793
v 1.29999995 6.51554441 11.37500000
v 1.29999995 5.30388451 12.22341347
v 1.29999995 5.59853506 12.14446259
v 1.29999995 5.87500000 12.01554489
v 1.29999995 4.40146494 12.14446259
v 1.29999995 4.69611597 12.22341347
v 1.29999995 5.00000000 12.25000000
v 1.29999995 3.65942216 11.62487793
v 1.29999995 3.87512159 11.84057808
v 1.29999995 4.12500000 12.01554489
v 1.29999995 3.27658653 10.80388355
v 1.29999995 3.35553789 11.09853458
v 1.29999995 3.48445559 11.37500000
v 1.29999995 3.35553789 9.90146446
v 1.29999995 3.27658653 10.19611549
v 1.29999995 3.25000000 10.50000000
v 1.29999995 3.87512159 9.15942287
v 1.29999995 3.65942216 9.37512112
v 1.29999995 3.48445559 9.62500000
v 1.29999995 4.69611597 8.77658653
v 1.29999995 4.40146494 8.85553741
v 1.29999995 4.12500000 8.98445606
v 1.29999995 5.59853506 8.85553741
v 1.29999995 5.30388451 8.77658653
v 1.29999995 5.00000000 8.75000000
v 1.29999995 6.34057760 9.37512112
v 1.29999995 6.12487841 9.15942287
v 1.29999995 5.87500000 8.98445606
v 1.29999995 6.64446211 9.90146446
v 1.29999995 6.51554441 9.62500000
v 1.29999995 -3.35553789 11.09853458
v 1.29999995 -3.27658653 10.80388355
v 1.29999995 -5.00000000 10.50000000
v 1.29999995 -3.25000000 10.50000000
v 1.29999995 -3.27658653 10.19611549
v 1.29999995 -3.87512159 11.84057808
v 1.29999995 -3.65942216 11.62487793
v 1.29999995 -3.48445559 11.37500000
v 1.29999995 -4.69611597 12.22341347
v 1.29999995 -4.40146494 12.14446259
v 1.29999995 -4.12500000 12.01554489
v 1.29999995 -5.59853506 12.14446259
v 1.29999995 -5.30388451 12.22341347
v 1.29999995 -5.00000000 12.25000000
v 1.29999995 -6.34057760 11.62487793
v 1.29999995 -6.12487841 11.84057808
v 1.29999995 -5.87500000 12.01554489
v 1.29999995 -6.72341394 10.80388355
v 1.29999995 -6.64446211 11.09853458
v 1.29999995 -6.51554441 11.37500000
v 1.29999995 -6.64446211 9.90146446
v 1.29999995 -6.72341394 10.19611549
v 1.29999995 -6.75000000 10.50000000
v 1.29999995 -6.12487841 9.15942287
v 1.29999995 -6.34057760 9.37512112
v 1.29999995 -6.51554441 9.62500000
v 1.29999995 -5.30388451 8.77658653
v 1.29999995 -5.59853506 8.85553741
v 1.29999995 -5.87500000 8.98445606
v 1.29999995 -4.40146494 8.85553741
v 1.29999995 -4.69611597 8.77658653
v 1.29999995 -5.00000000 8.75000000
v 1.29999995 -3.65942216 9.37512112
v 1.29999995 -3.87512159 9.15942287
v 1.29999995 -4.12500000 8.98445606
v 1.29999995 -3.35553789 9.90146446
v 1.29999995 -3.48445559 9.62500000
v -5.50000000 -8.25000000 -0.00000000
v -5.50000000 -8.25000000 5.90000010
v -5.50000000 8.25000000 -0.00000000
v -5.50000000 8.25000000 5.90000010
v -5.41644287 8.25000000 -0.95506495
v -5.41644287 -8.25000000 -0.95506495
v -5.16830921 8.25000000 -1.88111079
v -5.16830921 -8.25000000 -1.88111079
v -4.76313972 8.25000000 -2.75000000
v -4.76313972 -8.25000000 -2.75000000
v -4.21324444 8.25000000 -3.53533196
v -4.21324444 -8.25000000 -3.53533196
v -3.53533196 8.25000000 -4.21324444
v -3.53533196 -8.25000000 -4.21324444
v -2.75000000 8.25000000 -4.76313972
v -2.75000000 -8.25000000 -4.76313972
v -1.88111079 8.25000000 -5.16830921
v -1.88111079 -8.25000000 -5.16830921
v -3.20062542 8.25000000 0.56435657
v -3.05400085 8.25000000 1.11156547
v -2.81458259 8.25000000 1.62500000
v -2.48964429 8.25000000 2.08905959
v -2.08905959 8.25000000 2.48964429
v -1.62500000 8.25000000 2.81458259
v -1.11156547 8.25000000 3.05400085
v -0.56435657 8.25000000 3.20062542
v -0.00000000 8.25000000 3.25000000
v 0.56435657 8.25000000 3.20062542
v 1.11156547 8.25000000 3.05400085
v 1.62500000 8.25000000 2.81458259
v 2.08905959 8.25000000 2.48964429
v 2.48964429 8.25000000 2.08905959
v 2.81458259 8.25000000 1.62500000
v 3.05400085 8.25000000 1.11156547
v 3.20062542 8.25000000 0.56435657
v 3.25000000 8.25000000 0.00000000
v 3.20062542 8.25000000 -0.56435657
v 3.05400085 8.25000000 -1.11156547
v 2.81458259 8.25000000 -1.62500000
v 2.48964429 8.25000000 -2.08905959
v 2.08905959 8.25000000 -2.48964429
v 1.62500000 8.25000000 -2.81458259
v 1.11156547 8.25000000 -3.05400085
v 0.56435657 8.25000000 -3.20062542
v 0.00000000 8.25000000 -3.25000000
v -0.56435657 8.25000000 -3.20062542
v -1.11156547 8.25000000 -3.05400085
v -1.62500000 8.25000000 -2.81458259
v -2.08905959 8.25000000 -2.48964429
v -2.48964429 8.25000000 -2.08905959
v -2.81458259 8.25000000 -1.62500000
v -3.05400085 8.25000000 -1.11156547
v -3.20062542 8.25000000 -0.56435657
v -3.25000000 8.25000000 0.00000000
v 8.07568645 8.25000000 -3.53988504
v 8.22231102 8.25000000 -2.99267626
v 8.46172905 8.25000000 -2.47924161
v 8.78666687 8.25000000 -2.01518202
v 9.18725109 8.25000000 -1.61459732
v 9.65131187 8.25000000 -1.28965914
v 10.16474628 8.25000000 -1.05024076
v 10.71195507 8.25000000 -0.90361655
v 11.27631092 8.25000000 -0.85424173
v 11.84066772 8.25000000 -0.90361655
v 12.38787746 8.25000000 -1.05024076
v 12.90131187 8.25000000 -1.28965914
v 13.36537075 8.25000000 -1.61459732
v 13.76595592 8.25000000 -2.01518202
v 14.09089375 8.25000000 -2.47924161
v 14.33031273 8.25000000 -2.99267626
v 14.47693634 8.25000000 -3.53988504
v 14.52631092 8.25000000 -4.10424185
v 14.47693634 8.25000000 -4.66859865
v 14.33031273 8.25000000 -5.21580744
v 14.09089375 8.25000000 -5.72924185
v 13.76595592 8.25000000 -6.19330168
v 13.36537075 8.25000000 -6.59388638
v 12.90131187 8.25000000 -6.91882420
v 12.38787746 8.25000000 -7.15824270
v 11.84066772 8.25000000 -7.30486679
v 11.27631092 8.25000000 -7.35424185
v 10.71195507 8.25000000 -7.30486679
v 10.16474628 8.25000000 -7.15824270
v 9.65131187 8.25000000 -6.91882420
v 9.18725109 8.25000000 -6.59388638
v 8.78666687 8.25000000 -6.19330168
v 8.46172905 8.25000000 -5.72924185
v 8.22231102 8.25000000 -5.21580744
v 8.07568645 8.25000000 -4.66859865
v 8.02631092 8.25000000 -4.10424185
v 20.67323685 3.75000000 -4.27444315
v 20.67323685 8.25000000 -4.27444315
v 21.23759460 3.75000000 -4.32381773
v 21.23759460 8.25000000 -4.32381773
v 21.78480339 3.75000000 -4.47044182
v 21.78480339 8.25000000 -4.47044182
v 22.29823685 3.75000000 -4.70986080
v 22.29823685 8.25000000 -4.70986080
v 22.76229668 3.75000000 -5.03479862
v 22.76229668 8.25000000 -5.03479862
v 23.16288185 3.75000000 -5.43538332
v 23.16288185 8.25000000 -5.43538332
v 23.48781967 3.75000000 -5.89944315
v 23.48781967 8.25000000 -5.89944315
v 23.72723770 3.75000000 -6.41287756
v 23.72723770 8.25000000 -6.41287756
v 23.87386322 3.75000000 -6.96008635
v 23.87386322 8.25000000 -6.96008635
v 23.92323685 3.75000000 -7.52444315
v 23.92323685 8.25000000 -7.52444315
v 23.87386322 3.75000000 -8.08880043
v 23.87386322 8.25000000 -8.08880043
v 23.72723770 3.75000000 -8.63600922
v 23.72723770 8.25000000 -8.63600922
v 23.48781967 3.75000000 -9.14944363
v 23.48781967 8.25000000 -9.14944363
v 23.16288185 3.75000000 -9.61350250
v 23.16288185 8.25000000 -9.61350250
v 22.76229668 3.75000000 -10.01408768
v 22.76229668 8.25000000 -10.01408768
v 22.29823685 3.75000000 -10.33902550
v 22.29823685 8.25000000 -10.33902550
v 21.78480339 3.75000000 -10.57844448
v 21.78480339 8.25000000 -10.57844448
v 21.23759460 3.75000000 -10.72506809
v 21.23759460 8.25000000 -10.72506809
v 20.67323685 3.75000000 -10.77444267
v 20.67323685 8.25000000 -10.77444267
v 20.10888100 3.75000000 -10.72506809
v 20.10888100 8.25000000 -10.72506809
v 19.56167221 3.75000000 -10.57844448
v 19.56167221 8.25000000 -10.57844448
v 19.04823875 3.75000000 -10.33902550
v 19.04823875 8.25000000 -10.33902550
v 18.58417892 3.75000000 -10.01408768
v 18.58417892 8.25000000 -10.01408768
v 18.18359184 3.75000000 -9.61350250
v 18.18359184 8.25000000 -9.61350250
v 17.85865402 3.75000000 -9.14944363
v 17.85865402 8.25000000 -9.14944363
v 17.61923790 3.75000000 -8.63600922
v 17.61923790 8.25000000 -8.63600922
v 17.47261238 3.75000000 -8.08880043
v 17.47261238 8.25000000 -8.08880043
v 17.42323685 3.75000000 -7.52444315
v 17.42323685 8.25000000 -7.52444315
v 17.47261238 3.75000000 -6.96008635
v 17.47261238 8.25000000 -6.96008635
v 17.61923790 3.75000000 -6.41287756
v 17.61923790 8.25000000 -6.41287756
v 17.85865402 3.75000000 -5.89944315
v 17.85865402 8.25000000 -5.89944315
v 18.18359184 3.75000000 -5.43538332
v 18.18359184 8.25000000 -5.43538332
v 18.58417892 3.75000000 -5.03479862
v 18.58417892 8.25000000 -5.03479862
v 19.04823875 3.75000000 -4.70986080
v 19.04823875 8.25000000 -4.70986080
v 19.56167221 3.75000000 -4.47044182
v 19.56167221 8.25000000 -4.47044182
v 20.10888100 3.75000000 -4.32381773
v 20.10888100 8.25000000 -4.32381773
v 14.34818459 -3.75000000 -6.37778234
v 14.34818459 3.75000000 -6.37778234
v 14.62133408 3.75000000 -6.22324181
v 14.62133408 -3.75000000 -6.22324181
v 14.86694527 3.75000000 -6.02787399
v 14.86694527 -3.75000000 -6.02787399
v 15.07896996 3.75000000 -5.79648924
v 15.07896996 -3.75000000 -5.79648924
v 15.25218773 3.75000000 -5.53478575
v 15.25218773 -3.75000000 -5.53478575
v 15.38233376 3.75000000 -5.24920702
v 15.38233376 -3.75000000 -5.24920702
v 8.69043064 -3.75000000 -9.01603603
v 8.69043064 3.75000000 -9.01603603
v 17.42323685 -8.25000000 -7.52444315
v 17.42323685 -3.75000000 -7.52444315
v 17.47261238 -8.25000000 -6.96008635
v 17.47261238 -3.75000000 -6.96008635
v 17.61923790 -8.25000000 -6.41287756
v 17.61923790 -3.75000000 -6.41287756
v 17.85865402 -8.25000000 -5.89944315
v 17.85865402 -3.75000000 -5.89944315
v 18.18359184 -8.25000000 -5.43538332
v 18.18359184 -3.75000000 -5.43538332
v 18.58417892 -8.25000000 -5.03479862
v 18.58417892 -3.75000000 -5.03479862
v 19.04823875 -8.25000000 -4.70986080
v 19.04823875 -3.75000000 -4.70986080
v 19.56167221 -8.25000000 -4.47044182
v 19.56167221 -3.75000000 -4.47044182
v 20.10888100 -8.25000000 -4.32381773
v 20.10888100 -3.75000000 -4.32381773
v 20.67323685 -8.25000000 -4.27444315
v 20.67323685 -3.75000000 -4.27444315
v 21.23759460 -8.25000000 -4.32381773
v 21.23759460 -3.75000000 -4.32381773
v 21.78480339 -8.25000000 -4.47044182
v 21.78480339 -3.75000000 -4.47044182
v 22.29823685 -8.25000000 -4.70986080
v 22.29823685 -3.75000000 -4.70986080
v 22.76229668 -8.25000000 -5.03479862
v 22.76229668 -3.75000000 -5.03479862
v 23.16288185 -8.25000000 -5.43538332
v 23.16288185 -3.75000000 -5.43538332
v 23.48781967 -8.25000000 -5.89944315
v 23.48781967 -3.75000000 -5.89944315
v 23.72723770 -8.25000000 -6.41287756
v 23.72723770 -3.75000000 -6.41287756
v 23.87386322 -8.25000000 -6.96008635
v 23.87386322 -3.75000000 -6.96008635
v 23.92323685 -8.25000000 -7.52444315
v 23.92323685 -3.75000000 -7.52444315
v 23.87386322 -8.25000000 -8.08880043
v 23.87386322 -3.75000000 -8.08880043
v 23.72723770 -8.25000000 -8.63600922
v 23.72723770 -3.75000000 -8.63600922
v 23.48781967 -8.25000000 -9.14944363
v 23.48781967 -3.75000000 -9.14944363
v 23.16288185 -8.25000000 -9.61350250
v 23.16288185 -3.75000000 -9.61350250
v 22.76229668 -8.25000000 -10.01408768
v 22.76229668 -3.75000000 -10.01408768
v 22.29823685 -8.25000000 -10.33902550
v 22.29823685 -3.75000000 -10.33902550
v 21.78480339 -8.25000000 -10.57844448
v 21.78480339 -3.75000000 -10.57844448
v 21.23759460 -8.25000000 -10.72506809
v 21.23759460 -3.75000000 -10.72506809
v 20.67323685 -8.25000000 -10.77444267
v 20.67323685 -3.75000000 -10.77444267
v 20.10888100 -8.25000000 -10.72506809
v 20.10888100 -3.75000000 -10.72506809
v 19.56167221 -8.25000000 -10.57844448
v 19.56167221 -3.75000000 -10.57844448
v 19.04823875 -8.25000000 -10.33902550
v 19.04823875 -3.75000000 -10.33902550
v 18.58417892 -8.25000000 -10.01408768
v 18.58417892 -3.75000000 -10.01408768
v 18.18359184 -8.25000000 -9.61350250
v 18.18359184 -3.75000000 -9.61350250
v 17.85865402 -8.25000000 -9.14944363
v 17.85865402 -3.75000000 -9.14944363
v 17.61923790 -8.25000000 -8.63600922
v 17.61923790 -3.75000000 -8.63600922
v 17.47261238 -8.25000000 -8.08880043
v 17.47261238 -3.75000000 -8.08880043
v 18.79212570 -3.75000000 -12.69275188
v 18.79212570 -8.25000000 -12.69275188
v 18.79212570 3.75000000 -12.69275188
v 18.79212570 8.25000000 -12.69275188
v 4.50000000 7.66417503 10.93034267
v 4.50000000 7.65482187 10.96781158
v 4.54233027 7.65753174 10.96301556
v 4.54233027 7.10586452 12.18705940
v 4.54233027 7.20728779 12.05071163
v 4.50000000 7.20147991 12.04702759
v 4.69784307 7.54227066 10.50000000
v 4.54233027 7.69453192 10.65162754
v 4.54233027 7.68123102 10.80279827
v 4.58469677 7.67524147 10.80212212
v 4.54229593 7.69871950 10.50000000
v 4.53738785 7.69930410 10.50000000
v 4.65606642 7.65166140 10.64921570
v 4.65590477 7.65588665 10.50000000
v 4.64409733 7.66650534 10.50000000
v 4.58469677 7.65159512 10.96198177
v 4.54233027 3.23384976 12.54047775
v 4.54233027 3.10974574 12.42653656
v 4.58469677 3.11396837 12.42223263
v 4.54233027 3.03658223 12.35183716
v 4.58469677 3.04096818 12.34770012
v 4.54233027 2.44699144 11.36657715
v 4.54233027 2.39641714 11.20194435
v 4.58469677 2.40223312 11.20037651
v 4.69930410 2.46261239 10.50000000
v 4.59888697 2.31087303 10.50000000
v 4.60485363 2.31319118 10.50000000
v 4.60496950 2.31355190 10.55798149
v 4.62059927 2.31930900 10.50000000
v 4.62382269 2.32113671 10.50000000
v 4.63828039 2.32933307 10.50000000
v 4.64108562 2.33193159 10.55758572
v 4.54233027 2.30165505 10.55823803
v 4.54227066 2.30215693 10.50000000
v 4.56473303 2.30330324 10.50000000
v 4.69900751 2.45829391 10.55485725
v 4.69871950 2.45770407 10.50000000
v 4.66852188 2.35904408 10.50000000
v 4.67733574 2.37277651 10.50000000
v 4.67905617 2.37671208 10.55661869
v 4.68706131 2.39504290 10.50000000
v 4.69451666 2.42244840 10.50000000
v 4.62393188 2.32160139 10.55780792
v 4.62393188 2.32961607 10.71048164
v 4.60496950 2.33860826 10.86359119
v 4.58469677 2.30768275 10.55810833
v 4.58469677 2.31573939 10.71157551
v 4.54233027 2.30972981 10.71204948
v 4.58454704 2.30769491 10.50000000
v 4.66650534 2.35590267 10.50000000
v 4.66872358 2.35956311 10.55698872
v 4.66872358 2.36746430 10.70749855
v 4.67905617 2.40117931 10.85504246
v 4.62393188 2.41566277 11.19675541
v 4.60496950 2.40789604 11.19884968
v 4.62393188 2.37581635 11.03065968
v 4.62393188 2.34658265 10.86250114
v 4.58469677 2.36217952 11.03341770
v 4.54233027 2.35627413 11.03461170
v 4.58469677 2.33279395 10.86438560
v 4.69900751 2.48200035 10.84400177
v 4.69900751 2.54755497 11.16119671
v 4.67905617 2.46883845 11.18241882
v 4.66872358 2.41300964 11.02313900
v 4.66872358 2.38419032 10.85736370
v 4.62393188 2.46586323 11.36017036
v 4.60496950 2.51870108 11.52327061
v 4.58469677 2.45269442 11.36464024
v 4.67905617 2.57703805 11.49921322
v 4.66872358 2.50178027 11.34797955
v 4.66872358 2.45229125 11.18688011
v 4.54233027 2.50771284 11.52780151
v 4.58469677 2.51328015 11.52550602
v 4.54233027 2.57699943 11.68226910
v 4.58469677 2.58241200 11.67962837
v 4.54233027 2.65555763 11.83217621
v 4.58469677 2.66079473 11.82919979
v 4.60496950 2.66589379 11.82630253
v 4.69900751 2.65239000 11.46813869
v 4.69900751 2.79165220 11.75484371
v 4.67905617 2.72077036 11.79512024
v 4.66872358 2.62899804 11.65689754
v 4.66872358 2.56119847 11.50574398
v 4.62393188 2.52613592 11.52020454
v 4.62393188 2.59491014 11.67352962
v 4.62393188 2.67288756 11.82232857
v 4.62393188 2.75696564 11.96157837
v 4.64108562 2.33991551 10.70967007
v 4.64108562 2.35681653 10.86110306
v 4.64108562 2.38593769 11.02861309
v 4.64108562 2.42563033 11.19406796
v 4.64108562 2.47563696 11.35685253
v 4.64108562 2.53567696 11.51626968
v 4.64108562 2.60418606 11.66900349
v 4.64108562 2.68186307 11.81722832
v 4.64108562 2.76561666 11.95594215
v 4.67905617 2.89345813 12.06259823
v 4.66872358 2.78875685 11.94086361
v 4.66872358 2.70587039 11.80358696
v 4.60496950 3.04523873 12.34367180
v 4.60496950 2.84273934 12.10021973
v 4.62393188 2.94651055 12.21987247
v 4.62393188 2.84920335 12.09542561
v 4.64108562 2.85749865 12.08927250
v 4.58469677 2.93583941 12.22881031
v 4.54233027 2.93121791 12.23268127
v 4.58469677 2.83802652 12.10371590
v 4.69900751 2.95896935 12.01400280
v 4.69900751 3.15055847 12.24433804
v 4.67905617 3.16232491 12.37294865
v 4.66872358 3.07871819 12.31209564
v 4.67905617 3.09119654 12.30032635
v 4.66872358 2.97561502 12.19549561
v 4.66872358 2.87968683 12.07281303
v 4.69900751 3.21947479 12.31470108
v 4.69900751 3.46000028 12.52166653
v 4.65606642 3.67357230 12.79836750
v 4.64108562 3.66725111 12.80932045
v 4.65606642 3.52933574 12.70967674
v 4.64108562 3.52232718 12.72020721
v 4.65606642 3.39110565 12.61211014
v 4.64108562 3.38343835 12.62217522
v 4.65606642 3.26194906 12.50801373
v 4.64108562 3.25366640 12.51758289
v 4.65606642 3.13981962 12.39588451
v 4.62393188 3.66209126 12.81826115
v 4.62393188 3.51660609 12.72880363
v 4.62393188 3.37717938 12.63039207
v 4.60496950 3.37230229 12.63679409
v 4.60496950 3.65807033 12.82522869
v 4.58469677 3.50889754 12.74038696
v 4.58469677 3.65513873 12.83030891
v 4.54233027 3.65212774 12.83552551
v 4.67905617 3.41057062 12.58655643
v 4.67905617 3.68962002 12.77056026
v 4.66872358 3.53763032 12.69721413
v 4.66872358 3.68105364 12.78540421
v 4.64108562 3.05861235 12.33105850
v 4.64108562 3.13095498 12.40492058
v 4.62393188 3.24690509 12.52539349
v 4.62393188 3.81304574 12.89852524
v 4.64108562 3.81762362 12.88927460
v 4.65606642 3.82323170 12.87794209
v 4.69900751 3.73037148 12.69994831
v 4.69900751 4.02137661 12.84325886
v 4.66872358 3.82986903 12.86453056
v 4.67905617 3.98996615 12.91847134
v 4.66872358 3.98336315 12.93428135
v 4.60496950 4.28394890 13.08734131
v 4.60496950 3.96564746 12.97670078
v 4.62393188 4.12575960 13.02928829
v 4.62393188 3.96874690 12.96927834
v 4.64108562 3.97272396 12.95975590
v 4.54233027 3.96106720 12.98766804
v 4.58469677 3.96338797 12.98211002
v 4.54233027 4.11924887 13.04812336
v 4.58469677 4.12121630 13.04243088
v 4.54233027 4.28077745 13.09879971
v 4.58469677 4.28238487 13.09299374
v 4.54233027 4.43986034 13.13831806
v 4.66872358 4.13815022 12.99343967
v 4.67905617 4.30078363 13.02651119
v 4.66872358 4.29621315 13.04302692
v 4.65606642 4.60726881 13.12572575
v 4.64108562 4.60539722 13.13823891
v 4.65606642 4.44877195 13.09634304
v 4.64108562 4.44614506 13.10871601
v 4.65606642 4.29222059 13.05745220
v 4.64108562 4.28884745 13.06964016
v 4.65606642 4.13326168 13.00758266
v 4.64108562 4.12913132 13.01953316
v 4.65606642 3.97759676 12.94808960
v 4.62393188 4.60386944 13.14845371
v 4.62393188 4.44400072 13.11881638
v 4.62393188 4.28609419 13.07958889
v 4.60496950 4.60267878 13.15641308
v 4.58469677 4.44111156 13.13242531
v 4.58469677 4.60181046 13.16221619
v 4.54233027 4.60091925 13.16817665
v 4.69900751 4.32252884 12.94793892
v 4.69900751 4.62408590 13.01328945
v 4.66872358 4.45188093 13.08169937
v 4.67905617 4.61201954 13.09395885
v 4.66872358 4.60948372 13.11091614
v 4.62393188 4.76242733 13.16801548
v 4.64108562 4.76334381 13.15772533
v 4.65606642 4.76446629 13.14511967
v 4.66872358 4.76579475 13.13020134
v 4.67905617 4.92340088 13.12275410
v 4.66872358 4.92290020 13.13990021
v 4.60496950 5.24197245 13.17568970
v 4.60496950 4.92155695 13.18590164
v 4.62393188 5.08165836 13.17774487
v 4.62393188 4.92179203 13.17785358
v 4.64108562 4.92209339 13.16752529
v 4.65606642 4.92246294 13.15487385
v 4.64108562 5.08134365 13.16741753
v 4.62393188 5.24124718 13.16767311
v 4.54233027 4.92120934 13.19779587
v 4.58469677 4.92138577 13.19176865
v 4.54233027 5.08226633 13.19768620
v 4.58469677 5.08208227 13.19166088
v 4.54233027 5.24304390 13.18753910
v 4.58469677 5.24250078 13.18153572
v 4.54233027 5.41273260 13.16603661
v 4.69900751 4.92578316 13.04118919
v 4.69900751 5.22893524 13.03152752
v 4.66872358 5.08050108 13.13979244
v 4.67905617 5.23628330 13.11278248
v 4.66872358 5.23782778 13.12986279
v 4.66872358 5.40387535 13.10882282
v 4.67905617 5.56467962 13.06048679
v 4.66872358 5.56837130 13.07722569
v 4.54233027 5.74786663 13.09060097
v 4.58469677 5.57953882 13.12786293
v 4.58469677 5.74619579 13.08481407
v 4.60496950 5.57827520 13.12213516
v 4.60496950 5.90793753 13.02587986
v 4.69900751 5.54711866 12.98085785
v 4.69900751 5.85901928 12.88978958
v 4.66872358 5.73181677 13.03500462
v 4.67905617 5.88659096 12.96649456
v 4.66872358 5.89238691 12.98261929
v 4.62393188 6.06273413 12.95590591
v 4.60496950 6.21976519 12.89111710
v 4.62393188 5.40968180 13.14632988
v 4.62393188 5.57654285 13.11427784
v 4.62393188 5.74233866 13.07145119
v 4.62393188 5.90521717 13.01831150
v 4.54233027 5.91195774 13.03706551
v 4.58469677 5.90992117 13.03139877
v 4.54233027 6.07064772 12.97419453
v 4.58469677 6.06825638 12.96866798
v 4.54233027 6.22516680 12.90170670
v 4.58469677 6.22243023 12.89634132
v 4.54233027 6.37093687 12.82217312
v 4.66872358 6.04767132 12.92109776
v 4.67905617 6.19108725 12.83489990
v 4.66872358 6.19887400 12.85016441
v 4.60496950 6.50488472 12.72418118
v 4.58469677 6.36787415 12.81698704
v 4.58469677 6.50817251 12.72904015
v 4.54233027 6.51154900 12.73403168
v 4.69900751 6.15404606 12.76228809
v 4.69900751 6.42380381 12.60434532
v 4.66872358 6.34151602 12.77233982
v 4.67905617 6.46950388 12.67188931
v 4.66872358 6.47911072 12.68608761
v 4.62393188 6.21611023 12.88395309
v 4.62393188 6.36080265 12.80500793
v 4.62393188 6.50037575 12.71751690
v 4.62393188 6.63015413 12.62483597
v 4.60496950 6.75930738 12.53066826
v 4.58469677 6.63862562 12.63587761
v 4.54233027 6.64229393 12.64065933
v 4.66872358 6.60704947 12.59471989
v 4.67905617 6.71794510 12.48292637
v 4.66872358 6.72917557 12.49588966
v 4.54233027 6.76709843 12.53966141
v 4.58469677 6.76315069 12.53510571
v 4.54233027 6.88501930 12.43165302
v 4.58469677 6.88080835 12.42733860
v 4.60496950 6.98719311 12.30853462
v 4.69900751 6.66451883 12.42125893
v 4.69900751 6.88012648 12.21109295
v 4.66872358 6.84456587 12.39019871
v 4.67905617 6.94047308 12.26601410
v 4.66872358 6.95315838 12.27755928
v 4.54233027 6.99599361 12.31654263
v 4.58469677 6.99153519 12.31248474
v 4.58469677 7.10116005 12.18328953
v 4.58469677 7.20235729 12.04724693
v 4.60496950 7.19755650 12.04387474
v 4.60496950 7.09657955 12.17962074
v 4.66872358 7.06067181 12.15085411
v 4.67905617 7.14589071 12.00757694
v 4.66872358 7.15991879 12.01743221
v 4.65606642 7.26458740 11.88378906
v 4.64108562 7.27537918 11.89038372
v 4.65606642 7.17217016 12.02604008
v 4.64108562 7.18252182 12.03331184
v 4.65606642 7.07235956 12.16021729
v 4.64108562 7.08223581 12.16812897
v 4.65606642 6.96423674 12.28764153
v 4.64108562 6.97359753 12.29616070
v 4.65606642 6.85502815 12.40092087
v 4.64108562 6.86386824 12.40997982
v 4.65606642 6.73898411 12.50721073
v 4.64108562 6.74727106 12.51677513
v 4.65606642 6.61616516 12.60660076
v 4.64108562 6.62386703 12.61664009
v 4.65606642 6.48750019 12.69848728
v 4.64108562 6.49458933 12.70896435
v 4.65606642 6.34912491 12.78522778
v 4.64108562 6.35555410 12.79611778
v 4.65606642 6.20567417 12.86349487
v 4.64108562 6.21142006 12.87475777
v 4.65606642 6.05361414 12.93482971
v 4.64108562 6.05863476 12.94643307
v 4.65606642 5.89744902 12.99670029
v 4.64108562 5.90172529 13.00859928
v 4.65606642 5.73596811 13.04938412
v 4.64108562 5.73947525 13.06153393
v 4.65606642 5.57159519 13.09184361
v 4.64108562 5.57431889 13.10419559
v 4.65606642 5.40616608 13.12361908
v 4.64108562 5.40810156 13.13612270
v 4.65606642 5.23917723 13.14478016
v 4.64108562 5.24031687 13.15738392
v 4.65606642 5.08095741 13.15476608
v 4.62393188 6.75403595 12.52458477
v 4.62393188 6.87108517 12.41737461
v 4.62393188 6.98123932 12.30311489
v 4.62393188 7.09029818 12.17458725
v 4.62393188 7.19097185 12.03924847
v 4.62393188 7.28418922 11.89576626
v 4.69900751 7.07915497 11.96069241
v 4.69900751 7.24738312 11.68298149
v 4.66872358 7.25181484 11.87598419
v 4.67905617 7.31951809 11.72095203
v 4.66872358 7.33468103 11.72893333
v 4.60496950 7.51469946 11.43834400
v 4.60496950 7.37536430 11.75034809
v 4.62393188 7.44250917 11.59322548
v 4.62393188 7.36824703 11.74660206
v 4.64108562 7.35911322 11.74179363
v 4.54233027 7.38588333 11.75588512
v 4.58469677 7.38055372 11.75307941
v 4.54233027 7.46069860 11.60136700
v 4.58469677 7.45520163 11.59890652
v 4.54233027 7.52583551 11.44249916
v 4.58469677 7.52019310 11.44039440
v 4.54233027 7.57992458 11.28352737
v 4.66872358 7.40789127 11.57773113
v 4.67905617 7.45557737 11.41628265
v 4.66872358 7.47163010 11.42227268
v 4.65606642 7.58248615 11.11174774
v 4.64108562 7.59479332 11.11466217
v 4.65606642 7.53887749 11.27106094
v 4.64108562 7.55097675 11.27473545
v 4.65606642 7.48564959 11.42750359
v 4.64108562 7.49749517 11.43192387
v 4.65606642 7.42154884 11.58384418
v 4.64108562 7.43308878 11.58900928
v 4.65606642 7.34792376 11.73590374
v 4.62393188 7.60483980 11.11704254
v 4.62393188 7.56085348 11.27773476
v 4.62393188 7.50716448 11.43553257
v 4.60496950 7.61266804 11.11889744
v 4.58469677 7.57416105 11.28177738
v 4.58469677 7.61837626 11.12024975
v 4.54233027 7.62423849 11.12163830
v 4.69900751 7.37921095 11.38778782
v 4.69900751 7.47190142 11.08555126
v 4.66872358 7.52455807 11.26671219
v 4.67905617 7.55124283 11.10434628
v 4.66872358 7.56792068 11.10829735
v 4.62393188 7.63788748 10.95959282
v 4.64108562 7.62771320 10.95781994
v 4.65606642 7.61525011 10.95564842
v 4.69900751 7.52558565 10.78522110
v 4.69230556 7.58454704 10.50000000
v 4.68710756 7.58781242 10.79224777
v 4.69297838 7.56767321 10.78997326
v 4.68710756 7.53280544 11.09997940
v 4.69297838 7.51309395 11.09530926
v 4.68710756 7.43783140 11.40966034
v 4.69297838 7.41885900 11.40258217
v 4.68710756 7.30275536 11.71212864
v 4.69297838 7.28483391 11.70269489
v 4.68710756 7.13038254 11.99668217
v 4.69297838 7.11380291 11.98503494
v 4.68710756 6.92644978 12.25325203
v 4.69297838 6.91145706 12.23960686
v 4.68710756 6.70553017 12.46859646
v 4.69297838 6.69225693 12.45327568
v 4.68710756 6.45888424 12.65619373
v 4.69297838 6.44753027 12.63941383
v 4.68710756 6.18248034 12.81802750
v 4.69297838 6.17327738 12.79998684
v 4.68710756 5.88018417 12.94867039
v 4.69297838 5.87333393 12.92961407
v 4.68710756 5.56059933 13.04198360
v 4.69297838 5.55623579 13.02220058
v 4.68710756 5.23457575 13.09390068
v 4.69297838 5.23274994 13.07371330
v 4.68710756 4.92395449 13.10379982
v 4.69297838 4.92454624 13.08353615
v 4.68710756 4.61482382 13.07521248
v 4.69297838 4.61782122 13.05517197
v 4.68710756 4.30583668 13.00825310
v 4.69297838 4.31123877 12.98873234
v 4.68710756 3.99726534 12.90099335
v 4.69297838 4.00506878 12.88230801
v 4.68710756 3.69908953 12.75415134
v 4.69297838 3.70921397 12.73660946
v 4.68710756 3.42205691 12.57147694
v 4.69297838 3.43433714 12.55535603
v 4.68710756 3.17560506 12.35941219
v 4.69297838 3.18980360 12.34494209
v 4.68710756 3.10499072 12.28731632
v 4.69297838 3.11973882 12.27340603
v 4.68710756 2.90868163 12.05130577
v 4.69297838 2.92495704 12.03923225
v 4.68710756 2.73724174 11.78576088
v 4.69297838 2.75485182 11.77575397
v 4.68710756 2.59454823 11.49199200
v 4.69297838 2.61326861 11.48427200
v 4.68710756 2.48713017 11.17748737
v 4.69297838 2.50668669 11.17221546
v 4.68710756 2.41996050 10.85247612
v 4.69297838 2.44003963 10.84973431
v 4.68710756 2.39566994 10.55620861
v 4.69297838 2.41593814 10.55577183
v 4.66872358 7.60049963 10.95307922
v 4.67905617 7.60664988 10.79437637
v 4.66872358 7.62369013 10.79629993
v 4.64108562 7.66429806 10.64992619
v 4.62722349 7.67733574 10.50000000
v 4.62393188 7.67461395 10.65050697
v 4.60496950 7.66940975 10.80146313
v 4.62393188 7.66141129 10.80056000
v 4.64108562 7.65114641 10.79940033
v 4.65606642 7.63857222 10.79798031
v 4.58469677 7.68851233 10.65128899
v 4.57755136 7.69451666 10.50000000
v 4.62383318 7.67883253 10.50000000
v 4.60495710 7.68706179 10.50000000
v 4.58459377 7.69260120 10.50000000
v 4.69669724 7.56473351 10.50000000
v 4.65352440 2.34146905 10.50000000
v 4.65588665 2.34409547 10.50000000
v 4.65606642 2.34458590 10.55731201
v 4.66242838 2.35136962 10.50000000
v 4.50000000 2.30115581 10.57696342
v 4.50000000 2.30087471 10.55825710
v 4.50000000 2.29999995 10.50000000
v 4.50000000 2.33258414 10.86459827
v 4.54233027 2.32682252 10.86520100
v 4.50000000 2.34394050 10.96853065
v 4.50000000 2.51268721 11.52544785
v 4.50000000 2.46864605 11.43049717
v 4.50000000 2.46641874 11.42245960
v 4.50000000 2.40467739 11.19964886
v 4.50000000 2.34609270 10.98822784
v 4.50000000 2.65509892 11.83247852
v 4.50000000 2.65743208 11.83750820
v 4.58469677 2.74530959 11.96917439
v 4.54233027 2.74026155 11.97246361
v 4.50000000 2.66457558 11.84807682
v 4.54233027 2.83318615 12.10730648
v 4.50000000 2.89832807 12.19391060
v 4.50000000 2.83774400 12.10427856
v 4.50000000 3.04223824 12.34650230
v 4.50000000 2.93480039 12.23258400
v 4.66872358 3.40018010 12.60019779
v 4.66872358 3.27175212 12.49668789
v 4.66872358 3.15031147 12.38519192
v 4.65606642 3.06782031 12.32237339
v 4.65606642 2.96413255 12.20511341
v 4.65606642 2.86766028 12.08173370
v 4.65606642 2.77621436 11.94903660
v 4.65606642 2.69285774 11.81098080
v 4.65606642 2.61554933 11.66345882
v 4.65606642 2.54736543 11.51144981
v 4.65606642 2.48760986 11.35278988
v 4.65606642 2.43784046 11.19077682
v 4.65606642 2.39833593 11.02610588
v 4.65606642 2.36935306 10.85939026
v 4.65606642 2.35253215 10.70867538
v 4.50000000 3.37037778 12.63923836
v 4.50000000 3.26875210 12.56264305
v 4.50000000 3.19035888 12.50355911
v 4.50000000 3.11399174 12.42258453
v 4.50000000 3.55513573 12.77849007
v 4.54233027 3.36509442 12.64625740
v 4.58469677 3.23779511 12.53591919
v 4.60496950 3.11807966 12.41804314
v 4.50000000 3.65486979 12.83013153
v 4.54233027 3.50555897 12.74540138
v 4.58469677 3.36874628 12.64146233
v 4.60496950 3.24163651 12.53148079
v 4.62393188 3.12371826 12.41229534
v 4.62393188 3.05109596 12.33814812
v 4.64108562 2.95443034 12.21323967
v 4.58469677 3.80687785 12.91098881
v 4.54233027 3.80420661 12.91638660
v 4.50000000 3.96170378 12.98900795
v 4.50000000 4.07971191 13.02744961
v 4.50000000 4.28254414 13.09352112
v 4.50000000 4.38446951 13.12672329
v 4.50000000 4.53257847 13.14982033
v 4.50000000 4.60209751 13.16066170
v 4.58469677 4.76119280 13.18188000
v 4.54233027 4.76065826 13.18788433
v 4.50000000 4.80876875 13.19289207
v 4.50000000 4.92111969 13.19189930
v 4.50000000 4.99992228 13.19120312
v 4.50000000 5.23688173 13.18910789
v 4.50000000 5.24303961 13.18800640
v 4.50000000 5.46687603 13.14794922
v 4.50000000 5.57980156 13.12774086
v 4.50000000 5.68804407 13.10836983
v 4.54233027 5.58083630 13.13374615
v 4.58469677 5.41181087 13.16008091
v 4.50000000 5.90913248 13.02917385
v 4.50000000 5.91928720 13.02553654
v 4.50000000 6.11737156 12.95457935
v 4.50000000 6.22224140 12.89649487
v 4.50000000 6.34468651 12.82867622
v 4.50000000 6.50243044 12.74130630
v 4.50000000 7.13156080 12.15581799
v 4.50000000 7.06321526 12.23087883
v 4.50000000 6.99010038 12.31117630
v 4.50000000 6.84112453 12.47478867
v 4.50000000 6.76391745 12.53554344
v 4.50000000 6.73045444 12.56187439
v 4.50000000 6.51154137 12.73413658
v 4.58469677 7.29605913 11.90301991
v 4.54233027 7.30119991 11.90616131
v 4.50000000 7.33107805 11.84537792
v 4.50000000 7.37979889 11.76957226
v 4.50000000 7.38567591 11.75588131
v 4.50000000 7.52110386 11.44041634
v 4.50000000 7.52975225 11.42026997
v 4.50000000 7.55873156 11.35276604
v 4.50000000 7.61688614 11.11979008
v 4.50000000 7.67483473 10.80229473
v 4.66268635 7.63141584 10.79717255
v 4.50000000 7.69999981 10.50000000
v 4.68912697 7.59888697 10.50000000
v 4.68069077 7.62059927 10.50000000
v 4.67886353 7.62382269 10.50000000
v 4.67066717 7.63828039 10.50000000
v 4.66241503 7.64864588 10.50000000
v 4.65853071 7.65352440 10.50000000
v 4.66872358 7.64039040 10.44099236
v 4.54233027 2.30546832 10.34837246
v 4.66268635 2.36858416 10.20282745
v 4.65606642 2.36142778 10.20201969
v 4.65606642 2.38474989 10.04435158
v 4.66872358 2.74818540 9.12401581
v 4.66872358 2.66531873 9.27106667
v 4.65606642 2.65207624 9.26409531
v 4.65606642 3.14497018 8.59908104
v 4.65606642 3.03576279 8.71235847
v 4.64108562 3.02640224 8.70383930
v 4.58469677 4.91791534 7.80833960
v 4.58469677 5.07861519 7.80823088
v 4.60496950 5.07844400 7.81409836
v 4.58469677 5.23880768 7.81811953
v 4.58469677 5.39819002 7.83778334
v 4.60496950 5.39732218 7.84358740
v 4.54233027 6.76615095 8.45952320
v 4.54233027 6.89025497 8.57346439
v 4.58469677 6.88603258 8.57776737
v 4.54233027 6.96208429 8.64674664
v 4.58469677 6.95770073 8.65088558
v 4.54233027 7.55231905 9.63140869
v 4.54233027 7.60301828 9.79599285
v 4.58469677 7.59720325 9.79756546
v 4.69900751 7.54166126 10.44319820
v 4.67905617 7.62324190 10.44137573
v 4.65606642 7.65536737 10.44065762
v 4.64108562 7.66802120 10.44037437
v 4.58469677 7.69226933 10.43983269
v 4.54233027 7.69829702 10.43969822
v 4.60496950 7.68640089 10.43996429
v 4.68710756 7.60428429 10.44180012
v 4.69297838 7.58401632 10.44225216
v 4.62393188 7.67835140 10.44014359
v 4.62393188 7.67021322 10.28745174
v 4.60496950 7.66109657 10.13432312
v 4.58469677 7.68408918 10.28634739
v 4.54233027 7.69009829 10.28586864
v 4.66872358 7.63236713 10.29046345
v 4.67905617 7.59853220 10.14292145
v 4.62393188 7.58377647 9.80119705
v 4.60496950 7.59154129 9.79909706
v 4.62393188 7.62375546 9.96727276
v 4.62393188 7.65312338 10.13541985
v 4.58469677 7.63739014 9.96450424
v 4.54233027 7.64329433 9.96330547
v 4.58469677 7.66691065 10.13352489
v 4.69900751 7.51772070 10.15402603
v 4.69900751 7.45191288 9.83685970
v 4.67905617 7.53061295 9.81557560
v 4.66872358 7.58656836 9.97482300
v 4.66872358 7.61551952 10.14058685
v 4.62393188 7.53345251 9.63782883
v 4.60496950 7.48049307 9.47477722
v 4.58469677 7.54661751 9.63334846
v 4.67905617 7.42217541 9.49888134
v 4.66872358 7.49754524 9.65004921
v 4.66872358 7.54715586 9.81110191
v 4.54233027 7.49147797 9.47023773
v 4.58469677 7.48591232 9.47253799
v 4.54233027 7.42208529 9.31584740
v 4.58469677 7.41667509 9.31849289
v 4.54233027 7.34342670 9.16602421
v 4.58469677 7.33819246 9.16900349
v 4.60496950 7.33309507 9.17190552
v 4.69900751 7.34684753 9.53001499
v 4.69900751 7.20739126 9.24346161
v 4.67905617 7.27824259 9.20313072
v 4.66872358 7.37010574 9.34125996
v 4.66872358 7.43800974 9.49233723
v 4.62393188 7.47306108 9.47784996
v 4.62393188 7.40418100 9.32460117
v 4.62393188 7.32610416 9.17588520
v 4.62393188 7.24194241 9.03673077
v 4.64108562 7.65991449 10.28827095
v 4.64108562 7.64289045 10.13682556
v 4.64108562 7.61363554 9.96932793
v 4.64108562 7.57381153 9.80389214
v 4.64108562 7.52368164 9.64115334
v 4.64108562 7.46352291 9.48179245
v 4.64108562 7.39490843 9.32913494
v 4.64108562 7.31713295 9.18099213
v 4.64108562 7.23329544 9.04237461
v 4.67905617 7.10539722 8.93584538
v 4.66872358 7.21016645 9.05747032
v 4.66872358 7.29313564 9.19465256
v 4.60496950 6.95343351 8.65491676
v 4.60496950 7.15608788 8.89818573
v 4.62393188 7.05224085 8.77862740
v 4.62393188 7.14962721 8.90298462
v 4.64108562 7.14133692 8.90914440
v 4.58469677 7.06290531 8.76968193
v 4.54233027 7.06752396 8.76580715
v 4.58469677 7.16079807 8.89468575
v 4.69900751 7.03992081 8.98448944
v 4.69900751 6.84818554 8.75432682
v 4.67905617 6.83767605 8.62705231
v 4.66872358 6.91997671 8.68651772
v 4.67905617 6.90750694 8.69829559
v 4.66872358 7.02315378 8.80302429
v 4.66872358 7.11916065 8.92561913
v 4.64108562 6.94006872 8.66753960
v 4.65606642 6.86018085 8.60411549
v 4.64108562 6.86904573 8.59508038
v 4.64108562 6.74633408 8.48241806
v 4.62393188 6.75309563 8.47460651
v 4.62393188 6.62282085 8.36960888
v 4.60496950 6.62769842 8.36320591
v 4.69900751 6.78052568 8.68529892
v 4.69900751 6.54000044 8.47833347
v 4.66872358 6.46236992 8.30278587
v 4.67905617 6.58942986 8.41344357
v 4.67905617 6.31038094 8.22943974
v 4.65606642 6.02240419 8.05191135
v 4.64108562 6.02727652 8.04024506
v 4.65606642 6.17676926 8.12205887
v 4.64108562 6.18237686 8.11072636
v 4.65606642 6.32642794 8.20163345
v 4.64108562 6.33274937 8.19068050
v 4.65606642 6.47066498 8.29032230
v 4.64108562 6.47767353 8.27979279
v 4.65606642 6.60889482 8.38789082
v 4.62393188 6.03125381 8.03072071
v 4.62393188 6.18695498 8.10147572
v 4.62393188 6.33790970 8.18173885
v 4.54233027 6.19579411 8.08361340
v 4.58469677 6.34486246 8.16969204
v 4.58469677 6.19312286 8.08901119
v 4.60496950 6.34193039 8.17477226
v 4.60496950 6.03435326 8.02330017
v 4.69900751 6.26962900 8.30005169
v 4.69900751 5.97862387 8.15674114
v 4.67905617 6.01003504 8.08152962
v 4.66872358 6.17013168 8.13547039
v 4.66872358 6.31894732 8.21459675
v 4.64108562 5.87086916 7.98046684
v 4.62393188 5.71390676 7.92041159
v 4.62393188 5.87424135 7.97071218
v 4.60496950 5.71605206 7.91265917
v 4.62393188 6.48339462 8.27119637
v 4.64108562 6.61656237 8.37782574
v 4.65606642 6.73805141 8.49198723
v 4.54233027 6.03893375 8.01233196
v 4.58469677 6.03661299 8.01788902
v 4.54233027 5.88075161 7.95187616
v 4.58469677 5.87878418 7.95756817
v 4.54233027 5.71922302 7.90120125
v 4.58469677 5.71761656 7.90700579
v 4.54233027 5.56014061 7.86168146
v 4.67905617 5.69921732 7.97348928
v 4.66872358 5.86185026 8.00656033
v 4.66872358 6.01663780 8.06571960
v 4.65606642 5.86673880 7.99241734
v 4.65606642 5.70777988 7.94254780
v 4.64108562 5.71115303 7.93036079
v 4.64108562 5.55385542 7.89128447
v 4.62393188 5.55599976 7.88118410
v 4.62393188 5.39613199 7.85154676
v 4.58469677 5.55888939 7.86757469
v 4.54233027 5.39908171 7.83182287
v 4.69900751 5.67747211 8.05206108
v 4.69900751 5.37591505 7.98671055
v 4.67905617 5.38798094 7.90604115
v 4.66872358 5.54811954 7.91830111
v 4.66872358 5.70378828 7.95697212
v 4.65606642 5.55122900 7.90365696
v 4.65606642 5.39273214 7.87427473
v 4.64108562 5.39460421 7.86176157
v 4.64108562 5.23665667 7.84227419
v 4.62393188 5.23757315 7.83198404
v 4.62393188 5.07820845 7.82214642
v 4.67905617 5.07659960 7.87724543
v 4.66872358 5.23420620 7.86979866
v 4.66872358 5.39051723 7.88908339
v 4.54233027 5.23934221 7.81211519
v 4.54233027 5.07879114 7.80220413
v 4.54233027 4.91773129 7.80231333
v 4.54233027 4.75695133 7.81246138
v 4.69900751 5.07421732 7.95881081
v 4.69900751 4.77106047 7.96847343
v 4.67905617 4.76371193 7.88721800
v 4.66872358 4.91949701 7.86020708
v 4.66872358 5.07710028 7.86009979
v 4.65606642 4.42839956 7.90815687
v 4.64108562 4.42567587 7.89580584
v 4.65606642 4.59382915 7.87638140
v 4.64108562 4.59189320 7.86387825
v 4.65606642 4.76081800 7.85522079
v 4.64108562 4.75967836 7.84261608
v 4.65606642 4.91904068 7.84523392
v 4.64108562 4.91865444 7.83258200
v 4.65606642 5.07753754 7.84512615
v 4.62393188 4.42345190 7.88572264
v 4.62393188 4.59031343 7.85367203
v 4.62393188 4.75874758 7.83232784
v 4.54233027 4.58726263 7.83396435
v 4.58469677 4.75749397 7.81846523
v 4.58469677 4.58818436 7.83992004
v 4.60496950 4.75802279 7.82431126
v 4.60496950 4.42171955 7.87786579
v 4.50000000 4.42019320 7.87226009
v 4.54233027 4.41915846 7.86625385
v 4.58469677 4.42045593 7.87213707
v 4.67905617 4.43531513 7.93951464
v 4.66872358 4.59611988 7.89117908
v 4.66872358 4.76216698 7.87013769
v 4.65606642 5.23553467 7.85487986
v 4.64108562 5.07790756 7.83247423
v 4.62393188 4.91833973 7.82225466
v 4.62393188 4.25765657 7.92855024
v 4.64108562 4.26051998 7.93846798
v 4.65606642 4.26402712 7.95061684
v 4.69900751 4.45287609 8.01914310
v 4.69900751 4.14097643 8.11021233
v 4.67905617 4.11340427 8.03350639
v 4.66872358 4.26817846 7.96499586
v 4.66872358 4.43162394 7.92277622
v 4.62393188 3.78388524 8.11604977
v 4.60496950 3.78023052 8.10888481
v 4.62393188 3.93726158 8.04409695
v 4.60496950 4.09205770 7.97412157
v 4.62393188 4.09477806 7.98168945
v 4.54233027 4.08803701 7.96293545
v 4.58469677 4.09007454 7.96860361
v 4.54233027 3.92934728 8.02580738
v 4.58469677 3.93173885 8.03133488
v 4.54233027 3.77482867 8.09829617
v 4.58469677 3.77756572 8.10366154
v 4.54233027 3.62905884 8.17782879
v 4.67905617 3.80890799 8.16510105
v 4.66872358 3.95232391 8.07890511
v 4.66872358 4.10760784 8.01738262
v 4.62393188 3.63919306 8.19499397
v 4.60496950 3.49511123 8.27582073
v 4.58469677 3.63212156 8.18301582
v 4.69900751 3.84594989 8.23771477
v 4.69900751 3.57619238 8.39565659
v 4.67905617 3.53049207 8.32811260
v 4.66872358 3.65847993 8.22766304
v 4.66872358 3.80112171 8.14983845
v 4.54233027 3.48844671 8.26597118
v 4.58469677 3.49182367 8.27096176
v 4.54233027 3.35770202 8.35934353
v 4.58469677 3.36137056 8.36412525
v 4.54233027 3.23289800 8.46034241
v 4.58469677 3.23684525 8.46489811
v 4.60496950 3.24068904 8.46933460
v 4.67905617 3.28205156 8.51707745
v 4.66872358 3.39294648 8.40528297
v 4.66872358 3.52088547 8.31391430
v 4.64108562 3.13612986 8.59002209
v 4.65606642 3.26101279 8.49279308
v 4.64108562 3.25272536 8.48322773
v 4.65606642 3.38383102 8.39340115
v 4.64108562 3.37612915 8.38336277
v 4.65606642 3.51249599 8.30151558
v 4.64108562 3.50540709 8.29103756
v 4.65606642 3.65087056 8.21477413
v 4.64108562 3.64444137 8.20388412
v 4.65606642 3.79432130 8.13650703
v 4.64108562 3.78857565 8.12524414
v 4.65606642 3.94638157 8.06517124
v 4.64108562 3.94136047 8.05356789
v 4.65606642 4.10254622 8.00330067
v 4.64108562 4.09826946 7.99140263
v 4.62393188 3.49962044 8.28248501
v 4.62393188 3.36984205 8.37516689
v 4.62393188 3.24596024 8.47541904
v 4.62393188 3.12891340 8.58262730
v 4.60496950 3.01280665 8.69146633
v 4.58469677 3.00846529 8.68751526
v 4.58469677 3.11919022 8.57266331
v 4.54233027 3.00400662 8.68345737
v 4.54233027 3.11497927 8.56834793
v 4.62393188 3.01876092 8.69688511
v 4.69900751 3.33547807 8.57874393
v 4.69900751 3.11987376 8.78890705
v 4.67905617 3.05952692 8.73398590
v 4.66872358 3.15543270 8.60980225
v 4.66872358 3.27082062 8.50411415
v 4.65606642 2.92763996 8.83978271
v 4.64108562 2.91776419 8.83187103
v 4.62393188 2.90970230 8.82541180
v 4.60496950 2.90342021 8.82037926
v 4.58469677 2.89883971 8.81670952
v 4.54233027 2.89413571 8.81294155
v 4.67905617 2.85410976 8.99242306
v 4.66872358 2.93932867 8.84914589
v 4.66872358 3.04684162 8.72244167
v 4.69900751 2.92084479 9.03930664
v 4.69900751 2.75261688 9.31701946
v 4.65606642 2.57845140 9.41615677
v 4.64108562 2.56691122 9.41099167
v 4.64108562 2.64088726 9.25820637
v 4.62393188 2.55749083 9.40677452
v 4.62393188 2.63175297 9.25339890
v 4.60496950 2.62463593 9.24965191
v 4.67905617 2.68048215 9.27904797
v 4.67905617 2.54442286 9.58371735
v 4.66872358 2.59210920 9.42226887
v 4.66872358 2.52837014 9.57772732
v 4.60496950 2.38733196 9.88110352
v 4.60496950 2.48530030 9.56165600
v 4.62393188 2.43914628 9.72226429
v 4.62393188 2.49283528 9.56446743
v 4.64108562 2.50250530 9.56807518
v 4.54233027 2.47416425 9.55750084
v 4.58469677 2.47980666 9.55960655
v 4.54233027 2.42007565 9.71647263
v 4.58469677 2.42583871 9.71822262
v 4.54233027 2.37576199 9.87836266
v 4.58469677 2.38162422 9.87975121
v 4.54233027 2.34246826 10.03698444
v 4.69900751 2.62078905 9.61221313
v 4.69900751 2.52809858 9.91444874
v 4.66872358 2.47544217 9.73328781
v 4.67905617 2.44875765 9.89565372
v 4.66872358 2.43207932 9.89170265
v 4.64108562 2.34885359 10.20059967
v 4.64108562 2.37228680 10.04217911
v 4.65606642 2.41751385 9.88825226
v 4.64108562 2.40520692 9.88533688
v 4.65606642 2.46112227 9.72893810
v 4.64108562 2.44902325 9.72526455
v 4.65606642 2.51435065 9.57249546
v 4.62393188 2.33858871 10.19944000
v 4.62393188 2.36211276 10.04040718
v 4.62393188 2.39516020 9.88295746
v 4.60496950 2.33059025 10.19853687
v 4.58469677 2.34840488 10.03801918
v 4.58469677 2.32475853 10.19787788
v 4.54233027 2.31876898 10.19720173
v 4.58469677 2.31148744 10.34871101
v 4.64108562 2.33570194 10.35007381
v 4.62393188 2.32538629 10.34949303
v 4.69900751 2.47441435 10.21477985
v 4.69297838 7.55967665 10.14826107
v 4.68710756 7.57975388 10.14550209
v 4.69297838 7.49277258 9.82580948
v 4.68710756 7.51232433 9.82052135
v 4.69297838 7.38595676 9.51385117
v 4.68710756 7.40467072 9.50611687
v 4.69297838 7.24417591 9.22252274
v 4.68710756 7.26177835 9.21250248
v 4.69297838 7.07391500 8.95923424
v 4.68710756 7.09018135 8.94714928
v 4.69297838 6.87898397 8.72523689
v 4.68710756 6.89372206 8.71131706
v 4.69297838 6.81019735 8.65505791
v 4.68710756 6.82439566 8.64058685
v 4.69297838 6.56566334 8.44464397
v 4.68710756 6.57794380 8.42852211
v 4.69297838 6.29078674 8.26339149
v 4.68710756 6.30091095 8.24584770
v 4.69297838 5.99493170 8.11769295
v 4.68710756 6.00273561 8.09900665
v 4.69297838 5.68876171 8.01126766
v 4.68710756 5.69416380 7.99174690
v 4.69297838 5.38217926 7.94482899
v 4.68710756 5.38517714 7.92478657
v 4.69297838 5.07545424 7.91646338
v 4.68710756 5.07604599 7.89619970
v 4.69297838 4.76724529 7.92628717
v 4.68710756 4.76541948 7.90609980
v 4.69297838 4.44375896 7.97780132
v 4.68710756 4.43939638 7.95801830
v 4.69297838 4.12666130 8.07038784
v 4.68710756 4.11981106 8.05133152
v 4.69297838 3.82671833 8.20001507
v 4.68710756 3.81751561 8.18197536
v 4.69297838 3.55246568 8.36058903
v 4.68710756 3.54111195 8.34380817
v 4.69297838 3.30773997 8.54672813
v 4.68710756 3.29446650 8.53140640
v 4.69297838 3.08854270 8.76039314
v 4.68710756 3.07354999 8.74674892
v 4.69297838 2.88619709 9.01496601
v 4.68710756 2.86961746 9.00331783
v 4.69297838 2.71516562 9.29730511
v 4.68710756 2.69724464 9.28787136
v 4.69297838 2.58114100 9.59741783
v 4.68710756 2.56216860 9.59033871
v 4.69297838 2.48690629 9.90468979
v 4.68710756 2.46719456 9.90002155
v 4.69297838 2.43232703 10.21002579
v 4.68710756 2.41218758 10.20775223
v 4.66872358 2.39950013 10.04692078
v 4.67905617 2.39335012 10.20562458
v 4.66872358 2.37630963 10.20369911
v 4.50000000 7.69909430 10.43967915
v 4.50000000 7.69884396 10.42303658
v 4.50000000 7.66718626 10.13329887
v 4.54233027 7.67288113 10.13270473
v 4.50000000 7.65605974 10.03146935
v 4.50000000 7.48642111 9.47262955
v 4.50000000 7.53135443 9.56950283
v 4.50000000 7.53358126 9.57753944
v 4.50000000 7.59475136 9.79829025
v 4.50000000 7.65390730 10.01177216
v 4.50000000 7.34403419 9.16565228
v 4.50000000 7.34256744 9.16249084
v 4.58469677 7.25359297 9.02912712
v 4.54233027 7.25863838 9.02583313
v 4.50000000 7.33542442 9.15192223
v 4.54233027 7.16563606 8.89109135
v 4.50000000 7.10167217 8.80608940
v 4.50000000 7.16114330 8.89407539
v 4.50000000 6.95642614 8.65208054
v 4.50000000 7.06519985 8.76741695
v 4.66872358 6.59982061 8.39980316
v 4.66872358 6.72824860 8.50331306
v 4.66872358 6.84968948 8.61480808
v 4.65606642 6.93086720 8.67623138
v 4.65606642 7.03462982 8.79339886
v 4.65606642 7.13118076 8.91668987
v 4.65606642 7.22270298 9.04928780
v 4.65606642 7.30614281 9.18724823
v 4.65606642 7.38354969 9.33468819
v 4.65606642 7.45183849 9.48662090
v 4.65606642 7.51171160 9.64522743
v 4.65606642 7.56160402 9.80719376
v 4.65606642 7.60123920 9.97184372
v 4.65606642 7.63035536 10.13854790
v 4.65606642 7.64729881 10.28927517
v 4.50000000 6.62962294 8.36076260
v 4.50000000 6.73124790 8.43735695
v 4.50000000 6.80964136 8.49644184
v 4.50000000 6.88600874 8.57741547
v 4.50000000 6.44486380 8.22150993
v 4.54233027 6.63490629 8.35374355
v 4.58469677 6.76220560 8.46408081
v 4.60496950 6.88192129 8.58195782
v 4.50000000 6.34564781 8.17013645
v 4.54233027 6.49444151 8.25459766
v 4.58469677 6.63125420 8.35853767
v 4.60496950 6.75836420 8.46852016
v 4.62393188 6.87628222 8.58770466
v 4.62393188 6.94758034 8.66044521
v 4.64108562 7.04432535 8.78526592
v 4.54233027 6.34787321 8.16447449
v 4.58469677 6.49110317 8.25961399
v 4.50000000 6.03927374 8.01149845
v 4.50000000 5.92028761 7.97255039
v 4.50000000 5.71745682 7.90647888
v 4.50000000 5.61553049 7.87327719
v 4.50000000 5.46742153 7.85017967
v 4.50000000 4.53312397 7.85205030
v 4.50000000 4.75695562 7.81199455
v 4.50000000 4.76311779 7.81089211
v 4.50000000 5.00007772 7.80879736
v 4.50000000 5.07888126 7.80810070
v 4.50000000 5.19123173 7.80710745
v 4.50000000 5.39790392 7.83933783
v 4.58469677 4.25379896 7.91518784
v 4.54233027 4.25212812 7.90940046
v 4.50000000 4.31195593 7.89162970
v 4.50000000 4.08071327 7.97446346
v 4.50000000 4.09086275 7.97082758
v 4.50000000 3.88262844 8.04541969
v 4.50000000 3.77775383 8.10350800
v 4.50000000 3.65531301 8.17132378
v 4.50000000 3.49756956 8.25869370
v 4.50000000 3.48845506 8.26586723
v 4.50000000 3.26954556 8.43812561
v 4.50000000 3.23607922 8.46446037
v 4.50000000 3.15887523 8.52521133
v 4.50000000 3.00989985 8.68882370
v 4.50000000 2.93678498 8.76912212
v 4.50000000 2.86843896 8.84418297
v 4.65606642 2.73541260 9.11621094
v 4.64108562 2.72462058 9.10961628
v 4.62393188 2.71581101 9.10423279
v 4.60496950 2.80244374 8.95612621
v 4.58469677 2.70394087 9.09698009
v 4.58469677 2.79764271 8.95275307
v 4.54233027 2.69880033 9.09383869
v 4.54233027 2.79271173 8.94928837
v 4.50000000 2.66892219 9.15462112
v 4.50000000 2.79852033 8.95297241
v 4.58469677 2.61944628 9.24692059
v 4.54233027 2.61411643 9.24411488
v 4.50000000 2.62020159 9.23042870
v 4.62393188 2.80902815 8.96075153
v 4.64108562 2.81747842 8.96668816
v 4.65606642 2.82783008 8.97396088
v 4.66872358 2.84008145 8.98256779
v 4.58469677 2.54479814 9.40109348
v 4.54233027 2.53930140 9.39863300
v 4.50000000 2.61432433 9.24411869
v 4.50000000 2.32516527 10.19770432
v 4.50000000 2.33582497 10.06965828
v 4.50000000 2.34517789 10.03218842
v 4.50000000 2.38311410 9.88020897
v 4.50000000 2.44126868 9.64723301
v 4.50000000 2.47024751 9.57973003
v 4.50000000 2.47889614 9.55958366
v 4.65606642 2.34833860 10.35078430
v -5.00000000 -8.75000000 5.90000010
v -5.00000000 -8.75000000 -0.00000000
v -4.92403889 -8.75000000 -0.86824089
v -4.69846344 -8.75000000 -1.71010065
v -4.33012724 -8.75000000 -2.50000000
v -3.83022213 -8.75000000 -3.21393800
v -3.21393800 -8.75000000 -3.83022213
v -2.50000000 -8.75000000 -4.33012724
v -1.71010065 -8.75000000 -4.69846344
v 18.96313858 -8.75000000 -12.22290611
v 19.66845894 -8.25000000 -12.93188381
v 19.75980186 -8.75000000 -12.44029903
v 20.57219887 -8.25000000 -13.02351570
v 20.58138275 -8.75000000 -12.52359867
v 21.47869301 -8.25000000 -12.96514511
v 21.40546989 -8.75000000 -12.47053623
v 22.36321831 -8.25000000 -12.75836754
v 22.20958328 -8.75000000 -12.28255558
v 23.20164490 -8.25000000 -12.40882206
v 22.97179031 -8.75000000 -11.96478748
v 23.97110367 -8.25000000 -11.92604351
v 23.67129707 -8.75000000 -11.52589798
v 24.65060425 -8.25000000 -11.32320023
v 24.28902435 -8.75000000 -10.97785854
v 25.22161293 -8.25000000 -10.61673737
v 24.80812454 -8.75000000 -10.33561993
v 25.66855431 -8.25000000 -9.82592487
v 25.21443367 -8.75000000 -9.61669922
v 25.97923660 -8.25000000 -8.97233391
v 25.49687195 -8.75000000 -8.84070683
v 26.14518356 -8.25000000 -8.07924747
v 25.64773369 -8.75000000 -8.02881050
v 26.16187096 -8.25000000 -7.17102766
v 25.66290474 -8.75000000 -7.20315647
v 26.02884293 -8.25000000 -6.27244854
v 25.54197121 -8.75000000 -6.38626671
v 25.74972725 -8.25000000 -5.40802050
v 25.28822899 -8.75000000 -5.60042286
v 25.33213997 -8.25000000 -4.60132313
v 24.90860367 -8.75000000 -4.86706114
v 24.78746796 -8.25000000 -3.87436032
v 24.41344833 -8.75000000 -4.20618629
v 24.13057137 -8.25000000 -3.24696255
v 23.81626892 -8.75000000 -3.63582444
v 23.37936783 -8.25000000 -2.73624349
v 23.13335609 -8.75000000 -3.17153430
v 22.55434990 -8.25000000 -2.35613370
v 22.38333702 -8.75000000 -2.82598019
v 24.36626625 -8.75000000 -6.87326241
v 24.19708443 -8.75000000 -6.24186802
v 23.92083168 -8.75000000 -5.64944315
v 23.54590416 -8.75000000 -5.11398935
v 23.08369064 -8.75000000 -4.65177631
v 22.54823875 -8.75000000 -4.27684784
v 21.95581245 -8.75000000 -4.00059557
v 21.32441902 -8.75000000 -3.83141398
v 20.67323685 -8.75000000 -3.77444315
v 20.02205658 -8.75000000 -3.83141398
v 19.39066124 -8.75000000 -4.00059557
v 18.79823685 -8.75000000 -4.27684784
v 18.26278496 -8.75000000 -4.65177631
v 17.80057144 -8.75000000 -5.11398935
v 17.42564392 -8.75000000 -5.64944315
v 17.14939117 -8.75000000 -6.24186802
v 16.98020935 -8.75000000 -6.87326241
v 16.92323685 -8.75000000 -7.52444315
v 16.98020935 -8.75000000 -8.17562389
v 17.14939117 -8.75000000 -8.80701828
v 17.42564392 -8.75000000 -9.39944267
v 17.80057144 -8.75000000 -9.93489647
v 18.26278496 -8.75000000 -10.39710999
v 18.79823685 -8.75000000 -10.77203846
v 19.39066124 -8.75000000 -11.04829121
v 20.02205658 -8.75000000 -11.21747208
v 20.67323685 -8.75000000 -11.27444267
v 21.32441902 -8.75000000 -11.21747208
v 21.95581245 -8.75000000 -11.04829121
v 22.54823875 -8.75000000 -10.77203846
v 23.08369064 -8.75000000 -10.39710999
v 23.54590416 -8.75000000 -9.93489647
v 23.92083168 -8.75000000 -9.39944267
v 24.19708443 -8.75000000 -8.80701828
v 24.36626625 -8.75000000 -8.17562389
v 24.42323875 -8.75000000 -7.52444315
v 14.96934032 -8.75000000 -3.45306110
v 14.80015850 -8.75000000 -2.82166624
v 14.52390671 -8.75000000 -2.22924161
v 14.14897823 -8.75000000 -1.69378817
v 13.68676472 -8.75000000 -1.23157501
v 13.15131092 -8.75000000 -0.85664648
v 12.55888653 -8.75000000 -0.58039439
v 11.92749214 -8.75000000 -0.41121265
v 11.27631092 -8.75000000 -0.35424173
v 10.62513065 -8.75000000 -0.41121265
v 9.99373531 -8.75000000 -0.58039439
v 9.40131092 -8.75000000 -0.85664648
v 8.86585712 -8.75000000 -1.23157501
v 8.40364456 -8.75000000 -1.69378817
v 8.02871609 -8.75000000 -2.22924161
v 7.75246429 -8.75000000 -2.82166624
v 7.58328247 -8.75000000 -3.45306110
v 7.52631140 -8.75000000 -4.10424185
v 7.58328247 -8.75000000 -4.75542259
v 7.75246429 -8.75000000 -5.38681746
v 8.02871609 -8.75000000 -5.97924185
v 8.40364456 -8.75000000 -6.51469564
v 8.86585712 -8.75000000 -6.97690868
v 9.40131092 -8.75000000 -7.35183716
v 9.99373531 -8.75000000 -7.62808895
v 10.62513065 -8.75000000 -7.79727077
v 11.27631092 -8.75000000 -7.85424185
v 11.92749214 -8.75000000 -7.79727077
v 12.55888653 -8.75000000 -7.62808895
v 13.15131092 -8.75000000 -7.35183716
v 13.68676472 -8.75000000 -6.97690868
v 14.14897823 -8.75000000 -6.51469564
v 14.52390671 -8.75000000 -5.97924185
v 14.80015850 -8.75000000 -5.38681746
v 14.96934032 -8.75000000 -4.75542259
v 15.02631092 -8.75000000 -4.10424185
v 3.69302917 -8.75000000 0.65118068
v 3.52384734 -8.75000000 1.28257549
v 3.24759507 -8.75000000 1.87500000
v 2.87266660 -8.75000000 2.41045356
v 2.41045356 -8.75000000 2.87266660
v 1.87500000 -8.75000000 3.24759507
v 1.28257549 -8.75000000 3.52384734
v 0.65118068 -8.75000000 3.69302917
v 0.00000000 -8.75000000 3.75000000
v -0.65118068 -8.75000000 3.69302917
v -1.28257549 -8.75000000 3.52384734
v -1.87500000 -8.75000000 3.24759507
v -2.41045356 -8.75000000 2.87266660
v -2.87266660 -8.75000000 2.41045356
v -3.24759507 -8.75000000 1.87500000
v -3.52384734 -8.75000000 1.28257549
v -3.69302917 -8.75000000 0.65118068
v -3.75000000 -8.75000000 0.00000000
v -3.69302917 -8.75000000 -0.65118068
v -3.52384734 -8.75000000 -1.28257549
v -3.24759507 -8.75000000 -1.87500000
v -2.87266660 -8.75000000 -2.41045356
v -2.41045356 -8.75000000 -2.87266660
v -1.87500000 -8.75000000 -3.24759507
v -1.28257549 -8.75000000 -3.52384734
v -0.65118068 -8.75000000 -3.69302917
v -0.00000000 -8.75000000 -3.75000000
v 0.65118068 -8.75000000 -3.69302917
v 1.28257549 -8.75000000 -3.52384734
v 1.87500000 -8.75000000 -3.24759507
v 2.41045356 -8.75000000 -2.87266660
v 2.87266660 -8.75000000 -2.41045356
v 3.24759507 -8.75000000 -1.87500000
v 3.52384734 -8.75000000 -1.28257549
v 3.69302917 -8.75000000 -0.65118068
v 3.75000000 -8.75000000 -0.00000000
v -0.50000000 6.75000000 10.50000000
v -0.50000000 6.72341394 10.80388355
v -0.50000000 6.64446211 11.09853458
v -0.50000000 6.51554441 11.37500000
v -0.50000000 6.34057760 11.62487793
v -0.50000000 6.12487841 11.84057808
v -0.50000000 5.87500000 12.01554489
v -0.50000000 5.59853506 12.14446259
v -0.50000000 5.30388451 12.22341347
v -0.50000000 5.00000000 12.25000000
v -0.50000000 4.69611597 12.22341347
v -0.50000000 4.40146494 12.14446259
v -0.50000000 4.12500000 12.01554489
v -0.50000000 3.87512159 11.84057808
v -0.50000000 3.65942216 11.62487793
v -0.50000000 3.48445559 11.37500000
v -0.50000000 3.35553789 11.09853458
v -0.50000000 3.27658653 10.80388355
v -0.50000000 3.25000000 10.50000000
v -0.50000000 3.27658653 10.19611549
v -0.50000000 3.35553789 9.90146446
v -0.50000000 3.48445559 9.62500000
v -0.50000000 3.65942216 9.37512112
v -0.50000000 3.87512159 9.15942287
v -0.50000000 4.12500000 8.98445606
v -0.50000000 4.40146494 8.85553741
v -0.50000000 4.69611597 8.77658653
v -0.50000000 5.00000000 8.75000000
v -0.50000000 5.30388451 8.77658653
v -0.50000000 5.59853506 8.85553741
v -0.50000000 5.87500000 8.98445606
v -0.50000000 6.12487841 9.15942287
v -0.50000000 6.34057760 9.37512112
v -0.50000000 6.51554441 9.62500000
v -0.50000000 6.64446211 9.90146446
v -0.50000000 6.72341394 10.19611549
v -0.50000000 -3.25000000 10.50000000
v -0.50000000 -3.27658653 10.80388355
v -0.50000000 -3.35553789 11.09853458
v -0.50000000 -3.48445559 11.37500000
v -0.50000000 -3.65942216 11.62487793
v -0.50000000 -3.87512159 11.84057808
v -0.50000000 -4.12500000 12.01554489
v -0.50000000 -4.40146494 12.14446259
v -0.50000000 -4.69611597 12.22341347
v -0.50000000 -5.00000000 12.25000000
v -0.50000000 -5.30388451 12.22341347
v -0.50000000 -5.59853506 12.14446259
v -0.50000000 -5.87500000 12.01554489
v -0.50000000 -6.12487841 11.84057808
v -0.50000000 -6.34057760 11.62487793
v -0.50000000 -6.51554441 11.37500000
v -0.50000000 -6.64446211 11.09853458
v -0.50000000 -6.72341394 10.80388355
v -0.50000000 -6.75000000 10.50000000
v -0.50000000 -6.72341394 10.19611549
v -0.50000000 -6.64446211 9.90146446
v -0.50000000 -6.51554441 9.62500000
v -0.50000000 -6.34057760 9.37512112
v -0.50000000 -6.12487841 9.15942287
v -0.50000000 -5.87500000 8.98445606
v -0.50000000 -5.59853506 8.85553741
v -0.50000000 -5.30388451 8.77658653
v -0.50000000 -5.00000000 8.75000000
v -0.50000000 -4.69611597 8.77658653
v -0.50000000 -4.40146494 8.85553741
v -0.50000000 -4.12500000 8.98445606
v -0.50000000 -3.87512159 9.15942287
v -0.50000000 -3.65942216 9.37512112
v -0.50000000 -3.48445559 9.62500000
v -0.50000000 -3.35553789 9.90146446
v -0.50000000 -3.27658653 10.19611549
v -1.71010065 8.75000000 -4.69846344
v 18.96313858 8.75000000 -12.22290611
v 23.17323685 8.75000000 -3.19431615
v 22.38333702 8.75000000 -2.82598019
v 22.55434990 8.25000000 -2.35613370
v 23.37760544 8.25000000 -2.74002457
v 23.42323685 8.25000000 -2.76130342
v 23.88717651 8.75000000 -3.69422102
v 24.12605095 8.25000000 -3.25341892
v 24.20857048 8.25000000 -3.31119871
v 24.50345993 8.75000000 -4.31050491
v 24.77959824 8.25000000 -3.88222909
v 24.88648224 8.25000000 -3.98911119
v 25.00336456 8.75000000 -5.02444315
v 25.32074356 8.25000000 -4.60930204
v 25.43637657 8.25000000 -4.77444315
v 25.73501968 8.25000000 -5.41487980
v 25.37170029 8.75000000 -5.81434250
v 25.84154701 8.25000000 -5.64333248
v 26.01137161 8.25000000 -6.27713013
v 25.59727669 8.75000000 -6.65620232
v 26.08967972 8.25000000 -6.56937790
v 26.14246750 8.25000000 -7.17272568
v 25.67323875 8.75000000 -7.52444315
v 26.17323685 8.25000000 -7.52444315
v 26.12485313 8.25000000 -8.07746887
v 25.59727669 8.75000000 -8.39268398
v 26.08967972 8.25000000 -8.47950840
v 25.37170029 8.75000000 -9.23454380
v 25.95907593 8.25000000 -8.96693134
v 25.84154701 8.25000000 -9.40555382
v 25.64963913 8.25000000 -9.81710339
v 25.00336456 8.75000000 -10.02444363
v 25.43637657 8.25000000 -10.27444267
v 25.20489693 8.25000000 -10.60503292
v 24.50345993 8.75000000 -10.73838139
v 24.88648224 8.25000000 -11.05977535
v 24.63683128 8.25000000 -11.30942726
v 23.88717651 8.75000000 -11.35466480
v 24.20857048 8.25000000 -11.73768711
v 23.96072769 8.25000000 -11.91122723
v 23.17323685 8.75000000 -11.85457039
v 23.42323685 8.25000000 -12.28758335
v 23.19478607 8.25000000 -12.39411163
v 22.38333702 8.75000000 -12.22290611
v 22.55434990 8.25000000 -12.69275188
v 22.35961723 8.25000000 -12.74493027
v 21.54147720 8.75000000 -12.44848251
v 21.62830353 8.25000000 -12.94088554
v 21.47772408 8.25000000 -12.95405960
v 20.67323685 8.75000000 -12.52444267
v 20.67323685 8.25000000 -13.02444267
v 20.57288361 8.25000000 -13.01566315
v 19.80499649 8.75000000 -12.44848251
v 19.66953850 8.25000000 -12.92785454
v 19.71817207 8.25000000 -12.94088554
v -0.50000000 -8.75000000 5.90000010
v -0.50000000 8.75000000 5.90000010
v -5.00000000 8.75000000 5.90000010
v -5.00000000 8.75000000 -0.00000000
v -2.50000000 8.75000000 -4.33012724
v -3.21393800 8.75000000 -3.83022213
v -3.83022213 8.75000000 -3.21393800
v -4.33012724 8.75000000 -2.50000000
v -4.69846344 8.75000000 -1.71010065
v -4.92403889 8.75000000 -0.86824089
v -3.69302917 8.75000000 0.65118068
v -3.52384734 8.75000000 1.28257549
v -3.24759507 8.75000000 1.87500000
v -2.87266660 8.75000000 2.41045356
v -2.41045356 8.75000000 2.87266660
v -1.87500000 8.75000000 3.24759507
v -1.28257549 8.75000000 3.52384734
v -0.65118068 8.75000000 3.69302917
v 0.00000000 8.75000000 3.75000000
v 0.65118068 8.75000000 3.69302917
v 1.28257549 8.75000000 3.52384734
v 1.87500000 8.75000000 3.24759507
v 2.41045356 8.75000000 2.87266660
v 2.87266660 8.75000000 2.41045356
v 3.24759507 8.75000000 1.87500000
v 3.52384734 8.75000000 1.28257549
v 3.69302917 8.75000000 0.65118068
v 3.75000000 8.75000000 0.00000000
v 3.69302917 8.75000000 -0.65118068
v 3.52384734 8.75000000 -1.28257549
v 3.24759507 8.75000000 -1.87500000
v 2.87266660 8.75000000 -2.41045356
v 2.41045356 8.75000000 -2.87266660
v 1.87500000 8.75000000 -3.24759507
v 1.28257549 8.75000000 -3.52384734
v 0.65118068 8.75000000 -3.69302917
v 0.00000000 8.75000000 -3.75000000
v -0.65118068 8.75000000 -3.69302917
v -1.28257549 8.75000000 -3.52384734
v -1.87500000 8.75000000 -3.24759507
v -2.41045356 8.75000000 -2.87266660
v -2.87266660 8.75000000 -2.41045356
v -3.24759507 8.75000000 -1.87500000
v -3.52384734 8.75000000 -1.28257549
v -3.69302917 8.75000000 -0.65118068
v -3.75000000 8.75000000 -0.00000000
v 7.58328247 8.75000000 -3.45306110
v 7.75246429 8.75000000 -2.82166624
v 8.02871609 8.75000000 -2.22924161
v 8.40364456 8.75000000 -1.69378817
v 8.86585712 8.75000000 -1.23157501
v 9.40131092 8.75000000 -0.85664648
v 9.99373531 8.75000000 -0.58039439
v 10.62513065 8.75000000 -0.41121265
v 11.27631092 8.75000000 -0.35424173
v 11.92749214 8.75000000 -0.41121265
v 12.55888653 8.75000000 -0.58039439
v 13.15131092 8.75000000 -0.85664648
v 13.68676472 8.75000000 -1.23157501
v 14.14897823 8.75000000 -1.69378817
v 14.52390671 8.75000000 -2.22924161
v 14.80015850 8.75000000 -2.82166624
v 14.96934032 8.75000000 -3.45306110
v 15.02631092 8.75000000 -4.10424185
v 14.96934032 8.75000000 -4.75542259
v 14.80015850 8.75000000 -5.38681746
v 14.52390671 8.75000000 -5.97924185
v 14.14897823 8.75000000 -6.51469564
v 13.68676472 8.75000000 -6.97690868
v 13.15131092 8.75000000 -7.35183716
v 12.55888653 8.75000000 -7.62808895
v 11.92749214 8.75000000 -7.79727077
v 11.27631092 8.75000000 -7.85424185
v 10.62513065 8.75000000 -7.79727077
v 9.99373531 8.75000000 -7.62808895
v 9.40131092 8.75000000 -7.35183716
v 8.86585712 8.75000000 -6.97690868
v 8.40364456 8.75000000 -6.51469564
v 8.02871609 8.75000000 -5.97924185
v 7.75246429 8.75000000 -5.38681746
v 7.58328247 8.75000000 -4.75542259
v 7.52631140 8.75000000 -4.10424185
v 16.98020935 8.75000000 -6.87326241
v 17.14939117 8.75000000 -6.24186802
v 17.42564392 8.75000000 -5.64944315
v 17.80057144 8.75000000 -5.11398935
v 18.26278496 8.75000000 -4.65177631
v 18.79823685 8.75000000 -4.27684784
v 19.39066124 8.75000000 -4.00059557
v 20.02205658 8.75000000 -3.83141398
v 20.67323685 8.75000000 -3.77444315
v 21.32441902 8.75000000 -3.83141398
v 21.95581245 8.75000000 -4.00059557
v 22.54823875 8.75000000 -4.27684784
v 23.08369064 8.75000000 -4.65177631
v 23.54590416 8.75000000 -5.11398935
v 23.92083168 8.75000000 -5.64944315
v 24.19708443 8.75000000 -6.24186802
v 24.36626625 8.75000000 -6.87326241
v 24.42323875 8.75000000 -7.52444315
v 24.36626625 8.75000000 -8.17562389
v 24.19708443 8.75000000 -8.80701828
v 23.92083168 8.75000000 -9.39944267
v 23.54590416 8.75000000 -9.93489647
v 23.08369064 8.75000000 -10.39710999
v 22.54823875 8.75000000 -10.77203846
v 21.95581245 8.75000000 -11.04829121
v 21.32441902 8.75000000 -11.21747208
v 20.67323685 8.75000000 -11.27444267
v 20.02205658 8.75000000 -11.21747208
v 19.39066124 8.75000000 -11.04829121
v 18.79823685 8.75000000 -10.77203846
v 18.26278496 8.75000000 -10.39710999
v 17.80057144 8.75000000 -9.93489647
v 17.42564392 8.75000000 -9.39944267
v 17.14939117 8.75000000 -8.80701828
v 16.98020935 8.75000000 -8.17562389
v 16.92323685 8.75000000 -7.52444315
v 17.15111542 3.75000000 -0.38951793
v 22.55434990 3.75000000 -2.35613370
v 19.66845894 3.75000000 -12.93188381
v 20.57219887 3.75000000 -13.02351570
v 21.47869301 3.75000000 -12.96514511
v 22.36321831 3.75000000 -12.75836754
v 23.20164490 3.75000000 -12.40882206
v 23.97110367 3.75000000 -11.92604351
v 24.65060425 3.75000000 -11.32320023
v 25.22161293 3.75000000 -10.61673737
v 25.66855431 3.75000000 -9.82592487
v 25.97923660 3.75000000 -8.97233391
v 26.14518356 3.75000000 -8.07924747
v 26.16187096 3.75000000 -7.17102766
v 26.02884293 3.75000000 -6.27244854
v 25.74972725 3.75000000 -5.40802050
v 25.33213997 3.75000000 -4.60132313
v 24.78746796 3.75000000 -3.87436032
v 24.13057137 3.75000000 -3.24696255
v 23.37936783 3.75000000 -2.73624349
v 17.15111542 -3.75000000 -0.38951793
v 22.55434990 -3.75000000 -2.35613370
v 23.37936783 -3.75000000 -2.73624349
v 25.66855431 -3.75000000 -9.82592487
v 25.22161293 -3.75000000 -10.61673737
v 24.65060425 -3.75000000 -11.32320023
v 23.97110367 -3.75000000 -11.92604351
v 23.20164490 -3.75000000 -12.40882206
v 22.36321831 -3.75000000 -12.75836754
v 21.47869301 -3.75000000 -12.96514511
v 20.57219887 -3.75000000 -13.02351570
v 19.66845894 -3.75000000 -12.93188381
v 24.13057137 -3.75000000 -3.24696255
v 24.78746796 -3.75000000 -3.87436032
v 25.33213997 -3.75000000 -4.60132313
v 25.74972725 -3.75000000 -5.40802050
v 26.02884293 -3.75000000 -6.27244854
v 26.16187096 -3.75000000 -7.17102766
v 26.14518356 -3.75000000 -8.07924747
v 25.97923660 -3.75000000 -8.97233391
v 7.13191938 -8.25000000 3.25717115
v 6.96090937 -8.75000000 2.78732514
v 6.96090937 8.75000000 2.78732514
v 7.13191938 8.25000000 3.25717115
v 1.29999995 3.26447344 12.56832027
v 1.29999995 6.73552656 8.43167973
v 1.29999995 2.34101892 10.03114986
v 1.29999995 2.46282983 9.57654572
v 1.29999995 2.66173124 9.15000057
v 1.29999995 2.93167996 8.76447392
v 1.29999995 3.26447344 8.43167973
v 1.29999995 3.65000010 8.16173077
v 1.29999995 4.07654572 7.96283054
v 1.29999995 4.53114986 7.84101915
v 1.29999995 5.00000000 7.79999971
v 1.29999995 5.46885014 7.84101915
v 1.29999995 5.92345428 7.96283054
v 1.29999995 6.34999990 8.16173077
v 1.29999995 7.06832027 8.76447392
v 1.29999995 7.33826876 9.15000057
v 1.29999995 7.53716993 9.57654572
v 1.29999995 7.65898085 10.03114986
v 1.29999995 7.69999981 10.50000000
v 1.29999995 7.65898085 10.96885014
v 1.29999995 7.53716993 11.42345428
v 1.29999995 7.33826876 11.85000038
v 1.29999995 7.06832027 12.23552704
v 1.29999995 6.73552656 12.56832027
v 1.29999995 6.34999990 12.83826828
v 1.29999995 5.92345428 13.03717041
v 1.29999995 5.46885014 13.15898037
v 1.29999995 5.00000000 13.19999981
v 1.29999995 4.53114986 13.15898037
v 1.29999995 4.07654572 13.03717041
v 1.29999995 3.65000010 12.83826828
v 1.29999995 2.93167996 12.23552704
v 1.29999995 2.66173124 11.85000038
v 1.29999995 2.46282983 11.42345428
v 1.29999995 2.34101892 10.96885014
v 1.29999995 2.29999995 10.50000000
v 4.81381607 -8.75000000 4.43484783
v 4.46407270 -8.75000000 5.02564287
v 4.20827389 -8.75000000 5.66276598
v 4.00000000 -8.75000000 15.00000000
v -0.50000000 -8.75000000 15.00000000
v 4.00000000 -8.75000000 7.01594162
v 4.05237293 -8.75000000 6.33138657
v 6.33555031 -8.75000000 3.07067132
v 5.24936199 -8.75000000 3.90413308
v 5.76057386 -8.75000000 3.44585180
v -0.50000000 8.75000000 15.00000000
v 5.76057386 8.75000000 3.44585180
v 6.33555031 8.75000000 3.07067132
v 5.24936199 8.75000000 3.90413308
v 4.05237293 8.75000000 6.33138657
v 4.20827389 8.75000000 5.66276598
v 4.00000000 8.75000000 15.00000000
v 4.00000000 8.75000000 7.01594162
v 4.46407270 8.75000000 5.02564287
v 4.81381607 8.75000000 4.43484783
v 4.50000000 8.25000000 7.01594162
v 4.54655361 8.25000000 6.40744829
v 4.56632710 8.25000000 6.32264519
v 4.68513250 8.25000000 5.81311846
v 4.75005865 8.25000000 5.65140581
v 4.91250896 8.25000000 5.24678707
v 5.04572296 8.25000000 5.02175808
v 5.22339201 8.25000000 4.72163582
v 5.44464827 8.25000000 4.45203447
v 5.61054420 8.25000000 4.24988937
v 5.93520021 8.25000000 3.95884824
v 6.06495428 8.25000000 3.84252834
v 6.57604504 8.25000000 3.50903487
v 6.50311899 8.25000000 3.55662012
v 6.57604504 -8.25000000 3.50903487
v 6.50311899 -8.25000000 3.55662012
v 6.06495428 -8.25000000 3.84252834
v 5.93520021 -8.25000000 3.95884824
v 5.61054420 -8.25000000 4.24988937
v 5.44464827 -8.25000000 4.45203447
v 5.22339201 -8.25000000 4.72163582
v 5.04572296 -8.25000000 5.02175808
v 4.91250896 -8.25000000 5.24678707
v 4.75005865 -8.25000000 5.65140581
v 4.50000000 -8.25000000 7.01594162
v 4.54655361 -8.25000000 6.40744829
v 4.56632710 -8.25000000 6.32264519
v 4.68513250 -8.25000000 5.81311846
v 1.29999995 6.02606010 13.31907749
v 1.29999995 5.52094460 13.45442295
v 1.29999995 5.00000000 13.50000000
v 1.29999995 4.47905540 13.45442295
v 1.29999995 3.97393942 13.31907749
v 1.29999995 3.50000000 13.09807587
v 1.29999995 3.07163715 12.79813290
v 1.29999995 2.70186663 12.42836285
v 1.29999995 2.40192366 12.00000000
v 1.29999995 2.18092203 11.52606010
v 1.29999995 2.04557681 11.02094460
v 1.29999995 2.00000000 10.50000000
v 1.29999995 2.04557681 9.97905540
v 1.29999995 2.18092203 9.47393990
v 1.29999995 2.40192366 9.00000000
v 1.29999995 2.70186663 8.57163715
v 1.29999995 3.07163715 8.20186615
v 1.29999995 3.50000000 7.90192366
v 1.29999995 3.97393942 7.68092251
v 1.29999995 4.47905540 7.54557705
v 1.29999995 5.00000000 7.50000000
v 1.29999995 5.52094460 7.54557705
v 1.29999995 6.02606010 7.68092251
v 1.29999995 6.50000000 7.90192366
v 1.29999995 6.92836285 8.20186615
v 1.29999995 7.29813337 8.57163715
v 1.29999995 7.59807587 9.00000000
v 1.29999995 7.81907797 9.47393990
v 1.29999995 7.95442343 9.97905540
v 1.29999995 8.00000000 10.50000000
v 1.29999995 7.95442343 11.02094460
v 1.29999995 7.81907797 11.52606010
v 1.29999995 7.59807587 12.00000000
v 1.29999995 7.29813337 12.42836285
v 1.29999995 6.92836285 12.79813290
v 1.29999995 6.50000000 13.09807587
v 4.50000000 -8.25000000 15.00000000
v 4.50000000 8.25000000 15.00000000
v 4.50000000 8.00000000 10.50000000
v 4.50000000 7.95442343 11.02094460
v 4.50000000 7.81907797 11.52606010
v 4.50000000 7.59807587 12.00000000
v 4.50000000 7.29813337 12.42836285
v 4.50000000 6.92836285 12.79813290
v 4.50000000 6.50000000 13.09807587
v 4.50000000 6.02606010 13.31907749
v 4.50000000 5.52094460 13.45442295
v 4.50000000 5.00000000 13.50000000
v 4.50000000 4.47905540 13.45442295
v 4.50000000 3.97393942 13.31907749
v 4.50000000 3.50000000 13.09807587
v 4.50000000 3.07163715 12.79813290
v 4.50000000 2.70186663 12.42836285
v 4.50000000 2.40192366 12.00000000
v 4.50000000 2.18092203 11.52606010
v 4.50000000 2.04557681 11.02094460
v 4.50000000 2.00000000 10.50000000
v 4.50000000 2.04557681 9.97905540
v 4.50000000 2.18092203 9.47393990
v 4.50000000 2.40192366 9.00000000
v 4.50000000 2.70186663 8.57163715
v 4.50000000 3.07163715 8.20186615
v 4.50000000 3.50000000 7.90192366
v 4.50000000 3.97393942 7.68092251
v 4.50000000 4.47905540 7.54557705
v 4.50000000 5.00000000 7.50000000
v 4.50000000 5.52094460 7.54557705
v 4.50000000 6.02606010 7.68092251
v 4.50000000 6.50000000 7.90192366
v 4.50000000 6.92836285 8.20186615
v 4.50000000 7.29813337 8.57163715
v 4.50000000 7.59807587 9.00000000
v 4.50000000 7.81907797 9.47393990
v 4.50000000 7.95442343 9.97905540
v 4.50000000 -7.59807587 9.00000000
v 4.50000000 -7.81907797 9.47393990
v 4.50000000 -6.02606010 7.68092251
v 4.50000000 -6.50000000 7.90192366
v 4.50000000 -6.92836285 8.20186615
v 4.50000000 -7.29813337 8.57163715
v 4.50000000 -7.81907797 11.52606010
v 4.50000000 -7.59807587 12.00000000
v 4.50000000 -7.29813337 12.42836285
v 4.50000000 -6.92836285 12.79813290
v 4.50000000 -3.50000000 13.09807587
v 4.50000000 -3.07163715 12.79813290
v 4.50000000 -2.70186663 12.42836285
v 4.50000000 -2.40192366 12.00000000
v 4.50000000 -7.95442343 9.97905540
v 4.50000000 -8.00000000 10.50000000
v 4.50000000 -7.95442343 11.02094460
v 4.50000000 -6.50000000 13.09807587
v 4.50000000 -6.02606010 13.31907749
v 4.50000000 -5.52094460 13.45442295
v 4.50000000 -3.97393942 7.68092251
v 4.50000000 -3.50000000 7.90192366
v 4.50000000 -3.07163715 8.20186615
v 4.50000000 -4.47905540 7.54557705
v 4.50000000 -5.00000000 7.50000000
v 4.50000000 -5.52094460 7.54557705
v 4.50000000 -5.00000000 13.50000000
v 4.50000000 -4.47905540 13.45442295
v 4.50000000 -3.97393942 13.31907749
v 4.50000000 -2.18092203 9.47393990
v 4.50000000 -2.40192366 9.00000000
v 4.50000000 -2.70186663 8.57163715
v 4.50000000 -2.18092203 11.52606010
v 4.50000000 -2.04557681 11.02094460
v 4.50000000 -2.00000000 10.50000000
v 4.50000000 -2.04557681 9.97905540
v 3.29999995 -6.09999990 11.13508511
v 3.29999995 -6.09999990 9.86491489
v 3.29999995 -5.00000000 11.77017021
v 3.29999995 -5.00000000 9.22982979
v 3.29999995 -3.89999986 11.13508511
v 3.29999995 -3.89999986 9.86491489
v 1.29999995 -2.00000000 10.50000000
v 1.29999995 -2.04557681 11.02094460
v 1.29999995 -2.18092203 11.52606010
v 1.29999995 -2.40192366 12.00000000
v 1.29999995 -2.70186663 12.42836285
v 1.29999995 -3.07163715 12.79813290
v 1.29999995 -3.50000000 13.09807587
v 1.29999995 -3.97393942 13.31907749
v 1.29999995 -4.47905540 13.45442295
v 1.29999995 -5.00000000 13.50000000
v 1.29999995 -5.52094460 13.45442295
v 1.29999995 -6.02606010 13.31907749
v 1.29999995 -6.50000000 13.09807587
v 1.29999995 -6.92836285 12.79813290
v 1.29999995 -7.29813337 12.42836285
v 1.29999995 -7.59807587 12.00000000
v 1.29999995 -7.81907797 11.52606010
v 1.29999995 -7.95442343 11.02094460
v 1.29999995 -8.00000000 10.50000000
v 1.29999995 -7.95442343 9.97905540
v 1.29999995 -7.81907797 9.47393990
v 1.29999995 -7.59807587 9.00000000
v 1.29999995 -7.29813337 8.57163715
v 1.29999995 -6.92836285 8.20186615
v 1.29999995 -6.50000000 7.90192366
v 1.29999995 -6.02606010 7.68092251
v 1.29999995 -5.52094460 7.54557705
v 1.29999995 -5.00000000 7.50000000
v 1.29999995 -4.47905540 7.54557705
v 1.29999995 -3.97393942 7.68092251
v 1.29999995 -3.50000000 7.90192366
v 1.29999995 -3.07163715 8.20186615
v 1.29999995 -2.70186663 8.57163715
v 1.29999995 -2.40192366 9.00000000
v 1.29999995 -2.18092203 9.47393990
v 1.29999995 -2.04557681 9.97905540
v 4.53738785 -7.69930410 10.50000000
v 4.54229593 -7.69871950 10.50000000
v 4.54233027 -7.69834518 10.55823803
v 4.69930410 -2.46261239 10.50000000
v 4.69871950 -2.45770407 10.50000000
v 4.69900751 -2.47441435 10.78522110
v 4.56473303 -2.30330324 10.50000000
v 4.54227066 -2.30215693 10.50000000
v 4.54233027 -2.30546832 10.65162754
v 4.66268635 -2.36858416 10.79717255
v 4.65606642 -2.36142778 10.79798031
v 4.65606642 -2.38474989 10.95564842
v 4.66872358 -2.74818540 11.87598419
v 4.66872358 -2.66531873 11.72893333
v 4.65606642 -2.65207624 11.73590374
v 4.65606642 -3.14497185 12.40092087
v 4.65606642 -3.03576279 12.28764153
v 4.64108562 -3.02640224 12.29616070
v 4.58469677 -4.91791725 13.19166088
v 4.58469677 -5.07861471 13.19176865
v 4.60496950 -5.07844353 13.18590164
v 4.58469677 -5.23880672 13.18188000
v 4.58469677 -5.39818907 13.16221619
v 4.60496950 -5.39732122 13.15641308
v 4.54233027 -6.76615047 12.54047775
v 4.54233027 -6.89025450 12.42653656
v 4.58469677 -6.88603210 12.42223263
v 4.54233027 -6.96341801 12.35183716
v 4.58469677 -6.95903158 12.34770012
v 4.54233027 -7.55300903 11.36657715
v 4.54233027 -7.60358286 11.20194435
v 4.58469677 -7.59776688 11.20037651
v 4.68069077 -7.62059927 10.50000000
v 4.68912697 -7.59888697 10.50000000
v 4.68710756 -7.60433054 10.55620861
v 4.69784307 -7.54227066 10.50000000
v 4.69999981 -7.50000000 10.50000000
v 4.69999981 -7.49646664 10.55375195
v 4.58469677 -7.69231701 10.55810833
v 4.57755136 -7.69451666 10.50000000
v 4.58459377 -7.69260120 10.50000000
v 4.60496950 -7.68644810 10.55798149
v 4.60495710 -7.68706179 10.50000000
v 4.67066717 -7.63828039 10.50000000
v 4.67886353 -7.62382269 10.50000000
v 4.67905617 -7.62328768 10.55661869
v 4.69230556 -7.58454704 10.50000000
v 4.69297838 -7.58406210 10.55577183
v 4.69669724 -7.56473351 10.50000000
v 4.62393188 -7.67038393 10.71048164
v 4.62393188 -7.67839909 10.55780792
v 4.62383318 -7.67883253 10.50000000
v 4.60496950 -7.66139174 10.86359119
v 4.58469677 -7.68426037 10.71157551
v 4.54233027 -7.69027042 10.71204948
v 4.69900751 -7.54170609 10.55485725
v 4.69900751 -7.51799965 10.84400177
v 4.66241503 -7.64864588 10.50000000
v 4.66872358 -7.64043713 10.55698872
v 4.66872358 -7.63253593 10.70749855
v 4.67905617 -7.59882069 10.85504246
v 4.62393188 -7.58433723 11.19675541
v 4.60496950 -7.59210396 11.19884968
v 4.62393188 -7.62418365 11.03065968
v 4.62393188 -7.65341711 10.86250114
v 4.58469677 -7.63782024 11.03341770
v 4.54233027 -7.64372635 11.03461170
v 4.58469677 -7.66720581 10.86438560
v 4.69999981 -7.47931767 10.81467533
v 4.69999981 -7.47466564 10.83799267
v 4.69900751 -7.45244503 11.16119671
v 4.69999981 -7.41448164 11.13967896
v 4.67905617 -7.53116179 11.18241882
v 4.66872358 -7.58699036 11.02313900
v 4.66872358 -7.61580992 10.85736370
v 4.62393188 -7.53413677 11.36017036
v 4.60496950 -7.48129892 11.52327061
v 4.58469677 -7.54730558 11.36464024
v 4.67905617 -7.42296171 11.49921322
v 4.66872358 -7.49821997 11.34797955
v 4.66872358 -7.54770851 11.18688011
v 4.54233027 -7.49228716 11.52780151
v 4.58469677 -7.48671961 11.52550602
v 4.54233027 -7.42300081 11.68226910
v 4.58469677 -7.41758823 11.67962837
v 4.54233027 -7.34444237 11.83217621
v 4.58469677 -7.33920527 11.82919979
v 4.60496950 -7.33410597 11.82630253
v 4.67905617 -7.27922964 11.79512024
v 4.66872358 -7.37100172 11.65689754
v 4.66872358 -7.43880177 11.50574398
v 4.62393188 -7.47386408 11.52020454
v 4.62393188 -7.40509033 11.67352962
v 4.62393188 -7.32711220 11.82232857
v 4.62393188 -7.24303436 11.96157837
v 4.62722349 -7.67733574 10.50000000
v 4.64108562 -7.66806841 10.55758572
v 4.64108562 -7.66008425 10.70967007
v 4.64108562 -7.64318323 10.86110306
v 4.64108562 -7.61406279 11.02861309
v 4.64108562 -7.57436943 11.19406796
v 4.64108562 -7.52436256 11.35685253
v 4.64108562 -7.46432257 11.51626968
v 4.64108562 -7.39581394 11.66900349
v 4.64108562 -7.31813669 11.81722832
v 4.64108562 -7.23438358 11.95594215
v 4.69999981 -7.41098547 11.14997578
v 4.69999981 -7.30798292 11.45332623
v 4.69900751 -7.34761047 11.46813869
v 4.69999981 -7.17069912 11.73351860
v 4.69900751 -7.20834780 11.75484371
v 4.69999981 -7.16337061 11.74847698
v 4.69900751 -7.04103041 12.01400280
v 4.67905617 -7.10654211 12.06259823
v 4.66872358 -7.21124315 11.94086361
v 4.66872358 -7.29412937 11.80358696
v 4.60496950 -6.95476103 12.34367180
v 4.60496950 -7.15726042 12.10021973
v 4.62393188 -7.05348969 12.21987247
v 4.62393188 -7.15079689 12.09542561
v 4.64108562 -7.14250135 12.08927250
v 4.58469677 -7.06416082 12.22881031
v 4.54233027 -7.06878233 12.23268127
v 4.58469677 -7.16197348 12.10371590
v 4.67905617 -6.83767557 12.37294865
v 4.66872358 -6.92128181 12.31209564
v 4.67905617 -6.90880394 12.30032635
v 4.66872358 -7.02438498 12.19549561
v 4.66872358 -7.12031317 12.07281303
v 4.69999981 -7.00527191 11.98762131
v 4.69999981 -6.98458576 12.01891136
v 4.69900751 -6.84944153 12.24433804
v 4.69999981 -6.81604719 12.21303654
v 4.69900751 -6.78052521 12.31470108
v 4.64108562 -6.94138765 12.33105850
v 4.65606642 -6.86018038 12.39588451
v 4.64108562 -6.86904526 12.40492058
v 4.64108562 -6.74633360 12.51758289
v 4.62393188 -6.75309515 12.52539349
v 4.62393188 -6.62282085 12.63039207
v 4.60496950 -6.62769747 12.63679409
v 4.69999981 -6.77367640 12.26183987
v 4.69999981 -6.74958467 12.28301334
v 4.69900751 -6.53999949 12.52166653
v 4.69999981 -6.52868652 12.47715473
v 4.69999981 -6.51375437 12.48709869
v 4.69900751 -6.26962852 12.69994831
v 4.69999981 -6.25272608 12.66091347
v 4.66872358 -6.46236944 12.69721413
v 4.67905617 -6.58942938 12.58655643
v 4.67905617 -6.31037998 12.77056026
v 4.65606642 -6.02240372 12.94808960
v 4.64108562 -6.02727556 12.95975590
v 4.65606642 -6.17676830 12.87794209
v 4.64108562 -6.18237638 12.88927460
v 4.65606642 -6.32642746 12.79836750
v 4.64108562 -6.33274841 12.80932045
v 4.65606642 -6.47066450 12.70967674
v 4.64108562 -6.47767258 12.72020721
v 4.65606642 -6.60889387 12.61211014
v 4.62393188 -6.03125286 12.96927834
v 4.62393188 -6.18695402 12.89852524
v 4.62393188 -6.33790922 12.81826115
v 4.54233027 -6.19579363 12.91638660
v 4.58469677 -6.34486151 12.83030891
v 4.58469677 -6.19312239 12.91098881
v 4.60496950 -6.34192944 12.82522869
v 4.60496950 -6.03435230 12.97670078
v 4.67905617 -6.01003408 12.91847134
v 4.66872358 -6.17013121 12.86453056
v 4.66872358 -6.31894636 12.78540421
v 4.64108562 -5.87086868 13.01953316
v 4.62393188 -5.71390581 13.07958889
v 4.62393188 -5.87424040 13.02928829
v 4.60496950 -5.71605110 13.08734131
v 4.62393188 -6.48339415 12.72880363
v 4.64108562 -6.61656189 12.62217522
v 4.65606642 -6.73805094 12.50801373
v 4.54233027 -6.03893328 12.98766804
v 4.58469677 -6.03661203 12.98211002
v 4.54233027 -5.88075113 13.04812336
v 4.58469677 -5.87878370 13.04243088
v 4.54233027 -5.71922207 13.09879971
v 4.58469677 -5.71761560 13.09299374
v 4.54233027 -5.56013966 13.13831806
v 4.67905617 -5.69921637 13.02651119
v 4.66872358 -5.86184931 12.99343967
v 4.66872358 -6.01663685 12.93428135
v 4.65606642 -5.86673784 13.00758266
v 4.65606642 -5.70777941 13.05745220
v 4.64108562 -5.71115208 13.06964016
v 4.64108562 -5.55385447 13.10871601
v 4.62393188 -5.55599880 13.11881638
v 4.62393188 -5.39613104 13.14845371
v 4.58469677 -5.55888844 13.13242531
v 4.54233027 -5.39908075 13.16817665
v 4.69999981 -6.24836159 12.66305923
v 4.69999981 -5.95548344 12.80708981
v 4.69900751 -5.97862291 12.84325886
v 4.69999981 -5.66576862 12.90594006
v 4.69900751 -5.67747164 12.94793892
v 4.69999981 -5.64447832 12.91320515
v 4.69900751 -5.37591410 13.01328945
v 4.67905617 -5.38797998 13.09395885
v 4.66872358 -5.54811907 13.08169937
v 4.66872358 -5.70378733 13.04302692
v 4.65606642 -5.55122805 13.09634304
v 4.65606642 -5.39273167 13.12572575
v 4.64108562 -5.39460325 13.13823891
v 4.64108562 -5.23665571 13.15772533
v 4.62393188 -5.23757219 13.16801548
v 4.62393188 -5.07820797 13.17785358
v 4.69999981 -5.36917639 12.96908379
v 4.69999981 -5.32677174 12.97769070
v 4.69900751 -5.07421684 13.04118919
v 4.67905617 -5.07659864 13.12275410
v 4.66872358 -5.23420525 13.13020134
v 4.66872358 -5.39051628 13.11091614
v 4.54233027 -5.23934126 13.18788433
v 4.54233027 -5.07879066 13.19779587
v 4.54233027 -4.91773319 13.19768620
v 4.54233027 -4.75695658 13.18753910
v 4.69999981 -5.07273579 12.99534607
v 4.69999981 -5.00585461 12.99999332
v 4.69900751 -4.77106476 13.03152752
v 4.67905617 -4.76371670 13.11278248
v 4.66872358 -4.91949940 13.13979244
v 4.66872358 -5.07709932 13.13990021
v 4.65606642 -4.42840481 13.09184361
v 4.64108562 -4.42568064 13.10419559
v 4.65606642 -4.59383392 13.12361908
v 4.64108562 -4.59189844 13.13612270
v 4.65606642 -4.76082325 13.14478016
v 4.64108562 -4.75968313 13.15738392
v 4.65606642 -4.91904211 13.15476608
v 4.64108562 -4.91865683 13.16741753
v 4.65606642 -5.07753706 13.15487385
v 4.62393188 -4.42345715 13.11427784
v 4.62393188 -4.59031868 13.14632988
v 4.62393188 -4.75875282 13.16767311
v 4.54233027 -4.58726740 13.16603661
v 4.58469677 -4.75749922 13.18153572
v 4.58469677 -4.58818960 13.16008091
v 4.60496950 -4.75802803 13.17568970
v 4.60496950 -4.42172432 13.12213516
v 4.50000000 -4.42019796 13.12774086
v 4.54233027 -4.41916370 13.13374615
v 4.58469677 -4.42046118 13.12786293
v 4.69999981 -4.77517176 12.98487854
v 4.69999981 -4.68031740 12.97866344
v 4.69900751 -4.45288086 12.98085785
v 4.67905617 -4.43531990 13.06048679
v 4.66872358 -4.59612465 13.10882282
v 4.66872358 -4.76217222 13.12986279
v 4.65606642 -5.23553371 13.14511967
v 4.64108562 -5.07790661 13.16752529
v 4.62393188 -4.91834164 13.17774487
v 4.62393188 -4.25766182 13.07145119
v 4.64108562 -4.26052475 13.06153393
v 4.65606642 -4.26403189 13.04938412
v 4.69999981 -4.46294212 12.93483257
v 4.69999981 -4.35530376 12.91312885
v 4.69900751 -4.14098120 12.88978958
v 4.67905617 -4.11340857 12.96649456
v 4.66872358 -4.26818275 13.03500462
v 4.66872358 -4.43162870 13.07722569
v 4.62393188 -3.78388953 12.88395309
v 4.60496950 -3.78023481 12.89111710
v 4.62393188 -3.93726635 12.95590591
v 4.60496950 -4.09206247 13.02587986
v 4.62393188 -4.09478331 13.01831150
v 4.54233027 -4.08804178 13.03706551
v 4.58469677 -4.09007931 13.03139877
v 4.54233027 -3.92935181 12.97419453
v 4.58469677 -3.93174362 12.96866798
v 4.54233027 -3.77483320 12.90170670
v 4.58469677 -3.77757001 12.89634132
v 4.54233027 -3.62906337 12.82217312
v 4.69999981 -4.15688801 12.84530544
v 4.69999981 -4.04185629 12.80598640
v 4.69900751 -3.84595418 12.76228809
v 4.67905617 -3.80891228 12.83489990
v 4.66872358 -3.95232868 12.92109776
v 4.66872358 -4.10761309 12.98261929
v 4.62393188 -3.63919711 12.80500793
v 4.60496950 -3.49511504 12.72418118
v 4.58469677 -3.63212562 12.81698704
v 4.69999981 -3.86740565 12.72007847
v 4.69999981 -3.74712133 12.66084385
v 4.69900751 -3.57619619 12.60434532
v 4.67905617 -3.53049612 12.67188931
v 4.66872358 -3.65848422 12.77233982
v 4.66872358 -3.80112576 12.85016441
v 4.54233027 -3.48845077 12.73403168
v 4.58469677 -3.49182749 12.72904015
v 4.54233027 -3.35770583 12.64065933
v 4.58469677 -3.36137438 12.63587761
v 4.54233027 -3.23290133 12.53966141
v 4.58469677 -3.23684883 12.53510571
v 4.60496950 -3.24069238 12.53066826
v 4.67905617 -3.28205514 12.48292637
v 4.66872358 -3.39295006 12.59471989
v 4.66872358 -3.52088952 12.68608761
v 4.64108562 -3.13613153 12.40997982
v 4.65606642 -3.26101613 12.50721073
v 4.64108562 -3.25272894 12.51677513
v 4.65606642 -3.38383484 12.60660076
v 4.64108562 -3.37613297 12.61664009
v 4.65606642 -3.51249981 12.69848728
v 4.64108562 -3.50541115 12.70896435
v 4.65606642 -3.65087485 12.78522778
v 4.64108562 -3.64444566 12.79611778
v 4.65606642 -3.79432583 12.86349487
v 4.64108562 -3.78857994 12.87475777
v 4.65606642 -3.94638634 12.93482971
v 4.64108562 -3.94136500 12.94643307
v 4.65606642 -4.10255146 12.99670029
v 4.64108562 -4.09827423 13.00859928
v 4.62393188 -3.49962425 12.71751690
v 4.62393188 -3.36984563 12.62483597
v 4.62393188 -3.24596405 12.52458477
v 4.62393188 -3.12891507 12.41737461
v 4.60496950 -3.01280665 12.30853462
v 4.58469677 -3.00846529 12.31248474
v 4.58469677 -3.11919188 12.42733860
v 4.54233027 -3.00400662 12.31654263
v 4.54233027 -3.11498094 12.43165302
v 4.62393188 -3.01876092 12.30311489
v 4.69999981 -3.23459530 12.27012730
v 4.69900751 -3.11987376 12.21109295
v 4.69900751 -3.33548141 12.42125893
v 4.69999981 -3.60276747 12.56499386
v 4.69999981 -3.47705412 12.48152065
v 4.69999981 -3.36667275 12.38528156
v 4.67905617 -3.05952692 12.26601410
v 4.66872358 -3.15543461 12.39019871
v 4.66872358 -3.27082419 12.49588966
v 4.65606642 -2.92763996 12.16021729
v 4.64108562 -2.91776419 12.16812897
v 4.62393188 -2.90970230 12.17458725
v 4.60496950 -2.90342021 12.17962074
v 4.58469677 -2.89883971 12.18328953
v 4.54233027 -2.89413571 12.18705940
v 4.67905617 -2.85410976 12.00757694
v 4.66872358 -2.93932867 12.15085411
v 4.66872358 -3.04684162 12.27755928
v 4.69999981 -3.15504050 12.17922306
v 4.69999981 -3.01969814 12.02457142
v 4.69900751 -2.92084479 11.96069241
v 4.69999981 -2.95946908 11.93371582
v 4.69900751 -2.75261688 11.68298149
v 4.65606642 -2.57845140 11.58384418
v 4.64108562 -2.56691122 11.58900928
v 4.64108562 -2.64088726 11.74179363
v 4.62393188 -2.55749083 11.59322548
v 4.62393188 -2.63175297 11.74660206
v 4.60496950 -2.62463593 11.75034809
v 4.69999981 -2.83649755 11.74821472
v 4.69999981 -2.79399753 11.66134644
v 4.69900751 -2.62078905 11.38778782
v 4.67905617 -2.68048215 11.72095203
v 4.67905617 -2.54442286 11.41628265
v 4.66872358 -2.59210920 11.57773113
v 4.66872358 -2.52837014 11.42227268
v 4.60496950 -2.38733196 11.11889744
v 4.60496950 -2.48530030 11.43834400
v 4.62393188 -2.43914628 11.27773476
v 4.62393188 -2.49283528 11.43553257
v 4.64108562 -2.50250530 11.43192387
v 4.54233027 -2.47416425 11.44249916
v 4.58469677 -2.47980666 11.44039440
v 4.54233027 -2.42007565 11.28352737
v 4.58469677 -2.42583871 11.28177738
v 4.54233027 -2.37576199 11.12163830
v 4.58469677 -2.38162422 11.12024975
v 4.54233027 -2.34246826 10.96301556
v 4.69999981 -2.69091630 11.45065308
v 4.69999981 -2.66416597 11.37172985
v 4.69900751 -2.52809858 11.08555126
v 4.66872358 -2.47544217 11.26671219
v 4.67905617 -2.44875765 11.10434628
v 4.66872358 -2.43207932 11.10829735
v 4.64108562 -2.34885359 10.79940033
v 4.64108562 -2.37228680 10.95781994
v 4.65606642 -2.41751385 11.11174774
v 4.64108562 -2.40520692 11.11466217
v 4.65606642 -2.46112227 11.27106094
v 4.64108562 -2.44902325 11.27473545
v 4.65606642 -2.51435065 11.42750359
v 4.62393188 -2.33858871 10.80056000
v 4.62393188 -2.36211276 10.95959282
v 4.62393188 -2.39516020 11.11704254
v 4.60496950 -2.33059025 10.80146313
v 4.58469677 -2.34840488 10.96198177
v 4.58469677 -2.32475853 10.80212212
v 4.54233027 -2.31876898 10.80279827
v 4.69999981 -2.58545065 11.13949108
v 4.69999981 -2.57253695 11.07514381
v 4.69297838 -7.55996037 10.84973431
v 4.68710756 -7.58003950 10.85247612
v 4.69297838 -7.49331331 11.17221546
v 4.68710756 -7.51286983 11.17748737
v 4.69297838 -7.38673162 11.48427200
v 4.68710756 -7.40545177 11.49199200
v 4.69297838 -7.24514866 11.77575397
v 4.68710756 -7.26275826 11.78576088
v 4.69297838 -7.07504272 12.03923225
v 4.68710756 -7.09131861 12.05130577
v 4.69297838 -6.88026142 12.27340603
v 4.68710756 -6.89500904 12.28731632
v 4.69297838 -6.81019688 12.34494209
v 4.68710756 -6.82439470 12.35941219
v 4.69297838 -6.56566238 12.55535603
v 4.68710756 -6.57794285 12.57147694
v 4.69297838 -6.29078579 12.73660946
v 4.68710756 -6.30091047 12.75415134
v 4.69297838 -5.99493074 12.88230801
v 4.68710756 -6.00273466 12.90099335
v 4.69297838 -5.68876076 12.98873234
v 4.68710756 -5.69416332 13.00825310
v 4.69297838 -5.38217878 13.05517197
v 4.68710756 -5.38517618 13.07521248
v 4.69297838 -5.07545328 13.08353615
v 4.68710756 -5.07604504 13.10379982
v 4.69297838 -4.76724958 13.07371330
v 4.68710756 -4.76542425 13.09390068
v 4.69297838 -4.44376373 13.02220058
v 4.68710756 -4.43940115 13.04198360
v 4.69297838 -4.12666607 12.92961407
v 4.68710756 -4.11981583 12.94867039
v 4.69297838 -3.82672262 12.79998684
v 4.68710756 -3.81752014 12.81802750
v 4.69297838 -3.55246949 12.63941383
v 4.68710756 -3.54111576 12.65619373
v 4.69297838 -3.30774331 12.45327568
v 4.68710756 -3.29447007 12.46859646
v 4.69297838 -3.08854270 12.23960686
v 4.68710756 -3.07354999 12.25325203
v 4.69297838 -2.88619709 11.98503494
v 4.68710756 -2.86961746 11.99668217
v 4.69297838 -2.71516562 11.70269489
v 4.68710756 -2.69724464 11.71212864
v 4.69297838 -2.58114100 11.40258217
v 4.68710756 -2.56216860 11.40966034
v 4.69297838 -2.48690629 11.09530926
v 4.68710756 -2.46719456 11.09997940
v 4.69297838 -2.43232703 10.78997326
v 4.68710756 -2.41218758 10.79224777
v 4.62393188 -2.32538629 10.65050697
v 4.64108562 -2.33570194 10.64992619
v 4.63828039 -2.32933307 10.50000000
v 4.58469677 -2.31148744 10.65128899
v 4.62382269 -2.32113671 10.50000000
v 4.62059927 -2.31930900 10.50000000
v 4.60485363 -2.31319118 10.50000000
v 4.59888697 -2.31087303 10.50000000
v 4.58454704 -2.30769491 10.50000000
v 4.69999981 -2.50000000 10.50000000
v 4.69999981 -2.51883936 10.78031254
v 4.69999981 -2.52159429 10.82130146
v 4.66872358 -2.39950013 10.95307922
v 4.67905617 -2.39335012 10.79437637
v 4.66872358 -2.37630963 10.79629993
v 4.67733574 -2.37277651 10.50000000
v 4.66852188 -2.35904408 10.50000000
v 4.69451666 -2.42244840 10.50000000
v 4.68689299 -2.39442325 10.50000000
v 4.64409733 -7.66650534 10.50000000
v 4.65590477 -7.65588665 10.50000000
v 4.65606642 -7.65541363 10.55731201
v 4.65853071 -7.65352440 10.50000000
v 4.50000000 -7.69999981 10.50000000
v 4.50000000 -7.69912481 10.55825710
v 4.50000000 -7.69884396 10.57696342
v 4.50000000 -7.66741562 10.86459827
v 4.54233027 -7.67317724 10.86520100
v 4.50000000 -7.65605974 10.96853065
v 4.50000000 -7.48731279 11.52544785
v 4.50000000 -7.53135443 11.43049717
v 4.50000000 -7.53358126 11.42245960
v 4.50000000 -7.59532261 11.19964886
v 4.50000000 -7.65390730 10.98822784
v 4.50000000 -7.34490108 11.83247852
v 4.50000000 -7.34256744 11.83750820
v 4.58469677 -7.25469017 11.96917439
v 4.54233027 -7.25973797 11.97246361
v 4.50000000 -7.33542442 11.84807682
v 4.54233027 -7.16681385 12.10730648
v 4.50000000 -7.10167217 12.19391060
v 4.50000000 -7.16225576 12.10427856
v 4.50000000 -6.95776176 12.34650230
v 4.50000000 -7.06519985 12.23258400
v 4.66872358 -6.59981966 12.60019779
v 4.66872358 -6.72824764 12.49668789
v 4.66872358 -6.84968853 12.38519192
v 4.65606642 -6.93217945 12.32237339
v 4.65606642 -7.03586769 12.20511341
v 4.65606642 -7.13233995 12.08173370
v 4.65606642 -7.22378588 11.94903660
v 4.65606642 -7.30714226 11.81098080
v 4.65606642 -7.38445044 11.66345882
v 4.65606642 -7.45263481 11.51144981
v 4.65606642 -7.51239014 11.35278988
v 4.65606642 -7.56215954 11.19077682
v 4.65606642 -7.60166407 11.02610588
v 4.65606642 -7.63064718 10.85939026
v 4.65606642 -7.64746761 10.70867538
v 4.50000000 -6.62962198 12.63923836
v 4.50000000 -6.73124790 12.56264305
v 4.50000000 -6.80964136 12.50355911
v 4.50000000 -6.88600826 12.42258453
v 4.50000000 -6.44486380 12.77849007
v 4.54233027 -6.63490582 12.64625740
v 4.58469677 -6.76220512 12.53591919
v 4.60496950 -6.88192081 12.41804314
v 4.50000000 -6.34512997 12.83013153
v 4.54233027 -6.49444103 12.74540138
v 4.58469677 -6.63125372 12.64146233
v 4.60496950 -6.75836325 12.53148079
v 4.62393188 -6.87628126 12.41229534
v 4.62393188 -6.94890404 12.33814812
v 4.64108562 -7.04556942 12.21323967
v 4.54233027 -6.34787226 12.83552551
v 4.58469677 -6.49110270 12.74038696
v 4.50000000 -6.03829670 12.98900795
v 4.50000000 -5.92028761 13.02744961
v 4.50000000 -5.71745586 13.09352112
v 4.50000000 -5.61553049 13.12672329
v 4.50000000 -5.46742153 13.14982033
v 4.50000000 -4.53312397 13.14794922
v 4.50000000 -4.75695992 13.18800640
v 4.50000000 -4.76311779 13.18910789
v 4.50000000 -5.00007772 13.19120312
v 4.50000000 -5.07888079 13.19189930
v 4.50000000 -5.19123173 13.19289207
v 4.50000000 -5.39790297 13.16066170
v 4.58469677 -4.25380373 13.08481407
v 4.54233027 -4.25213337 13.09060097
v 4.50000000 -4.31195593 13.10836983
v 4.50000000 -4.08071327 13.02553654
v 4.50000000 -4.09086800 13.02917385
v 4.50000000 -3.88262844 12.95457935
v 4.50000000 -3.77775812 12.89649487
v 4.50000000 -3.65531301 12.82867622
v 4.50000000 -3.49756956 12.74130630
v 4.50000000 -3.48845863 12.73413658
v 4.50000000 -3.26954556 12.56187439
v 4.50000000 -3.23608279 12.53554344
v 4.50000000 -3.15887523 12.47478867
v 4.50000000 -3.00989985 12.31117630
v 4.50000000 -2.93678498 12.23087883
v 4.50000000 -2.86843896 12.15581799
v 4.65606642 -2.73541260 11.88378906
v 4.64108562 -2.72462058 11.89038372
v 4.62393188 -2.71581101 11.89576626
v 4.60496950 -2.80244374 12.04387474
v 4.58469677 -2.70394087 11.90301991
v 4.58469677 -2.79764271 12.04724693
v 4.54233027 -2.69880033 11.90616131
v 4.54233027 -2.79271173 12.05071163
v 4.50000000 -2.66892219 11.84537792
v 4.50000000 -2.79852033 12.04702759
v 4.58469677 -2.61944628 11.75307941
v 4.54233027 -2.61411643 11.75588512
v 4.50000000 -2.62020159 11.76957226
v 4.62393188 -2.80902815 12.03924847
v 4.64108562 -2.81747842 12.03331184
v 4.65606642 -2.82783008 12.02604008
v 4.66872358 -2.84008145 12.01743221
v 4.58469677 -2.54479814 11.59890652
v 4.54233027 -2.53930140 11.60136700
v 4.50000000 -2.61432433 11.75588131
v 4.50000000 -2.32516527 10.80229473
v 4.50000000 -2.33582497 10.93034267
v 4.50000000 -2.34517789 10.96781158
v 4.50000000 -2.38311410 11.11979008
v 4.50000000 -2.44126868 11.35276604
v 4.50000000 -2.47024751 11.42026997
v 4.50000000 -2.47889614 11.44041634
v 4.66650534 -2.35590267 10.50000000
v 4.50000000 -2.29999995 10.50000000
v 4.66242838 -2.35136962 10.50000000
v 4.65588665 -2.34409547 10.50000000
v 4.65606642 -2.34833860 10.64921570
v 4.65352440 -2.34146905 10.50000000
v 4.64094448 -2.33145380 10.50000000
v 4.69999981 -6.09999990 9.86491489
v 4.69999981 -5.00000000 9.22982979
v 4.69999981 -6.09999990 11.13508511
v 4.69999981 -5.00000000 11.77017021
v 4.69999981 -3.89999986 11.13508511
v 4.69999981 -3.89999986 9.86491489
v 1.29999995 -4.07654572 13.03717041
v 1.29999995 -4.53114986 13.15898037
v 1.29999995 -5.00000000 13.19999981
v 1.29999995 -5.46885014 13.15898037
v 1.29999995 -5.92345428 13.03717041
v 1.29999995 -6.34999990 12.83826828
v 1.29999995 -6.73552656 12.56832027
v 1.29999995 -7.06832027 12.23552704
v 1.29999995 -7.33826876 11.85000038
v 1.29999995 -7.53716993 11.42345428
v 1.29999995 -7.65898085 10.96885014
v 1.29999995 -7.69999981 10.50000000
v 1.29999995 -7.65898085 10.03114986
v 1.29999995 -7.53716993 9.57654572
v 1.29999995 -7.33826876 9.15000057
v 1.29999995 -7.06832027 8.76447392
v 1.29999995 -6.73552656 8.43167973
v 1.29999995 -6.34999990 8.16173077
v 1.29999995 -5.92345428 7.96283054
v 1.29999995 -5.46885014 7.84101915
v 1.29999995 -5.00000000 7.79999971
v 1.29999995 -4.53114986 7.84101915
v 1.29999995 -4.07654572 7.96283054
v 1.29999995 -3.65000010 8.16173077
v 1.29999995 -3.26447344 8.43167973
v 1.29999995 -2.93167996 8.76447392
v 1.29999995 -2.66173124 9.15000057
v 1.29999995 -2.46282983 9.57654572
v 1.29999995 -2.34101892 10.03114986
v 1.29999995 -2.29999995 10.50000000
v 1.29999995 -2.34101892 10.96885014
v 1.29999995 -2.46282983 11.42345428
v 1.29999995 -2.66173124 11.85000038
v 1.29999995 -2.93167996 12.23552704
v 1.29999995 -3.26447344 12.56832027
v 1.29999995 -3.65000010 12.83826828
v 4.69999981 -7.20499277 9.33902073
v 4.69999981 -7.16925335 9.26193523
v 4.69999981 -4.78109550 8.01004601
v 4.69999981 -4.63180637 8.03673553
v 4.69999981 -4.36334467 8.08472919
v 4.69999981 -4.33459663 8.09502220
v 4.69999981 -3.18848372 8.78876400
v 4.69999981 -3.02659726 8.96649170
v 4.69999981 -3.60920048 8.42449093
v 4.69999981 -3.49035048 8.51798153
v 4.69999981 -2.99741101 9.01188660
v 4.69999981 -2.83340168 9.26698112
v 4.69999981 -2.79668689 9.32408524
v 4.69999981 -4.03943825 8.20069504
v 4.69999981 -3.96578670 8.22706413
v 4.69999981 -3.75533199 8.34358406
v 4.69999981 -7.45740414 10.04837227
v 4.69999981 -7.42356825 9.92618465
v 4.69999981 -2.69989109 9.54945755
v 4.69999981 -2.63093925 9.70999908
v 4.69999981 -2.59604716 9.84968472
v 4.69999981 -2.53323841 10.10113144
v 4.69999981 -2.52832198 10.16013050
v 4.69999981 -2.50462699 10.44447517
v 4.69999981 -3.29556251 8.67120647
v 4.69999981 -3.25244522 8.71854305
v 4.69999981 -7.03817034 9.06792927
v 4.69999981 -6.94625282 8.93188953
v 4.69999981 -6.84325838 8.82264233
v 4.69999981 -6.67591572 8.64514256
v 4.69999981 -6.63444090 8.61387157
v 4.69999981 -6.39698029 8.43483257
v 4.69999981 -6.33821058 8.39052200
v 4.69999981 -6.13083696 8.28310013
v 4.69999981 -5.96178675 8.19553089
v 4.69999981 -5.84254885 8.15666676
v 4.69999981 -7.49894285 10.42916584
v 4.69999981 -7.47616196 10.22033215
v 4.69999981 -5.22460556 8.01396942
v 4.69999981 -5.17748356 8.00661182
v 4.69999981 -4.92708492 8.00878048
v 4.69999981 -7.34399843 9.63884163
v 4.69999981 -7.33869886 9.62740993
v 4.69999981 -5.57034111 8.06794548
v 4.69999981 -5.53764057 8.06284046
v 4.50000000 -3.19035888 8.49644184
v 4.50000000 -3.26875210 8.43735695
v 4.50000000 -7.65482187 10.03218842
v 4.50000000 -7.61688614 9.88020897
v 4.50000000 -7.33107805 9.15462112
v 4.50000000 -7.37979889 9.23042870
v 4.50000000 -7.52110386 9.55958366
v 4.50000000 -7.52975225 9.57973003
v 4.50000000 -7.55873156 9.64723301
v 4.50000000 -7.38567591 9.24411869
v 4.50000000 -7.20147991 8.95297241
v 4.50000000 -7.13156080 8.84418297
v 4.50000000 -6.73045444 8.43812561
v 4.50000000 -6.76392126 8.46446037
v 4.50000000 -6.84112453 8.52521133
v 4.50000000 -6.99010038 8.68882370
v 4.50000000 -7.06321526 8.76912212
v 4.50000000 -6.34468651 8.17132378
v 4.50000000 -6.50243044 8.25869370
v 4.50000000 -6.51154518 8.26586723
v 4.50000000 -6.22224617 8.10350800
v 4.50000000 -6.11737156 8.04541969
v 4.50000000 -5.24304485 7.81199455
v 4.50000000 -5.46687603 7.85205030
v 4.50000000 -5.57980680 7.87226009
v 4.50000000 -5.68804407 7.89162970
v 4.50000000 -5.90913677 7.97082758
v 4.50000000 -5.91928720 7.97446346
v 4.50000000 -4.80876875 7.80710745
v 4.50000000 -4.60209656 7.83933783
v 4.50000000 -4.53257847 7.85017967
v 4.50000000 -4.92111874 7.80810070
v 4.50000000 -4.99992228 7.80879736
v 4.50000000 -5.23688173 7.81089211
v 4.50000000 -4.38446951 7.87327719
v 4.50000000 -4.28254318 7.90647888
v 4.50000000 -3.96072578 8.01149845
v 4.50000000 -4.07971191 7.97255039
v 4.50000000 -3.37037706 8.36076260
v 4.50000000 -3.55513573 8.22150993
v 4.50000000 -3.65435219 8.17013645
v 4.50000000 -2.89832807 8.80608940
v 4.50000000 -2.93480039 8.76741695
v 4.50000000 -3.04357386 8.65208054
v 4.50000000 -3.11399126 8.57741547
v 4.50000000 -2.46864605 9.56950283
v 4.50000000 -2.51357889 9.47262955
v 4.50000000 -2.65596604 9.16565228
v 4.50000000 -2.65743208 9.16249084
v 4.50000000 -2.66457558 9.15192223
v 4.50000000 -2.83885694 8.89407539
v 4.50000000 -2.46641874 9.57753944
v 4.50000000 -2.40524888 9.79829025
v 4.50000000 -2.34609270 10.01177216
v 4.50000000 -2.30090594 10.43967915
v 4.50000000 -2.30115581 10.42303658
v 4.50000000 -2.33281398 10.13329887
v 4.50000000 -2.34394050 10.03146935
v 4.50000000 -7.66417503 10.06965828
v 4.50000000 -7.67483473 10.19770432
v 4.54233027 -7.65753174 10.03698444
v 4.54233027 -7.10586452 8.81294155
v 4.54233027 -7.20728779 8.94928837
v 4.54233027 -7.69453192 10.34837246
v 4.54233027 -7.68123102 10.19720173
v 4.58469677 -7.67524147 10.19787788
v 4.65606642 -7.65166140 10.35078430
v 4.58469677 -7.65159512 10.03801918
v 4.54233027 -3.23384905 8.45952320
v 4.54233027 -3.10974503 8.57346439
v 4.58469677 -3.11396766 8.57776737
v 4.54233027 -3.03791571 8.64674664
v 4.58469677 -3.04229879 8.65088558
v 4.54233027 -2.44768047 9.63140869
v 4.54233027 -2.39698195 9.79599285
v 4.58469677 -2.40279675 9.79756546
v 4.60496950 -2.31359935 10.43996429
v 4.62393188 -2.32164860 10.44014359
v 4.54233027 -2.30170274 10.43969822
v 4.69900751 -2.45833898 10.44319820
v 4.67905617 -2.37675858 10.44137573
v 4.62393188 -2.32978678 10.28745174
v 4.60496950 -2.33890319 10.13432312
v 4.58469677 -2.30773044 10.43983269
v 4.58469677 -2.31591105 10.28634739
v 4.54233027 -2.30990171 10.28586864
v 4.66872358 -2.35960960 10.44099236
v 4.66872358 -2.36763239 10.29046345
v 4.67905617 -2.40146732 10.14292145
v 4.62393188 -2.41622353 9.80119705
v 4.60496950 -2.40845847 9.79909706
v 4.62393188 -2.37624478 9.96727276
v 4.62393188 -2.34687686 10.13541985
v 4.58469677 -2.36261034 9.96450424
v 4.54233027 -2.35670543 9.96330547
v 4.58469677 -2.33308983 10.13352489
v 4.69900751 -2.48227954 10.15402603
v 4.69900751 -2.54808688 9.83685970
v 4.67905617 -2.46938729 9.81557560
v 4.66872358 -2.41343188 9.97482300
v 4.66872358 -2.38448000 10.14058685
v 4.62393188 -2.46654725 9.63782883
v 4.60496950 -2.51950669 9.47477722
v 4.58469677 -2.45338202 9.63334846
v 4.67905617 -2.57782507 9.49888134
v 4.66872358 -2.50245476 9.65004921
v 4.66872358 -2.45284414 9.81110191
v 4.54233027 -2.50852227 9.47023773
v 4.58469677 -2.51408792 9.47253799
v 4.54233027 -2.57791471 9.31584740
v 4.58469677 -2.58332539 9.31849289
v 4.54233027 -2.65657306 9.16602421
v 4.58469677 -2.66180801 9.16900349
v 4.60496950 -2.66690493 9.17190552
v 4.69900751 -2.65315223 9.53001499
v 4.69900751 -2.79260874 9.24346161
v 4.67905617 -2.72175765 9.20313072
v 4.66872358 -2.62989378 9.34125996
v 4.66872358 -2.56199050 9.49233723
v 4.62393188 -2.52693915 9.47784996
v 4.62393188 -2.59581876 9.32460117
v 4.62393188 -2.67389560 9.17588520
v 4.62393188 -2.75805759 9.03673077
v 4.64108562 -2.33197856 10.44037437
v 4.64108562 -2.34008551 10.28827095
v 4.64108562 -2.35710955 10.13682556
v 4.64108562 -2.38636422 9.96932793
v 4.64108562 -2.42618871 9.80389214
v 4.64108562 -2.47631860 9.64115334
v 4.64108562 -2.53647757 9.48179245
v 4.64108562 -2.60509133 9.32913494
v 4.64108562 -2.68286705 9.18099213
v 4.64108562 -2.76670432 9.04237461
v 4.67905617 -2.89460325 8.93584538
v 4.66872358 -2.78983307 9.05747032
v 4.66872358 -2.70686412 9.19465256
v 4.60496950 -3.04656672 8.65491676
v 4.60496950 -2.84391189 8.89818573
v 4.62393188 -2.94775915 8.77862740
v 4.62393188 -2.85037231 8.90298462
v 4.64108562 -2.85866332 8.90914440
v 4.58469677 -2.93709445 8.76968193
v 4.54233027 -2.93247581 8.76580715
v 4.58469677 -2.83920169 8.89468575
v 4.69900751 -2.96007895 8.98448944
v 4.69900751 -3.15181470 8.75432682
v 4.67905617 -3.16232419 8.62705231
v 4.66872358 -3.08002329 8.68651772
v 4.67905617 -3.09249306 8.69829559
v 4.66872358 -2.97684598 8.80302429
v 4.66872358 -2.88083959 8.92561913
v 4.69900751 -3.21947408 8.68529892
v 4.69900751 -3.45999956 8.47833347
v 4.65606642 -3.67357159 8.20163345
v 4.64108562 -3.66725039 8.19068050
v 4.65606642 -3.52933502 8.29032230
v 4.64108562 -3.52232647 8.27979279
v 4.65606642 -3.39110494 8.38789082
v 4.64108562 -3.38343763 8.37782574
v 4.65606642 -3.26194859 8.49198723
v 4.64108562 -3.25366569 8.48241806
v 4.65606642 -3.13981891 8.60411549
v 4.62393188 -3.66209030 8.18173885
v 4.62393188 -3.51660514 8.27119637
v 4.62393188 -3.37717867 8.36960888
v 4.60496950 -3.37230158 8.36320591
v 4.60496950 -3.65806961 8.17477226
v 4.58469677 -3.50889659 8.25961399
v 4.58469677 -3.65513778 8.16969204
v 4.54233027 -3.65212679 8.16447449
v 4.67905617 -3.41056991 8.41344357
v 4.67905617 -3.68961930 8.22943974
v 4.66872358 -3.53762984 8.30278587
v 4.66872358 -3.68105292 8.21459675
v 4.64108562 -3.05993104 8.66753960
v 4.64108562 -3.13095427 8.59508038
v 4.62393188 -3.24690437 8.47460651
v 4.62393188 -3.81304502 8.10147572
v 4.64108562 -3.81762290 8.11072636
v 4.65606642 -3.82323098 8.12205887
v 4.69900751 -3.73037100 8.30005169
v 4.69900751 -4.02137661 8.15674114
v 4.66872358 -3.82986808 8.13547039
v 4.67905617 -3.98996520 8.08152962
v 4.66872358 -3.98336220 8.06571960
v 4.60496950 -4.28394794 7.91265917
v 4.60496950 -3.96564698 8.02330017
v 4.62393188 -4.12575865 7.97071218
v 4.62393188 -3.96874595 8.03072071
v 4.64108562 -3.97272372 8.04024506
v 4.54233027 -3.96106625 8.01233196
v 4.58469677 -3.96338701 8.01788902
v 4.54233027 -4.11924791 7.95187616
v 4.58469677 -4.12121534 7.95756817
v 4.54233027 -4.28077698 7.90120125
v 4.58469677 -4.28238392 7.90700579
v 4.54233027 -4.43985939 7.86168146
v 4.66872358 -4.13814926 8.00656033
v 4.67905617 -4.30078316 7.97348928
v 4.66872358 -4.29621220 7.95697212
v 4.65606642 -4.60726786 7.87427473
v 4.64108562 -4.60539627 7.86176157
v 4.65606642 -4.44877148 7.90365696
v 4.64108562 -4.44614410 7.89128447
v 4.65606642 -4.29222012 7.94254780
v 4.64108562 -4.28884697 7.93036079
v 4.65606642 -4.13326073 7.99241734
v 4.64108562 -4.12913036 7.98046684
v 4.65606642 -3.97759581 8.05191135
v 4.62393188 -4.60386848 7.85154676
v 4.62393188 -4.44399977 7.88118410
v 4.62393188 -4.28609371 7.92041159
v 4.60496950 -4.60267782 7.84358740
v 4.58469677 -4.44111109 7.86757469
v 4.58469677 -4.60180950 7.83778334
v 4.54233027 -4.60091829 7.83182287
v 4.69900751 -4.32252789 8.05206108
v 4.69900751 -4.62408495 7.98671055
v 4.66872358 -4.45188046 7.91830111
v 4.67905617 -4.61201906 7.90604115
v 4.66872358 -4.60948277 7.88908339
v 4.62393188 -4.76242685 7.83198404
v 4.64108562 -4.76334286 7.84227419
v 4.65606642 -4.76446581 7.85487986
v 4.66872358 -4.76579428 7.86979866
v 4.67905617 -4.92340040 7.87724543
v 4.66872358 -4.92289925 7.86009979
v 4.60496950 -5.24197721 7.82431126
v 4.60496950 -4.92155600 7.81409836
v 4.62393188 -5.08166075 7.82225466
v 4.62393188 -4.92179108 7.82214642
v 4.64108562 -4.92209291 7.83247423
v 4.65606642 -4.92246199 7.84512615
v 4.64108562 -5.08134556 7.83258200
v 4.62393188 -5.24125195 7.83232784
v 4.54233027 -4.92120838 7.80220413
v 4.58469677 -4.92138481 7.80823088
v 4.54233027 -5.08226871 7.80231333
v 4.58469677 -5.08208466 7.80833960
v 4.54233027 -5.24304914 7.81246138
v 4.58469677 -5.24250603 7.81846523
v 4.54233027 -5.41273785 7.83396435
v 4.69900751 -4.92578220 7.95881081
v 4.69900751 -5.22894001 7.96847343
v 4.66872358 -5.08050299 7.86020708
v 4.67905617 -5.23628807 7.88721800
v 4.66872358 -5.23783255 7.87013769
v 4.66872358 -5.40388012 7.89117908
v 4.67905617 -5.56468439 7.93951464
v 4.66872358 -5.56837606 7.92277622
v 4.54233027 -5.74787140 7.90940046
v 4.58469677 -5.57954359 7.87213707
v 4.58469677 -5.74620104 7.91518784
v 4.60496950 -5.57828045 7.87786579
v 4.60496950 -5.90794230 7.97412157
v 4.69900751 -5.54712343 8.01914310
v 4.69900751 -5.85902357 8.11021233
v 4.66872358 -5.73182201 7.96499586
v 4.67905617 -5.88659573 8.03350639
v 4.66872358 -5.89239168 8.01738262
v 4.62393188 -6.06273842 8.04409695
v 4.60496950 -6.21976948 8.10888481
v 4.62393188 -5.40968704 7.85367203
v 4.62393188 -5.57654762 7.88572264
v 4.62393188 -5.74234295 7.92855024
v 4.62393188 -5.90522146 7.98168945
v 4.54233027 -5.91196299 7.96293545
v 4.58469677 -5.90992594 7.96860361
v 4.54233027 -6.07065248 8.02580738
v 4.58469677 -6.06826067 8.03133488
v 4.54233027 -6.22517109 8.09829617
v 4.58469677 -6.22243452 8.10366154
v 4.54233027 -6.37094116 8.17782879
v 4.66872358 -6.04767609 8.07890511
v 4.67905617 -6.19109201 8.16510105
v 4.66872358 -6.19887829 8.14983845
v 4.60496950 -6.50488853 8.27582073
v 4.58469677 -6.36787844 8.18301582
v 4.58469677 -6.50817680 8.27096176
v 4.54233027 -6.51155329 8.26597118
v 4.69900751 -6.15405035 8.23771477
v 4.69900751 -6.42380762 8.39565659
v 4.66872358 -6.34152031 8.22766304
v 4.67905617 -6.46950769 8.32811260
v 4.66872358 -6.47911453 8.31391430
v 4.62393188 -6.21611500 8.11604977
v 4.62393188 -6.36080694 8.19499397
v 4.62393188 -6.50037956 8.28248501
v 4.62393188 -6.63015795 8.37516689
v 4.60496950 -6.75931120 8.46933460
v 4.58469677 -6.63862944 8.36412525
v 4.54233027 -6.64229774 8.35934353
v 4.66872358 -6.60705328 8.40528297
v 4.67905617 -6.71794891 8.51707745
v 4.66872358 -6.72917891 8.50411415
v 4.54233027 -6.76710224 8.46034241
v 4.58469677 -6.76315451 8.46489811
v 4.54233027 -6.88502073 8.56834793
v 4.58469677 -6.88080978 8.57266331
v 4.60496950 -6.98719311 8.69146633
v 4.69900751 -6.66452217 8.57874393
v 4.69900751 -6.88012648 8.78890705
v 4.66872358 -6.84456730 8.60980225
v 4.67905617 -6.94047308 8.73398590
v 4.66872358 -6.95315838 8.72244167
v 4.54233027 -6.99599361 8.68345737
v 4.58469677 -6.99153519 8.68751526
v 4.58469677 -7.10116005 8.81670952
v 4.58469677 -7.20235729 8.95275307
v 4.60496950 -7.19755650 8.95612621
v 4.60496950 -7.09657955 8.82037926
v 4.66872358 -7.06067181 8.84914589
v 4.67905617 -7.14589071 8.99242306
v 4.66872358 -7.15991879 8.98256779
v 4.65606642 -7.26458740 9.11621094
v 4.64108562 -7.27537918 9.10961628
v 4.65606642 -7.17217016 8.97396088
v 4.64108562 -7.18252182 8.96668816
v 4.65606642 -7.07235956 8.83978271
v 4.64108562 -7.08223581 8.83187103
v 4.65606642 -6.96423674 8.71235847
v 4.64108562 -6.97359753 8.70383930
v 4.65606642 -6.85503006 8.59908104
v 4.64108562 -6.86387014 8.59002209
v 4.65606642 -6.73898745 8.49279308
v 4.64108562 -6.74727488 8.48322773
v 4.65606642 -6.61616898 8.39340115
v 4.64108562 -6.62387085 8.38336277
v 4.65606642 -6.48750401 8.30151558
v 4.64108562 -6.49459267 8.29103756
v 4.65606642 -6.34912920 8.21477413
v 4.64108562 -6.35555840 8.20388412
v 4.65606642 -6.20567846 8.13650703
v 4.64108562 -6.21142435 8.12524414
v 4.65606642 -6.05361843 8.06517124
v 4.64108562 -6.05863953 8.05356789
v 4.65606642 -5.89745331 8.00330067
v 4.64108562 -5.90173054 7.99140263
v 4.65606642 -5.73597288 7.95061684
v 4.64108562 -5.73948002 7.93846798
v 4.65606642 -5.57159996 7.90815687
v 4.64108562 -5.57432413 7.89580584
v 4.65606642 -5.40617085 7.87638140
v 4.64108562 -5.40810633 7.86387825
v 4.65606642 -5.23918152 7.85522079
v 4.64108562 -5.24032164 7.84261608
v 4.65606642 -5.08095980 7.84523392
v 4.62393188 -6.75403976 8.47541904
v 4.62393188 -6.87108660 8.58262730
v 4.62393188 -6.98123932 8.69688511
v 4.62393188 -7.09029818 8.82541180
v 4.62393188 -7.19097185 8.96075153
v 4.62393188 -7.28418922 9.10423279
v 4.69900751 -7.07915497 9.03930664
v 4.69900751 -7.24738312 9.31701946
v 4.66872358 -7.25181484 9.12401581
v 4.67905617 -7.31951809 9.27904797
v 4.66872358 -7.33468103 9.27106667
v 4.60496950 -7.51469946 9.56165600
v 4.60496950 -7.37536430 9.24965191
v 4.62393188 -7.44250917 9.40677452
v 4.62393188 -7.36824703 9.25339890
v 4.64108562 -7.35911322 9.25820637
v 4.54233027 -7.38588333 9.24411488
v 4.58469677 -7.38055372 9.24692059
v 4.54233027 -7.46069860 9.39863300
v 4.58469677 -7.45520163 9.40109348
v 4.54233027 -7.52583551 9.55750084
v 4.58469677 -7.52019310 9.55960655
v 4.54233027 -7.57992458 9.71647263
v 4.66872358 -7.40789127 9.42226887
v 4.67905617 -7.45557737 9.58371735
v 4.66872358 -7.47163010 9.57772732
v 4.65606642 -7.58248615 9.88825226
v 4.64108562 -7.59479332 9.88533688
v 4.65606642 -7.53887749 9.72893810
v 4.64108562 -7.55097675 9.72526455
v 4.65606642 -7.48564959 9.57249546
v 4.64108562 -7.49749517 9.56807518
v 4.65606642 -7.42154884 9.41615677
v 4.64108562 -7.43308878 9.41099167
v 4.65606642 -7.34792376 9.26409531
v 4.62393188 -7.60483980 9.88295746
v 4.62393188 -7.56085348 9.72226429
v 4.62393188 -7.50716448 9.56446743
v 4.60496950 -7.61266804 9.88110352
v 4.58469677 -7.57416105 9.71822262
v 4.58469677 -7.61837626 9.87975121
v 4.54233027 -7.62423849 9.87836266
v 4.69900751 -7.37921095 9.61221313
v 4.69900751 -7.47190142 9.91444874
v 4.66872358 -7.52455807 9.73328781
v 4.67905617 -7.55124283 9.89565372
v 4.66872358 -7.56792068 9.89170265
v 4.62393188 -7.63788748 10.04040718
v 4.64108562 -7.62771320 10.04217911
v 4.65606642 -7.61525011 10.04435158
v 4.69900751 -7.52558565 10.21477985
v 4.68710756 -7.58781242 10.20775223
v 4.69297838 -7.56767321 10.21002579
v 4.68710756 -7.53280544 9.90002155
v 4.69297838 -7.51309395 9.90468979
v 4.68710756 -7.43783140 9.59033871
v 4.69297838 -7.41885900 9.59741783
v 4.68710756 -7.30275536 9.28787136
v 4.69297838 -7.28483391 9.29730511
v 4.68710756 -7.13038254 9.00331783
v 4.69297838 -7.11380291 9.01496601
v 4.68710756 -6.92644978 8.74674892
v 4.69297838 -6.91145706 8.76039314
v 4.68710756 -6.70553303 8.53140640
v 4.69297838 -6.69226027 8.54672813
v 4.68710756 -6.45888853 8.34380817
v 4.69297838 -6.44753456 8.36058903
v 4.68710756 -6.18248415 8.18197536
v 4.69297838 -6.17328167 8.20001507
v 4.68710756 -5.88018847 8.05133152
v 4.69297838 -5.87333870 8.07038784
v 4.68710756 -5.56060410 7.95801830
v 4.69297838 -5.55624104 7.97780132
v 4.68710756 -5.23458052 7.90609980
v 4.69297838 -5.23275518 7.92628717
v 4.68710756 -4.92395401 7.89619970
v 4.69297838 -4.92454576 7.91646338
v 4.68710756 -4.61482286 7.92478657
v 4.69297838 -4.61782026 7.94482899
v 4.68710756 -4.30583572 7.99174690
v 4.69297838 -4.31123829 8.01126766
v 4.68710756 -3.99726439 8.09900665
v 4.69297838 -4.00506783 8.11769295
v 4.68710756 -3.69908905 8.24584770
v 4.69297838 -3.70921326 8.26339149
v 4.68710756 -3.42205644 8.42852211
v 4.69297838 -3.43433642 8.44464397
v 4.68710756 -3.17560458 8.64058685
v 4.69297838 -3.18980289 8.65505791
v 4.68710756 -3.10627818 8.71131706
v 4.69297838 -3.12101579 8.72523689
v 4.68710756 -2.90981817 8.94714928
v 4.69297838 -2.92608523 8.95923424
v 4.68710756 -2.73822188 9.21250248
v 4.69297838 -2.75582409 9.22252274
v 4.68710756 -2.59532952 9.50611687
v 4.69297838 -2.61404371 9.51385117
v 4.68710756 -2.48767519 9.82052135
v 4.69297838 -2.50722742 9.82580948
v 4.68710756 -2.42024636 10.14550209
v 4.69297838 -2.44032335 10.14826107
v 4.68710756 -2.39571595 10.44180012
v 4.69297838 -2.41598368 10.44225216
v 4.66872358 -7.60049963 10.04692078
v 4.67905617 -7.60664988 10.20562458
v 4.66872358 -7.62369013 10.20369911
v 4.64108562 -7.66429806 10.35007381
v 4.62393188 -7.67461395 10.34949303
v 4.60496950 -7.66940975 10.19853687
v 4.62393188 -7.66141129 10.19944000
v 4.64108562 -7.65114641 10.20059967
v 4.65606642 -7.63857222 10.20201969
v 4.58469677 -7.68851233 10.34871101
v 4.65606642 -2.34463310 10.44065762
v 4.54233027 -2.32711887 10.13270473
v 4.58469677 -2.74640727 9.02912712
v 4.54233027 -2.74136162 9.02583313
v 4.54233027 -2.83436418 8.89109135
v 4.66872358 -3.40017939 8.39980316
v 4.66872358 -3.27175140 8.50331306
v 4.66872358 -3.15031075 8.61480808
v 4.65606642 -3.06913280 8.67623138
v 4.65606642 -2.96537042 8.79339886
v 4.65606642 -2.86881948 8.91668987
v 4.65606642 -2.77729678 9.04928780
v 4.65606642 -2.69385695 9.18724823
v 4.65606642 -2.61645031 9.33468819
v 4.65606642 -2.54816175 9.48662090
v 4.65606642 -2.48828840 9.64522743
v 4.65606642 -2.43839622 9.80719376
v 4.65606642 -2.39876056 9.97184372
v 4.65606642 -2.36964464 10.13854790
v 4.65606642 -2.35270119 10.28927517
v 4.54233027 -3.36509347 8.35374355
v 4.58469677 -3.23779440 8.46408081
v 4.60496950 -3.11807895 8.58195782
v 4.54233027 -3.50555825 8.25459766
v 4.58469677 -3.36874557 8.35853767
v 4.60496950 -3.24163580 8.46852016
v 4.62393188 -3.12371778 8.58770466
v 4.62393188 -3.05241942 8.66044521
v 4.64108562 -2.95567441 8.78526592
v 4.58469677 -3.80687690 8.08901119
v 4.54233027 -3.80420566 8.08361340
v 4.58469677 -4.76119184 7.81811953
v 4.54233027 -4.76065731 7.81211519
v 4.54233027 -5.58084154 7.86625385
v 4.58469677 -5.41181564 7.83992004
v 4.58469677 -7.29605913 9.09698009
v 4.54233027 -7.30119991 9.09383869
v 4.66268635 -7.63141584 10.20282745
v 4.00000000 -8.75000000 25.75735855
v 4.50000000 -8.25000000 25.75735855
v 4.46306515 -8.25000000 26.22666168
v 3.96922088 -8.75000000 26.14844513
v 4.35316944 -8.25000000 26.68441010
v 3.87764144 -8.75000000 26.52990341
v 4.17301941 -8.25000000 27.11933136
v 3.72751641 -8.75000000 26.89233589
v 3.92705107 -8.25000000 27.52071381
v 3.52254248 -8.75000000 27.22682190
v 3.62132025 -8.25000000 27.87867928
v 3.26776695 -8.75000000 27.52512741
v 4.50000000 8.25000000 25.75735855
v 4.00000000 8.75000000 25.75735855
v 3.26776695 8.75000000 27.52512741
v 3.62132025 8.25000000 27.87867928
v 3.92705107 8.25000000 27.52071381
v 3.52254248 8.75000000 27.22682190
v 4.17301941 8.25000000 27.11933136
v 3.72751641 8.75000000 26.89233589
v 4.35316944 8.25000000 26.68441010
v 3.87764144 8.75000000 26.52990341
v 4.46306515 8.25000000 26.22666168
v 3.96922088 8.75000000 26.14844513
v -0.50000000 -8.75000000 31.29289246
v -0.50000000 -8.25000000 32.00000000
v -0.50000000 8.75000000 31.29289246
v -0.50000000 8.25000000 32.00000000
v -0.50000000 10.00000000 34.50000000
v -0.50000000 -5.00000000 39.50000000
v -0.50000000 5.00000000 39.50000000
v -0.50000000 5.78217268 39.43844223
v -0.50000000 6.54508495 39.25528336
v -0.50000000 -5.78217268 39.43844223
v -0.50000000 -6.54508495 39.25528336
v -0.50000000 -7.26995230 38.95503235
v -0.50000000 9.93844223 35.28217316
v -0.50000000 9.75528240 36.04508591
v -0.50000000 -9.04508495 37.43892670
v -0.50000000 -9.45503235 36.76995087
v -0.50000000 9.45503235 36.76995087
v -0.50000000 9.04508495 37.43892670
v -0.50000000 8.53553391 38.03553391
v -0.50000000 -7.93892622 38.54508209
v -0.50000000 -8.53553391 38.03553391
v -0.50000000 -9.75528240 36.04508591
v -0.50000000 -9.93844223 35.28217316
v -0.50000000 -10.00000000 34.50000000
v -0.50000000 -10.00000000 6.50000000
v -0.50000000 10.00000000 6.50000000
v -0.50000000 7.93892622 38.54508209
v -0.50000000 7.26995230 38.95503235
v -1.00000000 -10.50000000 6.00000000
v -1.00000000 -10.50000000 34.50000000
v -1.00000000 -5.00000000 40.00000000
v -1.00000000 -5.86038971 39.93228531
v -1.00000000 -6.69959307 39.73080826
v -1.00000000 -7.49694777 39.40053558
v -1.00000000 -8.23281860 38.94959259
v -1.00000000 -8.88908768 38.38908768
v -1.00000000 -9.44959354 37.73281860
v -1.00000000 -9.90053558 36.99694824
v -1.00000000 -10.23081017 36.19959259
v -1.00000000 -10.43228626 35.36038971
v -1.00000000 5.00000000 40.00000000
v -1.00000000 10.50000000 34.50000000
v -1.00000000 10.43228626 35.36038971
v -1.00000000 10.23081017 36.19959259
v -1.00000000 9.90053558 36.99694824
v -1.00000000 9.44959354 37.73281860
v -1.00000000 8.88908768 38.38908768
v -1.00000000 8.23281860 38.94959259
v -1.00000000 7.49694777 39.40053558
v -1.00000000 6.69959307 39.73080826
v -1.00000000 5.86038971 39.93228531
v -1.00000000 10.50000000 6.00000000
v -6.00000000 -10.50000000 34.50000000
v -6.00000000 -10.50000000 6.00000000
v -6.00000000 -5.00000000 40.00000000
v -6.00000000 -5.86038971 39.93228531
v -6.00000000 -6.69959307 39.73080826
v -6.00000000 -7.49694777 39.40053558
v -6.00000000 -8.23281860 38.94959259
v -6.00000000 -8.88908768 38.38908768
v -6.00000000 -9.44959354 37.73281860
v -6.00000000 -9.90053558 36.99694824
v -6.00000000 -10.23081017 36.19959259
v -6.00000000 -10.43228626 35.36038971
v -6.00000000 5.00000000 40.00000000
v -6.00000000 10.50000000 34.50000000
v -6.00000000 10.43228626 35.36038971
v -6.00000000 10.23081017 36.19959259
v -6.00000000 9.90053558 36.99694824
v -6.00000000 9.44959354 37.73281860
v -6.00000000 8.88908768 38.38908768
v -6.00000000 8.23281860 38.94959259
v -6.00000000 7.49694777 39.40053558
v -6.00000000 6.69959307 39.73080826
v -6.00000000 5.86038971 39.93228531
v -6.00000000 10.50000000 6.00000000
v -6.00000000 10.00000000 6.00000000
v -7.50000000 10.00000000 6.00000000
v -6.00000000 10.00000000 34.50000000
v -7.50000000 10.00000000 34.50000000
v -6.00000000 -10.00000000 6.00000000
v -7.50000000 -10.00000000 6.00000000
v -6.00000000 -10.00000000 34.50000000
v -7.50000000 -10.00000000 34.50000000
v -6.00000000 -9.93844223 35.28217316
v -7.50000000 -9.93844223 35.28217316
v -6.00000000 -9.75528240 36.04508591
v -7.50000000 -9.75528240 36.04508591
v -6.00000000 -9.45503235 36.76995087
v -7.50000000 -9.45503235 36.76995087
v -6.00000000 -9.04508495 37.43892670
v -7.50000000 -9.04508495 37.43892670
v -6.00000000 -8.53553391 38.03553391
v -7.50000000 -8.53553391 38.03553391
v -6.00000000 -7.93892622 38.54508209
v -7.50000000 -7.93892622 38.54508209
v -6.00000000 -7.26995230 38.95503235
v -7.50000000 -7.26995230 38.95503235
v -6.00000000 -6.54508495 39.25528336
v -7.50000000 -6.54508495 39.25528336
v -6.00000000 -5.78217268 39.43844223
v -7.50000000 -5.78217268 39.43844223
v -6.00000000 -5.00000000 39.50000000
v -7.50000000 -5.00000000 39.50000000
v -6.00000000 5.00000000 39.50000000
v -7.50000000 5.00000000 39.50000000
v -6.00000000 9.92403793 35.36824036
v -6.00000000 9.69846249 36.21010208
v -6.00000000 9.33012772 37.00000000
v -6.00000000 8.83022213 37.71393585
v -6.00000000 5.86824083 39.42403793
v -6.00000000 6.71010113 39.19846344
v -6.00000000 7.50000000 38.83012772
v -6.00000000 8.21393776 38.33022308
v -7.50000000 5.86824083 39.42403793
v -7.50000000 6.71010113 39.19846344
v -7.50000000 7.50000000 38.83012772
v -7.50000000 8.83022213 37.71393585
v -7.50000000 9.33012772 37.00000000
v -7.50000000 9.69846249 36.21010208
v -7.50000000 8.21393776 38.33022308
v -7.50000000 9.92403793 35.36824036
f 1 2 3
f 3 2 4
f 3 4 5
f 5 4 6
f 7 8 9
f 9 8 10
f 9 10 11
f 12 13 9
f 9 13 14
f 9 14 7
f 15 16 9
f 9 16 17
f 9 17 12
f 18 19 9
f 9 19 20
f 9 20 15
f 21 22 9
f 9 22 23
f 9 23 18
f 24 25 9
f 9 25 26
f 9 26 21
f 27 28 9
f 9 28 29
f 9 29 24
f 30 31 9
f 9 31 32
f 9 32 27
f 33 34 9
f 9 34 35
f 9 35 30
f 36 37 9
f 9 37 38
f 9 38 33
f 39 40 9
f 9 40 41
f 9 41 36
f 11 42 9
f 9 42 43
f 9 43 39
f 44 45 46
f 46 45 47
f 46 47 48
f 49 50 46
f 46 50 51
f 46 51 44
f 52 53 46
f 46 53 54
f 46 54 49
f 55 56 46
f 46 56 57
f 46 57 52
f 58 59 46
f 46 59 60
f 46 60 55
f 61 62 46
f 46 62 63
f 46 63 58
f 64 65 46
f 46 65 66
f 46 66 61
f 67 68 46
f 46 68 69
f 46 69 64
f 70 71 46
f 46 71 72
f 46 72 67
f 73 74 46
f 46 74 75
f 46 75 70
f 76 77 46
f 46 77 78
f 46 78 73
f 48 79 46
f 46 79 80
f 46 80 76
f 81 82 83
f 83 82 84
f 83 84 85
f 86 87 83
f 83 87 88
f 83 88 81
f 89 90 83
f 83 90 91
f 83 91 86
f 92 93 83
f 83 93 94
f 83 94 89
f 95 96 83
f 83 96 97
f 83 97 92
f 98 99 83
f 83 99 100
f 83 100 95
f 101 102 83
f 83 102 103
f 83 103 98
f 104 105 83
f 83 105 106
f 83 106 101
f 107 108 83
f 83 108 109
f 83 109 104
f 110 111 83
f 83 111 112
f 83 112 107
f 113 114 83
f 83 114 115
f 83 115 110
f 85 116 83
f 83 116 117
f 83 117 113
f 118 119 120
f 120 119 121
f 120 121 122
f 123 124 120
f 120 124 125
f 120 125 118
f 126 127 120
f 120 127 128
f 120 128 123
f 129 130 120
f 120 130 131
f 120 131 126
f 132 133 120
f 120 133 134
f 120 134 129
f 135 136 120
f 120 136 137
f 120 137 132
f 138 139 120
f 120 139 140
f 120 140 135
f 141 142 120
f 120 142 143
f 120 143 138
f 144 145 120
f 120 145 146
f 120 146 141
f 147 148 120
f 120 148 149
f 120 149 144
f 150 151 120
f 120 151 152
f 120 152 147
f 122 153 120
f 120 153 154
f 120 154 150
f 2 155 4
f 4 155 156
f 1 157 2
f 2 157 155
f 3 158 1
f 1 158 157
f 5 159 3
f 3 159 158
f 6 160 5
f 5 160 159
f 4 156 6
f 6 156 160
f 161 8 162
f 162 8 7
f 162 7 163
f 163 7 14
f 163 14 164
f 164 14 13
f 164 13 165
f 165 13 12
f 165 12 166
f 166 12 17
f 166 17 167
f 167 17 16
f 167 16 168
f 168 16 15
f 168 15 169
f 169 15 20
f 169 20 170
f 170 20 19
f 170 19 171
f 171 19 18
f 171 18 172
f 172 18 23
f 172 23 173
f 173 23 22
f 173 22 174
f 174 22 21
f 174 21 175
f 175 21 26
f 175 26 176
f 176 26 25
f 176 25 177
f 177 25 24
f 177 24 178
f 178 24 29
f 178 29 179
f 179 29 28
f 179 28 180
f 180 28 27
f 180 27 181
f 181 27 32
f 181 32 182
f 182 32 31
f 182 31 183
f 183 31 30
f 183 30 184
f 184 30 35
f 184 35 185
f 185 35 34
f 185 34 186
f 186 34 33
f 186 33 187
f 187 33 38
f 187 38 188
f 188 38 37
f 188 37 189
f 189 37 36
f 189 36 190
f 190 36 41
f 190 41 191
f 191 41 40
f 191 40 192
f 192 40 39
f 192 39 193
f 193 39 43
f 193 43 194
f 194 43 42
f 194 42 195
f 195 42 11
f 195 11 196
f 196 11 10
f 196 10 161
f 161 10 8
f 197 45 198
f 198 45 44
f 198 44 199
f 199 44 51
f 199 51 200
f 200 51 50
f 200 50 201
f 201 50 49
f 201 49 202
f 202 49 54
f 202 54 203
f 203 54 53
f 203 53 204
f 204 53 52
f 204 52 205
f 205 52 57
f 205 57 206
f 206 57 56
f 206 56 207
f 207 56 55
f 207 55 208
f 208 55 60
f 208 60 209
f 209 60 59
f 209 59 210
f 210 59 58
f 210 58 211
f 211 58 63
f 211 63 212
f 212 63 62
f 212 62 213
f 213 62 61
f 213 61 214
f 214 61 66
f 214 66 215
f 215 66 65
f 215 65 216
f 216 65 64
f 216 64 217
f 217 64 69
f 217 69 218
f 218 69 68
f 218 68 219
f 219 68 67
f 219 67 220
f 220 67 72
f 220 72 221
f 221 72 71
f 221 71 222
f 222 71 70
f 222 70 223
f 223 70 75
f 223 75 224
f 224 75 74
f 224 74 225
f 225 74 73
f 225 73 226
f 226 73 78
f 226 78 227
f 227 78 77
f 227 77 228
f 228 77 76
f 228 76 229
f 229 76 80
f 229 80 230
f 230 80 79
f 230 79 231
f 231 79 48
f 231 48 232
f 232 48 47
f 232 47 197
f 197 47 45
f 233 82 234
f 234 82 81
f 234 81 235
f 235 81 88
f 235 88 236
f 236 88 87
f 236 87 237
f 237 87 86
f 237 86 238
f 238 86 91
f 238 91 239
f 239 91 90
f 239 90 240
f 240 90 89
f 240 89 241
f 241 89 94
f 241 94 242
f 242 94 93
f 242 93 243
f 243 93 92
f 243 92 244
f 244 92 97
f 244 97 245
f 245 97 96
f 245 96 246
f 246 96 95
f 246 95 247
f 247 95 100
f 247 100 248
f 248 100 99
f 248 99 249
f 249 99 98
f 249 98 250
f 250 98 103
f 250 103 251
f 251 103 102
f 251 102 252
f 252 102 101
f 252 101 253
f 253 101 106
f 253 106 254
f 254 106 105
f 254 105 255
f 255 105 104
f 255 104 256
f 256 104 109
f 256 109 257
f 257 109 108
f 257 108 258
f 258 108 107
f 258 107 259
f 259 107 112
f 259 112 260
f 260 112 111
f 260 111 261
f 261 111 110
f 261 110 262
f 262 110 115
f 262 115 263
f 263 115 114
f 263 114 264
f 264 114 113
f 264 113 265
f 265 113 117
f 265 117 266
f 266 117 116
f 266 116 267
f 267 116 85
f 267 85 268
f 268 85 84
f 268 84 233
f 233 84 82
f 269 119 270
f 270 119 118
f 270 118 271
f 271 118 125
f 271 125 272
f 272 125 124
f 272 124 273
f 273 124 123
f 273 123 274
f 274 123 128
f 274 128 275
f 275 128 127
f 275 127 276
f 276 127 126
f 276 126 277
f 277 126 131
f 277 131 278
f 278 131 130
f 278 130 279
f 279 130 129
f 279 129 280
f 280 129 134
f 280 134 281
f 281 134 133
f 281 133 282
f 282 133 132
f 282 132 283
f 283 132 137
f 283 137 284
f 284 137 136
f 284 136 285
f 285 136 135
f 285 135 286
f 286 135 140
f 286 140 287
f 287 140 139
f 287 139 288
f 288 139 138
f 288 138 289
f 289 138 143
f 289 143 290
f 290 143 142
f 290 142 291
f 291 142 141
f 291 141 292
f 292 141 146
f 292 146 293
f 293 146 145
f 293 145 294
f 294 145 144
f 294 144 295
f 295 144 149
f 295 149 296
f 296 149 148
f 296 148 297
f 297 148 147
f 297 147 298
f 298 147 152
f 298 152 299
f 299 152 151
f 299 151 300
f 300 151 150
f 300 150 301
f 301 150 154
f 301 154 302
f 302 154 153
f 302 153 303
f 303 153 122
f 303 122 304
f 304 122 121
f 304 121 269
f 269 121 119
f 305 306 159
f 307 308 155
f 309 310 156
f 156 310 311
f 156 311 312
f 313 314 160
f 160 315 316
f 312 317 156
f 156 317 318
f 156 318 160
f 160 318 319
f 160 319 313
f 314 320 160
f 160 320 321
f 160 321 322
f 322 323 160
f 160 323 324
f 160 324 315
f 325 326 158
f 158 326 327
f 158 327 328
f 316 329 160
f 160 329 330
f 160 330 331
f 332 333 156
f 334 335 156
f 156 335 336
f 337 338 157
f 157 339 340
f 306 341 159
f 159 341 342
f 159 342 343
f 343 344 159
f 159 344 345
f 159 345 158
f 158 345 346
f 158 346 347
f 348 349 159
f 333 350 156
f 156 350 351
f 156 351 334
f 336 352 156
f 156 352 353
f 156 353 309
f 340 354 157
f 157 354 355
f 157 355 356
f 356 357 157
f 157 357 358
f 157 358 359
f 347 360 158
f 158 360 361
f 158 361 362
f 363 364 155
f 328 365 158
f 158 365 366
f 158 366 157
f 157 366 367
f 157 367 337
f 338 368 157
f 157 368 369
f 157 369 339
f 370 371 158
f 158 371 372
f 158 372 325
f 373 374 159
f 159 374 375
f 159 375 348
f 308 376 155
f 155 376 377
f 155 377 378
f 378 379 155
f 155 379 380
f 155 380 156
f 156 380 381
f 156 381 332
f 359 382 157
f 157 382 383
f 157 383 155
f 155 383 384
f 155 384 363
f 364 385 155
f 155 385 386
f 155 386 387
f 362 388 158
f 158 388 389
f 158 389 370
f 331 390 160
f 160 390 391
f 160 391 159
f 159 391 392
f 159 392 373
f 349 393 159
f 159 393 394
f 159 394 305
f 387 395 155
f 155 395 396
f 155 396 307
f 397 171 398
f 398 171 172
f 398 172 399
f 399 172 173
f 399 173 400
f 400 173 174
f 400 174 401
f 401 174 175
f 401 175 402
f 402 175 176
f 402 176 403
f 403 176 177
f 403 177 404
f 404 177 178
f 404 178 405
f 405 178 179
f 405 179 406
f 406 179 180
f 406 180 407
f 407 180 181
f 407 181 408
f 408 181 182
f 408 182 409
f 409 182 183
f 409 183 410
f 410 183 184
f 410 184 411
f 411 184 185
f 411 185 412
f 412 185 186
f 412 186 413
f 413 186 187
f 413 187 414
f 414 187 188
f 414 188 415
f 415 188 189
f 415 189 416
f 416 189 190
f 416 190 417
f 417 190 191
f 417 191 418
f 418 191 192
f 418 192 419
f 419 192 193
f 419 193 420
f 420 193 194
f 420 194 421
f 421 194 195
f 421 195 422
f 422 195 196
f 422 196 423
f 423 196 161
f 423 161 424
f 424 161 162
f 424 162 425
f 425 162 163
f 425 163 426
f 426 163 164
f 426 164 427
f 427 164 165
f 427 165 428
f 428 165 166
f 428 166 429
f 429 166 167
f 429 167 430
f 430 167 168
f 430 168 431
f 431 168 169
f 431 169 432
f 432 169 170
f 432 170 397
f 397 170 171
f 433 207 434
f 434 207 208
f 434 208 435
f 435 208 209
f 435 209 436
f 436 209 210
f 436 210 437
f 437 210 211
f 437 211 438
f 438 211 212
f 438 212 439
f 439 212 213
f 439 213 440
f 440 213 214
f 440 214 441
f 441 214 215
f 441 215 442
f 442 215 216
f 442 216 443
f 443 216 217
f 443 217 444
f 444 217 218
f 444 218 445
f 445 218 219
f 445 219 446
f 446 219 220
f 446 220 447
f 447 220 221
f 447 221 448
f 448 221 222
f 448 222 449
f 449 222 223
f 449 223 450
f 450 223 224
f 450 224 451
f 451 224 225
f 451 225 452
f 452 225 226
f 452 226 453
f 453 226 227
f 453 227 454
f 454 227 228
f 454 228 455
f 455 228 229
f 455 229 456
f 456 229 230
f 456 230 457
f 457 230 231
f 457 231 458
f 458 231 232
f 458 232 459
f 459 232 197
f 459 197 460
f 460 197 198
f 460 198 461
f 461 198 199
f 461 199 462
f 462 199 200
f 462 200 463
f 463 200 201
f 463 201 464
f 464 201 202
f 464 202 465
f 465 202 203
f 465 203 466
f 466 203 204
f 466 204 467
f 467 204 205
f 467 205 468
f 468 205 206
f 468 206 433
f 433 206 207
f 469 470 471
f 471 470 472
f 471 472 473
f 474 475 471
f 471 475 476
f 471 476 469
f 477 478 471
f 471 478 479
f 471 479 474
f 480 481 471
f 471 481 482
f 471 482 477
f 483 484 471
f 471 484 485
f 471 485 480
f 486 487 471
f 471 487 488
f 471 488 483
f 489 490 471
f 471 490 491
f 471 491 486
f 492 493 471
f 471 493 494
f 471 494 489
f 495 496 471
f 471 496 497
f 471 497 492
f 498 499 471
f 471 499 500
f 471 500 495
f 501 502 471
f 471 502 503
f 471 503 498
f 473 504 471
f 471 504 505
f 471 505 501
f 506 507 508
f 508 507 509
f 508 509 510
f 511 512 508
f 508 512 513
f 508 513 506
f 514 515 508
f 508 515 516
f 508 516 511
f 517 518 508
f 508 518 519
f 508 519 514
f 520 521 508
f 508 521 522
f 508 522 517
f 523 524 508
f 508 524 525
f 508 525 520
f 526 527 508
f 508 527 528
f 508 528 523
f 529 530 508
f 508 530 531
f 508 531 526
f 532 533 508
f 508 533 534
f 508 534 529
f 535 536 508
f 508 536 537
f 508 537 532
f 538 539 508
f 508 539 540
f 508 540 535
f 510 541 508
f 508 541 542
f 508 542 538
f 543 544 545
f 545 544 546
f 543 545 547
f 543 547 548
f 548 547 549
f 548 549 550
f 550 549 551
f 550 551 552
f 552 551 553
f 552 553 554
f 554 553 555
f 554 555 556
f 556 555 557
f 556 557 558
f 558 557 559
f 558 559 560
f 251 561 250
f 250 561 562
f 250 562 249
f 249 562 563
f 249 563 248
f 248 563 564
f 248 564 247
f 247 564 565
f 247 565 246
f 246 565 566
f 246 566 245
f 245 566 567
f 245 567 244
f 244 567 568
f 244 568 243
f 243 568 569
f 243 569 242
f 242 569 570
f 242 570 241
f 241 570 571
f 241 571 240
f 240 571 572
f 240 572 239
f 239 572 573
f 239 573 238
f 238 573 574
f 238 574 237
f 237 574 575
f 237 575 236
f 236 575 576
f 236 576 235
f 235 576 577
f 235 577 234
f 234 577 578
f 234 578 233
f 233 578 579
f 233 579 268
f 268 579 580
f 268 580 267
f 267 580 581
f 267 581 266
f 266 581 582
f 266 582 265
f 265 582 583
f 265 583 264
f 264 583 584
f 264 584 263
f 263 584 585
f 263 585 262
f 262 585 586
f 262 586 261
f 261 586 587
f 261 587 260
f 260 587 588
f 260 588 259
f 259 588 589
f 259 589 258
f 258 589 590
f 258 590 257
f 257 590 591
f 257 591 256
f 256 591 592
f 256 592 255
f 255 592 593
f 255 593 254
f 254 593 594
f 254 594 253
f 253 594 595
f 253 595 252
f 252 595 596
f 252 596 251
f 251 596 561
f 287 597 286
f 286 597 598
f 286 598 285
f 285 598 599
f 285 599 284
f 284 599 600
f 284 600 283
f 283 600 601
f 283 601 282
f 282 601 602
f 282 602 281
f 281 602 603
f 281 603 280
f 280 603 604
f 280 604 279
f 279 604 605
f 279 605 278
f 278 605 606
f 278 606 277
f 277 606 607
f 277 607 276
f 276 607 608
f 276 608 275
f 275 608 609
f 275 609 274
f 274 609 610
f 274 610 273
f 273 610 611
f 273 611 272
f 272 611 612
f 272 612 271
f 271 612 613
f 271 613 270
f 270 613 614
f 270 614 269
f 269 614 615
f 269 615 304
f 304 615 616
f 304 616 303
f 303 616 617
f 303 617 302
f 302 617 618
f 302 618 301
f 301 618 619
f 301 619 300
f 300 619 620
f 300 620 299
f 299 620 621
f 299 621 298
f 298 621 622
f 298 622 297
f 297 622 623
f 297 623 296
f 296 623 624
f 296 624 295
f 295 624 625
f 295 625 294
f 294 625 626
f 294 626 293
f 293 626 627
f 293 627 292
f 292 627 628
f 292 628 291
f 291 628 629
f 291 629 290
f 290 629 630
f 290 630 289
f 289 630 631
f 289 631 288
f 288 631 632
f 288 632 287
f 287 632 597
f 633 634 635
f 635 634 636
f 635 636 637
f 637 636 638
f 637 638 639
f 639 638 640
f 639 640 641
f 641 640 642
f 641 642 643
f 643 642 644
f 643 644 645
f 645 644 646
f 645 646 647
f 647 646 648
f 647 648 649
f 649 648 650
f 649 650 651
f 651 650 652
f 651 652 653
f 653 652 654
f 653 654 655
f 655 654 656
f 655 656 657
f 657 656 658
f 657 658 659
f 659 658 660
f 659 660 661
f 661 660 662
f 661 662 663
f 663 662 664
f 663 664 665
f 665 664 666
f 665 666 667
f 667 666 668
f 667 668 669
f 669 668 670
f 669 670 671
f 671 670 672
f 671 672 673
f 673 672 674
f 673 674 675
f 675 674 676
f 675 676 677
f 677 676 678
f 677 678 679
f 679 678 680
f 679 680 681
f 681 680 682
f 681 682 683
f 683 682 684
f 683 684 685
f 685 684 686
f 685 686 687
f 687 686 688
f 687 688 689
f 689 688 690
f 689 690 691
f 691 690 692
f 691 692 693
f 693 692 694
f 693 694 695
f 695 694 696
f 695 696 697
f 697 696 698
f 697 698 699
f 699 698 700
f 699 700 701
f 701 700 702
f 701 702 703
f 703 702 704
f 703 704 633
f 633 704 634
f 705 706 707
f 705 707 708
f 708 707 709
f 708 709 710
f 710 709 711
f 710 711 712
f 712 711 713
f 712 713 714
f 714 713 715
f 714 715 716
f 717 718 705
f 705 718 706
f 719 720 721
f 721 720 722
f 721 722 723
f 723 722 724
f 723 724 725
f 725 724 726
f 725 726 727
f 727 726 728
f 727 728 729
f 729 728 730
f 729 730 731
f 731 730 732
f 731 732 733
f 733 732 734
f 733 734 735
f 735 734 736
f 735 736 737
f 737 736 738
f 737 738 739
f 739 738 740
f 739 740 741
f 741 740 742
f 741 742 743
f 743 742 744
f 743 744 745
f 745 744 746
f 745 746 747
f 747 746 748
f 747 748 749
f 749 748 750
f 749 750 751
f 751 750 752
f 751 752 753
f 753 752 754
f 753 754 755
f 755 754 756
f 755 756 757
f 757 756 758
f 757 758 759
f 759 758 760
f 759 760 761
f 761 760 762
f 761 762 763
f 763 762 764
f 763 764 765
f 765 764 766
f 765 766 767
f 767 766 768
f 767 768 769
f 769 768 770
f 769 770 771
f 771 770 772
f 771 772 773
f 773 772 774
f 773 774 775
f 775 774 776
f 775 776 777
f 777 776 778
f 777 778 779
f 779 778 780
f 779 780 781
f 781 780 782
f 781 782 783
f 783 782 784
f 783 784 785
f 785 784 786
f 785 786 787
f 787 786 788
f 787 788 789
f 789 788 790
f 789 790 719
f 719 790 720
f 791 792 717
f 717 792 560
f 717 560 718
f 718 560 559
f 718 559 793
f 793 559 794
f 795 796 797
f 798 799 800
f 374 373 801
f 802 803 804
f 805 806 802
f 807 808 809
f 804 803 810
f 811 812 813
f 814 815 813
f 816 817 818
f 819 363 384
f 820 821 822
f 822 821 823
f 824 825 826
f 827 828 829
f 830 831 819
f 832 833 834
f 834 833 835
f 831 830 836
f 823 837 822
f 822 837 838
f 822 838 839
f 840 841 842
f 843 820 840
f 840 820 822
f 840 822 841
f 841 822 839
f 844 832 845
f 845 832 834
f 845 834 846
f 846 834 847
f 848 849 850
f 850 849 839
f 850 839 851
f 851 839 838
f 818 817 852
f 852 817 853
f 852 853 854
f 819 384 830
f 830 384 383
f 830 383 855
f 855 383 382
f 855 382 856
f 857 858 847
f 847 858 859
f 847 859 846
f 848 860 849
f 849 860 861
f 849 861 862
f 863 864 857
f 857 864 865
f 857 865 858
f 866 867 868
f 868 867 869
f 868 869 870
f 870 869 871
f 866 862 867
f 867 862 861
f 867 861 869
f 869 861 872
f 869 872 871
f 382 359 856
f 856 359 358
f 856 358 873
f 873 358 357
f 873 357 874
f 874 357 356
f 875 876 863
f 863 876 877
f 863 877 864
f 860 878 861
f 861 878 879
f 861 879 872
f 872 879 880
f 872 880 881
f 823 824 837
f 837 824 826
f 837 826 838
f 838 826 882
f 838 882 851
f 851 882 883
f 851 883 850
f 850 883 884
f 850 884 848
f 848 884 885
f 848 885 860
f 860 885 886
f 860 886 878
f 878 886 887
f 878 887 879
f 879 887 888
f 879 888 880
f 880 888 889
f 880 889 881
f 881 889 890
f 891 892 875
f 875 892 893
f 875 893 876
f 894 895 896
f 896 895 897
f 896 897 898
f 898 897 890
f 815 814 899
f 899 814 900
f 899 900 901
f 356 355 874
f 874 355 354
f 874 354 902
f 902 354 340
f 902 340 903
f 904 905 906
f 906 905 907
f 906 907 891
f 891 907 908
f 891 908 892
f 340 339 903
f 903 339 369
f 903 369 909
f 909 369 368
f 909 368 910
f 911 912 913
f 913 912 914
f 913 914 915
f 915 914 916
f 915 916 917
f 917 916 918
f 917 918 919
f 912 920 914
f 914 920 921
f 914 921 916
f 916 921 922
f 916 922 918
f 923 924 925
f 925 924 926
f 925 926 927
f 928 929 930
f 930 929 931
f 932 919 933
f 933 919 918
f 933 918 934
f 934 918 922
f 934 922 923
f 923 922 921
f 923 921 924
f 924 921 920
f 924 920 935
f 935 920 912
f 935 912 936
f 936 912 911
f 936 911 937
f 368 338 910
f 910 338 337
f 910 337 938
f 938 337 367
f 938 367 939
f 939 367 366
f 931 929 940
f 940 929 941
f 940 941 942
f 943 944 945
f 945 944 946
f 945 946 947
f 948 949 950
f 950 949 951
f 950 951 952
f 952 951 953
f 952 953 954
f 942 941 955
f 955 941 956
f 955 956 957
f 958 959 960
f 960 959 961
f 960 961 962
f 962 961 963
f 962 963 964
f 964 963 965
f 964 965 966
f 959 967 961
f 961 967 968
f 961 968 963
f 963 968 969
f 963 969 965
f 943 970 971
f 971 970 972
f 971 972 973
f 366 365 939
f 939 365 328
f 939 328 974
f 974 328 327
f 974 327 975
f 957 956 976
f 976 956 977
f 976 977 978
f 937 966 947
f 947 966 965
f 947 965 945
f 945 965 969
f 945 969 943
f 943 969 968
f 943 968 970
f 970 968 967
f 970 967 979
f 979 967 959
f 979 959 980
f 980 959 958
f 980 958 981
f 978 977 982
f 982 977 983
f 982 983 984
f 985 986 987
f 987 986 988
f 987 988 989
f 981 990 989
f 989 990 991
f 989 991 987
f 987 991 992
f 987 992 985
f 993 994 995
f 995 994 996
f 995 996 997
f 997 996 998
f 997 998 999
f 327 326 975
f 975 326 325
f 975 325 1000
f 1000 325 372
f 1000 372 1001
f 1001 372 371
f 984 983 1002
f 1002 983 1003
f 1002 1003 1004
f 1004 1003 1005
f 1005 1003 1006
f 1005 1006 1007
f 1008 1009 1010
f 1010 1009 1011
f 1010 1011 1012
f 371 370 1001
f 1001 370 389
f 1001 389 1013
f 1013 389 388
f 1013 388 1014
f 1007 1006 1015
f 1015 1006 1016
f 1015 1016 1017
f 1018 1019 1012
f 1020 1021 1011
f 1011 1021 1022
f 1011 1022 1012
f 1012 1022 1023
f 1012 1023 1018
f 1024 1025 1026
f 1026 1025 1027
f 1026 1027 1028
f 1028 1027 1029
f 1028 1029 1030
f 1017 1016 1031
f 1031 1016 1032
f 1031 1032 1033
f 1019 1034 1035
f 1035 1034 1036
f 1035 1036 1037
f 388 362 1014
f 1014 362 361
f 1014 361 1038
f 1038 361 360
f 1038 360 1039
f 1039 360 347
f 1033 1032 1040
f 1040 1032 1041
f 1040 1041 1042
f 1018 1043 1019
f 1019 1043 1044
f 1019 1044 1034
f 1034 1044 1045
f 1034 1045 1046
f 1046 1047 1034
f 1034 1047 1048
f 1034 1048 1036
f 1036 1048 1049
f 1036 1049 1037
f 1042 1041 1050
f 1050 1041 1051
f 1050 1051 1052
f 1053 1054 1055
f 1055 1054 1056
f 1057 1056 1047
f 1047 1056 1054
f 1047 1054 1048
f 1048 1054 1053
f 1048 1053 1049
f 347 346 1039
f 1039 346 345
f 1039 345 1058
f 1058 345 344
f 1058 344 1059
f 1052 1051 1060
f 1060 1051 1061
f 1060 1061 1062
f 1063 1064 798
f 798 1064 1065
f 798 1065 799
f 799 1065 1066
f 1067 1066 1068
f 1068 1066 1065
f 1068 1065 1057
f 1057 1065 1064
f 1057 1064 1056
f 1056 1064 1063
f 1056 1063 1055
f 1062 1061 1069
f 1069 1061 1070
f 1069 1070 1071
f 1072 1073 1074
f 1074 1073 1075
f 1074 1075 1076
f 1076 1075 1077
f 1076 1077 1078
f 1078 1077 1079
f 1078 1079 1080
f 1080 1079 1081
f 1080 1081 1082
f 1082 1081 1083
f 1082 1083 1084
f 1084 1083 1085
f 1084 1085 1086
f 1086 1085 1087
f 1086 1087 1088
f 1088 1087 1089
f 1088 1089 1090
f 1090 1089 1091
f 1090 1091 1092
f 1092 1091 1093
f 1092 1093 1094
f 1094 1093 1095
f 1094 1095 1096
f 1096 1095 1097
f 1096 1097 1098
f 1098 1097 1099
f 1098 1099 1100
f 1100 1099 1101
f 1100 1101 1102
f 1102 1101 1103
f 1102 1103 1104
f 1046 1105 1047
f 1047 1105 1106
f 1047 1106 1057
f 1057 1106 1107
f 1057 1107 1068
f 1068 1107 1108
f 1068 1108 1067
f 1067 1108 1109
f 1067 1109 1110
f 1073 1110 1075
f 1075 1110 1109
f 1075 1109 1077
f 1077 1109 1108
f 1077 1108 1079
f 1079 1108 1107
f 1079 1107 1081
f 1081 1107 1106
f 1081 1106 1083
f 1083 1106 1105
f 1083 1105 1085
f 1085 1105 1046
f 1085 1046 1087
f 1087 1046 1045
f 1087 1045 1089
f 1089 1045 1044
f 1089 1044 1091
f 1091 1044 1043
f 1091 1043 1093
f 1093 1043 1018
f 1093 1018 1095
f 1095 1018 1023
f 1095 1023 1097
f 1097 1023 1022
f 1097 1022 1099
f 1099 1022 1021
f 1099 1021 1101
f 1101 1021 1020
f 1101 1020 1103
f 344 343 1059
f 1059 343 342
f 1059 342 1111
f 1111 342 341
f 1111 341 1112
f 1112 341 306
f 1071 1070 1113
f 1113 1070 1114
f 1113 1114 1115
f 1116 1117 1118
f 1118 1117 1119
f 1118 1119 1120
f 1121 1122 1123
f 1123 1122 1124
f 1123 1124 1125
f 1125 1124 1126
f 1125 1126 1127
f 1115 1114 1128
f 1128 1114 1129
f 1128 1129 1130
f 1131 1132 1133
f 1133 1132 1134
f 1133 1134 1135
f 1135 1134 1136
f 1135 1136 1137
f 1137 1136 1138
f 1137 1138 1139
f 1132 1140 1134
f 1134 1140 1141
f 1134 1141 1136
f 1136 1141 1142
f 1136 1142 1138
f 1116 1143 1144
f 1144 1143 1145
f 1144 1145 1146
f 306 305 1112
f 1112 305 394
f 1112 394 1147
f 1147 394 393
f 1147 393 1148
f 1130 1129 1149
f 1149 1129 1150
f 1149 1150 1151
f 1072 1139 1120
f 1120 1139 1138
f 1120 1138 1118
f 1118 1138 1142
f 1118 1142 1116
f 1116 1142 1141
f 1116 1141 1143
f 1143 1141 1140
f 1143 1140 1152
f 1152 1140 1132
f 1152 1132 1153
f 1153 1132 1131
f 1153 1131 1154
f 375 1155 348
f 348 1155 1148
f 348 1148 349
f 349 1148 393
f 1156 1157 1158
f 1158 1157 1159
f 1158 1159 1160
f 1160 1159 1161
f 1160 1161 1162
f 1162 1161 1163
f 1162 1163 1164
f 1164 1163 1165
f 1164 1165 1166
f 1166 1165 1167
f 1166 1167 1168
f 1168 1167 1169
f 1168 1169 1170
f 1170 1169 1171
f 1170 1171 1172
f 1172 1171 1173
f 1172 1173 1174
f 1174 1173 1175
f 1174 1175 1176
f 1176 1175 1177
f 1176 1177 1178
f 1178 1177 1179
f 1178 1179 1180
f 1180 1179 1181
f 1180 1181 1182
f 1182 1181 1183
f 1182 1183 1184
f 1184 1183 1185
f 1184 1185 1186
f 1186 1185 1187
f 1186 1187 1188
f 1188 1187 1189
f 1188 1189 1190
f 1190 1189 1191
f 1190 1191 1192
f 1192 1191 1193
f 1192 1193 1194
f 1194 1193 1195
f 1194 1195 1196
f 1196 1195 1197
f 1196 1197 1198
f 1198 1197 1199
f 1198 1199 1200
f 1200 1199 1201
f 1200 1201 1202
f 1202 1201 1203
f 1202 1203 1204
f 1204 1203 1205
f 1204 1205 1206
f 1206 1205 1207
f 1206 1207 1208
f 1208 1207 835
f 1208 835 836
f 1151 1150 1209
f 1209 1150 1210
f 1209 1210 1211
f 835 1207 834
f 834 1207 1205
f 834 1205 847
f 847 1205 1203
f 847 1203 857
f 857 1203 1201
f 857 1201 863
f 863 1201 1199
f 863 1199 875
f 875 1199 1197
f 875 1197 891
f 891 1197 1195
f 891 1195 906
f 906 1195 1193
f 906 1193 904
f 904 1193 1191
f 904 1191 928
f 928 1191 1189
f 928 1189 929
f 929 1189 1187
f 929 1187 941
f 941 1187 1185
f 941 1185 956
f 956 1185 1183
f 956 1183 977
f 977 1183 1181
f 977 1181 983
f 983 1181 1179
f 983 1179 1003
f 1003 1179 1177
f 1003 1177 1006
f 1006 1177 1175
f 1006 1175 1016
f 1016 1175 1173
f 1016 1173 1032
f 1032 1173 1171
f 1032 1171 1041
f 1041 1171 1169
f 1041 1169 1051
f 1051 1169 1167
f 1051 1167 1061
f 1061 1167 1165
f 1061 1165 1070
f 1070 1165 1163
f 1070 1163 1114
f 1114 1163 1161
f 1114 1161 1129
f 1129 1161 1159
f 1129 1159 1150
f 1150 1159 1157
f 1150 1157 1210
f 807 809 1212
f 1212 809 1213
f 1212 1213 1214
f 1215 1216 1214
f 1214 1216 1217
f 1214 1217 1212
f 1212 1217 1218
f 1212 1218 807
f 810 1215 804
f 804 1215 1219
f 804 1219 802
f 802 1219 1220
f 802 1220 805
f 1213 1221 1214
f 1214 1221 1222
f 1214 1222 1215
f 1215 1222 1219
f 1219 1222 1223
f 1219 1223 1220
f 1224 1155 801
f 801 1155 375
f 801 375 374
f 836 830 1208
f 1208 830 855
f 1208 855 1206
f 1206 855 856
f 1206 856 1204
f 1204 856 873
f 1204 873 1202
f 1202 873 874
f 1202 874 1200
f 1200 874 902
f 1200 902 1198
f 1198 902 903
f 1198 903 1196
f 1196 903 909
f 1196 909 1194
f 1194 909 910
f 1194 910 1192
f 1192 910 938
f 1192 938 1190
f 1190 938 939
f 1190 939 1188
f 1188 939 974
f 1188 974 1186
f 1186 974 975
f 1186 975 1184
f 1184 975 1000
f 1184 1000 1182
f 1182 1000 1001
f 1182 1001 1180
f 1180 1001 1013
f 1180 1013 1178
f 1178 1013 1014
f 1178 1014 1176
f 1176 1014 1038
f 1176 1038 1174
f 1174 1038 1039
f 1174 1039 1172
f 1172 1039 1058
f 1172 1058 1170
f 1170 1058 1059
f 1170 1059 1168
f 1168 1059 1111
f 1168 1111 1166
f 1166 1111 1112
f 1166 1112 1164
f 1164 1112 1147
f 1164 1147 1162
f 1162 1147 1148
f 1162 1148 1160
f 1160 1148 1155
f 1160 1155 1158
f 1158 1155 1224
f 1158 1224 1156
f 1225 1226 1227
f 1227 1226 1228
f 1229 1230 827
f 827 1230 1231
f 827 1231 828
f 1232 1229 842
f 842 1229 827
f 842 827 840
f 840 827 829
f 840 829 843
f 854 853 1233
f 1233 853 1234
f 1233 1234 1232
f 1235 1236 816
f 816 1236 1237
f 816 1237 817
f 817 1237 1238
f 817 1238 853
f 853 1238 1239
f 853 1239 1234
f 1232 842 1233
f 1233 842 841
f 1233 841 854
f 854 841 839
f 854 839 852
f 852 839 849
f 852 849 818
f 818 849 862
f 818 862 816
f 816 862 866
f 816 866 1235
f 1235 866 868
f 1235 868 1240
f 1240 868 870
f 1240 870 1241
f 890 897 881
f 881 897 895
f 881 895 872
f 872 895 1242
f 872 1242 871
f 871 1242 1243
f 871 1243 870
f 870 1243 1244
f 870 1244 1241
f 901 900 1245
f 1245 900 1246
f 1245 1246 1247
f 813 812 814
f 814 812 1248
f 814 1248 900
f 900 1248 1249
f 900 1249 1246
f 930 1250 928
f 928 1250 1251
f 928 1251 904
f 904 1251 1252
f 904 1252 905
f 905 1252 1253
f 905 1253 907
f 907 1253 1254
f 907 1254 908
f 908 1254 1255
f 908 1255 892
f 892 1255 1256
f 892 1256 893
f 893 1256 1257
f 893 1257 876
f 876 1257 1258
f 876 1258 877
f 877 1258 1259
f 877 1259 864
f 864 1259 1260
f 864 1260 865
f 865 1260 1261
f 865 1261 858
f 858 1261 1262
f 858 1262 859
f 859 1262 1263
f 859 1263 846
f 846 1263 1264
f 846 1264 845
f 845 1264 1227
f 845 1227 844
f 844 1227 1228
f 1265 1266 811
f 811 1266 1267
f 811 1267 812
f 812 1267 1268
f 812 1268 1248
f 1269 1265 1270
f 1270 1265 811
f 1270 811 1271
f 1271 811 813
f 1271 813 1272
f 1272 813 815
f 1272 815 894
f 894 815 899
f 894 899 895
f 895 899 901
f 895 901 1242
f 1242 901 1245
f 1242 1245 1243
f 1243 1245 1247
f 1243 1247 1244
f 1273 1269 1274
f 1274 1269 1270
f 1274 1270 1275
f 1275 1270 1271
f 1275 1271 1276
f 1276 1271 1272
f 1276 1272 1277
f 1277 1272 894
f 1277 894 1278
f 1278 894 896
f 1278 896 1279
f 1279 896 898
f 1279 932 1278
f 1278 932 933
f 1278 933 1277
f 1277 933 934
f 1277 934 1276
f 1276 934 923
f 1276 923 1275
f 1275 923 925
f 1275 925 1274
f 1274 925 927
f 1274 927 1273
f 937 947 936
f 936 947 946
f 936 946 935
f 935 946 944
f 935 944 924
f 924 944 1280
f 924 1280 926
f 926 1280 1281
f 926 1281 927
f 927 1281 1273
f 1282 948 1283
f 1283 948 950
f 1283 950 1284
f 1284 950 952
f 1284 952 1285
f 1285 952 954
f 1285 954 1286
f 1287 1286 973
f 973 1286 954
f 973 954 971
f 971 954 953
f 971 953 943
f 943 953 951
f 943 951 944
f 944 951 949
f 944 949 1280
f 1280 949 948
f 1280 948 1281
f 1281 948 1282
f 1281 1282 1273
f 981 989 980
f 980 989 988
f 980 988 979
f 979 988 986
f 979 986 970
f 970 986 1288
f 970 1288 972
f 972 1288 1289
f 972 1289 973
f 973 1289 1290
f 973 1290 1287
f 1291 993 1292
f 1292 993 995
f 1292 995 1293
f 1293 995 997
f 1293 997 1294
f 1294 997 1295
f 1295 997 999
f 1295 999 1296
f 1297 1296 1298
f 1298 1296 999
f 1298 999 1299
f 1299 999 998
f 1299 998 985
f 985 998 996
f 985 996 986
f 986 996 994
f 986 994 1288
f 1288 994 993
f 1288 993 1289
f 1289 993 1291
f 1289 1291 1290
f 990 1104 991
f 991 1104 1103
f 991 1103 992
f 992 1103 1020
f 992 1020 985
f 985 1020 1011
f 985 1011 1299
f 1299 1011 1009
f 1299 1009 1298
f 1298 1009 1008
f 1298 1008 1297
f 1297 1008 1300
f 1301 1300 1024
f 1301 1024 1302
f 1302 1024 1026
f 1302 1026 1303
f 1303 1026 1028
f 1303 1028 1304
f 1304 1028 1030
f 1304 1030 1305
f 1300 1008 1024
f 1024 1008 1010
f 1024 1010 1025
f 1025 1010 1012
f 1025 1012 1027
f 1027 1012 1019
f 1027 1019 1029
f 1029 1019 1035
f 1029 1035 1030
f 1030 1035 1037
f 1030 1037 1305
f 800 1306 798
f 798 1306 1307
f 798 1307 1063
f 1063 1307 1308
f 1063 1308 1055
f 1055 1308 1309
f 1055 1309 1053
f 1053 1309 1310
f 1053 1310 1049
f 1049 1310 1311
f 1049 1311 1037
f 1037 1311 1312
f 1037 1312 1305
f 1072 1120 1073
f 1073 1120 1119
f 1073 1119 1110
f 1110 1119 1117
f 1110 1117 1067
f 1067 1117 1313
f 1067 1313 1066
f 1066 1313 1314
f 1066 1314 799
f 799 1314 1315
f 799 1315 800
f 1316 1121 1317
f 1317 1121 1123
f 1317 1123 1318
f 1318 1123 1125
f 1318 1125 1319
f 1319 1125 1320
f 1320 1125 1127
f 1320 1127 1321
f 796 1321 1146
f 1146 1321 1127
f 1146 1127 1144
f 1144 1127 1126
f 1144 1126 1116
f 1116 1126 1124
f 1116 1124 1117
f 1117 1124 1122
f 1117 1122 1313
f 1313 1122 1121
f 1313 1121 1314
f 1314 1121 1316
f 1314 1316 1315
f 795 797 1322
f 825 1225 826
f 826 1225 1227
f 826 1227 882
f 882 1227 1264
f 882 1264 883
f 883 1264 1263
f 883 1263 884
f 884 1263 1262
f 884 1262 885
f 885 1262 1261
f 885 1261 886
f 886 1261 1260
f 886 1260 887
f 887 1260 1259
f 887 1259 888
f 888 1259 1258
f 888 1258 889
f 889 1258 1257
f 889 1257 890
f 890 1257 1256
f 890 1256 898
f 898 1256 1255
f 898 1255 1279
f 1279 1255 1254
f 1279 1254 932
f 932 1254 1253
f 932 1253 919
f 919 1253 1252
f 919 1252 917
f 917 1252 1251
f 917 1251 915
f 915 1251 1250
f 915 1250 913
f 913 1250 930
f 913 930 911
f 911 930 931
f 911 931 937
f 937 931 940
f 937 940 966
f 966 940 942
f 966 942 964
f 964 942 955
f 964 955 962
f 962 955 957
f 962 957 960
f 960 957 976
f 960 976 958
f 958 976 978
f 958 978 981
f 981 978 982
f 981 982 990
f 990 982 984
f 990 984 1104
f 1104 984 1002
f 1104 1002 1102
f 1102 1002 1004
f 1102 1004 1100
f 1100 1004 1005
f 1100 1005 1098
f 1098 1005 1007
f 1098 1007 1096
f 1096 1007 1015
f 1096 1015 1094
f 1094 1015 1017
f 1094 1017 1092
f 1092 1017 1031
f 1092 1031 1090
f 1090 1031 1033
f 1090 1033 1088
f 1088 1033 1040
f 1088 1040 1086
f 1086 1040 1042
f 1086 1042 1084
f 1084 1042 1050
f 1084 1050 1082
f 1082 1050 1052
f 1082 1052 1080
f 1080 1052 1060
f 1080 1060 1078
f 1078 1060 1062
f 1078 1062 1076
f 1076 1062 1069
f 1076 1069 1074
f 1074 1069 1071
f 1074 1071 1072
f 1072 1071 1113
f 1072 1113 1139
f 1139 1113 1115
f 1139 1115 1137
f 1137 1115 1128
f 1137 1128 1135
f 1135 1128 1130
f 1135 1130 1133
f 1133 1130 1149
f 1133 1149 1131
f 1131 1149 1151
f 1131 1151 1154
f 1154 1151 1209
f 1154 1209 1323
f 1323 1209 1211
f 806 1324 802
f 802 1324 1322
f 802 1322 803
f 803 1322 797
f 803 797 810
f 1156 1325 1157
f 1157 1325 1326
f 1157 1326 1210
f 1210 1326 1327
f 1210 1327 1211
f 1211 1327 1328
f 1211 1328 1323
f 1323 1328 1329
f 1323 1329 1330
f 796 1146 797
f 797 1146 1145
f 797 1145 810
f 810 1145 1143
f 810 1143 1215
f 1215 1143 1152
f 1215 1152 1216
f 1216 1152 1153
f 1216 1153 1217
f 1217 1153 1154
f 1217 1154 1218
f 1218 1154 1323
f 1218 1323 807
f 807 1323 1330
f 807 1330 808
f 1329 1328 1331
f 829 828 1332
f 1333 1334 1335
f 1336 1337 1338
f 1339 1340 1341
f 1342 1343 1344
f 1345 1346 1347
f 1348 1349 1350
f 1351 1352 1350
f 1353 1354 1355
f 1224 801 1356
f 1327 1326 1357
f 801 373 392
f 808 1330 1358
f 1213 809 1359
f 1220 1360 805
f 805 1360 1361
f 805 1361 806
f 1222 1362 1360
f 1222 1360 1223
f 1223 1360 1220
f 1326 1325 1363
f 1325 1156 1364
f 1364 1156 1224
f 1222 1221 1362
f 1362 1221 1365
f 1362 1365 1366
f 1366 1367 1362
f 1362 1367 1368
f 1362 1368 1360
f 1360 1368 1369
f 1360 1369 1361
f 1328 1327 1331
f 1331 1327 1357
f 1331 1357 1370
f 1370 1357 1371
f 1372 1373 1374
f 1374 1373 1367
f 1374 1367 1375
f 1375 1367 1366
f 1355 1354 1376
f 1376 1354 1377
f 1376 1377 1378
f 801 392 1356
f 1356 392 391
f 1356 391 1379
f 1379 391 390
f 1379 390 1380
f 1381 1382 1371
f 1371 1382 1383
f 1371 1383 1370
f 1372 1384 1373
f 1373 1384 1385
f 1373 1385 1386
f 1387 1388 1381
f 1381 1388 1389
f 1381 1389 1382
f 1390 1391 1392
f 1392 1391 1393
f 1392 1393 1394
f 1394 1393 1395
f 1390 1386 1391
f 1391 1386 1385
f 1391 1385 1393
f 1393 1385 1396
f 1393 1396 1395
f 390 331 1380
f 1380 331 330
f 1380 330 1397
f 1397 330 329
f 1397 329 1398
f 1398 329 316
f 1399 1400 1387
f 1387 1400 1401
f 1387 1401 1388
f 1384 1402 1385
f 1385 1402 1403
f 1385 1403 1396
f 1396 1403 1404
f 1396 1404 1405
f 1221 1213 1365
f 1365 1213 1359
f 1365 1359 1366
f 1366 1359 1406
f 1366 1406 1375
f 1375 1406 1407
f 1375 1407 1374
f 1374 1407 1408
f 1374 1408 1372
f 1372 1408 1409
f 1372 1409 1384
f 1384 1409 1410
f 1384 1410 1402
f 1402 1410 1411
f 1402 1411 1403
f 1403 1411 1412
f 1403 1412 1404
f 1404 1412 1413
f 1404 1413 1405
f 1405 1413 1414
f 1415 1416 1399
f 1399 1416 1417
f 1399 1417 1400
f 1418 1419 1420
f 1420 1419 1421
f 1420 1421 1422
f 1422 1421 1414
f 1352 1351 1423
f 1423 1351 1424
f 1423 1424 1425
f 316 315 1398
f 1398 315 324
f 1398 324 1426
f 1426 324 323
f 1426 323 1427
f 1428 1429 1430
f 1430 1429 1431
f 1430 1431 1415
f 1415 1431 1432
f 1415 1432 1416
f 1433 1434 1435
f 1435 1434 1436
f 1435 1436 1437
f 1437 1436 1438
f 1437 1438 1439
f 323 322 1427
f 1427 322 321
f 1427 321 1440
f 1440 321 320
f 1440 320 1441
f 1442 1443 1444
f 1445 1446 1447
f 1447 1446 1448
f 1447 1448 1449
f 1449 1448 1450
f 1449 1450 1451
f 1451 1450 1452
f 1451 1452 1453
f 1446 1454 1448
f 1448 1454 1455
f 1448 1455 1450
f 1450 1455 1456
f 1450 1456 1452
f 1457 1458 1459
f 1459 1458 1460
f 1459 1460 1461
f 320 314 1441
f 1441 314 313
f 1441 313 1462
f 1462 313 319
f 1462 319 1463
f 1463 319 318
f 1464 1465 1444
f 1444 1465 1466
f 1444 1466 1442
f 1467 1468 1469
f 1469 1468 1470
f 1469 1470 1461
f 1445 1467 1446
f 1446 1467 1469
f 1446 1469 1454
f 1454 1469 1461
f 1454 1461 1455
f 1455 1461 1460
f 1455 1460 1456
f 1456 1460 1471
f 1456 1471 1452
f 1452 1471 1472
f 1452 1472 1453
f 1453 1472 1473
f 1474 1475 1476
f 1476 1475 1477
f 1476 1477 1478
f 1478 1477 1479
f 1478 1479 1480
f 1481 1482 1464
f 1464 1482 1483
f 1464 1483 1465
f 1484 1485 1486
f 1486 1485 1487
f 1486 1487 1488
f 1488 1487 1489
f 1488 1489 1347
f 1445 1484 1467
f 1467 1484 1486
f 1467 1486 1468
f 1468 1486 1488
f 1468 1488 1470
f 1470 1488 1347
f 1470 1347 1490
f 1490 1347 1346
f 1490 1346 1491
f 318 317 1463
f 1463 317 312
f 1463 312 1492
f 1492 312 311
f 1492 311 1493
f 1494 1495 1481
f 1481 1495 1496
f 1481 1496 1482
f 1497 1498 1499
f 1499 1498 1500
f 1499 1500 1501
f 1501 1500 1502
f 1501 1502 1344
f 1343 1345 1344
f 1344 1345 1347
f 1344 1347 1501
f 1501 1347 1489
f 1501 1489 1499
f 1499 1489 1487
f 1499 1487 1497
f 1497 1487 1485
f 1503 1504 1494
f 1494 1504 1505
f 1494 1505 1495
f 1491 1346 1506
f 1506 1346 1345
f 1506 1345 1507
f 1507 1345 1343
f 1507 1343 1508
f 1508 1343 1342
f 1508 1342 1509
f 311 310 1493
f 1493 310 309
f 1493 309 1510
f 1510 309 353
f 1510 353 1511
f 1511 353 352
f 1512 1513 1503
f 1503 1513 1514
f 1503 1514 1504
f 1515 1516 1517
f 1517 1516 1518
f 1517 1518 1519
f 1519 1518 1520
f 1519 1520 1521
f 1521 1520 1522
f 1521 1522 1523
f 1516 1524 1518
f 1518 1524 1525
f 1518 1525 1520
f 1520 1525 1526
f 1520 1526 1522
f 1527 1528 1529
f 1529 1528 1530
f 1529 1530 1531
f 1532 1527 1533
f 1533 1527 1529
f 1533 1529 1534
f 1534 1529 1531
f 1535 1536 1512
f 1512 1536 1537
f 1512 1537 1513
f 1538 1523 1539
f 1539 1523 1522
f 1539 1522 1540
f 1540 1522 1526
f 1540 1526 1530
f 1530 1526 1525
f 1530 1525 1531
f 1531 1525 1524
f 1531 1524 1541
f 1541 1524 1516
f 1541 1516 1542
f 1542 1516 1515
f 1542 1515 1543
f 352 336 1511
f 1511 336 335
f 1511 335 1544
f 1544 335 334
f 1544 334 1545
f 1546 1547 1535
f 1535 1547 1548
f 1535 1548 1536
f 1549 1550 1551
f 1551 1550 1552
f 1551 1552 1553
f 1554 1555 1556
f 1556 1555 1557
f 1556 1557 1558
f 1558 1557 1559
f 1558 1559 1560
f 1561 1562 1546
f 1546 1562 1563
f 1546 1563 1547
f 1549 1564 1550
f 1550 1564 1565
f 1550 1565 1566
f 334 351 1545
f 1545 351 350
f 1545 350 1567
f 1567 350 333
f 1567 333 1568
f 1568 333 332
f 1569 1570 1561
f 1561 1570 1571
f 1561 1571 1562
f 1572 1573 1574
f 1574 1573 1575
f 1574 1575 1576
f 1576 1575 1577
f 1572 1566 1573
f 1573 1566 1565
f 1573 1565 1575
f 1575 1565 1578
f 1575 1578 1577
f 1579 1580 1569
f 1569 1580 1581
f 1569 1581 1570
f 1339 1582 1583
f 1583 1582 1584
f 1583 1584 1585
f 1585 1584 1586
f 1585 1586 1587
f 1587 1586 1588
f 1587 1588 1589
f 1589 1588 1590
f 1589 1590 1591
f 1591 1590 1592
f 1591 1592 1593
f 1593 1592 1594
f 1593 1594 1595
f 1595 1594 1596
f 1595 1596 1543
f 1564 1597 1565
f 1565 1597 1598
f 1565 1598 1578
f 1578 1598 1599
f 1578 1599 1600
f 1553 1596 1551
f 1551 1596 1594
f 1551 1594 1549
f 1549 1594 1592
f 1549 1592 1564
f 1564 1592 1590
f 1564 1590 1597
f 1597 1590 1588
f 1597 1588 1598
f 1598 1588 1586
f 1598 1586 1599
f 1599 1586 1584
f 1599 1584 1600
f 1600 1584 1582
f 1601 1602 1603
f 1603 1602 1604
f 1603 1604 1605
f 1339 1341 1582
f 1582 1341 1606
f 1582 1606 1600
f 1600 1606 1601
f 1600 1601 1578
f 1578 1601 1603
f 1578 1603 1577
f 1577 1603 1605
f 1577 1605 1576
f 332 381 1568
f 1568 381 380
f 1568 380 1607
f 1607 380 379
f 1607 379 1608
f 1609 1610 1579
f 1579 1610 1611
f 1579 1611 1580
f 1340 1612 1613
f 1340 1613 1341
f 1341 1613 1614
f 1341 1614 1606
f 1606 1614 1615
f 1606 1615 1601
f 1601 1615 1616
f 1601 1616 1602
f 1602 1616 1617
f 1602 1617 1604
f 1618 1619 1609
f 1609 1619 1620
f 1609 1620 1610
f 379 378 1608
f 1608 378 377
f 1608 377 1621
f 1621 377 376
f 1621 376 1622
f 1622 376 308
f 1337 1623 1338
f 1338 1623 1624
f 1338 1624 1625
f 1625 1624 1626
f 1625 1626 1627
f 1627 1626 1628
f 1629 1630 1631
f 1631 1630 1632
f 1633 1634 1635
f 1635 1634 1636
f 1635 1636 1637
f 1638 1639 1640
f 1640 1639 1641
f 1640 1641 1642
f 1642 1641 1643
f 1642 1643 1644
f 308 307 1622
f 1622 307 396
f 1622 396 1645
f 1645 396 395
f 1645 395 1646
f 1632 1630 1647
f 1647 1630 1648
f 1647 1648 1649
f 1334 1650 1335
f 1335 1650 1651
f 1335 1651 1652
f 1652 1651 1653
f 1652 1653 1654
f 1654 1653 1655
f 1654 1655 1656
f 1650 1657 1651
f 1651 1657 1658
f 1651 1658 1653
f 1653 1658 1659
f 1653 1659 1655
f 1633 1660 1661
f 1661 1660 1662
f 1661 1662 1663
f 1663 1662 1332
f 1332 1662 1664
f 1332 1664 829
f 1665 824 1666
f 1666 824 823
f 1666 823 1660
f 1660 823 821
f 1660 821 1662
f 1662 821 820
f 1662 820 1664
f 1664 820 843
f 1664 843 829
f 395 387 1646
f 1646 387 386
f 1646 386 1667
f 1667 386 385
f 1667 385 831
f 831 385 364
f 831 364 819
f 819 364 363
f 1325 1364 1363
f 1363 1364 1668
f 1363 1668 1669
f 1669 1668 1670
f 1669 1670 1671
f 1671 1670 1672
f 1671 1672 1673
f 1673 1672 1674
f 1673 1674 1675
f 1675 1674 1676
f 1675 1676 1677
f 1677 1676 1678
f 1677 1678 1679
f 1679 1678 1680
f 1679 1680 1681
f 1681 1680 1682
f 1681 1682 1683
f 1683 1682 1684
f 1683 1684 1685
f 1685 1684 1686
f 1685 1686 1687
f 1687 1686 1688
f 1687 1688 1689
f 1689 1688 1690
f 1689 1690 1691
f 1691 1690 1692
f 1691 1692 1693
f 1693 1692 1694
f 1693 1694 1695
f 1695 1694 1696
f 1695 1696 1697
f 1697 1696 1698
f 1697 1698 1699
f 1699 1698 1700
f 1699 1700 1701
f 1701 1700 1702
f 1701 1702 1703
f 1703 1702 1704
f 1703 1704 1705
f 1705 1704 1706
f 1705 1706 1707
f 1707 1706 1708
f 1707 1708 1709
f 1709 1708 1710
f 1709 1710 1711
f 1711 1710 1712
f 1711 1712 1713
f 1713 1712 1714
f 1713 1714 1715
f 1715 1714 1716
f 1715 1716 1717
f 1717 1716 836
f 1717 836 835
f 1649 1648 1718
f 1718 1648 1719
f 1718 1719 1720
f 1720 1719 833
f 1720 833 832
f 1326 1363 1357
f 1357 1363 1669
f 1357 1669 1371
f 1371 1669 1671
f 1371 1671 1381
f 1381 1671 1673
f 1381 1673 1387
f 1387 1673 1675
f 1387 1675 1399
f 1399 1675 1677
f 1399 1677 1415
f 1415 1677 1679
f 1415 1679 1430
f 1430 1679 1681
f 1430 1681 1428
f 1428 1681 1683
f 1428 1683 1443
f 1443 1683 1685
f 1443 1685 1444
f 1444 1685 1687
f 1444 1687 1464
f 1464 1687 1689
f 1464 1689 1481
f 1481 1689 1691
f 1481 1691 1494
f 1494 1691 1693
f 1494 1693 1503
f 1503 1693 1695
f 1503 1695 1512
f 1512 1695 1697
f 1512 1697 1535
f 1535 1697 1699
f 1535 1699 1546
f 1546 1699 1701
f 1546 1701 1561
f 1561 1701 1703
f 1561 1703 1569
f 1569 1703 1705
f 1569 1705 1579
f 1579 1705 1707
f 1579 1707 1609
f 1609 1707 1709
f 1609 1709 1618
f 1618 1709 1711
f 1618 1711 1629
f 1629 1711 1713
f 1629 1713 1630
f 1630 1713 1715
f 1630 1715 1648
f 1648 1715 1717
f 1648 1717 1719
f 1719 1717 835
f 1719 835 833
f 1224 1356 1364
f 1364 1356 1379
f 1364 1379 1668
f 1668 1379 1380
f 1668 1380 1670
f 1670 1380 1397
f 1670 1397 1672
f 1672 1397 1398
f 1672 1398 1674
f 1674 1398 1426
f 1674 1426 1676
f 1676 1426 1427
f 1676 1427 1678
f 1678 1427 1440
f 1678 1440 1680
f 1680 1440 1441
f 1680 1441 1682
f 1682 1441 1462
f 1682 1462 1684
f 1684 1462 1463
f 1684 1463 1686
f 1686 1463 1492
f 1686 1492 1688
f 1688 1492 1493
f 1688 1493 1690
f 1690 1493 1510
f 1690 1510 1692
f 1692 1510 1511
f 1692 1511 1694
f 1694 1511 1544
f 1694 1544 1696
f 1696 1544 1545
f 1696 1545 1698
f 1698 1545 1567
f 1698 1567 1700
f 1700 1567 1568
f 1700 1568 1702
f 1702 1568 1607
f 1702 1607 1704
f 1704 1607 1608
f 1704 1608 1706
f 1706 1608 1621
f 1706 1621 1708
f 1708 1621 1622
f 1708 1622 1710
f 1710 1622 1645
f 1710 1645 1712
f 1712 1645 1646
f 1712 1646 1714
f 1714 1646 1667
f 1714 1667 1716
f 1716 1667 831
f 1716 831 836
f 1324 806 1721
f 1721 806 1361
f 1721 1361 1722
f 1722 1361 1369
f 1722 1369 1723
f 1378 1377 1724
f 1724 1377 1725
f 1724 1725 1723
f 1726 1727 1353
f 1353 1727 1728
f 1353 1728 1354
f 1354 1728 1729
f 1354 1729 1377
f 1377 1729 1730
f 1377 1730 1725
f 1723 1369 1724
f 1724 1369 1368
f 1724 1368 1378
f 1378 1368 1367
f 1378 1367 1376
f 1376 1367 1373
f 1376 1373 1355
f 1355 1373 1386
f 1355 1386 1353
f 1353 1386 1390
f 1353 1390 1726
f 1726 1390 1392
f 1726 1392 1731
f 1731 1392 1394
f 1731 1394 1732
f 1414 1421 1405
f 1405 1421 1419
f 1405 1419 1396
f 1396 1419 1733
f 1396 1733 1395
f 1395 1733 1734
f 1395 1734 1394
f 1394 1734 1735
f 1394 1735 1732
f 1425 1424 1736
f 1736 1424 1737
f 1736 1737 1738
f 1350 1349 1351
f 1351 1349 1739
f 1351 1739 1424
f 1424 1739 1740
f 1424 1740 1737
f 1442 1741 1443
f 1443 1741 1742
f 1443 1742 1428
f 1428 1742 1743
f 1428 1743 1429
f 1429 1743 1744
f 1429 1744 1431
f 1431 1744 1745
f 1431 1745 1432
f 1432 1745 1746
f 1432 1746 1416
f 1416 1746 1747
f 1416 1747 1417
f 1417 1747 1748
f 1417 1748 1400
f 1400 1748 1749
f 1400 1749 1401
f 1401 1749 1750
f 1401 1750 1388
f 1388 1750 1751
f 1388 1751 1389
f 1389 1751 1752
f 1389 1752 1382
f 1382 1752 1753
f 1382 1753 1383
f 1383 1753 1754
f 1383 1754 1370
f 1370 1754 1755
f 1370 1755 1331
f 1331 1755 1358
f 1331 1358 1329
f 1329 1358 1330
f 1756 1757 1348
f 1348 1757 1758
f 1348 1758 1349
f 1349 1758 1759
f 1349 1759 1739
f 1760 1756 1761
f 1761 1756 1348
f 1761 1348 1762
f 1762 1348 1350
f 1762 1350 1763
f 1763 1350 1352
f 1763 1352 1418
f 1418 1352 1423
f 1418 1423 1419
f 1419 1423 1425
f 1419 1425 1733
f 1733 1425 1736
f 1733 1736 1734
f 1734 1736 1738
f 1734 1738 1735
f 1764 1760 1765
f 1765 1760 1761
f 1765 1761 1766
f 1766 1761 1762
f 1766 1762 1767
f 1767 1762 1763
f 1767 1763 1768
f 1768 1763 1418
f 1768 1418 1769
f 1769 1418 1420
f 1769 1420 1770
f 1770 1420 1422
f 1771 1764 1765
f 1771 1765 1772
f 1772 1765 1766
f 1772 1766 1439
f 1439 1766 1767
f 1439 1767 1437
f 1437 1767 1768
f 1437 1768 1435
f 1435 1768 1769
f 1435 1769 1433
f 1433 1769 1770
f 1773 1764 1457
f 1457 1764 1771
f 1457 1771 1458
f 1458 1771 1772
f 1458 1772 1460
f 1460 1772 1439
f 1460 1439 1471
f 1471 1439 1438
f 1471 1438 1472
f 1472 1438 1436
f 1472 1436 1473
f 1473 1436 1434
f 1773 1474 1774
f 1774 1474 1476
f 1774 1476 1775
f 1775 1476 1478
f 1775 1478 1776
f 1776 1478 1480
f 1776 1480 1777
f 1773 1457 1474
f 1474 1457 1459
f 1474 1459 1475
f 1475 1459 1461
f 1475 1461 1477
f 1477 1461 1470
f 1477 1470 1479
f 1479 1470 1490
f 1479 1490 1480
f 1480 1490 1491
f 1480 1491 1777
f 1778 1779 1509
f 1509 1779 1780
f 1509 1780 1508
f 1508 1780 1781
f 1508 1781 1507
f 1507 1781 1782
f 1507 1782 1506
f 1506 1782 1783
f 1506 1783 1491
f 1491 1783 1784
f 1491 1784 1777
f 1498 1538 1500
f 1500 1538 1539
f 1500 1539 1502
f 1502 1539 1540
f 1502 1540 1344
f 1344 1540 1530
f 1344 1530 1342
f 1342 1530 1528
f 1342 1528 1509
f 1509 1528 1527
f 1509 1527 1778
f 1778 1527 1532
f 1543 1596 1542
f 1542 1596 1553
f 1542 1553 1541
f 1541 1553 1552
f 1541 1552 1531
f 1531 1552 1785
f 1531 1785 1534
f 1534 1785 1786
f 1534 1786 1533
f 1533 1786 1787
f 1533 1787 1532
f 1788 1789 1554
f 1788 1554 1790
f 1790 1554 1556
f 1790 1556 1791
f 1791 1556 1558
f 1791 1558 1792
f 1792 1558 1560
f 1792 1560 1793
f 1794 1793 1572
f 1572 1793 1560
f 1572 1560 1566
f 1566 1560 1559
f 1566 1559 1550
f 1550 1559 1557
f 1550 1557 1552
f 1552 1557 1555
f 1552 1555 1785
f 1785 1555 1554
f 1785 1554 1786
f 1786 1554 1789
f 1786 1789 1787
f 1794 1572 1795
f 1795 1572 1574
f 1795 1574 1796
f 1796 1574 1576
f 1796 1576 1797
f 1797 1576 1605
f 1797 1605 1798
f 1798 1605 1604
f 1798 1604 1799
f 1799 1604 1617
f 1799 1617 1800
f 809 808 1359
f 1359 808 1358
f 1359 1358 1406
f 1406 1358 1755
f 1406 1755 1407
f 1407 1755 1754
f 1407 1754 1408
f 1408 1754 1753
f 1408 1753 1409
f 1409 1753 1752
f 1409 1752 1410
f 1410 1752 1751
f 1410 1751 1411
f 1411 1751 1750
f 1411 1750 1412
f 1412 1750 1749
f 1412 1749 1413
f 1413 1749 1748
f 1413 1748 1414
f 1414 1748 1747
f 1414 1747 1422
f 1422 1747 1746
f 1422 1746 1770
f 1770 1746 1745
f 1770 1745 1433
f 1433 1745 1744
f 1433 1744 1434
f 1434 1744 1743
f 1434 1743 1473
f 1473 1743 1742
f 1473 1742 1453
f 1453 1742 1741
f 1453 1741 1451
f 1451 1741 1442
f 1451 1442 1449
f 1449 1442 1466
f 1449 1466 1447
f 1447 1466 1465
f 1447 1465 1445
f 1445 1465 1483
f 1445 1483 1484
f 1484 1483 1482
f 1484 1482 1485
f 1485 1482 1496
f 1485 1496 1497
f 1497 1496 1495
f 1497 1495 1498
f 1498 1495 1505
f 1498 1505 1538
f 1538 1505 1504
f 1538 1504 1523
f 1523 1504 1514
f 1523 1514 1521
f 1521 1514 1513
f 1521 1513 1519
f 1519 1513 1537
f 1519 1537 1517
f 1517 1537 1536
f 1517 1536 1515
f 1515 1536 1548
f 1515 1548 1543
f 1543 1548 1547
f 1543 1547 1595
f 1595 1547 1563
f 1595 1563 1593
f 1593 1563 1562
f 1593 1562 1591
f 1591 1562 1571
f 1591 1571 1589
f 1589 1571 1570
f 1589 1570 1587
f 1587 1570 1581
f 1587 1581 1585
f 1585 1581 1580
f 1585 1580 1583
f 1583 1580 1611
f 1583 1611 1339
f 1339 1611 1610
f 1339 1610 1340
f 1340 1610 1620
f 1340 1620 1612
f 1612 1620 1619
f 1336 1338 1801
f 1801 1338 1625
f 1801 1625 1802
f 1802 1625 1627
f 1802 1627 1803
f 1803 1627 1628
f 1803 1628 1804
f 1804 1628 1805
f 1804 1805 1806
f 1806 1805 1807
f 1806 1807 1808
f 1808 1807 1809
f 1808 1809 1810
f 1628 1811 1805
f 1805 1811 1812
f 1805 1812 1807
f 1807 1812 1813
f 1807 1813 1809
f 1804 1814 1803
f 1803 1814 1815
f 1803 1815 1802
f 1802 1815 1816
f 1802 1816 1801
f 1801 1816 1817
f 1801 1817 1336
f 1623 1637 1624
f 1624 1637 1636
f 1624 1636 1626
f 1626 1636 1634
f 1626 1634 1628
f 1628 1634 1818
f 1628 1818 1811
f 1811 1818 1819
f 1811 1819 1812
f 1812 1819 1820
f 1812 1820 1813
f 1821 1822 1644
f 1644 1822 1823
f 1644 1823 1642
f 1642 1823 1824
f 1642 1824 1640
f 1640 1824 1825
f 1640 1825 1638
f 1638 1825 1826
f 1638 1826 1827
f 832 844 1720
f 1720 844 1333
f 1720 1333 1718
f 1718 1333 1335
f 1718 1335 1649
f 1649 1335 1652
f 1649 1652 1647
f 1647 1652 1654
f 1647 1654 1632
f 1632 1654 1656
f 1632 1656 1631
f 828 1231 1332
f 1332 1231 1821
f 1332 1821 1663
f 1663 1821 1644
f 1663 1644 1661
f 1661 1644 1643
f 1661 1643 1633
f 1633 1643 1641
f 1633 1641 1634
f 1634 1641 1639
f 1634 1639 1818
f 1818 1639 1638
f 1818 1638 1819
f 1819 1638 1827
f 1819 1827 1820
f 1228 1226 1828
f 1828 1226 1225
f 1828 1225 1665
f 1665 1225 825
f 1665 825 824
f 844 1228 1333
f 1333 1228 1828
f 1333 1828 1334
f 1334 1828 1665
f 1334 1665 1650
f 1650 1665 1666
f 1650 1666 1657
f 1657 1666 1660
f 1657 1660 1658
f 1658 1660 1633
f 1658 1633 1659
f 1659 1633 1635
f 1659 1635 1655
f 1655 1635 1637
f 1655 1637 1656
f 1656 1637 1623
f 1656 1623 1631
f 1631 1623 1337
f 1631 1337 1629
f 1629 1337 1336
f 1629 1336 1618
f 1618 1336 1817
f 1618 1817 1619
f 1619 1817 1816
f 1619 1816 1612
f 1612 1816 1815
f 1612 1815 1613
f 1613 1815 1814
f 1613 1814 1614
f 1614 1814 1804
f 1614 1804 1615
f 1615 1804 1806
f 1615 1806 1616
f 1616 1806 1808
f 1616 1808 1617
f 1617 1808 1810
f 1617 1810 1800
f 1829 544 1830
f 1830 544 543
f 1830 543 548
f 1830 548 1831
f 1831 548 550
f 1831 550 1832
f 1832 550 552
f 1832 552 1833
f 1833 552 554
f 1833 554 1834
f 1834 554 556
f 1834 556 1835
f 1835 556 558
f 1835 558 1836
f 1836 558 560
f 1836 560 1837
f 792 1838 560
f 560 1838 1837
f 1838 792 1839
f 1838 1839 1840
f 1840 1839 1841
f 1840 1841 1842
f 1842 1841 1843
f 1842 1843 1844
f 1844 1843 1845
f 1844 1845 1846
f 1846 1845 1847
f 1846 1847 1848
f 1848 1847 1849
f 1848 1849 1850
f 1850 1849 1851
f 1850 1851 1852
f 1852 1851 1853
f 1852 1853 1854
f 1854 1853 1855
f 1854 1855 1856
f 1856 1855 1857
f 1856 1857 1858
f 1858 1857 1859
f 1858 1859 1860
f 1860 1859 1861
f 1860 1861 1862
f 1862 1861 1863
f 1862 1863 1864
f 1864 1863 1865
f 1864 1865 1866
f 1866 1865 1867
f 1866 1867 1868
f 1868 1867 1869
f 1868 1869 1870
f 1870 1869 1871
f 1870 1871 1872
f 1872 1871 1873
f 1872 1873 1874
f 1874 1873 1875
f 1874 1875 1876
f 753 1877 751
f 751 1877 1878
f 751 1878 749
f 749 1878 1879
f 749 1879 747
f 747 1879 1880
f 747 1880 745
f 745 1880 1881
f 745 1881 743
f 743 1881 1882
f 743 1882 741
f 741 1882 1883
f 741 1883 739
f 739 1883 1884
f 739 1884 737
f 737 1884 1885
f 737 1885 735
f 735 1885 1886
f 735 1886 733
f 733 1886 1887
f 733 1887 731
f 731 1887 1888
f 731 1888 729
f 729 1888 1889
f 729 1889 727
f 727 1889 1890
f 727 1890 725
f 725 1890 1891
f 725 1891 723
f 723 1891 1892
f 723 1892 721
f 721 1892 1893
f 721 1893 719
f 719 1893 1894
f 719 1894 789
f 789 1894 1895
f 789 1895 787
f 787 1895 1896
f 787 1896 785
f 785 1896 1897
f 785 1897 783
f 783 1897 1898
f 783 1898 781
f 781 1898 1899
f 781 1899 779
f 779 1899 1900
f 779 1900 777
f 777 1900 1901
f 777 1901 775
f 775 1901 1902
f 775 1902 773
f 773 1902 1903
f 773 1903 771
f 771 1903 1904
f 771 1904 769
f 769 1904 1905
f 769 1905 767
f 767 1905 1906
f 767 1906 765
f 765 1906 1907
f 765 1907 763
f 763 1907 1908
f 763 1908 761
f 761 1908 1909
f 761 1909 759
f 759 1909 1910
f 759 1910 757
f 757 1910 1911
f 757 1911 755
f 755 1911 1912
f 755 1912 753
f 753 1912 1877
f 405 1913 404
f 404 1913 1914
f 404 1914 403
f 403 1914 1915
f 403 1915 402
f 402 1915 1916
f 402 1916 401
f 401 1916 1917
f 401 1917 400
f 400 1917 1918
f 400 1918 399
f 399 1918 1919
f 399 1919 398
f 398 1919 1920
f 398 1920 397
f 397 1920 1921
f 397 1921 432
f 432 1921 1922
f 432 1922 431
f 431 1922 1923
f 431 1923 430
f 430 1923 1924
f 430 1924 429
f 429 1924 1925
f 429 1925 428
f 428 1925 1926
f 428 1926 427
f 427 1926 1927
f 427 1927 426
f 426 1927 1928
f 426 1928 425
f 425 1928 1929
f 425 1929 424
f 424 1929 1930
f 424 1930 423
f 423 1930 1931
f 423 1931 422
f 422 1931 1932
f 422 1932 421
f 421 1932 1933
f 421 1933 420
f 420 1933 1934
f 420 1934 419
f 419 1934 1935
f 419 1935 418
f 418 1935 1936
f 418 1936 417
f 417 1936 1937
f 417 1937 416
f 416 1937 1938
f 416 1938 415
f 415 1938 1939
f 415 1939 414
f 414 1939 1940
f 414 1940 413
f 413 1940 1941
f 413 1941 412
f 412 1941 1942
f 412 1942 411
f 411 1942 1943
f 411 1943 410
f 410 1943 1944
f 410 1944 409
f 409 1944 1945
f 409 1945 408
f 408 1945 1946
f 408 1946 407
f 407 1946 1947
f 407 1947 406
f 406 1947 1948
f 406 1948 405
f 405 1948 1913
f 441 1949 440
f 440 1949 1950
f 440 1950 439
f 439 1950 1951
f 439 1951 438
f 438 1951 1952
f 438 1952 437
f 437 1952 1953
f 437 1953 436
f 436 1953 1954
f 436 1954 435
f 435 1954 1955
f 435 1955 434
f 434 1955 1956
f 434 1956 433
f 433 1956 1957
f 433 1957 468
f 468 1957 1958
f 468 1958 467
f 467 1958 1959
f 467 1959 466
f 466 1959 1960
f 466 1960 465
f 465 1960 1961
f 465 1961 464
f 464 1961 1962
f 464 1962 463
f 463 1962 1963
f 463 1963 462
f 462 1963 1964
f 462 1964 461
f 461 1964 1965
f 461 1965 460
f 460 1965 1966
f 460 1966 459
f 459 1966 1967
f 459 1967 458
f 458 1967 1968
f 458 1968 457
f 457 1968 1969
f 457 1969 456
f 456 1969 1970
f 456 1970 455
f 455 1970 1971
f 455 1971 454
f 454 1971 1972
f 454 1972 453
f 453 1972 1973
f 453 1973 452
f 452 1973 1974
f 452 1974 451
f 451 1974 1975
f 451 1975 450
f 450 1975 1976
f 450 1976 449
f 449 1976 1977
f 449 1977 448
f 448 1977 1978
f 448 1978 447
f 447 1978 1979
f 447 1979 446
f 446 1979 1980
f 446 1980 445
f 445 1980 1981
f 445 1981 444
f 444 1981 1982
f 444 1982 443
f 443 1982 1983
f 443 1983 442
f 442 1983 1984
f 442 1984 441
f 441 1984 1949
f 1985 472 1986
f 1986 472 470
f 1986 470 1987
f 1987 470 469
f 1987 469 1988
f 1988 469 476
f 1988 476 1989
f 1989 476 475
f 1989 475 1990
f 1990 475 474
f 1990 474 1991
f 1991 474 479
f 1991 479 1992
f 1992 479 478
f 1992 478 1993
f 1993 478 477
f 1993 477 1994
f 1994 477 482
f 1994 482 1995
f 1995 482 481
f 1995 481 1996
f 1996 481 480
f 1996 480 1997
f 1997 480 485
f 1997 485 1998
f 1998 485 484
f 1998 484 1999
f 1999 484 483
f 1999 483 2000
f 2000 483 488
f 2000 488 2001
f 2001 488 487
f 2001 487 2002
f 2002 487 486
f 2002 486 2003
f 2003 486 491
f 2003 491 2004
f 2004 491 490
f 2004 490 2005
f 2005 490 489
f 2005 489 2006
f 2006 489 494
f 2006 494 2007
f 2007 494 493
f 2007 493 2008
f 2008 493 492
f 2008 492 2009
f 2009 492 497
f 2009 497 2010
f 2010 497 496
f 2010 496 2011
f 2011 496 495
f 2011 495 2012
f 2012 495 500
f 2012 500 2013
f 2013 500 499
f 2013 499 2014
f 2014 499 498
f 2014 498 2015
f 2015 498 503
f 2015 503 2016
f 2016 503 502
f 2016 502 2017
f 2017 502 501
f 2017 501 2018
f 2018 501 505
f 2018 505 2019
f 2019 505 504
f 2019 504 2020
f 2020 504 473
f 2020 473 1985
f 1985 473 472
f 2021 509 2022
f 2022 509 507
f 2022 507 2023
f 2023 507 506
f 2023 506 2024
f 2024 506 513
f 2024 513 2025
f 2025 513 512
f 2025 512 2026
f 2026 512 511
f 2026 511 2027
f 2027 511 516
f 2027 516 2028
f 2028 516 515
f 2028 515 2029
f 2029 515 514
f 2029 514 2030
f 2030 514 519
f 2030 519 2031
f 2031 519 518
f 2031 518 2032
f 2032 518 517
f 2032 517 2033
f 2033 517 522
f 2033 522 2034
f 2034 522 521
f 2034 521 2035
f 2035 521 520
f 2035 520 2036
f 2036 520 525
f 2036 525 2037
f 2037 525 524
f 2037 524 2038
f 2038 524 523
f 2038 523 2039
f 2039 523 528
f 2039 528 2040
f 2040 528 527
f 2040 527 2041
f 2041 527 526
f 2041 526 2042
f 2042 526 531
f 2042 531 2043
f 2043 531 530
f 2043 530 2044
f 2044 530 529
f 2044 529 2045
f 2045 529 534
f 2045 534 2046
f 2046 534 533
f 2046 533 2047
f 2047 533 532
f 2047 532 2048
f 2048 532 537
f 2048 537 2049
f 2049 537 536
f 2049 536 2050
f 2050 536 535
f 2050 535 2051
f 2051 535 540
f 2051 540 2052
f 2052 540 539
f 2052 539 2053
f 2053 539 538
f 2053 538 2054
f 2054 538 542
f 2054 542 2055
f 2055 542 541
f 2055 541 2056
f 2056 541 510
f 2056 510 2021
f 2021 510 509
f 2057 2058 559
f 559 2058 794
f 2059 2060 2061
f 2061 2062 2059
f 2059 2062 2063
f 2059 2063 2064
f 2063 2065 2064
f 2064 2065 2066
f 2064 2066 2067
f 2066 2068 2067
f 2067 2068 2069
f 2067 2069 2070
f 2070 2069 2071
f 2071 2072 2070
f 2070 2072 2073
f 2070 2073 2074
f 2073 2075 2074
f 2074 2075 2076
f 2074 2076 2077
f 2076 2078 2077
f 2077 2078 2079
f 2077 2079 2080
f 2079 2081 2080
f 2080 2081 2082
f 2080 2082 2083
f 2083 2082 2084
f 2083 2084 2085
f 2085 2084 2086
f 2086 2087 2085
f 2085 2087 2088
f 2085 2088 2089
f 2088 2090 2089
f 2089 2090 2091
f 2089 2091 2092
f 2091 2093 2092
f 2092 2093 2094
f 2092 2094 2095
f 2094 2096 2095
f 2095 2096 2097
f 2095 2097 2098
f 2097 2099 2098
f 2098 2099 2100
f 2098 2100 2101
f 2100 2102 2101
f 2101 2102 2103
f 2101 2103 2104
f 2103 2105 2104
f 2104 2105 2106
f 2104 2106 2107
f 2106 2108 2107
f 2107 2108 2109
f 2107 2109 2110
f 794 2058 2111
f 2111 2058 2110
f 2111 2110 2112
f 2112 2110 2109
f 1829 2113 544
f 544 2113 2114
f 544 2114 546
f 546 2114 2115
f 545 546 2116
f 2116 546 2115
f 2057 559 557
f 2057 557 2117
f 2117 557 555
f 2117 555 2118
f 2118 555 553
f 2118 553 2119
f 2119 553 551
f 2119 551 2120
f 2120 551 549
f 2120 549 2121
f 2121 549 547
f 2121 547 2122
f 2122 547 545
f 2122 545 2116
f 561 2123 562
f 562 2123 2124
f 562 2124 563
f 563 2124 2125
f 563 2125 564
f 564 2125 2126
f 564 2126 565
f 565 2126 2127
f 565 2127 566
f 566 2127 2128
f 566 2128 567
f 567 2128 2129
f 567 2129 568
f 568 2129 2130
f 568 2130 569
f 569 2130 2131
f 569 2131 570
f 570 2131 2132
f 570 2132 571
f 571 2132 2133
f 571 2133 572
f 572 2133 2134
f 572 2134 573
f 573 2134 2135
f 573 2135 574
f 574 2135 2136
f 574 2136 575
f 575 2136 2137
f 575 2137 576
f 576 2137 2138
f 576 2138 577
f 577 2138 2139
f 577 2139 578
f 578 2139 2140
f 578 2140 579
f 579 2140 2141
f 579 2141 580
f 580 2141 2142
f 580 2142 581
f 581 2142 2143
f 581 2143 582
f 582 2143 2144
f 582 2144 583
f 583 2144 2145
f 583 2145 584
f 584 2145 2146
f 584 2146 585
f 585 2146 2147
f 585 2147 586
f 586 2147 2148
f 586 2148 587
f 587 2148 2149
f 587 2149 588
f 588 2149 2150
f 588 2150 589
f 589 2150 2151
f 589 2151 590
f 590 2151 2152
f 590 2152 591
f 591 2152 2153
f 591 2153 592
f 592 2153 2154
f 592 2154 593
f 593 2154 2155
f 593 2155 594
f 594 2155 2156
f 594 2156 595
f 595 2156 2157
f 595 2157 596
f 596 2157 2158
f 596 2158 561
f 561 2158 2123
f 597 2159 598
f 598 2159 2160
f 598 2160 599
f 599 2160 2161
f 599 2161 600
f 600 2161 2162
f 600 2162 601
f 601 2162 2163
f 601 2163 602
f 602 2163 2164
f 602 2164 603
f 603 2164 2165
f 603 2165 604
f 604 2165 2166
f 604 2166 605
f 605 2166 2167
f 605 2167 606
f 606 2167 2168
f 606 2168 607
f 607 2168 2169
f 607 2169 608
f 608 2169 2170
f 608 2170 609
f 609 2170 2171
f 609 2171 610
f 610 2171 2172
f 610 2172 611
f 611 2172 2173
f 611 2173 612
f 612 2173 2174
f 612 2174 613
f 613 2174 2175
f 613 2175 614
f 614 2175 2176
f 614 2176 615
f 615 2176 2177
f 615 2177 616
f 616 2177 2178
f 616 2178 617
f 617 2178 2179
f 617 2179 618
f 618 2179 2180
f 618 2180 619
f 619 2180 2181
f 619 2181 620
f 620 2181 2182
f 620 2182 621
f 621 2182 2183
f 621 2183 622
f 622 2183 2184
f 622 2184 623
f 623 2184 2185
f 623 2185 624
f 624 2185 2186
f 624 2186 625
f 625 2186 2187
f 625 2187 626
f 626 2187 2188
f 626 2188 627
f 627 2188 2189
f 627 2189 628
f 628 2189 2190
f 628 2190 629
f 629 2190 2191
f 629 2191 630
f 630 2191 2192
f 630 2192 631
f 631 2192 2193
f 631 2193 632
f 632 2193 2194
f 632 2194 597
f 597 2194 2159
f 690 2195 692
f 692 2195 2196
f 692 2196 694
f 694 2196 2197
f 694 2197 696
f 696 2197 2198
f 696 2198 698
f 698 2198 2199
f 698 2199 700
f 700 2199 2200
f 700 2200 702
f 702 2200 2201
f 702 2201 704
f 704 2201 2202
f 704 2202 634
f 634 2202 2203
f 634 2203 636
f 636 2203 2204
f 636 2204 638
f 638 2204 2205
f 638 2205 640
f 640 2205 2206
f 640 2206 642
f 642 2206 2207
f 642 2207 644
f 644 2207 2208
f 644 2208 646
f 646 2208 2209
f 646 2209 648
f 648 2209 2210
f 648 2210 650
f 650 2210 2211
f 650 2211 652
f 652 2211 2212
f 652 2212 654
f 654 2212 2213
f 654 2213 656
f 656 2213 2214
f 656 2214 658
f 658 2214 2215
f 658 2215 660
f 660 2215 2216
f 660 2216 662
f 662 2216 2217
f 662 2217 664
f 664 2217 2218
f 664 2218 666
f 666 2218 2219
f 666 2219 668
f 668 2219 2220
f 668 2220 670
f 670 2220 2221
f 670 2221 672
f 672 2221 2222
f 672 2222 674
f 674 2222 2223
f 674 2223 676
f 676 2223 2224
f 676 2224 678
f 678 2224 2225
f 678 2225 680
f 680 2225 2226
f 680 2226 682
f 682 2226 2227
f 682 2227 684
f 684 2227 2228
f 684 2228 686
f 686 2228 2229
f 686 2229 688
f 688 2229 2230
f 688 2230 690
f 690 2230 2195
f 718 681 683
f 699 701 2231
f 701 703 2231
f 2231 703 633
f 2231 633 2232
f 673 675 793
f 793 675 677
f 793 677 718
f 718 677 679
f 718 679 681
f 693 695 715
f 673 793 671
f 671 793 2233
f 671 2233 669
f 669 2233 2234
f 669 2234 667
f 667 2234 2235
f 667 2235 665
f 665 2235 2236
f 665 2236 663
f 663 2236 2237
f 663 2237 661
f 661 2237 2238
f 661 2238 659
f 659 2238 2239
f 659 2239 657
f 715 695 2231
f 2231 695 697
f 2231 697 699
f 2239 2240 657
f 657 2240 2241
f 657 2241 655
f 655 2241 2242
f 655 2242 653
f 653 2242 2243
f 653 2243 651
f 651 2243 2244
f 651 2244 649
f 649 2244 2245
f 649 2245 647
f 647 2245 2246
f 647 2246 645
f 645 2246 2247
f 645 2247 643
f 643 2247 2248
f 643 2248 641
f 641 2248 2249
f 641 2249 639
f 639 2249 2250
f 639 2250 637
f 637 2250 2232
f 637 2232 635
f 635 2232 633
f 683 685 718
f 718 685 687
f 718 687 706
f 706 687 689
f 706 689 707
f 707 689 709
f 693 715 691
f 691 715 713
f 691 713 689
f 689 713 711
f 689 711 709
f 2231 2251 715
f 715 2251 716
f 788 717 790
f 790 717 720
f 782 791 784
f 784 791 717
f 784 717 786
f 786 717 788
f 2252 2253 744
f 2251 736 734
f 760 2254 762
f 762 2254 2255
f 762 2255 764
f 764 2255 2256
f 764 2256 766
f 766 2256 2257
f 766 2257 768
f 768 2257 2258
f 768 2258 770
f 770 2258 2259
f 770 2259 772
f 772 2259 2260
f 772 2260 774
f 774 2260 2261
f 774 2261 776
f 776 2261 2262
f 776 2262 778
f 778 2262 791
f 778 791 780
f 780 791 782
f 744 2253 746
f 746 2253 2263
f 746 2263 748
f 748 2263 2264
f 748 2264 750
f 750 2264 2265
f 750 2265 752
f 752 2265 2266
f 752 2266 754
f 754 2266 2267
f 754 2267 756
f 756 2267 2268
f 756 2268 758
f 758 2268 2269
f 758 2269 760
f 760 2269 2270
f 760 2270 2254
f 734 732 2251
f 2251 732 730
f 2251 730 716
f 720 717 722
f 722 717 705
f 722 705 708
f 744 742 2252
f 2252 742 740
f 2252 740 2251
f 2251 740 738
f 2251 738 736
f 708 710 722
f 722 710 712
f 722 712 724
f 724 712 714
f 724 714 726
f 726 714 716
f 726 716 728
f 728 716 730
f 792 791 2262
f 792 2262 1839
f 1839 2262 2261
f 1839 2261 1841
f 1841 2261 2260
f 1841 2260 1843
f 1843 2260 2259
f 1843 2259 1845
f 1845 2259 2258
f 1845 2258 1847
f 1847 2258 2257
f 1847 2257 1849
f 1849 2257 2256
f 1849 2256 1851
f 1851 2256 2255
f 1851 2255 1853
f 1853 2255 2254
f 1853 2254 1855
f 1855 2254 2270
f 1855 2270 1857
f 1857 2270 2269
f 1857 2269 1859
f 1859 2269 2268
f 1859 2268 1861
f 1861 2268 2267
f 1861 2267 1863
f 1863 2267 2266
f 1863 2266 1865
f 1865 2266 2265
f 1865 2265 1867
f 1867 2265 2264
f 1867 2264 1869
f 1869 2264 2263
f 1869 2263 1871
f 1871 2263 2253
f 1871 2253 1873
f 1873 2253 2252
f 1873 2252 1875
f 2271 2272 1875
f 1875 2272 1876
f 2060 2273 2061
f 2061 2273 2274
f 793 794 2111
f 793 2111 2233
f 2233 2111 2112
f 2233 2112 2234
f 2112 2109 2234
f 2234 2109 2108
f 2234 2108 2235
f 2108 2106 2235
f 2235 2106 2105
f 2235 2105 2236
f 2105 2103 2236
f 2236 2103 2102
f 2236 2102 2237
f 2102 2100 2237
f 2237 2100 2099
f 2237 2099 2238
f 2099 2097 2238
f 2238 2097 2096
f 2238 2096 2239
f 2096 2094 2239
f 2239 2094 2093
f 2239 2093 2240
f 2093 2091 2240
f 2240 2091 2090
f 2240 2090 2241
f 2090 2088 2241
f 2241 2088 2087
f 2241 2087 2242
f 2087 2086 2242
f 2242 2086 2084
f 2242 2084 2243
f 2084 2082 2243
f 2243 2082 2081
f 2243 2081 2244
f 2081 2079 2244
f 2244 2079 2078
f 2244 2078 2245
f 2078 2076 2245
f 2245 2076 2075
f 2245 2075 2246
f 2075 2073 2246
f 2246 2073 2072
f 2246 2072 2247
f 2072 2071 2247
f 2247 2071 2069
f 2247 2069 2248
f 2069 2068 2248
f 2248 2068 2066
f 2248 2066 2249
f 2066 2065 2249
f 2249 2065 2063
f 2249 2063 2250
f 2063 2062 2250
f 2250 2062 2061
f 2250 2061 2232
f 1267 1266 2275
f 1758 1757 2276
f 1823 2277 1824
f 1824 2277 2278
f 2279 1809 1813
f 1827 1826 2278
f 2278 1826 1825
f 2278 1825 1824
f 2279 1813 2278
f 2278 1813 1820
f 2278 1820 1827
f 1809 2279 1810
f 1810 2279 2280
f 1810 2280 1800
f 2281 1795 1796
f 1796 1797 2281
f 2281 1797 1798
f 2281 1798 2280
f 2280 1798 1799
f 2280 1799 1800
f 2282 1792 1793
f 2282 1793 2281
f 2281 1793 1794
f 2281 1794 1795
f 1792 2282 1791
f 1791 2282 2283
f 1791 2283 1790
f 1779 1778 2284
f 2284 1778 1532
f 1532 1787 2284
f 2284 1787 1789
f 2284 1789 2283
f 2283 1789 1788
f 2283 1788 1790
f 1783 2285 1784
f 1784 2285 2286
f 1784 2286 1777
f 1783 1782 2285
f 2285 1782 1781
f 2285 1781 2284
f 2284 1781 1780
f 2284 1780 1779
f 1777 2286 1776
f 1776 2286 2287
f 1776 2287 1775
f 2287 1773 1774
f 2287 1774 1775
f 1757 1756 2276
f 2276 1756 1760
f 2276 1760 2288
f 2288 1760 1764
f 2288 1764 2287
f 2287 1764 1773
f 1737 1740 2289
f 2289 1740 1739
f 2289 1739 2276
f 2276 1739 1759
f 2276 1759 1758
f 1727 1726 2290
f 2290 1726 1731
f 1731 1732 2290
f 2290 1732 1735
f 2290 1735 2289
f 2289 1735 1738
f 2289 1738 1737
f 1727 2290 1728
f 1728 2290 2291
f 1728 2291 1729
f 1729 2291 2292
f 1729 2292 1730
f 2293 1324 1721
f 1721 1722 2293
f 2293 1722 1723
f 2293 1723 2292
f 2292 1723 1725
f 2292 1725 1730
f 1324 2293 1322
f 1322 2293 2294
f 1322 2294 795
f 2295 1321 2294
f 2294 1321 796
f 2294 796 795
f 2296 1315 1316
f 1318 1319 2295
f 2295 1319 1320
f 2295 1320 1321
f 2296 1316 2295
f 2295 1316 1317
f 2295 1317 1318
f 1315 2296 800
f 800 2296 2297
f 800 2297 1306
f 1310 1309 2298
f 2298 1309 1308
f 2298 1308 2297
f 2297 1308 1307
f 2297 1307 1306
f 1304 1305 2299
f 2299 1305 1312
f 2299 1312 2298
f 2298 1312 1311
f 2298 1311 1310
f 1304 2299 1303
f 1303 2299 2300
f 1303 2300 1302
f 1294 1295 2301
f 2301 1295 1296
f 1296 1297 2301
f 2301 1297 1300
f 2301 1300 2300
f 2300 1300 1301
f 2300 1301 1302
f 1290 2302 1287
f 1287 2302 2303
f 1287 2303 1286
f 1290 1291 2302
f 2302 1291 1292
f 2302 1292 2301
f 2301 1292 1293
f 2301 1293 1294
f 1286 2303 1285
f 1285 2303 2304
f 1285 2304 1284
f 2304 1282 1283
f 2304 1283 1284
f 1266 1265 2275
f 2275 1265 1269
f 2275 1269 2305
f 2305 1269 1273
f 2305 1273 2304
f 2304 1273 1282
f 1246 1249 2306
f 2306 1249 1248
f 2306 1248 2275
f 2275 1248 1268
f 2275 1268 1267
f 1236 1235 2307
f 2307 1235 1240
f 1240 1241 2307
f 2307 1241 1244
f 2307 1244 2306
f 2306 1244 1247
f 2306 1247 1246
f 1236 2307 1237
f 1237 2307 2308
f 1237 2308 1238
f 1238 2308 2309
f 1238 2309 1239
f 1823 1822 2277
f 2277 1822 1821
f 2277 1821 2310
f 2310 1821 1231
f 2310 1231 1230
f 1230 1229 2310
f 2310 1229 1232
f 2310 1232 2309
f 2309 1232 1234
f 2309 1234 1239
f 2311 2312 2113
f 2113 2312 2313
f 2314 2315 2316
f 2316 2315 2113
f 2316 2113 2317
f 2317 2113 2313
f 1926 1925 1984
f 1984 1925 1924
f 1984 1924 1923
f 1961 1960 2113
f 2113 1960 1959
f 2113 1959 1958
f 1958 1957 2113
f 2113 1957 1956
f 2113 1956 2311
f 2311 1956 1955
f 2311 1955 1954
f 1876 1917 1916
f 1886 1885 1876
f 1933 1837 1934
f 1934 1837 1935
f 1889 1948 1890
f 1890 1948 1947
f 1890 1947 1891
f 1926 1984 1927
f 1927 1984 1983
f 1927 1983 1928
f 1928 1983 1982
f 1928 1982 1929
f 1949 2272 1950
f 1950 2272 2318
f 1950 2318 1951
f 1982 1981 1929
f 1929 1981 1980
f 1929 1980 1930
f 1930 1980 1979
f 1930 1979 1931
f 1931 1979 1978
f 1931 1978 1977
f 1975 1837 1976
f 1976 1837 1933
f 1976 1933 1977
f 1977 1933 1932
f 1977 1932 1931
f 1954 1953 2311
f 2311 1953 1952
f 2311 1952 2319
f 2319 1952 1951
f 2319 1951 2320
f 2320 1951 2318
f 1923 1922 1984
f 1984 1922 1921
f 1984 1921 1949
f 1949 1921 1920
f 1949 1920 2272
f 2272 1920 1919
f 2272 1919 1876
f 1876 1919 1918
f 1876 1918 1917
f 1910 1858 1911
f 1911 1858 1860
f 1911 1860 1912
f 1912 1860 1862
f 1912 1862 1877
f 1877 1862 1864
f 1877 1864 1878
f 1878 1864 1866
f 1878 1866 1879
f 1879 1866 1868
f 1879 1868 1880
f 1880 1868 1870
f 1880 1870 1881
f 1881 1870 1872
f 1881 1872 1882
f 1882 1872 1874
f 1882 1874 1883
f 1883 1874 1876
f 1883 1876 1884
f 1884 1876 1885
f 1901 1838 1902
f 1902 1838 1840
f 1902 1840 1903
f 1903 1840 1842
f 1903 1842 1904
f 1904 1842 1844
f 1904 1844 1905
f 1905 1844 1846
f 1905 1846 1906
f 1906 1846 1848
f 1906 1848 1907
f 1907 1848 1850
f 1907 1850 1908
f 1908 1850 1852
f 1908 1852 1909
f 1909 1852 1854
f 1909 1854 1910
f 1910 1854 1856
f 1910 1856 1858
f 1838 1937 1837
f 1837 1937 1936
f 1837 1936 1935
f 1829 1830 1965
f 1901 1900 1838
f 1838 1900 1899
f 1838 1899 1937
f 1937 1899 1898
f 1937 1898 1938
f 1938 1898 1897
f 1938 1897 1939
f 1939 1897 1896
f 1939 1896 1895
f 1943 1942 1894
f 1894 1942 1941
f 1894 1941 1895
f 1895 1941 1940
f 1895 1940 1939
f 1975 1974 1837
f 1837 1974 1973
f 1837 1973 1836
f 1836 1973 1972
f 1836 1972 1835
f 1835 1972 1971
f 1835 1971 1834
f 1834 1971 1970
f 1834 1970 1833
f 1833 1970 1969
f 1833 1969 1832
f 1832 1969 1968
f 1832 1968 1831
f 1831 1968 1967
f 1831 1967 1830
f 1830 1967 1966
f 1830 1966 1965
f 1965 1964 1829
f 1829 1964 1963
f 1829 1963 2113
f 2113 1963 1962
f 2113 1962 1961
f 1916 1915 1876
f 1876 1915 1914
f 1876 1914 1886
f 1886 1914 1913
f 1886 1913 1887
f 1887 1913 1948
f 1887 1948 1888
f 1888 1948 1889
f 1891 1947 1892
f 1892 1947 1946
f 1892 1946 1893
f 1893 1946 1945
f 1893 1945 1894
f 1894 1945 1944
f 1894 1944 1943
f 2038 2039 2315
f 2007 2008 2113
f 2321 1992 1993
f 2041 2042 2113
f 2113 2042 2043
f 1989 1990 2321
f 2321 1990 1991
f 2321 1991 1992
f 2032 2315 2031
f 2031 2315 2030
f 2315 2039 2113
f 2113 2039 2040
f 2113 2040 2041
f 2043 2044 2113
f 2113 2044 2045
f 2113 2045 2046
f 2049 2050 2003
f 2003 2050 2051
f 2003 2051 2052
f 2032 2033 2315
f 2315 2033 2034
f 2315 2034 2035
f 2012 2013 2114
f 2114 2013 2014
f 2114 2014 2015
f 1996 2315 1995
f 1995 2315 2321
f 1995 2321 1994
f 1994 2321 1993
f 2046 2047 2113
f 2113 2047 2048
f 2113 2048 2049
f 2008 2009 2113
f 2113 2009 2010
f 2113 2010 2114
f 2114 2010 2011
f 2114 2011 2012
f 2015 2016 2114
f 2114 2016 2017
f 2114 2017 2018
f 2018 2019 2114
f 2114 2019 2020
f 2114 2020 2321
f 2321 2020 1985
f 2321 1985 1986
f 1996 1997 2315
f 2315 1997 1998
f 2315 1998 1999
f 2003 2004 2049
f 2049 2004 2005
f 2049 2005 2113
f 2113 2005 2006
f 2113 2006 2007
f 1986 1987 2321
f 2321 1987 1988
f 2321 1988 1989
f 2035 2036 2315
f 2315 2036 2037
f 2315 2037 2038
f 2052 2053 2003
f 2003 2053 2054
f 2003 2054 2055
f 2026 1999 2025
f 2025 1999 2024
f 2026 2027 1999
f 1999 2027 2028
f 1999 2028 2315
f 2315 2028 2029
f 2315 2029 2030
f 2000 2022 1999
f 1999 2022 2023
f 1999 2023 2024
f 2055 2056 2003
f 2003 2056 2021
f 2003 2021 2002
f 2002 2021 2022
f 2002 2022 2001
f 2001 2022 2000
f 2114 2133 2132
f 2128 2127 2115
f 2115 2127 2126
f 2175 2174 2060
f 2060 2174 2173
f 2060 2173 2172
f 2322 2323 2114
f 2133 2114 2134
f 2132 2131 2114
f 2114 2131 2130
f 2114 2130 2115
f 2115 2130 2129
f 2115 2129 2128
f 2126 2125 2115
f 2115 2125 2124
f 2115 2124 2116
f 2178 2199 2198
f 2322 2114 2324
f 2172 2171 2060
f 2060 2171 2170
f 2060 2170 2273
f 2117 2151 2150
f 2185 2184 2230
f 2230 2184 2183
f 2230 2183 2182
f 2325 2326 2114
f 2149 2148 2194
f 2194 2148 2147
f 2194 2147 2146
f 2198 2197 2178
f 2178 2197 2196
f 2178 2196 2179
f 2179 2196 2195
f 2179 2195 2180
f 2180 2195 2230
f 2180 2230 2181
f 2181 2230 2182
f 2124 2123 2116
f 2116 2123 2158
f 2116 2158 2122
f 2122 2158 2157
f 2122 2157 2121
f 2121 2157 2156
f 2121 2156 2120
f 2120 2156 2155
f 2120 2155 2119
f 2119 2155 2154
f 2119 2154 2118
f 2118 2154 2153
f 2118 2153 2117
f 2117 2153 2152
f 2117 2152 2151
f 2057 2226 2058
f 2058 2226 2225
f 2177 2201 2178
f 2178 2201 2200
f 2178 2200 2199
f 2204 2203 2060
f 2060 2203 2202
f 2060 2202 2175
f 2175 2202 2201
f 2175 2201 2176
f 2176 2201 2177
f 2166 2165 2137
f 2150 2149 2117
f 2117 2149 2194
f 2117 2194 2057
f 2057 2194 2193
f 2057 2193 2192
f 2192 2191 2057
f 2057 2191 2190
f 2057 2190 2189
f 2321 2327 2114
f 2114 2327 2328
f 2114 2328 2325
f 2326 2329 2114
f 2114 2329 2330
f 2114 2330 2324
f 2135 2169 2136
f 2136 2169 2168
f 2136 2168 2137
f 2137 2168 2167
f 2137 2167 2166
f 2135 2134 2169
f 2169 2134 2114
f 2169 2114 2170
f 2170 2114 2323
f 2170 2323 2273
f 2146 2145 2194
f 2194 2145 2144
f 2194 2144 2159
f 2159 2144 2143
f 2159 2143 2160
f 2160 2143 2142
f 2160 2142 2161
f 2230 2229 2185
f 2185 2229 2228
f 2185 2228 2186
f 2189 2188 2057
f 2057 2188 2187
f 2057 2187 2226
f 2226 2187 2186
f 2226 2186 2227
f 2227 2186 2228
f 2225 2224 2058
f 2058 2224 2223
f 2058 2223 2110
f 2110 2223 2222
f 2110 2222 2107
f 2107 2222 2221
f 2107 2221 2104
f 2104 2221 2220
f 2104 2220 2101
f 2101 2220 2219
f 2101 2219 2098
f 2098 2219 2218
f 2098 2218 2095
f 2095 2218 2217
f 2095 2217 2092
f 2092 2217 2216
f 2092 2216 2089
f 2089 2216 2215
f 2089 2215 2085
f 2085 2215 2214
f 2085 2214 2083
f 2083 2214 2213
f 2083 2213 2080
f 2080 2213 2212
f 2080 2212 2077
f 2077 2212 2211
f 2077 2211 2074
f 2074 2211 2210
f 2074 2210 2070
f 2070 2210 2209
f 2070 2209 2067
f 2067 2209 2208
f 2067 2208 2064
f 2064 2208 2207
f 2064 2207 2059
f 2059 2207 2206
f 2059 2206 2060
f 2060 2206 2205
f 2060 2205 2204
f 2142 2141 2161
f 2161 2141 2140
f 2161 2140 2162
f 2165 2164 2137
f 2137 2164 2163
f 2137 2163 2138
f 2138 2163 2162
f 2138 2162 2139
f 2139 2162 2140
f 2232 2061 2231
f 2231 2061 2274
f 2231 2274 2251
f 2251 2274 2271
f 2251 2271 2252
f 2252 2271 1875
f 2325 2328 2331
f 2331 2332 2325
f 2325 2332 2333
f 2325 2333 2326
f 2333 2334 2326
f 2326 2334 2335
f 2326 2335 2329
f 2335 2336 2329
f 2329 2336 2337
f 2329 2337 2330
f 2330 2337 2338
f 2330 2338 2324
f 2338 2339 2324
f 2324 2339 2340
f 2324 2340 2322
f 2340 2341 2322
f 2322 2341 2342
f 2322 2342 2323
f 2274 2273 2343
f 2343 2273 2323
f 2343 2323 2344
f 2344 2323 2342
f 2318 2272 2271
f 2271 2345 2318
f 2318 2345 2346
f 2318 2346 2320
f 2346 2347 2320
f 2320 2347 2348
f 2320 2348 2319
f 2348 2349 2319
f 2319 2349 2350
f 2319 2350 2311
f 2350 2351 2311
f 2311 2351 2352
f 2311 2352 2312
f 2352 2353 2312
f 2312 2353 2354
f 2312 2354 2313
f 2355 2316 2356
f 2356 2316 2317
f 2356 2317 2357
f 2357 2317 2313
f 2357 2313 2358
f 2358 2313 2354
f 2300 2359 2301
f 2301 2359 2360
f 2301 2360 2302
f 2302 2360 2361
f 2302 2361 2303
f 2303 2361 2362
f 2303 2362 2304
f 2304 2362 2363
f 2304 2363 2305
f 2305 2363 2364
f 2305 2364 2275
f 2275 2364 2365
f 2275 2365 2306
f 2306 2365 2366
f 2306 2366 2307
f 2307 2366 2367
f 2307 2367 2308
f 2308 2367 2368
f 2308 2368 2309
f 2309 2368 2369
f 2309 2369 2310
f 2310 2369 2370
f 2310 2370 2277
f 2277 2370 2371
f 2277 2371 2278
f 2278 2371 2372
f 2278 2372 2279
f 2279 2372 2373
f 2279 2373 2280
f 2280 2373 2374
f 2280 2374 2281
f 2281 2374 2375
f 2281 2375 2282
f 2282 2375 2376
f 2282 2376 2283
f 2283 2376 2377
f 2283 2377 2284
f 2284 2377 2378
f 2284 2378 2285
f 2285 2378 2379
f 2285 2379 2286
f 2286 2379 2380
f 2286 2380 2287
f 2287 2380 2381
f 2287 2381 2288
f 2288 2381 2382
f 2288 2382 2276
f 2276 2382 2383
f 2276 2383 2289
f 2289 2383 2384
f 2289 2384 2290
f 2290 2384 2385
f 2290 2385 2291
f 2291 2385 2386
f 2291 2386 2292
f 2292 2386 2387
f 2292 2387 2293
f 2293 2387 2388
f 2293 2388 2294
f 2294 2388 2389
f 2294 2389 2295
f 2295 2389 2390
f 2295 2390 2296
f 2296 2390 2391
f 2296 2391 2297
f 2297 2391 2392
f 2297 2392 2298
f 2298 2392 2393
f 2298 2393 2299
f 2299 2393 2394
f 2299 2394 2300
f 2300 2394 2359
f 2395 2314 2355
f 2355 2314 2316
f 2396 2327 2321
f 2395 2396 2314
f 2314 2396 2321
f 2314 2321 2315
f 2328 2327 2331
f 2331 2327 2396
f 2271 2274 2345
f 2345 2274 2343
f 2345 2343 2346
f 2346 2343 2344
f 2346 2344 2347
f 2347 2344 2342
f 2347 2342 2348
f 2348 2342 2341
f 2348 2341 2349
f 2349 2341 2340
f 2349 2340 2350
f 2350 2340 2339
f 2350 2339 2351
f 2351 2339 2338
f 2351 2338 2352
f 2352 2338 2337
f 2352 2337 2353
f 2353 2337 2336
f 2353 2336 2354
f 2354 2336 2335
f 2354 2335 2358
f 2358 2335 2334
f 2358 2334 2357
f 2357 2334 2333
f 2357 2333 2356
f 2356 2333 2332
f 2356 2332 2355
f 2355 2332 2331
f 2388 2397 2389
f 2389 2397 2398
f 2389 2398 2390
f 2390 2398 2399
f 2390 2399 2391
f 2391 2399 2400
f 2391 2400 2392
f 2392 2400 2401
f 2392 2401 2393
f 2393 2401 2402
f 2393 2402 2394
f 2394 2402 2403
f 2394 2403 2359
f 2359 2403 2404
f 2359 2404 2360
f 2360 2404 2405
f 2360 2405 2361
f 2361 2405 2406
f 2361 2406 2362
f 2362 2406 2407
f 2362 2407 2363
f 2363 2407 2408
f 2363 2408 2364
f 2364 2408 2409
f 2364 2409 2365
f 2365 2409 2410
f 2365 2410 2366
f 2366 2410 2411
f 2366 2411 2367
f 2367 2411 2412
f 2367 2412 2368
f 2368 2412 2413
f 2368 2413 2369
f 2369 2413 2414
f 2369 2414 2370
f 2370 2414 2415
f 2370 2415 2371
f 2371 2415 2416
f 2371 2416 2372
f 2372 2416 2417
f 2372 2417 2373
f 2373 2417 2418
f 2373 2418 2374
f 2374 2418 2419
f 2374 2419 2375
f 2375 2419 2420
f 2375 2420 2376
f 2376 2420 2421
f 2376 2421 2377
f 2377 2421 2422
f 2377 2422 2378
f 2378 2422 2423
f 2378 2423 2379
f 2379 2423 2424
f 2379 2424 2380
f 2380 2424 2425
f 2380 2425 2381
f 2381 2425 2426
f 2381 2426 2382
f 2382 2426 2427
f 2382 2427 2383
f 2383 2427 2428
f 2383 2428 2384
f 2384 2428 2429
f 2384 2429 2385
f 2385 2429 2430
f 2385 2430 2386
f 2386 2430 2431
f 2386 2431 2387
f 2387 2431 2432
f 2387 2432 2388
f 2388 2432 2397
f 2433 2434 2355
f 2435 2436 2355
f 2436 2437 2355
f 2355 2437 2438
f 2355 2438 2433
f 2439 2440 2395
f 2395 2440 2441
f 2395 2441 2442
f 2443 2444 2396
f 2396 2444 2445
f 2396 2445 2446
f 2434 2447 2355
f 2355 2447 2448
f 2355 2448 2395
f 2395 2448 2449
f 2395 2449 2439
f 2442 2450 2395
f 2395 2450 2451
f 2395 2451 2452
f 2431 2430 2331
f 2331 2430 2429
f 2331 2429 2428
f 2428 2427 2331
f 2331 2427 2426
f 2331 2426 2425
f 2453 2331 2454
f 2454 2331 2455
f 2446 2411 2410
f 2406 2405 2396
f 2402 2401 2396
f 2396 2401 2400
f 2396 2400 2399
f 2399 2398 2396
f 2396 2398 2397
f 2396 2397 2331
f 2331 2397 2432
f 2331 2432 2431
f 2453 2456 2331
f 2331 2456 2457
f 2331 2457 2355
f 2355 2457 2458
f 2355 2458 2435
f 2452 2459 2395
f 2395 2459 2460
f 2395 2460 2396
f 2396 2460 2461
f 2396 2461 2443
f 2410 2409 2446
f 2446 2409 2408
f 2446 2408 2396
f 2396 2408 2407
f 2396 2407 2406
f 2405 2404 2396
f 2396 2404 2403
f 2396 2403 2402
f 2419 2455 2420
f 2420 2455 2421
f 2462 2463 2419
f 2419 2463 2464
f 2419 2464 2455
f 2414 2413 2446
f 2446 2413 2412
f 2446 2412 2411
f 2425 2424 2331
f 2331 2424 2423
f 2331 2423 2455
f 2455 2423 2422
f 2455 2422 2421
f 2446 2465 2414
f 2414 2465 2466
f 2414 2466 2415
f 2415 2466 2467
f 2415 2467 2416
f 2416 2467 2468
f 2416 2468 2417
f 2417 2468 2462
f 2417 2462 2418
f 2418 2462 2419
f 2469 2470 2471
f 2471 2470 2472
f 2471 2472 2473
f 2473 2472 2474
f 2475 2467 2476
f 2476 2467 2466
f 2476 2466 2477
f 2477 2466 2465
f 2477 2465 2478
f 2478 2465 2446
f 2478 2446 2479
f 2479 2446 2445
f 2479 2445 2480
f 2480 2445 2444
f 2480 2444 2481
f 2481 2444 2443
f 2481 2443 2482
f 2482 2443 2461
f 2482 2461 2483
f 2483 2461 2460
f 2483 2460 2484
f 2484 2460 2459
f 2484 2459 2485
f 2485 2459 2452
f 2485 2452 2486
f 2486 2452 2451
f 2486 2451 2487
f 2487 2451 2450
f 2487 2450 2488
f 2488 2450 2442
f 2488 2442 2489
f 2489 2442 2441
f 2489 2441 2490
f 2490 2441 2440
f 2490 2440 2491
f 2491 2440 2439
f 2491 2439 2492
f 2492 2439 2449
f 2492 2449 2493
f 2493 2449 2448
f 2493 2448 2494
f 2494 2448 2447
f 2494 2447 2495
f 2495 2447 2434
f 2495 2434 2496
f 2496 2434 2433
f 2496 2433 2497
f 2497 2433 2438
f 2497 2438 2498
f 2498 2438 2437
f 2498 2437 2499
f 2499 2437 2436
f 2499 2436 2500
f 2500 2436 2435
f 2500 2435 2501
f 2501 2435 2458
f 2501 2458 2502
f 2502 2458 2457
f 2502 2457 2503
f 2503 2457 2456
f 2503 2456 2504
f 2504 2456 2453
f 2504 2453 2505
f 2505 2453 2454
f 2505 2454 2506
f 2506 2454 2455
f 2506 2455 2507
f 2507 2455 2464
f 2507 2464 2508
f 2508 2464 2463
f 2508 2463 2509
f 2509 2463 2462
f 2509 2462 2510
f 2510 2462 2468
f 2510 2468 2475
f 2475 2468 2467
f 2511 2512 2513
f 2514 2515 2516
f 2517 2518 2519
f 2520 2521 2522
f 2523 2524 2525
f 2526 2527 2528
f 2529 2530 2531
f 2532 2533 2534
f 2535 2536 2537
f 2538 2539 2537
f 2540 2541 2542
f 2543 2544 2545
f 2546 2547 2548
f 2513 2512 2549
f 2512 2550 2549
f 2549 2550 2551
f 2549 2551 2552
f 2552 2551 2553
f 2554 2555 2556
f 2556 2555 2543
f 2544 2557 2558
f 2558 2557 2559
f 2560 2552 2561
f 2561 2552 2553
f 2561 2553 2562
f 2560 2563 2552
f 2552 2563 2564
f 2552 2564 2549
f 2549 2564 2565
f 2549 2565 2513
f 2559 2546 2566
f 2566 2546 2548
f 2566 2548 2567
f 2568 2554 2569
f 2569 2554 2556
f 2569 2556 2570
f 2570 2556 2571
f 2572 2573 2574
f 2574 2573 2563
f 2574 2563 2575
f 2575 2563 2560
f 2542 2541 2576
f 2576 2541 2577
f 2576 2577 2578
f 2548 2579 2567
f 2567 2579 2580
f 2567 2580 2581
f 2581 2580 2582
f 2583 2584 2571
f 2571 2584 2585
f 2571 2585 2570
f 2572 2586 2573
f 2573 2586 2587
f 2573 2587 2588
f 2589 2590 2583
f 2583 2590 2591
f 2583 2591 2584
f 2592 2593 2594
f 2594 2593 2595
f 2594 2595 2596
f 2596 2595 2597
f 2592 2588 2593
f 2593 2588 2587
f 2593 2587 2595
f 2595 2587 2598
f 2595 2598 2597
f 2599 2600 2589
f 2589 2600 2601
f 2589 2601 2590
f 2586 2602 2587
f 2587 2602 2603
f 2587 2603 2598
f 2598 2603 2604
f 2598 2604 2605
f 2562 2606 2561
f 2561 2606 2607
f 2561 2607 2560
f 2560 2607 2608
f 2560 2608 2575
f 2575 2608 2609
f 2575 2609 2574
f 2574 2609 2610
f 2574 2610 2572
f 2572 2610 2611
f 2572 2611 2586
f 2586 2611 2612
f 2586 2612 2602
f 2602 2612 2613
f 2602 2613 2603
f 2603 2613 2614
f 2603 2614 2604
f 2604 2614 2615
f 2604 2615 2605
f 2605 2615 2616
f 2582 2617 2581
f 2581 2617 2618
f 2581 2618 2619
f 2619 2618 2620
f 2619 2620 2621
f 2621 2620 2622
f 2621 2622 2623
f 2624 2625 2599
f 2599 2625 2626
f 2599 2626 2600
f 2627 2628 2629
f 2629 2628 2630
f 2629 2630 2631
f 2631 2630 2616
f 2539 2538 2632
f 2632 2538 2633
f 2632 2633 2634
f 2635 2636 2637
f 2637 2636 2638
f 2637 2638 2624
f 2624 2638 2639
f 2624 2639 2625
f 2622 2640 2623
f 2623 2640 2641
f 2623 2641 2642
f 2642 2641 2643
f 2642 2643 2644
f 2645 2646 2647
f 2647 2646 2648
f 2647 2648 2649
f 2649 2648 2650
f 2649 2650 2651
f 2643 2652 2644
f 2644 2652 2653
f 2644 2653 2654
f 2653 2655 2654
f 2654 2655 2656
f 2654 2656 2657
f 2657 2656 2658
f 2659 2660 2661
f 2662 2663 2664
f 2664 2663 2665
f 2664 2665 2666
f 2666 2665 2667
f 2666 2667 2668
f 2668 2667 2669
f 2668 2669 2670
f 2663 2671 2665
f 2665 2671 2672
f 2665 2672 2667
f 2667 2672 2673
f 2667 2673 2669
f 2674 2675 2676
f 2676 2675 2677
f 2676 2677 2678
f 2679 2680 2661
f 2661 2680 2681
f 2661 2681 2659
f 2682 2683 2684
f 2684 2683 2685
f 2684 2685 2678
f 2662 2682 2663
f 2663 2682 2684
f 2663 2684 2671
f 2671 2684 2678
f 2671 2678 2672
f 2672 2678 2677
f 2672 2677 2673
f 2673 2677 2686
f 2673 2686 2669
f 2669 2686 2687
f 2669 2687 2670
f 2670 2687 2688
f 2689 2690 2691
f 2691 2690 2692
f 2691 2692 2693
f 2693 2692 2694
f 2693 2694 2695
f 2696 2697 2679
f 2679 2697 2698
f 2679 2698 2680
f 2699 2700 2701
f 2701 2700 2702
f 2701 2702 2703
f 2703 2702 2704
f 2703 2704 2534
f 2662 2699 2682
f 2682 2699 2701
f 2682 2701 2683
f 2683 2701 2703
f 2683 2703 2685
f 2685 2703 2534
f 2685 2534 2705
f 2705 2534 2533
f 2705 2533 2706
f 2658 2707 2657
f 2657 2707 2708
f 2657 2708 2709
f 2709 2708 2710
f 2709 2710 2711
f 2711 2710 2712
f 2711 2712 2713
f 2714 2715 2696
f 2696 2715 2716
f 2696 2716 2697
f 2717 2718 2719
f 2719 2718 2720
f 2719 2720 2721
f 2721 2720 2722
f 2721 2722 2531
f 2530 2532 2531
f 2531 2532 2534
f 2531 2534 2721
f 2721 2534 2704
f 2721 2704 2719
f 2719 2704 2702
f 2719 2702 2717
f 2717 2702 2700
f 2712 2723 2713
f 2713 2723 2724
f 2713 2724 2725
f 2726 2727 2714
f 2714 2727 2728
f 2714 2728 2715
f 2706 2533 2729
f 2729 2533 2532
f 2729 2532 2730
f 2730 2532 2530
f 2730 2530 2731
f 2731 2530 2529
f 2731 2529 2732
f 2724 2733 2725
f 2725 2733 2734
f 2725 2734 2735
f 2736 2737 2726
f 2726 2737 2738
f 2726 2738 2727
f 2739 2740 2741
f 2741 2740 2742
f 2741 2742 2743
f 2743 2742 2744
f 2743 2744 2745
f 2745 2744 2746
f 2745 2746 2747
f 2740 2748 2742
f 2742 2748 2749
f 2742 2749 2744
f 2744 2749 2750
f 2744 2750 2746
f 2751 2752 2753
f 2753 2752 2754
f 2753 2754 2755
f 2756 2751 2757
f 2757 2751 2753
f 2757 2753 2758
f 2758 2753 2755
f 2734 2759 2735
f 2735 2759 2760
f 2735 2760 2761
f 2762 2763 2736
f 2736 2763 2764
f 2736 2764 2737
f 2765 2747 2766
f 2766 2747 2746
f 2766 2746 2767
f 2767 2746 2750
f 2767 2750 2754
f 2754 2750 2749
f 2754 2749 2755
f 2755 2749 2748
f 2755 2748 2768
f 2768 2748 2740
f 2768 2740 2769
f 2769 2740 2739
f 2769 2739 2770
f 2760 2771 2761
f 2761 2771 2772
f 2761 2772 2773
f 2774 2775 2762
f 2762 2775 2776
f 2762 2776 2763
f 2777 2778 2779
f 2779 2778 2780
f 2779 2780 2781
f 2782 2783 2784
f 2784 2783 2785
f 2784 2785 2786
f 2786 2785 2787
f 2786 2787 2788
f 2772 2789 2773
f 2773 2789 2790
f 2773 2790 2791
f 2792 2793 2774
f 2774 2793 2794
f 2774 2794 2775
f 2777 2795 2778
f 2778 2795 2796
f 2778 2796 2797
f 2790 2798 2791
f 2791 2798 2799
f 2791 2799 2800
f 2801 2802 2792
f 2792 2802 2803
f 2792 2803 2793
f 2804 2805 2806
f 2806 2805 2807
f 2806 2807 2808
f 2808 2807 2809
f 2804 2797 2805
f 2805 2797 2796
f 2805 2796 2807
f 2807 2796 2810
f 2807 2810 2809
f 2811 2812 2801
f 2801 2812 2813
f 2801 2813 2802
f 2526 2814 2815
f 2815 2814 2816
f 2815 2816 2817
f 2817 2816 2818
f 2817 2818 2819
f 2819 2818 2820
f 2819 2820 2821
f 2821 2820 2822
f 2821 2822 2823
f 2823 2822 2824
f 2823 2824 2825
f 2825 2824 2826
f 2825 2826 2827
f 2827 2826 2828
f 2827 2828 2770
f 2795 2829 2796
f 2796 2829 2830
f 2796 2830 2810
f 2810 2830 2831
f 2810 2831 2832
f 2781 2828 2779
f 2779 2828 2826
f 2779 2826 2777
f 2777 2826 2824
f 2777 2824 2795
f 2795 2824 2822
f 2795 2822 2829
f 2829 2822 2820
f 2829 2820 2830
f 2830 2820 2818
f 2830 2818 2831
f 2831 2818 2816
f 2831 2816 2832
f 2832 2816 2814
f 2833 2834 2835
f 2835 2834 2836
f 2835 2836 2837
f 2526 2528 2814
f 2814 2528 2838
f 2814 2838 2832
f 2832 2838 2833
f 2832 2833 2810
f 2810 2833 2835
f 2810 2835 2809
f 2809 2835 2837
f 2809 2837 2808
f 2839 2840 2841
f 2799 2842 2800
f 2800 2842 2843
f 2800 2843 2841
f 2841 2843 2844
f 2841 2844 2839
f 2845 2846 2811
f 2811 2846 2847
f 2811 2847 2812
f 2527 2848 2849
f 2527 2849 2528
f 2528 2849 2850
f 2528 2850 2838
f 2838 2850 2851
f 2838 2851 2833
f 2833 2851 2852
f 2833 2852 2834
f 2834 2852 2853
f 2834 2853 2836
f 2854 2855 2845
f 2845 2855 2856
f 2845 2856 2846
f 2839 2857 2840
f 2840 2857 2858
f 2840 2858 2859
f 2859 2858 2860
f 2859 2860 2861
f 2524 2862 2525
f 2525 2862 2863
f 2525 2863 2864
f 2864 2863 2865
f 2864 2865 2866
f 2866 2865 2867
f 2860 2868 2861
f 2861 2868 2869
f 2861 2869 2870
f 2871 2872 2873
f 2873 2872 2874
f 2875 2876 2877
f 2877 2876 2878
f 2877 2878 2879
f 2880 2881 2882
f 2882 2881 2883
f 2882 2883 2884
f 2884 2883 2885
f 2884 2885 2886
f 2869 2887 2870
f 2870 2887 2888
f 2870 2888 2889
f 2874 2872 2890
f 2890 2872 2891
f 2890 2891 2892
f 2521 2893 2522
f 2522 2893 2894
f 2522 2894 2895
f 2895 2894 2896
f 2895 2896 2897
f 2897 2896 2898
f 2897 2898 2899
f 2893 2900 2894
f 2894 2900 2901
f 2894 2901 2896
f 2896 2901 2902
f 2896 2902 2898
f 2875 2903 2904
f 2904 2903 2905
f 2904 2905 2906
f 2888 2907 2889
f 2889 2907 2908
f 2889 2908 2516
f 2544 2558 2545
f 2545 2558 2909
f 2545 2909 2910
f 2910 2909 2911
f 2910 2911 2912
f 2912 2911 2913
f 2912 2913 2914
f 2914 2913 2915
f 2914 2915 2916
f 2916 2915 2917
f 2916 2917 2918
f 2918 2917 2919
f 2918 2919 2920
f 2920 2919 2921
f 2920 2921 2922
f 2922 2921 2923
f 2922 2923 2924
f 2924 2923 2925
f 2924 2925 2926
f 2926 2925 2927
f 2926 2927 2928
f 2928 2927 2929
f 2928 2929 2930
f 2930 2929 2931
f 2930 2931 2932
f 2932 2931 2933
f 2932 2933 2934
f 2934 2933 2935
f 2934 2935 2936
f 2936 2935 2937
f 2936 2937 2938
f 2938 2937 2939
f 2938 2939 2940
f 2940 2939 2941
f 2940 2941 2942
f 2942 2941 2943
f 2942 2943 2944
f 2944 2943 2945
f 2944 2945 2946
f 2946 2945 2947
f 2946 2947 2948
f 2948 2947 2949
f 2948 2949 2950
f 2950 2949 2951
f 2950 2951 2952
f 2952 2951 2953
f 2952 2953 2954
f 2954 2953 2955
f 2954 2955 2956
f 2956 2955 2957
f 2956 2957 2958
f 2959 2960 2961
f 2906 2905 2519
f 2519 2905 2962
f 2519 2962 2517
f 2961 2963 2959
f 2959 2963 2964
f 2959 2964 2903
f 2903 2964 2965
f 2903 2965 2905
f 2905 2965 2966
f 2905 2966 2962
f 2962 2966 2967
f 2962 2967 2517
f 2968 2514 2969
f 2969 2514 2516
f 2969 2516 2970
f 2970 2516 2908
f 2892 2891 2971
f 2971 2891 2972
f 2971 2972 2973
f 2973 2972 2974
f 2973 2974 2975
f 2957 2976 2958
f 2958 2976 2977
f 2543 2545 2556
f 2556 2545 2910
f 2556 2910 2571
f 2571 2910 2912
f 2571 2912 2583
f 2583 2912 2914
f 2583 2914 2589
f 2589 2914 2916
f 2589 2916 2599
f 2599 2916 2918
f 2599 2918 2624
f 2624 2918 2920
f 2624 2920 2637
f 2637 2920 2922
f 2637 2922 2635
f 2635 2922 2924
f 2635 2924 2660
f 2660 2924 2926
f 2660 2926 2661
f 2661 2926 2928
f 2661 2928 2679
f 2679 2928 2930
f 2679 2930 2696
f 2696 2930 2932
f 2696 2932 2714
f 2714 2932 2934
f 2714 2934 2726
f 2726 2934 2936
f 2726 2936 2736
f 2736 2936 2938
f 2736 2938 2762
f 2762 2938 2940
f 2762 2940 2774
f 2774 2940 2942
f 2774 2942 2792
f 2792 2942 2944
f 2792 2944 2801
f 2801 2944 2946
f 2801 2946 2811
f 2811 2946 2948
f 2811 2948 2845
f 2845 2948 2950
f 2845 2950 2854
f 2854 2950 2952
f 2854 2952 2871
f 2871 2952 2954
f 2871 2954 2872
f 2872 2954 2956
f 2872 2956 2891
f 2891 2956 2958
f 2891 2958 2972
f 2972 2958 2977
f 2972 2977 2974
f 2559 2566 2558
f 2558 2566 2567
f 2558 2567 2909
f 2909 2567 2581
f 2909 2581 2911
f 2911 2581 2619
f 2911 2619 2913
f 2913 2619 2621
f 2913 2621 2915
f 2915 2621 2623
f 2915 2623 2917
f 2917 2623 2642
f 2917 2642 2919
f 2919 2642 2644
f 2919 2644 2921
f 2921 2644 2654
f 2921 2654 2923
f 2923 2654 2657
f 2923 2657 2925
f 2925 2657 2709
f 2925 2709 2927
f 2927 2709 2711
f 2927 2711 2929
f 2929 2711 2713
f 2929 2713 2931
f 2931 2713 2725
f 2931 2725 2933
f 2933 2725 2735
f 2933 2735 2935
f 2935 2735 2761
f 2935 2761 2937
f 2937 2761 2773
f 2937 2773 2939
f 2939 2773 2791
f 2939 2791 2941
f 2941 2791 2800
f 2941 2800 2943
f 2943 2800 2841
f 2943 2841 2945
f 2945 2841 2840
f 2945 2840 2947
f 2947 2840 2859
f 2947 2859 2949
f 2949 2859 2861
f 2949 2861 2951
f 2951 2861 2870
f 2951 2870 2953
f 2953 2870 2889
f 2953 2889 2955
f 2955 2889 2516
f 2955 2516 2957
f 2957 2516 2515
f 2957 2515 2976
f 2978 2979 2980
f 2980 2979 2981
f 2982 2511 2983
f 2983 2511 2513
f 2983 2513 2984
f 2984 2513 2565
f 2984 2565 2985
f 2578 2577 2986
f 2986 2577 2987
f 2986 2987 2985
f 2988 2989 2540
f 2540 2989 2990
f 2540 2990 2541
f 2541 2990 2991
f 2541 2991 2577
f 2577 2991 2992
f 2577 2992 2987
f 2985 2565 2986
f 2986 2565 2564
f 2986 2564 2578
f 2578 2564 2563
f 2578 2563 2576
f 2576 2563 2573
f 2576 2573 2542
f 2542 2573 2588
f 2542 2588 2540
f 2540 2588 2592
f 2540 2592 2988
f 2988 2592 2594
f 2988 2594 2993
f 2993 2594 2596
f 2993 2596 2994
f 2616 2630 2605
f 2605 2630 2628
f 2605 2628 2598
f 2598 2628 2995
f 2598 2995 2597
f 2597 2995 2996
f 2597 2996 2596
f 2596 2996 2997
f 2596 2997 2994
f 2634 2633 2998
f 2998 2633 2999
f 2998 2999 3000
f 2537 2536 2538
f 2538 2536 3001
f 2538 3001 2633
f 2633 3001 3002
f 2633 3002 2999
f 2659 3003 2660
f 2660 3003 3004
f 2660 3004 2635
f 2635 3004 3005
f 2635 3005 2636
f 2636 3005 3006
f 2636 3006 2638
f 2638 3006 3007
f 2638 3007 2639
f 2639 3007 3008
f 2639 3008 2625
f 2625 3008 3009
f 2625 3009 2626
f 2626 3009 3010
f 2626 3010 2600
f 2600 3010 3011
f 2600 3011 2601
f 2601 3011 3012
f 2601 3012 2590
f 2590 3012 3013
f 2590 3013 2591
f 2591 3013 3014
f 2591 3014 2584
f 2584 3014 3015
f 2584 3015 2585
f 2585 3015 3016
f 2585 3016 2570
f 2570 3016 3017
f 2570 3017 2569
f 2569 3017 2980
f 2569 2980 2568
f 2568 2980 2981
f 3018 3019 2535
f 2535 3019 3020
f 2535 3020 2536
f 2536 3020 3021
f 2536 3021 3001
f 3022 3018 3023
f 3023 3018 2535
f 3023 2535 3024
f 3024 2535 2537
f 3024 2537 3025
f 3025 2537 2539
f 3025 2539 2627
f 2627 2539 2632
f 2627 2632 2628
f 2628 2632 2634
f 2628 2634 2995
f 2995 2634 2998
f 2995 2998 2996
f 2996 2998 3000
f 2996 3000 2997
f 3026 3022 3027
f 3027 3022 3023
f 3027 3023 3028
f 3028 3023 3024
f 3028 3024 3029
f 3029 3024 3025
f 3029 3025 3030
f 3030 3025 2627
f 3030 2627 3031
f 3031 2627 2629
f 3031 2629 3032
f 3032 2629 2631
f 3033 3026 3027
f 3033 3027 3034
f 3034 3027 3028
f 3034 3028 2651
f 2651 3028 3029
f 2651 3029 2649
f 2649 3029 3030
f 2649 3030 2647
f 2647 3030 3031
f 2647 3031 2645
f 2645 3031 3032
f 3035 3026 2674
f 2674 3026 3033
f 2674 3033 2675
f 2675 3033 3034
f 2675 3034 2677
f 2677 3034 2651
f 2677 2651 2686
f 2686 2651 2650
f 2686 2650 2687
f 2687 2650 2648
f 2687 2648 2688
f 2688 2648 2646
f 3035 2689 3036
f 3036 2689 2691
f 3036 2691 3037
f 3037 2691 2693
f 3037 2693 3038
f 3038 2693 2695
f 3038 2695 3039
f 3035 2674 2689
f 2689 2674 2676
f 2689 2676 2690
f 2690 2676 2678
f 2690 2678 2692
f 2692 2678 2685
f 2692 2685 2694
f 2694 2685 2705
f 2694 2705 2695
f 2695 2705 2706
f 2695 2706 3039
f 3040 3041 2732
f 2732 3041 3042
f 2732 3042 2731
f 2731 3042 3043
f 2731 3043 2730
f 2730 3043 3044
f 2730 3044 2729
f 2729 3044 3045
f 2729 3045 2706
f 2706 3045 3046
f 2706 3046 3039
f 2718 2765 2720
f 2720 2765 2766
f 2720 2766 2722
f 2722 2766 2767
f 2722 2767 2531
f 2531 2767 2754
f 2531 2754 2529
f 2529 2754 2752
f 2529 2752 2732
f 2732 2752 2751
f 2732 2751 3040
f 3040 2751 2756
f 2770 2828 2769
f 2769 2828 2781
f 2769 2781 2768
f 2768 2781 2780
f 2768 2780 2755
f 2755 2780 3047
f 2755 3047 2758
f 2758 3047 3048
f 2758 3048 2757
f 2757 3048 3049
f 2757 3049 2756
f 3050 3051 2782
f 3050 2782 3052
f 3052 2782 2784
f 3052 2784 3053
f 3053 2784 2786
f 3053 2786 3054
f 3054 2786 2788
f 3054 2788 3055
f 3056 3055 2804
f 2804 3055 2788
f 2804 2788 2797
f 2797 2788 2787
f 2797 2787 2778
f 2778 2787 2785
f 2778 2785 2780
f 2780 2785 2783
f 2780 2783 3047
f 3047 2783 2782
f 3047 2782 3048
f 3048 2782 3051
f 3048 3051 3049
f 3056 2804 3057
f 3057 2804 2806
f 3057 2806 3058
f 3058 2806 2808
f 3058 2808 3059
f 3059 2808 2837
f 3059 2837 3060
f 3060 2837 2836
f 3060 2836 3061
f 3061 2836 2853
f 3061 2853 3062
f 2606 2978 2607
f 2607 2978 2980
f 2607 2980 2608
f 2608 2980 3017
f 2608 3017 2609
f 2609 3017 3016
f 2609 3016 2610
f 2610 3016 3015
f 2610 3015 2611
f 2611 3015 3014
f 2611 3014 2612
f 2612 3014 3013
f 2612 3013 2613
f 2613 3013 3012
f 2613 3012 2614
f 2614 3012 3011
f 2614 3011 2615
f 2615 3011 3010
f 2615 3010 2616
f 2616 3010 3009
f 2616 3009 2631
f 2631 3009 3008
f 2631 3008 3032
f 3032 3008 3007
f 3032 3007 2645
f 2645 3007 3006
f 2645 3006 2646
f 2646 3006 3005
f 2646 3005 2688
f 2688 3005 3004
f 2688 3004 2670
f 2670 3004 3003
f 2670 3003 2668
f 2668 3003 2659
f 2668 2659 2666
f 2666 2659 2681
f 2666 2681 2664
f 2664 2681 2680
f 2664 2680 2662
f 2662 2680 2698
f 2662 2698 2699
f 2699 2698 2697
f 2699 2697 2700
f 2700 2697 2716
f 2700 2716 2717
f 2717 2716 2715
f 2717 2715 2718
f 2718 2715 2728
f 2718 2728 2765
f 2765 2728 2727
f 2765 2727 2747
f 2747 2727 2738
f 2747 2738 2745
f 2745 2738 2737
f 2745 2737 2743
f 2743 2737 2764
f 2743 2764 2741
f 2741 2764 2763
f 2741 2763 2739
f 2739 2763 2776
f 2739 2776 2770
f 2770 2776 2775
f 2770 2775 2827
f 2827 2775 2794
f 2827 2794 2825
f 2825 2794 2793
f 2825 2793 2823
f 2823 2793 2803
f 2823 2803 2821
f 2821 2803 2802
f 2821 2802 2819
f 2819 2802 2813
f 2819 2813 2817
f 2817 2813 2812
f 2817 2812 2815
f 2815 2812 2847
f 2815 2847 2526
f 2526 2847 2846
f 2526 2846 2527
f 2527 2846 2856
f 2527 2856 2848
f 2848 2856 2855
f 2523 2525 3063
f 3063 2525 2864
f 3063 2864 3064
f 3064 2864 2866
f 3064 2866 3065
f 3065 2866 2867
f 3065 2867 3066
f 3066 2867 3067
f 3066 3067 3068
f 3068 3067 3069
f 3068 3069 3070
f 3070 3069 3071
f 3070 3071 3072
f 2867 3073 3067
f 3067 3073 3074
f 3067 3074 3069
f 3069 3074 3075
f 3069 3075 3071
f 3066 3076 3065
f 3065 3076 3077
f 3065 3077 3064
f 3064 3077 3078
f 3064 3078 3063
f 3063 3078 3079
f 3063 3079 2523
f 2862 2879 2863
f 2863 2879 2878
f 2863 2878 2865
f 2865 2878 2876
f 2865 2876 2867
f 2867 2876 3080
f 2867 3080 3073
f 3073 3080 3081
f 3073 3081 3074
f 3074 3081 3082
f 3074 3082 3075
f 3083 3084 2886
f 2886 3084 3085
f 2886 3085 2884
f 2884 3085 3086
f 2884 3086 2882
f 2882 3086 3087
f 2882 3087 2880
f 2880 3087 3088
f 2880 3088 3089
f 2975 3090 2973
f 2973 3090 2520
f 2973 2520 2971
f 2971 2520 2522
f 2971 2522 2892
f 2892 2522 2895
f 2892 2895 2890
f 2890 2895 2897
f 2890 2897 2874
f 2874 2897 2899
f 2874 2899 2873
f 2518 3091 2519
f 2519 3091 3083
f 2519 3083 2906
f 2906 3083 2886
f 2906 2886 2904
f 2904 2886 2885
f 2904 2885 2875
f 2875 2885 2883
f 2875 2883 2876
f 2876 2883 2881
f 2876 2881 3080
f 3080 2881 2880
f 3080 2880 3081
f 3081 2880 3089
f 3081 3089 3082
f 3092 3093 3094
f 3094 3093 3095
f 3094 3095 2960
f 2960 3095 3096
f 2960 3096 2961
f 3090 3092 2520
f 2520 3092 3094
f 2520 3094 2521
f 2521 3094 2960
f 2521 2960 2893
f 2893 2960 2959
f 2893 2959 2900
f 2900 2959 2903
f 2900 2903 2901
f 2901 2903 2875
f 2901 2875 2902
f 2902 2875 2877
f 2902 2877 2898
f 2898 2877 2879
f 2898 2879 2899
f 2899 2879 2862
f 2899 2862 2873
f 2873 2862 2524
f 2873 2524 2871
f 2871 2524 2523
f 2871 2523 2854
f 2854 2523 3079
f 2854 3079 2855
f 2855 3079 3078
f 2855 3078 2848
f 2848 3078 3077
f 2848 3077 2849
f 2849 3077 3076
f 2849 3076 2850
f 2850 3076 3066
f 2850 3066 2851
f 2851 3066 3068
f 2851 3068 2852
f 2852 3068 3070
f 2852 3070 2853
f 2853 3070 3072
f 2853 3072 3062
f 2470 3097 2472
f 2472 3097 3098
f 2469 3099 2470
f 2470 3099 3097
f 2471 3100 2469
f 2469 3100 3099
f 2473 3101 2471
f 2471 3101 3100
f 2474 3102 2473
f 2473 3102 3101
f 2472 3098 2474
f 2474 3098 3102
f 3103 2482 3104
f 3104 2482 2483
f 3104 2483 3105
f 3105 2483 2484
f 3105 2484 3106
f 3106 2484 2485
f 3106 2485 3107
f 3107 2485 2486
f 3107 2486 3108
f 3108 2486 2487
f 3108 2487 3109
f 3109 2487 2488
f 3109 2488 3110
f 3110 2488 2489
f 3110 2489 3111
f 3111 2489 2490
f 3111 2490 3112
f 3112 2490 2491
f 3112 2491 3113
f 3113 2491 2492
f 3113 2492 3114
f 3114 2492 2493
f 3114 2493 3115
f 3115 2493 2494
f 3115 2494 3116
f 3116 2494 2495
f 3116 2495 3117
f 3117 2495 2496
f 3117 2496 3118
f 3118 2496 2497
f 3118 2497 3119
f 3119 2497 2498
f 3119 2498 3120
f 3120 2498 2499
f 3120 2499 3121
f 3121 2499 2500
f 3121 2500 3122
f 3122 2500 2501
f 3122 2501 3123
f 3123 2501 2502
f 3123 2502 3124
f 3124 2502 2503
f 3124 2503 3125
f 3125 2503 2504
f 3125 2504 3126
f 3126 2504 2505
f 3126 2505 3127
f 3127 2505 2506
f 3127 2506 3128
f 3128 2506 2507
f 3128 2507 3129
f 3129 2507 2508
f 3129 2508 3130
f 3130 2508 2509
f 3130 2509 3131
f 3131 2509 2510
f 3131 2510 3132
f 3132 2510 2475
f 3132 2475 3133
f 3133 2475 2476
f 3133 2476 3134
f 3134 2476 2477
f 3134 2477 3135
f 3135 2477 2478
f 3135 2478 3136
f 3136 2478 2479
f 3136 2479 3137
f 3137 2479 2480
f 3137 2480 3138
f 3138 2480 2481
f 3138 2481 3103
f 3103 2481 2482
f 3139 3140 3097
f 2759 2734 3100
f 3141 3142 3098
f 3098 3142 3143
f 3098 3143 3144
f 2759 3100 2760
f 3102 3145 3146
f 3099 2622 2620
f 3147 3148 3102
f 3146 3149 3102
f 3102 3149 3150
f 3102 3150 3151
f 3144 3152 3098
f 3098 3152 3153
f 3098 3153 3102
f 3102 3153 3154
f 3102 3154 3147
f 3155 3156 3097
f 2707 3099 2708
f 2708 3099 3100
f 2707 2658 3099
f 3099 2658 2656
f 3099 2656 2655
f 2655 2653 3099
f 3099 2653 2652
f 3099 2652 2643
f 2790 2789 3100
f 3151 3157 3102
f 3102 3157 3158
f 3102 3158 3159
f 3159 3160 3102
f 3102 3160 3161
f 3102 3161 3101
f 3101 3161 3162
f 3148 3163 3102
f 3102 3163 3164
f 3102 3164 3145
f 2734 2733 3100
f 3100 2733 2724
f 3100 2724 2723
f 2723 2712 3100
f 3100 2712 2710
f 3100 2710 2708
f 2643 2641 3099
f 3099 2641 2640
f 3099 2640 2622
f 2789 2772 3100
f 3100 2772 2771
f 3100 2771 2760
f 3162 2968 3101
f 3101 2968 2969
f 3101 2969 2970
f 2970 2908 3101
f 3101 2908 2907
f 3101 2907 2888
f 2888 2887 3101
f 3101 2887 2869
f 3101 2869 2868
f 3140 3165 3097
f 3097 3165 3166
f 3097 3166 3167
f 3167 3168 3097
f 3097 3168 3169
f 3097 3169 3098
f 3098 3169 3170
f 3098 3170 3171
f 3171 3172 3098
f 3098 3172 3173
f 3098 3173 3174
f 2547 3175 3097
f 3097 3175 3176
f 3097 3176 3155
f 2868 2860 3101
f 3101 2860 2858
f 3101 2858 2857
f 3177 3178 3098
f 3098 3178 3179
f 3098 3179 3141
f 2620 2618 3099
f 3099 2618 2617
f 3099 2617 2582
f 2582 2580 3099
f 3099 2580 2579
f 3099 2579 3097
f 3097 2579 2548
f 3097 2548 2547
f 3156 3180 3097
f 3097 3180 3181
f 3097 3181 3139
f 3174 3182 3098
f 3098 3182 3183
f 3098 3183 3177
f 2857 2839 3101
f 3101 2839 2844
f 3101 2844 2843
f 2843 2842 3101
f 3101 2842 2799
f 3101 2799 3100
f 3100 2799 2798
f 3100 2798 2790
f 2999 3002 3110
f 3022 3026 3108
f 3184 3185 3127
f 3186 3115 3187
f 3187 3115 3116
f 3117 3188 3189
f 3190 3191 3116
f 3116 3191 3192
f 3116 3192 3187
f 3117 3189 3116
f 3116 3189 3193
f 3116 3193 3190
f 3188 3117 3194
f 3194 3117 3118
f 3194 3118 3195
f 3119 3196 3197
f 3197 3198 3119
f 3119 3198 3199
f 3119 3199 3118
f 3118 3199 3200
f 3118 3200 3195
f 3120 3201 3202
f 3120 3202 3119
f 3119 3202 3203
f 3119 3203 3196
f 3201 3120 3204
f 3204 3120 3121
f 3204 3121 3205
f 3206 3207 3122
f 3122 3207 3208
f 3208 3209 3122
f 3122 3209 3210
f 3122 3210 3121
f 3121 3210 3211
f 3121 3211 3205
f 3212 3123 3213
f 3213 3123 3124
f 3213 3124 3214
f 3212 3215 3123
f 3123 3215 3216
f 3123 3216 3122
f 3122 3216 3217
f 3122 3217 3206
f 3214 3124 3218
f 3218 3124 3125
f 3218 3125 3219
f 3125 3220 3221
f 3125 3221 3219
f 3185 3222 3127
f 3127 3222 3223
f 3127 3223 3126
f 3126 3223 3224
f 3126 3224 3125
f 3125 3224 3220
f 3225 3226 3128
f 3128 3226 3227
f 3128 3227 3127
f 3127 3227 3228
f 3127 3228 3184
f 3229 3230 3129
f 3129 3230 3231
f 3231 3232 3129
f 3129 3232 3233
f 3129 3233 3128
f 3128 3233 3234
f 3128 3234 3225
f 3229 3129 3235
f 3235 3129 3130
f 3235 3130 3236
f 3236 3130 3131
f 3236 3131 3237
f 3132 3091 3238
f 3238 3239 3132
f 3132 3239 3240
f 3132 3240 3131
f 3131 3240 3241
f 3131 3241 3237
f 3091 3132 3083
f 3083 3132 3133
f 3083 3133 3084
f 3134 3086 3133
f 3133 3086 3085
f 3133 3085 3084
f 3135 3071 3075
f 3089 3088 3134
f 3134 3088 3087
f 3134 3087 3086
f 3135 3075 3134
f 3134 3075 3082
f 3134 3082 3089
f 3071 3135 3072
f 3072 3135 3136
f 3072 3136 3062
f 3137 3057 3058
f 3058 3059 3137
f 3137 3059 3060
f 3137 3060 3136
f 3136 3060 3061
f 3136 3061 3062
f 3138 3054 3055
f 3138 3055 3137
f 3137 3055 3056
f 3137 3056 3057
f 3054 3138 3053
f 3053 3138 3103
f 3053 3103 3052
f 3041 3040 3104
f 3104 3040 2756
f 2756 3049 3104
f 3104 3049 3051
f 3104 3051 3103
f 3103 3051 3050
f 3103 3050 3052
f 3045 3105 3046
f 3046 3105 3106
f 3046 3106 3039
f 3045 3044 3105
f 3105 3044 3043
f 3105 3043 3104
f 3104 3043 3042
f 3104 3042 3041
f 3039 3106 3038
f 3038 3106 3107
f 3038 3107 3037
f 3108 3026 3107
f 3107 3026 3035
f 3107 3035 3036
f 3107 3036 3037
f 3022 3108 3018
f 3018 3108 3109
f 3018 3109 3019
f 3002 3001 3110
f 3110 3001 3021
f 3110 3021 3109
f 3109 3021 3020
f 3109 3020 3019
f 2989 2988 3111
f 3111 2988 2993
f 2993 2994 3111
f 3111 2994 2997
f 3111 2997 3110
f 3110 2997 3000
f 3110 3000 2999
f 2989 3111 2990
f 2990 3111 3112
f 2990 3112 2991
f 2991 3112 3113
f 2991 3113 2992
f 3186 3242 3115
f 3115 3242 3243
f 3115 3243 3114
f 3114 3243 2982
f 3114 2982 2983
f 2983 2984 3114
f 3114 2984 2985
f 3114 2985 3113
f 3113 2985 2987
f 3113 2987 2992
f 3242 3186 3244
f 3245 3246 3194
f 3175 2547 2546
f 3247 3248 3249
f 2512 2511 3247
f 3250 2979 2978
f 3249 3248 3251
f 3252 3253 3254
f 3255 3256 3254
f 3257 3258 3259
f 2514 2968 3162
f 2966 2965 3260
f 2965 2964 3261
f 3261 2964 2963
f 3262 2518 2517
f 3263 2515 2514
f 2975 2974 3264
f 3264 2974 2977
f 2515 3263 2976
f 2965 3261 3260
f 3260 3261 3265
f 3260 3265 3266
f 3267 3268 3269
f 2967 2966 3267
f 3267 2966 3260
f 3267 3260 3268
f 3268 3260 3266
f 3090 2975 3270
f 3270 2975 3264
f 3270 3264 3271
f 3271 3264 3272
f 3273 3274 3275
f 3275 3274 3266
f 3275 3266 3276
f 3276 3266 3265
f 3259 3258 3277
f 3277 3258 3278
f 3277 3278 3279
f 2514 3162 3263
f 3263 3162 3161
f 3263 3161 3280
f 3280 3161 3160
f 3280 3160 3281
f 3282 3283 3272
f 3272 3283 3284
f 3272 3284 3271
f 3273 3285 3274
f 3274 3285 3286
f 3274 3286 3287
f 3288 3289 3282
f 3282 3289 3290
f 3282 3290 3283
f 3291 3292 3293
f 3293 3292 3294
f 3293 3294 3295
f 3295 3294 3296
f 3291 3287 3292
f 3292 3287 3286
f 3292 3286 3294
f 3294 3286 3297
f 3294 3297 3296
f 3160 3159 3281
f 3281 3159 3158
f 3281 3158 3298
f 3298 3158 3157
f 3298 3157 3299
f 3299 3157 3151
f 3300 3301 3288
f 3288 3301 3302
f 3288 3302 3289
f 3285 3303 3286
f 3286 3303 3304
f 3286 3304 3297
f 3297 3304 3305
f 3297 3305 3306
f 2963 2961 3261
f 3261 2961 3307
f 3261 3307 3265
f 3265 3307 3308
f 3265 3308 3276
f 3276 3308 3309
f 3276 3309 3275
f 3275 3309 3310
f 3275 3310 3273
f 3273 3310 3311
f 3273 3311 3285
f 3285 3311 3312
f 3285 3312 3303
f 3303 3312 3313
f 3303 3313 3304
f 3304 3313 3314
f 3304 3314 3305
f 3305 3314 3315
f 3305 3315 3306
f 3306 3315 3316
f 3317 3318 3300
f 3300 3318 3319
f 3300 3319 3301
f 3320 3321 3322
f 3322 3321 3323
f 3322 3323 3324
f 3324 3323 3316
f 3256 3255 3325
f 3325 3255 3326
f 3325 3326 3327
f 3151 3150 3299
f 3299 3150 3149
f 3299 3149 3328
f 3328 3149 3146
f 3328 3146 3329
f 3330 3331 3332
f 3332 3331 3333
f 3332 3333 3317
f 3317 3333 3334
f 3317 3334 3318
f 3146 3145 3329
f 3329 3145 3164
f 3329 3164 3335
f 3335 3164 3163
f 3335 3163 3336
f 3337 3338 3339
f 3339 3338 3340
f 3339 3340 3341
f 3341 3340 3342
f 3341 3342 3343
f 3343 3342 3344
f 3343 3344 3345
f 3338 3346 3340
f 3340 3346 3347
f 3340 3347 3342
f 3342 3347 3348
f 3342 3348 3344
f 3349 3350 3351
f 3351 3350 3352
f 3351 3352 3353
f 3354 3355 3356
f 3356 3355 3357
f 3358 3345 3359
f 3359 3345 3344
f 3359 3344 3360
f 3360 3344 3348
f 3360 3348 3349
f 3349 3348 3347
f 3349 3347 3350
f 3350 3347 3346
f 3350 3346 3361
f 3361 3346 3338
f 3361 3338 3362
f 3362 3338 3337
f 3362 3337 3363
f 3163 3148 3336
f 3336 3148 3147
f 3336 3147 3364
f 3364 3147 3154
f 3364 3154 3365
f 3365 3154 3153
f 3357 3355 3366
f 3366 3355 3367
f 3366 3367 3368
f 3369 3370 3371
f 3371 3370 3372
f 3371 3372 3373
f 3374 3375 3376
f 3376 3375 3377
f 3376 3377 3378
f 3378 3377 3379
f 3378 3379 3380
f 3368 3367 3381
f 3381 3367 3382
f 3381 3382 3383
f 3384 3385 3386
f 3386 3385 3387
f 3386 3387 3388
f 3388 3387 3389
f 3388 3389 3390
f 3390 3389 3391
f 3390 3391 3392
f 3385 3393 3387
f 3387 3393 3394
f 3387 3394 3389
f 3389 3394 3395
f 3389 3395 3391
f 3369 3396 3397
f 3397 3396 3398
f 3397 3398 3399
f 3153 3152 3365
f 3365 3152 3144
f 3365 3144 3400
f 3400 3144 3143
f 3400 3143 3401
f 3383 3382 3402
f 3402 3382 3403
f 3402 3403 3404
f 3363 3392 3373
f 3373 3392 3391
f 3373 3391 3371
f 3371 3391 3395
f 3371 3395 3369
f 3369 3395 3394
f 3369 3394 3396
f 3396 3394 3393
f 3396 3393 3405
f 3405 3393 3385
f 3405 3385 3406
f 3406 3385 3384
f 3406 3384 3407
f 3404 3403 3408
f 3408 3403 3409
f 3408 3409 3410
f 3411 3412 3413
f 3413 3412 3414
f 3413 3414 3415
f 3407 3416 3415
f 3415 3416 3417
f 3415 3417 3413
f 3413 3417 3418
f 3413 3418 3411
f 3419 3420 3421
f 3421 3420 3422
f 3421 3422 3423
f 3423 3422 3424
f 3423 3424 3425
f 3143 3142 3401
f 3401 3142 3141
f 3401 3141 3426
f 3426 3141 3179
f 3426 3179 3427
f 3427 3179 3178
f 3410 3409 3428
f 3428 3409 3429
f 3428 3429 3430
f 3430 3429 3431
f 3431 3429 3432
f 3431 3432 3433
f 3434 3435 3436
f 3436 3435 3437
f 3436 3437 3438
f 3178 3177 3427
f 3427 3177 3183
f 3427 3183 3439
f 3439 3183 3182
f 3439 3182 3440
f 3433 3432 3441
f 3441 3432 3442
f 3441 3442 3443
f 3444 3445 3438
f 3446 3447 3437
f 3437 3447 3448
f 3437 3448 3438
f 3438 3448 3449
f 3438 3449 3444
f 3450 3451 3452
f 3452 3451 3453
f 3452 3453 3454
f 3454 3453 3455
f 3454 3455 3456
f 3443 3442 3457
f 3457 3442 3458
f 3457 3458 3459
f 3445 3460 3461
f 3461 3460 3462
f 3461 3462 3463
f 3182 3174 3440
f 3440 3174 3173
f 3440 3173 3464
f 3464 3173 3172
f 3464 3172 3465
f 3465 3172 3171
f 3459 3458 3466
f 3466 3458 3467
f 3466 3467 3468
f 3444 3469 3445
f 3445 3469 3470
f 3445 3470 3460
f 3460 3470 3471
f 3460 3471 3472
f 3472 3473 3460
f 3460 3473 3474
f 3460 3474 3462
f 3462 3474 3475
f 3462 3475 3463
f 3468 3467 3476
f 3476 3467 3477
f 3476 3477 3478
f 3479 3480 3481
f 3481 3480 3482
f 3483 3482 3473
f 3473 3482 3480
f 3473 3480 3474
f 3474 3480 3479
f 3474 3479 3475
f 3171 3170 3465
f 3465 3170 3169
f 3465 3169 3484
f 3484 3169 3168
f 3484 3168 3485
f 3478 3477 3486
f 3486 3477 3487
f 3486 3487 3488
f 3489 3490 3245
f 3245 3490 3491
f 3245 3491 3246
f 3246 3491 3492
f 3493 3492 3494
f 3494 3492 3491
f 3494 3491 3483
f 3483 3491 3490
f 3483 3490 3482
f 3482 3490 3489
f 3482 3489 3481
f 3488 3487 3495
f 3495 3487 3496
f 3495 3496 3497
f 3498 3499 3500
f 3500 3499 3501
f 3500 3501 3502
f 3502 3501 3503
f 3502 3503 3504
f 3504 3503 3505
f 3504 3505 3506
f 3506 3505 3507
f 3506 3507 3508
f 3508 3507 3509
f 3508 3509 3510
f 3510 3509 3511
f 3510 3511 3512
f 3512 3511 3513
f 3512 3513 3514
f 3514 3513 3515
f 3514 3515 3516
f 3516 3515 3517
f 3516 3517 3518
f 3518 3517 3519
f 3518 3519 3520
f 3520 3519 3521
f 3520 3521 3522
f 3522 3521 3523
f 3522 3523 3524
f 3524 3523 3525
f 3524 3525 3526
f 3526 3525 3527
f 3526 3527 3528
f 3528 3527 3529
f 3528 3529 3530
f 3472 3531 3473
f 3473 3531 3532
f 3473 3532 3483
f 3483 3532 3533
f 3483 3533 3494
f 3494 3533 3534
f 3494 3534 3493
f 3493 3534 3535
f 3493 3535 3536
f 3499 3536 3501
f 3501 3536 3535
f 3501 3535 3503
f 3503 3535 3534
f 3503 3534 3505
f 3505 3534 3533
f 3505 3533 3507
f 3507 3533 3532
f 3507 3532 3509
f 3509 3532 3531
f 3509 3531 3511
f 3511 3531 3472
f 3511 3472 3513
f 3513 3472 3471
f 3513 3471 3515
f 3515 3471 3470
f 3515 3470 3517
f 3517 3470 3469
f 3517 3469 3519
f 3519 3469 3444
f 3519 3444 3521
f 3521 3444 3449
f 3521 3449 3523
f 3523 3449 3448
f 3523 3448 3525
f 3525 3448 3447
f 3525 3447 3527
f 3527 3447 3446
f 3527 3446 3529
f 3168 3167 3485
f 3485 3167 3166
f 3485 3166 3537
f 3537 3166 3165
f 3537 3165 3538
f 3538 3165 3140
f 3497 3496 3539
f 3539 3496 3540
f 3539 3540 3541
f 3542 3543 3544
f 3544 3543 3545
f 3544 3545 3546
f 3547 3548 3549
f 3549 3548 3550
f 3549 3550 3551
f 3551 3550 3552
f 3551 3552 3553
f 3541 3540 3554
f 3554 3540 3555
f 3554 3555 3556
f 3557 3558 3559
f 3559 3558 3560
f 3559 3560 3561
f 3561 3560 3562
f 3561 3562 3563
f 3563 3562 3564
f 3563 3564 3565
f 3558 3566 3560
f 3560 3566 3567
f 3560 3567 3562
f 3562 3567 3568
f 3562 3568 3564
f 3542 3569 3570
f 3570 3569 3571
f 3570 3571 3572
f 3140 3139 3538
f 3538 3139 3181
f 3538 3181 3573
f 3573 3181 3180
f 3573 3180 3574
f 3556 3555 3575
f 3575 3555 3576
f 3575 3576 3577
f 3498 3565 3546
f 3546 3565 3564
f 3546 3564 3544
f 3544 3564 3568
f 3544 3568 3542
f 3542 3568 3567
f 3542 3567 3569
f 3569 3567 3566
f 3569 3566 3578
f 3578 3566 3558
f 3578 3558 3579
f 3579 3558 3557
f 3579 3557 3580
f 3176 3581 3155
f 3155 3581 3574
f 3155 3574 3156
f 3156 3574 3180
f 2557 3582 3583
f 3583 3582 3584
f 3583 3584 3585
f 3585 3584 3586
f 3585 3586 3587
f 3587 3586 3588
f 3587 3588 3589
f 3589 3588 3590
f 3589 3590 3591
f 3591 3590 3592
f 3591 3592 3593
f 3593 3592 3594
f 3593 3594 3595
f 3595 3594 3596
f 3595 3596 3597
f 3597 3596 3598
f 3597 3598 3599
f 3599 3598 3600
f 3599 3600 3601
f 3601 3600 3602
f 3601 3602 3603
f 3603 3602 3604
f 3603 3604 3605
f 3605 3604 3606
f 3605 3606 3607
f 3607 3606 3608
f 3607 3608 3609
f 3609 3608 3610
f 3609 3610 3611
f 3611 3610 3612
f 3611 3612 3613
f 3613 3612 3614
f 3613 3614 3615
f 3615 3614 3616
f 3615 3616 3617
f 3617 3616 3618
f 3617 3618 3619
f 3619 3618 3620
f 3619 3620 3621
f 3621 3620 3622
f 3621 3622 3623
f 3623 3622 3624
f 3623 3624 3625
f 3625 3624 3626
f 3625 3626 3627
f 3627 3626 3628
f 3627 3628 3629
f 3629 3628 3630
f 3629 3630 3631
f 3631 3630 3632
f 3631 3632 3633
f 3633 3632 2977
f 3633 2977 2976
f 3577 3576 3634
f 3634 3576 3635
f 3634 3635 3636
f 2977 3632 3264
f 3264 3632 3630
f 3264 3630 3272
f 3272 3630 3628
f 3272 3628 3282
f 3282 3628 3626
f 3282 3626 3288
f 3288 3626 3624
f 3288 3624 3300
f 3300 3624 3622
f 3300 3622 3317
f 3317 3622 3620
f 3317 3620 3332
f 3332 3620 3618
f 3332 3618 3330
f 3330 3618 3616
f 3330 3616 3354
f 3354 3616 3614
f 3354 3614 3355
f 3355 3614 3612
f 3355 3612 3367
f 3367 3612 3610
f 3367 3610 3382
f 3382 3610 3608
f 3382 3608 3403
f 3403 3608 3606
f 3403 3606 3409
f 3409 3606 3604
f 3409 3604 3429
f 3429 3604 3602
f 3429 3602 3432
f 3432 3602 3600
f 3432 3600 3442
f 3442 3600 3598
f 3442 3598 3458
f 3458 3598 3596
f 3458 3596 3467
f 3467 3596 3594
f 3467 3594 3477
f 3477 3594 3592
f 3477 3592 3487
f 3487 3592 3590
f 3487 3590 3496
f 3496 3590 3588
f 3496 3588 3540
f 3540 3588 3586
f 3540 3586 3555
f 3555 3586 3584
f 3555 3584 3576
f 3576 3584 3582
f 3576 3582 3635
f 3250 2978 3637
f 3637 2978 2606
f 3637 2606 3638
f 3639 3640 3638
f 3638 3640 3641
f 3638 3641 3637
f 3637 3641 3642
f 3637 3642 3250
f 3251 3639 3249
f 3249 3639 3643
f 3249 3643 3247
f 3247 3643 2550
f 3247 2550 2512
f 2606 2562 3638
f 3638 2562 2553
f 3638 2553 3639
f 3639 2553 3643
f 3643 2553 2551
f 3643 2551 2550
f 2559 3581 2546
f 2546 3581 3176
f 2546 3176 3175
f 2976 3263 3633
f 3633 3263 3280
f 3633 3280 3631
f 3631 3280 3281
f 3631 3281 3629
f 3629 3281 3298
f 3629 3298 3627
f 3627 3298 3299
f 3627 3299 3625
f 3625 3299 3328
f 3625 3328 3623
f 3623 3328 3329
f 3623 3329 3621
f 3621 3329 3335
f 3621 3335 3619
f 3619 3335 3336
f 3619 3336 3617
f 3617 3336 3364
f 3617 3364 3615
f 3615 3364 3365
f 3615 3365 3613
f 3613 3365 3400
f 3613 3400 3611
f 3611 3400 3401
f 3611 3401 3609
f 3609 3401 3426
f 3609 3426 3607
f 3607 3426 3427
f 3607 3427 3605
f 3605 3427 3439
f 3605 3439 3603
f 3603 3439 3440
f 3603 3440 3601
f 3601 3440 3464
f 3601 3464 3599
f 3599 3464 3465
f 3599 3465 3597
f 3597 3465 3484
f 3597 3484 3595
f 3595 3484 3485
f 3595 3485 3593
f 3593 3485 3537
f 3593 3537 3591
f 3591 3537 3538
f 3591 3538 3589
f 3589 3538 3573
f 3589 3573 3587
f 3587 3573 3574
f 3587 3574 3585
f 3585 3574 3581
f 3585 3581 3583
f 3583 3581 2559
f 3583 2559 2557
f 3096 3095 3644
f 3644 3095 3093
f 3644 3093 3092
f 3239 3238 3262
f 3262 3238 3091
f 3262 3091 2518
f 3240 3239 3269
f 3269 3239 3262
f 3269 3262 3267
f 3267 3262 2517
f 3267 2517 2967
f 3279 3278 3645
f 3645 3278 3241
f 3645 3241 3240
f 3230 3229 3257
f 3257 3229 3235
f 3257 3235 3258
f 3258 3235 3236
f 3258 3236 3278
f 3278 3236 3237
f 3278 3237 3241
f 3240 3269 3645
f 3645 3269 3268
f 3645 3268 3279
f 3279 3268 3266
f 3279 3266 3277
f 3277 3266 3274
f 3277 3274 3259
f 3259 3274 3287
f 3259 3287 3257
f 3257 3287 3291
f 3257 3291 3230
f 3230 3291 3293
f 3230 3293 3231
f 3231 3293 3295
f 3231 3295 3232
f 3316 3323 3306
f 3306 3323 3321
f 3306 3321 3297
f 3297 3321 3646
f 3297 3646 3296
f 3296 3646 3647
f 3296 3647 3295
f 3295 3647 3233
f 3295 3233 3232
f 3327 3326 3648
f 3648 3326 3225
f 3648 3225 3234
f 3254 3253 3255
f 3255 3253 3227
f 3255 3227 3326
f 3326 3227 3226
f 3326 3226 3225
f 3356 3649 3354
f 3354 3649 3650
f 3354 3650 3330
f 3330 3650 3651
f 3330 3651 3331
f 3331 3651 3652
f 3331 3652 3333
f 3333 3652 3653
f 3333 3653 3334
f 3334 3653 3654
f 3334 3654 3318
f 3318 3654 3655
f 3318 3655 3319
f 3319 3655 3656
f 3319 3656 3301
f 3301 3656 3657
f 3301 3657 3302
f 3302 3657 3658
f 3302 3658 3289
f 3289 3658 3659
f 3289 3659 3290
f 3290 3659 3660
f 3290 3660 3283
f 3283 3660 3661
f 3283 3661 3284
f 3284 3661 3662
f 3284 3662 3271
f 3271 3662 3663
f 3271 3663 3270
f 3270 3663 3644
f 3270 3644 3090
f 3090 3644 3092
f 3222 3185 3252
f 3252 3185 3184
f 3252 3184 3253
f 3253 3184 3228
f 3253 3228 3227
f 3223 3222 3664
f 3664 3222 3252
f 3664 3252 3665
f 3665 3252 3254
f 3665 3254 3666
f 3666 3254 3256
f 3666 3256 3320
f 3320 3256 3325
f 3320 3325 3321
f 3321 3325 3327
f 3321 3327 3646
f 3646 3327 3648
f 3646 3648 3647
f 3647 3648 3234
f 3647 3234 3233
f 3224 3223 3667
f 3667 3223 3664
f 3667 3664 3668
f 3668 3664 3665
f 3668 3665 3669
f 3669 3665 3666
f 3669 3666 3670
f 3670 3666 3320
f 3670 3320 3671
f 3671 3320 3322
f 3671 3322 3672
f 3672 3322 3324
f 3672 3358 3671
f 3671 3358 3359
f 3671 3359 3670
f 3670 3359 3360
f 3670 3360 3669
f 3669 3360 3349
f 3669 3349 3668
f 3668 3349 3351
f 3668 3351 3667
f 3667 3351 3353
f 3667 3353 3224
f 3363 3373 3362
f 3362 3373 3372
f 3362 3372 3361
f 3361 3372 3370
f 3361 3370 3350
f 3350 3370 3673
f 3350 3673 3352
f 3352 3673 3674
f 3352 3674 3353
f 3353 3674 3224
f 3220 3374 3221
f 3221 3374 3376
f 3221 3376 3219
f 3219 3376 3378
f 3219 3378 3218
f 3218 3378 3380
f 3218 3380 3214
f 3213 3214 3399
f 3399 3214 3380
f 3399 3380 3397
f 3397 3380 3379
f 3397 3379 3369
f 3369 3379 3377
f 3369 3377 3370
f 3370 3377 3375
f 3370 3375 3673
f 3673 3375 3374
f 3673 3374 3674
f 3674 3374 3220
f 3674 3220 3224
f 3407 3415 3406
f 3406 3415 3414
f 3406 3414 3405
f 3405 3414 3412
f 3405 3412 3396
f 3396 3412 3675
f 3396 3675 3398
f 3398 3675 3676
f 3398 3676 3399
f 3399 3676 3212
f 3399 3212 3213
f 3215 3419 3216
f 3216 3419 3421
f 3216 3421 3217
f 3217 3421 3423
f 3217 3423 3206
f 3206 3423 3207
f 3207 3423 3425
f 3207 3425 3208
f 3209 3208 3677
f 3677 3208 3425
f 3677 3425 3678
f 3678 3425 3424
f 3678 3424 3411
f 3411 3424 3422
f 3411 3422 3412
f 3412 3422 3420
f 3412 3420 3675
f 3675 3420 3419
f 3675 3419 3676
f 3676 3419 3215
f 3676 3215 3212
f 3416 3530 3417
f 3417 3530 3529
f 3417 3529 3418
f 3418 3529 3446
f 3418 3446 3411
f 3411 3446 3437
f 3411 3437 3678
f 3678 3437 3435
f 3678 3435 3677
f 3677 3435 3434
f 3677 3434 3209
f 3209 3434 3210
f 3211 3210 3450
f 3211 3450 3205
f 3205 3450 3452
f 3205 3452 3204
f 3204 3452 3454
f 3204 3454 3201
f 3201 3454 3456
f 3201 3456 3202
f 3210 3434 3450
f 3450 3434 3436
f 3450 3436 3451
f 3451 3436 3438
f 3451 3438 3453
f 3453 3438 3445
f 3453 3445 3455
f 3455 3445 3461
f 3455 3461 3456
f 3456 3461 3463
f 3456 3463 3202
f 3194 3195 3245
f 3245 3195 3200
f 3245 3200 3489
f 3489 3200 3199
f 3489 3199 3481
f 3481 3199 3198
f 3481 3198 3479
f 3479 3198 3197
f 3479 3197 3475
f 3475 3197 3196
f 3475 3196 3463
f 3463 3196 3203
f 3463 3203 3202
f 3498 3546 3499
f 3499 3546 3545
f 3499 3545 3536
f 3536 3545 3543
f 3536 3543 3493
f 3493 3543 3679
f 3493 3679 3492
f 3492 3679 3680
f 3492 3680 3246
f 3246 3680 3188
f 3246 3188 3194
f 3189 3547 3193
f 3193 3547 3549
f 3193 3549 3190
f 3190 3549 3551
f 3190 3551 3191
f 3191 3551 3192
f 3192 3551 3553
f 3192 3553 3187
f 3186 3187 3572
f 3572 3187 3553
f 3572 3553 3570
f 3570 3553 3552
f 3570 3552 3542
f 3542 3552 3550
f 3542 3550 3543
f 3543 3550 3548
f 3543 3548 3679
f 3679 3548 3547
f 3679 3547 3680
f 3680 3547 3189
f 3680 3189 3188
f 3242 3244 3243
f 2961 3096 3307
f 3307 3096 3644
f 3307 3644 3308
f 3308 3644 3663
f 3308 3663 3309
f 3309 3663 3662
f 3309 3662 3310
f 3310 3662 3661
f 3310 3661 3311
f 3311 3661 3660
f 3311 3660 3312
f 3312 3660 3659
f 3312 3659 3313
f 3313 3659 3658
f 3313 3658 3314
f 3314 3658 3657
f 3314 3657 3315
f 3315 3657 3656
f 3315 3656 3316
f 3316 3656 3655
f 3316 3655 3324
f 3324 3655 3654
f 3324 3654 3672
f 3672 3654 3653
f 3672 3653 3358
f 3358 3653 3652
f 3358 3652 3345
f 3345 3652 3651
f 3345 3651 3343
f 3343 3651 3650
f 3343 3650 3341
f 3341 3650 3649
f 3341 3649 3339
f 3339 3649 3356
f 3339 3356 3337
f 3337 3356 3357
f 3337 3357 3363
f 3363 3357 3366
f 3363 3366 3392
f 3392 3366 3368
f 3392 3368 3390
f 3390 3368 3381
f 3390 3381 3388
f 3388 3381 3383
f 3388 3383 3386
f 3386 3383 3402
f 3386 3402 3384
f 3384 3402 3404
f 3384 3404 3407
f 3407 3404 3408
f 3407 3408 3416
f 3416 3408 3410
f 3416 3410 3530
f 3530 3410 3428
f 3530 3428 3528
f 3528 3428 3430
f 3528 3430 3526
f 3526 3430 3431
f 3526 3431 3524
f 3524 3431 3433
f 3524 3433 3522
f 3522 3433 3441
f 3522 3441 3520
f 3520 3441 3443
f 3520 3443 3518
f 3518 3443 3457
f 3518 3457 3516
f 3516 3457 3459
f 3516 3459 3514
f 3514 3459 3466
f 3514 3466 3512
f 3512 3466 3468
f 3512 3468 3510
f 3510 3468 3476
f 3510 3476 3508
f 3508 3476 3478
f 3508 3478 3506
f 3506 3478 3486
f 3506 3486 3504
f 3504 3486 3488
f 3504 3488 3502
f 3502 3488 3495
f 3502 3495 3500
f 3500 3495 3497
f 3500 3497 3498
f 3498 3497 3539
f 3498 3539 3565
f 3565 3539 3541
f 3565 3541 3563
f 3563 3541 3554
f 3563 3554 3561
f 3561 3554 3556
f 3561 3556 3559
f 3559 3556 3575
f 3559 3575 3557
f 3557 3575 3577
f 3557 3577 3580
f 3580 3577 3634
f 3580 3634 3681
f 3681 3634 3636
f 2511 2982 3247
f 3247 2982 3243
f 3247 3243 3248
f 3248 3243 3244
f 3248 3244 3251
f 2557 2544 3582
f 3582 2544 2543
f 3582 2543 3635
f 3635 2543 2555
f 3635 2555 3636
f 3636 2555 2554
f 3636 2554 3681
f 3681 2554 2568
f 3681 2568 2981
f 3186 3572 3244
f 3244 3572 3571
f 3244 3571 3251
f 3251 3571 3569
f 3251 3569 3639
f 3639 3569 3578
f 3639 3578 3640
f 3640 3578 3579
f 3640 3579 3641
f 3641 3579 3580
f 3641 3580 3642
f 3642 3580 3681
f 3642 3681 3250
f 3250 3681 2981
f 3250 2981 2979
f 3682 3683 3684
f 3682 3684 3685
f 3685 3684 3686
f 3685 3686 3687
f 3687 3686 3688
f 3687 3688 3689
f 3689 3688 3690
f 3689 3690 3691
f 3691 3690 3692
f 3691 3692 3693
f 2314 2395 3682
f 3682 2395 3683
f 2395 2396 3683
f 3683 2396 3694
f 2396 2327 3694
f 3694 2327 3695
f 3696 3697 3698
f 3696 3698 3699
f 3699 3698 3700
f 3699 3700 3701
f 3701 3700 3702
f 3701 3702 3703
f 3703 3702 3704
f 3703 3704 3705
f 3705 3704 3694
f 3705 3694 3695
f 3697 3692 3690
f 3697 3690 3698
f 3698 3690 3688
f 3698 3688 3700
f 3700 3688 3686
f 3700 3686 3702
f 3702 3686 3684
f 3702 3684 3704
f 3704 3684 3683
f 3704 3683 3694
f 3693 3692 3706
f 3706 3692 3707
f 3708 3709 3696
f 3696 3709 3697
f 3693 3706 2315
f 2314 3682 2315
f 2315 3682 3685
f 2315 3685 3687
f 3687 3689 2315
f 2315 3689 3691
f 2315 3691 3693
f 2395 2314 2315
f 2395 2315 2396
f 2396 2315 2321
f 2396 2321 2327
f 2321 3708 3696
f 3703 3705 2321
f 2321 3705 3695
f 2321 3695 2327
f 3696 3699 2321
f 2321 3699 3701
f 2321 3701 3703
f 3692 3697 3707
f 3707 3697 3709
f 3710 3708 2321
f 3711 3707 3712
f 3712 3707 3709
f 3712 3709 3713
f 3713 3709 3714
f 3711 3715 3707
f 3707 3715 3716
f 3707 3716 3717
f 3708 3710 3709
f 3709 3710 3718
f 3709 3718 3719
f 3707 3720 3721
f 3719 3722 3709
f 3709 3722 3723
f 3709 3723 3724
f 3717 3725 3707
f 3707 3725 3726
f 3707 3726 3720
f 3721 3727 3707
f 3707 3727 3728
f 3707 3728 3706
f 3706 3728 3729
f 3706 3729 2315
f 2315 3729 3730
f 2315 3730 2321
f 2321 3730 3731
f 2321 3731 3710
f 3724 3732 3709
f 3709 3732 3733
f 3709 3733 3714
f 3734 3730 3735
f 3735 3730 3729
f 3711 3736 3737
f 3711 3737 3715
f 3715 3737 3738
f 3715 3738 3716
f 3716 3738 3739
f 3716 3739 3717
f 3717 3739 3740
f 3717 3740 3725
f 3725 3740 3741
f 3725 3741 3726
f 3726 3741 3742
f 3726 3742 3720
f 3720 3742 3743
f 3720 3743 3721
f 3721 3743 3744
f 3721 3744 3727
f 3727 3744 3745
f 3727 3745 3728
f 3728 3745 3735
f 3728 3735 3729
f 3736 3711 3746
f 3746 3711 3712
f 3710 3747 3748
f 3710 3748 3718
f 3718 3748 3749
f 3718 3749 3719
f 3719 3749 3750
f 3719 3750 3722
f 3722 3750 3751
f 3722 3751 3723
f 3723 3751 3752
f 3723 3752 3724
f 3724 3752 3753
f 3724 3753 3732
f 3732 3753 3754
f 3732 3754 3733
f 3733 3754 3755
f 3733 3755 3714
f 3714 3755 3756
f 3714 3756 3713
f 3713 3756 3746
f 3713 3746 3712
f 3731 3757 3710
f 3710 3757 3747
f 3757 3731 3734
f 3734 3731 3730
f 3735 3758 3734
f 3734 3758 3759
f 3736 3760 3761
f 3736 3761 3737
f 3737 3761 3762
f 3737 3762 3738
f 3738 3762 3763
f 3738 3763 3739
f 3739 3763 3764
f 3739 3764 3740
f 3740 3764 3765
f 3740 3765 3741
f 3741 3765 3766
f 3741 3766 3742
f 3742 3766 3767
f 3742 3767 3743
f 3743 3767 3768
f 3743 3768 3744
f 3744 3768 3769
f 3744 3769 3745
f 3745 3769 3758
f 3745 3758 3735
f 3746 3770 3736
f 3736 3770 3760
f 3747 3771 3772
f 3747 3772 3748
f 3748 3772 3773
f 3748 3773 3749
f 3749 3773 3774
f 3749 3774 3750
f 3750 3774 3775
f 3750 3775 3751
f 3751 3775 3776
f 3751 3776 3752
f 3752 3776 3777
f 3752 3777 3753
f 3753 3777 3778
f 3753 3778 3754
f 3754 3778 3779
f 3754 3779 3755
f 3755 3779 3780
f 3755 3780 3756
f 3756 3780 3770
f 3756 3770 3746
f 3757 3781 3747
f 3747 3781 3771
f 3782 3783 3784
f 3784 3783 3785
f 3782 3781 3757
f 3734 3759 3786
f 3787 3783 3786
f 3786 3783 3782
f 3786 3782 3734
f 3734 3782 3757
f 3788 3789 3786
f 3786 3789 3787
f 3789 3788 3790
f 3789 3790 3791
f 3791 3790 3792
f 3791 3792 3793
f 3793 3792 3794
f 3793 3794 3795
f 3795 3794 3796
f 3795 3796 3797
f 3797 3796 3798
f 3797 3798 3799
f 3799 3798 3800
f 3799 3800 3801
f 3801 3800 3802
f 3801 3802 3803
f 3803 3802 3804
f 3803 3804 3805
f 3805 3804 3806
f 3805 3806 3807
f 3807 3806 3808
f 3807 3808 3809
f 3810 3811 3808
f 3808 3811 3809
f 3781 3782 3771
f 3771 3782 3784
f 3771 3784 3772
f 3772 3784 3812
f 3772 3812 3773
f 3773 3812 3813
f 3773 3813 3774
f 3774 3813 3814
f 3774 3814 3775
f 3775 3814 3815
f 3786 3759 3788
f 3788 3759 3758
f 3788 3758 3790
f 3790 3758 3769
f 3790 3769 3792
f 3792 3769 3768
f 3792 3768 3794
f 3794 3768 3767
f 3794 3767 3796
f 3796 3767 3766
f 3796 3766 3798
f 3798 3766 3765
f 3798 3765 3800
f 3800 3765 3764
f 3800 3764 3802
f 3802 3764 3763
f 3802 3763 3804
f 3804 3763 3762
f 3804 3762 3806
f 3806 3762 3761
f 3806 3761 3808
f 3808 3761 3760
f 3808 3760 3810
f 3810 3760 3770
f 3810 3770 3816
f 3816 3770 3780
f 3816 3780 3817
f 3817 3780 3779
f 3817 3779 3818
f 3818 3779 3778
f 3818 3778 3819
f 3819 3778 3777
f 3819 3777 3815
f 3815 3777 3776
f 3815 3776 3775
f 3809 3811 3785
f 3793 3795 3809
f 3809 3795 3797
f 3809 3797 3799
f 3811 3820 3785
f 3785 3820 3821
f 3785 3821 3822
f 3783 3787 3785
f 3785 3787 3789
f 3785 3789 3809
f 3809 3789 3791
f 3809 3791 3793
f 3799 3801 3809
f 3809 3801 3803
f 3809 3803 3807
f 3807 3803 3805
f 3823 3824 3825
f 3822 3826 3785
f 3785 3826 3823
f 3785 3823 3827
f 3827 3823 3825
f 3811 3810 3816
f 3811 3816 3820
f 3820 3816 3817
f 3820 3817 3821
f 3821 3817 3818
f 3821 3818 3822
f 3822 3818 3819
f 3822 3819 3826
f 3826 3819 3815
f 3826 3815 3823
f 3823 3815 3814
f 3823 3814 3824
f 3824 3814 3813
f 3824 3813 3825
f 3825 3813 3812
f 3825 3812 3827
f 3827 3812 3784
f 3827 3784 3785

