# https://github.com/mikedh/trimesh

o Link5.STL
v 0.02542054 -0.09930000 0.01830617
v 0.02745584 -0.10042918 0.01975833
v 0.02304118 -0.09930000 0.02123891
v 0.02397788 -0.10049307 0.02387394
v 0.02216434 -0.09930000 0.02215336
v 0.02031697 -0.09930000 0.02385514
v 0.01975787 -0.10057599 0.02745587
v 0.01830617 -0.09930000 0.02542054
v 0.02583337 -0.09929330 0.01362967
v 0.02604032 -0.09929370 0.01299888
v 0.02639090 -0.10080648 0.01318262
v 0.02641731 -0.09995811 0.01609967
v 0.02627328 -0.10075817 0.01460449
v 0.02681099 -0.10065789 0.01606081
v 0.02625916 -0.10080115 0.01354485
v 0.02620693 -0.10078949 0.01393189
v 0.02577702 -0.09929394 0.01401561
v 0.02575938 -0.09929442 0.01431367
v 0.02583982 -0.09929696 0.01594487
v 0.02675982 -0.09989106 0.01763504
v 0.02584300 -0.09929850 0.01707364
v 0.02773637 -0.10044057 0.01905920
v 0.02579248 -0.09929893 0.01742003
v 0.02701439 -0.10062300 0.01649524
v 0.02763921 -0.10050050 0.01802661
v 0.02874301 -0.09930000 0.00361944
v 0.02890006 -0.09929997 -0.00000000
v 0.02950004 -0.10093238 -0.00000004
v 0.02932199 -0.10091361 0.00324409
v 0.02876108 -0.10087454 0.00655385
v 0.02812356 -0.09930003 0.00720018
v 0.02782028 -0.10083503 0.00981693
v 0.02704547 -0.09930005 0.01069559
v 0.02616239 -0.09930005 0.01276320
v 0.02616241 -0.09929999 -0.01276321
v 0.02603754 -0.09929361 -0.01299866
v 0.02639090 -0.10080648 -0.01318261
v 0.02727955 -0.09930000 -0.01005873
v 0.02752445 -0.10082672 -0.01061764
v 0.02858122 -0.10086513 -0.00729846
v 0.02822493 -0.09930000 -0.00678002
v 0.02927965 -0.10090984 -0.00360701
v 0.02877059 -0.09930000 -0.00335659
v 0.02562294 -0.10087181 -0.01271054
v 0.02548345 -0.10087199 -0.01293472
v 0.02578431 -0.09930000 -0.01328062
v 0.02544135 -0.10020211 -0.01323876
v 0.02547758 -0.09930000 -0.01350420
v 0.02482645 -0.10020211 -0.01355246
v 0.02522193 -0.09930000 -0.01364490
v 0.02326673 -0.10020211 -0.01379088
v 0.02405031 -0.09930000 -0.01404910
v 0.02165503 -0.10020211 -0.01400101
v 0.02242198 -0.09930000 -0.01452989
v 0.02011161 -0.10110607 -0.01371729
v 0.01963397 -0.10111346 -0.01412908
v 0.02204714 -0.09930000 -0.01470319
v 0.02130658 -0.09929990 -0.01533276
v 0.02115951 -0.10107077 -0.01346566
v 0.02381309 -0.10094366 -0.01355191
v 0.02451525 -0.10090829 -0.01347991
v 0.02518816 -0.10087947 -0.01321171
v 0.02496821 -0.10088780 -0.01333553
v 0.01907185 -0.09930000 -0.01803662
v 0.02387286 -0.09930000 -0.02029664
v 0.01276027 -0.09930002 -0.02616378
v 0.01301241 -0.09930000 -0.02604237
v 0.01321813 -0.09930002 -0.02580698
v 0.01366844 -0.09930000 -0.02582764
v 0.01362427 -0.09930002 -0.02519881
v 0.01437278 -0.09930000 -0.02576014
v 0.01381460 -0.09930002 -0.02474209
v 0.02542054 -0.09930000 -0.01830617
v 0.02578230 -0.09930000 -0.01746578
v 0.02584471 -0.09930000 -0.01705843
v 0.02584249 -0.09930000 -0.01598793
v 0.02575748 -0.09930000 -0.01440331
v 0.02582750 -0.09930000 -0.01365570
v 0.02598966 -0.09930000 -0.01310407
v 0.01471985 -0.09930000 -0.02200587
v 0.01408472 -0.09930002 -0.02383315
v 0.01533266 -0.09929972 -0.02130644
v 0.01830618 -0.09930000 -0.02542054
v 0.01649502 -0.09930000 -0.02042000
v 0.02125092 -0.09930000 -0.02302998
v 0.02216436 -0.09930000 -0.02215335
v 0.01573350 -0.09930000 -0.02582762
v 0.01710139 -0.09930000 -0.02584262
v 0.01771486 -0.09930000 -0.02571703
v 0.02745584 -0.10042918 -0.01975833
v 0.02751157 -0.10042874 -0.01967497
v 0.02675887 -0.09989213 -0.01761766
v 0.02701509 -0.10062291 -0.01649595
v 0.02641792 -0.09995852 -0.01610070
v 0.02646587 -0.10071836 -0.01524296
v 0.02632152 -0.10074697 -0.01479785
v 0.02620542 -0.10078675 -0.01400410
v 0.02775155 -0.10044628 -0.01892049
v 0.02759760 -0.10051090 -0.01788542
v 0.01975787 -0.10057599 -0.02745587
v 0.02397790 -0.10049307 -0.02387395
v 0.01318500 -0.10089871 -0.02638979
v 0.01357113 -0.10089340 -0.02625279
v 0.01905783 -0.10059869 -0.02773664
v 0.01762704 -0.09997308 -0.02676146
v 0.01796370 -0.10065833 -0.02762146
v 0.01612019 -0.10002603 -0.02642423
v 0.01650658 -0.10075151 -0.02702037
v 0.01461233 -0.10085856 -0.02627500
v 0.01398064 -0.10088278 -0.02620425
v 0.00000000 -0.09929997 -0.02890000
v 0.00000000 -0.10093229 -0.02950052
v 0.00290174 -0.10093149 -0.02935571
v 0.00361865 -0.09929999 -0.02874328
v 0.00637575 -0.10092690 -0.02880387
v 0.00719864 -0.09930000 -0.02812421
v 0.00978574 -0.10091669 -0.02783150
v 0.01069332 -0.09930002 -0.02704649
v -0.01301241 -0.09930000 -0.02604237
v -0.01318344 -0.10089918 -0.02639052
v -0.01276027 -0.09929999 -0.02616379
v -0.01296366 -0.10090018 -0.02649914
v -0.00939551 -0.09929999 -0.02750454
v -0.01054480 -0.10091343 -0.02755253
v -0.00720828 -0.10092499 -0.02860759
v -0.00587644 -0.09929999 -0.02840773
v -0.00375808 -0.10093079 -0.02925863
v -0.00224714 -0.09929997 -0.02885762
v -0.02601662 -0.09930000 -0.01302750
v -0.02603673 -0.09929497 -0.01299873
v -0.02583326 -0.09929357 -0.01363056
v -0.02577716 -0.09929418 -0.01401504
v -0.02523716 -0.09930000 -0.01363741
v -0.02578336 -0.09930000 -0.01328145
v -0.01362423 -0.09930000 -0.02519880
v -0.01399621 -0.09930000 -0.02578087
v -0.01336743 -0.09930000 -0.02562611
v -0.01366847 -0.09930000 -0.02582776
v -0.01325927 -0.09930000 -0.02575995
v -0.01744341 -0.09930000 -0.02578967
v -0.01707987 -0.09930000 -0.02584502
v -0.01390411 -0.09930000 -0.02447229
v -0.01602897 -0.09930000 -0.02584801
v -0.01434996 -0.09930000 -0.02576033
v -0.02584307 -0.09929856 -0.01707393
v -0.02338739 -0.09930000 -0.01422351
v -0.02583995 -0.09929708 -0.01594507
v -0.02575945 -0.09929464 -0.01431447
v -0.01486044 -0.09930000 -0.02178844
v -0.01522798 -0.09930000 -0.02138776
v -0.01830617 -0.09930000 -0.02542054
v -0.01533266 -0.09929972 -0.02130644
v -0.02031697 -0.09930000 -0.02385514
v -0.01856146 -0.09929972 -0.01856144
v -0.02216434 -0.09930000 -0.02215336
v -0.02304118 -0.09930000 -0.02123891
v -0.02579255 -0.09929898 -0.01742005
v -0.02542054 -0.09930000 -0.01830617
v -0.02242207 -0.09930000 -0.01452958
v -0.02193680 -0.09930000 -0.01476708
v -0.01457945 -0.09930000 -0.02227994
v -0.02130643 -0.09929972 -0.01533266
v -0.02745584 -0.10042918 -0.01975833
v -0.02397788 -0.10049307 -0.02387394
v -0.01975787 -0.10057599 -0.02745587
v -0.02639090 -0.10080648 -0.01318262
v -0.02641759 -0.09995823 -0.01610030
v -0.02627328 -0.10075817 -0.01460449
v -0.02681099 -0.10065789 -0.01606082
v -0.02625916 -0.10080115 -0.01354486
v -0.02620689 -0.10078945 -0.01393291
v -0.02676003 -0.09989118 -0.01763542
v -0.02773637 -0.10044057 -0.01905920
v -0.02701467 -0.10062296 -0.01649584
v -0.02763921 -0.10050050 -0.01802661
v -0.02874301 -0.09930000 -0.00361944
v -0.02890006 -0.09929997 0.00000000
v -0.02950003 -0.10093238 0.00000002
v -0.02932199 -0.10091362 -0.00324409
v -0.02876111 -0.10087454 -0.00655373
v -0.02812356 -0.09930003 -0.00720018
v -0.02782032 -0.10083503 -0.00981687
v -0.02704547 -0.09930005 -0.01069559
v -0.02616239 -0.09930005 -0.01276320
v -0.02616241 -0.09929999 0.01276321
v -0.02603759 -0.09929364 0.01299783
v -0.02639090 -0.10080648 0.01318261
v -0.02727955 -0.09930000 0.01005873
v -0.02752329 -0.10082669 0.01062065
v -0.02858040 -0.10086507 0.00730174
v -0.02822493 -0.09930000 0.00678002
v -0.02927927 -0.10090981 0.00361009
v -0.02877059 -0.09930000 0.00335659
v -0.02548345 -0.10087199 0.01293472
v -0.02518816 -0.10087947 0.01321171
v -0.02544133 -0.10020218 0.01323875
v -0.02482642 -0.10020218 0.01355245
v -0.02529654 -0.09929264 0.01360921
v -0.02578084 -0.09929159 0.01327550
v -0.02339898 -0.09929597 0.01422084
v -0.02326668 -0.10020218 0.01379086
v -0.02165496 -0.10020218 0.01400097
v -0.02242342 -0.09929764 0.01452930
v -0.02011160 -0.10110607 0.01371729
v -0.01963397 -0.10111346 0.01412908
v -0.02199889 -0.09929843 0.01473153
v -0.02130658 -0.09929990 0.01533276
v -0.02496821 -0.10088780 0.01333553
v -0.02451525 -0.10090829 0.01347991
v -0.02381310 -0.10094366 0.01355191
v -0.02115951 -0.10107077 0.01346566
v -0.02562294 -0.10087181 0.01271054
v -0.02582801 -0.09930000 0.01365481
v -0.02577739 -0.09930000 0.01401938
v -0.02584199 -0.09930000 0.01597752
v -0.02575907 -0.09930000 0.01433231
v -0.01437278 -0.09930000 0.02576014
v -0.01366743 -0.09930000 0.02510725
v -0.01362420 -0.09930000 0.02519875
v -0.02542054 -0.09930000 0.01830617
v -0.02578369 -0.09930000 0.01745987
v -0.02584489 -0.09930000 0.01705827
v -0.02387286 -0.09930000 0.02029664
v -0.01856147 -0.09929971 0.01856145
v -0.02216436 -0.09930000 0.02215335
v -0.01366844 -0.09930000 0.02582764
v -0.01325940 -0.09930000 0.02576027
v -0.01301241 -0.09930000 0.02604237
v -0.01303241 -0.09930000 0.02598019
v -0.01276027 -0.09930002 0.02616378
v -0.01573351 -0.09930000 0.02582762
v -0.01452111 -0.09930000 0.02241344
v -0.01421736 -0.09930000 0.02333591
v -0.01710139 -0.09930000 0.02584262
v -0.01533277 -0.09929990 0.02130658
v -0.01473963 -0.09930000 0.02197383
v -0.01771486 -0.09930000 0.02571703
v -0.01830618 -0.09930000 0.02542054
v -0.02125092 -0.09930000 0.02302998
v -0.02745584 -0.10042918 0.01975833
v -0.02751157 -0.10042874 0.01967497
v -0.02775155 -0.10044628 0.01892049
v -0.02675887 -0.09989216 0.01761746
v -0.02641781 -0.09995855 0.01610027
v -0.02646587 -0.10071836 0.01524296
v -0.02620542 -0.10078675 0.01400410
v -0.02759760 -0.10051090 0.01788542
v -0.02701486 -0.10062296 0.01649547
v -0.01975787 -0.10057599 0.02745587
v -0.02397790 -0.10049307 0.02387395
v -0.01318500 -0.10089871 0.02638979
v -0.01905780 -0.10059866 0.02773661
v -0.01357111 -0.10089337 0.02625278
v -0.01398064 -0.10088275 0.02620425
v -0.01461231 -0.10085853 0.02627499
v -0.01612003 -0.10002574 0.02642398
v -0.01762681 -0.09997281 0.02676108
v -0.01796366 -0.10065832 0.02762142
v -0.01650656 -0.10075148 0.02702035
v 0.00000000 -0.09929997 0.02890000
v 0.00000000 -0.10093229 0.02950052
v -0.00290174 -0.10093149 0.02935571
v -0.00361865 -0.09929999 0.02874328
v -0.00637576 -0.10092690 0.02880387
v -0.00719864 -0.09930000 0.02812421
v -0.00978574 -0.10091669 0.02783149
v -0.01069332 -0.09930002 0.02704649
v 0.01301241 -0.09930000 0.02604237
v 0.01318344 -0.10089918 0.02639052
v 0.01276027 -0.09929999 0.02616379
v 0.01296366 -0.10090018 0.02649914
v 0.00939551 -0.09929999 0.02750454
v 0.01054480 -0.10091343 0.02755253
v 0.00720828 -0.10092499 0.02860759
v 0.00587644 -0.09929999 0.02840773
v 0.00375808 -0.10093079 0.02925863
v 0.00224714 -0.09929997 0.02885762
v 0.02601860 -0.09930000 0.01302868
v 0.02523649 -0.09930000 0.01363773
v 0.02578291 -0.09930000 0.01328070
v 0.01362425 -0.09929999 0.02519888
v 0.01419687 -0.09929999 0.02340963
v 0.01602897 -0.09930000 0.02584801
v 0.01707987 -0.09930000 0.02584502
v 0.02338708 -0.09930000 0.01422360
v 0.01434996 -0.09930000 0.02576033
v 0.01399621 -0.09930000 0.02578087
v 0.01338925 -0.09929999 0.02559732
v 0.01366847 -0.09930000 0.02582776
v 0.01325993 -0.09929999 0.02576074
v 0.01452103 -0.09929999 0.02241363
v 0.01744341 -0.09930000 0.02578967
v 0.02242236 -0.09930000 0.01452947
v 0.02193656 -0.09930000 0.01476720
v 0.01856147 -0.09929971 0.01856145
v 0.01533277 -0.09929990 0.02130659
v 0.01485362 -0.09929999 0.02179589
v 0.02130658 -0.09929990 0.01533277
v 0.01963396 -0.10111346 0.01412907
v 0.01989780 -0.10111059 0.01385522
v 0.02165524 -0.10020187 0.01400116
v 0.02326689 -0.10020187 0.01379097
v 0.02482656 -0.10020187 0.01355249
v 0.02544145 -0.10020187 0.01323877
v 0.02562294 -0.10087181 0.01271054
v 0.02080228 -0.10108449 0.01350236
v 0.02261151 -0.10100488 0.01350731
v 0.02443160 -0.10091235 0.01349593
v 0.02521136 -0.10087869 0.01319554
v 0.01411816 -0.10113021 0.01961875
v 0.01661541 -0.10112061 0.01756914
v 0.01855506 -0.10111497 0.01551666
v 0.01270854 -0.10094766 0.02559660
v 0.01377603 -0.10021605 0.02324639
v 0.01398885 -0.10021605 0.02163860
v 0.01345728 -0.10110169 0.02103188
v 0.01373229 -0.10112699 0.02004593
v 0.01295399 -0.10094763 0.02543537
v 0.01320430 -0.10095244 0.02515611
v 0.01335065 -0.10095986 0.02487997
v 0.01346843 -0.10097293 0.02448155
v 0.01353745 -0.10100425 0.02364852
v 0.00000000 -0.10097926 0.02851852
v 0.00355545 -0.10097677 0.02831137
v 0.00685359 -0.10097107 0.02771291
v 0.01004062 -0.10096110 0.02674114
v -0.01270887 -0.10094766 0.02559640
v -0.00922850 -0.10096417 0.02702757
v -0.00590585 -0.10097312 0.02792584
v -0.00249894 -0.10097786 0.02841986
v -0.01411837 -0.10113021 0.01961857
v -0.01387593 -0.10112976 0.01984201
v -0.01398895 -0.10021598 0.02163846
v -0.01377606 -0.10021598 0.02324629
v -0.01346826 -0.10097290 0.02448257
v -0.01315368 -0.10095089 0.02522672
v -0.01350237 -0.10111185 0.02069280
v -0.01349872 -0.10104053 0.02272530
v -0.01347384 -0.10097391 0.02445383
v -0.01765419 -0.10111725 0.01653061
v -0.01542366 -0.10112501 0.01861762
v -0.00000000 -0.10139652 0.01478688
v -0.00419625 -0.10123872 0.02115031
v 0.00000000 -0.10150000 -0.00000000
v -0.00390813 -0.10140323 0.01386139
v -0.00799754 -0.10137964 0.01356872
v -0.00670127 -0.10148279 0.00000000
v -0.00741738 -0.10145911 0.00659949
v -0.01122438 -0.10142414 0.00634456
v -0.01378493 -0.10141072 -0.00000000
v -0.01502875 -0.10136885 0.00594380
v -0.02114832 -0.10125124 -0.00000000
v -0.01883298 -0.10128900 0.00539168
v -0.02262631 -0.10118256 0.00472027
v -0.02851838 -0.10097914 -0.00000000
v -0.02834515 -0.10096102 0.00330282
v -0.02804757 -0.10094211 0.00533197
v -0.02773769 -0.10092659 0.00680556
v -0.02382275 -0.10105469 0.00965429
v -0.02679022 -0.10089432 0.00996705
v -0.01996522 -0.10117500 0.01103691
v -0.01603621 -0.10126860 0.01218009
v -0.01204811 -0.10133559 0.01302186
v -0.01285727 -0.10115495 0.01984381
v -0.00856748 -0.10120868 0.02069203
v 0.01604744 -0.10126693 0.01225485
v 0.02782584 -0.10093103 0.00642279
v 0.02690377 -0.10089780 0.00964889
v 0.02383608 -0.10105271 0.00971338
v 0.01997784 -0.10117318 0.01110455
v 0.02114833 -0.10125125 0.00000000
v 0.02851838 -0.10097914 0.00000000
v 0.02840173 -0.10096555 0.00273989
v 0.00391140 -0.10140189 0.01394703
v 0.00800401 -0.10137822 0.01365239
v 0.00857119 -0.10120735 0.02073462
v 0.01286254 -0.10115356 0.01988464
v 0.01205729 -0.10133407 0.01310196
v 0.01378494 -0.10141072 0.00000000
v 0.01124051 -0.10142312 0.00646187
v 0.00705864 -0.10148067 0.00000000
v 0.00742875 -0.10145824 0.00672177
v 0.02264975 -0.10118084 0.00480718
v 0.01885516 -0.10128754 0.00549106
v 0.01504849 -0.10136763 0.00605349
v 0.02834517 -0.10096102 -0.00330263
v 0.02804757 -0.10094211 -0.00533197
v 0.02773762 -0.10092659 -0.00680587
v 0.02679044 -0.10089434 -0.00996645
v 0.02264975 -0.10118084 -0.00480718
v 0.02383608 -0.10105271 -0.00971339
v 0.01997784 -0.10117318 -0.01110455
v 0.01604744 -0.10126693 -0.01225485
v 0.01765419 -0.10111725 -0.01653060
v 0.01542367 -0.10112501 -0.01861761
v 0.01205729 -0.10133407 -0.01310197
v 0.01411837 -0.10113021 -0.01961857
v 0.01350244 -0.10111187 -0.02069246
v 0.01387607 -0.10112976 -0.01984185
v 0.01286254 -0.10115356 -0.01988464
v 0.01349872 -0.10104053 -0.02272530
v 0.01270887 -0.10094766 -0.02559640
v 0.01315367 -0.10095089 -0.02522673
v 0.00857119 -0.10120735 -0.02073462
v 0.01320406 -0.10095244 -0.02515642
v 0.01347384 -0.10097391 -0.02445383
v 0.00922849 -0.10096417 -0.02702757
v 0.00391140 -0.10140189 -0.01394703
v 0.00590585 -0.10097312 -0.02792584
v 0.00249894 -0.10097786 -0.02841986
v 0.00000000 -0.10139652 -0.01478687
v 0.00000000 -0.10097926 -0.02851852
v 0.00800401 -0.10137822 -0.01365239
v 0.00742875 -0.10145824 -0.00672177
v 0.01124051 -0.10142312 -0.00646187
v 0.01504849 -0.10136763 -0.00605349
v 0.01885516 -0.10128754 -0.00549106
v 0.01377606 -0.10021598 -0.02324628
v 0.01398895 -0.10021598 -0.02163846
v -0.00355545 -0.10097677 -0.02831137
v -0.00685360 -0.10097107 -0.02771291
v -0.01004065 -0.10096110 -0.02674113
v -0.01270854 -0.10094766 -0.02559660
v -0.01377603 -0.10021605 -0.02324639
v -0.01398885 -0.10021605 -0.02163860
v -0.01411816 -0.10113021 -0.01961875
v -0.01373227 -0.10112699 -0.02004598
v -0.01295399 -0.10094763 -0.02543538
v -0.01320430 -0.10095244 -0.02515611
v -0.01335059 -0.10095984 -0.02488012
v -0.01346843 -0.10097293 -0.02448155
v -0.01353745 -0.10100425 -0.02364875
v -0.01345726 -0.10110167 -0.02103209
v -0.01661541 -0.10112061 -0.01756914
v -0.01855506 -0.10111497 -0.01551665
v -0.01963396 -0.10111346 -0.01412907
v -0.01989780 -0.10111059 -0.01385522
v -0.02165442 -0.10020282 -0.01400060
v -0.02326626 -0.10020282 -0.01379064
v -0.02482614 -0.10020282 -0.01355239
v -0.02544109 -0.10020282 -0.01323873
v -0.02562294 -0.10087181 -0.01271054
v -0.02080228 -0.10108449 -0.01350236
v -0.02261150 -0.10100488 -0.01350731
v -0.02443160 -0.10091235 -0.01349593
v -0.02521136 -0.10087869 -0.01319554
v -0.02782594 -0.10093103 -0.00642233
v -0.02690377 -0.10089780 -0.00964891
v -0.02840167 -0.10096555 -0.00274058
v -0.02382275 -0.10105469 -0.00965429
v -0.02262631 -0.10118256 -0.00472027
v -0.01883298 -0.10128900 -0.00539168
v -0.01502875 -0.10136885 -0.00594380
v -0.01122438 -0.10142414 -0.00634456
v -0.00741738 -0.10145911 -0.00659949
v -0.00390813 -0.10140323 -0.01386138
v -0.00419625 -0.10123872 -0.02115031
v -0.00856748 -0.10120868 -0.02069202
v -0.01285727 -0.10115495 -0.01984380
v -0.01603621 -0.10126860 -0.01218009
v -0.01204811 -0.10133559 -0.01302186
v -0.01996522 -0.10117500 -0.01103691
v -0.00799754 -0.10137964 -0.01356871
v 0.01762681 -0.09997281 0.02676108
v 0.01943700 -0.10058404 0.02763261
v 0.01860879 -0.10062083 0.02774872
v 0.01399137 -0.10088240 0.02620409
v 0.01482344 -0.10084873 0.02632816
v 0.01612003 -0.10002574 0.02642398
v 0.01817381 -0.10064561 0.02767734
v 0.01650656 -0.10075148 0.02702035
v 0.01580310 -0.10079523 0.02669447
v 0.01666378 -0.10069960 0.02795450
v 0.02568617 -0.10043418 0.02253198
v 0.02712934 -0.10060569 0.01668009
v 0.02969939 -0.10048338 0.01462411
v 0.00345686 -0.10035587 0.03602633
v 0.00000000 -0.10036220 0.03611137
v -0.00000000 -0.10051172 0.03527847
v 0.00000000 -0.10036147 0.03611479
v 0.00363134 -0.09955046 0.03843670
v 0.00000001 -0.09927779 0.03907874
v 0.00593793 -0.09850001 0.04027478
v 0.00000000 -0.09850013 0.04050028
v 0.02219867 -0.09941208 0.03325234
v 0.02206514 -0.09850001 0.03567731
v 0.01877945 -0.09850001 0.03734636
v 0.03579696 -0.09910088 0.01906128
v 0.03444469 -0.09850001 0.02398508
v 0.03370719 -0.09917418 0.02236574
v 0.03177727 -0.09850001 0.02742249
v 0.03122258 -0.09924246 0.02547886
v 0.02865230 -0.09850001 0.03066909
v 0.02842994 -0.09930521 0.02836824
v 0.02536139 -0.09850001 0.03345973
v 0.03744508 -0.09902314 0.01556288
v 0.03797357 -0.09850001 0.01721923
v 0.03644258 -0.09850001 0.02068042
v 0.03914472 -0.09850001 0.01334086
v 0.04050000 -0.09850001 -0.00000000
v 0.04039735 -0.09850001 0.00414059
v 0.03992925 -0.09886905 0.00376159
v 0.03994434 -0.09850001 0.00906430
v 0.03912468 -0.09914387 0.00746228
v 0.03802462 -0.09932476 0.01105959
v 0.03660585 -0.09946641 0.01451170
v 0.03865306 -0.09950300 0.00101531
v 0.03877671 -0.09943273 -0.00000000
v 0.03665897 -0.10022264 0.00201725
v 0.03670347 -0.10021881 -0.00000001
v 0.03443558 -0.10057221 0.00299129
v 0.03434428 -0.10063165 -0.00000001
v 0.03208368 -0.10073557 0.00392248
v 0.02872192 -0.10070518 0.01157889
v 0.03340530 -0.10043312 0.00803249
v 0.02843232 -0.10031980 0.02022121
v 0.02047985 -0.10045307 0.02878571
v 0.02354906 -0.10036164 0.02680510
v 0.01342954 -0.10076066 0.02910672
v 0.01008300 -0.10080770 0.02994107
v 0.00665277 -0.10084070 0.03048936
v 0.02540902 -0.09936192 0.03098535
v 0.02441805 -0.10004101 0.02895105
v 0.02739050 -0.09994549 0.02649762
v 0.01728591 -0.10053093 0.03040767
v 0.01395451 -0.10059487 0.03164843
v 0.01049092 -0.10064449 0.03254248
v 0.00692833 -0.10067952 0.03312675
v 0.02128291 -0.10012525 0.03108091
v 0.01881660 -0.09945523 0.03509357
v 0.01800108 -0.10019746 0.03281876
v 0.01524614 -0.09949096 0.03648362
v 0.01455799 -0.10025706 0.03414053
v 0.01149456 -0.09951890 0.03747040
v 0.01095984 -0.10030357 0.03508681
v 0.00760629 -0.09953881 0.03810424
v 0.00724509 -0.10033659 0.03570064
v 0.01502685 -0.09850001 0.03868692
v 0.01059373 -0.09850001 0.03969780
v 0.03206496 -0.10034729 0.01244453
v 0.03097505 -0.10019296 0.01773383
v 0.03325266 -0.10005405 0.01509607
v 0.03523041 -0.09990595 0.01231023
v 0.03419695 -0.10020245 0.01014458
v 0.03693266 -0.09974182 0.00937653
v 0.03548512 -0.10026478 0.00611773
v 0.03837390 -0.09949794 0.00632356
v 0.03738113 -0.09994439 0.00412416
v 0.03954135 -0.09907813 0.00318638
v 0.03902553 -0.09933028 0.00207678
v 0.03483294 -0.09959892 0.01778303
v 0.03267208 -0.09972372 0.02087602
v 0.03016550 -0.09983949 0.02379105
v -0.03419652 -0.10020258 0.01014353
v -0.03522971 -0.09990614 0.01230895
v -0.03693211 -0.09974202 0.00937555
v -0.03370559 -0.09917521 0.02236364
v -0.03267076 -0.09972426 0.02087394
v -0.03016415 -0.09984005 0.02378869
v -0.02872157 -0.10070526 0.01157770
v -0.02712879 -0.10060581 0.01667837
v -0.01666311 -0.10069976 0.02795164
v -0.00363107 -0.09955206 0.03843334
v -0.04050000 -0.09850001 -0.00000000
v -0.03992895 -0.09886924 0.00376121
v -0.04039497 -0.09850001 0.00427158
v -0.03806727 -0.09975853 -0.00000002
v -0.03865302 -0.09950302 0.00101520
v -0.03592614 -0.10039926 -0.00000003
v -0.03665889 -0.10022265 0.00201703
v -0.03285081 -0.10075451 -0.00000002
v -0.03443546 -0.10057222 0.00299098
v -0.03208353 -0.10073558 0.00392206
v -0.04029147 -0.09850001 0.00582036
v -0.03912410 -0.09914420 0.00746152
v -0.03963502 -0.09850001 0.01098600
v -0.03660478 -0.09946687 0.01451024
v -0.03483171 -0.09959941 0.01778124
v -0.03579547 -0.09910179 0.01905948
v -0.03802377 -0.09932516 0.01105846
v -0.03859484 -0.09850001 0.01536158
v -0.03724734 -0.09850001 0.01900007
v -0.03122094 -0.09924359 0.02547648
v -0.03323925 -0.09850001 0.02563961
v -0.03552830 -0.09850001 0.02230206
v -0.02842833 -0.09930643 0.02836560
v -0.03040821 -0.09850001 0.02892502
v -0.02540749 -0.09936322 0.03098249
v -0.02714935 -0.09850001 0.03201832
v -0.02219726 -0.09941346 0.03324929
v -0.02372915 -0.09850001 0.03462725
v -0.01881534 -0.09945668 0.03509038
v -0.02044596 -0.09850001 0.03655905
v -0.01524507 -0.09949245 0.03648033
v -0.01721059 -0.09850001 0.03796942
v -0.01149373 -0.09952045 0.03746706
v -0.01326372 -0.09850001 0.03914962
v -0.00760573 -0.09954038 0.03810089
v -0.00893441 -0.09850001 0.03994984
v -0.00392954 -0.09850001 0.04040840
v -0.00692796 -0.10067979 0.03312344
v -0.01342897 -0.10076082 0.02910375
v -0.01008255 -0.10080787 0.02993803
v -0.00665247 -0.10084084 0.03048627
v -0.02647795 -0.10025761 0.02452502
v -0.02354803 -0.10036191 0.02680235
v -0.02047890 -0.10045334 0.02878277
v -0.01728507 -0.10053120 0.03040458
v -0.02843144 -0.10031997 0.02021912
v -0.02568531 -0.10043436 0.02252966
v -0.03097419 -0.10019314 0.01773199
v -0.02969885 -0.10048350 0.01462260
v -0.03340502 -0.10043319 0.00803167
v -0.03548490 -0.10026485 0.00611710
v -0.03738098 -0.09994446 0.00412374
v -0.03902545 -0.09933033 0.00207657
v -0.03954116 -0.09907822 0.00318605
v -0.03325186 -0.10005424 0.01509450
v -0.03206446 -0.10034741 0.01244325
v -0.03837352 -0.09949812 0.00632290
v -0.01049037 -0.10064476 0.03253921
v -0.01395380 -0.10059514 0.03164523
v -0.02738918 -0.09994609 0.02649500
v -0.02441679 -0.10004164 0.02894819
v -0.02128175 -0.10012590 0.03107785
v -0.01800004 -0.10019813 0.03281556
v -0.01455711 -0.10025776 0.03413722
v -0.01095916 -0.10030427 0.03508344
v -0.00724463 -0.10033730 0.03569723
v -0.00345664 -0.10035659 0.03602291
v -0.02647794 -0.10025763 -0.02452499
v -0.02568531 -0.10043436 -0.02252965
v -0.02843144 -0.10031997 -0.02021911
v -0.02712880 -0.10060581 -0.01667839
v -0.02969885 -0.10048350 -0.01462262
v -0.03208355 -0.10073558 -0.00392212
v -0.03865302 -0.09950302 -0.00101522
v -0.00000000 -0.10036220 -0.03611133
v 0.00000000 -0.10051172 -0.03527847
v -0.00345664 -0.10035660 -0.03602286
v -0.00692795 -0.10067979 -0.03312341
v -0.00000001 -0.09960442 -0.03841813
v -0.00363107 -0.09955209 -0.03843328
v -0.00000001 -0.09927779 -0.03907874
v -0.03808119 -0.09850001 -0.01692064
v -0.03658186 -0.09850001 -0.02039782
v -0.03579545 -0.09910182 -0.01905944
v -0.03464609 -0.09850001 -0.02368941
v -0.03370557 -0.09917524 -0.02236360
v -0.03202238 -0.09850001 -0.02713807
v -0.03122091 -0.09924360 -0.02547644
v -0.02890892 -0.09850001 -0.03042554
v -0.02842830 -0.09930646 -0.02836556
v -0.02564578 -0.09850001 -0.03324234
v -0.02540746 -0.09936325 -0.03098244
v -0.02233932 -0.09850001 -0.03551172
v -0.02219723 -0.09941349 -0.03324924
v -0.01904546 -0.09850001 -0.03722543
v -0.01881532 -0.09945671 -0.03509032
v -0.01539816 -0.09850001 -0.03857465
v -0.01524505 -0.09949248 -0.03648027
v -0.01100372 -0.09850001 -0.03962148
v -0.01149371 -0.09952048 -0.03746700
v -0.00582614 -0.09850001 -0.04028453
v -0.00760572 -0.09954040 -0.03810083
v -0.03443548 -0.10057222 -0.00299102
v -0.03665890 -0.10022265 -0.00201706
v -0.02872158 -0.10070526 -0.01157774
v -0.03340503 -0.10043319 -0.00803169
v -0.02354802 -0.10036191 -0.02680233
v -0.02047889 -0.10045334 -0.02878275
v -0.01728506 -0.10053120 -0.03040455
v -0.01860879 -0.10062083 -0.02774872
v -0.01943700 -0.10058404 -0.02763261
v -0.01817381 -0.10064561 -0.02767734
v -0.01666310 -0.10069976 -0.02795163
v -0.01650656 -0.10075148 -0.02702035
v -0.01580310 -0.10079523 -0.02669447
v -0.01399137 -0.10088240 -0.02620409
v -0.01482344 -0.10084873 -0.02632816
v -0.01342897 -0.10076082 -0.02910374
v -0.00665247 -0.10084084 -0.03048627
v -0.01008255 -0.10080787 -0.02993802
v -0.03548490 -0.10026485 -0.00611712
v -0.03738098 -0.09994446 -0.00412375
v -0.03902545 -0.09933033 -0.00207657
v -0.03206446 -0.10034741 -0.01244327
v -0.03419652 -0.10020258 -0.01014354
v -0.04042848 -0.09850001 -0.00359763
v -0.03992894 -0.09886924 -0.00376120
v -0.03999924 -0.09850001 -0.00863313
v -0.03912409 -0.09914421 -0.00746151
v -0.03922616 -0.09850001 -0.01298269
v -0.03802376 -0.09932516 -0.01105845
v -0.03660477 -0.09946687 -0.01451022
v -0.03483170 -0.09959941 -0.01778121
v -0.03267075 -0.09972427 -0.02087391
v -0.03016413 -0.09984007 -0.02378866
v -0.03954116 -0.09907822 -0.00318605
v -0.03837352 -0.09949812 -0.00632290
v -0.03693210 -0.09974202 -0.00937554
v -0.03522971 -0.09990614 -0.01230894
v -0.03325186 -0.10005424 -0.01509449
v -0.03097419 -0.10019314 -0.01773199
v -0.01049036 -0.10064476 -0.03253918
v -0.01395380 -0.10059514 -0.03164520
v -0.00724462 -0.10033730 -0.03569719
v -0.01095915 -0.10030428 -0.03508339
v -0.01455710 -0.10025776 -0.03413718
v -0.01800003 -0.10019813 -0.03281551
v -0.02128173 -0.10012592 -0.03107781
v -0.02441677 -0.10004165 -0.02894815
v -0.02738916 -0.09994610 -0.02649496
v 0.00000000 -0.09850013 -0.04050028
v 0.02840450 -0.10032565 -0.02015464
v 0.02565882 -0.10043990 -0.02245794
v 0.02734821 -0.09996451 -0.02641338
v 0.03012248 -0.09985752 -0.02371512
v 0.03262996 -0.09974065 -0.02080908
v 0.03094782 -0.10019890 -0.01767531
v 0.02871120 -0.10070752 -0.01154195
v 0.01664232 -0.10070492 -0.02786331
v 0.03869033 -0.09850001 -0.01504680
v 0.03740348 -0.09904886 -0.01551501
v 0.03574919 -0.09913025 -0.01900315
v 0.04027367 -0.09850001 -0.00601346
v 0.03991963 -0.09887520 -0.00374924
v 0.03910602 -0.09915439 -0.00743784
v 0.03865192 -0.09950351 -0.00101222
v 0.03665674 -0.10022331 -0.00201111
v 0.03443236 -0.10057286 -0.00298219
v 0.03207963 -0.10073619 -0.00391052
v 0.03970278 -0.09850001 -0.01062618
v 0.03799750 -0.09933766 -0.01102351
v 0.00362270 -0.09960087 -0.03832863
v 0.03735248 -0.09850001 -0.01877008
v 0.03365589 -0.09920701 -0.02229809
v 0.03567778 -0.09850001 -0.02205417
v 0.03117019 -0.09927849 -0.02540230
v 0.03343601 -0.09850001 -0.02538192
v 0.02837843 -0.09934417 -0.02828347
v 0.03062903 -0.09850001 -0.02869212
v 0.02535991 -0.09940354 -0.03089324
v 0.02738064 -0.09850001 -0.03181924
v 0.02215329 -0.09945605 -0.03315414
v 0.02395811 -0.09850001 -0.03447141
v 0.01877619 -0.09950121 -0.03499085
v 0.02066622 -0.09850001 -0.03645280
v 0.01521203 -0.09953860 -0.03637802
v 0.01720273 -0.09850001 -0.03797404
v 0.01146806 -0.09956785 -0.03736319
v 0.01331399 -0.09850001 -0.03914061
v 0.00758839 -0.09958867 -0.03799634
v 0.00900598 -0.09850001 -0.03994283
v 0.00401950 -0.09850001 -0.04040145
v 0.00664327 -0.10084566 -0.03039103
v 0.01341143 -0.10076585 -0.02901214
v 0.01006892 -0.10081277 -0.02984417
v 0.02044968 -0.10046167 -0.02869178
v 0.01725905 -0.10053948 -0.03030889
v 0.02437773 -0.10006090 -0.02885935
v 0.02968240 -0.10048728 -0.01457667
v 0.03339662 -0.10043558 -0.00800691
v 0.00344976 -0.10037845 -0.03591659
v 0.00691643 -0.10068794 -0.03302087
v 0.01047331 -0.10065294 -0.03243795
v 0.01393185 -0.10060338 -0.03154618
v 0.02124564 -0.10014588 -0.03098291
v 0.01796789 -0.10021872 -0.03271594
v 0.01452998 -0.10027885 -0.03403441
v 0.01093808 -0.10032573 -0.03497863
v 0.00723039 -0.10035902 -0.03559135
v 0.02711199 -0.10060952 -0.01662602
v 0.03204915 -0.10035125 -0.01240413
v 0.03322729 -0.10006007 -0.01504611
v 0.03418320 -0.10020647 -0.01011162
v 0.03520834 -0.09991203 -0.01226937
v 0.03691515 -0.09974784 -0.00934534
v 0.03547823 -0.10026724 -0.00609826
v 0.03737641 -0.09994651 -0.00411104
v 0.03836187 -0.09950315 -0.00630248
v 0.03902308 -0.09933146 -0.00207017
v 0.03953512 -0.09908117 -0.00317574
v 0.03479371 -0.09961461 -0.01772567
v 0.03657170 -0.09948080 -0.01446461
v -0.03867585 -0.09850001 -0.02068453
v -0.03823673 -0.09850001 -0.02156110
v -0.01152916 -0.09850001 -0.04156328
v -0.02374469 -0.09850001 -0.03699755
v -0.02068566 -0.09850001 -0.03867580
v -0.01803154 -0.09850001 -0.03979949
v -0.01255815 -0.09850001 -0.04136059
v -0.00827498 -0.09850001 -0.04205326
v -0.00425998 -0.09850001 -0.04239220
v 0.00000000 -0.09850001 -0.04250000
v 0.00393096 -0.09850001 -0.04240891
v 0.00876748 -0.09850001 -0.04199267
v 0.01255809 -0.09850001 -0.04136060
v 0.01566890 -0.09850001 -0.04058316
v 0.03824026 -0.09849999 0.02155455
v 0.03658069 -0.09849999 0.02438904
v 0.03455162 -0.09849999 0.02720899
v 0.02068557 -0.09850001 -0.03867585
v 0.02156254 -0.09850001 -0.03823876
v 0.02441336 -0.09850001 -0.03657249
v 0.02719781 -0.09850001 -0.03456853
v 0.04157480 -0.09849999 -0.01152721
v 0.03109085 -0.09850001 -0.03109091
v 0.03285497 -0.09850001 -0.02922577
v 0.03401201 -0.09850001 -0.02787831
v 0.03699197 -0.09850001 -0.02374259
v 0.03867576 -0.09850001 -0.02068472
v 0.03981147 -0.09850001 -0.01801607
v 0.04136134 -0.09850001 -0.01260876
v -0.02156194 -0.09849999 0.03823889
v -0.02442219 -0.09849999 0.03656670
v -0.02719247 -0.09849999 0.03457279
v -0.03657077 -0.09850001 -0.02440426
v -0.03454889 -0.09850001 -0.02721249
v -0.03109096 -0.09850001 -0.03109079
v -0.02918265 -0.09850001 -0.03289861
v -0.02441346 -0.09850001 -0.03657243
v 0.03110133 -0.09849999 0.03108040
v 0.02918693 -0.09849999 0.03289473
v 0.02789416 -0.09849999 0.03400629
v 0.02374918 -0.09849999 0.03699457
v 0.02069375 -0.09849999 0.03867194
v 0.01803069 -0.09849999 0.03979989
v 0.04205392 -0.09850001 -0.00834089
v 0.04239600 -0.09850001 -0.00424657
v 0.04250000 -0.09850001 -0.00000003
v 0.04241051 -0.09850001 0.00395468
v 0.04199722 -0.09850001 0.00880251
v 0.04136625 -0.09850001 0.01258535
v 0.04059338 -0.09850001 0.01566752
v 0.03868441 -0.09850001 0.02066666
v -0.03110126 -0.09849999 0.03108047
v -0.03285182 -0.09849999 0.02922931
v -0.03658082 -0.09849999 0.02438885
v -0.03699033 -0.09849999 0.02374532
v -0.03868457 -0.09850001 0.02066631
v -0.03980932 -0.09850001 0.01802108
v 0.01256333 -0.09849999 0.04135921
v 0.01153148 -0.09849999 0.04156261
v -0.04136639 -0.09850001 0.01258465
v -0.04157530 -0.09850001 0.01152426
v -0.04205709 -0.09850001 0.00831411
v -0.04239578 -0.09850001 0.00425120
v -0.04059139 -0.09850001 -0.01567380
v -0.04136140 -0.09850001 -0.01260851
v -0.04199713 -0.09849999 -0.00880327
v -0.04240916 -0.09850001 -0.00398256
v -0.04250000 -0.09850001 -0.00000003
v 0.00827853 -0.09849999 0.04205283
v 0.00426176 -0.09850001 0.04239205
v -0.00000003 -0.09850001 0.04249998
v -0.00393143 -0.09850001 0.04240883
v -0.00876358 -0.09849999 0.04199314
v -0.01256244 -0.09849999 0.04135939
v -0.01566757 -0.09849999 0.04058340
v -0.02069323 -0.09849999 0.03867219
v -0.02086351 -0.09007622 -0.03916214
v -0.01684250 -0.09026302 -0.04070640
v -0.00396226 -0.08236546 -0.04336460
v -0.00000000 -0.08238920 -0.04345946
v 0.00000000 -0.06629883 -0.04469069
v -0.00545996 -0.06618863 -0.04448726
v -0.00597405 -0.06616596 -0.04444508
v -0.00832226 -0.08227079 -0.04300271
v -0.01046581 -0.06586394 -0.04387799
v -0.01683035 -0.08181307 -0.04123710
v -0.02086902 -0.08143245 -0.03972828
v -0.01492025 -0.06535111 -0.04290957
v -0.01875991 -0.06470046 -0.04168595
v -0.02246151 -0.06386297 -0.04011158
v -0.02466937 -0.08095888 -0.03778544
v -0.02420956 -0.06338774 -0.03921755
v -0.02623855 -0.06276392 -0.03804346
v -0.02825901 -0.08038227 -0.03542244
v -0.02779845 -0.06222556 -0.03703003
v -0.02973721 -0.06147492 -0.03561755
v -0.03173738 -0.07964119 -0.03256807
v -0.03142878 -0.06073400 -0.03422471
v -0.03259920 -0.06016583 -0.03315836
v -0.03512179 -0.07864802 -0.02909567
v -0.03368995 -0.05958956 -0.03207672
v -0.03817609 -0.07742804 -0.02506635
v -0.03790225 -0.05683558 -0.02689456
v -0.03525773 -0.05867244 -0.03035279
v -0.04238050 -0.07498290 -0.01663954
v -0.04121723 -0.05375982 -0.02111207
v -0.04060830 -0.07616932 -0.02084144
v -0.04017559 -0.05485138 -0.02316440
v -0.03858338 -0.05628845 -0.02586489
v -0.04218648 -0.05259385 -0.01891780
v -0.04276858 -0.06303979 -0.01663167
v -0.04353801 -0.05058296 -0.01513567
v -0.04402091 -0.06132669 -0.01239096
v -0.04469757 -0.04814610 -0.01055803
v -0.04485297 -0.05963624 -0.00815869
v -0.04534260 -0.05794002 -0.00389307
v -0.04545990 -0.04547768 -0.00554125
v -0.04552710 -0.05656445 0.00000001
v -0.04578081 -0.04253235 -0.00000001
v -0.04297015 -0.09465451 -0.00000002
v -0.03982381 -0.08748388 -0.02074578
v -0.04151933 -0.08689914 -0.01667693
v -0.04271044 -0.08634024 -0.01251734
v -0.04348980 -0.08578885 -0.00826807
v -0.04393148 -0.08523565 -0.00394716
v -0.04440791 -0.08145728 -0.00000001
v -0.03753880 -0.08810434 -0.02471177
v -0.03471736 -0.08870573 -0.02845684
v -0.03154970 -0.08919507 -0.03179473
v -0.02819137 -0.08955991 -0.03468129
v -0.02464448 -0.08984350 -0.03714036
v -0.01262794 -0.08209042 -0.04231272
v -0.01260008 -0.06564756 -0.04346942
v -0.04513633 -0.07058490 0.00000001
v -0.04494030 -0.07160685 -0.00391679
v -0.04445170 -0.07272965 -0.00820630
v -0.04362378 -0.07384872 -0.01244325
v 0.04297002 -0.09465555 -0.00000002
v 0.02086341 -0.09007677 -0.03916215
v 0.01684242 -0.09026355 -0.04070639
v 0.04552710 -0.05656445 0.00000001
v 0.04513633 -0.07058490 0.00000001
v 0.04494020 -0.07160871 -0.00391709
v 0.04547825 -0.04538583 -0.00536222
v 0.04578070 -0.04253640 0.00000000
v 0.04563794 -0.04956704 -0.00002143
v 0.04402079 -0.06132925 -0.01239123
v 0.04474489 -0.04802148 -0.01032071
v 0.04485287 -0.05963891 -0.00815897
v 0.04534253 -0.05794283 -0.00389337
v 0.04044591 -0.05458139 -0.02265702
v 0.04225234 -0.05250793 -0.01875606
v 0.04276844 -0.06304223 -0.01663191
v 0.04304962 -0.05137840 -0.01663085
v 0.04361740 -0.05044434 -0.01487476
v 0.04060813 -0.07617085 -0.02084164
v 0.03817591 -0.07742948 -0.02506650
v 0.03842805 -0.05641640 -0.02610560
v 0.03512163 -0.07864938 -0.02909574
v 0.03515482 -0.05873614 -0.03047260
v 0.03603838 -0.05817189 -0.02941074
v 0.02772313 -0.06225288 -0.03708135
v 0.03059825 -0.06110876 -0.03492893
v 0.03173725 -0.07964245 -0.03256808
v 0.03142842 -0.06073418 -0.03422503
v 0.03334774 -0.05977548 -0.03242585
v 0.02825891 -0.08038349 -0.03542242
v 0.02466928 -0.08096006 -0.03778541
v 0.02423306 -0.06338099 -0.03920482
v 0.02086894 -0.08143359 -0.03972824
v 0.02049985 -0.06433392 -0.04099717
v 0.01683030 -0.08181418 -0.04123705
v 0.01658444 -0.06509501 -0.04242717
v 0.01262790 -0.08209150 -0.04231266
v 0.01271975 -0.06563395 -0.04344358
v 0.00832223 -0.08227187 -0.04300264
v 0.00820257 -0.06604046 -0.04421015
v 0.00396224 -0.08236653 -0.04336452
v 0.00330557 -0.06625957 -0.04461861
v 0.00597449 -0.06616598 -0.04444504
v 0.03154956 -0.08919569 -0.03179479
v 0.02819125 -0.08956050 -0.03468133
v 0.02464437 -0.08984409 -0.03714038
v 0.04271030 -0.08634108 -0.01251760
v 0.04151918 -0.08689994 -0.01667716
v 0.03982364 -0.08748462 -0.02074598
v 0.03753863 -0.08810506 -0.02471192
v 0.03471719 -0.08870640 -0.02845694
v 0.04348968 -0.08578972 -0.00826835
v 0.04393137 -0.08523656 -0.00394747
v 0.04440786 -0.08145802 -0.00000000
v 0.04445158 -0.07273143 -0.00820659
v 0.04362363 -0.07385042 -0.01244351
v 0.04238035 -0.07498453 -0.01663978
v 0.00000060 -0.04813784 0.04572104
v 0.00000047 -0.05824611 0.04546093
v 0.00402340 -0.05828661 0.04534009
v 0.00000036 -0.06705374 0.04516087
v 0.00000021 -0.07885685 0.04461515
v 0.00399431 -0.07867400 0.04451784
v 0.03952248 -0.09072707 0.02055618
v 0.04106681 -0.09095795 0.01656805
v 0.02800737 -0.06075035 0.03695131
v 0.02653075 -0.02196685 0.03868650
v 0.02577941 -0.06025453 0.03853168
v 0.02519323 -0.02151758 0.03953131
v 0.02132804 -0.05949414 0.04107459
v 0.02480410 -0.02139344 0.03976475
v 0.02477154 -0.02138318 0.03978404
v 0.02179485 -0.02052534 0.04139721
v 0.02872442 -0.02278394 0.03714539
v 0.03015396 -0.06130783 0.03520164
v 0.03186464 -0.02416512 0.03455241
v 0.03216444 -0.06190921 0.03332187
v 0.03498486 -0.02586641 0.03137466
v 0.03401858 -0.06253823 0.03134832
v 0.03766692 -0.02764534 0.02798422
v 0.03937895 -0.02904038 0.02537299
v 0.03722589 -0.06381587 0.02725581
v 0.04003074 -0.02964001 0.02425773
v 0.03976275 -0.06502796 0.02315159
v 0.04194369 -0.03166482 0.02043936
v 0.04168159 -0.06612147 0.01914466
v 0.04339427 -0.03368005 0.01667823
v 0.04380085 -0.05114761 0.01415971
v 0.04464540 -0.03610309 0.01211023
v 0.04462130 -0.05250130 0.01054381
v 0.04543262 -0.03864197 0.00732505
v 0.04515398 -0.05383480 0.00693245
v 0.04553453 -0.03915859 0.00635339
v 0.04577156 -0.04133645 0.00225694
v 0.04290390 -0.08345734 0.01216292
v 0.04358557 -0.08389352 0.00802221
v 0.04396370 -0.08433200 0.00381146
v 0.03188780 -0.08987422 0.03155099
v 0.03488848 -0.09017875 0.02807677
v 0.03745221 -0.09046725 0.02439891
v 0.01265627 -0.08894692 0.04259704
v 0.01684318 -0.08902850 0.04143996
v 0.02089932 -0.08914771 0.03977820
v 0.02481246 -0.08932924 0.03753138
v 0.02851190 -0.08958066 0.03474499
v 0.00396476 -0.08885407 0.04372618
v 0.00000009 -0.08870206 0.04384248
v -0.00000000 -0.09624245 0.04287543
v 0.00834640 -0.08888928 0.04333737
v 0.00847214 -0.05842324 0.04489292
v 0.00539336 -0.01805724 0.04598669
v 0.00522369 -0.01804976 0.04600287
v 0.00214118 -0.01796828 0.04620324
v 0.00000097 -0.01794911 0.04624260
v 0.02133424 -0.02040603 0.04162161
v 0.01730230 -0.01950210 0.04332216
v 0.01704547 -0.05899585 0.04285371
v 0.01409798 -0.01893917 0.04436192
v 0.01281650 -0.05865762 0.04407961
v 0.01216647 -0.01867309 0.04486539
v 0.00988098 -0.01841834 0.04535192
v 0.04500643 -0.06977224 0.00356409
v 0.04464725 -0.06888131 0.00750766
v 0.04401688 -0.06799463 0.01140003
v 0.04185478 -0.08301479 0.01621333
v 0.04305997 -0.06709472 0.01524962
v 0.04035458 -0.08253612 0.02019243
v 0.03832403 -0.08199806 0.02411153
v 0.03575887 -0.08140137 0.02795247
v 0.03267919 -0.08077214 0.03165274
v 0.00840905 -0.07874291 0.04410542
v 0.01274085 -0.07885946 0.04333359
v 0.01695198 -0.07902666 0.04214358
v 0.02109361 -0.07927237 0.04043011
v 0.02519606 -0.07964706 0.03806967
v 0.02913043 -0.08016602 0.03508514
v 0.03408046 0.00040322 0.03222726
v 0.03350949 0.03455215 0.03169060
v 0.02976926 0.03455206 0.03522097
v 0.04634989 -0.00605718 -0.00000000
v 0.04636997 0.00040376 -0.00000000
v 0.04627120 0.00040366 0.00327372
v 0.04628579 0.01679035 -0.00000000
v 0.04594523 0.03454285 -0.00000000
v 0.04583718 0.03454445 0.00323136
v 0.04584978 0.03785085 -0.00000000
v 0.04499997 0.05850000 0.00000000
v 0.04475031 0.05850000 0.00473346
v 0.02133531 0.05850000 0.03962069
v 0.01806706 0.05850000 0.04121379
v 0.01843389 0.03455007 0.04220179
v 0.00000159 0.03902839 0.04581322
v 0.00000177 0.03454285 0.04594523
v 0.00528670 0.03454539 0.04565475
v 0.02176828 0.00040330 0.04137760
v 0.04602854 -0.03131137 0.00000000
v 0.04610502 -0.02138592 0.00327963
v 0.04577206 -0.02138754 0.00696387
v 0.04518759 -0.02138896 0.01056610
v 0.04030607 -0.02139265 0.02386330
v 0.04188928 -0.02139201 0.02075305
v 0.04324771 -0.02139119 0.01746889
v 0.04433523 -0.02139018 0.01411271
v 0.02758536 0.00040324 0.03787644
v 0.03026349 0.00040322 0.03581714
v 0.02476412 0.00040326 0.03972365
v 0.02480214 -0.02139060 0.03976592
v 0.00535312 0.00040361 0.04610288
v 0.00000189 0.01745872 0.04627792
v 0.00000260 -0.00392604 0.04635962
v 0.00877671 0.00040353 0.04563667
v 0.01215589 0.00040345 0.04493006
v 0.01544621 0.00040339 0.04398706
v 0.01867112 0.00040333 0.04279554
v 0.00000096 0.05850000 0.04499997
v 0.01526088 0.03454915 0.04342581
v 0.01328432 0.05850000 0.04299444
v 0.01201347 0.03454807 0.04440845
v 0.01179116 0.05850000 0.04342769
v 0.00867266 0.03454682 0.04515521
v 0.00519005 0.05850000 0.04469966
v 0.00473344 0.05850000 0.04475031
v 0.03475600 0.05850000 0.02858347
v 0.03269033 0.05850000 0.03092469
v 0.02858346 0.05850000 0.03475601
v 0.02386244 0.05850000 0.03815204
v 0.02439913 0.03455139 0.03910214
v 0.03687528 0.05850000 0.02579163
v 0.03575578 0.03455201 0.02912090
v 0.04385699 0.03454873 0.01394064
v 0.04170317 0.05850000 0.01690681
v 0.04269292 0.03454974 0.01724386
v 0.04029306 0.05850000 0.02003657
v 0.04127378 0.03455058 0.02045749
v 0.03962068 0.05850000 0.02133533
v 0.03965058 0.03455122 0.02348662
v 0.03780037 0.03455170 0.02639050
v 0.04381819 0.05850000 0.01024507
v 0.04299444 0.05850000 0.01328434
v 0.04287061 0.05850000 0.01367867
v 0.04545212 0.03454608 0.00687263
v 0.04479327 0.03454750 0.01043656
v 0.03635826 0.00040322 0.02959994
v 0.03841909 0.00040325 0.02680348
v 0.04027114 0.00040327 0.02383019
v 0.04188235 0.00040331 0.02073430
v 0.04327565 0.00040336 0.01746017
v 0.04440250 0.00040342 0.01410756
v 0.04529542 0.00040348 0.01056043
v 0.04591455 0.00040357 0.00695679
v -0.03475574 0.05850000 0.02858379
v -0.03687279 0.05850000 0.02579519
v -0.03779746 0.03456435 0.02639392
v -0.04568569 0.04283205 0.00000000
v -0.04594489 0.03455549 0.00000000
v -0.04583674 0.03455710 0.00323268
v -0.00473256 0.05850000 0.04475041
v -0.00529388 0.03455804 0.04565359
v -0.00536041 0.00041796 0.04610214
v -0.01216237 0.00041781 0.04492842
v -0.01037169 -0.01846446 0.04525724
v -0.00878359 0.00041788 0.04563546
v -0.00682461 -0.01815016 0.04582791
v -0.00420270 -0.01801219 0.04608877
v -0.02177256 0.00041765 0.04137532
v -0.01758480 -0.01956502 0.04321770
v -0.01867632 0.00041769 0.04279330
v -0.01434827 -0.01898544 0.04428996
v -0.01545204 0.00041774 0.04398508
v -0.01271315 -0.01874899 0.04473158
v -0.01217257 -0.01867754 0.04486386
v -0.02139061 -0.02047862 0.04159378
v -0.02476749 0.00041762 0.03972147
v -0.02471103 -0.02133440 0.03981945
v -0.02758763 0.00041760 0.03787465
v -0.02804977 -0.02252861 0.03764070
v -0.03026474 0.00041758 0.03581590
v -0.03135459 -0.02391616 0.03500979
v -0.03407811 0.00041757 0.03222952
v -0.03441453 -0.02553494 0.03200884
v -0.03841643 0.00041760 0.02680716
v -0.04030370 -0.02138344 0.02386761
v -0.03948938 -0.02913988 0.02518931
v -0.04188712 -0.02138280 0.02075787
v -0.04158445 -0.03125158 0.02123239
v -0.04324602 -0.02138197 0.01747369
v -0.04306547 -0.03316557 0.01762929
v -0.04433398 -0.02138096 0.01411746
v -0.04431945 -0.03537393 0.01350053
v -0.04518694 -0.02137974 0.01056986
v -0.04514293 -0.03751216 0.00945373
v -0.04577184 -0.02137833 0.00696659
v -0.04561978 -0.03970499 0.00535433
v -0.04610507 -0.02137671 0.00328099
v -0.04578508 -0.04191876 0.00121274
v -0.04628516 -0.01426286 -0.00000001
v -0.04620689 0.02247586 -0.00000000
v -0.04636998 0.00041811 -0.00000000
v -0.04627113 0.00041802 0.00327506
v -0.04635813 -0.00429948 -0.00000000
v -0.04499997 0.05850000 0.00000000
v -0.01807207 0.05850000 0.04121159
v -0.02133474 0.05850000 0.03962100
v -0.02440227 0.03456404 0.03909969
v -0.03964775 0.03456387 0.02349059
v -0.03962054 0.05850000 0.02133559
v -0.04127111 0.03456323 0.02046201
v -0.04029079 0.05850000 0.02004113
v -0.04269067 0.03456239 0.01724843
v -0.04170131 0.05850000 0.01691140
v -0.04385516 0.03456138 0.01394522
v -0.04286915 0.05850000 0.01368325
v -0.04479206 0.03456015 0.01044019
v -0.04299439 0.05850000 0.01328451
v -0.04545138 0.03455872 0.00687527
v -0.04449083 0.05850000 0.00674998
v -0.04475031 0.05850000 0.00473352
v -0.00867943 0.03455947 0.04515359
v -0.01201980 0.03456073 0.04440639
v -0.01526654 0.03456181 0.04342345
v -0.01843888 0.03456272 0.04219919
v -0.00519714 0.05850000 0.04469883
v -0.01179745 0.05850000 0.04342598
v -0.01328359 0.05850000 0.04299467
v -0.03716391 -0.02727595 0.02867826
v -0.03635570 0.00041758 0.02960289
v -0.03350696 0.03456480 0.03169262
v -0.02977029 0.03456471 0.03521951
v -0.03575301 0.03456466 0.02912360
v -0.03268820 0.05850000 0.03092695
v -0.02858305 0.05850000 0.03475635
v -0.02386570 0.05850000 0.03815001
v -0.04591418 0.00041792 0.00695950
v -0.04529460 0.00041784 0.01056416
v -0.04440105 0.00041777 0.01411228
v -0.04327377 0.00041771 0.01746491
v -0.04188000 0.00041766 0.02073904
v -0.04026860 0.00041763 0.02383440
v -0.03952271 -0.09072649 0.02055580
v -0.04106703 -0.09095740 0.01656751
v -0.04500659 -0.06977021 0.00356309
v -0.04515415 -0.05383157 0.00693157
v -0.04462153 -0.05249793 0.01054300
v -0.04380113 -0.05114407 0.01415897
v -0.04168190 -0.06611902 0.01914412
v -0.03976305 -0.06502540 0.02315121
v -0.03722613 -0.06381317 0.02725562
v -0.03401868 -0.06253538 0.03134834
v -0.03216444 -0.06190630 0.03332199
v -0.03015385 -0.06130486 0.03520185
v -0.02577904 -0.06025145 0.03853201
v -0.02132747 -0.05949100 0.04107494
v -0.01704474 -0.05899269 0.04285404
v -0.01281561 -0.05865445 0.04407990
v -0.00847105 -0.05842006 0.04489316
v -0.00402213 -0.05828344 0.04534026
v -0.02089880 -0.08914696 0.03977853
v -0.01684248 -0.08902775 0.04144027
v -0.01265538 -0.08894616 0.04259731
v -0.00834533 -0.08888852 0.04333759
v -0.00396351 -0.08885331 0.04372633
v -0.02481212 -0.08932851 0.03753168
v -0.02851174 -0.08957995 0.03474521
v -0.03188780 -0.08987353 0.03155108
v -0.03488859 -0.09017811 0.02807671
v -0.03745240 -0.09046664 0.02439870
v -0.04290415 -0.08345624 0.01216219
v -0.04358578 -0.08389246 0.00802132
v -0.04396387 -0.08433098 0.00381042
v -0.04464746 -0.06887916 0.00750677
v -0.04401713 -0.06799240 0.01139926
v -0.04306026 -0.06709238 0.01524896
v -0.02913029 -0.08016454 0.03508536
v -0.02519572 -0.07964554 0.03806999
v -0.02800713 -0.06074731 0.03695159
v -0.00399305 -0.07867243 0.04451801
v -0.00840797 -0.07874135 0.04410565
v -0.01273997 -0.07885789 0.04333388
v -0.01695128 -0.07902511 0.04214390
v -0.02109308 -0.07927082 0.04043045
v -0.03267923 -0.08077074 0.03165282
v -0.03575904 -0.08140003 0.02795237
v -0.03832428 -0.08199681 0.02411126
v -0.04035486 -0.08253492 0.02019200
v -0.04185505 -0.08301365 0.01621274
v 0.00000000 0.05550069 -0.04515206
v 0.00000000 0.05250001 -0.04529412
v -0.00439620 0.05249899 -0.04508248
v -0.04516831 0.04283505 -0.00695485
v -0.04475031 0.05850000 -0.00473345
v -0.04378015 0.05850000 -0.01040644
v -0.04613750 -0.00000000 -0.00499999
v -0.04609399 -0.00743449 -0.00523042
v -0.04625720 -0.00429993 -0.00333723
v -0.02209634 -0.05592033 -0.04067532
v -0.01849984 -0.05596560 -0.04222719
v -0.04414481 -0.04057499 -0.01381244
v -0.04601113 0.02713703 -0.00330499
v -0.04557182 0.04283354 -0.00327371
v -0.04347934 -0.04387359 -0.01588849
v -0.04273028 -0.05141188 -0.01756115
v -0.04141779 -0.05141390 -0.02083194
v -0.04025831 -0.05133028 -0.02321974
v -0.03872205 -0.05287364 -0.02583114
v -0.03692450 -0.05399517 -0.02844973
v -0.03472396 -0.05479468 -0.03116735
v -0.03220430 -0.05530446 -0.03376298
v -0.02900532 -0.05564064 -0.03645318
v -0.02778490 -0.05572136 -0.03733905
v -0.02566344 -0.05582346 -0.03872511
v -0.02284900 -0.05590582 -0.04030003
v -0.00601795 -0.05599901 -0.04504048
v -0.01037671 -0.05599669 -0.04445000
v -0.01269620 -0.05599403 -0.04397713
v -0.01449217 -0.05598910 -0.04352669
v -0.00518292 -0.05599928 -0.04511336
v 0.00000000 -0.05600000 -0.04531340
v 0.00000000 -0.06115086 -0.04503930
v -0.04258948 -0.04691217 -0.01827488
v -0.04152410 -0.04936906 -0.02071982
v -0.04576956 -0.02122148 -0.00700071
v -0.04547762 -0.02736220 -0.00847044
v -0.04552355 -0.03572265 -0.00707392
v -0.04512613 -0.03237970 -0.01007718
v -0.04494717 -0.03572476 -0.01071210
v -0.04468045 -0.03681895 -0.01189417
v -0.04585041 -0.03572023 -0.00333765
v -0.04597087 -0.01459623 -0.00591491
v -0.04572996 0.02139715 -0.00701282
v -0.04594120 0.01576000 -0.00601797
v -0.04607681 0.00930250 -0.00533029
v -0.04613516 0.00207484 -0.00501544
v -0.04546099 0.02600653 -0.00817025
v -0.04561793 0.02713854 -0.00701950
v -0.04506636 0.03054480 -0.00969543
v -0.04462878 0.03403001 -0.01120537
v -0.04402661 0.03742961 -0.01305285
v -0.04299444 0.05850000 -0.01328433
v -0.04324581 0.04050819 -0.01515837
v -0.04019148 0.05850000 -0.02023957
v -0.04230782 0.04307517 -0.01737696
v -0.04162002 0.05850000 -0.01711048
v -0.04280539 0.05850000 -0.01388142
v -0.03962069 0.05850000 -0.02133532
v -0.03979314 0.04704893 -0.02223497
v -0.04118586 0.04521565 -0.01970554
v -0.03476683 0.05850000 -0.02857029
v -0.03816198 0.04851230 -0.02481824
v -0.03676103 0.05850000 -0.02595421
v -0.03858219 0.05850000 -0.02316051
v -0.03475600 0.05850000 -0.02858347
v -0.03366286 0.05069485 -0.03049805
v -0.03605554 0.04976904 -0.02769880
v -0.03258684 0.05850000 -0.03103373
v -0.02858346 0.05850000 -0.03475601
v -0.03081259 0.05138985 -0.03332736
v -0.02692599 0.05850000 -0.03605532
v -0.02760086 0.05186619 -0.03599786
v -0.02431476 0.05850000 -0.03786538
v -0.02426082 0.05215713 -0.03830605
v -0.02152455 0.05850000 -0.03951820
v -0.02166735 0.05229511 -0.03981843
v -0.02058227 0.05233645 -0.04038601
v -0.02133531 0.05850000 -0.03962069
v -0.01703516 0.05242620 -0.04199537
v -0.01556416 0.05850000 -0.04222265
v -0.01279198 0.05247793 -0.04346630
v -0.01328432 0.05850000 -0.04299444
v -0.01242173 0.05850000 -0.04325154
v -0.01074091 0.05248920 -0.04401411
v -0.00917172 0.05850000 -0.04405537
v -0.00879291 0.05249427 -0.04444098
v -0.00587097 0.05850000 -0.04461533
v 0.00000000 0.05850000 -0.04499996
v -0.00473344 0.05850000 -0.04475031
v -0.00590324 0.05249796 -0.04491182
v 0.04273028 -0.05141188 -0.01756114
v 0.00528576 -0.05599928 -0.04510504
v 0.00601790 -0.05599904 -0.04504049
v 0.01006122 -0.05599707 -0.04450535
v 0.01767639 -0.05597246 -0.04252949
v 0.01441753 -0.05598965 -0.04354694
v 0.01269615 -0.05599434 -0.04397712
v 0.01870111 -0.05596412 -0.04215038
v 0.02270479 -0.05590913 -0.04037336
v 0.02632035 -0.05579658 -0.03831549
v 0.02792729 -0.05571326 -0.03723920
v 0.02974732 -0.05558167 -0.03587948
v 0.03243506 -0.05527010 -0.03354494
v 0.04585041 -0.03572023 -0.00333764
v 0.04552355 -0.03572265 -0.00707391
v 0.04494717 -0.03572476 -0.01071210
v 0.04625720 -0.00429993 -0.00333723
v 0.04601113 0.02713703 -0.00330498
v 0.04557182 0.04283354 -0.00327370
v 0.04475031 0.05850000 -0.00473345
v 0.00264451 0.05249970 -0.04521760
v 0.00473346 0.05850000 -0.04475031
v 0.00590320 0.05249804 -0.04491182
v 0.00587093 0.05850000 -0.04461534
v 0.00917168 0.05850000 -0.04405538
v 0.00741867 0.05249651 -0.04468871
v 0.01242169 0.05850000 -0.04325156
v 0.01154056 0.05248597 -0.04381270
v 0.01328433 0.05850000 -0.04299444
v 0.01589057 0.05244506 -0.04243878
v 0.01556412 0.05850000 -0.04222266
v 0.02133532 0.05850000 -0.03962069
v 0.01994101 0.05235755 -0.04070432
v 0.02152452 0.05850000 -0.03951822
v 0.02335747 0.05221250 -0.03885874
v 0.03258684 0.05850000 -0.03103372
v 0.03064785 0.05142117 -0.03347661
v 0.02858346 0.05850000 -0.03475600
v 0.02715579 0.05191511 -0.03633106
v 0.02692595 0.05850000 -0.03605534
v 0.02431473 0.05850000 -0.03786540
v 0.03475601 0.05850000 -0.02858346
v 0.03592787 0.04983001 -0.02785968
v 0.03335311 0.05078843 -0.03082986
v 0.03476684 0.05850000 -0.02857029
v 0.03676104 0.05850000 -0.02595420
v 0.03792922 0.04868051 -0.02515937
v 0.03858219 0.05850000 -0.02316050
v 0.03969837 0.04715123 -0.02239517
v 0.03962069 0.05850000 -0.02133532
v 0.04117034 0.04524105 -0.01973566
v 0.04019148 0.05850000 -0.02023956
v 0.04162003 0.05850000 -0.01711047
v 0.04234553 0.04298921 -0.01729302
v 0.04280539 0.05850000 -0.01388141
v 0.04324220 0.04052094 -0.01516739
v 0.04397262 0.03768306 -0.01320774
v 0.04458863 0.03429895 -0.01133594
v 0.04516831 0.04283505 -0.00695484
v 0.04507182 0.03049522 -0.00967525
v 0.04561793 0.02713854 -0.00701949
v 0.04545680 0.02606788 -0.00818714
v 0.04574419 0.02109628 -0.00694811
v 0.04609650 0.00776231 -0.00522635
v 0.04596639 0.01484550 -0.00589327
v 0.04608200 -0.00842678 -0.00529671
v 0.04613521 -0.00144943 -0.00500880
v 0.04613749 -0.00000000 -0.00500007
v 0.04595182 -0.01538783 -0.00601956
v 0.04574874 -0.02175956 -0.00710951
v 0.04545759 -0.02770411 -0.00856640
v 0.04509240 -0.03277807 -0.01022268
v 0.04464349 -0.03712473 -0.01203497
v 0.04405227 -0.04110913 -0.01411938
v 0.04335351 -0.04438190 -0.01624988
v 0.04250596 -0.04714346 -0.01848069
v 0.04141779 -0.05141390 -0.02083193
v 0.03500978 -0.05471497 -0.03084036
v 0.03721148 -0.05385207 -0.02805834
v 0.03886765 -0.05275608 -0.02560002
v 0.04030631 -0.05127008 -0.02313134
v 0.04148464 -0.04944416 -0.02080362
v 0.04378015 0.05850000 -0.01040643
v 0.04299444 0.05850000 -0.01328433
v 0.04475031 0.06650000 -0.00473345
v 0.04499996 0.06650000 0.00000000
v 0.04299444 0.06650000 -0.01328433
v 0.03962069 0.06650000 -0.02133532
v 0.03475601 0.06650000 -0.02858346
v 0.02858346 0.06650000 -0.03475600
v 0.02133532 0.06650000 -0.03962069
v 0.01328433 0.06650000 -0.04299444
v 0.00000001 0.06650000 -0.04499996
v 0.00473346 0.06650000 -0.04475031
v 0.00473344 0.06650000 0.04475031
v -0.00000001 0.06650000 0.04499996
v 0.01328432 0.06650000 0.04299444
v 0.02133531 0.06650000 0.03962069
v 0.02858346 0.06650000 0.03475601
v 0.03475600 0.06650000 0.02858347
v 0.03962068 0.06650000 0.02133533
v 0.04299444 0.06650000 0.01328434
v 0.04475031 0.06650000 0.00473346
v -0.04475031 0.06650000 0.00473352
v -0.04499996 0.06650000 -0.00000000
v -0.04299439 0.06650000 0.01328451
v -0.03962054 0.06650000 0.02133559
v -0.03475574 0.06650000 0.02858379
v -0.02858305 0.06650000 0.03475635
v -0.02133474 0.06650000 0.03962100
v -0.01328359 0.06650000 0.04299467
v -0.00473256 0.06650000 0.04475041
v -0.00473344 0.06650000 -0.04475031
v -0.01328432 0.06650000 -0.04299444
v -0.02133531 0.06650000 -0.03962069
v -0.02858346 0.06650000 -0.03475601
v -0.03475600 0.06650000 -0.02858347
v -0.03962069 0.06650000 -0.02133532
v -0.04299444 0.06650000 -0.01328433
v -0.04475031 0.06650000 -0.00473345
v 0.01548636 0.05042593 -0.04305977
v 0.01035460 0.05060757 -0.04454550
v 0.04554786 -0.00000009 -0.01264464
v 0.04527956 -0.00000008 -0.01784116
v 0.04518791 0.00584825 -0.01797037
v 0.00000001 0.04537559 -0.05322497
v 0.00000003 0.04565217 -0.05216170
v 0.00439890 0.04569688 -0.05144164
v 0.00000003 0.04976365 -0.04620723
v 0.00000003 0.05071098 -0.04570285
v 0.00496232 0.05069091 -0.04544386
v 0.00000002 0.05212179 -0.04532547
v 0.02153944 0.03975150 -0.05411810
v 0.01564657 0.04219222 -0.05700000
v 0.01742148 0.04167008 -0.05457311
v 0.01292375 0.04310424 -0.05700000
v 0.01314779 0.04317197 -0.05487426
v 0.00791986 0.04429757 -0.05700000
v 0.00871864 0.04425111 -0.05506484
v 0.00405358 0.04481705 -0.05700000
v 0.02524400 0.03725238 -0.05700000
v 0.02285267 0.03876537 -0.05700000
v 0.02133795 0.03961932 -0.05700000
v 0.02544295 0.03743795 -0.05350244
v 0.02901782 0.03478694 -0.05286047
v 0.02931345 0.03414267 -0.05700000
v 0.03226452 0.03180403 -0.05227818
v 0.03221726 0.03141733 -0.05700000
v 0.03518347 0.02849277 -0.05181490
v 0.03484593 0.02847387 -0.05700000
v 0.03773741 0.02491976 -0.05149424
v 0.03782251 0.02438151 -0.05700000
v 0.04174099 0.01710326 -0.05108763
v 0.04186293 0.01650742 -0.05700000
v 0.03925915 0.02199359 -0.05700000
v 0.04246850 0.01488041 -0.05700000
v 0.04317875 0.01355377 -0.04460258
v 0.04326688 0.01236838 -0.05700000
v 0.04416566 0.00909784 -0.04439998
v 0.04439960 0.00732638 -0.05700000
v 0.04476431 0.00443973 -0.04426643
v 0.04483237 0.00388054 -0.05700000
v 0.04494949 -0.00000002 -0.04421050
v 0.04500000 0.00000001 -0.05700000
v 0.04383563 0.02223882 -0.01990537
v 0.04447730 0.01704963 -0.01898261
v 0.04491901 0.01165278 -0.01835375
v 0.04097501 0.03427572 -0.02400911
v 0.04174542 0.03198258 -0.02292003
v 0.03890944 0.03864795 -0.02681324
v 0.04004861 0.03650755 -0.02529088
v 0.02864834 0.04906283 -0.03578331
v 0.03130565 0.04841161 -0.03351591
v 0.03370707 0.04754053 -0.03114656
v 0.03581488 0.04641436 -0.02876222
v 0.03765246 0.04498746 -0.02640378
v 0.03923182 0.04321575 -0.02412404
v 0.02587501 0.04953140 -0.03781393
v 0.02314586 0.04986402 -0.03952614
v 0.02053019 0.05010518 -0.04092768
v 0.02732519 0.04645981 -0.03823188
v 0.02981148 0.04573061 -0.03634109
v 0.03208651 0.04481568 -0.03437304
v 0.03411987 0.04368411 -0.03239719
v 0.03593231 0.04229534 -0.03044528
v 0.03753303 0.04061020 -0.02855932
v 0.00000004 0.04908536 -0.04670805
v 0.00480211 0.04900174 -0.04649875
v 0.01000066 0.04878870 -0.04571738
v 0.01493163 0.04841490 -0.04442419
v 0.01973406 0.04785616 -0.04258256
v 0.02474312 0.04703380 -0.03993601
v 0.02619285 0.04408716 -0.04108952
v 0.00000004 0.04753042 -0.04838496
v 0.00465701 0.04759452 -0.04797636
v 0.00968918 0.04725182 -0.04733259
v 0.01445786 0.04668207 -0.04625019
v 0.01906630 0.04587677 -0.04470454
v 0.02378649 0.04478457 -0.04249841
v 0.00000004 0.04666854 -0.04973985
v 0.00452350 0.04649610 -0.04966956
v 0.00941211 0.04604101 -0.04917449
v 0.01405305 0.04529132 -0.04831583
v 0.01851312 0.04425201 -0.04707389
v 0.02299530 0.04289255 -0.04529662
v 0.02742000 0.04112826 -0.04292223
v 0.03302850 0.03750515 -0.03911618
v 0.03350585 0.03410546 -0.04265193
v 0.03025489 0.03700553 -0.04446292
v 0.02653808 0.03940094 -0.04638207
v 0.02944472 0.04006800 -0.04164061
v 0.03130807 0.03886919 -0.04036549
v 0.00916285 0.04514770 -0.05109390
v 0.01370713 0.04424267 -0.05046320
v 0.01806306 0.04299631 -0.04953130
v 0.02236268 0.04139367 -0.04818298
v 0.04358022 0.01510412 -0.03184634
v 0.04433915 0.01025270 -0.03142106
v 0.04480582 0.00508783 -0.03114646
v 0.04495820 -0.00000005 -0.03103471
v 0.03946140 0.02838687 -0.03436575
v 0.03859944 0.02692999 -0.04006822
v 0.03733845 0.03233993 -0.03585632
v 0.03629892 0.03067175 -0.04114706
v 0.03605830 0.03420808 -0.03681467
v 0.03461548 0.03594875 -0.03791781
v 0.04181437 0.01783784 -0.04488488
v 0.04208206 0.01871520 -0.03868065
v 0.04252398 0.01975453 -0.03244997
v -0.00000006 0.04500000 -0.05700000
v 0.00000001 0.04536155 -0.05328993
v 0.00428010 0.04517332 -0.05327218
v 0.00893407 0.04456070 -0.05306204
v 0.01340900 0.04354248 -0.05265643
v 0.01770338 0.04213729 -0.05203883
v 0.02188028 0.04034185 -0.05112838
v 0.02587681 0.03815873 -0.04990674
v 0.02948144 0.03562871 -0.04861885
v 0.03270483 0.03270924 -0.04742549
v 0.03555991 0.02938047 -0.04645256
v 0.03800609 0.02577204 -0.04576505
v 0.03992544 0.02111634 -0.05126277
v 0.04008542 0.02192353 -0.04526400
v 0.04050992 0.02294719 -0.03927776
v 0.04115866 0.02419666 -0.03327223
v 0.04198701 0.02563319 -0.02722764
v 0.03861128 0.03430494 -0.03055111
v 0.04053092 0.03008430 -0.02863227
v 0.04294897 0.02723399 -0.02118969
v 0.02851439 0.04325857 -0.03953482
v 0.03066011 0.04227791 -0.03792386
v 0.03260795 0.04112092 -0.03631259
v 0.03437739 0.03975346 -0.03472579
v 0.03597723 0.03814200 -0.03319635
v 0.03739446 0.03629991 -0.03178272
v -0.04174000 0.01713132 -0.05083012
v -0.04218596 0.01566349 -0.05700001
v -0.04326688 0.01236838 -0.05700001
v -0.04209276 0.01874371 -0.03849644
v -0.04182066 0.01786642 -0.04466427
v -0.04318148 0.01357772 -0.04437640
v -0.03632575 0.03071609 -0.04099022
v -0.03862143 0.02696907 -0.03989945
v -0.03948462 0.02842456 -0.03423006
v -0.00480391 0.04902024 -0.04648335
v -0.00405358 0.04481705 -0.05700000
v -0.04554787 0.00000014 -0.01264463
v -0.00496333 0.05070165 -0.04543924
v -0.01035685 0.05061898 -0.04454025
v -0.02053534 0.05011893 -0.04091961
v -0.01548993 0.05043837 -0.04305343
v -0.02315200 0.04987846 -0.03951683
v -0.02588228 0.04954649 -0.03780298
v -0.03131512 0.04842762 -0.03350051
v -0.03371726 0.04755672 -0.03112861
v -0.03582545 0.04643052 -0.02874168
v -0.03766311 0.04500335 -0.02638069
v -0.03924226 0.04323111 -0.02409848
v -0.03892824 0.03867699 -0.02675511
v -0.04006639 0.03653479 -0.02522915
v -0.04099150 0.03430110 -0.02394437
v -0.04296102 0.02725383 -0.02111840
v -0.04384483 0.02225501 -0.01983118
v -0.04448406 0.01706225 -0.01890641
v -0.04492392 0.01166179 -0.01827628
v -0.04519165 0.00585308 -0.01789224
v -0.04528291 0.00000014 -0.01776295
v -0.02475550 0.04706236 -0.03990788
v -0.02733976 0.04648976 -0.03820008
v -0.02865679 0.04907846 -0.03577029
v -0.02982806 0.04576164 -0.03630510
v -0.03210463 0.04484737 -0.03433257
v -0.03413896 0.04371598 -0.03235216
v -0.03595182 0.04232686 -0.03039570
v -0.03755243 0.04064075 -0.02850530
v -0.01000459 0.04880882 -0.04570047
v -0.01493771 0.04843740 -0.04440488
v -0.01974272 0.04788159 -0.04255978
v -0.00465948 0.04761688 -0.04794762
v -0.00969441 0.04727634 -0.04730126
v -0.01446566 0.04670997 -0.04621498
v -0.01907715 0.04590899 -0.04466399
v -0.02380204 0.04482162 -0.04245017
v -0.02621136 0.04412649 -0.04103622
v -0.00452656 0.04651862 -0.04962820
v -0.00941833 0.04606600 -0.04912958
v -0.01406193 0.04532035 -0.04826552
v -0.01852500 0.04428636 -0.04701631
v -0.02301221 0.04293305 -0.04522889
v -0.02744354 0.04117441 -0.04284081
v -0.03028225 0.03705418 -0.04434076
v -0.03353459 0.03415407 -0.04251123
v -0.03305775 0.03755454 -0.03901160
v -0.03133618 0.03891847 -0.04026870
v -0.02947094 0.04011614 -0.04155157
v -0.02656109 0.03944550 -0.04627861
v -0.02237923 0.04143188 -0.04809650
v -0.01807504 0.04302792 -0.04945763
v -0.01371664 0.04426873 -0.05039879
v -0.00916991 0.04516969 -0.05103625
v -0.00440249 0.04571646 -0.05138825
v -0.03736622 0.03238340 -0.03573059
v -0.03608742 0.03425427 -0.03669528
v -0.03464509 0.03599707 -0.03780559
v -0.04253639 0.01978095 -0.03230163
v -0.04358799 0.01512502 -0.03169422
v -0.04434339 0.01026793 -0.03126644
v -0.04416595 0.00911625 -0.04416984
v -0.04480791 0.00509622 -0.03099038
v -0.04476339 0.00445030 -0.04403368
v -0.04495820 0.00000013 -0.03103467
v -0.03872044 0.02292871 -0.05700001
v -0.03774153 0.02494919 -0.05125554
v -0.03520606 0.02802738 -0.05700001
v -0.03519124 0.02852151 -0.05159084
v -0.00894194 0.04457664 -0.05299136
v -0.00872740 0.04425884 -0.05498112
v -0.01341891 0.04356159 -0.05257788
v -0.01315803 0.04318110 -0.05478189
v -0.01771477 0.04216104 -0.05194904
v -0.01743179 0.04168186 -0.05446760
v -0.02189496 0.04037136 -0.05102275
v -0.02155089 0.03976680 -0.05399325
v -0.02589646 0.03819409 -0.04978016
v -0.02545638 0.03745726 -0.05335172
v -0.02950380 0.03566869 -0.04846966
v -0.02903060 0.03481089 -0.05268244
v -0.03272741 0.03275063 -0.04725450
v -0.03227508 0.03183155 -0.05207482
v -0.03558030 0.02941953 -0.04626304
v -0.03802192 0.02580793 -0.04556200
v -0.04429728 0.00792156 -0.05700001
v -0.04483237 0.00388054 -0.05700001
v -0.04500002 0.00000019 -0.05700000
v -0.00428426 0.04518760 -0.05320612
v -0.02853573 0.04329979 -0.03947580
v -0.03068371 0.04232045 -0.03785877
v -0.03263310 0.04116406 -0.03624131
v -0.03440339 0.03979639 -0.03464829
v -0.03600339 0.03818376 -0.03311277
v -0.03742005 0.03633968 -0.03169344
v -0.03863562 0.03434225 -0.03045683
v -0.04055144 0.03011645 -0.02853020
v -0.04176047 0.03200609 -0.02285275
v -0.04200309 0.02566032 -0.02711993
v -0.04117642 0.02422870 -0.03312925
v -0.04052614 0.02298109 -0.03910016
v -0.04009618 0.02195609 -0.04505095
v -0.03992642 0.02114585 -0.05101337
v -0.04004590 0.02052622 -0.05700001
v -0.00673807 0.04449266 -0.05700000
v -0.00851948 0.04418617 -0.05700000
v -0.01441262 0.04262951 -0.05700000
v -0.01721414 0.04157730 -0.05700000
v -0.02168438 0.03943078 -0.05700000
v -0.02524400 0.03725238 -0.05700000
v -0.02830879 0.03498017 -0.05700000
v -0.03221726 0.03141733 -0.05700001
v -0.03402079 0.02945482 -0.05700001
v -0.04369093 -0.02490209 -0.02038669
v -0.04273238 -0.03053111 -0.02194555
v 0.00000005 -0.05198087 -0.04618843
v 0.00000001 -0.05376157 -0.04562970
v -0.00573783 -0.05376248 -0.04537953
v 0.00000016 -0.04848497 -0.04826842
v 0.00000013 -0.04947929 -0.04751096
v -0.00519343 -0.04939568 -0.04732407
v -0.00400319 -0.04482156 -0.05700000
v 0.00000003 -0.04499998 -0.05700000
v 0.00000034 -0.04513107 -0.05458676
v -0.02802155 -0.03566648 -0.05293059
v -0.02261209 -0.03890618 -0.05700000
v -0.02462329 -0.03803682 -0.05347041
v -0.02070135 -0.03995561 -0.05700000
v -0.02099846 -0.04009397 -0.05392814
v -0.01546761 -0.04225812 -0.05700000
v -0.01713340 -0.04183826 -0.05430081
v -0.01262341 -0.04319313 -0.05700000
v -0.01303334 -0.04324465 -0.05457804
v -0.00788660 -0.04430348 -0.05700000
v -0.00872388 -0.04427972 -0.05474684
v -0.00422302 -0.04491222 -0.05481206
v -0.03128323 -0.03234747 -0.05700001
v -0.02910662 -0.03431914 -0.05700000
v -0.02799802 -0.03522937 -0.05700000
v -0.03120608 -0.03294130 -0.05236334
v -0.03415564 -0.02983123 -0.05188181
v -0.03468644 -0.02866793 -0.05700000
v -0.03682247 -0.02636881 -0.05152918
v -0.03698370 -0.02563603 -0.05700000
v -0.03917253 -0.02258928 -0.05127490
v -0.03922849 -0.02204827 -0.05700000
v -0.04117338 -0.01852237 -0.05108752
v -0.04132282 -0.01781642 -0.05700000
v -0.04279139 -0.01419293 -0.05094768
v -0.04252629 -0.01471442 -0.05700000
v -0.04398592 -0.00965341 -0.05085042
v -0.04406041 -0.00914772 -0.05700000
v -0.04446473 -0.00691988 -0.05700000
v -0.04469945 -0.00525962 -0.04424346
v -0.04476368 -0.00460578 -0.05700000
v -0.04517772 -0.00693111 -0.01800947
v -0.04487711 -0.01317037 -0.01848592
v -0.04212355 -0.03327436 -0.02292646
v -0.04139711 -0.03596101 -0.02407510
v -0.04052807 -0.03854679 -0.02540574
v -0.03947644 -0.04098066 -0.02693831
v -0.03820853 -0.04319656 -0.02867589
v -0.03849413 -0.04839714 -0.02677256
v -0.03680599 -0.04996211 -0.02912753
v -0.03490775 -0.05107717 -0.03142746
v -0.03288274 -0.05182723 -0.03354646
v -0.03078902 -0.05233097 -0.03543278
v -0.02174862 -0.05332396 -0.04118288
v -0.02641144 -0.05295517 -0.03862379
v -0.01145994 -0.05369656 -0.04455966
v -0.01675846 -0.05355651 -0.04316897
v -0.04288299 -0.02329791 -0.02640803
v -0.04165093 -0.02849437 -0.02763977
v -0.04004254 -0.03345938 -0.02932723
v -0.04439122 -0.01908548 -0.01925511
v -0.04336543 -0.01676840 -0.03182382
v -0.04218277 -0.02181306 -0.03249405
v -0.04477110 -0.00602710 -0.03110753
v -0.04422830 -0.01154690 -0.03137514
v -0.03533342 -0.03290382 -0.04144431
v -0.03393438 -0.03461680 -0.04220434
v -0.03512324 -0.03713160 -0.03748710
v -0.04405777 -0.01083721 -0.03786623
v -0.04302893 -0.01577137 -0.03818570
v -0.04163446 -0.02049794 -0.03866138
v -0.04068249 -0.02660532 -0.03342258
v -0.03989843 -0.02494847 -0.03931728
v -0.03881655 -0.03113344 -0.03469779
v -0.03780993 -0.02910976 -0.04021711
v -0.03771998 -0.03326717 -0.03549880
v -0.03649313 -0.03527834 -0.03642683
v -0.04397951 -0.01021356 -0.04436843
v -0.04283215 -0.01492193 -0.04457474
v -0.04128328 -0.01940920 -0.04487708
v -0.03937143 -0.02361437 -0.04528854
v -0.03711507 -0.02752005 -0.04584978
v -0.03452264 -0.03107932 -0.04661973
v -0.03160704 -0.03420671 -0.04764257
v 0.00000027 -0.04612998 -0.05116895
v 0.00000020 -0.04773654 -0.04896654
v -0.00469573 -0.04620888 -0.05063277
v -0.00494035 -0.04759710 -0.04883466
v -0.00953029 -0.04566253 -0.05031368
v -0.00996548 -0.04716251 -0.04836534
v -0.01404135 -0.04480115 -0.04972216
v -0.01462483 -0.04646875 -0.04755310
v -0.01825287 -0.04365998 -0.04885278
v -0.01896621 -0.04554183 -0.04639318
v -0.02215233 -0.04227341 -0.04774000
v -0.02298199 -0.04440292 -0.04492570
v -0.02577996 -0.04065000 -0.04640375
v -0.02672833 -0.04303784 -0.04316580
v -0.02921172 -0.03869932 -0.04480947
v -0.03362166 -0.03876833 -0.03864632
v -0.03243881 -0.03616310 -0.04304326
v -0.03200549 -0.04015087 -0.03985231
v -0.03029478 -0.04129142 -0.04104491
v 0.00000031 -0.04553268 -0.05264541
v -0.00445698 -0.04533144 -0.05264696
v -0.00911719 -0.04471779 -0.05247402
v -0.01351142 -0.04373856 -0.05210519
v -0.01764131 -0.04243160 -0.05153435
v -0.02148777 -0.04083635 -0.05078664
v -0.02506967 -0.03897517 -0.04987990
v -0.02843675 -0.03681090 -0.04880486
v -0.00545809 -0.05148510 -0.04615708
v -0.01042792 -0.04909245 -0.04672075
v -0.01092379 -0.05131095 -0.04543864
v -0.01526741 -0.04858988 -0.04570329
v -0.01597601 -0.05100008 -0.04423071
v -0.01978371 -0.04790049 -0.04426549
v -0.02070941 -0.05054945 -0.04252120
v -0.02397083 -0.04702641 -0.04244820
v -0.03905312 -0.03581217 -0.03038381
v -0.03790561 -0.03802777 -0.03160314
v -0.03657743 -0.04005544 -0.03298908
v -0.03672406 -0.04508838 -0.03055730
v -0.03507598 -0.04181277 -0.03449459
v -0.03503921 -0.04658416 -0.03249224
v -0.03341956 -0.04324503 -0.03604882
v -0.03318841 -0.04769624 -0.03438206
v -0.03163625 -0.04436482 -0.03757312
v -0.03124383 -0.04849726 -0.03612462
v -0.02978276 -0.04523075 -0.03898484
v -0.02925192 -0.04908812 -0.03768124
v -0.02789245 -0.04592350 -0.04025315
v -0.02511476 -0.04993870 -0.04034550
v 0.03467033 -0.03089798 -0.04657255
v 0.03175232 -0.03406909 -0.04758974
v 0.03135239 -0.03280160 -0.05233807
v 0.04519541 -0.00634409 -0.01798333
v 0.04480321 -0.00551125 -0.03109403
v 0.04474179 -0.00480219 -0.04423718
v 0.04405638 -0.00981014 -0.04435583
v 0.04406557 -0.00926564 -0.05084441
v 0.04480400 -0.00419548 -0.05700000
v 0.04289958 -0.01384798 -0.05093910
v 0.04301099 -0.01323081 -0.05700000
v 0.04430016 -0.00790534 -0.05700000
v 0.03713400 -0.02541784 -0.05700000
v 0.03892293 -0.02258331 -0.05700000
v 0.03931479 -0.02233107 -0.05126126
v 0.03948065 -0.02159349 -0.05700000
v 0.04224469 -0.01550435 -0.05700000
v 0.03443304 -0.02897180 -0.05700000
v 0.03430637 -0.02965387 -0.05186000
v 0.03697183 -0.02615188 -0.05151199
v 0.03725906 -0.02729591 -0.04581182
v 0.02815884 -0.03556009 -0.05290686
v 0.02882266 -0.03455796 -0.05700000
v 0.03143320 -0.03220176 -0.05700001
v 0.02110998 -0.04003704 -0.05391591
v 0.02235748 -0.03905304 -0.05700000
v 0.02459199 -0.03768596 -0.05700000
v 0.01514886 -0.04237344 -0.05700000
v 0.01684222 -0.04172932 -0.05700000
v 0.01722841 -0.04180043 -0.05429315
v 0.00425044 -0.04490970 -0.05481210
v 0.00402948 -0.04481921 -0.05700000
v 0.00741760 -0.04438441 -0.05700000
v 0.00448562 -0.04532888 -0.05264675
v 0.00472565 -0.04620642 -0.05063203
v 0.00497162 -0.04759492 -0.04883330
v 0.00522612 -0.04939384 -0.04732214
v 0.00549229 -0.05148359 -0.04615463
v 0.00577367 -0.05376120 -0.04537657
v 0.01152497 -0.05369421 -0.04454678
v 0.01685002 -0.05355204 -0.04313906
v 0.02654502 -0.05293978 -0.03853922
v 0.04220525 -0.03293240 -0.02279705
v 0.04149006 -0.03564385 -0.02393096
v 0.04063430 -0.03825936 -0.02524723
v 0.03959874 -0.04072702 -0.02676534
v 0.03834645 -0.04298365 -0.02849351
v 0.03864170 -0.04822154 -0.02655123
v 0.03696570 -0.04983969 -0.02891870
v 0.03507143 -0.05099798 -0.03124230
v 0.04280450 -0.03016702 -0.02183019
v 0.04374848 -0.02449045 -0.02029500
v 0.04443588 -0.01863054 -0.01918592
v 0.04174153 -0.02815986 -0.02754862
v 0.04015104 -0.03317061 -0.02921298
v 0.03917212 -0.03555087 -0.03025796
v 0.03803681 -0.03779673 -0.03146549
v 0.03671973 -0.03985982 -0.03284354
v 0.04344368 -0.01636974 -0.03178332
v 0.04295928 -0.02291622 -0.02633583
v 0.03376976 -0.03862216 -0.03853397
v 0.03258504 -0.03602317 -0.04296163
v 0.03526807 -0.03695189 -0.03737556
v 0.03408068 -0.03444969 -0.04212415
v 0.03663133 -0.03506843 -0.03632196
v 0.03547701 -0.03271124 -0.04136956
v 0.03785007 -0.03303042 -0.03540336
v 0.04227763 -0.02145929 -0.03243977
v 0.04079099 -0.02629854 -0.03335394
v 0.04002260 -0.02466506 -0.03926894
v 0.03794478 -0.02887018 -0.04015618
v 0.03950740 -0.02334747 -0.04525839
v 0.03893929 -0.03087144 -0.03461142
v 0.04174567 -0.02016795 -0.03862302
v 0.04140655 -0.01909673 -0.04485290
v 0.04130236 -0.01822069 -0.05107645
v 0.04412674 -0.01041435 -0.03784689
v 0.04428598 -0.01110012 -0.03134790
v 0.04490897 -0.01266647 -0.01843808
v 0.04312197 -0.01539595 -0.03815696
v 0.04293585 -0.01456437 -0.04455634
v 0.03100476 -0.03740605 -0.04384708
v 0.03215406 -0.04003673 -0.03974502
v 0.02857333 -0.03671181 -0.04875705
v 0.02935133 -0.03860661 -0.04473780
v 0.03043992 -0.04120376 -0.04094860
v 0.01269849 -0.04317111 -0.05700000
v 0.01310861 -0.04322262 -0.05457418
v 0.00877645 -0.04426965 -0.05474560
v 0.01358764 -0.04371784 -0.05209704
v 0.00917113 -0.04470808 -0.05247110
v 0.01411926 -0.04478281 -0.04970947
v 0.00958585 -0.04565377 -0.05030867
v 0.01470515 -0.04645362 -0.04753589
v 0.01002294 -0.04715523 -0.04835818
v 0.01535082 -0.04857839 -0.04568177
v 0.01048758 -0.04908688 -0.04671156
v 0.01606317 -0.05099226 -0.04420501
v 0.01098597 -0.05130710 -0.04542757
v 0.02159812 -0.04078453 -0.05076232
v 0.01773635 -0.04239662 -0.05151881
v 0.02226391 -0.04222817 -0.04770404
v 0.01834943 -0.04362931 -0.04882942
v 0.02309685 -0.04436511 -0.04487832
v 0.01906560 -0.04551649 -0.04636218
v 0.02409068 -0.04699637 -0.04238928
v 0.01988714 -0.04788097 -0.04422702
v 0.02524096 -0.04991630 -0.04027438
v 0.02081796 -0.05053578 -0.04247520
v 0.02186324 -0.05331570 -0.04112897
v 0.02474866 -0.03795749 -0.05345270
v 0.02519346 -0.03890331 -0.04984489
v 0.02590556 -0.04058651 -0.04635215
v 0.02685837 -0.04298290 -0.04309758
v 0.02992737 -0.04516980 -0.03888168
v 0.02802878 -0.04587692 -0.04016744
v 0.03139580 -0.04844264 -0.03599743
v 0.02939560 -0.04904936 -0.03757625
v 0.03304164 -0.05177787 -0.03339177
v 0.03094037 -0.05229909 -0.03530574
v 0.03522570 -0.04165770 -0.03434903
v 0.03687397 -0.04492315 -0.03037556
v 0.03357309 -0.04312913 -0.03591095
v 0.03519688 -0.04646531 -0.03232077
v 0.03178811 -0.04428098 -0.03745037
v 0.03334687 -0.04761521 -0.03423003
v -0.01762681 -0.09997281 -0.02676108
v -0.01612003 -0.10002574 -0.02642398
v -0.01464601 -0.09849999 -0.02035224
v -0.01387259 -0.09928853 -0.01927756
v -0.01369374 -0.09928805 -0.01943239
v -0.01421216 -0.09849999 -0.02081007
v -0.01332722 -0.09926885 -0.02008580
v -0.01323163 -0.09924128 -0.02068366
v -0.01381150 -0.09850005 -0.02195796
v -0.01322719 -0.09921616 -0.02115409
v -0.01369429 -0.09850001 -0.02306359
v -0.01343218 -0.09908354 -0.02329882
v -0.01356729 -0.09849919 -0.02432706
v -0.01344049 -0.09903597 -0.02404692
v -0.01352386 -0.09849917 -0.02454007
v -0.01335502 -0.09900529 -0.02457029
v -0.01322586 -0.09850010 -0.02526861
v -0.01309115 -0.09898125 -0.02509184
v -0.01274805 -0.09850194 -0.02569623
v -0.01269102 -0.09897595 -0.02540669
v -0.01271861 -0.09849998 -0.02571327
v -0.00360162 -0.09849978 -0.02844062
v 0.00000000 -0.09921809 -0.02839998
v 0.00000088 -0.09849993 -0.02865319
v -0.00369602 -0.09910796 -0.02815698
v -0.00707554 -0.09850010 -0.02778990
v -0.00709553 -0.09904019 -0.02750023
v -0.01047684 -0.09849999 -0.02670117
v -0.01060891 -0.09899410 -0.02634416
v 0.00943736 -0.09849472 -0.02708722
v 0.00628300 -0.09849488 -0.02798057
v 0.00611483 -0.09905723 -0.02773262
v 0.00307519 -0.09849759 -0.02850155
v 0.00235504 -0.09914277 -0.02829905
v 0.00937692 -0.09900770 -0.02681013
v 0.01269102 -0.09897595 -0.02540669
v 0.01271888 -0.09850001 -0.02571308
v 0.01345000 -0.09849996 -0.02480430
v 0.01326009 -0.09849965 -0.02521712
v 0.01332918 -0.09900127 -0.02464713
v 0.01302731 -0.09849953 -0.02549869
v 0.01296165 -0.09897768 -0.02522311
v 0.01352399 -0.09849995 -0.02453826
v 0.01344033 -0.09903597 -0.02404705
v 0.01376701 -0.09850005 -0.02226246
v 0.01343822 -0.09907762 -0.02339031
v 0.01338500 -0.09911584 -0.02279948
v 0.01333598 -0.09914380 -0.02236066
v 0.01323337 -0.09924205 -0.02066766
v 0.01389016 -0.09850005 -0.02158323
v 0.01345397 -0.09928031 -0.01976704
v 0.01409680 -0.09849996 -0.02101023
v 0.01387138 -0.09928835 -0.01927919
v 0.01464601 -0.09850001 -0.02035224
v 0.01565139 -0.09849998 -0.01958851
v 0.01491813 -0.09928770 -0.01848117
v 0.01816096 -0.09849996 -0.01729244
v 0.01717542 -0.09929275 -0.01640330
v 0.01927745 -0.09930807 -0.01387262
v 0.02036477 -0.09850001 -0.01465503
v 0.01973527 -0.09930315 -0.01347074
v 0.02079858 -0.09850002 -0.01424110
v 0.02077471 -0.09926414 -0.01322794
v 0.02193591 -0.09850013 -0.01383643
v 0.02236095 -0.09918051 -0.01333529
v 0.02309225 -0.09850002 -0.01371392
v 0.02279011 -0.09915576 -0.01338587
v 0.02430953 -0.09849999 -0.01359192
v 0.02434334 -0.09906799 -0.01340585
v 0.02458952 -0.09849995 -0.01353398
v 0.02487328 -0.09904364 -0.01323469
v 0.02531456 -0.09849996 -0.01322146
v 0.02504406 -0.09903777 -0.01312721
v 0.02540691 -0.09903315 -0.01269059
v 0.02573409 -0.09850001 -0.01272072
v 0.02660956 -0.09849992 -0.01076045
v 0.02654081 -0.09905922 -0.01010719
v 0.02740834 -0.09909040 -0.00743962
v 0.02616041 -0.09904934 -0.01105422
v 0.02816050 -0.09914566 -0.00367586
v 0.02844463 -0.09849977 -0.00363501
v 0.02776381 -0.09849972 -0.00723947
v 0.02828828 -0.09916615 -0.00251126
v 0.02839998 -0.09921680 -0.00000001
v 0.02865301 -0.09849996 0.00000093
v 0.02828641 -0.09916576 0.00253219
v 0.02857241 -0.09849981 0.00234685
v 0.02776286 -0.09911003 0.00598063
v 0.02806957 -0.09849966 0.00591898
v 0.02681533 -0.09906747 0.00935478
v 0.02712695 -0.09849981 0.00936919
v 0.02540691 -0.09903315 0.01269059
v 0.02573415 -0.09849999 0.01272063
v 0.02536689 -0.09903281 0.01276467
v 0.02496060 -0.09904052 0.01318327
v 0.02526830 -0.09849965 0.01325408
v 0.02543597 -0.09849953 0.01312212
v 0.02487305 -0.09904370 0.01323376
v 0.02424750 -0.09907296 0.01342081
v 0.02452663 -0.09849998 0.01354882
v 0.02264563 -0.09916417 0.01336880
v 0.02309251 -0.09849999 0.01371392
v 0.02068187 -0.09926841 0.01323210
v 0.02208983 -0.09850007 0.01381177
v 0.01976593 -0.09930234 0.01345557
v 0.02101577 -0.09850056 0.01411387
v 0.01927740 -0.09930807 0.01387258
v 0.02036481 -0.09849998 0.01465506
v 0.01969319 -0.09849996 0.01553786
v 0.01731411 -0.09849995 0.01813710
v 0.01714779 -0.09929220 0.01643126
v 0.01464601 -0.09849999 0.02035224
v 0.01467665 -0.09928750 0.01867230
v 0.01387259 -0.09928853 0.01927756
v 0.01369374 -0.09928805 0.01943239
v 0.01421216 -0.09849999 0.02081007
v 0.01332722 -0.09926885 0.02008580
v 0.01323163 -0.09924128 0.02068366
v 0.01381150 -0.09850005 0.02195796
v 0.01322719 -0.09921616 0.02115409
v 0.01369429 -0.09850001 0.02306359
v 0.01343218 -0.09908354 0.02329882
v 0.01356729 -0.09849919 0.02432706
v 0.01344049 -0.09903597 0.02404692
v 0.01352386 -0.09849917 0.02454007
v 0.01335502 -0.09900529 0.02457029
v 0.01322586 -0.09850010 0.02526861
v 0.01309115 -0.09898125 0.02509184
v 0.01274805 -0.09850194 0.02569623
v 0.01269102 -0.09897595 0.02540669
v 0.01271861 -0.09849998 0.02571327
v 0.01318452 -0.09958080 0.01266349
v 0.01237539 -0.09945572 0.01677196
v 0.02402385 -0.09910146 0.01303785
v 0.01398913 -0.09986226 -0.00000001
v 0.01393495 -0.09978227 0.00412858
v 0.01368518 -0.09968843 0.00843615
v 0.01124618 -0.09930956 0.02076158
v 0.01060891 -0.09899410 0.02634416
v 0.00987269 -0.09913854 0.02460602
v 0.00000000 -0.09921809 0.02839998
v 0.00369602 -0.09910796 0.02815698
v 0.00000000 -0.09943845 0.02492696
v 0.00709553 -0.09904019 0.02750023
v 0.00000000 -0.09962157 0.02127342
v 0.00000000 -0.10000000 -0.00000001
v 0.00000000 -0.09997358 0.00681266
v 0.00000000 -0.09993143 0.01038150
v 0.00000000 -0.09986245 0.01398902
v 0.00000000 -0.09976109 0.01762354
v -0.02828828 -0.09916615 0.00251126
v -0.02816050 -0.09914566 0.00367585
v -0.01393495 -0.09978227 0.00412858
v -0.01269102 -0.09897595 0.02540669
v -0.00937692 -0.09900770 0.02681012
v -0.00987269 -0.09913854 0.02460602
v -0.00611483 -0.09905723 0.02773262
v -0.01333598 -0.09914380 0.02236066
v -0.01338500 -0.09911584 0.02279947
v -0.01343822 -0.09907762 0.02339031
v -0.01296165 -0.09897768 0.02522311
v -0.01332918 -0.09900127 0.02464713
v -0.01344033 -0.09903597 0.02404705
v -0.01323337 -0.09924205 0.02066766
v -0.01124618 -0.09930956 0.02076158
v -0.01345397 -0.09928031 0.01976704
v -0.01237539 -0.09945572 0.01677196
v -0.01387138 -0.09928835 0.01927919
v -0.01318452 -0.09958080 0.01266349
v -0.01717542 -0.09929275 0.01640330
v -0.01491813 -0.09928770 0.01848117
v -0.02487332 -0.09904364 0.01323479
v -0.02434361 -0.09906796 0.01340599
v -0.02279036 -0.09915573 0.01338615
v -0.02504410 -0.09903776 0.01312727
v -0.02540691 -0.09903315 0.01269059
v -0.02616042 -0.09904934 0.01105421
v -0.02236108 -0.09918050 0.01333561
v -0.02648742 -0.09905774 0.01024626
v -0.01368518 -0.09968843 0.00843615
v -0.02740834 -0.09909040 0.00743961
v -0.02078549 -0.09926362 0.01322798
v -0.01973964 -0.09930297 0.01347029
v -0.01927745 -0.09930807 0.01387262
v -0.02839998 -0.09921680 -0.00000001
v -0.01398913 -0.09986226 -0.00000001
v -0.00235505 -0.09914277 0.02829905
v -0.01345000 -0.09849996 0.02480430
v -0.01326009 -0.09849965 0.02521712
v -0.01302731 -0.09849953 0.02549869
v -0.01271888 -0.09850001 0.02571308
v -0.01352399 -0.09849995 0.02453826
v -0.01376701 -0.09850005 0.02226246
v -0.01389016 -0.09850005 0.02158323
v -0.01409680 -0.09849996 0.02101023
v -0.01464601 -0.09850001 0.02035224
v -0.01565139 -0.09849998 0.01958851
v -0.01816096 -0.09849996 0.01729244
v -0.02036477 -0.09850001 0.01465503
v -0.02079858 -0.09850002 0.01424110
v -0.02193591 -0.09850013 0.01383643
v -0.02309225 -0.09850002 0.01371392
v -0.02430953 -0.09849999 0.01359192
v -0.02458952 -0.09849995 0.01353398
v -0.02531456 -0.09849996 0.01322146
v -0.02573409 -0.09850001 0.01272072
v -0.02660956 -0.09849992 0.01076045
v -0.02844463 -0.09849977 0.00363501
v -0.02776381 -0.09849972 0.00723947
v -0.02865301 -0.09849996 -0.00000093
v -0.02828641 -0.09916576 -0.00253219
v -0.02857241 -0.09849981 -0.00234685
v -0.02776286 -0.09911003 -0.00598063
v -0.02806957 -0.09849966 -0.00591898
v -0.02681533 -0.09906747 -0.00935478
v -0.02712695 -0.09849981 -0.00936919
v -0.02540691 -0.09903315 -0.01269059
v -0.02573415 -0.09849999 -0.01272063
v -0.02309251 -0.09849999 -0.01371392
v -0.02452662 -0.09849998 -0.01354882
v -0.02543597 -0.09849953 -0.01312212
v -0.02526830 -0.09849965 -0.01325408
v -0.02208983 -0.09850007 -0.01381177
v -0.02101577 -0.09850056 -0.01411387
v -0.02036481 -0.09849998 -0.01465506
v -0.01969315 -0.09849996 -0.01553791
v -0.01731410 -0.09849995 -0.01813711
v 0.01047785 -0.09849998 0.02670078
v 0.00707610 -0.09850010 0.02778976
v 0.00360174 -0.09849978 0.02844061
v -0.00000088 -0.09849993 0.02865319
v -0.00308098 -0.09849756 0.02850096
v -0.00628574 -0.09849484 0.02797999
v -0.00943793 -0.09849469 0.02708704
v 0.01392884 -0.09977860 -0.00430828
v -0.00000000 -0.09997248 -0.00693884
v 0.00985528 -0.09913635 -0.02465054
v 0.01122361 -0.09930674 -0.02083137
v 0.01235211 -0.09945252 -0.01686797
v 0.01316527 -0.09957736 -0.01278706
v 0.01367200 -0.09968486 -0.00858825
v -0.00000000 -0.09992979 -0.01048796
v -0.00000000 -0.09986245 -0.01398903
v -0.00000000 -0.09975896 -0.01768837
v -0.00000000 -0.09961968 -0.02131675
v -0.00000000 -0.09943723 -0.02494861
v -0.02402385 -0.09910146 -0.01303785
v -0.01392884 -0.09977860 -0.00430828
v -0.01367200 -0.09968486 -0.00858825
v -0.02487305 -0.09904370 -0.01323376
v -0.02496060 -0.09904052 -0.01318327
v -0.02536689 -0.09903281 -0.01276467
v -0.02068187 -0.09926841 -0.01323210
v -0.02264563 -0.09916417 -0.01336880
v -0.02424750 -0.09907296 -0.01342081
v -0.01467665 -0.09928750 -0.01867230
v -0.01235211 -0.09945252 -0.01686797
v -0.01714779 -0.09929220 -0.01643126
v -0.01316527 -0.09957736 -0.01278706
v -0.01927740 -0.09930807 -0.01387258
v -0.01976593 -0.09930234 -0.01345557
v -0.01122361 -0.09930674 -0.02083137
v -0.00985528 -0.09913635 -0.02465054
v 0.02690164 -0.09853335 -0.02051574
v 0.02450765 -0.09850063 -0.02333412
v 0.02686757 -0.09851665 -0.02046587
v 0.02683390 -0.09850001 -0.02041572
v 0.02736088 -0.09850001 -0.01963344
v 0.02745575 -0.09854171 -0.01975796
v 0.02635183 -0.09868225 -0.01474641
v 0.02672072 -0.09860731 -0.01590701
v 0.02628792 -0.09850001 -0.01438830
v 0.02659655 -0.09850001 -0.01566672
v 0.02666826 -0.09850001 -0.01587004
v 0.02694736 -0.09856675 -0.01649539
v 0.02711668 -0.09850001 -0.01702700
v 0.02716293 -0.09852632 -0.01708444
v 0.02752945 -0.09850001 -0.01834339
v 0.02744592 -0.09867627 -0.01746220
v 0.02764999 -0.09862856 -0.01806634
v 0.02775061 -0.09858807 -0.01864699
v 0.02750665 -0.09850001 -0.01932125
v 0.02772742 -0.09856240 -0.01910699
v 0.02719158 -0.09872513 -0.01687515
v 0.02691614 -0.09877413 -0.01628557
v 0.02641570 -0.09886449 -0.01510452
v 0.02681507 -0.09879176 -0.01606902
v 0.02683683 -0.09850001 -0.02107691
v 0.02981335 -0.09850001 -0.01748448
v 0.02935603 -0.09908012 -0.00289652
v 0.02949998 -0.09913709 0.00000000
v 0.03265757 -0.09887863 -0.00000000
v 0.02879837 -0.09902617 -0.00638817
v 0.02620769 -0.09892156 -0.01414047
v 0.02623540 -0.09894098 -0.01365110
v 0.03168465 -0.09850001 -0.01446177
v 0.03577927 -0.09850005 0.00000000
v 0.03527766 -0.09850001 -0.00358973
v 0.03144506 -0.09882364 -0.00643886
v 0.03051633 -0.09867992 -0.01265089
v 0.02782391 -0.09898484 -0.00980076
v 0.02639086 -0.09895084 -0.01318232
v 0.02764189 -0.09850001 -0.02020491
v 0.03437847 -0.09850001 -0.00763456
v 0.03323265 -0.09850001 -0.01113441
v 0.03528753 -0.09849977 0.00353158
v 0.02775063 -0.09858804 0.01864735
v 0.02775511 -0.09858087 0.01876381
v 0.02986495 -0.09850023 0.01741221
v 0.02452080 -0.09850011 0.02331785
v 0.02450645 -0.09850015 0.02333294
v 0.02683694 -0.09850008 0.02107716
v 0.02768073 -0.09850014 0.02016095
v 0.02757548 -0.09854534 0.01956386
v 0.02745725 -0.09854228 0.01975961
v 0.02690090 -0.09853307 0.02051506
v 0.02691614 -0.09877413 0.01628560
v 0.02719159 -0.09872512 0.01687529
v 0.03170831 -0.09850033 0.01442009
v 0.02744601 -0.09867626 0.01746239
v 0.02750424 -0.09866396 0.01761352
v 0.02623540 -0.09894098 0.01365111
v 0.02620769 -0.09892156 0.01414047
v 0.02641570 -0.09886449 0.01510452
v 0.03051642 -0.09867994 0.01265047
v 0.03144508 -0.09882364 0.00643864
v 0.02852337 -0.09901125 0.00752688
v 0.02773748 -0.09898221 0.01004381
v 0.02741560 -0.09897334 0.01089199
v 0.02639086 -0.09895084 0.01318232
v 0.02930196 -0.09907124 0.00340771
v 0.02925945 -0.09906543 0.00375532
v 0.02871228 -0.09902095 0.00677077
v 0.03437500 -0.09850005 0.00765047
v 0.03325884 -0.09849931 0.01106340
v 0.02752795 -0.09849999 0.01833045
v 0.02751316 -0.09850002 0.01930191
v 0.02736088 -0.09850001 0.01963344
v 0.02716350 -0.09852663 0.01708519
v 0.02711711 -0.09850018 0.01702772
v 0.02694785 -0.09856708 0.01649615
v 0.02665126 -0.09850004 0.01582375
v 0.02672112 -0.09860765 0.01590777
v 0.02635196 -0.09868262 0.01474715
v 0.02628792 -0.09850001 0.01438830
v 0.02626494 -0.09849969 0.01367315
v 0.02628368 -0.09849951 0.01342527
v 0.02636919 -0.09849937 0.01295358
v 0.02653364 -0.09849995 0.01249527
v 0.02758233 -0.09849972 0.00992974
v 0.02850885 -0.09849969 0.00672694
v 0.02907671 -0.09850156 0.00324755
v 0.02921439 -0.09850011 -0.00000001
v 0.02917809 -0.09849996 -0.00190882
v 0.02874789 -0.09849960 -0.00556279
v 0.02786734 -0.09849974 -0.00908171
v 0.02653369 -0.09849998 -0.01249529
v 0.02636208 -0.09849916 -0.01298128
v 0.02628349 -0.09849938 -0.01342703
v 0.02683390 -0.09850001 0.02041572
v 0.02686702 -0.09851640 0.02046510
v -0.01023550 -0.09849974 0.02750128
v -0.01312203 -0.09850001 0.02626714
v -0.01318237 -0.09888510 0.02639082
v -0.01068022 -0.09890562 0.02750178
v -0.00975819 -0.09891563 0.02784362
v -0.00700467 -0.09849965 0.02846567
v -0.00728346 -0.09894999 0.02858916
v -0.00629728 -0.09896714 0.02881801
v -0.00357795 -0.09849981 0.02905338
v -0.00375046 -0.09902114 0.02925334
v -0.00299219 -0.09904044 0.02934135
v 0.00000000 -0.09913760 0.02950002
v 0.00000000 -0.09849998 0.02921406
v -0.01328326 -0.09849998 0.02619697
v -0.01392892 -0.09886625 0.02620570
v -0.01379290 -0.09849969 0.02608044
v -0.01412334 -0.09849956 0.02607166
v -0.01512664 -0.09879548 0.02642342
v -0.01545958 -0.09850004 0.02637263
v -0.01604107 -0.09872241 0.02680191
v -0.01737968 -0.09849999 0.02723761
v -0.01742746 -0.09860053 0.02743211
v -0.01769613 -0.09857760 0.02753395
v -0.01810989 -0.09849998 0.02755966
v -0.01875034 -0.09850007 0.02775546
v 0.00000000 -0.09891576 0.03225361
v 0.00000000 -0.09850001 0.03578053
v -0.00269442 -0.09849998 0.03484811
v -0.00652539 -0.09850027 0.03351814
v -0.00890375 -0.09850021 0.03268645
v -0.01131827 -0.09849980 0.03174316
v -0.01479628 -0.09849987 0.03009672
v 0.01318237 -0.09888510 0.02639082
v 0.01375616 -0.09887285 0.02621969
v 0.01312203 -0.09850001 0.02626714
v 0.01396323 -0.09849959 0.02607032
v 0.01489827 -0.09881168 0.02634961
v 0.01449906 -0.09849962 0.02611005
v 0.01604006 -0.09872251 0.02680117
v 0.01537867 -0.09850008 0.02634358
v 0.01742692 -0.09860057 0.02743190
v 0.01741811 -0.09849999 0.02725579
v 0.01758520 -0.09858697 0.02749343
v 0.01875034 -0.09850007 0.02775546
v 0.01519529 -0.09849990 0.02988373
v 0.00577097 -0.09850036 0.03377569
v 0.00886378 -0.09850021 0.03270100
v 0.00296515 -0.09904111 0.02934480
v 0.00653577 -0.09896285 0.02876549
v 0.01156875 -0.09849977 0.03163671
v 0.00982087 -0.09891497 0.02782052
v 0.00255601 -0.09849987 0.02914602
v 0.00635373 -0.09849968 0.02861077
v 0.00968580 -0.09849968 0.02769504
v 0.00000000 -0.09849998 -0.02921406
v 0.00000000 -0.09913760 -0.02950002
v -0.00296515 -0.09904111 -0.02934480
v -0.00255599 -0.09849987 -0.02914602
v -0.00653577 -0.09896285 -0.02876549
v -0.00635373 -0.09849968 -0.02861077
v -0.00982087 -0.09891497 -0.02782052
v -0.00968579 -0.09849968 -0.02769504
v -0.01318237 -0.09888510 -0.02639082
v -0.01312203 -0.09850001 -0.02626714
v 0.01318237 -0.09888510 -0.02639082
v 0.01312203 -0.09850001 -0.02626714
v 0.01318442 -0.09888520 -0.02638980
v 0.01313215 -0.09850001 -0.02626222
v 0.01319502 -0.09888514 -0.02638457
v 0.01313409 -0.09850001 -0.02626127
v 0.01315434 -0.09850001 -0.02625161
v 0.01321627 -0.09888498 -0.02637435
v 0.01319502 -0.09849999 -0.02623309
v 0.01325897 -0.09888456 -0.02635490
v 0.01327715 -0.09849998 -0.02619929
v 0.01334513 -0.09888341 -0.02631982
v 0.01344438 -0.09849989 -0.02614420
v 0.01352039 -0.09887988 -0.02626442
v 0.01378897 -0.09849963 -0.02608080
v 0.01388035 -0.09886823 -0.02620813
v 0.01392780 -0.09886631 -0.02620575
v 0.01403088 -0.09849951 -0.02606965
v 0.01512493 -0.09879560 -0.02642294
v 0.01533665 -0.09850007 -0.02632888
v 0.01603878 -0.09872258 -0.02680107
v 0.01737683 -0.09849999 -0.02723625
v 0.01742635 -0.09860060 -0.02743175
v 0.01769358 -0.09857780 -0.02753303
v 0.01787169 -0.09849984 -0.02746143
v 0.01875034 -0.09850007 -0.02775546
v 0.01023548 -0.09849974 -0.02750128
v 0.01068022 -0.09890562 -0.02750178
v 0.00975819 -0.09891563 -0.02784362
v 0.00700468 -0.09849965 -0.02846567
v 0.00728346 -0.09894999 -0.02858916
v 0.00629728 -0.09896714 -0.02881801
v 0.00357795 -0.09849981 -0.02905338
v 0.00375046 -0.09902114 -0.02925334
v 0.00299219 -0.09904044 -0.02934135
v -0.00000000 -0.09891576 -0.03225363
v 0.00000000 -0.09850001 -0.03578053
v 0.00269442 -0.09849998 -0.03484811
v 0.00652539 -0.09850027 -0.03351814
v 0.00890369 -0.09850021 -0.03268647
v 0.01479628 -0.09849987 -0.03009672
v 0.01131827 -0.09849980 -0.03174316
v -0.01741811 -0.09849999 -0.02725579
v -0.01875034 -0.09850007 -0.02775546
v -0.01519529 -0.09849990 -0.02988373
v -0.01537801 -0.09850008 -0.02634335
v -0.01156875 -0.09849977 -0.03163671
v -0.00886373 -0.09850021 -0.03270102
v -0.00577097 -0.09850036 -0.03377569
v -0.01409559 -0.09849959 -0.02607074
v -0.01312579 -0.09850001 -0.02626533
v -0.01758779 -0.09858675 -0.02749443
v -0.01742636 -0.09860060 -0.02743176
v -0.01603887 -0.09872260 -0.02680085
v -0.01489633 -0.09881181 -0.02634912
v -0.01375521 -0.09887288 -0.02621981
v -0.02653364 -0.09849995 -0.01249527
v -0.02639086 -0.09895084 -0.01318232
v -0.02741560 -0.09897334 -0.01089199
v -0.02725484 -0.09849986 -0.01081018
v -0.02852337 -0.09901125 -0.00752688
v -0.02837537 -0.09849962 -0.00728826
v -0.02925945 -0.09906543 -0.00375532
v -0.02903253 -0.09849980 -0.00365269
v -0.02949998 -0.09913709 -0.00000000
v -0.02921439 -0.09850011 0.00000001
v -0.02935603 -0.09908012 0.00289652
v -0.02917809 -0.09849996 0.00190881
v -0.02879837 -0.09902617 0.00638817
v -0.02874789 -0.09849960 0.00556278
v -0.02782391 -0.09898484 0.00980076
v -0.02786734 -0.09849974 0.00908171
v -0.02639086 -0.09895084 0.01318232
v -0.02653369 -0.09849998 0.01249529
v -0.02623540 -0.09894098 0.01365110
v -0.02620769 -0.09892156 0.01414047
v -0.02641570 -0.09886449 0.01510452
v -0.02635203 -0.09868280 0.01474749
v -0.02636208 -0.09849916 0.01298129
v -0.02628349 -0.09849938 0.01342703
v -0.02628792 -0.09850001 0.01438830
v -0.02672131 -0.09860782 0.01590813
v -0.02659655 -0.09850001 0.01566670
v -0.02666826 -0.09850001 0.01587004
v -0.02694809 -0.09856723 0.01649651
v -0.02711667 -0.09850001 0.01702697
v -0.02716377 -0.09852678 0.01708555
v -0.02752945 -0.09850001 0.01834339
v -0.02740929 -0.09852123 0.01969682
v -0.02736088 -0.09850001 0.01963344
v -0.02750665 -0.09850001 0.01932125
v -0.02744608 -0.09867624 0.01746259
v -0.02756932 -0.09864926 0.01779755
v -0.02775062 -0.09858806 0.01864721
v -0.02775054 -0.09857199 0.01891917
v -0.02745814 -0.09854250 0.01975984
v -0.02719169 -0.09872510 0.01687540
v -0.02691620 -0.09877411 0.01628568
v -0.02683390 -0.09850001 0.02041572
v -0.02686775 -0.09851674 0.02046609
v -0.02690210 -0.09853353 0.02051609
v -0.02978876 -0.09850001 0.01751928
v -0.02986499 -0.09850023 -0.01741216
v -0.02768077 -0.09850014 -0.02016089
v -0.02736088 -0.09850001 -0.01963344
v -0.02760633 -0.09850001 0.02024525
v -0.02683390 -0.09850001 -0.02041572
v -0.02683696 -0.09850008 -0.02107714
v -0.02450647 -0.09850015 -0.02333292
v -0.02683823 -0.09850001 0.02107637
v -0.02450604 -0.09850001 0.02333255
v -0.03166369 -0.09850001 0.01450047
v -0.02751316 -0.09850002 -0.01930191
v -0.02752795 -0.09849999 -0.01833045
v -0.03170834 -0.09850033 -0.01442004
v -0.02711711 -0.09850018 -0.01702772
v -0.02665126 -0.09850004 -0.01582375
v -0.02628368 -0.09849951 -0.01342527
v -0.02636919 -0.09849937 -0.01295358
v -0.03325886 -0.09849931 -0.01106335
v -0.03437502 -0.09850005 -0.00765038
v -0.03528754 -0.09849977 -0.00353150
v -0.03577927 -0.09850005 -0.00000000
v -0.03526901 -0.09850001 0.00363923
v -0.03436685 -0.09850001 0.00767699
v -0.03321724 -0.09850001 0.01117370
v -0.02628792 -0.09850001 -0.01438830
v -0.02626494 -0.09849969 -0.01367315
v -0.02690164 -0.09853335 -0.02051574
v -0.02745637 -0.09854188 -0.01975841
v -0.02686757 -0.09851665 -0.02046587
v -0.02452036 -0.09850011 -0.02331831
v -0.03265757 -0.09887863 0.00000000
v -0.03144509 -0.09882364 0.00643856
v -0.03051646 -0.09867994 0.01265033
v -0.03051643 -0.09867994 -0.01265046
v -0.03144508 -0.09882364 -0.00643864
v -0.02775063 -0.09858804 -0.01864735
v -0.02775511 -0.09858084 -0.01876438
v -0.02756787 -0.09854510 -0.01957632
v -0.02691614 -0.09877413 -0.01628560
v -0.02719159 -0.09872512 -0.01687529
v -0.02744601 -0.09867626 -0.01746239
v -0.02750424 -0.09866396 -0.01761352
v -0.02623540 -0.09894098 -0.01365111
v -0.02620769 -0.09892156 -0.01414047
v -0.02641570 -0.09886449 -0.01510452
v -0.02716306 -0.09852641 -0.01708460
v -0.02694747 -0.09856682 -0.01649556
v -0.02672082 -0.09860740 -0.01590719
v -0.02635187 -0.09868234 -0.01474660
f 1 2 3
f 3 2 4
f 3 4 5
f 5 4 6
f 6 4 7
f 6 7 8
f 9 10 11
f 12 13 14
f 11 15 9
f 9 15 16
f 9 16 17
f 17 16 13
f 17 13 18
f 18 13 12
f 18 12 19
f 19 12 20
f 19 20 21
f 22 2 23
f 23 2 1
f 14 24 12
f 12 24 25
f 12 25 20
f 20 25 22
f 20 22 21
f 21 22 23
f 26 27 28
f 28 29 26
f 26 29 30
f 26 30 31
f 31 30 32
f 31 32 33
f 33 32 34
f 34 32 11
f 34 11 10
f 35 36 37
f 35 37 38
f 37 39 38
f 38 39 40
f 38 40 41
f 41 40 42
f 41 42 43
f 43 42 28
f 43 28 27
f 35 44 36
f 36 44 45
f 36 45 46
f 46 47 48
f 48 47 49
f 48 49 50
f 50 49 51
f 50 51 52
f 52 51 53
f 52 53 54
f 55 56 57
f 57 56 58
f 57 54 55
f 55 54 53
f 55 53 59
f 59 53 51
f 59 51 60
f 60 51 49
f 60 49 61
f 46 45 47
f 47 45 62
f 47 62 49
f 49 62 63
f 49 63 61
f 58 64 65
f 66 67 68
f 68 67 69
f 68 69 70
f 70 69 71
f 70 71 72
f 52 73 74
f 74 75 52
f 52 75 76
f 52 76 50
f 50 76 77
f 50 77 48
f 48 77 78
f 48 78 46
f 46 78 79
f 46 79 36
f 58 65 57
f 73 52 65
f 65 52 54
f 65 54 57
f 80 81 82
f 82 81 83
f 82 83 84
f 84 83 85
f 84 85 64
f 64 85 86
f 64 86 65
f 71 87 72
f 72 87 88
f 72 88 81
f 81 88 89
f 81 89 83
f 73 90 91
f 92 93 94
f 94 93 95
f 94 95 96
f 74 92 75
f 75 92 94
f 75 94 76
f 76 94 96
f 76 96 77
f 77 96 97
f 77 97 78
f 78 97 79
f 79 97 37
f 79 37 36
f 73 91 74
f 74 91 98
f 74 98 92
f 92 98 99
f 92 99 93
f 83 100 85
f 85 100 101
f 85 101 86
f 90 73 101
f 101 73 65
f 101 65 86
f 67 102 69
f 69 102 103
f 104 100 83
f 104 105 106
f 106 105 107
f 106 107 108
f 108 107 109
f 103 110 69
f 69 110 109
f 69 109 71
f 71 109 107
f 71 107 87
f 87 107 105
f 87 105 88
f 88 105 104
f 88 104 89
f 89 104 83
f 111 112 113
f 111 113 114
f 114 113 115
f 114 115 116
f 116 115 117
f 116 117 118
f 118 117 66
f 66 117 102
f 66 102 67
f 119 120 121
f 121 120 122
f 121 122 123
f 122 124 123
f 123 124 125
f 123 125 126
f 126 125 127
f 126 127 128
f 128 127 112
f 128 112 111
f 129 130 131
f 132 133 131
f 131 133 134
f 131 134 129
f 135 136 137
f 137 136 138
f 137 138 139
f 139 138 119
f 139 119 121
f 140 141 142
f 142 141 143
f 142 143 135
f 135 143 144
f 135 144 136
f 145 146 147
f 147 146 133
f 147 133 148
f 148 133 132
f 149 150 151
f 151 150 152
f 151 152 153
f 153 152 154
f 153 154 155
f 155 154 156
f 145 157 146
f 146 157 158
f 146 158 159
f 159 158 160
f 140 142 151
f 151 142 161
f 151 161 149
f 156 154 158
f 158 154 162
f 158 162 160
f 158 163 156
f 156 163 164
f 156 164 155
f 155 164 153
f 153 164 165
f 153 165 151
f 131 130 166
f 167 168 169
f 166 170 131
f 131 170 171
f 131 171 132
f 132 171 168
f 132 168 148
f 148 168 167
f 148 167 147
f 147 167 172
f 147 172 145
f 173 163 157
f 157 163 158
f 169 174 167
f 167 174 175
f 167 175 172
f 172 175 173
f 172 173 145
f 145 173 157
f 176 177 178
f 178 179 176
f 176 179 180
f 176 180 181
f 181 180 182
f 181 182 183
f 183 182 184
f 184 182 166
f 184 166 130
f 185 186 187
f 185 187 188
f 187 189 188
f 188 189 190
f 188 190 191
f 191 190 192
f 191 192 193
f 193 192 178
f 193 178 177
f 194 195 196
f 197 198 199
f 198 197 200
f 197 201 200
f 200 201 202
f 200 202 203
f 204 205 206
f 206 205 207
f 208 209 197
f 197 209 210
f 197 210 201
f 201 210 211
f 201 211 202
f 202 211 204
f 202 204 203
f 203 204 206
f 185 212 186
f 186 212 194
f 186 194 199
f 199 194 196
f 199 196 197
f 197 196 195
f 197 195 208
f 186 199 213
f 213 199 198
f 213 198 214
f 200 215 198
f 198 215 216
f 198 216 214
f 217 218 219
f 220 221 200
f 200 221 222
f 200 222 215
f 206 207 223
f 223 207 224
f 223 224 225
f 217 219 226
f 226 219 227
f 226 227 228
f 228 227 229
f 228 229 230
f 231 232 217
f 217 232 233
f 217 233 218
f 234 235 231
f 231 235 236
f 231 236 232
f 220 200 223
f 223 200 203
f 223 203 206
f 234 237 235
f 235 237 238
f 235 238 224
f 224 238 239
f 224 239 225
f 220 240 241
f 220 241 221
f 241 242 221
f 221 242 243
f 221 243 222
f 222 243 244
f 222 244 215
f 216 245 214
f 214 245 246
f 214 246 213
f 213 246 187
f 213 187 186
f 242 247 243
f 243 247 248
f 243 248 244
f 244 248 245
f 244 245 215
f 215 245 216
f 238 249 239
f 239 249 250
f 239 250 225
f 240 220 250
f 250 220 223
f 250 223 225
f 226 228 251
f 237 252 238
f 238 252 249
f 251 253 226
f 226 253 254
f 226 254 217
f 254 255 217
f 217 255 256
f 217 256 231
f 231 256 257
f 231 257 234
f 237 234 252
f 252 234 257
f 252 257 258
f 258 257 256
f 258 256 259
f 259 256 255
f 260 261 262
f 260 262 263
f 263 262 264
f 263 264 265
f 265 264 266
f 265 266 267
f 267 266 230
f 230 266 251
f 230 251 228
f 268 269 270
f 270 269 271
f 270 271 272
f 271 273 272
f 272 273 274
f 272 274 275
f 275 274 276
f 275 276 277
f 277 276 261
f 277 261 260
f 278 10 9
f 17 279 9
f 9 279 280
f 9 280 278
f 281 282 283
f 283 282 284
f 21 285 19
f 19 285 279
f 19 279 18
f 18 279 17
f 283 286 281
f 281 286 287
f 281 287 288
f 288 287 289
f 288 289 290
f 290 289 268
f 290 268 270
f 291 8 282
f 282 8 292
f 282 292 284
f 21 23 285
f 285 23 1
f 285 1 293
f 293 1 294
f 3 5 295
f 295 5 6
f 295 6 296
f 296 6 8
f 296 8 297
f 297 8 291
f 3 295 1
f 1 295 298
f 1 298 294
f 294 298 299
f 299 300 294
f 294 300 301
f 294 301 293
f 293 301 302
f 293 302 285
f 285 302 303
f 285 303 279
f 279 303 304
f 279 304 280
f 278 305 10
f 10 305 34
f 300 306 301
f 301 306 307
f 301 307 302
f 302 307 308
f 302 308 303
f 303 308 309
f 303 309 304
f 304 309 305
f 304 305 280
f 280 305 278
f 296 310 295
f 295 310 311
f 295 311 298
f 298 311 312
f 298 312 299
f 290 270 313
f 281 314 282
f 282 314 315
f 282 315 291
f 291 315 297
f 314 316 315
f 315 316 317
f 315 317 297
f 297 317 310
f 297 310 296
f 313 318 290
f 290 318 319
f 290 319 288
f 288 319 320
f 288 320 281
f 281 320 321
f 281 321 314
f 314 321 322
f 314 322 316
f 260 323 277
f 277 323 324
f 277 324 275
f 324 325 275
f 275 325 326
f 275 326 272
f 272 326 313
f 272 313 270
f 230 327 267
f 267 327 328
f 267 328 265
f 328 329 265
f 265 329 330
f 265 330 263
f 263 330 323
f 263 323 260
f 236 235 331
f 331 332 236
f 236 332 333
f 236 333 232
f 232 333 334
f 232 334 233
f 233 334 218
f 218 334 335
f 218 335 219
f 219 335 336
f 219 336 227
f 227 336 229
f 229 336 327
f 229 327 230
f 332 337 333
f 333 337 338
f 333 338 334
f 334 338 339
f 334 339 335
f 207 205 224
f 224 205 340
f 224 340 235
f 235 340 341
f 235 341 331
f 342 323 330
f 342 330 343
f 344 345 346
f 347 348 349
f 347 349 350
f 350 349 351
f 350 351 352
f 352 351 353
f 352 353 354
f 355 352 356
f 356 352 354
f 356 354 357
f 357 354 358
f 209 208 359
f 359 208 195
f 195 194 359
f 359 194 212
f 359 212 360
f 361 204 211
f 361 211 359
f 359 211 210
f 359 210 209
f 204 361 205
f 205 361 362
f 205 362 340
f 340 362 341
f 341 362 363
f 341 363 331
f 337 332 364
f 337 364 338
f 365 335 364
f 364 335 339
f 364 339 338
f 330 329 343
f 343 329 328
f 343 328 365
f 365 328 327
f 365 327 335
f 335 327 336
f 332 331 364
f 364 331 363
f 364 363 365
f 365 363 346
f 365 346 343
f 343 346 345
f 343 345 342
f 342 345 344
f 360 358 359
f 359 358 354
f 359 354 361
f 361 354 353
f 361 353 362
f 362 353 351
f 362 351 363
f 363 351 349
f 363 349 346
f 346 349 348
f 346 348 344
f 344 348 347
f 366 300 299
f 367 368 369
f 369 368 305
f 300 366 306
f 306 366 370
f 306 370 307
f 307 370 369
f 307 369 308
f 308 369 305
f 308 305 309
f 371 372 373
f 324 374 375
f 376 326 325
f 319 318 376
f 376 318 313
f 376 313 326
f 310 317 377
f 377 317 316
f 316 322 377
f 377 322 321
f 377 321 376
f 376 321 320
f 376 320 319
f 299 312 366
f 366 312 311
f 366 311 378
f 379 380 381
f 381 380 382
f 381 382 344
f 325 324 376
f 376 324 375
f 376 375 377
f 377 375 378
f 377 378 310
f 310 378 311
f 373 383 371
f 371 383 384
f 371 384 379
f 379 384 385
f 379 385 380
f 373 367 383
f 383 367 369
f 383 369 384
f 384 369 370
f 384 370 385
f 385 370 366
f 385 366 380
f 380 366 378
f 380 378 382
f 382 378 375
f 382 375 344
f 344 375 374
f 344 374 342
f 342 374 324
f 342 324 323
f 33 34 305
f 26 31 367
f 367 31 33
f 367 33 368
f 368 33 305
f 367 373 26
f 26 373 372
f 26 372 27
f 43 27 372
f 372 386 43
f 43 386 387
f 43 387 41
f 387 388 41
f 41 388 389
f 41 389 38
f 38 389 44
f 38 44 35
f 372 371 390
f 388 387 390
f 390 387 386
f 390 386 372
f 61 63 391
f 391 63 62
f 62 45 391
f 391 45 44
f 391 44 389
f 392 55 59
f 392 59 391
f 391 59 60
f 391 60 61
f 55 392 56
f 56 392 393
f 56 393 394
f 394 393 395
f 395 393 396
f 395 396 397
f 398 399 400
f 398 400 401
f 402 403 404
f 404 403 405
f 404 405 400
f 400 405 406
f 400 406 401
f 402 404 407
f 407 404 408
f 407 408 409
f 409 408 410
f 410 408 411
f 410 411 412
f 399 397 400
f 400 397 396
f 400 396 404
f 404 396 413
f 404 413 408
f 344 414 381
f 381 414 415
f 381 415 379
f 379 415 416
f 379 416 371
f 371 416 417
f 371 417 390
f 389 388 391
f 391 388 390
f 391 390 392
f 392 390 417
f 392 417 393
f 393 417 416
f 393 416 396
f 396 416 415
f 396 415 413
f 413 415 414
f 413 414 408
f 408 414 344
f 408 344 411
f 397 82 395
f 395 82 84
f 395 84 394
f 394 84 64
f 394 64 56
f 56 64 58
f 80 82 397
f 72 81 418
f 418 81 80
f 418 80 419
f 402 66 403
f 403 66 68
f 403 68 405
f 405 68 70
f 405 70 406
f 397 399 80
f 80 399 398
f 80 398 419
f 419 398 401
f 419 401 418
f 418 401 406
f 418 406 72
f 72 406 70
f 66 402 118
f 118 402 407
f 118 407 116
f 407 409 116
f 116 409 410
f 116 410 114
f 114 410 412
f 114 412 111
f 111 412 128
f 128 412 420
f 128 420 126
f 420 421 126
f 126 421 422
f 126 422 123
f 123 422 423
f 123 423 121
f 139 121 423
f 424 425 142
f 142 425 161
f 426 152 427
f 427 152 150
f 427 150 149
f 423 428 139
f 139 428 429
f 139 429 137
f 137 429 430
f 137 430 135
f 135 430 431
f 135 431 142
f 142 431 432
f 142 432 424
f 424 432 433
f 424 433 425
f 425 433 427
f 425 427 161
f 161 427 149
f 152 426 154
f 154 426 434
f 154 434 162
f 162 434 435
f 162 435 436
f 160 162 436
f 436 437 160
f 160 437 438
f 160 438 159
f 159 438 439
f 159 439 146
f 146 439 440
f 146 440 133
f 133 440 441
f 133 441 134
f 129 442 130
f 130 442 184
f 437 443 438
f 438 443 444
f 438 444 439
f 439 444 445
f 439 445 440
f 440 445 446
f 440 446 441
f 441 446 442
f 441 442 134
f 134 442 129
f 183 184 442
f 176 181 447
f 447 181 183
f 447 183 448
f 448 183 442
f 447 449 176
f 176 449 355
f 176 355 177
f 193 177 355
f 355 356 193
f 193 356 357
f 193 357 191
f 357 358 191
f 191 358 360
f 191 360 188
f 188 360 212
f 188 212 185
f 447 448 450
f 450 448 442
f 352 355 449
f 449 451 352
f 352 451 452
f 352 452 350
f 452 453 350
f 350 453 454
f 350 454 347
f 347 454 455
f 347 455 344
f 344 455 456
f 344 456 411
f 456 457 411
f 411 457 420
f 411 420 412
f 458 422 421
f 458 430 429
f 429 428 458
f 458 428 423
f 458 423 422
f 459 426 427
f 427 433 459
f 459 433 432
f 459 432 458
f 458 432 431
f 458 431 430
f 460 437 436
f 436 435 460
f 460 435 434
f 460 434 461
f 437 460 443
f 443 460 462
f 443 462 444
f 444 462 450
f 444 450 445
f 445 450 442
f 445 442 446
f 458 463 459
f 459 463 461
f 459 461 426
f 426 461 434
f 449 447 451
f 451 447 450
f 451 450 452
f 452 450 462
f 452 462 453
f 453 462 460
f 453 460 454
f 454 460 461
f 454 461 455
f 455 461 463
f 455 463 456
f 456 463 458
f 456 458 457
f 457 458 421
f 457 421 420
f 292 8 7
f 464 465 466
f 269 268 289
f 269 289 467
f 467 289 287
f 467 287 468
f 7 465 292
f 292 465 464
f 292 464 284
f 284 464 469
f 284 469 283
f 283 469 468
f 283 468 286
f 286 468 287
f 466 470 464
f 464 470 471
f 464 471 469
f 469 471 472
f 469 472 468
f 470 466 473
f 2 474 4
f 25 475 476
f 477 478 479
f 478 477 480
f 480 477 481
f 480 481 482
f 482 481 483
f 482 483 484
f 485 486 487
f 488 489 490
f 490 489 491
f 490 491 492
f 492 491 493
f 492 493 494
f 494 493 495
f 496 497 498
f 497 496 499
f 500 501 502
f 502 501 503
f 502 503 504
f 504 503 499
f 504 499 505
f 505 499 496
f 505 496 506
f 500 507 508
f 508 507 509
f 508 509 510
f 510 509 511
f 510 511 512
f 513 28 512
f 15 11 514
f 514 11 32
f 514 32 515
f 515 32 30
f 515 30 513
f 513 30 29
f 513 29 28
f 25 24 475
f 475 24 14
f 475 14 476
f 476 14 13
f 476 13 16
f 474 2 516
f 465 7 517
f 517 7 4
f 517 4 518
f 518 4 474
f 470 473 471
f 269 467 468
f 271 269 519
f 519 269 468
f 519 468 473
f 473 468 472
f 473 472 471
f 271 519 273
f 273 519 520
f 273 520 274
f 274 520 521
f 274 521 276
f 486 485 522
f 522 485 523
f 522 523 524
f 465 517 466
f 466 517 525
f 466 525 473
f 473 525 526
f 473 526 519
f 519 526 527
f 519 527 520
f 520 527 528
f 520 528 521
f 521 528 261
f 521 261 276
f 529 530 531
f 531 530 532
f 531 532 533
f 533 532 534
f 533 534 535
f 535 534 536
f 535 536 537
f 518 529 517
f 517 529 531
f 517 531 525
f 525 531 533
f 525 533 526
f 526 533 535
f 526 535 527
f 527 535 537
f 527 537 528
f 530 538 532
f 532 538 539
f 532 539 534
f 534 539 483
f 534 483 536
f 536 483 481
f 536 481 537
f 537 481 477
f 537 477 528
f 528 477 479
f 528 479 261
f 16 15 476
f 476 15 514
f 476 514 540
f 540 514 515
f 2 22 516
f 516 22 25
f 516 25 541
f 541 25 476
f 541 476 542
f 542 476 540
f 543 544 545
f 545 544 546
f 545 546 547
f 547 546 548
f 547 548 549
f 549 548 550
f 549 550 500
f 551 488 552
f 552 488 490
f 552 490 553
f 553 490 492
f 553 492 524
f 524 492 494
f 524 494 522
f 522 494 495
f 522 495 486
f 542 551 541
f 541 551 552
f 541 552 516
f 516 552 553
f 516 553 474
f 474 553 524
f 474 524 518
f 518 524 523
f 518 523 529
f 529 523 485
f 529 485 530
f 530 485 487
f 530 487 538
f 546 511 548
f 548 511 509
f 548 509 550
f 550 509 507
f 550 507 500
f 506 543 505
f 505 543 545
f 505 545 504
f 504 545 547
f 504 547 502
f 502 547 549
f 502 549 500
f 512 511 513
f 513 511 546
f 513 546 515
f 515 546 544
f 515 544 540
f 540 544 543
f 540 543 542
f 542 543 506
f 542 506 551
f 551 506 496
f 551 496 488
f 488 496 498
f 488 498 489
f 554 555 556
f 557 558 559
f 187 560 189
f 248 247 561
f 252 258 562
f 480 482 563
f 564 565 566
f 564 567 568
f 568 567 569
f 568 569 570
f 570 569 571
f 570 571 572
f 572 571 178
f 572 178 573
f 566 565 574
f 574 565 575
f 574 575 576
f 577 578 579
f 575 580 576
f 576 580 577
f 576 577 581
f 581 577 579
f 581 579 582
f 583 584 585
f 584 586 587
f 587 586 588
f 587 588 589
f 589 588 590
f 589 590 591
f 591 590 592
f 591 592 593
f 593 592 594
f 593 594 595
f 595 594 596
f 595 596 597
f 597 596 598
f 597 598 599
f 599 598 563
f 599 563 600
f 600 563 482
f 600 482 484
f 601 479 478
f 253 251 602
f 602 251 266
f 602 266 603
f 603 266 264
f 603 264 604
f 604 264 262
f 604 262 261
f 258 259 562
f 562 259 255
f 562 255 602
f 602 255 254
f 602 254 253
f 605 250 606
f 606 250 249
f 606 249 607
f 607 249 608
f 242 241 609
f 609 241 240
f 609 240 610
f 242 609 247
f 247 609 611
f 247 611 561
f 246 245 612
f 189 560 190
f 190 560 613
f 190 613 192
f 178 192 573
f 573 192 613
f 573 613 572
f 572 613 614
f 572 614 570
f 570 614 615
f 570 615 568
f 568 615 616
f 568 616 564
f 617 564 616
f 578 558 579
f 579 558 557
f 579 557 582
f 582 557 585
f 555 554 618
f 618 554 619
f 618 619 611
f 611 619 612
f 611 612 561
f 561 612 245
f 561 245 248
f 617 616 620
f 620 616 615
f 620 615 556
f 556 615 614
f 556 614 554
f 554 614 613
f 554 613 619
f 619 613 560
f 619 560 612
f 612 560 187
f 612 187 246
f 240 250 610
f 610 250 605
f 610 605 609
f 609 605 559
f 609 559 611
f 611 559 558
f 611 558 618
f 618 558 578
f 618 578 555
f 555 578 577
f 555 577 556
f 556 577 580
f 556 580 620
f 620 580 575
f 620 575 617
f 617 575 565
f 617 565 564
f 261 479 604
f 604 479 601
f 604 601 603
f 603 601 621
f 603 621 602
f 602 621 622
f 602 622 562
f 562 622 608
f 562 608 252
f 252 608 249
f 584 583 586
f 586 583 623
f 586 623 588
f 588 623 624
f 588 624 590
f 590 624 625
f 590 625 592
f 592 625 626
f 592 626 594
f 594 626 627
f 594 627 596
f 596 627 628
f 596 628 598
f 598 628 629
f 598 629 563
f 563 629 630
f 563 630 480
f 585 557 583
f 583 557 559
f 583 559 623
f 623 559 605
f 623 605 624
f 624 605 606
f 624 606 625
f 625 606 607
f 625 607 626
f 626 607 608
f 626 608 627
f 627 608 622
f 627 622 628
f 628 622 621
f 628 621 629
f 629 621 601
f 629 601 630
f 630 601 478
f 630 478 480
f 631 632 633
f 175 634 635
f 180 179 636
f 564 637 567
f 638 639 640
f 640 639 641
f 638 640 642
f 642 640 643
f 642 643 644
f 645 646 647
f 647 646 648
f 647 648 649
f 649 648 650
f 649 650 651
f 651 650 652
f 651 652 653
f 653 652 654
f 653 654 655
f 655 654 656
f 655 656 657
f 657 656 658
f 657 658 659
f 659 658 660
f 659 660 661
f 661 660 662
f 661 662 663
f 663 662 664
f 663 664 665
f 179 178 636
f 636 178 571
f 636 571 666
f 666 571 569
f 666 569 667
f 170 166 668
f 668 166 182
f 668 182 669
f 175 174 634
f 634 174 169
f 634 169 635
f 635 169 168
f 635 168 171
f 631 164 632
f 632 164 163
f 632 163 633
f 631 670 164
f 164 670 671
f 164 671 165
f 672 673 671
f 671 673 674
f 671 674 165
f 675 676 677
f 677 676 678
f 120 679 680
f 678 676 680
f 680 676 681
f 680 681 120
f 112 127 682
f 682 127 125
f 682 125 683
f 683 125 124
f 683 124 681
f 681 124 122
f 681 122 120
f 182 180 669
f 669 180 636
f 669 636 684
f 684 636 666
f 684 666 685
f 685 666 667
f 685 667 686
f 171 170 635
f 635 170 668
f 635 668 687
f 687 668 669
f 687 669 688
f 688 669 684
f 564 689 690
f 690 689 691
f 690 691 692
f 692 691 693
f 692 693 694
f 694 693 645
f 694 645 695
f 695 645 647
f 695 647 696
f 696 647 649
f 696 649 697
f 697 649 651
f 697 651 698
f 698 651 653
f 686 699 685
f 685 699 700
f 685 700 684
f 684 700 701
f 684 701 688
f 688 701 702
f 688 702 687
f 687 702 703
f 687 703 635
f 635 703 704
f 635 704 175
f 175 704 633
f 175 633 173
f 173 633 163
f 639 112 641
f 641 112 682
f 641 682 705
f 705 682 683
f 705 683 706
f 706 683 681
f 706 681 672
f 672 681 676
f 672 676 673
f 673 676 675
f 665 707 663
f 663 707 708
f 663 708 661
f 661 708 709
f 661 709 659
f 659 709 710
f 659 710 657
f 657 710 711
f 657 711 655
f 655 711 712
f 655 712 653
f 653 712 713
f 653 713 698
f 714 644 664
f 664 644 643
f 664 643 665
f 665 643 640
f 665 640 707
f 707 640 641
f 707 641 708
f 708 641 705
f 708 705 709
f 709 705 706
f 709 706 710
f 710 706 672
f 710 672 711
f 711 672 671
f 711 671 712
f 712 671 670
f 712 670 713
f 713 670 631
f 713 631 698
f 698 631 633
f 698 633 697
f 697 633 704
f 697 704 696
f 696 704 703
f 696 703 695
f 695 703 702
f 695 702 694
f 694 702 701
f 694 701 692
f 692 701 700
f 692 700 690
f 690 700 699
f 690 699 564
f 686 564 699
f 569 567 667
f 667 567 637
f 667 637 686
f 686 637 564
f 715 716 717
f 718 719 720
f 37 721 39
f 108 109 722
f 723 724 725
f 726 727 728
f 500 508 729
f 729 508 510
f 729 510 730
f 730 510 512
f 730 512 731
f 731 512 28
f 731 28 732
f 726 728 733
f 733 728 734
f 733 734 723
f 735 642 644
f 723 725 736
f 736 725 737
f 736 737 738
f 738 737 739
f 738 739 740
f 740 739 741
f 740 741 742
f 742 741 743
f 742 743 744
f 744 743 745
f 744 745 746
f 746 745 747
f 746 747 748
f 748 747 749
f 748 749 750
f 750 749 751
f 750 751 752
f 752 751 753
f 752 753 754
f 754 753 735
f 754 735 755
f 755 735 644
f 755 644 714
f 756 112 639
f 103 102 757
f 757 102 117
f 757 117 758
f 758 117 115
f 758 115 756
f 756 115 113
f 756 113 112
f 722 109 757
f 757 109 110
f 757 110 103
f 759 100 760
f 760 100 104
f 760 104 106
f 715 99 98
f 98 91 715
f 715 91 90
f 715 90 716
f 716 90 101
f 716 101 717
f 717 101 761
f 37 97 762
f 762 97 96
f 762 96 95
f 39 721 40
f 40 721 763
f 40 763 42
f 638 764 639
f 639 764 765
f 639 765 756
f 756 765 766
f 756 766 758
f 758 766 767
f 758 767 757
f 757 767 760
f 757 760 722
f 722 760 106
f 722 106 108
f 101 100 761
f 761 100 759
f 761 759 768
f 768 759 760
f 768 760 769
f 769 760 767
f 769 767 770
f 770 767 766
f 770 766 771
f 771 766 765
f 771 765 772
f 772 765 764
f 95 773 762
f 762 773 720
f 762 720 774
f 774 720 775
f 774 775 776
f 776 775 777
f 776 777 778
f 37 762 721
f 721 762 774
f 721 774 763
f 763 774 776
f 763 776 779
f 779 776 778
f 779 778 780
f 780 778 781
f 780 781 782
f 782 781 783
f 782 783 500
f 720 719 775
f 775 719 784
f 775 784 777
f 777 784 785
f 777 785 778
f 778 785 734
f 778 734 781
f 781 734 728
f 781 728 783
f 783 728 727
f 783 727 500
f 726 500 727
f 723 734 724
f 724 734 785
f 724 785 725
f 725 785 784
f 725 784 737
f 737 784 719
f 737 719 739
f 739 719 718
f 739 718 741
f 95 93 773
f 773 93 99
f 773 99 720
f 720 99 715
f 720 715 718
f 718 715 717
f 718 717 741
f 741 717 761
f 741 761 743
f 743 761 768
f 743 768 745
f 745 768 769
f 745 769 747
f 747 769 770
f 747 770 749
f 749 770 771
f 749 771 751
f 751 771 772
f 751 772 753
f 753 772 764
f 753 764 735
f 735 764 638
f 735 638 642
f 28 42 732
f 732 42 763
f 732 763 731
f 731 763 779
f 731 779 730
f 730 779 780
f 730 780 729
f 729 780 782
f 729 782 500
f 786 787 646
f 664 662 788
f 656 789 658
f 658 789 790
f 658 790 660
f 660 790 791
f 660 791 662
f 662 791 792
f 662 792 788
f 788 793 664
f 664 793 794
f 664 794 714
f 714 794 795
f 714 795 755
f 755 795 796
f 755 796 754
f 754 796 797
f 754 797 752
f 752 797 798
f 752 798 750
f 750 798 799
f 750 799 748
f 498 800 489
f 489 800 801
f 489 801 491
f 491 801 802
f 491 802 493
f 799 803 748
f 748 803 804
f 748 804 746
f 746 804 805
f 746 805 744
f 744 805 806
f 744 806 742
f 726 733 807
f 806 808 742
f 742 808 809
f 742 809 740
f 740 809 810
f 740 810 738
f 738 810 811
f 738 811 736
f 736 811 812
f 736 812 723
f 723 812 813
f 723 813 733
f 733 813 814
f 733 814 807
f 593 815 591
f 591 815 816
f 591 816 589
f 589 816 817
f 589 817 587
f 646 787 648
f 648 787 818
f 648 818 650
f 650 818 819
f 650 819 652
f 652 819 820
f 652 820 654
f 654 820 821
f 654 821 656
f 656 821 822
f 656 822 789
f 802 823 493
f 493 823 824
f 493 824 495
f 495 824 825
f 495 825 486
f 486 825 826
f 486 826 487
f 487 826 827
f 487 827 538
f 538 827 828
f 538 828 539
f 807 829 726
f 726 829 830
f 726 830 500
f 500 830 831
f 500 831 501
f 501 831 832
f 501 832 503
f 503 832 833
f 503 833 499
f 499 833 834
f 499 834 497
f 497 834 835
f 497 835 498
f 498 835 836
f 498 836 800
f 817 837 587
f 587 837 838
f 587 838 584
f 584 838 839
f 584 839 585
f 585 839 840
f 585 840 582
f 582 840 841
f 582 841 581
f 581 841 842
f 581 842 576
f 828 843 539
f 539 843 844
f 539 844 483
f 842 845 576
f 576 845 846
f 576 846 574
f 574 846 847
f 574 847 848
f 786 646 849
f 849 646 645
f 849 645 850
f 850 645 693
f 850 693 851
f 851 693 691
f 851 691 852
f 852 691 689
f 852 689 853
f 853 689 564
f 853 564 848
f 848 564 566
f 848 566 574
f 844 854 483
f 483 854 855
f 483 855 484
f 484 855 856
f 484 856 600
f 600 856 857
f 600 857 599
f 599 857 858
f 599 858 597
f 597 858 859
f 597 859 595
f 595 859 860
f 595 860 593
f 593 860 861
f 593 861 815
f 790 862 863
f 864 865 795
f 866 865 867
f 867 865 864
f 867 864 868
f 868 864 869
f 868 869 870
f 871 872 873
f 873 872 874
f 874 872 875
f 875 872 876
f 875 876 877
f 877 876 878
f 878 876 879
f 878 879 880
f 880 879 881
f 881 879 882
f 881 882 883
f 883 882 884
f 884 882 885
f 884 885 886
f 887 888 885
f 885 888 889
f 885 889 886
f 890 891 892
f 892 891 893
f 892 893 887
f 887 893 894
f 887 894 888
f 895 896 897
f 897 896 898
f 897 898 899
f 898 900 899
f 899 900 901
f 899 901 902
f 902 901 903
f 902 903 904
f 852 853 905
f 906 849 907
f 907 849 850
f 907 850 908
f 908 850 851
f 908 851 909
f 909 851 852
f 909 852 910
f 910 852 905
f 910 905 911
f 818 787 906
f 906 787 786
f 906 786 849
f 906 912 818
f 818 912 913
f 818 913 819
f 819 913 914
f 819 914 820
f 820 914 915
f 820 915 821
f 821 915 916
f 821 916 822
f 862 790 916
f 916 790 789
f 916 789 822
f 793 788 917
f 917 788 792
f 917 792 863
f 863 792 791
f 863 791 790
f 795 794 864
f 864 794 793
f 864 793 869
f 869 793 917
f 869 917 870
f 870 917 918
f 919 903 920
f 920 903 901
f 920 901 921
f 921 901 900
f 921 900 922
f 922 900 898
f 922 898 890
f 890 898 896
f 890 896 891
f 891 896 895
f 911 919 910
f 910 919 920
f 910 920 909
f 909 920 921
f 909 921 908
f 908 921 922
f 908 922 907
f 907 922 890
f 907 890 906
f 906 890 892
f 906 892 912
f 912 892 887
f 912 887 913
f 913 887 885
f 913 885 914
f 914 885 882
f 914 882 915
f 915 882 879
f 915 879 916
f 916 879 876
f 916 876 862
f 862 876 872
f 862 872 863
f 863 872 871
f 863 871 917
f 917 871 873
f 917 873 918
f 923 831 830
f 924 799 925
f 925 799 798
f 926 927 928
f 929 930 931
f 932 933 934
f 934 933 929
f 934 929 935
f 935 929 931
f 936 937 938
f 938 937 939
f 938 939 932
f 932 939 940
f 932 940 933
f 938 941 936
f 936 941 942
f 936 942 943
f 944 945 942
f 942 945 946
f 942 946 943
f 947 948 949
f 949 948 950
f 949 950 944
f 944 950 951
f 944 951 945
f 949 952 947
f 947 952 953
f 947 953 954
f 954 953 955
f 954 955 956
f 956 955 957
f 956 957 958
f 958 957 959
f 958 959 960
f 960 959 961
f 960 961 962
f 963 964 961
f 961 964 965
f 961 965 962
f 796 795 865
f 959 797 961
f 961 797 796
f 961 796 963
f 963 796 865
f 963 865 964
f 964 865 866
f 805 804 924
f 924 804 803
f 924 803 799
f 966 806 967
f 967 806 805
f 967 805 968
f 968 805 924
f 969 813 970
f 970 813 812
f 970 812 971
f 971 812 811
f 971 811 972
f 972 811 810
f 972 810 973
f 973 810 809
f 973 809 966
f 966 809 808
f 966 808 806
f 829 807 969
f 969 807 814
f 969 814 813
f 969 974 829
f 829 974 975
f 829 975 830
f 830 975 976
f 830 976 923
f 931 926 935
f 935 926 928
f 935 928 934
f 934 928 977
f 934 977 932
f 932 977 978
f 932 978 938
f 938 978 979
f 938 979 941
f 927 976 928
f 928 976 975
f 928 975 977
f 977 975 974
f 977 974 978
f 978 974 969
f 978 969 979
f 979 969 970
f 979 970 941
f 941 970 971
f 941 971 942
f 942 971 972
f 942 972 944
f 944 972 973
f 944 973 949
f 949 973 966
f 949 966 952
f 952 966 967
f 952 967 953
f 953 967 968
f 953 968 955
f 955 968 924
f 955 924 957
f 957 924 925
f 957 925 959
f 959 925 798
f 959 798 797
f 980 981 982
f 983 984 985
f 986 835 987
f 987 835 834
f 988 989 990
f 990 989 991
f 990 991 992
f 991 993 992
f 992 993 994
f 992 994 995
f 996 997 998
f 998 997 999
f 998 999 1000
f 1000 999 1001
f 1000 1001 1002
f 1003 1004 1005
f 1005 1004 1006
f 1005 1006 1007
f 1007 1006 1008
f 1009 1010 1011
f 1011 1010 1012
f 1011 1012 1013
f 1013 1012 1014
f 1013 1014 1015
f 1014 926 931
f 1015 1014 1016
f 1016 1014 931
f 1016 931 930
f 832 831 923
f 1017 833 1018
f 1018 833 832
f 1018 832 1019
f 1019 832 923
f 801 800 986
f 986 800 836
f 986 836 835
f 1020 802 1021
f 1021 802 801
f 1021 801 1022
f 1022 801 986
f 1023 828 1024
f 1024 828 827
f 1024 827 1025
f 1025 827 826
f 1025 826 1026
f 1026 826 825
f 1026 825 1027
f 1027 825 824
f 1027 824 1020
f 1020 824 823
f 1020 823 802
f 854 844 1023
f 1023 844 843
f 1023 843 828
f 1028 1029 1030
f 1023 1031 854
f 854 1031 1028
f 854 1028 855
f 855 1028 1030
f 855 1030 856
f 1032 1033 982
f 982 1033 1034
f 982 1034 980
f 980 1034 1035
f 980 1035 1036
f 995 1037 992
f 992 1037 1038
f 992 1038 1039
f 1039 1038 1040
f 1039 1040 1041
f 1041 1040 1042
f 1041 1042 1032
f 1032 1042 1043
f 1032 1043 1033
f 1019 1044 1018
f 1018 1044 1045
f 1018 1045 1017
f 1017 1045 1046
f 1017 1046 1047
f 1047 1046 1048
f 1047 1048 1049
f 1049 1048 1008
f 1049 1008 1050
f 1050 1008 1006
f 1050 1006 1051
f 1051 1006 1004
f 1051 1004 1052
f 923 976 1019
f 1019 976 927
f 1019 927 1044
f 1044 927 926
f 1044 926 1045
f 1045 926 1014
f 1045 1014 1046
f 1046 1014 1012
f 1046 1012 1048
f 1048 1012 1010
f 1048 1010 1008
f 1008 1010 1009
f 1008 1009 1007
f 984 1029 985
f 985 1029 1028
f 985 1028 1053
f 1053 1028 1031
f 1053 1031 1054
f 1054 1031 1023
f 1054 1023 1055
f 1055 1023 1024
f 1055 1024 1056
f 1056 1024 1025
f 1056 1025 1057
f 1057 1025 1026
f 1057 1026 1058
f 1058 1026 1027
f 1058 1027 1052
f 1052 1027 1020
f 1052 1020 1051
f 1051 1020 1021
f 1051 1021 1050
f 1050 1021 1022
f 1050 1022 1049
f 1049 1022 986
f 1049 986 1047
f 1047 986 987
f 1047 987 1017
f 1017 987 834
f 1017 834 833
f 1058 988 1057
f 1057 988 990
f 1057 990 1056
f 1056 990 992
f 1056 992 1055
f 1055 992 1039
f 1055 1039 1054
f 1054 1039 1041
f 1054 1041 1053
f 1053 1041 1032
f 1053 1032 985
f 985 1032 982
f 985 982 983
f 983 982 981
f 1003 1002 1004
f 1004 1002 1001
f 1004 1001 1052
f 1052 1001 999
f 1052 999 1058
f 1058 999 997
f 1058 997 988
f 988 997 996
f 988 996 989
f 1059 1060 1061
f 1062 1063 1064
f 1065 1066 1067
f 1068 1069 1070
f 1071 1072 1073
f 1074 1075 1076
f 1037 995 1077
f 930 1078 1079
f 1013 1015 1079
f 1079 1015 1016
f 1079 1016 930
f 1079 1080 1013
f 1013 1080 1081
f 1013 1081 1011
f 1082 1007 1083
f 1083 1007 1009
f 1083 1009 1084
f 1084 1009 1011
f 1084 1011 1085
f 1085 1011 1081
f 1002 1003 1082
f 1082 1003 1005
f 1082 1005 1007
f 989 996 1086
f 1086 996 998
f 1086 998 1087
f 1087 998 1000
f 1086 1088 1089
f 1088 994 1089
f 1089 994 993
f 1089 993 1086
f 1086 993 991
f 1086 991 989
f 1037 1077 1038
f 1090 1091 1035
f 1035 1091 1092
f 1035 1092 1036
f 1035 1034 1090
f 1090 1034 1033
f 1090 1033 1093
f 1093 1033 1043
f 1093 1043 1094
f 1094 1043 1042
f 1094 1042 1095
f 1095 1042 1040
f 1095 1040 1096
f 1074 1076 1097
f 1073 1072 1098
f 1098 1072 1099
f 1098 1099 1100
f 1100 1099 1101
f 1100 1101 1102
f 1102 1101 1103
f 1102 1103 1076
f 1076 1103 1104
f 1076 1104 1097
f 1105 1106 1060
f 1060 1106 1107
f 1060 1107 1061
f 1061 1107 1108
f 1061 1108 1109
f 1110 1105 1111
f 1112 1113 1114
f 1114 1113 1115
f 1114 1115 1116
f 1116 1115 1117
f 1116 1117 1118
f 1118 1117 1110
f 1118 1110 1119
f 1119 1110 1111
f 1120 1121 1112
f 1112 1121 1122
f 1112 1122 1113
f 1066 1068 1067
f 1067 1068 1070
f 1067 1070 1123
f 1123 1070 1120
f 1123 1120 1124
f 1124 1120 1112
f 1075 1091 1076
f 1076 1091 1090
f 1076 1090 1102
f 1102 1090 1093
f 1102 1093 1100
f 1100 1093 1094
f 1100 1094 1098
f 1098 1094 1095
f 1098 1095 1073
f 1073 1095 1096
f 1040 1038 1096
f 1096 1038 1077
f 1096 1077 1073
f 1073 1077 1109
f 1073 1109 1071
f 1071 1109 1108
f 995 994 1077
f 1077 994 1088
f 1077 1088 1109
f 1109 1088 1086
f 1109 1086 1061
f 1061 1086 1087
f 1061 1087 1059
f 1059 1087 1000
f 1059 1000 1002
f 1111 1125 1119
f 1119 1125 1126
f 1119 1126 1118
f 1118 1126 1127
f 1118 1127 1116
f 1116 1127 1128
f 1116 1128 1114
f 1114 1128 1129
f 1114 1129 1112
f 1112 1129 1130
f 1112 1130 1124
f 1124 1130 1131
f 1124 1131 1123
f 1123 1131 1132
f 1123 1132 1067
f 1067 1132 1064
f 1067 1064 1065
f 1065 1064 1063
f 1105 1060 1111
f 1111 1060 1059
f 1111 1059 1125
f 1125 1059 1002
f 1125 1002 1126
f 1126 1002 1082
f 1126 1082 1127
f 1127 1082 1083
f 1127 1083 1128
f 1128 1083 1084
f 1128 1084 1129
f 1129 1084 1085
f 1129 1085 1130
f 1130 1085 1081
f 1130 1081 1131
f 1131 1081 1080
f 1131 1080 1132
f 1132 1080 1079
f 1132 1079 1064
f 1064 1079 1078
f 1064 1078 1062
f 1133 1134 1135
f 1136 1137 1138
f 1074 1097 1139
f 1091 1075 1140
f 1140 1075 1074
f 1036 1092 1141
f 1142 1143 1144
f 1144 1143 1145
f 1144 1145 1141
f 1141 1145 1146
f 1141 1146 1036
f 1147 1148 1149
f 1149 1148 1150
f 1149 1150 1151
f 1151 1150 1152
f 1151 1152 1142
f 1142 1152 1153
f 1142 1153 1143
f 1154 1155 1156
f 1156 1155 1157
f 1156 1157 1158
f 1158 1157 1159
f 1158 1159 1160
f 1160 1159 1161
f 1160 1161 1162
f 1163 1164 1165
f 1165 1164 1166
f 1165 1166 1167
f 1167 1166 1168
f 1167 1168 1169
f 1169 1168 1170
f 1169 1170 1171
f 1171 1170 1172
f 1171 1172 1173
f 1173 1172 1174
f 1173 1174 1175
f 1175 1174 1176
f 1175 1176 1177
f 1177 1176 1178
f 1177 1178 904
f 1179 1180 1181
f 1181 1180 1182
f 1136 1138 1183
f 1184 1185 1186
f 1135 1134 1187
f 1187 1134 1188
f 1187 1188 1189
f 1189 1188 1190
f 1189 1190 1191
f 1191 1190 1192
f 1191 1192 1193
f 1193 1192 1194
f 1193 1194 1195
f 1195 1194 1196
f 1195 1196 1197
f 1197 1196 1198
f 1197 1198 1138
f 1138 1198 1199
f 1138 1199 1183
f 1092 1091 1141
f 1141 1091 1140
f 1141 1140 1144
f 1144 1140 1200
f 1144 1200 1142
f 1142 1200 1201
f 1142 1201 1151
f 1151 1201 1202
f 1151 1202 1149
f 1149 1202 1203
f 1149 1203 1147
f 1074 1139 1140
f 1140 1139 1204
f 1140 1204 1200
f 1200 1204 1205
f 1200 1205 1201
f 1201 1205 1206
f 1201 1206 1202
f 1202 1206 1184
f 1202 1184 1203
f 1203 1184 1186
f 1203 1186 1147
f 1207 1162 1208
f 1208 1162 1161
f 1208 1161 1209
f 1209 1161 1159
f 1209 1159 1210
f 1210 1159 1157
f 1210 1157 1186
f 1186 1157 1155
f 1186 1155 1147
f 1147 1155 1154
f 1147 1154 1148
f 1165 1207 1163
f 1163 1207 1208
f 1163 1208 1211
f 1211 1208 1209
f 1211 1209 1212
f 1212 1209 1210
f 1212 1210 1213
f 1213 1210 1186
f 1213 1186 1214
f 1214 1186 1185
f 1137 1179 1138
f 1138 1179 1181
f 1138 1181 1197
f 1197 1181 1215
f 1197 1215 1195
f 1195 1215 1216
f 1195 1216 1193
f 1193 1216 1217
f 1193 1217 1191
f 1191 1217 1218
f 1191 1218 1189
f 1189 1218 1219
f 1189 1219 1187
f 1187 1219 1220
f 1187 1220 1135
f 1212 1133 1211
f 1211 1133 1135
f 1211 1135 1163
f 1163 1135 1220
f 1163 1220 1164
f 1164 1220 1219
f 1164 1219 1166
f 1166 1219 1218
f 1166 1218 1168
f 1168 1218 1217
f 1168 1217 1170
f 1170 1217 1216
f 1170 1216 1172
f 1172 1216 1215
f 1172 1215 1174
f 1174 1215 1181
f 1174 1181 1176
f 1176 1181 1182
f 1176 1182 1178
f 905 853 848
f 841 1221 1222
f 903 919 1223
f 904 903 1177
f 1177 903 1224
f 1177 1224 1175
f 1175 1224 1225
f 1175 1225 1173
f 1173 1225 1226
f 1173 1226 1171
f 1171 1226 1169
f 1226 1227 1169
f 1169 1227 1228
f 1169 1228 1167
f 1167 1228 1229
f 1167 1229 1165
f 1165 1229 1230
f 1165 1230 1207
f 1207 1230 1231
f 1207 1231 1162
f 1162 1231 1232
f 1162 1232 1160
f 1158 1233 1156
f 1156 1233 1234
f 1156 1234 1154
f 1154 1234 1235
f 1154 1235 1148
f 1148 1235 1150
f 1150 1235 1236
f 1150 1236 1152
f 1152 1236 1153
f 1153 1236 1237
f 1153 1237 1143
f 1143 1237 1145
f 1145 1237 1238
f 1145 1238 1146
f 1146 1238 980
f 1146 980 1036
f 984 983 1238
f 1238 983 981
f 1238 981 980
f 857 856 1030
f 1239 860 1240
f 1240 860 859
f 1240 859 1241
f 1241 859 858
f 1241 858 1242
f 1242 858 857
f 1242 857 1243
f 1243 857 1030
f 816 815 1239
f 1239 815 861
f 1239 861 860
f 1239 1244 816
f 816 1244 1245
f 816 1245 817
f 817 1245 1246
f 817 1246 837
f 837 1246 1247
f 837 1247 838
f 838 1247 1248
f 838 1248 839
f 1221 841 1248
f 1248 841 840
f 1248 840 839
f 847 846 1249
f 1249 846 845
f 1249 845 1222
f 1222 845 842
f 1222 842 841
f 1249 1250 847
f 847 1250 1251
f 847 1251 848
f 848 1251 911
f 848 911 905
f 903 1223 1224
f 1224 1223 1252
f 1224 1252 1225
f 1225 1252 1253
f 1225 1253 1226
f 1226 1253 1254
f 1226 1254 1227
f 1255 1256 1257
f 1243 1258 1242
f 1242 1258 1259
f 1242 1259 1241
f 1241 1259 1260
f 1241 1260 1240
f 1240 1260 1261
f 1240 1261 1239
f 1239 1261 1262
f 1239 1262 1244
f 1244 1262 1256
f 1244 1256 1245
f 1245 1256 1255
f 1245 1255 1246
f 1246 1255 1263
f 1246 1263 1247
f 1247 1263 1264
f 1247 1264 1248
f 1248 1264 1265
f 1248 1265 1221
f 1221 1265 1266
f 1221 1266 1222
f 1222 1266 1267
f 1222 1267 1249
f 1158 1257 1233
f 1233 1257 1256
f 1233 1256 1234
f 1234 1256 1262
f 1234 1262 1235
f 1235 1262 1261
f 1235 1261 1236
f 1236 1261 1260
f 1236 1260 1237
f 1237 1260 1259
f 1237 1259 1238
f 1238 1259 1258
f 1238 1258 984
f 984 1258 1243
f 984 1243 1029
f 1029 1243 1030
f 919 911 1223
f 1223 911 1251
f 1223 1251 1252
f 1252 1251 1250
f 1252 1250 1253
f 1253 1250 1249
f 1253 1249 1254
f 1254 1249 1267
f 1254 1267 1227
f 1227 1267 1266
f 1227 1266 1228
f 1228 1266 1265
f 1228 1265 1229
f 1229 1265 1264
f 1229 1264 1230
f 1230 1264 1263
f 1230 1263 1231
f 1231 1263 1255
f 1231 1255 1232
f 1232 1255 1257
f 1232 1257 1160
f 1160 1257 1158
f 1268 1269 1270
f 1271 1272 1273
f 1274 1275 1276
f 875 1277 1278
f 1279 897 899
f 1280 1137 1281
f 1281 1137 1136
f 1281 1136 1183
f 1276 1180 1280
f 1280 1180 1179
f 1280 1179 1137
f 904 1178 1276
f 1276 1178 1182
f 1276 1182 1180
f 1279 1282 897
f 897 1282 1283
f 897 1283 895
f 895 1283 1284
f 895 1284 891
f 893 1285 894
f 894 1285 1286
f 894 1286 888
f 888 1286 1287
f 888 1287 889
f 889 1287 1288
f 889 1288 886
f 886 1288 884
f 884 1288 1289
f 884 1289 883
f 883 1289 881
f 881 1289 1290
f 881 1290 880
f 880 1290 1291
f 880 1291 878
f 878 1291 1292
f 878 1292 877
f 877 1292 875
f 875 1292 1293
f 875 1293 1277
f 1294 868 1295
f 1295 868 870
f 1295 870 1296
f 1296 870 918
f 1296 918 1297
f 1297 918 873
f 1297 873 1278
f 1278 873 874
f 1278 874 875
f 1298 1299 1300
f 1294 1298 868
f 868 1298 1300
f 868 1300 867
f 867 1300 866
f 1282 1301 1283
f 1283 1301 1302
f 1283 1302 1284
f 1284 1302 1285
f 1284 1285 891
f 891 1285 893
f 1303 1304 1305
f 1305 1304 1306
f 1305 1306 1307
f 1307 1306 1308
f 902 904 1309
f 1309 904 1276
f 1309 1276 1310
f 1310 1276 1275
f 1310 1303 1309
f 1309 1303 1305
f 1309 1305 902
f 902 1305 1307
f 902 1307 899
f 899 1307 1308
f 899 1308 1279
f 1311 1312 1280
f 1280 1312 1313
f 1280 1313 1276
f 1276 1313 1314
f 1276 1314 1274
f 1315 1316 1317
f 1317 1316 1271
f 1317 1271 1318
f 1318 1271 1273
f 1318 1273 1319
f 1319 1273 1320
f 1319 1320 1321
f 1322 1323 1324
f 1324 1323 1321
f 1324 1321 1325
f 1325 1321 1320
f 1326 1327 1322
f 1322 1327 1328
f 1322 1328 1323
f 1329 1330 1331
f 1331 1330 1327
f 1331 1327 1332
f 1332 1327 1326
f 1333 1334 1329
f 1329 1334 1335
f 1329 1335 1330
f 1333 1336 1334
f 1334 1336 1337
f 1334 1337 1338
f 1338 1337 1339
f 1338 1339 1340
f 1340 1339 1341
f 1340 1341 1342
f 1342 1341 1343
f 1342 1343 1344
f 1344 1343 1345
f 1345 1343 1346
f 1345 1346 1347
f 1347 1346 1348
f 1347 1348 1349
f 1348 1350 1349
f 1349 1350 1351
f 1349 1351 1352
f 1352 1351 1353
f 1352 1353 1354
f 1354 1353 1355
f 1356 1268 1357
f 1357 1268 1270
f 1357 1270 1355
f 1355 1270 1358
f 1355 1358 1354
f 1315 1311 1316
f 1316 1311 1280
f 1316 1280 1271
f 1271 1280 1281
f 1271 1281 1272
f 1272 1281 1183
f 937 1359 939
f 1299 965 1300
f 1300 965 964
f 1300 964 866
f 1299 1360 965
f 965 1360 1361
f 965 1361 962
f 962 1361 1362
f 962 1362 960
f 1363 958 1364
f 1364 958 960
f 1364 960 1365
f 1365 960 1362
f 1363 1366 958
f 958 1366 1367
f 958 1367 956
f 956 1367 1368
f 956 1368 954
f 954 1368 947
f 947 1368 1369
f 947 1369 948
f 948 1369 1370
f 948 1370 950
f 950 1370 1371
f 950 1371 951
f 1372 929 1373
f 1373 929 933
f 1373 933 1374
f 930 929 1078
f 1078 929 1372
f 1078 1372 1375
f 1065 1063 1375
f 1375 1063 1062
f 1375 1062 1078
f 1068 1066 1376
f 1376 1377 1068
f 1068 1377 1378
f 1068 1378 1069
f 1379 1269 1268
f 1356 1380 1268
f 1268 1380 1381
f 1268 1381 1379
f 1380 1382 1381
f 1381 1382 1383
f 1381 1383 1384
f 1384 1383 1385
f 1384 1385 1386
f 1386 1385 1387
f 1386 1387 1388
f 1387 1389 1388
f 1388 1389 1390
f 1388 1390 1391
f 1391 1390 1392
f 1391 1392 1393
f 1394 1395 1396
f 1396 1395 1397
f 1396 1397 1398
f 1398 1397 1393
f 1398 1393 1399
f 1399 1393 1392
f 1400 1401 1394
f 1394 1401 1402
f 1394 1402 1395
f 1400 1403 1401
f 1401 1403 1404
f 1401 1404 1405
f 1405 1404 1406
f 1405 1406 1407
f 1407 1406 1408
f 1407 1408 1409
f 1408 1410 1409
f 1409 1410 1411
f 1409 1411 1412
f 1412 1411 1413
f 1412 1413 1414
f 1414 1413 1415
f 1416 1417 1418
f 1418 1417 1419
f 1418 1419 1420
f 1420 1419 1421
f 1422 1423 1376
f 1424 1425 1375
f 1375 1425 1426
f 1066 1065 1376
f 1376 1065 1375
f 1376 1375 1422
f 1422 1375 1426
f 1424 1375 1427
f 1427 1375 1372
f 1427 1372 1428
f 1428 1372 1373
f 1428 1373 1429
f 1429 1373 1430
f 1430 1373 1374
f 1430 1374 1431
f 1431 1374 933
f 1431 933 1432
f 1432 933 940
f 1432 940 1433
f 1433 940 939
f 1433 939 1434
f 1434 939 1359
f 1434 1359 1435
f 1435 1359 937
f 1435 937 936
f 951 1371 945
f 945 1371 1436
f 945 1436 946
f 946 1436 1437
f 946 1437 943
f 943 1437 1438
f 943 1438 936
f 936 1438 1439
f 936 1439 1435
f 1435 1439 1440
f 1435 1440 1434
f 1423 1421 1376
f 1376 1421 1419
f 1376 1419 1377
f 1377 1419 1417
f 1377 1417 1378
f 1378 1417 1416
f 1378 1416 1441
f 1441 1416 1415
f 1441 1415 1442
f 1442 1415 1413
f 1443 1444 1069
f 1069 1378 1443
f 1443 1378 1441
f 1443 1441 1445
f 1445 1441 1442
f 1445 1442 1413
f 1413 1411 1445
f 1445 1411 1410
f 1445 1410 1446
f 1410 1408 1446
f 1446 1408 1406
f 1446 1406 1447
f 1447 1406 1404
f 1447 1404 1403
f 1403 1400 1447
f 1447 1400 1394
f 1447 1394 1448
f 1394 1396 1448
f 1448 1396 1398
f 1448 1398 1449
f 1449 1398 1399
f 1449 1399 1392
f 1392 1390 1449
f 1449 1390 1389
f 1449 1389 1450
f 1450 1389 1387
f 1450 1387 1385
f 1356 1451 1380
f 1380 1451 1452
f 1380 1452 1382
f 1382 1452 1450
f 1382 1450 1383
f 1383 1450 1385
f 1453 1454 1097
f 1097 1104 1453
f 1453 1104 1103
f 1453 1103 1455
f 1103 1101 1455
f 1455 1101 1099
f 1455 1099 1456
f 1456 1099 1072
f 1072 1071 1456
f 1456 1071 1108
f 1456 1108 1457
f 1457 1108 1107
f 1457 1107 1458
f 1458 1107 1106
f 1117 1459 1110
f 1110 1459 1458
f 1110 1458 1105
f 1105 1458 1106
f 1122 1460 1113
f 1113 1460 1459
f 1113 1459 1115
f 1115 1459 1117
f 1069 1444 1070
f 1070 1444 1461
f 1070 1461 1120
f 1120 1461 1460
f 1120 1460 1121
f 1121 1460 1122
f 1462 1463 1183
f 1183 1199 1462
f 1462 1199 1198
f 1462 1198 1464
f 1464 1198 1196
f 1464 1196 1194
f 1194 1192 1464
f 1464 1192 1190
f 1464 1190 1465
f 1190 1188 1465
f 1465 1188 1134
f 1465 1134 1466
f 1134 1133 1466
f 1466 1133 1212
f 1466 1212 1467
f 1212 1213 1467
f 1467 1213 1214
f 1467 1214 1468
f 1206 1469 1184
f 1184 1469 1468
f 1184 1468 1185
f 1185 1468 1214
f 1097 1454 1139
f 1139 1454 1470
f 1139 1470 1204
f 1204 1470 1469
f 1204 1469 1205
f 1205 1469 1206
f 1357 1471 1356
f 1356 1471 1451
f 1351 1472 1353
f 1353 1472 1471
f 1353 1471 1355
f 1355 1471 1357
f 1346 1473 1348
f 1348 1473 1472
f 1348 1472 1350
f 1350 1472 1351
f 1346 1343 1473
f 1473 1343 1341
f 1473 1341 1474
f 1341 1339 1474
f 1474 1339 1337
f 1474 1337 1475
f 1332 1326 1476
f 1332 1476 1331
f 1337 1336 1475
f 1475 1336 1333
f 1475 1333 1476
f 1476 1333 1329
f 1476 1329 1331
f 1325 1477 1324
f 1324 1477 1476
f 1324 1476 1322
f 1322 1476 1326
f 1183 1463 1272
f 1272 1463 1478
f 1272 1478 1273
f 1273 1478 1477
f 1273 1477 1320
f 1320 1477 1325
f 1452 1451 1454
f 1452 1454 1450
f 1443 1454 1444
f 1444 1454 1453
f 1444 1453 1461
f 1464 1465 1451
f 1477 1478 1471
f 1471 1478 1463
f 1471 1463 1451
f 1451 1463 1462
f 1451 1462 1464
f 1468 1469 1451
f 1451 1469 1470
f 1451 1470 1454
f 1474 1475 1473
f 1473 1475 1472
f 1472 1475 1471
f 1471 1475 1476
f 1471 1476 1477
f 1443 1445 1454
f 1454 1445 1446
f 1454 1446 1447
f 1458 1459 1457
f 1457 1459 1456
f 1453 1455 1461
f 1461 1455 1456
f 1461 1456 1460
f 1460 1456 1459
f 1447 1448 1454
f 1454 1448 1449
f 1454 1449 1450
f 1465 1466 1451
f 1451 1466 1467
f 1451 1467 1468
f 1388 1479 1480
f 1481 1482 1483
f 1484 1485 1486
f 1487 1488 1489
f 1489 1488 1379
f 1379 1488 1490
f 1379 1490 1269
f 1491 1492 1493
f 1493 1492 1494
f 1493 1494 1495
f 1495 1494 1496
f 1495 1496 1497
f 1497 1496 1498
f 1499 1500 1491
f 1491 1500 1501
f 1491 1501 1492
f 1491 1502 1499
f 1499 1502 1503
f 1499 1503 1504
f 1504 1503 1505
f 1504 1505 1506
f 1506 1505 1507
f 1506 1507 1508
f 1508 1507 1509
f 1508 1509 1510
f 1511 1512 1513
f 1512 1511 1514
f 1514 1515 1516
f 1516 1515 1517
f 1516 1517 1518
f 1518 1517 1519
f 1518 1519 1520
f 1520 1519 1521
f 1520 1521 1522
f 1523 1421 1524
f 1524 1421 1423
f 1524 1423 1525
f 1525 1423 1422
f 1525 1422 1483
f 1483 1422 1426
f 1483 1426 1481
f 1526 1416 1527
f 1527 1416 1418
f 1528 1414 1529
f 1529 1414 1415
f 1530 1402 1531
f 1531 1402 1401
f 1531 1401 1532
f 1532 1401 1405
f 1532 1405 1533
f 1533 1405 1407
f 1533 1407 1534
f 1534 1407 1409
f 1534 1409 1535
f 1535 1409 1412
f 1536 1397 1395
f 1397 1537 1393
f 1393 1537 1538
f 1393 1538 1391
f 1379 1381 1489
f 1489 1381 1384
f 1489 1384 1480
f 1480 1384 1386
f 1480 1386 1388
f 1539 1530 1540
f 1540 1530 1531
f 1540 1531 1541
f 1541 1531 1532
f 1541 1532 1542
f 1542 1532 1533
f 1542 1533 1543
f 1543 1533 1534
f 1543 1534 1544
f 1544 1534 1535
f 1544 1535 1528
f 1528 1535 1412
f 1528 1412 1414
f 1545 1487 1546
f 1546 1487 1489
f 1546 1489 1547
f 1547 1489 1480
f 1547 1480 1548
f 1548 1480 1479
f 1548 1479 1549
f 1397 1536 1537
f 1537 1536 1550
f 1537 1550 1538
f 1551 1550 1539
f 1539 1550 1536
f 1539 1536 1530
f 1530 1536 1395
f 1530 1395 1402
f 1552 1545 1553
f 1553 1545 1546
f 1553 1546 1554
f 1554 1546 1547
f 1554 1547 1555
f 1555 1547 1548
f 1555 1548 1556
f 1556 1548 1549
f 1556 1549 1557
f 1558 1552 1559
f 1559 1552 1553
f 1559 1553 1560
f 1560 1553 1554
f 1560 1554 1561
f 1561 1554 1555
f 1561 1555 1562
f 1562 1555 1556
f 1562 1556 1563
f 1563 1556 1557
f 1563 1557 1564
f 1565 1566 1567
f 1568 1569 1567
f 1567 1569 1570
f 1567 1570 1565
f 1485 1558 1486
f 1486 1558 1559
f 1486 1559 1571
f 1571 1559 1560
f 1571 1560 1572
f 1572 1560 1561
f 1572 1561 1573
f 1573 1561 1562
f 1573 1562 1574
f 1574 1562 1563
f 1574 1563 1568
f 1568 1563 1564
f 1568 1564 1569
f 1515 1575 1517
f 1517 1575 1576
f 1517 1576 1519
f 1519 1576 1577
f 1519 1577 1521
f 1521 1577 1578
f 1579 1580 1581
f 1581 1580 1582
f 1581 1582 1583
f 1583 1582 1566
f 1583 1566 1584
f 1584 1566 1565
f 1514 1511 1515
f 1515 1511 1585
f 1515 1585 1575
f 1575 1585 1586
f 1575 1586 1587
f 1588 1589 1498
f 1498 1589 1590
f 1498 1590 1497
f 1497 1590 1591
f 1497 1591 1495
f 1495 1591 1592
f 1495 1592 1493
f 1493 1592 1593
f 1493 1593 1491
f 1491 1593 1594
f 1491 1594 1502
f 1502 1594 1595
f 1502 1595 1503
f 1503 1595 1596
f 1503 1596 1505
f 1505 1596 1597
f 1505 1597 1507
f 1507 1597 1598
f 1507 1598 1509
f 1509 1598 1599
f 1589 1484 1590
f 1590 1484 1486
f 1590 1486 1591
f 1591 1486 1571
f 1591 1571 1592
f 1592 1571 1572
f 1592 1572 1593
f 1593 1572 1573
f 1593 1573 1594
f 1594 1573 1574
f 1594 1574 1595
f 1595 1574 1568
f 1595 1568 1596
f 1596 1568 1567
f 1596 1567 1597
f 1597 1567 1566
f 1597 1566 1598
f 1598 1566 1582
f 1598 1582 1599
f 1599 1582 1580
f 1510 1509 1600
f 1600 1509 1599
f 1600 1599 1601
f 1601 1599 1580
f 1601 1580 1602
f 1602 1580 1579
f 1602 1579 1603
f 1603 1579 1604
f 1603 1604 1523
f 1605 1526 1606
f 1606 1526 1527
f 1606 1527 1607
f 1607 1527 1418
f 1607 1418 1420
f 1551 1539 1608
f 1608 1539 1540
f 1608 1540 1609
f 1609 1540 1541
f 1609 1541 1610
f 1610 1541 1542
f 1610 1542 1611
f 1611 1542 1543
f 1611 1543 1612
f 1612 1543 1544
f 1612 1544 1613
f 1613 1544 1528
f 1613 1528 1605
f 1605 1528 1529
f 1605 1529 1526
f 1526 1529 1415
f 1526 1415 1416
f 1482 1578 1483
f 1483 1578 1577
f 1483 1577 1525
f 1525 1577 1576
f 1525 1576 1524
f 1524 1576 1575
f 1524 1575 1523
f 1523 1575 1587
f 1523 1587 1603
f 1603 1587 1586
f 1603 1586 1602
f 1602 1586 1585
f 1602 1585 1601
f 1601 1585 1511
f 1601 1511 1600
f 1600 1511 1513
f 1600 1513 1510
f 1388 1391 1479
f 1479 1391 1538
f 1479 1538 1549
f 1549 1538 1550
f 1549 1550 1557
f 1557 1550 1551
f 1557 1551 1564
f 1564 1551 1608
f 1564 1608 1569
f 1569 1608 1609
f 1569 1609 1570
f 1570 1609 1610
f 1570 1610 1565
f 1565 1610 1611
f 1565 1611 1584
f 1584 1611 1612
f 1584 1612 1583
f 1583 1612 1613
f 1583 1613 1581
f 1581 1613 1605
f 1581 1605 1579
f 1579 1605 1606
f 1579 1606 1604
f 1604 1606 1607
f 1604 1607 1523
f 1523 1607 1420
f 1523 1420 1421
f 1614 1615 1616
f 1617 1618 1619
f 1620 1621 1622
f 1487 1545 1623
f 1589 1588 1624
f 1313 1625 1314
f 1314 1625 1274
f 1487 1623 1488
f 1626 1627 1354
f 1269 1490 1270
f 1270 1490 1626
f 1270 1626 1358
f 1358 1626 1354
f 1628 1347 1629
f 1629 1347 1349
f 1629 1349 1627
f 1627 1349 1352
f 1627 1352 1354
f 1342 1344 1628
f 1628 1344 1345
f 1628 1345 1347
f 1628 1630 1342
f 1342 1630 1631
f 1342 1631 1340
f 1338 1632 1334
f 1334 1632 1633
f 1334 1633 1335
f 1335 1633 1634
f 1335 1634 1330
f 1330 1634 1635
f 1330 1635 1327
f 1327 1635 1636
f 1327 1636 1328
f 1328 1636 1637
f 1328 1637 1323
f 1323 1637 1638
f 1323 1638 1321
f 1321 1638 1639
f 1321 1639 1319
f 1318 1640 1317
f 1317 1640 1641
f 1317 1641 1315
f 1315 1641 1642
f 1315 1642 1311
f 1311 1642 1643
f 1311 1643 1312
f 1312 1643 1644
f 1312 1644 1313
f 1313 1644 1645
f 1313 1645 1625
f 1646 1647 1648
f 1632 1649 1633
f 1633 1649 1650
f 1633 1650 1634
f 1634 1650 1651
f 1634 1651 1635
f 1635 1651 1652
f 1635 1652 1636
f 1636 1652 1653
f 1636 1653 1637
f 1490 1488 1626
f 1626 1488 1623
f 1626 1623 1627
f 1627 1623 1654
f 1627 1654 1629
f 1629 1654 1655
f 1629 1655 1628
f 1628 1655 1656
f 1628 1656 1630
f 1630 1656 1646
f 1630 1646 1631
f 1631 1646 1648
f 1631 1648 1340
f 1340 1648 1338
f 1545 1552 1623
f 1623 1552 1657
f 1623 1657 1654
f 1654 1657 1658
f 1654 1658 1655
f 1655 1658 1659
f 1655 1659 1656
f 1656 1659 1660
f 1656 1660 1646
f 1646 1660 1661
f 1646 1661 1647
f 1647 1661 1662
f 1552 1558 1657
f 1657 1558 1663
f 1657 1663 1658
f 1658 1663 1664
f 1658 1664 1659
f 1659 1664 1665
f 1659 1665 1660
f 1660 1665 1666
f 1660 1666 1661
f 1661 1666 1667
f 1661 1667 1662
f 1662 1667 1668
f 1669 1670 1671
f 1671 1672 1669
f 1669 1672 1673
f 1669 1673 1674
f 1674 1673 1668
f 1674 1668 1675
f 1675 1668 1667
f 1675 1667 1676
f 1676 1667 1666
f 1676 1666 1677
f 1677 1666 1665
f 1677 1665 1678
f 1678 1665 1664
f 1678 1664 1679
f 1679 1664 1663
f 1679 1663 1485
f 1485 1663 1558
f 1622 1680 1620
f 1620 1680 1681
f 1620 1681 1670
f 1670 1681 1682
f 1670 1682 1671
f 1683 1617 1684
f 1684 1617 1619
f 1684 1619 1685
f 1685 1619 1686
f 1685 1686 1687
f 1687 1686 1688
f 1687 1688 1689
f 1690 1691 1692
f 1692 1691 1693
f 1694 1695 1696
f 1696 1695 1697
f 1696 1697 1698
f 1698 1697 1699
f 1698 1699 1700
f 1700 1699 1701
f 1700 1701 1702
f 1702 1701 1703
f 1702 1703 1704
f 1704 1703 1705
f 1704 1705 1706
f 1706 1705 1707
f 1706 1707 1708
f 1708 1707 1693
f 1708 1693 1709
f 1709 1693 1691
f 1618 1614 1619
f 1619 1614 1616
f 1619 1616 1686
f 1686 1616 1710
f 1686 1710 1688
f 1688 1710 1711
f 1688 1711 1689
f 1689 1711 1712
f 1485 1484 1679
f 1679 1484 1713
f 1679 1713 1678
f 1678 1713 1694
f 1678 1694 1677
f 1677 1694 1696
f 1677 1696 1676
f 1676 1696 1698
f 1676 1698 1675
f 1675 1698 1700
f 1675 1700 1674
f 1674 1700 1702
f 1674 1702 1669
f 1669 1702 1704
f 1669 1704 1670
f 1670 1704 1706
f 1670 1706 1620
f 1620 1706 1708
f 1620 1708 1621
f 1621 1708 1709
f 1649 1714 1650
f 1650 1714 1715
f 1650 1715 1651
f 1651 1715 1716
f 1651 1716 1652
f 1652 1716 1717
f 1652 1717 1653
f 1653 1717 1718
f 1653 1718 1637
f 1637 1718 1719
f 1637 1719 1638
f 1638 1719 1720
f 1638 1720 1639
f 1639 1720 1721
f 1319 1639 1722
f 1722 1639 1721
f 1722 1721 1723
f 1723 1721 1724
f 1723 1724 1683
f 1683 1724 1725
f 1683 1725 1617
f 1617 1725 1726
f 1617 1726 1618
f 1618 1726 1727
f 1618 1727 1614
f 1614 1727 1728
f 1614 1728 1615
f 1689 1645 1687
f 1687 1645 1644
f 1687 1644 1685
f 1685 1644 1643
f 1685 1643 1684
f 1684 1643 1642
f 1684 1642 1683
f 1683 1642 1641
f 1683 1641 1723
f 1723 1641 1640
f 1723 1640 1722
f 1722 1640 1318
f 1722 1318 1319
f 1484 1589 1713
f 1713 1589 1624
f 1713 1624 1694
f 1694 1624 1729
f 1694 1729 1695
f 1695 1729 1730
f 1695 1730 1697
f 1697 1730 1731
f 1697 1731 1699
f 1699 1731 1732
f 1699 1732 1701
f 1701 1732 1733
f 1701 1733 1703
f 1703 1733 1734
f 1703 1734 1705
f 1705 1734 1735
f 1705 1735 1707
f 1707 1735 1736
f 1707 1736 1693
f 1693 1736 1737
f 1693 1737 1692
f 1338 1648 1632
f 1632 1648 1647
f 1632 1647 1649
f 1649 1647 1662
f 1649 1662 1714
f 1714 1662 1668
f 1714 1668 1715
f 1715 1668 1673
f 1715 1673 1716
f 1716 1673 1672
f 1716 1672 1717
f 1717 1672 1671
f 1717 1671 1718
f 1718 1671 1682
f 1718 1682 1719
f 1719 1682 1681
f 1719 1681 1720
f 1720 1681 1680
f 1720 1680 1721
f 1721 1680 1622
f 1721 1622 1724
f 1724 1622 1621
f 1724 1621 1725
f 1725 1621 1709
f 1725 1709 1726
f 1726 1709 1691
f 1726 1691 1727
f 1727 1691 1690
f 1727 1690 1728
f 1304 1738 1739
f 1740 1741 1742
f 1742 1741 1299
f 1743 1744 1745
f 1746 1747 1748
f 1749 1750 1751
f 1751 1750 1752
f 1751 1752 1753
f 1753 1752 1754
f 1753 1754 1755
f 1755 1754 1756
f 1755 1756 1757
f 1757 1756 1758
f 1757 1758 1759
f 1759 1758 1746
f 1759 1746 1760
f 1760 1746 1748
f 1761 1762 1749
f 1749 1762 1763
f 1749 1763 1750
f 1749 1764 1761
f 1761 1764 1765
f 1761 1765 1766
f 1766 1765 1767
f 1766 1767 1768
f 1768 1767 1769
f 1768 1769 1770
f 1770 1769 1771
f 1770 1771 1772
f 1772 1771 1773
f 1772 1773 1774
f 1774 1773 1775
f 1774 1775 1776
f 1776 1775 1777
f 1777 1775 1778
f 1777 1778 1779
f 1779 1778 1689
f 1779 1689 1712
f 1274 1625 1780
f 1781 1310 1275
f 1304 1739 1306
f 1306 1739 1782
f 1306 1782 1308
f 1308 1783 1279
f 1279 1783 1784
f 1279 1784 1282
f 1282 1784 1785
f 1282 1785 1301
f 1301 1785 1786
f 1301 1786 1302
f 1302 1787 1285
f 1285 1787 1788
f 1285 1788 1286
f 1286 1788 1789
f 1286 1789 1287
f 1287 1789 1790
f 1287 1790 1288
f 1288 1790 1791
f 1288 1791 1289
f 1792 1292 1793
f 1793 1292 1291
f 1793 1291 1791
f 1791 1291 1290
f 1791 1290 1289
f 1278 1277 1792
f 1792 1277 1293
f 1792 1293 1292
f 1794 1296 1795
f 1795 1296 1297
f 1299 1298 1742
f 1742 1298 1294
f 1742 1294 1794
f 1794 1294 1295
f 1794 1295 1296
f 1738 1796 1739
f 1739 1796 1797
f 1739 1797 1782
f 1782 1797 1798
f 1799 1800 1801
f 1802 1781 1780
f 1780 1781 1275
f 1780 1275 1274
f 1800 1799 1803
f 1804 1805 1806
f 1803 1807 1800
f 1800 1807 1808
f 1800 1808 1801
f 1801 1808 1809
f 1801 1809 1810
f 1810 1809 1811
f 1810 1811 1812
f 1812 1811 1813
f 1812 1813 1814
f 1814 1813 1804
f 1814 1804 1815
f 1815 1804 1806
f 1303 1310 1799
f 1799 1310 1781
f 1799 1781 1803
f 1803 1781 1802
f 1803 1802 1807
f 1807 1802 1816
f 1807 1816 1808
f 1808 1816 1817
f 1808 1817 1809
f 1809 1817 1818
f 1809 1818 1811
f 1811 1818 1819
f 1811 1819 1813
f 1813 1819 1820
f 1813 1820 1804
f 1804 1820 1821
f 1804 1821 1805
f 1805 1821 1822
f 1823 1824 1825
f 1825 1824 1826
f 1825 1826 1827
f 1827 1826 1828
f 1827 1828 1829
f 1829 1828 1830
f 1829 1830 1831
f 1831 1830 1832
f 1831 1832 1833
f 1833 1832 1834
f 1833 1834 1835
f 1835 1834 1836
f 1835 1836 1837
f 1838 1839 1840
f 1840 1839 1837
f 1840 1837 1841
f 1841 1837 1836
f 1842 1823 1843
f 1843 1823 1825
f 1843 1825 1844
f 1844 1825 1827
f 1844 1827 1845
f 1845 1827 1829
f 1845 1829 1846
f 1846 1829 1831
f 1846 1831 1847
f 1847 1831 1833
f 1847 1833 1848
f 1848 1833 1835
f 1848 1835 1849
f 1849 1835 1837
f 1849 1837 1822
f 1822 1837 1839
f 1822 1839 1805
f 1805 1839 1838
f 1805 1838 1806
f 1745 1850 1851
f 1851 1850 1852
f 1851 1852 1853
f 1853 1852 1854
f 1853 1854 1855
f 1855 1854 1856
f 1855 1856 1857
f 1745 1744 1740
f 1745 1740 1850
f 1850 1740 1742
f 1850 1742 1852
f 1852 1742 1794
f 1852 1794 1854
f 1854 1794 1795
f 1854 1795 1856
f 1308 1782 1783
f 1783 1782 1798
f 1783 1798 1784
f 1784 1798 1858
f 1784 1858 1785
f 1785 1858 1859
f 1785 1859 1786
f 1786 1859 1860
f 1786 1860 1861
f 1861 1860 1862
f 1861 1862 1863
f 1863 1862 1864
f 1863 1864 1865
f 1865 1864 1866
f 1865 1866 1867
f 1867 1866 1868
f 1867 1868 1869
f 1869 1868 1870
f 1869 1870 1871
f 1302 1786 1787
f 1787 1786 1861
f 1787 1861 1788
f 1788 1861 1863
f 1788 1863 1789
f 1789 1863 1865
f 1789 1865 1790
f 1790 1865 1867
f 1790 1867 1791
f 1791 1867 1869
f 1791 1869 1793
f 1793 1869 1871
f 1793 1871 1792
f 1824 1743 1826
f 1826 1743 1745
f 1826 1745 1828
f 1828 1745 1851
f 1828 1851 1830
f 1830 1851 1853
f 1830 1853 1832
f 1832 1853 1855
f 1832 1855 1834
f 1834 1855 1857
f 1834 1857 1836
f 1748 1842 1760
f 1760 1842 1843
f 1760 1843 1759
f 1759 1843 1844
f 1759 1844 1757
f 1757 1844 1845
f 1757 1845 1755
f 1755 1845 1846
f 1755 1846 1753
f 1753 1846 1847
f 1753 1847 1751
f 1751 1847 1848
f 1751 1848 1749
f 1749 1848 1849
f 1749 1849 1764
f 1764 1849 1822
f 1764 1822 1765
f 1765 1822 1821
f 1765 1821 1767
f 1767 1821 1820
f 1767 1820 1769
f 1769 1820 1819
f 1769 1819 1771
f 1771 1819 1818
f 1771 1818 1773
f 1773 1818 1817
f 1773 1817 1775
f 1775 1817 1816
f 1775 1816 1778
f 1778 1816 1802
f 1778 1802 1689
f 1689 1802 1780
f 1689 1780 1645
f 1645 1780 1625
f 1304 1303 1738
f 1738 1303 1799
f 1738 1799 1796
f 1796 1799 1801
f 1796 1801 1797
f 1797 1801 1810
f 1797 1810 1798
f 1798 1810 1812
f 1798 1812 1858
f 1858 1812 1814
f 1858 1814 1859
f 1859 1814 1815
f 1859 1815 1860
f 1860 1815 1806
f 1860 1806 1862
f 1862 1806 1838
f 1862 1838 1864
f 1864 1838 1840
f 1864 1840 1866
f 1866 1840 1841
f 1866 1841 1868
f 1868 1841 1836
f 1868 1836 1870
f 1870 1836 1857
f 1870 1857 1871
f 1871 1857 1856
f 1871 1856 1792
f 1792 1856 1795
f 1792 1795 1278
f 1278 1795 1297
f 1872 1873 1874
f 1481 1426 1425
f 1481 1875 1482
f 1482 1875 1876
f 1482 1876 1578
f 1578 1876 1877
f 1578 1877 1521
f 1878 1879 1877
f 1877 1879 1880
f 1877 1880 1521
f 1521 1880 1522
f 1881 1882 1883
f 1884 1885 1886
f 1886 1885 1887
f 1886 1887 1888
f 1889 1884 1890
f 1890 1884 1891
f 1890 1891 1892
f 1893 1894 1895
f 1896 1897 1898
f 1899 1900 1901
f 1901 1900 1897
f 1902 1903 1904
f 1748 1747 1903
f 1903 1902 1748
f 1748 1902 1905
f 1748 1905 1842
f 1842 1905 1906
f 1842 1906 1823
f 1823 1906 1907
f 1823 1907 1824
f 1740 1744 1908
f 1908 1744 1907
f 1907 1744 1743
f 1907 1743 1824
f 1908 1909 1740
f 1740 1909 1910
f 1740 1910 1741
f 1362 1361 1910
f 1910 1361 1360
f 1360 1299 1910
f 1910 1299 1741
f 1911 1365 1362
f 1367 1366 1912
f 1912 1366 1363
f 1912 1363 1364
f 1370 1369 1913
f 1913 1369 1368
f 1914 1432 1915
f 1915 1432 1433
f 1915 1433 1916
f 1916 1433 1434
f 1916 1434 1917
f 1917 1434 1440
f 1917 1440 1918
f 1918 1440 1439
f 1918 1439 1919
f 1919 1439 1438
f 1919 1438 1920
f 1920 1438 1437
f 1920 1437 1921
f 1921 1437 1436
f 1431 1922 1430
f 1430 1922 1923
f 1430 1923 1429
f 1429 1923 1924
f 1429 1924 1428
f 1481 1425 1875
f 1875 1425 1424
f 1875 1424 1427
f 1925 1914 1926
f 1926 1914 1915
f 1926 1915 1927
f 1927 1915 1916
f 1927 1916 1928
f 1928 1916 1917
f 1928 1917 1929
f 1929 1917 1918
f 1930 1924 1931
f 1931 1924 1923
f 1931 1923 1925
f 1925 1923 1922
f 1925 1922 1914
f 1914 1922 1431
f 1914 1431 1432
f 1932 1933 1934
f 1934 1933 1935
f 1934 1935 1936
f 1936 1935 1937
f 1936 1937 1938
f 1939 1940 1941
f 1895 1889 1874
f 1874 1889 1890
f 1874 1890 1872
f 1872 1890 1892
f 1872 1892 1942
f 1884 1886 1891
f 1891 1886 1943
f 1891 1943 1892
f 1892 1943 1941
f 1892 1941 1942
f 1942 1941 1940
f 1942 1940 1944
f 1939 1941 1945
f 1945 1941 1943
f 1945 1943 1946
f 1946 1943 1886
f 1946 1886 1947
f 1947 1886 1888
f 1947 1888 1882
f 1878 1877 1948
f 1948 1877 1876
f 1948 1876 1949
f 1949 1876 1875
f 1949 1875 1950
f 1950 1875 1427
f 1950 1427 1428
f 1428 1924 1950
f 1950 1924 1930
f 1950 1930 1949
f 1949 1930 1951
f 1949 1951 1948
f 1948 1951 1952
f 1948 1952 1878
f 1878 1952 1881
f 1878 1881 1879
f 1879 1881 1883
f 1879 1883 1880
f 1944 1938 1942
f 1942 1938 1937
f 1942 1937 1872
f 1872 1937 1935
f 1872 1935 1873
f 1873 1935 1933
f 1873 1933 1953
f 1953 1933 1932
f 1953 1932 1954
f 1895 1874 1893
f 1893 1874 1873
f 1893 1873 1955
f 1955 1873 1953
f 1955 1953 1956
f 1956 1953 1954
f 1956 1954 1957
f 1958 1959 1960
f 1960 1959 1961
f 1960 1961 1962
f 1962 1961 1963
f 1962 1963 1964
f 1964 1963 1965
f 1964 1965 1966
f 1966 1965 1967
f 1966 1967 1968
f 1968 1967 1969
f 1968 1969 1970
f 1970 1969 1912
f 1970 1912 1911
f 1911 1912 1364
f 1911 1364 1365
f 1362 1910 1911
f 1911 1910 1909
f 1911 1909 1970
f 1970 1909 1908
f 1970 1908 1968
f 1968 1908 1907
f 1968 1907 1966
f 1966 1907 1906
f 1966 1906 1964
f 1964 1906 1905
f 1964 1905 1962
f 1962 1905 1902
f 1962 1902 1960
f 1960 1902 1904
f 1960 1904 1958
f 1897 1896 1901
f 1901 1896 1971
f 1901 1971 1972
f 1972 1971 1973
f 1972 1973 1974
f 1974 1973 1975
f 1974 1975 1976
f 1976 1975 1977
f 1976 1977 1978
f 1978 1977 1979
f 1978 1979 1980
f 1980 1979 1913
f 1980 1913 1981
f 1981 1913 1368
f 1981 1368 1367
f 1894 1893 1982
f 1982 1893 1955
f 1982 1955 1983
f 1983 1955 1956
f 1983 1956 1984
f 1984 1956 1957
f 1984 1957 1985
f 1985 1957 1986
f 1985 1986 1987
f 1987 1986 1988
f 1987 1988 1989
f 1989 1988 1990
f 1989 1990 1991
f 1991 1990 1371
f 1991 1371 1370
f 1992 1993 1994
f 1994 1993 1995
f 1994 1995 1996
f 1996 1995 1997
f 1370 1913 1991
f 1991 1913 1979
f 1991 1979 1989
f 1989 1979 1977
f 1989 1977 1987
f 1987 1977 1975
f 1987 1975 1985
f 1985 1975 1973
f 1985 1973 1984
f 1984 1973 1971
f 1984 1971 1983
f 1983 1971 1896
f 1983 1896 1982
f 1982 1896 1898
f 1982 1898 1894
f 1921 1997 1920
f 1920 1997 1995
f 1920 1995 1919
f 1919 1995 1993
f 1919 1993 1918
f 1918 1993 1992
f 1918 1992 1929
f 1367 1912 1981
f 1981 1912 1969
f 1981 1969 1980
f 1980 1969 1967
f 1980 1967 1978
f 1978 1967 1965
f 1978 1965 1976
f 1976 1965 1963
f 1976 1963 1974
f 1974 1963 1961
f 1974 1961 1972
f 1972 1961 1959
f 1972 1959 1901
f 1901 1959 1958
f 1901 1958 1899
f 1882 1881 1947
f 1947 1881 1952
f 1947 1952 1946
f 1946 1952 1951
f 1946 1951 1945
f 1945 1951 1930
f 1945 1930 1939
f 1939 1930 1931
f 1939 1931 1940
f 1940 1931 1925
f 1940 1925 1944
f 1944 1925 1926
f 1944 1926 1938
f 1938 1926 1927
f 1938 1927 1936
f 1936 1927 1928
f 1936 1928 1934
f 1934 1928 1929
f 1934 1929 1932
f 1932 1929 1992
f 1932 1992 1954
f 1954 1992 1994
f 1954 1994 1957
f 1957 1994 1996
f 1957 1996 1986
f 1986 1996 1997
f 1986 1997 1988
f 1988 1997 1921
f 1988 1921 1990
f 1990 1921 1436
f 1990 1436 1371
f 1776 1777 1737
f 1731 1730 1774
f 1508 1510 1774
f 1762 1761 1514
f 1514 1761 1766
f 1514 1766 1768
f 1730 1729 1774
f 1774 1729 1624
f 1774 1624 1588
f 1510 1513 1774
f 1774 1513 1512
f 1774 1512 1514
f 1899 1958 1514
f 1514 1958 1904
f 1514 1904 1903
f 1768 1770 1514
f 1514 1770 1772
f 1514 1772 1774
f 1777 1779 1737
f 1737 1779 1712
f 1737 1712 1711
f 1735 1734 1774
f 1774 1500 1499
f 1888 1887 1520
f 1520 1887 1885
f 1520 1885 1518
f 1518 1885 1516
f 1880 1883 1882
f 1903 1747 1514
f 1514 1747 1746
f 1514 1746 1758
f 1758 1756 1514
f 1514 1756 1754
f 1514 1754 1752
f 1728 1690 1692
f 1776 1737 1774
f 1774 1737 1736
f 1774 1736 1735
f 1734 1733 1774
f 1774 1733 1732
f 1774 1732 1731
f 1588 1498 1774
f 1774 1498 1496
f 1774 1496 1494
f 1494 1492 1774
f 1774 1492 1501
f 1774 1501 1500
f 1499 1504 1774
f 1774 1504 1506
f 1774 1506 1508
f 1516 1885 1514
f 1514 1885 1884
f 1514 1884 1889
f 1889 1895 1514
f 1514 1895 1894
f 1514 1894 1898
f 1898 1897 1514
f 1514 1897 1900
f 1514 1900 1899
f 1752 1750 1514
f 1514 1750 1763
f 1514 1763 1762
f 1888 1520 1882
f 1882 1520 1522
f 1882 1522 1880
f 1711 1710 1737
f 1737 1710 1616
f 1737 1616 1692
f 1692 1616 1615
f 1692 1615 1728
f 140 151 165
f 1998 674 673
f 120 119 138
f 120 138 679
f 679 138 136
f 679 136 680
f 165 674 140
f 140 674 1998
f 140 1998 141
f 141 1998 1999
f 141 1999 143
f 143 1999 680
f 143 680 144
f 144 680 136
f 673 675 1998
f 1998 675 677
f 1998 677 1999
f 1999 677 678
f 1999 678 680
f 2000 2001 2002
f 2000 2002 2003
f 2002 2004 2003
f 2003 2004 2005
f 2003 2005 2006
f 2006 2005 2007
f 2006 2007 2008
f 2008 2007 2009
f 2008 2009 2010
f 2010 2009 2011
f 2010 2011 2012
f 2012 2011 2013
f 2012 2013 2014
f 2014 2013 2015
f 2014 2015 2016
f 2016 2015 2017
f 2016 2017 2018
f 2019 2020 2021
f 2020 2019 2022
f 2022 2019 2023
f 2022 2023 2024
f 2024 2023 2025
f 2024 2025 2026
f 2026 2025 2018
f 2026 2018 2017
f 2027 2028 2029
f 2029 2028 2030
f 2029 2030 2031
f 2031 2030 2021
f 2031 2021 2020
f 2029 2032 2027
f 2027 2032 2033
f 2027 2033 2034
f 2035 2036 2037
f 2037 2036 2038
f 2037 2038 2039
f 2039 2038 2034
f 2039 2034 2033
f 2035 2037 2040
f 2040 2037 2041
f 2040 2041 2042
f 2042 2041 2043
f 2042 2043 2044
f 2044 2045 2042
f 2042 2045 2046
f 2042 2046 2047
f 2047 2046 2048
f 2047 2048 2049
f 2049 2048 2050
f 2049 2050 2051
f 2051 2050 2052
f 2052 2050 2053
f 2052 2053 2054
f 2053 2055 2054
f 2054 2055 2056
f 2054 2056 2057
f 2057 2056 2058
f 2057 2058 2059
f 2059 2058 2060
f 2059 2060 2061
f 2061 2060 2062
f 2061 2062 2063
f 2063 2062 2064
f 2063 2064 2065
f 2065 2064 2066
f 2065 2066 2067
f 2067 2066 2068
f 2067 2068 2069
f 2068 2070 2069
f 2069 2070 2071
f 2069 2071 2072
f 2073 2074 2075
f 2072 2071 2073
f 2073 2071 2076
f 2073 2076 2074
f 2077 2078 2075
f 2075 2078 2079
f 2075 2079 2073
f 2077 2080 2078
f 2078 2080 2081
f 2078 2081 2082
f 2082 2081 2083
f 2082 2083 2084
f 2084 2083 2085
f 2084 2085 2086
f 2086 2085 2087
f 2086 2087 2088
f 2088 2087 2089
f 2088 2089 2090
f 2090 2089 2091
f 2092 2093 2091
f 2091 2093 2094
f 2091 2094 2090
f 2092 2095 2093
f 2093 2095 2096
f 2093 2096 2097
f 2097 2096 2098
f 2097 2098 2099
f 2099 2098 2100
f 2099 2100 2101
f 2101 2100 2102
f 2101 2102 2103
f 2103 2102 2104
f 2103 2104 2105
f 2106 2105 2104
f 2106 2104 2107
f 2107 2104 2108
f 2107 2108 2109
f 2109 2108 2110
f 2109 2110 2111
f 2109 2111 2112
f 2109 2112 2113
f 2112 2114 2113
f 2113 2114 2115
f 2113 2115 2116
f 2116 2115 2117
f 2116 2117 2118
f 2118 2117 2119
f 2118 2119 2120
f 2120 2119 2121
f 2120 2121 2122
f 2122 2121 2123
f 2122 2123 2124
f 2124 2123 2125
f 2124 2125 2126
f 2126 2125 2127
f 2126 2127 2128
f 2104 2129 2130
f 2131 2089 2087
f 2081 2132 2083
f 2083 2132 2133
f 2083 2133 2085
f 2085 2133 2134
f 2085 2134 2087
f 2129 2104 2134
f 2095 2092 2131
f 2131 2092 2091
f 2131 2091 2089
f 2104 2102 2134
f 2134 2102 2100
f 2134 2100 2087
f 2087 2100 2098
f 2087 2098 2131
f 2131 2098 2096
f 2131 2096 2095
f 2115 2114 2135
f 2135 2114 2130
f 2130 2114 2112
f 2130 2112 2111
f 2111 2110 2130
f 2130 2110 2108
f 2130 2108 2104
f 2136 2127 2137
f 2137 2127 2125
f 2137 2125 2123
f 2123 2121 2137
f 2137 2121 2119
f 2137 2119 2135
f 2135 2119 2117
f 2135 2117 2115
f 2138 2139 2140
f 2140 2139 2141
f 2140 2141 2142
f 2132 2143 2133
f 2133 2143 2144
f 2133 2144 2134
f 2134 2144 2145
f 2134 2145 2129
f 2129 2145 2146
f 2129 2146 2130
f 2130 2146 2147
f 2130 2147 2135
f 2135 2147 2142
f 2135 2142 2137
f 2137 2142 2141
f 2137 2141 2136
f 2148 2149 2150
f 2151 2152 2153
f 2153 2152 2154
f 2155 2156 2153
f 2153 2156 2157
f 2158 2151 2159
f 2159 2151 2153
f 2159 2153 2160
f 2160 2153 2157
f 2155 2153 2161
f 2161 2153 2162
f 2161 2162 2163
f 2163 2162 2164
f 2163 2164 2165
f 2166 2167 2164
f 2164 2167 2168
f 2164 2168 2165
f 2169 2170 2171
f 2172 2169 2173
f 2173 2169 2174
f 2169 2171 2174
f 2174 2171 2175
f 2174 2175 2176
f 2176 2175 2177
f 2176 2177 2178
f 2175 2179 2177
f 2177 2179 2180
f 2177 2180 2166
f 2166 2180 2181
f 2166 2181 2167
f 2182 2148 2183
f 2183 2148 2150
f 2183 2150 2143
f 2143 2150 2144
f 2149 2178 2150
f 2150 2178 2177
f 2150 2177 2144
f 2144 2177 2166
f 2144 2166 2145
f 2145 2166 2164
f 2145 2164 2146
f 2146 2164 2162
f 2146 2162 2147
f 2147 2162 2153
f 2147 2153 2142
f 2142 2153 2154
f 2142 2154 2140
f 2140 2154 2184
f 2140 2184 2138
f 2185 2186 2159
f 2159 2186 2187
f 2159 2187 2158
f 2158 2187 2188
f 2158 2188 2151
f 2185 2159 2189
f 2189 2159 2160
f 2189 2160 2190
f 2190 2160 2157
f 2190 2157 2156
f 2156 2155 2190
f 2190 2155 2161
f 2190 2161 2191
f 2191 2161 2163
f 2191 2163 2192
f 2192 2163 2165
f 2192 2165 2193
f 2193 2165 2194
f 2194 2165 2168
f 2194 2168 2195
f 2168 2167 2195
f 2195 2167 2181
f 2195 2181 2196
f 2196 2181 2180
f 2196 2180 2197
f 2197 2180 2179
f 2197 2179 2198
f 2198 2179 2175
f 2198 2175 2199
f 2199 2175 2171
f 2199 2171 2200
f 2200 2171 2170
f 2200 2170 2201
f 2201 2170 2169
f 2201 2169 2202
f 2169 2172 2202
f 2202 2172 2173
f 2202 2173 2203
f 2204 2176 2178
f 2203 2173 2204
f 2204 2173 2174
f 2204 2174 2176
f 2149 2205 2178
f 2178 2205 2206
f 2178 2206 2204
f 2149 2148 2205
f 2205 2148 2182
f 2205 2182 2207
f 2207 2182 2208
f 2207 2208 2209
f 2209 2208 2210
f 2209 2210 2211
f 2211 2210 2212
f 2211 2212 2213
f 2213 2212 2214
f 2213 2214 2215
f 2113 2211 2216
f 2042 2047 2006
f 2006 2047 2049
f 2006 2049 2003
f 2003 2049 2051
f 2003 2051 2052
f 2082 2084 2063
f 2063 2084 2086
f 2063 2086 2061
f 2003 2086 2099
f 2190 2191 2116
f 2116 2191 2192
f 2116 2192 2113
f 2113 2192 2193
f 2113 2193 2194
f 2207 2209 2199
f 2199 2209 2211
f 2199 2211 2198
f 2052 2054 2003
f 2003 2054 2057
f 2003 2057 2086
f 2086 2057 2059
f 2086 2059 2061
f 2194 2195 2113
f 2113 2195 2196
f 2113 2196 2211
f 2211 2196 2197
f 2211 2197 2198
f 2073 2079 2063
f 2063 2079 2078
f 2063 2078 2082
f 2211 2213 2216
f 2216 2213 2215
f 2216 2215 2217
f 2217 2215 2218
f 2217 2218 2219
f 2216 2220 2113
f 2113 2220 2221
f 2113 2221 2109
f 2109 2221 2222
f 2109 2222 2107
f 2107 2222 2223
f 2107 2223 2106
f 2106 2223 2224
f 2106 2224 2105
f 2105 2224 2000
f 2105 2000 2103
f 2103 2000 2003
f 2103 2003 2101
f 2101 2003 2099
f 2204 2206 2199
f 2199 2206 2205
f 2199 2205 2207
f 2018 2025 2042
f 2063 2065 2073
f 2073 2065 2067
f 2073 2067 2072
f 2072 2067 2069
f 2086 2088 2099
f 2099 2088 2090
f 2099 2090 2097
f 2097 2090 2094
f 2097 2094 2093
f 2128 2225 2190
f 2199 2200 2204
f 2204 2200 2201
f 2204 2201 2203
f 2203 2201 2202
f 2006 2008 2042
f 2042 2008 2010
f 2042 2010 2012
f 2116 2118 2190
f 2190 2118 2120
f 2190 2120 2122
f 2025 2023 2042
f 2042 2023 2019
f 2042 2019 2021
f 2225 2226 2190
f 2190 2226 2227
f 2190 2227 2228
f 2012 2014 2042
f 2042 2014 2016
f 2042 2016 2018
f 2021 2030 2042
f 2042 2030 2028
f 2042 2028 2027
f 2122 2124 2190
f 2190 2124 2126
f 2190 2126 2128
f 2228 2229 2190
f 2190 2229 2230
f 2190 2230 2231
f 2038 2036 2034
f 2034 2036 2035
f 2034 2035 2027
f 2027 2035 2040
f 2027 2040 2042
f 2187 2186 2188
f 2188 2186 2185
f 2188 2185 2231
f 2231 2185 2189
f 2231 2189 2190
f 2231 2230 2154
f 2154 2230 2229
f 2154 2229 2184
f 2184 2229 2228
f 2184 2228 2138
f 2154 2152 2231
f 2231 2152 2151
f 2231 2151 2188
f 2227 2138 2228
f 2138 2227 2139
f 2139 2227 2226
f 2139 2226 2141
f 2141 2226 2225
f 2141 2225 2136
f 2136 2225 2128
f 2136 2128 2127
f 2132 2232 2143
f 2143 2232 2233
f 2033 2032 2234
f 2234 2032 2029
f 2045 2044 2234
f 2234 2044 2043
f 2039 2033 2037
f 2037 2033 2234
f 2037 2234 2041
f 2041 2234 2043
f 2045 2234 2046
f 2046 2234 2235
f 2046 2235 2048
f 2048 2235 2236
f 2048 2236 2050
f 2237 2055 2236
f 2236 2055 2053
f 2236 2053 2050
f 2068 2066 2064
f 2070 2068 2071
f 2071 2068 2076
f 2068 2064 2076
f 2076 2064 2062
f 2076 2062 2074
f 2074 2062 2238
f 2074 2238 2075
f 2062 2060 2238
f 2238 2060 2058
f 2238 2058 2237
f 2237 2058 2056
f 2237 2056 2055
f 2077 2075 2232
f 2232 2075 2238
f 2232 2238 2233
f 2233 2238 2237
f 2233 2237 2239
f 2239 2237 2236
f 2239 2236 2240
f 2240 2236 2235
f 2240 2235 2241
f 2241 2235 2234
f 2241 2234 2242
f 2242 2234 2029
f 2242 2029 2243
f 2243 2029 2031
f 2243 2031 2020
f 2077 2232 2080
f 2080 2232 2132
f 2080 2132 2081
f 2244 2214 2212
f 2182 2183 2208
f 2208 2183 2245
f 2208 2245 2210
f 2210 2245 2246
f 2210 2246 2212
f 2247 2248 2244
f 2244 2248 2249
f 2244 2249 2214
f 2246 2250 2212
f 2212 2250 2251
f 2212 2251 2244
f 2244 2251 2252
f 2244 2252 2247
f 2001 2253 2254
f 2254 2253 2255
f 2254 2255 2256
f 2256 2255 2257
f 2256 2257 2246
f 2246 2257 2258
f 2246 2258 2250
f 2005 2004 2259
f 2259 2004 2254
f 2254 2004 2002
f 2254 2002 2001
f 2026 2017 2260
f 2260 2017 2015
f 2260 2015 2013
f 2013 2011 2260
f 2260 2011 2009
f 2260 2009 2259
f 2259 2009 2007
f 2259 2007 2005
f 2020 2022 2243
f 2243 2022 2024
f 2243 2024 2242
f 2183 2143 2245
f 2245 2143 2233
f 2245 2233 2246
f 2246 2233 2239
f 2246 2239 2256
f 2256 2239 2240
f 2256 2240 2254
f 2254 2240 2241
f 2254 2241 2259
f 2259 2241 2242
f 2259 2242 2260
f 2260 2242 2024
f 2260 2024 2026
f 2215 2214 2249
f 2248 2219 2249
f 2249 2219 2218
f 2249 2218 2215
f 2248 2247 2219
f 2219 2247 2252
f 2219 2252 2217
f 2217 2252 2251
f 2217 2251 2216
f 2216 2251 2250
f 2216 2250 2220
f 2220 2250 2258
f 2220 2258 2221
f 2221 2258 2257
f 2221 2257 2222
f 2223 2222 2257
f 2223 2257 2224
f 2224 2257 2255
f 2224 2255 2000
f 2000 2255 2253
f 2000 2253 2001
f 2261 2262 2263
f 2263 2262 2264
f 2264 2265 2263
f 2263 2265 2266
f 2263 2266 2261
f 2267 2268 2269
f 2269 2268 2270
f 2270 2268 2271
f 2271 2268 2272
f 2271 2272 2273
f 2273 2272 2274
f 2273 2274 2275
f 2276 2277 2275
f 2275 2277 2278
f 2275 2278 2279
f 2279 2278 2280
f 2279 2280 2265
f 2265 2280 2266
f 2275 2274 2276
f 2276 2274 2272
f 2276 2272 2281
f 2281 2272 2268
f 2281 2268 2282
f 2267 2283 2268
f 2268 2283 2284
f 2268 2284 2282
f 2261 2285 2262
f 2278 2277 2286
f 2287 2288 2289
f 2287 2289 2290
f 2291 2292 2293
f 2294 2295 2289
f 2289 2295 2296
f 2289 2296 2290
f 2290 2296 2297
f 2290 2297 2298
f 2298 2297 2299
f 2286 2277 2293
f 2277 2276 2293
f 2293 2276 2281
f 2293 2281 2282
f 2282 2284 2293
f 2293 2284 2283
f 2293 2283 2291
f 2285 2261 2300
f 2300 2261 2266
f 2300 2266 2286
f 2286 2266 2280
f 2286 2280 2278
f 2295 2301 2296
f 2296 2301 2302
f 2296 2302 2297
f 2297 2302 2293
f 2297 2293 2299
f 2299 2293 2292
f 2303 2294 2289
f 2304 2305 2306
f 2307 2308 2309
f 2306 2305 2310
f 2305 2311 2310
f 2310 2311 2312
f 2310 2312 2309
f 2309 2312 2313
f 2309 2313 2307
f 2314 2315 2316
f 2316 2315 2317
f 2316 2317 2306
f 2306 2317 2318
f 2306 2318 2304
f 2319 2320 2316
f 2316 2320 2321
f 2316 2321 2314
f 2322 2323 2324
f 2324 2325 2322
f 2322 2325 2326
f 2322 2326 2316
f 2316 2326 2327
f 2316 2327 2319
f 2288 2328 2323
f 2328 2329 2323
f 2323 2329 2330
f 2323 2330 2324
f 2303 2289 2331
f 2316 2332 2322
f 2322 2332 2331
f 2322 2331 2323
f 2323 2331 2289
f 2323 2289 2288
f 2305 2333 2334
f 2335 2312 2334
f 2334 2312 2311
f 2334 2311 2305
f 2304 2318 2336
f 2305 2304 2333
f 2333 2304 2336
f 2333 2336 2337
f 2337 2336 2338
f 2337 2338 2339
f 2339 2338 2340
f 2314 2321 2341
f 2318 2317 2336
f 2336 2317 2315
f 2336 2315 2338
f 2338 2315 2314
f 2338 2314 2340
f 2340 2314 2341
f 2340 2341 2339
f 2339 2341 2342
f 2343 2342 2320
f 2320 2342 2341
f 2320 2341 2321
f 2343 2320 2344
f 2344 2320 2319
f 2344 2319 2345
f 2345 2319 2327
f 2345 2327 2346
f 2347 2346 2327
f 2327 2326 2347
f 2347 2326 2325
f 2347 2325 2348
f 2325 2324 2348
f 2348 2324 2330
f 2348 2330 2349
f 2349 2330 2329
f 2329 2328 2349
f 2349 2328 2288
f 2349 2288 2350
f 2350 2288 2287
f 2350 2287 2351
f 2351 2287 2290
f 2351 2290 2352
f 2352 2290 2298
f 2352 2298 2353
f 2353 2298 2299
f 2353 2299 2354
f 2354 2299 2292
f 2291 2283 2267
f 2354 2292 2355
f 2355 2292 2291
f 2355 2291 2356
f 2356 2291 2267
f 2356 2267 2269
f 2275 2279 2286
f 2306 2310 2335
f 2286 2279 2300
f 2335 2310 2357
f 2357 2310 2309
f 2357 2309 2308
f 2279 2265 2300
f 2300 2265 2264
f 2300 2264 2285
f 2285 2264 2262
f 2275 2286 2273
f 2273 2286 2293
f 2273 2293 2271
f 2344 2345 2316
f 2316 2345 2346
f 2316 2346 2332
f 2332 2346 2347
f 2332 2347 2331
f 2331 2347 2348
f 2331 2348 2303
f 2303 2348 2349
f 2303 2349 2294
f 2294 2349 2350
f 2294 2350 2295
f 2295 2350 2351
f 2295 2351 2301
f 2301 2351 2352
f 2301 2352 2302
f 2302 2352 2353
f 2302 2353 2293
f 2335 2334 2306
f 2306 2334 2333
f 2306 2333 2316
f 2316 2333 2337
f 2316 2337 2339
f 2353 2354 2293
f 2293 2354 2355
f 2293 2355 2356
f 2339 2342 2316
f 2316 2342 2343
f 2316 2343 2344
f 2356 2269 2293
f 2293 2269 2270
f 2293 2270 2271
f 2313 2312 2358
f 2358 2312 2335
f 2358 2335 2357
f 2357 2308 2358
f 2358 2308 2307
f 2358 2307 2313
f 2359 2360 2361
f 2361 2362 2359
f 2359 2362 2363
f 2359 2363 2364
f 2363 2365 2364
f 2364 2365 2366
f 2364 2366 2367
f 2367 2366 2368
f 2368 2369 2367
f 2367 2369 2370
f 2367 2370 2371
f 2361 2360 2372
f 2361 2372 2373
f 2372 2374 2373
f 2373 2374 2375
f 2373 2375 2376
f 2376 2375 2377
f 2376 2377 2378
f 2378 2377 2379
f 2378 2379 2380
f 2380 2379 2381
f 2381 2379 2382
f 2381 2382 2383
f 2384 2370 2369
f 2385 2384 2386
f 2386 2384 2387
f 2387 2384 2369
f 2387 2369 2388
f 2369 2368 2388
f 2388 2368 2366
f 2388 2366 2389
f 2389 2366 2365
f 2389 2365 2390
f 2378 2380 2390
f 2390 2380 2381
f 2390 2381 2383
f 2365 2363 2390
f 2390 2363 2362
f 2390 2362 2361
f 2361 2373 2390
f 2390 2373 2376
f 2390 2376 2378
f 2391 2392 2393
f 2393 2392 2394
f 2394 2392 2395
f 2394 2395 2396
f 2396 2395 2397
f 2396 2397 2398
f 2398 2397 2399
f 2398 2399 2400
f 2400 2399 2401
f 2400 2401 2402
f 2403 2402 2401
f 2401 2399 2403
f 2403 2399 2397
f 2403 2397 2395
f 2385 2404 2384
f 2384 2404 2405
f 2370 2384 2406
f 2406 2384 2405
f 2406 2405 2407
f 2407 2405 2408
f 2407 2408 2409
f 2409 2408 2403
f 2409 2403 2391
f 2391 2403 2395
f 2391 2395 2392
f 2371 2370 2406
f 2371 2406 2410
f 2410 2406 2407
f 2410 2407 2411
f 2411 2407 2409
f 2411 2409 2412
f 2412 2409 2391
f 2412 2391 2393
f 2394 2396 2408
f 2408 2396 2398
f 2408 2398 2403
f 2403 2398 2400
f 2403 2400 2402
f 2367 2371 2385
f 2385 2371 2410
f 2385 2410 2404
f 2404 2410 2411
f 2404 2411 2405
f 2405 2411 2412
f 2405 2412 2408
f 2408 2412 2393
f 2408 2393 2394
f 2385 2386 2367
f 2367 2386 2387
f 2367 2387 2364
f 2364 2387 2388
f 2364 2388 2359
f 2359 2388 2389
f 2359 2389 2360
f 2360 2389 2390
f 2360 2390 2372
f 2383 2382 2390
f 2390 2382 2379
f 2390 2379 2377
f 2377 2375 2390
f 2390 2375 2374
f 2390 2374 2372
f 2413 2414 2415
f 2413 2415 2416
f 2416 2415 2417
f 2416 2417 2418
f 2418 2417 2419
f 2418 2419 2420
f 2420 2419 2421
f 2420 2421 2422
f 2423 2424 2425
f 2425 2424 2426
f 2425 2426 2427
f 2426 2428 2427
f 2427 2428 2429
f 2427 2429 2430
f 2430 2429 2431
f 2430 2431 2432
f 2432 2431 2433
f 2432 2433 2434
f 2434 2433 2435
f 2434 2435 2436
f 2436 2435 2437
f 2436 2437 2438
f 2438 2437 2439
f 2439 2437 2440
f 2439 2440 2441
f 2441 2440 2442
f 2441 2442 2443
f 2443 2442 2444
f 2443 2444 2445
f 2445 2444 2446
f 2446 2444 2447
f 2446 2447 2448
f 2449 2424 2423
f 2423 2450 2449
f 2449 2450 2451
f 2449 2451 2452
f 2451 2453 2452
f 2452 2453 2454
f 2452 2454 2455
f 2455 2454 2456
f 2456 2457 2455
f 2455 2457 2414
f 2455 2414 2413
f 2458 2414 2457
f 2459 2458 2460
f 2460 2458 2461
f 2461 2458 2457
f 2461 2457 2462
f 2443 2445 2463
f 2463 2445 2446
f 2463 2446 2448
f 2457 2456 2462
f 2462 2456 2454
f 2462 2454 2464
f 2464 2454 2453
f 2464 2453 2463
f 2463 2453 2451
f 2451 2450 2463
f 2463 2450 2423
f 2463 2423 2425
f 2425 2427 2463
f 2463 2427 2430
f 2463 2430 2432
f 2432 2434 2463
f 2463 2434 2436
f 2463 2436 2438
f 2438 2439 2463
f 2463 2439 2441
f 2463 2441 2443
f 2465 2466 2467
f 2465 2467 2468
f 2467 2469 2420
f 2420 2469 2470
f 2420 2470 2418
f 2418 2470 2471
f 2418 2471 2416
f 2416 2471 2459
f 2416 2459 2413
f 2413 2459 2455
f 2459 2460 2455
f 2455 2460 2461
f 2455 2461 2452
f 2452 2461 2462
f 2452 2462 2449
f 2449 2462 2464
f 2449 2464 2424
f 2424 2464 2463
f 2472 2468 2473
f 2473 2468 2467
f 2473 2467 2422
f 2422 2467 2420
f 2429 2428 2463
f 2463 2428 2426
f 2463 2426 2424
f 2435 2433 2463
f 2463 2433 2431
f 2463 2431 2429
f 2448 2447 2463
f 2463 2447 2444
f 2463 2444 2442
f 2442 2440 2463
f 2463 2440 2437
f 2463 2437 2435
f 2467 2466 2474
f 2474 2475 2467
f 2467 2475 2476
f 2467 2476 2477
f 2459 2471 2458
f 2458 2471 2470
f 2414 2458 2415
f 2415 2458 2470
f 2415 2470 2417
f 2417 2470 2469
f 2417 2469 2419
f 2419 2469 2467
f 2419 2467 2421
f 2421 2467 2477
f 2421 2477 2478
f 2422 2421 2473
f 2473 2421 2478
f 2473 2478 2472
f 2472 2478 2477
f 2472 2477 2468
f 2477 2476 2468
f 2468 2476 2475
f 2468 2475 2465
f 2465 2475 2474
f 2465 2474 2466
f 2479 2480 2481
f 2479 2481 2482
f 2482 2481 2483
f 2482 2483 2484
f 2484 2483 2485
f 2484 2485 2486
f 2486 2485 2487
f 2486 2487 2488
f 2488 2487 2489
f 2488 2489 2490
f 2490 2489 2491
f 2490 2491 2492
f 2492 2491 2493
f 2492 2493 2494
f 2494 2493 2495
f 2494 2495 2496
f 2496 2495 2497
f 2498 2499 2500
f 2496 2497 2501
f 2501 2497 2498
f 2501 2498 2502
f 2502 2498 2500
f 2502 2500 2503
f 2500 2504 2503
f 2503 2504 2505
f 2505 2504 2506
f 2506 2504 2507
f 2506 2507 2508
f 2508 2507 2509
f 2508 2509 2510
f 2511 2512 2513
f 2514 2515 2510
f 2510 2515 2516
f 2510 2516 2513
f 2513 2516 2517
f 2513 2517 2511
f 2511 2517 2518
f 2510 2509 2514
f 2514 2509 2507
f 2514 2507 2519
f 2519 2507 2504
f 2519 2504 2520
f 2520 2504 2500
f 2520 2500 2499
f 2521 2512 2511
f 2521 2511 2522
f 2522 2511 2518
f 2522 2518 2523
f 2510 2513 2524
f 2525 2526 2527
f 2524 2513 2528
f 2527 2526 2529
f 2529 2526 2530
f 2529 2530 2531
f 2513 2512 2528
f 2528 2512 2521
f 2528 2521 2532
f 2532 2521 2533
f 2510 2524 2508
f 2508 2524 2534
f 2508 2534 2506
f 2527 2535 2525
f 2525 2535 2536
f 2525 2536 2537
f 2537 2536 2538
f 2537 2538 2539
f 2540 2541 2537
f 2537 2541 2479
f 2537 2479 2542
f 2542 2479 2482
f 2542 2482 2543
f 2543 2482 2484
f 2543 2484 2544
f 2544 2484 2486
f 2544 2486 2545
f 2545 2486 2488
f 2545 2488 2546
f 2546 2488 2490
f 2546 2490 2547
f 2547 2490 2492
f 2547 2492 2548
f 2548 2492 2494
f 2548 2494 2534
f 2539 2549 2537
f 2537 2549 2550
f 2537 2550 2540
f 2494 2496 2534
f 2534 2496 2501
f 2534 2501 2502
f 2502 2503 2534
f 2534 2503 2505
f 2534 2505 2506
f 2551 2552 2553
f 2553 2552 2527
f 2553 2527 2529
f 2529 2531 2553
f 2553 2531 2554
f 2553 2554 2551
f 2523 2533 2522
f 2522 2533 2521
f 2523 2532 2533
f 2516 2515 2524
f 2489 2487 2555
f 2489 2555 2491
f 2498 2497 2534
f 2545 2546 2555
f 2555 2546 2556
f 2555 2556 2491
f 2491 2556 2557
f 2491 2557 2493
f 2493 2557 2495
f 2524 2515 2534
f 2534 2515 2514
f 2534 2514 2519
f 2519 2520 2534
f 2534 2520 2499
f 2534 2499 2498
f 2532 2523 2528
f 2528 2523 2518
f 2528 2518 2524
f 2524 2518 2517
f 2524 2517 2516
f 2546 2547 2556
f 2556 2547 2548
f 2556 2548 2557
f 2557 2548 2534
f 2557 2534 2495
f 2495 2534 2497
f 2544 2545 2555
f 2481 2558 2559
f 2560 2561 2525
f 2554 2531 2530
f 2525 2561 2526
f 2561 2562 2526
f 2526 2562 2552
f 2526 2552 2530
f 2530 2552 2551
f 2530 2551 2554
f 2563 2564 2537
f 2537 2564 2565
f 2537 2565 2525
f 2525 2565 2566
f 2525 2566 2560
f 2558 2481 2537
f 2537 2481 2480
f 2537 2480 2567
f 2567 2568 2537
f 2537 2568 2569
f 2537 2569 2563
f 2487 2485 2559
f 2559 2485 2483
f 2559 2483 2481
f 2544 2555 2543
f 2537 2542 2558
f 2558 2542 2543
f 2558 2543 2559
f 2559 2543 2555
f 2559 2555 2487
f 2561 2536 2535
f 2527 2552 2535
f 2535 2552 2562
f 2535 2562 2561
f 2560 2566 2570
f 2561 2560 2536
f 2536 2560 2570
f 2536 2570 2538
f 2538 2570 2571
f 2538 2571 2539
f 2539 2571 2572
f 2563 2569 2573
f 2566 2565 2570
f 2570 2565 2564
f 2570 2564 2571
f 2571 2564 2563
f 2571 2563 2572
f 2572 2563 2573
f 2572 2573 2539
f 2539 2573 2549
f 2550 2549 2568
f 2568 2549 2573
f 2568 2573 2569
f 2550 2568 2540
f 2540 2568 2567
f 2540 2567 2541
f 2541 2567 2480
f 2541 2480 2479

