# https://github.com/mikedh/trimesh

o Link1.STL
v -0.06527466 0.03963690 0.04074478
v -0.06720968 0.03546371 0.04367904
v -0.06356298 0.04218569 0.04368909
v -0.06790414 0.03402406 0.04336447
v -0.00669709 0.07499810 0.04359874
v 0.00000005 0.07527629 0.04357165
v 0.00000000 0.07657830 0.02351858
v -0.00656186 0.07289709 0.06407514
v 0.00000001 0.07406431 0.05619355
v 0.00000000 0.06700002 0.10449998
v 0.00000000 0.06963670 0.08884384
v -0.00638325 0.07007895 0.08451438
v 0.00000000 0.07031883 0.08449377
v -0.00617783 0.06678753 0.10449998
v -0.01326131 0.06926572 0.08453424
v -0.01280034 0.06605893 0.10449998
v -0.02013385 0.06787533 0.08455105
v -0.01941884 0.06480669 0.10449998
v -0.02699155 0.06588753 0.08456479
v -0.02603449 0.06300288 0.10449997
v -0.03369267 0.06327472 0.08457549
v -0.03250065 0.06061004 0.10449997
v -0.04009023 0.06000847 0.08458313
v -0.03866491 0.05758831 0.10449997
v -0.04604224 0.05606064 0.08458771
v -0.04438044 0.05389746 0.10449997
v -0.05140448 0.05140451 0.08458924
v -0.04949753 0.04949755 0.10449997
v -0.05606062 0.04604228 0.08458771
v -0.05389744 0.04438046 0.10449997
v -0.06000845 0.04009026 0.08458313
v -0.05758829 0.03866494 0.10449997
v -0.06327470 0.03369271 0.08457549
v -0.06061002 0.03250069 0.10449997
v -0.06588752 0.02699159 0.08456479
v -0.06300288 0.02603453 0.10449997
v -0.06787532 0.02013389 0.08455105
v -0.06480668 0.01941887 0.10449998
v -0.06926572 0.01326134 0.08453424
v -0.06605892 0.01280037 0.10449998
v -0.07007894 0.00638329 0.08451438
v -0.06678753 0.00617788 0.10449998
v -0.06834947 0.02781624 0.06414887
v -0.07219114 0.02011996 0.04984675
v -0.07049911 0.02075453 0.06412876
v -0.07321951 0.01398192 0.05270824
v -0.07201067 0.01366328 0.06410418
v -0.07376426 0.00766983 0.05565090
v -0.07289709 0.00656191 0.06407514
v -0.07372796 0.00000000 0.05922784
v -0.07115126 0.00000000 0.07895097
v -0.04218566 0.06356300 0.04368909
v -0.04987652 0.05892544 0.03175078
v -0.04846908 0.05922200 0.04369511
v -0.05444987 0.05468984 0.03372720
v -0.05418393 0.05418396 0.04369712
v -0.05838627 0.05023154 0.03580372
v -0.05922197 0.04846911 0.04369511
v -0.06203132 0.04518431 0.03815773
v -0.06379692 0.04231571 0.03949542
v -0.03546367 0.06720970 0.04367904
v -0.03916300 0.06629111 0.02831597
v -0.04464642 0.06288729 0.02990258
v -0.01396997 0.07405437 0.04362485
v -0.02021337 0.07392414 0.02475650
v -0.02122461 0.07244660 0.04364693
v -0.02668114 0.07193222 0.02568572
v -0.02843226 0.07016832 0.04366499
v -0.03312076 0.06934458 0.02689229
v -0.03584860 0.06804737 0.02749713
v -0.00670665 0.07628967 0.02365774
v -0.00899614 0.07605708 0.02376390
v -0.01317964 0.07545380 0.02404204
v -0.01366324 0.07201067 0.06410418
v -0.02075450 0.07049911 0.06412876
v -0.02781620 0.06834949 0.06414887
v -0.03471239 0.06554351 0.06416450
v -0.04130247 0.06206365 0.06417568
v -0.04745030 0.05789326 0.06418239
v -0.05301819 0.05301822 0.06418462
v -0.05789324 0.04745033 0.06418239
v -0.06206363 0.04130250 0.06417568
v -0.06554350 0.03471243 0.06416450
v -0.06790605 0.00000000 0.09929049
v -0.06700002 0.00000000 0.10449998
v -0.07029444 0.02744179 0.04643118
v 0.02843226 0.07016832 0.04366499
v 0.01993125 0.07399800 0.02472235
v 0.02122461 0.07244660 0.04364693
v 0.01358349 0.07538338 0.02407542
v 0.01396997 0.07405437 0.04362485
v 0.00691536 0.07627132 0.02366620
v 0.00669709 0.07499810 0.04359874
v 0.03546367 0.06720970 0.04367904
v 0.03250512 0.06962000 0.02676412
v 0.02674338 0.07191019 0.02569624
v 0.05418393 0.05418396 0.04369712
v 0.04952952 0.05921425 0.03161539
v 0.04846908 0.05922200 0.04369511
v 0.04476218 0.06280787 0.02993945
v 0.04218566 0.06356300 0.04368909
v 0.03879988 0.06649378 0.02822138
v 0.03584900 0.06804717 0.02749730
v 0.05922197 0.04846911 0.04369511
v 0.05805974 0.05063619 0.03561640
v 0.05370431 0.05544101 0.03337805
v 0.06816881 0.03338052 0.04366699
v 0.06746683 0.03505045 0.04288556
v 0.06720968 0.03546371 0.04367904
v 0.06466249 0.04078108 0.04021141
v 0.06356298 0.04218569 0.04368909
v 0.06174108 0.04562618 0.03795159
v 0.05955940 0.04871790 0.03650971
v 0.07372796 -0.00000000 0.05922784
v 0.07378132 0.00116445 0.05868509
v 0.07337816 0.00000000 0.06223190
v 0.07289709 0.00656191 0.06407514
v 0.06678753 0.00617788 0.10449998
v 0.06700002 -0.00000000 0.10449998
v 0.07075238 0.00000000 0.08164248
v 0.00638325 0.07007895 0.08451438
v 0.07007894 0.00638329 0.08451438
v 0.06926572 0.01326134 0.08453424
v 0.06605892 0.01280037 0.10449998
v 0.06787532 0.02013389 0.08455105
v 0.06480668 0.01941887 0.10449998
v 0.06588752 0.02699159 0.08456479
v 0.06300288 0.02603453 0.10449998
v 0.06327470 0.03369271 0.08457549
v 0.06061002 0.03250069 0.10449998
v 0.06000845 0.04009026 0.08458313
v 0.05758829 0.03866494 0.10449998
v 0.05606062 0.04604228 0.08458771
v 0.05389744 0.04438046 0.10449998
v 0.05140448 0.05140451 0.08458924
v 0.04949752 0.04949755 0.10449998
v 0.04604224 0.05606064 0.08458771
v 0.04438043 0.05389746 0.10449998
v 0.04009023 0.06000847 0.08458313
v 0.03866491 0.05758831 0.10449998
v 0.03369267 0.06327472 0.08457549
v 0.03250065 0.06061004 0.10449998
v 0.02699155 0.06588753 0.08456479
v 0.02603449 0.06300288 0.10449998
v 0.02013385 0.06787533 0.08455105
v 0.01941884 0.06480669 0.10449998
v 0.01326131 0.06926572 0.08453424
v 0.01280034 0.06605893 0.10449998
v 0.00617783 0.06678753 0.10449998
v 0.00656186 0.07289709 0.06407514
v 0.01366324 0.07201067 0.06410418
v 0.02075450 0.07049911 0.06412876
v 0.02781620 0.06834949 0.06414887
v 0.03471239 0.06554351 0.06416450
v 0.04130247 0.06206365 0.06417568
v 0.04745030 0.05789326 0.06418239
v 0.05301819 0.05301822 0.06418462
v 0.05789324 0.04745033 0.06418239
v 0.06206363 0.04130250 0.06417568
v 0.06554350 0.03471243 0.06416450
v 0.06834947 0.02781624 0.06414887
v 0.07004696 0.02821897 0.04607679
v 0.07049911 0.02075453 0.06412876
v 0.07182212 0.02180034 0.04906388
v 0.07201067 0.01366328 0.06410418
v 0.07309858 0.01488940 0.05228388
v 0.07373489 0.00827057 0.05537142
v 0.06731280 0.03550755 0.04206145
v 0.07513023 0.00670349 0.04198316
v 0.07418270 0.01398902 0.04200861
v 0.07540946 -0.00000035 0.04195675
v 0.07697843 -0.00000002 0.01275826
v 0.07714241 -0.00000006 0.00552765
v 0.07684619 0.00681836 0.00553361
v 0.00594134 0.07376070 -0.08549998
v 0.00000000 0.07400000 -0.08550000
v 0.00000000 0.07591244 -0.05438761
v 0.00676766 0.07584896 -0.04950470
v 0.01417426 0.07481294 -0.04951315
v 0.01392332 0.07267834 -0.08549999
v 0.02864050 0.07057540 -0.04952615
v 0.02106350 0.07093866 -0.08549999
v 0.02148753 0.07305060 -0.04952030
v 0.01801841 0.07177269 -0.08549999
v 0.01664637 0.07210334 -0.08549999
v 0.02960839 0.06781844 -0.08549999
v 0.03555074 0.06740377 -0.04953070
v 0.03465238 0.06538481 -0.08549999
v 0.04213185 0.06355921 -0.04953395
v 0.04038302 0.06200979 -0.08549999
v 0.05396731 0.05396731 -0.04953655
v 0.05005102 0.05450579 -0.08549999
v 0.04829760 0.05906897 -0.04953590
v 0.04687752 0.05725784 -0.08549999
v 0.04244465 0.06061724 -0.08549999
v 0.05834958 0.04551148 -0.08549999
v 0.05323115 0.05140472 -0.08549999
v 0.05232593 0.05232593 -0.08549999
v 0.05906897 0.04829760 -0.04953590
v 0.06355921 0.04213185 -0.04953395
v 0.06162547 0.04096714 -0.08549999
v 0.07057540 0.02864050 -0.04952615
v 0.06849978 0.02799612 -0.08549999
v 0.06505319 0.03527098 -0.08549999
v 0.06997666 0.02406742 -0.08549999
v 0.07305060 0.02148753 -0.04952030
v 0.07093866 0.02106350 -0.08549999
v 0.07584896 0.00676766 -0.04950470
v 0.07649051 0.00000005 -0.04178521
v 0.07630999 0.00000005 -0.04605765
v 0.07264042 0.01411987 -0.08549999
v 0.07481294 0.01417426 -0.04951315
v 0.07298782 0.01219682 -0.08549999
v 0.07370057 0.00664571 -0.08549998
v 0.07399999 -0.00000000 -0.08549999
v 0.07643073 0.00000004 0.02652833
v 0.07610483 -0.00000004 0.03224786
v 0.07627743 0.00677915 0.02378831
v 0.07256853 0.02126211 0.04203014
v 0.07028157 0.02847130 0.04204775
v 0.05997258 0.04904078 0.02384740
v 0.06442456 0.04268896 0.02384371
v 0.05483559 0.05483559 0.02384863
v 0.04904078 0.05997258 0.02384740
v 0.04268896 0.06442456 0.02384371
v 0.03590115 0.06818406 0.02383755
v 0.01416356 0.07529334 0.02380431
v 0.02152407 0.07361739 0.02381786
v 0.02880494 0.07124851 0.02382894
v 0.02897597 0.07168372 -0.01277669
v 0.02886033 0.07129027 -0.03113717
v 0.02168878 0.07414378 -0.01277500
v 0.02162571 0.07376598 -0.03113203
v 0.01428476 0.07589064 -0.01277294
v 0.01425321 0.07552652 -0.03112574
v 0.00682625 0.07691710 -0.01277050
v 0.00680773 0.07656135 -0.03111831
v 0.00000000 0.07724354 -0.00736699
v 0.00000000 0.07691079 -0.02951790
v 0.03605149 0.06851847 -0.01277800
v 0.07686494 0.00000002 -0.03111059
v 0.07656135 0.00680774 -0.03111831
v 0.07552652 0.01425321 -0.03112574
v 0.07376598 0.02162570 -0.03113203
v 0.07129027 0.02886033 -0.03113717
v 0.06740377 0.03555074 -0.04953070
v 0.06206163 0.04030330 -0.08549999
v 0.07724401 -0.00000007 -0.00640773
v 0.07691710 0.00682626 -0.01277050
v 0.07589064 0.01428476 -0.01277294
v 0.07414377 0.02168878 -0.01277500
v 0.07168372 0.02897597 -0.01277669
v 0.06851847 0.03605149 -0.01277800
v 0.06466135 0.04280896 -0.01277893
v 0.06012863 0.04914010 -0.01277950
v 0.05494263 0.05494263 -0.01277968
v 0.04914010 0.06012863 -0.01277950
v 0.04280896 0.06466135 -0.01277893
v 0.06818406 0.03590115 0.02383755
v 0.07124851 0.02880494 0.02382894
v 0.07361739 0.02152407 0.02381786
v 0.07529334 0.01416356 0.02380431
v 0.00000000 0.07697596 0.01284531
v 0.00681835 0.07684619 0.00553361
v 0.01425840 0.07583629 0.00553935
v 0.02166041 0.07411696 0.00554421
v 0.02896505 0.07169154 0.00554818
v 0.03607206 0.06856306 0.00555127
v 0.04286602 0.06473880 0.00555348
v 0.04922859 0.06022858 0.00555480
v 0.05504771 0.05504771 0.00555524
v 0.06022858 0.04922859 0.00555480
v 0.06473880 0.04286602 0.00555348
v 0.06856306 0.03607206 0.00555127
v 0.07169154 0.02896505 0.00554818
v 0.07411696 0.02166041 0.00554421
v 0.07583629 0.01425840 0.00553935
v -0.06731280 0.03550755 0.04206145
v -0.07028157 0.02847130 0.04204775
v -0.00681835 0.07684619 0.00553361
v -0.01425840 0.07583629 0.00553935
v -0.01416356 0.07529334 0.02380431
v -0.02152407 0.07361739 0.02381786
v -0.02880494 0.07124851 0.02382894
v -0.03590115 0.06818406 0.02383755
v -0.05997258 0.04904078 0.02384740
v -0.05483559 0.05483559 0.02384863
v -0.04904078 0.05997258 0.02384740
v -0.04268896 0.06442456 0.02384371
v -0.06442456 0.04268896 0.02384371
v -0.06818406 0.03590115 0.02383755
v -0.07256853 0.02126211 0.04203014
v -0.07418270 0.01398902 0.04200861
v -0.07513023 0.00670349 0.04198316
v -0.07459155 0.00000000 0.05108242
v -0.07370098 0.00664575 -0.08550000
v -0.07400000 -0.00000000 -0.08550000
v -0.07591244 0.00000000 -0.05438761
v -0.07057540 0.02864050 -0.04952615
v -0.07093889 0.02106357 -0.08550000
v -0.07305060 0.02148753 -0.04952030
v -0.07264041 0.01411987 -0.08550000
v -0.07481294 0.01417426 -0.04951315
v -0.07584896 0.00676766 -0.04950470
v -0.03555074 0.06740377 -0.04953070
v -0.04244466 0.06061725 -0.08550000
v -0.04213185 0.06355921 -0.04953395
v -0.04687769 0.05725803 -0.08550000
v -0.04829760 0.05906897 -0.04953590
v -0.05323115 0.05140472 -0.08550000
v -0.05396731 0.05396731 -0.04953655
v -0.05725804 0.04687768 -0.08550000
v -0.05906897 0.04829760 -0.04953590
v -0.06206162 0.04030329 -0.08550000
v -0.06355921 0.04213185 -0.04953395
v -0.06538504 0.03465250 -0.08550000
v -0.06740377 0.03555074 -0.04953070
v -0.06861161 0.02772089 -0.08550000
v -0.03465251 0.06538504 -0.08550000
v -0.02864050 0.07057540 -0.04952615
v -0.03009851 0.06760237 -0.08550000
v -0.02148753 0.07305060 -0.04952030
v -0.02106358 0.07093889 -0.08550000
v -0.01417426 0.07481294 -0.04951315
v -0.01664638 0.07210338 -0.08550000
v -0.00676766 0.07584896 -0.04950470
v -0.00664576 0.07370098 -0.08550000
v -0.00258256 0.07395492 -0.08550000
v -0.00680773 0.07656135 -0.03111831
v -0.01425321 0.07552652 -0.03112574
v -0.02162571 0.07376598 -0.03113203
v -0.02886033 0.07129027 -0.03113717
v -0.07168372 0.02897597 -0.01277669
v -0.07129027 0.02886033 -0.03113717
v -0.07414377 0.02168878 -0.01277500
v -0.07376598 0.02162570 -0.03113203
v -0.07589064 0.01428476 -0.01277294
v -0.07552652 0.01425321 -0.03112574
v -0.07691710 0.00682626 -0.01277050
v -0.07656135 0.00680774 -0.03111831
v -0.07724354 0.00000001 -0.00736699
v -0.07691079 0.00000001 -0.02951790
v -0.06851847 0.03605149 -0.01277800
v -0.00682625 0.07691710 -0.01277050
v -0.01428476 0.07589064 -0.01277294
v -0.02168878 0.07414378 -0.01277500
v -0.02897597 0.07168372 -0.01277669
v -0.03605149 0.06851847 -0.01277800
v -0.04280896 0.06466135 -0.01277893
v -0.04914010 0.06012863 -0.01277950
v -0.05494263 0.05494263 -0.01277968
v -0.06012863 0.04914010 -0.01277950
v -0.06466135 0.04280896 -0.01277893
v -0.07615560 0.00000001 0.03142300
v -0.07627743 0.00677915 0.02378831
v -0.07529334 0.01416356 0.02380431
v -0.07361739 0.02152407 0.02381786
v -0.07124851 0.02880494 0.02382894
v -0.02166041 0.07411696 0.00554421
v -0.02896505 0.07169154 0.00554818
v -0.03607206 0.06856306 0.00555127
v -0.04286602 0.06473880 0.00555348
v -0.04922859 0.06022858 0.00555480
v -0.05504771 0.05504771 0.00555524
v -0.06022858 0.04922859 0.00555480
v -0.06473880 0.04286602 0.00555348
v -0.06856306 0.03607206 0.00555127
v -0.07169154 0.02896505 0.00554818
v -0.07411696 0.02166041 0.00554421
v -0.07583629 0.01425840 0.00553935
v -0.07684619 0.00681836 0.00553361
v -0.07697596 0.00000001 0.01284531
v -0.07573725 -0.00757180 0.03240931
v -0.07583797 -0.00670591 0.03203702
v -0.07634627 -0.00624861 0.02324170
v -0.07410245 -0.01134614 0.04784557
v -0.07313857 -0.01364455 0.05407681
v -0.07427596 -0.00660475 0.05158281
v -0.06941525 -0.02252856 0.06906013
v -0.06897731 -0.02353973 0.07020447
v -0.07005560 -0.02027829 0.06868462
v -0.07072613 -0.01943522 0.06498429
v -0.07186899 -0.01347692 0.06551464
v -0.07203946 -0.01628654 0.05971350
v -0.07308154 -0.00679255 0.06238981
v -0.07499050 -0.00926973 0.04051352
v -0.07682509 -0.00530654 0.01186564
v -0.07705476 -0.00499922 0.00000012
v -0.07707991 -0.00502737 -0.00471816
v -0.07681521 -0.00611285 -0.02352866
v -0.07701194 -0.00536713 -0.01487509
v -0.07491371 -0.01351270 -0.04997055
v -0.07556753 -0.01105481 -0.04450732
v -0.07597855 -0.00673060 -0.04677079
v -0.07575069 -0.01033953 -0.04258773
v -0.07609197 -0.00898281 -0.03833995
v -0.07641593 -0.00768267 -0.03312466
v -0.07650381 -0.00733206 -0.03141315
v -0.07370488 -0.00660233 -0.08550000
v -0.07264041 -0.01411987 -0.08549999
v -0.07476879 -0.01403556 -0.05096096
v -0.06975579 -0.02800958 -0.06764594
v -0.07156668 -0.02371347 -0.06377242
v -0.07097600 -0.02093818 -0.08550000
v -0.07298180 -0.01983549 -0.05954406
v -0.07407613 -0.01642193 -0.05494140
v -0.06861161 -0.02772089 -0.08549999
v -0.06548682 -0.03445978 -0.08549999
v -0.06752522 -0.03255834 -0.07108233
v -0.06206162 -0.04030329 -0.08549999
v -0.06233875 -0.04106713 -0.07617418
v -0.06482267 -0.03728437 -0.07409829
v -0.04718058 -0.05700871 -0.08549999
v -0.05281492 -0.05231048 -0.08086305
v -0.05323115 -0.05140472 -0.08549999
v -0.05364617 -0.05148583 -0.08058788
v -0.05745085 -0.04664119 -0.08549999
v -0.05776308 -0.04700341 -0.07890865
v -0.06165631 -0.04202962 -0.07665918
v -0.04244466 -0.06061725 -0.08549999
v -0.04357297 -0.06003622 -0.08296035
v -0.04904560 -0.05575900 -0.08190581
v -0.03507544 -0.06515913 -0.08549999
v -0.03805391 -0.06361917 -0.08363539
v -0.04141527 -0.06151752 -0.08326264
v -0.03009851 -0.06760237 -0.08549999
v -0.03221451 -0.06673072 -0.08406854
v -0.03512364 -0.06526186 -0.08388193
v -0.01931886 -0.07150900 -0.08444568
v -0.02162162 -0.07084889 -0.08441506
v -0.02160618 -0.07077551 -0.08549999
v -0.02580412 -0.06944185 -0.08432545
v -0.02850684 -0.06838366 -0.08423831
v -0.01453091 -0.07263117 -0.08448236
v -0.01664638 -0.07210338 -0.08549999
v -0.01254815 -0.07299929 -0.08449032
v -0.00729670 -0.07363938 -0.08549999
v -0.00629156 -0.07380161 -0.08449884
v 0.00000000 -0.07406971 -0.08449996
v -0.00258256 -0.07395492 -0.08549999
v -0.00000000 -0.07399999 -0.08549999
v -0.07592732 -0.02585110 0.00000006
v -0.07499092 -0.04746127 0.00000002
v -0.07476763 -0.04727395 0.00733703
v -0.05552880 -0.05440637 0.06760776
v -0.05307948 -0.05665045 0.06941059
v -0.05591584 -0.05040859 0.07330185
v -0.06574342 -0.03797828 0.06136227
v -0.06728160 -0.03587030 0.05779441
v -0.06522929 -0.04471765 0.05435792
v -0.07365377 -0.02789537 0.03152338
v -0.07220811 -0.02948266 0.04000387
v -0.01164525 -0.06936076 0.08549517
v -0.01309373 -0.07003779 0.08292510
v -0.00588611 -0.07085541 0.08295853
v -0.06703396 -0.02858728 0.07255717
v -0.06811048 -0.02589855 0.07130353
v -0.06412863 -0.04017621 0.06442907
v -0.06661272 -0.02957460 0.07301795
v -0.05867044 -0.04441640 0.07728930
v -0.06052474 -0.04092916 0.07831363
v -0.05828957 -0.04768813 0.07154915
v -0.06364802 -0.03569051 0.07587005
v -0.06043654 -0.04503925 0.06949556
v -0.06237289 -0.04252834 0.06712940
v -0.04663169 -0.05663783 0.08130486
v -0.05299155 -0.05015803 0.08261380
v -0.05015287 -0.05378384 0.08063655
v -0.05459743 -0.04850962 0.08184768
v -0.05329455 -0.05078282 0.07977520
v -0.05712697 -0.04559210 0.08048832
v -0.05612451 -0.04763950 0.07867426
v -0.04262727 -0.05937545 0.08182348
v -0.04331126 -0.05794766 0.08494473
v -0.04832925 -0.05424119 0.08452082
v -0.03806178 -0.06198732 0.08221853
v -0.03804734 -0.06105100 0.08519840
v -0.02693394 -0.06667984 0.08271602
v -0.02584184 -0.06613290 0.08544399
v -0.03215411 -0.06382088 0.08535926
v -0.01855386 -0.06810355 0.08548465
v -0.02028414 -0.06859399 0.08284906
v -0.02500449 -0.06916611 0.07983324
v -0.00540902 -0.06999448 0.08549865
v 0.00000027 -0.07083238 0.08340597
v -0.00000000 -0.07016307 0.08549948
v -0.00000022 -0.08347972 0.07445669
v -0.00000005 -0.08028902 0.07529318
v -0.00420096 -0.08072343 0.07505183
v -0.04244466 -0.09000000 0.06061725
v -0.04957416 -0.08201797 0.05579212
v -0.04907188 -0.09000000 0.05538909
v -0.05475146 -0.08129442 0.05067474
v -0.05323115 -0.09000000 0.05140471
v -0.05940263 -0.08068002 0.04501255
v -0.05948570 -0.09000000 0.04401650
v -0.06351162 -0.08015396 0.03880006
v -0.06206162 -0.09000000 0.04030329
v -0.06694335 -0.07978032 0.03227426
v -0.06697898 -0.09000000 0.03146136
v -0.06861161 -0.09000000 0.02772089
v -0.06962468 -0.07955583 0.02573748
v -0.06922086 -0.09000000 0.02616245
v -0.07161212 -0.07942108 0.01928886
v -0.07163600 -0.09000000 0.01855491
v -0.07460461 -0.05788282 -0.00000001
v -0.07428716 -0.06856835 -0.00000005
v -0.07401890 -0.06859816 0.00670415
v -0.07407647 -0.07927138 -0.00000012
v -0.07462464 -0.02694366 0.02384411
v -0.07530832 -0.02631960 0.01615432
v -0.07574458 -0.02595537 0.00814479
v -0.07123249 -0.03065370 0.04459055
v -0.07006691 -0.03213258 0.04923940
v -0.06873673 -0.03389288 0.05371620
v -0.06685722 -0.04310375 0.05058011
v -0.06836487 -0.04166717 0.04645807
v -0.06352333 -0.04643929 0.05770163
v -0.06322306 -0.05362368 0.05126289
v -0.05941546 -0.05637747 0.05720104
v -0.07262003 -0.03820553 0.02997729
v -0.07085930 -0.03950309 0.03793181
v -0.07160823 -0.04852871 0.02862417
v -0.06952984 -0.04954725 0.03610115
v -0.06669321 -0.05124062 0.04396796
v -0.07412695 -0.04751100 0.01458577
v -0.07322577 -0.06871086 0.01338033
v -0.07308564 -0.04791540 0.02161866
v -0.07190200 -0.06890305 0.01996592
v -0.07001109 -0.06919215 0.02653628
v -0.07264041 -0.09000000 0.01411986
v -0.07299191 -0.07933225 0.01285979
v -0.07297448 -0.09000000 0.01227704
v -0.07374707 -0.09000000 0.00611305
v -0.07400000 -0.09000000 -0.00000010
v -0.00845807 -0.08346355 0.07405253
v -0.00936623 -0.08040556 0.07478362
v -0.01759831 -0.08252934 0.07281874
v -0.01585717 -0.08618007 0.07250224
v -0.01417773 -0.09000000 0.07262914
v -0.00756246 -0.08664778 0.07372814
v -0.00668149 -0.09000000 0.07369775
v -0.00000017 -0.08789389 0.07403196
v -0.00258256 -0.09000000 0.07395492
v -0.00000000 -0.09000000 0.07400000
v -0.04552514 -0.07606892 0.06136140
v -0.04386739 -0.08286453 0.06036447
v -0.03962844 -0.07785595 0.06507681
v -0.03764937 -0.08376580 0.06435737
v -0.03311303 -0.07955728 0.06823152
v -0.03092758 -0.08464282 0.06773861
v -0.02582204 -0.08114665 0.07083489
v -0.02367014 -0.08546891 0.07047549
v -0.06743683 -0.06966953 0.03329349
v -0.06409609 -0.07045966 0.04013583
v -0.06011319 -0.07156909 0.04655360
v -0.05571105 -0.07285780 0.05215865
v -0.05087256 -0.07435343 0.05706261
v -0.03617392 -0.09000000 0.06455576
v -0.03009851 -0.09000000 0.06760237
v -0.02168053 -0.09000000 0.07075277
v -0.01664638 -0.09000000 0.07210338
v -0.01450945 -0.07980861 0.07431558
v -0.01939273 -0.07899559 0.07366221
v -0.02811051 -0.07696172 0.07187320
v -0.03555844 -0.07464624 0.06953572
v -0.04201207 -0.07215130 0.06668553
v -0.04772147 -0.06948503 0.06325395
v -0.05280214 -0.06688139 0.05916117
v -0.05733330 -0.06457689 0.05434507
v -0.06145094 -0.06257005 0.04863857
v -0.06521237 -0.06083683 0.04185051
v -0.06834314 -0.05960299 0.03455484
v -0.07070478 -0.05885816 0.02748231
v 0.00000040 -0.07236297 0.08099724
v -0.00546065 -0.07271009 0.08035794
v -0.01214740 -0.07201748 0.08026375
v -0.01881203 -0.07079110 0.08009103
v 0.00000035 -0.07450125 0.07876131
v -0.00503854 -0.07515970 0.07805276
v -0.01121201 -0.07458899 0.07789335
v -0.01735997 -0.07357135 0.07761288
v -0.02310363 -0.07221883 0.07721336
v -0.02830729 -0.07063862 0.07669812
v -0.03056441 -0.06727079 0.07948366
v -0.03285600 -0.06444427 0.08251093
v -0.03988659 -0.06299026 0.07847914
v -0.03550185 -0.06519148 0.07903491
v -0.03717644 -0.06707149 0.07532714
v -0.03297826 -0.06890416 0.07606918
v 0.00000018 -0.07726317 0.07673073
v -0.00461856 -0.07789136 0.07625666
v -0.01028481 -0.07744556 0.07603748
v -0.01592508 -0.07663678 0.07565431
v -0.02123092 -0.07555259 0.07511683
v -0.03050592 -0.07287617 0.07362773
v -0.05330087 -0.05312739 0.07476935
v -0.05042807 -0.05577518 0.07598422
v -0.04727477 -0.05829691 0.07698229
v -0.04378880 -0.06069101 0.07780169
v -0.04468483 -0.06657033 0.06914006
v -0.03819738 -0.06984922 0.07164198
v -0.04096163 -0.06516188 0.07446520
v -0.04752751 -0.06108898 0.07231607
v -0.04438940 -0.06317741 0.07347089
v -0.06174704 -0.04823697 0.06062105
v -0.05984317 -0.05016430 0.06322783
v -0.05777866 -0.05222617 0.06555030
v -0.05517066 -0.05951592 0.06203443
v -0.05029524 -0.06302311 0.06598373
v -0.06338028 -0.03521453 0.07900669
v -0.06551571 -0.03108542 0.07662818
v -0.06737045 -0.02716095 0.07369372
v -0.06076939 -0.03969355 0.08097704
v -0.06139028 -0.03868298 0.08057995
v -0.05407428 -0.04870668 0.08357190
v -0.05622512 -0.04615535 0.08298776
v -0.05774715 -0.04416360 0.08245510
v -0.04985018 -0.05293357 0.08433193
v -0.05145060 -0.05144406 0.08409086
v -0.06030081 -0.04026183 0.08194087
v -0.07047907 -0.00640807 0.08186506
v -0.06623726 -0.02710721 0.08192065
v -0.06824786 -0.02022045 0.08190550
v -0.06965539 -0.01331717 0.08188696
v -0.06678753 -0.00617787 0.10449998
v -0.06605892 -0.01280035 0.10449998
v -0.06480668 -0.01941884 0.10449998
v -0.06300287 -0.02603449 0.10449998
v -0.06359722 -0.03383641 0.08193246
v -0.06061002 -0.03250064 0.10449998
v -0.05758829 -0.03866490 0.10449998
v -0.05389744 -0.04438042 0.10449998
v -0.04949753 -0.04949750 0.10449998
v -0.04438045 -0.05389741 0.10449998
v -0.04599056 -0.05597808 0.08533977
v -0.04334810 -0.05773207 0.08615170
v -0.03866494 -0.05758827 0.10449998
v -0.03816381 -0.06063966 0.08750340
v -0.03184550 -0.06342826 0.08880483
v -0.03250068 -0.06061000 0.10449998
v -0.02552973 -0.06556455 0.08980072
v -0.02603453 -0.06300286 0.10449998
v -0.01941889 -0.06480667 0.10449998
v -0.01875158 -0.06726409 0.09059544
v -0.01823794 -0.06737040 0.09064519
v -0.01280039 -0.06605891 0.10449998
v -0.01245221 -0.06836075 0.09110391
v -0.01128708 -0.06851479 0.09117343
v -0.00617790 -0.06678752 0.10449998
v -0.00615432 -0.06900849 0.09139517
v -0.00431594 -0.06911206 0.09144348
v -0.00000000 -0.06920847 0.09150010
v -0.00000000 -0.06812710 0.09799545
v -0.00000000 -0.06700002 0.10449997
v -0.04319810 -0.05078375 0.10450000
v -0.04723473 -0.04723473 0.10450000
v -0.05078372 0.04319814 0.10450000
v -0.04723473 0.04723473 0.10450000
v 0.04319810 0.05078375 0.10450000
v 0.04723473 0.04723473 0.10450000
v 0.05389744 -0.04438042 0.10449998
v 0.05078372 -0.04319814 0.10450000
v 0.04949753 -0.04949750 0.10449998
v 0.04723473 -0.04723473 0.10450000
v 0.04438045 -0.05389741 0.10449998
v 0.04439024 -0.04982734 0.10450000
v 0.04247518 -0.05133175 0.10450000
v 0.03866494 -0.05758827 0.10449998
v 0.03662163 -0.05506198 0.10450000
v 0.03250068 -0.06061000 0.10449998
v 0.03124717 -0.05766398 0.10450000
v 0.02603453 -0.06300285 0.10449998
v 0.02744086 -0.05915127 0.10450000
v 0.01941889 -0.06480667 0.10449998
v 0.01870053 -0.06168778 0.10450000
v 0.01658205 -0.06214504 0.10450000
v 0.01280039 -0.06605891 0.10449998
v 0.00617790 -0.06678752 0.10449998
v 0.00595620 -0.06359577 0.10450000
v 0.00454705 -0.06368230 0.10450000
v -0.00000000 -0.06380000 0.10450000
v -0.00595620 -0.06359577 0.10450000
v -0.01282723 -0.06281761 0.10450000
v -0.01870053 -0.06168778 0.10450000
v -0.02539647 -0.05984678 0.10450000
v -0.03124717 -0.05766398 0.10450000
v -0.03528028 -0.05577393 0.10450000
v -0.04247518 -0.05133175 0.10450000
v -0.04982731 -0.04439027 0.10450000
v -0.05133176 -0.04247518 0.10450000
v -0.05506196 -0.03662167 0.10450000
v -0.05766398 -0.03124717 0.10450000
v -0.05915125 -0.02744091 0.10450000
v -0.04439024 0.04982734 0.10450000
v -0.04247518 0.05133175 0.10450000
v -0.03662163 0.05506198 0.10450000
v -0.03124717 0.05766398 0.10450000
v -0.02744086 0.05915127 0.10450000
v 0.04982731 0.04439027 0.10450000
v 0.05133176 0.04247518 0.10450000
v 0.05506196 0.03662167 0.10450000
v 0.05766398 0.03124717 0.10450000
v 0.05915125 0.02744091 0.10450000
v -0.06168778 -0.01870053 0.10450000
v -0.06214503 -0.01658211 0.10450000
v -0.01870053 0.06168778 0.10450000
v -0.01658205 0.06214504 0.10450000
v 0.06168778 0.01870053 0.10450000
v 0.06214503 0.01658211 0.10450000
v -0.06359577 -0.00595619 0.10450000
v -0.06368230 -0.00454710 0.10450000
v -0.06380000 0.00000000 0.10450000
v -0.06359577 0.00595619 0.10450000
v -0.06281760 0.01282726 0.10450000
v -0.06168778 0.01870053 0.10450000
v -0.05984676 0.02539652 0.10450000
v -0.05766398 0.03124717 0.10450000
v -0.05577391 0.03528032 0.10450000
v -0.05133176 0.04247518 0.10450000
v -0.00595620 0.06359577 0.10450000
v -0.00454705 0.06368230 0.10450000
v 0.00000000 0.06380000 0.10450000
v 0.00595620 0.06359577 0.10450000
v 0.01282723 0.06281761 0.10450000
v 0.01870053 0.06168778 0.10450000
v 0.02539647 0.05984678 0.10450000
v 0.03124717 0.05766398 0.10450000
v 0.03528028 0.05577393 0.10450000
v 0.04247518 0.05133175 0.10450000
v 0.06359577 0.00595619 0.10450000
v 0.06368230 0.00454710 0.10450000
v 0.06380000 -0.00000000 0.10450000
v 0.06678753 -0.00617787 0.10449998
v 0.06359577 -0.00595619 0.10450000
v 0.06605892 -0.01280035 0.10449998
v 0.06281760 -0.01282726 0.10450000
v 0.06480668 -0.01941884 0.10449998
v 0.06168778 -0.01870053 0.10450000
v 0.06300287 -0.02603449 0.10449998
v 0.05984676 -0.02539652 0.10450000
v 0.06061002 -0.03250064 0.10449998
v 0.05766398 -0.03124717 0.10450000
v 0.05758829 -0.03866490 0.10449998
v 0.05577391 -0.03528032 0.10450000
v 0.05133176 -0.04247518 0.10450000
v 0.06671095 -0.02859053 0.07485251
v 0.06842922 -0.02479362 0.07151242
v 0.06824786 -0.02022045 0.08190550
v 0.06623726 -0.02710721 0.08192065
v 0.06359722 -0.03383641 0.08193246
v 0.06469163 -0.03272938 0.07765074
v 0.06216972 -0.03736677 0.08002336
v 0.06030081 -0.04026183 0.08194087
v 0.05937577 -0.04184443 0.08174147
v 0.05591396 -0.04654283 0.08308375
v 0.04832597 -0.05424380 0.08452182
v 0.05247578 -0.05042039 0.08390917
v 0.03815584 -0.06064136 0.08751228
v 0.04348328 -0.05765009 0.08611722
v 0.04599167 -0.05598260 0.08533700
v 0.03224118 -0.06327270 0.08873402
v 0.01886476 -0.06724210 0.09057231
v 0.02507657 -0.06569720 0.08985686
v 0.02578105 -0.06549124 0.08976148
v 0.01154135 -0.06848438 0.09114729
v 0.00390409 -0.06913000 0.09145261
v 0.06965539 -0.01331717 0.08188696
v 0.07047907 -0.00640807 0.08186506
v 0.07342914 -0.00388759 0.06103656
v 0.07256501 -0.01003472 0.06390573
v 0.06897714 -0.02354030 0.07020451
v 0.07115544 -0.01642039 0.06688888
v 0.06658462 -0.02964089 0.07304902
v 0.06360900 -0.03576533 0.07590483
v 0.06828484 -0.02543924 0.07108963
v 0.05296437 -0.05018530 0.08262677
v 0.05459606 -0.04851216 0.08184884
v 0.05708167 -0.04565123 0.08051567
v 0.06049227 -0.04098088 0.07833764
v 0.05628354 -0.04746153 0.07856952
v 0.05345481 -0.05062769 0.07969427
v 0.05057244 -0.05568282 0.07587250
v 0.02818420 -0.07704572 0.07179442
v 0.03564684 -0.07473409 0.06942274
v 0.03829996 -0.06988806 0.07152914
v 0.06717483 -0.09000000 0.03104098
v 0.06713241 -0.08018653 0.03180605
v 0.06372622 -0.08053560 0.03836869
v 0.07550679 -0.03514353 0.00000004
v 0.07576504 -0.02606339 0.00741421
v 0.07479454 -0.04751578 0.00667481
v 0.06587563 -0.03786319 0.06098162
v 0.06741942 -0.03575467 0.05733553
v 0.07039317 -0.02022754 0.06611820
v 0.07099682 -0.01878937 0.06400551
v 0.06887238 -0.03379188 0.05318798
v 0.07166220 -0.01719428 0.06136917
v 0.07376900 -0.01213844 0.05016676
v 0.07230683 -0.02947033 0.03939056
v 0.07461588 -0.01014075 0.04383837
v 0.07372414 -0.02793463 0.03093596
v 0.07545722 -0.00820364 0.03573087
v 0.07467733 -0.02701142 0.02324223
v 0.07614625 -0.00667508 0.02663885
v 0.07534694 -0.02640636 0.01548693
v 0.07663359 -0.00566658 0.01722734
v 0.07695699 -0.00509507 0.00667517
v 0.07705471 -0.00500003 0.00000012
v 0.07163600 -0.09000000 0.01855491
v 0.07264041 -0.09000000 0.01411986
v 0.07307556 -0.07977114 0.01230188
v 0.07297448 -0.09000000 0.01227704
v 0.07374708 -0.09000000 0.00611305
v 0.07173380 -0.07985348 0.01876383
v 0.06978089 -0.07997858 0.02524283
v 0.06922086 -0.09000000 0.02616245
v 0.06861161 -0.09000000 0.02772089
v 0.05972580 -0.09000000 0.04369015
v 0.06206162 -0.09000000 0.04030329
v 0.06382634 -0.09000000 0.03744593
v 0.05962496 -0.08103439 0.04463911
v 0.05496279 -0.08162180 0.05037038
v 0.05323115 -0.09000000 0.05140471
v 0.03638079 -0.09000000 0.06443942
v 0.03100972 -0.08484071 0.06766208
v 0.03009851 -0.09000000 0.06760237
v 0.02371852 -0.08563986 0.07043156
v 0.02181434 -0.09000000 0.07071163
v 0.01664638 -0.09000000 0.07210338
v 0.01588218 -0.08632872 0.07247956
v 0.01426773 -0.09000000 0.07261151
v 0.00757562 -0.08678240 0.07371701
v 0.00672627 -0.09000000 0.07369368
v 0.00258256 -0.09000000 0.07395492
v 0.00756892 -0.06982920 0.08549836
v 0.06976482 -0.02171101 0.06807108
v 0.06426015 -0.04005654 0.06410643
v 0.06187889 -0.04820629 0.06029147
v 0.06365877 -0.04641574 0.05732189
v 0.06537275 -0.04469683 0.05391175
v 0.07282374 -0.01440144 0.05582672
v 0.07019566 -0.03205452 0.04865460
v 0.07134756 -0.03060793 0.04397903
v 0.06850441 -0.04168227 0.04590449
v 0.07097200 -0.03957533 0.03735067
v 0.06337523 -0.05369658 0.05083390
v 0.06684557 -0.05134775 0.04344812
v 0.06700121 -0.04309771 0.05007496
v 0.07418303 -0.04773816 0.01397234
v 0.07316390 -0.04812885 0.02105714
v 0.07270443 -0.03832196 0.02941297
v 0.06965853 -0.04970313 0.03555308
v 0.07170877 -0.04872157 0.02808253
v 0.05748193 -0.06472243 0.05402032
v 0.05588377 -0.07309254 0.05184309
v 0.06161757 -0.06273604 0.04822922
v 0.06030265 -0.07182829 0.04616363
v 0.06538086 -0.06103523 0.04136430
v 0.06428519 -0.07074907 0.03967999
v 0.06848997 -0.05984199 0.03403834
v 0.06760396 -0.06999156 0.03280427
v 0.07082310 -0.05912717 0.02696100
v 0.07014829 -0.06953745 0.02603101
v 0.07200965 -0.06926168 0.01943302
v 0.07432985 -0.06691522 -0.00000005
v 0.07405444 -0.06897435 0.00609542
v 0.07330097 -0.06907845 0.01280735
v 0.05955173 -0.05643495 0.05687101
v 0.07400000 -0.09000000 -0.00000000
v 0.00464266 -0.07795658 0.07622020
v 0.00421962 -0.08080834 0.07502311
v 0.01033112 -0.07750779 0.07599688
v 0.00940116 -0.08048974 0.07475035
v 0.01598993 -0.07669441 0.07560666
v 0.01455796 -0.07989179 0.07427453
v 0.02130794 -0.07560553 0.07505971
v 0.01945091 -0.07907833 0.07361072
v 0.03059815 -0.07292104 0.07354593
v 0.03319395 -0.07969712 0.06813064
v 0.02588079 -0.08127195 0.07076894
v 0.01763905 -0.08264354 0.07277919
v 0.00848193 -0.08357165 0.07402970
v 0.00549581 -0.07273404 0.08032773
v 0.00506814 -0.07520496 0.07801493
v 0.01221711 -0.07203374 0.08023150
v 0.01126993 -0.07462885 0.07785234
v 0.01891104 -0.07079549 0.08005524
v 0.01744170 -0.07360293 0.07756643
v 0.02512198 -0.06915741 0.07979237
v 0.02320054 -0.07224150 0.07715948
v 0.03069349 -0.06724878 0.07943617
v 0.02841418 -0.07065245 0.07663503
v 0.03563756 -0.06515657 0.07897927
v 0.03309153 -0.06890970 0.07599527
v 0.04002624 -0.06294286 0.07841361
v 0.04393015 -0.06063069 0.07772410
v 0.03729435 -0.06706935 0.07524084
v 0.00592688 -0.07086116 0.08294232
v 0.01317542 -0.07003351 0.08290803
v 0.02040079 -0.06857409 0.08283029
v 0.02707249 -0.06664233 0.08269446
v 0.03300783 -0.06438851 0.08248521
v 0.03822044 -0.06191337 0.08218710
v 0.04278886 -0.05928335 0.08178444
v 0.04679308 -0.05652701 0.08125578
v 0.05031323 -0.05365241 0.08057398
v 0.04741732 -0.05822195 0.07688969
v 0.04451337 -0.06315818 0.07335375
v 0.04765494 -0.06105843 0.07217902
v 0.04479773 -0.06660035 0.06898808
v 0.04108267 -0.06515184 0.07436468
v 0.04211664 -0.07224245 0.06653099
v 0.03973468 -0.07801168 0.06493255
v 0.03777037 -0.08399302 0.06423631
v 0.04244466 -0.09000000 0.06061725
v 0.05321103 -0.05660291 0.06922318
v 0.05606002 -0.05028702 0.07313798
v 0.05344595 -0.05301850 0.07463402
v 0.05529981 -0.05955192 0.06177409
v 0.05791039 -0.05217956 0.06529894
v 0.05566090 -0.05435658 0.06738980
v 0.06057474 -0.04490923 0.06926148
v 0.05843143 -0.04755904 0.07135206
v 0.05882628 -0.04421979 0.07715458
v 0.05041741 -0.06304869 0.06578240
v 0.04784213 -0.06958443 0.06304987
v 0.05293720 -0.06700038 0.05890058
v 0.04565669 -0.07624529 0.06116590
v 0.05102661 -0.07455765 0.05680981
v 0.04402591 -0.08312430 0.06018853
v 0.04976383 -0.08231249 0.05555405
v 0.04931721 -0.09000000 0.05517076
v 0.05997445 -0.05012492 0.06293945
v 0.06250714 -0.04240244 0.06685366
v 0.04611385 -0.05598514 0.08474006
v 0.04136224 -0.05917661 0.08505616
v 0.03590519 -0.06213427 0.08527055
v 0.02905983 -0.06503057 0.08541171
v 0.02268274 -0.06707159 0.08547005
v 0.01497623 -0.06882630 0.08549482
v 0.02395898 -0.07009633 -0.08437088
v 0.02160618 -0.07077551 -0.08549999
v 0.03009851 -0.06760237 -0.08549999
v 0.07426456 -0.00660401 0.05169852
v 0.07582367 -0.00670497 0.03226925
v 0.07600988 -0.00673237 -0.04606649
v 0.07703320 -0.00528410 -0.01332877
v 0.07684333 -0.00600576 -0.02258799
v 0.07654647 -0.00716285 -0.03051981
v 0.07370488 -0.00660233 -0.08549999
v 0.00466543 -0.07392228 -0.08449938
v 0.00258256 -0.07395492 -0.08549999
v 0.00729670 -0.07363938 -0.08549999
v 0.01081464 -0.07327582 -0.08449462
v 0.01452219 -0.07256105 -0.08549999
v 0.01664638 -0.07210338 -0.08549999
v 0.01761890 -0.07194569 -0.08446201
v 0.01453091 -0.07263117 -0.08448225
v 0.03683214 -0.06432471 -0.08374596
v 0.03049937 -0.06752504 -0.08415529
v 0.02850667 -0.06838373 -0.08423822
v 0.05745085 -0.04664119 -0.08549999
v 0.05293807 -0.05218988 -0.08082330
v 0.05323115 -0.05140472 -0.08549999
v 0.04790137 -0.05671988 -0.08216560
v 0.04718058 -0.05700871 -0.08549999
v 0.04231948 -0.06090987 -0.08314253
v 0.04244466 -0.06061725 -0.08549999
v 0.03507544 -0.06515913 -0.08549999
v 0.06206162 -0.04030329 -0.08549999
v 0.06103100 -0.04288568 -0.07707633
v 0.05715813 -0.04770717 -0.07919342
v 0.06861161 -0.02772089 -0.08549999
v 0.06727630 -0.03302565 -0.07140336
v 0.06548682 -0.03445978 -0.08549999
v 0.06440999 -0.03794601 -0.07448151
v 0.06234372 -0.04106004 -0.07617029
v 0.07097600 -0.02093818 -0.08549999
v 0.07149961 -0.02388472 -0.06394060
v 0.06962334 -0.02830017 -0.06788358
v 0.07264041 -0.01411987 -0.08549999
v 0.07293964 -0.01995922 -0.05969249
v 0.07233683 -0.02166966 -0.06164921
v 0.07491685 -0.01350146 -0.04994784
v 0.07404879 -0.01651248 -0.05507731
v 0.07640615 -0.00772209 -0.03330506
v 0.07615571 -0.00872729 -0.03742289
v 0.07573155 -0.01041490 -0.04279776
v 0.07560515 -0.01090887 -0.04412941
v 0.01664638 0.07210338 -0.09750000
v 0.00258256 -0.07395492 -0.09750000
v 0.00000000 -0.07400000 -0.09750000
v 0.00258256 0.07395492 -0.09750000
v 0.00000000 0.07400000 -0.09750000
v 0.03009851 0.06760237 -0.09750000
v 0.04244466 0.06061725 -0.09750000
v 0.05323115 0.05140472 -0.09750000
v 0.06206162 0.04030329 -0.09750000
v 0.06861161 0.02772089 -0.09750000
v 0.07264041 0.01411987 -0.09750000
v 0.07400000 0.00000000 -0.09750000
v 0.07264041 -0.01411987 -0.09750000
v 0.06861161 -0.02772089 -0.09750000
v 0.06206162 -0.04030329 -0.09750000
v 0.05323115 -0.05140472 -0.09750000
v 0.04244466 -0.06061725 -0.09750000
v 0.03009851 -0.06760237 -0.09750000
v 0.01664638 -0.07210338 -0.09750000
v -0.00258256 -0.07395492 -0.09750000
v -0.01664638 -0.07210338 -0.09750000
v -0.03009851 -0.06760237 -0.09750000
v -0.04244466 -0.06061725 -0.09750000
v -0.05323115 -0.05140472 -0.09750000
v -0.06206162 -0.04030329 -0.09750000
v -0.06861161 -0.02772089 -0.09750000
v -0.07264041 -0.01411987 -0.09750000
v -0.07400000 0.00000000 -0.09750000
v -0.07264041 0.01411987 -0.09750000
v -0.06861161 0.02772089 -0.09750000
v -0.06206162 0.04030329 -0.09750000
v -0.05323115 0.05140472 -0.09750000
v -0.04244466 0.06061725 -0.09750000
v -0.03009851 0.06760237 -0.09750000
v -0.01664638 0.07210338 -0.09750000
v -0.00258256 0.07395492 -0.09750000
v 0.00000000 0.05800000 -0.09750000
v -0.01290621 0.05654582 -0.09750000
v 0.01290621 0.05654582 -0.09750000
v 0.02516526 0.05225619 -0.09750000
v 0.03616241 0.04534623 -0.09750000
v 0.04534623 0.03616241 -0.09750000
v -0.05225619 0.02516526 -0.09750000
v -0.04534623 0.03616241 -0.09750000
v -0.03616241 0.04534623 -0.09750000
v -0.02516526 0.05225619 -0.09750000
v -0.04534623 -0.03616241 -0.09750000
v -0.05225619 -0.02516526 -0.09750000
v -0.05654582 -0.01290621 -0.09750000
v -0.05800000 0.00000000 -0.09750000
v -0.05654582 0.01290621 -0.09750000
v 0.00000000 -0.05800000 -0.09750000
v 0.01290621 -0.05654582 -0.09750000
v -0.01290621 -0.05654582 -0.09750000
v -0.02516526 -0.05225619 -0.09750000
v -0.03616241 -0.04534623 -0.09750000
v 0.05225619 -0.02516526 -0.09750000
v 0.04534623 -0.03616241 -0.09750000
v 0.03616241 -0.04534623 -0.09750000
v 0.02516526 -0.05225619 -0.09750000
v 0.05225619 0.02516526 -0.09750000
v 0.05654582 0.01290621 -0.09750000
v 0.05800000 -0.00000000 -0.09750000
v 0.05654582 -0.01290621 -0.09750000
v 0.00000000 0.05800000 -0.09500000
v -0.01290621 0.05654582 -0.09500000
v -0.02516526 0.05225619 -0.09500000
v -0.03616241 0.04534623 -0.09500000
v -0.04534623 0.03616241 -0.09500000
v -0.05225619 0.02516526 -0.09500000
v -0.05654582 0.01290621 -0.09500000
v -0.05800000 0.00000000 -0.09500000
v -0.05654582 -0.01290621 -0.09500000
v -0.05225619 -0.02516526 -0.09500000
v -0.04534623 -0.03616241 -0.09500000
v -0.03616241 -0.04534623 -0.09500000
v -0.02516526 -0.05225619 -0.09500000
v -0.01290621 -0.05654582 -0.09500000
v 0.00000000 -0.05800000 -0.09500000
v 0.01290621 -0.05654582 -0.09500000
v 0.02516526 -0.05225619 -0.09500000
v 0.03616241 -0.04534623 -0.09500000
v 0.04534623 -0.03616241 -0.09500000
v 0.05225619 -0.02516526 -0.09500000
v 0.05654582 -0.01290621 -0.09500000
v 0.05800000 -0.00000000 -0.09500000
v 0.05654582 0.01290621 -0.09500000
v 0.05225619 0.02516526 -0.09500000
v 0.04534623 0.03616241 -0.09500000
v 0.03616241 0.04534623 -0.09500000
v 0.02516526 0.05225619 -0.09500000
v 0.01290621 0.05654582 -0.09500000
v 0.07220964 -0.04851053 -0.02728122
v 0.07380471 -0.04770380 -0.01846779
v 0.07314416 -0.05825382 -0.01766619
v 0.04367984 -0.06060736 -0.07947908
v 0.03939712 -0.06340791 -0.08025563
v 0.05776259 -0.04796103 -0.07419100
v 0.05470166 -0.05126008 -0.07587139
v 0.06517853 -0.03811068 -0.06761345
v 0.07582960 -0.02600259 -0.00993332
v 0.07531299 -0.02661023 -0.02043692
v 0.07399949 -0.09000000 -0.00027492
v 0.07354078 -0.09000000 -0.00823129
v 0.07367761 -0.07930260 -0.00787553
v 0.02041798 -0.09000000 -0.07112739
v 0.02153190 -0.08645769 -0.07105894
v 0.02823368 -0.08573926 -0.06876628
v 0.01441347 -0.08696608 -0.07275941
v 0.01156214 -0.09000000 -0.07309116
v 0.00657644 -0.09000000 -0.07370719
v 0.00421773 -0.07439630 -0.08200996
v -0.00000000 -0.07451677 -0.08201015
v 0.00901572 -0.07505941 -0.07951590
v -0.00000003 -0.07537352 -0.07996551
v -0.00000010 -0.07931348 -0.07622518
v -0.00000005 -0.07647557 -0.07841831
v 0.00858436 -0.07682224 -0.07747857
v -0.00000012 -0.08446783 -0.07448684
v 0.00258256 -0.09000000 -0.07395492
v -0.00000011 -0.08596809 -0.07424944
v 0.00000000 -0.09000000 -0.07400000
v 0.01664638 -0.09000000 -0.07210338
v 0.03315132 -0.09000000 -0.06615882
v 0.03009851 -0.09000000 -0.06760237
v 0.02692846 -0.09000000 -0.06892647
v 0.05986931 -0.08079726 -0.04427922
v 0.05323115 -0.09000000 -0.05140472
v 0.05553420 -0.08143599 -0.04967419
v 0.05003462 -0.09000000 -0.05452097
v 0.05082629 -0.08219967 -0.05450854
v 0.04244466 -0.09000000 -0.06061725
v 0.04575365 -0.08306615 -0.05881958
v 0.04137376 -0.09000000 -0.06135317
v 0.04031826 -0.08397816 -0.06262537
v 0.03449166 -0.08488679 -0.06594242
v 0.06861161 -0.09000000 -0.02772089
v 0.06709920 -0.09000000 -0.03120413
v 0.06726025 -0.07989423 -0.03161773
v 0.06356343 -0.09000000 -0.03789051
v 0.06379948 -0.08028732 -0.03827563
v 0.06206162 -0.09000000 -0.04030329
v 0.05958417 -0.09000000 -0.04388310
v 0.07391211 -0.06862156 -0.00821053
v 0.07428221 -0.05795817 -0.00856720
v 0.07474991 -0.04730682 -0.00896576
v 0.07436226 -0.02785475 -0.03016558
v 0.07016109 -0.03403591 -0.04987752
v 0.07122710 -0.03243109 -0.04642717
v 0.06757879 -0.03785287 -0.05619508
v 0.06895152 -0.03584294 -0.05312846
v 0.06602099 -0.04005618 -0.05908545
v 0.06425511 -0.04243907 -0.06180321
v 0.06225627 -0.04498182 -0.06434146
v 0.06300120 -0.04132691 -0.07005160
v 0.05133937 -0.05449068 -0.07730307
v 0.04766655 -0.05761864 -0.07850042
v 0.03484365 -0.06597061 -0.08084887
v 0.03005405 -0.06825098 -0.08128398
v 0.02506843 -0.07020956 -0.08158779
v 0.01993729 -0.07181818 -0.08178861
v 0.01471458 -0.07305589 -0.08191282
v 0.00945840 -0.07391530 -0.08198112
v 0.04501830 -0.06123640 -0.07511236
v 0.04852554 -0.05861907 -0.07385838
v 0.05176900 -0.05592272 -0.07240000
v 0.05475954 -0.05317447 -0.07072443
v 0.02374991 -0.07188105 -0.07878993
v 0.01892306 -0.07325821 -0.07912046
v 0.01399488 -0.07432083 -0.07935791
v 0.04124089 -0.06374524 -0.07617512
v 0.03720436 -0.06610481 -0.07705912
v 0.03292596 -0.06827299 -0.07777788
v 0.06052802 -0.04463404 -0.07225195
v 0.06000476 -0.04765621 -0.06668814
v 0.05750374 -0.05040630 -0.06882179
v 0.05939670 -0.05212965 -0.06125103
v 0.05459571 -0.05655198 -0.06560364
v 0.04898395 -0.06106072 -0.06918181
v 0.04251934 -0.06542186 -0.07202388
v 0.03513625 -0.06943714 -0.07420655
v 0.02689175 -0.07283562 -0.07579426
v 0.02843102 -0.07021033 -0.07834873
v 0.01795032 -0.07535515 -0.07686081
v 0.00774685 -0.08164229 -0.07486366
v 0.00816106 -0.07907464 -0.07594504
v 0.01610707 -0.08082896 -0.07391980
v 0.01701137 -0.07794861 -0.07513668
v 0.02404126 -0.07933498 -0.07237747
v 0.02542725 -0.07595252 -0.07380167
v 0.03137837 -0.07727719 -0.07027604
v 0.03318966 -0.07323522 -0.07193024
v 0.03803879 -0.07484307 -0.06764981
v 0.04018172 -0.07002456 -0.06950893
v 0.04402550 -0.07222090 -0.06451426
v 0.04638229 -0.06655073 -0.06651691
v 0.04941789 -0.06954101 -0.06084547
v 0.05186880 -0.06297673 -0.06290448
v 0.05427314 -0.06694146 -0.05661334
v 0.05669326 -0.05948598 -0.05863585
v 0.05859340 -0.06460367 -0.05183450
v 0.06084825 -0.05632825 -0.05375900
v 0.06242960 -0.06261599 -0.04648615
v 0.06441173 -0.05363165 -0.04827864
v 0.06582444 -0.06101146 -0.04049361
v 0.06746704 -0.05144874 -0.04212623
v 0.06878502 -0.05977114 -0.03374553
v 0.07006639 -0.04976025 -0.03517535
v 0.07126674 -0.05885082 -0.02612738
v 0.07263365 -0.06881920 -0.01696099
v 0.07054813 -0.06921218 -0.02514068
v 0.07233800 -0.07940427 -0.01631636
v 0.07015225 -0.07959973 -0.02428065
v 0.00734372 -0.08439880 -0.07416674
v 0.01524046 -0.08387201 -0.07314295
v 0.02274102 -0.08286950 -0.07147157
v 0.02972110 -0.08147093 -0.06922068
v 0.03613028 -0.07981409 -0.06645172
v 0.04198301 -0.07803825 -0.06320188
v 0.04734733 -0.07623848 -0.05946669
v 0.05227458 -0.07450897 -0.05522286
v 0.05677155 -0.07296730 -0.05046402
v 0.06086223 -0.07166576 -0.04515160
v 0.06455132 -0.07062017 -0.03921588
v 0.06780642 -0.06981310 -0.03257086
v 0.07264041 -0.09000000 -0.01411986
v 0.07218797 -0.09000000 -0.01627571
v 0.07001211 -0.09000000 -0.02396468
v 0.07299858 -0.02979602 -0.03883757
v 0.07216779 -0.03102276 -0.04275747
v 0.07151189 -0.03975803 -0.03688082
v 0.06931702 -0.04190642 -0.04412035
v 0.06663799 -0.04468605 -0.05051800
v 0.06337401 -0.04811768 -0.05620949
v -0.00000011 -0.08012015 -0.07582334
v -0.07264041 -0.09000000 -0.01411986
v -0.07354078 -0.09000000 -0.00823129
v -0.07368279 -0.07930221 -0.00782458
v -0.07399949 -0.09000000 -0.00027492
v -0.07583138 -0.02600035 -0.00986953
v -0.07475344 -0.04730535 -0.00890808
v -0.07428655 -0.05795708 -0.00851201
v -0.07391703 -0.06862081 -0.00815754
v -0.06206162 -0.09000000 -0.04030329
v -0.06356343 -0.09000000 -0.03789051
v -0.06390920 -0.08027406 -0.03808794
v -0.06709915 -0.09000000 -0.03120426
v -0.02206388 -0.08640897 -0.07090244
v -0.03009851 -0.09000000 -0.06760237
v -0.02869363 -0.08568205 -0.06858233
v -0.03354706 -0.09000000 -0.06595904
v -0.03488445 -0.08482852 -0.06574091
v -0.04137376 -0.09000000 -0.06135317
v -0.04065100 -0.08392372 -0.06241348
v -0.04244466 -0.09000000 -0.06061725
v -0.04603337 -0.08301824 -0.05860248
v -0.05027858 -0.09000000 -0.05429608
v -0.05105785 -0.08216078 -0.05429130
v -0.05323115 -0.09000000 -0.05140472
v -0.01039315 -0.07379030 -0.08197225
v -0.01561658 -0.07286984 -0.08189606
v -0.02079697 -0.07157644 -0.08176127
v -0.02587768 -0.06991885 -0.08154690
v -0.03080632 -0.06791958 -0.08122623
v -0.03553438 -0.06560750 -0.08077163
v -0.04002377 -0.06302280 -0.08015691
v -0.04424144 -0.06020969 -0.07935799
v -0.04816361 -0.05721757 -0.07835708
v -0.05177476 -0.05409331 -0.07713799
v -0.05508026 -0.05087166 -0.07568546
v -0.05808884 -0.04758677 -0.07398576
v -0.06080594 -0.04427900 -0.07202948
v -0.06323420 -0.04099723 -0.06981623
v -0.06536956 -0.03781297 -0.06737103
v -0.07023481 -0.03392496 -0.04965886
v -0.07446815 -0.01982019 -0.04071527
v -0.07438287 -0.02782635 -0.03000132
v -0.05960362 -0.05192792 -0.06102687
v -0.06245661 -0.04473422 -0.06410874
v -0.06024318 -0.04738208 -0.06646097
v -0.05487248 -0.05631102 -0.06539071
v -0.04296878 -0.06514540 -0.07185944
v -0.04933968 -0.06079558 -0.06899101
v -0.04894354 -0.05828706 -0.07368830
v -0.05778231 -0.05011100 -0.06860504
v -0.05508091 -0.05286293 -0.07052170
v -0.05213669 -0.05559891 -0.07221297
v -0.04549117 -0.06090035 -0.07495999
v -0.04177160 -0.06341089 -0.07604107
v -0.03569134 -0.06916844 -0.07407176
v -0.03779401 -0.06577975 -0.07694384
v -0.03357445 -0.06796521 -0.07768118
v -0.02755477 -0.07260199 -0.07569145
v -0.00990281 -0.07495204 -0.07949308
v -0.00942575 -0.07673654 -0.07744039
v -0.01484728 -0.07416095 -0.07932314
v -0.01871305 -0.07518446 -0.07679026
v -0.02913697 -0.06992826 -0.07826971
v -0.02451016 -0.07163265 -0.07872730
v -0.01973266 -0.07305095 -0.07907249
v -0.00895830 -0.07901135 -0.07589441
v -0.01773013 -0.07781474 -0.07504601
v -0.02605090 -0.07576615 -0.07367670
v -0.03371339 -0.07302017 -0.07177634
v -0.04060981 -0.06980387 -0.06933161
v -0.04672664 -0.06634007 -0.06632065
v -0.05214294 -0.06278617 -0.06269320
v -0.05690522 -0.05932703 -0.05841799
v -0.05249748 -0.07443085 -0.05500894
v -0.05448996 -0.06682348 -0.05639901
v -0.04762108 -0.07614335 -0.05925322
v -0.04969038 -0.06939866 -0.06063392
v -0.04231395 -0.07793135 -0.06299420
v -0.04436093 -0.07206242 -0.06431203
v -0.03652840 -0.07970060 -0.06625427
v -0.03844921 -0.07467604 -0.06746092
v -0.03019614 -0.08135980 -0.06904019
v -0.03187504 -0.07711404 -0.07010622
v -0.02329860 -0.08277426 -0.07131784
v -0.00850150 -0.08159848 -0.07480495
v -0.00805741 -0.08437153 -0.07410357
v -0.01678483 -0.08072994 -0.07381403
v -0.01588034 -0.08380639 -0.07302797
v -0.02462958 -0.07919431 -0.07223491
v -0.01501871 -0.08693321 -0.07264251
v -0.00721329 -0.09000000 -0.07364760
v -0.01420155 -0.09000000 -0.07262448
v -0.01664638 -0.09000000 -0.07210338
v -0.02092987 -0.09000000 -0.07097845
v -0.07235907 -0.07940251 -0.01621876
v -0.07218796 -0.09000000 -0.01627574
v -0.07224312 -0.04849218 -0.02713213
v -0.06884977 -0.05974558 -0.03357525
v -0.07130583 -0.05883727 -0.02598394
v -0.06787783 -0.06979645 -0.03240393
v -0.07059141 -0.06920329 -0.02500147
v -0.06733587 -0.07988610 -0.03145163
v -0.07019771 -0.07959535 -0.02414423
v -0.06465431 -0.07059293 -0.03902962
v -0.06001633 -0.08077690 -0.04407642
v -0.05973887 -0.09000000 -0.04367227
v -0.06861161 -0.09000000 -0.02772089
v -0.07001180 -0.09000000 -0.02396559
v -0.07532169 -0.02659935 -0.02031638
v -0.07381988 -0.04769671 -0.01835868
v -0.07316220 -0.05824856 -0.01756161
v -0.07265379 -0.06881571 -0.01686020
v -0.07313474 -0.02293599 -0.04865049
v -0.07128623 -0.03234206 -0.04621609
v -0.07303552 -0.02974189 -0.03864499
v -0.06938864 -0.04183387 -0.04391885
v -0.07155870 -0.03971386 -0.03669734
v -0.06755049 -0.05139175 -0.04193253
v -0.07012272 -0.04972549 -0.03499946
v -0.06591851 -0.06096960 -0.04030516
v -0.06674267 -0.04457571 -0.05030319
v -0.06904275 -0.03570749 -0.05290351
v -0.06769091 -0.03769078 -0.05596516
v -0.05572162 -0.08140691 -0.04946179
v -0.06100041 -0.07162413 -0.04495165
v -0.05694924 -0.07290827 -0.05025500
v -0.06255779 -0.06255221 -0.04628465
v -0.05876184 -0.06451379 -0.05162428
v -0.06452873 -0.05354498 -0.04807196
v -0.06100725 -0.05620653 -0.05354388
v -0.06352271 -0.04796287 -0.05598639
v -0.06615791 -0.03986611 -0.05885219
v -0.06442126 -0.04222024 -0.06156873
v -0.00258256 -0.09000000 -0.07395492
v -0.00517854 -0.07433575 -0.08200727
v -0.00258256 -0.10200000 0.07395492
v 0.00000000 -0.10200000 0.07400000
v -0.01664638 -0.10200000 0.07210338
v -0.03009851 -0.10200000 0.06760237
v -0.04244466 -0.10200000 0.06061725
v -0.05323115 -0.10200000 0.05140471
v -0.06206162 -0.10200000 0.04030329
v -0.06861161 -0.10200000 0.02772089
v -0.07264041 -0.10200000 0.01411986
v -0.07400000 -0.10200000 -0.00000000
v -0.07264041 -0.10200000 -0.01411986
v -0.06861161 -0.10200000 -0.02772089
v -0.06206162 -0.10200000 -0.04030329
v -0.05323115 -0.10200000 -0.05140472
v -0.04244466 -0.10200000 -0.06061725
v -0.03009851 -0.10200000 -0.06760237
v -0.01664638 -0.10200000 -0.07210338
v -0.00000000 -0.10200000 -0.07400000
v -0.00258256 -0.10200000 -0.07395492
v 0.00258256 -0.10200000 0.07395492
v 0.00258256 -0.10200000 -0.07395492
v 0.01664638 -0.10200000 -0.07210338
v 0.03009851 -0.10200000 -0.06760237
v 0.04244466 -0.10200000 -0.06061725
v 0.05323115 -0.10200000 -0.05140472
v 0.06206162 -0.10200000 -0.04030329
v 0.06861161 -0.10200000 -0.02772089
v 0.07264041 -0.10200000 -0.01411986
v 0.07400000 -0.10200000 -0.00000000
v 0.07264041 -0.10200000 0.01411986
v 0.06861161 -0.10200000 0.02772089
v 0.06206162 -0.10200000 0.04030329
v 0.05323115 -0.10200000 0.05140471
v 0.04244466 -0.10200000 0.06061725
v 0.03009851 -0.10200000 0.06760237
v 0.01664638 -0.10200000 0.07210338
v 0.00000000 -0.10200000 -0.05000000
v -0.01196578 -0.10200000 -0.04854709
v 0.00000000 -0.10200000 0.05000000
v 0.01196578 -0.10200000 0.04854709
v -0.03315613 -0.10200000 -0.03742554
v -0.02323616 -0.10200000 -0.04427280
v -0.01196578 -0.10200000 0.04854709
v -0.02323616 -0.10200000 0.04427280
v 0.04963544 -0.10200000 -0.00602684
v 0.04963544 -0.10200000 0.00602683
v 0.04675081 -0.10200000 0.01773024
v 0.04114919 -0.10200000 0.02840324
v 0.03315613 -0.10200000 0.03742553
v -0.04963544 -0.10200000 0.00602683
v -0.04963544 -0.10200000 -0.00602684
v -0.04675081 -0.10200000 -0.01773025
v -0.04114919 -0.10200000 -0.02840324
v 0.02323616 -0.10200000 0.04427280
v 0.02323616 -0.10200000 -0.04427280
v 0.03315613 -0.10200000 -0.03742554
v 0.04114919 -0.10200000 -0.02840324
v 0.04675081 -0.10200000 -0.01773025
v -0.03315613 -0.10200000 0.03742553
v -0.04114919 -0.10200000 0.02840324
v -0.04675081 -0.10200000 0.01773024
v 0.01196578 -0.10200000 -0.04854709
v 0.00000000 -0.09000000 -0.05000000
v 0.01196578 -0.09000000 -0.04854709
v 0.02323616 -0.09000000 -0.04427280
v 0.03315613 -0.09000000 -0.03742554
v 0.04114919 -0.09000000 -0.02840324
v 0.04675081 -0.09000000 -0.01773025
v 0.04963544 -0.09000000 -0.00602684
v 0.04963544 -0.09000000 0.00602683
v 0.04675081 -0.09000000 0.01773024
v 0.04114919 -0.09000000 0.02840324
v 0.03315613 -0.09000000 0.03742553
v 0.02323616 -0.09000000 0.04427280
v 0.01196578 -0.09000000 0.04854709
v 0.00000000 -0.09000000 0.05000000
v -0.01196578 -0.09000000 0.04854709
v -0.02323616 -0.09000000 0.04427280
v -0.03315613 -0.09000000 0.03742553
v -0.04114919 -0.09000000 0.02840324
v -0.04675081 -0.09000000 0.01773024
v -0.04963544 -0.09000000 0.00602683
v -0.04963544 -0.09000000 -0.00602684
v -0.04675081 -0.09000000 -0.01773025
v -0.04114919 -0.09000000 -0.02840324
v -0.03315613 -0.09000000 -0.03742554
v -0.02323616 -0.09000000 -0.04427280
v -0.01196578 -0.09000000 -0.04854709
v -0.00562165 -0.05985671 0.10637750
v -0.01166051 -0.05925953 0.10638270
v -0.00000000 -0.04750005 0.10900000
v -0.00867981 -0.04728382 0.10900000
v 0.00000001 -0.04875094 0.10897270
v -0.01021883 -0.05124308 0.10870396
v 0.00000001 -0.05168760 0.10870041
v -0.01768597 -0.05821108 0.10638709
v -0.02368902 -0.05666608 0.10639070
v -0.02954139 -0.05457706 0.10639350
v -0.03510105 -0.05191467 0.10639550
v -0.04022393 -0.04865399 0.10639669
v -0.04476421 -0.04476420 0.10639709
v -0.04865399 -0.04022393 0.10639669
v -0.05191467 -0.03510105 0.10639550
v -0.05457706 -0.02954139 0.10639350
v -0.05666608 -0.02368902 0.10639070
v -0.05821108 -0.01768597 0.10638709
v -0.05925953 -0.01166051 0.10638270
v -0.05985671 -0.00562165 0.10637750
v -0.06003381 0.00000001 0.10637210
v -0.05168760 -0.00000001 0.10870041
v -0.05613960 0.00000000 0.10774836
v -0.05579435 -0.00526501 0.10781169
v -0.04722976 -0.00950180 0.10900000
v -0.04750005 0.00000000 0.10900000
v -0.04875094 -0.00000001 0.10897270
v -0.04943147 -0.02071412 0.10870662
v -0.04699390 -0.01218930 0.10900000
v -0.05055292 -0.01548905 0.10870542
v -0.05124308 -0.01021883 0.10870396
v -0.04440225 -0.02400309 0.10900001
v -0.04533022 -0.02109564 0.10900000
v -0.04581362 -0.01923480 0.10900001
v -0.04279044 -0.03532058 0.10870862
v -0.04229053 -0.02887195 0.10900000
v -0.04559049 -0.03075834 0.10870823
v -0.04779300 -0.02584283 0.10870756
v -0.00950180 -0.04722976 0.10900000
v -0.01785903 -0.04612017 0.10900001
v -0.01548905 -0.05055292 0.10870542
v -0.01923480 -0.04581362 0.10900001
v -0.02071412 -0.04943147 0.10870662
v -0.02586181 -0.04368632 0.10900000
v -0.02584283 -0.04779300 0.10870756
v -0.02859681 -0.04243156 0.10900001
v -0.03075834 -0.04559049 0.10870823
v -0.03257069 -0.04007813 0.10900000
v -0.03532058 -0.04279044 0.10870862
v -0.03667729 -0.03667729 0.10900001
v -0.03936810 -0.03936810 0.10870875
v -0.03816289 -0.03506872 0.10900000
v -0.03986387 -0.03287787 0.10900001
v -0.05531647 -0.01094841 0.10781635
v -0.05444307 -0.01660094 0.10782029
v -0.05310555 -0.02221976 0.10782352
v -0.05123732 -0.02771516 0.10782602
v -0.04880020 -0.03295768 0.10782783
v -0.04576503 -0.03780520 0.10782890
v -0.04210406 -0.04210406 0.10782926
v -0.03780520 -0.04576503 0.10782890
v -0.03295768 -0.04880020 0.10782783
v -0.02771517 -0.05123732 0.10782602
v -0.02221977 -0.05310555 0.10782352
v -0.01660094 -0.05444307 0.10782029
v -0.01094842 -0.05531647 0.10781635
v -0.00526501 -0.05579435 0.10781169
v -0.00000000 -0.05613960 0.10774836
v -0.00000001 -0.06003381 0.10637210
v 0.05985671 -0.00562165 0.10637750
v 0.05925953 -0.01166051 0.10638270
v 0.04750005 -0.00000000 0.10900000
v 0.04728384 -0.00867962 0.10900000
v 0.04875094 0.00000001 0.10897270
v 0.05124308 -0.01021883 0.10870396
v 0.05168760 0.00000001 0.10870041
v 0.06003381 -0.00000001 0.10637210
v 0.05821108 -0.01768597 0.10638709
v 0.05666608 -0.02368902 0.10639070
v 0.05457706 -0.02954139 0.10639350
v 0.05191467 -0.03510105 0.10639550
v 0.04865399 -0.04022393 0.10639669
v 0.04476421 -0.04476420 0.10639709
v 0.04022393 -0.04865399 0.10639669
v 0.03510105 -0.05191467 0.10639550
v 0.02954139 -0.05457706 0.10639350
v 0.02368902 -0.05666608 0.10639070
v 0.01768597 -0.05821108 0.10638709
v 0.01166051 -0.05925953 0.10638270
v 0.00562165 -0.05985671 0.10637750
v 0.00950180 -0.04722976 0.10900000
v 0.02071412 -0.04943147 0.10870662
v 0.01218952 -0.04699388 0.10900000
v 0.01548905 -0.05055292 0.10870542
v 0.01021883 -0.05124308 0.10870396
v 0.02400309 -0.04440225 0.10900001
v 0.02109583 -0.04533017 0.10900000
v 0.01923480 -0.04581362 0.10900001
v 0.03532058 -0.04279044 0.10870862
v 0.02887211 -0.04229045 0.10900001
v 0.03075834 -0.04559049 0.10870823
v 0.02584283 -0.04779300 0.10870756
v 0.04722976 -0.00950180 0.10900000
v 0.04612020 -0.01785887 0.10900000
v 0.05055292 -0.01548905 0.10870542
v 0.04581362 -0.01923480 0.10900001
v 0.04943147 -0.02071412 0.10870662
v 0.04368638 -0.02586167 0.10900000
v 0.04779300 -0.02584283 0.10870756
v 0.04243156 -0.02859681 0.10900001
v 0.04559049 -0.03075834 0.10870823
v 0.04007822 -0.03257056 0.10900000
v 0.04279044 -0.03532058 0.10870862
v 0.03667729 -0.03667729 0.10900001
v 0.03936810 -0.03936810 0.10870875
v 0.03506884 -0.03816278 0.10900001
v 0.03287787 -0.03986387 0.10900001
v 0.05579435 -0.00526501 0.10781169
v 0.05531647 -0.01094841 0.10781635
v 0.05444307 -0.01660094 0.10782029
v 0.05310555 -0.02221976 0.10782352
v 0.05123732 -0.02771516 0.10782602
v 0.04880020 -0.03295768 0.10782783
v 0.04576503 -0.03780520 0.10782890
v 0.04210406 -0.04210406 0.10782926
v 0.03780520 -0.04576503 0.10782890
v 0.03295768 -0.04880020 0.10782783
v 0.02771517 -0.05123732 0.10782602
v 0.02221977 -0.05310555 0.10782352
v 0.01660094 -0.05444307 0.10782029
v 0.01094842 -0.05531647 0.10781635
v 0.00526501 -0.05579435 0.10781169
v 0.05613960 -0.00000000 0.10774836
v 0.00562165 0.05985671 0.10637750
v 0.01166051 0.05925953 0.10638270
v 0.00000000 0.04750005 0.10900000
v 0.00867981 0.04728382 0.10900000
v -0.00000001 0.04875094 0.10897270
v 0.01021883 0.05124308 0.10870396
v -0.00000001 0.05168760 0.10870041
v 0.01768597 0.05821108 0.10638709
v 0.02368902 0.05666608 0.10639070
v 0.02954139 0.05457706 0.10639350
v 0.03510105 0.05191467 0.10639550
v 0.04022393 0.04865399 0.10639669
v 0.04476421 0.04476420 0.10639709
v 0.04865399 0.04022393 0.10639669
v 0.05191467 0.03510105 0.10639550
v 0.05457706 0.02954139 0.10639350
v 0.05666608 0.02368902 0.10639070
v 0.05821108 0.01768597 0.10638709
v 0.05925953 0.01166051 0.10638270
v 0.05985671 0.00562165 0.10637750
v 0.05579435 0.00526501 0.10781169
v 0.04722976 0.00950180 0.10900000
v 0.04943147 0.02071412 0.10870662
v 0.04699390 0.01218930 0.10900000
v 0.05055292 0.01548905 0.10870542
v 0.05124308 0.01021883 0.10870396
v 0.04440225 0.02400309 0.10900001
v 0.04533022 0.02109564 0.10900000
v 0.04581362 0.01923480 0.10900001
v 0.04279044 0.03532058 0.10870862
v 0.04229053 0.02887195 0.10900000
v 0.04559049 0.03075834 0.10870823
v 0.04779300 0.02584283 0.10870756
v 0.00950180 0.04722976 0.10900000
v 0.01785903 0.04612017 0.10900000
v 0.01548905 0.05055292 0.10870542
v 0.01923480 0.04581362 0.10900001
v 0.02071412 0.04943147 0.10870662
v 0.02586181 0.04368632 0.10900000
v 0.02584283 0.04779300 0.10870756
v 0.02859681 0.04243156 0.10900001
v 0.03075834 0.04559049 0.10870823
v 0.03257069 0.04007813 0.10900000
v 0.03532058 0.04279044 0.10870862
v 0.03667729 0.03667729 0.10900001
v 0.03936810 0.03936810 0.10870875
v 0.03816289 0.03506872 0.10900000
v 0.03986387 0.03287787 0.10900001
v 0.05531647 0.01094841 0.10781635
v 0.05444307 0.01660094 0.10782029
v 0.05310555 0.02221976 0.10782352
v 0.05123732 0.02771516 0.10782602
v 0.04880020 0.03295768 0.10782783
v 0.04576503 0.03780520 0.10782890
v 0.04210406 0.04210406 0.10782926
v 0.03780520 0.04576503 0.10782890
v 0.03295768 0.04880020 0.10782783
v 0.02771517 0.05123732 0.10782602
v 0.02221977 0.05310555 0.10782352
v 0.01660094 0.05444307 0.10782029
v 0.01094842 0.05531647 0.10781635
v 0.00526501 0.05579435 0.10781169
v 0.00000000 0.05613960 0.10774836
v 0.00000001 0.06003381 0.10637210
v -0.05985671 0.00562165 0.10637750
v -0.05925953 0.01166051 0.10638270
v -0.04728384 0.00867962 0.10900000
v -0.05124308 0.01021883 0.10870396
v -0.05821108 0.01768597 0.10638709
v -0.05666608 0.02368902 0.10639070
v -0.05457706 0.02954139 0.10639350
v -0.05191467 0.03510105 0.10639550
v -0.04865399 0.04022393 0.10639669
v -0.04476421 0.04476420 0.10639709
v -0.04022393 0.04865399 0.10639669
v -0.03510105 0.05191467 0.10639550
v -0.02954139 0.05457706 0.10639350
v -0.02368902 0.05666608 0.10639070
v -0.01768597 0.05821108 0.10638709
v -0.01166051 0.05925953 0.10638270
v -0.00562165 0.05985671 0.10637750
v -0.00950180 0.04722976 0.10900000
v -0.02071412 0.04943147 0.10870662
v -0.01218952 0.04699388 0.10900000
v -0.01548905 0.05055292 0.10870542
v -0.01021883 0.05124308 0.10870396
v -0.02400309 0.04440225 0.10900001
v -0.02109583 0.04533017 0.10900000
v -0.01923480 0.04581362 0.10900001
v -0.03532058 0.04279044 0.10870862
v -0.02887211 0.04229045 0.10900000
v -0.03075834 0.04559049 0.10870823
v -0.02584283 0.04779300 0.10870756
v -0.04722976 0.00950180 0.10900000
v -0.04612020 0.01785887 0.10900000
v -0.05055292 0.01548905 0.10870542
v -0.04581362 0.01923480 0.10900001
v -0.04943147 0.02071412 0.10870662
v -0.04368638 0.02586167 0.10900000
v -0.04779300 0.02584283 0.10870756
v -0.04243156 0.02859681 0.10900001
v -0.04559049 0.03075834 0.10870823
v -0.04007822 0.03257056 0.10900000
v -0.04279044 0.03532058 0.10870862
v -0.03667729 0.03667729 0.10900001
v -0.03936810 0.03936810 0.10870875
v -0.03506884 0.03816278 0.10900000
v -0.03287787 0.03986387 0.10900001
v -0.05579435 0.00526501 0.10781169
v -0.05531647 0.01094841 0.10781635
v -0.05444307 0.01660094 0.10782029
v -0.05310555 0.02221976 0.10782352
v -0.05123732 0.02771516 0.10782602
v -0.04880020 0.03295768 0.10782783
v -0.04576503 0.03780520 0.10782890
v -0.04210406 0.04210406 0.10782926
v -0.03780520 0.04576503 0.10782890
v -0.03295768 0.04880020 0.10782783
v -0.02771517 0.05123732 0.10782602
v -0.02221977 0.05310555 0.10782352
v -0.01660094 0.05444307 0.10782029
v -0.01094842 0.05531647 0.10781635
v -0.00526501 0.05579435 0.10781169
v 0.00850903 -0.04579148 0.10900000
v 0.01759540 -0.04464221 0.10900000
v 0.01888797 -0.04435407 0.10900000
v 0.02547502 -0.04222352 0.10900000
v 0.02791787 -0.04109394 0.10900000
v 0.03202930 -0.03862666 0.10900000
v -0.03862666 -0.03202931 0.10900000
v -0.03448265 -0.03668445 0.10900000
v -0.03201248 -0.03863855 0.10900000
v -0.02853118 -0.04077507 0.10900000
v -0.02791786 -0.04109394 0.10900000
v -0.02093662 -0.04381667 0.10900000
v -0.01888796 -0.04435407 0.10900000
v -0.01217365 -0.04548634 0.10900000
v -0.00939592 -0.04573346 0.10900000
v 0.00000001 -0.04600000 0.10900000
v -0.04579148 -0.00850905 0.10900000
v -0.04464221 -0.01759541 0.10900000
v -0.04435407 -0.01888797 0.10900000
v -0.04222352 -0.02547503 0.10900000
v -0.04109394 -0.02791787 0.10900000
v -0.00850902 0.04579148 0.10900000
v -0.01759539 0.04464221 0.10900000
v -0.01888796 0.04435407 0.10900000
v -0.02547501 0.04222353 0.10900000
v -0.02791787 0.04109394 0.10900000
v -0.03202930 0.03862667 0.10900000
v 0.04579148 0.00850905 0.10900000
v 0.04464221 0.01759541 0.10900000
v 0.04435407 0.01888796 0.10900000
v 0.04222352 0.02547503 0.10900000
v 0.04109394 0.02791787 0.10900000
v 0.03862665 0.03202931 0.10900000
v -0.03668445 0.03448265 0.10900000
v -0.03863854 0.03201248 0.10900000
v -0.04077508 0.02853117 0.10900000
v -0.04109394 0.02791787 0.10900000
v -0.04381667 0.02093662 0.10900000
v -0.04435407 0.01888796 0.10900000
v -0.04548634 0.01217364 0.10900000
v -0.04573346 0.00939593 0.10900000
v -0.04600000 -0.00000000 0.10900000
v 0.03448265 0.03668445 0.10900000
v 0.03201248 0.03863854 0.10900000
v 0.02853118 0.04077507 0.10900000
v 0.02791787 0.04109394 0.10900000
v 0.02093663 0.04381667 0.10900000
v 0.01888796 0.04435407 0.10900000
v 0.01217365 0.04548634 0.10900000
v 0.00939593 0.04573346 0.10900000
v 0.00000000 0.04600000 0.10900000
v 0.03668445 -0.03448265 0.10900000
v 0.03863855 -0.03201248 0.10900000
v 0.04077508 -0.02853117 0.10900000
v 0.04109394 -0.02791787 0.10900000
v 0.04381667 -0.02093662 0.10900000
v 0.04435407 -0.01888796 0.10900000
v 0.04548634 -0.01217364 0.10900000
v 0.04573346 -0.00939593 0.10900000
v 0.04600000 0.00000000 0.10900000
v -0.00300727 -0.03298534 0.10450000
v -0.00666847 -0.03287499 0.10450000
v -0.00737554 -0.03630531 0.10456425
v -0.04376280 -0.00000001 0.10666072
v -0.04487578 -0.00000000 0.10756123
v -0.04456551 -0.00911447 0.10756123
v -0.03976417 -0.00809232 0.10507174
v -0.04002782 -0.00000000 0.10507174
v -0.04343490 -0.00000001 0.10645004
v -0.03314549 -0.00000000 0.10449998
v -0.03650254 0.00000001 0.10456425
v -0.03630531 -0.00737554 0.10456425
v -0.03949735 0.00000000 0.10494903
v -0.03299999 0.00000000 0.10450000
v -0.03287499 -0.00666847 0.10450000
v -0.03257078 -0.01030419 0.10450000
v -0.03204941 -0.01354023 0.10450000
v -0.01262575 -0.03222558 0.10450000
v -0.01492992 -0.03530442 0.10456425
v 0.00000001 -0.03314549 0.10449998
v 0.00000001 -0.03299999 0.10450000
v -0.00000000 -0.03650254 0.10456425
v 0.00000000 -0.03949735 0.10494903
v -0.00809231 -0.03976417 0.10507174
v 0.00000001 -0.04002782 0.10507174
v -0.00879485 -0.04311907 0.10645004
v 0.00000002 -0.04343490 0.10645004
v 0.00000001 -0.04376280 0.10666072
v -0.00911446 -0.04456551 0.10756123
v 0.00000001 -0.04487578 0.10756123
v -0.01354022 -0.03204941 0.10450000
v -0.01895692 -0.03041750 0.10450000
v -0.01863006 -0.03428183 0.10456425
v -0.02019249 -0.02987185 0.10450000
v -0.02220525 -0.03282174 0.10456425
v -0.02424718 -0.02740785 0.10450000
v -0.02553212 -0.03089036 0.10456425
v -0.02592858 -0.02592858 0.10450000
v -0.02846250 -0.02846250 0.10456425
v -0.02832387 -0.02296386 0.10450000
v -0.03089035 -0.02553213 0.10456425
v -0.02987185 -0.02019250 0.10450000
v -0.03282174 -0.02220525 0.10456425
v -0.03105862 -0.01723639 0.10450000
v -0.03428183 -0.01863007 0.10456425
v -0.03530442 -0.01492992 0.10456425
v -0.03113275 -0.03760554 0.10756123
v -0.02713708 -0.04000261 0.10756123
v -0.02282548 -0.04185746 0.10756123
v -0.01834158 -0.04319119 0.10756123
v -0.04311907 -0.00879485 0.10645004
v -0.04263038 -0.01329406 0.10645004
v -0.04406194 -0.01376981 0.10756123
v -0.04178986 -0.01771699 0.10645004
v -0.04319118 -0.01834159 0.10756123
v -0.04050357 -0.02205893 0.10645004
v -0.04185746 -0.02282549 0.10756123
v -0.03871288 -0.02623803 0.10645004
v -0.04000260 -0.02713709 0.10756123
v -0.03639416 -0.03011473 0.10645004
v -0.03760553 -0.03113276 0.10756123
v -0.03353222 -0.03353223 0.10645004
v -0.03465356 -0.03465356 0.10756123
v -0.03011472 -0.03639416 0.10645004
v -0.02623802 -0.03871289 0.10645004
v -0.02205892 -0.04050357 0.10645004
v -0.01771699 -0.04178986 0.10645004
v -0.01633805 -0.03859165 0.10507174
v -0.02036283 -0.03743347 0.10507174
v -0.02424371 -0.03580435 0.10507174
v -0.02784924 -0.03367555 0.10507174
v -0.03102691 -0.03102692 0.10507174
v -0.03367555 -0.02784924 0.10507174
v -0.03580434 -0.02424372 0.10507174
v -0.03743347 -0.02036284 0.10507174
v -0.03859164 -0.01633806 0.10507174
v -0.03933847 -0.01224605 0.10507174
v -0.01224604 -0.03933847 0.10507174
v -0.01329406 -0.04263038 0.10645004
v -0.01376980 -0.04406195 0.10756123
v -0.03298534 0.00300712 0.10450000
v -0.03287499 0.00666847 0.10450000
v -0.03630531 0.00737554 0.10456425
v -0.00000001 0.04376280 0.10666072
v -0.00000000 0.04487578 0.10756123
v -0.00911447 0.04456551 0.10756123
v -0.00809232 0.03976417 0.10507174
v -0.00000000 0.04002782 0.10507174
v -0.00000001 0.04343490 0.10645004
v -0.00000000 0.03314549 0.10449998
v 0.00000001 0.03650254 0.10456425
v -0.00737554 0.03630531 0.10456425
v 0.00000000 0.03949735 0.10494903
v 0.00000000 0.03299999 0.10450000
v -0.00666847 0.03287499 0.10450000
v -0.01030430 0.03257077 0.10450000
v -0.01354023 0.03204941 0.10450000
v -0.03222560 0.01262566 0.10450000
v -0.03530442 0.01492992 0.10456425
v -0.03976417 0.00809232 0.10507174
v -0.04311907 0.00879485 0.10645004
v -0.04456551 0.00911447 0.10756123
v -0.04406195 0.01376981 0.10756123
v -0.03933847 0.01224605 0.10507174
v -0.04263038 0.01329406 0.10645004
v -0.04319118 0.01834158 0.10756123
v -0.04185746 0.02282548 0.10756123
v -0.04000260 0.02713708 0.10756123
v -0.03760553 0.03113276 0.10756123
v -0.04178986 0.01771699 0.10645004
v -0.04050357 0.02205892 0.10645004
v -0.03871289 0.02623803 0.10645004
v -0.03639416 0.03011473 0.10645004
v -0.03465356 0.03465356 0.10756123
v -0.03353223 0.03353223 0.10645004
v -0.03113276 0.03760553 0.10756123
v -0.03011473 0.03639416 0.10645004
v -0.02713708 0.04000260 0.10756123
v -0.02623803 0.03871289 0.10645004
v -0.02282548 0.04185746 0.10756123
v -0.02205892 0.04050357 0.10645004
v -0.01834158 0.04319118 0.10756123
v -0.01771699 0.04178986 0.10645004
v -0.01376981 0.04406194 0.10756123
v -0.01329406 0.04263038 0.10645004
v -0.00879485 0.04311907 0.10645004
v -0.03859164 0.01633806 0.10507174
v -0.03743347 0.02036283 0.10507174
v -0.03580434 0.02424371 0.10507174
v -0.03367555 0.02784924 0.10507174
v -0.03102691 0.03102692 0.10507174
v -0.02784924 0.03367555 0.10507174
v -0.02424371 0.03580434 0.10507174
v -0.02036283 0.03743347 0.10507174
v -0.01633806 0.03859164 0.10507174
v -0.01224605 0.03933847 0.10507174
v -0.03204941 0.01354023 0.10450000
v -0.03041753 0.01895684 0.10450000
v -0.03428183 0.01863007 0.10456425
v -0.02987185 0.02019250 0.10450000
v -0.03282174 0.02220525 0.10456425
v -0.02740791 0.02424712 0.10450000
v -0.03089035 0.02553213 0.10456425
v -0.02592858 0.02592858 0.10450000
v -0.02846250 0.02846250 0.10456425
v -0.02296393 0.02832382 0.10450000
v -0.02553213 0.03089035 0.10456425
v -0.02019250 0.02987185 0.10450000
v -0.02220525 0.03282174 0.10456425
v -0.01723648 0.03105858 0.10450000
v -0.01863007 0.03428183 0.10456425
v -0.01492992 0.03530442 0.10456425
v 0.00300727 0.03298534 0.10450000
v 0.00666847 0.03287499 0.10450000
v 0.00737554 0.03630531 0.10456425
v 0.04376280 0.00000001 0.10666072
v 0.04487578 0.00000000 0.10756123
v 0.04456551 0.00911447 0.10756123
v 0.03976417 0.00809232 0.10507174
v 0.04002782 0.00000000 0.10507174
v 0.04343490 0.00000001 0.10645004
v 0.03314549 0.00000000 0.10449998
v 0.03650254 -0.00000001 0.10456425
v 0.03630531 0.00737554 0.10456425
v 0.03949735 -0.00000000 0.10494903
v 0.03299999 -0.00000000 0.10450000
v 0.03287499 0.00666847 0.10450000
v 0.03257078 0.01030419 0.10450000
v 0.03204941 0.01354023 0.10450000
v 0.01262575 0.03222558 0.10450000
v 0.01492992 0.03530442 0.10456425
v 0.00809232 0.03976417 0.10507174
v 0.00879485 0.04311907 0.10645004
v 0.00911447 0.04456551 0.10756123
v 0.01354023 0.03204941 0.10450000
v 0.01895692 0.03041750 0.10450000
v 0.01863007 0.03428183 0.10456425
v 0.02019250 0.02987185 0.10450000
v 0.02220525 0.03282174 0.10456425
v 0.02424718 0.02740785 0.10450000
v 0.02553213 0.03089035 0.10456425
v 0.02592858 0.02592858 0.10450000
v 0.02846250 0.02846250 0.10456425
v 0.02832387 0.02296385 0.10450000
v 0.03089035 0.02553213 0.10456425
v 0.02987185 0.02019250 0.10450000
v 0.03282174 0.02220525 0.10456425
v 0.03105862 0.01723639 0.10450000
v 0.03428183 0.01863007 0.10456425
v 0.03530442 0.01492992 0.10456425
v 0.03113276 0.03760553 0.10756123
v 0.02713708 0.04000260 0.10756123
v 0.02282548 0.04185746 0.10756123
v 0.01834158 0.04319118 0.10756123
v 0.04311907 0.00879485 0.10645004
v 0.04263038 0.01329406 0.10645004
v 0.04406195 0.01376981 0.10756123
v 0.04178986 0.01771699 0.10645004
v 0.04319118 0.01834158 0.10756123
v 0.04050357 0.02205892 0.10645004
v 0.04185746 0.02282548 0.10756123
v 0.03871289 0.02623803 0.10645004
v 0.04000260 0.02713708 0.10756123
v 0.03639416 0.03011473 0.10645004
v 0.03760553 0.03113276 0.10756123
v 0.03353223 0.03353223 0.10645004
v 0.03465356 0.03465356 0.10756123
v 0.03011473 0.03639416 0.10645004
v 0.02623803 0.03871289 0.10645004
v 0.02205892 0.04050357 0.10645004
v 0.01771699 0.04178986 0.10645004
v 0.01633806 0.03859164 0.10507174
v 0.02036283 0.03743347 0.10507174
v 0.02424371 0.03580434 0.10507174
v 0.02784924 0.03367555 0.10507174
v 0.03102692 0.03102691 0.10507174
v 0.03367555 0.02784924 0.10507174
v 0.03580434 0.02424371 0.10507174
v 0.03743347 0.02036283 0.10507174
v 0.03859164 0.01633806 0.10507174
v 0.03933847 0.01224605 0.10507174
v 0.01224605 0.03933847 0.10507174
v 0.01329406 0.04263038 0.10645004
v 0.01376981 0.04406194 0.10756123
v 0.03298534 -0.00300710 0.10450000
v 0.03287499 -0.00666847 0.10450000
v 0.03630531 -0.00737554 0.10456425
v 0.00911448 -0.04456551 0.10756123
v 0.00809233 -0.03976417 0.10507174
v 0.00737555 -0.03630531 0.10456425
v 0.00666847 -0.03287499 0.10450000
v 0.01030431 -0.03257077 0.10450000
v 0.01354023 -0.03204941 0.10450000
v 0.03222560 -0.01262564 0.10450000
v 0.03530442 -0.01492992 0.10456425
v 0.03976417 -0.00809232 0.10507174
v 0.04311907 -0.00879485 0.10645004
v 0.04456551 -0.00911447 0.10756123
v 0.04406195 -0.01376981 0.10756123
v 0.03933847 -0.01224605 0.10507174
v 0.04263038 -0.01329406 0.10645004
v 0.04319119 -0.01834158 0.10756123
v 0.04185746 -0.02282548 0.10756123
v 0.04000261 -0.02713708 0.10756123
v 0.03760554 -0.03113275 0.10756123
v 0.04178986 -0.01771699 0.10645004
v 0.04050357 -0.02205892 0.10645004
v 0.03871289 -0.02623802 0.10645004
v 0.03639416 -0.03011472 0.10645004
v 0.03465356 -0.03465356 0.10756123
v 0.03353223 -0.03353222 0.10645004
v 0.03113276 -0.03760553 0.10756123
v 0.03011473 -0.03639416 0.10645004
v 0.02713709 -0.04000260 0.10756123
v 0.02623803 -0.03871288 0.10645004
v 0.02282549 -0.04185746 0.10756123
v 0.02205893 -0.04050357 0.10645004
v 0.01834159 -0.04319118 0.10756123
v 0.01771700 -0.04178985 0.10645004
v 0.01376981 -0.04406194 0.10756123
v 0.01329407 -0.04263038 0.10645004
v 0.00879486 -0.04311907 0.10645004
v 0.03859164 -0.01633805 0.10507174
v 0.03743347 -0.02036283 0.10507174
v 0.03580434 -0.02424371 0.10507174
v 0.03367555 -0.02784924 0.10507174
v 0.03102692 -0.03102691 0.10507174
v 0.02784924 -0.03367555 0.10507174
v 0.02424372 -0.03580434 0.10507174
v 0.02036284 -0.03743347 0.10507174
v 0.01633806 -0.03859164 0.10507174
v 0.01224605 -0.03933847 0.10507174
v 0.03204941 -0.01354022 0.10450000
v 0.03041754 -0.01895683 0.10450000
v 0.03428183 -0.01863007 0.10456425
v 0.02987185 -0.02019249 0.10450000
v 0.03282174 -0.02220525 0.10456425
v 0.02740791 -0.02424711 0.10450000
v 0.03089035 -0.02553212 0.10456425
v 0.02592858 -0.02592858 0.10450000
v 0.02846250 -0.02846250 0.10456425
v 0.02296394 -0.02832381 0.10450000
v 0.02553213 -0.03089035 0.10456425
v 0.02019250 -0.02987185 0.10450000
v 0.02220525 -0.03282174 0.10456425
v 0.01723650 -0.03105858 0.10450000
v 0.01863007 -0.03428183 0.10456425
v 0.01492993 -0.03530442 0.10456425
v -0.01498220 0.00701671 0.10450000
v -0.01494225 0.00747533 0.10450000
v -0.01355943 -0.00883851 0.10450000
v -0.01467038 -0.00732940 0.10450000
v -0.01498220 -0.00598295 0.10450000
v -0.01419037 0.00919510 0.10450000
v 0.01331748 0.00987315 0.10450000
v 0.01442947 0.00836321 0.10450000
v 0.01474131 0.00701671 0.10450000
v -0.01318075 -0.00910372 0.10450000
v -0.00192277 -0.01560381 0.10450000
v -0.00060096 -0.01600696 0.10450000
v -0.01318075 0.01013800 0.10450000
v 0.00035922 0.01704070 0.10450000
v -0.00150384 0.01683291 0.10450000
v -0.00192277 0.01663757 0.10450000
v 0.01394953 -0.00816028 0.10450000
v 0.01293916 -0.00910372 0.10450000
v 0.00126377 -0.01579859 0.10450000
v 0.00168118 -0.01560381 0.10450000
v 0.01293916 0.01013800 0.10450000
v 0.00168118 0.01663757 0.10450000
v 0.01470105 -0.00644314 0.10450000
v 0.01474131 -0.00598295 0.10450000
v 0.00441247 -0.00146519 0.10450000
v 0.00435955 -0.00176659 0.10450000
v 0.00805328 -0.00305804 0.10450000
v 0.00785452 -0.00385828 0.10450000
v 0.00420394 -0.00208218 0.10450000
v 0.00740813 -0.00450258 0.10450000
v -0.00376177 -0.00681960 0.10450000
v -0.00111178 -0.00834924 0.10450000
v 0.00386263 -0.00241725 0.10450000
v -0.00070488 -0.00851226 0.10450000
v 0.00441247 0.00733832 0.10450000
v 0.00805328 0.00409180 0.10450000
v 0.00706247 0.00580834 0.10450000
v 0.00799085 0.00452680 0.10450000
v 0.00765591 0.00523626 0.10450000
v 0.00706247 -0.00477440 0.10450000
v 0.00087020 -0.00834924 0.10450000
v 0.00007833 -0.00857701 0.10450000
v -0.00465389 0.00249964 0.10450000
v -0.00460030 0.00280252 0.10450000
v -0.00829487 0.00409180 0.10450000
v -0.00809622 0.00489159 0.10450000
v -0.00444559 0.00311543 0.10450000
v -0.00764809 0.00553770 0.10450000
v 0.00352053 0.00785336 0.10450000
v 0.00087020 0.00938334 0.10450000
v -0.00410353 0.00345118 0.10450000
v 0.00046365 0.00954628 0.10450000
v -0.00465389 -0.00630473 0.10450000
v -0.00829487 -0.00305804 0.10450000
v -0.00730354 -0.00477440 0.10450000
v -0.00823155 -0.00349584 0.10450000
v -0.00789768 -0.00420148 0.10450000
v -0.00730354 0.00580834 0.10450000
v -0.00111178 0.00938334 0.10450000
v -0.00032005 0.00961113 0.10450000
v 0.01474131 0.00701671 0.10439999
v 0.01442947 0.00836321 0.10439999
v 0.01331748 0.00987315 0.10439999
v 0.01293916 0.01013800 0.10439999
v 0.01474131 -0.00598295 0.10439999
v 0.01293916 -0.00910372 0.10439999
v 0.01394953 -0.00816028 0.10439999
v 0.01470105 -0.00644314 0.10439999
v 0.00168118 -0.01560381 0.10439999
v -0.00192277 -0.01560381 0.10439999
v -0.00060096 -0.01600696 0.10439999
v 0.00126377 -0.01579859 0.10439999
v -0.01318075 -0.00910372 0.10439999
v -0.01498220 -0.00598295 0.10439999
v -0.01467038 -0.00732940 0.10439999
v -0.01355943 -0.00883851 0.10439999
v -0.01498220 0.00701671 0.10439999
v -0.01318075 0.01013800 0.10439999
v -0.01419037 0.00919510 0.10439999
v -0.01494225 0.00747533 0.10439999
v -0.00192277 0.01663757 0.10439999
v 0.00168118 0.01663757 0.10439999
v 0.00035922 0.01704070 0.10439999
v -0.00150384 0.01683291 0.10439999
v -0.00070488 -0.00851226 0.10439999
v -0.00111178 -0.00834924 0.10439999
v -0.00376177 -0.00681960 0.10439999
v -0.00465389 -0.00630473 0.10439999
v -0.00465389 0.00249964 0.10439999
v -0.00444559 0.00311543 0.10439999
v -0.00460030 0.00280252 0.10439999
v -0.00410353 0.00345118 0.10439999
v 0.00352053 0.00785336 0.10439999
v 0.00441247 -0.00146519 0.10439999
v 0.00386263 -0.00241725 0.10439999
v 0.00435955 -0.00176659 0.10439999
v 0.00420394 -0.00208218 0.10439999
v 0.00046365 0.00954628 0.10439999
v 0.00087020 0.00938334 0.10439999
v 0.00441247 0.00733832 0.10439999
v 0.00706247 0.00580834 0.10439999
v 0.00765591 0.00523626 0.10439999
v 0.00799085 0.00452680 0.10439999
v 0.00805328 0.00409180 0.10439999
v 0.00805328 -0.00305804 0.10439999
v 0.00785452 -0.00385828 0.10439999
v 0.00740813 -0.00450258 0.10439999
v 0.00706247 -0.00477440 0.10439999
v 0.00087020 -0.00834924 0.10439999
v 0.00007833 -0.00857701 0.10439999
v -0.00730354 -0.00477440 0.10439999
v -0.00789768 -0.00420148 0.10439999
v -0.00823155 -0.00349584 0.10439999
v -0.00829487 -0.00305804 0.10439999
v -0.00829487 0.00409180 0.10439999
v -0.00809622 0.00489159 0.10439999
v -0.00764809 0.00553770 0.10439999
v -0.00730354 0.00580834 0.10439999
v -0.00111178 0.00938334 0.10439999
v -0.00032005 0.00961113 0.10439999
f 1 2 3
f 2 1 4
f 5 6 7
f 8 9 6
f 10 11 12
f 12 11 13
f 12 13 9
f 10 12 14
f 14 12 15
f 14 15 16
f 16 15 17
f 16 17 18
f 18 17 19
f 18 19 20
f 20 19 21
f 20 21 22
f 22 21 23
f 22 23 24
f 24 23 25
f 24 25 26
f 26 25 27
f 26 27 28
f 28 27 29
f 28 29 30
f 30 29 31
f 30 31 32
f 32 31 33
f 32 33 34
f 34 33 35
f 34 35 36
f 36 35 37
f 36 37 38
f 38 37 39
f 38 39 40
f 40 39 41
f 40 41 42
f 43 44 45
f 45 44 46
f 45 46 47
f 47 46 48
f 47 48 49
f 49 48 50
f 49 50 51
f 52 53 54
f 54 53 55
f 54 55 56
f 56 55 57
f 56 57 58
f 58 57 59
f 58 59 3
f 3 59 60
f 3 60 1
f 61 62 52
f 52 62 63
f 52 63 53
f 64 65 66
f 66 65 67
f 66 67 68
f 68 67 69
f 68 69 61
f 61 69 70
f 61 70 62
f 7 71 5
f 5 71 72
f 5 72 64
f 64 72 73
f 64 73 65
f 9 8 12
f 12 8 74
f 12 74 15
f 15 74 75
f 15 75 17
f 17 75 76
f 17 76 19
f 19 76 77
f 19 77 21
f 21 77 78
f 21 78 23
f 23 78 79
f 23 79 25
f 25 79 80
f 25 80 27
f 27 80 81
f 27 81 29
f 29 81 82
f 29 82 31
f 31 82 83
f 31 83 33
f 33 83 43
f 33 43 35
f 35 43 45
f 35 45 37
f 37 45 47
f 37 47 39
f 39 47 49
f 39 49 41
f 41 49 51
f 41 51 42
f 42 51 84
f 42 84 85
f 6 5 8
f 8 5 64
f 8 64 74
f 74 64 66
f 74 66 75
f 75 66 68
f 75 68 76
f 76 68 61
f 76 61 77
f 77 61 52
f 77 52 78
f 78 52 54
f 78 54 79
f 79 54 56
f 79 56 80
f 80 56 58
f 80 58 81
f 81 58 3
f 81 3 82
f 82 3 2
f 82 2 83
f 83 2 4
f 83 4 43
f 43 4 86
f 43 86 44
f 87 88 89
f 89 88 90
f 89 90 91
f 91 90 92
f 91 92 93
f 93 92 7
f 93 7 6
f 94 95 87
f 87 95 96
f 87 96 88
f 97 98 99
f 99 98 100
f 99 100 101
f 101 100 102
f 101 102 94
f 94 102 103
f 94 103 95
f 104 105 97
f 97 105 106
f 97 106 98
f 107 108 109
f 109 108 110
f 109 110 111
f 111 110 112
f 111 112 104
f 104 112 113
f 104 113 105
f 114 115 116
f 116 115 117
f 118 119 120
f 121 13 11
f 120 122 118
f 118 122 123
f 118 123 124
f 124 123 125
f 124 125 126
f 126 125 127
f 126 127 128
f 128 127 129
f 128 129 130
f 130 129 131
f 130 131 132
f 132 131 133
f 132 133 134
f 134 133 135
f 134 135 136
f 136 135 137
f 136 137 138
f 138 137 139
f 138 139 140
f 140 139 141
f 140 141 142
f 142 141 143
f 142 143 144
f 144 143 145
f 144 145 146
f 146 145 147
f 146 147 148
f 148 147 121
f 148 121 149
f 149 121 11
f 149 11 10
f 6 9 93
f 93 9 150
f 93 150 91
f 91 150 151
f 91 151 89
f 89 151 152
f 89 152 87
f 87 152 153
f 87 153 94
f 94 153 154
f 94 154 101
f 101 154 155
f 101 155 99
f 99 155 156
f 99 156 97
f 97 156 157
f 97 157 104
f 104 157 158
f 104 158 111
f 111 158 159
f 111 159 109
f 109 159 160
f 109 160 107
f 107 160 161
f 107 161 162
f 162 161 163
f 162 163 164
f 164 163 165
f 164 165 166
f 166 165 117
f 166 117 167
f 167 117 115
f 9 13 150
f 150 13 121
f 150 121 151
f 151 121 147
f 151 147 152
f 152 147 145
f 152 145 153
f 153 145 143
f 153 143 154
f 154 143 141
f 154 141 155
f 155 141 139
f 155 139 156
f 156 139 137
f 156 137 157
f 157 137 135
f 157 135 158
f 158 135 133
f 158 133 159
f 159 133 131
f 159 131 160
f 160 131 129
f 160 129 161
f 161 129 127
f 161 127 163
f 163 127 125
f 163 125 165
f 165 125 123
f 165 123 117
f 117 123 122
f 117 122 116
f 116 122 120
f 108 168 110
f 167 169 170
f 115 114 171
f 172 173 174
f 175 176 177
f 177 178 175
f 175 178 179
f 175 179 180
f 181 182 183
f 183 182 184
f 183 184 179
f 179 184 185
f 179 185 180
f 186 187 188
f 188 187 189
f 188 189 190
f 191 192 193
f 193 192 194
f 193 194 189
f 189 194 195
f 189 195 190
f 196 197 191
f 191 197 198
f 191 198 192
f 191 199 196
f 196 199 200
f 196 200 201
f 202 203 204
f 203 202 205
f 205 202 206
f 205 206 207
f 208 209 210
f 207 206 211
f 211 206 212
f 211 212 213
f 213 212 208
f 213 208 214
f 214 208 210
f 214 210 215
f 172 174 216
f 171 217 218
f 167 170 166
f 166 170 219
f 166 219 164
f 164 219 220
f 164 220 162
f 168 108 220
f 220 108 107
f 220 107 162
f 106 105 221
f 221 105 113
f 221 113 222
f 221 223 106
f 106 223 224
f 106 224 98
f 98 224 225
f 98 225 100
f 96 95 226
f 226 95 103
f 226 103 225
f 225 103 102
f 225 102 100
f 92 90 227
f 227 90 88
f 227 88 228
f 228 88 96
f 228 96 229
f 229 96 226
f 230 231 232
f 232 231 233
f 232 233 234
f 234 233 235
f 234 235 236
f 236 235 237
f 236 237 238
f 238 237 239
f 177 239 178
f 178 239 237
f 178 237 179
f 179 237 235
f 179 235 183
f 183 235 233
f 183 233 181
f 181 233 231
f 181 231 240
f 240 231 230
f 241 209 242
f 242 209 208
f 242 208 243
f 243 208 212
f 243 212 244
f 244 212 206
f 244 206 245
f 245 206 202
f 245 202 246
f 246 202 204
f 246 204 200
f 200 204 247
f 200 247 201
f 248 241 249
f 249 241 242
f 249 242 250
f 250 242 243
f 250 243 251
f 251 243 244
f 251 244 252
f 252 244 245
f 252 245 253
f 253 245 246
f 253 246 254
f 254 246 200
f 254 200 255
f 255 200 199
f 255 199 256
f 256 199 191
f 256 191 257
f 257 191 193
f 257 193 258
f 258 193 189
f 258 189 240
f 240 189 187
f 240 187 181
f 181 187 186
f 181 186 182
f 113 112 222
f 222 112 110
f 222 110 259
f 259 110 168
f 259 168 260
f 260 168 220
f 260 220 261
f 261 220 219
f 261 219 262
f 262 219 170
f 262 170 218
f 218 170 169
f 218 169 171
f 171 169 167
f 171 167 115
f 263 7 264
f 264 7 92
f 264 92 265
f 265 92 227
f 265 227 266
f 266 227 228
f 266 228 267
f 267 228 229
f 267 229 268
f 268 229 226
f 268 226 269
f 269 226 225
f 269 225 270
f 270 225 224
f 270 224 271
f 271 224 223
f 271 223 272
f 272 223 221
f 272 221 273
f 273 221 222
f 273 222 274
f 274 222 259
f 274 259 275
f 275 259 260
f 275 260 276
f 276 260 261
f 276 261 277
f 277 261 262
f 277 262 174
f 174 262 218
f 174 218 216
f 216 218 217
f 238 263 236
f 236 263 264
f 236 264 234
f 234 264 265
f 234 265 232
f 232 265 266
f 232 266 230
f 230 266 267
f 230 267 240
f 240 267 268
f 240 268 258
f 258 268 269
f 258 269 257
f 257 269 270
f 257 270 256
f 256 270 271
f 256 271 255
f 255 271 272
f 255 272 254
f 254 272 273
f 254 273 253
f 253 273 274
f 253 274 252
f 252 274 275
f 252 275 251
f 251 275 276
f 251 276 250
f 250 276 277
f 250 277 249
f 249 277 174
f 249 174 248
f 248 174 173
f 4 278 279
f 7 263 280
f 281 72 280
f 280 72 71
f 280 71 7
f 73 282 65
f 65 282 283
f 65 283 284
f 285 69 284
f 284 69 67
f 284 67 65
f 286 55 287
f 287 55 53
f 287 53 288
f 288 53 63
f 288 63 289
f 289 63 62
f 289 62 285
f 285 62 70
f 285 70 69
f 290 59 286
f 286 59 57
f 286 57 55
f 291 1 290
f 290 1 60
f 290 60 59
f 4 279 86
f 86 279 292
f 86 292 44
f 44 292 293
f 44 293 46
f 46 293 294
f 46 294 48
f 48 294 295
f 48 295 50
f 296 297 298
f 299 300 301
f 301 300 302
f 301 302 303
f 303 302 296
f 303 296 304
f 304 296 298
f 305 306 307
f 307 306 308
f 307 308 309
f 309 308 310
f 309 310 311
f 311 310 312
f 311 312 313
f 313 312 314
f 313 314 315
f 315 314 316
f 315 316 317
f 317 316 318
f 319 320 321
f 321 320 322
f 321 322 323
f 323 322 324
f 323 324 325
f 325 324 326
f 325 326 327
f 327 326 328
f 328 326 177
f 328 177 176
f 239 177 329
f 329 177 326
f 329 326 330
f 330 326 324
f 330 324 331
f 331 324 322
f 331 322 332
f 332 322 320
f 332 320 305
f 305 320 319
f 305 319 306
f 333 334 335
f 335 334 336
f 335 336 337
f 337 336 338
f 337 338 339
f 339 338 340
f 339 340 341
f 341 340 342
f 333 343 334
f 334 343 299
f 334 299 336
f 336 299 301
f 336 301 338
f 338 301 303
f 338 303 340
f 340 303 304
f 340 304 342
f 342 304 298
f 238 239 344
f 344 239 329
f 344 329 345
f 345 329 330
f 345 330 346
f 346 330 331
f 346 331 347
f 347 331 332
f 347 332 348
f 348 332 305
f 348 305 349
f 349 305 307
f 349 307 350
f 350 307 309
f 350 309 351
f 351 309 311
f 351 311 352
f 352 311 313
f 352 313 353
f 353 313 315
f 353 315 343
f 343 315 317
f 343 317 299
f 299 317 318
f 299 318 300
f 354 295 355
f 355 295 294
f 355 294 356
f 356 294 293
f 356 293 357
f 357 293 292
f 357 292 358
f 358 292 279
f 358 279 291
f 291 279 278
f 291 278 1
f 1 278 4
f 73 72 282
f 282 72 281
f 282 281 283
f 283 281 359
f 283 359 284
f 284 359 360
f 284 360 285
f 285 360 361
f 285 361 289
f 289 361 362
f 289 362 288
f 288 362 363
f 288 363 287
f 287 363 364
f 287 364 286
f 286 364 365
f 286 365 290
f 290 365 366
f 290 366 291
f 291 366 367
f 291 367 358
f 358 367 368
f 358 368 357
f 357 368 369
f 357 369 356
f 356 369 370
f 356 370 355
f 355 370 371
f 355 371 354
f 354 371 372
f 263 238 280
f 280 238 344
f 280 344 281
f 281 344 345
f 281 345 359
f 359 345 346
f 359 346 360
f 360 346 347
f 360 347 361
f 361 347 348
f 361 348 362
f 362 348 349
f 362 349 363
f 363 349 350
f 363 350 364
f 364 350 351
f 364 351 365
f 365 351 352
f 365 352 366
f 366 352 353
f 366 353 367
f 367 353 343
f 367 343 368
f 368 343 333
f 368 333 369
f 369 333 335
f 369 335 370
f 370 335 337
f 370 337 371
f 371 337 339
f 371 339 372
f 372 339 341
f 373 374 375
f 376 377 378
f 379 380 381
f 379 381 382
f 382 381 383
f 382 383 384
f 384 383 377
f 377 383 385
f 377 385 378
f 374 373 378
f 378 373 386
f 378 386 376
f 375 354 387
f 387 354 372
f 387 372 388
f 388 372 341
f 388 341 389
f 342 390 341
f 341 390 391
f 341 391 389
f 392 393 394
f 394 393 395
f 395 396 394
f 394 396 397
f 394 397 398
f 399 400 394
f 394 400 401
f 394 401 392
f 402 403 404
f 404 403 405
f 404 405 400
f 400 405 406
f 400 406 401
f 404 407 402
f 402 407 408
f 402 408 409
f 410 411 408
f 408 411 412
f 408 412 409
f 413 414 415
f 415 414 416
f 415 416 417
f 417 416 418
f 417 418 410
f 410 418 419
f 410 419 411
f 420 421 413
f 413 421 422
f 413 422 414
f 423 424 420
f 420 424 425
f 420 425 421
f 426 427 423
f 423 427 428
f 423 428 424
f 429 430 431
f 431 430 432
f 431 432 426
f 426 432 433
f 426 433 427
f 429 431 434
f 434 431 435
f 434 435 436
f 436 435 437
f 436 437 438
f 438 437 439
f 439 437 440
f 439 440 441
f 297 399 298
f 298 399 394
f 298 394 342
f 342 394 398
f 342 398 390
f 375 374 354
f 354 374 378
f 354 378 295
f 295 378 385
f 295 385 50
f 442 443 444
f 445 446 447
f 448 449 450
f 373 451 452
f 453 454 455
f 456 457 458
f 456 458 459
f 460 461 462
f 462 461 463
f 462 463 464
f 464 463 459
f 464 459 465
f 465 459 458
f 466 467 468
f 468 467 469
f 468 469 470
f 470 469 471
f 470 471 472
f 473 474 475
f 476 477 474
f 478 479 480
f 481 479 482
f 482 479 478
f 482 478 483
f 453 455 484
f 484 455 485
f 484 485 486
f 487 488 489
f 490 491 492
f 492 491 493
f 492 493 494
f 494 493 495
f 494 495 496
f 496 495 497
f 496 497 498
f 498 497 499
f 498 499 500
f 500 499 501
f 501 499 502
f 501 502 503
f 503 502 504
f 503 504 505
f 506 507 508
f 508 507 509
f 510 375 511
f 511 375 387
f 511 387 512
f 512 387 388
f 373 452 386
f 386 452 513
f 386 513 376
f 376 513 514
f 376 514 377
f 380 379 448
f 448 379 382
f 448 382 449
f 449 382 384
f 449 384 515
f 450 449 516
f 516 449 515
f 516 515 517
f 518 519 520
f 451 521 452
f 452 521 522
f 452 522 513
f 513 522 517
f 513 517 514
f 514 517 515
f 514 515 377
f 377 515 384
f 373 375 451
f 451 375 510
f 451 510 521
f 521 510 523
f 521 523 522
f 522 523 524
f 522 524 517
f 517 524 525
f 517 525 516
f 516 525 519
f 516 519 450
f 450 519 518
f 450 518 448
f 443 506 444
f 444 506 508
f 444 508 526
f 526 527 528
f 528 527 529
f 528 529 530
f 505 504 531
f 531 504 532
f 531 532 533
f 533 532 508
f 533 508 534
f 534 508 509
f 534 509 535
f 487 489 536
f 536 489 537
f 536 537 538
f 539 540 541
f 541 540 542
f 541 542 543
f 543 542 544
f 543 544 545
f 546 547 548
f 548 547 549
f 548 549 550
f 550 549 551
f 550 551 552
f 552 551 553
f 552 553 538
f 538 553 539
f 538 539 536
f 536 539 541
f 536 541 487
f 487 541 543
f 526 508 527
f 527 508 532
f 527 532 529
f 529 532 504
f 529 504 530
f 530 504 502
f 530 502 554
f 554 502 499
f 554 499 555
f 555 499 497
f 555 497 556
f 556 497 495
f 556 495 557
f 557 495 493
f 557 493 558
f 558 493 491
f 558 491 546
f 546 491 547
f 547 491 490
f 547 490 549
f 549 490 559
f 549 559 551
f 551 559 560
f 551 560 553
f 553 560 561
f 553 561 539
f 539 561 562
f 539 562 540
f 537 563 538
f 538 563 564
f 538 564 552
f 552 564 565
f 552 565 550
f 550 565 566
f 550 566 548
f 548 566 567
f 548 567 546
f 546 567 568
f 546 568 558
f 558 568 569
f 558 569 557
f 557 569 570
f 557 570 556
f 556 570 571
f 556 571 555
f 555 571 572
f 555 572 554
f 554 572 573
f 554 573 530
f 530 573 574
f 530 574 528
f 575 485 576
f 576 485 455
f 576 455 577
f 577 455 454
f 577 454 578
f 579 575 580
f 580 575 576
f 580 576 581
f 581 576 577
f 581 577 582
f 582 577 578
f 582 578 583
f 584 483 585
f 585 483 478
f 585 478 586
f 586 478 480
f 586 480 477
f 474 473 476
f 476 473 587
f 476 587 588
f 588 587 589
f 588 589 590
f 477 476 586
f 586 476 588
f 586 588 585
f 585 588 590
f 585 590 584
f 591 579 592
f 592 579 580
f 592 580 593
f 593 580 581
f 593 581 594
f 594 581 582
f 594 582 595
f 595 582 583
f 595 583 596
f 472 597 470
f 470 597 598
f 470 598 468
f 468 598 599
f 468 599 466
f 466 599 600
f 601 602 603
f 472 447 597
f 597 447 446
f 597 446 598
f 598 446 604
f 598 604 599
f 599 604 605
f 599 605 600
f 458 606 465
f 465 606 607
f 465 607 464
f 464 607 608
f 464 608 462
f 445 609 446
f 446 609 610
f 446 610 604
f 604 610 601
f 604 601 605
f 605 601 603
f 605 603 600
f 453 481 454
f 454 481 482
f 454 482 578
f 578 482 483
f 578 483 583
f 583 483 584
f 583 584 596
f 596 584 590
f 596 590 602
f 602 590 589
f 602 589 603
f 603 589 587
f 603 587 600
f 600 587 473
f 600 473 466
f 466 473 475
f 466 475 467
f 388 442 512
f 512 442 444
f 512 444 511
f 511 444 526
f 511 526 510
f 510 526 528
f 510 528 523
f 523 528 574
f 523 574 524
f 524 574 573
f 524 573 525
f 525 573 572
f 525 572 519
f 519 572 571
f 519 571 520
f 520 571 570
f 520 570 609
f 609 570 569
f 609 569 610
f 610 569 568
f 610 568 601
f 601 568 567
f 601 567 602
f 602 567 566
f 602 566 596
f 596 566 565
f 596 565 595
f 595 565 564
f 595 564 594
f 594 564 563
f 594 563 593
f 593 563 537
f 593 537 592
f 592 537 489
f 592 489 591
f 591 489 488
f 471 461 472
f 472 461 460
f 472 460 447
f 447 460 462
f 447 462 445
f 445 462 608
f 445 608 609
f 609 608 607
f 609 607 520
f 520 607 606
f 520 606 518
f 518 606 458
f 518 458 448
f 448 458 457
f 448 457 380
f 611 463 461
f 463 611 612
f 380 457 613
f 613 457 456
f 613 456 612
f 612 456 459
f 612 459 463
f 471 614 461
f 461 614 615
f 461 615 611
f 616 617 471
f 471 617 618
f 471 618 614
f 467 475 619
f 471 469 616
f 616 469 467
f 616 467 620
f 620 467 619
f 618 621 614
f 84 51 622
f 623 624 380
f 380 624 381
f 381 624 625
f 381 625 383
f 383 625 622
f 383 622 385
f 385 622 51
f 385 51 50
f 626 85 84
f 84 622 626
f 626 622 625
f 626 625 627
f 627 625 624
f 627 624 628
f 628 624 623
f 628 623 629
f 629 623 630
f 629 630 631
f 631 621 632
f 632 621 618
f 632 618 633
f 620 634 616
f 616 634 633
f 616 633 617
f 617 633 618
f 620 619 634
f 634 619 475
f 634 475 635
f 475 636 635
f 635 636 637
f 635 637 638
f 637 639 638
f 638 639 640
f 638 640 641
f 641 640 642
f 641 642 643
f 643 642 644
f 642 645 644
f 644 645 646
f 644 646 647
f 646 648 647
f 647 648 649
f 647 649 650
f 650 649 651
f 650 651 652
f 652 653 650
f 650 653 654
f 650 654 655
f 631 630 621
f 621 630 615
f 621 615 614
f 380 613 623
f 623 613 612
f 623 612 630
f 630 612 611
f 630 611 615
f 635 656 634
f 634 656 657
f 634 657 633
f 30 658 28
f 28 658 659
f 28 659 26
f 138 660 136
f 136 660 661
f 136 661 134
f 662 663 664
f 664 663 665
f 664 665 666
f 665 667 666
f 666 667 668
f 666 668 669
f 669 668 670
f 669 670 671
f 671 670 672
f 671 672 673
f 673 672 674
f 673 674 675
f 674 676 675
f 675 676 677
f 675 677 678
f 678 677 679
f 677 680 679
f 679 680 681
f 679 681 655
f 655 681 682
f 655 682 650
f 650 682 683
f 650 683 647
f 647 683 684
f 647 684 644
f 644 684 685
f 644 685 643
f 643 685 686
f 643 686 641
f 641 686 687
f 641 687 638
f 638 687 688
f 638 688 635
f 635 688 689
f 635 689 656
f 657 690 633
f 633 690 691
f 633 691 632
f 632 691 692
f 632 692 631
f 631 692 693
f 631 693 629
f 629 693 694
f 629 694 628
f 659 695 26
f 26 695 696
f 26 696 24
f 24 696 697
f 24 697 22
f 22 697 698
f 22 698 20
f 20 698 699
f 20 699 18
f 661 700 134
f 134 700 701
f 134 701 132
f 132 701 702
f 132 702 130
f 130 702 703
f 130 703 128
f 128 703 704
f 128 704 126
f 694 705 628
f 628 705 706
f 628 706 627
f 627 706 626
f 699 707 18
f 18 707 708
f 18 708 16
f 16 708 14
f 704 709 126
f 126 709 710
f 126 710 124
f 124 710 118
f 706 711 626
f 626 711 712
f 626 712 85
f 85 712 713
f 85 713 42
f 42 713 714
f 42 714 40
f 40 714 715
f 40 715 38
f 38 715 716
f 38 716 36
f 36 716 717
f 36 717 34
f 34 717 718
f 34 718 32
f 32 718 719
f 32 719 30
f 30 719 720
f 30 720 658
f 708 721 14
f 14 721 722
f 14 722 10
f 10 722 723
f 10 723 149
f 149 723 724
f 149 724 148
f 148 724 725
f 148 725 146
f 146 725 726
f 146 726 144
f 144 726 727
f 144 727 142
f 142 727 728
f 142 728 140
f 140 728 729
f 140 729 138
f 138 729 730
f 138 730 660
f 710 731 118
f 118 731 732
f 118 732 119
f 119 732 733
f 119 733 734
f 734 733 735
f 734 735 736
f 736 735 737
f 736 737 738
f 738 737 739
f 738 739 740
f 740 739 741
f 740 741 742
f 742 741 743
f 742 743 744
f 744 743 745
f 744 745 662
f 662 745 746
f 662 746 663
f 747 748 749
f 749 750 747
f 747 750 751
f 747 751 752
f 752 751 753
f 753 751 754
f 753 754 755
f 664 756 662
f 662 756 755
f 662 755 744
f 666 757 664
f 664 757 758
f 664 758 756
f 759 760 666
f 666 760 761
f 666 761 757
f 673 762 671
f 671 762 759
f 671 759 669
f 669 759 666
f 763 764 673
f 673 764 765
f 673 765 762
f 679 655 654
f 673 675 763
f 763 675 678
f 763 678 766
f 766 678 679
f 766 679 767
f 767 679 654
f 767 654 653
f 755 754 744
f 744 754 751
f 744 751 742
f 742 751 750
f 742 750 740
f 740 750 749
f 740 749 738
f 738 749 768
f 738 768 736
f 736 768 769
f 736 769 734
f 734 769 120
f 734 120 119
f 114 116 770
f 770 116 771
f 748 772 749
f 749 772 773
f 749 773 768
f 768 773 771
f 768 771 769
f 769 771 116
f 769 116 120
f 774 747 775
f 747 774 748
f 748 774 776
f 748 776 772
f 757 777 758
f 758 777 778
f 758 778 756
f 756 778 779
f 756 779 755
f 755 779 780
f 755 780 753
f 753 780 775
f 753 775 752
f 752 775 747
f 781 782 783
f 784 785 786
f 787 788 789
f 790 791 792
f 793 794 795
f 795 794 796
f 796 794 797
f 796 797 798
f 799 800 801
f 801 800 802
f 801 802 803
f 803 802 804
f 803 804 805
f 805 804 806
f 805 806 807
f 807 806 791
f 807 791 808
f 808 791 790
f 808 790 809
f 810 811 812
f 812 811 813
f 812 813 814
f 812 815 810
f 810 815 816
f 810 816 817
f 788 787 816
f 816 787 818
f 816 818 817
f 819 820 789
f 789 820 821
f 789 821 787
f 789 822 819
f 819 822 823
f 819 823 824
f 825 826 827
f 827 826 828
f 827 828 829
f 829 828 830
f 830 828 831
f 830 831 832
f 832 831 833
f 832 833 834
f 834 833 835
f 835 833 543
f 835 543 545
f 836 486 485
f 795 837 793
f 793 837 772
f 793 772 838
f 838 772 776
f 838 776 774
f 838 839 793
f 793 839 840
f 793 840 794
f 794 840 841
f 794 841 797
f 842 843 844
f 844 843 845
f 844 845 846
f 847 848 849
f 792 791 850
f 850 791 806
f 850 806 851
f 851 806 804
f 851 804 852
f 852 804 802
f 852 802 846
f 846 802 800
f 846 800 844
f 844 800 799
f 844 799 842
f 843 849 845
f 845 849 848
f 845 848 846
f 846 848 853
f 846 853 852
f 852 853 854
f 852 854 851
f 855 856 857
f 857 856 858
f 857 858 859
f 859 858 860
f 859 860 861
f 861 860 862
f 861 862 863
f 863 862 864
f 863 864 865
f 866 790 867
f 867 790 792
f 867 792 868
f 868 792 850
f 868 850 865
f 865 850 851
f 865 851 863
f 863 851 854
f 863 854 861
f 861 854 853
f 861 853 859
f 859 853 848
f 859 848 857
f 857 848 847
f 857 847 855
f 855 847 869
f 870 866 814
f 814 866 867
f 814 867 812
f 812 867 868
f 812 868 815
f 815 868 865
f 815 865 816
f 816 865 864
f 816 864 788
f 788 864 862
f 788 862 789
f 789 862 860
f 789 860 822
f 822 860 858
f 822 858 823
f 823 858 856
f 871 872 873
f 873 872 874
f 873 874 875
f 875 874 876
f 875 876 877
f 877 876 878
f 877 878 879
f 880 785 881
f 881 785 784
f 881 784 882
f 826 880 828
f 828 880 881
f 828 881 831
f 831 881 882
f 831 882 833
f 833 882 883
f 833 883 543
f 543 883 487
f 884 885 886
f 886 885 887
f 886 887 888
f 888 887 889
f 888 889 890
f 890 889 891
f 890 891 892
f 892 891 893
f 892 893 894
f 894 893 895
f 894 895 896
f 897 896 898
f 898 896 895
f 898 895 879
f 879 895 893
f 879 893 877
f 877 893 891
f 877 891 875
f 875 891 889
f 875 889 873
f 873 889 887
f 873 887 871
f 871 887 885
f 899 884 900
f 900 884 886
f 900 886 901
f 901 886 888
f 901 888 902
f 902 888 890
f 902 890 903
f 903 890 892
f 903 892 904
f 904 892 894
f 904 894 905
f 905 894 896
f 905 896 906
f 906 896 897
f 906 897 907
f 782 908 783
f 783 908 909
f 783 909 910
f 910 909 911
f 908 912 909
f 909 912 786
f 909 786 911
f 911 786 785
f 911 785 913
f 913 785 880
f 913 880 914
f 914 880 826
f 914 826 915
f 915 826 825
f 915 825 916
f 917 918 919
f 920 921 922
f 922 921 923
f 922 923 924
f 781 919 925
f 925 919 918
f 925 918 924
f 924 918 917
f 924 917 922
f 922 917 926
f 922 926 920
f 920 926 927
f 920 927 928
f 928 927 929
f 928 929 930
f 930 929 931
f 930 931 932
f 932 931 933
f 932 933 824
f 781 783 919
f 919 783 910
f 919 910 917
f 917 910 911
f 917 911 926
f 926 911 913
f 926 913 927
f 927 913 914
f 927 914 929
f 929 914 915
f 929 915 931
f 931 915 916
f 931 916 933
f 782 907 908
f 908 907 897
f 908 897 912
f 912 897 898
f 912 898 786
f 786 898 879
f 786 879 784
f 784 879 878
f 784 878 882
f 882 878 876
f 882 876 883
f 883 876 874
f 883 874 487
f 487 874 872
f 487 872 488
f 488 872 871
f 488 871 591
f 591 871 885
f 591 885 579
f 579 885 884
f 579 884 575
f 575 884 899
f 842 798 843
f 843 798 797
f 843 797 849
f 849 797 841
f 849 841 847
f 847 841 840
f 847 840 869
f 869 840 839
f 869 839 934
f 934 839 838
f 934 838 935
f 935 838 774
f 935 774 775
f 824 823 932
f 932 823 856
f 932 856 930
f 930 856 855
f 930 855 928
f 928 855 869
f 928 869 920
f 920 869 934
f 920 934 921
f 921 934 935
f 921 935 923
f 923 935 775
f 923 775 924
f 924 775 780
f 924 780 925
f 925 780 779
f 925 779 781
f 781 779 778
f 781 778 782
f 782 778 777
f 782 777 907
f 907 777 757
f 907 757 906
f 906 757 936
f 906 936 905
f 905 936 937
f 905 937 904
f 904 937 938
f 904 938 903
f 903 938 939
f 903 939 902
f 902 939 940
f 902 940 901
f 901 940 941
f 901 941 900
f 900 941 836
f 900 836 899
f 899 836 485
f 899 485 575
f 942 943 944
f 842 799 945
f 773 772 837
f 837 795 773
f 773 795 796
f 773 796 798
f 798 842 773
f 773 842 945
f 773 945 771
f 771 945 770
f 216 217 946
f 946 217 171
f 946 171 945
f 945 171 114
f 945 114 770
f 805 807 172
f 172 807 173
f 807 808 173
f 173 808 809
f 173 809 248
f 947 210 209
f 809 948 248
f 248 948 949
f 248 949 241
f 241 949 950
f 241 950 209
f 951 215 210
f 952 439 441
f 441 953 952
f 952 953 954
f 952 954 955
f 955 954 956
f 943 942 957
f 957 942 958
f 957 958 956
f 956 958 959
f 956 959 955
f 960 961 944
f 944 961 962
f 944 962 942
f 963 964 965
f 965 964 966
f 965 966 967
f 967 966 968
f 967 968 969
f 969 968 960
f 969 960 970
f 970 960 944
f 971 972 963
f 963 972 973
f 963 973 964
f 974 975 976
f 976 975 977
f 976 977 971
f 971 977 978
f 971 978 972
f 979 980 974
f 974 980 981
f 974 981 975
f 982 983 979
f 979 983 984
f 979 984 980
f 210 947 951
f 951 947 985
f 951 985 982
f 982 985 986
f 982 986 983
f 209 950 947
f 947 950 987
f 947 987 988
f 988 989 947
f 947 989 990
f 947 990 985
f 799 801 945
f 945 801 803
f 945 803 946
f 946 803 805
f 946 805 216
f 216 805 172
f 180 185 991
f 992 953 993
f 993 953 441
f 180 991 175
f 991 994 175
f 175 994 995
f 175 995 176
f 185 184 991
f 991 184 182
f 991 182 996
f 182 186 996
f 996 186 188
f 996 188 997
f 997 188 190
f 190 195 997
f 997 195 194
f 997 194 998
f 998 194 192
f 192 198 998
f 998 198 197
f 998 197 999
f 999 197 196
f 999 196 201
f 203 1000 204
f 204 1000 999
f 204 999 247
f 247 999 201
f 211 1001 207
f 207 1001 1000
f 207 1000 205
f 205 1000 203
f 211 213 1001
f 1001 213 214
f 1001 214 1002
f 214 215 1002
f 1002 215 951
f 1002 951 1003
f 951 982 1003
f 1003 982 979
f 1003 979 1004
f 1004 979 974
f 1004 974 1005
f 974 976 1005
f 1005 976 971
f 1005 971 1006
f 971 963 1006
f 1006 963 965
f 1006 965 1007
f 965 967 1007
f 1007 967 969
f 1007 969 1008
f 969 970 1008
f 1008 970 944
f 1008 944 1009
f 1009 944 943
f 943 957 1009
f 1009 957 956
f 1009 956 992
f 992 956 954
f 992 954 953
f 993 441 440
f 993 440 1010
f 1010 440 437
f 1010 437 1011
f 437 435 1011
f 1011 435 431
f 1011 431 1012
f 431 426 1012
f 1012 426 423
f 1012 423 1013
f 423 420 1013
f 1013 420 413
f 1013 413 1014
f 413 415 1014
f 1014 415 417
f 1014 417 1015
f 417 410 1015
f 1015 410 408
f 1015 408 1016
f 1016 408 407
f 1016 407 1017
f 407 404 1017
f 1017 404 400
f 1017 400 1018
f 1018 400 399
f 399 297 1018
f 1018 297 296
f 1018 296 1019
f 1019 296 302
f 1019 302 1020
f 1020 302 300
f 300 318 1020
f 1020 318 316
f 1020 316 1021
f 316 314 1021
f 1021 314 312
f 1021 312 1022
f 312 310 1022
f 1022 310 308
f 1022 308 1023
f 308 306 1023
f 1023 306 319
f 1023 319 1024
f 319 321 1024
f 1024 321 323
f 1024 323 1025
f 176 995 328
f 328 995 1026
f 328 1026 327
f 327 1026 1025
f 327 1025 325
f 325 1025 323
f 1026 1027 1028
f 1026 995 1027
f 1027 995 994
f 1027 994 1029
f 1029 994 991
f 1029 991 1030
f 1030 991 996
f 1030 996 1031
f 1031 996 997
f 1031 997 1032
f 1033 1021 1034
f 1034 1021 1022
f 1034 1022 1035
f 1035 1022 1023
f 1035 1023 1036
f 1036 1023 1024
f 1036 1024 1028
f 1028 1024 1025
f 1028 1025 1026
f 1037 1015 1038
f 1038 1015 1016
f 1038 1016 1039
f 1039 1016 1017
f 1039 1017 1040
f 1040 1017 1018
f 1040 1018 1041
f 1041 1018 1019
f 1041 1019 1033
f 1033 1019 1020
f 1033 1020 1021
f 992 1042 1043
f 992 993 1042
f 1042 993 1010
f 1042 1010 1044
f 1044 1010 1011
f 1044 1011 1045
f 1045 1011 1012
f 1045 1012 1046
f 1046 1012 1013
f 1046 1013 1037
f 1037 1013 1014
f 1037 1014 1015
f 1047 1005 1048
f 1048 1005 1006
f 1048 1006 1049
f 1049 1006 1007
f 1049 1007 1050
f 1050 1007 1008
f 1050 1008 1043
f 1043 1008 1009
f 1043 1009 992
f 997 998 1032
f 1032 998 999
f 1032 999 1051
f 1051 999 1000
f 1051 1000 1052
f 1052 1000 1001
f 1052 1001 1053
f 1053 1001 1002
f 1053 1002 1054
f 1054 1002 1003
f 1054 1003 1047
f 1047 1003 1004
f 1047 1004 1005
f 1027 1055 1028
f 1028 1055 1056
f 1028 1056 1036
f 1036 1056 1057
f 1036 1057 1035
f 1035 1057 1058
f 1035 1058 1034
f 1034 1058 1059
f 1034 1059 1033
f 1033 1059 1060
f 1033 1060 1041
f 1041 1060 1061
f 1041 1061 1040
f 1040 1061 1062
f 1040 1062 1039
f 1039 1062 1063
f 1039 1063 1038
f 1038 1063 1064
f 1038 1064 1037
f 1037 1064 1065
f 1037 1065 1046
f 1046 1065 1066
f 1046 1066 1045
f 1045 1066 1067
f 1045 1067 1044
f 1044 1067 1068
f 1044 1068 1042
f 1042 1068 1069
f 1042 1069 1043
f 1043 1069 1070
f 1043 1070 1050
f 1050 1070 1071
f 1050 1071 1049
f 1049 1071 1072
f 1049 1072 1048
f 1048 1072 1073
f 1048 1073 1047
f 1047 1073 1074
f 1047 1074 1054
f 1054 1074 1075
f 1054 1075 1053
f 1053 1075 1076
f 1053 1076 1052
f 1052 1076 1077
f 1052 1077 1051
f 1051 1077 1078
f 1051 1078 1032
f 1032 1078 1079
f 1032 1079 1031
f 1031 1079 1080
f 1031 1080 1030
f 1030 1080 1081
f 1030 1081 1029
f 1029 1081 1082
f 1029 1082 1027
f 1027 1082 1055
f 1067 1066 1080
f 1055 1066 1065
f 1055 1082 1066
f 1066 1082 1081
f 1066 1081 1080
f 1065 1064 1055
f 1055 1064 1063
f 1055 1063 1062
f 1079 1078 1073
f 1073 1078 1077
f 1077 1076 1073
f 1073 1076 1075
f 1073 1075 1074
f 1071 1070 1080
f 1079 1073 1080
f 1080 1073 1072
f 1080 1072 1071
f 1070 1069 1080
f 1080 1069 1068
f 1080 1068 1067
f 1058 1057 1056
f 1062 1061 1055
f 1055 1061 1060
f 1055 1060 1056
f 1056 1060 1059
f 1056 1059 1058
f 1083 1084 1085
f 966 1086 1087
f 972 1088 1089
f 1090 975 981
f 948 1091 1092
f 1093 1094 1095
f 1096 1097 1098
f 1099 1100 1101
f 439 952 1102
f 439 1102 1103
f 1103 1102 1104
f 1103 1104 1105
f 1106 1107 1108
f 1109 1110 1111
f 1111 1110 1112
f 1097 1096 1099
f 1099 1096 1113
f 1099 1113 1100
f 1114 1115 1098
f 1098 1115 1116
f 1098 1116 1096
f 1117 1118 1119
f 1119 1118 1120
f 1119 1120 1121
f 1121 1120 1122
f 1121 1122 1123
f 1123 1122 1124
f 1123 1124 1125
f 1125 1124 1114
f 1125 1114 1126
f 1126 1114 1098
f 1127 1128 1129
f 1129 1128 1130
f 1129 1130 1131
f 1131 1130 1132
f 1131 1132 1117
f 1117 1132 1133
f 1117 1133 1118
f 1093 1095 870
f 870 1095 1134
f 870 1134 866
f 1134 1135 866
f 866 1135 1136
f 866 1136 790
f 988 987 1137
f 1137 987 950
f 1137 950 1092
f 1092 950 949
f 1092 949 948
f 1138 985 1139
f 1139 985 990
f 1140 983 1141
f 1141 983 986
f 984 1142 980
f 980 1142 1143
f 980 1143 981
f 981 1143 1144
f 981 1144 1090
f 1090 1144 1145
f 1090 1145 975
f 975 1145 977
f 972 1089 973
f 973 1089 1146
f 973 1146 964
f 964 1146 1147
f 964 1147 966
f 966 1087 968
f 968 1087 1148
f 968 1148 960
f 960 1148 1149
f 960 1149 961
f 1150 942 962
f 1150 1151 942
f 942 1151 1152
f 942 1152 958
f 1153 955 1152
f 1152 955 959
f 1152 959 958
f 1154 1147 1155
f 1155 1147 1146
f 1155 1146 1156
f 1156 1146 1089
f 1156 1089 1157
f 1157 1089 1088
f 1150 1158 1151
f 1151 1158 1159
f 1151 1159 1152
f 1152 1159 1160
f 1152 1160 1153
f 1086 1161 1087
f 1087 1161 1162
f 1087 1162 1148
f 1148 1162 1163
f 1148 1163 1149
f 1164 1165 1166
f 1166 1165 1167
f 1166 1167 1168
f 1169 1170 1154
f 1154 1155 1169
f 1169 1155 1156
f 1169 1156 1168
f 1168 1156 1157
f 1168 1157 1166
f 1166 1157 1088
f 1166 1088 1164
f 1164 1088 972
f 1164 972 978
f 1171 1172 1173
f 966 1147 1086
f 1086 1147 1154
f 1086 1154 1161
f 1161 1154 1170
f 1161 1170 1162
f 1162 1170 1171
f 1162 1171 1163
f 1163 1171 1173
f 1163 1173 1149
f 1107 1105 1108
f 1108 1105 1104
f 1108 1104 1174
f 952 955 1102
f 1102 955 1153
f 1102 1153 1104
f 1104 1153 1160
f 1104 1160 1174
f 1174 1160 1159
f 1174 1159 1172
f 1172 1159 1158
f 1172 1158 1173
f 1173 1158 1150
f 1173 1150 1149
f 1149 1150 962
f 1149 962 961
f 1175 1176 1177
f 1177 1176 1178
f 1177 1178 1179
f 1179 1178 1180
f 1179 1180 1181
f 1181 1180 1182
f 1181 1182 1183
f 1183 1182 1184
f 1183 1184 1185
f 1185 1184 1186
f 1185 1186 1187
f 1187 1186 1188
f 1187 1188 1189
f 1189 1188 1190
f 1189 1190 1191
f 1191 1190 1192
f 1191 1192 1193
f 1193 1192 1194
f 1193 1194 1195
f 1195 1194 1196
f 1195 1196 1197
f 1197 1196 1198
f 1083 1085 1199
f 1199 1085 1200
f 1199 1200 1201
f 1201 1200 1202
f 1201 1202 1203
f 1094 1202 1095
f 1095 1202 1200
f 1095 1200 1134
f 1134 1200 1085
f 1134 1085 1135
f 1135 1085 1084
f 1135 1084 1136
f 1101 1204 1099
f 1099 1204 1205
f 1099 1205 1097
f 1097 1205 1206
f 1097 1206 1098
f 1098 1206 1207
f 1098 1207 1126
f 1126 1207 1208
f 1126 1208 1125
f 1125 1208 1209
f 1125 1209 1123
f 1123 1209 1210
f 1123 1210 1121
f 1121 1210 1211
f 1121 1211 1119
f 1119 1211 1212
f 1119 1212 1117
f 1117 1212 1213
f 1117 1213 1131
f 1131 1213 1214
f 1131 1214 1129
f 1129 1214 1215
f 1094 1216 1202
f 1202 1216 1217
f 1202 1217 1203
f 1203 1217 1218
f 1203 1218 1127
f 1197 1215 1195
f 1195 1215 1214
f 1195 1214 1193
f 1193 1214 1213
f 1193 1213 1191
f 1191 1213 1212
f 1191 1212 1189
f 1189 1212 1211
f 1189 1211 1187
f 1187 1211 1210
f 1187 1210 1185
f 1185 1210 1209
f 1185 1209 1183
f 1183 1209 1208
f 1183 1208 1181
f 1181 1208 1207
f 1181 1207 1179
f 1179 1207 1206
f 1179 1206 1177
f 1177 1206 1205
f 1177 1205 1175
f 1175 1205 1204
f 1175 1204 1109
f 1109 1204 1101
f 1109 1101 1110
f 989 1219 1220
f 1220 1219 1221
f 1220 1221 1222
f 1223 1138 1222
f 1222 1138 1139
f 1222 1139 1220
f 1220 1139 990
f 1220 990 989
f 1224 1140 1223
f 1223 1140 1141
f 1223 1141 1138
f 1138 1141 986
f 1138 986 985
f 978 977 1164
f 1164 977 1145
f 1164 1145 1165
f 1165 1145 1144
f 1165 1144 1167
f 1167 1144 1143
f 1167 1143 1224
f 1224 1143 1142
f 1224 1142 1140
f 1140 1142 984
f 1140 984 983
f 1127 1129 1203
f 1203 1129 1215
f 1203 1215 1201
f 1201 1215 1197
f 1201 1197 1199
f 1199 1197 1198
f 1199 1198 1083
f 1083 1198 1137
f 1083 1137 1084
f 1084 1137 1092
f 1084 1092 1136
f 1136 1092 1091
f 1136 1091 790
f 790 1091 948
f 790 948 809
f 1109 1225 1175
f 1175 1225 1106
f 1175 1106 1176
f 1176 1106 1108
f 1176 1108 1178
f 1178 1108 1174
f 1178 1174 1180
f 1180 1174 1172
f 1180 1172 1182
f 1182 1172 1171
f 1182 1171 1184
f 1184 1171 1170
f 1184 1170 1186
f 1186 1170 1169
f 1186 1169 1188
f 1188 1169 1168
f 1188 1168 1190
f 1190 1168 1167
f 1190 1167 1192
f 1192 1167 1224
f 1192 1224 1194
f 1194 1224 1223
f 1194 1223 1196
f 1196 1223 1222
f 1196 1222 1198
f 1198 1222 1221
f 1198 1221 1137
f 1137 1221 1219
f 1137 1219 988
f 988 1219 989
f 1226 1227 1228
f 1229 535 509
f 442 1230 1231
f 442 388 389
f 442 1231 443
f 443 1231 1232
f 443 1232 506
f 506 1232 1233
f 506 1233 507
f 507 1233 1228
f 507 1228 509
f 509 1228 1227
f 509 1227 1229
f 1234 1235 1236
f 1236 1235 1237
f 1238 1239 1240
f 1240 1239 1241
f 1240 1241 1242
f 1242 1241 1243
f 1242 1243 1244
f 1244 1243 1245
f 1244 1245 1246
f 1246 1245 1247
f 1246 1247 1248
f 1248 1247 1249
f 438 1250 436
f 436 1250 1251
f 436 1251 434
f 434 1251 429
f 429 1251 1252
f 429 1252 430
f 430 1252 432
f 432 1252 1253
f 432 1253 433
f 433 1253 1254
f 433 1254 427
f 427 1254 428
f 428 1254 1255
f 428 1255 424
f 424 1255 1256
f 424 1256 425
f 425 1256 421
f 421 1256 1257
f 421 1257 422
f 422 1257 1258
f 422 1258 414
f 414 1258 1259
f 414 1259 416
f 416 1259 1260
f 416 1260 418
f 418 1260 1261
f 418 1261 419
f 419 1261 411
f 411 1261 1262
f 411 1262 412
f 1262 1263 412
f 412 1263 1264
f 412 1264 409
f 409 1264 402
f 1265 406 405
f 1266 395 393
f 395 1266 396
f 396 1266 397
f 397 1266 1267
f 397 1267 398
f 442 389 1230
f 1230 389 391
f 1230 391 390
f 1268 1269 1270
f 1268 1270 1271
f 1272 1273 1274
f 1270 1275 1271
f 1271 1275 1276
f 1271 1276 1273
f 1273 1276 1277
f 1273 1277 1274
f 1274 1278 1272
f 1272 1278 1279
f 1272 1279 1280
f 1279 1281 1280
f 1280 1281 1282
f 1280 1282 1283
f 1284 1285 1286
f 1286 1285 1287
f 1282 1288 1283
f 1283 1288 1289
f 1283 1289 1287
f 1287 1289 1290
f 1287 1290 1286
f 1285 1291 1287
f 1287 1291 1292
f 1287 1292 1283
f 1283 1292 1293
f 1283 1293 1280
f 1280 1293 1294
f 1280 1294 1272
f 1272 1294 1295
f 1272 1295 1273
f 1273 1295 1296
f 1273 1296 1271
f 1271 1296 1297
f 1271 1297 1268
f 1268 1297 1298
f 1299 1300 1301
f 1301 1300 1302
f 1301 1302 1303
f 1303 1302 1304
f 1303 1304 1305
f 1305 1304 1306
f 1305 1306 1307
f 1307 1306 1308
f 1307 1308 1309
f 1310 1311 1312
f 1312 1311 1313
f 1312 1313 1314
f 1248 1299 1246
f 1246 1299 1301
f 1246 1301 1244
f 1244 1301 1303
f 1244 1303 1242
f 1242 1303 1305
f 1242 1305 1240
f 1240 1305 1307
f 1240 1307 1238
f 1238 1307 1309
f 1238 1309 1315
f 1316 1317 1315
f 1315 1317 1318
f 1315 1318 1238
f 1238 1318 1319
f 1238 1319 1239
f 1320 1321 1226
f 1322 1323 1324
f 1324 1323 1325
f 1324 1325 1326
f 1326 1325 1327
f 1326 1327 1328
f 1329 1330 1236
f 1236 1330 1331
f 1236 1331 1234
f 1323 1329 1325
f 1325 1329 1236
f 1325 1236 1327
f 1327 1236 1237
f 1327 1237 1328
f 1328 1237 1332
f 1328 1332 1333
f 398 1267 1334
f 1334 1267 1322
f 1334 1322 1335
f 1335 1322 1324
f 1335 1324 1336
f 1336 1324 1326
f 1336 1326 1337
f 1337 1326 1328
f 1337 1328 1320
f 1320 1328 1333
f 1320 1333 1321
f 1226 1228 1320
f 1320 1228 1233
f 1320 1233 1337
f 1337 1233 1232
f 1337 1232 1336
f 1336 1232 1231
f 1336 1231 1335
f 1335 1231 1230
f 1335 1230 1334
f 1334 1230 390
f 1334 390 398
f 1338 1339 1340
f 1340 1339 1341
f 1340 1341 1342
f 1342 1341 1343
f 1342 1343 1344
f 1344 1343 1345
f 392 401 1338
f 1338 401 406
f 1338 406 1339
f 1339 406 1265
f 1339 1265 1341
f 1346 1347 1348
f 1349 1350 1351
f 1351 1350 1352
f 1351 1352 1353
f 1353 1352 1354
f 1353 1354 1355
f 1355 1354 1346
f 1355 1346 1356
f 1346 1348 1356
f 1356 1348 1357
f 1356 1357 1358
f 1350 1345 1352
f 1352 1345 1343
f 1352 1343 1354
f 1354 1343 1341
f 1354 1341 1346
f 1346 1341 1265
f 1346 1265 1347
f 1347 1265 405
f 1347 405 1348
f 1348 405 403
f 1348 403 1357
f 1357 403 402
f 1357 402 1358
f 1358 402 1264
f 1249 1331 1349
f 1349 1331 1330
f 1349 1330 1350
f 1350 1330 1329
f 1350 1329 1345
f 1345 1329 1323
f 1345 1323 1344
f 1344 1323 1322
f 1344 1322 1342
f 1342 1322 1267
f 1342 1267 1340
f 1340 1267 1266
f 1340 1266 1338
f 1338 1266 393
f 1338 393 392
f 1106 1225 1310
f 1310 1225 1109
f 1310 1109 1311
f 1308 1314 1309
f 1309 1314 1313
f 1309 1313 1315
f 1315 1313 1311
f 1315 1311 1316
f 1316 1311 1109
f 1316 1109 1359
f 1359 1109 1111
f 1359 1111 1112
f 1300 1298 1302
f 1302 1298 1297
f 1302 1297 1304
f 1304 1297 1296
f 1304 1296 1306
f 1306 1296 1295
f 1306 1295 1308
f 1308 1295 1294
f 1308 1294 1314
f 1314 1294 1293
f 1314 1293 1312
f 1312 1293 1292
f 1312 1292 1310
f 1310 1292 1291
f 1310 1291 1106
f 1106 1291 1285
f 1106 1285 1107
f 1107 1285 1284
f 1107 1284 1105
f 1105 1284 1360
f 1105 1360 1103
f 1103 1360 439
f 1249 1349 1248
f 1248 1349 1351
f 1248 1351 1299
f 1299 1351 1353
f 1299 1353 1300
f 1300 1353 1355
f 1300 1355 1298
f 1298 1355 1356
f 1298 1356 1268
f 1268 1356 1358
f 1268 1358 1269
f 1269 1358 1264
f 1269 1264 1270
f 1270 1264 1263
f 1270 1263 1275
f 1275 1263 1262
f 1275 1262 1276
f 1276 1262 1261
f 1276 1261 1277
f 1277 1261 1260
f 1277 1260 1274
f 1274 1260 1259
f 1274 1259 1278
f 1278 1259 1258
f 1278 1258 1279
f 1279 1258 1257
f 1279 1257 1281
f 1281 1257 1256
f 1281 1256 1282
f 1282 1256 1255
f 1282 1255 1288
f 1288 1255 1254
f 1288 1254 1289
f 1289 1254 1253
f 1289 1253 1290
f 1290 1253 1252
f 1290 1252 1286
f 1286 1252 1251
f 1286 1251 1284
f 1284 1251 1250
f 1284 1250 1360
f 1360 1250 438
f 1360 438 439
f 544 1361 545
f 545 1361 1362
f 544 542 1361
f 1361 542 540
f 1361 540 1363
f 540 562 1363
f 1363 562 561
f 1363 561 1364
f 561 560 1364
f 1364 560 559
f 1364 559 1365
f 559 490 1365
f 1365 490 492
f 1365 492 1366
f 492 494 1366
f 1366 494 496
f 1366 496 1367
f 496 498 1367
f 1367 498 500
f 1367 500 1368
f 505 1369 503
f 503 1369 1368
f 503 1368 501
f 501 1368 500
f 505 531 1369
f 1369 531 533
f 1369 533 1370
f 1370 533 534
f 1370 534 535
f 535 1229 1370
f 1370 1229 1227
f 1370 1227 1371
f 1333 1372 1321
f 1321 1372 1371
f 1321 1371 1226
f 1226 1371 1227
f 1235 1373 1237
f 1237 1373 1372
f 1237 1372 1332
f 1332 1372 1333
f 1235 1234 1373
f 1373 1234 1331
f 1373 1331 1374
f 1245 1375 1247
f 1247 1375 1374
f 1247 1374 1249
f 1249 1374 1331
f 1245 1243 1375
f 1375 1243 1241
f 1375 1241 1376
f 1318 1377 1319
f 1319 1377 1376
f 1319 1376 1239
f 1239 1376 1241
f 1112 1378 1359
f 1359 1378 1379
f 1359 1379 1316
f 1316 1379 1377
f 1316 1377 1317
f 1317 1377 1318
f 1380 835 1362
f 1362 835 545
f 1381 1378 1112
f 1112 1110 1381
f 1381 1110 1101
f 1381 1101 1382
f 1382 1101 1100
f 1382 1100 1113
f 1113 1096 1382
f 1382 1096 1116
f 1382 1116 1383
f 1124 1384 1114
f 1114 1384 1383
f 1114 1383 1115
f 1115 1383 1116
f 1124 1122 1384
f 1384 1122 1120
f 1384 1120 1385
f 1385 1120 1118
f 1385 1118 1386
f 1386 1118 1133
f 1386 1133 1132
f 1132 1130 1386
f 1386 1130 1128
f 1386 1128 1387
f 1217 1388 1218
f 1218 1388 1387
f 1218 1387 1127
f 1127 1387 1128
f 1217 1216 1388
f 1388 1216 1094
f 1388 1094 1389
f 1389 1094 1093
f 1093 870 1389
f 1389 870 814
f 1389 814 1390
f 1390 814 813
f 1390 813 811
f 811 810 1390
f 1390 810 817
f 1390 817 1391
f 821 1392 787
f 787 1392 1391
f 787 1391 818
f 818 1391 817
f 821 820 1392
f 1392 820 819
f 1392 819 1393
f 819 824 1393
f 1393 824 933
f 1393 933 1394
f 1394 933 916
f 1394 916 1395
f 916 825 1395
f 1395 825 827
f 1395 827 1396
f 1396 827 829
f 829 830 1396
f 1396 830 832
f 1396 832 1380
f 1380 832 834
f 1380 834 835
f 1379 1397 1398
f 1380 1399 1400
f 1401 1375 1402
f 1402 1375 1376
f 1402 1376 1398
f 1398 1376 1377
f 1398 1377 1379
f 1380 1362 1399
f 1399 1362 1361
f 1399 1361 1403
f 1403 1361 1363
f 1403 1363 1404
f 1405 1389 1406
f 1406 1389 1390
f 1406 1390 1407
f 1407 1390 1391
f 1407 1391 1408
f 1408 1391 1392
f 1408 1392 1409
f 1410 1370 1411
f 1411 1370 1371
f 1411 1371 1412
f 1412 1371 1372
f 1412 1372 1413
f 1413 1372 1373
f 1413 1373 1401
f 1401 1373 1374
f 1401 1374 1375
f 1392 1393 1409
f 1409 1393 1394
f 1409 1394 1414
f 1414 1394 1395
f 1414 1395 1400
f 1400 1395 1396
f 1400 1396 1380
f 1415 1384 1416
f 1416 1384 1385
f 1416 1385 1417
f 1417 1385 1386
f 1417 1386 1418
f 1418 1386 1387
f 1418 1387 1405
f 1405 1387 1388
f 1405 1388 1389
f 1363 1364 1404
f 1404 1364 1365
f 1404 1365 1419
f 1419 1365 1366
f 1419 1366 1420
f 1420 1366 1367
f 1420 1367 1421
f 1421 1367 1368
f 1421 1368 1410
f 1410 1368 1369
f 1410 1369 1370
f 1379 1378 1397
f 1397 1378 1381
f 1397 1381 1422
f 1422 1381 1382
f 1422 1382 1415
f 1415 1382 1383
f 1415 1383 1384
f 1423 1397 1424
f 1424 1397 1422
f 1424 1422 1425
f 1425 1422 1415
f 1425 1415 1426
f 1426 1415 1416
f 1426 1416 1427
f 1427 1416 1417
f 1427 1417 1428
f 1428 1417 1418
f 1428 1418 1429
f 1429 1418 1405
f 1429 1405 1430
f 1430 1405 1406
f 1430 1406 1431
f 1431 1406 1407
f 1431 1407 1432
f 1432 1407 1408
f 1432 1408 1433
f 1433 1408 1409
f 1433 1409 1434
f 1434 1409 1414
f 1434 1414 1435
f 1435 1414 1400
f 1435 1400 1436
f 1436 1400 1399
f 1436 1399 1437
f 1437 1399 1403
f 1437 1403 1438
f 1438 1403 1404
f 1438 1404 1439
f 1439 1404 1419
f 1439 1419 1440
f 1440 1419 1420
f 1440 1420 1441
f 1441 1420 1421
f 1441 1421 1442
f 1442 1421 1410
f 1442 1410 1443
f 1443 1410 1411
f 1443 1411 1444
f 1444 1411 1412
f 1444 1412 1445
f 1445 1412 1413
f 1445 1413 1446
f 1446 1413 1401
f 1446 1401 1447
f 1447 1401 1402
f 1447 1402 1448
f 1448 1402 1398
f 1448 1398 1423
f 1423 1398 1397
f 1434 1446 1433
f 1433 1446 1447
f 1433 1447 1432
f 1434 1435 1446
f 1446 1435 1436
f 1446 1436 1437
f 1448 1423 1424
f 1426 1427 1447
f 1447 1427 1428
f 1447 1428 1429
f 1444 1439 1440
f 1437 1438 1446
f 1446 1438 1439
f 1446 1439 1445
f 1445 1439 1444
f 1448 1424 1447
f 1447 1424 1425
f 1447 1425 1426
f 1429 1430 1447
f 1447 1430 1431
f 1447 1431 1432
f 1440 1441 1444
f 1444 1441 1442
f 1444 1442 1443
f 763 941 940
f 763 766 941
f 941 766 767
f 941 767 836
f 836 767 653
f 836 653 486
f 762 765 940
f 940 765 764
f 940 764 763
f 940 939 762
f 762 939 938
f 762 938 759
f 759 938 937
f 759 937 760
f 760 937 761
f 761 937 936
f 761 936 757
f 653 652 486
f 486 652 484
f 652 651 484
f 484 651 649
f 484 649 453
f 649 648 453
f 453 648 646
f 453 646 481
f 646 645 481
f 481 645 642
f 481 642 479
f 479 642 640
f 479 640 480
f 480 640 639
f 480 639 477
f 477 639 637
f 477 637 474
f 474 637 636
f 474 636 475
f 683 1449 1450
f 1451 1452 1453
f 1453 1452 1454
f 1453 1454 1455
f 683 1450 684
f 684 1450 1456
f 684 1456 685
f 685 1456 1457
f 685 1457 686
f 686 1457 1458
f 686 1458 687
f 687 1458 1459
f 687 1459 688
f 688 1459 1460
f 688 1460 689
f 689 1460 656
f 656 1460 1461
f 656 1461 657
f 657 1461 690
f 690 1461 1462
f 690 1462 691
f 691 1462 1463
f 691 1463 692
f 692 1463 1464
f 692 1464 693
f 693 1464 1465
f 693 1465 694
f 694 1465 1466
f 694 1466 705
f 705 1466 1467
f 705 1467 706
f 706 1467 1468
f 706 1468 711
f 711 1468 712
f 712 1468 1469
f 712 1469 713
f 1470 1471 1472
f 1473 1474 1475
f 1476 1477 1478
f 1478 1477 1473
f 1478 1473 1479
f 1479 1473 1475
f 1479 1475 1470
f 1480 1481 1476
f 1476 1481 1482
f 1476 1482 1477
f 1483 1484 1485
f 1485 1484 1480
f 1485 1480 1486
f 1486 1480 1476
f 1452 1487 1454
f 1454 1487 1488
f 1454 1488 1489
f 1489 1488 1490
f 1489 1490 1491
f 1491 1490 1492
f 1491 1492 1493
f 1493 1492 1494
f 1493 1494 1495
f 1495 1494 1496
f 1495 1496 1497
f 1497 1496 1498
f 1497 1498 1499
f 1499 1498 1500
f 1499 1500 1483
f 1483 1500 1501
f 1483 1501 1484
f 1471 1469 1472
f 1472 1469 1468
f 1472 1468 1502
f 1502 1468 1467
f 1502 1467 1503
f 1503 1467 1466
f 1503 1466 1504
f 1504 1466 1465
f 1504 1465 1505
f 1505 1465 1464
f 1505 1464 1506
f 1506 1464 1463
f 1506 1463 1507
f 1507 1463 1462
f 1507 1462 1508
f 1508 1462 1461
f 1508 1461 1509
f 1509 1461 1460
f 1509 1460 1510
f 1510 1460 1459
f 1510 1459 1511
f 1511 1459 1458
f 1511 1458 1512
f 1512 1458 1457
f 1512 1457 1513
f 1513 1457 1456
f 1513 1456 1514
f 1514 1456 1450
f 1514 1450 1515
f 1515 1450 1449
f 1470 1472 1479
f 1479 1472 1502
f 1479 1502 1478
f 1478 1502 1503
f 1478 1503 1476
f 1476 1503 1504
f 1476 1504 1486
f 1486 1504 1505
f 1486 1505 1485
f 1485 1505 1506
f 1485 1506 1483
f 1483 1506 1507
f 1483 1507 1499
f 1499 1507 1508
f 1499 1508 1497
f 1497 1508 1509
f 1497 1509 1495
f 1495 1509 1510
f 1495 1510 1493
f 1493 1510 1511
f 1493 1511 1491
f 1491 1511 1512
f 1491 1512 1489
f 1489 1512 1513
f 1489 1513 1454
f 1454 1513 1514
f 1454 1514 1455
f 1455 1514 1515
f 1455 1515 1516
f 1516 1515 1449
f 1516 1449 1517
f 1517 1449 683
f 1517 683 682
f 735 1518 1519
f 1520 1521 1522
f 1522 1521 1523
f 1522 1523 1524
f 735 733 1525
f 735 1519 737
f 737 1519 1526
f 737 1526 739
f 739 1526 1527
f 739 1527 741
f 741 1527 1528
f 741 1528 743
f 743 1528 1529
f 743 1529 745
f 745 1529 1530
f 745 1530 746
f 746 1530 663
f 663 1530 1531
f 663 1531 665
f 665 1531 667
f 667 1531 1532
f 667 1532 668
f 668 1532 1533
f 668 1533 670
f 670 1533 1534
f 670 1534 672
f 672 1534 1535
f 672 1535 674
f 674 1535 1536
f 674 1536 676
f 676 1536 1537
f 676 1537 677
f 677 1537 1538
f 677 1538 680
f 680 1538 681
f 681 1538 1517
f 681 1517 682
f 1539 1451 1453
f 1540 1541 1542
f 1542 1541 1539
f 1542 1539 1543
f 1543 1539 1453
f 1543 1453 1455
f 1544 1545 1540
f 1540 1545 1546
f 1540 1546 1541
f 1547 1548 1549
f 1549 1548 1544
f 1549 1544 1550
f 1550 1544 1540
f 1521 1551 1523
f 1523 1551 1552
f 1523 1552 1553
f 1553 1552 1554
f 1553 1554 1555
f 1555 1554 1556
f 1555 1556 1557
f 1557 1556 1558
f 1557 1558 1559
f 1559 1558 1560
f 1559 1560 1561
f 1561 1560 1562
f 1561 1562 1563
f 1563 1562 1564
f 1563 1564 1547
f 1547 1564 1565
f 1547 1565 1548
f 1518 1566 1519
f 1519 1566 1567
f 1519 1567 1526
f 1526 1567 1568
f 1526 1568 1527
f 1527 1568 1569
f 1527 1569 1528
f 1528 1569 1570
f 1528 1570 1529
f 1529 1570 1571
f 1529 1571 1530
f 1530 1571 1572
f 1530 1572 1531
f 1531 1572 1573
f 1531 1573 1532
f 1532 1573 1574
f 1532 1574 1533
f 1533 1574 1575
f 1533 1575 1534
f 1534 1575 1576
f 1534 1576 1535
f 1535 1576 1577
f 1535 1577 1536
f 1536 1577 1578
f 1536 1578 1537
f 1537 1578 1579
f 1537 1579 1538
f 1538 1579 1580
f 1538 1580 1517
f 1517 1580 1516
f 735 1525 1518
f 1518 1525 1581
f 1518 1581 1566
f 1566 1581 1524
f 1566 1524 1567
f 1567 1524 1523
f 1567 1523 1568
f 1568 1523 1553
f 1568 1553 1569
f 1569 1553 1555
f 1569 1555 1570
f 1570 1555 1557
f 1570 1557 1571
f 1571 1557 1559
f 1571 1559 1572
f 1572 1559 1561
f 1572 1561 1573
f 1573 1561 1563
f 1573 1563 1574
f 1574 1563 1547
f 1574 1547 1575
f 1575 1547 1549
f 1575 1549 1576
f 1576 1549 1550
f 1576 1550 1577
f 1577 1550 1540
f 1577 1540 1578
f 1578 1540 1542
f 1578 1542 1579
f 1579 1542 1543
f 1579 1543 1580
f 1580 1543 1455
f 1580 1455 1516
f 724 1582 1583
f 1584 1585 1586
f 1586 1585 1587
f 1586 1587 1588
f 724 1583 725
f 725 1583 1589
f 725 1589 726
f 726 1589 1590
f 726 1590 727
f 727 1590 1591
f 727 1591 728
f 728 1591 1592
f 728 1592 729
f 729 1592 1593
f 729 1593 730
f 730 1593 660
f 660 1593 1594
f 660 1594 661
f 661 1594 700
f 700 1594 1595
f 700 1595 701
f 701 1595 1596
f 701 1596 702
f 702 1596 1597
f 702 1597 703
f 703 1597 1598
f 703 1598 704
f 704 1598 1599
f 704 1599 709
f 709 1599 1600
f 709 1600 710
f 710 1600 1601
f 710 1601 731
f 731 1601 732
f 732 1601 1525
f 732 1525 733
f 1524 1581 1602
f 1603 1520 1522
f 1604 1605 1606
f 1606 1605 1603
f 1606 1603 1607
f 1607 1603 1522
f 1607 1522 1524
f 1608 1609 1604
f 1604 1609 1610
f 1604 1610 1605
f 1611 1612 1613
f 1613 1612 1608
f 1613 1608 1614
f 1614 1608 1604
f 1585 1615 1587
f 1587 1615 1616
f 1587 1616 1617
f 1617 1616 1618
f 1617 1618 1619
f 1619 1618 1620
f 1619 1620 1621
f 1621 1620 1622
f 1621 1622 1623
f 1623 1622 1624
f 1623 1624 1625
f 1625 1624 1626
f 1625 1626 1627
f 1627 1626 1628
f 1627 1628 1611
f 1611 1628 1629
f 1611 1629 1612
f 1581 1525 1602
f 1602 1525 1601
f 1602 1601 1630
f 1630 1601 1600
f 1630 1600 1631
f 1631 1600 1599
f 1631 1599 1632
f 1632 1599 1598
f 1632 1598 1633
f 1633 1598 1597
f 1633 1597 1634
f 1634 1597 1596
f 1634 1596 1635
f 1635 1596 1595
f 1635 1595 1636
f 1636 1595 1594
f 1636 1594 1637
f 1637 1594 1593
f 1637 1593 1638
f 1638 1593 1592
f 1638 1592 1639
f 1639 1592 1591
f 1639 1591 1640
f 1640 1591 1590
f 1640 1590 1641
f 1641 1590 1589
f 1641 1589 1642
f 1642 1589 1583
f 1642 1583 1643
f 1643 1583 1582
f 1524 1602 1607
f 1607 1602 1630
f 1607 1630 1606
f 1606 1630 1631
f 1606 1631 1604
f 1604 1631 1632
f 1604 1632 1614
f 1614 1632 1633
f 1614 1633 1613
f 1613 1633 1634
f 1613 1634 1611
f 1611 1634 1635
f 1611 1635 1627
f 1627 1635 1636
f 1627 1636 1625
f 1625 1636 1637
f 1625 1637 1623
f 1623 1637 1638
f 1623 1638 1621
f 1621 1638 1639
f 1621 1639 1619
f 1619 1639 1640
f 1619 1640 1617
f 1617 1640 1641
f 1617 1641 1587
f 1587 1641 1642
f 1587 1642 1588
f 1588 1642 1643
f 1588 1643 1644
f 1644 1643 1582
f 1644 1582 1645
f 1645 1582 724
f 1645 724 723
f 714 1646 1647
f 1474 1648 1475
f 1475 1648 1649
f 1475 1649 1470
f 714 713 1469
f 714 1647 715
f 715 1647 1650
f 715 1650 716
f 716 1650 1651
f 716 1651 717
f 717 1651 1652
f 717 1652 718
f 718 1652 1653
f 718 1653 719
f 719 1653 1654
f 719 1654 720
f 720 1654 658
f 658 1654 1655
f 658 1655 659
f 659 1655 695
f 695 1655 1656
f 695 1656 696
f 696 1656 1657
f 696 1657 697
f 697 1657 1658
f 697 1658 698
f 698 1658 1659
f 698 1659 699
f 699 1659 1660
f 699 1660 707
f 707 1660 1661
f 707 1661 708
f 708 1661 1662
f 708 1662 721
f 721 1662 722
f 722 1662 1645
f 722 1645 723
f 1663 1584 1586
f 1664 1665 1666
f 1666 1665 1663
f 1666 1663 1667
f 1667 1663 1586
f 1667 1586 1588
f 1668 1669 1664
f 1664 1669 1670
f 1664 1670 1665
f 1671 1672 1673
f 1673 1672 1668
f 1673 1668 1674
f 1674 1668 1664
f 1648 1675 1649
f 1649 1675 1676
f 1649 1676 1677
f 1677 1676 1678
f 1677 1678 1679
f 1679 1678 1680
f 1679 1680 1681
f 1681 1680 1682
f 1681 1682 1683
f 1683 1682 1684
f 1683 1684 1685
f 1685 1684 1686
f 1685 1686 1687
f 1687 1686 1688
f 1687 1688 1671
f 1671 1688 1689
f 1671 1689 1672
f 1646 1690 1647
f 1647 1690 1691
f 1647 1691 1650
f 1650 1691 1692
f 1650 1692 1651
f 1651 1692 1693
f 1651 1693 1652
f 1652 1693 1694
f 1652 1694 1653
f 1653 1694 1695
f 1653 1695 1654
f 1654 1695 1696
f 1654 1696 1655
f 1655 1696 1697
f 1655 1697 1656
f 1656 1697 1698
f 1656 1698 1657
f 1657 1698 1699
f 1657 1699 1658
f 1658 1699 1700
f 1658 1700 1659
f 1659 1700 1701
f 1659 1701 1660
f 1660 1701 1702
f 1660 1702 1661
f 1661 1702 1703
f 1661 1703 1662
f 1662 1703 1704
f 1662 1704 1645
f 1645 1704 1644
f 714 1469 1646
f 1646 1469 1471
f 1646 1471 1690
f 1690 1471 1470
f 1690 1470 1691
f 1691 1470 1649
f 1691 1649 1692
f 1692 1649 1677
f 1692 1677 1693
f 1693 1677 1679
f 1693 1679 1694
f 1694 1679 1681
f 1694 1681 1695
f 1695 1681 1683
f 1695 1683 1696
f 1696 1683 1685
f 1696 1685 1697
f 1697 1685 1687
f 1697 1687 1698
f 1698 1687 1671
f 1698 1671 1699
f 1699 1671 1673
f 1699 1673 1700
f 1700 1673 1674
f 1700 1674 1701
f 1701 1674 1664
f 1701 1664 1702
f 1702 1664 1666
f 1702 1666 1703
f 1703 1666 1667
f 1703 1667 1704
f 1704 1667 1588
f 1704 1588 1644
f 1705 1541 1706
f 1706 1541 1546
f 1706 1546 1707
f 1707 1546 1545
f 1707 1545 1708
f 1708 1545 1544
f 1708 1544 1709
f 1709 1544 1548
f 1709 1548 1710
f 1711 1500 1712
f 1712 1500 1498
f 1712 1498 1713
f 1713 1498 1496
f 1713 1496 1714
f 1714 1496 1494
f 1714 1494 1715
f 1715 1494 1492
f 1715 1492 1716
f 1716 1492 1490
f 1716 1490 1717
f 1717 1490 1488
f 1717 1488 1718
f 1718 1488 1487
f 1718 1487 1719
f 1719 1487 1452
f 1719 1452 1720
f 1720 1452 1451
f 1720 1451 1705
f 1705 1451 1539
f 1705 1539 1541
f 1721 1477 1722
f 1722 1477 1482
f 1722 1482 1723
f 1723 1482 1481
f 1723 1481 1724
f 1724 1481 1480
f 1724 1480 1725
f 1725 1480 1484
f 1725 1484 1711
f 1711 1484 1501
f 1711 1501 1500
f 1726 1665 1727
f 1727 1665 1670
f 1727 1670 1728
f 1728 1670 1669
f 1728 1669 1729
f 1729 1669 1668
f 1729 1668 1730
f 1730 1668 1672
f 1730 1672 1731
f 1732 1605 1733
f 1733 1605 1610
f 1733 1610 1734
f 1734 1610 1609
f 1734 1609 1735
f 1735 1609 1608
f 1735 1608 1736
f 1736 1608 1612
f 1736 1612 1737
f 1672 1689 1731
f 1731 1689 1688
f 1731 1688 1738
f 1738 1688 1686
f 1738 1686 1739
f 1739 1686 1684
f 1739 1684 1740
f 1740 1684 1682
f 1740 1682 1741
f 1741 1682 1680
f 1741 1680 1742
f 1742 1680 1678
f 1742 1678 1743
f 1743 1678 1676
f 1743 1676 1744
f 1744 1676 1675
f 1744 1675 1745
f 1745 1675 1648
f 1745 1648 1746
f 1746 1648 1474
f 1746 1474 1721
f 1721 1474 1473
f 1721 1473 1477
f 1612 1629 1737
f 1737 1629 1628
f 1737 1628 1747
f 1747 1628 1626
f 1747 1626 1748
f 1748 1626 1624
f 1748 1624 1749
f 1749 1624 1622
f 1749 1622 1750
f 1750 1622 1620
f 1750 1620 1751
f 1751 1620 1618
f 1751 1618 1752
f 1752 1618 1616
f 1752 1616 1753
f 1753 1616 1615
f 1753 1615 1754
f 1754 1615 1585
f 1754 1585 1755
f 1755 1585 1584
f 1755 1584 1726
f 1726 1584 1663
f 1726 1663 1665
f 1548 1565 1710
f 1710 1565 1564
f 1710 1564 1756
f 1756 1564 1562
f 1756 1562 1757
f 1757 1562 1560
f 1757 1560 1758
f 1758 1560 1558
f 1758 1558 1759
f 1759 1558 1556
f 1759 1556 1760
f 1760 1556 1554
f 1760 1554 1761
f 1761 1554 1552
f 1761 1552 1762
f 1762 1552 1551
f 1762 1551 1763
f 1763 1551 1521
f 1763 1521 1764
f 1764 1521 1520
f 1764 1520 1732
f 1732 1520 1603
f 1732 1603 1605
f 1765 1766 1767
f 1768 1769 1770
f 1771 1772 1773
f 1774 1775 1776
f 1776 1775 1777
f 1778 1774 1779
f 1779 1774 1776
f 1779 1776 1780
f 1780 1776 1781
f 1766 1782 1783
f 1784 1785 1765
f 1784 1765 1786
f 1786 1765 1767
f 1786 1767 1787
f 1787 1767 1788
f 1787 1788 1789
f 1789 1788 1790
f 1789 1790 1791
f 1791 1790 1792
f 1792 1790 1793
f 1792 1793 1794
f 1794 1793 1719
f 1794 1719 1720
f 1782 1795 1783
f 1783 1795 1796
f 1783 1796 1797
f 1797 1796 1798
f 1797 1798 1799
f 1799 1798 1800
f 1799 1800 1801
f 1801 1800 1802
f 1801 1802 1803
f 1803 1802 1804
f 1803 1804 1805
f 1805 1804 1806
f 1805 1806 1807
f 1807 1806 1808
f 1807 1808 1809
f 1809 1808 1781
f 1809 1781 1810
f 1810 1781 1776
f 1810 1776 1771
f 1771 1776 1777
f 1771 1777 1772
f 1811 1714 1812
f 1812 1714 1715
f 1812 1715 1813
f 1813 1715 1716
f 1813 1716 1814
f 1814 1716 1717
f 1773 1768 1815
f 1815 1768 1770
f 1815 1770 1816
f 1816 1770 1817
f 1816 1817 1818
f 1818 1817 1819
f 1818 1819 1820
f 1820 1819 1821
f 1820 1821 1822
f 1822 1821 1823
f 1822 1823 1824
f 1824 1823 1825
f 1824 1825 1826
f 1826 1825 1827
f 1826 1827 1828
f 1828 1827 1811
f 1828 1811 1829
f 1829 1811 1812
f 1829 1812 1830
f 1830 1812 1813
f 1830 1813 1831
f 1831 1813 1814
f 1831 1832 1830
f 1830 1832 1833
f 1830 1833 1829
f 1829 1833 1834
f 1829 1834 1828
f 1828 1834 1835
f 1828 1835 1826
f 1826 1835 1836
f 1826 1836 1824
f 1824 1836 1837
f 1824 1837 1822
f 1822 1837 1838
f 1822 1838 1820
f 1820 1838 1839
f 1820 1839 1818
f 1818 1839 1840
f 1818 1840 1816
f 1816 1840 1841
f 1816 1841 1815
f 1766 1783 1767
f 1767 1783 1842
f 1767 1842 1788
f 1788 1842 1843
f 1788 1843 1790
f 1790 1843 1844
f 1790 1844 1793
f 1793 1844 1718
f 1793 1718 1719
f 1769 1746 1770
f 1770 1746 1721
f 1770 1721 1817
f 1817 1721 1722
f 1817 1722 1819
f 1819 1722 1723
f 1819 1723 1821
f 1821 1723 1724
f 1821 1724 1823
f 1823 1724 1725
f 1823 1725 1825
f 1825 1725 1711
f 1825 1711 1827
f 1827 1711 1712
f 1827 1712 1811
f 1811 1712 1713
f 1811 1713 1714
f 1773 1815 1771
f 1771 1815 1841
f 1771 1841 1810
f 1810 1841 1840
f 1810 1840 1809
f 1809 1840 1839
f 1809 1839 1807
f 1807 1839 1838
f 1807 1838 1805
f 1805 1838 1837
f 1805 1837 1803
f 1803 1837 1836
f 1803 1836 1801
f 1801 1836 1835
f 1801 1835 1799
f 1799 1835 1834
f 1799 1834 1797
f 1797 1834 1833
f 1797 1833 1783
f 1783 1833 1832
f 1783 1832 1842
f 1842 1832 1831
f 1842 1831 1843
f 1843 1831 1814
f 1843 1814 1844
f 1844 1814 1717
f 1844 1717 1718
f 1845 1846 1847
f 1848 1849 1850
f 1851 1852 1853
f 1854 1855 1856
f 1856 1855 1857
f 1858 1854 1859
f 1859 1854 1856
f 1859 1856 1860
f 1860 1856 1861
f 1846 1862 1863
f 1774 1778 1845
f 1774 1845 1775
f 1775 1845 1847
f 1775 1847 1777
f 1777 1847 1864
f 1777 1864 1772
f 1772 1864 1865
f 1772 1865 1773
f 1773 1865 1768
f 1768 1865 1866
f 1768 1866 1769
f 1769 1866 1745
f 1769 1745 1746
f 1743 1744 1867
f 1846 1863 1847
f 1847 1863 1868
f 1847 1868 1864
f 1864 1868 1869
f 1864 1869 1865
f 1865 1869 1867
f 1865 1867 1866
f 1866 1867 1744
f 1866 1744 1745
f 1743 1870 1742
f 1742 1870 1871
f 1742 1871 1741
f 1741 1871 1872
f 1741 1872 1740
f 1740 1872 1873
f 1870 1874 1871
f 1871 1874 1875
f 1871 1875 1872
f 1872 1875 1876
f 1872 1876 1873
f 1873 1876 1877
f 1873 1877 1878
f 1878 1877 1879
f 1878 1879 1880
f 1880 1879 1881
f 1880 1881 1882
f 1882 1881 1883
f 1882 1883 1884
f 1884 1883 1885
f 1884 1885 1886
f 1886 1885 1887
f 1886 1887 1888
f 1888 1887 1889
f 1888 1889 1850
f 1850 1889 1890
f 1850 1890 1848
f 1874 1891 1875
f 1875 1891 1892
f 1875 1892 1876
f 1876 1892 1893
f 1876 1893 1877
f 1877 1893 1894
f 1877 1894 1879
f 1879 1894 1895
f 1879 1895 1881
f 1881 1895 1896
f 1881 1896 1883
f 1883 1896 1897
f 1883 1897 1885
f 1885 1897 1898
f 1885 1898 1887
f 1887 1898 1899
f 1887 1899 1889
f 1889 1899 1900
f 1889 1900 1890
f 1862 1901 1863
f 1863 1901 1902
f 1863 1902 1903
f 1903 1902 1904
f 1903 1904 1905
f 1905 1904 1906
f 1905 1906 1907
f 1907 1906 1908
f 1907 1908 1909
f 1909 1908 1910
f 1909 1910 1911
f 1911 1910 1912
f 1911 1912 1913
f 1913 1912 1914
f 1913 1914 1915
f 1915 1914 1861
f 1915 1861 1916
f 1916 1861 1856
f 1916 1856 1851
f 1851 1856 1857
f 1851 1857 1852
f 1849 1755 1850
f 1850 1755 1726
f 1850 1726 1888
f 1888 1726 1727
f 1888 1727 1886
f 1886 1727 1728
f 1886 1728 1884
f 1884 1728 1729
f 1884 1729 1882
f 1882 1729 1730
f 1882 1730 1880
f 1880 1730 1731
f 1880 1731 1878
f 1878 1731 1738
f 1878 1738 1873
f 1873 1738 1739
f 1873 1739 1740
f 1743 1867 1870
f 1870 1867 1869
f 1870 1869 1874
f 1874 1869 1868
f 1874 1868 1891
f 1891 1868 1863
f 1891 1863 1892
f 1892 1863 1903
f 1892 1903 1893
f 1893 1903 1905
f 1893 1905 1894
f 1894 1905 1907
f 1894 1907 1895
f 1895 1907 1909
f 1895 1909 1896
f 1896 1909 1911
f 1896 1911 1897
f 1897 1911 1913
f 1897 1913 1898
f 1898 1913 1915
f 1898 1915 1899
f 1899 1915 1916
f 1899 1916 1900
f 1900 1916 1851
f 1900 1851 1890
f 1890 1851 1853
f 1890 1853 1848
f 1917 1918 1919
f 1920 1921 1922
f 1923 1924 1925
f 1926 1927 1928
f 1928 1927 1929
f 1930 1926 1931
f 1931 1926 1928
f 1931 1928 1932
f 1932 1928 1933
f 1918 1934 1935
f 1854 1858 1917
f 1854 1917 1855
f 1855 1917 1919
f 1855 1919 1857
f 1857 1919 1936
f 1857 1936 1852
f 1852 1936 1937
f 1852 1937 1853
f 1853 1937 1848
f 1848 1937 1938
f 1848 1938 1849
f 1849 1938 1754
f 1849 1754 1755
f 1934 1939 1935
f 1935 1939 1940
f 1935 1940 1941
f 1941 1940 1942
f 1941 1942 1943
f 1943 1942 1944
f 1943 1944 1945
f 1945 1944 1946
f 1945 1946 1947
f 1947 1946 1948
f 1947 1948 1949
f 1949 1948 1950
f 1949 1950 1951
f 1951 1950 1952
f 1951 1952 1953
f 1953 1952 1933
f 1953 1933 1954
f 1954 1933 1928
f 1954 1928 1923
f 1923 1928 1929
f 1923 1929 1924
f 1955 1749 1956
f 1956 1749 1750
f 1956 1750 1957
f 1957 1750 1751
f 1957 1751 1958
f 1958 1751 1752
f 1925 1920 1959
f 1959 1920 1922
f 1959 1922 1960
f 1960 1922 1961
f 1960 1961 1962
f 1962 1961 1963
f 1962 1963 1964
f 1964 1963 1965
f 1964 1965 1966
f 1966 1965 1967
f 1966 1967 1968
f 1968 1967 1969
f 1968 1969 1970
f 1970 1969 1971
f 1970 1971 1972
f 1972 1971 1955
f 1972 1955 1973
f 1973 1955 1956
f 1973 1956 1974
f 1974 1956 1957
f 1974 1957 1975
f 1975 1957 1958
f 1975 1976 1974
f 1974 1976 1977
f 1974 1977 1973
f 1973 1977 1978
f 1973 1978 1972
f 1972 1978 1979
f 1972 1979 1970
f 1970 1979 1980
f 1970 1980 1968
f 1968 1980 1981
f 1968 1981 1966
f 1966 1981 1982
f 1966 1982 1964
f 1964 1982 1983
f 1964 1983 1962
f 1962 1983 1984
f 1962 1984 1960
f 1960 1984 1985
f 1960 1985 1959
f 1918 1935 1919
f 1919 1935 1986
f 1919 1986 1936
f 1936 1986 1987
f 1936 1987 1937
f 1937 1987 1988
f 1937 1988 1938
f 1938 1988 1753
f 1938 1753 1754
f 1921 1764 1922
f 1922 1764 1732
f 1922 1732 1961
f 1961 1732 1733
f 1961 1733 1963
f 1963 1733 1734
f 1963 1734 1965
f 1965 1734 1735
f 1965 1735 1967
f 1967 1735 1736
f 1967 1736 1969
f 1969 1736 1737
f 1969 1737 1971
f 1971 1737 1747
f 1971 1747 1955
f 1955 1747 1748
f 1955 1748 1749
f 1925 1959 1923
f 1923 1959 1985
f 1923 1985 1954
f 1954 1985 1984
f 1954 1984 1953
f 1953 1984 1983
f 1953 1983 1951
f 1951 1983 1982
f 1951 1982 1949
f 1949 1982 1981
f 1949 1981 1947
f 1947 1981 1980
f 1947 1980 1945
f 1945 1980 1979
f 1945 1979 1943
f 1943 1979 1978
f 1943 1978 1941
f 1941 1978 1977
f 1941 1977 1935
f 1935 1977 1976
f 1935 1976 1986
f 1986 1976 1975
f 1986 1975 1987
f 1987 1975 1958
f 1987 1958 1988
f 1988 1958 1752
f 1988 1752 1753
f 1989 1990 1991
f 1792 1794 1992
f 1993 1789 1791
f 1784 1786 1994
f 1994 1786 1787
f 1785 1784 1995
f 1995 1784 1994
f 1995 1994 1996
f 1996 1994 1997
f 1990 1998 1999
f 1926 1930 1989
f 1926 1989 1927
f 1927 1989 1991
f 1927 1991 1929
f 1929 1991 2000
f 1929 2000 1924
f 1924 2000 2001
f 1924 2001 1925
f 1925 2001 1920
f 1920 2001 2002
f 1920 2002 1921
f 1921 2002 1763
f 1921 1763 1764
f 1761 1762 2003
f 1990 1999 1991
f 1991 1999 2004
f 1991 2004 2000
f 2000 2004 2005
f 2000 2005 2001
f 2001 2005 2003
f 2001 2003 2002
f 2002 2003 1762
f 2002 1762 1763
f 1761 2006 1760
f 1760 2006 2007
f 1760 2007 1759
f 1759 2007 2008
f 1759 2008 1758
f 1758 2008 2009
f 2006 2010 2007
f 2007 2010 2011
f 2007 2011 2008
f 2008 2011 2012
f 2008 2012 2009
f 2009 2012 2013
f 2009 2013 2014
f 2014 2013 2015
f 2014 2015 2016
f 2016 2015 2017
f 2016 2017 2018
f 2018 2017 2019
f 2018 2019 2020
f 2020 2019 2021
f 2020 2021 2022
f 2022 2021 2023
f 2022 2023 2024
f 2024 2023 2025
f 2024 2025 1992
f 1992 2025 2026
f 1992 2026 1792
f 2010 2027 2011
f 2011 2027 2028
f 2011 2028 2012
f 2012 2028 2029
f 2012 2029 2013
f 2013 2029 2030
f 2013 2030 2015
f 2015 2030 2031
f 2015 2031 2017
f 2017 2031 2032
f 2017 2032 2019
f 2019 2032 2033
f 2019 2033 2021
f 2021 2033 2034
f 2021 2034 2023
f 2023 2034 2035
f 2023 2035 2025
f 2025 2035 2036
f 2025 2036 2026
f 1998 2037 1999
f 1999 2037 2038
f 1999 2038 2039
f 2039 2038 2040
f 2039 2040 2041
f 2041 2040 2042
f 2041 2042 2043
f 2043 2042 2044
f 2043 2044 2045
f 2045 2044 2046
f 2045 2046 2047
f 2047 2046 2048
f 2047 2048 2049
f 2049 2048 2050
f 2049 2050 2051
f 2051 2050 1997
f 2051 1997 2052
f 2052 1997 1994
f 2052 1994 1993
f 1993 1994 1787
f 1993 1787 1789
f 1794 1720 1992
f 1992 1720 1705
f 1992 1705 2024
f 2024 1705 1706
f 2024 1706 2022
f 2022 1706 1707
f 2022 1707 2020
f 2020 1707 1708
f 2020 1708 2018
f 2018 1708 1709
f 2018 1709 2016
f 2016 1709 1710
f 2016 1710 2014
f 2014 1710 1756
f 2014 1756 2009
f 2009 1756 1757
f 2009 1757 1758
f 1761 2003 2006
f 2006 2003 2005
f 2006 2005 2010
f 2010 2005 2004
f 2010 2004 2027
f 2027 2004 1999
f 2027 1999 2028
f 2028 1999 2039
f 2028 2039 2029
f 2029 2039 2041
f 2029 2041 2030
f 2030 2041 2043
f 2030 2043 2031
f 2031 2043 2045
f 2031 2045 2032
f 2032 2045 2047
f 2032 2047 2033
f 2033 2047 2049
f 2033 2049 2034
f 2034 2049 2051
f 2034 2051 2035
f 2035 2051 2052
f 2035 2052 2036
f 2036 2052 1993
f 2036 1993 2026
f 2026 1993 1791
f 2026 1791 1792
f 2053 2054 1862
f 2055 1808 1806
f 1808 2055 1781
f 1781 2055 2056
f 1781 2056 1780
f 1780 2056 2057
f 1780 2057 1779
f 1862 2054 1901
f 1901 2054 2058
f 1901 2058 1902
f 1950 2059 2060
f 2061 1933 2060
f 2060 1933 1952
f 2060 1952 1950
f 2062 1782 2063
f 2063 1782 1766
f 2063 1766 2064
f 2065 1906 2058
f 2058 1906 1904
f 2058 1904 1902
f 2066 1858 2067
f 2067 1858 1859
f 2067 1859 2068
f 2068 1859 1860
f 2068 1860 2065
f 2040 2069 2042
f 2042 2069 2070
f 1766 1765 2064
f 2064 1765 1785
f 2064 1785 2071
f 2071 1785 1995
f 2071 1995 2072
f 2072 1995 1996
f 2072 1996 2070
f 1798 1796 2062
f 2062 1796 1795
f 2062 1795 1782
f 1862 1846 2053
f 2053 1846 1845
f 2053 1845 2057
f 2057 1845 1778
f 2057 1778 1779
f 2073 1934 2074
f 2074 1934 1918
f 2074 1918 2066
f 2066 1918 1917
f 2066 1917 1858
f 2040 2038 2069
f 2069 2038 2037
f 2069 2037 2075
f 2075 2037 1998
f 2075 1998 2076
f 2076 1998 1990
f 2076 1990 1989
f 1989 1930 2076
f 2076 1930 1931
f 2076 1931 2061
f 2061 1931 1932
f 2061 1932 1933
f 1806 1804 2055
f 2055 1804 1802
f 2055 1802 2062
f 2062 1802 1800
f 2062 1800 1798
f 1860 1861 2065
f 2065 1861 1914
f 2065 1914 1912
f 1942 1940 2073
f 2073 1940 1939
f 2073 1939 1934
f 1996 1997 2070
f 2070 1997 2050
f 2070 2050 2048
f 1912 1910 2065
f 2065 1910 1908
f 2065 1908 1906
f 1950 1948 2059
f 2059 1948 1946
f 2059 1946 2073
f 2073 1946 1944
f 2073 1944 1942
f 2048 2046 2070
f 2070 2046 2044
f 2070 2044 2042
f 2077 2078 2079
f 2079 2078 2080
f 2080 2078 2081
f 2080 2081 2082
f 2083 2084 2085
f 2085 2084 2086
f 2077 2079 2087
f 2087 2079 2088
f 2087 2088 2089
f 2089 2088 2090
f 2089 2090 2091
f 2082 2081 2092
f 2092 2081 2085
f 2092 2085 2093
f 2093 2085 2086
f 2093 2086 2094
f 2095 2096 2097
f 2097 2096 2098
f 2098 2096 2099
f 2098 2099 2100
f 2101 2102 2103
f 2103 2102 2104
f 2095 2097 2105
f 2105 2097 2106
f 2105 2106 2107
f 2107 2106 2108
f 2107 2108 2109
f 2100 2099 2110
f 2110 2099 2103
f 2110 2103 2111
f 2111 2103 2104
f 2111 2104 2112
f 2113 2061 2060
f 2113 2060 2114
f 2114 2060 2059
f 2114 2059 2115
f 2115 2059 2073
f 2115 2073 2116
f 2117 2076 2113
f 2113 2076 2061
f 2118 2070 2069
f 2118 2069 2119
f 2119 2069 2075
f 2119 2075 2120
f 2120 2075 2076
f 2120 2076 2117
f 2121 2072 2118
f 2118 2072 2070
f 2122 2063 2064
f 2122 2064 2123
f 2123 2064 2071
f 2123 2071 2124
f 2124 2071 2072
f 2124 2072 2121
f 2125 2062 2122
f 2122 2062 2063
f 2126 2057 2056
f 2126 2056 2127
f 2127 2056 2055
f 2127 2055 2128
f 2128 2055 2062
f 2128 2062 2125
f 2129 2053 2126
f 2126 2053 2057
f 2130 2065 2058
f 2130 2058 2131
f 2131 2058 2054
f 2131 2054 2132
f 2132 2054 2053
f 2132 2053 2129
f 2133 2068 2130
f 2130 2068 2065
f 2134 2074 2066
f 2134 2066 2135
f 2135 2066 2067
f 2135 2067 2136
f 2136 2067 2068
f 2136 2068 2133
f 2116 2073 2134
f 2134 2073 2074
f 2137 2138 2124
f 2124 2138 2139
f 2124 2139 2140
f 2140 2139 2141
f 2142 2143 2144
f 2144 2143 2141
f 2144 2141 2145
f 2145 2141 2139
f 2145 2139 2146
f 2146 2139 2147
f 2146 2147 2148
f 2148 2147 2149
f 2150 2151 2136
f 2136 2151 2145
f 2136 2145 2152
f 2152 2145 2146
f 2135 2136 2134
f 2134 2136 2152
f 2134 2152 2116
f 2116 2152 2153
f 2116 2153 2115
f 2115 2153 2154
f 2115 2154 2114
f 2114 2154 2155
f 2114 2155 2113
f 2113 2155 2156
f 2113 2156 2117
f 2117 2156 2157
f 2117 2157 2120
f 2120 2157 2158
f 2120 2158 2119
f 2119 2158 2159
f 2119 2159 2118
f 2118 2159 2160
f 2118 2160 2121
f 2121 2160 2161
f 2121 2161 2124
f 2124 2161 2162
f 2124 2162 2137
f 2123 2124 2122
f 2122 2124 2140
f 2122 2140 2125
f 2125 2140 2163
f 2125 2163 2128
f 2128 2163 2164
f 2128 2164 2127
f 2127 2164 2165
f 2127 2165 2126
f 2126 2165 2166
f 2126 2166 2129
f 2129 2166 2167
f 2129 2167 2132
f 2132 2167 2168
f 2132 2168 2131
f 2131 2168 2169
f 2131 2169 2130
f 2130 2169 2170
f 2130 2170 2133
f 2133 2170 2171
f 2133 2171 2136
f 2136 2171 2172
f 2136 2172 2150
f 2153 2089 2091
f 2153 2091 2154
f 2154 2091 2090
f 2154 2090 2155
f 2155 2090 2088
f 2155 2088 2156
f 2152 2087 2153
f 2153 2087 2089
f 2146 2077 2152
f 2152 2077 2087
f 2147 2085 2081
f 2147 2081 2149
f 2149 2081 2078
f 2149 2078 2148
f 2148 2078 2077
f 2148 2077 2146
f 2139 2083 2147
f 2147 2083 2085
f 2138 2084 2139
f 2139 2084 2083
f 2161 2093 2094
f 2161 2094 2162
f 2162 2094 2086
f 2162 2086 2137
f 2137 2086 2084
f 2137 2084 2138
f 2160 2092 2161
f 2161 2092 2093
f 2157 2079 2080
f 2157 2080 2158
f 2158 2080 2082
f 2158 2082 2159
f 2159 2082 2092
f 2159 2092 2160
f 2156 2088 2157
f 2157 2088 2079
f 2151 2102 2145
f 2145 2102 2101
f 2171 2111 2112
f 2171 2112 2172
f 2172 2112 2104
f 2172 2104 2150
f 2150 2104 2102
f 2150 2102 2151
f 2170 2110 2171
f 2171 2110 2111
f 2167 2097 2098
f 2167 2098 2168
f 2168 2098 2100
f 2168 2100 2169
f 2169 2100 2110
f 2169 2110 2170
f 2166 2106 2167
f 2167 2106 2097
f 2163 2107 2109
f 2163 2109 2164
f 2164 2109 2108
f 2164 2108 2165
f 2165 2108 2106
f 2165 2106 2166
f 2140 2105 2163
f 2163 2105 2107
f 2141 2095 2140
f 2140 2095 2105
f 2144 2103 2099
f 2144 2099 2142
f 2142 2099 2096
f 2142 2096 2143
f 2143 2096 2095
f 2143 2095 2141
f 2145 2101 2144
f 2144 2101 2103

