# https://github.com/mikedh/trimesh

o ag95_base_link.STL
v 12.50000000 -0.00000000 -0.00000000
v 11.99366283 -3.52165675 0.00000000
v 0.00000000 0.00000000 0.00000000
v 8.18575954 9.44686985 0.00000000
v 10.51566982 6.75800991 0.00000000
v 11.99366283 3.52165675 0.00000000
v -1.77893543 12.37276840 0.00000000
v 1.77893543 12.37276840 0.00000000
v 5.19268751 11.37040043 0.00000000
v -10.51566982 6.75800991 0.00000000
v -8.18575954 9.44686985 0.00000000
v -5.19268751 11.37040043 0.00000000
v -11.99366283 -3.52165675 0.00000000
v -12.50000000 0.00000000 0.00000000
v -11.99366283 3.52165675 0.00000000
v -5.19268751 -11.37040043 0.00000000
v -8.18575954 -9.44686985 0.00000000
v -10.51566982 -6.75800991 0.00000000
v 5.19268751 -11.37040043 0.00000000
v 1.77893543 -12.37276840 0.00000000
v -1.77893543 -12.37276840 0.00000000
v 10.51566982 -6.75800991 0.00000000
v 8.18575954 -9.44686985 0.00000000
v 12.50000000 0.00000000 -3.50000000
v 11.99366283 3.52165675 -3.50000000
v 10.51566982 6.75800991 -3.50000000
v 8.18575954 9.44686985 -3.50000000
v 5.19268751 11.37040043 -3.50000000
v 1.77893543 12.37276840 -3.50000000
v -1.77893543 12.37276840 -3.50000000
v -5.19268751 11.37040043 -3.50000000
v -8.18575954 9.44686985 -3.50000000
v -10.51566982 6.75800991 -3.50000000
v -11.99366283 3.52165675 -3.50000000
v -12.50000000 0.00000000 -3.50000000
v -11.99366283 -3.52165675 -3.50000000
v -10.51566982 -6.75800991 -3.50000000
v -8.18575954 -9.44686985 -3.50000000
v -5.19268751 -11.37040043 -3.50000000
v -1.77893543 -12.37276840 -3.50000000
v 1.77893543 -12.37276840 -3.50000000
v 5.19268751 -11.37040043 -3.50000000
v 8.18575954 -9.44686985 -3.50000000
v 10.51566982 -6.75800991 -3.50000000
v 11.99366283 -3.52165675 -3.50000000
v 2.59807611 23.50000000 3.00000000
v 1.50000000 22.40192413 3.00000000
v 0.00000000 25.00000000 3.00000000
v 0.00000000 22.00000000 3.00000000
v -1.50000000 22.40192413 3.00000000
v 1.50000000 27.59807587 3.00000000
v 2.59807611 26.50000000 3.00000000
v 3.00000000 25.00000000 3.00000000
v -2.59807611 26.50000000 3.00000000
v -1.50000000 27.59807587 3.00000000
v -0.00000000 28.00000000 3.00000000
v -2.59807611 23.50000000 3.00000000
v -3.00000000 25.00000000 3.00000000
v -0.00000000 -14.75000000 -3.50000000
v -3.81758094 -14.24740601 -3.50000000
v -7.37500000 -12.77387524 -3.50000000
v -10.42982483 -10.42982483 -3.50000000
v -12.77387524 -7.37500000 -3.50000000
v -14.24740601 -3.81758094 -3.50000000
v -14.75000000 -0.00000000 -3.50000000
v -14.24740601 3.81758094 -3.50000000
v -12.77387524 7.37500000 -3.50000000
v -10.42982483 10.42982483 -3.50000000
v -7.37500000 12.77387524 -3.50000000
v -3.81758094 14.24740601 -3.50000000
v 0.00000000 14.75000000 -3.50000000
v 3.81758094 14.24740601 -3.50000000
v 7.37500000 12.77387524 -3.50000000
v 10.42982483 10.42982483 -3.50000000
v 12.77387524 7.37500000 -3.50000000
v 14.24740601 3.81758094 -3.50000000
v 14.75000000 -0.00000000 -3.50000000
v 14.24740601 -3.81758094 -3.50000000
v 12.77387524 -7.37500000 -3.50000000
v 10.42982483 -10.42982483 -3.50000000
v 7.37500000 -12.77387524 -3.50000000
v 3.81758094 -14.24740601 -3.50000000
v 0.00000000 22.00000000 0.50000000
v -1.50000000 22.40192413 0.50000000
v -2.59807611 23.50000000 0.50000000
v -3.00000000 25.00000000 0.50000000
v -2.59807611 26.50000000 0.50000000
v -1.50000000 27.59807587 0.50000000
v -0.00000000 28.00000000 0.50000000
v 1.50000000 27.59807587 0.50000000
v 2.59807611 26.50000000 0.50000000
v 3.00000000 25.00000000 0.50000000
v 2.59807611 23.50000000 0.50000000
v 1.50000000 22.40192413 0.50000000
v 15.75000000 0.00000000 -2.50000000
v 15.21333218 4.07639980 -2.50000000
v 13.63990021 7.87500000 -2.50000000
v 11.13693142 11.13693142 -2.50000000
v 7.87500000 13.63990021 -2.50000000
v 4.07639980 15.21333218 -2.50000000
v 0.00000000 15.75000000 -2.50000000
v -4.07639980 15.21333218 -2.50000000
v -7.87500000 13.63990021 -2.50000000
v -11.13693142 11.13693142 -2.50000000
v -13.63990021 7.87500000 -2.50000000
v -15.21333218 4.07639980 -2.50000000
v -15.75000000 0.00000000 -2.50000000
v -15.21333218 -4.07639980 -2.50000000
v -13.63990021 -7.87500000 -2.50000000
v -11.13693142 -11.13693142 -2.50000000
v -7.87500000 -13.63990021 -2.50000000
v -4.07639980 -15.21333218 -2.50000000
v -0.00000000 -15.75000000 -2.50000000
v 4.07639980 -15.21333218 -2.50000000
v 7.87500000 -13.63990021 -2.50000000
v 11.13693142 -11.13693142 -2.50000000
v 13.63990021 -7.87500000 -2.50000000
v 15.21333218 -4.07639980 -2.50000000
v -42.50000000 2.89999986 10.50000000
v -46.50000000 2.89999986 10.50000000
v -42.50000000 3.38230872 12.29999924
v -46.50000000 3.38230872 12.29999924
v -42.50000000 4.69999981 13.61769199
v -46.50000000 4.69999981 13.61769199
v -42.50000000 6.50000000 14.10000038
v -46.50000000 6.50000000 14.10000038
v -42.50000000 8.30000019 13.61769199
v -46.50000000 8.30000019 13.61769199
v -42.50000000 9.61769199 12.29999924
v -46.50000000 9.61769199 12.29999924
v -42.50000000 10.09999943 10.50000000
v -46.50000000 10.09999943 10.50000000
v -42.50000000 9.61769199 8.69999981
v -46.50000000 9.61769199 8.69999981
v -42.50000000 8.30000019 7.38230848
v -46.50000000 8.30000019 7.38230848
v -42.50000000 6.50000000 6.90000010
v -46.50000000 6.50000000 6.90000010
v -42.50000000 4.69999981 7.38230848
v -46.50000000 4.69999981 7.38230848
v -42.50000000 3.38230872 8.69999981
v -46.50000000 3.38230872 8.69999981
v -42.50000000 -10.09999943 10.50000000
v -46.50000000 -10.09999943 10.50000000
v -42.50000000 -9.61769199 12.29999924
v -46.50000000 -9.61769199 12.29999924
v -42.50000000 -8.30000019 13.61769199
v -46.50000000 -8.30000019 13.61769199
v -42.50000000 -6.50000000 14.10000038
v -46.50000000 -6.50000000 14.10000038
v -42.50000000 -4.69999981 13.61769199
v -46.50000000 -4.69999981 13.61769199
v -42.50000000 -3.38230872 12.29999924
v -46.50000000 -3.38230872 12.29999924
v -42.50000000 -2.89999986 10.50000000
v -46.50000000 -2.89999986 10.50000000
v -42.50000000 -3.38230872 8.69999981
v -46.50000000 -3.38230872 8.69999981
v -42.50000000 -4.69999981 7.38230848
v -46.50000000 -4.69999981 7.38230848
v -42.50000000 -6.50000000 6.90000010
v -46.50000000 -6.50000000 6.90000010
v -42.50000000 -8.30000019 7.38230848
v -46.50000000 -8.30000019 7.38230848
v -42.50000000 -9.61769199 8.69999981
v -46.50000000 -9.61769199 8.69999981
v 42.50000000 10.09999943 10.50000000
v 46.50000000 10.09999943 10.50000000
v 42.50000000 9.61769199 12.29999924
v 46.50000000 9.61769199 12.29999924
v 42.50000000 8.30000019 13.61769199
v 46.50000000 8.30000019 13.61769199
v 42.50000000 6.50000000 14.10000038
v 46.50000000 6.50000000 14.10000038
v 42.50000000 4.69999981 13.61769199
v 46.50000000 4.69999981 13.61769199
v 42.50000000 3.38230872 12.29999924
v 46.50000000 3.38230872 12.29999924
v 42.50000000 2.89999986 10.50000000
v 46.50000000 2.89999986 10.50000000
v 42.50000000 3.38230872 8.69999981
v 46.50000000 3.38230872 8.69999981
v 42.50000000 4.69999981 7.38230848
v 46.50000000 4.69999981 7.38230848
v 42.50000000 6.50000000 6.90000010
v 46.50000000 6.50000000 6.90000010
v 42.50000000 8.30000019 7.38230848
v 46.50000000 8.30000019 7.38230848
v 42.50000000 9.61769199 8.69999981
v 46.50000000 9.61769199 8.69999981
v 42.50000000 -2.89999986 10.50000000
v 46.50000000 -2.89999986 10.50000000
v 42.50000000 -3.38230872 12.29999924
v 46.50000000 -3.38230872 12.29999924
v 42.50000000 -4.69999981 13.61769199
v 46.50000000 -4.69999981 13.61769199
v 42.50000000 -6.50000000 14.10000038
v 46.50000000 -6.50000000 14.10000038
v 42.50000000 -8.30000019 13.61769199
v 46.50000000 -8.30000019 13.61769199
v 42.50000000 -9.61769199 12.29999924
v 46.50000000 -9.61769199 12.29999924
v 42.50000000 -10.09999943 10.50000000
v 46.50000000 -10.09999943 10.50000000
v 42.50000000 -9.61769199 8.69999981
v 46.50000000 -9.61769199 8.69999981
v 42.50000000 -8.30000019 7.38230848
v 46.50000000 -8.30000019 7.38230848
v 42.50000000 -6.50000000 6.90000010
v 46.50000000 -6.50000000 6.90000010
v 42.50000000 -4.69999981 7.38230848
v 46.50000000 -4.69999981 7.38230848
v 42.50000000 -3.38230872 8.69999981
v 46.50000000 -3.38230872 8.69999981
v 37.94903564 2.75000000 2.00000000
v 37.40000153 3.29903817 2.00000000
v 36.64999771 2.00000000 2.00000000
v 36.64999771 3.50000000 2.00000000
v 35.90000153 3.29903817 2.00000000
v 37.40000153 0.70096189 2.00000000
v 37.94903564 1.25000000 2.00000000
v 38.15000153 2.00000000 2.00000000
v 35.35096359 1.25000000 2.00000000
v 35.90000153 0.70096189 2.00000000
v 36.64999771 0.50000000 2.00000000
v 35.35096359 2.75000000 2.00000000
v 35.14999771 2.00000000 2.00000000
v -35.35096359 2.75000000 2.00000000
v -35.90000153 3.29903817 2.00000000
v -36.64999771 2.00000000 2.00000000
v -36.64999771 3.50000000 2.00000000
v -37.40000153 3.29903817 2.00000000
v -35.90000153 0.70096189 2.00000000
v -35.35096359 1.25000000 2.00000000
v -35.14999771 2.00000000 2.00000000
v -37.94903564 1.25000000 2.00000000
v -37.40000153 0.70096189 2.00000000
v -36.64999771 0.50000000 2.00000000
v -37.94903564 2.75000000 2.00000000
v -38.15000153 2.00000000 2.00000000
v -42.50000000 6.50000000 8.39999962
v -42.50000000 5.45000029 8.68134689
v -42.50000000 4.68134642 9.44999981
v -42.50000000 4.40000010 10.50000000
v -42.50000000 4.68134642 11.55000019
v -42.50000000 5.45000029 12.31865311
v -42.50000000 6.50000000 12.60000038
v -42.50000000 7.55000019 12.31865311
v -42.50000000 8.31865311 11.55000019
v -42.50000000 8.60000038 10.50000000
v -42.50000000 8.31865311 9.44999981
v -42.50000000 7.55000019 8.68134689
v -42.50000000 -4.68134642 11.55000019
v -42.50000000 -4.40000010 10.50000000
v -42.50000000 -4.68134642 9.44999981
v -42.50000000 -5.45000029 8.68134689
v -42.50000000 -6.50000000 8.39999962
v -42.50000000 -7.55000019 8.68134689
v -42.50000000 -8.31865311 9.44999981
v -42.50000000 -8.60000038 10.50000000
v -42.50000000 -8.31865311 11.55000019
v -42.50000000 -7.55000019 12.31865311
v -42.50000000 -6.50000000 12.60000038
v -42.50000000 -5.45000029 12.31865311
v 16.05266953 -14.86308670 0.00000000
v 17.67766953 -14.42766953 0.00000000
v 17.33795166 -14.44547367 0.94999999
v 16.05266953 -14.86308670 0.94999999
v 15.04836464 -15.76736736 0.94999999
v 14.86308670 -16.05266953 0.00000000
v 14.91170311 -16.07431412 0.94999999
v 14.42766953 -17.67766953 0.00000000
v 14.49869061 -17.00195694 0.94999999
v 14.49869061 -17.67766953 0.94999999
v 14.60482788 -18.33883476 0.00000000
v 14.49869061 -18.35338211 0.94999999
v 14.86308670 -19.30266953 0.00000000
v 14.91170311 -19.28102493 0.94999999
v 15.04836464 -19.58797073 0.94999999
v 16.05266953 -20.49225235 0.00000000
v 16.05266953 -20.49225235 0.94999999
v 17.33795166 -20.90986633 0.94999999
v 17.67766953 -20.92766953 0.00000000
v 17.67210579 -20.87474442 0.94999999
v 18.33883476 -20.75051117 0.00000000
v 18.68197441 -20.76860237 0.94999999
v 19.30266953 -20.49225235 0.00000000
v 19.26715851 -20.43074799 0.94999999
v 19.85234451 -20.09288979 0.94999999
v 20.49225235 -19.30266953 0.00000000
v 20.44919968 -19.27139091 0.94999999
v 20.75051117 -18.33883476 0.00000000
v 20.64669228 -18.99956322 0.94999999
v 20.92766953 -17.67766953 0.00000000
v 20.92766953 -17.67766953 0.94999999
v 20.64669228 -16.35577583 0.94999999
v 20.49225235 -16.05266953 0.00000000
v 20.44919968 -16.08395004 0.94999999
v 19.30266953 -14.86308670 0.00000000
v 19.85234451 -15.26244926 0.94999999
v 19.26715851 -14.92459202 0.94999999
v 18.33883476 -14.60482788 0.00000000
v 18.68197441 -14.58673573 0.94999999
v 17.67766953 -14.42766953 0.94999999
v 17.67766953 20.92766953 0.00000000
v 16.35577583 20.64669228 0.94999999
v 16.05266953 20.49225235 0.00000000
v 16.08395004 20.44919968 0.94999999
v 14.86308670 19.30266953 0.00000000
v 15.26244926 19.85234451 0.94999999
v 14.92459202 19.26715851 0.94999999
v 14.60482788 18.33883476 0.00000000
v 14.58673573 18.68197441 0.94999999
v 14.42766953 17.67766953 0.00000000
v 14.48059464 17.67210579 0.94999999
v 14.44547367 17.33795166 0.94999999
v 14.86308670 16.05266953 0.00000000
v 14.86308670 16.05266953 0.94999999
v 15.76736736 15.04836464 0.94999999
v 16.05266953 14.86308670 0.00000000
v 16.07431412 14.91170311 0.94999999
v 17.67766953 14.42766953 0.00000000
v 17.00195694 14.49869061 0.94999999
v 17.67766953 14.49869061 0.94999999
v 18.33883476 14.60482788 0.00000000
v 18.35338211 14.49869061 0.94999999
v 19.30266953 14.86308670 0.00000000
v 19.28102493 14.91170311 0.94999999
v 19.58797073 15.04836464 0.94999999
v 20.49225235 16.05266953 0.00000000
v 20.49225235 16.05266953 0.94999999
v 20.90986633 17.33795166 0.94999999
v 20.92766953 17.67766953 0.00000000
v 20.87474442 17.67210579 0.94999999
v 20.75051117 18.33883476 0.00000000
v 20.76860237 18.68197441 0.94999999
v 20.49225235 19.30266953 0.00000000
v 20.43074799 19.26715851 0.94999999
v 20.09288979 19.85234451 0.94999999
v 19.30266953 20.49225235 0.00000000
v 19.27139091 20.44919968 0.94999999
v 18.33883476 20.75051117 0.00000000
v 18.99956322 20.64669228 0.94999999
v 17.67766953 20.92766953 0.94999999
v -20.49225235 19.30266953 0.00000000
v -20.43074799 19.26715851 0.94999999
v -20.75051117 18.33883476 0.00000000
v -20.76860237 18.68197441 0.94999999
v -20.92766953 17.67766953 0.00000000
v -20.87474442 17.67210579 0.94999999
v -20.90986633 17.33795166 0.94999999
v -20.49225235 16.05266953 0.00000000
v -20.49225235 16.05266953 0.94999999
v -19.58797073 15.04836464 0.94999999
v -19.30266953 14.86308670 0.00000000
v -19.28102493 14.91170311 0.94999999
v -18.33883476 14.60482788 0.00000000
v -18.35338211 14.49869061 0.94999999
v -17.67766953 14.42766953 0.00000000
v -17.67766953 14.49869061 0.94999999
v -17.00195694 14.49869061 0.94999999
v -16.05266953 14.86308670 0.00000000
v -16.07431412 14.91170311 0.94999999
v -15.76736736 15.04836464 0.94999999
v -14.86308670 16.05266953 0.00000000
v -14.86308670 16.05266953 0.94999999
v -14.44547367 17.33795166 0.94999999
v -14.42766953 17.67766953 0.00000000
v -14.48059464 17.67210579 0.94999999
v -14.60482788 18.33883476 0.00000000
v -14.58673573 18.68197441 0.94999999
v -14.86308670 19.30266953 0.00000000
v -14.92459202 19.26715851 0.94999999
v -15.26244926 19.85234451 0.94999999
v -16.05266953 20.49225235 0.00000000
v -16.08395004 20.44919968 0.94999999
v -16.35577583 20.64669228 0.94999999
v -17.67766953 20.92766953 0.00000000
v -17.67766953 20.92766953 0.94999999
v -18.33883476 20.75051117 0.00000000
v -18.99956322 20.64669228 0.94999999
v -19.30266953 20.49225235 0.00000000
v -19.27139091 20.44919968 0.94999999
v -20.09288979 19.85234451 0.94999999
v -19.30266953 -14.86308670 0.00000000
v -20.30697441 -15.76736736 0.94999999
v -20.49225235 -16.05266953 0.00000000
v -20.44363785 -16.07431412 0.94999999
v -20.92766953 -17.67766953 0.00000000
v -20.85664940 -17.00195694 0.94999999
v -20.85664940 -17.67766953 0.94999999
v -20.75051117 -18.33883476 0.00000000
v -20.85664940 -18.35338211 0.94999999
v -20.49225235 -19.30266953 0.00000000
v -20.44363785 -19.28102493 0.94999999
v -20.30697441 -19.58797073 0.94999999
v -19.30266953 -20.49225235 0.00000000
v -19.30266953 -20.49225235 0.94999999
v -18.33883476 -20.75051117 0.00000000
v -18.01738739 -20.90986633 0.94999999
v -17.67766953 -20.92766953 0.00000000
v -17.68323135 -20.87474442 0.94999999
v -16.05266953 -20.49225235 0.00000000
v -16.67336464 -20.76860237 0.94999999
v -16.08818054 -20.43074799 0.94999999
v -15.50299454 -20.09288979 0.94999999
v -14.86308670 -19.30266953 0.00000000
v -14.90614033 -19.27139091 0.94999999
v -14.60482788 -18.33883476 0.00000000
v -14.70864677 -18.99956322 0.94999999
v -14.42766953 -17.67766953 0.00000000
v -14.42766953 -17.67766953 0.94999999
v -14.70864677 -16.35577583 0.94999999
v -14.86308670 -16.05266953 0.00000000
v -14.90614033 -16.08395004 0.94999999
v -16.05266953 -14.86308670 0.00000000
v -15.50299454 -15.26244926 0.94999999
v -16.08818054 -14.92459202 0.94999999
v -16.67336464 -14.58673573 0.94999999
v -17.67766953 -14.42766953 0.00000000
v -17.67766953 -14.42766953 0.94999999
v -18.33883476 -14.60482788 0.00000000
v -18.01738739 -14.44547367 0.94999999
v -19.30266953 -14.86308670 0.94999999
v -1.75000000 21.96891022 0.00000000
v -3.03108907 23.25000000 0.00000000
v -3.50000000 25.00000000 0.00000000
v -3.03108907 26.75000000 0.00000000
v -1.75000000 28.03108788 0.00000000
v -0.00000000 28.50000000 0.00000000
v 1.75000000 28.03108788 0.00000000
v 3.03108907 26.75000000 0.00000000
v 3.50000000 25.00000000 0.00000000
v 3.03108907 23.25000000 0.00000000
v 1.75000000 21.96891022 0.00000000
v 0.00000000 21.50000000 0.00000000
v 4.07639980 -15.21333218 0.00000000
v -0.00000000 -15.75000000 0.00000000
v -4.07639980 -15.21333218 0.00000000
v -7.87500000 -13.63990021 0.00000000
v -8.96383476 -12.80440807 0.00000000
v -11.13693142 -11.13693142 0.00000000
v -13.63990021 -7.87500000 0.00000000
v -15.21333218 -4.07639980 0.00000000
v -15.75000000 0.00000000 0.00000000
v -15.21333218 4.07639980 0.00000000
v -13.63990021 7.87500000 0.00000000
v -11.13693142 11.13693142 0.00000000
v -8.96383476 12.80440807 0.00000000
v -7.87500000 13.63990021 0.00000000
v -4.07639980 15.21333218 0.00000000
v 0.00000000 15.75000000 0.00000000
v 4.07639980 15.21333218 0.00000000
v 7.87500000 13.63990021 0.00000000
v 8.96383476 12.80440807 0.00000000
v 11.13693142 11.13693142 0.00000000
v 13.63990021 7.87500000 0.00000000
v 15.21333218 4.07639980 0.00000000
v 15.75000000 0.00000000 -0.00000000
v 15.21333218 -4.07639980 0.00000000
v 13.63990021 -7.87500000 0.00000000
v 11.13693142 -11.13693142 0.00000000
v 8.96383476 -12.80440807 0.00000000
v 7.87500000 -13.63990021 0.00000000
v -46.50000000 11.80000019 14.69999981
v -46.50000000 11.80000019 0.00000000
v -46.50000000 -11.80000019 0.00000000
v -46.50000000 -11.80000019 14.69999981
v -46.50000000 0.00000000 0.00000000
v 42.50000000 8.31865311 9.44999981
v 42.50000000 8.60000038 10.50000000
v 42.50000000 8.31865311 11.55000019
v 42.50000000 7.55000019 12.31865311
v 42.50000000 6.50000000 12.60000038
v 42.50000000 5.45000029 12.31865311
v 42.50000000 4.68134642 11.55000019
v 42.50000000 4.40000010 10.50000000
v 42.50000000 4.68134642 9.44999981
v 42.50000000 5.45000029 8.68134689
v 42.50000000 6.50000000 8.39999962
v 42.50000000 7.55000019 8.68134689
v 42.50000000 -4.68134642 9.44999981
v 42.50000000 -4.40000010 10.50000000
v 42.50000000 -4.68134642 11.55000019
v 42.50000000 -5.45000029 12.31865311
v 42.50000000 -6.50000000 12.60000038
v 42.50000000 -7.55000019 12.31865311
v 42.50000000 -8.31865311 11.55000019
v 42.50000000 -8.60000038 10.50000000
v 42.50000000 -8.31865311 9.44999981
v 42.50000000 -7.55000019 8.68134689
v 42.50000000 -6.50000000 8.39999962
v 42.50000000 -5.45000029 8.68134689
v 46.50000000 11.80000019 14.69999981
v 46.50000000 11.80000019 0.00000000
v 46.50000000 -11.80000019 0.00000000
v 46.50000000 -11.80000019 14.69999981
v 46.50000000 0.00000000 0.00000000
v 21.75936699 -22.21085358 3.79999995
v 23.25029755 -20.15876389 3.79999995
v 19.56267357 -23.47911263 3.79999995
v 17.04004669 -23.74425316 3.79999995
v 14.62767029 -22.96042442 3.79999995
v 12.74266529 -21.26316071 3.79999995
v 11.71096897 -18.94593048 3.79999995
v 11.71096897 -16.40940857 3.79999995
v 12.74266529 -14.09218025 3.79999995
v 14.62767029 -12.39491463 3.79999995
v 17.04004669 -11.61108589 3.79999995
v 17.67766953 -11.57766914 3.79999995
v 19.56267357 -11.87622452 3.79999995
v 21.75936699 -13.14448547 3.79999995
v 23.25029755 -15.19657612 3.79999995
v 23.77766991 -17.67766953 3.79999995
v 21.70065689 22.13004684 3.79999995
v 20.15876389 23.25029755 3.79999995
v 19.54190636 23.38141441 3.79999995
v 23.15530205 15.22744179 3.79999995
v 23.74425316 17.04004669 3.79999995
v 23.67833519 17.66722870 3.79999995
v 23.47911263 19.56267357 3.79999995
v 23.16379547 20.10881996 3.79999995
v 22.21085358 21.75936699 3.79999995
v 19.52204704 11.96747303 3.79999995
v 21.26316071 12.74266529 3.79999995
v 21.68513870 13.21132088 3.79999995
v 22.96042442 14.62767029 3.79999995
v 12.81689358 14.15901470 3.79999995
v 14.09218025 12.74266529 3.79999995
v 14.66829586 12.48616219 3.79999995
v 16.40940857 11.71096897 3.79999995
v 17.04004669 11.71096897 3.79999995
v 18.94593048 11.71096897 3.79999995
v 11.81030560 18.93548965 3.79999995
v 11.61108589 17.04004669 3.79999995
v 11.80596352 16.44027328 3.79999995
v 12.39491463 14.62767029 3.79999995
v 17.67766953 23.77766991 3.79999995
v 17.06081200 23.64655304 3.79999995
v 15.19657612 23.25029755 3.79999995
v 14.68637943 22.87961769 3.79999995
v 13.14448547 21.75936699 3.79999995
v 12.82916641 21.21321869 3.79999995
v 11.87622452 19.56267357 3.79999995
v -13.65468311 22.13004684 3.79999995
v -15.19657612 23.25029755 3.79999995
v -15.81343269 23.38141441 3.79999995
v -12.20003700 15.22744179 3.79999995
v -11.61108589 17.04004669 3.79999995
v -11.67700577 17.66722870 3.79999995
v -11.87622452 19.56267357 3.79999995
v -12.19154358 20.10881996 3.79999995
v -13.14448547 21.75936699 3.79999995
v -15.83329201 11.96747303 3.79999995
v -14.09218025 12.74266529 3.79999995
v -13.67020035 13.21132088 3.79999995
v -12.39491463 14.62767029 3.79999995
v -22.53844643 14.15901470 3.79999995
v -21.26316071 12.74266529 3.79999995
v -20.68704414 12.48616219 3.79999995
v -18.94593048 11.71096897 3.79999995
v -18.31529236 11.71096897 3.79999995
v -16.40940857 11.71096897 3.79999995
v -23.54503441 18.93548965 3.79999995
v -23.74425316 17.04004669 3.79999995
v -23.54937553 16.44027328 3.79999995
v -22.96042442 14.62767029 3.79999995
v -17.67766953 23.77766991 3.79999995
v -18.29452705 23.64655304 3.79999995
v -20.15876389 23.25029755 3.79999995
v -20.66895866 22.87961769 3.79999995
v -22.21085358 21.75936699 3.79999995
v -22.52617073 21.21321869 3.79999995
v -23.47911263 19.56267357 3.79999995
v -13.59597301 -22.21085358 3.79999995
v -12.10504246 -20.15876389 3.79999995
v -15.79266644 -23.47911263 3.79999995
v -18.31529236 -23.74425316 3.79999995
v -20.72767067 -22.96042442 3.79999995
v -22.61267281 -21.26316071 3.79999995
v -23.64436913 -18.94593048 3.79999995
v -23.64436913 -16.40940857 3.79999995
v -22.61267281 -14.09218025 3.79999995
v -20.72767067 -12.39491463 3.79999995
v -18.31529236 -11.61108589 3.79999995
v -17.67766953 -11.57766914 3.79999995
v -15.79266644 -11.87622452 3.79999995
v -13.59597301 -13.14448547 3.79999995
v -12.10504246 -15.19657612 3.79999995
v -11.57766914 -17.67766953 3.79999995
v 36.64999771 3.50000000 4.50000000
v 35.90000153 3.29903817 4.50000000
v 35.35096359 2.75000000 4.50000000
v 35.14999771 2.00000000 4.50000000
v 35.35096359 1.25000000 4.50000000
v 35.90000153 0.70096189 4.50000000
v 36.64999771 0.50000000 4.50000000
v 37.40000153 0.70096189 4.50000000
v 37.94903564 1.25000000 4.50000000
v 38.15000153 2.00000000 4.50000000
v 37.94903564 2.75000000 4.50000000
v 37.40000153 3.29903817 4.50000000
v -36.64999771 3.50000000 4.50000000
v -37.40000153 3.29903817 4.50000000
v -37.94903564 2.75000000 4.50000000
v -38.15000153 2.00000000 4.50000000
v -37.94903564 1.25000000 4.50000000
v -37.40000153 0.70096189 4.50000000
v -36.64999771 0.50000000 4.50000000
v -35.90000153 0.70096189 4.50000000
v -35.35096359 1.25000000 4.50000000
v -35.14999771 2.00000000 4.50000000
v -35.35096359 2.75000000 4.50000000
v -35.90000153 3.29903817 4.50000000
v 43.52061462 14.30000019 14.69999981
v 43.52061462 14.30000019 0.00000000
v -43.52061462 14.30000019 14.69999981
v -43.52061462 14.30000019 0.00000000
v -40.50000000 4.40000010 10.50000000
v -40.50000000 4.68134642 11.55000019
v -40.50000000 5.45000029 12.31865311
v -40.50000000 6.50000000 12.60000038
v -40.50000000 7.55000019 12.31865311
v -40.50000000 8.31865311 11.55000019
v -40.50000000 8.60000038 10.50000000
v -40.50000000 8.31865311 9.44999981
v -40.50000000 7.55000019 8.68134689
v -40.50000000 6.50000000 8.39999962
v -40.50000000 5.45000029 8.68134689
v -40.50000000 4.68134642 9.44999981
v -40.50000000 -8.60000038 10.50000000
v -40.50000000 -8.31865311 11.55000019
v -40.50000000 -7.55000019 12.31865311
v -40.50000000 -6.50000000 12.60000038
v -40.50000000 -5.45000029 12.31865311
v -40.50000000 -4.68134642 11.55000019
v -40.50000000 -4.40000010 10.50000000
v -40.50000000 -4.68134642 9.44999981
v -40.50000000 -5.45000029 8.68134689
v -40.50000000 -6.50000000 8.39999962
v -40.50000000 -7.55000019 8.68134689
v -40.50000000 -8.31865311 9.44999981
v -43.52061462 -14.30000019 14.69999981
v -43.52061462 -14.30000019 0.00000000
v -40.50000000 14.30000019 14.69999981
v -40.50000000 -14.30000019 14.69999981
v 43.52061462 -14.30000019 14.69999981
v 43.52061462 -14.30000019 0.00000000
v -11.76982307 31.36433220 0.00000000
v -8.96383476 32.13864517 0.00000000
v -8.96383476 21.21383476 0.00000000
v 22.03896332 25.22962952 0.00000000
v 25.87913513 21.21383476 0.00000000
v 18.33883476 21.21383476 0.00000000
v -18.33883476 0.00000000 0.00000000
v 18.33883476 0.00000000 0.00000000
v 27.87336540 18.33883476 0.00000000
v 32.13969803 -14.30000019 0.00000000
v 31.08568192 -14.49125385 0.00000000
v 30.16605568 -15.04063034 0.00000000
v 29.49807549 -15.87808132 0.00000000
v 27.87336540 -18.33883476 0.00000000
v 26.18929863 -20.88948441 0.00000000
v 22.03896332 -25.22962952 0.00000000
v 18.33883476 -27.91753960 0.00000000
v 8.96383476 -18.33883476 0.00000000
v 8.96383476 -32.13864517 0.00000000
v 17.18042755 -28.75904846 0.00000000
v 11.76982307 -31.36433220 0.00000000
v 8.96383476 21.21383476 0.00000000
v 26.18929863 20.88948441 0.00000000
v 32.13969803 14.30000019 0.00000000
v 31.08568192 14.49125385 0.00000000
v 30.16605568 15.04063034 0.00000000
v 29.49807549 15.87808132 0.00000000
v 8.96383476 18.33883476 0.00000000
v -8.96383476 18.33883476 0.00000000
v -32.13969803 14.30000019 0.00000000
v -31.08568192 14.49125385 0.00000000
v -18.33883476 21.21383476 0.00000000
v -25.87913513 21.21383476 0.00000000
v -26.18929863 20.88948441 0.00000000
v -27.87336540 18.33883476 0.00000000
v -29.49807549 15.87808132 0.00000000
v -30.16605568 15.04063034 0.00000000
v -8.96383476 -18.33883476 0.00000000
v -8.96383476 -32.13864517 0.00000000
v -11.76982307 -31.36433220 0.00000000
v -17.18042755 -28.75904846 0.00000000
v -18.33883476 -27.91753960 0.00000000
v -22.03896332 -25.22962952 0.00000000
v -26.18929863 -20.88948441 0.00000000
v -27.87336540 -18.33883476 0.00000000
v -32.13969803 -14.30000019 0.00000000
v -31.08568192 -14.49125385 0.00000000
v -30.16605568 -15.04063034 0.00000000
v -29.49807549 -15.87808132 0.00000000
v 8.96383476 32.13864517 0.00000000
v 11.76982307 31.36433220 0.00000000
v 17.18042755 28.75904846 0.00000000
v 18.33883476 27.91753960 0.00000000
v 5.98100758 32.96176147 0.00000000
v -0.00000000 33.50000000 0.00000000
v -5.98100758 32.96176147 0.00000000
v -22.03896332 25.22962952 0.00000000
v -18.33883476 27.91753960 0.00000000
v -17.18042755 28.75904846 0.00000000
v 5.98100758 -32.96176147 0.00000000
v -0.00000000 -33.50000000 0.00000000
v -5.98100758 -32.96176147 0.00000000
v 40.50000000 4.40000010 10.50000000
v 40.50000000 4.68134642 11.55000019
v 40.50000000 5.45000029 12.31865311
v 40.50000000 6.50000000 12.60000038
v 40.50000000 7.55000019 12.31865311
v 40.50000000 8.31865311 11.55000019
v 40.50000000 8.60000038 10.50000000
v 40.50000000 8.31865311 9.44999981
v 40.50000000 7.55000019 8.68134689
v 40.50000000 6.50000000 8.39999962
v 40.50000000 5.45000029 8.68134689
v 40.50000000 4.68134642 9.44999981
v 40.50000000 -8.60000038 10.50000000
v 40.50000000 -8.31865311 11.55000019
v 40.50000000 -7.55000019 12.31865311
v 40.50000000 -6.50000000 12.60000038
v 40.50000000 -5.45000029 12.31865311
v 40.50000000 -4.68134642 11.55000019
v 40.50000000 -4.40000010 10.50000000
v 40.50000000 -4.68134642 9.44999981
v 40.50000000 -5.45000029 8.68134689
v 40.50000000 -6.50000000 8.39999962
v 40.50000000 -7.55000019 8.68134689
v 40.50000000 -8.31865311 9.44999981
v 40.50000000 -14.30000019 14.69999981
v 40.50000000 14.30000019 14.69999981
v 17.04004669 -11.61108589 5.00000000
v 19.56267357 -11.87622452 5.00000000
v 21.75936699 -13.14448547 5.00000000
v 23.25029755 -15.19657612 5.00000000
v 23.77766991 -17.67766953 5.00000000
v 23.25029755 -20.15876389 5.00000000
v 21.75936699 -22.21085358 5.00000000
v 19.56267357 -23.47911263 5.00000000
v 17.04004669 -23.74425316 5.00000000
v 14.62767029 -22.96042442 5.00000000
v 12.74266529 -21.26316071 5.00000000
v 11.71096897 -18.94593048 5.00000000
v 11.71096897 -16.40940857 5.00000000
v 12.74266529 -14.09218025 5.00000000
v 14.62767029 -12.39491463 5.00000000
v 23.77766991 17.67766953 5.00000000
v 23.25029755 20.15876389 5.00000000
v 21.75936699 22.21085358 5.00000000
v 19.56267357 23.47911263 5.00000000
v 17.04004669 23.74425316 5.00000000
v 14.62767029 22.96042442 5.00000000
v 12.74266529 21.26316071 5.00000000
v 11.71096897 18.94593048 5.00000000
v 11.71096897 16.40940857 5.00000000
v 12.74266529 14.09218025 5.00000000
v 14.62767029 12.39491463 5.00000000
v 17.04004669 11.61108589 5.00000000
v 19.56267357 11.87622452 5.00000000
v 21.75936699 13.14448547 5.00000000
v 23.25029755 15.19657612 5.00000000
v -11.57766914 17.67766953 5.00000000
v -12.10504246 20.15876389 5.00000000
v -13.59597301 22.21085358 5.00000000
v -15.79266644 23.47911263 5.00000000
v -18.31529236 23.74425316 5.00000000
v -20.72767067 22.96042442 5.00000000
v -22.61267281 21.26316071 5.00000000
v -23.64436913 18.94593048 5.00000000
v -23.64436913 16.40940857 5.00000000
v -22.61267281 14.09218025 5.00000000
v -20.72767067 12.39491463 5.00000000
v -18.31529236 11.61108589 5.00000000
v -15.79266644 11.87622452 5.00000000
v -13.59597301 13.14448547 5.00000000
v -12.10504246 15.19657612 5.00000000
v -18.31529236 -11.61108589 5.00000000
v -15.79266644 -11.87622452 5.00000000
v -13.59597301 -13.14448547 5.00000000
v -12.10504246 -15.19657612 5.00000000
v -11.57766914 -17.67766953 5.00000000
v -12.10504246 -20.15876389 5.00000000
v -13.59597301 -22.21085358 5.00000000
v -15.79266644 -23.47911263 5.00000000
v -18.31529236 -23.74425316 5.00000000
v -20.72767067 -22.96042442 5.00000000
v -22.61267281 -21.26316071 5.00000000
v -23.64436913 -18.94593048 5.00000000
v -23.64436913 -16.40940857 5.00000000
v -22.61267281 -14.09218025 5.00000000
v -20.72767067 -12.39491463 5.00000000
v 35.65000153 3.73205066 5.00000000
v 34.91794968 3.00000000 5.00000000
v 34.65000153 2.00000000 5.00000000
v 34.91794968 1.00000000 5.00000000
v 35.65000153 0.26794919 5.00000000
v 36.64999771 0.00000000 5.00000000
v 37.65000153 0.26794919 5.00000000
v 38.38204956 1.00000000 5.00000000
v 38.64999771 2.00000000 5.00000000
v 38.38204956 3.00000000 5.00000000
v 37.65000153 3.73205066 5.00000000
v 36.64999771 4.00000000 5.00000000
v -37.65000153 3.73205066 5.00000000
v -38.38204956 3.00000000 5.00000000
v -38.64999771 2.00000000 5.00000000
v -38.38204956 1.00000000 5.00000000
v -37.65000153 0.26794919 5.00000000
v -36.64999771 0.00000000 5.00000000
v -35.65000153 0.26794919 5.00000000
v -34.91794968 1.00000000 5.00000000
v -34.65000153 2.00000000 5.00000000
v -34.91794968 3.00000000 5.00000000
v -35.65000153 3.73205066 5.00000000
v -36.64999771 4.00000000 5.00000000
v 32.13969803 14.30000019 5.00000000
v 40.50000000 14.30000019 5.00000000
v 39.57500076 14.30000019 5.00000000
v 29.49807549 15.87808132 5.00000000
v 30.16605568 15.04063034 5.00000000
v 31.08568192 14.49125385 5.00000000
v -29.49807549 15.87808132 5.00000000
v -29.21383476 16.30858803 5.00000000
v -26.18929863 20.88948441 5.00000000
v -22.03896332 25.22962952 5.00000000
v -11.76982307 31.36433220 5.00000000
v -17.18042755 28.75904846 5.00000000
v 5.98100758 32.96176147 5.00000000
v -0.00000000 33.50000000 5.00000000
v -5.98100758 32.96176147 5.00000000
v 17.18042755 28.75904846 5.00000000
v 11.76982307 31.36433220 5.00000000
v 22.03896332 25.22962952 5.00000000
v 26.18929863 20.88948441 5.00000000
v 29.21383476 16.30858803 5.00000000
v -32.13969803 14.30000019 5.00000000
v -31.08568192 14.49125385 5.00000000
v -30.16605568 15.04063034 5.00000000
v -40.50000000 14.30000019 5.00000000
v -40.50000000 -14.30000019 5.00000000
v -40.50000000 -5.78883457 5.00000000
v -40.50000000 7.78883457 5.00000000
v -32.13969803 -14.30000019 5.00000000
v -29.49807549 -15.87808132 5.00000000
v -30.16605568 -15.04063034 5.00000000
v -31.08568192 -14.49125385 5.00000000
v 29.49807549 -15.87808132 5.00000000
v 29.21383476 -16.30858803 5.00000000
v 26.18929863 -20.88948441 5.00000000
v 22.03896332 -25.22962952 5.00000000
v 17.34591293 -28.63883400 5.00000000
v 17.18042755 -28.75904846 5.00000000
v 11.76982307 -31.36433220 5.00000000
v -5.98100758 -32.96176147 5.00000000
v -0.00000000 -33.50000000 5.00000000
v 5.98100758 -32.96176147 5.00000000
v -26.18929863 -20.88948441 5.00000000
v -22.03896332 -25.22962952 5.00000000
v -17.34591293 -28.63883400 5.00000000
v -17.18042755 -28.75904846 5.00000000
v -11.76982307 -31.36433220 5.00000000
v -29.21383476 -16.30858803 5.00000000
v 32.13969803 -14.30000019 5.00000000
v 31.08568192 -14.49125385 5.00000000
v 30.16605568 -15.04063034 5.00000000
v 39.57500076 -14.30000019 5.00000000
v 40.50000000 -14.30000019 5.00000000
v 40.50000000 -5.78883457 5.00000000
v 40.50000000 7.78883457 5.00000000
v 29.21383476 7.78883457 5.00000000
v 0.00000000 7.78883457 5.00000000
v 0.00000000 -5.78883457 5.00000000
v -29.21383476 7.78883457 5.00000000
v 29.21383476 -5.78883457 5.00000000
v 39.57500076 -5.78883457 5.00000000
v 0.00000000 -28.63883400 5.00000000
v -29.21383476 -5.78883457 5.00000000
v 39.57500076 7.78883457 5.00000000
v 10.00000000 5.07735062 133.10000610
v 10.00000000 3.92264962 133.10000610
v 11.00000000 5.65470076 133.10000610
v 11.00000000 3.34529948 133.10000610
v 12.00000000 5.07735062 133.10000610
v 12.00000000 3.92264962 133.10000610
v 10.00000000 -3.92264962 133.10000610
v 10.00000000 -5.07735062 133.10000610
v 11.00000000 -3.34529948 133.10000610
v 11.00000000 -5.65470076 133.10000610
v 12.00000000 -3.92264962 133.10000610
v 12.00000000 -5.07735062 133.10000610
v -12.00000000 -3.92264962 133.10000610
v -12.00000000 -5.07735062 133.10000610
v -11.00000000 -3.34529948 133.10000610
v -11.00000000 -5.65470076 133.10000610
v -10.00000000 -3.92264962 133.10000610
v -10.00000000 -5.07735062 133.10000610
v -12.00000000 5.07735062 133.10000610
v -12.00000000 3.92264962 133.10000610
v -11.00000000 5.65470076 133.10000610
v -11.00000000 3.34529948 133.10000610
v -10.00000000 5.07735062 133.10000610
v -10.00000000 3.92264962 133.10000610
v 12.00000000 3.92264962 134.69999695
v 12.00000000 5.07735062 134.69999695
v 11.00000000 3.34529948 134.69999695
v 10.00000000 3.92264962 134.69999695
v 10.00000000 5.07735062 134.69999695
v 11.00000000 5.65470076 134.69999695
v 12.00000000 -5.07735062 134.69999695
v 12.00000000 -3.92264962 134.69999695
v 11.00000000 -5.65470076 134.69999695
v 10.00000000 -5.07735062 134.69999695
v 10.00000000 -3.92264962 134.69999695
v 11.00000000 -3.34529948 134.69999695
v -10.00000000 -5.07735062 134.69999695
v -10.00000000 -3.92264962 134.69999695
v -11.00000000 -5.65470076 134.69999695
v -12.00000000 -5.07735062 134.69999695
v -12.00000000 -3.92264962 134.69999695
v -11.00000000 -3.34529948 134.69999695
v -10.00000000 3.92264962 134.69999695
v -10.00000000 5.07735062 134.69999695
v -11.00000000 3.34529948 134.69999695
v -12.00000000 3.92264962 134.69999695
v -12.00000000 5.07735062 134.69999695
v -11.00000000 5.65470076 134.69999695
v 13.27746677 5.24890280 134.69999695
v 13.04792881 5.69686604 134.69999695
v 8.72253323 3.75109720 134.69999695
v 8.95207119 3.30313396 134.69999695
v 13.05605888 3.31880093 134.69999695
v 13.28017330 3.75931597 134.69999695
v 13.30238724 3.89663196 134.69999695
v 13.39999962 4.50000000 134.69999695
v 13.29845238 5.12063742 134.69999695
v 12.20028877 2.45349193 134.69999695
v 11.74347496 2.22074294 134.69999695
v 11.62429810 2.20138788 134.69999695
v 11.00000000 2.09999990 134.69999695
v 12.93701649 3.08481455 134.69999695
v 12.67610073 2.82389879 134.69999695
v 12.41518593 2.56298327 134.69999695
v 8.71982670 5.24068403 134.69999695
v 8.94374466 5.68081188 134.69999695
v 9.32358074 6.17578316 134.69999695
v 9.06298351 5.91518545 134.69999695
v 9.06623554 3.08033180 134.69999695
v 9.32328415 2.82328367 134.69999695
v 9.58033180 2.56623554 134.69999695
v 9.81902218 2.44412541 134.69999695
v 10.25413418 2.22152972 134.69999695
v 10.39681721 2.19828153 134.69999695
v 12.93376446 5.91966820 134.69999695
v 12.67661095 6.17682219 134.69999695
v 12.41966820 6.43376446 134.69999695
v 12.18084717 6.55594158 134.69999695
v 11.74586582 6.77847004 134.69999695
v 11.60303307 6.80174303 134.69999695
v 11.00000000 6.90000010 134.69999695
v 8.69754028 5.10292292 134.69999695
v 8.60000038 4.50000000 134.69999695
v 8.70154667 3.87936258 134.69999695
v 9.58481407 6.43701649 134.69999695
v 9.79944229 6.54637051 134.69999695
v 10.25652504 6.77925730 134.69999695
v 10.37541676 6.79856586 134.69999695
v 13.27746677 -3.75109720 134.69999695
v 13.04792881 -3.30313396 134.69999695
v 13.28017330 -5.24068403 134.69999695
v 13.05605888 -5.68119907 134.69999695
v 12.67610073 -6.17610121 134.69999695
v 12.93701649 -5.91518545 134.69999695
v 13.30238724 -5.10336781 134.69999695
v 13.39999962 -4.50000000 134.69999695
v 13.29845238 -3.87936258 134.69999695
v 12.41518593 -6.43701649 134.69999695
v 12.20028877 -6.54650784 134.69999695
v 11.74347496 -6.77925730 134.69999695
v 11.62429810 -6.79861212 134.69999695
v 11.00000000 -6.90000010 134.69999695
v 10.25413418 -6.77847004 134.69999695
v 10.39681721 -6.80171824 134.69999695
v 8.94374466 -3.31918788 134.69999695
v 8.71982670 -3.75931597 134.69999695
v 12.93376446 -3.08033180 134.69999695
v 12.67661095 -2.82317758 134.69999695
v 12.41966820 -2.56623554 134.69999695
v 8.72253323 -5.24890280 134.69999695
v 8.95207119 -5.69686604 134.69999695
v 9.06623554 -5.91966820 134.69999695
v 9.32328415 -6.17671633 134.69999695
v 9.58033180 -6.43376446 134.69999695
v 9.81902218 -6.55587482 134.69999695
v 8.69754028 -3.89707685 134.69999695
v 8.60000038 -4.50000000 134.69999695
v 8.70154667 -5.12063742 134.69999695
v 9.79944229 -2.45362926 134.69999695
v 10.25652504 -2.22074294 134.69999695
v 10.37541676 -2.20143414 134.69999695
v 11.00000000 -2.09999990 134.69999695
v 9.06298351 -3.08481455 134.69999695
v 9.32358074 -2.82421708 134.69999695
v 9.58481407 -2.56298327 134.69999695
v 12.18084717 -2.44405866 134.69999695
v 11.74586582 -2.22152972 134.69999695
v 11.60303307 -2.19825697 134.69999695
v -8.72253323 -3.75109720 134.69999695
v -8.95207119 -3.30313396 134.69999695
v -13.27746677 -5.24890280 134.69999695
v -13.04792881 -5.69686604 134.69999695
v -8.71982670 -5.24068403 134.69999695
v -8.69761181 -5.10336781 134.69999695
v -8.60000038 -4.50000000 134.69999695
v -8.70154667 -3.87936258 134.69999695
v -8.94394112 -5.68119907 134.69999695
v -9.32389832 -6.17610121 134.69999695
v -9.06298351 -5.91518545 134.69999695
v -9.58481407 -6.43701649 134.69999695
v -9.79971123 -6.54650784 134.69999695
v -10.25652504 -6.77925730 134.69999695
v -10.37570190 -6.79861212 134.69999695
v -11.00000000 -6.90000010 134.69999695
v -12.93376446 -5.91966820 134.69999695
v -12.67671680 -6.17671633 134.69999695
v -12.41966820 -6.43376446 134.69999695
v -12.18097782 -6.55587482 134.69999695
v -11.74586582 -6.77847004 134.69999695
v -11.60318279 -6.80171824 134.69999695
v -13.28017330 -3.75931597 134.69999695
v -13.05625534 -3.31918788 134.69999695
v -12.67641926 -2.82421708 134.69999695
v -12.93701649 -3.08481455 134.69999695
v -9.06623554 -3.08033180 134.69999695
v -9.32338905 -2.82317758 134.69999695
v -9.58033180 -2.56623554 134.69999695
v -9.81915283 -2.44405866 134.69999695
v -10.25413418 -2.22152972 134.69999695
v -10.39696693 -2.19825697 134.69999695
v -11.00000000 -2.09999990 134.69999695
v -13.30245972 -3.89707685 134.69999695
v -13.39999962 -4.50000000 134.69999695
v -13.29845238 -5.12063742 134.69999695
v -12.41518593 -2.56298327 134.69999695
v -12.20055771 -2.45362926 134.69999695
v -11.74347496 -2.22074294 134.69999695
v -11.62458324 -2.20143414 134.69999695
v -13.27746677 3.75109720 134.69999695
v -13.04792881 3.30313396 134.69999695
v -8.94394112 3.31880093 134.69999695
v -8.71982670 3.75931597 134.69999695
v -8.69761181 3.89663196 134.69999695
v -8.60000038 4.50000000 134.69999695
v -8.70154667 5.12063742 134.69999695
v -8.72253323 5.24890280 134.69999695
v -9.79971123 2.45349193 134.69999695
v -10.25652504 2.22074294 134.69999695
v -10.37570190 2.20138788 134.69999695
v -11.00000000 2.09999990 134.69999695
v -9.06298351 3.08481455 134.69999695
v -9.32389832 2.82389879 134.69999695
v -9.58481407 2.56298327 134.69999695
v -12.93376446 3.08033180 134.69999695
v -12.67671680 2.82328367 134.69999695
v -12.41966820 2.56623554 134.69999695
v -12.18097782 2.44412541 134.69999695
v -11.74586582 2.22152972 134.69999695
v -11.60318279 2.19828153 134.69999695
v -13.05625534 5.68081188 134.69999695
v -13.28017330 5.24068403 134.69999695
v -10.25413418 6.77847004 134.69999695
v -10.39696693 6.80174303 134.69999695
v -11.00000000 6.90000010 134.69999695
v -13.30245972 5.10292292 134.69999695
v -13.39999962 4.50000000 134.69999695
v -13.29845238 3.87936258 134.69999695
v -12.20055771 6.54637051 134.69999695
v -11.74347496 6.77925730 134.69999695
v -11.62458324 6.79856586 134.69999695
v -12.93701649 5.91518545 134.69999695
v -12.67641926 6.17578316 134.69999695
v -12.41518593 6.43701649 134.69999695
v -8.95207119 5.69686604 134.69999695
v -9.06623554 5.91966820 134.69999695
v -9.32338905 6.17682219 134.69999695
v -9.58033180 6.43376446 134.69999695
v -9.81915283 6.55594158 134.69999695
v 13.52251244 4.50000000 134.67675781
v 13.50676060 4.50000000 134.68646240
v 13.43978500 3.86248136 134.67904663
v 13.55572987 4.02225113 134.50000000
v 13.60000038 4.50000000 134.50000000
v 13.59060001 4.50000000 134.58442688
v 8.60293102 3.85459614 134.69297791
v 8.42324543 4.50000000 134.62251282
v 8.41353321 4.50000000 134.60676575
v 8.51189899 3.83008599 134.62393188
v 11.00000000 1.92094362 134.62393188
v 11.00000000 1.94393396 134.65606689
v 10.35442066 2.02913761 134.65606689
v 13.48423290 4.50000000 134.68931580
v 13.40185738 3.87239170 134.69297791
v 13.15319252 3.26461315 134.69297791
v 12.83351231 2.66648769 134.58470154
v 13.24702835 3.21077561 134.58470154
v 12.82366848 2.67633176 134.62393188
v 13.23496246 3.21769762 134.62393188
v 12.80741215 2.69258833 134.65606689
v 13.21504021 3.22912836 134.65606689
v 12.75694561 2.74305415 134.69297791
v 12.30925655 2.26448989 134.58470154
v 12.30222702 2.27649260 134.62393188
v 12.29061890 2.29631352 134.65606689
v 12.25458241 2.35784411 134.69297791
v 11.64898586 2.10391212 134.69297791
v 11.00000000 1.90702176 134.58470154
v 10.34861469 2.00691342 134.62393188
v 11.00000000 2.01530361 134.69297791
v 10.37244701 2.09812808 134.69297791
v 9.76466179 2.34677958 134.69297791
v 9.24305439 2.74305415 134.69297791
v 13.18719292 3.24510527 134.67904663
v 12.78468990 2.71531057 134.67904663
v 12.27439404 2.32401752 134.67904663
v 11.65923405 2.06607580 134.67904663
v 11.00000000 1.97606790 134.67904663
v 10.36253738 2.06020021 134.67904663
v 9.74515438 2.31277823 134.67904663
v 9.21531010 2.71531057 134.67904663
v 8.85595417 3.24867749 134.69297791
v 8.82209778 3.22891808 134.67904663
v 8.56507969 3.84440470 134.67904663
v 9.72917843 2.28493118 134.65606689
v 9.71774864 2.26500797 134.62393188
v 9.19258881 2.69258833 134.65606689
v 9.17633152 2.67633176 134.62393188
v 8.79436874 3.21273518 134.65606689
v 8.77453041 3.20115685 134.62393188
v 8.53407955 3.83605790 134.65606689
v 8.44393349 4.50000000 134.65606689
v 10.34509850 1.99345565 134.58470154
v 9.71082687 2.25294328 134.58470154
v 9.16648769 2.66648769 134.58470154
v 8.76251698 3.19414568 134.58470154
v 8.49846840 3.82646990 134.58470154
v 8.41067791 4.50000000 134.58422852
v 8.47794151 4.50000000 134.67582703
v 8.50044632 4.50000000 134.68891907
v 8.51556873 4.50000000 134.69059753
v 13.50652885 3.84504104 134.58470154
v 13.48990440 3.85233712 134.50000000
v 13.58891773 4.50000000 134.59954834
v 13.49307156 3.84855771 134.62393188
v 13.57583427 4.50000000 134.62205505
v 13.47084713 3.85436463 134.65606689
v 13.55606556 4.50000000 134.65606689
v 13.24172020 3.21169782 134.50000000
v 11.71152401 1.99925339 134.50000000
v 12.29675484 2.29066372 134.50000000
v 12.56684971 2.42515516 134.50000000
v 12.80781174 2.68947768 134.50000000
v 13.21056461 3.13127637 134.50000000
v 11.67877865 1.99621892 134.50000000
v 11.67726803 1.99949205 134.58470154
v 11.67363167 2.01291728 134.62393188
v 11.66762733 2.03508782 134.65606689
v 10.99693871 1.93303728 134.50000000
v 9.07857704 2.74839139 134.50000000
v 9.17317486 2.67695355 134.50000000
v 9.72018433 2.26387215 134.50000000
v 9.84107971 2.17257524 134.50000000
v 10.35464478 2.02645350 134.50000000
v 10.76010227 1.91109121 134.50000000
v 8.79137897 3.21223140 134.50000000
v 8.57557297 3.56077170 134.50000000
v 8.52507877 3.83088660 134.50000000
v 8.39999962 4.50000000 134.50000000
v 8.49334526 5.15448570 134.58470154
v 8.52145672 5.14973450 134.50000000
v 13.39706898 5.14540386 134.69297791
v 13.48810101 5.16991425 134.62393188
v 13.46592140 5.16394186 134.65606689
v 9.17599010 6.32332659 134.62393188
v 9.19224930 6.30707264 134.65606689
v 9.70910168 6.70352459 134.65606689
v 8.76480579 5.78189659 134.62393188
v 8.78473091 5.77046919 134.65606689
v 8.52902889 5.14516878 134.65606689
v 8.50680351 5.15097189 134.62393188
v 8.59802246 5.12715483 134.69297791
v 8.84658432 5.73499584 134.69297791
v 8.56009293 5.13705826 134.67904663
v 9.24272442 6.25661612 134.69297791
v 9.74514580 6.64199829 134.69297791
v 10.35072422 6.89600849 134.69297791
v 10.99969006 6.98469687 134.69297791
v 11.62740040 6.90191221 134.69297791
v 12.23520660 6.65329552 134.69297791
v 9.69749165 6.72334385 134.62393188
v 10.33207512 6.96483040 134.65606689
v 10.32606697 6.98699999 134.62393188
v 10.99968052 7.05606604 134.65606689
v 10.99967766 7.07905626 134.62393188
v 11.64542103 6.97090387 134.65606689
v 11.65122700 6.99312830 134.62393188
v 12.27068615 6.71514606 134.65606689
v 12.28211498 6.73506975 134.62393188
v 12.80729866 6.30752468 134.65606689
v 12.82355499 6.32378244 134.62393188
v 8.75273991 5.78881598 134.58470154
v 9.16614342 6.33316851 134.58470154
v 9.69046116 6.73534584 134.58470154
v 10.32242966 7.00042486 134.58470154
v 10.99967575 7.09297848 134.58470154
v 11.65474224 7.00658655 134.58470154
v 12.28903580 6.74713516 134.58470154
v 12.83339787 6.33362722 134.58470154
v 12.75683594 6.25705576 134.69297791
v 8.81258011 5.75449753 134.67904663
v 9.21497631 6.28435469 134.67904663
v 9.72533131 6.67582273 134.67904663
v 10.34047222 6.93384314 134.67904663
v 10.99968433 7.02393198 134.67904663
v 11.63730812 6.93984032 134.67904663
v 12.25471115 6.68729782 134.67904663
v 12.78457832 6.28480101 134.67904663
v 13.14404583 5.75132227 134.69297791
v 13.17790222 5.77108192 134.67904663
v 13.43492031 5.15559530 134.67904663
v 13.50153160 5.17353010 134.58470154
v 8.57557297 5.43922853 134.50000000
v 9.84107971 6.82742453 134.50000000
v 9.70153141 6.72204256 134.50000000
v 9.17279053 6.32275534 134.50000000
v 9.07857704 6.25160837 134.50000000
v 8.78101540 5.77103090 134.50000000
v 10.33200169 6.96710348 134.50000000
v 10.76010227 7.08890915 134.50000000
v 10.99661636 7.06699276 134.50000000
v 11.65582371 7.00590801 134.50000000
v 13.21056461 5.86872339 134.50000000
v 12.80770302 6.31064224 134.50000000
v 12.56684971 6.57484484 134.50000000
v 12.27585697 6.71974230 134.50000000
v 11.71152401 7.00074673 134.50000000
v 13.23485374 5.80602503 134.50000000
v 13.23748302 5.80585432 134.58470154
v 13.22546959 5.79884338 134.62393188
v 13.20563030 5.78726482 134.65606689
v 13.48297882 5.16554260 134.50000000
v 13.55572987 4.97774887 134.50000000
v 8.47748756 -4.50000000 134.67675781
v 8.49323940 -4.50000000 134.68646240
v 8.56009293 -3.86294174 134.67904663
v 8.49334526 -3.84551406 134.58470154
v 8.52145672 -3.85026550 134.50000000
v 8.39999962 -4.50000000 134.50000000
v 13.39706898 -3.85459614 134.69297791
v 9.17599010 -2.67667365 134.62393188
v 9.19224930 -2.69292736 134.65606689
v 9.70910168 -2.29647541 134.65606689
v 8.76480579 -3.21810341 134.62393188
v 8.78473091 -3.22953081 134.65606689
v 8.51576710 -4.50000000 134.68931580
v 8.59802246 -3.87284517 134.69297791
v 8.52902889 -3.85483098 134.65606689
v 8.50680351 -3.84902787 134.62393188
v 8.84658432 -3.26500440 134.69297791
v 9.24272442 -2.74338365 134.69297791
v 9.74514580 -2.35800147 134.69297791
v 10.35072422 -2.10399175 134.69297791
v 10.99969006 -2.01530361 134.69297791
v 11.62740040 -2.09808779 134.69297791
v 12.23520660 -2.34670472 134.69297791
v 9.69749165 -2.27665591 134.62393188
v 10.33207512 -2.03516984 134.65606689
v 10.32606697 -2.01300001 134.62393188
v 10.99968052 -1.94393396 134.65606689
v 10.99967766 -1.92094362 134.62393188
v 11.64542103 -2.02909613 134.65606689
v 11.65122700 -2.00687170 134.62393188
v 12.27068615 -2.28485417 134.65606689
v 12.28211498 -2.26493025 134.62393188
v 12.80729866 -2.69247556 134.65606689
v 12.82355499 -2.67621779 134.62393188
v 8.75273991 -3.21118379 134.58470154
v 9.16614342 -2.66683125 134.58470154
v 9.69046116 -2.26465416 134.58470154
v 10.32242966 -1.99957514 134.58470154
v 10.99967575 -1.90702176 134.58470154
v 11.65474224 -1.99341357 134.58470154
v 12.28903580 -2.25286508 134.58470154
v 12.83339787 -2.66637278 134.58470154
v 12.75683594 -2.74294448 134.69297791
v 8.81258011 -3.24550271 134.67904663
v 9.21497631 -2.71564507 134.67904663
v 9.72533131 -2.32417750 134.67904663
v 10.34047222 -2.06615686 134.67904663
v 10.99968433 -1.97606790 134.67904663
v 11.63730812 -2.06015944 134.67904663
v 12.25471115 -2.31270218 134.67904663
v 12.78457832 -2.71519899 134.67904663
v 13.14404583 -3.24867749 134.69297791
v 13.17790222 -3.22891808 134.67904663
v 13.43492031 -3.84440470 134.67904663
v 13.48810101 -3.83008599 134.62393188
v 13.46592140 -3.83605790 134.65606689
v 13.55606556 -4.50000000 134.65606689
v 13.58932209 -4.50000000 134.58422852
v 13.50153160 -3.82646990 134.58470154
v 13.58646584 -4.50000000 134.60676575
v 13.57675457 -4.50000000 134.62251282
v 13.52205849 -4.50000000 134.67582703
v 13.49955368 -4.50000000 134.68891907
v 13.48443127 -4.50000000 134.69059753
v 8.40939999 -4.50000000 134.58442688
v 8.41108227 -4.50000000 134.59954834
v 8.42416573 -4.50000000 134.62205505
v 8.44393349 -4.50000000 134.65606689
v 8.57557297 -3.56077170 134.50000000
v 9.84107971 -2.17257524 134.50000000
v 9.70153141 -2.27795768 134.50000000
v 9.17279053 -2.67724466 134.50000000
v 9.07857704 -2.74839139 134.50000000
v 8.78101540 -3.22896910 134.50000000
v 10.33200169 -2.03289628 134.50000000
v 10.76010227 -1.91109121 134.50000000
v 10.99661636 -1.93300736 134.50000000
v 11.65582371 -1.99409199 134.50000000
v 13.21056461 -3.13127637 134.50000000
v 12.80770302 -2.68935776 134.50000000
v 12.56684971 -2.42515516 134.50000000
v 12.27585697 -2.28025770 134.50000000
v 11.71152401 -1.99925339 134.50000000
v 13.23485374 -3.19397497 134.50000000
v 13.23748302 -3.19414568 134.58470154
v 13.22546959 -3.20115685 134.62393188
v 13.20563030 -3.21273518 134.65606689
v 13.48297882 -3.83445764 134.50000000
v 13.60000038 -4.50000000 134.50000000
v 13.55572987 -4.02225113 134.50000000
v 8.60293102 -5.14540386 134.69297791
v 11.00000000 -7.07905626 134.62393188
v 11.00000000 -7.05606604 134.65606689
v 10.35442066 -6.97086239 134.65606689
v 13.40185738 -5.12760830 134.69297791
v 13.15319252 -5.73538733 134.69297791
v 13.43978500 -5.13751841 134.67904663
v 12.83351231 -6.33351278 134.58470154
v 13.24702835 -5.78922462 134.58470154
v 12.82366848 -6.32366800 134.62393188
v 13.23496246 -5.78230238 134.62393188
v 12.80741215 -6.30741167 134.65606689
v 13.21504021 -5.77087212 134.65606689
v 12.75694561 -6.25694609 134.69297791
v 12.30925655 -6.73551035 134.58470154
v 12.30222702 -6.72350740 134.62393188
v 12.29061890 -6.70368624 134.65606689
v 12.25458241 -6.64215612 134.69297791
v 11.64898586 -6.89608812 134.69297791
v 11.00000000 -7.09297848 134.58470154
v 10.34861469 -6.99308634 134.62393188
v 11.00000000 -6.98469687 134.69297791
v 10.37244701 -6.90187168 134.69297791
v 9.76466179 -6.65322018 134.69297791
v 9.24305439 -6.25694609 134.69297791
v 9.72917843 -6.71506882 134.65606689
v 9.71774864 -6.73499203 134.62393188
v 9.19258881 -6.30741167 134.65606689
v 9.17633152 -6.32366800 134.62393188
v 8.79436874 -5.78726482 134.65606689
v 8.77453041 -5.79884338 134.62393188
v 8.53407955 -5.16394186 134.65606689
v 8.51189899 -5.16991425 134.62393188
v 13.18719292 -5.75489473 134.67904663
v 12.78468990 -6.28468943 134.67904663
v 12.27439404 -6.67598248 134.67904663
v 11.65923405 -6.93392420 134.67904663
v 11.00000000 -7.02393198 134.67904663
v 10.36253738 -6.93979931 134.67904663
v 9.74515438 -6.68722153 134.67904663
v 9.21531010 -6.28468943 134.67904663
v 8.85595417 -5.75132227 134.69297791
v 8.82209778 -5.77108192 134.67904663
v 8.56507969 -5.15559530 134.67904663
v 10.34509850 -7.00654411 134.58470154
v 9.71082687 -6.74705696 134.58470154
v 9.16648769 -6.33351278 134.58470154
v 8.76251698 -5.80585432 134.58470154
v 8.49846840 -5.17353010 134.58470154
v 13.50652885 -5.15495872 134.58470154
v 13.48990440 -5.14766312 134.50000000
v 13.55572987 -4.97774887 134.50000000
v 13.47084713 -5.14563560 134.65606689
v 13.49307156 -5.15144253 134.62393188
v 13.24172020 -5.78830194 134.50000000
v 11.71152401 -7.00074673 134.50000000
v 12.29675484 -6.70933628 134.50000000
v 12.56684971 -6.57484484 134.50000000
v 12.80781174 -6.31052208 134.50000000
v 13.21056461 -5.86872339 134.50000000
v 11.67877865 -7.00378084 134.50000000
v 11.67726803 -7.00050783 134.58470154
v 11.67363167 -6.98708296 134.62393188
v 11.66762733 -6.96491194 134.65606689
v 10.99693871 -7.06696272 134.50000000
v 9.07857704 -6.25160837 134.50000000
v 9.17317486 -6.32304668 134.50000000
v 9.72018433 -6.73612785 134.50000000
v 9.84107971 -6.82742453 134.50000000
v 10.35464478 -6.97354650 134.50000000
v 10.76010227 -7.08890915 134.50000000
v 8.79137897 -5.78776836 134.50000000
v 8.57557297 -5.43922853 134.50000000
v 8.52507877 -5.16911364 134.50000000
v -8.47748756 -4.50000000 134.67675781
v -8.49323940 -4.50000000 134.68646240
v -8.56021500 -5.13751841 134.67904663
v -8.44427013 -4.97774887 134.50000000
v -8.39999962 -4.50000000 134.50000000
v -8.40939999 -4.50000000 134.58442688
v -13.39706898 -5.14540386 134.69297791
v -13.57675457 -4.50000000 134.62251282
v -13.58646584 -4.50000000 134.60676575
v -13.48810101 -5.16991425 134.62393188
v -11.00000000 -7.07905626 134.62393188
v -11.00000000 -7.05606604 134.65606689
v -11.64557838 -6.97086239 134.65606689
v -8.51576710 -4.50000000 134.68931580
v -8.59814262 -5.12760830 134.69297791
v -8.84680748 -5.73538733 134.69297791
v -9.16648769 -6.33351278 134.58470154
v -8.75297260 -5.78922462 134.58470154
v -9.17633152 -6.32366800 134.62393188
v -8.76503754 -5.78230238 134.62393188
v -9.19258881 -6.30741167 134.65606689
v -8.78495979 -5.77087212 134.65606689
v -9.24305439 -6.25694609 134.69297791
v -9.69074249 -6.73551035 134.58470154
v -9.69777298 -6.72350740 134.62393188
v -9.70938015 -6.70368624 134.65606689
v -9.74541759 -6.64215612 134.69297791
v -10.35101414 -6.89608812 134.69297791
v -11.00000000 -7.09297848 134.58470154
v -11.65138531 -6.99308634 134.62393188
v -11.00000000 -6.98469687 134.69297791
v -11.62755299 -6.90187168 134.69297791
v -12.23533821 -6.65322018 134.69297791
v -12.75694561 -6.25694609 134.69297791
v -8.81280613 -5.75489473 134.67904663
v -9.21531010 -6.28468943 134.67904663
v -9.72560596 -6.67598248 134.67904663
v -10.34076595 -6.93392420 134.67904663
v -11.00000000 -7.02393198 134.67904663
v -11.63746262 -6.93979931 134.67904663
v -12.25484562 -6.68722153 134.67904663
v -12.78468990 -6.28468943 134.67904663
v -13.14404583 -5.75132227 134.69297791
v -13.17790222 -5.77108192 134.67904663
v -13.43492031 -5.15559530 134.67904663
v -12.27082157 -6.71506882 134.65606689
v -12.28225136 -6.73499203 134.62393188
v -12.80741215 -6.30741167 134.65606689
v -12.82366848 -6.32366800 134.62393188
v -13.20563030 -5.78726482 134.65606689
v -13.22546959 -5.79884338 134.62393188
v -13.46592140 -5.16394186 134.65606689
v -13.55606556 -4.50000000 134.65606689
v -11.65490150 -7.00654411 134.58470154
v -12.28917313 -6.74705696 134.58470154
v -12.83351231 -6.33351278 134.58470154
v -13.23748302 -5.80585432 134.58470154
v -13.50153160 -5.17353010 134.58470154
v -13.58932209 -4.50000000 134.58422852
v -13.52205849 -4.50000000 134.67582703
v -13.49955368 -4.50000000 134.68891907
v -13.48443127 -4.50000000 134.69059753
v -8.49347115 -5.15495872 134.58470154
v -8.51009464 -5.14766312 134.50000000
v -8.41108227 -4.50000000 134.59954834
v -8.50692844 -5.15144253 134.62393188
v -8.42416573 -4.50000000 134.62205505
v -8.52915287 -5.14563560 134.65606689
v -8.44393349 -4.50000000 134.65606689
v -8.75828075 -5.78830194 134.50000000
v -10.28847599 -7.00074673 134.50000000
v -9.70324516 -6.70933628 134.50000000
v -9.43315029 -6.57484484 134.50000000
v -9.19218826 -6.31052208 134.50000000
v -8.78943539 -5.86872339 134.50000000
v -10.32122231 -7.00378084 134.50000000
v -10.32273197 -7.00050783 134.58470154
v -10.32636738 -6.98708296 134.62393188
v -10.33237267 -6.96491194 134.65606689
v -11.00306129 -7.06696272 134.50000000
v -12.92142296 -6.25160837 134.50000000
v -12.82682419 -6.32304668 134.50000000
v -12.27981567 -6.73612785 134.50000000
v -12.15892029 -6.82742453 134.50000000
v -11.64535522 -6.97354650 134.50000000
v -11.23989773 -7.08890915 134.50000000
v -13.20862103 -5.78776836 134.50000000
v -13.42442799 -5.43922853 134.50000000
v -13.47492123 -5.16911364 134.50000000
v -13.60000038 -4.50000000 134.50000000
v -13.50665474 -3.84551406 134.58470154
v -13.47854328 -3.85026550 134.50000000
v -8.60293102 -3.85459614 134.69297791
v -8.51189899 -3.83008599 134.62393188
v -8.53407955 -3.83605790 134.65606689
v -12.82400990 -2.67667365 134.62393188
v -12.80774975 -2.69292736 134.65606689
v -12.29089737 -2.29647541 134.65606689
v -13.23519421 -3.21810341 134.62393188
v -13.21526909 -3.22953081 134.65606689
v -13.47097111 -3.85483098 134.65606689
v -13.49319649 -3.84902787 134.62393188
v -13.40197754 -3.87284517 134.69297791
v -13.15341473 -3.26500440 134.69297791
v -13.43990707 -3.86294174 134.67904663
v -12.75727558 -2.74338365 134.69297791
v -12.25485420 -2.35800147 134.69297791
v -11.64927578 -2.10399175 134.69297791
v -11.00031090 -2.01530361 134.69297791
v -10.37259960 -2.09808779 134.69297791
v -9.76479340 -2.34670472 134.69297791
v -12.30250835 -2.27665591 134.62393188
v -11.66792583 -2.03516984 134.65606689
v -11.67393303 -2.01300001 134.62393188
v -11.00031948 -1.94393396 134.65606689
v -11.00032234 -1.92094362 134.62393188
v -10.35457802 -2.02909613 134.65606689
v -10.34877396 -2.00687170 134.62393188
v -9.72931385 -2.28485417 134.65606689
v -9.71788502 -2.26493025 134.62393188
v -9.19270134 -2.69247556 134.65606689
v -9.17644596 -2.67621779 134.62393188
v -13.24726009 -3.21118379 134.58470154
v -12.83385563 -2.66683125 134.58470154
v -12.30953979 -2.26465416 134.58470154
v -11.67757034 -1.99957514 134.58470154
v -11.00032425 -1.90702176 134.58470154
v -10.34525776 -1.99341357 134.58470154
v -9.71096420 -2.25286508 134.58470154
v -9.16660213 -2.66637278 134.58470154
v -9.24316406 -2.74294448 134.69297791
v -13.18741989 -3.24550271 134.67904663
v -12.78502369 -2.71564507 134.67904663
v -12.27466965 -2.32417750 134.67904663
v -11.65952778 -2.06615686 134.67904663
v -11.00031567 -1.97606790 134.67904663
v -10.36269188 -2.06015944 134.67904663
v -9.74528885 -2.31270218 134.67904663
v -9.21542168 -2.71519899 134.67904663
v -8.85595417 -3.24867749 134.69297791
v -8.82209778 -3.22891808 134.67904663
v -8.56507969 -3.84440470 134.67904663
v -8.49846840 -3.82646990 134.58470154
v -13.42442799 -3.56077170 134.50000000
v -12.15892029 -2.17257524 134.50000000
v -12.29846859 -2.27795768 134.50000000
v -12.82721043 -2.67724466 134.50000000
v -12.92142296 -2.74839139 134.50000000
v -13.21898365 -3.22896910 134.50000000
v -11.66799831 -2.03289628 134.50000000
v -11.23989773 -1.91109121 134.50000000
v -11.00338364 -1.93300736 134.50000000
v -10.34417629 -1.99409199 134.50000000
v -8.78943539 -3.13127637 134.50000000
v -9.19229698 -2.68935776 134.50000000
v -9.43315029 -2.42515516 134.50000000
v -9.72414303 -2.28025770 134.50000000
v -10.28847599 -1.99925339 134.50000000
v -8.76514626 -3.19397497 134.50000000
v -8.76251698 -3.19414568 134.58470154
v -8.77453041 -3.20115685 134.62393188
v -8.79436874 -3.21273518 134.65606689
v -8.51702118 -3.83445764 134.50000000
v -8.44427013 -4.02225113 134.50000000
v -13.52251244 4.50000000 134.67675781
v -13.50676060 4.50000000 134.68646240
v -13.43990707 5.13705826 134.67904663
v -13.50665474 5.15448570 134.58470154
v -13.47854328 5.14973450 134.50000000
v -13.60000038 4.50000000 134.50000000
v -8.60293102 5.14540386 134.69297791
v -12.82400990 6.32332659 134.62393188
v -12.80774975 6.30707264 134.65606689
v -12.29089737 6.70352459 134.65606689
v -13.23519421 5.78189659 134.62393188
v -13.21526909 5.77046919 134.65606689
v -13.48423290 4.50000000 134.68931580
v -13.40197754 5.12715483 134.69297791
v -13.47097111 5.14516878 134.65606689
v -13.49319649 5.15097189 134.62393188
v -13.15341473 5.73499584 134.69297791
v -12.75727558 6.25661612 134.69297791
v -12.25485420 6.64199829 134.69297791
v -11.64927578 6.89600849 134.69297791
v -11.00031090 6.98469687 134.69297791
v -10.37259960 6.90191221 134.69297791
v -9.76479340 6.65329552 134.69297791
v -12.30250835 6.72334385 134.62393188
v -11.66792583 6.96483040 134.65606689
v -11.67393303 6.98699999 134.62393188
v -11.00031948 7.05606604 134.65606689
v -11.00032234 7.07905626 134.62393188
v -10.35457802 6.97090387 134.65606689
v -10.34877396 6.99312830 134.62393188
v -9.72931385 6.71514606 134.65606689
v -9.71788502 6.73506975 134.62393188
v -9.19270134 6.30752468 134.65606689
v -9.17644596 6.32378244 134.62393188
v -13.24726009 5.78881598 134.58470154
v -12.83385563 6.33316851 134.58470154
v -12.30953979 6.73534584 134.58470154
v -11.67757034 7.00042486 134.58470154
v -11.00032425 7.09297848 134.58470154
v -10.34525776 7.00658655 134.58470154
v -9.71096420 6.74713516 134.58470154
v -9.16660213 6.33362722 134.58470154
v -9.24316406 6.25705576 134.69297791
v -13.18741989 5.75449753 134.67904663
v -12.78502369 6.28435469 134.67904663
v -12.27466965 6.67582273 134.67904663
v -11.65952778 6.93384314 134.67904663
v -11.00031567 7.02393198 134.67904663
v -10.36269188 6.93984032 134.67904663
v -9.74528885 6.68729782 134.67904663
v -9.21542168 6.28480101 134.67904663
v -8.85595417 5.75132227 134.69297791
v -8.82209778 5.77108192 134.67904663
v -8.56507969 5.15559530 134.67904663
v -8.51189899 5.16991425 134.62393188
v -8.53407955 5.16394186 134.65606689
v -8.44393349 4.50000000 134.65606689
v -8.41067791 4.50000000 134.58422852
v -8.49846840 5.17353010 134.58470154
v -8.41353321 4.50000000 134.60676575
v -8.42324543 4.50000000 134.62251282
v -8.47794151 4.50000000 134.67582703
v -8.50044632 4.50000000 134.68891907
v -8.51556873 4.50000000 134.69059753
v -13.59060001 4.50000000 134.58442688
v -13.58891773 4.50000000 134.59954834
v -13.57583427 4.50000000 134.62205505
v -13.55606556 4.50000000 134.65606689
v -13.42442799 5.43922853 134.50000000
v -12.15892029 6.82742453 134.50000000
v -12.29846859 6.72204256 134.50000000
v -12.82721043 6.32275534 134.50000000
v -12.92142296 6.25160837 134.50000000
v -13.21898365 5.77103090 134.50000000
v -11.66799831 6.96710348 134.50000000
v -11.23989773 7.08890915 134.50000000
v -11.00338364 7.06699276 134.50000000
v -10.34417629 7.00590801 134.50000000
v -8.78943539 5.86872339 134.50000000
v -9.19229698 6.31064224 134.50000000
v -9.43315029 6.57484484 134.50000000
v -9.72414303 6.71974230 134.50000000
v -10.28847599 7.00074673 134.50000000
v -8.76514626 5.80602503 134.50000000
v -8.76251698 5.80585432 134.58470154
v -8.77453041 5.79884338 134.62393188
v -8.79436874 5.78726482 134.65606689
v -8.51702118 5.16554260 134.50000000
v -8.39999962 4.50000000 134.50000000
v -8.44427013 4.97774887 134.50000000
v -13.39706898 3.85459614 134.69297791
v -11.00000000 1.92094362 134.62393188
v -11.00000000 1.94393396 134.65606689
v -11.64557838 2.02913761 134.65606689
v -8.59814262 3.87239170 134.69297791
v -8.84680748 3.26461315 134.69297791
v -8.56021500 3.86248136 134.67904663
v -9.16648769 2.66648769 134.58470154
v -8.75297260 3.21077561 134.58470154
v -9.17633152 2.67633176 134.62393188
v -8.76503754 3.21769762 134.62393188
v -9.19258881 2.69258833 134.65606689
v -8.78495979 3.22912836 134.65606689
v -9.24305439 2.74305415 134.69297791
v -9.69074249 2.26448989 134.58470154
v -9.69777298 2.27649260 134.62393188
v -9.70938015 2.29631352 134.65606689
v -9.74541759 2.35784411 134.69297791
v -10.35101414 2.10391212 134.69297791
v -11.00000000 1.90702176 134.58470154
v -11.65138531 2.00691342 134.62393188
v -11.00000000 2.01530361 134.69297791
v -11.62755299 2.09812808 134.69297791
v -12.23533821 2.34677958 134.69297791
v -12.75694561 2.74305415 134.69297791
v -12.27082157 2.28493118 134.65606689
v -12.28225136 2.26500797 134.62393188
v -12.80741215 2.69258833 134.65606689
v -12.82366848 2.67633176 134.62393188
v -13.20563030 3.21273518 134.65606689
v -13.22546959 3.20115685 134.62393188
v -13.46592140 3.83605790 134.65606689
v -13.48810101 3.83008599 134.62393188
v -8.81280613 3.24510527 134.67904663
v -9.21531010 2.71531057 134.67904663
v -9.72560596 2.32401752 134.67904663
v -10.34076595 2.06607580 134.67904663
v -11.00000000 1.97606790 134.67904663
v -11.63746262 2.06020021 134.67904663
v -12.25484562 2.31277823 134.67904663
v -12.78468990 2.71531057 134.67904663
v -13.14404583 3.24867749 134.69297791
v -13.17790222 3.22891808 134.67904663
v -13.43492031 3.84440470 134.67904663
v -11.65490150 1.99345565 134.58470154
v -12.28917313 2.25294328 134.58470154
v -12.83351231 2.66648769 134.58470154
v -13.23748302 3.19414568 134.58470154
v -13.50153160 3.82646990 134.58470154
v -8.49347115 3.84504104 134.58470154
v -8.51009464 3.85233712 134.50000000
v -8.44427013 4.02225113 134.50000000
v -8.52915287 3.85436463 134.65606689
v -8.50692844 3.84855771 134.62393188
v -8.75828075 3.21169782 134.50000000
v -10.28847599 1.99925339 134.50000000
v -9.70324516 2.29066372 134.50000000
v -9.43315029 2.42515516 134.50000000
v -9.19218826 2.68947768 134.50000000
v -8.78943539 3.13127637 134.50000000
v -10.32122231 1.99621892 134.50000000
v -10.32273197 1.99949205 134.58470154
v -10.32636738 2.01291728 134.62393188
v -10.33237267 2.03508782 134.65606689
v -11.00306129 1.93303728 134.50000000
v -12.92142296 2.74839139 134.50000000
v -12.82682419 2.67695355 134.50000000
v -12.27981567 2.26387215 134.50000000
v -12.15892029 2.17257524 134.50000000
v -11.64535522 2.02645350 134.50000000
v -11.23989773 1.91109121 134.50000000
v -13.20862103 3.21223140 134.50000000
v -13.42442799 3.56077170 134.50000000
v -13.47492123 3.83088660 134.50000000
v 8.39999962 4.50000000 131.40000916
v 8.57557297 3.56077170 131.40000916
v 9.07857704 2.74839139 131.40000916
v 9.84107971 2.17257524 131.40000916
v 10.76010227 1.91109121 131.40000916
v 11.71152401 1.99925339 131.40000916
v 12.56684971 2.42515516 131.40000916
v 13.21056461 3.13127637 131.40000916
v 13.55572987 4.02225113 131.40000916
v 13.55572987 4.97774887 131.40000916
v 13.21056461 5.86872339 131.40000916
v 12.56684971 6.57484484 131.40000916
v 11.71152401 7.00074673 131.40000916
v 10.76010227 7.08890915 131.40000916
v 9.84107971 6.82742453 131.40000916
v 9.07857704 6.25160837 131.40000916
v 8.57557297 5.43922853 131.40000916
v 8.39999962 -4.50000000 131.40000916
v 8.57557297 -5.43922853 131.40000916
v 9.07857704 -6.25160837 131.40000916
v 9.84107971 -6.82742453 131.40000916
v 10.76010227 -7.08890915 131.40000916
v 11.71152401 -7.00074673 131.40000916
v 12.56684971 -6.57484484 131.40000916
v 13.21056461 -5.86872339 131.40000916
v 13.55572987 -4.97774887 131.40000916
v 13.55572987 -4.02225113 131.40000916
v 13.21056461 -3.13127637 131.40000916
v 12.56684971 -2.42515516 131.40000916
v 11.71152401 -1.99925339 131.40000916
v 10.76010227 -1.91109121 131.40000916
v 9.84107971 -2.17257524 131.40000916
v 9.07857704 -2.74839139 131.40000916
v 8.57557297 -3.56077170 131.40000916
v -13.60000038 -4.50000000 131.40000916
v -13.42442799 -5.43922853 131.40000916
v -12.92142296 -6.25160837 131.40000916
v -12.15892029 -6.82742453 131.40000916
v -11.23989773 -7.08890915 131.40000916
v -10.28847599 -7.00074673 131.40000916
v -9.43315029 -6.57484484 131.40000916
v -8.78943539 -5.86872339 131.40000916
v -8.44427013 -4.97774887 131.40000916
v -8.44427013 -4.02225113 131.40000916
v -8.78943539 -3.13127637 131.40000916
v -9.43315029 -2.42515516 131.40000916
v -10.28847599 -1.99925339 131.40000916
v -11.23989773 -1.91109121 131.40000916
v -12.15892029 -2.17257524 131.40000916
v -12.92142296 -2.74839139 131.40000916
v -13.42442799 -3.56077170 131.40000916
v -13.60000038 4.50000000 131.40000916
v -13.42442799 3.56077170 131.40000916
v -12.92142296 2.74839139 131.40000916
v -12.15892029 2.17257524 131.40000916
v -11.23989773 1.91109121 131.40000916
v -10.28847599 1.99925339 131.40000916
v -9.43315029 2.42515516 131.40000916
v -8.78943539 3.13127637 131.40000916
v -8.44427013 4.02225113 131.40000916
v -8.44427013 4.97774887 131.40000916
v -8.78943539 5.86872339 131.40000916
v -9.43315029 6.57484484 131.40000916
v -10.28847599 7.00074673 131.40000916
v -11.23989773 7.08890915 131.40000916
v -12.15892029 6.82742453 131.40000916
v -12.92142296 6.25160837 131.40000916
v -13.42442799 5.43922853 131.40000916
v 12.42500019 2.03182769 131.40000916
v 13.18322659 2.66805530 131.40000916
v 13.67812443 3.52524257 131.40000916
v 13.84999943 4.50000000 131.40000916
v 13.67812443 5.47475719 131.40000916
v 13.18322659 6.33194494 131.40000916
v 12.42500019 6.96817207 131.40000916
v 11.49489689 7.30670214 131.40000916
v 10.50510216 7.30670214 131.40000916
v 9.57499981 6.96817207 131.40000916
v 8.81677341 6.33194494 131.40000916
v 8.32187557 5.47475719 131.40000916
v 8.15000057 4.50000000 131.40000916
v 8.32187557 3.52524257 131.40000916
v 8.81677341 2.66805530 131.40000916
v 9.57499981 2.03182769 131.40000916
v 10.50510216 1.69329786 131.40000916
v 11.49489689 1.69329786 131.40000916
v 12.42500019 -6.96817207 131.40000916
v 13.18322659 -6.33194494 131.40000916
v 13.67812443 -5.47475719 131.40000916
v 13.84999943 -4.50000000 131.40000916
v 13.67812443 -3.52524257 131.40000916
v 13.18322659 -2.66805530 131.40000916
v 12.42500019 -2.03182769 131.40000916
v 11.49489689 -1.69329786 131.40000916
v 10.50510216 -1.69329786 131.40000916
v 9.57499981 -2.03182769 131.40000916
v 8.81677341 -2.66805530 131.40000916
v 8.32187557 -3.52524257 131.40000916
v 8.15000057 -4.50000000 131.40000916
v 8.32187557 -5.47475719 131.40000916
v 8.81677341 -6.33194494 131.40000916
v 9.57499981 -6.96817207 131.40000916
v 10.50510216 -7.30670214 131.40000916
v 11.49489689 -7.30670214 131.40000916
v -9.57499981 -6.96817207 131.40000916
v -8.81677341 -6.33194494 131.40000916
v -8.32187557 -5.47475719 131.40000916
v -8.15000057 -4.50000000 131.40000916
v -8.32187557 -3.52524257 131.40000916
v -8.81677341 -2.66805530 131.40000916
v -9.57499981 -2.03182769 131.40000916
v -10.50510216 -1.69329786 131.40000916
v -11.49489689 -1.69329786 131.40000916
v -12.42500019 -2.03182769 131.40000916
v -13.18322659 -2.66805530 131.40000916
v -13.67812443 -3.52524257 131.40000916
v -13.84999943 -4.50000000 131.40000916
v -13.67812443 -5.47475719 131.40000916
v -13.18322659 -6.33194494 131.40000916
v -12.42500019 -6.96817207 131.40000916
v -11.49489689 -7.30670214 131.40000916
v -10.50510216 -7.30670214 131.40000916
v -9.57499981 2.03182769 131.40000916
v -8.81677341 2.66805530 131.40000916
v -8.32187557 3.52524257 131.40000916
v -8.15000057 4.50000000 131.40000916
v -8.32187557 5.47475719 131.40000916
v -8.81677341 6.33194494 131.40000916
v -9.57499981 6.96817207 131.40000916
v -10.50510216 7.30670214 131.40000916
v -11.49489689 7.30670214 131.40000916
v -12.42500019 6.96817207 131.40000916
v -13.18322659 6.33194494 131.40000916
v -13.67812443 5.47475719 131.40000916
v -13.84999943 4.50000000 131.40000916
v -13.67812443 3.52524257 131.40000916
v -13.18322659 2.66805530 131.40000916
v -12.42500019 2.03182769 131.40000916
v -11.49489689 1.69329786 131.40000916
v -10.50510216 1.69329786 131.40000916
v 13.69557858 5.42539358 134.20001221
v 13.67096233 5.47088194 134.20001221
v 13.24905109 6.25050640 134.20001221
v 13.17284107 6.32066250 134.20001221
v 12.55880165 6.88592434 134.20001221
v 12.41633415 6.94841671 134.20001221
v 11.69963360 7.26279068 134.20001221
v 11.49267960 7.27993965 134.20001221
v 10.76464939 7.34026575 134.20001221
v 10.51275635 7.27647781 134.20001221
v 9.85516834 7.10995388 134.20001221
v 9.59389305 6.93925476 134.20001221
v 9.06974697 6.59681320 134.20001221
v 8.84592915 6.30925179 134.20001221
v 8.49349976 5.85645008 134.20001221
v 8.35818481 5.46229267 134.20001221
v 8.18887043 4.96909428 134.20001221
v 8.18887043 4.50000000 134.20001221
v 8.18887043 4.03090525 134.20001221
v 8.35818481 3.53770757 134.20001221
v 8.49349976 3.14354992 134.20001221
v 8.84592915 2.69074821 134.20001221
v 9.06974697 2.40318680 134.20001221
v 9.59389305 2.06074572 134.20001221
v 9.85516834 1.89004600 134.20001221
v 10.51275635 1.72352195 134.20001221
v 10.76464939 1.65973413 134.20001221
v 11.49267960 1.72006059 134.20001221
v 11.69963360 1.73720932 134.20001221
v 12.41633415 2.05158329 134.20001221
v 12.55880165 2.11407542 134.20001221
v 13.17284107 2.67933750 134.20001221
v 13.24905109 2.74949384 134.20001221
v 13.67096233 3.52911830 134.20001221
v 13.69557858 3.57460642 134.20001221
v 13.84999943 4.50000000 134.20001221
v 13.69557858 -3.57460642 134.20001221
v 13.67096233 -3.52911830 134.20001221
v 13.24905109 -2.74949384 134.20001221
v 13.17284107 -2.67933750 134.20001221
v 12.55880165 -2.11407542 134.20001221
v 12.41633415 -2.05158329 134.20001221
v 11.69963360 -1.73720932 134.20001221
v 11.49267960 -1.72006059 134.20001221
v 10.76464939 -1.65973413 134.20001221
v 10.51275635 -1.72352195 134.20001221
v 9.85516834 -1.89004600 134.20001221
v 9.59389305 -2.06074572 134.20001221
v 9.06974697 -2.40318680 134.20001221
v 8.84592915 -2.69074821 134.20001221
v 8.49349976 -3.14354992 134.20001221
v 8.35818481 -3.53770757 134.20001221
v 8.18887043 -4.03090525 134.20001221
v 8.18887043 -4.50000000 134.20001221
v 8.18887043 -4.96909428 134.20001221
v 8.35818481 -5.46229267 134.20001221
v 8.49349976 -5.85645008 134.20001221
v 8.84592915 -6.30925179 134.20001221
v 9.06974697 -6.59681320 134.20001221
v 9.59389305 -6.93925476 134.20001221
v 9.85516834 -7.10995388 134.20001221
v 10.51275635 -7.27647781 134.20001221
v 10.76464939 -7.34026575 134.20001221
v 11.49267960 -7.27993965 134.20001221
v 11.69963360 -7.26279068 134.20001221
v 12.41633415 -6.94841671 134.20001221
v 12.55880165 -6.88592434 134.20001221
v 13.17284107 -6.32066250 134.20001221
v 13.24905109 -6.25050640 134.20001221
v 13.67096233 -5.47088194 134.20001221
v 13.69557858 -5.42539358 134.20001221
v 13.84999943 -4.50000000 134.20001221
v -8.30442047 -3.57460642 134.20001221
v -8.32903767 -3.52911830 134.20001221
v -8.75094986 -2.74949384 134.20001221
v -8.82715893 -2.67933750 134.20001221
v -9.44119740 -2.11407542 134.20001221
v -9.58366585 -2.05158329 134.20001221
v -10.30036640 -1.73720932 134.20001221
v -10.50732040 -1.72006059 134.20001221
v -11.23535061 -1.65973413 134.20001221
v -11.48724365 -1.72352195 134.20001221
v -12.14483166 -1.89004600 134.20001221
v -12.40610695 -2.06074572 134.20001221
v -12.93025303 -2.40318680 134.20001221
v -13.15407085 -2.69074821 134.20001221
v -13.50650024 -3.14354992 134.20001221
v -13.64181423 -3.53770757 134.20001221
v -13.81113052 -4.03090525 134.20001221
v -13.81113052 -4.50000000 134.20001221
v -13.81113052 -4.96909428 134.20001221
v -13.64181423 -5.46229267 134.20001221
v -13.50650024 -5.85645008 134.20001221
v -13.15407085 -6.30925179 134.20001221
v -12.93025303 -6.59681320 134.20001221
v -12.40610695 -6.93925476 134.20001221
v -12.14483166 -7.10995388 134.20001221
v -11.48724365 -7.27647781 134.20001221
v -11.23535061 -7.34026575 134.20001221
v -10.50732040 -7.27993965 134.20001221
v -10.30036640 -7.26279068 134.20001221
v -9.58366585 -6.94841671 134.20001221
v -9.44119740 -6.88592434 134.20001221
v -8.82715893 -6.32066250 134.20001221
v -8.75094986 -6.25050640 134.20001221
v -8.32903767 -5.47088194 134.20001221
v -8.30442047 -5.42539358 134.20001221
v -8.15000057 -4.50000000 134.20001221
v -8.30442047 5.42539358 134.20001221
v -8.32903767 5.47088194 134.20001221
v -8.75094986 6.25050640 134.20001221
v -8.82715893 6.32066250 134.20001221
v -9.44119740 6.88592434 134.20001221
v -9.58366585 6.94841671 134.20001221
v -10.30036640 7.26279068 134.20001221
v -10.50732040 7.27993965 134.20001221
v -11.23535061 7.34026575 134.20001221
v -11.48724365 7.27647781 134.20001221
v -12.14483166 7.10995388 134.20001221
v -12.40610695 6.93925476 134.20001221
v -12.93025303 6.59681320 134.20001221
v -13.15407085 6.30925179 134.20001221
v -13.50650024 5.85645008 134.20001221
v -13.64181423 5.46229267 134.20001221
v -13.81113052 4.96909428 134.20001221
v -13.81113052 4.50000000 134.20001221
v -13.81113052 4.03090525 134.20001221
v -13.64181423 3.53770757 134.20001221
v -13.50650024 3.14354992 134.20001221
v -13.15407085 2.69074821 134.20001221
v -12.93025303 2.40318680 134.20001221
v -12.40610695 2.06074572 134.20001221
v -12.14483166 1.89004600 134.20001221
v -11.48724365 1.72352195 134.20001221
v -11.23535061 1.65973413 134.20001221
v -10.50732040 1.72006059 134.20001221
v -10.30036640 1.73720932 134.20001221
v -9.58366585 2.05158329 134.20001221
v -9.44119740 2.11407542 134.20001221
v -8.82715893 2.67933750 134.20001221
v -8.75094986 2.74949384 134.20001221
v -8.32903767 3.52911830 134.20001221
v -8.30442047 3.57460642 134.20001221
v -8.15000057 4.50000000 134.20001221
v 13.48579311 2.56522989 134.50000000
v 13.97932434 3.47719669 134.50000000
v 12.72288704 1.86292565 134.50000000
v 11.77327919 1.44638908 134.50000000
v 10.73987484 1.36075878 134.50000000
v 9.73465919 1.61531401 134.50000000
v 8.86656380 2.18246961 134.50000000
v 8.22965813 3.00076580 134.50000000
v 7.89296150 3.98152685 134.50000000
v 7.89296150 5.01847315 134.50000000
v 8.22965813 5.99923468 134.50000000
v 8.86656380 6.81753016 134.50000000
v 9.73465919 7.38468599 134.50000000
v 10.73987484 7.63924074 134.50000000
v 11.77327919 7.55361080 134.50000000
v 12.72288704 7.13707447 134.50000000
v 13.48579311 6.43476963 134.50000000
v 13.97932434 5.52280331 134.50000000
v 14.15000057 4.50000000 134.50000000
v 13.48579311 -6.43476963 134.50000000
v 13.97932434 -5.52280331 134.50000000
v 12.72288704 -7.13707447 134.50000000
v 11.77327919 -7.55361080 134.50000000
v 10.73987484 -7.63924074 134.50000000
v 9.73465919 -7.38468599 134.50000000
v 8.86656380 -6.81753016 134.50000000
v 8.22965813 -5.99923468 134.50000000
v 7.89296150 -5.01847315 134.50000000
v 7.89296150 -3.98152685 134.50000000
v 8.22965813 -3.00076580 134.50000000
v 8.86656380 -2.18246961 134.50000000
v 9.73465919 -1.61531401 134.50000000
v 10.73987484 -1.36075878 134.50000000
v 11.77327919 -1.44638908 134.50000000
v 12.72288704 -1.86292565 134.50000000
v 13.48579311 -2.56522989 134.50000000
v 13.97932434 -3.47719669 134.50000000
v 14.15000057 -4.50000000 134.50000000
v -8.51420784 -6.43476963 134.50000000
v -8.02067566 -5.52280331 134.50000000
v -9.27711391 -7.13707447 134.50000000
v -10.22672081 -7.55361080 134.50000000
v -11.26012516 -7.63924074 134.50000000
v -12.26534081 -7.38468599 134.50000000
v -13.13343716 -6.81753016 134.50000000
v -13.77034187 -5.99923468 134.50000000
v -14.10703850 -5.01847315 134.50000000
v -14.10703850 -3.98152685 134.50000000
v -13.77034187 -3.00076580 134.50000000
v -13.13343716 -2.18246961 134.50000000
v -12.26534081 -1.61531401 134.50000000
v -11.26012516 -1.36075878 134.50000000
v -10.22672081 -1.44638908 134.50000000
v -9.27711391 -1.86292565 134.50000000
v -8.51420784 -2.56522989 134.50000000
v -8.02067566 -3.47719669 134.50000000
v -7.84999990 -4.50000000 134.50000000
v -8.51420784 2.56522989 134.50000000
v -8.02067566 3.47719669 134.50000000
v -9.27711391 1.86292565 134.50000000
v -10.22672081 1.44638908 134.50000000
v -11.26012516 1.36075878 134.50000000
v -12.26534081 1.61531401 134.50000000
v -13.13343716 2.18246961 134.50000000
v -13.77034187 3.00076580 134.50000000
v -14.10703850 3.98152685 134.50000000
v -14.10703850 5.01847315 134.50000000
v -13.77034187 5.99923468 134.50000000
v -13.13343716 6.81753016 134.50000000
v -12.26534081 7.38468599 134.50000000
v -11.26012516 7.63924074 134.50000000
v -10.22672081 7.55361080 134.50000000
v -9.27711391 7.13707447 134.50000000
v -8.51420784 6.43476963 134.50000000
v -8.02067566 5.52280331 134.50000000
v -7.84999990 4.50000000 134.50000000
v 14.50000000 -9.35000038 134.50000000
v 15.31213284 -9.35000038 133.68786621
v 14.50000000 9.35000038 134.50000000
v 15.53485680 -9.30712986 133.46513367
v 15.54170418 -9.30415249 133.45829773
v 15.56761837 -9.29288673 133.43238831
v 15.72957802 -9.18097305 133.27043152
v 15.73556519 -9.17301369 133.26443481
v 15.84203720 -9.03142071 133.15797424
v 15.86311722 -8.97702026 133.13688660
v 15.86378193 8.97786522 133.13621521
v 15.90167713 8.86152077 133.09831238
v 15.91213226 8.75000000 133.08787537
v 15.85426712 9.00707626 133.14573669
v 15.75657558 9.15307331 133.24342346
v 15.73471928 9.16990757 133.26528931
v 15.58835793 9.28263187 133.41165161
v 15.54144192 9.30294228 133.45855713
v 15.31213284 9.35000038 133.68786621
v 15.51146793 9.31591797 133.48854065
v 15.91213226 -8.75000000 133.08787537
v 15.89330673 -8.89911079 133.10668945
v 15.92325401 -9.09255886 132.92689514
v 16.00000000 -8.75000000 132.87574768
v 15.10000038 -9.65000057 133.47573853
v 15.17134285 -9.64716816 133.42817688
v 15.21574211 -9.64252663 133.39857483
v 15.43054962 -9.54938221 133.25535583
v 15.43428612 -9.54776192 133.25286865
v 15.67242527 -9.44449997 133.09411621
v 15.72475624 -9.37722874 133.05923462
v 15.72637844 -9.37514400 133.05815125
v 15.91397095 -9.13399506 132.93307495
v -15.10000038 -9.65000057 133.47573853
v -15.31213284 -9.35000038 133.68786621
v -15.43477249 -9.55026913 133.25256348
v -15.51146793 -9.31591797 133.48854065
v -15.43778992 -9.54936981 133.25054932
v -15.54144192 -9.30294228 133.45855713
v -15.59251976 -9.50327492 133.14738464
v -15.58835793 -9.28263187 133.41165161
v -15.71516895 -9.36715794 133.06562805
v -15.73471928 -9.16990757 133.26528931
v -15.71864605 -9.36329746 133.06330872
v -15.75657558 -9.15307331 133.24342346
v -15.90034389 -9.16164494 132.94216919
v -15.85426712 -9.00707626 133.14573669
v -15.91894054 -9.09108925 132.92977905
v -15.86378193 -8.97786522 133.13621521
v -15.91213226 -8.75000000 133.08787537
v -16.00000000 -8.75000000 132.87574768
v -15.90167713 -8.86152077 133.09831238
v -15.99926472 -8.78636360 132.87623596
v -14.50000000 9.35000038 134.50000000
v -15.31213284 9.35000038 133.68786621
v -14.50000000 -9.35000038 134.50000000
v -15.53485680 9.30712986 133.46513367
v -15.54170418 9.30415249 133.45829773
v -15.56761837 9.29288673 133.43238831
v -15.72957802 9.18097305 133.27043152
v -15.73556519 9.17301369 133.26443481
v -15.84203720 9.03142071 133.15797424
v -15.86311722 8.97702026 133.13688660
v -15.91213226 8.75000000 133.08787537
v -15.89330673 8.89911079 133.10668945
v -16.00000000 8.75000000 132.87574768
v -15.94754124 9.05277824 132.91070557
v -15.92678738 9.09069729 132.92454529
v -15.81185722 9.30069065 133.00115967
v -15.10000038 9.65000057 133.47573853
v -15.27569485 9.63268471 133.35861206
v -15.32700825 9.62090015 133.32440186
v -15.44092274 9.57016850 133.24844360
v -15.59545898 9.50134563 133.14543152
v -15.72853184 9.37795448 133.05671692
v -15.73006248 9.37653351 133.05569458
v 15.90034389 9.16164494 132.94216919
v 15.71864605 9.36329746 133.06330872
v 15.71516895 9.36715794 133.06562805
v 15.59251976 9.50327492 133.14738464
v 15.43778992 9.54936981 133.25054932
v 15.43477249 9.55026913 133.25256348
v 15.10000038 9.65000057 133.47573853
v 16.00000000 8.75000000 132.87574768
v 15.99926472 8.78636360 132.87623596
v 15.91928864 9.08977032 132.92953491
v 6.00000000 9.35000038 134.50000000
v 6.00000000 -9.35000038 134.50000000
v 2.52982211 -9.35000038 133.34327698
v 2.52982211 9.35000038 133.34327698
v -2.52982211 9.35000038 133.34327698
v -2.52982211 -9.35000038 133.34327698
v -1.28145790 9.35000038 133.03604126
v -1.28145790 -9.35000038 133.03604126
v -0.00000000 9.35000038 132.93273926
v -0.00000000 -9.35000038 132.93273926
v 1.28145790 9.35000038 133.03604126
v 1.28145790 -9.35000038 133.03604126
v -6.00000000 -9.35000038 134.50000000
v -6.00000000 9.35000038 134.50000000
v 15.44441509 -9.58149147 128.90000916
v 15.10000038 -9.65000057 128.90000916
v 15.73639584 -9.38639641 128.90000916
v 15.93149090 -9.09441566 128.90000916
v 16.00000000 -8.75000000 128.90000916
v -14.37573624 -9.65000057 134.20001221
v -6.04868317 -9.65000057 134.20001221
v -2.62469053 -9.65000057 133.05867004
v -1.32951260 -9.65000057 132.73991394
v -0.00000000 -9.65000057 132.63275146
v 1.32951260 -9.65000057 132.73991394
v 2.62469053 -9.65000057 133.05867004
v 6.04868317 -9.65000057 134.20001221
v 14.37573624 -9.65000057 134.20001221
v -16.00000000 -8.75000000 128.90000916
v -15.93149090 -9.09441566 128.90000916
v -15.73639584 -9.38639641 128.90000916
v -15.44441509 -9.58149147 128.90000916
v -15.10000038 -9.65000057 128.90000916
v -15.10000038 9.65000057 128.90000916
v -15.44441509 9.58149147 128.90000916
v -15.73639584 9.38639641 128.90000916
v -16.00000000 8.75000000 128.90000916
v -15.93149090 9.09441566 128.90000916
v 16.00000000 8.75000000 128.90000916
v 15.93149090 9.09441566 128.90000916
v 15.73639584 9.38639641 128.90000916
v 15.44441509 9.58149147 128.90000916
v 15.10000038 9.65000057 128.90000916
v 14.37573624 9.65000057 134.20001221
v 6.04868317 9.65000057 134.20001221
v 2.62469053 9.65000057 133.05867004
v 1.32951260 9.65000057 132.73991394
v -0.00000000 9.65000057 132.63275146
v -1.32951260 9.65000057 132.73991394
v -2.62469053 9.65000057 133.05867004
v -6.04868317 9.65000057 134.20001221
v -14.37573624 9.65000057 134.20001221
v -32.99837494 12.29999924 45.34999847
v -32.99837494 12.29999924 47.44999695
v -31.17972374 12.29999924 44.29999924
v -31.17972374 12.29999924 48.50000000
v -29.36107063 12.29999924 45.34999847
v -29.36107063 12.29999924 47.44999695
v -31.17972374 14.30000019 48.50000000
v -29.36107063 14.30000019 47.44999695
v -32.99837494 14.30000019 47.44999695
v -32.99837494 14.30000019 45.34999847
v -31.17972374 14.30000019 44.29999924
v -29.36107063 14.30000019 45.34999847
v -30.62405014 14.30000019 43.24861526
v -30.99365997 14.30000019 43.20541382
v -28.17270660 14.30000019 45.30553436
v -28.32010078 14.30000019 44.96384430
v -33.63106918 14.30000019 44.34307861
v -33.85328674 14.30000019 44.64157486
v -33.85328674 14.30000019 48.15842819
v -33.63106918 14.30000019 48.45692062
v -33.37569809 14.30000019 48.72759247
v -29.57972336 14.30000019 43.62871933
v -29.91226959 14.30000019 43.46171188
v -30.26195335 14.30000019 43.33443069
v -28.06598091 14.30000019 45.66202927
v -30.99365997 14.30000019 49.59458542
v -30.62405014 14.30000019 49.55138779
v -34.03934860 14.30000019 44.96384430
v -34.18674088 14.30000019 45.30553436
v -34.29346848 14.30000019 45.66202927
v -34.29346848 14.30000019 47.13797379
v -34.18674088 14.30000019 47.49446487
v -34.03934860 14.30000019 47.83615875
v -28.17270660 14.30000019 47.49446487
v -28.06598091 14.30000019 47.13797379
v -34.35808945 14.30000019 46.02850342
v -34.37972260 14.30000019 46.39999771
v -34.35808945 14.30000019 46.77149582
v -32.77972412 14.30000019 43.62871933
v -33.09063339 14.30000019 43.83320618
v -33.37569809 14.30000019 44.07240295
v -29.26881599 14.30000019 43.83320618
v -28.98375130 14.30000019 44.07240295
v -28.00135994 14.30000019 46.77149582
v -27.97972488 14.30000019 46.39999771
v -28.00135994 14.30000019 46.02850342
v -33.09063339 14.30000019 48.96679688
v -32.77972412 14.30000019 49.17127991
v -32.44717789 14.30000019 49.33829117
v -32.09749603 14.30000019 49.46556854
v -30.26195335 14.30000019 49.46556854
v -29.91226959 14.30000019 49.33829117
v -29.57972336 14.30000019 49.17127991
v -31.73539734 14.30000019 49.55138779
v -31.36578560 14.30000019 49.59458542
v -32.44717789 14.30000019 43.46171188
v -32.09749603 14.30000019 43.33443069
v -28.50616264 14.30000019 44.64157486
v -28.72838211 14.30000019 44.34307861
v -29.26881599 14.30000019 48.96679688
v -28.98375130 14.30000019 48.72759247
v -28.72838211 14.30000019 48.45692062
v -31.36578560 14.30000019 43.20541382
v -31.73539734 14.30000019 43.24861526
v -28.50616264 14.30000019 48.15842819
v -28.32010078 14.30000019 47.83615875
v -27.67972374 12.19999981 46.39999771
v -27.72745895 12.19999981 46.97608185
v -31.17972374 12.19999981 46.39999771
v -27.72745895 12.19999981 45.82392120
v -28.41773224 12.19999981 44.25025558
v -28.10156441 12.19999981 44.73418427
v -27.86936378 12.19999981 45.26354980
v -29.77379036 12.19999981 43.19479370
v -29.26540565 12.19999981 43.46991730
v -28.80923843 12.19999981 43.82496643
v -31.46875191 12.19999981 42.91195297
v -30.89069557 12.19999981 42.91195297
v -30.32052612 12.19999981 43.00709915
v -33.09403992 12.19999981 43.46991730
v -32.58565903 12.19999981 43.19479370
v -32.03892517 12.19999981 43.00709915
v -34.25788116 12.19999981 44.73418427
v -33.94171524 12.19999981 44.25025558
v -33.55020905 12.19999981 43.82496643
v -34.67972565 12.19999981 46.39999771
v -34.63198853 12.19999981 45.82392120
v -34.49008560 12.19999981 45.26354980
v -34.25788116 12.19999981 48.06581497
v -34.49008560 12.19999981 47.53644943
v -34.63198853 12.19999981 46.97608185
v -33.09403992 12.19999981 49.33008194
v -33.55020905 12.19999981 48.97503662
v -33.94171524 12.19999981 48.54974365
v -31.46875191 12.19999981 49.88804626
v -32.03892517 12.19999981 49.79290009
v -32.58565903 12.19999981 49.60520554
v -29.77379036 12.19999981 49.60520554
v -30.32052612 12.19999981 49.79290009
v -30.89069557 12.19999981 49.88804626
v -28.41773224 12.19999981 48.54974365
v -28.80923843 12.19999981 48.97503662
v -29.26540565 12.19999981 49.33008194
v -27.86936378 12.19999981 47.53644943
v -28.10156441 12.19999981 48.06581497
v -27.71823502 14.09351158 45.99541092
v -27.69466972 14.09351158 46.39999771
v -27.67972374 14.00000000 46.39999771
v -28.06536674 14.09351158 44.83591080
v -27.90484428 14.09351158 45.20804214
v -27.89080048 14.00000000 45.20293045
v -28.78813362 14.09351158 43.86506271
v -28.51001740 14.09351158 44.15985107
v -28.49856758 14.00000000 44.15024567
v -31.38236237 14.09351158 42.92084122
v -30.97708511 14.09351158 42.92084122
v -30.97621727 14.00000000 42.90592194
v -32.56008530 14.09351158 43.19996643
v -32.17924881 14.09351158 43.06135559
v -32.18353653 14.00000000 43.04703522
v -33.84943008 14.09351158 44.15985107
v -33.57131577 14.09351158 43.86506271
v -33.58156967 14.00000000 43.85419083
v -34.45460129 14.09351158 45.20804214
v -34.29407883 14.09351158 44.83591080
v -34.30743790 14.00000000 44.82920456
v -34.64121246 14.09351158 45.99541092
v -34.65605927 14.00000000 45.99367523
v -34.66477585 14.09351158 46.39999771
v -34.67972565 14.00000000 46.39999771
v -34.46864700 14.00000000 45.20293045
v -34.48706818 14.00000000 45.26445770
v -34.57083893 14.09351158 45.59629059
v -34.58538437 14.00000000 45.59284592
v -34.62630081 14.00000000 45.82492447
v -33.86088181 14.00000000 44.15024567
v -33.93761063 14.00000000 44.25331116
v -34.09144211 14.09351158 44.48493195
v -34.10393143 14.00000000 44.47671890
v -34.25390625 14.00000000 44.73648071
v -32.92224884 14.09351158 43.38185501
v -33.09079742 14.00000000 43.47484970
v -33.26085281 14.09351158 43.60455704
v -33.26977921 14.00000000 43.59256744
v -33.54877472 14.00000000 43.82667160
v -32.56600189 14.00000000 43.18624496
v -32.58512878 14.00000000 43.19584656
v -32.92972183 14.00000000 43.36890793
v -31.38323212 14.00000000 42.90592194
v -31.46829414 14.00000000 42.91586685
v -31.78489494 14.09351158 42.96789169
v -31.78749275 14.00000000 42.95317459
v -32.03765488 14.00000000 43.01246262
v -30.18019867 14.09351158 43.06135559
v -30.32179642 14.00000000 43.01246262
v -30.57455063 14.09351158 42.96789169
v -30.57195663 14.00000000 42.95317459
v -30.89115334 14.00000000 42.91586685
v -29.79936409 14.09351158 43.19996643
v -29.43719673 14.09351158 43.38185501
v -29.42972374 14.00000000 43.36890793
v -29.77431870 14.00000000 43.19584656
v -29.79344559 14.00000000 43.18624496
v -30.17591286 14.00000000 43.04703522
v -28.77787781 14.00000000 43.85419083
v -28.81067276 14.00000000 43.82667160
v -29.09859467 14.09351158 43.60455704
v -29.08966827 14.00000000 43.59256744
v -29.26865005 14.00000000 43.47484970
v -28.05200958 14.00000000 44.82920456
v -28.10554314 14.00000000 44.73648071
v -28.26800346 14.09351158 44.48493195
v -28.25551605 14.00000000 44.47671890
v -28.42183876 14.00000000 44.25331116
v -27.70339012 14.00000000 45.99367523
v -27.73314476 14.00000000 45.82492447
v -27.78861046 14.09351158 45.59629059
v -27.77406693 14.00000000 45.59284592
v -27.87237930 14.00000000 45.26445770
v -27.73909378 14.17915916 46.39999771
v -27.76235962 14.17915916 46.00056458
v -27.83183670 14.17915916 45.60653305
v -27.94659042 14.17915916 45.22323608
v -28.10506439 14.17915916 44.85584641
v -28.30512047 14.17915916 44.50934219
v -28.54405022 14.17915916 44.18840790
v -28.81862068 14.17915916 43.89738083
v -29.12512207 14.17915916 43.64019394
v -29.45940971 14.17915916 43.42033005
v -29.81696129 14.17915916 43.24076080
v -30.19294167 14.17915916 43.10391617
v -30.58226585 14.17915916 43.01164246
v -30.97966957 14.17915916 42.96519089
v -31.37977791 14.17915916 42.96519089
v -31.77718353 14.17915916 43.01164246
v -32.16650772 14.17915916 43.10391617
v -32.54248428 14.17915916 43.24076080
v -32.90003967 14.17915916 43.42033005
v -33.23432541 14.17915916 43.64019394
v -33.54082489 14.17915916 43.89738083
v -33.81539917 14.17915916 44.18840790
v -34.05432892 14.17915916 44.50934219
v -34.25438309 14.17915916 44.85584641
v -34.41285706 14.17915916 45.22323608
v -34.52761078 14.17915916 45.60653305
v -34.59708786 14.17915916 46.00056458
v -34.62035370 14.17915916 46.39999771
v -27.80056572 14.24062920 46.39999771
v -27.82341385 14.24062920 46.00770569
v -27.89165115 14.24062920 45.62071228
v -28.00435448 14.24062920 45.24425888
v -28.15999794 14.24062920 44.88343811
v -28.35647774 14.24062920 44.54312134
v -28.59113884 14.24062920 44.22792053
v -28.86080551 14.24062920 43.94208908
v -29.16182899 14.24062920 43.68949509
v -29.49014473 14.24062920 43.47356415
v -29.84130669 14.24062920 43.29720306
v -30.21056938 14.24062920 43.16279984
v -30.59293938 14.24062920 43.07217789
v -30.98324394 14.24062920 43.02655792
v -31.37620544 14.24062920 43.02655792
v -31.76650810 14.24062920 43.07217789
v -32.14888000 14.24062920 43.16279984
v -32.51814270 14.24062920 43.29720306
v -32.86930084 14.24062920 43.47356415
v -33.19762039 14.24062920 43.68949509
v -33.49864578 14.24062920 43.94208908
v -33.76831055 14.24062920 44.22792053
v -34.00297165 14.24062920 44.54312134
v -34.19945145 14.24062920 44.88343811
v -34.35509109 14.24062920 45.24425888
v -34.46779633 14.24062920 45.62071228
v -34.53603363 14.24062920 46.00770569
v -34.55887985 14.24062920 46.39999771
v -27.88234901 14.28375626 46.39999771
v -27.90464401 14.28375626 46.01720047
v -27.97122955 14.28375626 45.63957596
v -28.08120537 14.28375626 45.27223206
v -28.23308182 14.28375626 44.92013931
v -28.42480659 14.28375626 44.58806229
v -28.65378761 14.28375626 44.28048706
v -28.91692734 14.28375626 44.00157547
v -29.21066856 14.28375626 43.75510025
v -29.53103638 14.28375626 43.54438782
v -29.87370110 14.28375626 43.37229538
v -30.23402596 14.28375626 43.24114609
v -30.60714149 14.28375626 43.15272141
v -30.98799896 14.28375626 43.10820389
v -31.37144852 14.28375626 43.10820389
v -31.75230789 14.28375626 43.15272141
v -32.12541962 14.28375626 43.24114609
v -32.48574829 14.28375626 43.37229538
v -32.82841110 14.28375626 43.54438782
v -33.14878082 14.28375626 43.75510025
v -33.44252014 14.28375626 44.00157547
v -33.70565796 14.28375626 44.28048706
v -33.93464279 14.28375626 44.58806229
v -34.12636566 14.28375626 44.92013931
v -34.27824402 14.28375626 45.27223206
v -34.38821793 14.28375626 45.63957596
v -34.45480347 14.28375626 46.01720047
v -34.47710037 14.28375626 46.39999771
v -34.64121246 14.09351158 46.80458832
v -34.29407883 14.09351158 47.96408844
v -34.45460129 14.09351158 47.59195709
v -34.46864700 14.00000000 47.59706879
v -33.57131577 14.09351158 48.93493652
v -33.84943008 14.09351158 48.64015198
v -33.86088181 14.00000000 48.64975739
v -31.46829414 14.00000000 49.88413620
v -31.38323212 14.00000000 49.89408112
v -31.38236237 14.09351158 49.87915421
v -30.97708511 14.09351158 49.87915421
v -29.79936409 14.09351158 49.60003281
v -30.18019867 14.09351158 49.73864746
v -30.17591286 14.00000000 49.75296021
v -27.90484428 14.09351158 47.59195709
v -28.06536674 14.09351158 47.96408844
v -28.05200958 14.00000000 47.97079849
v -27.71823502 14.09351158 46.80458832
v -27.70339012 14.00000000 46.80632401
v -27.89080048 14.00000000 47.59706879
v -27.87237930 14.00000000 47.53554535
v -27.78861046 14.09351158 47.20370865
v -27.77406693 14.00000000 47.20715332
v -27.73314476 14.00000000 46.97507858
v -28.51001740 14.09351158 48.64015198
v -28.42183876 14.00000000 48.54668808
v -28.26800346 14.09351158 48.31506729
v -28.25551605 14.00000000 48.32328033
v -28.10554314 14.00000000 48.06351852
v -29.09859467 14.09351158 49.19544220
v -28.81067276 14.00000000 48.97332382
v -28.78813362 14.09351158 48.93493652
v -28.77787781 14.00000000 48.94580841
v -28.49856758 14.00000000 48.64975739
v -29.43719673 14.09351158 49.41814423
v -29.26865005 14.00000000 49.32514954
v -29.08966827 14.00000000 49.20743179
v -29.79344559 14.00000000 49.61375427
v -29.77431870 14.00000000 49.60415268
v -29.42972374 14.00000000 49.43108749
v -30.97621727 14.00000000 49.89408112
v -30.89115334 14.00000000 49.88413620
v -30.57455063 14.09351158 49.83210754
v -30.57195663 14.00000000 49.84682846
v -30.32179642 14.00000000 49.78754044
v -31.78749275 14.00000000 49.84682846
v -31.78489494 14.09351158 49.83210754
v -32.03765488 14.00000000 49.78754044
v -32.17924881 14.09351158 49.73864746
v -32.18353653 14.00000000 49.75296021
v -32.56600189 14.00000000 49.61375427
v -32.56008530 14.09351158 49.60003281
v -32.58512878 14.00000000 49.60415268
v -32.92224884 14.09351158 49.41814423
v -32.92972183 14.00000000 49.43108749
v -33.58156967 14.00000000 48.94580841
v -33.54877472 14.00000000 48.97332382
v -33.26085281 14.09351158 49.19544220
v -33.26977921 14.00000000 49.20743179
v -33.09079742 14.00000000 49.32514954
v -34.30743790 14.00000000 47.97079849
v -34.25390625 14.00000000 48.06351852
v -34.09144211 14.09351158 48.31506729
v -34.10393143 14.00000000 48.32328033
v -33.93761063 14.00000000 48.54668808
v -34.65605927 14.00000000 46.80632401
v -34.62630081 14.00000000 46.97507858
v -34.57083893 14.09351158 47.20370865
v -34.58538437 14.00000000 47.20715332
v -34.48706818 14.00000000 47.53554535
v -34.59708786 14.17915916 46.79943085
v -34.52761078 14.17915916 47.19346237
v -34.41285706 14.17915916 47.57676315
v -34.25438309 14.17915916 47.94414902
v -34.05432892 14.17915916 48.29065323
v -33.81539917 14.17915916 48.61159134
v -33.54082489 14.17915916 48.90262222
v -33.23432541 14.17915916 49.15980911
v -32.90003967 14.17915916 49.37967300
v -32.54248428 14.17915916 49.55923843
v -32.16650772 14.17915916 49.69608688
v -31.77718353 14.17915916 49.78836060
v -31.37977791 14.17915916 49.83480835
v -30.97966957 14.17915916 49.83480835
v -30.58226585 14.17915916 49.78836060
v -30.19294167 14.17915916 49.69608688
v -29.81696129 14.17915916 49.55923843
v -29.45940971 14.17915916 49.37967300
v -29.12512207 14.17915916 49.15980911
v -28.81862068 14.17915916 48.90262222
v -28.54405022 14.17915916 48.61159134
v -28.30512047 14.17915916 48.29065323
v -28.10506439 14.17915916 47.94414902
v -27.94659042 14.17915916 47.57676315
v -27.83183670 14.17915916 47.19346237
v -27.76235962 14.17915916 46.79943085
v -34.53603363 14.24062920 46.79229355
v -34.46779633 14.24062920 47.17929077
v -34.35509109 14.24062920 47.55574036
v -34.19945145 14.24062920 47.91656494
v -34.00297165 14.24062920 48.25687790
v -33.76831055 14.24062920 48.57208252
v -33.49864578 14.24062920 48.85791397
v -33.19762039 14.24062920 49.11050034
v -32.86930084 14.24062920 49.32643890
v -32.51814270 14.24062920 49.50279617
v -32.14888000 14.24062920 49.63719940
v -31.76650810 14.24062920 49.72782135
v -31.37620544 14.24062920 49.77344131
v -30.98324394 14.24062920 49.77344131
v -30.59293938 14.24062920 49.72782135
v -30.21056938 14.24062920 49.63719940
v -29.84130669 14.24062920 49.50279617
v -29.49014473 14.24062920 49.32643890
v -29.16182899 14.24062920 49.11050034
v -28.86080551 14.24062920 48.85791397
v -28.59113884 14.24062920 48.57208252
v -28.35647774 14.24062920 48.25687790
v -28.15999794 14.24062920 47.91656494
v -28.00435448 14.24062920 47.55574036
v -27.89165115 14.24062920 47.17929077
v -27.82341385 14.24062920 46.79229355
v -34.45480347 14.28375626 46.78280258
v -34.38821793 14.28375626 47.16042709
v -34.27824402 14.28375626 47.52776718
v -34.12636566 14.28375626 47.87985992
v -33.93464279 14.28375626 48.21193695
v -33.70565796 14.28375626 48.51951218
v -33.44252014 14.28375626 48.79842377
v -33.14878082 14.28375626 49.04489899
v -32.82841110 14.28375626 49.25560760
v -32.48574829 14.28375626 49.42770386
v -32.12541962 14.28375626 49.55885315
v -31.75230789 14.28375626 49.64728165
v -31.37144852 14.28375626 49.69179535
v -30.98799896 14.28375626 49.69179535
v -30.60714149 14.28375626 49.64728165
v -30.23402596 14.28375626 49.55885315
v -29.87370110 14.28375626 49.42770386
v -29.53103638 14.28375626 49.25560760
v -29.21066856 14.28375626 49.04489899
v -28.91692734 14.28375626 48.79842377
v -28.65378761 14.28375626 48.51951218
v -28.42480659 14.28375626 48.21193695
v -28.23308182 14.28375626 47.87985992
v -28.08120537 14.28375626 47.52776718
v -27.97122955 14.28375626 47.16042709
v -27.90464401 14.28375626 46.78280258
v 32.99837494 12.29999924 47.44999695
v 32.99837494 12.29999924 45.34999847
v 31.17972374 12.29999924 48.50000000
v 31.17972374 12.29999924 44.29999924
v 29.36107063 12.29999924 47.44999695
v 29.36107063 12.29999924 45.34999847
v 31.17972374 14.30000019 48.50000000
v 32.99837494 14.30000019 47.44999695
v 29.36107063 14.30000019 47.44999695
v 29.36107063 14.30000019 45.34999847
v 31.17972374 14.30000019 44.29999924
v 32.99837494 14.30000019 45.34999847
v 30.99365997 14.30000019 49.59458542
v 31.36578560 14.30000019 49.59458542
v 30.62405014 14.30000019 49.55138779
v 28.17270660 14.30000019 47.49446487
v 28.32010078 14.30000019 47.83615875
v 33.85328674 14.30000019 44.64157486
v 33.63106918 14.30000019 44.34307861
v 28.06598091 14.30000019 47.13797379
v 30.99365997 14.30000019 43.20541382
v 30.62405014 14.30000019 43.24861526
v 29.57972336 14.30000019 49.17127991
v 29.91226959 14.30000019 49.33829117
v 30.26195335 14.30000019 49.46556854
v 28.17270660 14.30000019 45.30553436
v 28.06598091 14.30000019 45.66202927
v 33.85328674 14.30000019 48.15842819
v 34.03934860 14.30000019 47.83615875
v 34.18674088 14.30000019 47.49446487
v 34.29346848 14.30000019 47.13797379
v 34.29346848 14.30000019 45.66202927
v 34.18674088 14.30000019 45.30553436
v 34.03934860 14.30000019 44.96384430
v 33.09063339 14.30000019 48.96679688
v 33.37569809 14.30000019 48.72759247
v 33.63106918 14.30000019 48.45692062
v 33.37569809 14.30000019 44.07240295
v 33.09063339 14.30000019 43.83320618
v 34.35808945 14.30000019 46.77149582
v 34.37972260 14.30000019 46.39999771
v 34.35808945 14.30000019 46.02850342
v 28.00135994 14.30000019 46.02850342
v 27.97972488 14.30000019 46.39999771
v 28.00135994 14.30000019 46.77149582
v 29.26881599 14.30000019 48.96679688
v 28.98375130 14.30000019 48.72759247
v 30.26195335 14.30000019 43.33443069
v 29.91226959 14.30000019 43.46171188
v 29.57972336 14.30000019 43.62871933
v 32.77972412 14.30000019 43.62871933
v 32.44717789 14.30000019 43.46171188
v 32.09749603 14.30000019 43.33443069
v 31.73539734 14.30000019 43.24861526
v 31.36578560 14.30000019 43.20541382
v 32.44717789 14.30000019 49.33829117
v 32.77972412 14.30000019 49.17127991
v 28.50616264 14.30000019 48.15842819
v 28.72838211 14.30000019 48.45692062
v 29.26881599 14.30000019 43.83320618
v 28.98375130 14.30000019 44.07240295
v 28.72838211 14.30000019 44.34307861
v 31.73539734 14.30000019 49.55138779
v 32.09749603 14.30000019 49.46556854
v 28.50616264 14.30000019 44.64157486
v 28.32010078 14.30000019 44.96384430
v 34.67972565 12.19999981 46.39999771
v 34.63198853 12.19999981 46.97608185
v 31.17972374 12.19999981 46.39999771
v 34.63198853 12.19999981 45.82392120
v 33.94171524 12.19999981 44.25025558
v 34.25788116 12.19999981 44.73418427
v 34.49008560 12.19999981 45.26354980
v 32.58565903 12.19999981 43.19479370
v 33.09403992 12.19999981 43.46991730
v 33.55020905 12.19999981 43.82496643
v 30.89069557 12.19999981 42.91195297
v 31.46875191 12.19999981 42.91195297
v 32.03892517 12.19999981 43.00709915
v 29.26540565 12.19999981 43.46991730
v 29.77379036 12.19999981 43.19479370
v 30.32052612 12.19999981 43.00709915
v 28.10156441 12.19999981 44.73418427
v 28.41773224 12.19999981 44.25025558
v 28.80923843 12.19999981 43.82496643
v 27.67972374 12.19999981 46.39999771
v 27.72745895 12.19999981 45.82392120
v 27.86936378 12.19999981 45.26354980
v 28.10156441 12.19999981 48.06581497
v 27.86936378 12.19999981 47.53644943
v 27.72745895 12.19999981 46.97608185
v 29.26540565 12.19999981 49.33008194
v 28.80923843 12.19999981 48.97503662
v 28.41773224 12.19999981 48.54974365
v 30.89069557 12.19999981 49.88804626
v 30.32052612 12.19999981 49.79290009
v 29.77379036 12.19999981 49.60520554
v 32.58565903 12.19999981 49.60520554
v 32.03892517 12.19999981 49.79290009
v 31.46875191 12.19999981 49.88804626
v 33.94171524 12.19999981 48.54974365
v 33.55020905 12.19999981 48.97503662
v 33.09403992 12.19999981 49.33008194
v 34.49008560 12.19999981 47.53644943
v 34.25788116 12.19999981 48.06581497
v 34.64121246 14.09351158 45.99541092
v 34.66477585 14.09351158 46.39999771
v 34.67972565 14.00000000 46.39999771
v 34.29407883 14.09351158 44.83591080
v 34.45460129 14.09351158 45.20804214
v 34.46864700 14.00000000 45.20293045
v 33.57131577 14.09351158 43.86506271
v 33.84943008 14.09351158 44.15985107
v 33.86088181 14.00000000 44.15024567
v 31.46829414 14.00000000 42.91586685
v 31.38323212 14.00000000 42.90592194
v 31.38236237 14.09351158 42.92084122
v 30.97708511 14.09351158 42.92084122
v 29.79936409 14.09351158 43.19996643
v 30.18019867 14.09351158 43.06135559
v 30.17591286 14.00000000 43.04703522
v 27.90484428 14.09351158 45.20804214
v 28.06536674 14.09351158 44.83591080
v 28.05200958 14.00000000 44.82920456
v 27.71823502 14.09351158 45.99541092
v 27.70339012 14.00000000 45.99367523
v 27.69466972 14.09351158 46.39999771
v 27.67972374 14.00000000 46.39999771
v 27.89080048 14.00000000 45.20293045
v 27.87237930 14.00000000 45.26445770
v 27.78861046 14.09351158 45.59629059
v 27.77406693 14.00000000 45.59284592
v 27.73314476 14.00000000 45.82492447
v 28.51001740 14.09351158 44.15985107
v 28.42183876 14.00000000 44.25331116
v 28.26800346 14.09351158 44.48493195
v 28.25551605 14.00000000 44.47671890
v 28.10554314 14.00000000 44.73648071
v 29.09859467 14.09351158 43.60455704
v 28.81067276 14.00000000 43.82667160
v 28.78813362 14.09351158 43.86506271
v 28.77787781 14.00000000 43.85419083
v 28.49856758 14.00000000 44.15024567
v 29.43719673 14.09351158 43.38185501
v 29.26865005 14.00000000 43.47484970
v 29.08966827 14.00000000 43.59256744
v 29.79344559 14.00000000 43.18624496
v 29.77431870 14.00000000 43.19584656
v 29.42972374 14.00000000 43.36890793
v 30.97621727 14.00000000 42.90592194
v 30.89115334 14.00000000 42.91586685
v 30.57455063 14.09351158 42.96789169
v 30.57195663 14.00000000 42.95317459
v 30.32179642 14.00000000 43.01246262
v 31.78749275 14.00000000 42.95317459
v 31.78489494 14.09351158 42.96789169
v 32.03765488 14.00000000 43.01246262
v 32.17924881 14.09351158 43.06135559
v 32.18353653 14.00000000 43.04703522
v 32.56600189 14.00000000 43.18624496
v 32.56008530 14.09351158 43.19996643
v 32.58512878 14.00000000 43.19584656
v 32.92224884 14.09351158 43.38185501
v 32.92972183 14.00000000 43.36890793
v 33.58156967 14.00000000 43.85419083
v 33.54877472 14.00000000 43.82667160
v 33.26085281 14.09351158 43.60455704
v 33.26977921 14.00000000 43.59256744
v 33.09079742 14.00000000 43.47484970
v 34.30743790 14.00000000 44.82920456
v 34.25390625 14.00000000 44.73648071
v 34.09144211 14.09351158 44.48493195
v 34.10393143 14.00000000 44.47671890
v 33.93761063 14.00000000 44.25331116
v 34.65605927 14.00000000 45.99367523
v 34.62630081 14.00000000 45.82492447
v 34.57083893 14.09351158 45.59629059
v 34.58538437 14.00000000 45.59284592
v 34.48706818 14.00000000 45.26445770
v 34.62035370 14.17915916 46.39999771
v 34.59708786 14.17915916 46.00056458
v 34.52761078 14.17915916 45.60653305
v 34.41285706 14.17915916 45.22323608
v 34.25438309 14.17915916 44.85584641
v 34.05432892 14.17915916 44.50934219
v 33.81539917 14.17915916 44.18840790
v 33.54082489 14.17915916 43.89738083
v 33.23432541 14.17915916 43.64019394
v 32.90003967 14.17915916 43.42033005
v 32.54248428 14.17915916 43.24076080
v 32.16650772 14.17915916 43.10391617
v 31.77718353 14.17915916 43.01164246
v 31.37977791 14.17915916 42.96519089
v 30.97966957 14.17915916 42.96519089
v 30.58226585 14.17915916 43.01164246
v 30.19294167 14.17915916 43.10391617
v 29.81696129 14.17915916 43.24076080
v 29.45940971 14.17915916 43.42033005
v 29.12512207 14.17915916 43.64019394
v 28.81862068 14.17915916 43.89738083
v 28.54405022 14.17915916 44.18840790
v 28.30512047 14.17915916 44.50934219
v 28.10506439 14.17915916 44.85584641
v 27.94659042 14.17915916 45.22323608
v 27.83183670 14.17915916 45.60653305
v 27.76235962 14.17915916 46.00056458
v 27.73909378 14.17915916 46.39999771
v 34.55887985 14.24062920 46.39999771
v 34.53603363 14.24062920 46.00770569
v 34.46779633 14.24062920 45.62071228
v 34.35509109 14.24062920 45.24425888
v 34.19945145 14.24062920 44.88343811
v 34.00297165 14.24062920 44.54312134
v 33.76831055 14.24062920 44.22792053
v 33.49864578 14.24062920 43.94208908
v 33.19762039 14.24062920 43.68949509
v 32.86930084 14.24062920 43.47356415
v 32.51814270 14.24062920 43.29720306
v 32.14888000 14.24062920 43.16279984
v 31.76650810 14.24062920 43.07217789
v 31.37620544 14.24062920 43.02655792
v 30.98324394 14.24062920 43.02655792
v 30.59293938 14.24062920 43.07217789
v 30.21056938 14.24062920 43.16279984
v 29.84130669 14.24062920 43.29720306
v 29.49014473 14.24062920 43.47356415
v 29.16182899 14.24062920 43.68949509
v 28.86080551 14.24062920 43.94208908
v 28.59113884 14.24062920 44.22792053
v 28.35647774 14.24062920 44.54312134
v 28.15999794 14.24062920 44.88343811
v 28.00435448 14.24062920 45.24425888
v 27.89165115 14.24062920 45.62071228
v 27.82341385 14.24062920 46.00770569
v 27.80056572 14.24062920 46.39999771
v 34.47710037 14.28375626 46.39999771
v 34.45480347 14.28375626 46.01720047
v 34.38821793 14.28375626 45.63957596
v 34.27824402 14.28375626 45.27223206
v 34.12636566 14.28375626 44.92013931
v 33.93464279 14.28375626 44.58806229
v 33.70565796 14.28375626 44.28048706
v 33.44252014 14.28375626 44.00157547
v 33.14878082 14.28375626 43.75510025
v 32.82841110 14.28375626 43.54438782
v 32.48574829 14.28375626 43.37229538
v 32.12541962 14.28375626 43.24114609
v 31.75230789 14.28375626 43.15272141
v 31.37144852 14.28375626 43.10820389
v 30.98799896 14.28375626 43.10820389
v 30.60714149 14.28375626 43.15272141
v 30.23402596 14.28375626 43.24114609
v 29.87370110 14.28375626 43.37229538
v 29.53103638 14.28375626 43.54438782
v 29.21066856 14.28375626 43.75510025
v 28.91692734 14.28375626 44.00157547
v 28.65378761 14.28375626 44.28048706
v 28.42480659 14.28375626 44.58806229
v 28.23308182 14.28375626 44.92013931
v 28.08120537 14.28375626 45.27223206
v 27.97122955 14.28375626 45.63957596
v 27.90464401 14.28375626 46.01720047
v 27.88234901 14.28375626 46.39999771
v 27.71823502 14.09351158 46.80458832
v 28.06536674 14.09351158 47.96408844
v 27.90484428 14.09351158 47.59195709
v 27.89080048 14.00000000 47.59706879
v 28.78813362 14.09351158 48.93493652
v 28.51001740 14.09351158 48.64015198
v 28.49856758 14.00000000 48.64975739
v 31.38236237 14.09351158 49.87915421
v 30.97708511 14.09351158 49.87915421
v 30.97621727 14.00000000 49.89408112
v 32.56008530 14.09351158 49.60003281
v 32.17924881 14.09351158 49.73864746
v 32.18353653 14.00000000 49.75296021
v 33.84943008 14.09351158 48.64015198
v 33.57131577 14.09351158 48.93493652
v 33.58156967 14.00000000 48.94580841
v 34.45460129 14.09351158 47.59195709
v 34.29407883 14.09351158 47.96408844
v 34.30743790 14.00000000 47.97079849
v 34.64121246 14.09351158 46.80458832
v 34.65605927 14.00000000 46.80632401
v 34.46864700 14.00000000 47.59706879
v 34.48706818 14.00000000 47.53554535
v 34.57083893 14.09351158 47.20370865
v 34.58538437 14.00000000 47.20715332
v 34.62630081 14.00000000 46.97507858
v 33.86088181 14.00000000 48.64975739
v 33.93761063 14.00000000 48.54668808
v 34.09144211 14.09351158 48.31506729
v 34.10393143 14.00000000 48.32328033
v 34.25390625 14.00000000 48.06351852
v 32.92224884 14.09351158 49.41814423
v 33.09079742 14.00000000 49.32514954
v 33.26085281 14.09351158 49.19544220
v 33.26977921 14.00000000 49.20743179
v 33.54877472 14.00000000 48.97332382
v 32.56600189 14.00000000 49.61375427
v 32.58512878 14.00000000 49.60415268
v 32.92972183 14.00000000 49.43108749
v 31.38323212 14.00000000 49.89408112
v 31.46829414 14.00000000 49.88413620
v 31.78489494 14.09351158 49.83210754
v 31.78749275 14.00000000 49.84682846
v 32.03765488 14.00000000 49.78754044
v 30.18019867 14.09351158 49.73864746
v 30.32179642 14.00000000 49.78754044
v 30.57455063 14.09351158 49.83210754
v 30.57195663 14.00000000 49.84682846
v 30.89115334 14.00000000 49.88413620
v 29.79936409 14.09351158 49.60003281
v 29.43719673 14.09351158 49.41814423
v 29.42972374 14.00000000 49.43108749
v 29.77431870 14.00000000 49.60415268
v 29.79344559 14.00000000 49.61375427
v 30.17591286 14.00000000 49.75296021
v 28.77787781 14.00000000 48.94580841
v 28.81067276 14.00000000 48.97332382
v 29.09859467 14.09351158 49.19544220
v 29.08966827 14.00000000 49.20743179
v 29.26865005 14.00000000 49.32514954
v 28.05200958 14.00000000 47.97079849
v 28.10554314 14.00000000 48.06351852
v 28.26800346 14.09351158 48.31506729
v 28.25551605 14.00000000 48.32328033
v 28.42183876 14.00000000 48.54668808
v 27.70339012 14.00000000 46.80632401
v 27.73314476 14.00000000 46.97507858
v 27.78861046 14.09351158 47.20370865
v 27.77406693 14.00000000 47.20715332
v 27.87237930 14.00000000 47.53554535
v 27.76235962 14.17915916 46.79943085
v 27.83183670 14.17915916 47.19346237
v 27.94659042 14.17915916 47.57676315
v 28.10506439 14.17915916 47.94414902
v 28.30512047 14.17915916 48.29065323
v 28.54405022 14.17915916 48.61159134
v 28.81862068 14.17915916 48.90262222
v 29.12512207 14.17915916 49.15980911
v 29.45940971 14.17915916 49.37967300
v 29.81696129 14.17915916 49.55923843
v 30.19294167 14.17915916 49.69608688
v 30.58226585 14.17915916 49.78836060
v 30.97966957 14.17915916 49.83480835
v 31.37977791 14.17915916 49.83480835
v 31.77718353 14.17915916 49.78836060
v 32.16650772 14.17915916 49.69608688
v 32.54248428 14.17915916 49.55923843
v 32.90003967 14.17915916 49.37967300
v 33.23432541 14.17915916 49.15980911
v 33.54082489 14.17915916 48.90262222
v 33.81539917 14.17915916 48.61159134
v 34.05432892 14.17915916 48.29065323
v 34.25438309 14.17915916 47.94414902
v 34.41285706 14.17915916 47.57676315
v 34.52761078 14.17915916 47.19346237
v 34.59708786 14.17915916 46.79943085
v 27.82341385 14.24062920 46.79229355
v 27.89165115 14.24062920 47.17929077
v 28.00435448 14.24062920 47.55574036
v 28.15999794 14.24062920 47.91656494
v 28.35647774 14.24062920 48.25687790
v 28.59113884 14.24062920 48.57208252
v 28.86080551 14.24062920 48.85791397
v 29.16182899 14.24062920 49.11050034
v 29.49014473 14.24062920 49.32643890
v 29.84130669 14.24062920 49.50279617
v 30.21056938 14.24062920 49.63719940
v 30.59293938 14.24062920 49.72782135
v 30.98324394 14.24062920 49.77344131
v 31.37620544 14.24062920 49.77344131
v 31.76650810 14.24062920 49.72782135
v 32.14888000 14.24062920 49.63719940
v 32.51814270 14.24062920 49.50279617
v 32.86930084 14.24062920 49.32643890
v 33.19762039 14.24062920 49.11050034
v 33.49864578 14.24062920 48.85791397
v 33.76831055 14.24062920 48.57208252
v 34.00297165 14.24062920 48.25687790
v 34.19945145 14.24062920 47.91656494
v 34.35509109 14.24062920 47.55574036
v 34.46779633 14.24062920 47.17929077
v 34.53603363 14.24062920 46.79229355
v 27.90464401 14.28375626 46.78280258
v 27.97122955 14.28375626 47.16042709
v 28.08120537 14.28375626 47.52776718
v 28.23308182 14.28375626 47.87985992
v 28.42480659 14.28375626 48.21193695
v 28.65378761 14.28375626 48.51951218
v 28.91692734 14.28375626 48.79842377
v 29.21066856 14.28375626 49.04489899
v 29.53103638 14.28375626 49.25560760
v 29.87370110 14.28375626 49.42770386
v 30.23402596 14.28375626 49.55885315
v 30.60714149 14.28375626 49.64728165
v 30.98799896 14.28375626 49.69179535
v 31.37144852 14.28375626 49.69179535
v 31.75230789 14.28375626 49.64728165
v 32.12541962 14.28375626 49.55885315
v 32.48574829 14.28375626 49.42770386
v 32.82841110 14.28375626 49.25560760
v 33.14878082 14.28375626 49.04489899
v 33.44252014 14.28375626 48.79842377
v 33.70565796 14.28375626 48.51951218
v 33.93464279 14.28375626 48.21193695
v 34.12636566 14.28375626 47.87985992
v 34.27824402 14.28375626 47.52776718
v 34.38821793 14.28375626 47.16042709
v 34.45480347 14.28375626 46.78280258
v 31.41086960 13.87881756 35.11656952
v 31.40640259 13.87849998 35.10116959
v 31.40640259 14.05350018 35.10116959
v 31.31662750 13.86646938 34.47178650
v 31.29364586 13.86338997 34.31067276
v 31.29364586 14.03836250 34.30916595
v 35.72694397 13.70694733 28.32232285
v 35.72694778 13.88194656 28.32232285
v 35.33315659 13.71497726 28.44116402
v 35.07525253 13.89523697 28.51899719
v 34.97499084 13.72228050 28.54925346
v 34.97499084 13.89728069 28.54925346
v 34.72183228 13.72744465 28.66643906
v 34.23081970 13.73745728 28.89372635
v 34.46487808 13.90768433 28.78538322
v 34.23081970 13.91245747 28.89372635
v 34.14944839 13.73921871 28.94640923
v 33.89925385 13.91963863 29.10839653
v 33.61406708 13.75081539 29.29304123
v 33.56546783 13.92686844 29.32450485
v 33.56546783 13.75186825 29.32450485
v 33.36343765 13.93202019 29.49959373
v 33.11581421 13.76333427 29.71419334
v 32.95926285 13.94232750 29.84986687
v 32.95926285 13.76732731 29.84986687
v 32.86417007 13.94521713 29.95860100
v 32.65835953 13.77647114 30.19392776
v 32.63783264 13.95209503 30.21739960
v 32.44757843 13.78287792 30.43494987
v 32.44757843 13.95787716 30.43494987
v 32.41676712 13.95902348 30.48208237
v 32.25545502 13.79002762 30.72888184
v 32.22706223 13.96608353 30.77232552
v 32.03701782 13.97315598 31.06308556
v 31.99920082 13.79956436 31.12094498
v 31.99920082 13.97456360 31.12094498
v 31.91258812 13.80373859 31.30734253
v 31.88209915 13.98020840 31.37296486
v 31.65113640 13.81634140 31.87002182
v 31.41311646 14.00786114 32.66798019
v 31.41311646 13.83286095 32.66798019
v 31.44618797 13.83056450 32.55709839
v 31.73597145 13.98725128 31.68744278
v 31.65113640 13.99134064 31.87002182
v 31.63640976 13.81736374 31.91940117
v 31.61008644 13.99419022 32.00764084
v 31.51190567 14.00100422 32.33678818
v 31.33583832 13.84306145 33.20097351
v 31.36538696 14.01416111 32.99718475
v 31.29326630 13.84868145 33.49460220
v 31.29326630 14.02368164 33.49460220
v 31.29342651 13.85485554 33.83720779
v 31.29334068 14.02658558 33.65579987
v 31.38777161 14.05100346 34.97056198
v 31.59568787 13.89195728 35.75390244
v 31.55943298 14.06437969 35.62887955
v 31.63158798 13.89450932 35.87769699
v 31.63158798 14.06950951 35.87769699
v 31.66662216 14.07123566 35.95521164
v 31.85483360 13.90550900 36.37164688
v 31.80915451 14.07825851 36.27058029
v 31.96831131 13.91110039 36.62273026
v 31.95206451 14.08530045 36.58678436
v 31.96831131 14.08610058 36.62273026
v 32.18253708 13.91921425 36.95853424
v 32.13381958 14.09237003 36.88216400
v 32.41013718 13.92783642 37.31530380
v 32.32058334 14.09944439 37.17492676
v 32.56779480 13.93284512 37.50792694
v 32.50419998 13.93096638 37.43820953
v 32.50419998 14.10596657 37.43820953
v 32.41013718 14.10283661 37.31530380
v 32.52091599 14.10645962 37.45653152
v 32.75314331 14.11332417 37.71110153
v 33.01679611 13.94611549 38.00012589
v 32.98403168 14.12014771 37.96421051
v 33.06483841 13.94753647 38.05278778
v 33.06483841 14.12253571 38.05278778
v 33.51709747 13.95867634 38.42252350
v 33.49541473 14.13314342 38.40480423
v 33.71229553 13.96348476 38.58210754
v 33.71229553 14.13848495 38.58210754
v 34.04517746 13.97049618 38.78269196
v 34.03828049 14.14535141 38.77853394
v 34.39668655 13.97789955 38.99449539
v 34.39668655 14.15289974 38.99449539
v 34.60345840 13.98211670 39.08258057
v 34.61391830 14.15732861 39.08703613
v 35.12987900 13.99285030 39.30682755
v 35.12987900 14.16785049 39.30682755
v 35.20550537 13.99439335 39.32708359
v 35.23600769 14.17001534 39.33525467
v 35.84570312 14.00744820 39.49855804
v 36.72821808 14.02544403 39.61465454
v 36.50949097 14.02098370 39.58851242
v 36.58224487 14.19746780 39.59720612
v 35.56493759 14.17672253 39.42335510
v 35.89623260 14.18347836 39.51208878
v 35.91726685 14.00890732 39.51772690
v 35.91726685 14.18390751 39.51772690
v 36.23810196 14.19045067 39.55607224
v 36.72821808 14.20044422 39.61465454
v 36.92804337 14.20452023 39.60976410
v 37.18159866 14.03468990 39.60355759
v 37.27547073 14.21160412 39.60125732
v 37.55105972 14.04222393 39.59451294
v 37.55105972 14.21722412 39.59451294
v 37.62096024 14.21864986 39.58258438
v 37.84966278 14.04831409 39.54354858
v 37.96176910 14.22559929 39.52441788
v 38.36890030 14.05890179 39.45492935
v 38.30083084 14.23251343 39.46654892
v 38.36890030 14.23390198 39.45492935
v 38.50199509 14.06161594 39.41165161
v 38.62780380 14.23918152 39.37075043
v 39.12650681 14.07435131 39.20859528
v 39.15985870 14.25003147 39.19775009
v 39.15985870 14.07503128 39.19775009
v 39.26452637 14.25216579 39.15171432
v 39.44539642 14.08085442 39.07215118
v 39.44539642 14.25585461 39.07215118
v 39.70301056 14.08617973 38.92757034
v 39.84678650 14.26415157 38.84687805
v 40.14111710 14.09523487 38.68168640
v 40.14111710 14.27023506 38.68168640
v 40.24613571 14.09771824 38.60168839
v 40.39536667 14.27624702 38.48801422
v 40.76271057 14.10993481 38.20819855
v 40.77551651 14.28523731 38.19844437
v 40.77551651 14.11023712 38.19844437
v 40.91358566 14.28908730 38.06013870
v 41.22936630 14.12297630 37.73915863
v 41.15494156 14.29581833 37.81837082
v 41.34308243 14.12616730 37.62408447
v 41.30488968 14.30000019 37.66816330
v 41.34145737 14.30000019 37.62277603
v 41.64546967 14.13646317 37.21569443
v 41.59802628 14.30000019 37.30430984
v 41.82922363 14.14271927 36.96752930
v 41.82922363 14.30000019 36.96752930
v 42.00230789 14.15015697 36.64632416
v 42.03708649 14.30000019 36.61273193
v 42.21780396 14.15941715 36.24642181
v 42.21780396 14.30000019 36.24642181
v 42.29274368 14.16380596 36.04111481
v 42.37421799 14.30000019 35.86186600
v 42.50238037 14.17608547 35.46683121
v 42.50238037 14.30000019 35.46683121
v 42.51376724 14.17717266 35.41186142
v 42.64718246 14.18990803 34.76776123
v 42.60202026 14.30000019 35.06124878
v 42.67203140 14.30000019 34.64779663
v 41.79168320 14.30000019 30.77415466
v 41.91126251 14.26563740 30.98985481
v 42.00351715 14.30000019 31.12583923
v 42.18984604 14.25392246 31.49238586
v 42.18984604 14.30000019 31.49238586
v 42.22503281 14.25192833 31.58497810
v 42.34790802 14.30000019 31.86751175
v 42.46287918 14.23845005 32.21092224
v 42.47911835 14.30000019 32.25366974
v 42.47911835 14.23752880 32.25366974
v 42.58231354 14.30000019 32.64743042
v 42.61376572 14.22555637 32.85384369
v 42.65730286 14.30000019 33.04792023
v 42.65730286 14.22168541 33.04792023
v 42.70290756 14.30000019 33.44390869
v 42.69320297 14.21341610 33.49545288
v 42.72079468 14.30000019 33.83941650
v 42.72079468 14.20706081 33.83941650
v 42.71076965 14.30000019 34.24385452
v 42.70340729 14.20179081 34.12759781
v 42.67203140 14.19228077 34.64779663
v 40.84240341 14.30000019 29.66123772
v 41.10305405 14.29267597 29.92545319
v 41.29051971 14.30000019 30.11548615
v 41.29051971 14.28740883 30.11548615
v 41.55312347 14.30000019 30.43586922
v 41.53346634 14.27929306 30.43478012
v 41.79168320 14.27066708 30.77415466
v 31.08042336 13.66335106 35.37247086
v 31.03989601 13.66006374 35.19739151
v 31.43926620 14.30000019 31.42969322
v 31.43193626 14.29999924 31.44641876
v 31.41858101 14.29154205 31.44050789
v 31.25381851 14.29998398 31.85278511
v 31.42580795 14.29117203 31.42242813
v 31.47688484 14.28895950 31.31833649
v 31.65608597 14.30000019 31.02236366
v 31.62976074 14.28233719 31.00681686
v 31.68600464 14.30000019 30.97154999
v 31.65640259 14.28127193 30.95789337
v 31.78244781 14.30000019 30.82284355
v 31.74944878 14.27782059 30.80321693
v 31.88689423 14.27272129 30.57472801
v 31.93913841 14.30000019 30.58123970
v 31.89695549 14.27234840 30.55800247
v 32.19683838 14.30000019 30.24354744
v 32.14725876 14.26412106 30.20575714
v 32.21926117 14.30000019 30.21416855
v 32.16528320 14.26352882 30.18038940
v 32.52554321 14.30000019 29.87050247
v 32.96569443 14.30000019 29.45634651
v 32.98443222 14.24132729 29.31299782
v 33.19745636 14.30000019 29.27383232
v 33.12911224 14.23791409 29.19045448
v 33.32772446 14.30000019 29.17124557
v 32.39605331 14.25672436 29.90284538
v 32.46056366 14.25482273 29.82525826
v 32.67486572 14.30000019 29.72662544
v 32.61357880 14.25074196 29.66727448
v 32.85747528 14.30000019 29.55068016
v 32.78231049 14.24624348 29.49306297
v 32.88212967 14.24374199 29.39965248
v 33.23847580 14.23533440 29.09782219
v 33.61384583 14.22724533 28.82614899
v 33.70648193 14.30000019 28.91687393
v 33.63785934 14.22677135 28.81140709
v 33.75289536 14.30000019 28.89052391
v 33.68350601 14.22586918 28.78338051
v 34.10076141 14.30000019 28.69305229
v 34.00738525 14.21947193 28.58452415
v 34.33687592 14.30000019 28.58195496
v 34.27056885 14.21443939 28.44921875
v 34.35456848 14.21283245 28.40603447
v 34.51058578 14.30000019 28.50022125
v 34.41844940 14.21161079 28.37319374
v 34.71586227 14.30000019 28.41769791
v 34.60428238 14.20805740 28.29014015
v 34.96120071 14.30000019 28.33522224
v 34.90297699 14.20234394 28.17579651
v 35.03730774 14.19977474 28.12437439
v 35.14983749 14.30000019 28.27181053
v 35.13950348 14.19781971 28.09391975
v 35.48085403 14.19129086 27.99219322
v 35.59023666 14.30000019 28.16102219
v 35.57519913 14.18948746 27.96940041
v 35.61994553 14.30000019 28.15595245
v 35.65481567 14.18796444 27.95016861
v 36.03628159 14.30000019 28.08489037
v 37.49794388 14.15271282 27.82035828
v 37.59988022 14.30000019 28.09025574
v 37.14806366 14.30000019 28.04559326
v 35.97422409 14.18185520 27.89070702
v 36.11392975 14.17918301 27.86469841
v 36.30291748 14.30000019 28.06035423
v 36.27752304 14.17605495 27.84699631
v 36.48728561 14.30000019 28.04338837
v 36.57461166 14.17037296 27.81484985
v 36.69056320 14.30000019 28.03612328
v 36.82259369 14.16562939 27.80693054
v 36.99415970 14.30000019 28.04240799
v 36.99405670 14.16235065 27.80145264
v 37.03617477 14.16154480 27.80010796
v 37.66855621 14.14944935 27.83720016
v 37.70042801 14.14884090 27.84034538
v 37.68003845 14.30000019 28.10450363
v 37.71099091 14.14863873 27.84197998
v 38.04542923 14.30000019 28.16945648
v 38.16193390 14.14001369 27.91168594
v 38.34637070 14.30000019 28.24733925
v 38.41246796 14.13522148 27.97025299
v 38.49403000 14.13366318 27.98931885
v 38.48406601 14.30000019 28.28297615
v 38.61313248 14.13138485 28.01716042
v 38.63555527 14.30000019 28.33074760
v 39.05353546 14.12296104 28.15604782
v 38.98120117 14.30000019 28.45996666
v 39.08698654 14.12232113 28.16945648
v 39.06042480 14.30000019 28.48958206
v 39.28190994 14.11859417 28.24759293
v 39.48255539 14.11475658 28.32802391
v 39.46774292 14.30000019 28.67876434
v 39.66707993 14.11122704 28.41395569
v 39.57282257 14.30000019 28.73770905
v 39.72016907 14.11021137 28.44232941
v 39.85691833 14.30000019 28.89707947
v 40.46979523 14.09548759 28.88297844
v 40.72126770 14.08996201 29.07135773
v 40.62830734 14.30000019 29.46846008
v 40.83938980 14.08736801 29.15984154
v 40.86363220 14.08678436 29.18104935
v 40.71409225 14.30000019 29.54063988
v 40.02065277 14.10446358 28.60291100
v 40.07895660 14.10334778 28.63406944
v 40.11730957 14.30000019 29.07085800
v 40.30601501 14.09878159 28.77867317
v 40.22720718 14.30000019 29.14420319
v 40.37284470 14.30000019 29.25352669
v 41.33288574 14.07525444 29.60627365
v 41.18728256 14.07899952 29.46416092
v 35.64261627 13.48819733 27.95294189
v 35.31465530 13.49447060 28.03743935
v 40.91996765 13.88897610 38.57374191
v 40.76187515 13.88534260 38.70190430
v 39.98845673 13.86939240 39.21781158
v 40.61613846 13.88220215 38.80732727
v 40.46432114 13.87893105 38.91715240
v 40.38350296 13.87719059 38.97562027
v 38.33081055 13.83768940 39.84872818
v 38.05938721 13.83249855 39.90730286
v 36.63701248 13.80529404 39.98508072
v 36.93718338 13.81103516 39.99967575
v 37.14054108 13.81492519 39.99838257
v 37.48565674 13.82152557 39.97732162
v 37.19389725 13.81594467 39.99512482
v 37.90790939 13.82960129 39.92813873
v 37.60189819 13.82374859 39.97023010
v 39.92730713 13.86822414 39.24919128
v 39.88731766 13.86745834 39.26971436
v 39.57760620 13.86153507 39.42864609
v 39.26680756 13.85559177 39.55945587
v 39.15732574 13.85349655 39.60553360
v 39.15159225 13.85338783 39.60794449
v 38.95999146 13.84972286 39.67654419
v 38.60343552 13.84290409 39.78248596
v 38.51233292 13.84116173 39.80955505
v 35.66601944 13.78672409 39.84910583
v 35.55846405 13.78466702 39.82722473
v 34.07400131 13.75627518 39.25242996
v 35.11380768 13.77616215 39.70106125
v 35.08541107 13.77561855 39.69129944
v 34.92136765 13.77248096 39.63491821
v 34.86427307 13.77138996 39.61171722
v 34.48873520 13.76420689 39.45909500
v 34.44084549 13.76329041 39.43523407
v 34.11551666 13.75706863 39.27312088
v 33.13994217 13.73689175 38.62334061
v 31.90282059 13.70232964 37.25093079
v 32.27249146 13.71410942 37.74872208
v 32.17940903 13.71137047 37.63713074
v 32.17117691 13.71112823 37.62726593
v 32.78991318 13.72842407 38.31420135
v 32.75246048 13.72742748 38.27565765
v 32.75061417 13.72737789 38.27375793
v 32.46698380 13.71983147 37.98188400
v 33.29966354 13.74050808 38.74948120
v 33.27798080 13.74001694 38.73236084
v 33.84399796 13.75178337 39.11514282
v 33.67747498 13.74853134 39.01574326
v 33.41397095 13.74293613 38.83003998
v 35.80171585 13.78931808 39.87671280
v 35.76880264 13.78868866 39.87001801
v 36.47556305 13.80220604 39.97723007
v 36.47074509 13.80211449 39.97699356
v 36.01098251 13.79332161 39.91929245
v 31.37129593 13.68068600 36.25110626
v 30.95487022 13.65128231 34.71632767
v 31.03503418 13.65966892 35.17638779
v 31.34030151 13.67901611 36.16820526
v 31.23187637 13.67317677 35.87823105
v 31.20956612 13.67197418 35.81856155
v 31.08092117 13.66339111 35.37461472
v 30.94630814 13.62441349 33.15257263
v 30.92650986 13.62757397 33.33190155
v 30.90391541 13.63454247 33.73956299
v 30.90093040 13.63546181 33.79339981
v 31.13620186 13.60713387 32.21896744
v 30.94884491 13.62400913 33.12958908
v 30.98798752 13.61973953 32.89440918
v 31.02551651 13.61564541 32.66892624
v 31.07519150 13.61182594 32.46699142
v 30.93953133 13.64850426 34.55743408
v 30.93500900 13.64768505 34.51060104
v 30.91034508 13.64321709 34.25510025
v 30.90173912 13.63612843 33.83302689
v 31.77769852 13.57664680 30.74862289
v 32.83446121 13.54499817 29.44799232
v 32.61274719 13.55065918 29.66183662
v 32.75651550 13.54690075 29.51789474
v 32.30443954 13.55931187 30.00619698
v 32.36254883 13.55768108 29.94128990
v 31.93179893 13.57126522 30.51269722
v 32.02333069 13.56806850 30.37257195
v 32.26413345 13.56056786 30.05873108
v 34.95564270 13.50133705 28.15556335
v 35.21955109 13.49628925 28.06873131
v 34.17316055 13.51630592 28.49795914
v 33.95882416 13.52041531 28.61593437
v 33.85827255 13.52234173 28.67127609
v 33.47172165 13.53022385 28.92393112
v 34.26319885 13.51457977 28.44840240
v 34.44661331 13.51107216 28.36012650
v 34.56641006 13.50878048 28.31034088
v 34.87511826 13.50287628 28.18205833
v 32.85344696 13.54453468 29.43096924
v 33.10417938 13.53841209 29.20611000
v 33.38953018 13.53205490 28.98703384
v 31.50126266 13.58777809 31.26114655
v 31.45710373 13.58972549 31.35317612
v 31.54508400 13.58584690 31.16981697
v 31.56620979 13.58500767 31.13135910
v 31.76993179 13.57691765 30.76051331
v 31.18928909 13.60394669 32.05717850
v 31.27785683 13.59862900 31.78724670
v 31.28017426 13.59849072 31.78018761
v 31.56600189 13.68951225 36.67157745
v 31.50483131 13.68673897 36.53948212
v 31.85095215 13.70047760 37.16909409
v 31.79395294 13.69844246 37.07915878
v 31.70917130 13.69512177 36.92757416
v 41.36700821 14.07431126 29.64344978
v 41.37969208 14.07396126 29.65727234
v 41.64866257 14.06653500 29.95032692
v 41.84339142 14.06057072 30.19799614
v 42.50999069 14.03623009 31.28274918
v 42.41968918 14.04011059 31.10054207
v 42.37255478 14.04194260 31.01719093
v 42.82598877 14.01969624 32.09849167
v 42.84372330 14.01866627 32.15045547
v 42.95661163 14.01035500 32.58703613
v 42.57353210 14.03316784 31.43090820
v 42.69406128 14.02736092 31.71192932
v 42.71943665 14.02588654 31.78627014
v 41.92108917 14.05819130 30.29682159
v 41.93506241 14.05776310 30.31459427
v 42.19216156 14.04895115 30.69820595
v 42.24534988 14.04688454 30.79226112
v 43.09735870 13.99023628 33.72043228
v 43.09368515 13.99116802 33.66631317
v 43.08021927 13.99458504 33.46780396
v 42.98075485 13.96621704 35.10023499
v 42.93739319 13.96250916 35.29904938
v 43.05446625 13.97447968 34.64393997
v 43.02502060 13.97117901 34.82621765
v 43.09374237 13.98314857 34.14350510
v 43.09339523 13.98247337 34.18379211
v 43.06619263 13.97688770 34.50530624
v 41.96162796 13.91768837 37.44172668
v 42.13946915 13.92362881 37.18570328
v 42.24613571 13.92751789 37.01256180
v 42.28619385 13.92912102 36.93881226
v 42.65999603 13.94537163 36.17352295
v 42.81296539 13.95386410 35.74916458
v 42.87863159 13.95842648 35.51162720
v 42.92161560 13.96141243 35.35614014
v 42.65583038 13.94514084 36.18508148
v 42.65489960 13.94509697 36.18715286
v 42.46675491 13.93635368 36.60639572
v 42.34341049 13.93141365 36.83347702
v 43.06575394 13.99825573 33.25450516
v 43.07586288 13.99569035 33.40356445
v 42.95932770 14.01015472 32.59753799
v 42.99251938 14.00676918 32.78280640
v 43.04083633 14.00183964 33.05250168
v 41.01033020 13.89119625 38.49192429
v 41.25905228 13.89730453 38.26672363
v 41.87305832 13.91472816 37.56924057
v 41.81507111 13.91299534 37.64044952
v 41.58047485 13.90598011 37.92855072
v 41.51430893 13.90419197 37.99827957
v 41.26259613 13.89739227 38.26351547
v 35.64264297 14.10069656 27.95293617
v 34.95626450 14.11382484 28.15717506
v 34.94729233 14.11399651 28.16033363
v 31.15505981 14.21838760 32.15452957
v 31.13576317 14.21981144 32.22937775
v 36.56835175 14.30000019 39.78100586
v 41.16403961 14.30000019 37.82754135
v 41.00869370 14.30000019 38.00332260
v 40.93106079 14.30000019 38.07834625
v 40.68750381 14.30000019 38.31371307
v 40.61614227 14.30000019 38.37637711
v 39.88812256 14.30000019 38.91020966
v 40.26197433 14.30000019 38.65835190
v 40.42525864 14.30000019 38.52835464
v 39.08193207 14.30000019 39.32584381
v 39.29625702 14.30000019 39.22560883
v 39.49335861 14.30000019 39.13343048
v 39.88430786 14.30000019 38.91236877
v 38.32704163 14.30000019 39.58063507
v 38.54824448 14.30000019 39.52096176
v 38.66077423 14.30000019 39.48100662
v 38.98014832 14.30000019 39.36761856
v 38.10911179 14.30000019 39.63942719
v 37.28292084 14.30000019 39.76507568
v 37.63695908 14.30000019 39.72630310
v 37.66352081 14.30000019 39.72339630
v 37.98535919 14.30000019 39.66275024
v 37.08319855 14.30000019 39.78050232
v 37.21214294 14.30000019 39.77282333
v 36.62473297 14.30000019 39.78485489
v 36.92620087 14.30000019 39.78199387
v 35.72224426 14.30000019 39.68815231
v 35.85742950 14.30000019 39.70795059
v 36.17087936 14.30000019 39.75386047
v 36.21121216 14.30000019 39.75661469
v 35.27947998 14.30000019 39.58793259
v 35.50845337 14.30000019 39.63975906
v 34.68767548 14.30000019 39.39567184
v 35.12284088 14.30000019 39.54373169
v 35.16486740 14.30000019 39.55559158
v 33.86275864 14.30000019 39.00256348
v 33.89269638 14.30000019 39.01828384
v 34.26787186 14.30000019 39.21525955
v 34.50777054 14.30000019 39.31835556
v 33.35078430 14.30000019 38.67321777
v 33.47136307 14.30000019 38.75742340
v 32.63977814 14.30000019 38.07672882
v 32.76229095 14.30000019 38.18777847
v 32.98255157 14.30000019 38.38742828
v 33.31048584 14.30000019 38.64194489
v 31.93893242 14.30000019 37.25748062
v 32.02798843 14.30000019 37.37917328
v 32.03129578 14.30000019 37.38368988
v 32.25941467 14.30000019 37.66428757
v 32.32256699 14.30000019 37.74196243
v 32.50464249 14.30000019 37.93411636
v 31.51928329 14.30000496 36.57799149
v 31.62322235 14.30000210 36.76153564
v 31.68509483 14.30000019 36.87080002
v 31.81921768 14.30000019 37.07511520
v 31.34530830 14.29189014 36.18789291
v 31.45441818 14.29697990 36.43254852
v 31.08248901 14.27586079 35.37189484
v 31.01222229 14.26972198 35.04178238
v 31.06452560 14.27461720 35.30717468
v 31.18660545 14.28307056 35.74701309
v 31.18834496 14.28319073 35.75328827
v 31.31092644 14.28998470 36.09270096
v 31.33844948 14.29150963 36.16890717
v 30.91942787 14.25714302 34.33594131
v 30.90680122 14.25457191 34.18799591
v 30.90259933 14.24705601 33.73945999
v 30.98641396 14.23224926 32.89408112
v 30.99970055 14.23058987 32.80162811
v 31.03967476 14.22690296 32.60210419
v 30.98043442 14.23299503 32.93567657
v 30.93325996 14.23888206 33.26387405
v 30.90822792 14.24534798 33.63981247
v 30.90247536 14.24683475 33.72622299
v 30.93833923 14.26099491 34.55757904
v 30.94610023 14.26257610 34.64852905
v 30.97444153 14.26618576 34.85007477
v 31.80539322 14.18811131 30.70217705
v 31.77782822 14.18914509 30.74867439
v 31.70435905 14.19190121 30.87260056
v 31.70168686 14.19200134 30.87710762
v 31.53297234 14.19897938 31.20102692
v 32.34756851 14.17054749 29.95476723
v 32.33941650 14.17079735 29.96514893
v 32.26525116 14.17307186 30.05964088
v 32.11185455 14.17777634 30.25507736
v 32.06244278 14.17929077 30.31802940
v 31.90126610 14.18482208 30.55890083
v 33.11387634 14.15068626 29.19810486
v 33.48235321 14.14249706 28.91640854
v 33.47292709 14.14270687 28.92361641
v 34.70110703 14.11870480 28.24977303
v 34.75835037 14.11760998 28.22681618
v 33.86948395 14.13462448 28.66455650
v 33.68831635 14.13830853 28.78241730
v 34.29156494 14.12653732 28.43496323
v 34.27583313 14.12683773 28.44207954
v 34.17329407 14.12880325 28.49821663
v 32.66046524 14.16189480 29.61299133
v 32.58619690 14.16394901 29.69411469
v 33.00114441 14.15334606 29.29357719
v 32.83543777 14.15750408 29.44893837
v 31.50156212 14.20027924 31.26133537
v 31.48596382 14.20092392 31.29128647
v 31.38066101 14.20601177 31.53765488
v 31.30385208 14.20972347 31.71736717
v 31.24815750 14.21296597 31.88099670
v 31.18829346 14.21645164 32.05688477
v 35.19504929 14.10925770 28.07315254
v 31.47392273 14.30000019 31.31688309
v 34.73921204 14.30000019 28.23441696
v 34.35351562 14.30000019 28.40398979
v 35.13861465 14.30000019 28.09093475
v 35.55359268 14.30000019 27.97396278
v 41.81724167 14.30000019 37.64221573
v 41.54992294 14.30000019 37.96302414
v 34.48368454 14.30000019 39.45681000
v 35.97352982 14.30000019 27.88698387
v 38.08420181 14.30000019 27.89712524
v 37.66860199 14.30000019 27.83675385
v 41.25917435 14.30000019 38.26685715
v 40.94719696 14.30000019 38.55076981
v 31.66681099 14.30000019 30.93907166
v 31.88628387 14.30000019 30.57435989
v 36.39555359 14.30000019 27.83002090
v 36.82245255 14.30000019 27.80258560
v 37.24749374 14.30000019 27.80502319
v 39.65936279 14.30000019 28.41021156
v 39.28352737 14.30000019 28.24354553
v 35.25886917 14.30000019 39.74623489
v 34.11481094 14.30000019 39.27453995
v 33.75637436 14.30000019 39.06612778
v 32.17904663 14.30000019 37.63743210
v 32.45483780 14.30000019 37.96835327
v 32.98206711 14.30000019 29.31020355
v 32.67729187 14.30000019 29.59602547
v 40.02167511 14.30000019 28.60099220
v 40.37976456 14.30000019 28.82189178
v 40.72354889 14.30000019 29.06831360
v 40.61862564 14.30000019 38.81076050
v 40.28131485 14.30000019 39.04227066
v 39.92831802 14.30000019 39.25116348
v 39.54871368 14.30000019 39.44202423
v 39.15742111 14.30000019 39.60574722
v 38.74861526 14.30000019 39.74399948
v 38.33170319 14.30000019 39.85285950
v 37.91258240 14.30000019 39.93135071
v 36.63681412 14.30000019 39.98917770
v 36.21783447 14.30000019 39.94964600
v 35.80085373 14.30000019 39.88097382
v 35.66654205 14.30000019 39.84758377
v 32.12913132 14.30000019 30.22785950
v 32.39375305 14.30000019 29.90093613
v 33.63733292 14.30000019 28.81055260
v 33.98873901 14.30000019 28.59506798
v 38.49480820 14.30000019 27.98598671
v 38.89247894 14.30000019 28.10099030
v 41.05726242 14.30000019 29.34493446
v 34.86350250 14.30000019 39.61361313
v 33.41184235 14.30000019 38.83306122
v 33.07114029 14.30000019 38.56626892
v 32.75116348 14.30000019 38.27691650
v 31.70552444 14.30000019 36.92961121
v 33.30193329 14.30000019 29.04878235
v 41.36827850 14.30000019 29.64228630
v 42.06475067 14.30000019 37.29974747
v 42.28848267 14.30000019 36.94005585
v 42.48800278 14.30000019 36.56305313
v 42.66042328 14.30000019 36.17367935
v 37.48585510 14.30000019 39.98062134
v 37.06032181 14.30000019 39.99970245
v 31.92964554 14.30000019 37.29138947
v 42.80646133 14.30000019 35.76949310
v 42.92352295 14.30000019 35.35666656
v 43.01150131 14.30000019 34.93530655
v 43.06986237 14.30000019 34.50561523
v 43.09718704 14.30000019 34.08520889
v 43.08647537 14.30000019 33.66641617
v 43.07974625 14.30000019 33.40330124
v 43.03240967 14.30000019 32.99444580
v 42.95700073 14.30000019 32.58693695
v 42.85272217 14.30000019 32.18079758
v 42.72177887 14.30000019 31.78546906
v 42.56197739 14.30000019 31.39512634
v 42.37505722 14.30000019 31.01577568
v 42.16070938 14.30000019 30.64775658
v 41.92173386 14.30000019 30.29631424
v 41.65630722 14.30000019 29.95933914
v 35.47435760 14.09973717 33.57897186
v 35.03540421 14.09973717 33.48942947
v 35.43501282 14.09973717 33.59675598
v 35.07596588 14.09973717 33.55590439
v 35.14254761 14.09973717 33.59622955
v 35.13925552 14.09973717 33.08522797
v 35.03827667 14.09973717 33.17754745
v 35.58798981 14.09973717 33.34379578
v 35.03129196 14.09973717 33.19497299
v 35.19848633 14.09973717 33.63011551
v 35.28859711 14.09973717 33.63573837
v 35.34145355 14.09973717 33.63903809
v 35.55417252 14.09973717 33.48238754
v 35.54604340 14.09973717 33.49222565
v 35.45518494 14.09973717 33.09452438
v 35.43680191 14.09973717 33.08722305
v 35.54645157 14.09973717 33.19509125
v 35.55231094 14.09973717 33.20154572
v 35.00243759 14.09973717 33.43539429
v 34.99617767 14.09973717 33.34322357
v 34.99266052 14.09973717 33.29140091
v 35.14486694 14.09973717 33.08010101
v 35.28809738 14.09973717 33.04376984
v 35.33749008 14.09973717 33.04779434
v 38.31636810 14.09973717 35.20754623
v 38.22510147 14.09973717 35.10698700
v 38.20671844 14.09973717 35.09968567
v 37.90916824 14.09973717 35.09768677
v 37.80818939 14.09973717 35.19001007
v 37.80120850 14.09973717 35.20743561
v 38.05851746 14.09973717 35.64820099
v 38.11136627 14.09973717 35.65150070
v 37.76609421 14.09973717 35.35568237
v 37.77235031 14.09973717 35.44785309
v 37.80532074 14.09973717 35.50188828
v 37.96840286 14.09973717 35.64257431
v 37.91246033 14.09973717 35.60868835
v 37.84587860 14.09973717 35.56836319
v 38.20492935 14.09973717 35.60921478
v 38.24427414 14.09973717 35.59143448
v 38.31595612 14.09973717 35.50468826
v 38.05801392 14.09973717 35.05622864
v 37.91477966 14.09973717 35.09255981
v 38.10740662 14.09973717 35.06025696
v 37.76257324 14.09973717 35.30385971
v 38.32222748 14.09973717 35.21400833
v 38.35790634 14.09973717 35.35625839
v 38.32408905 14.09973717 35.49485016
v 35.65006638 14.09973717 35.35568237
v 35.65632629 14.09973717 35.44785309
v 35.68929291 14.09973717 35.50188828
v 35.72985458 14.09973717 35.56836319
v 35.79643631 14.09973717 35.60868835
v 36.08890152 14.09973717 35.60921478
v 36.12824631 14.09973717 35.59143448
v 36.19992828 14.09973717 35.50468826
v 36.20619965 14.09973717 35.21400833
v 36.20034027 14.09973717 35.20754623
v 35.79314423 14.09973717 35.09768677
v 35.85237503 14.09973717 35.64257431
v 35.94248581 14.09973717 35.64820099
v 35.99533844 14.09973717 35.65150070
v 36.24187851 14.09973717 35.35625839
v 35.69216156 14.09973717 35.19001007
v 35.68518066 14.09973717 35.20743561
v 36.20806122 14.09973717 35.49485016
v 35.64654922 14.09973717 35.30385971
v 35.94198990 14.09973717 35.05622864
v 35.79875183 14.09973717 35.09255981
v 35.99137878 14.09973717 35.06025696
v 36.09069061 14.09973717 35.09968567
v 36.10907364 14.09973717 35.10698700
v 38.49976730 14.09973717 33.55590439
v 38.56635284 14.09973717 33.59622955
v 39.01179123 14.09973717 33.34379578
v 38.45920944 14.09973717 33.48942947
v 38.41998291 14.09973717 33.34322357
v 38.42623901 14.09973717 33.43539429
v 38.76525497 14.09973717 33.63903809
v 38.85881805 14.09973717 33.59675598
v 38.71240616 14.09973717 33.63573837
v 38.62229156 14.09973717 33.63011551
v 38.97797775 14.09973717 33.48238754
v 38.96984482 14.09973717 33.49222565
v 38.89815903 14.09973717 33.57897186
v 38.87899399 14.09973717 33.09452438
v 38.86060333 14.09973717 33.08722305
v 38.97025681 14.09973717 33.19509125
v 38.97611237 14.09973717 33.20154572
v 38.41646576 14.09973717 33.29140091
v 38.45509720 14.09973717 33.19497299
v 38.46208191 14.09973717 33.17754745
v 38.56305695 14.09973717 33.08522797
v 38.56866837 14.09973717 33.08010101
v 38.71190262 14.09973717 33.04376984
v 38.76129532 14.09973717 33.04779434
v 35.13939285 18.59973717 33.08722305
v 35.23870468 18.59973717 33.04779434
v 35.12100983 18.59973717 33.09452438
v 35.02974319 18.59973717 33.19509125
v 35.02388382 18.59973717 33.20154572
v 34.98820496 18.59973717 33.34379578
v 35.02202225 18.59973717 33.48238754
v 35.03015518 18.59973717 33.49222565
v 35.10183716 18.59973717 33.57897186
v 35.14118195 18.59973717 33.59675598
v 35.23474503 18.59973717 33.63903809
v 35.28759766 18.59973717 33.63573837
v 35.37770844 18.59973717 33.63011551
v 35.43365097 18.59973717 33.59622955
v 35.50023270 18.59973717 33.55590439
v 35.54079056 18.59973717 33.48942947
v 35.57376099 18.59973717 33.43539429
v 35.58001709 18.59973717 33.34322357
v 35.58353424 18.59973717 33.29140091
v 35.54490280 18.59973717 33.19497299
v 35.53792191 18.59973717 33.17754745
v 35.43694305 18.59973717 33.08522797
v 35.43133163 18.59973717 33.08010101
v 35.28809738 18.59973717 33.04376984
v 37.90930939 18.59973717 35.09968567
v 38.00861740 18.59973717 35.06025696
v 37.89092636 18.59973717 35.10698700
v 37.79965973 18.59973717 35.20754623
v 37.79380035 18.59973717 35.21400833
v 37.75812149 18.59973717 35.35625839
v 37.79193878 18.59973717 35.49485016
v 37.80007172 18.59973717 35.50468826
v 37.87175751 18.59973717 35.59143448
v 37.91109848 18.59973717 35.60921478
v 38.00465775 18.59973717 35.65150070
v 38.05751419 18.59973717 35.64820099
v 38.14762497 18.59973717 35.64257431
v 38.20356369 18.59973717 35.60868835
v 38.27014542 18.59973717 35.56836319
v 38.31070709 18.59973717 35.50188828
v 38.34367371 18.59973717 35.44785309
v 38.34993362 18.59973717 35.35568237
v 38.35345078 18.59973717 35.30385971
v 38.31481552 18.59973717 35.20743561
v 38.30783463 18.59973717 35.19001007
v 38.20685577 18.59973717 35.09768677
v 38.20124817 18.59973717 35.09255981
v 38.05801392 18.59973717 35.05622864
v 35.79328156 18.59973717 35.09968567
v 35.89259338 18.59973717 35.06025696
v 35.77489853 18.59973717 35.10698700
v 35.68363190 18.59973717 35.20754623
v 35.67777252 18.59973717 35.21400833
v 35.64209366 18.59973717 35.35625839
v 35.67591476 18.59973717 35.49485016
v 35.68404388 18.59973717 35.50468826
v 35.75572586 18.59973717 35.59143448
v 35.79507065 18.59973717 35.60921478
v 35.88863373 18.59973717 35.65150070
v 35.94148636 18.59973717 35.64820099
v 36.03159714 18.59973717 35.64257431
v 36.08753586 18.59973717 35.60868835
v 36.15411758 18.59973717 35.56836319
v 36.19467926 18.59973717 35.50188828
v 36.22764969 18.59973717 35.44785309
v 36.23390579 18.59973717 35.35568237
v 36.23742294 18.59973717 35.30385971
v 36.19879150 18.59973717 35.20743561
v 36.19181061 18.59973717 35.19001007
v 36.09082794 18.59973717 35.09768677
v 36.08522034 18.59973717 35.09255981
v 35.94198990 18.59973717 35.05622864
v 38.56319809 18.59973717 33.08722305
v 38.66250992 18.59973717 33.04779434
v 38.54481125 18.59973717 33.09452438
v 38.45354462 18.59973717 33.19509125
v 38.44768906 18.59973717 33.20154572
v 38.41201401 18.59973717 33.34379578
v 38.44582748 18.59973717 33.48238754
v 38.45396042 18.59973717 33.49222565
v 38.52564621 18.59973717 33.57897186
v 38.56498337 18.59973717 33.59675598
v 38.65854645 18.59973717 33.63903809
v 38.71139908 18.59973717 33.63573837
v 38.80151367 18.59973717 33.63011551
v 38.85745239 18.59973717 33.59622955
v 38.92403412 18.59973717 33.55590439
v 38.96459579 18.59973717 33.48942947
v 38.99756622 18.59973717 33.43539429
v 39.00381851 18.59973717 33.34322357
v 39.00733948 18.59973717 33.29140091
v 38.96870422 18.59973717 33.19497299
v 38.96172333 18.59973717 33.17754745
v 38.86074448 18.59973717 33.08522797
v 38.85513687 18.59973717 33.08010101
v 38.71190262 18.59973717 33.04376984
v 35.00814056 18.59973717 32.75000000
v 35.00814056 18.59973717 35.04999924
v 34.69999695 18.59973717 33.90000153
v 38.99185562 18.59973717 32.75000000
v 38.99185562 18.59973717 35.04999924
v 38.15000153 18.59973717 35.89185715
v 35.84999847 18.59973717 31.90814400
v 39.29999924 18.59973717 33.90000153
v 35.84999847 18.59973717 35.89185715
v 38.15000153 18.59973717 31.90814400
v 37.00000000 18.59973717 31.59999847
v 37.00000000 18.59973717 36.20000076
v 39.50000000 18.39973640 33.90000153
v 39.16506577 18.39973640 35.14999771
v 38.25000000 18.39973640 36.06506348
v 37.00000000 18.39973640 36.40000153
v 35.75000000 18.39973640 36.06506348
v 34.83493805 18.39973640 35.14999771
v 34.50000000 18.39973640 33.90000153
v 34.83493805 18.39973640 32.65000153
v 35.75000000 18.39973640 31.73493576
v 37.00000000 18.39973640 31.39999962
v 38.25000000 18.39973640 31.73493576
v 39.16506577 18.39973640 32.65000153
v 32.00000000 17.41244316 36.68049240
v 32.00000000 17.20563316 37.39428329
v 32.21132660 17.42077827 37.03045654
v 32.44791794 17.21922874 37.96060944
v 32.96628189 17.44202995 37.79801559
v 41.99979019 17.41946220 37.39401627
v 42.00000000 17.64953041 36.68049240
v 41.36323929 17.40128708 38.11988831
v 41.03457260 17.61975670 37.80894470
v 41.11493683 17.39419746 38.40303040
v 40.52087402 17.60391426 38.40938950
v 38.52937698 17.56226349 39.37544632
v 38.64658356 17.34387207 39.77356339
v 40.02806473 17.37050629 39.19535828
v 39.88138580 17.59053993 38.71959686
v 40.11521912 17.37240791 39.13182449
v 40.62989426 17.38362503 38.75662613
v 38.29027557 17.33707047 39.83260345
v 38.36206055 17.55876350 39.45661163
v 37.33591461 17.31885719 39.99074554
v 36.99629974 17.53091049 39.49748230
v 37.00119019 17.31246758 39.97476959
v 36.08552551 17.29498482 39.93106079
v 35.97263718 17.51003647 39.52811432
v 35.71336746 17.28785133 39.82995605
v 35.48686218 17.50006294 39.32954025
v 35.36274719 17.28113365 39.73469925
v 32.62925720 17.22363091 38.12289047
v 33.35825729 17.24132347 38.77525711
v 33.79067230 17.46523857 38.63617706
v 33.46779251 17.24398232 38.87327957
v 34.09462738 17.47147942 38.76042557
v 33.89674377 17.25248528 39.10696030
v 34.73697281 17.26914215 39.56468964
v 42.00000000 17.33134079 37.39428329
v 41.35841751 17.31322289 38.11533737
v 41.05243683 17.30458260 38.45922470
v 40.62952423 17.29560089 38.75482178
v 40.10714340 17.28450775 39.11994171
v 39.88989639 17.27989578 39.27178192
v 38.64324188 17.25599480 39.76175308
v 38.54178619 17.25405121 39.80162811
v 38.29155731 17.24925423 39.83618927
v 37.11657333 17.22673607 39.99848175
v 37.00123215 17.22452354 39.98708725
v 33.36303711 17.15351486 38.76337051
v 33.90015030 17.16450310 39.10656738
v 34.34769821 17.17365646 39.39253998
v 35.36252213 17.19311333 39.74351501
v 35.69308090 17.19945145 39.85783768
v 35.70513916 17.19968224 39.85903168
v 33.13098526 17.14876747 38.61509705
v 32.64554977 17.13572311 38.10960007
v 32.13276291 17.12194252 37.57561874
v 32.00024033 17.11748886 37.39389420
v 37.00000000 14.09973717 31.39999962
v 37.89993286 14.09973717 31.56759644
v 38.67976761 14.09973717 32.04830551
v 38.22835922 14.09973717 31.77004623
v 39.46724701 14.09973717 33.89715576
v 39.48823929 14.09973717 33.65558243
v 39.23475266 14.09973717 32.77882385
v 39.14719391 14.09973717 32.66357803
v 39.40876389 14.09973717 34.57011032
v 39.13050461 14.09973717 35.13291550
v 38.99447632 14.09973717 35.40803909
v 38.31494141 14.09973717 36.02686691
v 37.53110504 14.09973717 36.34333420
v 38.24584198 14.09973717 36.05476379
v 36.61542892 14.09973717 36.37063217
v 36.99878311 14.09973717 36.35920334
v 34.86905289 14.09973717 35.13200760
v 35.03434372 14.09973717 35.44536972
v 35.72486496 14.09973717 36.05094528
v 35.75162125 14.09973717 36.06055069
v 34.61521530 14.09973717 34.65076065
v 34.52397156 14.09973717 33.89709854
v 34.50497055 14.09973717 33.74016190
v 34.67552948 14.09973717 32.97976303
v 35.16189575 14.09973717 32.20540619
v 34.86915207 14.09973717 32.67149353
v 36.77485657 14.09973717 31.40993881
v 35.89641953 14.09973717 31.65654373
v 35.76487350 14.09973717 31.75484085
v 40.13736343 14.42143250 32.68532562
v 40.13238907 14.42246246 32.65398407
v 40.13238907 14.24746227 32.65398407
v 36.52441025 15.27244568 30.58032227
v 36.45227051 15.27494240 30.57368088
v 36.45227051 15.09994316 30.57368088
v 38.41436005 17.75537872 36.85504913
v 39.00043106 17.77594376 36.61342621
v 38.74706268 17.59205437 36.71788406
v 34.24268723 14.09973717 35.83948898
v 34.43566895 14.10893822 36.03507996
v 34.98380280 14.09973717 36.60201263
v 35.02377701 14.13697815 36.63111115
v 35.02677917 14.09973717 36.62565994
v 35.12091064 14.14038754 36.67423248
v 35.79878998 14.09973717 37.05052567
v 35.96457672 14.16999054 37.04875565
v 36.30844879 14.09973717 37.15646362
v 36.29989624 14.18175697 37.19761658
v 36.79324341 14.19883156 37.26476669
v 38.67852402 14.26547909 36.76617050
v 38.70487976 14.09973717 36.80863953
v 38.43693161 14.25571537 36.94953156
v 38.42519760 14.09973717 36.92007828
v 37.82920074 14.23468304 37.06608200
v 37.76476669 14.09973717 37.18321991
v 36.88368988 14.20196152 37.24742126
v 36.84537125 14.09973717 37.26807022
v 36.79474258 14.09973717 37.25754547
v 40.37111282 17.88098717 33.90000153
v 40.37111282 17.70598602 33.90000153
v 40.14642334 17.85010719 34.80061722
v 40.16931915 17.67825317 34.70883560
v 39.97604752 17.82669067 35.48352051
v 39.97604752 17.65168953 35.48352051
v 39.81064224 17.81808853 35.67508698
v 39.93447113 17.64952850 35.53167343
v 39.18293381 17.78543663 36.40206146
v 39.36682892 17.62000275 36.18908310
v 39.00043106 17.60094452 36.61342621
v 37.54252243 17.72478676 37.21448517
v 37.97538376 17.56497383 37.03602600
v 37.49311447 17.72305107 37.23485565
v 37.49311447 17.54805183 37.23485565
v 37.16086960 17.53655434 37.20293427
v 36.58828735 17.69173813 37.14792633
v 36.29265976 17.50650787 37.11952591
v 35.88100052 17.66725922 37.07997894
v 35.88100052 17.49225998 37.07997894
v 35.68713760 17.65983391 36.95373154
v 35.52597427 17.47865868 36.84878540
v 34.91560745 17.63027382 36.45132065
v 34.82878494 17.45194626 36.39478302
v 34.54428101 17.61604500 36.20951462
v 34.54428101 17.44104576 36.20951462
v 34.45259476 17.43641472 36.10797119
v 34.45259476 17.61141586 36.10797119
v 34.28486252 17.59873962 35.78187180
v 34.27970505 17.42335129 35.77183914
v 33.84230423 17.56529236 34.92144775
v 33.88032150 17.39316559 34.99536514
v 33.72232056 17.55622673 34.68818283
v 33.72232056 17.38122749 34.68818283
v 33.69586945 17.53494263 34.01778793
v 33.70262909 17.36538506 34.18914795
v 33.67041016 17.51445961 33.37252045
v 33.67041016 17.33945847 33.37252045
v 33.77733994 17.50501823 33.11927795
v 33.67438889 17.33910942 33.36310196
v 34.15227509 17.47191811 32.23133087
v 34.00755692 17.30969429 32.57406998
v 34.30000305 17.45887566 31.88148117
v 34.30000305 17.28387642 31.88148117
v 34.38591003 17.28013229 31.80615616
v 34.73246384 17.44002533 31.50228500
v 35.02944183 17.25207901 31.24188995
v 35.35167313 17.41303062 30.95934868
v 35.35167313 17.23803139 30.95934868
v 35.44658661 17.40974808 30.93366241
v 35.72871399 17.22498322 30.85731316
v 36.35217667 17.37840652 30.68859291
v 36.55748749 17.19630051 30.63303185
v 36.94038010 17.35804939 30.52941322
v 36.94038010 17.18305016 30.52941322
v 37.28227997 17.34621811 30.59830666
v 37.39810181 17.16720963 30.62164688
v 38.21903992 17.31379890 30.78706551
v 38.24025726 17.13806343 30.79133987
v 38.36032104 17.30891037 30.81553268
v 38.36032104 17.13390923 30.81553268
v 38.96780396 17.28395462 31.28669739
v 38.91220474 17.11123848 31.24357605
v 39.58493805 17.08360291 31.76534843
v 39.64906693 17.25596809 31.81508636
v 39.64906693 17.08096886 31.81508636
v 39.68327332 17.25310516 31.89090729
v 40.08053970 17.21984100 32.77134323
v 39.97173691 17.05395317 32.53020096
v 40.31608200 17.20011902 33.29336548
v 40.31608200 17.02511978 33.29336548
v 40.31493378 17.02448463 33.31312561
v 40.29510117 17.18850517 33.65445709
v 40.24152756 17.15883827 34.57654190
v 40.26703262 16.99795914 34.13763809
v 40.22351837 17.14886284 34.88658524
v 35.27452850 16.77124023 36.78796387
v 35.24657822 16.94527245 36.77922058
v 36.06875229 16.79874420 37.03643417
v 35.92133713 16.96863937 36.99031448
v 36.79991150 16.82406235 37.26517105
v 36.79991150 16.99906158 37.26517105
v 36.89224625 16.82725716 37.24789429
v 36.83279419 17.00020027 37.25902176
v 37.74589539 16.85680008 37.08820343
v 37.77898407 17.03294563 37.08201599
v 38.40302658 16.87954140 36.96527863
v 38.40302658 17.05454254 36.96527863
v 38.54658508 16.88490486 36.87226105
v 38.64904404 17.06373405 36.80587006
v 39.22443008 16.91022682 36.43304443
v 39.22443008 17.08522606 36.43304443
v 39.23880768 16.91108894 36.41255188
v 39.36379623 17.09359169 36.23439026
v 39.73354721 16.94078636 35.70734787
v 39.91834641 17.12687874 35.44393158
v 40.13886642 16.96511459 35.12960434
v 40.13886642 17.14011383 35.12960434
v 40.19211960 16.97061920 34.97672272
v 40.22351837 16.97386360 34.88658524
v 35.24657822 16.77027321 36.77922058
v 35.22302628 16.76943207 36.76474380
v 35.22302628 16.94443130 36.76474380
v 35.09921265 16.93844604 36.63651276
v 34.44192123 16.90666962 35.95574951
v 34.68264008 16.74330521 36.20505905
v 34.07468796 16.88891411 35.57539749
v 34.08219528 16.71427727 35.58317566
v 34.07468796 16.71391487 35.57539749
v 33.93975830 16.87431717 35.16623306
v 33.80636215 16.68488503 34.76173019
v 33.65191650 16.84317589 34.29339981
v 33.65191650 16.66817665 34.29339981
v 33.65562057 16.84223175 34.26450729
v 33.69512558 16.65715408 33.95613098
v 33.77212906 16.81250954 33.35500717
v 33.80150223 16.63001442 33.12570572
v 33.85919571 16.79029655 32.67535019
v 33.85919571 16.61529732 32.67535019
v 34.00334930 16.78118324 32.45450211
v 34.08035660 16.60131454 32.33652878
v 34.53207397 16.74775696 31.64447784
v 34.55632019 16.57122421 31.60733032
v 34.61481857 16.74252510 31.51770592
v 34.61481857 16.56752586 31.51770592
v 35.27983475 16.71752930 31.10937881
v 35.23917007 16.54405785 31.13434982
v 35.94535065 16.51751328 30.70074844
v 35.95458221 16.69216728 30.69507980
v 35.95458221 16.51716614 30.69507980
v 36.08353043 16.68770409 30.68548584
v 37.04369736 16.65447426 30.61405754
v 36.80162811 16.48785210 30.63206482
v 37.55969238 16.63661766 30.57567215
v 37.55969238 16.46161652 30.57567215
v 37.95949554 16.62256622 30.74615669
v 37.65594482 16.45823288 30.61671829
v 38.81076050 16.59264755 31.10915184
v 38.43638229 16.43080521 30.94951057
v 39.01144791 16.58559418 31.19472885
v 39.01144791 16.41059494 31.19472885
v 39.13574982 16.40390587 31.34612274
v 39.46467590 16.56120682 31.74674606
v 39.68270111 16.37447548 32.01229858
v 40.04508209 16.52997780 32.45366287
v 40.04508209 16.35497665 32.45366287
v 40.05460358 16.52841949 32.50003052
v 40.10366440 16.34539986 32.73886108
v 40.24612808 16.49710846 33.43243790
v 40.27563095 16.31728745 33.57605743
v 40.36864853 16.47707939 34.02890015
v 40.36864853 16.30208015 34.02890015
v 40.28325653 16.46696472 34.31714630
v 40.26785660 16.29014015 34.36913300
v 40.01248169 16.43488503 35.23115921
v 40.02352905 16.26119423 35.19387817
v 39.89528275 16.42099953 35.62677383
v 39.89528275 16.24600029 35.62677383
v 39.52480316 16.40254211 36.02873230
v 39.61589050 16.23208046 35.92990494
v 38.95663452 16.37423325 36.64517593
v 39.03461075 16.20312119 36.56057358
v 38.95663452 16.19923401 36.64517593
v 38.86219025 16.37093353 36.68232346
v 38.00452423 16.34095001 37.01968002
v 38.29975510 16.17626953 36.90355682
v 37.43791962 16.32114220 37.24254990
v 37.50592041 16.14851952 37.21579742
v 37.43791962 16.14614296 37.24254990
v 37.09849548 16.30939484 37.20398712
v 36.65000916 16.11887550 37.15303040
v 36.13927078 16.27619934 37.09500122
v 35.82339859 16.09026718 37.05911636
v 35.82339859 16.26526833 37.05911636
v 35.80398178 16.08951187 37.04594803
v 35.32495499 16.24589920 36.72114182
v 35.12108994 16.06298065 36.58290482
v 34.55279922 16.21589851 36.19756699
v 34.50061035 16.03886986 36.16217804
v 34.50061035 16.21387100 36.16217804
v 34.43960190 16.03551865 36.08557892
v 34.23598862 16.19933319 35.82993698
v 34.23598862 16.02433395 35.82993698
v 34.06374359 16.18313789 35.38895798
v 34.03900146 16.00580978 35.32560730
v 33.71518707 16.15036011 34.49658966
v 33.72488022 15.97627258 34.52140808
v 33.65965271 16.14513779 34.35440445
v 33.65965271 15.97013855 34.35440445
v 33.62932205 15.95435619 33.84584427
v 33.62932205 16.12935638 33.84584427
v 33.69393539 16.12089157 33.60075378
v 33.66435623 15.94976711 33.71295547
v 33.93569565 16.08922577 32.68375015
v 33.88018799 15.92149544 32.89429092
v 34.04073334 16.07546616 32.28532791
v 34.04073334 15.90046692 32.28532791
v 34.41122818 16.05708313 31.88589287
v 34.19834518 15.89264679 32.11540985
v 35.05603409 16.02509117 31.19071198
v 34.78733063 15.86342239 31.48040962
v 35.16770935 16.01954842 31.07031441
v 35.16770935 15.84455013 31.07031441
v 35.41598892 15.83592987 30.97548676
v 35.86927032 15.99518967 30.80236626
v 36.20489502 15.80853558 30.67417908
v 36.47943878 15.97400188 30.56932068
v 36.47943878 15.79900265 30.56932068
v 36.77581406 15.96374607 30.59449387
v 37.04524994 15.77942085 30.61738014
v 37.73950958 15.93039417 30.67635155
v 37.90979385 15.74950123 30.69081688
v 38.07487488 15.91878796 30.70483971
v 38.07487488 15.74378872 30.70483971
v 38.57126236 15.89983749 31.02286530
v 38.63395691 15.72244453 31.06303406
v 39.35216522 15.87002373 31.52317619
v 39.33880234 15.69553471 31.51461029
v 39.45342636 15.86615849 31.58805466
v 39.45342636 15.69115734 31.58805466
v 39.85343170 15.83725548 32.32143021
v 39.79945755 15.66615486 32.22248077
v 40.27212906 15.80700302 33.08908844
v 40.21479416 15.63614655 32.98397064
v 40.27212906 15.63200378 33.08908844
v 40.29066849 15.80429459 33.16878891
v 40.29410934 15.62879086 33.18358612
v 40.29410934 15.80379200 33.18358612
v 40.27730942 15.77480507 34.08921814
v 40.28262329 15.60896969 33.80285645
v 40.26527023 15.75403690 34.73810959
v 40.26717377 15.58231926 34.63553619
v 40.26527023 15.57903671 34.73810959
v 40.13742447 15.74415302 34.99401474
v 39.92597961 15.55281067 35.41725922
v 39.70477295 15.71071148 35.86005020
v 39.63107300 15.53001404 36.00757217
v 39.63107300 15.70501518 36.00757217
v 39.46888351 15.52336979 36.13302231
v 39.01224899 15.67965889 36.48621750
v 38.79822540 15.49589062 36.65176010
v 38.37855911 15.65369606 36.97636032
v 38.37855911 15.47869587 36.97636032
v 38.28936386 15.47560883 37.01479340
v 38.28936386 15.65060997 37.01479340
v 34.03725433 15.31125546 35.50827408
v 34.03725433 15.48625565 35.50827408
v 34.13971329 15.49134064 35.61878967
v 38.27207184 15.65001011 37.01736069
v 38.09680176 15.46894455 37.04336929
v 37.33266068 15.61749935 37.15676880
v 37.24287415 15.43939209 37.17008972
v 36.67073441 15.59459114 37.25499725
v 36.67073441 15.41959095 37.25499725
v 36.39813614 15.58513165 37.15998077
v 36.40288544 15.41029644 37.16163254
v 35.50736618 15.55421925 36.84949112
v 35.59766388 15.38235283 36.88096619
v 35.17245865 15.54259777 36.73275375
v 35.17245865 15.36759758 36.73275375
v 34.79273987 15.52375126 36.32316971
v 34.92252350 15.35519314 36.46316910
v 34.33662033 15.32611370 35.83118057
v 33.82827759 15.45929718 34.72946548
v 33.92803955 15.29716682 35.10126114
v 33.63011551 15.43373394 33.99094772
v 33.70604324 15.26852894 34.27391815
v 33.63011551 15.25873375 33.99094772
v 33.66072083 15.42856216 33.83621216
v 33.73232269 15.24146461 33.47426605
v 33.84248352 15.39785194 32.91740036
v 33.89861298 15.21336842 32.63364410
v 33.91855240 15.38500023 32.53285599
v 33.91855240 15.21000004 32.53285599
v 34.26832581 15.36566830 32.08980179
v 34.39101028 15.18388748 31.93439865
v 34.86106873 15.33290863 31.33898926
v 34.92102051 15.15459538 31.26305008
v 34.95500946 15.32771683 31.21999550
v 34.95500946 15.15271664 31.21999550
v 35.65354156 15.30309582 30.91846275
v 35.65903854 15.12790203 30.91609192
v 36.43909454 15.10040665 30.57936859
v 37.48522186 15.23919392 30.66878891
v 37.30057144 15.07058430 30.65178680
v 38.14591599 15.21632957 30.72962379
v 38.14591599 15.04132938 30.72962379
v 38.15206146 15.04109859 30.73345566
v 38.37943268 15.20757008 30.87519836
v 39.16187668 15.17822361 31.36297607
v 38.44337082 14.78093910 36.94648743
v 38.44337082 14.95593834 36.94648743
v 38.48785782 14.95780754 36.91025162
v 38.85458755 15.01474762 31.17141342
v 39.34207153 14.99646473 31.47530937
v 39.34207153 15.17146397 31.47530937
v 39.48436356 14.98719311 31.70247841
v 39.73407364 15.14592457 32.10112381
v 39.94743729 14.95702362 32.44174957
v 40.20370483 15.11532688 32.85086823
v 40.20370483 14.94032669 32.85086823
v 40.20957565 15.11289787 32.92614746
v 40.23259354 14.92837334 33.22133255
v 40.28214264 15.08286858 33.85676956
v 40.29738617 14.90156078 34.05226898
v 40.32761002 15.06405449 34.43984604
v 40.32761002 14.88905430 34.43984604
v 40.19605637 15.05254173 34.74800491
v 40.15235519 14.87371826 34.85037231
v 39.81705093 15.01937389 35.63582993
v 39.81019592 14.84377480 35.65187836
v 39.69158936 15.00839520 35.92971802
v 39.69158936 14.83339500 35.92971802
v 39.20191956 14.98781681 36.32859039
v 39.26136398 14.81531429 36.28017044
v 38.61305618 14.78806973 36.80826569
v 37.58409119 14.92620087 37.15072632
v 37.84453201 14.76021385 37.08882141
v 37.08177185 14.90881634 37.27012253
v 37.08177185 14.73381615 37.27012253
v 37.00248337 14.73107243 37.25235367
v 36.64949417 14.89385700 37.17325211
v 35.71947098 14.86167049 36.96484375
v 36.15686798 14.70180798 37.06286240
v 35.48785400 14.67865562 36.91294098
v 35.48785400 14.85365486 36.91294098
v 35.36041641 14.67402649 36.83372879
v 34.96755600 14.83475971 36.58953476
v 34.96755600 14.65975952 36.58953476
v 34.92624283 14.83251095 36.53835297
v 34.73539352 14.64712143 36.30191040
v 34.32838058 14.79996681 35.79767990
v 34.19002151 14.61743450 35.62627411
v 33.94221115 14.77894592 35.31927490
v 33.94221115 14.60394669 35.31927490
v 33.86916733 14.76762104 34.98360443
v 33.84295273 14.58855724 34.86314774
v 33.66886139 14.73656654 34.06314850
v 33.66311264 14.56067562 34.03673935
v 33.62894821 14.73037815 33.87973022
v 33.62894821 14.55537796 33.87973022
v 33.81116486 14.70606804 33.17379761
v 33.79477692 14.53325367 33.23727798
v 34.04027176 14.67549992 32.28617477
v 34.01050186 14.50447178 32.40151596
v 34.04027176 14.50049973 32.28617477
v 34.06275940 14.67408562 32.25194550
v 34.34360886 14.48141193 31.82443237
v 34.34360886 14.65641212 31.82443237
v 34.49738312 14.47507000 31.70410538
v 34.69681549 14.64184570 31.54805756
v 35.42798615 14.61169243 30.97593498
v 35.16645050 14.44747734 31.18058205
v 35.62419510 14.42860031 30.82240868
v 35.62419510 14.60359955 30.82240868
v 35.85913086 14.42046928 30.77682877
v 36.29192734 14.58049202 30.69286156
v 36.70633316 14.39115047 30.61246490
v 37.12515259 14.55165577 30.53120995
v 37.12515259 14.37665558 30.53120995
v 37.23312378 14.54791927 30.56231499
v 37.54403305 14.36215878 30.65188217
v 38.15137863 14.51613998 30.82684517
v 38.36543274 14.33373260 30.88850975
v 38.68624878 14.49762917 30.98093033
v 38.68624878 14.32262897 30.98093033
v 38.98012924 14.48634052 31.18792343
v 39.08742905 14.30721855 31.26350021
v 39.18058777 14.47863960 31.32911682
v 39.18058777 14.30363941 31.32911682
v 39.58899307 14.45453548 31.89759636
v 39.61247253 14.27814960 31.93028259
v 40.11934280 14.24823189 32.63582230
v 40.28554916 14.39072990 33.61907196
v 40.26276398 14.22045231 33.47547913
v 40.36425400 14.37442589 34.11496735
v 40.36425400 14.19942570 34.11496735
v 40.23764038 14.36055470 34.50468063
v 40.31074142 14.19356251 34.27967834
v 39.94113159 14.32807064 35.41732025
v 40.04662323 14.16462708 35.09261703
v 39.84818649 14.31788826 35.70339966
v 39.84818649 14.14288902 35.70339966
v 39.71403503 14.13514996 35.88410950
v 39.55054474 14.30072117 36.10434723
v 39.55054474 14.12572098 36.10434723
v 39.42307281 14.29556942 36.20108795
v 39.11629105 14.10629845 36.50166702
v 38.96958923 14.09973717 36.63589859
v 42.00000000 17.23744392 31.11950684
v 42.00000000 17.06244469 31.11950684
v 41.84518433 17.06864548 30.85774040
v 40.29321289 17.11336136 29.22176361
v 40.44491196 17.28486061 29.33231544
v 41.03214264 17.09206963 30.00069237
v 41.02576447 17.26715088 29.99986649
v 41.80366135 17.24342918 30.89386368
v 38.12853622 17.15797424 28.29129601
v 38.26100540 17.33027267 28.31958580
v 38.51675797 17.14997101 28.45816994
v 38.52252197 17.32483482 28.44085884
v 39.89878464 17.12149048 29.05222130
v 39.88665771 17.29646873 29.07344055
v 40.27787018 17.28833389 29.25485611
v 35.73899841 17.20670319 28.31958580
v 35.87146378 17.37900162 28.29129601
v 37.00148773 17.18095779 28.30463982
v 36.99851227 17.35601807 28.30463982
v 38.12821960 17.33298111 28.31801414
v 33.55509186 17.25211143 29.33231544
v 33.70678711 17.42361259 29.22176361
v 34.11334229 17.24050331 29.07344055
v 34.10121918 17.41548347 29.05222130
v 35.47747421 17.21213913 28.44085884
v 35.48324585 17.38700104 28.45816994
v 35.74938583 17.38151550 28.34377098
v 32.00000000 17.29953003 31.11950684
v 32.00000000 17.47453117 31.11950684
v 32.15481567 17.46832848 30.85774040
v 32.97423172 17.26982307 29.99986649
v 32.96785355 17.44490242 30.00069237
v 33.57973862 17.42727280 29.35569191
v 32.00000000 17.58744431 36.68049240
v 33.55509186 17.63486099 38.46768188
v 32.97423172 17.61714935 37.80013275
v 32.26436234 17.59550476 36.98431396
v 35.73899841 17.68027306 39.48041534
v 35.47747421 17.67483330 39.35914230
v 34.11334229 17.64646912 38.72656250
v 33.81328583 17.64023209 38.58741760
v 38.12853622 17.72900200 39.50870514
v 37.00148773 17.70601845 39.49536133
v 35.97316742 17.68504715 39.48318481
v 40.48535156 17.77915001 38.37569809
v 40.29321289 17.77361298 38.57823563
v 39.89878464 17.76548195 38.74777603
v 38.51675797 17.73700142 39.34183121
v 38.34454727 17.73345375 39.41585541
v 41.03214264 17.79490280 37.79930496
v 41.84518433 17.81832886 36.94226074
v 42.00000000 17.82453156 36.68049240
v 38.63725281 16.93113327 28.06529999
v 32.00020981 17.06946182 30.40598297
v 32.63676071 17.05128670 29.68011093
v 32.88506317 17.04419708 29.39696884
v 33.97193527 17.02050591 28.60464096
v 33.88478088 17.02240753 28.66817665
v 33.37009811 17.03362465 29.04338074
v 35.35228729 16.99389267 28.02690887
v 36.66408920 16.96885681 27.80925751
v 35.70969772 16.98707008 27.96739960
v 38.28659821 16.93785095 27.97003555
v 37.91447830 16.94498444 27.86893654
v 36.99881363 16.96246719 27.82523346
v 40.64170456 16.89132500 29.02470970
v 40.53220749 16.89398193 28.92672157
v 40.10325241 16.90248680 28.69304085
v 39.26302719 16.91914177 28.23531151
v 42.00000000 16.85563278 30.40571976
v 41.55208206 16.86922836 29.83938980
v 41.37074280 16.87363052 29.67711067
v 34.10121918 16.94648933 38.74777603
v 33.70677948 16.93836021 38.57823181
v 32.00000000 16.88744354 36.68049240
v 32.15480804 16.89364433 36.94224930
v 32.96785355 16.91707039 37.79930496
v 35.48324585 16.97497177 39.34183121
v 35.87146378 16.98297310 39.50870514
v 36.99851227 17.00595665 39.49536133
v 38.26100540 17.03170204 39.48041534
v 38.52252197 17.03713989 39.35914230
v 39.88665771 17.06550407 38.72656250
v 40.44491196 17.07711220 38.46768188
v 41.02576447 17.09482193 37.80013275
v 42.00000000 17.12453079 36.68049240
v 40.75000000 18.09973717 33.90000153
v 40.75000000 17.48723793 33.90000153
v 35.11014938 16.55206490 37.08390808
v 33.39323807 17.11952782 33.32542801
v 33.62491226 17.09088516 32.39611053
v 38.85369110 14.57022381 37.09209824
v 38.80252838 14.56862164 37.11175537
v 40.22608948 14.62908459 35.75586319
v 40.14988708 14.62559319 35.84145355
v 40.51489639 15.41784859 32.89955139
v 39.12070847 14.09973717 36.50640106
v 39.69962311 14.09973717 36.01030731
v 39.75912476 14.09973717 35.91818237
v 40.24624252 14.09973717 35.16403580
v 40.25069809 14.09973717 35.15713501
v 40.32090759 14.09973717 32.55044174
v 40.49851990 14.09973717 33.05379868
v 40.51234818 14.09973717 33.43705750
v 40.53703308 14.09973717 34.12116623
v 40.48637772 14.09973717 34.30443192
v 40.12226868 14.09973717 31.98751068
v 39.00582886 14.09973717 30.73153687
v 39.30321884 14.09973717 30.98886299
v 39.56243896 14.09973717 31.21316338
v 39.91677094 14.09973717 31.70327187
v 35.14631271 15.62022400 30.70790100
v 35.24672318 15.61707687 30.66932297
v 36.12363815 15.58959293 30.33240891
v 38.84989548 15.50363827 30.68090057
v 39.54986191 15.47607708 31.29736328
v 37.99086761 15.53140926 30.39116859
v 38.72334290 15.50862217 30.56944466
v 37.05547714 15.56051064 30.16350174
v 37.00000000 15.56223679 30.14999962
v 36.51716995 15.57725811 30.18121338
v 40.19114685 15.44587040 32.04642868
v 40.17152405 15.44756889 31.99471474
v 40.72248459 15.39988136 33.44657898
v 40.55256271 15.36282730 34.69197845
v 40.32049561 15.33413601 35.62287521
v 40.74357224 15.39019203 33.79403305
v 40.75000000 15.38723755 33.90000534
v 40.08610916 15.45496178 31.76963997
v 33.91389084 15.10496235 36.03036118
v 33.80885315 15.09587097 35.75357056
v 35.27665710 15.15862179 37.23055649
v 35.15010834 15.15363884 37.11909866
v 34.70188904 15.13598919 36.72434998
v 33.98532867 15.10777473 36.09327698
v 33.77391052 14.97908497 32.04413986
v 34.07676697 14.96520805 31.70398331
v 34.71235657 14.93608761 30.99011421
v 37.00000000 14.86223698 30.14999962
v 37.32981873 14.85197639 30.23027420
v 38.26270294 14.82295227 30.45732880
v 38.72334290 14.80862236 30.56944466
v 34.86863708 14.92892742 30.81458473
v 35.14631271 14.92022419 30.70790100
v 35.50012970 14.90913486 30.57196426
v 36.38569641 14.88137913 30.23172569
v 36.51716995 14.87725830 30.18121338
v 33.60590744 15.07830524 35.21878052
v 33.27751160 15.04988098 34.35342026
v 33.27622604 15.04928970 34.33221054
v 33.25000000 15.03723717 33.90000153
v 33.36688614 15.02278614 33.43113327
v 33.59790039 14.99422550 32.50446701
v 33.68883896 14.98298264 32.13968658
v 40.31116104 15.33298206 35.66031647
v 40.22608948 15.32908440 35.75586319
v 39.69617081 15.30480576 36.35104370
v 39.13136673 15.27892780 36.98541641
v 39.05048752 15.27639294 37.01648712
v 38.85369110 15.27022457 37.09209824
v 38.18998718 15.24942303 37.34709167
v 37.48283005 15.22725868 37.61878586
v 37.28473282 15.22109509 37.63159180
v 37.00000000 15.21223736 37.65000153
v 36.33910370 15.19167519 37.48914719
v 35.41954041 15.16306686 37.26533127
v 40.27252960 14.73882675 32.26088333
v 40.61413956 14.70925903 33.16106796
v 40.72248459 14.69988060 33.44657898
v 40.75000000 14.68723679 33.90000534
v 40.71147537 14.68247318 34.05453491
v 40.31116104 14.63298225 35.66031647
v 40.48426056 14.65438271 34.96595764
v 39.13136673 14.57892704 36.98541641
v 39.50826263 14.59619617 36.56209946
v 35.27665710 14.45862198 37.23055649
v 36.06327057 14.48309422 37.42200851
v 36.99819565 14.51218033 37.64955902
v 37.48283005 14.52725887 37.61878586
v 37.92815781 14.54121590 37.44769287
v 35.18819809 14.45513916 37.15264893
v 35.15010834 14.45363808 37.11909866
v 34.49184799 14.42772007 36.53936768
v 33.91389084 14.40496254 36.03036118
v 33.84827042 14.39928246 35.85744095
v 33.80885315 14.39587116 35.75357056
v 33.77391052 14.27908421 32.04413986
v 34.26649475 14.25651550 31.49088478
v 34.86863708 14.22892761 30.81458473
v 38.06399536 14.12913513 30.30411148
v 38.52416611 14.11477089 30.51294708
v 38.86756134 14.10405254 30.66878891
v 34.90051270 14.22792816 30.80233765
v 35.14631271 14.22022438 30.70790100
v 35.75857925 14.20103455 30.47266388
v 36.51716995 14.17725849 30.18121338
v 36.65874863 14.17285347 30.17206192
v 37.00000000 14.16223717 30.14999962
v 37.62386322 14.14282799 30.24036217
v 33.50489807 14.36956215 34.95261383
v 33.27751160 14.34988117 34.35342026
v 33.25966263 14.34167862 34.05928421
v 33.25000000 14.33723736 33.90000153
v 33.43404388 14.31448269 33.16173172
v 33.66613770 14.28578854 32.23074722
v 33.68883896 14.28298187 32.13968658
v 38.84989548 14.80363846 30.68090057
v 39.05126190 14.79570961 30.85824394
v 39.76174545 14.76773453 31.48397064
v 40.08610916 14.75496197 31.76963997
v 40.19114685 14.74587059 32.04642868
v 40.52568054 17.45950508 34.79980850
v 40.31116104 17.43298149 35.66031647
v 38.85366821 17.37022400 37.09210968
v 38.08683777 17.34618950 37.38672638
v 37.48283005 17.32725906 37.61878586
v 40.26340103 17.43079376 35.71395874
v 40.22608948 17.42908478 35.75586319
v 39.62171936 17.40139389 36.43467331
v 39.13136673 17.37892723 36.98541641
v 38.95254517 17.37332344 37.05411911
v 35.15010834 17.25363922 37.11909866
v 34.61930084 17.23273849 36.65161896
v 33.80885315 17.19587135 35.75357056
v 33.56592560 17.17484474 35.11343002
v 33.91389084 17.20496178 36.03036118
v 33.90856552 17.20450020 36.01632690
v 33.25000000 17.13723755 33.90000153
v 33.26965714 17.14627266 34.22400284
v 33.27751160 17.14988136 34.35342026
v 37.17159271 17.31757355 37.63890457
v 37.00000000 17.31223679 37.65000153
v 36.23000717 17.28828049 37.46259308
v 35.31717682 17.25988197 37.24041748
v 35.27665710 17.25862122 37.23055649
v 34.15170670 17.06177521 31.61981010
v 34.78363800 17.03282166 30.91005135
v 34.86863708 17.02892685 30.81458473
v 35.14631271 17.02022362 30.70790100
v 35.60164261 17.00595474 30.53296089
v 38.84989548 16.90363884 30.68090057
v 39.13191986 16.89253426 30.92928505
v 39.84534836 16.86444283 31.55760002
v 40.08610916 16.85496140 31.76963997
v 36.48861313 16.97815323 30.19218445
v 36.51716995 16.97725868 30.18121338
v 37.00000000 16.96223831 30.14999962
v 37.43881989 16.94858360 30.25680542
v 38.36852646 16.91966057 30.48308563
v 38.72334290 16.90862083 30.56944466
v 40.45718002 16.75103378 35.07458878
v 40.31116104 16.73298073 35.66031647
v 40.68593597 16.77931595 34.15697479
v 37.82457352 16.63796997 37.48748779
v 38.70375824 16.66552544 37.14970016
v 40.22608948 16.72908401 35.75586319
v 40.07539368 16.72217941 35.92511749
v 39.43490219 16.69283485 36.64449692
v 39.13136673 16.67892838 36.98541641
v 38.85369110 16.67022514 37.09209824
v 40.19114685 16.84587097 32.04642868
v 40.31259155 16.83535957 32.36645508
v 40.65270233 16.80592155 33.26269150
v 40.72248459 16.79988289 33.44657898
v 40.75000000 16.78723717 33.90000534
v 33.68883896 17.08298111 32.13968658
v 33.77391052 17.07908440 32.04413986
v 33.80862808 16.49585152 35.75298309
v 33.91389084 16.50496292 36.03036118
v 34.40837479 16.52443314 36.46585464
v 33.68883896 16.38298225 32.13968658
v 33.46086121 16.41116714 33.05416870
v 33.25000000 16.43723679 33.90000153
v 33.25320816 16.43871117 33.95286942
v 33.27751160 16.44988251 34.35342026
v 33.46537018 16.46614075 34.84844971
v 35.14631271 16.32022476 30.70790100
v 35.86154556 16.29780769 30.43310738
v 36.51716995 16.27725792 30.18121338
v 37.71546936 16.23997879 30.32413864
v 38.63180923 16.21146965 30.54716682
v 39.33934402 16.18436813 31.11196327
v 38.84989548 16.20363808 30.68090057
v 38.72334290 16.20862198 30.56944466
v 37.00000000 16.26223755 30.14999962
v 36.77182770 16.26933479 30.16475105
v 33.69983673 16.38247871 32.12733078
v 33.77391052 16.37908363 32.04413986
v 34.34109497 16.35309792 31.40709877
v 34.86863708 16.32892799 30.81458473
v 34.99849701 16.32485771 30.76469231
v 40.72248459 16.09988213 33.44657898
v 40.72705841 16.09777832 33.52196121
v 40.75000000 16.08723640 33.90000534
v 40.61996460 16.07116127 34.42160797
v 38.85369110 15.97022438 37.09209824
v 38.44920731 15.95754719 37.24750137
v 37.56278992 15.92976379 37.58806610
v 40.38858414 16.04255486 35.34975433
v 40.31116104 16.03298187 35.66031647
v 40.22608948 16.02908325 35.75586319
v 39.88576126 16.01349258 36.13810730
v 39.25189972 15.98444939 36.85003281
v 39.13136673 15.97892666 36.98541641
v 34.90850830 15.84412575 36.90632248
v 34.19644165 15.81608677 36.27920151
v 37.48283005 15.92725849 37.61878586
v 37.00000000 15.91223621 37.65000153
v 36.61571121 15.90028000 37.55646896
v 35.68426514 15.87130356 37.32976151
v 35.27665710 15.85862255 37.23055649
v 35.15010834 15.85363770 37.11909866
v 40.05607224 16.15614510 31.74318695
v 40.08610916 16.15496254 31.76963997
v 40.19114685 16.14587021 32.04642868
v 40.41409683 16.12657356 32.63393021
v 36.89066696 16.60883522 37.62339020
v 35.95513535 16.57973099 37.39569092
v 35.27665710 16.55862045 37.23055649
v 35.15010834 16.55363846 37.11909866
v 37.48283005 16.62725830 37.61878586
v 37.00000000 16.61223793 37.65000153
v 33.77391052 15.67908382 32.04413986
v 33.88731766 15.67388916 31.91675949
v 34.52848816 15.64451122 31.19662476
v 34.86863708 15.62892818 30.81458473
v 33.91389084 15.80496311 36.03036118
v 33.80885315 15.79587173 35.75357056
v 33.70744705 15.78709316 35.48634720
v 33.36653137 15.75758648 34.58798981
v 33.27751160 15.74988079 34.35342026
v 33.25000000 15.73723698 33.90000153
v 33.30125427 15.73090076 33.69440079
v 33.52927399 15.70270920 32.77974319
v 33.68883896 15.68298244 32.13968658
v 36.16567230 14.10005474 30.24436188
v 35.93844986 14.09998608 30.34853363
v 38.86705017 14.09973717 30.67047501
v 37.97904205 14.09973717 30.27975464
v 36.99847031 14.09973717 30.16282845
v 36.89818954 14.09973717 30.15086937
v 33.88326263 14.09973717 35.24018097
v 33.55251312 14.09973717 34.29328537
v 33.56206894 14.09973717 34.32554245
v 33.78383636 14.09973717 35.07440186
v 33.52633667 14.09973717 33.33248138
v 33.52740097 14.09973717 33.37156296
v 35.12384796 14.09973717 30.72199440
v 35.03086853 14.09973717 30.80506325
v 34.33573532 14.09973717 31.42610550
v 34.28862000 14.09973717 31.50296211
v 33.79473877 14.09973717 32.30864334
v 33.77172852 14.09973717 32.39641953
v 35.83068848 14.38835144 37.42739868
v 40.41781616 14.64080524 32.56750488
v 33.54808426 14.98658943 35.09569931
v 38.85369110 15.41674900 30.70790100
v 38.52698898 15.42698860 30.58238411
v 34.53312302 15.74267483 36.60858536
v 36.32542419 15.80370617 37.54512024
v 38.85369110 16.11674881 30.70790100
v 38.77816391 16.11911774 30.67888260
v 34.85678482 17.15750313 36.97210312
v 40.75000000 17.39973831 33.90000153
v 40.68635178 17.40760612 33.64468765
v 33.97029495 17.81688690 35.97643661
v 35.93222427 14.10747242 30.33484459
v 35.15001678 14.13232422 30.63801956
v 35.12742615 14.13315487 30.65553856
v 34.99866867 14.13788319 30.75537491
v 34.29934692 14.16356564 31.29761696
v 34.20364380 14.16854477 31.42843056
v 33.76205063 14.19152260 32.03205490
v 33.70368576 14.19455814 32.11182785
v 33.62312698 14.20158482 32.32763672
v 33.33907318 14.22636127 33.08857727
v 33.31158829 14.23356342 33.33901596
v 33.31987762 14.26304626 34.35494614
v 33.25002670 14.24969578 33.90000534
v 33.88517380 14.31585693 35.98808670
v 33.42274094 14.28270626 35.02490234
v 33.58785629 14.29454231 35.36881256
v 33.77716064 14.30811405 35.76311111
v 40.72248459 18.08709335 34.35342026
v 38.84990692 17.98333549 37.11909103
v 39.39759064 18.00489998 36.63674164
v 40.08610916 18.03201103 36.03036118
v 40.13647079 18.03637123 35.89765167
v 40.19114685 18.04110146 35.75357437
v 40.51713943 18.06931877 34.89454269
v 37.00000000 17.92473793 37.65000153
v 37.58634567 17.94297791 37.50728989
v 38.60726166 17.97473907 37.25880814
v 38.72334290 17.97835159 37.23055649
v 35.54718781 17.87931252 37.24612045
v 36.51716995 17.90971565 37.61878586
v 36.53174210 17.91016960 37.61972809
v 35.14633179 17.86674881 37.09210968
v 34.67794800 17.84930992 36.77124023
v 34.86863708 17.85804558 36.98541641
v 33.25000000 17.74973679 33.90000153
v 33.28156281 17.75363922 34.02659988
v 33.53383255 17.78482819 35.03855133
v 33.68883896 17.80399132 35.66031647
v 33.77391052 17.80788994 35.75586319
v 33.80885315 17.69110107 32.04642868
v 33.43333054 17.72360420 33.03598404
v 33.27751160 17.73709297 33.44657898
v 35.27665710 17.62835121 30.56944466
v 35.26730347 17.62871933 30.57768250
v 35.15010834 17.63333511 30.68090057
v 34.49776840 17.65902138 31.25542068
v 33.91389084 17.68201256 31.76963997
v 33.81370926 17.69068336 32.03364182
v 38.85369110 17.51674843 30.70790100
v 38.32451630 17.53333473 30.50459099
v 37.48283005 17.55971527 30.18121338
v 37.32623672 17.56458664 30.17109108
v 37.00000000 17.57473755 30.14999962
v 36.27622986 17.59725380 30.32616043
v 39.93547058 17.47120285 31.71772575
v 39.23197556 17.50343704 30.92758560
v 39.13136673 17.50804710 30.81458473
v 40.22608948 17.45788956 32.04413986
v 40.31116104 17.45399094 32.13968658
v 40.43205643 17.43904495 32.62464142
v 40.72248459 17.38709259 34.35342026
v 40.61571121 17.37784958 34.63478470
v 40.23643494 17.34502220 35.63422775
v 38.84989548 17.28333473 37.11909866
v 39.60731506 17.31315804 36.45203781
v 40.08610916 17.33201218 36.03036118
v 40.19114685 17.34110260 35.75357056
v 36.51716995 17.20971680 37.61878586
v 36.81614304 17.21901703 37.63811111
v 37.00000000 17.22473717 37.65000153
v 37.86087036 17.25152016 37.44047165
v 38.72334290 17.27835274 37.23055649
v 38.83085632 17.28258514 37.13586426
v 34.86863708 17.15804672 36.98541641
v 35.14632416 17.16674805 37.09210587
v 35.80469513 17.18738556 37.34505081
v 33.34621048 17.06163216 34.28592300
v 33.60201645 17.09325790 35.31204987
v 33.68883896 17.10399055 35.66031647
v 33.77391052 17.10788918 35.75586319
v 34.15886307 17.12552643 36.18822479
v 33.25000000 17.04973793 33.90000153
v 33.27751160 17.03709221 33.44657898
v 33.33582687 17.03204346 33.29290771
v 33.71321106 16.99938011 32.29846191
v 35.07056427 16.93646622 30.75095367
v 34.28738403 16.96730423 31.44070053
v 33.91389084 16.98201180 31.76963997
v 33.80885315 16.99110222 32.04642868
v 36.00264740 16.90576553 30.39274788
v 35.27665710 16.92835236 30.56944466
v 35.15010834 16.93333435 30.68090057
v 37.00000000 16.87473679 30.14999962
v 38.85369110 16.81674767 30.70790100
v 38.06543732 16.84145355 30.40505219
v 37.48283005 16.85971642 30.18121338
v 37.04142761 16.87344742 30.15267944
v 40.36401367 16.74745750 32.35168457
v 40.31116104 16.75399208 32.13968658
v 40.22608948 16.75788879 32.04413986
v 39.74691391 16.77984428 31.50594521
v 39.13136673 16.80804634 30.81458473
v 39.02463150 16.81139183 30.77357864
v 40.62081528 16.71570778 33.38180542
v 40.75000000 16.69973755 33.90000153
v 40.72248459 16.68709183 34.35342026
v 40.71195602 16.68618011 34.38117218
v 40.33724213 16.65374756 35.36858749
v 40.19114685 16.64110184 35.75357056
v 40.08610916 16.63201141 36.03036118
v 39.81790543 16.62145042 36.26656342
v 39.02948761 16.59040642 36.96092987
v 37.09590530 16.52771950 37.62665939
v 38.13293839 16.55998421 37.37425613
v 38.72334290 16.57835197 37.23055649
v 38.84989548 16.58333397 37.11909866
v 36.06482697 16.49553680 37.44499207
v 36.51716995 16.50971603 37.61878586
v 37.00000000 16.52473831 37.65000153
v 35.14632416 16.46674919 37.09210587
v 33.27751160 16.33709335 33.44657898
v 33.27108002 16.34004974 33.55258560
v 33.25000000 16.34973717 33.90000153
v 33.41251755 16.36982918 34.55189896
v 33.66978073 16.40163612 35.58386612
v 33.68883896 16.40399170 35.66031647
v 33.77391052 16.40788841 35.75586319
v 34.34700012 16.43414688 36.39953613
v 34.86863708 16.45804596 36.98541641
v 35.09857559 16.46525192 37.07375717
v 34.86912155 16.24439812 30.92836380
v 34.07703781 16.27558708 31.62595558
v 33.91389084 16.28201103 31.76963997
v 33.80885315 16.29110146 32.04642868
v 33.61231613 16.30811310 32.56433868
v 36.76793671 16.18195724 30.20648193
v 35.73263931 16.21416664 30.45846367
v 35.27665710 16.22835159 30.56944466
v 35.15010834 16.23333359 30.68090057
v 37.00000000 16.17473793 30.14999962
v 37.80479813 16.14962387 30.30491257
v 37.48283005 16.15971565 30.18121338
v 39.13136673 16.10804558 30.81458473
v 39.55958939 16.08842659 31.29554939
v 40.22608948 16.05788803 32.04413986
v 40.27114105 16.05582428 32.09473419
v 40.31116104 16.05399132 32.13968658
v 40.55385971 16.02398682 33.11322784
v 40.75000000 15.99973583 33.90000153
v 40.43801117 15.96247005 35.10304642
v 40.72248459 15.98709297 34.35342026
v 40.73714066 15.99382782 34.11190414
v 40.19114685 15.94110203 35.75357056
v 38.40035248 15.86830235 37.30916595
v 38.72334290 15.87835121 37.23055649
v 38.84989548 15.88333416 37.11909866
v 39.23342896 15.89843655 36.78131866
v 40.02755356 15.92970657 36.08192825
v 40.08610916 15.93201065 36.03036118
v 36.51716995 15.80971527 37.61878586
v 37.00000000 15.82473660 37.65000153
v 37.36895752 15.83621502 37.56019974
v 34.86863708 15.75804710 36.98541641
v 35.14632416 15.76674938 37.09210587
v 35.34666061 15.77302837 37.16907120
v 33.77391052 15.70788956 35.75586319
v 33.82189178 15.71008778 35.80975342
v 33.27751160 15.63709259 33.44657898
v 33.25470352 15.64757347 33.82242584
v 33.25000000 15.64973640 33.90000153
v 33.47998810 15.67817116 34.82254791
v 33.68883896 15.70399094 35.66031647
v 35.15010834 15.53333473 30.68090057
v 34.66305161 15.55251217 31.10984993
v 33.91389084 15.58201122 31.76963997
v 33.89234924 15.58387566 31.82640648
v 33.80885315 15.59110260 32.04642868
v 33.51188660 15.61680603 32.82897568
v 36.49370193 15.49048805 30.27322769
v 35.46833038 15.52238846 30.52279282
v 35.27665710 15.52835178 30.56944466
v 37.00000000 15.47473717 30.14999962
v 37.48283005 15.45971584 30.18121338
v 37.54480362 15.45777225 30.20502281
v 39.13136673 15.40804577 30.81458473
v 39.37504578 15.39688110 31.08827591
v 40.08444595 15.36437893 31.88504601
v 40.22608948 15.35788918 32.04413986
v 40.31116104 15.35399151 32.13968658
v 40.48600769 15.33237457 32.84104538
v 40.73688507 15.30135918 33.84738159
v 40.75000000 15.29973698 33.90000153
v 40.72248459 15.28709221 34.35342026
v 40.53788376 15.27111435 34.83987427
v 40.19114685 15.24110317 35.75357056
v 40.15723801 15.23816776 35.84292603
v 40.08610916 15.23201180 36.03036118
v 39.44123840 15.20661926 36.59829712
v 38.84989548 15.18333530 37.11909866
v 38.72334290 15.17835140 37.23055649
v 38.66107941 15.17641449 37.24570847
v 37.64377594 15.14476585 37.49330902
v 37.00000000 15.12473679 37.65000153
v 36.59100723 15.11201286 37.62356186
v 36.51716995 15.10971546 37.61878586
v 35.60065842 15.08098888 37.26665878
v 35.14632416 15.06674957 37.09210587
v 34.86863708 15.05804634 36.98541641
v 34.71572876 15.05103970 36.81367493
v 33.68883896 15.00399113 35.66031647
v 33.77391052 15.00788879 35.75586319
v 34.00963974 15.01868916 36.02062225
v 33.79278946 14.89249325 32.08875275
v 33.41277695 14.92538452 33.09014130
v 33.27751160 14.93709278 33.44657898
v 33.25000000 14.94973755 33.90000153
v 33.29490662 14.95528889 34.08012390
v 33.80885315 14.89110279 32.04642868
v 35.15010834 14.83333492 30.68090057
v 34.45391083 14.86074829 31.29404449
v 33.91389084 14.88201141 31.76963997
v 37.48283005 14.75971603 30.18121338
v 37.26678467 14.76643658 30.16724586
v 37.00000000 14.77473736 30.14999962
v 36.21889877 14.79903793 30.34011269
v 35.27665710 14.82835197 30.56944466
v 35.22628403 14.83033466 30.61380959
v 40.31116104 14.65399075 32.13968658
v 40.22608948 14.65788841 32.04413986
v 39.89606476 14.67300987 31.67346191
v 39.19472504 14.70514297 30.88574982
v 39.13136673 14.70804596 30.81458473
v 38.85369110 14.71674919 30.70790100
v 38.27063370 14.73502350 30.48389053
v 40.63603210 14.57960892 34.58124161
v 40.72248459 14.58709240 34.35342026
v 40.75000000 14.59973717 33.90000153
v 40.67280579 14.60928059 33.59034348
v 40.25745392 14.54684162 35.57884598
v 40.19114685 14.54110241 35.75357056
v 40.08610916 14.53201103 36.03036118
v 39.65129089 14.51489067 36.41330338
v 38.84989548 14.48333454 37.11909866
v 38.87186432 14.48419952 37.09975052
v 36.68339157 14.41488552 37.63660812
v 36.87540436 14.42085934 37.64472961
v 37.00000000 14.42473698 37.65000153
v 37.91798019 14.45329571 37.42657089
v 38.72334290 14.47835159 37.23055649
v 34.14821625 14.32771778 36.27637863
v 34.63600540 14.34971428 36.81098557
v 34.91706467 14.35890865 36.97922134
v 35.14435196 14.36634445 37.11526871
v 35.55130005 14.37965775 37.35885239
v 40.03307343 17.51636887 28.60750580
v 40.11553955 17.51457024 28.66772652
v 40.63956070 17.50313950 29.05038071
v 41.11789322 17.49270439 29.39967346
v 41.36347198 17.48567581 29.67989349
v 41.99977493 17.46746635 30.40596962
v 38.31720352 17.54938889 27.97244072
v 38.64749908 17.54308510 28.02784920
v 38.65768433 17.54288864 28.02956009
v 37.34872055 17.56787109 27.80997658
v 35.36274719 17.60584068 28.06529999
v 35.75479126 17.59832764 27.95878792
v 36.08552170 17.59199142 27.86893845
v 37.00120926 17.57450867 27.82619476
v 32.00000000 17.68134117 30.40571976
v 32.44791794 17.66774559 29.83938980
v 32.62925720 17.66334534 29.67711067
v 33.40166473 17.64459610 28.98589516
v 33.46778870 17.64299202 28.92672348
v 33.89674377 17.63448906 28.69304085
v 34.73697662 17.61783218 28.23530960
v 42.00000000 18.03133965 37.39428329
v 41.87052155 18.02716064 37.57260132
v 41.35539246 18.01345253 38.11059952
v 40.88056183 18.00081825 38.60651016
v 40.58715820 17.99476433 38.79379654
v 40.09906769 17.98469353 39.10535049
v 39.63531876 17.97512627 39.40137100
v 38.63890839 17.95599747 39.74788666
v 38.34684753 17.95039177 39.84945679
v 38.25189972 17.94858360 39.86006546
v 37.00000000 17.92473793 40.00000000
v 36.66400909 17.91830254 39.99073792
v 35.68264008 17.89953995 39.82811356
v 35.35231018 17.89322472 39.77310944
v 33.97190857 17.86655807 39.19534302
v 33.88478851 17.86465645 39.13183594
v 33.36042786 17.85320282 38.74957275
v 32.88504791 17.84281921 38.40301895
v 32.63676071 17.83572006 38.11989212
v 32.00020981 17.81751251 37.39402008
v 18.32470131 12.29999924 116.24629974
v 18.32470131 12.29999924 114.14629364
v 16.50604630 12.29999924 117.29629517
v 16.50604630 12.29999924 113.09629822
v 14.68739414 12.29999924 116.24629974
v 14.68739414 12.29999924 114.14629364
v -14.68739414 12.29999924 116.24629974
v -14.68739414 12.29999924 114.14629364
v -16.50604630 12.29999924 117.29629517
v -16.50604630 12.29999924 113.09629822
v -18.32470131 12.29999924 116.24629974
v -18.32470131 12.29999924 114.14629364
v 30.60000038 12.69999981 11.92265034
v 30.60000038 12.69999981 13.07735062
v 31.59999847 12.69999981 11.34529972
v 31.59999847 12.69999981 13.65470028
v 32.60000229 12.69999981 11.92265034
v 32.60000229 12.69999981 13.07735062
v -32.60000229 12.69999981 11.92265034
v -32.60000229 12.69999981 13.07735062
v -31.59999847 12.69999981 11.34529972
v -31.59999847 12.69999981 13.65470028
v -30.60000038 12.69999981 11.92265034
v -30.60000038 12.69999981 13.07735062
v 40.63701630 16.80361557 29.03645706
v 40.86907196 16.79887009 29.18472290
v 41.35458374 16.78583145 29.69027138
v 41.86734009 16.77206230 30.22418404
v 41.99981308 16.76766014 30.40599442
v 40.09993362 16.81459427 28.69329834
v 39.65232086 16.82374573 28.40730476
v 38.63751602 16.84318924 28.05636024
v 38.30691147 16.84952354 27.94202995
v 38.29483795 16.84975433 27.94083786
v 36.99876404 16.87458420 27.81281281
v 31.99999809 16.98134041 30.40572166
v 32.64156723 16.96323204 29.68465042
v 32.94754410 16.95459747 29.34075737
v 33.37044525 16.94562149 29.04515648
v 33.89283752 16.93453407 28.68002129
v 34.11007309 16.92992210 28.52817535
v 35.35673904 16.90603828 28.03817558
v 35.45817947 16.90409470 27.99830437
v 35.70840836 16.89930153 27.96373749
v 36.88340378 16.87679291 27.80141640
v 32.15481186 16.71864510 36.94224930
v 32.00000000 16.71244431 36.68049240
v 32.96785355 16.74207115 37.79930496
v 33.70678711 16.76336098 38.57823563
v 34.10121918 16.77149010 38.74777603
v 35.48324585 16.79997063 39.34183121
v 35.87146378 16.80797386 39.50870514
v 36.99851227 16.83095741 39.49536133
v 38.26100540 16.85670280 39.48041534
v 38.52252197 16.86213875 39.35914230
v 39.88665771 16.89050293 38.72656250
v 40.44491196 16.90211105 38.46768188
v 41.02576447 16.91982269 37.80013275
v 42.00000000 16.94953156 36.68049240
v 40.73413849 18.09973717 33.55178833
v 40.21124649 18.09973717 32.04590607
v 40.49327850 18.09973717 32.53635788
v 39.11297989 18.09973717 30.80195045
v 39.93550873 18.09973717 31.56640816
v 36.99941635 18.09973717 30.15407181
v 38.08254242 18.09973717 30.30937386
v 38.86107635 18.09973717 30.68153191
v 35.13722229 18.09973717 30.67820930
v 35.91393280 18.09973717 30.31040382
v 36.97175980 18.09973717 30.15010643
v 34.08354568 18.09973717 31.54262924
v 34.91310883 18.09973717 30.78433418
v 33.28847122 18.09973717 33.89835358
v 33.27130890 18.09973717 33.49691010
v 33.51329422 18.09973717 32.51964569
v 33.78939819 18.09973717 32.04659271
v 33.76508331 18.09973717 35.76552963
v 33.69446945 18.09973717 35.67097473
v 33.31937027 18.09973717 34.62106323
v 35.13784790 18.09973717 37.12993622
v 34.36329269 18.09973717 36.56650543
v 36.29753113 18.09973717 37.58422470
v 35.27522278 18.09973717 37.22986603
v 38.85450745 18.09973717 37.11134338
v 38.33878708 18.09973717 37.40288925
v 37.31957245 18.09973717 37.63663101
v 37.00152206 18.09973717 37.62032318
v 40.08182526 18.09973717 36.03658676
v 39.31125259 18.09973717 36.85312653
v 40.58238602 18.09973717 35.00936890
v 40.21664429 18.09973717 35.75991821
v 41.04627991 18.09973717 29.33517647
v 42.00000000 18.09973717 30.40571976
v 40.63929749 18.09973717 29.05224800
v 32.00000000 18.09973717 30.40571976
v 32.13328934 18.09973717 30.22227669
v 35.74766159 18.09973717 27.93683052
v 35.68803787 18.09973717 27.94274902
v 34.33135986 18.09973717 28.41469383
v 33.41202164 18.09973717 29.00477791
v 33.12425613 18.09973717 29.18948174
v 37.11512375 18.09973717 27.80108070
v 39.86930466 18.09973717 28.51696396
v 38.53367233 18.09973717 27.99594307
v 38.31886673 18.09973717 27.96643448
v 42.00000000 18.09973717 37.39428329
v 41.86671066 18.09973717 37.57772446
v 40.87574387 18.09973717 38.61051941
v 39.66864014 18.09973717 39.38530350
v 38.31196213 18.09973717 39.85725021
v 40.58797836 18.09973717 38.79522324
v 36.88487625 18.09973717 39.99892044
v 38.25233078 18.09973717 39.86317062
v 35.46632767 18.09973717 39.80406189
v 34.13069534 18.09973717 39.28303528
v 35.68112946 18.09973717 39.83356476
v 32.95372009 18.09973717 38.46482086
v 32.00000000 18.09973717 37.39428329
v 33.36069870 18.09973717 38.74774551
v 16.50604630 14.30000019 117.29629517
v 18.32470131 14.30000019 116.24629974
v 14.68739414 14.30000019 116.24629974
v 14.68739414 14.30000019 114.14629364
v 16.50604630 14.30000019 113.09629822
v 18.32470131 14.30000019 114.14629364
v -16.50604630 14.30000019 117.29629517
v -14.68739414 14.30000019 116.24629974
v -18.32470131 14.30000019 116.24629974
v -18.32470131 14.30000019 114.14629364
v -16.50604630 14.30000019 113.09629822
v -14.68739414 14.30000019 114.14629364
v 31.59999847 14.30000019 13.65470028
v 32.60000229 14.30000019 13.07735062
v 30.60000038 14.30000019 13.07735062
v 30.60000038 14.30000019 11.92265034
v 31.59999847 14.30000019 11.34529972
v 32.60000229 14.30000019 11.92265034
v -31.59999847 14.30000019 13.65470028
v -30.60000038 14.30000019 13.07735062
v -32.60000229 14.30000019 13.07735062
v -32.60000229 14.30000019 11.92265034
v -31.59999847 14.30000019 11.34529972
v -30.60000038 14.30000019 11.92265034
v 40.20931625 16.59023857 29.16381454
v 39.90537262 16.59647942 29.03957367
v 38.02735138 16.63503647 28.27188301
v 37.00370026 16.65591049 28.30251884
v 32.96542358 16.74475670 29.99105453
v 32.00000000 16.77453041 31.11950684
v 33.47911835 16.72891617 29.39061737
v 34.11861420 16.71553993 29.08040237
v 35.63792801 16.68376350 28.34339142
v 35.47061920 16.68726349 28.42454910
v 38.51313782 16.62506294 28.47046089
v 42.00000000 16.53744316 31.11950684
v 41.78866577 16.54577827 30.76953316
v 41.03371811 16.56703186 30.00198174
v 32.00000000 16.50563240 37.39428329
v 32.44675827 16.51923752 37.95930862
v 32.62762833 16.52371407 38.12505722
v 33.35270691 16.54166031 38.78950500
v 33.34885788 16.54156494 38.78597641
v 35.98995972 16.59301758 39.91579819
v 33.89857483 16.55253220 39.10581207
v 34.57144928 16.56593132 39.49572372
v 35.36487198 16.58108330 39.73068619
v 35.71309662 16.58773041 39.83380508
v 37.00153732 16.61235619 39.97238159
v 37.33283615 16.61868858 39.99091339
v 38.28922272 16.63706207 39.82693863
v 38.64640808 16.64392471 39.76569366
v 38.71516800 16.64524651 39.75390244
v 41.18828201 16.69581985 38.33489609
v 40.09651566 16.67136002 39.15562439
v 40.11976624 16.67187881 39.13814545
v 40.62855530 16.68328094 38.75566483
v 41.36907196 16.70114899 38.12523651
v 41.99969482 16.71973610 37.39390945
v 36.67121124 8.84999943 95.10140991
v 37.59929276 8.84999943 95.22003174
v 38.28274155 8.84999943 95.55280304
v 36.67462158 8.84999943 101.57582855
v 35.70388412 8.84999943 101.43782043
v 35.06547546 8.84999943 101.11595154
v 38.55690384 8.84999943 95.68629456
v 34.75309372 8.84999943 100.95845032
v 38.61260223 8.84999943 100.94427490
v 38.28102493 8.84999943 101.11711884
v 39.45925140 8.84999943 96.72543335
v 37.70394516 8.84999943 101.41793823
v 34.05062103 8.84999943 100.25612640
v 33.88855743 8.84999943 99.94497681
v 33.59785843 8.84999943 99.38687897
v 33.89173508 8.84999943 96.72694397
v 34.03697968 8.84999943 96.43377686
v 39.30194473 8.84999943 96.42331696
v 36.73852921 8.84999943 101.58491516
v 33.56418228 8.84999943 97.38809967
v 33.43614578 8.84999943 98.33730316
v 33.42442322 8.84999943 98.42420959
v 34.77102280 8.84999943 95.69957733
v 35.06229019 8.84999943 95.54797363
v 35.60192490 8.84999943 95.26711273
v 36.56182861 8.84999943 95.08742523
v 39.92324066 8.84999943 98.33555603
v 39.75564194 8.84999943 99.36607361
v 39.74551010 8.84999943 97.27520752
v 39.45480347 8.84999943 99.94334412
v 39.28222656 8.84999943 100.27450562
v -36.67526245 8.84999943 95.10140991
v -35.74718094 8.84999943 95.22003174
v -35.06373596 8.84999943 95.55280304
v -34.73387527 8.84999943 100.94427490
v -35.06544876 8.84999943 101.11711884
v -33.88722610 8.84999943 96.72543335
v -35.64252853 8.84999943 101.41793823
v -38.28099823 8.84999943 101.11595154
v -38.59337616 8.84999943 100.95845032
v -39.45474243 8.84999943 96.72694397
v -39.30949783 8.84999943 96.43377686
v -34.78957367 8.84999943 95.68629456
v -34.04453278 8.84999943 96.42331696
v -37.64259338 8.84999943 101.43782043
v -36.67185593 8.84999943 101.57582855
v -36.60794449 8.84999943 101.58491516
v -39.29585648 8.84999943 100.25612640
v -39.45791626 8.84999943 99.94497681
v -39.74861908 8.84999943 99.38687897
v -38.57545471 8.84999943 95.69957733
v -38.28418350 8.84999943 95.54797363
v -37.74454880 8.84999943 95.26711273
v -36.78464890 8.84999943 95.08742523
v -33.42323685 8.84999943 98.33555603
v -33.59083557 8.84999943 99.36607361
v -33.60096741 8.84999943 97.27520752
v -33.89167404 8.84999943 99.94334412
v -34.06425095 8.84999943 100.27450562
v -39.78229141 8.84999943 97.38809967
v -39.91032791 8.84999943 98.33730316
v -39.92205429 8.84999943 98.42420959
v 13.62294674 14.30000019 113.80786133
v 13.30604649 14.30000019 115.19629669
v 17.21811485 14.30000019 118.31606293
v 18.50121498 14.30000019 117.69815826
v 19.38914680 14.30000019 116.58472443
v 19.70604706 14.30000019 115.19629669
v 13.62294674 14.30000019 116.58472443
v 14.51087952 14.30000019 117.69815826
v 15.79397964 14.30000019 118.31606293
v 14.51087952 14.30000019 112.69443512
v 15.79397964 14.30000019 112.07653046
v 19.38914680 14.30000019 113.80786133
v 18.50121498 14.30000019 112.69443512
v 17.21811485 14.30000019 112.07653046
v -19.38914680 14.30000019 113.80786133
v -19.70604706 14.30000019 115.19629669
v -17.21811485 14.30000019 118.31606293
v -18.50121498 14.30000019 117.69815826
v -19.38914680 14.30000019 116.58472443
v -13.30604649 14.30000019 115.19629669
v -15.79397964 14.30000019 118.31606293
v -14.51087952 14.30000019 117.69815826
v -13.62294674 14.30000019 116.58472443
v -18.50121498 14.30000019 112.69443512
v -17.21811485 14.30000019 112.07653046
v -13.62294674 14.30000019 113.80786133
v -14.51087952 14.30000019 112.69443512
v -15.79397964 14.30000019 112.07653046
v 30.39999962 14.30000019 14.57846069
v 29.52153969 14.30000019 13.69999981
v 29.20000076 14.30000019 12.50000000
v 29.52153969 14.30000019 11.30000019
v 30.39999962 14.30000019 10.42153835
v 31.59999847 14.30000019 10.09999943
v 31.59999847 14.30000019 14.89999962
v 32.79999924 14.30000019 14.57846069
v 33.67845917 14.30000019 13.69999981
v 34.00000000 14.30000019 12.50000000
v 33.67845917 14.30000019 11.30000019
v 32.79999924 14.30000019 10.42153835
v -33.67845917 14.30000019 13.69999981
v -32.79999924 14.30000019 14.57846069
v -29.20000076 14.30000019 12.50000000
v -31.59999847 14.30000019 14.89999962
v -30.39999962 14.30000019 14.57846069
v -29.52153969 14.30000019 13.69999981
v -34.00000000 14.30000019 12.50000000
v -33.76232529 14.30000019 11.45867920
v -33.09637833 14.30000019 10.62360382
v -32.13404846 14.30000019 10.16017342
v -29.43767357 14.30000019 11.45867920
v -30.10362434 14.30000019 10.62360382
v -31.06595039 14.30000019 10.16017342
v 42.00000000 16.36244392 31.11950684
v 41.84518433 16.36864471 30.85774040
v 41.77436829 16.37068558 30.78309250
v 41.03214264 16.39207077 30.00069237
v 40.29321289 16.41336060 29.22176361
v 40.20137405 16.41525269 29.18228912
v 39.89878464 16.42148972 29.05222130
v 38.51675797 16.44997215 28.45816994
v 38.12853622 16.45797348 28.29129601
v 38.02759171 16.46003151 28.29249191
v 37.00148773 16.48095703 28.30463982
v 35.73899841 16.50670242 28.31958580
v 35.64672852 16.50861931 28.36237526
v 35.47747421 16.51213837 28.44085884
v 32.00000000 16.59953117 31.11950684
v 32.97423172 16.56982231 29.99986649
v 33.49348068 16.55399132 29.40311813
v 33.55509186 16.55211067 29.33231544
v 34.11334229 16.54050255 29.07344055
v 42.00000000 16.63134003 37.39428329
v 42.00000000 16.42453003 36.68049240
v 42.00000000 16.30000114 36.19128799
v 42.00000000 16.30000114 36.68049240
v 42.00000000 14.30000019 36.19128799
v 42.00000000 14.30000019 31.60871124
v 42.00000000 16.30000114 31.60871124
v 42.00000000 16.30000114 30.88977051
v 42.41049576 14.30000019 34.88841629
v 42.46661758 14.30000019 33.89810944
v 42.23224258 14.30000019 32.20448685
v 42.48754120 14.30000019 33.52888107
v 41.33324814 16.61446571 38.02823639
v 40.59669113 16.59582138 38.72855759
v 40.23783875 16.58673859 39.06975555
v 40.18227768 16.58567429 39.09063721
v 38.72440720 16.55774117 39.63847351
v 38.27492523 16.54913139 39.80738449
v 37.96806335 16.54325294 39.92269516
v 37.16823578 16.52795410 39.88668060
v 35.70685959 16.50000572 39.82087708
v 35.54734039 16.49695396 39.81369019
v 35.49455643 16.49594498 39.81131363
v 34.12519836 16.46922493 39.15627289
v 33.34912872 16.45408440 38.78503799
v 33.34246445 16.45395279 38.78184891
v 32.86550903 16.44122696 38.28886795
v 32.00000000 16.41813278 37.39428329
v 32.00000000 14.30000019 31.60871124
v 31.58950424 14.30000019 32.91157913
v 32.00000000 14.30000019 36.19128799
v 31.53337860 14.30000019 33.90189362
v 31.76775932 14.30000019 35.59551239
v 31.51245499 14.30000019 34.27112198
v 32.00000000 16.30000114 31.60871124
v 32.00000000 16.30000114 36.19128799
v 32.00004959 16.36898994 30.40577888
v 31.99999809 16.30000114 30.40571976
v 32.00000000 16.30000114 37.04197693
v 16.01649857 9.09080124 128.90000916
v 16.10000038 8.75000000 128.90000916
v 16.10000038 8.75000000 131.78997803
v 16.09656525 8.82776070 131.79069519
v 16.01198578 9.08759499 131.80763245
v 15.98662186 9.21273708 128.90000916
v 15.95088863 9.27528572 131.81985474
v 15.78714180 9.43954849 128.90000916
v 15.78688622 9.43658066 131.84848022
v 15.67196274 9.57050991 128.90000916
v 15.61040688 9.61014748 131.87928772
v 15.43760300 9.66765118 128.90000916
v 15.43765640 9.65748215 131.90184021
v 15.27614212 9.73457623 128.90000916
v 15.10000038 9.75000000 131.94590759
v 15.10000038 9.75000000 128.90000916
v -15.10000038 9.75000000 131.94590759
v -15.10000038 9.75000000 128.90000916
v -14.06134796 9.75000000 132.00000000
v 14.06134796 9.75000000 132.00000000
v -15.29012108 9.73196411 131.92420959
v -15.44080162 9.66649818 128.90000916
v -16.10000038 8.75000000 128.90000916
v -16.08457565 8.92614174 128.90000916
v -16.10000038 8.75000000 131.78997803
v -16.01608658 9.09071541 131.80696106
v -15.43497753 9.66432381 131.90301514
v -15.73048496 9.52633858 131.85972595
v -15.56273651 9.63662148 128.90000916
v -15.79505920 9.44732666 131.84791565
v -15.78954792 9.43714237 128.90000916
v -15.98571205 9.21404743 131.81309509
v -15.92051029 9.32196236 128.90000916
v -16.01765060 9.08760357 128.90000916
v -35.29255295 5.19999981 103.37918091
v -31.16849136 5.19999981 102.72584534
v -27.22174454 5.19999981 114.85691833
v -30.46644592 5.19999981 102.76018524
v -28.88018799 5.19999981 104.38827515
v -30.35131836 5.19999981 102.76581573
v -29.68004036 5.19999981 103.08313751
v -29.12354851 5.19999981 103.72869110
v -29.15030861 5.19999981 103.65615845
v -35.29255295 7.00000000 103.37918091
v -27.22174454 7.00000000 114.85691833
v 39.54221344 7.00000000 102.63054657
v 40.76329803 7.00000000 101.41156769
v 26.03314400 7.00000000 122.35975647
v 37.50119781 7.00000000 103.46652222
v 27.22174454 7.00000000 114.85691833
v 35.29255295 7.00000000 103.37918091
v 35.89089203 7.00000000 103.47396851
v 35.29255295 5.19999981 103.37918091
v 27.22174454 5.19999981 114.85691833
v 28.88018799 5.19999981 104.38827515
v 29.13080788 5.19999981 103.73162842
v 29.17406082 5.19999981 103.61828613
v 29.69109535 5.19999981 103.09403992
v 29.74946213 5.19999981 103.03485870
v 30.46818924 5.19999981 102.74648285
v 31.16849136 5.19999981 102.72584534
v 30.50307465 5.19999981 102.73249054
v 39.75564194 3.04999995 97.30503845
v 39.92324066 3.04999995 98.33555603
v 39.74551010 3.04999995 99.39591217
v 39.45925140 3.04999995 99.94567871
v 39.30194473 3.04999995 100.24779510
v 38.55690384 3.04999995 100.98481750
v 38.28274155 3.04999995 101.11830902
v 37.59929276 3.04999995 101.45108032
v 36.67121124 3.04999995 101.56970215
v 36.56182861 3.04999995 101.58368683
v 35.60192490 3.04999995 101.40401459
v 35.06229019 3.04999995 101.12313843
v 34.77102280 3.04999995 100.97153473
v 34.03697968 3.04999995 100.23734283
v 33.89173508 3.04999995 99.94416809
v 33.56418228 3.04999995 99.28302002
v 33.43614578 3.04999995 98.33381653
v 33.42442322 3.04999995 98.24690247
v 33.59785843 3.04999995 97.28423309
v 33.88855743 3.04999995 96.72613525
v 34.05062103 3.04999995 96.41499329
v 34.75309372 3.04999995 95.71266174
v 35.06547546 3.04999995 95.55516052
v 35.70388412 3.04999995 95.23329163
v 36.67462158 3.04999995 95.09528351
v 36.73852921 3.04999995 95.08620453
v 37.70394516 3.04999995 95.25317383
v 38.28102493 3.04999995 95.55399323
v 38.61260223 3.04999995 95.72683716
v 39.28222656 3.04999995 96.39660645
v 39.45480347 3.04999995 96.72776794
v 30.46652985 3.04999995 102.76123810
v 31.16849136 3.04999995 102.72584534
v 30.34519386 3.04999995 102.76736450
v 29.68699074 3.04999995 103.09702301
v 29.61251068 3.04999995 103.13431549
v 29.11626816 3.04999995 103.72864532
v 29.09203911 3.04999995 103.75765991
v 28.88018799 3.04999995 104.38827515
v 35.89089203 3.04999995 103.47396851
v -26.03314400 7.00000000 122.35975647
v -40.76329803 7.00000000 101.41156769
v -39.54221344 7.00000000 102.63054657
v -35.89089203 7.00000000 103.47396851
v -37.50119781 7.00000000 103.46652222
v -33.85865784 3.04999995 99.96055603
v -33.42323685 3.04999995 98.33555603
v -35.04824066 3.04999995 101.15013885
v -36.67323685 3.04999995 101.58555603
v -38.29823685 3.04999995 101.15013885
v -39.48781967 3.04999995 99.96055603
v -39.92324066 3.04999995 98.33555603
v -39.48781967 3.04999995 96.71055603
v -38.29823685 3.04999995 95.52097321
v -36.67323685 3.04999995 95.08555603
v -35.04824066 3.04999995 95.52097321
v -33.85865784 3.04999995 96.71055603
v -35.89089203 3.04999995 103.47396851
v -31.16849136 3.04999995 102.72584534
v -30.46544075 3.04999995 102.73963165
v -29.11059570 3.04999995 103.72391510
v -28.88018799 3.04999995 104.38827515
v -29.68004036 3.04999995 103.08313751
v 13.35468960 14.03673553 116.71391296
v 13.00830460 14.03673553 115.19629669
v 13.00604725 14.00000000 115.19629669
v 20.00604820 14.00000000 115.19629669
v 20.00378990 14.03673553 115.19629669
v 19.65943718 14.00000000 116.71488953
v 19.65740395 14.03673553 116.71391296
v 19.49909210 14.00000000 116.91595459
v 18.68685341 14.03673553 117.93093872
v 17.28436661 14.03673553 118.60634613
v 18.22221756 14.00000000 118.15714264
v 18.68826103 14.00000000 117.93270874
v 15.72772694 14.03673553 118.60634613
v 16.50604630 14.00000000 118.60854340
v 17.28487015 14.00000000 118.60854340
v 14.32524109 14.03673553 117.93093872
v 14.78987503 14.00000000 118.15714264
v 15.72722340 14.00000000 118.60854340
v 13.35265541 14.00000000 116.71488953
v 13.51300240 14.00000000 116.91595459
v 14.32383251 14.00000000 117.93270874
v 13.05754566 14.16806889 115.19629669
v 13.39905453 14.16806889 116.69254303
v 14.35594177 14.16806889 117.89244080
v 15.73868275 14.16806889 118.55833435
v 17.27341080 14.16806889 118.55833435
v 18.65615273 14.16806889 117.89244080
v 19.61303902 14.16806889 116.69254303
v 19.95454788 14.16806889 115.19629669
v 13.16392231 14.26419830 115.19629669
v 13.49489689 14.26419830 116.64638519
v 14.42226696 14.26419830 117.80927277
v 15.76235485 14.26419830 118.45462799
v 17.24973869 14.26419830 118.45462799
v 18.58982849 14.26419830 117.80927277
v 19.51719666 14.26419830 116.64638519
v 19.84817123 14.26419830 115.19629669
v 19.65740395 14.03673553 113.67868042
v 13.35265541 14.00000000 113.67770386
v 13.35468960 14.03673553 113.67868042
v 13.51300240 14.00000000 113.47663116
v 14.32524109 14.03673553 112.46164703
v 15.72772694 14.03673553 111.78624725
v 14.78987503 14.00000000 112.23545074
v 14.32383251 14.00000000 112.45988464
v 17.28436661 14.03673553 111.78624725
v 16.50604630 14.00000000 111.78404999
v 15.72722340 14.00000000 111.78404999
v 18.68685341 14.03673553 112.46164703
v 18.22221756 14.00000000 112.23545074
v 17.28487015 14.00000000 111.78404999
v 19.65943718 14.00000000 113.67770386
v 19.49909210 14.00000000 113.47663116
v 18.68826103 14.00000000 112.45988464
v 19.61303902 14.16806889 113.70005035
v 18.65615273 14.16806889 112.50014496
v 17.27341080 14.16806889 111.83425903
v 15.73868275 14.16806889 111.83425903
v 14.35594177 14.16806889 112.50014496
v 13.39905453 14.16806889 113.70005035
v 19.51719666 14.26419830 113.74620056
v 18.58982849 14.26419830 112.58332062
v 17.24973869 14.26419830 111.93796539
v 15.76235485 14.26419830 111.93796539
v 14.42226696 14.26419830 112.58332062
v 13.49489689 14.26419830 113.74620056
v -19.65740395 14.03673553 116.71391296
v -20.00378990 14.03673553 115.19629669
v -20.00604820 14.00000000 115.19629669
v -13.00604725 14.00000000 115.19629669
v -13.00830460 14.03673553 115.19629669
v -13.35265541 14.00000000 116.71488953
v -13.35468960 14.03673553 116.71391296
v -13.51300240 14.00000000 116.91595459
v -14.32524109 14.03673553 117.93093872
v -15.72772694 14.03673553 118.60634613
v -14.78987503 14.00000000 118.15714264
v -14.32383251 14.00000000 117.93270874
v -17.28436661 14.03673553 118.60634613
v -16.50604630 14.00000000 118.60854340
v -15.72722340 14.00000000 118.60854340
v -18.68685341 14.03673553 117.93093872
v -18.22221756 14.00000000 118.15714264
v -17.28487015 14.00000000 118.60854340
v -19.65943718 14.00000000 116.71488953
v -19.49909210 14.00000000 116.91595459
v -18.68826103 14.00000000 117.93270874
v -19.95454788 14.16806889 115.19629669
v -19.61303902 14.16806889 116.69254303
v -18.65615273 14.16806889 117.89244080
v -17.27341080 14.16806889 118.55833435
v -15.73868275 14.16806889 118.55833435
v -14.35594177 14.16806889 117.89244080
v -13.39905453 14.16806889 116.69254303
v -13.05754566 14.16806889 115.19629669
v -19.84817123 14.26419830 115.19629669
v -19.51719666 14.26419830 116.64638519
v -18.58982849 14.26419830 117.80927277
v -17.24973869 14.26419830 118.45462799
v -15.76235485 14.26419830 118.45462799
v -14.42226696 14.26419830 117.80927277
v -13.49489689 14.26419830 116.64638519
v -13.16392231 14.26419830 115.19629669
v -13.35468960 14.03673553 113.67868042
v -19.65943718 14.00000000 113.67770386
v -19.65740395 14.03673553 113.67868042
v -19.49909210 14.00000000 113.47663116
v -18.68685341 14.03673553 112.46164703
v -17.28436661 14.03673553 111.78624725
v -18.22221756 14.00000000 112.23545074
v -18.68826103 14.00000000 112.45988464
v -15.72772694 14.03673553 111.78624725
v -16.50604630 14.00000000 111.78404999
v -17.28487015 14.00000000 111.78404999
v -14.32524109 14.03673553 112.46164703
v -14.78987503 14.00000000 112.23545074
v -15.72722340 14.00000000 111.78404999
v -13.35265541 14.00000000 113.67770386
v -13.51300240 14.00000000 113.47663116
v -14.32383251 14.00000000 112.45988464
v -13.39905453 14.16806889 113.70005035
v -14.35594177 14.16806889 112.50014496
v -15.73868275 14.16806889 111.83425903
v -17.27341080 14.16806889 111.83425903
v -18.65615273 14.16806889 112.50014496
v -19.61303902 14.16806889 113.70005035
v -13.49489689 14.26419830 113.74620056
v -14.42226696 14.26419830 112.58332062
v -15.76235485 14.26419830 111.93796539
v -17.24973869 14.26419830 111.93796539
v -18.58982849 14.26419830 112.58332062
v -19.51719666 14.26419830 113.74620056
v 34.19763565 14.13066387 12.50000000
v 34.20000076 14.10000038 12.50000000
v 33.84962082 14.13066387 11.20118237
v 33.85166550 14.10000038 11.19999981
v 32.89881897 14.13066387 10.25038242
v 32.90000153 14.10000038 10.24833393
v 31.59999847 14.13066387 9.90236473
v 31.59999847 14.10000038 9.89999962
v 30.30118179 14.13066387 10.25038242
v 30.30000114 14.10000038 10.24833393
v 29.35038185 14.13066387 11.20118237
v 29.34833336 14.10000038 11.19999981
v 29.00236511 14.13066387 12.50000000
v 29.00000000 14.10000038 12.50000000
v 34.16161728 14.21781349 12.50000000
v 33.81842422 14.21781349 11.21919155
v 32.88080978 14.21781349 10.28157520
v 31.59999847 14.21781349 9.93838310
v 30.31919098 14.21781349 10.28157520
v 29.38157463 14.21781349 11.21919155
v 29.03838348 14.21781349 12.50000000
v 34.08808899 14.27955532 12.50000000
v 33.75474930 14.27955532 11.25595474
v 32.84404373 14.27955532 10.34525013
v 31.59999847 14.27955532 10.01190948
v 30.35595512 14.27955532 10.34525013
v 29.44525146 14.27955532 11.25595474
v 29.11190987 14.27955532 12.50000000
v 29.35038185 14.13066387 13.79881763
v 29.34833336 14.10000038 13.80000019
v 30.30118179 14.13066387 14.74961853
v 30.30000114 14.10000038 14.75166607
v 31.59999847 14.13066387 15.09763527
v 31.59999847 14.10000038 15.10000038
v 32.89881897 14.13066387 14.74961853
v 32.90000153 14.10000038 14.75166607
v 33.84962082 14.13066387 13.79881763
v 33.85166550 14.10000038 13.80000019
v 29.38157463 14.21781349 13.78080845
v 30.31919098 14.21781349 14.71842575
v 31.59999847 14.21781349 15.06161690
v 32.88080978 14.21781349 14.71842575
v 33.81842422 14.21781349 13.78080845
v 29.44525146 14.27955532 13.74404526
v 30.35595512 14.27955532 14.65474892
v 31.59999847 14.27955532 14.98808956
v 32.84404373 14.27955532 14.65474892
v 33.75474930 14.27955532 13.74404526
v -29.25961113 14.13066387 11.37292862
v -29.00236511 14.13066387 12.50000000
v -29.00000000 14.10000038 12.50000000
v -34.20000076 14.10000038 12.50000000
v -34.19763565 14.13066387 12.50000000
v -33.94252014 14.10000038 11.37190247
v -33.94039154 14.13066387 11.37292862
v -33.82340622 14.10000038 11.22253799
v -33.21959686 14.13066387 10.46908760
v -32.17802811 14.13066387 9.96749306
v -32.87487030 14.10000038 10.30051517
v -33.22107315 14.10000038 10.46723747
v -31.02197075 14.13066387 9.96749306
v -31.59999847 14.10000038 9.96518803
v -32.17855453 14.10000038 9.96518803
v -29.98040009 14.13066387 10.46908760
v -30.32513046 14.10000038 10.30051517
v -31.02144623 14.10000038 9.96518803
v -29.25748062 14.10000038 11.37190247
v -29.37659454 14.10000038 11.22253799
v -29.97892761 14.10000038 10.46723747
v -29.03838348 14.21781349 12.50000000
v -29.29206467 14.21781349 11.38855648
v -30.00285912 14.21781349 10.49724674
v -31.02998543 14.21781349 10.00260830
v -32.17001343 14.21781349 10.00260830
v -33.19714355 14.21781349 10.49724674
v -33.90793991 14.21781349 11.38855648
v -34.16161728 14.21781349 12.50000000
v -29.11190987 14.27955532 12.50000000
v -29.35830879 14.27955532 11.42045784
v -30.04870224 14.27955532 10.55473232
v -31.04634857 14.27955532 10.07429123
v -32.15365219 14.27955532 10.07429123
v -33.15129852 14.27955532 10.55473232
v -33.84169006 14.27955532 11.42045784
v -34.08808899 14.27955532 12.50000000
v -33.84962082 14.13066387 13.79881763
v -33.85166550 14.10000038 13.80000019
v -32.89881897 14.13066387 14.74961853
v -32.90000153 14.10000038 14.75166607
v -31.59999847 14.13066387 15.09763527
v -31.59999847 14.10000038 15.10000038
v -30.30118179 14.13066387 14.74961853
v -30.30000114 14.10000038 14.75166607
v -29.35038185 14.13066387 13.79881763
v -29.34833336 14.10000038 13.80000019
v -33.81842422 14.21781349 13.78080845
v -32.88080978 14.21781349 14.71842575
v -31.59999847 14.21781349 15.06161690
v -30.31919098 14.21781349 14.71842575
v -29.38157463 14.21781349 13.78080845
v -33.75474930 14.27955532 13.74404526
v -32.84404373 14.27955532 14.65474892
v -31.59999847 14.27955532 14.98808956
v -30.35595512 14.27955532 14.65474892
v -29.44525146 14.27955532 13.74404526
v 33.35311127 16.30000114 29.05733490
v 33.88529205 16.32191467 28.67379379
v 34.13296890 16.30000114 28.51518631
v 35.02552414 16.30000114 28.12839317
v 32.95296097 16.30000114 29.33551598
v 32.61558151 16.35069084 29.66145134
v 32.62894821 16.35029221 29.64528465
v 33.35594940 16.33356667 29.05644035
v 33.74628067 16.32458687 28.74028587
v 35.36073303 16.30000114 28.06734467
v 36.42754364 16.30000114 27.87305260
v 36.99771500 16.30000114 27.90551758
v 37.85153961 16.30000114 27.95413780
v 38.60318375 16.30000114 28.18220901
v 39.21934128 16.30000114 28.36916733
v 40.01551056 16.30000114 28.83786964
v 40.44663239 16.30000114 29.09167099
v 41.33572388 16.30000114 29.93405533
v 41.21846008 16.30000114 29.82295036
v 42.41049576 16.30000114 32.91157913
v 42.46661758 16.30000114 33.90189362
v 42.48754120 16.30000114 34.27112198
v 42.23224258 16.30000114 35.59551239
v 41.18372345 16.30000114 37.80250549
v 41.12664032 16.39512825 37.84114838
v 41.05654526 16.39276695 37.93430328
v 40.42408371 16.30000114 38.44298553
v 40.38322449 16.37767410 38.37303162
v 40.13985443 16.30000114 38.68262482
v 39.92065048 16.36730576 38.67443466
v 39.05194092 16.34783173 39.24047470
v 38.90461349 16.30000114 39.29481888
v 38.64166260 16.33946419 39.30574036
v 38.26514816 16.30000114 39.44357681
v 38.25551224 16.33158875 39.36716080
v 37.66709518 16.30000114 39.58270264
v 37.14122391 16.30886650 39.54441071
v 36.70641708 16.30000114 39.61357498
v 32.12997437 16.30000114 37.22637558
v 35.63215256 16.30000114 39.46440506
v 35.33419037 16.30000114 39.42303467
v 34.22499847 16.30000114 38.98107910
v 33.03908920 16.30000114 38.20862198
v 34.06466675 16.30000114 38.91719437
v 32.98876953 16.30000114 38.15425110
v 31.58950424 16.30000114 34.88841629
v 31.53337860 16.30000114 33.89810944
v 31.51245499 16.30000114 33.52888107
v 31.76775932 16.30000114 32.20448685
v 43.20526505 16.30000114 37.25167084
v 43.80526352 15.69999981 37.25167084
v 43.20526505 16.30000114 30.54832840
v 43.80526352 15.69999981 30.54832840
v -41.02497101 11.33369160 100.99775696
v -40.76329803 11.33369160 101.41156769
v -40.68665695 11.75631046 101.35767365
v -41.31602478 12.09973621 98.53556061
v -41.57954407 11.75631046 98.53556061
v -41.24442291 12.09973621 99.34782410
v -41.35099792 11.75631046 100.01555634
v -41.01440430 12.09973621 99.90054321
v -40.47109222 12.09973621 101.20609283
v -41.32289124 11.33369160 100.00845337
v -41.66095352 11.33369160 98.88584137
v -41.67324066 11.33369160 98.53556061
v -41.50500870 11.75631046 97.68358612
v -41.57448959 11.54756641 97.67134094
v -40.50345993 11.33369160 95.32161713
v -40.94762802 11.33369160 96.06869507
v -40.98332596 11.54756641 96.04712677
v -41.32640076 11.33369160 96.70578003
v -41.51173401 11.33369160 97.68353271
v -40.92222595 11.75631046 96.08240509
v -40.43168640 11.75631046 95.38184357
v -41.21075439 12.09973621 97.73390961
v -41.15861893 12.09973621 97.33688354
v -40.60005951 12.09973621 96.26303101
v -40.22982025 12.09973621 95.55123138
v 14.06134796 11.33369160 132.00000000
v -14.06134796 11.33369160 132.00000000
v 37.49836731 3.04999995 103.44063568
v 36.62809753 3.04999995 103.53567505
v 39.51532745 3.04999995 102.59315491
v 39.01284409 3.04999995 102.95446014
v 37.79574966 3.04999995 103.40815735
v 40.99653625 3.04999995 100.98401642
v 40.85553360 3.04999995 101.27598572
v 40.11706924 3.04999995 102.16046906
v 41.32640076 11.33369160 96.70578003
v 41.29668427 3.04999995 96.71521759
v 41.02131271 11.33369160 96.19262695
v 41.20124817 3.04999995 96.41482544
v 40.50345993 11.33369160 95.32161713
v 40.50345993 3.04999995 95.32161713
v 40.76329803 11.33369160 101.41156769
v 41.02497101 11.33369160 100.99775696
v 41.41817093 11.33369160 99.69204712
v 41.42027283 3.04999995 100.10660553
v 41.66095352 11.33369160 98.88584137
v 41.65727615 3.04999995 98.88513184
v 41.51158524 11.33369160 97.91251373
v 41.66352081 3.04999995 98.85296631
v 41.59538651 3.04999995 97.65544128
v 22.24146461 11.33369160 127.75202179
v 26.03314400 -0.00000000 122.35975647
v 22.24146461 0.00000000 127.75202179
v 15.41098022 11.33369160 131.79370117
v 16.79586220 11.33369160 131.58203125
v 17.04853249 11.33369160 131.54341125
v 21.05132294 0.00000000 129.15124512
v 21.39125824 11.33369160 128.63847351
v 20.12421227 0.00000000 129.90139771
v 20.14973831 11.33369160 129.93293762
v 19.59642220 0.00000000 130.32844543
v 19.31852913 11.33369160 130.36459351
v 17.97759628 0.00000000 131.20124817
v 18.06305313 11.33369160 131.01657104
v 17.03696251 0.00000000 131.50793457
v 16.32085419 0.00000000 131.74140930
v 16.10000038 0.00000000 131.78997803
v 16.10000038 0.00000000 128.90000916
v -16.10000038 0.00000000 128.90000916
v -16.10000038 0.00000000 131.78997803
v -17.04853249 11.33369160 131.54341125
v -15.27552128 11.33369160 131.81442261
v -20.12408829 0.00000000 129.90048218
v -20.14973831 11.33369160 129.93293762
v -20.32666397 11.33369160 129.74845886
v -20.95674515 0.00000000 129.24247742
v -21.29640579 11.33369160 128.73738098
v -22.10932159 0.00000000 127.93553162
v -22.24146461 11.33369160 127.75202179
v -22.24146461 0.00000000 127.75202179
v -19.13521385 11.33369160 130.45977783
v -19.51378822 0.00000000 130.38278198
v -17.87973976 11.33369160 131.11175537
v -17.85634232 0.00000000 131.25192261
v -17.03620529 0.00000000 131.50317383
v -26.03314400 0.00000000 122.35975647
v -30.00637817 3.04999995 97.27938843
v -30.00637817 0.00000000 97.27938843
v 30.00637817 0.00000000 97.27938843
v 30.00637817 3.04999995 97.27938843
v 39.21496582 3.04999995 93.78605652
v 33.36082458 3.04999995 92.45419312
v 33.34730911 3.04999995 92.46182251
v 30.40753174 3.04999995 95.82489014
v 30.60295868 3.04999995 95.46227264
v 31.13093567 3.04999995 94.48258209
v 31.86447525 3.04999995 93.64559937
v 32.12660599 3.04999995 93.34650421
v -41.02497101 3.04999995 100.99775696
v -39.54221344 3.04999995 102.63054657
v -37.50119781 3.04999995 103.46652222
v -40.50345993 3.04999995 95.32161713
v -41.32640076 3.04999995 96.70578003
v -41.66095352 3.04999995 98.88584137
v -30.00870895 3.04999995 97.26477051
v -30.41284752 3.04999995 95.81166840
v -39.21496582 3.04999995 93.78605652
v -33.36082077 3.04999995 92.45419312
v -32.13736725 3.04999995 93.33671570
v -31.86535072 3.04999995 93.64642334
v -31.13093567 3.04999995 94.48258209
v -30.60190582 3.04999995 95.46173859
v 3.70000005 15.50000000 114.00000000
v 3.20429397 15.50000000 112.15000153
v 1.85000002 15.50000000 110.79570770
v -0.00000000 15.50000000 110.29999542
v -1.85000002 15.50000000 117.20429230
v -1.85000002 15.50000000 110.79570770
v 3.20429397 15.50000000 115.84999847
v 1.85000002 15.50000000 117.20429230
v 0.00000000 15.50000000 117.70000458
v -3.20429397 15.50000000 112.15000153
v -3.70000005 15.50000000 114.00000000
v -3.20429397 15.50000000 115.84999847
v 19.94461250 12.19999981 114.54027557
v 19.82266045 12.19999981 114.07777405
v 19.62593460 12.19999981 113.60920715
v 19.51807213 12.19999981 113.46008301
v 18.99146461 12.19999981 112.73200989
v 18.57949638 12.19999981 112.37576294
v 16.69351959 12.19999981 111.70117188
v 18.25182915 12.19999981 112.17198944
v 18.12111092 12.19999981 112.09069824
v 17.16166878 12.19999981 111.75768280
v 16.50615501 12.19999981 111.70384216
v 16.21755219 12.19999981 111.70796204
v 15.16557121 12.19999981 111.96315002
v 14.77730179 12.19999981 112.20004272
v 14.24247742 12.19999981 112.52635193
v 13.85297012 12.19999981 112.91310883
v 13.53155613 12.19999981 113.35031128
v 13.48884869 12.19999981 113.45211792
v 13.01650620 12.19999981 115.19635773
v 13.01816082 12.19999981 114.90191650
v 13.10542107 12.19999981 114.36622620
v 13.01507854 12.19999981 115.45026398
v 13.23170090 12.19999981 116.43274689
v 13.46056080 12.19999981 116.92234039
v 16.09736824 12.19999981 118.67278290
v 13.47615528 12.19999981 116.94548798
v 13.76202869 12.19999981 117.36978149
v 14.56150723 12.19999981 118.10733032
v 14.76772213 12.19999981 118.20193481
v 15.56541157 12.19999981 118.56788635
v 16.50634956 12.19999981 118.68837738
v 16.64419746 12.19999981 118.69362640
v 19.33946609 12.19999981 117.25214386
v 19.50309753 12.19999981 116.92905426
v 17.64166069 12.19999981 118.50706482
v 18.12144852 12.19999981 118.30167389
v 18.25196266 12.19999981 118.22079468
v 18.57118797 12.19999981 118.02296448
v 19.83844185 12.19999981 116.26693726
v 19.96414566 12.19999981 115.73951721
v 20.00604820 12.19999981 115.19629669
v -13.06748199 12.19999981 114.54027557
v -13.18943310 12.19999981 114.07777405
v -13.38615990 12.19999981 113.60920715
v -13.49402142 12.19999981 113.46008301
v -14.02062893 12.19999981 112.73200989
v -14.43259716 12.19999981 112.37576294
v -14.76026535 12.19999981 112.17198944
v -14.89098358 12.19999981 112.09069824
v -15.85042477 12.19999981 111.75768280
v -16.31857491 12.19999981 111.70117188
v -16.50593948 12.19999981 111.70384216
v -16.79454231 12.19999981 111.70796204
v -17.84652328 12.19999981 111.96315002
v -18.23479080 12.19999981 112.20004272
v -18.76961708 12.19999981 112.52635193
v -19.15912247 12.19999981 112.91310883
v -19.48053741 12.19999981 113.35031128
v -19.52324486 12.19999981 113.45211792
v -19.90667152 12.19999981 114.36622620
v -19.99393272 12.19999981 114.90191650
v -19.99558830 12.19999981 115.19635773
v -19.99701500 12.19999981 115.45026398
v -19.78039360 12.19999981 116.43274689
v -19.55153465 12.19999981 116.92234039
v -16.91472626 12.19999981 118.67278290
v -19.53593826 12.19999981 116.94548798
v -19.25006485 12.19999981 117.36978149
v -18.45058632 12.19999981 118.10733032
v -18.24437141 12.19999981 118.20193481
v -17.44668198 12.19999981 118.56788635
v -16.50574493 12.19999981 118.68837738
v -16.36789703 12.19999981 118.69362640
v -15.37043381 12.19999981 118.50706482
v -14.89064503 12.19999981 118.30167389
v -14.76013184 12.19999981 118.22079468
v -14.44090462 12.19999981 118.02296448
v -13.67262745 12.19999981 117.25214386
v -13.50899601 12.19999981 116.92905426
v -13.17365170 12.19999981 116.26693726
v -13.04794884 12.19999981 115.73951721
v -13.00604725 12.19999981 115.19629669
v 33.81975555 12.69999981 11.21666241
v 34.07711029 12.69999981 11.70956612
v 33.66364670 12.69999981 10.91768360
v 32.96957397 12.69999981 10.28930378
v 31.59947395 12.69999981 9.93900108
v 32.08696747 12.69999981 9.94558716
v 32.89530945 12.69999981 10.26038170
v 31.18237305 12.69999981 9.93336582
v 30.30744171 12.69999981 10.24352264
v 30.30061722 12.69999981 10.24909019
v 29.65096092 12.69999981 10.77897644
v 29.38419914 12.69999981 11.22161484
v 29.16819763 12.69999981 11.58002472
v 29.38024521 12.69999981 13.78333759
v 29.12291718 12.69999981 13.29050922
v 29.00000000 12.69999981 12.50000000
v 29.53635597 12.69999981 14.08231544
v 30.23042488 12.69999981 14.71069622
v 31.60053444 12.69999981 15.06113911
v 31.11303329 12.69999981 15.05441284
v 30.30469322 12.69999981 14.73961735
v 32.01615143 12.69999981 15.06687450
v 32.89113998 12.69999981 14.75728703
v 32.89921188 12.69999981 14.75070095
v 33.55013275 12.69999981 14.21978855
v 33.81575775 12.69999981 13.77838993
v 34.03240967 12.69999981 13.41837215
v 34.20000076 12.69999981 12.50000000
v -29.53635597 12.69999981 10.91768360
v -30.23042488 12.69999981 10.28930378
v -30.30469322 12.69999981 10.26038170
v -31.11303329 12.69999981 9.94558716
v -31.60052681 12.69999981 9.93900108
v -32.01762772 12.69999981 9.93336582
v -32.89255905 12.69999981 10.24352264
v -32.89938354 12.69999981 10.24909019
v -33.54904175 12.69999981 10.77897644
v -33.81579971 12.69999981 11.22161484
v -34.03179932 12.69999981 11.58002472
v -33.81975555 12.69999981 13.78333759
v -34.07708359 12.69999981 13.29050922
v -34.20000076 12.69999981 12.50000000
v -33.66364670 12.69999981 14.08231544
v -32.96957397 12.69999981 14.71069622
v -31.59946251 12.69999981 15.06113911
v -32.08696747 12.69999981 15.05441284
v -32.89530945 12.69999981 14.73961735
v -31.18384933 12.69999981 15.06687450
v -30.30886078 12.69999981 14.75728703
v -30.30078697 12.69999981 14.75070095
v -29.64986801 12.69999981 14.21978855
v -29.38424492 12.69999981 13.77838993
v -29.16759300 12.69999981 13.41837215
v -29.00000000 12.69999981 12.50000000
v -29.12288666 12.69999981 11.70956612
v -29.38024712 12.69999981 11.21666241
v 43.20386124 16.30000114 37.28617859
v 43.55997086 15.69999981 37.90773010
v 43.10039520 16.30000114 37.50703812
v 43.30526352 15.69999981 38.11769485
v 43.00526428 16.30000114 37.59807968
v 43.75078201 15.69999981 37.57723618
v 43.17258835 16.30000114 37.37820053
v 43.14249420 16.30000114 37.46674728
v 43.30526352 15.69999981 29.68230438
v 43.00526428 16.30000114 30.20191956
v 43.03444672 16.30000114 30.22039032
v 43.75078201 15.69999981 30.22276115
v 43.17398453 16.30000114 30.42042160
v 43.55997086 15.69999981 29.89226913
v 43.09850311 16.30000114 30.29348373
v 43.16014099 16.30000114 30.36381721
v 30.79473686 16.30000114 37.25167084
v 36.79999924 16.30000114 40.94974899
v 30.99473572 16.30000114 37.59807968
v 30.99473572 16.30000114 30.20191956
v 37.20000076 16.30000114 26.85024834
v 37.20000076 16.30000114 40.94974899
v 30.89285278 16.30000114 37.51409531
v 30.81652832 16.30000114 37.38189697
v 30.79473686 16.30000114 30.54832840
v 30.81652832 16.30000114 30.41810226
v 30.89285278 16.30000114 30.28590584
v 37.07632446 16.30000114 26.80400848
v 36.92367554 16.30000114 26.80400848
v 36.79999924 16.30000114 26.85024834
v 37.07632446 16.30000114 40.99599457
v 36.92367554 16.30000114 40.99599457
v 43.48788834 14.23969269 35.74855042
v 43.49866486 14.23969269 35.36029816
v 43.15664673 14.30000019 35.36029816
v 42.52287674 14.23969269 38.92488480
v 42.22786331 14.30000019 38.75025177
v 41.93608856 14.30000019 39.20215607
v 41.59928513 14.30000019 39.63910675
v 41.85972977 14.24005032 39.85764694
v 41.86128998 14.23969269 39.85895157
v 43.79943466 14.06604385 35.36029816
v 43.72984695 14.06604385 35.75494385
v 43.35922241 14.06604385 37.85684967
v 43.02973557 14.23969269 37.87899399
v 42.09169006 14.06604385 40.05228424
v 42.68604279 14.06604385 39.02283859
v 43.29054642 14.06604385 37.97580338
v 43.10824966 14.30000019 35.72450638
v 42.92565536 14.30000019 37.09865570
v 42.65865326 14.30000019 37.73406601
v 42.23868561 14.30000019 38.73348618
v 43.80526352 14.30000019 37.25167084
v 43.80526352 14.30000019 30.54832840
v 20.34318542 23.19973755 93.50295258
v 7.46826410 23.19973755 103.31040192
v 20.44983101 22.97038078 93.64295197
v 7.60389662 22.90803719 103.48844910
v 20.50286865 22.85630989 93.71258545
v 7.62794828 22.85630989 103.52002716
v 20.52172661 22.71593666 93.73733521
v 7.66838503 22.55530548 103.57311249
v 20.55964470 22.43369293 93.78710938
v 7.68472195 22.43369293 103.59455872
v 6.26717520 22.91546440 104.35698700
v 1.62507844 22.85630989 105.54594421
v 1.62507844 22.55530548 105.61267853
v 3.23336339 22.55952072 105.50141144
v 6.26334047 22.43369293 104.34948730
v 6.32158279 22.55952072 104.45915985
v 4.82279825 22.43369293 105.11458588
v 4.82025671 22.55952072 105.10705566
v 3.21323395 22.43369293 105.37887573
v 1.62507844 22.43369293 105.63964081
v 4.78324127 22.91546440 104.99738312
v 3.21473169 22.91546440 105.38716888
v 1.62507844 22.90803719 105.50625610
v 6.09765625 23.19973755 104.03836060
v 4.70857191 23.19973755 104.77613068
v 3.15650320 23.19973755 105.03097534
v 1.62507844 23.19973755 105.28242493
v -1.62507844 23.19973755 105.28242493
v -1.62507844 22.92033195 105.49682617
v -1.62507844 22.85630989 105.54594421
v -1.62507844 22.57063103 105.60928345
v -1.62507844 22.43369293 105.63964081
v -7.62794828 22.85630989 103.52002716
v -7.66632605 22.57063103 103.57041168
v -6.31102562 22.57513046 104.46239471
v -3.22406507 22.92912865 105.37788391
v -3.22393847 22.43369293 105.37711334
v -3.24371934 22.57513046 105.49758148
v -4.82279825 22.43369293 105.11458588
v -4.81958342 22.57513046 105.10506439
v -6.25376034 22.43369293 104.35457611
v -7.68472195 22.43369293 103.59455872
v -7.59817982 22.92033195 103.48094940
v -6.25412655 22.92912865 104.35526276
v -4.78079462 22.92912865 104.99013519
v -3.16682506 23.19973755 105.02927399
v -4.70857191 23.19973755 104.77613068
v -6.08841801 23.19973755 104.04326630
v -7.46826410 23.19973755 103.31040192
v -20.34318542 23.19973755 93.50295258
v -20.44983101 22.97038078 93.64295197
v -20.50286865 22.85630989 93.71258545
v -20.52172661 22.71593666 93.73733521
v -20.55964470 22.43369293 93.78710938
v -29.65999985 11.33369160 62.70883179
v -29.65999985 11.33369160 78.75918579
v -29.63399696 11.45098209 62.70883179
v -29.63400841 11.45093441 78.75918579
v -29.56630898 11.75631046 62.70883179
v -29.56630898 11.75631046 78.75918579
v -29.52927971 11.80456734 62.70883179
v -29.52931023 11.80452633 78.75918579
v -29.30278778 12.09973621 62.70883179
v -29.30278778 12.09973621 78.75918579
v -29.92235947 11.45505810 81.06704712
v -31.92778397 11.75631046 85.24728394
v -31.89944077 11.80452633 85.27106476
v -30.61504936 11.81153584 83.30172729
v -31.97964287 11.45093441 85.20376587
v -30.84059143 11.33369160 83.17967224
v -30.71706772 11.45505810 83.25049591
v -30.26307297 11.33369160 82.17938232
v -30.06250381 11.33369160 81.04190063
v -29.81127167 11.81153584 81.09337616
v -31.99955368 11.33369160 85.18706512
v -31.72591400 12.09973621 85.41667175
v -30.40445709 12.09973621 83.40749359
v -29.58196831 12.09973621 81.14772034
v -38.55419922 14.06604385 99.85819244
v -38.82328415 14.06604385 99.21159363
v -38.93720627 14.06604385 98.93784332
v -38.97267151 14.06604385 98.53556061
v -38.89471436 14.06604385 97.94188690
v -38.80286407 14.06604385 97.76529694
v -38.43470764 14.06604385 97.05750275
v -22.22019958 11.45094204 127.73706055
v -22.16482162 11.75631046 127.69812012
v -22.13455391 11.80453205 127.67684174
v -21.94925880 12.09973621 127.54654694
v -14.06134796 11.75631046 131.90629578
v -14.06134796 11.80453205 131.86930847
v -15.27730083 11.81154251 131.80331421
v -21.37308693 11.45506477 128.81106567
v -14.06134796 11.45094204 131.97401428
v -15.29135323 11.45506477 131.91661072
v -17.87605286 11.47978401 131.09405518
v -14.06134796 12.09973621 131.64279175
v -15.22980404 12.09973621 131.45463562
v -17.88837242 11.81154251 131.10700989
v -20.34777832 11.45506477 129.76742554
v -19.13632011 11.48221207 130.46830750
v -17.08837700 12.09973621 131.15534973
v -17.75518036 12.09973621 130.80906677
v -19.13525391 11.81154251 130.47578430
v -18.96580887 12.09973621 130.18038940
v -20.27595520 11.81154251 129.67868042
v -21.28955078 11.81154251 128.73324585
v -19.80937767 12.09973621 129.74232483
v -20.08780098 12.09973621 129.45661926
v -21.03104401 12.09973621 128.48875427
v 14.06134796 11.45530510 131.97303772
v 14.06134796 11.75631046 131.90629578
v 14.06134796 11.80803680 131.86662292
v 14.06134796 12.09973621 131.64279175
v 22.16482162 11.75631046 127.69812012
v 22.13235664 11.80803680 127.67529297
v 21.37956810 11.81546402 128.63211060
v 15.42708015 11.45952034 131.89828491
v 22.21940994 11.45530510 127.73651123
v 21.46534157 11.45952034 128.70983887
v 19.30567360 11.48283195 130.35067749
v 21.94925880 12.09973621 127.54654694
v 21.12324905 12.09973621 128.39413452
v 19.30853081 11.81546402 130.36709595
v 16.79907990 11.45952034 131.60968018
v 18.06917763 11.48526287 131.02182007
v 19.80937767 12.09973621 129.74232483
v 19.14257431 12.09973621 130.08859253
v 18.07525635 11.81546402 131.02383423
v 17.93194771 12.09973621 130.71728516
v 16.76736450 11.81546402 131.49835205
v 15.41125774 11.81546402 131.78359985
v 17.08837700 12.09973621 131.15534973
v 16.69452667 12.09973621 131.21878052
v 15.36023426 12.09973621 131.43363953
v 40.47109222 12.09973621 101.20609283
v 40.64970779 11.81517124 101.33169556
v 40.68665695 11.75631046 101.35767365
v 40.73962402 11.46420479 101.39492035
v 40.43168640 11.75631046 95.38184357
v 40.39708710 11.81517124 95.41087341
v 40.96091843 11.82341099 96.22233582
v 40.48129654 11.46420479 95.34021759
v 41.06562805 11.46859264 96.16583252
v 41.62284851 11.46859264 97.89521790
v 40.22982025 12.09973621 95.55123138
v 40.66183853 12.09973621 96.38179779
v 41.50485229 11.82341099 97.91048431
v 41.52067566 11.46859264 99.72341156
v 41.40512085 11.82341099 99.69509125
v 41.15861893 12.09973621 97.33688354
v 41.18451691 12.09973621 97.94385529
v 41.24442291 12.09973621 99.34782410
v 41.13145065 12.09973621 99.61927795
v 31.72591400 12.09973621 85.41667175
v 31.89942169 11.80455780 85.27108002
v 31.92778397 11.75631046 85.24728394
v 31.97963905 11.45096970 85.20377350
v 31.99955368 11.33369160 85.18706512
v 30.71706390 11.45509434 83.25049591
v 29.56630898 11.75631046 78.75918579
v 29.52928734 11.80455780 78.75918579
v 29.81125450 11.81157017 81.09337616
v 29.63400078 11.45096970 78.75918579
v 30.06250381 11.33369160 81.04190063
v 29.92235565 11.45509434 81.06704712
v 30.26307297 11.33369160 82.17938232
v 30.84059143 11.33369160 83.17967224
v 30.61503220 11.81157017 83.30173492
v 29.65999985 11.33369160 78.75918579
v 29.30278778 12.09973621 78.75918579
v 29.58196831 12.09973621 81.14772034
v 30.40445709 12.09973621 83.40749359
v 29.30278778 12.09973621 62.70883179
v 29.52926826 11.80458355 62.70883179
v 29.56630898 11.75631046 62.70883179
v 29.63399315 11.45099926 62.70883179
v 29.65999985 11.33369160 62.70883179
v 43.88680267 12.09973621 41.55856323
v 44.27815247 12.09973621 41.05974197
v 45.01670456 12.09973621 39.63589478
v 45.53171921 12.09973621 38.64300156
v 45.63915253 12.09973621 38.43587875
v 45.78136063 12.09973621 37.56745529
v 46.14278793 12.09973621 35.36029816
v 29.92235184 11.45512390 60.40096664
v 31.92778397 11.75631046 56.22073364
v 31.89940834 11.80458355 56.19692612
v 30.61501694 11.81159878 58.16627121
v 31.97963142 11.45099926 56.26424026
v 30.84059143 11.33369160 58.28834152
v 30.71706009 11.45512390 58.21751785
v 30.26307297 11.33369160 59.28863144
v 30.06250381 11.33369160 60.42611694
v 29.81123924 11.81159878 60.37463379
v 31.99955368 11.33369160 56.28095627
v 31.72591400 12.09973621 56.05134201
v 30.40445709 12.09973621 58.06052399
v 29.58196831 12.09973621 60.32029724
v 31.99955368 5.19999981 85.18706512
v 39.21496582 5.19999981 93.78605652
v 29.65999985 5.19999981 78.75918579
v 30.26307297 5.19999981 82.17938232
v 29.65999985 5.19999981 62.70883179
v 10.06013870 7.50000000 50.18442154
v 10.06013870 7.50000000 90.45420074
v 10.06013870 5.50000000 50.18442154
v 10.06013870 5.50000000 90.45420074
v -9.93986130 7.50000000 90.45420074
v -9.93986130 7.50000000 50.18442154
v -9.93986130 5.50000000 90.45420074
v -9.93986130 5.50000000 50.18442154
v -30.40753174 0.00000000 95.82489014
v -30.60295868 0.00000000 95.46227264
v -31.13093567 0.00000000 94.48258209
v -31.86447525 0.00000000 93.64559937
v -32.12660599 0.00000000 93.34650421
v -33.34730911 0.00000000 92.46182251
v -33.36082077 0.00000000 92.45419312
v 33.36082077 0.00000000 92.45419312
v -13.08354473 0.00000000 103.50263214
v -13.91310883 0.00000000 102.74433136
v -15.29752827 0.00000000 109.54422760
v -14.27521896 0.00000000 109.18985748
v 14.91745663 0.00000000 102.26937103
v -14.13784599 0.00000000 109.08993530
v -13.36329460 0.00000000 108.52650452
v -14.13721943 0.00000000 102.63820648
v -14.91393185 0.00000000 102.27040100
v -15.97175789 0.00000000 102.11010742
v -15.99941635 0.00000000 102.11407471
v -17.08254433 0.00000000 102.26937103
v -19.21664619 0.00000000 107.71991730
v -19.08182526 0.00000000 107.99658966
v -12.76508617 0.00000000 107.72553253
v -12.69446945 0.00000000 107.63097382
v -12.31936741 0.00000000 106.58106232
v -17.86107635 0.00000000 102.64153290
v -18.11298180 0.00000000 102.76194763
v -18.93551064 0.00000000 103.52640533
v 14.13892365 0.00000000 102.64153290
v 13.88701916 0.00000000 102.76194763
v 13.06448936 0.00000000 103.52640533
v 17.86215401 0.00000000 109.08993530
v 18.63670540 0.00000000 108.52650452
v 32.13716507 0.00000000 93.33689880
v 18.91645622 0.00000000 103.50263214
v 18.08689117 0.00000000 102.74433136
v 17.08606911 0.00000000 102.27040100
v 16.02824211 0.00000000 102.11010742
v 16.00058365 0.00000000 102.11407471
v -19.49328041 0.00000000 104.49636078
v -19.73413658 0.00000000 105.51179504
v -19.75000000 0.00000000 105.86000061
v -19.58238602 0.00000000 106.96936798
v -12.28847122 0.00000000 105.85835266
v -12.27130890 0.00000000 105.45690918
v -12.51329422 0.00000000 104.47964478
v -12.78939819 0.00000000 104.00659943
v 17.86277962 0.00000000 102.63820648
v -19.21124458 0.00000000 104.00590515
v -18.31125259 0.00000000 108.81312561
v -17.85450363 0.00000000 109.07134247
v -17.33878899 0.00000000 109.36289215
v 19.71152878 0.00000000 105.85835266
v 19.72869110 0.00000000 105.45690918
v 13.68874645 0.00000000 108.81312561
v 14.14549541 0.00000000 109.07134247
v 19.23491478 0.00000000 107.72553253
v 19.30553055 0.00000000 107.63097382
v 19.68063164 0.00000000 106.58106232
v 14.66121197 0.00000000 109.36289215
v 15.68042850 0.00000000 109.59663391
v 31.86533546 0.00000000 93.64640808
v 31.13093567 0.00000000 94.48258209
v 30.60190582 0.00000000 95.46173859
v 12.78875542 0.00000000 104.00590515
v 12.50671959 0.00000000 104.49636078
v 12.26586246 0.00000000 105.51179504
v 15.99847889 0.00000000 109.58032227
v 16.70247078 0.00000000 109.54422760
v 17.72478104 0.00000000 109.18985748
v -16.31957245 0.00000000 109.59663391
v -16.00152206 0.00000000 109.58032227
v 12.25000000 0.00000000 105.86000061
v 12.41761494 0.00000000 106.96936798
v 12.78335476 0.00000000 107.71991730
v 12.91817474 0.00000000 107.99658966
v 30.41285896 0.00000000 95.81164551
v 30.00882530 0.00000000 97.26406860
v 19.21060181 0.00000000 104.00659943
v 19.48670578 0.00000000 104.47964478
v 33.36082458 5.19999981 92.45419312
v 12.06013966 7.50000000 92.45419312
v 12.06013966 5.50000000 92.45419312
v 11.36790466 7.50000000 92.33058167
v 11.40414143 5.50000000 92.34362793
v 10.18375587 7.50000000 91.14643097
v 10.20493126 5.50000000 91.14196777
v 11.37169456 5.50000000 92.32423401
v 10.70704365 5.50000000 91.92709351
v 10.64592552 7.50000000 91.86840820
v 10.65854645 5.50000000 91.85936737
v 10.22996044 5.50000000 91.26085663
v -11.24762630 7.50000000 92.33058167
v -11.25208473 5.50000000 92.30940247
v -11.93986130 7.50000000 92.45419312
v -11.93986130 5.50000000 92.45419312
v -10.06347847 7.50000000 91.14643097
v -10.05043221 5.50000000 91.11019135
v -10.06982040 5.50000000 91.14263916
v -10.46695900 5.50000000 91.80728912
v -10.52564716 7.50000000 91.86840820
v -10.53468513 5.50000000 91.85578918
v -11.13320065 5.50000000 92.28437042
v -31.92778397 11.75631046 56.22073364
v -31.97963524 11.45098209 56.26424408
v -30.71706200 11.45510674 58.21752167
v -29.81124878 11.81158161 60.37463760
v -30.06250381 11.33369160 60.42611694
v -29.92235374 11.45510674 60.40096664
v -30.26307297 11.33369160 59.28863144
v -31.99955368 11.33369160 56.28095627
v -30.84059143 11.33369160 58.28834152
v -31.89941788 11.80456734 56.19692993
v -30.61502647 11.81158161 58.16627502
v -29.58196831 12.09973621 60.32029724
v -30.40445709 12.09973621 58.06052399
v -31.72591400 12.09973621 56.05134201
v -29.65999985 5.19999981 78.75918579
v -29.65999985 5.19999981 62.70883179
v -31.99955368 5.19999981 85.18706512
v -30.26307297 5.19999981 82.17938232
v -39.21496582 5.19999981 93.78605652
v -33.36082077 5.19999981 92.45419312
v -3.95923257 25.16604424 102.55580902
v -6.04827499 25.16604424 101.44628143
v -1.62507856 25.16604424 102.93907928
v 1.62507856 25.16604424 102.93907928
v 3.95923257 25.16604424 102.55580902
v 6.04827499 25.16604424 101.44628143
v 18.92319679 25.16604424 91.63883209
v 24.40630913 22.85630989 85.83219147
v 24.31877899 22.97038078 85.83219147
v 24.22286034 22.98320007 87.31638336
v 21.66045380 22.72049522 92.75241089
v 24.50000000 22.43369293 85.83219147
v 24.43742752 22.71593666 85.83219147
v 24.26960182 22.43369293 87.32330322
v 24.34395790 22.72049522 87.33486938
v 24.03363419 22.43369293 88.85044861
v 23.99358368 22.72049522 88.83776855
v 23.35583496 22.43369293 90.21880341
v 23.42328262 22.72049522 90.25221252
v 22.67803383 22.43369293 91.58717346
v 22.64367867 22.72049522 91.56299591
v 21.60619545 22.43369293 92.70027161
v 23.87679291 22.98320007 88.80078888
v 23.31350899 22.98320007 90.19783783
v 22.54349518 22.98320007 91.49249268
v 21.57236862 22.98320007 92.66728210
v 24.14278603 23.19973755 85.83219147
v 23.92061806 23.19973755 87.27003479
v 23.69308090 23.19973755 88.74263000
v 23.03949356 23.19973755 90.06211090
v 22.38590431 23.19973755 91.38159180
v 21.35235214 23.19973755 92.45493317
v -18.92319679 25.16604424 91.63883209
v -21.57236862 22.98320007 92.66728210
v -24.40630913 22.85630989 85.83219147
v -24.43742752 22.71593666 85.83219147
v -24.34395790 22.72049522 87.33486938
v -21.60619545 22.43369293 92.70027161
v -21.66045380 22.72049522 92.75241089
v -22.67803383 22.43369293 91.58717346
v -22.64367867 22.72049522 91.56299591
v -23.35583496 22.43369293 90.21880341
v -23.42328262 22.72049522 90.25221252
v -24.03363419 22.43369293 88.85044861
v -23.99358368 22.72049522 88.83776855
v -24.26960182 22.43369293 87.32330322
v -24.50000000 22.43369293 85.83219147
v -22.54349518 22.98320007 91.49249268
v -23.31350899 22.98320007 90.19783783
v -23.87679291 22.98320007 88.80078888
v -24.22286034 22.98320007 87.31638336
v -24.31877899 22.97038078 85.83219147
v -21.35235214 23.19973755 92.45493317
v -22.38590431 23.19973755 91.38159180
v -23.03949356 23.19973755 90.06211090
v -23.69308090 23.19973755 88.74263000
v -23.92061806 23.19973755 87.27003479
v -24.14278603 23.19973755 85.83219147
v 0.00000000 15.19999981 118.00000000
v -2.00000000 15.19999981 117.46410370
v -3.46410155 15.19999981 116.00000000
v -4.00000000 15.19999981 114.00000000
v -3.46410155 15.19999981 112.00000000
v -2.00000000 15.19999981 110.53589630
v -0.00000000 15.19999981 110.00000000
v 2.00000000 15.19999981 110.53589630
v 3.46410155 15.19999981 112.00000000
v 4.00000000 15.19999981 114.00000000
v 3.46410155 15.19999981 116.00000000
v 2.00000000 15.19999981 117.46410370
v 16.50604630 12.19999981 118.79629517
v 14.70604706 12.19999981 118.31398773
v 15.57429886 12.19999981 118.67362976
v 18.30604744 12.19999981 118.31398773
v 19.62373734 12.19999981 116.99629211
v 17.43779564 12.19999981 118.67362976
v 13.38835526 12.19999981 113.39629364
v 13.96046257 12.19999981 112.65071106
v 14.70604706 12.19999981 112.07860565
v 18.30604744 12.19999981 112.07860565
v 19.62373734 12.19999981 113.39629364
v 19.05163193 12.19999981 112.65071106
v 20.10604668 12.19999981 115.19629669
v 19.98337936 12.19999981 116.12804413
v 12.90604687 12.19999981 115.19629669
v 13.02871418 12.19999981 114.26454926
v 13.38835526 12.19999981 116.99629211
v 16.50604630 12.19999981 111.59629059
v 17.43779564 12.19999981 111.71896362
v 19.98337936 12.19999981 114.26454926
v 13.02871418 12.19999981 116.12804413
v -16.50604630 12.19999981 118.79629517
v -18.30604744 12.19999981 118.31398773
v -17.43779564 12.19999981 118.67362976
v -14.70604706 12.19999981 118.31398773
v -13.38835526 12.19999981 116.99629211
v -15.57429886 12.19999981 118.67362976
v -19.62373734 12.19999981 113.39629364
v -19.05163193 12.19999981 112.65071106
v -18.30604744 12.19999981 112.07860565
v -14.70604706 12.19999981 112.07860565
v -13.38835526 12.19999981 113.39629364
v -13.96046257 12.19999981 112.65071106
v -12.90604687 12.19999981 115.19629669
v -13.02871418 12.19999981 116.12804413
v -20.10604668 12.19999981 115.19629669
v -19.98337936 12.19999981 114.26454926
v -19.62373734 12.19999981 116.99629211
v -16.50604630 12.19999981 111.59629059
v -15.57429886 12.19999981 111.71896362
v -13.02871418 12.19999981 114.26454926
v -19.98337936 12.19999981 116.12804413
v 29.37972450 12.09973621 43.28230667
v 28.06203270 12.09973621 44.59999847
v 31.17972374 12.09973621 46.39999771
v 27.57972527 12.09973621 46.39999771
v 28.06203270 12.09973621 48.20000076
v 34.29741287 12.09973621 44.59999847
v 32.97972488 12.09973621 43.28230667
v 31.17972374 12.09973621 42.80000305
v 32.97972488 12.09973621 49.51769257
v 34.29741287 12.09973621 48.20000076
v 34.77972412 12.09973621 46.39999771
v 29.37972450 12.09973621 49.51769257
v 31.17972374 12.09973621 50.00000000
v -32.97972488 12.09973621 43.28230667
v -34.29741287 12.09973621 44.59999847
v -31.17972374 12.09973621 46.39999771
v -34.77972412 12.09973621 46.39999771
v -34.29741287 12.09973621 48.20000076
v -28.06203270 12.09973621 44.59999847
v -29.37972450 12.09973621 43.28230667
v -31.17972374 12.09973621 42.80000305
v -29.37972450 12.09973621 49.51769257
v -28.06203270 12.09973621 48.20000076
v -27.57972527 12.09973621 46.39999771
v -32.97972488 12.09973621 49.51769257
v -31.17972374 12.09973621 50.00000000
v 12.25000000 14.00000000 105.86000061
v 12.75240421 14.00000000 107.73500061
v 14.12500000 14.00000000 109.10759735
v 16.00000000 14.00000000 109.61000061
v 17.87500000 14.00000000 109.10759735
v 19.24759483 14.00000000 107.73500061
v 19.75000000 14.00000000 105.86000061
v 19.24759483 14.00000000 103.98499298
v 17.87500000 14.00000000 102.61240387
v 16.00000000 14.00000000 102.11000061
v 14.12500000 14.00000000 102.61240387
v 12.75240421 14.00000000 103.98499298
v -19.75000000 14.00000000 105.86000061
v -19.24759483 14.00000000 107.73500061
v -17.87500000 14.00000000 109.10759735
v -16.00000000 14.00000000 109.61000061
v -14.12500000 14.00000000 109.10759735
v -12.75240421 14.00000000 107.73500061
v -12.25000000 14.00000000 105.86000061
v -12.75240421 14.00000000 103.98499298
v -14.12500000 14.00000000 102.61240387
v -16.00000000 14.00000000 102.11000061
v -17.87500000 14.00000000 102.61240387
v -19.24759483 14.00000000 103.98499298
v 34.06817245 12.69999981 13.92500019
v 34.44999695 12.69999981 12.50000000
v 31.59999847 12.69999981 15.35000038
v 29.13182831 12.69999981 11.07499981
v 28.75000000 12.69999981 12.50000000
v 34.06817245 12.69999981 11.07499981
v 33.02500153 12.69999981 10.03182793
v 30.17500114 12.69999981 14.96817303
v 29.13182831 12.69999981 13.92500019
v 33.02500153 12.69999981 14.96817303
v 31.59999847 12.69999981 9.65000057
v 30.17500114 12.69999981 10.03182793
v -31.59999847 12.69999981 15.35000038
v -34.06817245 12.69999981 11.07499981
v -34.44999695 12.69999981 12.50000000
v -29.13182831 12.69999981 13.92500019
v -28.75000000 12.69999981 12.50000000
v -33.02500153 12.69999981 14.96817303
v -34.06817245 12.69999981 13.92500019
v -29.13182831 12.69999981 11.07499981
v -30.17500114 12.69999981 10.03182793
v -31.59999847 12.69999981 9.65000057
v -30.17500114 12.69999981 14.96817303
v -33.02500153 12.69999981 10.03182793
v 29.93080139 14.06604385 54.54506683
v 37.50000000 15.69999981 41.46936417
v 43.30526352 14.30000019 38.11769485
v 43.75078201 14.30000019 37.57723618
v 43.55997086 14.30000019 37.90773010
v 36.50000000 15.69999981 41.46936417
v 37.19081116 15.69999981 41.58496857
v 37.00000000 15.69999981 41.58496857
v 36.80919266 15.69999981 41.58496857
v 30.69473648 15.69999981 38.11769485
v 30.19473648 15.69999981 37.25167084
v 30.44002724 15.69999981 37.90773010
v 30.34462166 15.69999981 37.74248505
v 30.24921799 15.69999981 37.57723618
v 30.19473648 15.69999981 30.54832840
v 30.69473648 15.69999981 29.68230438
v 30.24921799 15.69999981 30.22276115
v 30.34462166 15.69999981 30.05751610
v 30.44002724 15.69999981 29.89226913
v 36.50000000 15.69999981 26.33063316
v 37.50000000 15.69999981 26.33063316
v 36.80919266 15.69999981 26.21503258
v 37.19081116 15.69999981 26.21503258
v 37.17364883 15.69999981 26.21503258
v 36.82635498 15.69999981 26.21503258
v 43.55997086 14.30000019 29.89226913
v 43.30526352 14.30000019 29.68230438
v 43.75078201 14.30000019 30.22276115
v 43.15664673 14.30000019 29.59650040
v 7.68472195 15.30000019 103.59455872
v 20.55964470 15.30000019 93.78710938
v 1.62507844 15.30000019 105.63964081
v 4.30078602 15.30000019 105.20029449
v 4.82279825 15.30000019 105.11458588
v 6.75497723 15.30000019 104.08836365
v -1.62507844 15.30000019 105.63964081
v -7.68472195 15.30000019 103.59455872
v -5.28999329 15.30000019 104.86645508
v -4.82279825 15.30000019 105.11458588
v -2.66391277 15.30000019 105.46907043
v -20.55964470 15.30000019 93.78710938
v -43.79943466 14.06604385 35.36029816
v -46.14278793 12.09973621 35.36029816
v -43.59301758 14.06604385 36.53093719
v -45.75466156 12.09973621 37.56147385
v -43.38307190 14.06604385 37.72158432
v -45.56125641 12.09973621 38.65832520
v -43.35922241 14.06604385 37.85684967
v -45.00436783 12.09973621 39.62287903
v -42.29205704 14.06604385 39.70523453
v -43.88680267 12.09973621 41.55856323
v -42.09169006 14.06604385 40.05228424
v -29.93080139 14.06604385 54.54506683
v -42.86596298 12.08801174 42.79669189
v -43.20573425 12.09973621 42.37023163
v -26.95943451 14.06604385 62.70883179
v -27.30177879 14.06604385 59.77988434
v -28.31035805 14.06604385 57.00882721
v -26.95943451 14.06604385 78.75918579
v -29.93080139 14.06604385 86.92295074
v -28.31035805 14.06604385 84.45918274
v -27.30177879 14.06604385 81.68813324
v -20.03236771 14.06604385 126.19864655
v -19.20572090 14.06604385 127.04688263
v -18.41251373 14.06604385 127.86081696
v -17.26012802 14.06604385 128.45924377
v -16.35276031 14.06604385 128.93045044
v -16.16267014 14.06604385 128.96105957
v -14.06134796 14.06604385 129.29943848
v 14.06134796 14.06604385 129.29943848
v 16.35276031 14.06604385 128.93045044
v 15.23070526 14.06604385 129.11114502
v 17.50514412 14.06604385 128.33201599
v 18.41251373 14.06604385 127.86081696
v 18.54689217 14.06604385 127.72291565
v 20.03236771 14.06604385 126.19864655
v 38.55419922 14.06604385 99.85819244
v 38.43470764 14.06604385 97.05750275
v 38.63868713 14.06604385 97.44967651
v 38.89471436 14.06604385 97.94188690
v 38.90655518 14.06604385 98.21942902
v 38.93720627 14.06604385 98.93784332
v 38.89020920 14.06604385 99.05078125
v 29.93080139 14.06604385 86.92295074
v 26.95943451 14.06604385 78.75918579
v 27.30177879 14.06604385 81.68813324
v 28.31035805 14.06604385 84.45918274
v 26.95943451 14.06604385 62.70883179
v 28.31035805 14.06604385 57.00882721
v 27.30177879 14.06604385 59.77988434
v -46.14278793 12.09973621 14.80000019
v -43.79943466 14.06604385 14.80000019
v 46.14278793 12.09973621 14.80000019
v 43.79943466 14.06604385 14.80000019
v 46.50000000 11.33369160 35.36029816
v 46.50000000 11.33369160 14.80000019
v 46.47303772 11.45530510 35.36029816
v 46.40630722 11.75631046 14.80000019
v 46.40630722 11.75631046 35.36029816
v 46.36661530 11.80803680 35.36029816
v 44.05826569 11.80803680 41.70243835
v 45.32578278 11.81546402 39.79277420
v 45.89692688 11.33369160 38.78049850
v 46.09749603 11.33369160 37.64301300
v 46.22271729 11.45952034 37.66462326
v 46.11007690 11.81546402 37.63792801
v 45.42922211 11.45952034 39.84472275
v 44.13978958 11.45530510 41.77084351
v 44.16044617 11.33369160 41.78817368
v 45.31940842 11.33369160 39.78078842
v 44.08867264 11.75631046 41.72794724
v 31.99955368 5.19999981 56.28095627
v 30.26307297 5.19999981 59.28863144
v 33.83700180 5.19999981 53.75819016
v 34.57959366 5.19999981 53.20618820
v 28.15791702 5.19999981 51.38441849
v 32.03998184 5.19999981 53.64829636
v 32.92542648 5.19999981 53.91688156
v 28.15791702 5.19999981 92.45419312
v -11.93986130 7.50000000 48.18442154
v -11.93986130 5.50000000 48.18442154
v -11.24762630 7.50000000 48.30803680
v -11.28386307 5.50000000 48.29499054
v -10.08465385 5.50000000 49.49664307
v -10.06347847 7.50000000 49.49218369
v -11.25141621 5.50000000 48.31437683
v -10.58676529 5.50000000 48.71152115
v -10.52564716 7.50000000 48.77020645
v -10.53826904 5.50000000 48.77924728
v -10.10968208 5.50000000 49.37775803
v 12.06013966 5.50000000 48.18442154
v 11.37211895 5.50000000 48.32820511
v 11.25907898 5.50000000 48.35182953
v 10.64592552 5.50000000 48.77020645
v 10.21237946 5.50000000 49.41905212
v 10.19729710 5.50000000 49.49487686
v 11.36790466 7.50000000 48.30803680
v 12.06013966 7.50000000 48.18442154
v 10.18375587 7.50000000 49.49218369
v 10.64592552 7.50000000 48.77020645
v 28.15791702 7.50000000 48.18442154
v 28.15791702 7.50000000 92.45419312
v -28.15791702 7.50000000 48.18442154
v -28.15791702 7.50000000 92.45419312
v -28.15791702 5.19999981 92.45419312
v -44.08867264 11.75631046 41.72794724
v -44.05826569 11.80803680 41.70243835
v -44.16044617 11.33369160 41.78817368
v -44.13978958 11.45530510 41.77084351
v -30.26307297 5.19999981 59.28863144
v -31.99955368 5.19999981 56.28095627
v -34.57959366 5.19999981 53.20618820
v -33.83700180 5.19999981 53.75819016
v -32.92542648 5.19999981 53.91688156
v -32.03998184 5.19999981 53.64829636
v -28.15791702 5.19999981 51.38441849
v -46.40630722 11.75631046 35.36029816
v -46.47303772 11.45530510 35.36029816
v -46.22271729 11.45952034 37.66462326
v -45.32578278 11.81546402 39.79277420
v -45.31940842 11.33369160 39.78078842
v -45.42922211 11.45952034 39.84472275
v -45.89692688 11.33369160 38.78049850
v -46.50000000 11.33369160 35.36029816
v -46.09749603 11.33369160 37.64301300
v -46.36661530 11.80803680 35.36029816
v -46.11007690 11.81546402 37.63792801
v -46.50000000 11.33369160 14.80000019
v -46.40630722 11.75631046 14.80000019
v 21.77799988 25.17000008 86.39115906
v 21.79943466 25.16604424 85.83219147
v 21.79407310 25.17000008 86.11187744
v 21.79943466 25.17000008 85.83219147
v 21.53831863 25.17000008 87.76708221
v 21.45901299 25.17000008 88.03534698
v 21.45901299 25.16604424 88.03534698
v 21.75123787 25.17000008 86.66961670
v 21.71382713 25.17000008 86.94684601
v 21.60728836 25.17000008 87.49597168
v 20.91202164 25.17000008 89.32041931
v 20.46950150 25.16604424 90.03300476
v 21.04096794 25.17000008 89.07216644
v 21.26986885 25.17000008 88.56177521
v 20.77365685 25.17000008 89.56353760
v 20.46950150 25.17000008 90.03300476
v 20.13028908 25.17000008 90.47778320
v 19.56015396 25.17000008 91.09304810
v 19.75801468 25.17000008 90.89529419
v 19.94815254 25.17000008 90.69011688
v 19.35486031 25.17000008 91.28306580
v 19.14243698 25.17000008 91.46508789
v 18.92319679 25.17000008 91.63883209
v -18.92319679 25.17000008 91.63883209
v -19.14243698 25.17000008 91.46508789
v -19.35486031 25.17000008 91.28306580
v -19.56015396 25.17000008 91.09304810
v -19.75801468 25.17000008 90.89529419
v -20.46950150 25.17000008 90.03300476
v -20.46950150 25.16604424 90.03300476
v -20.30415916 25.17000008 90.25864410
v -20.13028908 25.17000008 90.47778320
v -21.16031075 25.17000008 88.81916809
v -21.45901299 25.16604424 88.03534698
v -21.04096794 25.17000008 89.07216644
v -20.77365685 25.17000008 89.56353760
v -21.26986885 25.17000008 88.56177521
v -21.45901299 25.17000008 88.03534698
v -21.60728836 25.17000008 87.49597168
v -21.75123787 25.17000008 86.66961670
v -21.79943466 25.16604424 85.83219147
v -21.71382713 25.17000008 86.94684601
v -21.66581917 25.17000008 87.22243500
v -21.77799988 25.17000008 86.39115906
v -21.79407310 25.17000008 86.11187744
v -21.79943466 25.17000008 85.83219147
v -6.04827499 25.17000008 101.44628143
v -1.62507844 25.17000008 102.93907928
v -2.21839428 25.17000008 102.91492462
v -2.80778337 25.17000008 102.84262085
v -3.38934588 25.17000008 102.72264862
v -3.67598653 25.17000008 102.64503479
v -3.95923257 25.17000008 102.55580902
v -4.23861551 25.17000008 102.45514679
v -4.51367235 25.17000008 102.34320068
v -5.80843019 25.17000008 101.62139130
v -4.78394890 25.17000008 102.22016144
v -5.04899645 25.17000008 102.08622742
v -5.56166124 25.17000008 101.78659821
v 1.62507844 25.17000008 102.93907928
v 6.04827499 25.17000008 101.44628143
v 5.56166124 25.17000008 101.78659821
v 5.04899645 25.17000008 102.08622742
v 4.51367235 25.17000008 102.34320068
v 4.23861551 25.17000008 102.45514679
v 3.95923257 25.17000008 102.55580902
v 3.67598653 25.17000008 102.64503479
v 3.38934588 25.17000008 102.72264862
v 1.92198217 25.17000008 102.93303680
v 3.09978509 25.17000008 102.78855133
v 2.80778337 25.17000008 102.84262085
v 2.21839428 25.17000008 102.91492462
v 22.44198227 15.30000019 91.83231354
v 22.67803383 15.30000019 91.58717346
v 23.13609886 15.30000019 90.66241455
v 24.50000000 15.30000019 85.83219147
v 24.34546089 15.30000019 86.83234406
v 24.03363419 15.30000019 88.85044861
v 23.75069809 15.30000019 89.42163849
v 24.50000000 22.43369293 8.00000000
v 24.40630913 22.85630989 8.00000000
v 24.14278603 23.19973755 8.00000000
v 21.79943466 25.16604424 8.00000000
v 21.79943466 25.17000008 8.00000000
v -21.79943466 25.16604424 8.00000000
v -21.79943466 25.17000008 8.00000000
v -24.50000000 22.43369293 8.00000000
v -24.40630913 22.85630989 8.00000000
v -24.14278603 23.19973755 8.00000000
v -24.50000000 15.30000019 85.83219147
v -24.08560181 15.30000019 88.51412201
v -24.03363419 15.30000019 88.85044861
v -23.57556915 15.30000019 89.77519989
v -21.26161003 15.30000019 93.05812073
v -22.67803383 15.30000019 91.58717346
v -22.96096992 15.30000019 91.01597595
v -0.00000000 14.30000019 110.00000000
v -2.00000000 14.30000019 110.53589630
v -2.26224947 14.30000019 110.79814911
v -3.46410155 14.30000019 112.00000000
v -4.00000000 14.30000019 114.00000000
v -3.46410155 14.30000019 116.00000000
v -2.00000000 14.30000019 117.46410370
v 0.00000000 14.30000019 118.00000000
v 2.00000000 14.30000019 117.46410370
v 3.46410155 14.30000019 116.00000000
v 4.00000000 14.30000019 114.00000000
v 3.46410155 14.30000019 112.00000000
v 2.26224947 14.30000019 110.79814911
v 2.00000000 14.30000019 110.53589630
v 12.90604687 14.30000019 115.19629669
v 13.38835526 14.30000019 116.99629211
v 16.50604630 14.30000019 118.79629517
v 14.70604706 14.30000019 118.31398773
v 18.30604744 14.30000019 118.31398773
v 18.30604744 14.30000019 112.07860565
v 19.62373734 14.30000019 113.39629364
v 20.07802391 14.30000019 115.09171295
v 20.10604668 14.30000019 115.19629669
v 20.07802391 14.30000019 115.30088043
v 19.62373734 14.30000019 116.99629211
v 16.50604630 14.30000019 111.59629059
v 13.38835526 14.30000019 113.39629364
v 14.70604706 14.30000019 112.07860565
v -20.10604668 14.30000019 115.19629669
v -19.62373734 14.30000019 116.99629211
v -16.50604630 14.30000019 118.79629517
v -18.30604744 14.30000019 118.31398773
v -14.70604706 14.30000019 118.31398773
v -12.90604687 14.30000019 115.19629669
v -13.38835526 14.30000019 116.99629211
v -13.38835526 14.30000019 113.39629364
v -14.70604706 14.30000019 112.07860565
v -16.50604630 14.30000019 111.59629059
v -19.62373734 14.30000019 113.39629364
v -18.30604744 14.30000019 112.07860565
v 34.61486053 14.30000019 47.01527023
v 34.77972412 14.30000019 46.39999771
v 34.61486053 14.30000019 45.78472519
v 34.29741287 14.30000019 44.59999847
v 32.97972488 14.30000019 43.28230667
v 31.17972374 14.30000019 42.80000305
v 29.37972450 14.30000019 43.28230667
v 28.06203270 14.30000019 44.59999847
v 27.57972527 14.30000019 46.39999771
v 28.06203270 14.30000019 48.20000076
v 29.37972450 14.30000019 49.51769257
v 31.17972374 14.30000019 50.00000000
v 32.97972488 14.30000019 49.51769257
v 34.29741287 14.30000019 48.20000076
v -28.16486168 14.30000019 48.30282974
v -28.06203270 14.30000019 48.20000076
v -27.57972527 14.30000019 46.39999771
v -28.06203270 14.30000019 44.59999847
v -28.16486168 14.30000019 44.49716949
v -29.37972450 14.30000019 43.28230667
v -31.17972374 14.30000019 42.80000305
v -32.97972488 14.30000019 43.28230667
v -34.29741287 14.30000019 44.59999847
v -34.77972412 14.30000019 46.39999771
v -34.29741287 14.30000019 48.20000076
v -32.97972488 14.30000019 49.51769257
v -31.17972374 14.30000019 50.00000000
v -29.37972450 14.30000019 49.51769257
v 12.49259758 14.30000019 107.88500214
v 13.97500038 14.30000019 109.36740112
v 16.00000000 14.30000019 109.90999603
v 18.02499962 14.30000019 109.36740112
v 19.50740242 14.30000019 107.88500214
v 20.05000114 14.30000019 105.86000061
v 19.50740242 14.30000019 103.83499908
v 18.02499962 14.30000019 102.35260010
v 16.00000000 14.30000019 101.80999756
v 13.97500038 14.30000019 102.35260010
v 12.49259758 14.30000019 103.83499908
v 11.94999981 14.30000019 105.86000061
v -12.42802429 14.30000019 107.64400482
v -11.94999981 14.30000019 105.86000061
v -12.42802429 14.30000019 104.07598877
v -12.49259758 14.30000019 103.83499908
v -13.97500038 14.30000019 102.35260010
v -16.00000000 14.30000019 101.80999756
v -18.02499962 14.30000019 102.35260010
v -19.50740242 14.30000019 103.83499908
v -20.05000114 14.30000019 105.86000061
v -19.50740242 14.30000019 107.88500214
v -18.02499962 14.30000019 109.36740112
v -16.00000000 14.30000019 109.90999603
v -13.97500038 14.30000019 109.36740112
v -12.49259758 14.30000019 107.88500214
v 28.75000000 14.30000019 12.50000000
v 29.13182831 14.30000019 13.92500019
v 30.17500114 14.30000019 14.96817303
v 31.59999847 14.30000019 15.35000038
v 33.02500153 14.30000019 14.96817303
v 34.06817245 14.30000019 13.92500019
v 34.44999695 14.30000019 12.50000000
v 34.06817245 14.30000019 11.07499981
v 33.02500153 14.30000019 10.03182793
v 31.59999847 14.30000019 9.65000057
v 30.17500114 14.30000019 10.03182793
v 29.13182831 14.30000019 11.07499981
v -34.44999695 14.30000019 12.50000000
v -34.06817245 14.30000019 13.92500019
v -33.02500153 14.30000019 14.96817303
v -31.59999847 14.30000019 15.35000038
v -30.17500114 14.30000019 14.96817303
v -29.13182831 14.30000019 13.92500019
v -28.75000000 14.30000019 12.50000000
v -29.13182831 14.30000019 11.07499981
v -30.17500114 14.30000019 10.03182793
v -31.59999847 14.30000019 9.65000057
v -33.02500153 14.30000019 10.03182793
v -34.06817245 14.30000019 11.07499981
v 34.61486053 14.30000019 47.96281815
v 29.43839645 14.30000019 54.13189316
v 29.69889069 14.24040604 54.35046768
v 29.70026016 14.23937702 54.35161972
v 37.50000000 14.30000019 41.46936417
v 36.50000000 14.30000019 41.46936417
v 37.00000000 14.30000019 41.60334015
v 30.69473648 14.30000019 38.11769485
v 34.61486053 14.30000019 40.38098145
v 30.19473648 14.30000019 37.25167084
v 30.32871056 14.30000019 37.75167084
v 30.19473648 14.30000019 30.54832840
v 30.69473648 14.30000019 29.68230438
v 30.32871056 14.30000019 30.04833031
v 36.50000000 14.30000019 26.33063316
v 34.61486053 14.30000019 27.41901779
v 31.74661827 14.30000019 29.07500076
v 37.50000000 14.30000019 26.33063316
v 37.17364883 14.30000019 26.21185112
v 36.82635498 14.30000019 26.21185112
v 42.25338364 14.30000019 29.07500076
v 43.15664673 14.30000019 29.07500076
v 43.49866486 14.23969269 14.80000019
v 43.15664673 14.30000019 14.80000019
v 24.54946518 15.05131912 85.83219147
v 24.50000000 15.30000019 8.00000000
v 24.57612038 14.91731644 8.00000000
v 24.57612038 14.91731644 85.83219147
v 24.69620514 14.73759651 85.83219147
v 24.79289246 14.59289360 8.00000000
v 24.79289246 14.59289360 85.83219147
v 25.11731720 14.37612057 8.00000000
v 25.11731720 14.37612057 85.83219147
v 25.13570976 14.37246227 85.83219147
v 25.50000000 14.30000019 85.83219147
v 25.50000000 14.30000019 75.90500641
v 25.50000000 14.30000019 29.07500076
v 25.50000000 14.30000019 8.82500076
v 25.50000000 14.30000019 8.00000000
v 22.96305275 14.30000019 92.85905457
v 23.24711800 14.30000019 92.44983673
v 22.98202133 14.36898613 92.24771881
v 23.85036659 15.04790401 89.46780396
v 24.78200531 14.55271816 86.88231659
v 21.64599609 14.30000019 94.19507599
v 22.25135040 14.30000019 93.58100891
v 22.02151489 14.36898613 93.35086823
v 24.04352570 14.30000019 91.30256653
v 24.09423256 14.30000019 91.19256592
v 23.78458977 14.36898613 91.01871490
v 23.25840378 15.04790401 90.72478485
v 22.50131989 15.04790401 91.88413239
v 22.61944962 14.72704506 91.97347260
v 24.41211510 14.36898613 89.68622589
v 24.73198128 14.30000019 89.80912781
v 24.85822105 14.30000019 89.53527832
v 23.38771057 14.72704506 90.79701233
v 22.74313354 14.55271816 92.06702423
v 23.52309799 14.55271816 90.87263489
v 23.84288597 14.30000019 91.59159851
v 20.73915100 14.58956814 94.02276611
v 21.80967903 14.55271816 93.13910675
v 21.70000076 14.72704506 93.02947235
v 21.16560745 14.30000019 94.58260345
v 20.94470215 14.37117672 94.29260254
v 20.93767929 14.37343884 94.28338623
v 24.48038101 15.04790401 86.85150909
v 24.62772942 14.72704506 86.86655426
v 25.07998085 14.36898613 86.91274261
v 25.40213203 14.30000019 86.94623566
v 23.98841286 14.72704506 89.52147675
v 24.13295174 14.55271816 89.57767487
v 24.55072403 14.55271816 88.24161530
v 24.84199715 14.36898613 88.31143951
v 25.16264153 14.30000019 88.38743591
v 25.33143997 14.30000019 87.75096130
v 21.59524727 15.04790401 92.92475891
v 20.58979225 15.05139732 93.82669067
v 20.60631943 14.91514015 93.84838867
v 20.67866516 14.73781967 93.94335938
v 20.07802391 14.30000019 95.41107178
v 7.71487188 15.05139732 103.63414001
v 7.73139668 14.91514015 103.65583038
v 7.80374336 14.73781967 103.75080109
v 7.86422920 14.58956814 103.83020782
v 8.06275749 14.37343884 104.09083557
v 8.06977940 14.37117672 104.10005188
v 8.29068661 14.30000019 104.39004517
v 3.10501266 14.30000019 106.52838898
v 4.57689762 14.30000019 106.21450043
v 4.48317623 14.36898613 105.88341522
v 5.85396099 14.36898613 105.39772034
v 7.13861132 14.36898613 104.73384857
v 6.98332834 14.55271816 104.47772217
v 6.82614231 15.04790401 104.21844482
v 2.99690318 14.72704506 105.72720337
v 1.62507844 14.73759651 105.83584595
v 1.62507844 14.59289360 105.93253326
v 1.62507844 14.30000019 106.63964081
v 2.97008085 14.30000019 106.55715942
v 1.62507844 14.37246227 106.27535248
v 3.05816150 14.36898613 106.17765808
v 1.62507844 14.37612057 106.25695801
v 4.85074759 14.30000019 106.15609741
v 5.73485899 14.55271816 105.12289429
v 6.90292978 14.72704506 104.34510803
v 5.98377657 14.30000019 105.69497681
v 6.65955448 14.30000019 105.41995239
v 7.30618429 14.30000019 105.01166534
v 7.97499990 14.30000019 104.58937073
v 1.62507844 15.05131912 105.68910980
v 4.32119942 15.04790401 105.30287170
v 5.61429691 15.04790401 104.84470367
v 4.36100388 14.72704506 105.44553375
v 1.62507844 14.91731644 105.71575928
v 3.01780033 14.55271816 105.88087463
v 5.67319345 14.72704506 104.98060608
v 4.40268087 14.55271816 105.59490967
v -1.62507844 15.05044746 105.68927765
v -1.62507844 14.91731644 105.71575928
v -1.62507844 14.73683739 105.83635712
v -1.62507844 14.59289360 105.93253326
v -1.62507844 14.37612057 106.25695801
v -1.62507844 14.37246227 106.27535248
v -1.62507844 14.30000019 106.63964081
v -7.04599380 14.30000019 105.19833374
v -5.68491697 14.30000019 105.84054565
v -5.55884600 14.36898613 105.52038574
v -4.17408657 14.36898613 105.96466827
v -2.74987245 14.36898613 106.21500397
v -2.71819377 14.55271816 105.91716003
v -2.68615055 15.04704380 105.61589050
v -8.06275749 14.37343884 104.09083557
v -8.06977940 14.37117672 104.10005188
v -6.87073708 14.36898613 104.89095306
v -6.64676476 14.72629642 104.49594879
v -7.80405235 14.73706245 103.75121307
v -7.86422920 14.58956814 103.83020782
v -7.17076778 14.30000019 105.13946533
v -7.97499990 14.30000019 104.60129547
v -8.29068661 14.30000019 104.39004517
v -5.43168402 14.30000019 105.96003723
v -4.10229635 14.55271816 105.67387390
v -2.70184755 14.72629642 105.76348114
v -2.78491950 14.30000019 106.53755951
v -3.54671335 14.30000019 106.47051239
v -4.25094557 14.30000019 106.27980042
v -7.71497726 15.05052662 103.63427734
v -5.33599043 15.04704380 104.96061707
v -4.02968073 15.04704380 105.37973022
v -5.39088726 14.72629642 105.09851074
v -7.73139668 14.91514015 103.65583038
v -6.72299862 14.55271816 104.63039398
v -4.06525230 14.72629642 105.52382660
v -5.44805527 14.55271816 105.24210358
v -20.94470215 14.37117672 94.29260254
v -21.16560745 14.30000019 94.58260345
v -12.42802429 14.30000019 101.23844147
v -20.58969116 15.05224800 93.82655334
v -20.60631943 14.91514015 93.84838867
v -20.67836380 14.73855877 93.94296265
v -20.73915100 14.58956814 94.02276611
v -20.93767929 14.37343884 94.28338623
v -23.05789948 15.04874420 91.06716919
v -21.56589127 14.55271816 93.37510681
v -25.48282242 14.30000019 86.44916534
v -25.36115646 14.30000019 87.30282593
v -25.03881073 14.36898613 87.25945282
v -23.69908905 15.04874420 89.83461761
v -24.16256714 15.04874420 88.52986145
v -24.30494499 14.72777557 88.56961060
v -25.21811676 14.30000019 88.30645752
v -25.06472397 14.30000019 88.78039551
v -24.74329567 14.36898613 88.69199371
v -24.63467026 14.30000019 90.10913849
v -23.83464050 14.72777557 89.89358521
v -24.45480347 14.55271816 88.61145020
v -23.97731018 14.55271816 89.95566559
v -24.25196457 14.36898613 90.07516479
v -24.57789612 14.30000019 90.21614075
v -24.79289246 14.59289360 85.83219147
v -24.74199677 14.55271816 87.21925354
v -24.58781433 14.72777557 87.19837952
v -25.50000000 14.30000019 85.83219147
v -25.13570976 14.37246227 85.83219147
v -25.11731720 14.37612057 85.83219147
v -21.35846138 15.04874420 93.15367889
v -21.45952225 14.72777557 93.26155853
v -21.77066231 14.36898613 93.59371185
v -21.99251366 14.30000019 93.82968140
v -23.18400192 14.72777557 91.14431000
v -23.31672859 14.55271816 91.22549438
v -22.50705910 14.55271816 92.36743927
v -23.57223892 14.36898613 91.38179779
v -22.73910522 14.36898613 92.55683136
v -23.86383247 14.30000019 91.56177521
v -23.84288597 14.30000019 91.60124207
v -23.72248650 14.30000019 91.82814026
v -22.99385262 14.30000019 92.76585388
v -22.58983040 14.30000019 93.28580475
v -24.44132614 15.04874420 87.17853546
v -24.54929543 15.05216885 85.83219147
v -24.57612038 14.91731644 85.83219147
v -24.69570923 14.73833847 85.83219147
v -24.57612038 14.91731644 8.00000000
v -24.50000000 15.30000019 8.00000000
v -25.11731720 14.37612057 8.00000000
v -24.79289246 14.59289360 8.00000000
v -25.50000000 14.30000019 8.00000000
v -25.50000000 14.30000019 8.82500076
v -25.50000000 14.30000019 29.07500076
v -25.50000000 14.30000019 75.90500641
v -43.49866486 14.23969269 35.36029816
v -43.15664673 14.30000019 35.36029816
v -43.15664673 14.30000019 29.07500076
v -43.49866486 14.23969269 14.80000019
v -43.15664673 14.30000019 14.80000019
v -43.03464508 14.30000019 36.44162369
v -43.40506363 14.23969269 36.50109482
v -41.59928513 14.30000019 39.63910675
v -41.73243332 14.30000019 39.47525406
v -41.85977936 14.24040604 39.85768890
v -42.10259247 14.23969269 39.55461121
v -41.86114883 14.23937702 39.85883713
v -43.12105942 14.23969269 37.62809753
v -41.81606293 14.30000019 39.34166336
v -42.48756409 14.30000019 38.26899719
v -42.75775909 14.30000019 37.50325394
v -42.98871994 14.30000019 36.84870529
v -29.43839645 14.30000019 54.13189316
v -29.69889069 14.24040604 54.35046768
v -29.70026016 14.23937702 54.35161972
v -28.20784378 14.30000019 55.86097717
v -28.16486168 14.30000019 55.94814301
v -28.04158401 14.23969269 56.87384415
v -27.77466202 14.30000019 56.73943710
v -26.65866470 14.23969269 62.70883179
v -26.31664658 14.30000019 62.70883179
v -26.34068298 14.30000019 61.90670776
v -27.00911903 14.23969269 59.71051788
v -26.63176537 14.30000019 59.82590866
v -26.69004822 14.30000019 59.63585663
v -27.25527763 14.30000019 57.79270935
v -26.65866470 14.23969269 78.75918579
v -26.31664658 14.30000019 78.75918579
v -26.31664658 14.30000019 75.90500641
v -26.48542213 14.30000019 80.87472534
v -27.00911903 14.23969269 81.75749969
v -26.71825027 14.30000019 81.82611084
v -28.04158401 14.23969269 84.59417725
v -27.74916840 14.30000019 84.74206543
v -26.99740791 14.30000019 82.96681213
v -28.16486168 14.30000019 85.46555328
v -29.69889069 14.24040604 87.11754608
v -28.94121552 14.30000019 86.70621490
v -29.43839645 14.30000019 87.33612823
v -29.70026016 14.23937702 87.11640167
v -27.82668495 14.30000019 84.92512512
v -37.94230270 14.30000019 97.47068787
v -38.20279694 14.24040604 97.25210571
v -38.20416641 14.23937702 97.25095367
v -38.55136871 14.23969269 97.85196686
v -38.67190170 14.23969269 98.53556061
v -38.32988358 14.30000019 98.53556061
v -38.20348740 14.30000019 97.98246765
v -38.28053665 14.30000019 98.13343811
v -38.57880020 14.23969269 99.13845825
v -38.16308212 14.30000019 99.26037598
v -38.21678543 14.30000019 99.02702332
v -38.02839279 14.30000019 99.48845673
v -38.30656052 14.24040604 99.68405914
v -38.30802155 14.23937702 99.68508911
v -19.78472710 14.24040604 126.02451324
v -19.50656128 14.30000019 125.82890320
v -23.84288597 14.30000019 119.66210175
v -28.16486168 14.30000019 113.51568604
v -30.07575417 14.30000019 110.79814911
v -30.66863060 14.30000019 109.95499420
v -19.78618813 14.23937702 126.02554321
v -17.16877174 14.23969269 128.27098083
v -16.08041191 14.23969269 128.70109558
v -15.97863293 14.30000019 128.36614990
v -15.90873814 14.30000019 128.39520264
v -19.05747223 14.23969269 126.90103149
v -18.78796577 14.30000019 126.63903809
v -14.43415642 14.30000019 128.64630127
v -14.06134796 14.23969269 128.99867249
v -14.06134796 14.30000019 128.65664673
v -18.17174721 14.23969269 127.66444397
v -17.00625610 14.30000019 127.93889618
v -17.29232979 14.30000019 127.81995392
v -17.94642258 14.30000019 127.35335541
v -18.51261520 14.30000019 126.94944763
v 14.06134796 14.30000019 128.65664673
v 7.97499990 14.30000019 128.65664673
v 14.06134796 14.23969269 128.99867249
v -7.97499990 14.30000019 128.65664673
v -12.42802429 14.30000019 128.65664673
v 17.40369034 14.23969269 128.14898682
v 18.38155556 14.23969269 127.50610352
v 18.16610146 14.30000019 127.23017883
v 18.23007584 14.30000019 127.18972778
v 15.13737392 14.30000019 128.53480530
v 15.19666767 14.23969269 128.90596008
v 19.78472710 14.24040604 126.02451324
v 19.50656128 14.30000019 125.82890320
v 19.28365326 14.30000019 126.12791443
v 19.78618813 14.23937702 126.02554321
v 16.33062172 14.23969269 128.62054443
v 17.22551346 14.30000019 127.82501984
v 16.96366882 14.30000019 127.99061584
v 16.20574760 14.30000019 128.25729370
v 15.54967976 14.30000019 128.48812866
v 30.66863060 14.30000019 109.95499420
v 38.30656052 14.24040604 99.68405914
v 34.61486053 14.30000019 104.34294128
v 38.02839279 14.30000019 99.48845673
v 30.07575417 14.30000019 110.79814911
v 23.84288597 14.30000019 119.66210175
v 20.07802391 14.30000019 125.01622772
v 38.30802155 14.23937702 99.68508911
v 38.61924744 14.23969269 98.99131012
v 37.94230270 14.30000019 97.47068787
v 37.95394516 14.30000019 97.48471832
v 38.20279694 14.24040604 97.25210571
v 38.20416641 14.23937702 97.25095367
v 38.42323303 14.23969269 97.57005310
v 38.65269852 14.23969269 98.25914764
v 38.08776474 14.30000019 97.75321960
v 38.28363037 14.30000019 98.14622498
v 38.29046631 14.30000019 98.30744934
v 38.26371765 14.30000019 98.90424347
v 38.31081009 14.30000019 98.78734589
v 34.61486053 14.30000019 93.50519562
v 29.70026016 14.23937702 87.11640167
v 29.69889069 14.24040604 87.11754608
v 29.43839645 14.30000019 87.33612823
v 28.20784378 14.30000019 85.60704041
v 28.04158401 14.23969269 84.59417725
v 27.77466202 14.30000019 84.72857666
v 26.65866470 14.23969269 78.75918579
v 26.31664658 14.30000019 78.75918579
v 26.34068298 14.30000019 79.56130981
v 27.00911903 14.23969269 81.75749969
v 26.63176537 14.30000019 81.64210510
v 26.69004822 14.30000019 81.83216095
v 27.25527763 14.30000019 83.67530823
v 26.31664658 14.30000019 75.90500641
v 26.65866470 14.23969269 62.70883179
v 26.31664658 14.30000019 62.70883179
v 26.48542213 14.30000019 60.59329224
v 27.00911903 14.23969269 59.71051788
v 26.71825027 14.30000019 59.64190674
v 28.04158401 14.23969269 56.87384415
v 27.74916840 14.30000019 56.72594452
v 26.99740791 14.30000019 58.50120163
v 28.94121552 14.30000019 54.76180649
v 27.82668495 14.30000019 56.54289246
v -40.50000000 14.30000019 14.80000019
v -40.50000000 0.00000000 14.80000019
v -46.50000000 0.00000000 14.80000019
v 46.50000000 0.00000000 14.80000019
v 40.50000000 0.00000000 14.80000019
v 40.50000000 14.30000019 14.80000019
v 46.50000000 0.00000000 35.36029816
v 45.89692688 0.00000000 38.78049850
v 44.16044617 0.00000000 41.78817368
v 34.57959366 -0.00000000 53.20618820
v 33.83700180 0.00000000 53.75819016
v 32.92542648 0.00000000 53.91688156
v 32.03998184 -0.00000000 53.64829636
v 28.15791702 0.00000000 51.38441849
v 28.15791702 0.00000000 48.18442154
v -28.15791702 0.00000000 48.18442154
v -28.15791702 0.00000000 51.38441849
v -32.03998184 0.00000000 53.64829636
v -32.92542648 0.00000000 53.91688156
v -33.83700180 0.00000000 53.75819016
v -34.57959366 0.00000000 53.20618820
v -44.16044617 0.00000000 41.78817368
v -46.50000000 0.00000000 35.36029816
v -45.89692688 0.00000000 38.78049850
v -0.15979113 27.00000000 67.97447968
v 0.35456792 27.00000000 68.00923157
v 0.56323147 27.00000000 67.91563416
v 1.88593364 27.00000000 66.73237610
v 2.04040837 27.00000000 66.00000000
v 2.02260303 27.00000000 65.87922668
v -0.56334913 27.00000000 64.08441925
v -1.26501954 27.00000000 64.39918518
v -1.46307778 27.00000000 64.65491486
v -1.86659896 27.00000000 65.17595673
v -1.88593364 27.00000000 65.26762390
v 1.26501954 27.00000000 67.60081482
v 1.46307778 27.00000000 67.34508514
v 1.44278646 27.00000000 64.55722046
v 0.86650783 27.00000000 64.20585632
v 1.82816041 27.00000000 65.20176697
v 1.95367932 27.00000000 65.41170502
v -0.35456792 27.00000000 63.99076462
v 0.15966502 27.00000000 64.02551270
v 0.62195939 27.00000000 64.05675507
v 1.86659896 27.00000000 66.82404327
v -1.95367932 27.00000000 66.58829498
v -1.82820702 27.00000000 66.79815674
v -2.02261591 27.00000000 66.12068939
v -2.04040837 27.00000000 66.00000000
v -0.62195939 27.00000000 67.94324493
v -0.86661488 27.00000000 67.79407501
v -1.44278646 27.00000000 67.44278717
v 4.91775227 25.17000008 102.14892578
v 21.79468918 25.17000008 8.00000000
v 21.79468918 25.17000008 85.83219147
v 2.35184741 25.17000008 102.89804077
v 2.71252179 25.17000008 102.85282135
v -2.94818139 25.17000008 102.81333160
v -5.44439936 25.17000008 101.85456085
v -5.12961578 25.17000008 102.03735352
v -21.45264053 25.17000008 88.03974915
v -21.64237022 25.17000008 87.31510925
v -21.67805099 25.17000008 87.13145447
v 21.78870583 25.17000008 86.12760162
v 21.77480888 25.17000008 86.37038422
v 21.75294495 25.17000008 86.61148071
v 21.72320747 25.17000008 86.85090637
v 21.68566322 25.17000008 87.08866882
v 21.28005219 25.17000008 88.52355194
v 21.40965652 25.17000008 88.17082214
v 21.15105629 25.17000008 88.81941986
v 21.08613968 25.17000008 88.96831512
v 20.86469841 25.17000008 89.39633179
v 20.77174377 25.17000008 89.55747986
v 20.67473793 25.17000008 89.71614838
v 20.56125259 25.17000008 89.88674927
v 20.46855545 25.17000008 90.02610016
v 20.00699997 25.17000008 90.61606598
v 19.88259125 25.17000008 90.75562286
v -20.74889374 25.17000008 89.59568024
v -20.54678917 25.17000008 89.91249847
v -20.90662766 25.17000008 89.31291199
v -20.98525620 25.17000008 89.17194366
v -21.19161987 25.17000008 88.73645020
v -21.26350212 25.17000008 88.56487274
v -21.33096695 25.17000008 88.39156342
v -21.39827156 25.17000008 88.19695282
v 21.55258560 25.17000008 87.67245483
v 21.52030754 25.17000008 87.81406403
v 21.46732903 25.17000008 87.99293518
v 4.23476315 25.17000008 102.45154572
v 4.09241867 25.17000008 102.50438690
v 3.94919181 25.17000008 102.55418396
v 3.66010213 25.17000008 102.64472961
v 3.36750269 25.17000008 102.72317505
v 3.07138443 25.17000008 102.78951263
v 2.89218068 25.17000008 102.82343292
v 2.80692339 25.17000008 102.83738708
v -19.85307693 25.17000008 90.78770447
v -20.23755646 25.17000008 90.32735443
v -20.32999802 25.17000008 90.21666718
v -20.44021416 25.17000008 90.06614685
v -21.69733429 25.17000008 87.01654816
v -21.70895386 25.17000008 86.94730377
v -21.75650978 25.17000008 86.57755280
v -21.77318192 25.17000008 86.39194489
v -21.78511429 25.17000008 86.20584869
v -21.79229164 25.17000008 86.01927185
v -21.79468918 25.17000008 85.83219147
v -21.79468918 25.17000008 8.00000000
v 19.80346680 25.17000008 90.83994293
v 19.75490379 25.17000008 90.89168549
v 19.48974037 25.17000008 91.15337372
v 19.35227966 25.17000008 91.27901459
v 19.21156502 25.17000008 91.40118408
v 19.06758308 25.17000008 91.51986694
v 18.92032242 25.17000008 91.63506317
v 6.04540062 25.17000008 101.44250488
v 5.56362391 25.17000008 101.77970886
v 5.04381132 25.17000008 102.07686615
v 1.98936880 25.17000008 102.92522430
v 1.80745101 25.17000008 102.93205261
v 1.62507844 25.17000008 102.93433380
v -1.62507856 25.17000008 102.93433380
v -2.21063137 25.17000008 102.91079712
v -2.80624175 25.17000008 102.83209229
v -3.67490911 25.17000008 102.64040375
v -3.82017517 25.17000008 102.59622192
v -3.96430349 25.17000008 102.54908752
v -4.24916029 25.17000008 102.44601440
v -4.52949190 25.17000008 102.33119202
v -4.80528641 25.17000008 102.20460510
v -4.96864986 25.17000008 102.12293243
v -5.05349112 25.17000008 102.07782745
v -5.74967289 25.17000008 101.65630341
v -5.89873505 25.17000008 101.55135345
v -6.04540062 25.17000008 101.44250488
v -18.92032242 25.17000008 91.63506317
v -19.15090179 25.17000008 91.45194244
v -19.33563614 25.17000008 91.29380035
v -19.51420021 25.17000008 91.13034058
v -19.68666267 25.17000008 90.96161652
v 40.50000000 14.30000019 8.82500076
v 40.50000000 0.00000000 8.00000000
v 40.50000000 14.30000019 8.00000000
v -7.97499990 14.30000019 110.79814911
v 7.97499990 14.30000019 110.79814911
v -7.97499990 14.30000019 109.95499420
v 7.97499990 14.30000019 109.95499420
v 20.07802391 14.30000019 110.79814911
v 23.84288597 14.30000019 110.79814911
v -28.16486168 14.30000019 29.07500076
v -23.84288597 14.30000019 109.95499420
v -12.42802429 14.30000019 109.95499420
v -12.42802429 14.30000019 110.79814911
v -23.84288597 14.30000019 110.79814911
v -28.16486168 14.30000019 110.79814911
v -28.16486168 14.30000019 109.95499420
v -40.50000000 14.30000019 8.82500076
v -28.16486168 14.30000019 8.82500076
v -40.50000000 14.30000019 8.00000000
v -28.16486168 14.30000019 8.00000000
v 20.07802391 14.30000019 109.95499420
v 23.84288597 14.30000019 109.95499420
v 34.61486053 14.30000019 8.82500076
v 34.61486053 14.30000019 8.00000000
v -40.50000000 0.00000000 8.00000000
v 0.37350187 26.47231865 22.51781464
v 0.00000000 26.60000038 21.00000000
v -0.19588152 26.47231865 22.55064392
v 0.88619268 26.47231865 22.28749466
v -0.47917345 26.47231865 22.48780060
v 2.32453728 26.04251099 21.00000000
v 2.24448562 26.10463905 21.00000000
v 2.21945238 26.12020874 21.39931107
v -1.46836984 26.34041786 22.25877380
v -1.71183550 26.12020874 22.46748734
v -1.41831565 26.12020874 22.75454140
v -2.49974775 25.42034149 21.00000000
v -2.50000024 25.39999962 21.00000000
v -2.48221779 25.39999962 21.29065132
v -2.24808049 26.11464882 21.00000000
v -2.38948989 25.89878273 21.00000000
v -2.41718721 25.78884697 21.41511345
v -2.44819951 25.80916214 21.00000000
v -2.45094776 25.78843117 21.00000000
v -1.81513679 26.39305496 21.00000000
v -1.92774260 26.32697868 21.00000000
v -1.82168233 26.34041786 21.64585876
v -1.93394232 26.32334137 21.00000000
v -2.22215414 26.15422630 21.00000000
v -2.22862077 26.14435387 21.00000000
v -2.22264624 26.12020874 21.38170433
v -0.82620978 26.57934952 20.99982452
v -1.04883158 26.53741264 20.99986458
v -1.47116613 26.47231865 21.52158737
v -1.55740190 26.44160843 20.99995422
v -2.30961275 25.78884697 21.81884956
v -2.32232809 25.39999962 21.82504463
v -2.12047338 25.78884697 22.22764587
v -2.23959565 25.39999962 22.10156059
v -1.86166692 25.78884697 22.59593010
v -2.12372971 26.12020874 21.75294685
v -1.94981265 26.12020874 22.12884331
v -1.75636911 25.39999962 22.77755737
v -1.18157017 25.39999962 23.18073463
v -1.17099869 25.78884697 23.15654755
v -0.75226384 25.78884697 23.33572769
v -1.06830180 25.39999962 23.26018333
v -0.30751824 25.78884697 23.43438721
v -0.31103984 25.39999962 23.47195625
v 0.14179149 25.78884697 23.44984818
v -0.26065189 25.39999962 23.48604774
v 0.58636791 25.78884697 23.38284874
v 0.13037978 26.12020874 23.25267792
v 0.46249142 26.34041786 22.87944603
v -0.28276846 26.12020874 23.23846245
v -0.24255173 26.34041786 22.92009735
v -0.69171983 26.12020874 23.14774132
v 0.57414901 25.39999962 23.43301773
v 0.59584600 25.39999962 23.42388535
v 1.00530958 25.78884697 23.23872757
v 1.33814323 25.39999962 23.11146927
v 1.39125133 25.78884697 23.02126312
v 1.40731061 25.39999962 23.04818535
v 1.27928019 26.12020874 22.85858727
v 1.09733450 26.34041786 22.59425163
v 0.92439997 26.12020874 23.05854988
v 0.53917563 26.12020874 23.19107056
v -1.87555754 25.39999962 22.61082077
v -1.54245627 25.78884697 22.90810966
v -1.07675397 26.12020874 22.98298264
v 1.44785035 26.34041786 22.28255081
v 1.68791389 26.12020874 22.49520493
v 1.93171048 26.12020874 22.15971565
v 1.81136107 26.34041786 21.67399025
v 1.16926455 26.47231865 22.03577042
v 1.46283090 26.47231865 21.54430580
v 1.03960013 26.46016884 21.00000000
v 2.50000000 25.39999962 21.00000000
v 2.47872066 25.69028664 21.00000000
v 2.41371369 25.78884697 21.43426323
v 2.43855238 25.78205109 21.00000000
v 2.38640165 25.90118790 21.00000000
v 1.83565152 25.78884697 22.62607574
v 1.85423374 25.39999962 22.63927078
v 2.10078692 25.78884697 22.26122284
v 1.97413814 25.39999962 22.52956200
v 2.29652691 25.78884697 21.85451698
v 2.32979202 25.39999962 21.86530876
v 2.36490107 25.39999962 21.79973602
v 2.11169720 26.12020874 21.78574181
v -1.18583572 26.47231865 22.01656723
v -0.98250645 26.47231865 22.21541786
v -0.74589717 26.47231865 22.37366676
v 2.21609282 26.12667274 21.00000000
v 1.94293427 26.33866501 21.00000000
v 1.93552649 26.33966064 21.00000000
v 1.55227792 26.39121056 21.00000000
v -0.98332715 26.55890846 20.62368011
v -0.77924311 26.55890846 20.29196548
v -0.28840142 26.55890846 19.98743629
v 0.09604850 26.55890846 19.95154190
v -0.63031113 26.55890846 20.15670586
v 0.47046027 26.55890846 20.05809975
v 0.74449933 26.55890846 20.25550079
v 0.96353143 26.55890846 20.57554817
v -1.97097337 25.39999962 19.46225166
v -2.10158491 25.39999962 19.70497513
v -2.04979324 25.91010284 19.73896408
v 0.67490923 25.39999962 18.62965965
v 0.25723496 25.39999962 18.51336670
v 0.21955648 25.91010284 18.60334206
v 2.48265767 25.39999962 20.70700455
v 2.39826870 25.39999962 20.42033005
v 2.33890772 25.91010284 20.43309402
v 1.93933022 26.33866501 20.88227272
v 2.40230775 25.91010284 20.85416794
v -1.81458306 26.33866501 20.30555725
v 2.22690892 26.14594269 20.86481476
v 2.49104905 25.39999962 20.84877396
v 1.05092800 26.55890846 20.93620300
v 2.20252848 25.91010284 20.02974892
v 2.04171610 26.14594269 20.10058975
v 1.57758868 26.14594269 19.42241287
v 1.98603439 25.91010284 19.64078140
v 2.27347445 25.39999962 19.99639702
v 2.24533105 25.39999962 19.90079117
v 2.03477144 25.39999962 19.60843468
v 1.76517141 25.39999962 19.23410225
v 1.70184481 25.91010284 19.29815483
v 1.75395679 25.39999962 19.21853065
v 1.07542121 25.91010284 18.84691811
v 1.06525540 25.39999962 18.73834419
v 0.65886623 25.91010284 18.68527985
v 0.99690187 26.14594269 19.00411987
v 0.20352606 26.14594269 18.77832794
v -0.67853773 25.39999962 18.61042213
v -0.65925437 25.91010284 18.68538857
v -0.57938892 25.39999962 18.56821823
v -0.22360805 25.91010284 18.60371971
v -0.23001331 25.39999962 18.54531097
v -1.33562469 26.14594269 19.21306801
v -0.61112046 26.14594269 18.85438538
v -1.06771505 25.91010284 18.84308052
v -1.09676611 25.39999962 18.78844643
v -1.35097933 25.39999962 18.89665413
v -1.48076284 25.39999962 19.01505089
v -1.44082296 25.91010284 19.07232285
v -1.83367586 25.39999962 19.33699989
v -1.78126538 25.91010284 19.38150978
v -1.65121055 26.14594269 19.49967957
v -2.08366346 26.14594269 20.20258141
v -1.43797636 26.33866501 19.69342804
v -1.16314483 26.33866501 19.44382858
v -0.53220159 26.33866501 19.13146400
v 0.17724311 26.33866501 19.06523132
v 0.86816394 26.33866501 19.26186371
v 1.37386191 26.33866501 19.62613869
v 1.77805293 26.33866501 20.21673965
v -2.42642832 25.39999962 20.55090332
v -2.36654329 25.91010284 20.56263733
v -2.24777961 25.91010284 20.13977432
v -2.32149053 25.39999962 20.11363983
v -2.36937237 25.39999962 20.20262146
v 3.05002403 26.86246109 66.00000000
v 2.75128388 26.90315819 66.00000000
v 2.57173800 26.94786263 66.99459839
v -0.17577793 25.39999962 69.99609375
v 0.91982615 25.39999962 69.89255524
v 0.39595926 26.09205246 69.78471375
v -3.97310686 25.39999962 66.46151733
v -3.93694782 25.39999962 66.70598602
v -3.69861078 26.09205246 66.89475250
v -4.00000000 25.39999962 66.00000000
v -3.98599911 25.39999962 66.24027252
v -3.76294017 26.07714653 66.00000000
v -3.79856467 26.09205246 66.22896576
v -2.52387500 26.94786263 67.11046600
v -2.75233102 26.94786263 66.16590118
v -3.30189371 26.66189575 66.79878235
v -3.39112663 26.66189575 66.20439911
v -3.48326635 26.09205246 67.53257751
v -2.81153369 25.39999962 68.84522247
v -2.63298416 25.39999962 69.01110077
v -2.69103575 26.09205246 68.69078827
v -3.64367962 25.39999962 67.60516357
v -3.59571481 25.39999962 67.75222015
v -3.14079523 26.09205246 68.14839172
v -3.48099566 25.39999962 67.97006989
v -2.82598400 25.39999962 68.82632446
v -1.94984746 26.94786263 67.94966888
v -1.48469818 26.66189575 69.05568695
v -1.20502162 26.94786263 68.48007202
v -0.89414734 26.66189575 69.27738953
v -0.22135381 26.94786263 68.74839783
v -1.74509382 25.39999962 69.59319305
v -1.66308200 26.09205246 69.42282104
v -1.71106505 25.39999962 69.61550903
v -1.00157762 26.09205246 69.67115784
v -1.48724425 25.39999962 69.71322632
v -0.30549622 26.09205246 69.79313660
v -0.41892800 25.39999962 69.97784424
v -0.32097414 25.39999962 69.98519897
v -0.27272835 26.66189575 69.38628387
v 0.35348827 26.66189575 69.37876129
v 0.78548390 26.94786263 68.64302063
v 1.08406699 26.09205246 69.64769745
v 1.72614253 26.09205246 69.39141083
v 2.35758448 25.39999962 69.23108673
v 2.31126285 26.09205246 69.02301025
v 2.42148376 25.39999962 69.16932678
v 2.92924452 25.39999962 68.67860413
v 1.13935018 25.39999962 69.83367157
v 1.15467632 25.39999962 69.82955933
v 2.15536022 25.39999962 69.36933136
v 3.54932356 26.09205246 67.37267303
v 3.23390532 26.09205246 68.00552368
v 3.29555893 25.39999962 68.26654816
v 3.14904737 25.39999962 68.46617126
v 2.80713344 26.09205246 68.56938171
v 3.55672765 26.50517845 66.00000000
v 3.37646198 26.63228607 66.00000000
v 3.33946133 26.66189575 66.62324524
v 3.16861939 26.66189575 67.22543335
v 2.88703346 26.66189575 67.79040527
v 2.03396845 26.94786263 67.86170197
v 2.50603724 26.66189575 68.29378510
v 1.67467475 26.94786263 68.19039154
v 3.92079639 25.75094604 66.00000000
v 3.76547527 26.07272148 66.00000000
v 3.74069190 26.09205246 66.69813538
v 4.00000000 25.39999962 66.00000000
v 3.84805489 25.39999962 67.09134674
v 3.78864670 25.39999962 67.28277588
v 3.71290255 25.39999962 67.43389130
v -2.40010452 26.99258614 66.00000000
v -2.74644256 26.90475845 66.00000000
v -3.21191144 26.78671837 66.00000000
v -3.37250447 26.63551712 66.00000000
v -3.66331768 26.36170959 66.00000000
v -2.40239239 26.66189575 68.40216827
v -2.80391026 26.66189575 67.91795349
v -3.10964751 26.66189575 67.36818695
v 2.06335425 26.66189575 68.69875336
v 1.54099464 26.66189575 69.02764893
v 0.96778888 26.66189575 69.25643921
v 0.17577794 25.39999962 62.00390244
v -0.91982615 25.39999962 62.10744476
v -0.39619717 26.09205246 62.21530533
v 3.97310686 25.39999962 65.53848267
v 3.93694782 25.39999962 65.29401398
v 3.69857168 26.09205246 65.10507965
v 2.52382493 26.94786263 64.88942719
v 2.75232387 26.94786263 65.83398438
v 3.30185890 26.66189575 65.20107269
v 3.39111781 26.66189575 65.79544830
v 3.79855466 26.09205246 65.77088165
v 3.48319745 26.09205246 64.46726990
v 2.81153369 25.39999962 63.15477753
v 2.63298416 25.39999962 62.98889923
v 2.69091201 26.09205246 63.30908966
v 3.64362431 25.39999962 64.39467621
v 3.59571481 25.39999962 64.24777985
v 3.14069748 26.09205246 63.85146713
v 3.48099566 25.39999962 64.02993011
v 2.82587314 25.39999962 63.17352676
v 1.94975781 26.94786263 64.05023956
v 1.48450959 26.66189575 62.94422531
v 1.20486856 26.94786263 63.51985168
v 0.89394456 26.66189575 62.72255707
v 0.22118352 26.94786263 63.25158310
v 1.74488902 25.39999962 62.40666962
v 1.66287088 26.09205246 62.57707596
v 1.71106505 25.39999962 62.38449860
v 1.00135052 26.09205246 62.32877350
v 1.48724425 25.39999962 62.28677368
v 0.30526119 26.09205246 62.20684052
v 0.41892800 25.39999962 62.02215576
v 0.32072699 25.39999962 62.01478577
v 0.27251855 26.66189575 62.61370468
v -0.35370064 26.66189575 62.62125778
v -0.78565246 26.94786263 63.35703278
v -1.08429968 26.09205246 62.35237503
v -1.72635448 26.09205246 62.60869598
v -2.35758448 25.39999962 62.76891327
v -2.31144810 26.09205246 62.97713470
v -2.42165899 25.39999962 62.83084488
v -2.92924452 25.39999962 63.32139587
v -1.13959646 25.39999962 62.16639328
v -1.15467632 25.39999962 62.17043686
v -2.15536022 25.39999962 62.63066864
v -3.16861939 26.66189575 64.77456665
v -2.57173800 26.94786263 65.00540161
v -2.88703346 26.66189575 64.20959473
v -2.03396845 26.94786263 64.13829803
v -2.50603724 26.66189575 63.70621109
v -1.67480910 26.94786263 63.80971527
v -3.54932356 26.09205246 64.62732697
v -3.23390532 26.09205246 63.99447632
v -3.29555893 25.39999962 63.73345184
v -3.14904737 25.39999962 63.53382874
v -2.80713344 26.09205246 63.43061447
v -3.33946133 26.66189575 65.37675476
v -3.84805489 25.39999962 64.90865326
v -3.74069190 26.09205246 65.30186462
v -3.78864670 25.39999962 64.71722412
v -3.71290255 25.39999962 64.56610870
v 3.98598933 25.39999962 65.75955200
v 2.40228200 26.66189575 63.59771729
v 2.80382299 26.66189575 64.08192444
v 3.10958600 26.66189575 64.63166809
v -2.06351972 26.66189575 63.30136871
v -1.54118395 26.66189575 62.97245026
v -0.96799648 26.66189575 62.74361801
v -21.15664673 25.39999962 85.83219147
v -21.15664673 25.39999962 8.00000000
v -21.49576378 25.34074593 8.00000000
v -21.49576378 25.34074593 85.83219147
v -18.62950897 25.39999962 91.05313873
v -19.69099617 25.39999962 89.99925995
v -20.00680542 25.34074593 90.14679718
v -19.73277473 25.39999962 89.93316650
v -20.64709091 25.34074593 89.17194366
v -18.53368950 25.39999962 91.12750244
v -18.73799896 25.34144592 91.39571381
v -18.73907661 25.34043503 91.39712524
v -21.11771774 25.34074593 88.10078430
v -21.40292740 25.34074593 86.96809387
v -21.03467751 25.39999962 86.90922546
v -20.32564545 25.39999962 88.99521637
v -20.49117661 25.39999962 88.73334503
v -20.75727654 25.39999962 87.97686768
v -20.98807144 25.39999962 87.32077026
v -5.65876865 25.39999962 100.93494415
v -5.86307764 25.34144592 101.20315552
v -5.86415386 25.34043503 101.20457458
v -2.75858045 25.34074593 102.54296875
v -1.62507856 25.34074593 102.63540649
v -1.62507856 25.39999962 102.29628754
v -4.91325474 25.34074593 101.81447601
v -3.86212730 25.34074593 102.26808167
v -2.70171666 25.39999962 102.18907166
v -2.94369721 25.39999962 102.16497040
v -3.74092722 25.39999962 101.90729523
v -4.37328291 25.39999962 101.70291138
v 1.62507844 25.34074593 102.63540649
v 1.62507844 25.39999962 102.29628754
v 5.86415386 25.34043503 101.20457458
v 2.75858045 25.34074593 102.54296875
v 3.86212730 25.34074593 102.26808167
v 5.86307764 25.34144592 101.20315552
v 4.90655470 25.34074593 101.81803894
v 2.69985938 25.39999962 102.17490387
v 3.11303091 25.39999962 102.12823486
v 4.53024578 25.39999962 101.62952423
v 4.73734188 25.39999962 101.50205994
v 5.65876865 25.39999962 100.93494415
v 18.53368950 25.39999962 91.12750244
v 18.73799896 25.34144592 91.39571381
v 18.73907661 25.34043503 91.39712524
v 20.88166428 25.34074593 88.69838715
v 21.26915741 25.34074593 87.59832001
v 20.93316269 25.39999962 87.50978088
v 20.96042633 25.39999962 87.43650055
v 20.31474686 25.34074593 89.72184753
v 19.58652878 25.34074593 90.63510132
v 19.31655312 25.39999962 90.37783051
v 21.49576378 25.34074593 85.83219147
v 21.15555573 25.39999962 85.95347595
v 21.15664673 25.39999962 85.83219147
v 20.54629517 25.39999962 88.54977417
v 20.43828011 25.39999962 88.84013367
v 19.99775887 25.39999962 89.51020813
v 19.61568642 25.39999962 90.09138489
v 21.49576378 25.34074593 8.00000000
v 21.15664673 25.39999962 8.00000000
v -38.29823685 -8.84999943 95.52097321
v -39.48781967 -8.84999943 96.71055603
v -36.67323685 -8.84999943 98.33555603
v -39.92324066 -8.84999943 98.33555603
v -39.48781967 -8.84999943 99.96055603
v -33.85865784 -8.84999943 96.71055603
v -35.04824066 -8.84999943 95.52097321
v -36.67323685 -8.84999943 95.08555603
v -35.04824066 -8.84999943 101.15013885
v -33.85865784 -8.84999943 99.96055603
v -33.42323685 -8.84999943 98.33555603
v -38.29823685 -8.84999943 101.15013885
v -36.67323685 -8.84999943 101.58555603
v 35.04824066 -8.84999943 95.52097321
v 33.85865784 -8.84999943 96.71055603
v 36.67323685 -8.84999943 98.33555603
v 33.42323685 -8.84999943 98.33555603
v 33.85865784 -8.84999943 99.96055603
v 39.48781967 -8.84999943 96.71055603
v 38.29823685 -8.84999943 95.52097321
v 36.67323685 -8.84999943 95.08555603
v 38.29823685 -8.84999943 101.15013885
v 39.48781967 -8.84999943 99.96055603
v 39.92324066 -8.84999943 98.33555603
v 35.04824066 -8.84999943 101.15013885
v 36.67323685 -8.84999943 101.58555603
v -39.92324066 -3.04999995 98.33555603
v -39.48781967 -3.04999995 99.96055603
v -38.29823685 -3.04999995 101.15013885
v -36.67323685 -3.04999995 101.58555603
v -35.04824066 -3.04999995 101.15013885
v -33.85865784 -3.04999995 99.96055603
v -33.42323685 -3.04999995 98.33555603
v -33.85865784 -3.04999995 96.71055603
v -35.04824066 -3.04999995 95.52097321
v -36.67323685 -3.04999995 95.08555603
v -38.29823685 -3.04999995 95.52097321
v -39.48781967 -3.04999995 96.71055603
v -31.16849136 -7.00000000 102.72584534
v -31.16849136 -3.04999995 102.72584534
v -35.89089203 -7.00000000 103.47396851
v -35.89089203 -3.04999995 103.47396851
v 33.42323685 -3.04999995 98.33555603
v 33.85865784 -3.04999995 99.96055603
v 35.04824066 -3.04999995 101.15013885
v 36.67323685 -3.04999995 101.58555603
v 38.29823685 -3.04999995 101.15013885
v 39.48781967 -3.04999995 99.96055603
v 39.92324066 -3.04999995 98.33555603
v 39.48781967 -3.04999995 96.71055603
v 38.29823685 -3.04999995 95.52097321
v 36.67323685 -3.04999995 95.08555603
v 35.04824066 -3.04999995 95.52097321
v 33.85865784 -3.04999995 96.71055603
v 35.89089203 -7.00000000 103.47396851
v 35.89089203 -3.04999995 103.47396851
v 31.16849136 -7.00000000 102.72584534
v 31.16849136 -3.04999995 102.72584534
v -15.10000038 -9.75000000 131.94590759
v -15.10000038 -9.75000000 128.90000916
v -15.59999943 -9.61602592 128.90000916
v -15.59999943 -9.61602592 131.88092041
v -15.96602631 -9.25000000 128.90000916
v -15.96602631 -9.25000000 131.81694031
v -16.10000038 -8.75000000 128.90000916
v -16.10000038 -8.75000000 131.78997803
v -16.06556702 -9.01015186 131.79708862
v 14.06134796 -9.75000000 132.00000000
v 15.10000038 -9.75000000 131.94590759
v 15.10000038 -9.75000000 128.90000916
v -14.06134796 -9.75000000 132.00000000
v 16.10000038 -8.75000000 131.78997803
v 16.10000038 -8.75000000 128.90000916
v 16.06591034 -9.00887680 131.79702759
v 15.96602631 -9.25000000 128.90000916
v 15.96602631 -9.25000000 131.81694031
v 15.59999943 -9.61602592 128.90000916
v 15.59999943 -9.61602592 131.88092041
v 30.38873100 -7.00000000 102.75645447
v 30.38873100 -3.04999995 102.75645447
v 29.68004036 -7.00000000 103.08313751
v 29.68004036 -3.04999995 103.08313751
v 29.15030861 -7.00000000 103.65615845
v 29.15030861 -3.04999995 103.65615845
v 28.88018799 -7.00000000 104.38827515
v 28.88018799 -3.04999995 104.38827515
v 38.28443527 -7.00000000 103.26884460
v 26.03314400 -7.00000000 122.35975647
v 40.30603790 -7.00000000 101.97106934
v 40.76329803 -7.00000000 101.41156769
v -28.88018799 -7.00000000 104.38827515
v -28.88018799 -3.04999995 104.38827515
v -29.15030861 -7.00000000 103.65615845
v -29.15030861 -3.04999995 103.65615845
v -29.68004036 -7.00000000 103.08313751
v -29.68004036 -3.04999995 103.08313751
v -30.38873100 -7.00000000 102.75645447
v -30.38873100 -3.04999995 102.75645447
v -26.03314400 -7.00000000 122.35975647
v -38.28443527 -7.00000000 103.26884460
v -40.30603790 -7.00000000 101.97106934
v -40.76329803 -7.00000000 101.41156769
v 41.56032562 -11.33369160 97.47896576
v 41.67324066 -11.33369160 98.53556061
v 41.62696075 -11.54243660 98.53556061
v 41.57954407 -11.75631046 98.53556061
v 41.28366089 -11.75631046 96.85750580
v 41.34996033 -11.54756641 96.83337402
v 41.26563263 -11.33369160 96.87741852
v 41.31602478 -12.09973621 98.53556061
v 41.15861893 -12.09973621 97.33688354
v 40.97315979 -12.09973621 96.98033142
v 40.50345993 -11.33369160 95.32161713
v 40.46800995 -11.54243660 95.35137177
v 40.43168640 -11.75631046 95.38184357
v 40.22982025 -12.09973621 95.55123138
v 41.24442291 -12.09973621 99.34782410
v 41.41678619 -11.33369160 100.03266144
v 40.76329803 -11.33369160 101.41156769
v 41.35099792 -11.75631046 100.01555634
v 40.68665695 -11.75631046 101.35767365
v 41.01440430 -12.09973621 99.90054321
v 40.47109222 -12.09973621 101.20609283
v 41.48903275 -11.33369160 99.88022614
v 14.06134796 -11.33369160 132.00000000
v -14.06134796 -11.33369160 132.00000000
v -41.57954407 -11.75631046 98.53556061
v -41.31602478 -12.09973621 98.53556061
v -41.09975433 -12.09973621 99.93606567
v -41.35099792 -11.75631046 100.01555634
v -40.47109222 -12.09973621 101.20609283
v -40.68665695 -11.75631046 101.35767365
v -41.67324066 -11.33369160 98.53556061
v -41.48903275 -11.33369160 99.88022614
v -41.41678619 -11.33369160 100.03266144
v -40.76329803 -11.33369160 101.41156769
v -41.56032562 -11.33369160 97.47896576
v -40.88227463 -11.33369160 96.09487915
v -40.98332596 -11.54756641 96.04712677
v -40.92222595 -11.75631046 96.08240509
v -41.50500870 -11.75631046 97.68358612
v -40.50345993 -11.33369160 95.32161713
v -40.43168640 -11.75631046 95.38184357
v -40.22982025 -12.09973621 95.55123138
v -40.63292694 -12.09973621 96.24942780
v -41.03603363 -12.09973621 96.94763184
v -41.17602921 -12.09973621 97.74160004
v -41.57448959 -11.54756641 97.67134094
v -41.58064270 -11.33369160 97.66909790
v -38.28443527 -3.04999995 103.26884460
v -40.30603790 -3.04999995 101.97106934
v -41.48903275 -3.04999995 99.88022614
v -41.56032562 -3.04999995 97.47896576
v -40.50345993 -3.04999995 95.32161713
v -33.36082077 -3.04999995 92.45419312
v -39.21496582 -3.04999995 93.78605652
v -31.13093567 -3.04999995 94.48258209
v -30.00637817 -3.04999995 97.27938843
v 41.48903275 -3.04999995 99.88022614
v 40.30603790 -3.04999995 101.97106934
v 38.28443527 -3.04999995 103.26884460
v 40.50345993 -3.04999995 95.32161713
v 41.56032562 -3.04999995 97.47896576
v 30.00637817 -3.04999995 97.27938843
v 31.13093567 -3.04999995 94.48258209
v 33.36082077 -3.04999995 92.45419312
v 39.21496582 -3.04999995 93.78605652
v -18.07201576 -11.33369160 131.04193115
v -17.20051193 -11.33369160 131.49450684
v -17.20051193 0.00000000 131.49450684
v -15.40714931 -11.33369160 131.78329468
v -16.78963852 -11.33369160 131.56066895
v -19.32640457 -11.33369160 130.39051819
v -20.02231026 0.00000000 130.02912903
v -20.02231026 -11.33369160 130.02912903
v -21.37978935 -11.33369160 128.63619995
v -22.24146461 -11.33369160 127.75202179
v 17.20051193 0.00000000 131.49450684
v 17.20051193 -11.33369160 131.49450684
v 15.28025246 -11.33369160 131.80372620
v 22.24146461 -11.33369160 127.75202179
v 21.29008293 -11.33369160 128.72824097
v 20.02231026 0.00000000 130.02912903
v 20.31276703 -11.33369160 129.73109436
v 17.89641953 -11.33369160 131.13311768
v 19.15080643 -11.33369160 130.48170471
v 20.02231026 -11.33369160 130.02912903
v 29.65999985 -11.33369160 62.70883179
v 29.65999985 -11.33369160 78.75918579
v 29.63303947 -11.45530701 62.70883179
v 29.63399315 -11.45100021 78.75918579
v 29.56630898 -11.75631046 62.70883179
v 29.56630898 -11.75631046 78.75918579
v 29.52661514 -11.80803871 62.70883179
v 29.52926636 -11.80458355 78.75918579
v 29.30278778 -12.09973621 62.70883179
v 29.30278778 -12.09973621 78.75918579
v 29.92235184 -11.45512486 81.06704712
v 31.92778397 -11.75631046 85.24728394
v 31.89940834 -11.80458355 85.27109528
v 30.61501694 -11.81159973 83.30174255
v 31.97963142 -11.45100021 85.20377350
v 30.84059143 -11.33369160 83.17967224
v 30.71706009 -11.45512486 83.25050354
v 30.26307297 -11.33369160 82.17938232
v 30.06250381 -11.33369160 81.04190063
v 29.81123924 -11.81159973 81.09338379
v 31.99955368 -11.33369160 85.18706512
v 31.72591400 -12.09973621 85.41667175
v 30.40445709 -12.09973621 83.40749359
v 29.58196831 -12.09973621 81.14772034
v 38.43470764 -14.06604385 97.05750275
v 38.80286407 -14.06604385 97.76529694
v 38.89471436 -14.06604385 97.94188690
v 38.97267151 -14.06604385 98.53556061
v 38.93720627 -14.06604385 98.93784332
v 38.82328415 -14.06604385 99.21159363
v 38.55419922 -14.06604385 99.85819244
v 22.22019577 -11.45096970 127.73706055
v 22.16482162 -11.75631046 127.69812012
v 22.13453865 -11.80455685 127.67682648
v 21.94925880 -12.09973621 127.54654694
v 14.06134796 -11.75631046 131.90629578
v 14.06134796 -11.80455685 131.86929321
v 15.28441620 -11.81156921 131.80242920
v 21.37391472 -11.45509338 128.81018066
v 14.06134796 -11.45096970 131.97399902
v 15.29855251 -11.45509338 131.91572571
v 17.93718338 -11.45509338 131.21032715
v 14.06134796 -12.09973621 131.64279175
v 15.23671246 -12.09973621 131.45352173
v 17.89289665 -11.81156921 131.10508728
v 20.34970093 -11.45509338 129.76586914
v 19.19709969 -11.45509338 130.57182312
v 17.08837700 -12.09973621 131.15534973
v 17.75942612 -12.09973621 130.80688477
v 19.13841629 -11.81156921 130.47387695
v 18.96900558 -12.09973621 130.17874146
v 20.27785110 -11.81156921 129.67713928
v 21.29035950 -11.81156921 128.73236084
v 19.80937767 -12.09973621 129.74232483
v 20.08945847 -12.09973621 129.45492554
v 21.03186417 -12.09973621 128.48789978
v -14.06134796 -11.45530701 131.97303772
v -14.06134796 -11.75631046 131.90629578
v -14.06134796 -11.80803871 131.86662292
v -14.06134796 -12.09973621 131.64279175
v -22.16482162 -11.75631046 127.69812012
v -22.13235474 -11.80803871 127.67529297
v -21.37475014 -11.81546593 128.63742065
v -15.42587566 -11.45952225 131.89845276
v -22.21940804 -11.45530701 127.73651123
v -21.46046829 -11.45952225 128.71520996
v -19.36581802 -11.45952225 130.46780396
v -21.94925880 -12.09973621 127.54654694
v -21.11836433 -12.09973621 128.39915466
v -19.30436707 -11.81546593 130.36970520
v -16.79669571 -11.45952225 131.61036682
v -18.11888504 -11.45952225 131.13113403
v -19.80937767 -12.09973621 129.74232483
v -19.13832855 -12.09973621 130.09080505
v -18.07187653 -11.81546593 131.02534485
v -17.92875099 -12.09973621 130.71894836
v -16.76500702 -11.81546593 131.49902344
v -15.41006756 -11.81546593 131.78376770
v -17.08837700 -12.09973621 131.15534973
v -16.69218063 -12.09973621 131.21914673
v -15.35907555 -12.09973621 131.43380737
v -38.55419922 -14.06604385 99.85819244
v -38.86555862 -14.06604385 99.22918701
v -38.97267151 -14.06604385 98.53556061
v -38.83399963 -14.06604385 97.74910736
v -38.43470764 -14.06604385 97.05750275
v -31.89737701 -11.80803871 85.27279663
v -31.72591400 -12.09973621 85.41667175
v -31.92778397 -11.75631046 85.24728394
v -31.97890091 -11.45530701 85.20439148
v -31.99955368 -11.33369160 85.18706512
v -30.71656990 -11.45952225 83.25074768
v -29.56630898 -11.75631046 78.75918579
v -29.52661514 -11.80803871 78.75918579
v -29.80918121 -11.81546593 81.09387207
v -29.63303947 -11.45530701 78.75918579
v -30.06250381 -11.33369160 81.04190063
v -29.92181587 -11.45952225 81.06717682
v -30.26307297 -11.33369160 82.17938232
v -30.84059143 -11.33369160 83.17967224
v -30.61312866 -11.81546593 83.30268860
v -29.65999985 -11.33369160 78.75918579
v -29.30278778 -12.09973621 78.75918579
v -29.58196831 -12.09973621 81.14772034
v -30.40445709 -12.09973621 83.40749359
v -29.30278778 -12.09973621 62.70883179
v -29.52661514 -11.80803871 62.70883179
v -29.56630898 -11.75631046 62.70883179
v -29.63303947 -11.45530701 62.70883179
v -29.65999985 -11.33369160 62.70883179
v -29.92181587 -11.45952225 60.40084076
v -31.92778397 -11.75631046 56.22073364
v -31.89737701 -11.80803871 56.19521713
v -30.61312866 -11.81546593 58.16532135
v -31.97890091 -11.45530701 56.26362610
v -30.84059143 -11.33369160 58.28834152
v -30.71656990 -11.45952225 58.21727371
v -30.26307297 -11.33369160 59.28863144
v -30.06250381 -11.33369160 60.42611694
v -29.80918121 -11.81546593 60.37414551
v -31.99955368 -11.33369160 56.28095627
v -31.72591400 -12.09973621 56.05134201
v -30.40445709 -12.09973621 58.06052399
v -29.58196831 -12.09973621 60.32029724
v -31.99955368 -5.19999981 85.18706512
v -39.21496582 -5.19999981 93.78605652
v -29.65999985 -5.19999981 78.75918579
v -30.26307297 -5.19999981 82.17938232
v -29.65999985 -5.19999981 62.70883179
v -10.00000000 -5.50000000 50.18563461
v -10.00000000 -7.50000000 50.18563461
v -10.00000000 -5.50000000 90.45420074
v -10.00000000 -7.50000000 90.45420074
v -33.36082077 -5.19999981 92.45419312
v -12.00000000 -7.50000000 92.45419312
v -12.00000000 -5.50000000 92.45419312
v -11.23463249 -7.50000000 92.30195618
v -11.23463249 -5.50000000 92.30195618
v -10.58578682 -7.50000000 91.86840820
v -10.58578682 -5.50000000 91.86840820
v -10.15224075 -7.50000000 91.21956635
v -10.15224075 -5.50000000 91.21956635
v -28.15999985 -7.50000000 51.38563538
v -28.15999985 -5.19999981 51.38563538
v -28.15999985 -7.50000000 92.45419312
v -28.15999985 -5.19999981 92.45419312
v 10.00000000 -7.50000000 90.45420074
v 10.00000000 -7.50000000 50.18563461
v 10.00000000 -5.50000000 90.45420074
v 10.00000000 -5.50000000 50.18563461
v 12.00000000 -5.50000000 92.45419312
v 12.00000000 -7.50000000 92.45419312
v 11.23463249 -5.50000000 92.30195618
v 11.23463249 -7.50000000 92.30195618
v 10.58578682 -5.50000000 91.86840820
v 10.58578682 -7.50000000 91.86840820
v 10.15224075 -5.50000000 91.21956635
v 10.15224075 -7.50000000 91.21956635
v 31.92778397 -11.75631046 56.22073364
v 31.97890091 -11.45530701 56.26362610
v 30.71656990 -11.45952225 58.21727371
v 29.80918121 -11.81546593 60.37414551
v 30.06250381 -11.33369160 60.42611694
v 29.92181587 -11.45952225 60.40084076
v 30.26307297 -11.33369160 59.28863144
v 31.99955368 -11.33369160 56.28095627
v 30.84059143 -11.33369160 58.28834152
v 31.89737701 -11.80803871 56.19521713
v 30.61312866 -11.81546593 58.16532135
v 29.58196831 -12.09973621 60.32029724
v 30.40445709 -12.09973621 58.06052399
v 31.72591400 -12.09973621 56.05134201
v 39.21496582 -5.19999981 93.78605652
v 31.99955368 -5.19999981 85.18706512
v 33.36082077 -5.19999981 92.45419312
v 29.65999985 -5.19999981 62.70883179
v 29.65999985 -5.19999981 78.75918579
v 30.26307297 -5.19999981 82.17938232
v 17.87500000 0.00000000 109.10759735
v 16.00000000 0.00000000 109.61000061
v 14.12500000 0.00000000 109.10759735
v 12.75240421 0.00000000 107.73500061
v 17.87500000 0.00000000 102.61240387
v 19.24759483 0.00000000 103.98499298
v 19.75000000 0.00000000 105.86000061
v 19.24759483 0.00000000 107.73500061
v -16.00000000 0.00000000 109.61000061
v -17.87500000 0.00000000 109.10759735
v -19.24759483 0.00000000 107.73500061
v 12.75240421 0.00000000 103.98499298
v 14.12500000 0.00000000 102.61240387
v 16.00000000 0.00000000 102.11000061
v -19.24759483 -0.00000000 103.98499298
v -17.87500000 -0.00000000 102.61240387
v -16.00000000 -0.00000000 102.11000061
v -14.12500000 -0.00000000 102.61240387
v -12.75240421 -0.00000000 103.98499298
v -12.25000000 0.00000000 105.86000061
v -12.75240421 0.00000000 107.73500061
v -14.12500000 0.00000000 109.10759735
v 26.95943451 -14.06604385 62.70883179
v 27.30177879 -14.06604385 59.77988434
v 28.31035805 -14.06604385 57.00882721
v 29.93080139 -14.06604385 54.54506683
v 26.95943451 -14.06604385 78.75918579
v 29.93080139 -14.06604385 86.92295074
v 28.31035805 -14.06604385 84.45918274
v 27.30177879 -14.06604385 81.68813324
v 20.03236771 -14.06604385 126.19864655
v 18.41251373 -14.06604385 127.86081696
v 16.35276031 -14.06604385 128.93045044
v 14.06134796 -14.06604385 129.29943848
v -14.06134796 -14.06604385 129.29943848
v -16.35276031 -14.06604385 128.93045044
v -18.41251373 -14.06604385 127.86081696
v -20.03236771 -14.06604385 126.19864655
v -29.93080139 -14.06604385 86.92295074
v -26.95943451 -14.06604385 78.75918579
v -27.30177879 -14.06604385 81.68813324
v -28.31035805 -14.06604385 84.45918274
v -26.95943451 -14.06604385 62.70883179
v -29.93080139 -14.06604385 54.54506683
v -28.31035805 -14.06604385 57.00882721
v -27.30177879 -14.06604385 59.77988434
v -43.88680267 -12.09973621 41.55856323
v -42.09169006 -14.06604385 40.05228424
v -42.68550873 -14.06604385 39.02376175
v -45.00436783 -12.09973621 39.62287903
v -43.28948593 -14.06604385 37.97764206
v -45.56125641 -12.09973621 38.65832520
v -43.35922241 -14.06604385 37.85684967
v -45.75466156 -12.09973621 37.56147385
v -43.72913742 -14.06604385 35.75896072
v -46.14278793 -12.09973621 35.36029816
v -43.79943466 -14.06604385 35.36029816
v -20.55964470 -15.30000019 93.78710938
v -20.55964470 -22.43369293 93.78710938
v -7.68472195 -15.30000019 103.59455872
v -7.68472195 -22.43369293 103.59455872
v 43.79943466 -14.06604385 35.36029816
v 46.14278793 -12.09973621 35.36029816
v 43.59320068 -14.06604385 36.52988815
v 45.75466156 -12.09973621 37.56147385
v 43.38344193 -14.06604385 37.71949005
v 43.35922241 -14.06604385 37.85684967
v 45.56125641 -12.09973621 38.65832520
v 45.00436783 -12.09973621 39.62287903
v 42.29409790 -14.06604385 39.70170212
v 43.88680267 -12.09973621 41.55856323
v 42.09169006 -14.06604385 40.05228424
v 43.79943466 -14.06604385 14.80000019
v 46.14278793 -12.09973621 14.80000019
v -46.14278793 -12.09973621 14.80000019
v -43.79943466 -14.06604385 14.80000019
v -46.36661530 -11.80803871 35.36029816
v -46.40630722 -11.75631046 14.80000019
v -46.50000000 -11.33369160 35.36029816
v -46.50000000 -11.33369160 14.80000019
v -46.47303772 -11.45530701 35.36029816
v -46.40630722 -11.75631046 35.36029816
v -44.08867264 -11.75631046 41.72794724
v -44.13978958 -11.45530701 41.77084351
v -45.42922211 -11.45952225 39.84472275
v -46.11007690 -11.81546593 37.63792801
v -46.09749603 -11.33369160 37.64301300
v -46.22271729 -11.45952225 37.66462326
v -45.89692688 -11.33369160 38.78049850
v -44.16044617 -11.33369160 41.78817368
v -45.31940842 -11.33369160 39.78078842
v -44.05826569 -11.80803871 41.70243454
v -45.32577896 -11.81546593 39.79277420
v -31.99955368 -5.19999981 56.28095627
v -30.26307297 -5.19999981 59.28863144
v -33.83700180 -5.19999981 53.75819016
v -34.57959366 -5.19999981 53.20618820
v -32.03998184 -5.19999981 53.64829636
v -32.92542648 -5.19999981 53.91688156
v -28.01970863 -7.50000000 51.38563538
v -28.01970863 -0.00000000 51.38563538
v -28.15999985 -0.00000000 51.38563538
v 10.15224075 -5.50000000 49.42026901
v 10.15224075 -7.50000000 49.42026901
v 10.58578682 -5.50000000 48.77142334
v 10.58578682 -7.50000000 48.77142334
v 11.23463249 -5.50000000 48.33787537
v 11.23463249 -7.50000000 48.33787537
v 12.00000000 -5.50000000 48.18563461
v 12.00000000 -7.50000000 48.18563461
v -12.00000000 -5.50000000 48.18563461
v -11.23028183 -5.50000000 48.33968353
v -10.57913780 -5.50000000 48.77810287
v -10.14687634 -5.50000000 49.43334579
v -12.00000000 -7.50000000 48.18563461
v -11.23028183 -7.50000000 48.33968353
v -10.57913780 -7.50000000 48.77810287
v -10.14687634 -7.50000000 49.43334579
v -28.01970863 -7.50000000 48.18563461
v 28.15999985 -5.19999981 92.45419312
v 28.15999985 -7.50000000 92.45419312
v 28.15999985 -7.50000000 48.18563461
v 30.26307297 -5.19999981 59.28863144
v 31.99955368 -5.19999981 56.28095627
v 34.57959366 -5.19999981 53.20618820
v 33.83700180 -5.19999981 53.75819016
v 32.92542648 -5.19999981 53.91688156
v 32.03998184 -5.19999981 53.64829636
v 28.15999985 -5.19999981 51.38563538
v 44.16044617 -11.33369160 41.78817368
v 44.14053345 -11.45094681 41.77146530
v 44.08867264 -11.75631046 41.72794724
v 44.06032181 -11.80453682 41.70416260
v 46.40630722 -11.75631046 35.36029816
v 46.47400665 -11.45094681 35.36029816
v 46.22325134 -11.45507050 37.66475296
v 45.32769775 -11.81154728 39.79373169
v 45.31940842 -11.33369160 39.78078842
v 45.42971802 -11.45507050 39.84497070
v 45.89692688 -11.33369160 38.78049850
v 46.50000000 -11.33369160 35.36029816
v 46.09749603 -11.33369160 37.64301300
v 46.36930466 -11.80453682 35.36029816
v 46.11216354 -11.81154728 37.63842392
v 46.50000000 -11.33369160 14.80000019
v 46.40630722 -11.75631046 14.80000019
v 20.55964470 -22.43369293 93.78710938
v 20.55964470 -15.30000019 93.78710938
v 7.68472195 -22.43369293 103.59455872
v 7.68472195 -15.30000019 103.59455872
v 2.66864920 -15.30000019 105.46828461
v 1.62507844 -15.30000019 105.63964081
v 1.62507844 -22.43369293 105.63964081
v 2.56604958 -22.43369293 105.48513031
v 3.93145537 -22.43369293 105.26094818
v 4.82279825 -15.30000019 105.11458588
v 4.82279825 -22.43369293 105.11458588
v 5.29212761 -15.30000019 104.86531067
v 6.47531700 -22.43369293 104.23690033
v 5.24587774 -22.43369293 104.88987732
v -1.62507844 -22.43369293 105.63964081
v -1.62507844 -15.30000019 105.63964081
v -3.21323395 -22.43369293 105.37887573
v -4.29840183 -15.30000019 105.20069122
v -4.82279825 -22.43369293 105.11458588
v -4.82279825 -15.30000019 105.11458588
v -6.26334047 -22.43369293 104.34948730
v -6.75073814 -15.30000019 104.09061432
v -20.34308243 -23.19988060 93.50281525
v -7.46816635 -23.19987297 103.31027222
v -20.47891426 -22.90864372 93.68113708
v -7.60215950 -22.91257477 103.48617554
v -20.50216866 -22.85878372 93.71166229
v -7.62724638 -22.85878372 103.51910400
v -20.54315948 -22.55561066 93.76547241
v -7.66762543 -22.56014252 103.57211304
v -24.40515518 -22.85877419 85.83219147
v -24.36677361 -22.90864372 85.83219147
v -24.26300812 -22.91582108 87.32250977
v -21.68491554 -22.55989647 92.77605438
v -23.42730522 -23.19987297 89.47682953
v -23.10518456 -23.19987488 90.09369659
v -23.34990120 -22.91582108 90.21586609
v -21.60157013 -22.91582108 92.69550323
v -21.41604042 -23.19987869 92.51410675
v -22.57670784 -22.91582108 91.51586914
v -22.59260750 -23.19987679 91.07527161
v -22.36825943 -23.19987679 91.36808777
v -21.66832733 -23.19987869 92.28162384
v -23.65322876 -23.19987297 88.73056030
v -23.91551208 -22.91582108 88.81304169
v -23.94979858 -23.19987106 87.75093842
v -24.00211525 -23.19987106 87.28391266
v -24.14012718 -23.19986916 86.05188751
v -24.14262962 -23.19986725 85.83219147
v -24.50000000 -22.43369293 85.83219147
v -24.47279739 -22.55561066 85.83219147
v -24.26960182 -22.43369293 87.32330322
v -24.37758446 -22.55989647 87.34000397
v -24.03363419 -22.43369293 88.85044861
v -24.02601051 -22.55989647 88.84803009
v -23.35583496 -22.43369293 90.21880341
v -23.45376205 -22.55989647 90.26731873
v -22.67803383 -22.43369293 91.58717346
v -22.67149734 -22.55989647 91.58256531
v -21.60619545 -22.43369293 92.70027161
v -22.44030762 -15.30000019 91.83405304
v -22.67803383 -15.30000019 91.58717346
v -23.13447380 -15.30000019 90.66569519
v -24.50000000 -15.30000019 85.83219147
v -24.34437561 -15.30000019 86.83937073
v -24.03363419 -15.30000019 88.85044861
v -23.74854279 -15.30000019 89.42599487
v -24.14278603 -23.19973755 8.00000000
v -24.40515518 -22.85877419 8.00000000
v -24.50000000 -22.43369293 8.00000000
v 24.50000000 -22.43369293 85.83219147
v 24.50000000 -15.30000019 85.83219147
v 24.26960182 -22.43369293 87.32330322
v 24.08596992 -15.30000019 88.51172638
v 24.03363419 -22.43369293 88.85044861
v 24.03363419 -15.30000019 88.85044861
v 23.35583496 -22.43369293 90.21880341
v 23.57719421 -15.30000019 89.77191925
v 22.96312523 -15.30000019 91.01161957
v 22.67803383 -22.43369293 91.58717346
v 22.67803383 -15.30000019 91.58717346
v 21.60619545 -22.43369293 92.70027161
v 21.26654243 -15.30000019 93.05300140
v 19.75000000 -14.30000019 105.86000061
v 19.24759483 -14.30000019 107.73500061
v 17.87500000 -14.30000019 109.10759735
v 16.00000000 -14.30000019 109.61000061
v 14.12500000 -14.30000019 109.10759735
v 12.75240421 -14.30000019 107.73500061
v 12.25000000 -14.30000019 105.86000061
v 12.75240421 -14.30000019 103.98499298
v 14.12500000 -14.30000019 102.61240387
v 16.00000000 -14.30000019 102.11000061
v 17.87500000 -14.30000019 102.61240387
v 19.24759483 -14.30000019 103.98499298
v -12.25000000 -14.30000019 105.86000061
v -12.75240421 -14.30000019 107.73500061
v -14.12500000 -14.30000019 109.10759735
v -16.00000000 -14.30000019 109.61000061
v -17.87500000 -14.30000019 109.10759735
v -19.24759483 -14.30000019 107.73500061
v -19.75000000 -14.30000019 105.86000061
v -19.24759483 -14.30000019 103.98499298
v -17.87500000 -14.30000019 102.61240387
v -16.00000000 -14.30000019 102.11000061
v -14.12500000 -14.30000019 102.61240387
v -12.75240421 -14.30000019 103.98499298
v 28.20882034 -14.30000019 55.85934448
v 29.43839645 -14.30000019 54.13189316
v 29.69889069 -14.24040604 54.35046768
v 29.70026016 -14.23937702 54.35161972
v 28.04158401 -14.23969269 56.87384415
v 27.77460480 -14.30000019 56.73941803
v 26.65866470 -14.23969269 62.70883179
v 26.31664658 -14.30000019 62.70883179
v 26.34113884 -14.30000019 61.89920425
v 27.00911903 -14.23969269 59.71051788
v 26.63300514 -14.30000019 59.82030487
v 26.68967628 -14.30000019 59.63574600
v 27.25670242 -14.30000019 57.78911209
v 26.65866470 -14.23969269 78.75918579
v 26.31664658 -14.30000019 78.75918579
v 26.48512268 -14.30000019 80.87284851
v 27.00911903 -14.23969269 81.75749969
v 26.71819496 -14.30000019 81.82613373
v 28.04158401 -14.23969269 84.59417725
v 27.74881363 -14.30000019 84.74222565
v 26.99618721 -14.30000019 82.96315002
v 29.69889069 -14.24040604 87.11754608
v 29.43839645 -14.30000019 87.33612823
v 28.93674088 -14.30000019 86.70017242
v 29.70026016 -14.23937702 87.11640167
v 27.82403564 -14.30000019 84.92003632
v 37.94230270 -14.30000019 97.47068787
v 38.20279694 -14.24040604 97.25210571
v 38.20416641 -14.23937702 97.25095367
v 38.55136871 -14.23969269 97.85196686
v 38.67190170 -14.23969269 98.53556061
v 38.32988358 -14.30000019 98.53556061
v 38.20359421 -14.30000019 97.98242188
v 38.28037643 -14.30000019 98.13278961
v 38.57880020 -14.23969269 99.13845825
v 38.16337585 -14.30000019 99.25977325
v 38.21688080 -14.30000019 99.02705383
v 38.02839279 -14.30000019 99.48845673
v 38.30656052 -14.24040604 99.68405914
v 38.30802155 -14.23937702 99.68508911
v 19.50656128 -14.30000019 125.82890320
v 19.78472710 -14.24040604 126.02451324
v 19.78618813 -14.23937702 126.02554321
v 15.91257191 -14.30000019 128.39410400
v 16.25834465 -14.23969269 128.64488220
v 14.43944645 -14.30000019 128.64599609
v 14.06134796 -14.23969269 128.99867249
v 14.06134796 -14.30000019 128.65664673
v 18.23322678 -14.23969269 127.61932373
v 16.14199448 -14.30000019 128.29858398
v 17.29465866 -14.30000019 127.81865692
v 18.00547981 -14.30000019 127.31125641
v 18.51361847 -14.30000019 126.94854736
v -14.06134796 -14.30000019 128.65664673
v -14.06134796 -14.23969269 128.99867249
v -18.22696686 -14.30000019 127.19221497
v -18.23322678 -14.23969269 127.61932373
v -19.28036690 -14.30000019 126.13208771
v -19.78633690 -14.23969269 126.02565002
v -19.50656128 -14.30000019 125.82890320
v -18.01686478 -14.30000019 127.32493591
v -16.96127129 -14.30000019 127.99178314
v -16.25834465 -14.23969269 128.64488220
v -15.54836655 -14.30000019 128.48841858
v -16.13735390 -14.30000019 128.28140259
v -38.02839279 -14.30000019 99.48845673
v -38.30817032 -14.23969269 99.68519592
v -38.21866608 -14.30000019 99.02142334
v -38.57880020 -14.23969269 99.13845825
v -38.67190170 -14.23969269 98.53556061
v -38.32988358 -14.30000019 98.53556061
v -38.30875778 -14.30000019 98.80027008
v -38.20110703 -14.30000019 97.97558594
v -38.55136871 -14.23969269 97.85196686
v -38.20416641 -14.23937702 97.25095367
v -38.20279694 -14.24040604 97.25210571
v -38.16326904 -14.30000019 97.81105042
v -37.94230270 -14.30000019 97.47068787
v -29.43839645 -14.30000019 87.33612823
v -29.69889069 -14.24040604 87.11754608
v -29.70026016 -14.23937702 87.11640167
v -28.20882034 -14.30000019 85.60866547
v -28.04158401 -14.23969269 84.59417725
v -27.77460480 -14.30000019 84.72859955
v -26.65866470 -14.23969269 78.75918579
v -26.31664658 -14.30000019 78.75918579
v -26.34113884 -14.30000019 79.56880951
v -27.00911903 -14.23969269 81.75749969
v -26.63300514 -14.30000019 81.64771271
v -26.68967628 -14.30000019 81.83227539
v -27.25670242 -14.30000019 83.67890930
v -26.31664658 -14.30000019 62.70883179
v -26.65866470 -14.23969269 62.70883179
v -26.48512268 -14.30000019 60.59516907
v -27.00911903 -14.23969269 59.71051788
v -26.71819496 -14.30000019 59.64188385
v -28.04158401 -14.23969269 56.87384415
v -27.74881363 -14.30000019 56.72579193
v -26.99618721 -14.30000019 58.50487137
v -29.69889069 -14.24040604 54.35046768
v -29.43839645 -14.30000019 54.13189316
v -28.93674088 -14.30000019 54.76784515
v -29.70026016 -14.23937702 54.35161972
v -27.82403564 -14.30000019 56.54798126
v -41.59928513 -14.30000019 39.63910675
v -41.85977936 -14.24040604 39.85768890
v -41.86114883 -14.23937702 39.85883713
v -42.52235413 -14.23969269 38.92576218
v -42.20045090 -14.30000019 38.73321152
v -43.49866486 -14.23969269 35.36029816
v -43.15664673 -14.30000019 35.36029816
v -43.48766708 -14.23969269 35.75248337
v -43.15319443 -14.30000019 35.57535172
v -43.02899551 -14.23969269 37.88092041
v -43.13133621 -14.30000019 35.73123550
v -42.95575714 -14.30000019 36.98345947
v -42.67055893 -14.30000019 37.74295425
v -42.42676926 -14.30000019 38.39216995
v -43.15664673 -14.30000019 14.80000019
v -43.49866486 -14.23969269 14.80000019
v -25.50000000 -14.30000019 85.83219147
v -25.50000000 -14.30000019 8.00000000
v -25.13570404 -14.37246323 85.83219147
v -25.11731720 -14.37612057 8.00000000
v -25.11731720 -14.37612057 85.83219147
v -24.79289246 -14.59289360 85.83219147
v -24.79289246 -14.59289360 8.00000000
v -24.69621658 -14.73758221 85.83219147
v -24.57612038 -14.91731644 8.00000000
v -24.57612038 -14.91731644 85.83219147
v -24.54946899 -15.05130196 85.83219147
v -24.50000000 -15.30000019 8.00000000
v -23.84859657 -15.04788780 89.47235870
v -24.78125191 -14.55272293 86.88963318
v -21.64727020 -14.30000019 94.19398499
v -22.25048065 -14.30000019 93.58199310
v -22.02061272 -14.36898804 93.35176086
v -23.25661087 -15.04788780 90.72798920
v -22.49984932 -15.04788780 91.88607025
v -22.61796188 -14.72703075 91.97545624
v -24.41023064 -14.36898804 89.69104767
v -24.72976112 -14.30000019 89.81400299
v -24.85822105 -14.30000019 89.53527832
v -22.96305275 -14.30000019 92.85905457
v -23.24555779 -14.30000019 92.45201874
v -22.98045540 -14.36898804 92.24977112
v -24.04437256 -14.30000019 91.30109406
v -23.38589668 -14.72703075 90.80027771
v -22.74161339 -14.55272293 92.06903076
v -23.52124405 -14.55272293 90.87594604
v -23.78268242 -14.36898804 91.02211761
v -24.09267807 -14.30000019 91.19627380
v -20.73915100 -14.58956814 94.02276611
v -21.80880356 -14.55272293 93.13997650
v -21.69914818 -14.72703075 93.03034210
v -21.16560745 -14.30000019 94.58260345
v -20.94469833 -14.37117672 94.29259491
v -20.93767929 -14.37343884 94.28338623
v -24.47965813 -15.04788780 86.85861206
v -24.62700081 -14.72703075 86.87377167
v -25.07920456 -14.36898804 86.92027283
v -25.40153694 -14.30000019 86.95404053
v -23.98662186 -14.72703075 89.52610779
v -24.13111877 -14.55272293 89.58237457
v -24.54926491 -14.55272293 88.24768829
v -24.84049225 -14.36898804 88.31769562
v -25.16084671 -14.30000019 88.39383698
v -25.33173943 -14.30000019 87.74926758
v -21.59440422 -15.04788780 92.92560577
v -20.58979416 -15.05138111 93.82669830
v -20.60631943 -14.91514015 93.84838867
v -20.67867088 -14.73780441 93.94336700
v -7.71487379 -15.05138111 103.63414001
v -7.73139668 -14.91514015 103.65583038
v -7.80374908 -14.73780441 103.75081635
v -7.86422920 -14.58956814 103.83020782
v -8.06275749 -14.37343884 104.09083557
v -8.06977558 -14.37117672 104.10005188
v -8.29068661 -14.30000019 104.39004517
v -3.10379791 -14.30000019 106.52905273
v -4.57423925 -14.30000019 106.21486664
v -4.48068523 -14.36898804 105.88410187
v -5.85040426 -14.36898804 105.39926147
v -7.13423538 -14.36898804 104.73648834
v -6.97907639 -14.55272293 104.48028564
v -6.82201958 -15.04788780 104.22094727
v -2.99568868 -14.72703075 105.72737885
v -1.62507844 -14.73758221 105.83585358
v -1.62507844 -14.59289360 105.93253326
v -1.62507844 -14.30000019 106.63964081
v -2.97517705 -14.30000019 106.55652618
v -1.62507844 -14.37246323 106.27534485
v -3.05689073 -14.36898804 106.17782593
v -1.62507844 -14.37612057 106.25695801
v -4.85407066 -14.30000019 106.15507507
v -5.73140240 -14.55272293 105.12438965
v -6.89874935 -14.72703075 104.34765625
v -7.30176020 -14.30000019 105.01457214
v -6.66110849 -14.30000019 105.41915131
v -5.98006439 -14.30000019 105.69651031
v -1.62507844 -15.05130196 105.68910980
v -4.31885147 -15.04788780 105.30352783
v -5.61094570 -15.04788780 104.84616089
v -4.35862303 -14.72703075 105.44620514
v -1.62507844 -14.91731644 105.71575928
v -3.01656556 -14.55272293 105.88103485
v -5.66979456 -14.72703075 104.98208618
v -4.40025997 -14.55272293 105.59558105
v 1.62507844 -15.05130196 105.68910980
v 1.62507844 -14.91731644 105.71575928
v 1.62507844 -14.73758221 105.83585358
v 1.62507844 -14.59289360 105.93253326
v 1.62507844 -14.37612057 106.25695801
v 1.62507844 -14.37246323 106.27534485
v 1.62507844 -14.30000019 106.63964081
v 7.04736185 -14.30000019 105.19812775
v 5.68725586 -14.30000019 105.83923340
v 5.56124544 -14.36898804 105.51942444
v 4.17784643 -14.36898804 105.96372986
v 2.75495577 -14.36898804 106.21446228
v 2.72313404 -14.55272293 105.91663361
v 2.69092321 -15.04788780 105.61515808
v 6.64757872 -14.72703075 104.49488831
v 7.80374908 -14.73780441 103.75081635
v 7.86422920 -14.58956814 103.83020782
v 8.29068661 -14.30000019 104.39004517
v 7.16633272 -14.30000019 105.14205170
v 8.06977558 -14.37117672 104.10005188
v 6.87184954 -14.36898804 104.89031219
v 8.06275749 -14.37343884 104.09083557
v 5.42842293 -14.30000019 105.96124268
v 4.10595036 -14.55272293 105.67296600
v 2.70665979 -14.72703075 105.76244354
v 2.79019785 -14.30000019 106.53718567
v 3.54499197 -14.30000019 106.47081757
v 4.25482702 -14.30000019 106.27876282
v 7.71487379 -15.05138111 103.63414001
v 5.33817434 -15.04788780 104.95951080
v 4.03317547 -15.04788780 105.37863922
v 5.39299631 -14.72703075 105.09711456
v 7.73139668 -14.91514015 103.65583038
v 6.72408009 -14.55272293 104.62977600
v 4.06872940 -14.72703075 105.52243042
v 5.45038795 -14.55272293 105.24117279
v 20.58599663 -15.08269691 93.82170105
v 20.60631943 -14.91514015 93.84838867
v 20.66755867 -14.76503849 93.92877960
v 20.73915100 -14.58956814 94.02276611
v 20.93767929 -14.37343884 94.28338623
v 20.94469833 -14.37117672 94.29259491
v 21.16560745 -14.30000019 94.58260345
v 23.05418587 -15.07894516 91.05917358
v 25.48272896 -14.30000019 86.45083618
v 25.36141968 -14.30000019 87.30152893
v 25.03897667 -14.36898804 87.25818634
v 23.57493782 -14.36898804 91.37737274
v 23.86636543 -14.30000019 91.55704498
v 23.72248650 -14.30000019 91.82814026
v 25.21811676 -14.30000019 88.30645752
v 25.06551170 -14.30000019 88.77783966
v 24.74398804 -14.36898804 88.68949890
v 24.63400841 -14.30000019 90.11071014
v 23.69382668 -15.07894516 89.82831573
v 24.28842163 -14.75424290 88.56243896
v 23.81976128 -14.75424290 89.88304901
v 24.45547676 -14.55272293 88.60903168
v 23.97881889 -14.55272293 89.95218658
v 24.25351524 -14.36898804 90.07157898
v 24.57990456 -14.30000019 90.21264648
v 25.50000000 -14.30000019 85.83219147
v 25.13570404 -14.37246323 85.83219147
v 25.11731720 -14.37612057 85.83219147
v 24.79289246 -14.59289360 85.83219147
v 21.35865021 -15.07894516 93.14344025
v 21.45260048 -14.75424290 93.24358368
v 21.57125664 -14.55272293 93.37007141
v 21.77618217 -14.36898804 93.58852386
v 21.99836540 -14.30000019 93.82447815
v 23.17136192 -14.75424290 91.13076782
v 23.31935310 -14.55272293 91.22119904
v 22.51100159 -14.55272293 92.36259460
v 22.74316216 -14.36898804 92.55184937
v 22.99785995 -14.30000019 92.76055145
v 22.58866310 -14.30000019 93.28707886
v 24.15615082 -15.07894516 88.52554321
v 24.54323959 -15.08262444 85.83219147
v 24.57612038 -14.91731644 85.83219147
v 24.74215698 -14.55272293 87.21803284
v 24.57029152 -14.75424290 87.19477844
v 24.67797470 -14.76488018 85.83219147
v 24.50000000 -15.30000019 8.00000000
v 24.57612038 -14.91731644 8.00000000
v 24.79289246 -14.59289360 8.00000000
v 25.11731720 -14.37612057 8.00000000
v 25.50000000 -14.30000019 8.00000000
v 43.49866486 -14.23969269 35.36029816
v 43.49866486 -14.23969269 14.80000019
v 43.15664673 -14.30000019 35.36029816
v 43.15664673 -14.30000019 14.80000019
v 43.03486633 -14.30000019 36.44067764
v 43.40523148 -14.23969269 36.50008392
v 41.59928513 -14.30000019 39.63910675
v 41.73487473 -14.30000019 39.47214890
v 41.85977936 -14.24040604 39.85768890
v 42.10495758 -14.23969269 39.55145645
v 41.86114883 -14.23937702 39.85883713
v 43.12172699 -14.23969269 37.62614822
v 41.81833267 -14.30000019 39.33868408
v 42.48874664 -14.30000019 38.26656342
v 42.75846481 -14.30000019 37.50143433
v 42.98901749 -14.30000019 36.84740067
v 40.50000000 -14.30000019 14.80000019
v -40.50000000 -14.30000019 14.80000019
v -28.01970863 -0.00000000 48.18563461
v 28.15999985 -0.00000000 48.18563461
v 28.15999985 -0.00000000 51.38563538
v 24.40622139 -22.85649681 8.00000000
v 24.50000000 -22.43369293 8.00000000
v 24.47294617 -22.55566788 85.83219147
v 24.40622139 -22.85649681 85.83219147
v 24.14247322 -23.19999886 8.00000000
v 24.36639404 -22.90836716 85.83219147
v 24.14247322 -23.19999886 85.83219147
v 20.50284386 -22.85640335 93.71254730
v 20.47867775 -22.90836143 93.68082428
v 21.60157013 -22.91582108 92.69550323
v 24.37758446 -22.55989647 87.34000397
v 22.80885506 -23.19992256 90.72525024
v 23.10436058 -23.19993401 90.09519958
v 23.34990120 -22.91582108 90.21586609
v 24.26300812 -22.91582108 87.32250977
v 24.00616074 -23.19997787 87.28483582
v 23.91551208 -22.91582108 88.81304169
v 23.57457161 -23.19995117 89.09265137
v 23.67155075 -23.19995689 88.73674774
v 23.97410774 -23.19997406 87.62640381
v 22.35211945 -23.19991302 91.35717773
v 22.57670784 -22.91582108 91.51586914
v 21.75255585 -23.19989777 92.18672943
v 21.41275597 -23.19989014 92.51133728
v 20.51632309 -23.19987106 93.36772156
v 20.34309196 -23.19986916 93.50283051
v 20.54325294 -22.55566978 93.76559448
v 21.68491554 -22.55989647 92.77605438
v 22.67149734 -22.55989647 91.58256531
v 23.45376205 -22.55989647 90.26731873
v 24.02601051 -22.55989647 88.84803009
v 7.46816921 -23.19986725 103.31027222
v 7.60192442 -22.91229820 103.48587036
v 7.62792206 -22.85640335 103.51998901
v 7.66772270 -22.56020355 103.57224274
v 1.62507844 -22.85649681 105.54586029
v 1.62507844 -22.91230392 105.50301361
v 2.57174206 -22.92021179 105.46782684
v 6.53160095 -22.56451988 104.34333038
v 4.69667816 -23.19993401 104.74544525
v 5.13140345 -23.19992447 104.57678223
v 5.23107624 -22.92021179 104.83127594
v 6.47378445 -22.92021179 104.24076843
v 6.34294605 -23.19989586 104.01161957
v 5.93881702 -23.19990730 104.26351166
v 4.25696802 -23.19994354 104.91605377
v 3.91934061 -22.92021179 105.24306488
v 3.86029291 -23.19995308 104.98935699
v 2.54848313 -23.19998169 105.23178864
v 1.62507844 -23.19999886 105.28211212
v 2.48300481 -23.19998169 105.24388885
v 1.62507844 -22.56020164 105.61157990
v 2.58303022 -22.56451988 105.58501434
v 3.94669771 -22.56451988 105.35758209
v 5.27407455 -22.56451988 104.94087982
v -1.62507844 -22.56020164 105.61157990
v -1.62507844 -22.85649681 105.54586029
v -1.62507844 -22.91230392 105.50301361
v -1.62507844 -23.19999886 105.28211212
v -3.23325920 -22.56451988 105.50077057
v -3.21430922 -22.92021179 105.38457489
v -3.17524767 -23.19996834 105.13666534
v -4.78240156 -22.92021179 104.99489594
v -4.69944000 -23.19993591 104.74450684
v -3.41929269 -23.19996262 105.11376190
v -6.26594067 -22.92021179 104.35467529
v -6.76252079 -23.19989014 103.79969788
v -6.13921595 -23.19990540 104.11489105
v -5.15263414 -23.19992638 104.61378479
v -6.32127905 -22.56451988 104.45859528
v -4.82004976 -22.56451988 105.10644531
v -6.04827499 -25.16604424 101.44628143
v -18.92319679 -25.16604424 91.63883209
v -21.79943466 -25.16604424 85.83219147
v -21.45901299 -25.16604424 88.03534698
v -20.46950150 -25.16604424 90.03300476
v -40.50000000 -14.30000019 8.00000000
v -21.79943466 -25.16604424 8.00000000
v 40.50000000 -14.30000019 8.00000000
v 21.79943466 -25.16604424 8.00000000
v 21.79943466 -25.16604424 85.83219147
v 20.21509171 -25.16604424 90.29721069
v 20.46950150 -25.16604424 90.03300476
v 18.92319679 -25.16604424 91.63883209
v 20.84364891 -25.16604424 89.27766418
v 21.61851120 -25.16604424 87.00309753
v 21.45901299 -25.16604424 88.03534698
v 21.38433838 -25.16604424 88.18610382
v 6.04827499 -25.16604424 101.44628143
v 3.95923257 -25.16604424 102.55580902
v 3.91263247 -25.16604424 102.56346130
v 1.62507844 -25.16604424 102.93907928
v 4.97906828 -25.16604424 102.01416016
v -1.62507844 -25.16604424 102.93907928
v -2.78434205 -25.16604424 102.74872589
v -5.00375414 -25.16604424 102.00104523
v -3.95923257 -25.16604424 102.55580902
v -5.86591053 -25.33937836 101.20687866
v -18.74083328 -25.33937836 91.39942932
v -5.86482811 -25.34040642 101.20545197
v -18.73974800 -25.34040642 91.39801025
v -5.65876865 -25.39999962 100.93494415
v -18.53368950 -25.39999962 91.12750244
v -20.95946693 -25.39999962 87.44035339
v -21.17227173 -25.33969307 87.94456482
v -21.15545654 -25.39999962 85.95882416
v -21.49866486 -25.33969307 85.83219147
v -21.15664673 -25.39999962 85.83219147
v -20.22353363 -25.33969307 89.85990906
v -20.81447983 -25.39999962 87.82951355
v -20.43708038 -25.39999962 88.84249878
v -19.91132927 -25.39999962 89.64170074
v -19.61482239 -25.39999962 90.09242249
v -21.49866486 -25.33969307 8.00000000
v -21.15664673 -25.39999962 8.00000000
v 21.15664673 -25.39999962 8.00000000
v 21.49866486 -25.33969307 8.00000000
v 21.15664673 -25.39999962 85.83219147
v 21.49866486 -25.33969307 85.83219147
v 20.65146828 -25.33969307 89.16997528
v 20.01219940 -25.33969307 90.14461517
v 19.73566818 -25.39999962 89.92935181
v 19.69348526 -25.39999962 89.99616241
v 21.40599442 -25.33969307 86.96733093
v 21.03491783 -25.39999962 86.90806580
v 18.74094200 -25.33969307 91.39957428
v 18.63370132 -25.39999962 91.04981995
v 18.53368950 -25.39999962 91.12750244
v 21.12129021 -25.33969307 88.09931946
v 20.32745361 -25.39999962 88.99208832
v 20.49233246 -25.39999962 88.73095703
v 20.75812912 -25.39999962 87.97461700
v 20.98837280 -25.39999962 87.31945038
v 5.65876865 -25.39999962 100.93494415
v 5.86602116 -25.33969307 101.20702362
v 1.62507844 -25.33969307 102.63830566
v 1.62507856 -25.39999962 102.29628754
v 2.94632244 -25.39999962 102.16443634
v 3.81955552 -25.33969307 102.28536224
v 4.88422441 -25.33969307 101.83312988
v 3.69943142 -25.39999962 101.92077637
v 4.37450218 -25.39999962 101.70236206
v 4.70843697 -25.39999962 101.50282288
v -1.62507844 -25.33969307 102.63830566
v 1.62507856 -25.33969307 102.63830566
v -1.62507844 -25.39999962 102.29628754
v -4.90791655 -25.33969307 101.82060242
v -3.86305571 -25.33969307 102.27084351
v -2.75155878 -25.33969307 102.54705811
v -3.11172700 -25.39999962 102.12853241
v -3.73994327 -25.39999962 101.90768433
v -4.52783537 -25.39999962 101.63069153
v -4.73722982 -25.39999962 101.50187683
v -25.50000000 14.30000019 5.00000000
v -25.00000000 14.43397427 5.00000000
v -25.00000000 14.43397427 8.00000000
v -24.63397408 14.80000019 5.00000000
v -24.63397408 14.80000019 8.00000000
v -24.50000000 15.30000019 5.00000000
v -24.50000000 -15.30000019 5.00000000
v -24.63397408 -14.80000019 5.00000000
v -24.63397408 -14.80000019 8.00000000
v -25.00000000 -14.43397427 5.00000000
v -25.00000000 -14.43397427 8.00000000
v -25.50000000 -14.30000019 5.00000000
v 25.50000000 -14.30000019 5.00000000
v 25.00000000 -14.43397427 5.00000000
v 25.00000000 -14.43397427 8.00000000
v 24.63397408 -14.80000019 5.00000000
v 24.63397408 -14.80000019 8.00000000
v 24.50000000 -15.30000019 5.00000000
v 24.50000000 15.30000019 5.00000000
v 24.63397408 14.80000019 5.00000000
v 24.63397408 14.80000019 8.00000000
v 25.00000000 14.43397427 5.00000000
v 25.00000000 14.43397427 8.00000000
v 25.50000000 14.30000019 5.00000000
v 21.52061653 25.39999962 5.00000000
v 24.50000000 22.89999962 5.00000000
v 24.50000000 -22.89999962 5.00000000
v 21.52061653 -25.39999962 5.00000000
v -21.52061653 -25.39999962 5.00000000
v -24.50000000 -22.89999962 5.00000000
v -24.50000000 22.89999962 5.00000000
v -21.52061653 25.39999962 5.00000000
v -21.52061653 25.39999962 8.00000000
v 21.52061653 25.39999962 8.00000000
v -24.50000000 22.89999962 8.00000000
v -24.50000000 -22.89999962 8.00000000
v -21.52061653 -25.39999962 8.00000000
v 21.52061653 -25.39999962 8.00000000
v 24.50000000 -22.89999962 8.00000000
v 24.50000000 22.89999962 8.00000000
f 1 2 3
f 4 5 3
f 3 5 6
f 3 6 1
f 7 8 3
f 3 8 9
f 3 9 4
f 10 11 3
f 3 11 12
f 3 12 7
f 13 14 3
f 3 14 15
f 3 15 10
f 16 17 3
f 3 17 18
f 3 18 13
f 19 20 3
f 3 20 21
f 3 21 16
f 2 22 3
f 3 22 23
f 3 23 19
f 24 1 25
f 25 1 6
f 25 6 26
f 26 6 5
f 26 5 27
f 27 5 4
f 27 4 28
f 28 4 9
f 28 9 29
f 29 9 8
f 29 8 30
f 30 8 7
f 30 7 31
f 31 7 12
f 31 12 32
f 32 12 11
f 32 11 33
f 33 11 10
f 33 10 34
f 34 10 15
f 34 15 35
f 35 15 14
f 35 14 36
f 36 14 13
f 36 13 37
f 37 13 18
f 37 18 38
f 38 18 17
f 38 17 39
f 39 17 16
f 39 16 40
f 40 16 21
f 40 21 41
f 41 21 20
f 41 20 42
f 42 20 19
f 42 19 43
f 43 19 23
f 43 23 44
f 44 23 22
f 44 22 45
f 45 22 2
f 45 2 24
f 24 2 1
f 46 47 48
f 48 47 49
f 48 49 50
f 51 52 48
f 48 52 53
f 48 53 46
f 54 55 48
f 48 55 56
f 48 56 51
f 50 57 48
f 48 57 58
f 48 58 54
f 41 59 40
f 40 59 60
f 40 60 39
f 39 60 61
f 39 61 38
f 38 61 62
f 38 62 37
f 37 62 63
f 37 63 36
f 36 63 64
f 36 64 35
f 35 64 65
f 35 65 34
f 34 65 66
f 34 66 33
f 33 66 67
f 33 67 32
f 32 67 68
f 32 68 31
f 31 68 69
f 31 69 30
f 30 69 70
f 30 70 29
f 70 71 29
f 29 71 72
f 29 72 28
f 28 72 73
f 28 73 27
f 27 73 74
f 27 74 26
f 26 74 75
f 26 75 25
f 25 75 76
f 25 76 24
f 24 76 77
f 24 77 45
f 45 77 78
f 45 78 44
f 44 78 79
f 44 79 43
f 43 79 80
f 43 80 42
f 42 80 81
f 42 81 41
f 41 81 82
f 41 82 59
f 49 83 50
f 50 83 84
f 50 84 57
f 57 84 85
f 57 85 58
f 58 85 86
f 58 86 54
f 54 86 87
f 54 87 55
f 55 87 88
f 55 88 56
f 56 88 89
f 56 89 51
f 51 89 90
f 51 90 52
f 52 90 91
f 52 91 53
f 53 91 92
f 53 92 46
f 46 92 93
f 46 93 47
f 47 93 94
f 47 94 49
f 49 94 83
f 95 76 96
f 96 76 75
f 96 75 97
f 97 75 74
f 97 74 98
f 98 74 73
f 98 73 99
f 99 73 72
f 99 72 100
f 100 72 71
f 100 71 101
f 101 71 70
f 101 70 102
f 102 70 69
f 102 69 103
f 103 69 68
f 103 68 104
f 104 68 67
f 104 67 105
f 105 67 66
f 105 66 106
f 106 66 65
f 106 65 107
f 107 65 64
f 107 64 108
f 108 64 63
f 108 63 109
f 109 63 62
f 109 62 110
f 110 62 61
f 110 61 111
f 111 61 60
f 111 60 112
f 112 60 59
f 112 59 113
f 113 59 82
f 113 82 114
f 114 82 81
f 114 81 115
f 115 81 80
f 115 80 116
f 116 80 79
f 116 79 117
f 117 79 78
f 117 78 118
f 118 78 77
f 118 77 95
f 95 77 76
f 119 120 121
f 121 120 122
f 121 122 123
f 123 122 124
f 123 124 125
f 125 124 126
f 125 126 127
f 127 126 128
f 127 128 129
f 129 128 130
f 129 130 131
f 131 130 132
f 131 132 133
f 133 132 134
f 133 134 135
f 135 134 136
f 135 136 137
f 137 136 138
f 137 138 139
f 139 138 140
f 139 140 141
f 141 140 142
f 141 142 119
f 119 142 120
f 143 144 145
f 145 144 146
f 145 146 147
f 147 146 148
f 147 148 149
f 149 148 150
f 149 150 151
f 151 150 152
f 151 152 153
f 153 152 154
f 153 154 155
f 155 154 156
f 155 156 157
f 157 156 158
f 157 158 159
f 159 158 160
f 159 160 161
f 161 160 162
f 161 162 163
f 163 162 164
f 163 164 165
f 165 164 166
f 165 166 143
f 143 166 144
f 167 168 169
f 169 168 170
f 169 170 171
f 171 170 172
f 171 172 173
f 173 172 174
f 173 174 175
f 175 174 176
f 175 176 177
f 177 176 178
f 177 178 179
f 179 178 180
f 179 180 181
f 181 180 182
f 181 182 183
f 183 182 184
f 183 184 185
f 185 184 186
f 185 186 187
f 187 186 188
f 187 188 189
f 189 188 190
f 189 190 167
f 167 190 168
f 191 192 193
f 193 192 194
f 193 194 195
f 195 194 196
f 195 196 197
f 197 196 198
f 197 198 199
f 199 198 200
f 199 200 201
f 201 200 202
f 201 202 203
f 203 202 204
f 203 204 205
f 205 204 206
f 205 206 207
f 207 206 208
f 207 208 209
f 209 208 210
f 209 210 211
f 211 210 212
f 211 212 213
f 213 212 214
f 213 214 191
f 191 214 192
f 215 216 217
f 217 216 218
f 217 218 219
f 220 221 217
f 217 221 222
f 217 222 215
f 223 224 217
f 217 224 225
f 217 225 220
f 219 226 217
f 217 226 227
f 217 227 223
f 228 229 230
f 230 229 231
f 230 231 232
f 233 234 230
f 230 234 235
f 230 235 228
f 236 237 230
f 230 237 238
f 230 238 233
f 232 239 230
f 230 239 240
f 230 240 236
f 241 137 242
f 242 137 139
f 242 139 243
f 243 139 141
f 243 141 244
f 244 141 119
f 244 119 245
f 245 119 121
f 245 121 246
f 246 121 123
f 246 123 247
f 247 123 125
f 247 125 248
f 248 125 127
f 248 127 249
f 249 127 129
f 249 129 250
f 250 129 131
f 250 131 251
f 251 131 133
f 251 133 252
f 252 133 135
f 252 135 241
f 241 135 137
f 253 153 254
f 254 153 155
f 254 155 255
f 255 155 157
f 255 157 256
f 256 157 159
f 256 159 257
f 257 159 161
f 257 161 258
f 258 161 163
f 258 163 259
f 259 163 165
f 259 165 260
f 260 165 143
f 260 143 261
f 261 143 145
f 261 145 262
f 262 145 147
f 262 147 263
f 263 147 149
f 263 149 264
f 264 149 151
f 264 151 253
f 253 151 153
f 265 266 267
f 267 268 265
f 265 268 269
f 265 269 270
f 270 269 271
f 270 271 272
f 271 273 272
f 272 273 274
f 272 274 275
f 275 274 276
f 275 276 277
f 276 278 277
f 277 278 279
f 277 279 280
f 279 281 280
f 280 281 282
f 280 282 283
f 283 282 284
f 283 284 285
f 285 284 286
f 285 286 287
f 286 288 287
f 287 288 289
f 287 289 290
f 290 289 291
f 290 291 292
f 292 291 293
f 292 293 294
f 293 295 294
f 294 295 296
f 294 296 297
f 297 296 298
f 297 298 299
f 298 300 299
f 299 300 301
f 299 301 302
f 302 301 303
f 302 303 266
f 266 303 304
f 266 304 267
f 305 306 307
f 307 306 308
f 307 308 309
f 308 310 309
f 309 310 311
f 309 311 312
f 312 311 313
f 312 313 314
f 313 315 314
f 314 315 316
f 314 316 317
f 316 318 317
f 317 318 319
f 317 319 320
f 320 319 321
f 320 321 322
f 321 323 322
f 322 323 324
f 322 324 325
f 325 324 326
f 325 326 327
f 326 328 327
f 327 328 329
f 327 329 330
f 329 331 330
f 330 331 332
f 330 332 333
f 333 332 334
f 333 334 335
f 335 334 336
f 335 336 337
f 336 338 337
f 337 338 339
f 337 339 340
f 340 339 341
f 340 341 342
f 342 341 343
f 342 343 305
f 305 343 344
f 305 344 306
f 345 346 347
f 347 346 348
f 347 348 349
f 348 350 349
f 349 350 351
f 349 351 352
f 351 353 352
f 352 353 354
f 352 354 355
f 355 354 356
f 355 356 357
f 357 356 358
f 357 358 359
f 358 360 359
f 359 360 361
f 359 361 362
f 361 363 362
f 362 363 364
f 362 364 365
f 364 366 365
f 365 366 367
f 365 367 368
f 368 367 369
f 368 369 370
f 370 369 371
f 370 371 372
f 371 373 372
f 372 373 374
f 372 374 375
f 374 376 375
f 375 376 377
f 375 377 378
f 378 377 379
f 378 379 380
f 380 379 381
f 380 381 382
f 382 381 383
f 382 383 345
f 345 383 384
f 345 384 346
f 385 386 387
f 387 386 388
f 387 388 389
f 388 390 389
f 389 390 391
f 389 391 392
f 392 391 393
f 392 393 394
f 393 395 394
f 394 395 396
f 394 396 397
f 397 396 398
f 397 398 399
f 399 398 400
f 399 400 401
f 401 400 402
f 401 402 403
f 403 402 404
f 404 405 403
f 403 405 406
f 403 406 407
f 407 406 408
f 407 408 409
f 409 408 410
f 409 410 411
f 410 412 411
f 411 412 413
f 411 413 414
f 414 413 415
f 414 415 416
f 416 415 417
f 417 418 416
f 416 418 419
f 416 419 420
f 420 419 421
f 420 421 422
f 422 421 423
f 422 423 385
f 385 423 424
f 385 424 386
f 84 425 85
f 85 425 426
f 85 426 86
f 86 426 427
f 86 427 87
f 87 427 428
f 87 428 88
f 88 428 429
f 88 429 89
f 89 429 430
f 89 430 90
f 90 430 431
f 90 431 91
f 91 431 432
f 91 432 92
f 92 432 433
f 92 433 93
f 93 433 434
f 93 434 94
f 94 434 435
f 94 435 83
f 83 435 436
f 83 436 84
f 84 436 425
f 115 437 114
f 114 437 438
f 114 438 113
f 113 438 439
f 113 439 112
f 112 439 440
f 112 440 111
f 111 440 441
f 111 441 110
f 441 442 110
f 110 442 443
f 110 443 109
f 109 443 444
f 109 444 108
f 108 444 445
f 108 445 107
f 107 445 446
f 107 446 106
f 106 446 447
f 106 447 105
f 105 447 448
f 105 448 104
f 104 448 449
f 104 449 103
f 449 450 103
f 103 450 451
f 103 451 102
f 102 451 452
f 102 452 101
f 101 452 453
f 101 453 100
f 100 453 454
f 100 454 99
f 99 454 455
f 99 455 98
f 455 456 98
f 98 456 457
f 98 457 97
f 97 457 458
f 97 458 96
f 96 458 459
f 96 459 95
f 95 459 460
f 95 460 118
f 118 460 461
f 118 461 117
f 117 461 462
f 117 462 116
f 116 462 463
f 116 463 115
f 115 463 464
f 115 464 437
f 128 126 465
f 136 134 466
f 466 134 132
f 466 132 465
f 465 132 130
f 465 130 128
f 164 162 467
f 148 468 150
f 150 468 465
f 150 465 152
f 152 465 126
f 152 126 154
f 148 146 468
f 468 146 144
f 468 144 467
f 467 144 166
f 467 166 164
f 160 120 142
f 160 158 120
f 120 158 156
f 120 156 122
f 122 156 154
f 122 154 124
f 124 154 126
f 162 160 467
f 467 160 142
f 467 142 469
f 469 142 140
f 469 140 466
f 466 140 138
f 466 138 136
f 470 189 471
f 471 189 167
f 471 167 472
f 472 167 169
f 472 169 473
f 473 169 171
f 473 171 474
f 474 171 173
f 474 173 475
f 475 173 175
f 475 175 476
f 476 175 177
f 476 177 477
f 477 177 179
f 477 179 478
f 478 179 181
f 478 181 479
f 479 181 183
f 479 183 480
f 480 183 185
f 480 185 481
f 481 185 187
f 481 187 470
f 470 187 189
f 482 213 483
f 483 213 191
f 483 191 484
f 484 191 193
f 484 193 485
f 485 193 195
f 485 195 486
f 486 195 197
f 486 197 487
f 487 197 199
f 487 199 488
f 488 199 201
f 488 201 489
f 489 201 203
f 489 203 490
f 490 203 205
f 490 205 491
f 491 205 207
f 491 207 492
f 492 207 209
f 492 209 493
f 493 209 211
f 493 211 482
f 482 211 213
f 174 172 494
f 190 495 168
f 168 495 494
f 168 494 170
f 170 494 172
f 208 206 496
f 496 206 204
f 496 204 497
f 497 204 202
f 498 212 496
f 496 212 210
f 496 210 208
f 202 200 497
f 497 200 198
f 497 198 494
f 494 198 196
f 494 196 174
f 190 188 495
f 495 188 186
f 495 186 498
f 498 186 184
f 498 184 212
f 212 184 182
f 212 182 214
f 214 182 192
f 192 182 180
f 192 180 194
f 194 180 178
f 194 178 196
f 196 178 176
f 196 176 174
f 499 500 291
f 291 289 499
f 499 289 288
f 499 288 501
f 288 286 501
f 501 286 284
f 501 284 502
f 502 284 282
f 502 282 503
f 503 282 281
f 503 281 504
f 281 279 504
f 504 279 278
f 504 278 505
f 278 276 505
f 505 276 274
f 505 274 506
f 274 273 506
f 506 273 271
f 506 271 507
f 507 271 269
f 507 269 508
f 508 269 268
f 508 268 509
f 509 268 267
f 509 267 510
f 510 267 304
f 510 304 511
f 304 303 511
f 511 303 301
f 511 301 512
f 301 300 512
f 512 300 298
f 512 298 513
f 513 298 296
f 513 296 514
f 514 296 295
f 514 295 500
f 500 295 293
f 500 293 291
f 339 515 341
f 341 515 516
f 341 516 343
f 343 516 517
f 343 517 344
f 331 518 332
f 332 518 519
f 332 519 334
f 334 519 520
f 334 520 336
f 336 520 521
f 336 521 338
f 338 521 522
f 338 522 339
f 339 522 523
f 339 523 515
f 326 524 328
f 328 524 525
f 328 525 329
f 329 525 526
f 329 526 331
f 331 526 527
f 331 527 518
f 318 528 319
f 319 528 529
f 319 529 321
f 321 529 530
f 321 530 323
f 323 530 531
f 323 531 324
f 324 531 532
f 324 532 326
f 326 532 533
f 326 533 524
f 313 534 315
f 315 534 535
f 315 535 316
f 316 535 536
f 316 536 318
f 318 536 537
f 318 537 528
f 517 538 344
f 344 538 539
f 344 539 306
f 306 539 540
f 306 540 308
f 308 540 541
f 308 541 310
f 310 541 542
f 310 542 311
f 311 542 543
f 311 543 313
f 313 543 544
f 313 544 534
f 374 545 376
f 376 545 546
f 376 546 377
f 377 546 547
f 377 547 379
f 366 548 367
f 367 548 549
f 367 549 369
f 369 549 550
f 369 550 371
f 371 550 551
f 371 551 373
f 373 551 552
f 373 552 374
f 374 552 553
f 374 553 545
f 361 554 363
f 363 554 555
f 363 555 364
f 364 555 556
f 364 556 366
f 366 556 557
f 366 557 548
f 353 558 354
f 354 558 559
f 354 559 356
f 356 559 560
f 356 560 358
f 358 560 561
f 358 561 360
f 360 561 562
f 360 562 361
f 361 562 563
f 361 563 554
f 348 564 350
f 350 564 565
f 350 565 351
f 351 565 566
f 351 566 353
f 353 566 567
f 353 567 558
f 547 568 379
f 379 568 569
f 379 569 381
f 381 569 570
f 381 570 383
f 383 570 571
f 383 571 384
f 384 571 572
f 384 572 346
f 346 572 573
f 346 573 348
f 348 573 574
f 348 574 564
f 575 576 408
f 408 406 575
f 575 406 405
f 575 405 577
f 405 404 577
f 577 404 402
f 577 402 578
f 578 402 400
f 578 400 579
f 579 400 398
f 579 398 580
f 398 396 580
f 580 396 395
f 580 395 581
f 395 393 581
f 581 393 391
f 581 391 582
f 391 390 582
f 582 390 388
f 582 388 583
f 583 388 386
f 583 386 584
f 584 386 424
f 584 424 585
f 585 424 423
f 585 423 586
f 586 423 421
f 586 421 587
f 421 419 587
f 587 419 418
f 587 418 588
f 418 417 588
f 588 417 415
f 588 415 589
f 589 415 413
f 589 413 590
f 590 413 412
f 590 412 576
f 576 412 410
f 576 410 408
f 218 591 219
f 219 591 592
f 219 592 226
f 226 592 593
f 226 593 227
f 227 593 594
f 227 594 223
f 223 594 595
f 223 595 224
f 224 595 596
f 224 596 225
f 225 596 597
f 225 597 220
f 220 597 598
f 220 598 221
f 221 598 599
f 221 599 222
f 222 599 600
f 222 600 215
f 215 600 601
f 215 601 216
f 216 601 602
f 216 602 218
f 218 602 591
f 231 603 232
f 232 603 604
f 232 604 239
f 239 604 605
f 239 605 240
f 240 605 606
f 240 606 236
f 236 606 607
f 236 607 237
f 237 607 608
f 237 608 238
f 238 608 609
f 238 609 233
f 233 609 610
f 233 610 234
f 234 610 611
f 234 611 235
f 235 611 612
f 235 612 228
f 228 612 613
f 228 613 229
f 229 613 614
f 229 614 231
f 231 614 603
f 615 494 616
f 616 494 495
f 465 617 466
f 466 617 618
f 619 244 620
f 620 244 245
f 620 245 621
f 621 245 246
f 621 246 622
f 622 246 247
f 622 247 623
f 623 247 248
f 623 248 624
f 624 248 249
f 624 249 625
f 625 249 250
f 625 250 626
f 626 250 251
f 626 251 627
f 627 251 252
f 627 252 628
f 628 252 241
f 628 241 629
f 629 241 242
f 629 242 630
f 630 242 243
f 630 243 619
f 619 243 244
f 631 260 632
f 632 260 261
f 632 261 633
f 633 261 262
f 633 262 634
f 634 262 263
f 634 263 635
f 635 263 264
f 635 264 636
f 636 264 253
f 636 253 637
f 637 253 254
f 637 254 638
f 638 254 255
f 638 255 639
f 639 255 256
f 639 256 640
f 640 256 257
f 640 257 641
f 641 257 258
f 641 258 642
f 642 258 259
f 642 259 631
f 631 259 260
f 643 468 644
f 644 468 467
f 465 468 617
f 617 468 643
f 617 643 645
f 645 643 646
f 497 647 496
f 496 647 648
f 649 650 651
f 652 653 654
f 420 422 655
f 322 325 656
f 333 335 657
f 496 648 498
f 498 648 658
f 498 658 659
f 659 297 498
f 498 297 299
f 498 299 656
f 656 299 302
f 656 302 266
f 659 660 297
f 297 660 661
f 297 661 294
f 294 661 662
f 294 662 292
f 292 662 290
f 290 662 663
f 290 663 287
f 287 663 664
f 287 664 285
f 285 664 665
f 285 665 283
f 270 272 666
f 666 272 275
f 666 275 667
f 665 668 283
f 283 668 669
f 283 669 280
f 280 669 667
f 280 667 277
f 277 667 275
f 670 654 305
f 657 335 671
f 671 335 337
f 671 337 653
f 653 337 340
f 653 340 654
f 654 340 342
f 654 342 305
f 656 325 498
f 498 325 327
f 498 327 330
f 616 495 672
f 672 495 498
f 672 498 673
f 673 498 330
f 673 330 674
f 333 657 330
f 330 657 675
f 330 675 674
f 314 317 455
f 305 307 670
f 670 307 309
f 670 309 676
f 676 309 312
f 676 312 314
f 455 317 456
f 456 317 320
f 456 320 457
f 457 320 458
f 458 320 322
f 458 322 459
f 459 322 656
f 459 656 460
f 460 656 266
f 460 266 461
f 461 266 265
f 461 265 462
f 462 265 270
f 462 270 463
f 463 270 666
f 463 666 464
f 372 651 370
f 370 651 677
f 370 677 368
f 368 677 365
f 466 618 469
f 469 618 678
f 469 678 679
f 679 352 469
f 469 352 355
f 469 355 655
f 655 355 357
f 655 357 359
f 372 375 651
f 651 375 378
f 651 378 680
f 680 378 380
f 680 380 681
f 380 382 681
f 681 382 345
f 681 345 682
f 682 345 347
f 682 347 683
f 683 347 349
f 683 349 684
f 684 349 352
f 684 352 685
f 685 352 679
f 686 409 411
f 441 414 442
f 442 414 416
f 409 686 407
f 407 686 687
f 407 687 403
f 403 687 688
f 403 688 401
f 401 688 689
f 401 689 399
f 399 689 690
f 399 690 397
f 397 690 691
f 397 691 394
f 394 691 692
f 394 692 392
f 392 692 693
f 392 693 389
f 655 422 469
f 469 422 385
f 469 385 387
f 644 467 694
f 694 467 469
f 694 469 695
f 695 469 387
f 695 387 696
f 389 693 387
f 387 693 697
f 387 697 696
f 440 686 441
f 441 686 411
f 441 411 414
f 440 439 686
f 686 439 438
f 686 438 666
f 666 438 437
f 666 437 464
f 452 451 677
f 451 450 677
f 677 450 449
f 677 449 365
f 365 449 448
f 365 448 362
f 362 448 447
f 362 447 359
f 359 447 446
f 359 446 655
f 655 446 445
f 655 445 420
f 420 445 444
f 420 444 416
f 416 444 443
f 416 443 442
f 314 455 676
f 676 455 454
f 676 454 453
f 698 699 670
f 670 699 700
f 670 700 654
f 654 700 701
f 654 701 652
f 651 426 425
f 670 436 435
f 435 434 670
f 670 434 433
f 670 433 698
f 698 433 432
f 698 432 702
f 702 432 431
f 702 431 703
f 703 431 430
f 703 430 704
f 704 430 429
f 704 429 650
f 650 429 428
f 650 428 651
f 651 428 427
f 651 427 426
f 681 705 680
f 680 705 706
f 680 706 651
f 651 706 707
f 651 707 649
f 667 708 666
f 666 708 709
f 666 709 686
f 686 709 710
f 686 710 687
f 453 452 676
f 676 452 677
f 676 677 670
f 670 677 651
f 670 651 436
f 436 651 425
f 477 711 476
f 476 711 712
f 476 712 475
f 475 712 713
f 475 713 474
f 474 713 714
f 474 714 473
f 473 714 715
f 473 715 472
f 472 715 716
f 472 716 471
f 471 716 717
f 471 717 470
f 470 717 718
f 470 718 481
f 481 718 719
f 481 719 480
f 480 719 720
f 480 720 479
f 479 720 721
f 479 721 478
f 478 721 722
f 478 722 477
f 477 722 711
f 489 723 488
f 488 723 724
f 488 724 487
f 487 724 725
f 487 725 486
f 486 725 726
f 486 726 485
f 485 726 727
f 485 727 484
f 484 727 728
f 484 728 483
f 483 728 729
f 483 729 482
f 482 729 730
f 482 730 493
f 493 730 731
f 493 731 492
f 492 731 732
f 492 732 491
f 491 732 733
f 491 733 490
f 490 733 734
f 490 734 489
f 489 734 723
f 497 494 647
f 647 494 615
f 647 615 735
f 735 615 736
f 508 509 737
f 737 509 510
f 737 510 738
f 738 510 511
f 738 511 739
f 739 511 512
f 739 512 740
f 740 512 513
f 740 513 741
f 741 513 514
f 741 514 742
f 742 514 500
f 742 500 743
f 743 500 499
f 743 499 744
f 744 499 501
f 744 501 745
f 745 501 502
f 745 502 746
f 746 502 503
f 746 503 747
f 747 503 504
f 747 504 748
f 748 504 505
f 748 505 749
f 749 505 506
f 749 506 750
f 750 506 507
f 750 507 751
f 751 507 508
f 751 508 737
f 752 753 521
f 754 523 753
f 753 523 522
f 753 522 521
f 755 516 754
f 754 516 515
f 754 515 523
f 756 538 755
f 755 538 517
f 755 517 516
f 757 540 756
f 756 540 539
f 756 539 538
f 758 542 757
f 757 542 541
f 757 541 540
f 759 544 758
f 758 544 543
f 758 543 542
f 760 535 759
f 759 535 534
f 759 534 544
f 761 537 760
f 760 537 536
f 760 536 535
f 762 529 761
f 761 529 528
f 761 528 537
f 763 531 762
f 762 531 530
f 762 530 529
f 764 533 763
f 763 533 532
f 763 532 531
f 765 525 764
f 764 525 524
f 764 524 533
f 766 527 765
f 765 527 526
f 765 526 525
f 521 520 752
f 752 520 519
f 752 519 766
f 766 519 518
f 766 518 527
f 767 768 551
f 769 553 768
f 768 553 552
f 768 552 551
f 770 546 769
f 769 546 545
f 769 545 553
f 771 568 770
f 770 568 547
f 770 547 546
f 772 570 771
f 771 570 569
f 771 569 568
f 773 572 772
f 772 572 571
f 772 571 570
f 774 574 773
f 773 574 573
f 773 573 572
f 775 565 774
f 774 565 564
f 774 564 574
f 776 567 775
f 775 567 566
f 775 566 565
f 777 559 776
f 776 559 558
f 776 558 567
f 778 561 777
f 777 561 560
f 777 560 559
f 779 563 778
f 778 563 562
f 778 562 561
f 780 555 779
f 779 555 554
f 779 554 563
f 781 557 780
f 780 557 556
f 780 556 555
f 551 550 767
f 767 550 549
f 767 549 781
f 781 549 548
f 781 548 557
f 584 585 782
f 782 585 586
f 782 586 783
f 783 586 587
f 783 587 784
f 784 587 588
f 784 588 785
f 785 588 589
f 785 589 786
f 786 589 590
f 786 590 787
f 787 590 576
f 787 576 788
f 788 576 575
f 788 575 789
f 789 575 577
f 789 577 790
f 790 577 578
f 790 578 791
f 791 578 579
f 791 579 792
f 792 579 580
f 792 580 793
f 793 580 581
f 793 581 794
f 794 581 582
f 794 582 795
f 795 582 583
f 795 583 796
f 796 583 584
f 796 584 782
f 592 797 593
f 593 797 798
f 593 798 594
f 594 798 799
f 594 799 595
f 595 799 800
f 595 800 596
f 596 800 801
f 596 801 597
f 597 801 802
f 597 802 598
f 598 802 803
f 598 803 599
f 599 803 804
f 599 804 600
f 600 804 805
f 600 805 601
f 601 805 806
f 601 806 602
f 602 806 807
f 602 807 591
f 591 807 808
f 591 808 592
f 592 808 797
f 604 809 605
f 605 809 810
f 605 810 606
f 606 810 811
f 606 811 607
f 607 811 812
f 607 812 608
f 608 812 813
f 608 813 609
f 609 813 814
f 609 814 610
f 610 814 815
f 610 815 611
f 611 815 816
f 611 816 612
f 612 816 817
f 612 817 613
f 613 817 818
f 613 818 614
f 614 818 819
f 614 819 603
f 603 819 820
f 603 820 604
f 604 820 809
f 616 672 821
f 736 615 822
f 822 615 616
f 822 616 823
f 823 616 821
f 675 824 674
f 674 824 825
f 674 825 673
f 673 825 826
f 673 826 672
f 672 826 821
f 684 827 683
f 683 827 828
f 683 828 682
f 682 828 829
f 682 829 681
f 681 829 830
f 831 707 832
f 832 707 706
f 832 706 830
f 830 706 705
f 830 705 681
f 704 650 831
f 831 650 649
f 831 649 707
f 833 703 834
f 834 703 704
f 834 704 835
f 835 704 831
f 836 699 837
f 837 699 698
f 837 698 833
f 833 698 702
f 833 702 703
f 838 701 836
f 836 701 700
f 836 700 699
f 839 653 838
f 838 653 652
f 838 652 701
f 824 675 840
f 840 675 657
f 840 657 839
f 839 657 671
f 839 671 653
f 678 841 679
f 679 841 842
f 679 842 685
f 685 842 843
f 685 843 684
f 684 843 827
f 841 678 844
f 844 678 618
f 844 618 645
f 645 618 617
f 620 621 636
f 845 642 646
f 646 642 631
f 646 631 632
f 622 623 645
f 632 633 646
f 646 633 634
f 646 634 645
f 846 847 638
f 634 635 645
f 645 635 636
f 645 636 622
f 622 636 621
f 638 639 846
f 846 639 640
f 846 640 845
f 845 640 641
f 845 641 642
f 620 636 619
f 619 636 637
f 619 637 630
f 630 637 638
f 630 638 629
f 629 638 847
f 629 847 628
f 623 624 645
f 645 624 625
f 645 625 844
f 844 625 626
f 844 626 847
f 847 626 627
f 847 627 628
f 646 643 845
f 845 643 644
f 845 644 848
f 848 644 694
f 697 849 696
f 696 849 850
f 696 850 695
f 695 850 851
f 695 851 694
f 694 851 848
f 661 852 662
f 662 852 853
f 662 853 663
f 853 854 663
f 663 854 855
f 663 855 664
f 664 855 665
f 665 855 856
f 665 856 668
f 668 856 857
f 668 857 858
f 708 667 858
f 858 667 669
f 858 669 668
f 859 709 860
f 860 709 708
f 860 708 861
f 861 708 858
f 862 691 863
f 863 691 690
f 863 690 864
f 864 690 689
f 864 689 865
f 865 689 688
f 865 688 866
f 866 688 687
f 866 687 859
f 859 687 710
f 859 710 709
f 849 697 867
f 867 697 693
f 867 693 862
f 862 693 692
f 862 692 691
f 658 868 659
f 659 868 869
f 659 869 660
f 660 869 870
f 660 870 661
f 661 870 852
f 648 647 735
f 868 658 871
f 871 658 648
f 871 648 872
f 872 648 735
f 735 726 725
f 725 724 735
f 735 724 723
f 735 723 872
f 723 734 872
f 872 734 733
f 872 733 873
f 716 715 736
f 736 715 714
f 736 714 735
f 714 713 735
f 735 713 712
f 735 712 726
f 726 712 727
f 721 720 874
f 874 720 719
f 874 719 822
f 822 719 718
f 822 718 736
f 736 718 717
f 736 717 716
f 722 730 711
f 711 730 729
f 711 729 712
f 712 729 728
f 712 728 727
f 733 732 873
f 873 732 731
f 873 731 874
f 874 731 730
f 874 730 721
f 721 730 722
f 875 876 877
f 818 817 878
f 870 879 852
f 852 879 853
f 871 880 868
f 868 880 879
f 868 879 869
f 869 879 870
f 856 855 744
f 745 746 881
f 746 747 881
f 881 747 748
f 881 748 877
f 748 749 877
f 877 749 750
f 877 750 751
f 737 738 879
f 738 739 879
f 879 739 740
f 879 740 853
f 853 740 741
f 853 741 854
f 854 741 742
f 854 742 855
f 855 742 743
f 855 743 744
f 881 861 858
f 744 745 856
f 856 745 881
f 856 881 857
f 857 881 858
f 866 859 881
f 881 859 860
f 881 860 861
f 787 788 881
f 794 795 882
f 882 795 796
f 882 796 782
f 788 864 881
f 881 864 865
f 881 865 866
f 867 862 793
f 788 789 864
f 864 789 790
f 864 790 863
f 863 790 791
f 863 791 862
f 862 791 792
f 862 792 793
f 782 783 877
f 783 784 877
f 877 784 785
f 877 785 881
f 881 785 786
f 881 786 787
f 882 851 850
f 846 845 882
f 882 845 848
f 882 848 851
f 793 794 867
f 867 794 882
f 867 882 849
f 849 882 850
f 843 878 827
f 827 878 828
f 844 847 841
f 841 847 878
f 841 878 842
f 842 878 843
f 878 777 776
f 768 767 876
f 876 767 781
f 878 776 828
f 828 776 775
f 828 775 829
f 781 780 876
f 876 780 779
f 876 779 778
f 775 774 829
f 829 774 773
f 829 773 830
f 830 773 772
f 830 772 832
f 832 772 771
f 832 771 831
f 831 771 770
f 831 770 835
f 835 770 769
f 835 769 834
f 766 765 875
f 766 875 752
f 765 764 875
f 875 764 763
f 875 763 876
f 876 763 762
f 876 762 761
f 761 760 876
f 876 760 834
f 876 834 768
f 768 834 769
f 760 759 834
f 834 759 758
f 834 758 833
f 833 758 757
f 833 757 837
f 837 757 756
f 837 756 836
f 836 756 838
f 756 755 838
f 838 755 754
f 838 754 839
f 839 754 753
f 839 753 840
f 875 826 825
f 883 823 875
f 875 823 821
f 875 821 826
f 753 752 840
f 840 752 875
f 840 875 824
f 824 875 825
f 871 872 873
f 878 817 882
f 817 816 882
f 882 816 815
f 882 815 846
f 846 815 814
f 846 814 813
f 813 812 846
f 846 812 811
f 846 811 847
f 847 811 810
f 810 809 847
f 847 809 820
f 847 820 878
f 878 820 819
f 878 819 818
f 782 877 882
f 882 877 876
f 882 876 878
f 878 876 778
f 878 778 777
f 804 880 805
f 805 880 883
f 805 883 806
f 806 883 807
f 804 803 880
f 880 803 802
f 880 802 879
f 879 802 801
f 879 801 800
f 751 737 877
f 877 737 879
f 877 879 875
f 875 879 800
f 875 800 799
f 799 798 875
f 875 798 797
f 875 797 883
f 883 797 808
f 883 808 807
f 871 873 880
f 880 873 874
f 880 874 883
f 883 874 822
f 883 822 823
f 884 885 886
f 886 885 887
f 886 887 888
f 888 887 889
f 890 891 892
f 892 891 893
f 892 893 894
f 894 893 895
f 896 897 898
f 898 897 899
f 898 899 900
f 900 899 901
f 902 903 904
f 904 903 905
f 904 905 906
f 906 905 907
f 908 909 889
f 889 909 888
f 910 908 887
f 887 908 889
f 911 910 885
f 885 910 887
f 912 911 884
f 884 911 885
f 913 912 886
f 886 912 884
f 909 913 888
f 888 913 886
f 914 915 895
f 895 915 894
f 916 914 893
f 893 914 895
f 917 916 891
f 891 916 893
f 918 917 890
f 890 917 891
f 919 918 892
f 892 918 890
f 915 919 894
f 894 919 892
f 920 921 901
f 901 921 900
f 922 920 899
f 899 920 901
f 923 922 897
f 897 922 899
f 924 923 896
f 896 923 897
f 925 924 898
f 898 924 896
f 921 925 900
f 900 925 898
f 926 927 907
f 907 927 906
f 928 926 905
f 905 926 907
f 929 928 903
f 903 928 905
f 930 929 902
f 902 929 903
f 931 930 904
f 904 930 902
f 927 931 906
f 906 931 904
f 932 933 909
f 934 935 911
f 908 936 937
f 937 938 908
f 908 938 939
f 908 939 909
f 909 939 940
f 909 940 932
f 941 908 942
f 942 908 910
f 942 910 943
f 943 910 944
f 945 936 946
f 946 936 908
f 946 908 947
f 947 908 941
f 948 912 949
f 949 912 950
f 949 950 951
f 935 952 911
f 911 952 953
f 911 953 954
f 954 955 911
f 911 955 956
f 911 956 910
f 910 956 957
f 910 957 944
f 933 958 909
f 909 958 959
f 909 959 960
f 960 961 909
f 909 961 962
f 909 962 913
f 913 962 963
f 913 963 964
f 948 965 912
f 912 965 966
f 912 966 911
f 911 966 967
f 911 967 934
f 968 950 969
f 969 950 912
f 969 912 970
f 970 912 913
f 970 913 971
f 971 913 964
f 972 973 915
f 974 914 975
f 975 914 976
f 975 976 977
f 974 978 914
f 914 978 979
f 914 979 915
f 915 979 980
f 915 980 972
f 981 976 982
f 982 976 914
f 982 914 983
f 983 914 916
f 983 916 984
f 984 916 985
f 917 986 916
f 916 986 987
f 916 987 985
f 918 988 989
f 973 990 915
f 915 990 991
f 915 991 992
f 993 994 917
f 917 994 995
f 917 995 996
f 996 997 917
f 917 997 998
f 917 998 986
f 989 999 918
f 918 999 1000
f 918 1000 917
f 917 1000 1001
f 917 1001 993
f 1002 918 1003
f 1003 918 919
f 1003 919 1004
f 1004 919 1005
f 1006 988 1007
f 1007 988 918
f 1007 918 1008
f 1008 918 1002
f 992 1009 915
f 915 1009 1010
f 915 1010 919
f 919 1010 1011
f 919 1011 1005
f 1012 1013 921
f 1014 1015 923
f 1016 1017 920
f 920 1017 1018
f 920 1018 921
f 921 1018 1019
f 921 1019 1012
f 1016 920 1020
f 1020 920 1021
f 1020 1021 1022
f 1023 1021 1024
f 1024 1021 920
f 1024 920 1025
f 1025 920 922
f 1025 922 1026
f 1026 922 1027
f 1015 1028 923
f 923 1028 1029
f 923 1029 1030
f 1030 1031 923
f 923 1031 1032
f 923 1032 922
f 922 1032 1033
f 922 1033 1027
f 1034 924 1035
f 1035 924 1036
f 1035 1036 1037
f 1013 1038 921
f 921 1038 1039
f 921 1039 1040
f 1040 1041 921
f 921 1041 1042
f 921 1042 925
f 925 1042 1043
f 925 1043 1044
f 1034 1045 924
f 924 1045 1046
f 924 1046 923
f 923 1046 1047
f 923 1047 1014
f 1048 1036 1049
f 1049 1036 924
f 1049 924 1050
f 1050 924 925
f 1050 925 1051
f 1051 925 1044
f 1052 1053 929
f 926 1054 1055
f 1055 1056 926
f 926 1056 1057
f 926 1057 927
f 927 1057 1058
f 927 1058 1059
f 1060 926 1061
f 1061 926 928
f 1061 928 1062
f 1062 928 1063
f 1064 1054 1065
f 1065 1054 926
f 1065 926 1066
f 1066 926 1060
f 1053 1067 929
f 929 1067 1068
f 929 1068 1069
f 1069 1070 929
f 929 1070 1071
f 929 1071 928
f 928 1071 1072
f 928 1072 1063
f 930 1073 1074
f 927 1075 931
f 931 1075 1076
f 931 1076 1077
f 1074 1078 930
f 930 1078 1079
f 930 1079 929
f 929 1079 1080
f 929 1080 1052
f 1081 930 1082
f 1082 930 931
f 1082 931 1083
f 1083 931 1077
f 1084 1073 1085
f 1085 1073 930
f 1085 930 1086
f 1086 930 1081
f 1059 1087 927
f 927 1087 1088
f 927 1088 1089
f 1089 1090 927
f 927 1090 1091
f 927 1091 1075
f 1092 1093 1094
f 1095 1096 1097
f 1098 967 966
f 1099 1100 1101
f 1102 1103 1104
f 1105 939 938
f 1093 1105 1106
f 1105 938 1106
f 1106 938 937
f 1106 937 1107
f 1108 1109 1110
f 1110 1109 1111
f 1110 1111 1112
f 1112 1111 1113
f 937 936 1107
f 1107 936 945
f 1107 945 1114
f 1115 1108 1116
f 1116 1108 1110
f 1116 1110 1117
f 1117 1110 1112
f 945 946 1114
f 1114 946 947
f 1114 947 1118
f 1118 947 941
f 1118 941 1119
f 1119 941 942
f 1120 1102 1121
f 942 943 1119
f 1119 943 944
f 1119 944 1122
f 1122 944 957
f 1122 957 1123
f 1123 957 956
f 1123 956 1124
f 956 955 1124
f 1124 955 954
f 1124 954 1125
f 1093 1106 1094
f 1094 1106 1107
f 1094 1107 1126
f 1126 1107 1114
f 1126 1114 1127
f 1127 1114 1118
f 1127 1118 1128
f 1128 1118 1119
f 1128 1119 1129
f 1129 1119 1122
f 1129 1122 1130
f 1130 1122 1123
f 1130 1123 1131
f 1131 1123 1124
f 1131 1124 1132
f 1132 1124 1125
f 1132 1125 1133
f 1133 1125 1134
f 1133 1134 1135
f 1135 1134 1098
f 1135 1098 1136
f 954 953 1125
f 1125 953 952
f 1125 952 1134
f 1134 952 935
f 1134 935 1098
f 1098 935 934
f 1098 934 967
f 1102 1104 1121
f 1121 1104 1137
f 1121 1137 1138
f 1138 1137 1139
f 1138 1139 1140
f 1140 1139 1141
f 1140 1141 1142
f 1142 1141 1143
f 1142 1143 1101
f 1101 1143 1144
f 1101 1144 1099
f 1120 1121 1145
f 1145 1121 1138
f 1145 1138 1146
f 1146 1138 1140
f 1146 1140 1147
f 1147 1140 1142
f 1147 1142 1148
f 1148 1142 1101
f 1148 1101 1149
f 1149 1101 1100
f 1149 1100 1150
f 1151 1136 1152
f 1152 1136 1098
f 1152 1098 1153
f 1153 1098 966
f 1154 1155 1095
f 1095 1097 1154
f 1154 1097 1156
f 1154 1156 1157
f 1157 1156 1158
f 1157 1158 1159
f 1159 1158 1160
f 1159 1160 1092
f 1161 1155 1109
f 1109 1155 1154
f 1109 1154 1111
f 1111 1154 1157
f 1111 1157 1113
f 1113 1157 1159
f 1162 1163 1115
f 1115 1163 1164
f 1115 1164 1108
f 1108 1164 1165
f 1108 1165 1109
f 1109 1165 1166
f 1109 1166 1161
f 1167 1162 1168
f 1168 1162 1115
f 1168 1115 1169
f 1169 1115 1116
f 1169 1116 1170
f 1170 1116 1117
f 1171 1167 1120
f 1120 1167 1168
f 1120 1168 1102
f 1102 1168 1169
f 1102 1169 1103
f 1103 1169 1170
f 1172 1173 1147
f 1147 1173 1174
f 1147 1174 1146
f 1146 1174 1175
f 1146 1175 1145
f 1145 1175 1176
f 1145 1176 1120
f 1120 1176 1177
f 1120 1177 1171
f 1172 1147 1178
f 1178 1147 1148
f 1178 1148 1179
f 1179 1148 1149
f 1179 1149 1180
f 1180 1149 1150
f 1180 1150 1181
f 1092 1094 1159
f 1159 1094 1126
f 1159 1126 1113
f 1113 1126 1127
f 1113 1127 1112
f 1112 1127 1128
f 1112 1128 1117
f 1117 1128 1129
f 1117 1129 1170
f 1170 1129 1130
f 1170 1130 1103
f 1103 1130 1131
f 1103 1131 1104
f 1104 1131 1132
f 1104 1132 1137
f 1137 1132 1133
f 1137 1133 1139
f 1139 1133 1135
f 1139 1135 1141
f 1141 1135 1136
f 1141 1136 1143
f 1143 1136 1151
f 1143 1151 1144
f 1182 1183 1181
f 1184 940 939
f 1185 1186 1160
f 1187 1188 1189
f 1190 1191 1188
f 1192 1191 1193
f 1193 1191 1190
f 1193 1190 1182
f 965 948 1194
f 1194 948 1195
f 1194 1195 1196
f 948 949 1195
f 1195 949 951
f 1195 951 1197
f 951 950 1197
f 1197 950 968
f 1197 968 1198
f 1198 968 969
f 1198 969 1199
f 1199 969 970
f 970 971 1199
f 1199 971 964
f 1199 964 1200
f 1200 964 963
f 1200 963 1201
f 1201 963 962
f 1201 962 1202
f 1187 1189 1203
f 1203 1189 1204
f 1203 1204 1205
f 1205 1204 1206
f 1205 1206 1207
f 1207 1206 1208
f 1207 1208 1209
f 1209 1208 1210
f 1209 1210 1211
f 1211 1210 1212
f 1211 1212 1213
f 1214 1187 1215
f 1215 1187 1203
f 1215 1203 1216
f 1216 1203 1205
f 1216 1205 1217
f 1217 1205 1207
f 1217 1207 1218
f 1218 1207 1209
f 1218 1209 1219
f 1219 1209 1211
f 1219 1211 1220
f 1220 1211 1213
f 1220 1213 1221
f 962 961 1202
f 1202 961 960
f 1202 960 1222
f 1196 1195 1223
f 1223 1195 1197
f 1223 1197 1224
f 1224 1197 1198
f 1224 1198 1225
f 1225 1198 1199
f 1225 1199 1226
f 1226 1199 1200
f 1226 1200 1227
f 1227 1200 1201
f 1227 1201 1228
f 1228 1201 1202
f 1228 1202 1229
f 1229 1202 1222
f 1229 1222 1230
f 1230 1222 1231
f 1230 1231 1232
f 1232 1231 1184
f 1232 1184 1233
f 960 959 1222
f 1222 959 958
f 1222 958 1231
f 1231 958 933
f 1231 933 1184
f 1184 933 932
f 1184 932 940
f 1097 1234 1156
f 1156 1234 1185
f 1156 1185 1158
f 1158 1185 1160
f 1092 1233 1093
f 1093 1233 1184
f 1093 1184 1105
f 1105 1184 939
f 1144 1192 1099
f 1099 1192 1193
f 1099 1193 1100
f 1100 1193 1182
f 1100 1182 1150
f 1150 1182 1181
f 966 965 1153
f 1153 965 1194
f 1153 1194 1152
f 1152 1194 1196
f 1152 1196 1151
f 1151 1196 1144
f 1188 1187 1190
f 1190 1187 1214
f 1190 1214 1182
f 1182 1214 1235
f 1182 1235 1183
f 1236 1237 1216
f 1216 1237 1238
f 1216 1238 1215
f 1215 1238 1239
f 1215 1239 1214
f 1214 1239 1240
f 1214 1240 1235
f 1236 1216 1241
f 1241 1216 1217
f 1241 1217 1242
f 1242 1217 1218
f 1242 1218 1243
f 1243 1218 1219
f 1243 1219 1244
f 1245 1246 1221
f 1221 1246 1247
f 1221 1247 1220
f 1220 1247 1248
f 1220 1248 1219
f 1219 1248 1249
f 1219 1249 1244
f 1250 1245 1251
f 1251 1245 1221
f 1251 1221 1252
f 1252 1221 1213
f 1252 1213 1253
f 1253 1213 1212
f 1254 1250 1234
f 1234 1250 1251
f 1234 1251 1185
f 1185 1251 1252
f 1185 1252 1186
f 1186 1252 1253
f 1097 1096 1234
f 1234 1096 1255
f 1234 1255 1254
f 1144 1196 1192
f 1192 1196 1223
f 1192 1223 1191
f 1191 1223 1224
f 1191 1224 1188
f 1188 1224 1225
f 1188 1225 1189
f 1189 1225 1226
f 1189 1226 1204
f 1204 1226 1227
f 1204 1227 1206
f 1206 1227 1228
f 1206 1228 1208
f 1208 1228 1229
f 1208 1229 1210
f 1210 1229 1230
f 1210 1230 1212
f 1212 1230 1232
f 1212 1232 1253
f 1253 1232 1233
f 1253 1233 1186
f 1186 1233 1092
f 1186 1092 1160
f 1256 1257 1258
f 1259 1260 1261
f 1262 980 979
f 1263 1264 1265
f 1266 1267 1264
f 1268 1000 999
f 1257 1268 1269
f 1270 1267 1271
f 1271 1267 1266
f 1271 1266 1259
f 1268 999 1269
f 1269 999 989
f 1269 989 1272
f 989 988 1272
f 1272 988 1006
f 1272 1006 1273
f 1006 1007 1273
f 1273 1007 1008
f 1273 1008 1274
f 1274 1008 1002
f 1274 1002 1275
f 1275 1002 1003
f 1003 1004 1275
f 1275 1004 1005
f 1275 1005 1276
f 1276 1005 1011
f 1276 1011 1277
f 1277 1011 1010
f 1277 1010 1278
f 1263 1265 1279
f 1279 1265 1280
f 1279 1280 1281
f 1281 1280 1282
f 1281 1282 1283
f 1283 1282 1284
f 1283 1284 1285
f 1285 1284 1286
f 1285 1286 1287
f 1287 1286 1288
f 1287 1288 1289
f 1290 1263 1291
f 1291 1263 1279
f 1291 1279 1292
f 1292 1279 1281
f 1292 1281 1293
f 1293 1281 1283
f 1293 1283 1294
f 1294 1283 1285
f 1294 1285 1295
f 1295 1285 1287
f 1295 1287 1296
f 1296 1287 1289
f 1296 1289 1297
f 1010 1009 1278
f 1278 1009 992
f 1278 992 1298
f 1257 1269 1258
f 1258 1269 1272
f 1258 1272 1299
f 1299 1272 1273
f 1299 1273 1300
f 1300 1273 1274
f 1300 1274 1301
f 1301 1274 1275
f 1301 1275 1302
f 1302 1275 1276
f 1302 1276 1303
f 1303 1276 1277
f 1303 1277 1304
f 1304 1277 1278
f 1304 1278 1305
f 1305 1278 1298
f 1305 1298 1306
f 1306 1298 1307
f 1306 1307 1308
f 1308 1307 1262
f 1308 1262 1309
f 992 991 1298
f 1298 991 990
f 1298 990 1307
f 1307 990 973
f 1307 973 1262
f 1262 973 972
f 1262 972 980
f 1310 1311 1312
f 1313 1314 1315
f 1315 1314 1310
f 1315 1310 1316
f 1316 1310 1312
f 1317 1309 1318
f 1318 1309 1262
f 1318 1262 1319
f 1319 1262 979
f 1261 1320 1259
f 1259 1320 1321
f 1259 1321 1271
f 1271 1321 1322
f 1271 1322 1270
f 1270 1322 1323
f 1270 1323 1256
f 1264 1263 1266
f 1266 1263 1290
f 1266 1290 1259
f 1259 1290 1324
f 1259 1324 1260
f 1325 1326 1292
f 1292 1326 1327
f 1292 1327 1291
f 1291 1327 1328
f 1291 1328 1290
f 1290 1328 1329
f 1290 1329 1324
f 1325 1292 1330
f 1330 1292 1293
f 1330 1293 1331
f 1331 1293 1294
f 1331 1294 1332
f 1332 1294 1295
f 1332 1295 1333
f 1334 1335 1297
f 1297 1335 1336
f 1297 1336 1296
f 1296 1336 1337
f 1296 1337 1295
f 1295 1337 1338
f 1295 1338 1333
f 1339 1334 1340
f 1340 1334 1297
f 1340 1297 1341
f 1341 1297 1289
f 1341 1289 1342
f 1342 1289 1288
f 1343 1339 1314
f 1314 1339 1340
f 1314 1340 1310
f 1310 1340 1341
f 1310 1341 1311
f 1311 1341 1342
f 1313 1344 1314
f 1314 1344 1345
f 1314 1345 1343
f 1256 1258 1270
f 1270 1258 1299
f 1270 1299 1267
f 1267 1299 1300
f 1267 1300 1264
f 1264 1300 1301
f 1264 1301 1265
f 1265 1301 1302
f 1265 1302 1280
f 1280 1302 1303
f 1280 1303 1282
f 1282 1303 1304
f 1282 1304 1284
f 1284 1304 1305
f 1284 1305 1286
f 1286 1305 1306
f 1286 1306 1288
f 1288 1306 1308
f 1288 1308 1342
f 1342 1308 1309
f 1342 1309 1311
f 1311 1309 1317
f 1311 1317 1312
f 1346 1001 1000
f 1347 1348 1349
f 978 974 1350
f 1350 974 1351
f 1350 1351 1352
f 1353 1354 1355
f 1355 1354 1356
f 1355 1356 1357
f 1357 1356 1358
f 974 975 1351
f 1351 975 977
f 1351 977 1359
f 1360 1353 1361
f 1361 1353 1355
f 1361 1355 1362
f 1362 1355 1357
f 977 976 1359
f 1359 976 981
f 1359 981 1363
f 1363 981 982
f 1363 982 1364
f 1364 982 983
f 1365 1347 1366
f 983 984 1364
f 1364 984 985
f 1364 985 1367
f 1367 985 987
f 1367 987 1368
f 1368 987 986
f 1368 986 1369
f 986 998 1369
f 1369 998 997
f 1369 997 1370
f 1347 1349 1366
f 1366 1349 1371
f 1366 1371 1372
f 1372 1371 1373
f 1372 1373 1374
f 1374 1373 1375
f 1374 1375 1376
f 1376 1375 1377
f 1376 1377 1378
f 1352 1351 1379
f 1379 1351 1359
f 1379 1359 1380
f 1380 1359 1363
f 1380 1363 1381
f 1381 1363 1364
f 1381 1364 1382
f 1382 1364 1367
f 1382 1367 1383
f 1383 1367 1368
f 1383 1368 1384
f 1384 1368 1369
f 1384 1369 1385
f 1385 1369 1370
f 1385 1370 1386
f 1386 1370 1387
f 1386 1387 1388
f 1388 1387 1346
f 1388 1346 1389
f 997 996 1370
f 1370 996 995
f 1370 995 1387
f 1387 995 994
f 1387 994 1346
f 1346 994 993
f 1346 993 1001
f 1377 1323 1378
f 1378 1323 1322
f 1378 1322 1321
f 1365 1366 1390
f 1390 1366 1372
f 1390 1372 1391
f 1391 1372 1374
f 1391 1374 1392
f 1392 1374 1376
f 1392 1376 1393
f 1393 1376 1378
f 1393 1378 1394
f 1394 1378 1321
f 1394 1321 1320
f 1256 1389 1257
f 1257 1389 1346
f 1257 1346 1268
f 1268 1346 1000
f 1395 1396 1397
f 1312 1398 1316
f 1316 1398 1399
f 1316 1399 1315
f 1315 1399 1395
f 1315 1395 1313
f 1313 1395 1397
f 1313 1397 1344
f 979 978 1319
f 1319 978 1350
f 1319 1350 1318
f 1318 1350 1352
f 1318 1352 1317
f 1317 1352 1312
f 1400 1396 1354
f 1354 1396 1395
f 1354 1395 1356
f 1356 1395 1399
f 1356 1399 1358
f 1358 1399 1398
f 1401 1402 1360
f 1360 1402 1403
f 1360 1403 1353
f 1353 1403 1404
f 1353 1404 1354
f 1354 1404 1405
f 1354 1405 1400
f 1406 1401 1407
f 1407 1401 1360
f 1407 1360 1408
f 1408 1360 1361
f 1408 1361 1409
f 1409 1361 1362
f 1410 1406 1365
f 1365 1406 1407
f 1365 1407 1347
f 1347 1407 1408
f 1347 1408 1348
f 1348 1408 1409
f 1411 1412 1392
f 1392 1412 1413
f 1392 1413 1391
f 1391 1413 1414
f 1391 1414 1390
f 1390 1414 1415
f 1390 1415 1365
f 1365 1415 1416
f 1365 1416 1410
f 1411 1392 1417
f 1417 1392 1393
f 1417 1393 1418
f 1418 1393 1394
f 1418 1394 1419
f 1419 1394 1320
f 1419 1320 1261
f 1312 1352 1398
f 1398 1352 1379
f 1398 1379 1358
f 1358 1379 1380
f 1358 1380 1357
f 1357 1380 1381
f 1357 1381 1362
f 1362 1381 1382
f 1362 1382 1409
f 1409 1382 1383
f 1409 1383 1348
f 1348 1383 1384
f 1348 1384 1349
f 1349 1384 1385
f 1349 1385 1371
f 1371 1385 1386
f 1371 1386 1373
f 1373 1386 1388
f 1373 1388 1375
f 1375 1388 1389
f 1375 1389 1377
f 1377 1389 1256
f 1377 1256 1323
f 1420 1421 1422
f 1423 1424 1425
f 1426 1047 1046
f 1427 1428 1429
f 1430 1431 1432
f 1433 1018 1017
f 1421 1433 1434
f 1433 1017 1434
f 1434 1017 1016
f 1434 1016 1435
f 1436 1437 1438
f 1438 1437 1439
f 1438 1439 1440
f 1440 1439 1441
f 1016 1020 1435
f 1435 1020 1022
f 1435 1022 1442
f 1443 1436 1444
f 1444 1436 1438
f 1444 1438 1445
f 1445 1438 1440
f 1022 1021 1442
f 1442 1021 1023
f 1442 1023 1446
f 1446 1023 1024
f 1446 1024 1447
f 1447 1024 1025
f 1448 1430 1449
f 1025 1026 1447
f 1447 1026 1027
f 1447 1027 1450
f 1450 1027 1033
f 1450 1033 1451
f 1451 1033 1032
f 1451 1032 1452
f 1032 1031 1452
f 1452 1031 1030
f 1452 1030 1453
f 1421 1434 1422
f 1422 1434 1435
f 1422 1435 1454
f 1454 1435 1442
f 1454 1442 1455
f 1455 1442 1446
f 1455 1446 1456
f 1456 1446 1447
f 1456 1447 1457
f 1457 1447 1450
f 1457 1450 1458
f 1458 1450 1451
f 1458 1451 1459
f 1459 1451 1452
f 1459 1452 1460
f 1460 1452 1453
f 1460 1453 1461
f 1461 1453 1462
f 1461 1462 1463
f 1463 1462 1426
f 1463 1426 1464
f 1030 1029 1453
f 1453 1029 1028
f 1453 1028 1462
f 1462 1028 1015
f 1462 1015 1426
f 1426 1015 1014
f 1426 1014 1047
f 1430 1432 1449
f 1449 1432 1465
f 1449 1465 1466
f 1466 1465 1467
f 1466 1467 1468
f 1468 1467 1469
f 1468 1469 1470
f 1470 1469 1471
f 1470 1471 1429
f 1429 1471 1472
f 1429 1472 1427
f 1448 1449 1473
f 1473 1449 1466
f 1473 1466 1474
f 1474 1466 1468
f 1474 1468 1475
f 1475 1468 1470
f 1475 1470 1476
f 1476 1470 1429
f 1476 1429 1477
f 1477 1429 1428
f 1477 1428 1478
f 1479 1464 1480
f 1480 1464 1426
f 1480 1426 1481
f 1481 1426 1046
f 1482 1483 1423
f 1423 1425 1482
f 1482 1425 1484
f 1482 1484 1485
f 1485 1484 1486
f 1485 1486 1487
f 1487 1486 1488
f 1487 1488 1420
f 1489 1483 1437
f 1437 1483 1482
f 1437 1482 1439
f 1439 1482 1485
f 1439 1485 1441
f 1441 1485 1487
f 1490 1491 1443
f 1443 1491 1492
f 1443 1492 1436
f 1436 1492 1493
f 1436 1493 1437
f 1437 1493 1494
f 1437 1494 1489
f 1495 1490 1496
f 1496 1490 1443
f 1496 1443 1497
f 1497 1443 1444
f 1497 1444 1498
f 1498 1444 1445
f 1499 1495 1448
f 1448 1495 1496
f 1448 1496 1430
f 1430 1496 1497
f 1430 1497 1431
f 1431 1497 1498
f 1500 1501 1475
f 1475 1501 1502
f 1475 1502 1474
f 1474 1502 1503
f 1474 1503 1473
f 1473 1503 1504
f 1473 1504 1448
f 1448 1504 1505
f 1448 1505 1499
f 1500 1475 1506
f 1506 1475 1476
f 1506 1476 1507
f 1507 1476 1477
f 1507 1477 1508
f 1508 1477 1478
f 1508 1478 1509
f 1420 1422 1487
f 1487 1422 1454
f 1487 1454 1441
f 1441 1454 1455
f 1441 1455 1440
f 1440 1455 1456
f 1440 1456 1445
f 1445 1456 1457
f 1445 1457 1498
f 1498 1457 1458
f 1498 1458 1431
f 1431 1458 1459
f 1431 1459 1432
f 1432 1459 1460
f 1432 1460 1465
f 1465 1460 1461
f 1465 1461 1467
f 1467 1461 1463
f 1467 1463 1469
f 1469 1463 1464
f 1469 1464 1471
f 1471 1464 1479
f 1471 1479 1472
f 1510 1511 1509
f 1512 1019 1018
f 1513 1514 1488
f 1515 1516 1517
f 1518 1519 1516
f 1520 1519 1521
f 1521 1519 1518
f 1521 1518 1510
f 1045 1034 1522
f 1522 1034 1523
f 1522 1523 1524
f 1034 1035 1523
f 1523 1035 1037
f 1523 1037 1525
f 1037 1036 1525
f 1525 1036 1048
f 1525 1048 1526
f 1526 1048 1049
f 1526 1049 1527
f 1527 1049 1050
f 1050 1051 1527
f 1527 1051 1044
f 1527 1044 1528
f 1528 1044 1043
f 1528 1043 1529
f 1529 1043 1042
f 1529 1042 1530
f 1515 1517 1531
f 1531 1517 1532
f 1531 1532 1533
f 1533 1532 1534
f 1533 1534 1535
f 1535 1534 1536
f 1535 1536 1537
f 1537 1536 1538
f 1537 1538 1539
f 1539 1538 1540
f 1539 1540 1541
f 1542 1515 1543
f 1543 1515 1531
f 1543 1531 1544
f 1544 1531 1533
f 1544 1533 1545
f 1545 1533 1535
f 1545 1535 1546
f 1546 1535 1537
f 1546 1537 1547
f 1547 1537 1539
f 1547 1539 1548
f 1548 1539 1541
f 1548 1541 1549
f 1042 1041 1530
f 1530 1041 1040
f 1530 1040 1550
f 1524 1523 1551
f 1551 1523 1525
f 1551 1525 1552
f 1552 1525 1526
f 1552 1526 1553
f 1553 1526 1527
f 1553 1527 1554
f 1554 1527 1528
f 1554 1528 1555
f 1555 1528 1529
f 1555 1529 1556
f 1556 1529 1530
f 1556 1530 1557
f 1557 1530 1550
f 1557 1550 1558
f 1558 1550 1559
f 1558 1559 1560
f 1560 1559 1512
f 1560 1512 1561
f 1040 1039 1550
f 1550 1039 1038
f 1550 1038 1559
f 1559 1038 1013
f 1559 1013 1512
f 1512 1013 1012
f 1512 1012 1019
f 1425 1562 1484
f 1484 1562 1513
f 1484 1513 1486
f 1486 1513 1488
f 1420 1561 1421
f 1421 1561 1512
f 1421 1512 1433
f 1433 1512 1018
f 1472 1520 1427
f 1427 1520 1521
f 1427 1521 1428
f 1428 1521 1510
f 1428 1510 1478
f 1478 1510 1509
f 1046 1045 1481
f 1481 1045 1522
f 1481 1522 1480
f 1480 1522 1524
f 1480 1524 1479
f 1479 1524 1472
f 1516 1515 1518
f 1518 1515 1542
f 1518 1542 1510
f 1510 1542 1563
f 1510 1563 1511
f 1564 1565 1544
f 1544 1565 1566
f 1544 1566 1543
f 1543 1566 1567
f 1543 1567 1542
f 1542 1567 1568
f 1542 1568 1563
f 1564 1544 1569
f 1569 1544 1545
f 1569 1545 1570
f 1570 1545 1546
f 1570 1546 1571
f 1571 1546 1547
f 1571 1547 1572
f 1573 1574 1549
f 1549 1574 1575
f 1549 1575 1548
f 1548 1575 1576
f 1548 1576 1547
f 1547 1576 1577
f 1547 1577 1572
f 1578 1573 1579
f 1579 1573 1549
f 1579 1549 1580
f 1580 1549 1541
f 1580 1541 1581
f 1581 1541 1540
f 1582 1578 1562
f 1562 1578 1579
f 1562 1579 1513
f 1513 1579 1580
f 1513 1580 1514
f 1514 1580 1581
f 1425 1424 1562
f 1562 1424 1583
f 1562 1583 1582
f 1472 1524 1520
f 1520 1524 1551
f 1520 1551 1519
f 1519 1551 1552
f 1519 1552 1516
f 1516 1552 1553
f 1516 1553 1517
f 1517 1553 1554
f 1517 1554 1532
f 1532 1554 1555
f 1532 1555 1534
f 1534 1555 1556
f 1534 1556 1536
f 1536 1556 1557
f 1536 1557 1538
f 1538 1557 1558
f 1538 1558 1540
f 1540 1558 1560
f 1540 1560 1581
f 1581 1560 1561
f 1581 1561 1514
f 1514 1561 1420
f 1514 1420 1488
f 1584 1585 1586
f 1587 1588 1589
f 1590 1058 1057
f 1591 1592 1593
f 1594 1595 1592
f 1596 1079 1078
f 1585 1596 1597
f 1598 1595 1599
f 1599 1595 1594
f 1599 1594 1587
f 1596 1078 1597
f 1597 1078 1074
f 1597 1074 1600
f 1074 1073 1600
f 1600 1073 1084
f 1600 1084 1601
f 1084 1085 1601
f 1601 1085 1086
f 1601 1086 1602
f 1602 1086 1081
f 1602 1081 1603
f 1603 1081 1082
f 1082 1083 1603
f 1603 1083 1077
f 1603 1077 1604
f 1604 1077 1076
f 1604 1076 1605
f 1605 1076 1075
f 1605 1075 1606
f 1591 1593 1607
f 1607 1593 1608
f 1607 1608 1609
f 1609 1608 1610
f 1609 1610 1611
f 1611 1610 1612
f 1611 1612 1613
f 1613 1612 1614
f 1613 1614 1615
f 1615 1614 1616
f 1615 1616 1617
f 1618 1591 1619
f 1619 1591 1607
f 1619 1607 1620
f 1620 1607 1609
f 1620 1609 1621
f 1621 1609 1611
f 1621 1611 1622
f 1622 1611 1613
f 1622 1613 1623
f 1623 1613 1615
f 1623 1615 1624
f 1624 1615 1617
f 1624 1617 1625
f 1075 1091 1606
f 1606 1091 1090
f 1606 1090 1626
f 1585 1597 1586
f 1586 1597 1600
f 1586 1600 1627
f 1627 1600 1601
f 1627 1601 1628
f 1628 1601 1602
f 1628 1602 1629
f 1629 1602 1603
f 1629 1603 1630
f 1630 1603 1604
f 1630 1604 1631
f 1631 1604 1605
f 1631 1605 1632
f 1632 1605 1606
f 1632 1606 1633
f 1633 1606 1626
f 1633 1626 1634
f 1634 1626 1635
f 1634 1635 1636
f 1636 1635 1590
f 1636 1590 1637
f 1090 1089 1626
f 1626 1089 1088
f 1626 1088 1635
f 1635 1088 1087
f 1635 1087 1590
f 1590 1087 1059
f 1590 1059 1058
f 1638 1639 1640
f 1641 1642 1643
f 1643 1642 1638
f 1643 1638 1644
f 1644 1638 1640
f 1645 1637 1646
f 1646 1637 1590
f 1646 1590 1647
f 1647 1590 1057
f 1589 1648 1587
f 1587 1648 1649
f 1587 1649 1599
f 1599 1649 1650
f 1599 1650 1598
f 1598 1650 1651
f 1598 1651 1584
f 1592 1591 1594
f 1594 1591 1618
f 1594 1618 1587
f 1587 1618 1652
f 1587 1652 1588
f 1653 1654 1620
f 1620 1654 1655
f 1620 1655 1619
f 1619 1655 1656
f 1619 1656 1618
f 1618 1656 1657
f 1618 1657 1652
f 1653 1620 1658
f 1658 1620 1621
f 1658 1621 1659
f 1659 1621 1622
f 1659 1622 1660
f 1660 1622 1623
f 1660 1623 1661
f 1662 1663 1625
f 1625 1663 1664
f 1625 1664 1624
f 1624 1664 1665
f 1624 1665 1623
f 1623 1665 1666
f 1623 1666 1661
f 1667 1662 1668
f 1668 1662 1625
f 1668 1625 1669
f 1669 1625 1617
f 1669 1617 1670
f 1670 1617 1616
f 1671 1667 1642
f 1642 1667 1668
f 1642 1668 1638
f 1638 1668 1669
f 1638 1669 1639
f 1639 1669 1670
f 1641 1672 1642
f 1642 1672 1673
f 1642 1673 1671
f 1584 1586 1598
f 1598 1586 1627
f 1598 1627 1595
f 1595 1627 1628
f 1595 1628 1592
f 1592 1628 1629
f 1592 1629 1593
f 1593 1629 1630
f 1593 1630 1608
f 1608 1630 1631
f 1608 1631 1610
f 1610 1631 1632
f 1610 1632 1612
f 1612 1632 1633
f 1612 1633 1614
f 1614 1633 1634
f 1614 1634 1616
f 1616 1634 1636
f 1616 1636 1670
f 1670 1636 1637
f 1670 1637 1639
f 1639 1637 1645
f 1639 1645 1640
f 1674 1080 1079
f 1675 1676 1677
f 1056 1055 1678
f 1678 1055 1679
f 1678 1679 1680
f 1681 1682 1683
f 1683 1682 1684
f 1683 1684 1685
f 1685 1684 1686
f 1055 1054 1679
f 1679 1054 1064
f 1679 1064 1687
f 1688 1681 1689
f 1689 1681 1683
f 1689 1683 1690
f 1690 1683 1685
f 1064 1065 1687
f 1687 1065 1066
f 1687 1066 1691
f 1691 1066 1060
f 1691 1060 1692
f 1692 1060 1061
f 1693 1675 1694
f 1061 1062 1692
f 1692 1062 1063
f 1692 1063 1695
f 1695 1063 1072
f 1695 1072 1696
f 1696 1072 1071
f 1696 1071 1697
f 1071 1070 1697
f 1697 1070 1069
f 1697 1069 1698
f 1675 1677 1694
f 1694 1677 1699
f 1694 1699 1700
f 1700 1699 1701
f 1700 1701 1702
f 1702 1701 1703
f 1702 1703 1704
f 1704 1703 1705
f 1704 1705 1706
f 1680 1679 1707
f 1707 1679 1687
f 1707 1687 1708
f 1708 1687 1691
f 1708 1691 1709
f 1709 1691 1692
f 1709 1692 1710
f 1710 1692 1695
f 1710 1695 1711
f 1711 1695 1696
f 1711 1696 1712
f 1712 1696 1697
f 1712 1697 1713
f 1713 1697 1698
f 1713 1698 1714
f 1714 1698 1715
f 1714 1715 1716
f 1716 1715 1674
f 1716 1674 1717
f 1069 1068 1698
f 1698 1068 1067
f 1698 1067 1715
f 1715 1067 1053
f 1715 1053 1674
f 1674 1053 1052
f 1674 1052 1080
f 1705 1651 1706
f 1706 1651 1650
f 1706 1650 1649
f 1693 1694 1718
f 1718 1694 1700
f 1718 1700 1719
f 1719 1700 1702
f 1719 1702 1720
f 1720 1702 1704
f 1720 1704 1721
f 1721 1704 1706
f 1721 1706 1722
f 1722 1706 1649
f 1722 1649 1648
f 1584 1717 1585
f 1585 1717 1674
f 1585 1674 1596
f 1596 1674 1079
f 1723 1724 1725
f 1640 1726 1644
f 1644 1726 1727
f 1644 1727 1643
f 1643 1727 1723
f 1643 1723 1641
f 1641 1723 1725
f 1641 1725 1672
f 1057 1056 1647
f 1647 1056 1678
f 1647 1678 1646
f 1646 1678 1680
f 1646 1680 1645
f 1645 1680 1640
f 1728 1724 1682
f 1682 1724 1723
f 1682 1723 1684
f 1684 1723 1727
f 1684 1727 1686
f 1686 1727 1726
f 1729 1730 1688
f 1688 1730 1731
f 1688 1731 1681
f 1681 1731 1732
f 1681 1732 1682
f 1682 1732 1733
f 1682 1733 1728
f 1734 1729 1735
f 1735 1729 1688
f 1735 1688 1736
f 1736 1688 1689
f 1736 1689 1737
f 1737 1689 1690
f 1738 1734 1693
f 1693 1734 1735
f 1693 1735 1675
f 1675 1735 1736
f 1675 1736 1676
f 1676 1736 1737
f 1739 1740 1720
f 1720 1740 1741
f 1720 1741 1719
f 1719 1741 1742
f 1719 1742 1718
f 1718 1742 1743
f 1718 1743 1693
f 1693 1743 1744
f 1693 1744 1738
f 1739 1720 1745
f 1745 1720 1721
f 1745 1721 1746
f 1746 1721 1722
f 1746 1722 1747
f 1747 1722 1648
f 1747 1648 1589
f 1640 1680 1726
f 1726 1680 1707
f 1726 1707 1686
f 1686 1707 1708
f 1686 1708 1685
f 1685 1708 1709
f 1685 1709 1690
f 1690 1709 1710
f 1690 1710 1737
f 1737 1710 1711
f 1737 1711 1676
f 1676 1711 1712
f 1676 1712 1677
f 1677 1712 1713
f 1677 1713 1699
f 1699 1713 1714
f 1699 1714 1701
f 1701 1714 1716
f 1701 1716 1703
f 1703 1716 1717
f 1703 1717 1705
f 1705 1717 1584
f 1705 1584 1651
f 1748 1749 1180
f 1750 1178 1749
f 1749 1178 1179
f 1749 1179 1180
f 1175 1174 1751
f 1751 1174 1173
f 1751 1173 1750
f 1750 1173 1172
f 1750 1172 1178
f 1175 1751 1176
f 1176 1751 1752
f 1176 1752 1177
f 1177 1752 1171
f 1171 1752 1753
f 1171 1753 1167
f 1754 1163 1753
f 1753 1163 1162
f 1753 1162 1167
f 1755 1165 1754
f 1754 1165 1164
f 1754 1164 1163
f 1095 1155 1756
f 1756 1155 1161
f 1756 1161 1755
f 1755 1161 1166
f 1755 1166 1165
f 1095 1756 1096
f 1096 1756 1757
f 1096 1757 1255
f 1255 1757 1254
f 1254 1757 1758
f 1254 1758 1250
f 1759 1246 1758
f 1758 1246 1245
f 1758 1245 1250
f 1760 1248 1759
f 1759 1248 1247
f 1759 1247 1246
f 1242 1243 1761
f 1761 1243 1244
f 1761 1244 1760
f 1760 1244 1249
f 1760 1249 1248
f 1242 1761 1241
f 1241 1761 1762
f 1241 1762 1236
f 1236 1762 1237
f 1237 1762 1763
f 1237 1763 1238
f 1764 1240 1763
f 1763 1240 1239
f 1763 1239 1238
f 1180 1181 1748
f 1748 1181 1183
f 1748 1183 1764
f 1764 1183 1235
f 1764 1235 1240
f 1765 1766 1419
f 1767 1417 1766
f 1766 1417 1418
f 1766 1418 1419
f 1414 1413 1768
f 1768 1413 1412
f 1768 1412 1767
f 1767 1412 1411
f 1767 1411 1417
f 1414 1768 1415
f 1415 1768 1769
f 1415 1769 1416
f 1416 1769 1410
f 1410 1769 1770
f 1410 1770 1406
f 1771 1402 1770
f 1770 1402 1401
f 1770 1401 1406
f 1772 1404 1771
f 1771 1404 1403
f 1771 1403 1402
f 1397 1396 1773
f 1773 1396 1400
f 1773 1400 1772
f 1772 1400 1405
f 1772 1405 1404
f 1397 1773 1344
f 1344 1773 1774
f 1344 1774 1345
f 1345 1774 1343
f 1343 1774 1775
f 1343 1775 1339
f 1776 1335 1775
f 1775 1335 1334
f 1775 1334 1339
f 1777 1337 1776
f 1776 1337 1336
f 1776 1336 1335
f 1331 1332 1778
f 1778 1332 1333
f 1778 1333 1777
f 1777 1333 1338
f 1777 1338 1337
f 1331 1778 1330
f 1330 1778 1779
f 1330 1779 1325
f 1325 1779 1326
f 1326 1779 1780
f 1326 1780 1327
f 1781 1329 1780
f 1780 1329 1328
f 1780 1328 1327
f 1419 1261 1765
f 1765 1261 1260
f 1765 1260 1781
f 1781 1260 1324
f 1781 1324 1329
f 1782 1783 1508
f 1784 1506 1783
f 1783 1506 1507
f 1783 1507 1508
f 1503 1502 1785
f 1785 1502 1501
f 1785 1501 1784
f 1784 1501 1500
f 1784 1500 1506
f 1503 1785 1504
f 1504 1785 1786
f 1504 1786 1505
f 1505 1786 1499
f 1499 1786 1787
f 1499 1787 1495
f 1788 1491 1787
f 1787 1491 1490
f 1787 1490 1495
f 1789 1493 1788
f 1788 1493 1492
f 1788 1492 1491
f 1423 1483 1790
f 1790 1483 1489
f 1790 1489 1789
f 1789 1489 1494
f 1789 1494 1493
f 1423 1790 1424
f 1424 1790 1791
f 1424 1791 1583
f 1583 1791 1582
f 1582 1791 1792
f 1582 1792 1578
f 1793 1574 1792
f 1792 1574 1573
f 1792 1573 1578
f 1794 1576 1793
f 1793 1576 1575
f 1793 1575 1574
f 1570 1571 1795
f 1795 1571 1572
f 1795 1572 1794
f 1794 1572 1577
f 1794 1577 1576
f 1570 1795 1569
f 1569 1795 1796
f 1569 1796 1564
f 1564 1796 1565
f 1565 1796 1797
f 1565 1797 1566
f 1798 1568 1797
f 1797 1568 1567
f 1797 1567 1566
f 1508 1509 1782
f 1782 1509 1511
f 1782 1511 1798
f 1798 1511 1563
f 1798 1563 1568
f 1799 1800 1747
f 1801 1745 1800
f 1800 1745 1746
f 1800 1746 1747
f 1742 1741 1802
f 1802 1741 1740
f 1802 1740 1801
f 1801 1740 1739
f 1801 1739 1745
f 1742 1802 1743
f 1743 1802 1803
f 1743 1803 1744
f 1744 1803 1738
f 1738 1803 1804
f 1738 1804 1734
f 1805 1730 1804
f 1804 1730 1729
f 1804 1729 1734
f 1806 1732 1805
f 1805 1732 1731
f 1805 1731 1730
f 1725 1724 1807
f 1807 1724 1728
f 1807 1728 1806
f 1806 1728 1733
f 1806 1733 1732
f 1725 1807 1672
f 1672 1807 1808
f 1672 1808 1673
f 1673 1808 1671
f 1671 1808 1809
f 1671 1809 1667
f 1810 1663 1809
f 1809 1663 1662
f 1809 1662 1667
f 1811 1665 1810
f 1810 1665 1664
f 1810 1664 1663
f 1659 1660 1812
f 1812 1660 1661
f 1812 1661 1811
f 1811 1661 1666
f 1811 1666 1665
f 1659 1812 1658
f 1658 1812 1813
f 1658 1813 1653
f 1653 1813 1654
f 1654 1813 1814
f 1654 1814 1655
f 1815 1657 1814
f 1814 1657 1656
f 1814 1656 1655
f 1747 1589 1799
f 1799 1589 1588
f 1799 1588 1815
f 1815 1588 1652
f 1815 1652 1657
f 1816 1817 1755
f 1755 1817 1818
f 1755 1818 1756
f 1756 1818 1819
f 1756 1819 1757
f 1757 1819 1820
f 1757 1820 1758
f 1758 1820 1821
f 1758 1821 1759
f 1759 1821 1822
f 1759 1822 1760
f 1760 1822 1823
f 1760 1823 1761
f 1761 1823 1824
f 1761 1824 1762
f 1762 1824 1825
f 1762 1825 1763
f 1763 1825 1826
f 1763 1826 1764
f 1764 1826 1827
f 1764 1827 1748
f 1748 1827 1828
f 1748 1828 1749
f 1749 1828 1829
f 1749 1829 1750
f 1750 1829 1830
f 1750 1830 1751
f 1751 1830 1831
f 1751 1831 1752
f 1752 1831 1832
f 1752 1832 1753
f 1753 1832 1833
f 1753 1833 1754
f 1754 1833 1816
f 1754 1816 1755
f 1834 1835 1772
f 1772 1835 1836
f 1772 1836 1773
f 1773 1836 1837
f 1773 1837 1774
f 1774 1837 1838
f 1774 1838 1775
f 1775 1838 1839
f 1775 1839 1776
f 1776 1839 1840
f 1776 1840 1777
f 1777 1840 1841
f 1777 1841 1778
f 1778 1841 1842
f 1778 1842 1779
f 1779 1842 1843
f 1779 1843 1780
f 1780 1843 1844
f 1780 1844 1781
f 1781 1844 1845
f 1781 1845 1765
f 1765 1845 1846
f 1765 1846 1766
f 1766 1846 1847
f 1766 1847 1767
f 1767 1847 1848
f 1767 1848 1768
f 1768 1848 1849
f 1768 1849 1769
f 1769 1849 1850
f 1769 1850 1770
f 1770 1850 1851
f 1770 1851 1771
f 1771 1851 1834
f 1771 1834 1772
f 1852 1853 1789
f 1789 1853 1854
f 1789 1854 1790
f 1790 1854 1855
f 1790 1855 1791
f 1791 1855 1856
f 1791 1856 1792
f 1792 1856 1857
f 1792 1857 1793
f 1793 1857 1858
f 1793 1858 1794
f 1794 1858 1859
f 1794 1859 1795
f 1795 1859 1860
f 1795 1860 1796
f 1796 1860 1861
f 1796 1861 1797
f 1797 1861 1862
f 1797 1862 1798
f 1798 1862 1863
f 1798 1863 1782
f 1782 1863 1864
f 1782 1864 1783
f 1783 1864 1865
f 1783 1865 1784
f 1784 1865 1866
f 1784 1866 1785
f 1785 1866 1867
f 1785 1867 1786
f 1786 1867 1868
f 1786 1868 1787
f 1787 1868 1869
f 1787 1869 1788
f 1788 1869 1852
f 1788 1852 1789
f 1870 1871 1806
f 1806 1871 1872
f 1806 1872 1807
f 1807 1872 1873
f 1807 1873 1808
f 1808 1873 1874
f 1808 1874 1809
f 1809 1874 1875
f 1809 1875 1810
f 1810 1875 1876
f 1810 1876 1811
f 1811 1876 1877
f 1811 1877 1812
f 1812 1877 1878
f 1812 1878 1813
f 1813 1878 1879
f 1813 1879 1814
f 1814 1879 1880
f 1814 1880 1815
f 1815 1880 1881
f 1815 1881 1799
f 1799 1881 1882
f 1799 1882 1800
f 1800 1882 1883
f 1800 1883 1801
f 1801 1883 1884
f 1801 1884 1802
f 1802 1884 1885
f 1802 1885 1803
f 1803 1885 1886
f 1803 1886 1804
f 1804 1886 1887
f 1804 1887 1805
f 1805 1887 1870
f 1805 1870 1806
f 1888 1820 1819
f 1888 1889 1820
f 1820 1889 1890
f 1820 1890 1821
f 1890 1891 1821
f 1821 1891 1892
f 1821 1892 1822
f 1892 1893 1822
f 1822 1893 1894
f 1822 1894 1823
f 1894 1895 1823
f 1823 1895 1896
f 1823 1896 1824
f 1896 1897 1824
f 1824 1897 1898
f 1824 1898 1825
f 1898 1899 1825
f 1825 1899 1900
f 1825 1900 1826
f 1900 1901 1826
f 1826 1901 1902
f 1826 1902 1827
f 1902 1903 1827
f 1827 1903 1904
f 1827 1904 1828
f 1904 1905 1828
f 1828 1905 1906
f 1828 1906 1829
f 1906 1907 1829
f 1829 1907 1908
f 1829 1908 1830
f 1908 1909 1830
f 1830 1909 1910
f 1830 1910 1831
f 1910 1911 1831
f 1831 1911 1912
f 1831 1912 1832
f 1912 1913 1832
f 1832 1913 1914
f 1832 1914 1833
f 1914 1915 1833
f 1833 1915 1916
f 1833 1916 1816
f 1916 1917 1816
f 1816 1917 1918
f 1816 1918 1817
f 1918 1919 1817
f 1817 1919 1920
f 1817 1920 1818
f 1920 1921 1818
f 1818 1921 1922
f 1818 1922 1819
f 1819 1922 1923
f 1819 1923 1888
f 1924 1838 1837
f 1924 1925 1838
f 1838 1925 1926
f 1838 1926 1839
f 1926 1927 1839
f 1839 1927 1928
f 1839 1928 1840
f 1928 1929 1840
f 1840 1929 1930
f 1840 1930 1841
f 1930 1931 1841
f 1841 1931 1932
f 1841 1932 1842
f 1932 1933 1842
f 1842 1933 1934
f 1842 1934 1843
f 1934 1935 1843
f 1843 1935 1936
f 1843 1936 1844
f 1936 1937 1844
f 1844 1937 1938
f 1844 1938 1845
f 1938 1939 1845
f 1845 1939 1940
f 1845 1940 1846
f 1940 1941 1846
f 1846 1941 1942
f 1846 1942 1847
f 1942 1943 1847
f 1847 1943 1944
f 1847 1944 1848
f 1944 1945 1848
f 1848 1945 1946
f 1848 1946 1849
f 1946 1947 1849
f 1849 1947 1948
f 1849 1948 1850
f 1948 1949 1850
f 1850 1949 1950
f 1850 1950 1851
f 1950 1951 1851
f 1851 1951 1952
f 1851 1952 1834
f 1952 1953 1834
f 1834 1953 1954
f 1834 1954 1835
f 1954 1955 1835
f 1835 1955 1956
f 1835 1956 1836
f 1956 1957 1836
f 1836 1957 1958
f 1836 1958 1837
f 1837 1958 1959
f 1837 1959 1924
f 1960 1856 1855
f 1960 1961 1856
f 1856 1961 1962
f 1856 1962 1857
f 1962 1963 1857
f 1857 1963 1964
f 1857 1964 1858
f 1964 1965 1858
f 1858 1965 1966
f 1858 1966 1859
f 1966 1967 1859
f 1859 1967 1968
f 1859 1968 1860
f 1968 1969 1860
f 1860 1969 1970
f 1860 1970 1861
f 1970 1971 1861
f 1861 1971 1972
f 1861 1972 1862
f 1972 1973 1862
f 1862 1973 1974
f 1862 1974 1863
f 1974 1975 1863
f 1863 1975 1976
f 1863 1976 1864
f 1976 1977 1864
f 1864 1977 1978
f 1864 1978 1865
f 1978 1979 1865
f 1865 1979 1980
f 1865 1980 1866
f 1980 1981 1866
f 1866 1981 1982
f 1866 1982 1867
f 1982 1983 1867
f 1867 1983 1984
f 1867 1984 1868
f 1984 1985 1868
f 1868 1985 1986
f 1868 1986 1869
f 1986 1987 1869
f 1869 1987 1988
f 1869 1988 1852
f 1988 1989 1852
f 1852 1989 1990
f 1852 1990 1853
f 1990 1991 1853
f 1853 1991 1992
f 1853 1992 1854
f 1992 1993 1854
f 1854 1993 1994
f 1854 1994 1855
f 1855 1994 1995
f 1855 1995 1960
f 1996 1874 1873
f 1996 1997 1874
f 1874 1997 1998
f 1874 1998 1875
f 1998 1999 1875
f 1875 1999 2000
f 1875 2000 1876
f 2000 2001 1876
f 1876 2001 2002
f 1876 2002 1877
f 2002 2003 1877
f 1877 2003 2004
f 1877 2004 1878
f 2004 2005 1878
f 1878 2005 2006
f 1878 2006 1879
f 2006 2007 1879
f 1879 2007 2008
f 1879 2008 1880
f 2008 2009 1880
f 1880 2009 2010
f 1880 2010 1881
f 2010 2011 1881
f 1881 2011 2012
f 1881 2012 1882
f 2012 2013 1882
f 1882 2013 2014
f 1882 2014 1883
f 2014 2015 1883
f 1883 2015 2016
f 1883 2016 1884
f 2016 2017 1884
f 1884 2017 2018
f 1884 2018 1885
f 2018 2019 1885
f 1885 2019 2020
f 1885 2020 1886
f 2020 2021 1886
f 1886 2021 2022
f 1886 2022 1887
f 2022 2023 1887
f 1887 2023 2024
f 1887 2024 1870
f 2024 2025 1870
f 1870 2025 2026
f 1870 2026 1871
f 2026 2027 1871
f 1871 2027 2028
f 1871 2028 1872
f 2028 2029 1872
f 1872 2029 2030
f 1872 2030 1873
f 1873 2030 2031
f 1873 2031 1996
f 2032 2033 1921
f 1921 1920 2032
f 2032 1920 1919
f 2032 1919 2034
f 1919 1918 2034
f 2034 1918 1917
f 2034 1917 2035
f 1917 1916 2035
f 2035 1916 1915
f 2035 1915 2036
f 1915 1914 2036
f 2036 1914 1913
f 2036 1913 2037
f 1913 1912 2037
f 2037 1912 1911
f 2037 1911 2038
f 1911 1910 2038
f 2038 1910 1909
f 2038 1909 2039
f 1909 1908 2039
f 2039 1908 1907
f 2039 1907 2040
f 2040 1907 1906
f 2040 1906 2041
f 1906 1905 2041
f 2041 1905 1904
f 2041 1904 2042
f 1904 1903 2042
f 2042 1903 1902
f 2042 1902 2043
f 1902 1901 2043
f 2043 1901 1900
f 2043 1900 2044
f 1900 1899 2044
f 2044 1899 1898
f 2044 1898 2045
f 1898 1897 2045
f 2045 1897 1896
f 2045 1896 2046
f 1896 1895 2046
f 2046 1895 1894
f 2046 1894 2047
f 1894 1893 2047
f 2047 1893 1892
f 2047 1892 2048
f 1892 1891 2048
f 2048 1891 1890
f 2048 1890 2049
f 1890 1889 2049
f 2049 1889 1888
f 2049 1888 2050
f 2050 1888 1923
f 2050 1923 2033
f 2033 1923 1922
f 2033 1922 1921
f 2051 2052 1957
f 1957 1956 2051
f 2051 1956 1955
f 2051 1955 2053
f 1955 1954 2053
f 2053 1954 1953
f 2053 1953 2054
f 1953 1952 2054
f 2054 1952 1951
f 2054 1951 2055
f 1951 1950 2055
f 2055 1950 1949
f 2055 1949 2056
f 1949 1948 2056
f 2056 1948 1947
f 2056 1947 2057
f 1947 1946 2057
f 2057 1946 1945
f 2057 1945 2058
f 1945 1944 2058
f 2058 1944 1943
f 2058 1943 2059
f 2059 1943 1942
f 2059 1942 2060
f 1942 1941 2060
f 2060 1941 1940
f 2060 1940 2061
f 1940 1939 2061
f 2061 1939 1938
f 2061 1938 2062
f 1938 1937 2062
f 2062 1937 1936
f 2062 1936 2063
f 1936 1935 2063
f 2063 1935 1934
f 2063 1934 2064
f 1934 1933 2064
f 2064 1933 1932
f 2064 1932 2065
f 1932 1931 2065
f 2065 1931 1930
f 2065 1930 2066
f 1930 1929 2066
f 2066 1929 1928
f 2066 1928 2067
f 1928 1927 2067
f 2067 1927 1926
f 2067 1926 2068
f 1926 1925 2068
f 2068 1925 1924
f 2068 1924 2069
f 2069 1924 1959
f 2069 1959 2052
f 2052 1959 1958
f 2052 1958 1957
f 2070 2071 1993
f 1993 1992 2070
f 2070 1992 1991
f 2070 1991 2072
f 1991 1990 2072
f 2072 1990 1989
f 2072 1989 2073
f 1989 1988 2073
f 2073 1988 1987
f 2073 1987 2074
f 1987 1986 2074
f 2074 1986 1985
f 2074 1985 2075
f 1985 1984 2075
f 2075 1984 1983
f 2075 1983 2076
f 1983 1982 2076
f 2076 1982 1981
f 2076 1981 2077
f 1981 1980 2077
f 2077 1980 1979
f 2077 1979 2078
f 2078 1979 1978
f 2078 1978 2079
f 1978 1977 2079
f 2079 1977 1976
f 2079 1976 2080
f 1976 1975 2080
f 2080 1975 1974
f 2080 1974 2081
f 1974 1973 2081
f 2081 1973 1972
f 2081 1972 2082
f 1972 1971 2082
f 2082 1971 1970
f 2082 1970 2083
f 1970 1969 2083
f 2083 1969 1968
f 2083 1968 2084
f 2084 1968 1967
f 1967 1966 2084
f 2084 1966 1965
f 2084 1965 2085
f 1965 1964 2085
f 2085 1964 1963
f 2085 1963 2086
f 1963 1962 2086
f 2086 1962 1961
f 2086 1961 2087
f 2087 1961 1960
f 2087 1960 2088
f 2088 1960 1995
f 2088 1995 2071
f 2071 1995 1994
f 2071 1994 1993
f 2089 2090 2029
f 2029 2028 2089
f 2089 2028 2027
f 2089 2027 2091
f 2027 2026 2091
f 2091 2026 2025
f 2091 2025 2092
f 2025 2024 2092
f 2092 2024 2023
f 2092 2023 2093
f 2023 2022 2093
f 2093 2022 2021
f 2093 2021 2094
f 2021 2020 2094
f 2094 2020 2019
f 2094 2019 2095
f 2019 2018 2095
f 2095 2018 2017
f 2095 2017 2096
f 2017 2016 2096
f 2096 2016 2015
f 2096 2015 2097
f 2097 2015 2014
f 2097 2014 2098
f 2014 2013 2098
f 2098 2013 2012
f 2098 2012 2099
f 2012 2011 2099
f 2099 2011 2010
f 2099 2010 2100
f 2010 2009 2100
f 2100 2009 2008
f 2100 2008 2101
f 2008 2007 2101
f 2101 2007 2006
f 2101 2006 2102
f 2006 2005 2102
f 2102 2005 2004
f 2102 2004 2103
f 2103 2004 2003
f 2003 2002 2103
f 2103 2002 2001
f 2103 2001 2104
f 2001 2000 2104
f 2104 2000 1999
f 2104 1999 2105
f 1999 1998 2105
f 2105 1998 1997
f 2105 1997 2106
f 2106 1997 1996
f 2106 1996 2107
f 2107 1996 2031
f 2107 2031 2090
f 2090 2031 2030
f 2090 2030 2029
f 2108 2109 2110
f 2110 2109 2111
f 2111 2112 2110
f 2110 2112 2113
f 2110 2113 2114
f 2114 2115 2110
f 2110 2115 2116
f 2110 2116 2117
f 2118 2110 2119
f 2119 2110 2120
f 2118 2121 2110
f 2110 2121 2122
f 2110 2122 2123
f 2123 2124 2110
f 2110 2124 2125
f 2110 2125 2126
f 2126 2125 2127
f 2120 2110 2128
f 2128 2110 2117
f 2128 2117 2129
f 2130 2131 2128
f 2128 2129 2130
f 2130 2129 2117
f 2130 2117 2116
f 2132 2133 2109
f 2109 2133 2134
f 2109 2134 2111
f 2111 2134 2135
f 2111 2135 2112
f 2112 2135 2136
f 2112 2136 2113
f 2113 2136 2137
f 2113 2137 2114
f 2114 2137 2138
f 2114 2138 2115
f 2115 2138 2139
f 2115 2139 2116
f 2116 2139 2140
f 2116 2140 2130
f 2141 2142 2143
f 2143 2142 2144
f 2143 2144 2145
f 2145 2144 2146
f 2145 2146 2147
f 2147 2146 2148
f 2147 2148 2149
f 2149 2148 2150
f 2149 2150 2151
f 2151 2150 2152
f 2151 2152 2153
f 2153 2152 2154
f 2153 2154 2155
f 2155 2154 2156
f 2157 2158 2159
f 2159 2158 2160
f 2159 2160 2156
f 2156 2160 2155
f 2161 2162 2163
f 2163 2162 2164
f 2164 2165 2163
f 2163 2165 2166
f 2163 2166 2167
f 2167 2168 2163
f 2163 2168 2169
f 2163 2169 2170
f 2156 2154 2152
f 2156 2163 2159
f 2159 2163 2157
f 2152 2150 2156
f 2156 2150 2148
f 2156 2148 2146
f 2146 2144 2156
f 2156 2144 2142
f 2156 2142 2163
f 2157 2163 2171
f 2171 2163 2170
f 2171 2170 2172
f 2173 2171 2174
f 2174 2171 2172
f 2174 2172 2175
f 2175 2172 2170
f 2175 2170 2169
f 2175 2169 2176
f 2176 2169 2168
f 2177 2178 2162
f 2162 2178 2179
f 2162 2179 2164
f 2164 2179 2180
f 2164 2180 2165
f 2165 2180 2166
f 2166 2180 2181
f 2166 2181 2167
f 2167 2181 2182
f 2167 2182 2168
f 2168 2182 2183
f 2168 2183 2176
f 2121 2184 2122
f 2122 2184 2185
f 2122 2185 2123
f 2123 2185 2186
f 2123 2186 2124
f 2124 2186 2187
f 2124 2187 2125
f 2125 2187 2188
f 2125 2188 2127
f 2127 2188 2189
f 2127 2189 2126
f 2126 2189 2190
f 2120 2191 2119
f 2119 2191 2192
f 2119 2192 2118
f 2118 2192 2193
f 2118 2193 2121
f 2121 2193 2184
f 2041 2042 2194
f 2194 2042 2043
f 2047 2048 2110
f 2110 2048 2049
f 2110 2049 2050
f 2053 2108 2051
f 2051 2108 2052
f 2057 2058 2195
f 2195 2058 2059
f 2195 2059 2060
f 2041 2194 2040
f 2040 2194 2195
f 2040 2195 2039
f 2039 2195 2060
f 2039 2060 2061
f 2053 2054 2108
f 2108 2054 2055
f 2108 2055 2195
f 2195 2055 2056
f 2195 2056 2057
f 2063 2036 2037
f 2061 2062 2039
f 2039 2062 2063
f 2039 2063 2038
f 2038 2063 2037
f 2043 2044 2194
f 2194 2044 2045
f 2194 2045 2110
f 2110 2045 2046
f 2110 2046 2047
f 2052 2108 2069
f 2069 2108 2110
f 2069 2110 2068
f 2068 2110 2050
f 2068 2050 2067
f 2067 2050 2033
f 2067 2033 2066
f 2066 2033 2032
f 2066 2032 2034
f 2036 2063 2035
f 2035 2063 2064
f 2035 2064 2034
f 2034 2064 2065
f 2034 2065 2066
f 2195 2194 2196
f 2196 2194 2197
f 2198 2199 2200
f 2200 2199 2201
f 2200 2201 2202
f 2202 2201 2203
f 2202 2203 2204
f 2204 2203 2205
f 2204 2205 2197
f 2197 2205 2196
f 2199 2198 2206
f 2206 2198 2207
f 2086 2207 2090
f 2090 2207 2107
f 2092 2085 2091
f 2091 2085 2086
f 2091 2086 2089
f 2089 2086 2090
f 2104 2105 2207
f 2207 2105 2106
f 2207 2106 2107
f 2094 2095 2082
f 2082 2095 2096
f 2082 2096 2097
f 2094 2082 2093
f 2093 2082 2083
f 2093 2083 2092
f 2092 2083 2084
f 2092 2084 2085
f 2070 2072 2206
f 2206 2072 2073
f 2206 2073 2163
f 2163 2073 2074
f 2100 2101 2161
f 2161 2101 2102
f 2161 2102 2207
f 2207 2102 2103
f 2207 2103 2104
f 2086 2087 2207
f 2207 2087 2088
f 2207 2088 2206
f 2206 2088 2071
f 2206 2071 2070
f 2074 2075 2163
f 2163 2075 2076
f 2163 2076 2077
f 2097 2098 2161
f 2161 2098 2099
f 2161 2099 2100
f 2077 2078 2163
f 2163 2078 2079
f 2163 2079 2161
f 2161 2079 2080
f 2161 2080 2097
f 2097 2080 2081
f 2097 2081 2082
f 2128 2131 2120
f 2120 2131 2191
f 2136 2135 2208
f 2133 2132 2209
f 2208 2135 2209
f 2209 2135 2134
f 2209 2134 2133
f 2140 2139 2210
f 2210 2139 2138
f 2210 2138 2208
f 2208 2138 2137
f 2208 2137 2136
f 2140 2210 2130
f 2130 2210 2211
f 2130 2211 2212
f 2130 2212 2131
f 2213 2163 2141
f 2141 2163 2142
f 2214 2206 2213
f 2213 2206 2163
f 2215 2199 2214
f 2214 2199 2206
f 2199 2215 2201
f 2201 2215 2216
f 2201 2216 2203
f 2203 2216 2217
f 2203 2217 2205
f 2205 2217 2218
f 2205 2218 2196
f 2196 2218 2219
f 2220 2195 2219
f 2219 2195 2196
f 2221 2108 2220
f 2220 2108 2195
f 2132 2109 2221
f 2221 2109 2108
f 2158 2222 2160
f 2160 2222 2223
f 2160 2223 2155
f 2149 2151 2224
f 2224 2151 2153
f 2224 2153 2223
f 2223 2153 2155
f 2149 2224 2147
f 2147 2224 2225
f 2147 2225 2145
f 2145 2225 2143
f 2143 2225 2226
f 2143 2226 2141
f 2158 2157 2173
f 2173 2157 2171
f 2178 2177 2227
f 2181 2228 2182
f 2182 2228 2229
f 2182 2229 2183
f 2181 2180 2228
f 2228 2180 2227
f 2227 2180 2179
f 2227 2179 2178
f 2230 2173 2231
f 2231 2173 2174
f 2174 2175 2231
f 2231 2175 2229
f 2229 2175 2176
f 2229 2176 2183
f 2191 2232 2192
f 2192 2232 2233
f 2192 2233 2193
f 2186 2185 2234
f 2234 2185 2184
f 2234 2184 2233
f 2233 2184 2193
f 2186 2234 2187
f 2187 2234 2235
f 2187 2235 2188
f 2188 2235 2189
f 2189 2235 2236
f 2189 2236 2190
f 2126 2190 2110
f 2110 2190 2237
f 2110 2237 2194
f 2194 2237 2238
f 2194 2238 2197
f 2197 2238 2239
f 2197 2239 2204
f 2204 2239 2240
f 2204 2240 2202
f 2202 2240 2241
f 2202 2241 2200
f 2200 2241 2242
f 2200 2242 2198
f 2198 2242 2243
f 2198 2243 2207
f 2207 2243 2244
f 2207 2244 2161
f 2161 2244 2245
f 2177 2162 2245
f 2245 2162 2161
f 2232 2191 2212
f 2212 2191 2131
f 2219 2218 2209
f 2209 2218 2217
f 2209 2217 2226
f 2226 2217 2216
f 2213 2141 2214
f 2214 2141 2226
f 2214 2226 2215
f 2215 2226 2216
f 2132 2221 2209
f 2209 2221 2220
f 2209 2220 2219
f 2222 2158 2230
f 2230 2158 2173
f 2240 2236 2241
f 2241 2236 2227
f 2241 2227 2242
f 2242 2227 2243
f 2177 2245 2227
f 2227 2245 2244
f 2227 2244 2243
f 2237 2190 2238
f 2238 2190 2236
f 2238 2236 2239
f 2239 2236 2240
f 2234 2233 2232
f 2236 2209 2227
f 2227 2209 2226
f 2234 2232 2235
f 2212 2211 2210
f 2226 2225 2224
f 2210 2208 2212
f 2212 2208 2209
f 2212 2209 2232
f 2232 2209 2236
f 2232 2236 2235
f 2230 2231 2229
f 2224 2223 2226
f 2226 2223 2222
f 2226 2222 2227
f 2227 2222 2230
f 2227 2230 2228
f 2228 2230 2229
f 2246 2247 2248
f 2248 2247 2249
f 2248 2249 2250
f 2250 2249 2251
f 2252 2253 2249
f 2249 2253 2251
f 2254 2252 2247
f 2247 2252 2249
f 2255 2254 2246
f 2246 2254 2247
f 2256 2255 2248
f 2248 2255 2246
f 2257 2256 2250
f 2250 2256 2248
f 2253 2257 2251
f 2251 2257 2250
f 2258 2259 2256
f 2260 2261 2257
f 2262 2263 2255
f 2264 2265 2254
f 2254 2265 2266
f 2267 2268 2256
f 2256 2268 2269
f 2256 2269 2258
f 2260 2257 2270
f 2252 2271 2272
f 2263 2273 2255
f 2255 2273 2274
f 2255 2274 2275
f 2276 2277 2254
f 2254 2277 2278
f 2254 2278 2264
f 2253 2279 2280
f 2275 2281 2255
f 2255 2281 2282
f 2255 2282 2254
f 2254 2282 2283
f 2254 2283 2276
f 2284 2285 2255
f 2255 2285 2286
f 2255 2286 2262
f 2267 2256 2287
f 2287 2256 2257
f 2287 2257 2288
f 2280 2289 2253
f 2253 2289 2290
f 2253 2290 2257
f 2257 2290 2291
f 2257 2291 2270
f 2266 2292 2254
f 2254 2292 2293
f 2254 2293 2252
f 2252 2293 2294
f 2252 2294 2295
f 2272 2296 2252
f 2252 2296 2297
f 2252 2297 2253
f 2253 2297 2298
f 2295 2299 2252
f 2252 2299 2300
f 2252 2300 2271
f 2284 2255 2301
f 2301 2255 2256
f 2301 2256 2302
f 2261 2303 2257
f 2257 2303 2304
f 2257 2304 2288
f 2298 2305 2253
f 2253 2305 2306
f 2253 2306 2307
f 2259 2308 2256
f 2256 2308 2309
f 2256 2309 2302
f 2307 2310 2253
f 2253 2310 2311
f 2253 2311 2279
f 2312 2313 2314
f 2312 2314 2315
f 2316 2317 2314
f 2314 2317 2318
f 2314 2318 2315
f 2319 2320 2314
f 2314 2320 2321
f 2314 2321 2316
f 2322 2323 2314
f 2314 2323 2324
f 2314 2324 2319
f 2325 2326 2314
f 2314 2326 2327
f 2314 2327 2322
f 2328 2329 2314
f 2314 2329 2330
f 2314 2330 2325
f 2331 2332 2314
f 2314 2332 2333
f 2314 2333 2328
f 2334 2335 2314
f 2314 2335 2336
f 2314 2336 2331
f 2337 2338 2314
f 2314 2338 2339
f 2314 2339 2334
f 2340 2341 2314
f 2314 2341 2342
f 2314 2342 2337
f 2343 2344 2314
f 2314 2344 2345
f 2314 2345 2340
f 2346 2347 2314
f 2314 2347 2348
f 2314 2348 2343
f 2313 2349 2314
f 2314 2349 2350
f 2314 2350 2346
f 2351 2352 2353
f 2354 2355 2356
f 2357 2358 2359
f 2360 2361 2362
f 2363 2364 2365
f 2366 2367 2368
f 2369 2370 2371
f 2372 2373 2374
f 2374 2373 2375
f 2371 2376 2369
f 2369 2376 2377
f 2369 2377 2378
f 2378 2377 2379
f 2378 2379 2372
f 2372 2379 2380
f 2372 2380 2373
f 2368 2381 2366
f 2366 2381 2382
f 2366 2382 2383
f 2383 2382 2384
f 2383 2384 2370
f 2370 2384 2385
f 2370 2385 2371
f 2386 2387 2388
f 2388 2387 2389
f 2388 2389 2367
f 2367 2389 2390
f 2367 2390 2368
f 2365 2391 2363
f 2363 2391 2392
f 2363 2392 2386
f 2386 2392 2393
f 2386 2393 2387
f 2362 2394 2360
f 2360 2394 2395
f 2360 2395 2396
f 2396 2395 2397
f 2396 2397 2364
f 2364 2397 2398
f 2364 2398 2365
f 2399 2400 2401
f 2401 2400 2402
f 2401 2402 2361
f 2361 2402 2403
f 2361 2403 2362
f 2404 2405 2406
f 2406 2407 2404
f 2404 2407 2408
f 2404 2408 2399
f 2399 2408 2409
f 2399 2409 2400
f 2359 2410 2357
f 2357 2410 2411
f 2357 2411 2412
f 2412 2411 2413
f 2412 2413 2405
f 2405 2413 2414
f 2405 2414 2406
f 2356 2415 2354
f 2354 2415 2416
f 2354 2416 2417
f 2417 2416 2418
f 2417 2418 2358
f 2358 2418 2419
f 2358 2419 2359
f 2353 2420 2351
f 2351 2420 2421
f 2351 2421 2422
f 2422 2421 2423
f 2422 2423 2355
f 2355 2423 2424
f 2355 2424 2356
f 2425 2352 2426
f 2426 2352 2351
f 2426 2351 2427
f 2427 2351 2422
f 2427 2422 2428
f 2428 2422 2355
f 2428 2355 2429
f 2429 2355 2354
f 2429 2354 2430
f 2430 2354 2417
f 2430 2417 2431
f 2431 2417 2358
f 2431 2358 2432
f 2432 2358 2357
f 2432 2357 2433
f 2433 2357 2412
f 2433 2412 2434
f 2434 2412 2405
f 2434 2405 2435
f 2435 2405 2404
f 2435 2404 2436
f 2436 2404 2399
f 2436 2399 2437
f 2437 2399 2401
f 2437 2401 2438
f 2438 2401 2361
f 2438 2361 2439
f 2439 2361 2360
f 2439 2360 2440
f 2440 2360 2396
f 2440 2396 2441
f 2441 2396 2364
f 2441 2364 2442
f 2442 2364 2363
f 2442 2363 2443
f 2443 2363 2386
f 2443 2386 2444
f 2444 2386 2388
f 2444 2388 2445
f 2445 2388 2367
f 2445 2367 2446
f 2446 2367 2366
f 2446 2366 2447
f 2447 2366 2383
f 2447 2383 2448
f 2448 2383 2370
f 2448 2370 2449
f 2449 2370 2369
f 2449 2369 2450
f 2450 2369 2378
f 2450 2378 2451
f 2451 2378 2372
f 2451 2372 2452
f 2452 2372 2374
f 2453 2425 2454
f 2454 2425 2426
f 2454 2426 2455
f 2455 2426 2427
f 2455 2427 2456
f 2456 2427 2428
f 2456 2428 2457
f 2457 2428 2429
f 2457 2429 2458
f 2458 2429 2430
f 2458 2430 2459
f 2459 2430 2431
f 2459 2431 2460
f 2460 2431 2432
f 2460 2432 2461
f 2461 2432 2433
f 2461 2433 2462
f 2462 2433 2434
f 2462 2434 2463
f 2463 2434 2435
f 2463 2435 2464
f 2464 2435 2436
f 2464 2436 2465
f 2465 2436 2437
f 2465 2437 2466
f 2466 2437 2438
f 2466 2438 2467
f 2467 2438 2439
f 2467 2439 2468
f 2468 2439 2440
f 2468 2440 2469
f 2469 2440 2441
f 2469 2441 2470
f 2470 2441 2442
f 2470 2442 2471
f 2471 2442 2443
f 2471 2443 2472
f 2472 2443 2444
f 2472 2444 2473
f 2473 2444 2445
f 2473 2445 2474
f 2474 2445 2446
f 2474 2446 2475
f 2475 2446 2447
f 2475 2447 2476
f 2476 2447 2448
f 2476 2448 2477
f 2477 2448 2449
f 2477 2449 2478
f 2478 2449 2450
f 2478 2450 2479
f 2479 2450 2451
f 2479 2451 2480
f 2480 2451 2452
f 2481 2453 2482
f 2482 2453 2454
f 2482 2454 2483
f 2483 2454 2455
f 2483 2455 2484
f 2484 2455 2456
f 2484 2456 2485
f 2485 2456 2457
f 2485 2457 2486
f 2486 2457 2458
f 2486 2458 2487
f 2487 2458 2459
f 2487 2459 2488
f 2488 2459 2460
f 2488 2460 2489
f 2489 2460 2461
f 2489 2461 2490
f 2490 2461 2462
f 2490 2462 2491
f 2491 2462 2463
f 2491 2463 2492
f 2492 2463 2464
f 2492 2464 2493
f 2493 2464 2465
f 2493 2465 2494
f 2494 2465 2466
f 2494 2466 2495
f 2495 2466 2467
f 2495 2467 2496
f 2496 2467 2468
f 2496 2468 2497
f 2497 2468 2469
f 2497 2469 2498
f 2498 2469 2470
f 2498 2470 2499
f 2499 2470 2471
f 2499 2471 2500
f 2500 2471 2472
f 2500 2472 2501
f 2501 2472 2473
f 2501 2473 2502
f 2502 2473 2474
f 2502 2474 2503
f 2503 2474 2475
f 2503 2475 2504
f 2504 2475 2476
f 2504 2476 2505
f 2505 2476 2477
f 2505 2477 2506
f 2506 2477 2478
f 2506 2478 2507
f 2507 2478 2479
f 2507 2479 2508
f 2508 2479 2480
f 2290 2481 2291
f 2291 2481 2482
f 2291 2482 2270
f 2270 2482 2483
f 2270 2483 2260
f 2260 2483 2484
f 2260 2484 2261
f 2261 2484 2485
f 2261 2485 2303
f 2303 2485 2486
f 2303 2486 2304
f 2304 2486 2487
f 2304 2487 2288
f 2288 2487 2488
f 2288 2488 2287
f 2287 2488 2489
f 2287 2489 2267
f 2267 2489 2490
f 2267 2490 2268
f 2268 2490 2491
f 2268 2491 2269
f 2269 2491 2492
f 2269 2492 2258
f 2258 2492 2493
f 2258 2493 2259
f 2259 2493 2494
f 2259 2494 2308
f 2308 2494 2495
f 2308 2495 2309
f 2309 2495 2496
f 2309 2496 2302
f 2302 2496 2497
f 2302 2497 2301
f 2301 2497 2498
f 2301 2498 2284
f 2284 2498 2499
f 2284 2499 2285
f 2285 2499 2500
f 2285 2500 2286
f 2286 2500 2501
f 2286 2501 2262
f 2262 2501 2502
f 2262 2502 2263
f 2263 2502 2503
f 2263 2503 2273
f 2273 2503 2504
f 2273 2504 2274
f 2274 2504 2505
f 2274 2505 2275
f 2275 2505 2506
f 2275 2506 2281
f 2281 2506 2507
f 2281 2507 2282
f 2282 2507 2508
f 2509 2374 2375
f 2510 2511 2512
f 2513 2514 2515
f 2516 2517 2518
f 2518 2517 2519
f 2520 2521 2522
f 2523 2524 2525
f 2526 2527 2352
f 2352 2527 2353
f 2525 2528 2523
f 2523 2528 2529
f 2523 2529 2530
f 2530 2529 2531
f 2530 2531 2526
f 2526 2531 2532
f 2526 2532 2527
f 2533 2534 2535
f 2535 2534 2536
f 2535 2536 2524
f 2524 2536 2537
f 2524 2537 2525
f 2538 2539 2540
f 2540 2539 2541
f 2540 2541 2533
f 2533 2541 2542
f 2533 2542 2534
f 2543 2544 2538
f 2538 2544 2545
f 2538 2545 2539
f 2522 2546 2520
f 2520 2546 2547
f 2520 2547 2543
f 2543 2547 2548
f 2543 2548 2544
f 2517 2549 2519
f 2519 2549 2550
f 2519 2550 2551
f 2551 2550 2552
f 2551 2552 2521
f 2521 2552 2553
f 2521 2553 2522
f 2516 2518 2554
f 2554 2518 2555
f 2554 2555 2556
f 2556 2555 2557
f 2556 2557 2558
f 2558 2557 2559
f 2559 2557 2560
f 2559 2560 2561
f 2561 2560 2562
f 2561 2562 2563
f 2515 2564 2513
f 2513 2564 2565
f 2513 2565 2566
f 2566 2565 2567
f 2566 2567 2562
f 2562 2567 2568
f 2562 2568 2563
f 2512 2569 2510
f 2510 2569 2570
f 2510 2570 2571
f 2571 2570 2572
f 2571 2572 2514
f 2514 2572 2573
f 2514 2573 2515
f 2375 2574 2509
f 2509 2574 2575
f 2509 2575 2576
f 2576 2575 2577
f 2576 2577 2511
f 2511 2577 2578
f 2511 2578 2512
f 2452 2374 2579
f 2579 2374 2509
f 2579 2509 2580
f 2580 2509 2576
f 2580 2576 2581
f 2581 2576 2511
f 2581 2511 2582
f 2582 2511 2510
f 2582 2510 2583
f 2583 2510 2571
f 2583 2571 2584
f 2584 2571 2514
f 2584 2514 2585
f 2585 2514 2513
f 2585 2513 2586
f 2586 2513 2566
f 2586 2566 2587
f 2587 2566 2562
f 2587 2562 2588
f 2588 2562 2560
f 2588 2560 2589
f 2589 2560 2557
f 2589 2557 2590
f 2590 2557 2555
f 2590 2555 2591
f 2591 2555 2518
f 2591 2518 2592
f 2592 2518 2519
f 2592 2519 2593
f 2593 2519 2551
f 2593 2551 2594
f 2594 2551 2521
f 2594 2521 2595
f 2595 2521 2520
f 2595 2520 2596
f 2596 2520 2543
f 2596 2543 2597
f 2597 2543 2538
f 2597 2538 2598
f 2598 2538 2540
f 2598 2540 2599
f 2599 2540 2533
f 2599 2533 2600
f 2600 2533 2535
f 2600 2535 2601
f 2601 2535 2524
f 2601 2524 2602
f 2602 2524 2523
f 2602 2523 2603
f 2603 2523 2530
f 2603 2530 2604
f 2604 2530 2526
f 2604 2526 2425
f 2425 2526 2352
f 2480 2452 2605
f 2605 2452 2579
f 2605 2579 2606
f 2606 2579 2580
f 2606 2580 2607
f 2607 2580 2581
f 2607 2581 2608
f 2608 2581 2582
f 2608 2582 2609
f 2609 2582 2583
f 2609 2583 2610
f 2610 2583 2584
f 2610 2584 2611
f 2611 2584 2585
f 2611 2585 2612
f 2612 2585 2586
f 2612 2586 2613
f 2613 2586 2587
f 2613 2587 2614
f 2614 2587 2588
f 2614 2588 2615
f 2615 2588 2589
f 2615 2589 2616
f 2616 2589 2590
f 2616 2590 2617
f 2617 2590 2591
f 2617 2591 2618
f 2618 2591 2592
f 2618 2592 2619
f 2619 2592 2593
f 2619 2593 2620
f 2620 2593 2594
f 2620 2594 2621
f 2621 2594 2595
f 2621 2595 2622
f 2622 2595 2596
f 2622 2596 2623
f 2623 2596 2597
f 2623 2597 2624
f 2624 2597 2598
f 2624 2598 2625
f 2625 2598 2599
f 2625 2599 2626
f 2626 2599 2600
f 2626 2600 2627
f 2627 2600 2601
f 2627 2601 2628
f 2628 2601 2602
f 2628 2602 2629
f 2629 2602 2603
f 2629 2603 2630
f 2630 2603 2604
f 2630 2604 2453
f 2453 2604 2425
f 2508 2480 2631
f 2631 2480 2605
f 2631 2605 2632
f 2632 2605 2606
f 2632 2606 2633
f 2633 2606 2607
f 2633 2607 2634
f 2634 2607 2608
f 2634 2608 2635
f 2635 2608 2609
f 2635 2609 2636
f 2636 2609 2610
f 2636 2610 2637
f 2637 2610 2611
f 2637 2611 2638
f 2638 2611 2612
f 2638 2612 2639
f 2639 2612 2613
f 2639 2613 2640
f 2640 2613 2614
f 2640 2614 2641
f 2641 2614 2615
f 2641 2615 2642
f 2642 2615 2616
f 2642 2616 2643
f 2643 2616 2617
f 2643 2617 2644
f 2644 2617 2618
f 2644 2618 2645
f 2645 2618 2619
f 2645 2619 2646
f 2646 2619 2620
f 2646 2620 2647
f 2647 2620 2621
f 2647 2621 2648
f 2648 2621 2622
f 2648 2622 2649
f 2649 2622 2623
f 2649 2623 2650
f 2650 2623 2624
f 2650 2624 2651
f 2651 2624 2625
f 2651 2625 2652
f 2652 2625 2626
f 2652 2626 2653
f 2653 2626 2627
f 2653 2627 2654
f 2654 2627 2628
f 2654 2628 2655
f 2655 2628 2629
f 2655 2629 2656
f 2656 2629 2630
f 2656 2630 2481
f 2481 2630 2453
f 2282 2508 2283
f 2283 2508 2631
f 2283 2631 2276
f 2276 2631 2632
f 2276 2632 2277
f 2277 2632 2633
f 2277 2633 2278
f 2278 2633 2634
f 2278 2634 2264
f 2264 2634 2635
f 2264 2635 2265
f 2265 2635 2636
f 2265 2636 2266
f 2266 2636 2637
f 2266 2637 2292
f 2292 2637 2638
f 2292 2638 2293
f 2293 2638 2639
f 2293 2639 2294
f 2294 2639 2640
f 2294 2640 2295
f 2295 2640 2641
f 2295 2641 2299
f 2299 2641 2642
f 2299 2642 2300
f 2300 2642 2643
f 2300 2643 2271
f 2271 2643 2644
f 2271 2644 2272
f 2272 2644 2645
f 2272 2645 2296
f 2296 2645 2646
f 2296 2646 2297
f 2297 2646 2647
f 2297 2647 2298
f 2298 2647 2648
f 2298 2648 2305
f 2305 2648 2649
f 2305 2649 2306
f 2306 2649 2650
f 2306 2650 2307
f 2307 2650 2651
f 2307 2651 2310
f 2310 2651 2652
f 2310 2652 2311
f 2311 2652 2653
f 2311 2653 2279
f 2279 2653 2654
f 2279 2654 2280
f 2280 2654 2655
f 2280 2655 2289
f 2289 2655 2656
f 2289 2656 2290
f 2290 2656 2481
f 2312 2315 2420
f 2318 2423 2315
f 2315 2423 2421
f 2315 2421 2420
f 2416 2415 2317
f 2317 2415 2356
f 2317 2356 2318
f 2318 2356 2424
f 2318 2424 2423
f 2416 2317 2418
f 2418 2317 2316
f 2418 2316 2419
f 2321 2410 2316
f 2316 2410 2359
f 2316 2359 2419
f 2320 2413 2321
f 2321 2413 2411
f 2321 2411 2410
f 2319 2406 2320
f 2320 2406 2414
f 2320 2414 2413
f 2400 2409 2324
f 2324 2409 2408
f 2324 2408 2319
f 2319 2408 2407
f 2319 2407 2406
f 2400 2324 2402
f 2402 2324 2323
f 2402 2323 2403
f 2403 2323 2362
f 2362 2323 2322
f 2362 2322 2394
f 2327 2397 2322
f 2322 2397 2395
f 2322 2395 2394
f 2392 2391 2326
f 2326 2391 2365
f 2326 2365 2327
f 2327 2365 2398
f 2327 2398 2397
f 2392 2326 2393
f 2393 2326 2325
f 2393 2325 2387
f 2387 2325 2389
f 2389 2325 2330
f 2389 2330 2390
f 2390 2330 2368
f 2368 2330 2329
f 2368 2329 2381
f 2328 2384 2329
f 2329 2384 2382
f 2329 2382 2381
f 2377 2376 2333
f 2333 2376 2371
f 2333 2371 2328
f 2328 2371 2385
f 2328 2385 2384
f 2377 2333 2379
f 2379 2333 2332
f 2379 2332 2380
f 2380 2332 2373
f 2373 2332 2331
f 2373 2331 2375
f 2375 2331 2574
f 2574 2331 2336
f 2574 2336 2575
f 2575 2336 2577
f 2577 2336 2335
f 2577 2335 2578
f 2334 2569 2335
f 2335 2569 2512
f 2335 2512 2578
f 2339 2572 2334
f 2334 2572 2570
f 2334 2570 2569
f 2565 2564 2338
f 2338 2564 2515
f 2338 2515 2339
f 2339 2515 2573
f 2339 2573 2572
f 2565 2338 2567
f 2567 2338 2337
f 2567 2337 2568
f 2568 2337 2563
f 2563 2337 2342
f 2563 2342 2561
f 2341 2558 2342
f 2342 2558 2559
f 2342 2559 2561
f 2340 2554 2341
f 2341 2554 2556
f 2341 2556 2558
f 2550 2549 2345
f 2345 2549 2517
f 2345 2517 2340
f 2340 2517 2516
f 2340 2516 2554
f 2550 2345 2552
f 2552 2345 2344
f 2552 2344 2553
f 2553 2344 2522
f 2522 2344 2343
f 2522 2343 2546
f 2348 2548 2343
f 2343 2548 2547
f 2343 2547 2546
f 2347 2545 2348
f 2348 2545 2544
f 2348 2544 2548
f 2534 2542 2346
f 2346 2542 2541
f 2346 2541 2347
f 2347 2541 2539
f 2347 2539 2545
f 2534 2346 2536
f 2536 2346 2350
f 2536 2350 2537
f 2349 2528 2350
f 2350 2528 2525
f 2350 2525 2537
f 2313 2531 2349
f 2349 2531 2529
f 2349 2529 2528
f 2420 2353 2312
f 2312 2353 2527
f 2312 2527 2313
f 2313 2527 2532
f 2313 2532 2531
f 2657 2658 2659
f 2659 2658 2660
f 2659 2660 2661
f 2661 2660 2662
f 2663 2664 2659
f 2659 2664 2657
f 2665 2663 2661
f 2661 2663 2659
f 2666 2665 2662
f 2662 2665 2661
f 2667 2666 2660
f 2660 2666 2662
f 2668 2667 2658
f 2658 2667 2660
f 2664 2668 2657
f 2657 2668 2658
f 2669 2670 2663
f 2669 2663 2671
f 2672 2673 2665
f 2668 2674 2675
f 2672 2665 2676
f 2667 2677 2678
f 2679 2680 2663
f 2663 2680 2681
f 2663 2681 2671
f 2666 2682 2683
f 2684 2685 2664
f 2664 2685 2686
f 2664 2686 2687
f 2688 2689 2668
f 2668 2689 2690
f 2668 2690 2674
f 2691 2692 2664
f 2664 2692 2693
f 2664 2693 2684
f 2675 2694 2668
f 2668 2694 2695
f 2668 2695 2667
f 2687 2696 2664
f 2664 2696 2697
f 2664 2697 2668
f 2668 2697 2698
f 2668 2698 2688
f 2683 2699 2666
f 2666 2699 2700
f 2666 2700 2665
f 2665 2700 2701
f 2665 2701 2676
f 2679 2663 2702
f 2702 2663 2665
f 2702 2665 2703
f 2678 2704 2667
f 2667 2704 2705
f 2667 2705 2666
f 2666 2705 2706
f 2695 2707 2667
f 2667 2707 2708
f 2667 2708 2709
f 2709 2710 2667
f 2667 2710 2711
f 2667 2711 2677
f 2663 2712 2664
f 2664 2712 2713
f 2664 2713 2691
f 2673 2714 2665
f 2665 2714 2715
f 2665 2715 2703
f 2706 2716 2666
f 2666 2716 2717
f 2666 2717 2718
f 2670 2719 2663
f 2663 2719 2720
f 2663 2720 2712
f 2718 2721 2666
f 2666 2721 2722
f 2666 2722 2682
f 2723 2724 2725
f 2723 2725 2726
f 2727 2728 2725
f 2725 2728 2729
f 2725 2729 2726
f 2730 2731 2725
f 2725 2731 2732
f 2725 2732 2727
f 2733 2734 2725
f 2725 2734 2735
f 2725 2735 2730
f 2736 2737 2725
f 2725 2737 2738
f 2725 2738 2733
f 2739 2740 2725
f 2725 2740 2741
f 2725 2741 2736
f 2742 2743 2725
f 2725 2743 2744
f 2725 2744 2739
f 2745 2746 2725
f 2725 2746 2747
f 2725 2747 2742
f 2748 2749 2725
f 2725 2749 2750
f 2725 2750 2745
f 2751 2752 2725
f 2725 2752 2753
f 2725 2753 2748
f 2754 2755 2725
f 2725 2755 2756
f 2725 2756 2751
f 2757 2758 2725
f 2725 2758 2759
f 2725 2759 2754
f 2724 2760 2725
f 2725 2760 2761
f 2725 2761 2757
f 2762 2763 2764
f 2765 2766 2767
f 2768 2769 2770
f 2771 2772 2773
f 2773 2772 2774
f 2775 2776 2777
f 2778 2779 2780
f 2781 2782 2783
f 2783 2782 2784
f 2780 2785 2778
f 2778 2785 2786
f 2778 2786 2787
f 2787 2786 2788
f 2787 2788 2781
f 2781 2788 2789
f 2781 2789 2782
f 2790 2791 2792
f 2792 2791 2793
f 2792 2793 2779
f 2779 2793 2794
f 2779 2794 2780
f 2795 2796 2797
f 2797 2796 2798
f 2797 2798 2790
f 2790 2798 2799
f 2790 2799 2791
f 2800 2801 2795
f 2795 2801 2802
f 2795 2802 2796
f 2777 2803 2775
f 2775 2803 2804
f 2775 2804 2800
f 2800 2804 2805
f 2800 2805 2801
f 2772 2806 2774
f 2774 2806 2807
f 2774 2807 2808
f 2808 2807 2809
f 2808 2809 2776
f 2776 2809 2810
f 2776 2810 2777
f 2771 2773 2811
f 2811 2773 2812
f 2811 2812 2813
f 2813 2812 2814
f 2813 2814 2815
f 2815 2814 2816
f 2816 2814 2817
f 2816 2817 2818
f 2818 2817 2819
f 2818 2819 2820
f 2770 2821 2768
f 2768 2821 2822
f 2768 2822 2823
f 2823 2822 2824
f 2823 2824 2819
f 2819 2824 2825
f 2819 2825 2820
f 2767 2826 2765
f 2765 2826 2827
f 2765 2827 2828
f 2828 2827 2829
f 2828 2829 2769
f 2769 2829 2830
f 2769 2830 2770
f 2764 2831 2762
f 2762 2831 2832
f 2762 2832 2833
f 2833 2832 2834
f 2833 2834 2766
f 2766 2834 2835
f 2766 2835 2767
f 2836 2763 2837
f 2837 2763 2762
f 2837 2762 2838
f 2838 2762 2833
f 2838 2833 2839
f 2839 2833 2766
f 2839 2766 2840
f 2840 2766 2765
f 2840 2765 2841
f 2841 2765 2828
f 2841 2828 2842
f 2842 2828 2769
f 2842 2769 2843
f 2843 2769 2768
f 2843 2768 2844
f 2844 2768 2823
f 2844 2823 2845
f 2845 2823 2819
f 2845 2819 2846
f 2846 2819 2817
f 2846 2817 2847
f 2847 2817 2814
f 2847 2814 2848
f 2848 2814 2812
f 2848 2812 2849
f 2849 2812 2773
f 2849 2773 2850
f 2850 2773 2774
f 2850 2774 2851
f 2851 2774 2808
f 2851 2808 2852
f 2852 2808 2776
f 2852 2776 2853
f 2853 2776 2775
f 2853 2775 2854
f 2854 2775 2800
f 2854 2800 2855
f 2855 2800 2795
f 2855 2795 2856
f 2856 2795 2797
f 2856 2797 2857
f 2857 2797 2790
f 2857 2790 2858
f 2858 2790 2792
f 2858 2792 2859
f 2859 2792 2779
f 2859 2779 2860
f 2860 2779 2778
f 2860 2778 2861
f 2861 2778 2787
f 2861 2787 2862
f 2862 2787 2781
f 2862 2781 2863
f 2863 2781 2783
f 2864 2836 2865
f 2865 2836 2837
f 2865 2837 2866
f 2866 2837 2838
f 2866 2838 2867
f 2867 2838 2839
f 2867 2839 2868
f 2868 2839 2840
f 2868 2840 2869
f 2869 2840 2841
f 2869 2841 2870
f 2870 2841 2842
f 2870 2842 2871
f 2871 2842 2843
f 2871 2843 2872
f 2872 2843 2844
f 2872 2844 2873
f 2873 2844 2845
f 2873 2845 2874
f 2874 2845 2846
f 2874 2846 2875
f 2875 2846 2847
f 2875 2847 2876
f 2876 2847 2848
f 2876 2848 2877
f 2877 2848 2849
f 2877 2849 2878
f 2878 2849 2850
f 2878 2850 2879
f 2879 2850 2851
f 2879 2851 2880
f 2880 2851 2852
f 2880 2852 2881
f 2881 2852 2853
f 2881 2853 2882
f 2882 2853 2854
f 2882 2854 2883
f 2883 2854 2855
f 2883 2855 2884
f 2884 2855 2856
f 2884 2856 2885
f 2885 2856 2857
f 2885 2857 2886
f 2886 2857 2858
f 2886 2858 2887
f 2887 2858 2859
f 2887 2859 2888
f 2888 2859 2860
f 2888 2860 2889
f 2889 2860 2861
f 2889 2861 2890
f 2890 2861 2862
f 2890 2862 2891
f 2891 2862 2863
f 2892 2864 2893
f 2893 2864 2865
f 2893 2865 2894
f 2894 2865 2866
f 2894 2866 2895
f 2895 2866 2867
f 2895 2867 2896
f 2896 2867 2868
f 2896 2868 2897
f 2897 2868 2869
f 2897 2869 2898
f 2898 2869 2870
f 2898 2870 2899
f 2899 2870 2871
f 2899 2871 2900
f 2900 2871 2872
f 2900 2872 2901
f 2901 2872 2873
f 2901 2873 2902
f 2902 2873 2874
f 2902 2874 2903
f 2903 2874 2875
f 2903 2875 2904
f 2904 2875 2876
f 2904 2876 2905
f 2905 2876 2877
f 2905 2877 2906
f 2906 2877 2878
f 2906 2878 2907
f 2907 2878 2879
f 2907 2879 2908
f 2908 2879 2880
f 2908 2880 2909
f 2909 2880 2881
f 2909 2881 2910
f 2910 2881 2882
f 2910 2882 2911
f 2911 2882 2883
f 2911 2883 2912
f 2912 2883 2884
f 2912 2884 2913
f 2913 2884 2885
f 2913 2885 2914
f 2914 2885 2886
f 2914 2886 2915
f 2915 2886 2887
f 2915 2887 2916
f 2916 2887 2888
f 2916 2888 2917
f 2917 2888 2889
f 2917 2889 2918
f 2918 2889 2890
f 2918 2890 2919
f 2919 2890 2891
f 2697 2892 2698
f 2698 2892 2893
f 2698 2893 2688
f 2688 2893 2894
f 2688 2894 2689
f 2689 2894 2895
f 2689 2895 2690
f 2690 2895 2896
f 2690 2896 2674
f 2674 2896 2897
f 2674 2897 2675
f 2675 2897 2898
f 2675 2898 2694
f 2694 2898 2899
f 2694 2899 2695
f 2695 2899 2900
f 2695 2900 2707
f 2707 2900 2901
f 2707 2901 2708
f 2708 2901 2902
f 2708 2902 2709
f 2709 2902 2903
f 2709 2903 2710
f 2710 2903 2904
f 2710 2904 2711
f 2711 2904 2905
f 2711 2905 2677
f 2677 2905 2906
f 2677 2906 2678
f 2678 2906 2907
f 2678 2907 2704
f 2704 2907 2908
f 2704 2908 2705
f 2705 2908 2909
f 2705 2909 2706
f 2706 2909 2910
f 2706 2910 2716
f 2716 2910 2911
f 2716 2911 2717
f 2717 2911 2912
f 2717 2912 2718
f 2718 2912 2913
f 2718 2913 2721
f 2721 2913 2914
f 2721 2914 2722
f 2722 2914 2915
f 2722 2915 2682
f 2682 2915 2916
f 2682 2916 2683
f 2683 2916 2917
f 2683 2917 2699
f 2699 2917 2918
f 2699 2918 2700
f 2700 2918 2919
f 2920 2783 2784
f 2921 2922 2923
f 2924 2925 2926
f 2927 2928 2929
f 2930 2931 2932
f 2933 2934 2935
f 2936 2937 2938
f 2939 2940 2763
f 2763 2940 2764
f 2938 2941 2936
f 2936 2941 2942
f 2936 2942 2943
f 2943 2942 2944
f 2943 2944 2939
f 2939 2944 2945
f 2939 2945 2940
f 2935 2946 2933
f 2933 2946 2947
f 2933 2947 2948
f 2948 2947 2949
f 2948 2949 2937
f 2937 2949 2950
f 2937 2950 2938
f 2951 2952 2953
f 2953 2952 2954
f 2953 2954 2934
f 2934 2954 2955
f 2934 2955 2935
f 2932 2956 2930
f 2930 2956 2957
f 2930 2957 2951
f 2951 2957 2958
f 2951 2958 2952
f 2929 2959 2927
f 2927 2959 2960
f 2927 2960 2961
f 2961 2960 2962
f 2961 2962 2931
f 2931 2962 2963
f 2931 2963 2932
f 2964 2965 2966
f 2966 2965 2967
f 2966 2967 2928
f 2928 2967 2968
f 2928 2968 2929
f 2969 2970 2971
f 2971 2972 2969
f 2969 2972 2973
f 2969 2973 2964
f 2964 2973 2974
f 2964 2974 2965
f 2926 2975 2924
f 2924 2975 2976
f 2924 2976 2977
f 2977 2976 2978
f 2977 2978 2970
f 2970 2978 2979
f 2970 2979 2971
f 2923 2980 2921
f 2921 2980 2981
f 2921 2981 2982
f 2982 2981 2983
f 2982 2983 2925
f 2925 2983 2984
f 2925 2984 2926
f 2784 2985 2920
f 2920 2985 2986
f 2920 2986 2987
f 2987 2986 2988
f 2987 2988 2922
f 2922 2988 2989
f 2922 2989 2923
f 2863 2783 2990
f 2990 2783 2920
f 2990 2920 2991
f 2991 2920 2987
f 2991 2987 2992
f 2992 2987 2922
f 2992 2922 2993
f 2993 2922 2921
f 2993 2921 2994
f 2994 2921 2982
f 2994 2982 2995
f 2995 2982 2925
f 2995 2925 2996
f 2996 2925 2924
f 2996 2924 2997
f 2997 2924 2977
f 2997 2977 2998
f 2998 2977 2970
f 2998 2970 2999
f 2999 2970 2969
f 2999 2969 3000
f 3000 2969 2964
f 3000 2964 3001
f 3001 2964 2966
f 3001 2966 3002
f 3002 2966 2928
f 3002 2928 3003
f 3003 2928 2927
f 3003 2927 3004
f 3004 2927 2961
f 3004 2961 3005
f 3005 2961 2931
f 3005 2931 3006
f 3006 2931 2930
f 3006 2930 3007
f 3007 2930 2951
f 3007 2951 3008
f 3008 2951 2953
f 3008 2953 3009
f 3009 2953 2934
f 3009 2934 3010
f 3010 2934 2933
f 3010 2933 3011
f 3011 2933 2948
f 3011 2948 3012
f 3012 2948 2937
f 3012 2937 3013
f 3013 2937 2936
f 3013 2936 3014
f 3014 2936 2943
f 3014 2943 3015
f 3015 2943 2939
f 3015 2939 2836
f 2836 2939 2763
f 2891 2863 3016
f 3016 2863 2990
f 3016 2990 3017
f 3017 2990 2991
f 3017 2991 3018
f 3018 2991 2992
f 3018 2992 3019
f 3019 2992 2993
f 3019 2993 3020
f 3020 2993 2994
f 3020 2994 3021
f 3021 2994 2995
f 3021 2995 3022
f 3022 2995 2996
f 3022 2996 3023
f 3023 2996 2997
f 3023 2997 3024
f 3024 2997 2998
f 3024 2998 3025
f 3025 2998 2999
f 3025 2999 3026
f 3026 2999 3000
f 3026 3000 3027
f 3027 3000 3001
f 3027 3001 3028
f 3028 3001 3002
f 3028 3002 3029
f 3029 3002 3003
f 3029 3003 3030
f 3030 3003 3004
f 3030 3004 3031
f 3031 3004 3005
f 3031 3005 3032
f 3032 3005 3006
f 3032 3006 3033
f 3033 3006 3007
f 3033 3007 3034
f 3034 3007 3008
f 3034 3008 3035
f 3035 3008 3009
f 3035 3009 3036
f 3036 3009 3010
f 3036 3010 3037
f 3037 3010 3011
f 3037 3011 3038
f 3038 3011 3012
f 3038 3012 3039
f 3039 3012 3013
f 3039 3013 3040
f 3040 3013 3014
f 3040 3014 3041
f 3041 3014 3015
f 3041 3015 2864
f 2864 3015 2836
f 2919 2891 3042
f 3042 2891 3016
f 3042 3016 3043
f 3043 3016 3017
f 3043 3017 3044
f 3044 3017 3018
f 3044 3018 3045
f 3045 3018 3019
f 3045 3019 3046
f 3046 3019 3020
f 3046 3020 3047
f 3047 3020 3021
f 3047 3021 3048
f 3048 3021 3022
f 3048 3022 3049
f 3049 3022 3023
f 3049 3023 3050
f 3050 3023 3024
f 3050 3024 3051
f 3051 3024 3025
f 3051 3025 3052
f 3052 3025 3026
f 3052 3026 3053
f 3053 3026 3027
f 3053 3027 3054
f 3054 3027 3028
f 3054 3028 3055
f 3055 3028 3029
f 3055 3029 3056
f 3056 3029 3030
f 3056 3030 3057
f 3057 3030 3031
f 3057 3031 3058
f 3058 3031 3032
f 3058 3032 3059
f 3059 3032 3033
f 3059 3033 3060
f 3060 3033 3034
f 3060 3034 3061
f 3061 3034 3035
f 3061 3035 3062
f 3062 3035 3036
f 3062 3036 3063
f 3063 3036 3037
f 3063 3037 3064
f 3064 3037 3038
f 3064 3038 3065
f 3065 3038 3039
f 3065 3039 3066
f 3066 3039 3040
f 3066 3040 3067
f 3067 3040 3041
f 3067 3041 2892
f 2892 3041 2864
f 2700 2919 2701
f 2701 2919 3042
f 2701 3042 2676
f 2676 3042 3043
f 2676 3043 2672
f 2672 3043 3044
f 2672 3044 2673
f 2673 3044 3045
f 2673 3045 2714
f 2714 3045 3046
f 2714 3046 2715
f 2715 3046 3047
f 2715 3047 2703
f 2703 3047 3048
f 2703 3048 2702
f 2702 3048 3049
f 2702 3049 2679
f 2679 3049 3050
f 2679 3050 2680
f 2680 3050 3051
f 2680 3051 2681
f 2681 3051 3052
f 2681 3052 2671
f 2671 3052 3053
f 2671 3053 2669
f 2669 3053 3054
f 2669 3054 2670
f 2670 3054 3055
f 2670 3055 2719
f 2719 3055 3056
f 2719 3056 2720
f 2720 3056 3057
f 2720 3057 2712
f 2712 3057 3058
f 2712 3058 2713
f 2713 3058 3059
f 2713 3059 2691
f 2691 3059 3060
f 2691 3060 2692
f 2692 3060 3061
f 2692 3061 2693
f 2693 3061 3062
f 2693 3062 2684
f 2684 3062 3063
f 2684 3063 2685
f 2685 3063 3064
f 2685 3064 2686
f 2686 3064 3065
f 2686 3065 2687
f 2687 3065 3066
f 2687 3066 2696
f 2696 3066 3067
f 2696 3067 2697
f 2697 3067 2892
f 2723 2726 2831
f 2767 2835 2729
f 2729 2835 2834
f 2729 2834 2726
f 2726 2834 2832
f 2726 2832 2831
f 2767 2729 2826
f 2826 2729 2728
f 2826 2728 2827
f 2827 2728 2829
f 2829 2728 2727
f 2829 2727 2830
f 2732 2821 2727
f 2727 2821 2770
f 2727 2770 2830
f 2731 2824 2732
f 2732 2824 2822
f 2732 2822 2821
f 2730 2820 2731
f 2731 2820 2825
f 2731 2825 2824
f 2813 2815 2735
f 2735 2815 2816
f 2735 2816 2730
f 2730 2816 2818
f 2730 2818 2820
f 2813 2735 2811
f 2811 2735 2734
f 2811 2734 2771
f 2771 2734 2772
f 2772 2734 2733
f 2772 2733 2806
f 2777 2810 2738
f 2738 2810 2809
f 2738 2809 2733
f 2733 2809 2807
f 2733 2807 2806
f 2777 2738 2803
f 2803 2738 2737
f 2803 2737 2804
f 2804 2737 2805
f 2805 2737 2736
f 2805 2736 2801
f 2801 2736 2802
f 2802 2736 2741
f 2802 2741 2796
f 2796 2741 2798
f 2798 2741 2740
f 2798 2740 2799
f 2780 2794 2739
f 2739 2794 2793
f 2739 2793 2740
f 2740 2793 2791
f 2740 2791 2799
f 2780 2739 2785
f 2785 2739 2744
f 2785 2744 2786
f 2786 2744 2788
f 2788 2744 2743
f 2788 2743 2789
f 2789 2743 2782
f 2782 2743 2742
f 2782 2742 2784
f 2784 2742 2985
f 2985 2742 2747
f 2985 2747 2986
f 2986 2747 2988
f 2988 2747 2746
f 2988 2746 2989
f 2745 2980 2746
f 2746 2980 2923
f 2746 2923 2989
f 2750 2983 2745
f 2745 2983 2981
f 2745 2981 2980
f 2976 2975 2749
f 2749 2975 2926
f 2749 2926 2750
f 2750 2926 2984
f 2750 2984 2983
f 2976 2749 2978
f 2978 2749 2748
f 2978 2748 2979
f 2979 2748 2971
f 2971 2748 2753
f 2971 2753 2972
f 2752 2974 2753
f 2753 2974 2973
f 2753 2973 2972
f 2929 2968 2751
f 2751 2968 2967
f 2751 2967 2752
f 2752 2967 2965
f 2752 2965 2974
f 2929 2751 2959
f 2959 2751 2756
f 2959 2756 2960
f 2960 2756 2962
f 2962 2756 2755
f 2962 2755 2963
f 2963 2755 2932
f 2932 2755 2754
f 2932 2754 2956
f 2759 2958 2754
f 2754 2958 2957
f 2754 2957 2956
f 2935 2955 2758
f 2758 2955 2954
f 2758 2954 2759
f 2759 2954 2952
f 2759 2952 2958
f 2935 2758 2946
f 2946 2758 2757
f 2946 2757 2947
f 2947 2757 2949
f 2949 2757 2761
f 2949 2761 2950
f 2950 2761 2938
f 2938 2761 2760
f 2938 2760 2941
f 2724 2944 2760
f 2760 2944 2942
f 2760 2942 2941
f 2831 2764 2723
f 2723 2764 2940
f 2723 2940 2724
f 2724 2940 2945
f 2724 2945 2944
f 3068 3069 3070
f 3071 3072 3073
f 3074 3075 3076
f 3076 3075 3077
f 3076 3077 3078
f 3078 3077 3079
f 3078 3079 3080
f 3080 3079 3081
f 3079 3082 3081
f 3081 3082 3083
f 3081 3083 3084
f 3084 3083 3085
f 3084 3085 3086
f 3086 3085 3087
f 3086 3087 3088
f 3088 3087 3089
f 3088 3089 3090
f 3090 3089 3091
f 3090 3091 3092
f 3092 3091 3093
f 3092 3093 3094
f 3094 3093 3095
f 3094 3095 3096
f 3095 3097 3096
f 3096 3097 3098
f 3096 3098 3099
f 3098 3100 3099
f 3099 3100 3101
f 3099 3101 3102
f 3102 3101 3103
f 3102 3103 3104
f 3104 3103 3105
f 3104 3105 3106
f 3107 3108 3109
f 3105 3110 3106
f 3106 3110 3111
f 3106 3111 3112
f 3112 3111 3113
f 3112 3113 3109
f 3109 3113 3114
f 3109 3114 3107
f 3108 3107 3115
f 3115 3107 3116
f 3115 3116 3117
f 3117 3116 3118
f 3117 3118 3119
f 3119 3118 3120
f 3119 3120 3072
f 3072 3120 3073
f 3071 3073 3069
f 3069 3073 3121
f 3069 3121 3070
f 3068 3070 3122
f 3122 3070 3123
f 3122 3123 3124
f 3123 3125 3124
f 3124 3125 3126
f 3124 3126 3127
f 3127 3126 3128
f 3127 3128 3129
f 3128 3130 3129
f 3129 3130 3131
f 3129 3131 3132
f 3132 3131 3133
f 3132 3133 3134
f 3134 3133 3135
f 3136 3137 3138
f 3138 3137 3134
f 3138 3134 3139
f 3139 3134 3135
f 3138 3140 3136
f 3136 3140 3141
f 3136 3141 3142
f 3142 3141 3143
f 3142 3143 3144
f 3144 3143 3145
f 3144 3145 3146
f 3146 3145 3147
f 3146 3147 3148
f 3148 3147 3149
f 3148 3149 3150
f 3150 3149 3151
f 3150 3151 3152
f 3152 3151 3153
f 3152 3153 3154
f 3154 3153 3155
f 3154 3155 3156
f 3156 3155 3157
f 3156 3157 3158
f 3158 3157 3159
f 3158 3159 3160
f 3161 3162 3163
f 3159 3164 3160
f 3160 3164 3165
f 3160 3165 3166
f 3166 3165 3167
f 3166 3167 3162
f 3162 3167 3168
f 3162 3168 3163
f 3163 3169 3161
f 3161 3169 3170
f 3161 3170 3171
f 3171 3170 3172
f 3171 3172 3173
f 3172 3174 3173
f 3173 3174 3175
f 3173 3175 3176
f 3176 3175 3177
f 3176 3177 3178
f 3177 3179 3178
f 3178 3179 3180
f 3178 3180 3181
f 3181 3180 3182
f 3181 3182 3183
f 3183 3182 3184
f 3183 3184 3185
f 3185 3184 3186
f 3185 3186 3187
f 3187 3186 3188
f 3187 3188 3189
f 3189 3188 3190
f 3189 3190 3191
f 3191 3190 3192
f 3191 3192 3193
f 3193 3192 3194
f 3193 3194 3195
f 3195 3194 3196
f 3195 3196 3197
f 3197 3196 3198
f 3197 3198 3199
f 3199 3198 3200
f 3199 3200 3201
f 3200 3202 3201
f 3201 3202 3203
f 3201 3203 3204
f 3204 3203 3205
f 3204 3205 3206
f 3206 3205 3207
f 3206 3207 3208
f 3208 3207 3209
f 3208 3209 3210
f 3210 3209 3211
f 3210 3211 3212
f 3212 3211 3213
f 3212 3213 3214
f 3214 3213 3215
f 3214 3215 3216
f 3216 3215 3217
f 3217 3215 3218
f 3217 3218 3219
f 3220 3221 3222
f 3222 3221 3223
f 3222 3223 3224
f 3224 3223 3225
f 3224 3225 3226
f 3226 3225 3227
f 3226 3227 3228
f 3228 3227 3229
f 3228 3229 3230
f 3230 3229 3231
f 3230 3231 3232
f 3232 3231 3233
f 3232 3233 3234
f 3234 3233 3235
f 3234 3235 3236
f 3236 3235 3237
f 3236 3237 3238
f 3238 3237 3239
f 3238 3239 3219
f 3219 3239 3240
f 3219 3240 3217
f 3241 3242 3243
f 3243 3242 3244
f 3243 3244 3245
f 3245 3244 3246
f 3245 3246 3220
f 3220 3246 3247
f 3220 3247 3221
f 3248 3249 3068
f 3250 3251 3252
f 3252 3251 3253
f 3252 3254 3250
f 3250 3254 3255
f 3250 3255 3256
f 3256 3255 3257
f 3256 3257 3258
f 3258 3257 3259
f 3258 3259 3260
f 3259 3261 3260
f 3260 3261 3262
f 3260 3262 3263
f 3263 3262 3264
f 3263 3264 3265
f 3265 3264 3266
f 3265 3266 3267
f 3267 3266 3268
f 3267 3268 3269
f 3270 3271 3272
f 3272 3271 3273
f 3272 3273 3274
f 3268 3275 3269
f 3269 3275 3276
f 3269 3276 3277
f 3277 3276 3278
f 3277 3278 3279
f 3279 3278 3280
f 3279 3280 3270
f 3270 3280 3281
f 3270 3281 3271
f 3273 3282 3274
f 3274 3282 3283
f 3274 3283 3284
f 3284 3283 3285
f 3284 3285 3286
f 3286 3285 3287
f 3286 3287 3288
f 3288 3287 3289
f 3288 3289 3290
f 3289 3291 3290
f 3290 3291 3292
f 3290 3292 3293
f 3293 3292 3294
f 3293 3294 3295
f 3295 3294 3296
f 3295 3296 3297
f 3296 3298 3297
f 3297 3298 3299
f 3297 3299 3300
f 3299 3301 3300
f 3300 3301 3302
f 3300 3302 3303
f 3303 3302 3304
f 3303 3304 3305
f 3305 3304 3306
f 3305 3306 3307
f 3308 3309 3310
f 3306 3311 3307
f 3307 3311 3312
f 3307 3312 3313
f 3313 3312 3314
f 3313 3314 3315
f 3315 3314 3316
f 3315 3316 3317
f 3317 3316 3318
f 3317 3318 3319
f 3319 3318 3320
f 3319 3320 3310
f 3310 3320 3321
f 3310 3321 3308
f 3308 3322 3309
f 3309 3322 3323
f 3309 3323 3324
f 3324 3323 3325
f 3324 3325 3326
f 3326 3325 3327
f 3326 3327 3328
f 3327 3329 3328
f 3328 3329 3330
f 3328 3330 3331
f 3331 3330 3332
f 3331 3332 3333
f 3333 3332 3334
f 3333 3334 3335
f 3335 3334 3336
f 3335 3336 3337
f 3336 3338 3337
f 3337 3338 3339
f 3337 3339 3340
f 3340 3339 3341
f 3340 3341 3342
f 3342 3341 3343
f 3342 3343 3344
f 3345 3346 3347
f 3346 3348 3347
f 3347 3348 3349
f 3347 3349 3350
f 3343 3351 3344
f 3344 3351 3352
f 3344 3352 3353
f 3353 3352 3354
f 3353 3354 3355
f 3355 3354 3345
f 3355 3345 3356
f 3356 3345 3347
f 3357 3242 3241
f 3350 3349 3241
f 3241 3349 3358
f 3241 3358 3357
f 3359 3074 3360
f 3360 3074 3076
f 3195 3361 3362
f 3195 3362 3193
f 3363 3189 3191
f 3362 3364 3193
f 3193 3364 3365
f 3193 3365 3191
f 3191 3365 3366
f 3191 3366 3363
f 3178 3367 3368
f 3162 3161 3369
f 3369 3161 3370
f 3370 3161 3171
f 3370 3171 3371
f 3173 3372 3171
f 3171 3372 3373
f 3171 3373 3371
f 3178 3368 3176
f 3176 3368 3374
f 3176 3374 3173
f 3173 3374 3375
f 3173 3375 3372
f 3363 3376 3189
f 3189 3376 3377
f 3189 3377 3187
f 3187 3377 3378
f 3187 3378 3185
f 3185 3378 3379
f 3185 3379 3183
f 3183 3379 3380
f 3380 3381 3183
f 3183 3381 3382
f 3183 3382 3181
f 3181 3382 3383
f 3181 3383 3178
f 3178 3383 3384
f 3178 3384 3367
f 3160 3385 3386
f 3160 3386 3158
f 3150 3152 3387
f 3386 3388 3158
f 3158 3388 3389
f 3158 3389 3156
f 3156 3389 3390
f 3390 3391 3156
f 3156 3391 3392
f 3156 3392 3154
f 3154 3392 3393
f 3154 3393 3152
f 3152 3393 3394
f 3152 3394 3387
f 3144 3146 3395
f 3396 3132 3134
f 3136 3397 3137
f 3137 3397 3398
f 3137 3398 3134
f 3134 3398 3399
f 3134 3399 3396
f 3395 3400 3144
f 3144 3400 3401
f 3144 3401 3142
f 3142 3401 3402
f 3142 3402 3136
f 3136 3402 3403
f 3136 3403 3397
f 3148 3404 3146
f 3146 3404 3405
f 3146 3405 3395
f 3387 3406 3150
f 3150 3406 3407
f 3150 3407 3148
f 3148 3407 3408
f 3148 3408 3404
f 3166 3409 3160
f 3160 3409 3410
f 3160 3410 3385
f 3369 3411 3162
f 3162 3411 3412
f 3162 3412 3166
f 3166 3412 3413
f 3166 3413 3409
f 3414 3124 3127
f 3415 3071 3069
f 3068 3249 3069
f 3069 3249 3416
f 3069 3416 3415
f 3414 3417 3124
f 3124 3417 3418
f 3124 3418 3122
f 3122 3418 3419
f 3122 3419 3068
f 3068 3419 3420
f 3068 3420 3248
f 3421 3115 3422
f 3422 3115 3117
f 3422 3117 3423
f 3423 3117 3119
f 3423 3119 3424
f 3112 3109 3425
f 3421 3426 3115
f 3115 3426 3427
f 3115 3427 3108
f 3108 3427 3428
f 3108 3428 3109
f 3109 3428 3429
f 3109 3429 3425
f 3415 3430 3071
f 3071 3430 3431
f 3071 3431 3072
f 3072 3431 3432
f 3072 3432 3119
f 3119 3432 3433
f 3119 3433 3424
f 3099 3102 3434
f 3435 3090 3092
f 3094 3436 3092
f 3092 3436 3437
f 3092 3437 3435
f 3096 3438 3094
f 3094 3438 3439
f 3094 3439 3436
f 3434 3440 3099
f 3099 3440 3441
f 3099 3441 3096
f 3096 3441 3442
f 3096 3442 3438
f 3078 3443 3076
f 3076 3443 3444
f 3076 3444 3360
f 3445 3081 3446
f 3446 3081 3084
f 3446 3084 3447
f 3447 3084 3086
f 3447 3086 3448
f 3445 3449 3081
f 3081 3449 3450
f 3081 3450 3080
f 3080 3450 3451
f 3080 3451 3078
f 3078 3451 3452
f 3078 3452 3443
f 3435 3453 3090
f 3090 3453 3454
f 3090 3454 3088
f 3088 3454 3455
f 3088 3455 3086
f 3086 3455 3448
f 3456 3104 3457
f 3457 3104 3106
f 3456 3458 3104
f 3104 3458 3459
f 3104 3459 3102
f 3102 3459 3460
f 3102 3460 3434
f 3425 3461 3112
f 3112 3461 3462
f 3112 3462 3106
f 3106 3462 3463
f 3106 3463 3457
f 3129 3464 3127
f 3127 3464 3465
f 3127 3465 3414
f 3396 3466 3132
f 3132 3466 3467
f 3132 3467 3129
f 3129 3467 3468
f 3129 3468 3464
f 3357 3469 3242
f 3242 3469 3470
f 3242 3470 3244
f 3244 3470 3471
f 3244 3471 3246
f 3246 3471 3472
f 3225 3223 3473
f 3473 3223 3474
f 3474 3223 3221
f 3474 3221 3475
f 3227 3476 3229
f 3229 3476 3477
f 3229 3477 3231
f 3231 3477 3478
f 3473 3479 3225
f 3225 3479 3480
f 3225 3480 3227
f 3227 3480 3481
f 3227 3481 3476
f 3472 3482 3246
f 3246 3482 3483
f 3246 3483 3247
f 3247 3483 3484
f 3247 3484 3221
f 3221 3484 3485
f 3221 3485 3475
f 3239 3237 3486
f 3486 3237 3487
f 3487 3237 3235
f 3487 3235 3488
f 3489 3490 3217
f 3217 3490 3216
f 3240 3491 3217
f 3217 3491 3492
f 3217 3492 3489
f 3486 3493 3239
f 3239 3493 3494
f 3239 3494 3240
f 3240 3494 3495
f 3240 3495 3491
f 3496 3204 3497
f 3497 3204 3206
f 3497 3206 3498
f 3498 3206 3208
f 3498 3208 3499
f 3500 3212 3501
f 3501 3212 3214
f 3501 3214 3502
f 3502 3214 3216
f 3502 3216 3503
f 3503 3216 3490
f 3500 3504 3212
f 3212 3504 3505
f 3212 3505 3210
f 3210 3505 3506
f 3210 3506 3208
f 3208 3506 3507
f 3208 3507 3499
f 3233 3508 3235
f 3235 3508 3509
f 3235 3509 3488
f 3478 3510 3231
f 3231 3510 3511
f 3231 3511 3233
f 3233 3511 3512
f 3233 3512 3508
f 3361 3195 3513
f 3513 3195 3197
f 3513 3197 3514
f 3496 3515 3204
f 3204 3515 3516
f 3204 3516 3201
f 3201 3516 3517
f 3201 3517 3199
f 3199 3517 3518
f 3199 3518 3197
f 3197 3518 3519
f 3197 3519 3514
f 3520 3075 3359
f 3359 3075 3074
f 3521 3522 3077
f 3523 3524 3114
f 3525 3163 3168
f 3202 3200 3526
f 3526 3200 3527
f 3527 3200 3198
f 3527 3198 3528
f 3528 3198 3196
f 3528 3196 3529
f 3529 3196 3194
f 3529 3194 3530
f 3190 3531 3192
f 3192 3531 3532
f 3192 3532 3194
f 3194 3532 3533
f 3194 3533 3530
f 3184 3534 3186
f 3186 3534 3535
f 3186 3535 3188
f 3188 3535 3536
f 3188 3536 3190
f 3190 3536 3537
f 3190 3537 3531
f 3538 3539 3182
f 3182 3539 3540
f 3182 3540 3184
f 3184 3540 3541
f 3184 3541 3534
f 3182 3180 3538
f 3538 3180 3179
f 3538 3179 3542
f 3542 3179 3177
f 3172 3543 3174
f 3174 3543 3544
f 3174 3544 3175
f 3175 3544 3545
f 3175 3545 3177
f 3177 3545 3546
f 3177 3546 3542
f 3170 3547 3172
f 3172 3547 3548
f 3172 3548 3543
f 3163 3525 3169
f 3169 3525 3549
f 3169 3549 3170
f 3170 3549 3550
f 3170 3550 3547
f 3164 3551 3165
f 3165 3551 3552
f 3165 3552 3167
f 3167 3552 3553
f 3167 3553 3168
f 3168 3553 3554
f 3168 3554 3525
f 3159 3555 3164
f 3164 3555 3556
f 3164 3556 3551
f 3155 3557 3157
f 3157 3557 3558
f 3157 3558 3159
f 3159 3558 3559
f 3159 3559 3555
f 3149 3560 3151
f 3151 3560 3561
f 3151 3561 3153
f 3153 3561 3562
f 3153 3562 3155
f 3155 3562 3563
f 3155 3563 3557
f 3147 3564 3149
f 3149 3564 3565
f 3149 3565 3560
f 3141 3566 3143
f 3143 3566 3567
f 3143 3567 3145
f 3145 3567 3568
f 3145 3568 3147
f 3147 3568 3569
f 3147 3569 3564
f 3133 3570 3135
f 3135 3570 3571
f 3135 3571 3139
f 3139 3571 3572
f 3139 3572 3138
f 3138 3572 3573
f 3138 3573 3140
f 3140 3573 3574
f 3140 3574 3141
f 3141 3574 3575
f 3141 3575 3566
f 3128 3576 3130
f 3130 3576 3577
f 3130 3577 3131
f 3131 3577 3578
f 3131 3578 3133
f 3133 3578 3579
f 3133 3579 3570
f 3126 3580 3128
f 3128 3580 3581
f 3128 3581 3576
f 3123 3070 3582
f 3121 3583 3070
f 3070 3583 3584
f 3070 3584 3582
f 3582 3585 3123
f 3123 3585 3586
f 3123 3586 3125
f 3125 3586 3587
f 3125 3587 3126
f 3126 3587 3588
f 3126 3588 3580
f 3589 3073 3590
f 3590 3073 3120
f 3590 3120 3591
f 3592 3116 3593
f 3593 3116 3107
f 3114 3524 3107
f 3107 3524 3594
f 3107 3594 3593
f 3592 3595 3116
f 3116 3595 3596
f 3116 3596 3118
f 3118 3596 3597
f 3118 3597 3120
f 3120 3597 3598
f 3120 3598 3591
f 3589 3599 3073
f 3073 3599 3600
f 3073 3600 3121
f 3121 3600 3601
f 3121 3601 3583
f 3101 3100 3602
f 3602 3603 3101
f 3101 3603 3604
f 3101 3604 3103
f 3103 3604 3605
f 3103 3605 3105
f 3105 3605 3606
f 3607 3095 3093
f 3607 3608 3095
f 3095 3608 3609
f 3095 3609 3097
f 3097 3609 3610
f 3097 3610 3098
f 3098 3610 3611
f 3098 3611 3100
f 3100 3611 3612
f 3100 3612 3602
f 3613 3089 3087
f 3085 3614 3087
f 3087 3614 3615
f 3087 3615 3613
f 3082 3079 3616
f 3077 3522 3079
f 3079 3522 3617
f 3079 3617 3616
f 3083 3618 3085
f 3085 3618 3619
f 3085 3619 3614
f 3616 3620 3082
f 3082 3620 3621
f 3082 3621 3083
f 3083 3621 3622
f 3083 3622 3618
f 3091 3623 3093
f 3093 3623 3624
f 3093 3624 3607
f 3089 3613 3625
f 3089 3625 3091
f 3091 3625 3626
f 3091 3626 3623
f 3606 3627 3105
f 3105 3627 3628
f 3105 3628 3110
f 3110 3628 3629
f 3110 3629 3111
f 3111 3629 3630
f 3111 3630 3113
f 3113 3630 3631
f 3113 3631 3114
f 3114 3631 3632
f 3114 3632 3523
f 3521 3077 3633
f 3633 3077 3075
f 3633 3075 3520
f 3634 3253 3251
f 3635 3636 3293
f 3293 3295 3635
f 3635 3295 3297
f 3635 3297 3637
f 3637 3297 3300
f 3637 3300 3638
f 3205 3203 3639
f 3639 3203 3640
f 3641 3557 3563
f 3300 3303 3638
f 3638 3303 3305
f 3638 3305 3642
f 3643 3644 3324
f 3203 3202 3640
f 3640 3202 3526
f 3640 3526 3645
f 3529 3646 3528
f 3528 3646 3645
f 3528 3645 3527
f 3527 3645 3526
f 3251 3250 3634
f 3634 3250 3256
f 3634 3256 3647
f 3256 3258 3647
f 3647 3258 3260
f 3647 3260 3648
f 3305 3307 3642
f 3642 3307 3313
f 3642 3313 3649
f 3649 3313 3315
f 3649 3315 3650
f 3315 3317 3650
f 3650 3317 3319
f 3650 3319 3651
f 3651 3319 3310
f 3651 3310 3644
f 3644 3310 3309
f 3644 3309 3324
f 3652 3653 3337
f 3559 3558 3654
f 3641 3563 3655
f 3655 3563 3562
f 3655 3562 3656
f 3574 3657 3658
f 3659 3660 3279
f 3661 3353 3662
f 3662 3353 3355
f 3662 3355 3663
f 3529 3530 3646
f 3646 3530 3533
f 3646 3533 3664
f 3664 3533 3532
f 3664 3532 3665
f 3665 3532 3531
f 3665 3531 3666
f 3666 3531 3537
f 3666 3537 3667
f 3541 3540 3668
f 3668 3540 3669
f 3540 3539 3669
f 3669 3539 3538
f 3669 3538 3670
f 3670 3538 3542
f 3670 3542 3671
f 3549 3525 3672
f 3672 3525 3554
f 3672 3554 3673
f 3673 3554 3553
f 3673 3553 3674
f 3674 3553 3552
f 3674 3552 3675
f 3260 3263 3648
f 3648 3263 3265
f 3648 3265 3676
f 3676 3265 3267
f 3676 3267 3677
f 3677 3267 3269
f 3677 3269 3660
f 3660 3269 3277
f 3660 3277 3279
f 3678 3286 3679
f 3679 3286 3288
f 3679 3288 3636
f 3636 3288 3290
f 3636 3290 3293
f 3324 3326 3643
f 3643 3326 3328
f 3643 3328 3680
f 3680 3328 3331
f 3680 3331 3681
f 3681 3331 3333
f 3681 3333 3653
f 3653 3333 3335
f 3653 3335 3337
f 3337 3340 3652
f 3652 3340 3342
f 3652 3342 3661
f 3661 3342 3344
f 3661 3344 3353
f 3355 3356 3663
f 3663 3356 3347
f 3663 3347 3682
f 3557 3641 3558
f 3558 3641 3683
f 3558 3683 3654
f 3562 3561 3656
f 3656 3561 3560
f 3656 3560 3684
f 3684 3560 3565
f 3565 3564 3684
f 3684 3564 3569
f 3684 3569 3685
f 3685 3569 3568
f 3685 3568 3686
f 3568 3567 3686
f 3686 3567 3566
f 3686 3566 3658
f 3658 3566 3575
f 3658 3575 3574
f 3576 3687 3577
f 3577 3687 3578
f 3279 3270 3659
f 3659 3270 3272
f 3659 3272 3688
f 3688 3272 3274
f 3688 3274 3678
f 3678 3274 3284
f 3678 3284 3286
f 3347 3350 3682
f 3682 3350 3241
f 3682 3241 3689
f 3689 3241 3243
f 3205 3639 3207
f 3207 3639 3690
f 3207 3690 3209
f 3209 3690 3691
f 3209 3691 3211
f 3211 3691 3692
f 3211 3692 3213
f 3213 3692 3693
f 3213 3693 3215
f 3537 3536 3667
f 3667 3536 3535
f 3667 3535 3668
f 3668 3535 3534
f 3668 3534 3541
f 3542 3546 3671
f 3671 3546 3545
f 3671 3545 3694
f 3549 3672 3550
f 3550 3672 3695
f 3550 3695 3547
f 3552 3551 3675
f 3675 3551 3556
f 3675 3556 3654
f 3654 3556 3555
f 3654 3555 3559
f 3578 3687 3579
f 3579 3687 3696
f 3579 3696 3570
f 3545 3544 3694
f 3694 3544 3543
f 3694 3543 3695
f 3695 3543 3548
f 3695 3548 3547
f 3574 3573 3657
f 3657 3573 3572
f 3657 3572 3696
f 3696 3572 3571
f 3696 3571 3570
f 3693 3697 3215
f 3215 3697 3698
f 3215 3698 3218
f 3218 3698 3699
f 3218 3699 3219
f 3219 3699 3700
f 3219 3700 3238
f 3238 3700 3701
f 3238 3701 3236
f 3236 3701 3702
f 3236 3702 3234
f 3234 3702 3703
f 3234 3703 3232
f 3232 3703 3704
f 3232 3704 3230
f 3230 3704 3705
f 3230 3705 3228
f 3228 3705 3706
f 3228 3706 3226
f 3226 3706 3707
f 3226 3707 3224
f 3224 3707 3708
f 3224 3708 3222
f 3222 3708 3709
f 3222 3709 3220
f 3220 3709 3710
f 3220 3710 3245
f 3245 3710 3711
f 3245 3711 3243
f 3243 3711 3712
f 3243 3712 3689
f 3468 3687 3464
f 3464 3687 3576
f 3464 3576 3465
f 3465 3576 3581
f 3465 3581 3414
f 3414 3581 3580
f 3414 3580 3417
f 3399 3657 3396
f 3396 3657 3696
f 3396 3696 3466
f 3466 3696 3687
f 3466 3687 3467
f 3467 3687 3468
f 3399 3398 3657
f 3657 3398 3397
f 3657 3397 3658
f 3397 3403 3658
f 3658 3403 3402
f 3658 3402 3686
f 3402 3401 3686
f 3686 3401 3400
f 3686 3400 3685
f 3400 3395 3685
f 3685 3395 3405
f 3685 3405 3684
f 3405 3404 3684
f 3684 3404 3408
f 3684 3408 3656
f 3656 3408 3407
f 3407 3406 3656
f 3656 3406 3387
f 3656 3387 3655
f 3387 3394 3655
f 3655 3394 3393
f 3655 3393 3641
f 3641 3393 3392
f 3641 3392 3683
f 3388 3386 3654
f 3654 3386 3675
f 3392 3391 3683
f 3683 3391 3390
f 3683 3390 3654
f 3654 3390 3389
f 3654 3389 3388
f 3412 3672 3673
f 3386 3385 3675
f 3675 3385 3410
f 3675 3410 3674
f 3674 3410 3409
f 3674 3409 3673
f 3673 3409 3413
f 3673 3413 3412
f 3412 3411 3672
f 3672 3411 3369
f 3672 3369 3695
f 3695 3369 3370
f 3372 3694 3373
f 3373 3694 3695
f 3373 3695 3371
f 3371 3695 3370
f 3367 3670 3368
f 3368 3670 3671
f 3368 3671 3374
f 3374 3671 3694
f 3374 3694 3375
f 3375 3694 3372
f 3367 3384 3670
f 3670 3384 3383
f 3670 3383 3669
f 3669 3383 3382
f 3669 3382 3668
f 3668 3382 3381
f 3381 3380 3668
f 3668 3380 3379
f 3668 3379 3667
f 3379 3378 3667
f 3667 3378 3377
f 3667 3377 3666
f 3377 3376 3666
f 3666 3376 3363
f 3666 3363 3665
f 3665 3363 3366
f 3665 3366 3664
f 3664 3366 3365
f 3645 3646 3513
f 3365 3364 3664
f 3664 3364 3362
f 3664 3362 3646
f 3646 3362 3361
f 3646 3361 3513
f 3513 3514 3645
f 3645 3514 3519
f 3645 3519 3640
f 3519 3518 3640
f 3640 3518 3517
f 3640 3517 3639
f 3517 3516 3639
f 3639 3516 3515
f 3639 3515 3690
f 3498 3691 3497
f 3497 3691 3690
f 3497 3690 3496
f 3496 3690 3515
f 3498 3499 3691
f 3691 3499 3507
f 3691 3507 3692
f 3507 3506 3692
f 3692 3506 3505
f 3692 3505 3693
f 3505 3504 3693
f 3693 3504 3500
f 3693 3500 3697
f 3500 3501 3697
f 3697 3501 3502
f 3697 3502 3698
f 3502 3503 3698
f 3698 3503 3490
f 3698 3490 3699
f 3490 3489 3699
f 3699 3489 3492
f 3699 3492 3700
f 3492 3491 3700
f 3700 3491 3495
f 3700 3495 3701
f 3701 3495 3494
f 3494 3493 3701
f 3701 3493 3486
f 3701 3486 3702
f 3486 3487 3702
f 3702 3487 3488
f 3702 3488 3703
f 3511 3705 3512
f 3512 3705 3704
f 3512 3704 3508
f 3508 3704 3703
f 3508 3703 3509
f 3509 3703 3488
f 3707 3706 3476
f 3511 3510 3705
f 3705 3510 3478
f 3705 3478 3706
f 3706 3478 3477
f 3706 3477 3476
f 3476 3481 3707
f 3707 3481 3480
f 3707 3480 3708
f 3480 3479 3708
f 3708 3479 3473
f 3708 3473 3709
f 3473 3474 3709
f 3709 3474 3475
f 3709 3475 3710
f 3483 3711 3484
f 3484 3711 3710
f 3484 3710 3485
f 3485 3710 3475
f 3483 3482 3711
f 3711 3482 3472
f 3711 3472 3712
f 3472 3471 3712
f 3712 3471 3470
f 3712 3470 3689
f 3470 3469 3689
f 3689 3469 3357
f 3689 3357 3682
f 3682 3357 3358
f 3682 3358 3663
f 3663 3358 3349
f 3349 3348 3663
f 3663 3348 3346
f 3663 3346 3662
f 3352 3661 3354
f 3354 3661 3662
f 3354 3662 3345
f 3345 3662 3346
f 3653 3652 3339
f 3352 3351 3661
f 3661 3351 3343
f 3661 3343 3652
f 3652 3343 3341
f 3652 3341 3339
f 3332 3680 3334
f 3334 3680 3681
f 3334 3681 3336
f 3336 3681 3653
f 3336 3653 3338
f 3338 3653 3339
f 3332 3330 3680
f 3680 3330 3329
f 3680 3329 3643
f 3643 3329 3327
f 3643 3327 3644
f 3644 3327 3325
f 3644 3325 3323
f 3323 3322 3644
f 3644 3322 3308
f 3644 3308 3651
f 3651 3308 3321
f 3651 3321 3650
f 3321 3320 3650
f 3650 3320 3318
f 3650 3318 3649
f 3318 3316 3649
f 3649 3316 3314
f 3649 3314 3642
f 3314 3312 3642
f 3642 3312 3311
f 3642 3311 3638
f 3638 3311 3306
f 3306 3304 3638
f 3638 3304 3302
f 3638 3302 3637
f 3302 3301 3637
f 3637 3301 3299
f 3637 3299 3635
f 3294 3636 3296
f 3296 3636 3635
f 3296 3635 3298
f 3298 3635 3299
f 3294 3292 3636
f 3636 3292 3291
f 3636 3291 3679
f 3679 3291 3289
f 3679 3289 3678
f 3678 3289 3287
f 3273 3659 3688
f 3287 3285 3678
f 3678 3285 3283
f 3678 3283 3688
f 3688 3283 3282
f 3688 3282 3273
f 3677 3660 3278
f 3273 3271 3659
f 3659 3271 3281
f 3659 3281 3660
f 3660 3281 3280
f 3660 3280 3278
f 3278 3276 3677
f 3677 3276 3275
f 3677 3275 3676
f 3275 3268 3676
f 3676 3268 3266
f 3676 3266 3648
f 3648 3266 3264
f 3264 3262 3648
f 3648 3262 3261
f 3648 3261 3647
f 3255 3634 3257
f 3257 3634 3647
f 3257 3647 3259
f 3259 3647 3261
f 3255 3254 3634
f 3634 3254 3252
f 3634 3252 3253
f 3580 3588 3417
f 3417 3588 3587
f 3417 3587 3418
f 3418 3587 3586
f 3418 3586 3419
f 3419 3586 3585
f 3419 3585 3420
f 3420 3585 3582
f 3420 3582 3248
f 3248 3582 3584
f 3248 3584 3249
f 3249 3584 3583
f 3249 3583 3416
f 3416 3583 3415
f 3583 3601 3415
f 3415 3601 3600
f 3415 3600 3430
f 3430 3600 3599
f 3430 3599 3431
f 3431 3599 3589
f 3431 3589 3432
f 3432 3589 3590
f 3432 3590 3433
f 3433 3590 3591
f 3433 3591 3424
f 3424 3591 3423
f 3596 3595 3426
f 3426 3595 3427
f 3426 3421 3596
f 3596 3421 3422
f 3596 3422 3597
f 3597 3422 3423
f 3597 3423 3598
f 3598 3423 3591
f 3595 3592 3427
f 3427 3592 3593
f 3427 3593 3428
f 3428 3593 3594
f 3428 3594 3429
f 3429 3594 3524
f 3429 3524 3425
f 3425 3524 3523
f 3425 3523 3461
f 3461 3523 3632
f 3461 3632 3462
f 3462 3632 3631
f 3462 3631 3463
f 3631 3630 3463
f 3463 3630 3629
f 3463 3629 3457
f 3457 3629 3628
f 3457 3628 3456
f 3456 3628 3627
f 3456 3627 3458
f 3458 3627 3606
f 3458 3606 3459
f 3459 3606 3605
f 3459 3605 3460
f 3605 3604 3460
f 3460 3604 3603
f 3460 3603 3434
f 3434 3603 3602
f 3434 3602 3440
f 3440 3602 3612
f 3440 3612 3441
f 3612 3611 3441
f 3441 3611 3610
f 3441 3610 3442
f 3442 3610 3609
f 3442 3609 3438
f 3438 3609 3608
f 3438 3608 3439
f 3608 3607 3439
f 3439 3607 3624
f 3439 3624 3436
f 3436 3624 3623
f 3436 3623 3437
f 3437 3623 3626
f 3437 3626 3435
f 3435 3626 3453
f 3453 3626 3625
f 3453 3625 3454
f 3625 3613 3454
f 3454 3613 3455
f 3455 3613 3615
f 3455 3615 3448
f 3615 3614 3448
f 3448 3614 3619
f 3448 3619 3447
f 3447 3619 3618
f 3447 3618 3446
f 3446 3618 3622
f 3446 3622 3445
f 3445 3622 3449
f 3449 3622 3621
f 3449 3621 3450
f 3450 3621 3620
f 3450 3620 3451
f 3633 3520 3359
f 3620 3616 3451
f 3451 3616 3617
f 3451 3617 3452
f 3452 3617 3522
f 3452 3522 3443
f 3443 3522 3521
f 3443 3521 3444
f 3444 3521 3633
f 3444 3633 3360
f 3360 3633 3359
f 3713 3714 3715
f 3715 3714 3716
f 3715 3716 3717
f 3718 3719 3720
f 3720 3719 3721
f 3717 3722 3715
f 3715 3722 3723
f 3715 3723 3724
f 3725 3720 3714
f 3725 3714 3726
f 3726 3714 3713
f 3727 3728 3729
f 3729 3728 3720
f 3729 3720 3730
f 3731 3714 3732
f 3732 3714 3720
f 3732 3720 3733
f 3733 3720 3721
f 3734 3718 3735
f 3735 3718 3720
f 3735 3720 3736
f 3736 3720 3728
f 3737 3738 3739
f 3740 3741 3742
f 3737 3743 3744
f 3745 3746 3739
f 3739 3746 3747
f 3743 3737 3748
f 3748 3737 3739
f 3748 3739 3749
f 3749 3739 3747
f 3749 3747 3750
f 3744 3751 3737
f 3737 3751 3752
f 3737 3752 3753
f 3754 3755 3756
f 3756 3755 3740
f 3756 3740 3739
f 3739 3740 3742
f 3739 3742 3745
f 3745 3742 3757
f 3758 3737 3759
f 3759 3737 3753
f 3759 3753 3760
f 3761 3762 3763
f 3764 3765 3766
f 3764 3766 3763
f 3763 3766 3767
f 3763 3767 3768
f 3769 3770 3771
f 3765 3772 3766
f 3766 3772 3773
f 3766 3773 3774
f 3769 3771 3775
f 3775 3771 3776
f 3775 3776 3777
f 3768 3778 3763
f 3763 3778 3775
f 3763 3775 3761
f 3761 3775 3777
f 3761 3777 3779
f 3780 3781 3782
f 3782 3781 3771
f 3782 3771 3783
f 3783 3771 3770
f 3783 3770 3784
f 3785 3786 3787
f 3785 3787 3788
f 3788 3787 3789
f 3788 3789 3790
f 3791 3792 3793
f 3793 3792 3787
f 3793 3787 3794
f 3794 3787 3786
f 3795 3787 3796
f 3796 3787 3797
f 3797 3787 3792
f 3798 3799 3800
f 3800 3799 3787
f 3800 3787 3801
f 3802 3789 3803
f 3803 3789 3787
f 3803 3787 3804
f 3804 3787 3805
f 3806 3805 3807
f 3807 3805 3787
f 3807 3787 3808
f 3808 3787 3799
f 3721 3719 3809
f 3809 3719 3718
f 3809 3718 3810
f 3810 3718 3734
f 3810 3734 3735
f 3809 3811 3721
f 3721 3811 3812
f 3721 3812 3733
f 3812 3813 3733
f 3733 3813 3814
f 3733 3814 3732
f 3732 3814 3731
f 3731 3814 3815
f 3731 3815 3714
f 3714 3815 3816
f 3714 3816 3716
f 3716 3816 3817
f 3716 3817 3717
f 3717 3817 3818
f 3717 3818 3722
f 3722 3818 3819
f 3722 3819 3723
f 3723 3819 3820
f 3723 3820 3724
f 3724 3820 3821
f 3724 3821 3715
f 3715 3821 3822
f 3715 3822 3713
f 3713 3822 3823
f 3713 3823 3726
f 3726 3823 3824
f 3726 3824 3725
f 3725 3824 3720
f 3720 3824 3825
f 3720 3825 3826
f 3720 3826 3827
f 3728 3727 3828
f 3828 3727 3729
f 3828 3729 3827
f 3827 3729 3730
f 3827 3730 3720
f 3828 3829 3728
f 3728 3829 3830
f 3728 3830 3736
f 3736 3830 3831
f 3736 3831 3735
f 3735 3831 3832
f 3735 3832 3810
f 3742 3741 3833
f 3833 3741 3740
f 3833 3740 3834
f 3834 3740 3755
f 3834 3755 3754
f 3833 3835 3742
f 3742 3835 3836
f 3742 3836 3757
f 3836 3837 3757
f 3757 3837 3838
f 3757 3838 3745
f 3745 3838 3746
f 3746 3838 3839
f 3746 3839 3747
f 3747 3839 3840
f 3747 3840 3750
f 3750 3840 3841
f 3750 3841 3749
f 3749 3841 3842
f 3749 3842 3748
f 3748 3842 3843
f 3748 3843 3743
f 3743 3843 3844
f 3743 3844 3744
f 3744 3844 3845
f 3744 3845 3751
f 3751 3845 3846
f 3751 3846 3752
f 3752 3846 3847
f 3752 3847 3753
f 3753 3847 3848
f 3753 3848 3760
f 3760 3848 3759
f 3759 3848 3849
f 3759 3849 3850
f 3759 3850 3851
f 3739 3738 3852
f 3852 3738 3737
f 3852 3737 3851
f 3851 3737 3758
f 3851 3758 3759
f 3852 3853 3739
f 3739 3853 3854
f 3739 3854 3756
f 3756 3854 3855
f 3756 3855 3754
f 3754 3855 3856
f 3754 3856 3834
f 3777 3776 3857
f 3857 3776 3771
f 3857 3771 3858
f 3858 3771 3781
f 3858 3781 3780
f 3857 3859 3777
f 3777 3859 3860
f 3777 3860 3779
f 3860 3861 3779
f 3779 3861 3862
f 3779 3862 3761
f 3761 3862 3762
f 3762 3862 3863
f 3762 3863 3763
f 3763 3863 3864
f 3763 3864 3764
f 3764 3864 3865
f 3764 3865 3765
f 3765 3865 3866
f 3765 3866 3772
f 3772 3866 3867
f 3772 3867 3773
f 3773 3867 3868
f 3773 3868 3774
f 3774 3868 3869
f 3774 3869 3766
f 3766 3869 3870
f 3766 3870 3767
f 3767 3870 3871
f 3767 3871 3768
f 3768 3871 3872
f 3768 3872 3778
f 3778 3872 3775
f 3775 3872 3873
f 3775 3873 3874
f 3775 3874 3875
f 3783 3784 3876
f 3876 3784 3770
f 3876 3770 3875
f 3875 3770 3769
f 3875 3769 3775
f 3876 3877 3783
f 3783 3877 3878
f 3783 3878 3782
f 3782 3878 3879
f 3782 3879 3780
f 3780 3879 3880
f 3780 3880 3858
f 3803 3804 3881
f 3881 3804 3805
f 3881 3805 3882
f 3882 3805 3806
f 3882 3806 3807
f 3881 3883 3803
f 3803 3883 3884
f 3803 3884 3802
f 3884 3885 3802
f 3802 3885 3886
f 3802 3886 3789
f 3789 3886 3790
f 3790 3886 3887
f 3790 3887 3788
f 3788 3887 3888
f 3788 3888 3785
f 3785 3888 3889
f 3785 3889 3786
f 3786 3889 3890
f 3786 3890 3794
f 3794 3890 3891
f 3794 3891 3793
f 3793 3891 3892
f 3793 3892 3791
f 3791 3892 3893
f 3791 3893 3792
f 3792 3893 3894
f 3792 3894 3797
f 3797 3894 3895
f 3797 3895 3796
f 3796 3895 3896
f 3796 3896 3795
f 3795 3896 3787
f 3787 3896 3897
f 3787 3897 3898
f 3787 3898 3899
f 3799 3798 3900
f 3900 3798 3800
f 3900 3800 3899
f 3899 3800 3801
f 3899 3801 3787
f 3900 3901 3799
f 3799 3901 3902
f 3799 3902 3808
f 3808 3902 3903
f 3808 3903 3807
f 3807 3903 3904
f 3807 3904 3882
f 3812 3811 3905
f 3906 3819 3818
f 3816 3815 3907
f 3815 3814 3907
f 3907 3814 3905
f 3905 3814 3813
f 3905 3813 3812
f 3902 3901 3908
f 3850 3849 3909
f 3843 3910 3844
f 3844 3910 3845
f 3906 3818 3907
f 3907 3818 3817
f 3907 3817 3816
f 3811 3809 3905
f 3905 3809 3810
f 3905 3810 3911
f 3878 3877 3837
f 3912 3897 3896
f 3850 3909 3851
f 3913 3867 3866
f 3883 3914 3884
f 3884 3914 3885
f 3896 3895 3912
f 3912 3895 3894
f 3912 3894 3909
f 3828 3827 3914
f 3862 3861 3906
f 3906 3861 3860
f 3906 3860 3819
f 3819 3860 3859
f 3819 3859 3820
f 3820 3859 3857
f 3820 3857 3821
f 3842 3841 3873
f 3877 3876 3837
f 3837 3876 3875
f 3837 3875 3838
f 3838 3875 3874
f 3878 3837 3879
f 3879 3837 3886
f 3879 3886 3914
f 3914 3886 3885
f 3914 3904 3908
f 3908 3904 3903
f 3908 3903 3902
f 3901 3900 3908
f 3908 3900 3899
f 3908 3899 3912
f 3912 3899 3898
f 3912 3898 3897
f 3853 3852 3891
f 3891 3852 3851
f 3891 3851 3892
f 3892 3851 3909
f 3892 3909 3893
f 3893 3909 3894
f 3849 3848 3909
f 3909 3848 3847
f 3909 3847 3910
f 3910 3847 3846
f 3910 3846 3845
f 3866 3865 3913
f 3913 3865 3864
f 3913 3864 3906
f 3906 3864 3863
f 3906 3863 3862
f 3810 3832 3911
f 3911 3832 3831
f 3911 3831 3915
f 3915 3831 3830
f 3915 3830 3914
f 3914 3830 3829
f 3914 3829 3828
f 3827 3826 3914
f 3914 3826 3825
f 3914 3825 3879
f 3879 3825 3824
f 3879 3824 3823
f 3871 3870 3916
f 3916 3870 3869
f 3916 3869 3913
f 3913 3869 3868
f 3913 3868 3867
f 3834 3856 3889
f 3837 3836 3886
f 3886 3836 3835
f 3886 3835 3887
f 3887 3835 3888
f 3883 3881 3914
f 3914 3881 3882
f 3914 3882 3904
f 3841 3840 3873
f 3873 3840 3839
f 3873 3839 3874
f 3874 3839 3838
f 3843 3842 3910
f 3910 3842 3873
f 3910 3873 3916
f 3916 3873 3872
f 3916 3872 3871
f 3889 3856 3890
f 3890 3856 3855
f 3890 3855 3891
f 3891 3855 3854
f 3891 3854 3853
f 3821 3857 3822
f 3822 3857 3858
f 3822 3858 3823
f 3823 3858 3880
f 3823 3880 3879
f 3888 3835 3889
f 3889 3835 3833
f 3889 3833 3834
f 3917 3909 3918
f 3918 3909 3910
f 3918 3910 3919
f 3919 3910 3916
f 3919 3916 3920
f 3920 3916 3913
f 3920 3913 3921
f 3921 3913 3906
f 3921 3906 3922
f 3922 3906 3907
f 3922 3907 3923
f 3923 3907 3905
f 3923 3905 3924
f 3924 3905 3911
f 3924 3911 3925
f 3925 3911 3915
f 3925 3915 3926
f 3926 3915 3914
f 3926 3914 3927
f 3927 3914 3908
f 3927 3908 3928
f 3928 3908 3912
f 3928 3912 3917
f 3917 3912 3909
f 3929 3930 3931
f 3931 3930 3932
f 3931 3932 3933
f 3934 3935 3936
f 3936 3935 3937
f 3936 3937 3938
f 3938 3937 3939
f 3940 3941 3942
f 3940 3942 3943
f 3943 3942 3944
f 3943 3944 3939
f 3939 3944 3945
f 3939 3945 3938
f 3941 3940 3946
f 3946 3940 3947
f 3946 3947 3948
f 3948 3947 3949
f 3948 3949 3950
f 3950 3949 3951
f 3951 3949 3952
f 3951 3952 3953
f 3953 3952 3954
f 3953 3954 3955
f 3932 3956 3933
f 3933 3956 3957
f 3933 3957 3958
f 3958 3957 3959
f 3958 3959 3960
f 3960 3959 3961
f 3960 3961 3954
f 3954 3961 3962
f 3954 3962 3955
f 3963 3934 3964
f 3964 3934 3936
f 3964 3936 3965
f 3965 3936 3938
f 3965 3938 3966
f 3966 3938 3945
f 3966 3945 3967
f 3967 3945 3944
f 3967 3944 3968
f 3968 3944 3942
f 3968 3942 3969
f 3969 3942 3941
f 3969 3941 3970
f 3970 3941 3971
f 3971 3941 3946
f 3971 3946 3972
f 3972 3946 3948
f 3972 3948 3973
f 3974 3975 3961
f 3961 3975 3976
f 3961 3976 3962
f 3962 3976 3977
f 3962 3977 3955
f 3955 3977 3978
f 3955 3978 3953
f 3953 3978 3979
f 3953 3979 3951
f 3951 3979 3973
f 3951 3973 3950
f 3950 3973 3948
f 3961 3959 3974
f 3974 3959 3957
f 3974 3957 3980
f 3980 3957 3956
f 3980 3956 3981
f 3981 3956 3932
f 3981 3932 3982
f 3982 3932 3930
f 3982 3930 3983
f 3984 3926 3985
f 3985 3926 3927
f 3928 3986 3927
f 3927 3986 3987
f 3927 3987 3985
f 3988 3989 3917
f 3917 3989 3990
f 3917 3990 3928
f 3928 3990 3991
f 3928 3991 3986
f 3988 3917 3992
f 3992 3917 3918
f 3992 3918 3993
f 3993 3918 3994
f 3994 3918 3919
f 3994 3919 3995
f 3920 3996 3919
f 3919 3996 3997
f 3919 3997 3995
f 3921 3998 3920
f 3920 3998 3999
f 3920 3999 3996
f 4000 4001 3922
f 3922 4001 4002
f 3922 4002 3921
f 3921 4002 4003
f 3921 4003 3998
f 4000 3922 4004
f 4004 3922 3923
f 4004 3923 4005
f 4005 3923 4006
f 4006 3923 3924
f 4006 3924 4007
f 3925 4008 3924
f 3924 4008 4009
f 3924 4009 4007
f 3984 4010 3926
f 3926 4010 4011
f 3926 4011 3925
f 3925 4011 4012
f 3925 4012 4008
f 4013 4014 4015
f 4016 4017 4018
f 4019 4020 4021
f 4022 4023 4024
f 4024 4023 4025
f 4024 4025 4026
f 4026 4025 4027
f 4026 4027 4028
f 4028 4027 4029
f 4028 4029 4030
f 4030 4029 4031
f 4030 4031 4032
f 4033 4034 4035
f 4035 4034 4036
f 4035 4036 4037
f 4037 4036 4038
f 4037 4038 4039
f 4039 4038 4040
f 4039 4040 4032
f 4032 4040 4041
f 4032 4041 4030
f 4042 4043 4044
f 4044 4043 4045
f 4044 4045 4046
f 4046 4045 4047
f 4046 4047 4048
f 4048 4047 4049
f 4048 4049 4050
f 4050 4049 4051
f 4050 4051 4020
f 4020 4051 4052
f 4020 4052 4021
f 4019 4021 4053
f 4053 4021 4054
f 4053 4054 4055
f 4054 4056 4055
f 4055 4056 4057
f 4055 4057 4058
f 4058 4057 4059
f 4058 4059 4060
f 4060 4059 4061
f 4060 4061 4062
f 4062 4061 4063
f 4062 4063 4064
f 4064 4063 4065
f 4064 4065 4066
f 4065 4067 4066
f 4066 4067 4068
f 4066 4068 4069
f 4069 4068 4070
f 4070 4068 4071
f 4070 4071 4072
f 4072 4071 4073
f 4072 4073 4074
f 4074 4073 4075
f 4074 4075 4076
f 4076 4075 4077
f 4076 4077 4078
f 4078 4077 4079
f 4078 4079 4080
f 4080 4079 4081
f 4080 4081 4082
f 4082 4081 4083
f 4082 4083 4084
f 4083 4085 4084
f 4084 4085 4086
f 4084 4086 4087
f 4087 4086 4088
f 4087 4088 4089
f 4089 4088 4090
f 4089 4090 4091
f 4091 4090 4092
f 4091 4092 4093
f 4093 4092 4094
f 4093 4094 4095
f 4095 4094 4096
f 4095 4096 4097
f 4097 4096 4098
f 4097 4098 4099
f 4099 4098 4100
f 4099 4100 4101
f 4101 4100 4102
f 4101 4102 4103
f 4102 4104 4103
f 4103 4104 4105
f 4103 4105 4106
f 4106 4105 4107
f 4106 4107 4108
f 4108 4107 4109
f 4109 4107 4110
f 4109 4110 4111
f 4110 4112 4111
f 4111 4112 4113
f 4111 4113 4114
f 4114 4113 4115
f 4115 4113 4116
f 4115 4116 4117
f 4118 4119 4120
f 4120 4119 4121
f 4120 4121 4122
f 4122 4121 4123
f 4122 4123 4124
f 4124 4123 4125
f 4124 4125 4126
f 4126 4125 4127
f 4126 4127 4128
f 4128 4127 4129
f 4128 4129 4130
f 4130 4129 4131
f 4130 4131 4132
f 4132 4131 4133
f 4132 4133 4134
f 4134 4133 4135
f 4134 4135 4136
f 4136 4135 4137
f 4136 4137 4138
f 4138 4137 4139
f 4138 4139 4140
f 4140 4139 4117
f 4140 4117 4141
f 4141 4117 4116
f 4118 4142 4119
f 4119 4142 4143
f 4119 4143 4144
f 4144 4143 4145
f 4145 4143 4146
f 4146 4143 4147
f 4146 4147 4148
f 4147 4149 4148
f 4148 4149 4150
f 4148 4150 4151
f 4151 4150 4152
f 4151 4152 4153
f 4153 4152 4154
f 4153 4154 4155
f 4155 4154 4156
f 4155 4156 4157
f 4157 4156 4158
f 4157 4158 4159
f 4159 4158 4160
f 4159 4160 4161
f 4161 4160 4162
f 4161 4162 4163
f 4163 4162 4164
f 4163 4164 4165
f 4165 4164 4166
f 4165 4166 4167
f 4166 4168 4167
f 4167 4168 4169
f 4167 4169 4170
f 4170 4169 4171
f 4170 4171 4172
f 4172 4171 4173
f 4173 4171 4174
f 4173 4174 4175
f 4175 4174 4176
f 4175 4176 4177
f 4177 4176 4178
f 4177 4178 4179
f 4179 4178 4180
f 4179 4180 4181
f 4180 4182 4181
f 4181 4182 4183
f 4181 4183 4184
f 4184 4183 4185
f 4184 4185 4186
f 4186 4185 4187
f 4186 4187 4188
f 4188 4187 4189
f 4188 4189 4190
f 4190 4189 4191
f 4190 4191 4192
f 4192 4191 4193
f 4192 4193 4194
f 4194 4193 4195
f 4194 4195 4196
f 4196 4195 4197
f 4196 4197 4198
f 4198 4197 4199
f 4198 4199 4200
f 4200 4199 4201
f 4200 4201 4202
f 4201 4203 4202
f 4202 4203 4204
f 4202 4204 4205
f 4205 4204 4206
f 4206 4204 4207
f 4206 4207 4208
f 4207 4209 4208
f 4208 4209 4210
f 4208 4210 4211
f 4211 4210 4212
f 4211 4212 4213
f 4213 4212 4214
f 4213 4214 4215
f 4215 4214 4216
f 4215 4216 4217
f 4217 4216 4218
f 4217 4218 4219
f 4219 4218 4220
f 4219 4220 4221
f 4221 4220 4222
f 4221 4222 4223
f 4223 4222 4224
f 4223 4224 4225
f 4225 4224 4226
f 4225 4226 4227
f 4227 4226 4228
f 4227 4228 4229
f 4228 4230 4229
f 4229 4230 4231
f 4229 4231 4232
f 4232 4231 4233
f 4233 4231 4234
f 4233 4234 4235
f 4235 4234 4236
f 4235 4236 4237
f 4237 4236 4238
f 4237 4238 4239
f 4239 4238 4240
f 4239 4240 4241
f 4241 4240 4242
f 4241 4242 4243
f 4242 4244 4243
f 4243 4244 4245
f 4243 4245 4246
f 4246 4245 4247
f 4246 4247 4248
f 4248 4247 4249
f 4248 4249 4250
f 4250 4249 4251
f 4250 4251 4252
f 4252 4251 4253
f 4252 4253 4254
f 4254 4253 4255
f 4254 4255 4256
f 4256 4255 4257
f 4256 4257 4258
f 4258 4257 4259
f 4258 4259 4260
f 4260 4259 4261
f 4260 4261 4262
f 4262 4261 4263
f 4262 4263 4264
f 4263 4265 4264
f 4264 4265 4266
f 4264 4266 4267
f 4267 4266 4268
f 4267 4268 4269
f 4269 4268 4270
f 4270 4268 4271
f 4270 4271 4272
f 4271 4273 4272
f 4272 4273 4274
f 4272 4274 4275
f 4275 4274 4276
f 4275 4276 4277
f 4277 4276 4278
f 4277 4278 4279
f 4279 4278 4280
f 4279 4280 4281
f 4281 4280 4282
f 4281 4282 4283
f 4282 4284 4283
f 4283 4284 4285
f 4283 4285 4286
f 4287 4288 4289
f 4286 4285 4290
f 4290 4285 4291
f 4290 4291 4292
f 4292 4291 4293
f 4292 4293 4294
f 4294 4293 4295
f 4294 4295 4296
f 4296 4295 4297
f 4296 4297 4298
f 4298 4297 4299
f 4298 4299 4300
f 4300 4299 4301
f 4300 4301 4302
f 4302 4301 4303
f 4302 4303 4289
f 4289 4303 4304
f 4289 4304 4287
f 4288 4287 4305
f 4305 4287 4306
f 4305 4306 4307
f 4306 4308 4307
f 4307 4308 4309
f 4307 4309 4310
f 4310 4309 4311
f 4310 4311 4312
f 4312 4311 4313
f 4312 4313 4314
f 4314 4313 4315
f 4314 4315 4316
f 4316 4315 4317
f 4316 4317 4318
f 4318 4317 4319
f 4318 4319 4320
f 4320 4319 4321
f 4320 4321 4322
f 4322 4321 4323
f 4322 4323 4017
f 4017 4323 4324
f 4017 4324 4018
f 4016 4018 4325
f 4325 4018 4326
f 4325 4326 4327
f 4326 4328 4327
f 4327 4328 4329
f 4327 4329 4330
f 4330 4329 4331
f 4332 4333 4334
f 4329 4335 4331
f 4331 4335 4336
f 4331 4336 4337
f 4337 4336 4338
f 4337 4338 4339
f 4339 4338 4340
f 4339 4340 4341
f 4341 4340 4342
f 4341 4342 4343
f 4343 4342 4344
f 4343 4344 4345
f 4345 4344 4346
f 4345 4346 4347
f 4347 4346 4348
f 4347 4348 4349
f 4349 4348 4350
f 4349 4350 4351
f 4351 4350 4352
f 4351 4352 4353
f 4353 4352 4354
f 4353 4354 4355
f 4355 4354 4356
f 4355 4356 4334
f 4334 4356 4357
f 4334 4357 4332
f 4333 4332 4358
f 4358 4332 4359
f 4358 4359 4360
f 4359 4361 4360
f 4360 4361 4362
f 4360 4362 4363
f 4363 4362 4364
f 4362 4365 4364
f 4364 4365 4366
f 4364 4366 4367
f 4367 4366 4368
f 4367 4368 4369
f 4369 4368 4370
f 4369 4370 4371
f 4371 4370 4372
f 4371 4372 4373
f 4373 4372 4374
f 4373 4374 4375
f 4375 4374 4376
f 4375 4376 4377
f 4377 4376 4378
f 4377 4378 4379
f 4379 4378 4380
f 4379 4380 4381
f 4381 4380 4382
f 4381 4382 4383
f 4383 4382 4384
f 4383 4384 4385
f 4384 4386 4385
f 4385 4386 4387
f 4385 4387 4388
f 4388 4387 4389
f 4388 4389 4390
f 4390 4389 4391
f 4390 4391 4392
f 4392 4391 4393
f 4391 4394 4393
f 4393 4394 4395
f 4393 4395 4396
f 4396 4395 4397
f 4396 4397 4398
f 4398 4397 4399
f 4398 4399 4400
f 4400 4399 4401
f 4400 4401 4402
f 4402 4401 4403
f 4402 4403 4404
f 4404 4403 4405
f 4404 4405 4406
f 4406 4405 4407
f 4406 4407 4408
f 4408 4407 4409
f 4408 4409 4410
f 4410 4409 4411
f 4410 4411 4412
f 4412 4411 4413
f 4412 4413 4014
f 4014 4413 4414
f 4014 4414 4015
f 4013 4015 4415
f 4415 4015 4416
f 4415 4416 4417
f 4417 4416 4418
f 4417 4418 4419
f 4419 4418 4420
f 4419 4420 4421
f 4421 4420 4422
f 4421 4422 4423
f 4422 4424 4423
f 4423 4424 4425
f 4423 4425 4426
f 4426 4425 4427
f 4426 4427 4428
f 4428 4427 4429
f 4428 4429 4033
f 4033 4429 4430
f 4033 4430 4034
f 4431 4432 4433
f 4434 4435 4436
f 4436 4435 4437
f 4436 4437 4433
f 4433 4437 4438
f 4433 4438 4431
f 4439 4440 4441
f 4441 4440 4442
f 4441 4442 4443
f 4443 4442 4444
f 4443 4444 4434
f 4434 4444 4445
f 4434 4445 4435
f 4446 4447 4448
f 4448 4447 4449
f 4448 4449 4439
f 4439 4449 4450
f 4439 4450 4440
f 4451 4452 4453
f 4453 4452 4454
f 4453 4454 4455
f 4455 4454 4456
f 4455 4456 4446
f 4446 4456 4457
f 4446 4457 4447
f 4458 4459 4460
f 4458 4460 4461
f 4461 4460 4462
f 4461 4462 4451
f 4451 4462 4463
f 4451 4463 4452
f 4464 3929 3931
f 3958 4465 3933
f 3933 4465 4466
f 3933 4466 3931
f 3931 4466 4467
f 3931 4467 4464
f 3952 4468 3954
f 3954 4468 4469
f 3954 4469 3960
f 3960 4469 4470
f 3960 4470 3958
f 3958 4470 4471
f 3958 4471 4465
f 3947 4472 3949
f 3949 4472 4473
f 3949 4473 3952
f 3952 4473 4474
f 3952 4474 4468
f 3939 4475 4476
f 3939 4476 3943
f 3943 4476 4477
f 3943 4477 3940
f 3940 4477 4478
f 3940 4478 3947
f 3947 4478 4479
f 3947 4479 4472
f 4475 3939 4480
f 4480 3939 3937
f 4480 3937 4481
f 4481 3937 3935
f 4481 3935 4482
f 4439 4441 4483
f 4484 4458 4485
f 4485 4458 4461
f 4485 4461 4486
f 4486 4461 4451
f 4455 4487 4453
f 4453 4487 4488
f 4453 4488 4451
f 4451 4488 4489
f 4451 4489 4486
f 4446 4490 4455
f 4455 4490 4487
f 4448 4491 4446
f 4446 4491 4492
f 4446 4492 4490
f 4483 4493 4439
f 4439 4493 4494
f 4439 4494 4448
f 4448 4494 4495
f 4448 4495 4491
f 4436 4496 4434
f 4434 4496 4497
f 4434 4497 4443
f 4443 4497 4498
f 4443 4498 4441
f 4441 4498 4499
f 4441 4499 4483
f 4432 4500 4433
f 4433 4500 4501
f 4433 4501 4436
f 4436 4501 4502
f 4436 4502 4496
f 3976 3975 4503
f 4503 3975 4504
f 3983 4505 4506
f 3975 3974 4504
f 4504 3974 3980
f 4504 3980 4507
f 4507 3980 3981
f 4507 3981 4506
f 4506 3981 3982
f 4506 3982 3983
f 3976 4503 3977
f 3977 4503 4508
f 3977 4508 3978
f 3978 4508 4509
f 3978 4509 3979
f 3979 4509 3973
f 3973 4509 4510
f 3973 4510 3972
f 3972 4510 4511
f 3972 4511 3971
f 3971 4511 3970
f 3970 4511 4512
f 3970 4512 3969
f 3969 4512 3968
f 3968 4512 4513
f 3968 4513 3967
f 3967 4513 3966
f 3966 4513 4514
f 3966 4514 3965
f 3965 4514 4515
f 3965 4515 3964
f 3964 4515 4516
f 3964 4516 3963
f 4042 4517 4043
f 4043 4517 4518
f 4142 4118 4519
f 4520 4521 4083
f 4522 4523 4357
f 4524 4525 4352
f 4266 4265 4526
f 4430 4429 4527
f 4527 4429 4427
f 4527 4427 4528
f 4528 4427 4529
f 4427 4425 4529
f 4529 4425 4424
f 4529 4424 4530
f 4530 4424 4422
f 4530 4422 4531
f 4531 4422 4420
f 4532 4533 4416
f 4416 4533 4534
f 4416 4534 4418
f 4418 4534 4535
f 4418 4535 4420
f 4420 4535 4536
f 4420 4536 4531
f 4416 4015 4532
f 4532 4015 4414
f 4532 4414 4537
f 4537 4414 4413
f 4407 4538 4409
f 4409 4538 4539
f 4409 4539 4411
f 4411 4539 4540
f 4411 4540 4413
f 4413 4540 4541
f 4413 4541 4537
f 4244 4542 4245
f 4245 4542 4543
f 4245 4543 4247
f 4247 4543 4544
f 4247 4544 4249
f 4257 4545 4259
f 4259 4545 4546
f 4259 4546 4261
f 4547 4548 4257
f 4257 4548 4545
f 4257 4255 4547
f 4547 4255 4253
f 4547 4253 4549
f 4549 4253 4251
f 4549 4251 4550
f 4550 4251 4249
f 4550 4249 4551
f 4551 4249 4544
f 4526 4265 4552
f 4552 4265 4263
f 4552 4263 4553
f 4266 4526 4268
f 4268 4526 4554
f 4268 4554 4271
f 4555 4556 4276
f 4554 4557 4271
f 4271 4557 4558
f 4271 4558 4273
f 4273 4558 4555
f 4273 4555 4274
f 4274 4555 4276
f 4261 4546 4263
f 4263 4546 4559
f 4263 4559 4553
f 4304 4560 4287
f 4287 4560 4561
f 4287 4561 4306
f 4299 4562 4301
f 4301 4562 4563
f 4301 4563 4303
f 4303 4563 4564
f 4303 4564 4304
f 4304 4564 4565
f 4304 4565 4560
f 4315 4566 4317
f 4317 4566 4567
f 4317 4567 4319
f 4319 4567 4568
f 4319 4568 4321
f 4018 4569 4326
f 4326 4569 4570
f 4326 4570 4328
f 4328 4570 4571
f 4328 4571 4329
f 4329 4571 4572
f 4329 4572 4335
f 4568 4573 4321
f 4321 4573 4574
f 4321 4574 4323
f 4323 4574 4575
f 4323 4575 4324
f 4324 4575 4576
f 4324 4576 4018
f 4018 4576 4577
f 4018 4577 4569
f 4561 4578 4306
f 4306 4578 4579
f 4306 4579 4308
f 4308 4579 4580
f 4308 4580 4309
f 4309 4580 4581
f 4309 4581 4311
f 4311 4581 4582
f 4311 4582 4313
f 4313 4582 4583
f 4313 4583 4315
f 4315 4583 4584
f 4315 4584 4566
f 4556 4585 4276
f 4276 4585 4586
f 4276 4586 4278
f 4278 4586 4587
f 4278 4587 4280
f 4280 4587 4588
f 4280 4588 4282
f 4282 4588 4589
f 4282 4589 4284
f 4284 4589 4590
f 4284 4590 4285
f 4285 4590 4591
f 4285 4591 4291
f 4291 4591 4592
f 4291 4592 4293
f 4293 4592 4593
f 4293 4593 4295
f 4295 4593 4594
f 4295 4594 4297
f 4297 4594 4595
f 4297 4595 4299
f 4299 4595 4596
f 4299 4596 4562
f 4340 4597 4342
f 4342 4597 4598
f 4342 4598 4344
f 4344 4598 4599
f 4344 4599 4346
f 4346 4599 4600
f 4346 4600 4601
f 4524 4352 4602
f 4602 4352 4350
f 4602 4350 4603
f 4522 4357 4604
f 4604 4357 4356
f 4604 4356 4605
f 4605 4356 4525
f 4525 4356 4354
f 4525 4354 4352
f 4603 4350 4601
f 4601 4350 4348
f 4601 4348 4346
f 4368 4366 4606
f 4606 4366 4607
f 4607 4366 4365
f 4607 4365 4608
f 4608 4365 4362
f 4608 4362 4361
f 4608 4361 4609
f 4609 4361 4359
f 4609 4359 4610
f 4606 4611 4368
f 4368 4611 4612
f 4368 4612 4370
f 4370 4612 4613
f 4370 4613 4372
f 4372 4613 4614
f 4372 4614 4374
f 4374 4614 4615
f 4374 4615 4376
f 4376 4615 4616
f 4376 4616 4378
f 4610 4359 4523
f 4523 4359 4332
f 4523 4332 4357
f 4387 4617 4389
f 4389 4617 4618
f 4389 4618 4391
f 4391 4618 4619
f 4391 4619 4394
f 4403 4620 4405
f 4405 4620 4621
f 4405 4621 4407
f 4407 4621 4622
f 4407 4622 4538
f 4619 4623 4394
f 4394 4623 4624
f 4394 4624 4395
f 4395 4624 4625
f 4395 4625 4397
f 4397 4625 4626
f 4397 4626 4399
f 4399 4626 4627
f 4399 4627 4401
f 4401 4627 4628
f 4401 4628 4403
f 4403 4628 4629
f 4403 4629 4620
f 4616 4630 4378
f 4378 4630 4631
f 4378 4631 4380
f 4380 4631 4632
f 4380 4632 4382
f 4382 4632 4633
f 4382 4633 4384
f 4384 4633 4634
f 4384 4634 4386
f 4386 4634 4635
f 4386 4635 4387
f 4387 4635 4636
f 4387 4636 4617
f 4572 4637 4335
f 4335 4637 4638
f 4335 4638 4336
f 4336 4638 4639
f 4336 4639 4338
f 4338 4639 4640
f 4338 4640 4340
f 4340 4640 4641
f 4340 4641 4597
f 4043 4518 4045
f 4045 4518 4642
f 4045 4642 4047
f 4047 4642 4643
f 4047 4643 4049
f 4021 4644 4054
f 4054 4644 4645
f 4054 4645 4056
f 4056 4645 4646
f 4056 4646 4057
f 4643 4647 4049
f 4049 4647 4648
f 4049 4648 4051
f 4051 4648 4649
f 4051 4649 4052
f 4052 4649 4650
f 4052 4650 4021
f 4021 4650 4651
f 4021 4651 4644
f 4063 4652 4065
f 4065 4652 4653
f 4065 4653 4067
f 4071 4654 4073
f 4073 4654 4655
f 4073 4655 4075
f 4067 4653 4068
f 4068 4653 4656
f 4068 4656 4071
f 4071 4656 4657
f 4071 4657 4654
f 4083 4081 4520
f 4520 4081 4079
f 4520 4079 4658
f 4658 4079 4077
f 4658 4077 4659
f 4075 4655 4077
f 4077 4655 4660
f 4077 4660 4659
f 4646 4661 4057
f 4057 4661 4662
f 4057 4662 4059
f 4059 4662 4663
f 4059 4663 4061
f 4061 4663 4664
f 4061 4664 4063
f 4063 4664 4665
f 4063 4665 4652
f 4666 4667 4088
f 4088 4667 4668
f 4088 4668 4090
f 4090 4668 4669
f 4090 4669 4092
f 4092 4669 4670
f 4092 4670 4094
f 4102 4671 4104
f 4104 4671 4672
f 4104 4672 4105
f 4105 4672 4673
f 4105 4673 4107
f 4107 4673 4674
f 4107 4674 4110
f 4670 4675 4094
f 4094 4675 4676
f 4094 4676 4096
f 4096 4676 4677
f 4096 4677 4098
f 4098 4677 4678
f 4098 4678 4100
f 4100 4678 4679
f 4100 4679 4102
f 4102 4679 4680
f 4102 4680 4671
f 4138 4681 4136
f 4136 4681 4682
f 4116 4683 4141
f 4141 4683 4681
f 4141 4681 4140
f 4140 4681 4138
f 4684 4126 4685
f 4685 4126 4128
f 4685 4128 4130
f 4682 4686 4136
f 4136 4686 4687
f 4136 4687 4134
f 4134 4687 4688
f 4134 4688 4132
f 4132 4688 4689
f 4132 4689 4130
f 4130 4689 4690
f 4130 4690 4685
f 4674 4691 4110
f 4110 4691 4692
f 4110 4692 4112
f 4112 4692 4693
f 4112 4693 4113
f 4113 4693 4694
f 4113 4694 4116
f 4116 4694 4695
f 4116 4695 4683
f 4521 4696 4083
f 4083 4696 4697
f 4083 4697 4085
f 4085 4697 4666
f 4085 4666 4086
f 4086 4666 4088
f 4698 4149 4699
f 4699 4149 4147
f 4699 4147 4700
f 4700 4147 4519
f 4519 4147 4143
f 4519 4143 4142
f 4162 4160 4701
f 4701 4160 4702
f 4702 4160 4158
f 4702 4158 4703
f 4703 4158 4156
f 4703 4156 4704
f 4704 4156 4705
f 4705 4156 4154
f 4705 4154 4706
f 4706 4154 4152
f 4706 4152 4698
f 4698 4152 4150
f 4698 4150 4149
f 4168 4707 4169
f 4169 4707 4708
f 4169 4708 4171
f 4171 4708 4709
f 4171 4709 4174
f 4710 4711 4180
f 4185 4183 4712
f 4712 4183 4182
f 4712 4182 4713
f 4713 4182 4180
f 4713 4180 4714
f 4714 4180 4711
f 4180 4178 4710
f 4710 4178 4176
f 4710 4176 4715
f 4715 4176 4174
f 4715 4174 4716
f 4716 4174 4709
f 4701 4717 4162
f 4162 4717 4718
f 4162 4718 4164
f 4164 4718 4719
f 4164 4719 4166
f 4166 4719 4720
f 4166 4720 4168
f 4168 4720 4721
f 4168 4721 4707
f 4189 4722 4191
f 4191 4722 4723
f 4191 4723 4193
f 4193 4723 4724
f 4193 4724 4195
f 4195 4724 4725
f 4195 4725 4197
f 4204 4726 4207
f 4207 4726 4727
f 4207 4727 4209
f 4209 4727 4728
f 4209 4728 4210
f 4725 4729 4197
f 4197 4729 4730
f 4197 4730 4199
f 4199 4730 4731
f 4199 4731 4201
f 4201 4731 4732
f 4201 4732 4203
f 4203 4732 4733
f 4203 4733 4204
f 4204 4733 4734
f 4204 4734 4726
f 4218 4735 4220
f 4220 4735 4736
f 4220 4736 4222
f 4222 4736 4224
f 4728 4737 4210
f 4210 4737 4738
f 4210 4738 4212
f 4212 4738 4739
f 4212 4739 4214
f 4214 4739 4740
f 4214 4740 4216
f 4216 4740 4741
f 4216 4741 4218
f 4218 4741 4742
f 4218 4742 4735
f 4712 4743 4185
f 4185 4743 4744
f 4185 4744 4187
f 4187 4744 4745
f 4187 4745 4189
f 4189 4745 4746
f 4189 4746 4722
f 4747 4748 4120
f 4120 4748 4749
f 4120 4749 4118
f 4118 4749 4750
f 4118 4750 4519
f 4684 4751 4126
f 4126 4751 4752
f 4126 4752 4124
f 4124 4752 4747
f 4124 4747 4122
f 4122 4747 4120
f 4238 4753 4240
f 4240 4753 4754
f 4240 4754 4242
f 4242 4754 4755
f 4242 4755 4244
f 4244 4755 4756
f 4244 4756 4542
f 4736 4757 4224
f 4224 4757 4758
f 4224 4758 4226
f 4226 4758 4759
f 4226 4759 4228
f 4228 4759 4760
f 4228 4760 4230
f 4230 4760 4761
f 4230 4761 4231
f 4231 4761 4762
f 4231 4762 4234
f 4234 4762 4763
f 4234 4763 4236
f 4236 4763 4764
f 4236 4764 4238
f 4238 4764 4765
f 4238 4765 4753
f 4430 4527 3995
f 3995 4527 4528
f 3995 4528 3994
f 3994 4528 4529
f 3994 4529 3993
f 3993 4529 4530
f 3993 4530 3992
f 3998 4041 3999
f 3999 4041 4040
f 3999 4040 3996
f 3996 4040 4038
f 3996 4038 3997
f 3997 4038 4036
f 3997 4036 3995
f 3995 4036 4034
f 3995 4034 4430
f 4540 3986 4541
f 4541 3986 3991
f 3989 4533 3990
f 3990 4533 4532
f 3990 4532 3991
f 3991 4532 4537
f 3991 4537 4541
f 4530 4531 3992
f 3992 4531 4536
f 3992 4536 3988
f 3988 4536 4535
f 3988 4535 3989
f 3989 4535 4534
f 3989 4534 4533
f 4766 4767 4010
f 4010 4767 4011
f 4540 4539 3986
f 3986 4539 4538
f 3986 4538 3987
f 3987 4538 4768
f 3987 4768 3985
f 3985 4768 4769
f 3985 4769 3984
f 3984 4769 4770
f 3984 4770 4010
f 4010 4770 4771
f 4010 4771 4766
f 4004 4772 4000
f 4000 4772 4022
f 4000 4022 4001
f 4001 4022 4024
f 4001 4024 4002
f 4002 4024 4026
f 4002 4026 4003
f 4003 4026 4028
f 4003 4028 3998
f 3998 4028 4030
f 3998 4030 4041
f 4006 4773 4005
f 4005 4773 4774
f 4005 4774 4004
f 4004 4774 4775
f 4004 4775 4772
f 4007 4776 4006
f 4006 4776 4777
f 4006 4777 4773
f 4767 4778 4011
f 4011 4778 4779
f 4011 4779 4012
f 4012 4779 4780
f 4012 4780 4008
f 4008 4780 4781
f 4008 4781 4009
f 4009 4781 4782
f 4009 4782 4007
f 4007 4782 4783
f 4007 4783 4776
f 4031 4029 4784
f 4785 4013 4415
f 4013 4785 4014
f 4786 4377 4379
f 4377 4786 4375
f 4787 4788 4330
f 4789 4302 4289
f 4302 4789 4300
f 4790 4296 4298
f 4296 4790 4294
f 4791 4792 4256
f 4793 4145 4146
f 4794 4795 4114
f 4069 4070 4796
f 4766 4797 4767
f 4767 4797 4778
f 4797 4798 4778
f 4778 4798 4799
f 4778 4799 4779
f 4779 4799 4800
f 4779 4800 4780
f 4780 4800 4801
f 4780 4801 4781
f 4781 4801 4802
f 4781 4802 4782
f 4782 4802 4803
f 4803 4804 4782
f 4782 4804 4805
f 4782 4805 4783
f 4783 4805 4806
f 4783 4806 4776
f 4776 4806 4807
f 4776 4807 4777
f 4808 4774 4773
f 4777 4807 4773
f 4773 4807 4809
f 4773 4809 4808
f 4023 4022 4810
f 4774 4808 4775
f 4775 4808 4811
f 4775 4811 4772
f 4772 4811 4812
f 4772 4812 4022
f 4022 4812 4813
f 4022 4813 4810
f 4517 4042 4814
f 4814 4042 4044
f 4019 4815 4020
f 4020 4815 4816
f 4020 4816 4050
f 4050 4816 4817
f 4050 4817 4048
f 4048 4817 4818
f 4048 4818 4046
f 4046 4818 4819
f 4046 4819 4044
f 4044 4819 4820
f 4044 4820 4814
f 4058 4821 4055
f 4055 4821 4822
f 4055 4822 4053
f 4053 4822 4823
f 4053 4823 4019
f 4019 4823 4824
f 4019 4824 4815
f 4825 4826 4058
f 4058 4826 4827
f 4058 4827 4821
f 4058 4060 4825
f 4825 4060 4062
f 4825 4062 4828
f 4828 4062 4064
f 4069 4796 4066
f 4066 4796 4829
f 4066 4829 4064
f 4064 4829 4830
f 4064 4830 4828
f 4078 4831 4076
f 4076 4831 4832
f 4076 4832 4074
f 4074 4832 4833
f 4074 4833 4072
f 4072 4833 4834
f 4072 4834 4070
f 4070 4834 4835
f 4070 4835 4796
f 4082 4836 4080
f 4080 4836 4837
f 4080 4837 4078
f 4078 4837 4838
f 4078 4838 4831
f 4093 4839 4091
f 4091 4839 4840
f 4091 4840 4089
f 4089 4840 4841
f 4089 4841 4087
f 4087 4841 4842
f 4087 4842 4084
f 4084 4842 4843
f 4084 4843 4082
f 4082 4843 4844
f 4082 4844 4836
f 4103 4845 4101
f 4101 4845 4846
f 4101 4846 4099
f 4099 4846 4847
f 4099 4847 4097
f 4097 4847 4848
f 4097 4848 4095
f 4095 4848 4849
f 4095 4849 4093
f 4093 4849 4850
f 4093 4850 4839
f 4851 4852 4103
f 4103 4852 4853
f 4103 4853 4845
f 4103 4106 4851
f 4851 4106 4108
f 4851 4108 4854
f 4854 4108 4109
f 4854 4109 4855
f 4855 4109 4856
f 4856 4109 4795
f 4795 4109 4111
f 4795 4111 4114
f 4794 4114 4857
f 4857 4114 4115
f 4857 4115 4858
f 4858 4115 4117
f 4858 4117 4859
f 4859 4117 4139
f 4859 4139 4137
f 4131 4860 4133
f 4133 4860 4861
f 4133 4861 4135
f 4135 4861 4862
f 4135 4862 4137
f 4137 4862 4863
f 4137 4863 4859
f 4121 4864 4123
f 4123 4864 4865
f 4123 4865 4125
f 4125 4865 4866
f 4125 4866 4127
f 4127 4866 4867
f 4127 4867 4129
f 4129 4867 4868
f 4129 4868 4131
f 4131 4868 4869
f 4131 4869 4860
f 4145 4793 4144
f 4144 4793 4870
f 4144 4870 4119
f 4119 4870 4871
f 4119 4871 4121
f 4121 4871 4872
f 4121 4872 4864
f 4873 4874 4151
f 4151 4874 4875
f 4151 4875 4148
f 4148 4875 4876
f 4148 4876 4146
f 4146 4876 4877
f 4146 4877 4793
f 4151 4153 4873
f 4873 4153 4155
f 4873 4155 4878
f 4878 4155 4157
f 4878 4157 4879
f 4879 4157 4880
f 4880 4157 4881
f 4881 4157 4159
f 4881 4159 4161
f 4167 4882 4165
f 4165 4882 4883
f 4165 4883 4163
f 4163 4883 4884
f 4163 4884 4161
f 4161 4884 4885
f 4161 4885 4881
f 4886 4887 4167
f 4167 4887 4888
f 4167 4888 4882
f 4167 4170 4886
f 4886 4170 4172
f 4886 4172 4889
f 4889 4172 4173
f 4179 4890 4177
f 4177 4890 4891
f 4177 4891 4175
f 4175 4891 4892
f 4175 4892 4173
f 4173 4892 4893
f 4173 4893 4889
f 4894 4895 4186
f 4186 4895 4896
f 4186 4896 4184
f 4184 4896 4897
f 4184 4897 4181
f 4181 4897 4898
f 4181 4898 4179
f 4179 4898 4899
f 4179 4899 4890
f 4186 4188 4894
f 4894 4188 4190
f 4894 4190 4900
f 4900 4190 4901
f 4901 4190 4192
f 4901 4192 4902
f 4902 4192 4194
f 4902 4194 4903
f 4903 4194 4196
f 4903 4196 4904
f 4904 4196 4905
f 4905 4196 4198
f 4905 4198 4906
f 4906 4198 4200
f 4906 4200 4907
f 4907 4200 4908
f 4908 4200 4202
f 4908 4202 4205
f 4909 4910 4206
f 4206 4910 4911
f 4206 4911 4205
f 4205 4911 4912
f 4205 4912 4908
f 4913 4914 4211
f 4206 4208 4909
f 4909 4208 4211
f 4909 4211 4915
f 4915 4211 4914
f 4211 4213 4913
f 4913 4213 4215
f 4913 4215 4916
f 4916 4215 4217
f 4235 4917 4233
f 4233 4917 4918
f 4233 4918 4232
f 4232 4918 4919
f 4232 4919 4229
f 4229 4919 4920
f 4229 4920 4227
f 4227 4920 4921
f 4227 4921 4225
f 4225 4921 4922
f 4225 4922 4223
f 4223 4922 4923
f 4223 4923 4221
f 4221 4923 4924
f 4221 4924 4219
f 4219 4924 4925
f 4219 4925 4217
f 4217 4925 4926
f 4217 4926 4916
f 4243 4927 4241
f 4241 4927 4928
f 4241 4928 4239
f 4239 4928 4929
f 4239 4929 4237
f 4237 4929 4930
f 4237 4930 4235
f 4235 4930 4931
f 4235 4931 4917
f 4932 4933 4246
f 4246 4933 4934
f 4246 4934 4243
f 4243 4934 4935
f 4243 4935 4927
f 4246 4248 4932
f 4932 4248 4250
f 4932 4250 4936
f 4936 4250 4252
f 4256 4792 4254
f 4254 4792 4937
f 4254 4937 4252
f 4252 4937 4938
f 4252 4938 4936
f 4791 4256 4939
f 4939 4256 4258
f 4939 4258 4940
f 4940 4258 4260
f 4940 4260 4941
f 4941 4260 4262
f 4941 4262 4942
f 4942 4262 4943
f 4943 4262 4264
f 4943 4264 4944
f 4264 4267 4944
f 4944 4267 4269
f 4944 4269 4945
f 4945 4269 4270
f 4946 4947 4270
f 4270 4947 4948
f 4270 4948 4945
f 4270 4272 4946
f 4946 4272 4275
f 4946 4275 4949
f 4949 4275 4277
f 4283 4286 4950
f 4950 4286 4290
f 4950 4290 4292
f 4950 4951 4283
f 4283 4951 4952
f 4283 4952 4281
f 4281 4952 4953
f 4281 4953 4279
f 4279 4953 4954
f 4279 4954 4277
f 4277 4954 4955
f 4277 4955 4949
f 4790 4956 4294
f 4294 4956 4957
f 4294 4957 4292
f 4292 4957 4958
f 4292 4958 4950
f 4789 4959 4300
f 4300 4959 4960
f 4300 4960 4298
f 4298 4960 4961
f 4298 4961 4790
f 4288 4962 4289
f 4289 4962 4963
f 4289 4963 4789
f 4312 4964 4310
f 4310 4964 4965
f 4310 4965 4307
f 4307 4965 4966
f 4307 4966 4305
f 4305 4966 4967
f 4305 4967 4288
f 4288 4967 4968
f 4288 4968 4962
f 4322 4969 4320
f 4320 4969 4970
f 4320 4970 4318
f 4318 4970 4971
f 4318 4971 4316
f 4316 4971 4972
f 4316 4972 4314
f 4314 4972 4973
f 4314 4973 4312
f 4312 4973 4974
f 4312 4974 4964
f 4975 4976 4322
f 4322 4976 4977
f 4322 4977 4969
f 4322 4017 4975
f 4975 4017 4016
f 4975 4016 4978
f 4978 4016 4325
f 4978 4325 4979
f 4979 4325 4980
f 4980 4325 4788
f 4788 4325 4327
f 4788 4327 4330
f 4787 4330 4981
f 4981 4330 4331
f 4981 4331 4982
f 4982 4331 4337
f 4982 4337 4983
f 4983 4337 4339
f 4983 4339 4984
f 4984 4339 4985
f 4985 4339 4341
f 4985 4341 4986
f 4341 4343 4986
f 4986 4343 4345
f 4986 4345 4987
f 4987 4345 4988
f 4988 4345 4347
f 4988 4347 4989
f 4989 4347 4990
f 4990 4347 4349
f 4990 4349 4991
f 4991 4349 4351
f 4991 4351 4992
f 4992 4351 4993
f 4993 4351 4353
f 4993 4353 4994
f 4994 4353 4355
f 4994 4355 4995
f 4995 4355 4334
f 4995 4334 4996
f 4996 4334 4997
f 4997 4334 4333
f 4997 4333 4998
f 4998 4333 4358
f 4998 4358 4999
f 4999 4358 4360
f 4999 4360 5000
f 5000 4360 4363
f 5000 4363 5001
f 5001 4363 4364
f 5001 4364 5002
f 5002 4364 5003
f 5003 4364 4367
f 5003 4367 5004
f 5004 4367 4369
f 5004 4369 5005
f 5005 4369 4371
f 5005 4371 4373
f 4786 5006 4375
f 4375 5006 5007
f 4375 5007 4373
f 4373 5007 5008
f 4373 5008 5005
f 5009 5010 4383
f 4383 5010 5011
f 4383 5011 4381
f 4381 5011 5012
f 4381 5012 4379
f 4379 5012 5013
f 4379 5013 4786
f 4383 4385 5009
f 5009 4385 4388
f 5009 4388 5014
f 5014 4388 4390
f 4393 5015 4392
f 4392 5015 5016
f 4392 5016 4390
f 4390 5016 5017
f 4390 5017 5014
f 4404 5018 4402
f 4402 5018 5019
f 4402 5019 4400
f 4400 5019 5020
f 4400 5020 4398
f 4398 5020 5021
f 4398 5021 4396
f 4396 5021 5022
f 4396 5022 4393
f 4393 5022 5023
f 4393 5023 5015
f 4785 5024 4014
f 4014 5024 5025
f 4014 5025 4412
f 4412 5025 5026
f 4412 5026 4410
f 4410 5026 5027
f 4410 5027 4408
f 4408 5027 5028
f 4408 5028 4406
f 4406 5028 5029
f 4406 5029 4404
f 4404 5029 5030
f 4404 5030 5018
f 5031 5032 4417
f 4417 5032 5033
f 4417 5033 4415
f 4415 5033 5034
f 4415 5034 4785
f 4417 4419 5031
f 5031 4419 4421
f 5031 4421 5035
f 5035 4421 5036
f 5036 4421 4423
f 5036 4423 5037
f 5037 4423 4426
f 5037 4426 5038
f 5038 4426 4428
f 5038 4428 4033
f 4035 5039 4033
f 4033 5039 5040
f 4033 5040 5038
f 4031 4784 4032
f 4784 5041 4032
f 4032 5041 5042
f 4032 5042 4039
f 4039 5042 5043
f 4039 5043 4037
f 4037 5043 5044
f 4037 5044 4035
f 4035 5044 5045
f 4035 5045 5039
f 4810 5046 4023
f 4023 5046 5047
f 4023 5047 4025
f 4025 5047 5048
f 4025 5048 4027
f 4027 5048 5049
f 4027 5049 4029
f 4029 5049 5050
f 4029 5050 4784
f 4442 5051 4444
f 4444 5051 5052
f 4444 5052 4445
f 4445 5052 5053
f 4445 5053 4435
f 4435 5053 5054
f 4435 5054 4437
f 4437 5054 5055
f 4437 5055 4438
f 4438 5055 5056
f 4438 5056 4431
f 5057 5058 4442
f 4442 5058 5059
f 4442 5059 5051
f 4442 4440 5057
f 5057 4440 4450
f 5057 4450 5060
f 5060 4450 4449
f 4456 5061 4457
f 4457 5061 5062
f 4457 5062 4447
f 4447 5062 5063
f 4447 5063 4449
f 4449 5063 5064
f 4449 5064 5060
f 4459 5065 4460
f 4460 5065 5066
f 4460 5066 4462
f 4462 5066 5067
f 4462 5067 4463
f 4463 5067 5068
f 4463 5068 4452
f 4452 5068 5069
f 4452 5069 4454
f 4454 5069 5070
f 4454 5070 4456
f 4456 5070 5071
f 4456 5071 5061
f 4482 5072 4481
f 4481 5072 5073
f 4481 5073 4480
f 4480 5073 5074
f 4480 5074 4475
f 4475 5074 5075
f 4475 5075 4476
f 4476 5075 5076
f 4476 5076 4477
f 5076 5077 4477
f 4477 5077 5078
f 4477 5078 4478
f 4478 5078 5079
f 4478 5079 4479
f 4479 5079 5080
f 4479 5080 4472
f 4472 5080 5081
f 4472 5081 4473
f 5081 5082 4473
f 4473 5082 5083
f 4473 5083 4474
f 4474 5083 5084
f 4474 5084 4468
f 4468 5084 5085
f 4468 5085 4469
f 4469 5085 5086
f 4469 5086 4470
f 4470 5086 5087
f 4470 5087 4471
f 4471 5087 4465
f 5087 5088 4465
f 4465 5088 5089
f 4465 5089 4466
f 4466 5089 5090
f 4466 5090 4467
f 4467 5090 5091
f 4467 5091 4464
f 5092 5093 5094
f 5094 5093 5095
f 5094 5095 5096
f 5096 5095 5097
f 5098 5099 5100
f 5100 5099 5101
f 5100 5101 5102
f 5102 5101 5103
f 5104 5105 5106
f 5106 5105 5107
f 5106 5107 5108
f 5108 5107 5109
f 5110 5111 5112
f 5112 5111 5113
f 5112 5113 5114
f 5114 5113 5115
f 4498 4497 5116
f 5116 4497 4496
f 5116 4496 5117
f 5117 4496 4502
f 5117 4502 5118
f 5118 4502 4501
f 5118 4501 5119
f 5119 4501 4500
f 5119 4500 5120
f 5116 5121 4498
f 4498 5121 5122
f 4498 5122 4499
f 4499 5122 5123
f 4499 5123 4483
f 4483 5123 5124
f 4483 5124 4493
f 4493 5124 5125
f 4493 5125 4494
f 4494 5125 5126
f 5127 4484 5128
f 5128 4484 4485
f 5128 4485 5129
f 5129 4485 4486
f 5129 4486 5130
f 5130 4486 4489
f 5130 4489 5131
f 5131 4489 4488
f 5131 4488 5132
f 5132 4488 4487
f 5132 4487 5133
f 5133 4487 4490
f 5133 4490 5134
f 5134 4490 5135
f 5135 4490 4492
f 5135 4492 5136
f 5136 4492 4491
f 5136 4491 5126
f 5126 4491 4495
f 5126 4495 4494
f 4504 4507 5137
f 5137 4507 4506
f 5137 4506 4505
f 5137 4505 5138
f 5137 5139 4504
f 4504 5139 5140
f 4504 5140 4503
f 4503 5140 5141
f 4503 5141 4508
f 4508 5141 5142
f 4508 5142 4509
f 4509 5142 5143
f 4509 5143 4510
f 4510 5143 5144
f 4510 5144 4511
f 4511 5144 5145
f 4511 5145 4512
f 4512 5145 5146
f 4512 5146 4513
f 4513 5146 5147
f 4513 5147 4514
f 4514 5147 5148
f 4514 5148 4515
f 4515 5148 5149
f 4515 5149 4516
f 4516 5149 5150
f 4518 4517 5151
f 4648 4647 4859
f 4642 4518 4857
f 4647 4643 4859
f 4859 4643 4642
f 4859 4642 4858
f 4858 4642 4857
f 4859 4863 4648
f 4648 4863 4862
f 4648 4862 4649
f 4649 4862 4861
f 4649 4861 4650
f 4650 4861 4860
f 4650 4860 4651
f 4651 4860 4644
f 4662 4661 4866
f 4866 4661 4646
f 4866 4646 4867
f 4867 4646 4645
f 4867 4645 4868
f 4868 4645 4644
f 4868 4644 4869
f 4869 4644 4860
f 4652 4665 4871
f 4871 4665 4664
f 4871 4664 4872
f 4872 4664 4663
f 4872 4663 4864
f 4864 4663 4662
f 4864 4662 4865
f 4865 4662 4866
f 4871 4870 4652
f 4652 4870 4793
f 4652 4793 4653
f 4653 4793 4877
f 4653 4877 4656
f 4659 4660 4873
f 4873 4660 4655
f 4656 4877 4657
f 4657 4877 4876
f 4657 4876 4654
f 4654 4876 4875
f 4654 4875 4655
f 4655 4875 4874
f 4655 4874 4873
f 4659 4873 4658
f 4658 4873 4878
f 4658 4878 4520
f 4878 4879 4520
f 4520 4879 4880
f 4520 4880 4521
f 4521 4880 4881
f 4521 4881 4696
f 4696 4881 4697
f 4881 4885 4697
f 4697 4885 4884
f 4697 4884 4666
f 4666 4884 4883
f 4666 4883 4667
f 4667 4883 4882
f 4667 4882 4668
f 4668 4882 4669
f 4882 4888 4669
f 4669 4888 4887
f 4669 4887 4670
f 4670 4887 4886
f 4670 4886 4675
f 4675 4886 4889
f 4678 4892 4891
f 4678 4891 4679
f 4679 4891 4890
f 4679 4890 4680
f 4892 4678 4893
f 4893 4678 4677
f 4893 4677 4889
f 4889 4677 4676
f 4889 4676 4675
f 4680 4890 4671
f 4671 4890 4899
f 4671 4899 4672
f 4672 4899 4898
f 4672 4898 4897
f 4900 4694 4693
f 4900 4693 4894
f 4894 4693 4692
f 4894 4692 4895
f 4895 4692 4691
f 4895 4691 4896
f 4896 4691 4674
f 4896 4674 4897
f 4897 4674 4673
f 4897 4673 4672
f 4694 4900 4695
f 4695 4900 4901
f 4695 4901 4683
f 4901 4902 4683
f 4683 4902 4903
f 4683 4903 4681
f 4681 4903 4904
f 4681 4904 4682
f 4682 4904 4686
f 4686 4904 4905
f 4686 4905 4687
f 4905 4906 4687
f 4687 4906 4907
f 4687 4907 4688
f 4688 4907 4908
f 4688 4908 4689
f 4689 4908 4690
f 4690 4908 4912
f 4690 4912 4685
f 4685 4912 4911
f 4685 4911 4910
f 4923 4698 4699
f 4923 4699 4924
f 4924 4699 4700
f 4924 4700 4925
f 4925 4700 4519
f 4925 4519 4926
f 4926 4519 4750
f 4926 4750 4916
f 4916 4750 4749
f 4916 4749 4913
f 4913 4749 4748
f 4913 4748 4914
f 4914 4748 4747
f 4914 4747 4915
f 4915 4747 4752
f 4915 4752 4909
f 4909 4752 4751
f 4909 4751 4910
f 4910 4751 4684
f 4910 4684 4685
f 4919 4703 4704
f 4919 4704 4920
f 4923 4922 4698
f 4698 4922 4921
f 4698 4921 4706
f 4706 4921 4920
f 4706 4920 4705
f 4705 4920 4704
f 4919 4918 4703
f 4703 4918 4917
f 4703 4917 4702
f 4702 4917 4931
f 4702 4931 4701
f 4701 4931 4930
f 4701 4930 4717
f 4717 4930 4718
f 4718 4930 4929
f 4718 4929 4719
f 4929 4928 4719
f 4719 4928 4927
f 4719 4927 4720
f 4720 4927 4721
f 4721 4927 4935
f 4721 4935 4707
f 4707 4935 4934
f 4707 4934 4708
f 4708 4934 4933
f 4708 4933 4709
f 4709 4933 4932
f 4709 4932 4716
f 4710 4937 4711
f 4711 4937 4792
f 4711 4792 4714
f 4714 4792 4713
f 4716 4932 4715
f 4715 4932 4936
f 4715 4936 4710
f 4710 4936 4938
f 4710 4938 4937
f 4745 4744 4941
f 4941 4744 4743
f 4941 4743 4940
f 4940 4743 4712
f 4940 4712 4939
f 4939 4712 4713
f 4939 4713 4791
f 4791 4713 4792
f 4941 4942 4745
f 4745 4942 4943
f 4745 4943 4746
f 4746 4943 4944
f 4746 4944 4722
f 4722 4944 4723
f 4723 4944 4945
f 4723 4945 4724
f 4724 4945 4948
f 4724 4948 4725
f 4725 4948 4947
f 4725 4947 4946
f 4732 4954 4953
f 4954 4732 4955
f 4955 4732 4731
f 4955 4731 4949
f 4949 4731 4730
f 4949 4730 4946
f 4946 4730 4729
f 4946 4729 4725
f 4737 4728 4958
f 4958 4728 4950
f 4950 4728 4727
f 4950 4727 4951
f 4951 4727 4726
f 4951 4726 4952
f 4952 4726 4734
f 4952 4734 4953
f 4953 4734 4733
f 4953 4733 4732
f 4737 4958 4738
f 4738 4958 4957
f 4738 4957 4739
f 4957 4956 4739
f 4739 4956 4790
f 4739 4790 4740
f 4740 4790 4961
f 4740 4961 4741
f 4741 4961 4960
f 4741 4960 4742
f 4742 4960 4735
f 4960 4959 4735
f 4735 4959 4789
f 4735 4789 4736
f 4736 4789 4963
f 4736 4963 4757
f 4757 4963 4758
f 4758 4963 4962
f 4758 4962 4759
f 4759 4962 4968
f 4759 4968 4967
f 4754 4753 4973
f 4973 4753 4765
f 4973 4765 4974
f 4974 4765 4764
f 4974 4764 4964
f 4964 4764 4763
f 4964 4763 4965
f 4965 4763 4762
f 4965 4762 4966
f 4966 4762 4761
f 4966 4761 4967
f 4967 4761 4760
f 4967 4760 4759
f 4543 4542 4969
f 4969 4542 4756
f 4969 4756 4970
f 4970 4756 4755
f 4970 4755 4971
f 4971 4755 4754
f 4971 4754 4972
f 4972 4754 4973
f 4969 4977 4543
f 4543 4977 4976
f 4543 4976 4544
f 4544 4976 4975
f 4544 4975 4551
f 4551 4975 4978
f 4551 4978 4550
f 4550 4978 4549
f 4978 4979 4549
f 4549 4979 4980
f 4549 4980 4547
f 4547 4980 4788
f 4546 4982 4983
f 4982 4546 4981
f 4981 4546 4545
f 4981 4545 4787
f 4787 4545 4788
f 4788 4545 4548
f 4788 4548 4547
f 4558 4557 4987
f 4987 4557 4554
f 4987 4554 4986
f 4986 4554 4526
f 4986 4526 4985
f 4985 4526 4552
f 4985 4552 4984
f 4984 4552 4553
f 4984 4553 4983
f 4983 4553 4559
f 4983 4559 4546
f 4987 4988 4558
f 4558 4988 4989
f 4558 4989 4555
f 4555 4989 4990
f 4555 4990 4556
f 4556 4990 4991
f 4556 4991 4585
f 4585 4991 4586
f 4991 4992 4586
f 4586 4992 4993
f 4586 4993 4587
f 4587 4993 4994
f 4587 4994 4588
f 4588 4994 4995
f 4588 4995 4589
f 4589 4995 4590
f 4995 4996 4590
f 4590 4996 4997
f 4590 4997 4591
f 4591 4997 4998
f 4999 4593 4998
f 4998 4593 4592
f 4998 4592 4591
f 5000 4595 4999
f 4999 4595 4594
f 4999 4594 4593
f 5000 5001 4595
f 4595 5001 5002
f 4595 5002 4596
f 4596 5002 4562
f 4562 5002 5003
f 4562 5003 4563
f 4563 5003 5004
f 4563 5004 4564
f 4564 5004 5005
f 4564 5005 5008
f 4580 4579 5013
f 5013 4579 4786
f 4786 4579 4578
f 4786 4578 5006
f 5006 4578 4561
f 5006 4561 5007
f 5007 4561 4560
f 5007 4560 5008
f 5008 4560 4565
f 5008 4565 4564
f 4580 5013 4581
f 4581 5013 5012
f 4581 5012 4582
f 5012 5011 4582
f 4582 5011 5010
f 4582 5010 4583
f 4583 5010 5009
f 4583 5009 4584
f 4584 5009 4566
f 5015 4568 5016
f 5016 4568 4567
f 5016 4567 5017
f 5017 4567 4566
f 5017 4566 5014
f 5014 4566 5009
f 4575 5022 5021
f 5022 4575 5023
f 5023 4575 4574
f 5023 4574 5015
f 5015 4574 4573
f 5015 4573 4568
f 4570 4569 5020
f 5020 4569 4577
f 5020 4577 5021
f 5021 4577 4576
f 5021 4576 4575
f 5020 5019 4570
f 4570 5019 5018
f 4570 5018 4571
f 4571 5018 5030
f 4571 5030 4572
f 4572 5030 5029
f 4572 5029 4637
f 4637 5029 4638
f 5029 5028 4638
f 4638 5028 5027
f 4638 5027 4639
f 4639 5027 5026
f 4639 5026 4640
f 4640 5026 5025
f 4640 5025 4641
f 4641 5025 4597
f 5025 5024 4597
f 4597 5024 4785
f 4597 4785 4598
f 4598 4785 5034
f 4598 5034 4599
f 4599 5034 4600
f 4600 5034 5033
f 4600 5033 4601
f 5033 5032 4601
f 4601 5032 5031
f 4601 5031 4603
f 4603 5031 5035
f 5043 4608 4609
f 5043 4609 5044
f 5044 4609 4610
f 5044 4610 5045
f 5045 4610 4523
f 5045 4523 5039
f 5039 4523 4522
f 5039 4522 5040
f 5040 4522 4604
f 5040 4604 5038
f 5038 4604 4605
f 5038 4605 5037
f 5037 4605 4525
f 5037 4525 5036
f 5036 4525 4524
f 5036 4524 5035
f 5035 4524 4602
f 5035 4602 4603
f 4612 4611 5049
f 5049 4611 4606
f 5049 4606 5050
f 5050 4606 4607
f 5043 5042 4608
f 4608 5042 5041
f 4608 5041 4607
f 4607 5041 4784
f 4607 4784 5050
f 5049 5048 4612
f 4612 5048 5047
f 4612 5047 4613
f 4613 5047 5046
f 4613 5046 4614
f 4614 5046 4810
f 4614 4810 4615
f 4615 4810 4813
f 4615 4813 4616
f 4616 4813 4812
f 4616 4812 4630
f 4630 4812 4811
f 4630 4811 4808
f 4634 4633 4809
f 4809 4633 4632
f 4809 4632 4808
f 4808 4632 4631
f 4808 4631 4630
f 4809 4807 4634
f 4634 4807 4806
f 4634 4806 4635
f 4635 4806 4805
f 4635 4805 4636
f 4636 4805 4804
f 4636 4804 4617
f 4617 4804 4803
f 4617 4803 4618
f 4624 4623 4800
f 4800 4623 4619
f 4800 4619 4801
f 4801 4619 4618
f 4801 4618 4802
f 4802 4618 4803
f 4625 4766 4626
f 4626 4766 4771
f 4800 4799 4624
f 4624 4799 4798
f 4624 4798 4625
f 4625 4798 4797
f 4625 4797 4766
f 4538 4622 4768
f 4768 4622 4621
f 4768 4621 4769
f 4621 4620 4769
f 4769 4620 4629
f 4769 4629 4770
f 4770 4629 4628
f 4770 4628 4771
f 4771 4628 4627
f 4771 4627 4626
f 5152 4855 5153
f 5153 4855 4856
f 5153 4856 5151
f 5151 4856 4795
f 5151 4795 4518
f 4518 4795 4794
f 4518 4794 4857
f 5154 4852 5155
f 5155 4852 4851
f 5155 4851 5152
f 5152 4851 4854
f 5152 4854 4855
f 5156 4847 5157
f 5157 4847 4846
f 5157 4846 5158
f 5158 4846 4845
f 5158 4845 5154
f 5154 4845 4853
f 5154 4853 4852
f 5159 4839 5160
f 5160 4839 4850
f 5160 4850 5161
f 5161 4850 4849
f 5161 4849 5156
f 5156 4849 4848
f 5156 4848 4847
f 5162 4842 5163
f 5163 4842 4841
f 5163 4841 5159
f 5159 4841 4840
f 5159 4840 4839
f 5164 4831 5165
f 5165 4831 4838
f 5165 4838 5166
f 4838 4837 5166
f 5166 4837 4836
f 5166 4836 5167
f 5167 4836 4844
f 5167 4844 5162
f 5162 4844 4843
f 5162 4843 4842
f 5168 4835 5169
f 5169 4835 4834
f 5169 4834 5170
f 5170 4834 4833
f 5170 4833 5164
f 5164 4833 4832
f 5164 4832 4831
f 5171 4830 5172
f 5172 4830 4829
f 5172 4829 5168
f 5168 4829 4796
f 5168 4796 4835
f 5173 4826 5174
f 5174 4826 4825
f 5174 4825 5171
f 5171 4825 4828
f 5171 4828 4830
f 5175 4824 5176
f 5176 4824 4823
f 5176 4823 5177
f 5177 4823 4822
f 5177 4822 5178
f 5178 4822 4821
f 5178 4821 5173
f 5173 4821 4827
f 5173 4827 4826
f 5179 4817 5180
f 5180 4817 4816
f 5180 4816 5175
f 5175 4816 4815
f 5175 4815 4824
f 4517 4814 5181
f 5181 4814 5182
f 4814 4820 5182
f 5182 4820 4819
f 5182 4819 5179
f 5179 4819 4818
f 5179 4818 4817
f 5183 5184 5056
f 5056 5055 5183
f 5183 5055 5054
f 5183 5054 5185
f 5065 5186 5187
f 5188 5062 5189
f 5189 5062 5061
f 5189 5061 5190
f 5061 5071 5190
f 5190 5071 5070
f 5190 5070 5191
f 5070 5069 5191
f 5191 5069 5068
f 5191 5068 5192
f 5192 5068 5067
f 5192 5067 5187
f 5187 5067 5066
f 5187 5066 5065
f 5193 5064 5188
f 5188 5064 5063
f 5188 5063 5062
f 5054 5053 5185
f 5185 5053 5052
f 5185 5052 5194
f 5052 5051 5194
f 5194 5051 5059
f 5194 5059 5195
f 5195 5059 5058
f 5195 5058 5196
f 5196 5058 5057
f 5196 5057 5193
f 5193 5057 5060
f 5193 5060 5064
f 5072 5197 5073
f 5073 5197 5198
f 5073 5198 5074
f 5074 5198 5199
f 5200 5201 5079
f 5079 5078 5200
f 5200 5078 5077
f 5200 5077 5202
f 5202 5077 5076
f 5202 5076 5199
f 5199 5076 5075
f 5199 5075 5074
f 5203 5082 5204
f 5204 5082 5081
f 5204 5081 5201
f 5201 5081 5080
f 5201 5080 5079
f 5205 5206 5086
f 5086 5085 5205
f 5205 5085 5207
f 5207 5085 5084
f 5207 5084 5203
f 5203 5084 5083
f 5203 5083 5082
f 5208 5209 5091
f 5091 5090 5208
f 5208 5090 5089
f 5208 5089 5210
f 5210 5089 5088
f 5210 5088 5206
f 5206 5088 5087
f 5206 5087 5086
f 5211 5212 5094
f 5094 5212 5092
f 5213 5211 5096
f 5096 5211 5094
f 5214 5213 5097
f 5097 5213 5096
f 5215 5214 5095
f 5095 5214 5097
f 5216 5215 5093
f 5093 5215 5095
f 5212 5216 5092
f 5092 5216 5093
f 5217 5218 5100
f 5100 5218 5098
f 5219 5217 5102
f 5102 5217 5100
f 5220 5219 5103
f 5103 5219 5102
f 5221 5220 5101
f 5101 5220 5103
f 5222 5221 5099
f 5099 5221 5101
f 5218 5222 5098
f 5098 5222 5099
f 5223 5224 5107
f 5107 5224 5109
f 5225 5223 5105
f 5105 5223 5107
f 5226 5225 5104
f 5104 5225 5105
f 5227 5226 5106
f 5106 5226 5104
f 5228 5227 5108
f 5108 5227 5106
f 5224 5228 5109
f 5109 5228 5108
f 5229 5230 5113
f 5113 5230 5115
f 5231 5229 5111
f 5111 5229 5113
f 5232 5231 5110
f 5110 5231 5111
f 5233 5232 5112
f 5112 5232 5110
f 5234 5233 5114
f 5114 5233 5112
f 5230 5234 5115
f 5115 5234 5114
f 5235 5236 5121
f 5237 5238 5126
f 5239 5240 5127
f 5127 5128 5239
f 5239 5128 5129
f 5239 5129 5241
f 5241 5129 5130
f 5241 5130 5242
f 5126 5238 5136
f 5136 5238 5243
f 5136 5243 5135
f 5130 5131 5242
f 5242 5131 5132
f 5242 5132 5244
f 5244 5132 5133
f 5244 5133 5243
f 5243 5133 5134
f 5243 5134 5135
f 5126 5125 5237
f 5237 5125 5124
f 5237 5124 5245
f 5245 5124 5123
f 5245 5123 5236
f 5236 5123 5122
f 5236 5122 5121
f 5120 5246 5247
f 5121 5116 5235
f 5235 5116 5117
f 5235 5117 5248
f 5248 5117 5118
f 5248 5118 5247
f 5247 5118 5119
f 5247 5119 5120
f 5249 5250 5138
f 5138 5250 5251
f 5138 5251 5137
f 5141 5140 5252
f 5252 5140 5253
f 5253 5140 5139
f 5253 5139 5251
f 5251 5139 5137
f 5144 5143 5254
f 5252 5255 5141
f 5141 5255 5256
f 5141 5256 5142
f 5142 5256 5257
f 5142 5257 5143
f 5143 5257 5258
f 5143 5258 5254
f 5254 5259 5144
f 5144 5259 5260
f 5144 5260 5145
f 5145 5260 5261
f 5145 5261 5146
f 5261 5262 5146
f 5146 5262 5263
f 5146 5263 5147
f 5264 5149 5148
f 5263 5265 5147
f 5147 5265 5266
f 5147 5266 5148
f 5148 5266 5267
f 5148 5267 5264
f 5264 5268 5149
f 5149 5268 5269
f 5149 5269 5150
f 5157 5158 5194
f 5180 5198 5179
f 5179 5198 5197
f 5179 5197 5182
f 5194 5158 5185
f 5185 5158 5154
f 5185 5154 5183
f 5183 5154 5155
f 5183 5155 5184
f 5184 5155 5152
f 5184 5152 5153
f 5169 5209 5168
f 5168 5209 5208
f 5168 5208 5172
f 5172 5208 5210
f 5172 5210 5171
f 5171 5210 5206
f 5171 5206 5174
f 5174 5206 5205
f 5174 5205 5173
f 5173 5205 5207
f 5173 5207 5178
f 5178 5207 5203
f 5163 5192 5162
f 5162 5192 5187
f 5162 5187 5167
f 5167 5187 5186
f 5167 5186 5166
f 5194 5195 5157
f 5157 5195 5196
f 5157 5196 5156
f 5156 5196 5193
f 5156 5193 5161
f 5161 5193 5188
f 5161 5188 5160
f 5160 5188 5189
f 5160 5189 5159
f 5159 5189 5190
f 5159 5190 5163
f 5163 5190 5191
f 5163 5191 5192
f 5204 5176 5203
f 5203 5176 5177
f 5203 5177 5178
f 5204 5201 5176
f 5176 5201 5200
f 5176 5200 5175
f 5175 5200 5202
f 5175 5202 5180
f 5180 5202 5199
f 5180 5199 5198
f 5169 5170 5209
f 5209 5170 5164
f 5209 5164 5186
f 5186 5164 5165
f 5186 5165 5166
f 5153 5151 5184
f 5184 5151 4517
f 5184 4517 5197
f 5197 4517 5181
f 5197 5181 5182
f 5270 5271 5272
f 5273 5274 5275
f 5276 5273 5272
f 5272 5273 5275
f 5272 5275 5277
f 5278 5279 5280
f 5280 5279 5281
f 5277 5282 5272
f 5272 5282 5283
f 5272 5283 5284
f 5272 5285 5286
f 5276 5287 5273
f 5273 5287 5280
f 5273 5280 5288
f 5288 5280 5281
f 5289 5285 5290
f 5290 5285 5272
f 5290 5272 5291
f 5291 5272 5284
f 5286 5292 5272
f 5272 5292 5293
f 5272 5293 5270
f 5270 5293 5294
f 5270 5294 5295
f 5296 5297 5298
f 5298 5297 5299
f 5298 5299 5280
f 5280 5299 5300
f 5280 5300 5278
f 5301 5302 5303
f 5304 5305 5306
f 5303 5305 5307
f 5303 5308 5309
f 5303 5310 5311
f 5303 5312 5305
f 5305 5312 5313
f 5305 5313 5306
f 5314 5308 5315
f 5315 5308 5303
f 5315 5303 5316
f 5316 5303 5307
f 5309 5317 5303
f 5303 5317 5318
f 5303 5318 5319
f 5311 5320 5303
f 5303 5320 5321
f 5303 5321 5301
f 5301 5321 5322
f 5301 5322 5323
f 5324 5325 5326
f 5326 5325 5327
f 5326 5327 5306
f 5306 5327 5328
f 5306 5328 5304
f 5329 5310 5330
f 5330 5310 5303
f 5330 5303 5331
f 5331 5303 5319
f 5332 5333 5214
f 5214 5333 5213
f 5334 5335 5211
f 5211 5335 5212
f 5335 5336 5212
f 5212 5336 5337
f 5212 5337 5216
f 5333 5338 5213
f 5213 5338 5339
f 5213 5339 5211
f 5211 5339 5340
f 5211 5340 5334
f 5332 5214 5341
f 5341 5214 5215
f 5341 5215 5342
f 5337 5343 5216
f 5216 5343 5344
f 5216 5344 5215
f 5215 5344 5345
f 5215 5345 5342
f 5346 5347 5220
f 5220 5347 5219
f 5348 5217 5349
f 5349 5217 5219
f 5349 5219 5350
f 5350 5219 5347
f 5351 5222 5218
f 5348 5352 5217
f 5217 5352 5353
f 5217 5353 5218
f 5218 5353 5354
f 5218 5354 5351
f 5346 5220 5355
f 5355 5220 5221
f 5355 5221 5356
f 5351 5357 5222
f 5222 5357 5358
f 5222 5358 5221
f 5221 5358 5359
f 5221 5359 5356
f 5360 5223 5361
f 5361 5223 5225
f 5361 5225 5362
f 5362 5225 5226
f 5362 5226 5363
f 5363 5226 5364
f 5364 5226 5227
f 5364 5227 5365
f 5360 5366 5223
f 5223 5366 5367
f 5223 5367 5224
f 5367 5368 5224
f 5224 5368 5369
f 5224 5369 5228
f 5228 5369 5370
f 5228 5370 5227
f 5227 5370 5371
f 5227 5371 5365
f 5231 5372 5373
f 5374 5234 5230
f 5231 5373 5229
f 5373 5375 5229
f 5229 5375 5376
f 5229 5376 5230
f 5230 5376 5377
f 5230 5377 5374
f 5372 5231 5378
f 5378 5231 5232
f 5378 5232 5379
f 5379 5232 5380
f 5380 5232 5233
f 5380 5233 5381
f 5374 5382 5234
f 5234 5382 5383
f 5234 5383 5233
f 5233 5383 5384
f 5233 5384 5381
f 5247 5246 5385
f 5385 5386 5247
f 5247 5386 5387
f 5247 5387 5248
f 5248 5387 5388
f 5248 5388 5235
f 5388 5389 5235
f 5235 5389 5390
f 5235 5390 5236
f 5236 5390 5391
f 5236 5391 5245
f 5245 5391 5392
f 5245 5392 5237
f 5392 5393 5237
f 5237 5393 5394
f 5237 5394 5238
f 5238 5394 5395
f 5238 5395 5243
f 5395 5396 5243
f 5243 5396 5397
f 5243 5397 5244
f 5244 5397 5398
f 5244 5398 5242
f 5399 5240 5400
f 5400 5240 5239
f 5400 5239 5401
f 5401 5239 5241
f 5401 5241 5402
f 5402 5241 5242
f 5402 5242 5403
f 5403 5242 5398
f 5150 5269 5404
f 5184 5405 5406
f 5406 5405 5407
f 5408 5409 5406
f 5406 5409 5410
f 5410 5411 5385
f 5197 5072 5184
f 5184 5072 4482
f 5184 4482 3935
f 5120 4500 5246
f 5246 4500 4432
f 5056 5184 4431
f 4431 5184 5406
f 4431 5406 4432
f 4432 5406 5410
f 4432 5410 5246
f 5246 5410 5385
f 3934 3963 3935
f 3935 3963 4516
f 3935 4516 5184
f 5184 4516 5150
f 5184 5150 5405
f 5405 5150 5404
f 5408 5412 5409
f 5409 5412 5413
f 5409 5413 5414
f 5414 5413 5415
f 5416 5404 5269
f 5269 5268 5416
f 5416 5268 5264
f 5416 5264 5417
f 5417 5264 5267
f 5417 5267 5418
f 5418 5267 5266
f 5418 5266 5419
f 5419 5266 5265
f 5419 5265 5420
f 5265 5263 5420
f 5420 5263 5262
f 5420 5262 5421
f 5421 5262 5261
f 5421 5261 5422
f 5422 5261 5260
f 5422 5260 5423
f 5260 5259 5423
f 5423 5259 5254
f 5423 5254 5424
f 5424 5254 5258
f 5424 5258 5425
f 5425 5258 5426
f 5258 5257 5426
f 5426 5257 5256
f 5426 5256 5427
f 5427 5256 5255
f 5427 5255 5428
f 5255 5252 5428
f 5428 5252 5253
f 5428 5253 5429
f 5429 5253 5430
f 5249 5431 5250
f 5250 5431 5430
f 5250 5430 5251
f 5251 5430 5253
f 5432 5433 5434
f 5434 5433 5435
f 5434 5435 5436
f 5436 5435 5437
f 5432 5434 5438
f 5438 5434 5439
f 5186 5065 5209
f 5209 5065 4459
f 5209 4459 4458
f 5440 5441 5399
f 5399 5441 5438
f 5399 5438 5240
f 5431 5249 5442
f 5442 5249 5138
f 4484 5127 4458
f 4458 5127 5240
f 4458 5240 5209
f 5209 5240 5438
f 4505 5438 5138
f 5138 5438 5439
f 5138 5439 5442
f 3983 3930 4505
f 4505 3930 3929
f 4505 3929 5438
f 5438 3929 4464
f 5438 4464 5209
f 5209 4464 5091
f 5443 5444 5445
f 5445 5446 5443
f 5443 5446 5447
f 5443 5447 5448
f 5448 5447 5449
f 5448 5449 5450
f 5450 5449 5451
f 5450 5451 5452
f 5452 5451 5453
f 5452 5453 5454
f 5454 5453 5455
f 5454 5455 5456
f 5456 5455 5457
f 5456 5457 5458
f 5459 5460 5461
f 5461 5460 5458
f 5461 5458 5462
f 5462 5458 5457
f 5460 5459 5463
f 5460 5463 5464
f 5465 5466 5467
f 5467 5466 5468
f 5463 5469 5464
f 5464 5469 5470
f 5464 5470 5471
f 5471 5470 5472
f 5471 5472 5473
f 5473 5472 5474
f 5473 5474 5475
f 5475 5474 5468
f 5475 5468 5476
f 5476 5468 5466
f 5477 5478 5479
f 5479 5478 5480
f 5479 5480 5481
f 5480 5482 5483
f 5481 5480 5484
f 5484 5480 5483
f 5484 5483 5485
f 5486 5477 5487
f 5487 5477 5479
f 5488 5489 5490
f 5488 5490 5491
f 5492 5493 5490
f 5490 5493 5494
f 5490 5494 5491
f 5495 5493 5496
f 5496 5493 5492
f 5495 5496 5497
f 5497 5498 5495
f 5495 5498 5499
f 5495 5499 5500
f 5500 5501 5495
f 5495 5501 5502
f 5495 5502 5503
f 5503 5502 5504
f 5298 5505 5296
f 5296 5505 5506
f 5296 5506 5297
f 5297 5506 5507
f 5297 5507 5299
f 5299 5507 5508
f 5299 5508 5300
f 5300 5508 5509
f 5300 5509 5278
f 5278 5509 5510
f 5278 5510 5279
f 5279 5510 5511
f 5279 5511 5281
f 5281 5511 5512
f 5281 5512 5288
f 5288 5512 5513
f 5288 5513 5273
f 5273 5513 5514
f 5273 5514 5274
f 5274 5514 5515
f 5274 5515 5275
f 5275 5515 5516
f 5275 5516 5277
f 5277 5516 5517
f 5277 5517 5282
f 5282 5517 5518
f 5282 5518 5283
f 5283 5518 5519
f 5283 5519 5284
f 5284 5519 5520
f 5284 5520 5291
f 5291 5520 5521
f 5291 5521 5290
f 5290 5521 5522
f 5290 5522 5289
f 5289 5522 5523
f 5289 5523 5285
f 5285 5523 5524
f 5285 5524 5286
f 5286 5524 5525
f 5286 5525 5292
f 5292 5525 5526
f 5292 5526 5293
f 5293 5526 5527
f 5293 5527 5294
f 5294 5527 5528
f 5294 5528 5295
f 5295 5528 5529
f 5295 5529 5270
f 5270 5529 5530
f 5270 5530 5271
f 5271 5530 5531
f 5271 5531 5272
f 5272 5531 5532
f 5272 5532 5276
f 5276 5532 5533
f 5276 5533 5287
f 5287 5533 5534
f 5287 5534 5280
f 5280 5534 5535
f 5280 5535 5298
f 5298 5535 5505
f 5536 5537 5503
f 5503 5504 5536
f 5536 5504 5502
f 5536 5502 5538
f 5538 5502 5501
f 5538 5501 5539
f 5539 5501 5500
f 5539 5500 5540
f 5540 5500 5499
f 5540 5499 5541
f 5541 5499 5498
f 5541 5498 5542
f 5542 5498 5497
f 5542 5497 5543
f 5494 5493 5495
f 5503 5537 5495
f 5495 5537 5544
f 5495 5544 5494
f 5545 5546 5547
f 5486 5487 5548
f 5548 5487 5545
f 5548 5545 5549
f 5549 5545 5547
f 5550 5327 5325
f 5550 5325 5551
f 5327 5550 5328
f 5328 5550 5552
f 5328 5552 5304
f 5315 5316 5553
f 5553 5316 5307
f 5553 5307 5552
f 5552 5307 5305
f 5552 5305 5304
f 5315 5553 5314
f 5314 5553 5554
f 5314 5554 5308
f 5308 5554 5309
f 5309 5554 5555
f 5309 5555 5317
f 5330 5331 5556
f 5556 5331 5319
f 5556 5319 5555
f 5555 5319 5318
f 5555 5318 5317
f 5330 5556 5329
f 5329 5556 5557
f 5329 5557 5310
f 5310 5557 5311
f 5311 5557 5558
f 5311 5558 5320
f 5301 5323 5559
f 5559 5323 5322
f 5559 5322 5558
f 5558 5322 5321
f 5558 5321 5320
f 5301 5559 5302
f 5302 5559 5560
f 5302 5560 5303
f 5303 5560 5312
f 5312 5560 5561
f 5312 5561 5313
f 5325 5324 5551
f 5551 5324 5326
f 5551 5326 5561
f 5561 5326 5306
f 5561 5306 5313
f 5486 5548 5477
f 5477 5548 5562
f 5477 5562 5478
f 5478 5562 5563
f 5564 5480 5563
f 5563 5480 5478
f 5565 5566 5481
f 5481 5484 5565
f 5565 5484 5485
f 5565 5485 5567
f 5567 5485 5483
f 5567 5483 5564
f 5564 5483 5482
f 5564 5482 5480
f 5568 5569 5570
f 5571 5572 5573
f 5573 5572 5574
f 5573 5574 5575
f 5575 5574 5576
f 5577 5578 5576
f 5576 5578 5579
f 5576 5579 5575
f 5580 5581 5577
f 5577 5581 5582
f 5577 5582 5578
f 5583 5584 5580
f 5580 5584 5585
f 5580 5585 5581
f 5570 5586 5568
f 5568 5586 5587
f 5568 5587 5583
f 5583 5587 5588
f 5583 5588 5584
f 5589 5569 5590
f 5590 5569 5568
f 5590 5568 5591
f 5591 5568 5583
f 5591 5583 5592
f 5592 5583 5580
f 5592 5580 5593
f 5593 5580 5577
f 5593 5577 5594
f 5594 5577 5576
f 5594 5576 5595
f 5595 5576 5574
f 5595 5574 5596
f 5596 5574 5572
f 5597 5589 5598
f 5598 5589 5590
f 5598 5590 5599
f 5599 5590 5591
f 5599 5591 5600
f 5600 5591 5592
f 5600 5592 5601
f 5601 5592 5593
f 5601 5593 5602
f 5602 5593 5594
f 5602 5594 5603
f 5603 5594 5595
f 5603 5595 5604
f 5604 5595 5596
f 5333 5597 5338
f 5338 5597 5598
f 5338 5598 5339
f 5339 5598 5599
f 5339 5599 5340
f 5340 5599 5600
f 5340 5600 5334
f 5334 5600 5601
f 5334 5601 5335
f 5335 5601 5602
f 5335 5602 5336
f 5336 5602 5603
f 5336 5603 5337
f 5337 5603 5604
f 5605 5572 5571
f 5570 5569 5606
f 5606 5569 5607
f 5606 5607 5608
f 5608 5607 5609
f 5610 5611 5609
f 5609 5611 5612
f 5609 5612 5608
f 5613 5614 5610
f 5610 5614 5615
f 5610 5615 5611
f 5616 5617 5613
f 5613 5617 5618
f 5613 5618 5614
f 5571 5619 5605
f 5605 5619 5620
f 5605 5620 5616
f 5616 5620 5621
f 5616 5621 5617
f 5596 5572 5622
f 5622 5572 5605
f 5622 5605 5623
f 5623 5605 5616
f 5623 5616 5624
f 5624 5616 5613
f 5624 5613 5625
f 5625 5613 5610
f 5625 5610 5626
f 5626 5610 5609
f 5626 5609 5627
f 5627 5609 5607
f 5627 5607 5589
f 5589 5607 5569
f 5604 5596 5628
f 5628 5596 5622
f 5628 5622 5629
f 5629 5622 5623
f 5629 5623 5630
f 5630 5623 5624
f 5630 5624 5631
f 5631 5624 5625
f 5631 5625 5632
f 5632 5625 5626
f 5632 5626 5633
f 5633 5626 5627
f 5633 5627 5597
f 5597 5627 5589
f 5337 5604 5343
f 5343 5604 5628
f 5343 5628 5344
f 5344 5628 5629
f 5344 5629 5345
f 5345 5629 5630
f 5345 5630 5342
f 5342 5630 5631
f 5342 5631 5341
f 5341 5631 5632
f 5341 5632 5332
f 5332 5632 5633
f 5332 5633 5333
f 5333 5633 5597
f 5634 5635 5636
f 5637 5638 5639
f 5639 5638 5640
f 5639 5640 5641
f 5641 5640 5642
f 5643 5644 5642
f 5642 5644 5645
f 5642 5645 5641
f 5646 5647 5643
f 5643 5647 5648
f 5643 5648 5644
f 5649 5650 5646
f 5646 5650 5651
f 5646 5651 5647
f 5636 5652 5634
f 5634 5652 5653
f 5634 5653 5649
f 5649 5653 5654
f 5649 5654 5650
f 5655 5635 5656
f 5656 5635 5634
f 5656 5634 5657
f 5657 5634 5649
f 5657 5649 5658
f 5658 5649 5646
f 5658 5646 5659
f 5659 5646 5643
f 5659 5643 5660
f 5660 5643 5642
f 5660 5642 5661
f 5661 5642 5640
f 5661 5640 5662
f 5662 5640 5638
f 5663 5655 5664
f 5664 5655 5656
f 5664 5656 5665
f 5665 5656 5657
f 5665 5657 5666
f 5666 5657 5658
f 5666 5658 5667
f 5667 5658 5659
f 5667 5659 5668
f 5668 5659 5660
f 5668 5660 5669
f 5669 5660 5661
f 5669 5661 5670
f 5670 5661 5662
f 5347 5663 5350
f 5350 5663 5664
f 5350 5664 5349
f 5349 5664 5665
f 5349 5665 5348
f 5348 5665 5666
f 5348 5666 5352
f 5352 5666 5667
f 5352 5667 5353
f 5353 5667 5668
f 5353 5668 5354
f 5354 5668 5669
f 5354 5669 5351
f 5351 5669 5670
f 5671 5638 5637
f 5636 5635 5672
f 5672 5635 5673
f 5672 5673 5674
f 5674 5673 5675
f 5676 5677 5675
f 5675 5677 5678
f 5675 5678 5674
f 5679 5680 5676
f 5676 5680 5681
f 5676 5681 5677
f 5682 5683 5679
f 5679 5683 5684
f 5679 5684 5680
f 5637 5685 5671
f 5671 5685 5686
f 5671 5686 5682
f 5682 5686 5687
f 5682 5687 5683
f 5662 5638 5688
f 5688 5638 5671
f 5688 5671 5689
f 5689 5671 5682
f 5689 5682 5690
f 5690 5682 5679
f 5690 5679 5691
f 5691 5679 5676
f 5691 5676 5692
f 5692 5676 5675
f 5692 5675 5693
f 5693 5675 5673
f 5693 5673 5655
f 5655 5673 5635
f 5670 5662 5694
f 5694 5662 5688
f 5694 5688 5695
f 5695 5688 5689
f 5695 5689 5696
f 5696 5689 5690
f 5696 5690 5697
f 5697 5690 5691
f 5697 5691 5698
f 5698 5691 5692
f 5698 5692 5699
f 5699 5692 5693
f 5699 5693 5663
f 5663 5693 5655
f 5351 5670 5357
f 5357 5670 5694
f 5357 5694 5358
f 5358 5694 5695
f 5358 5695 5359
f 5359 5695 5696
f 5359 5696 5356
f 5356 5696 5697
f 5356 5697 5355
f 5355 5697 5698
f 5355 5698 5346
f 5346 5698 5699
f 5346 5699 5347
f 5347 5699 5663
f 5700 5701 5702
f 5702 5701 5703
f 5702 5703 5704
f 5704 5703 5705
f 5704 5705 5706
f 5706 5705 5707
f 5706 5707 5708
f 5708 5707 5709
f 5708 5709 5710
f 5710 5709 5711
f 5710 5711 5712
f 5712 5711 5713
f 5714 5700 5715
f 5715 5700 5702
f 5715 5702 5716
f 5716 5702 5704
f 5716 5704 5717
f 5717 5704 5706
f 5717 5706 5718
f 5718 5706 5708
f 5718 5708 5719
f 5719 5708 5710
f 5719 5710 5720
f 5720 5710 5712
f 5721 5714 5722
f 5722 5714 5715
f 5722 5715 5723
f 5723 5715 5716
f 5723 5716 5724
f 5724 5716 5717
f 5724 5717 5725
f 5725 5717 5718
f 5725 5718 5726
f 5726 5718 5719
f 5726 5719 5727
f 5727 5719 5720
f 5369 5721 5370
f 5370 5721 5722
f 5370 5722 5371
f 5371 5722 5723
f 5371 5723 5365
f 5365 5723 5724
f 5365 5724 5364
f 5364 5724 5725
f 5364 5725 5363
f 5363 5725 5726
f 5363 5726 5362
f 5362 5726 5727
f 5712 5713 5728
f 5728 5713 5729
f 5728 5729 5730
f 5730 5729 5731
f 5730 5731 5732
f 5732 5731 5733
f 5732 5733 5734
f 5734 5733 5735
f 5734 5735 5736
f 5736 5735 5737
f 5736 5737 5700
f 5700 5737 5701
f 5720 5712 5738
f 5738 5712 5728
f 5738 5728 5739
f 5739 5728 5730
f 5739 5730 5740
f 5740 5730 5732
f 5740 5732 5741
f 5741 5732 5734
f 5741 5734 5742
f 5742 5734 5736
f 5742 5736 5714
f 5714 5736 5700
f 5727 5720 5743
f 5743 5720 5738
f 5743 5738 5744
f 5744 5738 5739
f 5744 5739 5745
f 5745 5739 5740
f 5745 5740 5746
f 5746 5740 5741
f 5746 5741 5747
f 5747 5741 5742
f 5747 5742 5721
f 5721 5742 5714
f 5362 5727 5361
f 5361 5727 5743
f 5361 5743 5360
f 5360 5743 5744
f 5360 5744 5366
f 5366 5744 5745
f 5366 5745 5367
f 5367 5745 5746
f 5367 5746 5368
f 5368 5746 5747
f 5368 5747 5369
f 5369 5747 5721
f 5748 5749 5750
f 5751 5752 5753
f 5753 5752 5754
f 5753 5754 5755
f 5755 5754 5756
f 5757 5758 5756
f 5756 5758 5759
f 5756 5759 5755
f 5760 5761 5757
f 5757 5761 5762
f 5757 5762 5758
f 5763 5764 5760
f 5760 5764 5765
f 5760 5765 5761
f 5750 5766 5748
f 5748 5766 5767
f 5748 5767 5763
f 5763 5767 5768
f 5763 5768 5764
f 5769 5749 5770
f 5770 5749 5748
f 5770 5748 5771
f 5771 5748 5763
f 5771 5763 5772
f 5772 5763 5760
f 5772 5760 5773
f 5773 5760 5757
f 5773 5757 5774
f 5774 5757 5756
f 5774 5756 5775
f 5775 5756 5754
f 5775 5754 5776
f 5776 5754 5752
f 5777 5769 5778
f 5778 5769 5770
f 5778 5770 5779
f 5779 5770 5771
f 5779 5771 5780
f 5780 5771 5772
f 5780 5772 5781
f 5781 5772 5773
f 5781 5773 5782
f 5782 5773 5774
f 5782 5774 5783
f 5783 5774 5775
f 5783 5775 5784
f 5784 5775 5776
f 5374 5777 5382
f 5382 5777 5778
f 5382 5778 5383
f 5383 5778 5779
f 5383 5779 5384
f 5384 5779 5780
f 5384 5780 5381
f 5381 5780 5781
f 5381 5781 5380
f 5380 5781 5782
f 5380 5782 5379
f 5379 5782 5783
f 5379 5783 5378
f 5378 5783 5784
f 5752 5751 5785
f 5785 5751 5786
f 5785 5786 5787
f 5787 5786 5788
f 5787 5788 5789
f 5789 5788 5790
f 5789 5790 5791
f 5791 5790 5792
f 5791 5792 5793
f 5793 5792 5794
f 5793 5794 5749
f 5749 5794 5750
f 5776 5752 5795
f 5795 5752 5785
f 5795 5785 5796
f 5796 5785 5787
f 5796 5787 5797
f 5797 5787 5789
f 5797 5789 5798
f 5798 5789 5791
f 5798 5791 5799
f 5799 5791 5793
f 5799 5793 5769
f 5769 5793 5749
f 5784 5776 5800
f 5800 5776 5795
f 5800 5795 5801
f 5801 5795 5796
f 5801 5796 5802
f 5802 5796 5797
f 5802 5797 5803
f 5803 5797 5798
f 5803 5798 5804
f 5804 5798 5799
f 5804 5799 5777
f 5777 5799 5769
f 5378 5784 5372
f 5372 5784 5800
f 5372 5800 5373
f 5373 5800 5801
f 5373 5801 5375
f 5375 5801 5802
f 5375 5802 5376
f 5376 5802 5803
f 5376 5803 5377
f 5377 5803 5804
f 5377 5804 5374
f 5374 5804 5777
f 5805 5806 5807
f 5807 5806 5808
f 5809 5441 5810
f 5810 5441 5440
f 5810 5811 5809
f 5809 5811 5812
f 5809 5812 5805
f 5805 5812 5813
f 5805 5813 5806
f 5388 5387 5411
f 5411 5387 5386
f 5411 5386 5385
f 5440 5399 5810
f 5810 5399 5400
f 5810 5400 5811
f 5811 5400 5401
f 5811 5401 5812
f 5812 5401 5402
f 5812 5402 5813
f 5813 5402 5403
f 5813 5403 5806
f 5806 5403 5808
f 5808 5403 5398
f 5808 5398 5814
f 5398 5397 5814
f 5814 5397 5396
f 5814 5396 5815
f 5815 5396 5395
f 5815 5395 5816
f 5816 5395 5394
f 5816 5394 5817
f 5817 5394 5393
f 5817 5393 5818
f 5818 5393 5392
f 5818 5392 5819
f 5819 5392 5820
f 5820 5392 5391
f 5820 5391 5821
f 5411 5822 5388
f 5388 5822 5823
f 5388 5823 5389
f 5389 5823 5821
f 5389 5821 5390
f 5390 5821 5391
f 5410 5409 5414
f 5410 5414 5824
f 5824 5414 5415
f 5824 5415 5825
f 5825 5415 5413
f 5825 5413 5826
f 5826 5413 5412
f 5826 5412 5827
f 5827 5412 5408
f 5827 5408 5406
f 5828 5407 5405
f 5405 5829 5828
f 5828 5829 5830
f 5828 5830 5831
f 5831 5830 5832
f 5831 5832 5833
f 5832 5834 5833
f 5833 5834 5835
f 5833 5835 5836
f 5836 5835 5837
f 5836 5837 5838
f 5838 5837 5839
f 5838 5839 5840
f 5840 5839 5841
f 5840 5841 5842
f 5431 5442 5843
f 5431 5843 5430
f 5423 5424 5844
f 5844 5424 5425
f 5844 5425 5845
f 5845 5425 5426
f 5845 5426 5846
f 5846 5426 5427
f 5428 5847 5427
f 5427 5847 5848
f 5427 5848 5846
f 5843 5849 5430
f 5430 5849 5847
f 5430 5847 5429
f 5429 5847 5428
f 5405 5404 5829
f 5829 5404 5416
f 5829 5416 5830
f 5830 5416 5832
f 5416 5417 5832
f 5832 5417 5418
f 5832 5418 5834
f 5834 5418 5419
f 5834 5419 5835
f 5835 5419 5420
f 5835 5420 5837
f 5837 5420 5839
f 5844 5842 5423
f 5423 5842 5841
f 5423 5841 5422
f 5422 5841 5839
f 5422 5839 5421
f 5421 5839 5420
f 5439 5434 5436
f 5439 5436 5850
f 5850 5436 5437
f 5850 5437 5851
f 5851 5437 5435
f 5851 5435 5852
f 5852 5435 5433
f 5852 5433 5853
f 5853 5433 5432
f 5853 5432 5438
f 5854 5855 5856
f 5856 5855 5857
f 5858 5859 5860
f 5861 5862 5863
f 5863 5862 5864
f 5863 5864 5865
f 5865 5864 5860
f 5865 5860 5866
f 5858 5860 5867
f 5867 5860 5864
f 5867 5864 5868
f 5868 5864 5862
f 5868 5862 5869
f 5870 5862 5861
f 5871 5869 5862
f 5872 5873 5874
f 5874 5873 5875
f 5874 5875 5871
f 5871 5875 5876
f 5871 5876 5869
f 5862 5870 5871
f 5871 5870 5877
f 5871 5877 5874
f 5874 5877 5878
f 5874 5878 5872
f 5861 5879 5870
f 5870 5879 5880
f 5870 5880 5877
f 5877 5880 5881
f 5877 5881 5878
f 5878 5881 5882
f 5462 5883 5461
f 5461 5883 5884
f 5885 5491 5886
f 5886 5491 5494
f 5886 5494 5544
f 5887 5488 5888
f 5888 5488 5491
f 5888 5491 5889
f 5889 5491 5885
f 5890 5489 5891
f 5891 5489 5488
f 5891 5488 5892
f 5892 5488 5887
f 5893 5894 5895
f 5895 5894 5896
f 5895 5896 5897
f 5897 5896 5898
f 5899 5489 5900
f 5900 5489 5890
f 5900 5890 5901
f 5901 5890 5902
f 5901 5902 5903
f 5903 5902 5904
f 5903 5904 5905
f 5905 5904 5906
f 5905 5906 5893
f 5893 5906 5907
f 5893 5907 5894
f 5489 5899 5490
f 5490 5899 5908
f 5490 5908 5909
f 5909 5908 5910
f 5911 5883 5462
f 5462 5457 5911
f 5911 5457 5455
f 5911 5455 5912
f 5912 5455 5453
f 5912 5453 5913
f 5913 5453 5451
f 5913 5451 5449
f 5449 5447 5913
f 5913 5447 5446
f 5913 5446 5445
f 5910 5908 5914
f 5914 5908 5915
f 5914 5915 5916
f 5916 5915 5917
f 5916 5917 5918
f 5918 5917 5919
f 5918 5919 5920
f 5920 5919 5921
f 5920 5921 5922
f 5922 5921 5913
f 5922 5913 5923
f 5923 5913 5445
f 5923 5445 5924
f 5924 5445 5925
f 5925 5445 5444
f 5926 5925 5444
f 5450 5452 5454
f 5473 5475 5476
f 5444 5443 5926
f 5926 5443 5448
f 5926 5448 5450
f 5450 5454 5926
f 5926 5454 5456
f 5926 5456 5458
f 5458 5460 5926
f 5926 5460 5464
f 5926 5464 5465
f 5464 5471 5473
f 5473 5476 5464
f 5464 5476 5466
f 5464 5466 5465
f 5926 5465 5927
f 5927 5465 5467
f 5927 5467 5928
f 5467 5468 5928
f 5928 5468 5474
f 5928 5474 5472
f 5472 5470 5928
f 5928 5470 5469
f 5928 5469 5929
f 5461 5884 5459
f 5459 5884 5929
f 5459 5929 5463
f 5463 5929 5469
f 5930 5931 5932
f 5930 5932 5933
f 5933 5932 5934
f 5933 5934 5935
f 5935 5934 5936
f 5935 5936 5937
f 5931 5930 5938
f 5938 5930 5939
f 5938 5939 5940
f 5940 5939 5941
f 5940 5941 5928
f 5928 5941 5942
f 5928 5942 5927
f 5943 5937 5545
f 5545 5937 5936
f 5545 5936 5546
f 5546 5936 5859
f 5545 5487 5943
f 5943 5487 5479
f 5944 5945 5566
f 5566 5945 5943
f 5566 5943 5481
f 5481 5943 5479
f 5543 5497 5496
f 5492 5490 5496
f 5496 5490 5909
f 5496 5909 5543
f 5543 5909 5946
f 5543 5946 5947
f 5540 5947 5539
f 5539 5947 5538
f 5907 5506 5505
f 5540 5541 5947
f 5947 5541 5542
f 5947 5542 5543
f 5509 5892 5510
f 5510 5892 5887
f 5510 5887 5511
f 5511 5887 5888
f 5511 5888 5512
f 5533 5532 5948
f 5948 5532 5531
f 5948 5531 5949
f 5949 5531 5530
f 5949 5530 5529
f 5538 5519 5536
f 5536 5519 5518
f 5536 5518 5537
f 5907 5906 5506
f 5506 5906 5904
f 5506 5904 5507
f 5507 5904 5902
f 5507 5902 5508
f 5508 5902 5890
f 5508 5890 5509
f 5509 5890 5891
f 5509 5891 5892
f 5533 5948 5534
f 5534 5948 5898
f 5534 5898 5535
f 5535 5898 5896
f 5535 5896 5505
f 5505 5896 5894
f 5505 5894 5907
f 5529 5528 5949
f 5949 5528 5527
f 5949 5527 5950
f 5950 5527 5526
f 5523 5522 5947
f 5947 5522 5521
f 5947 5521 5538
f 5538 5521 5520
f 5538 5520 5519
f 5886 5513 5885
f 5885 5513 5512
f 5885 5512 5889
f 5889 5512 5888
f 5518 5517 5537
f 5537 5517 5516
f 5537 5516 5544
f 5544 5516 5515
f 5544 5515 5886
f 5886 5515 5514
f 5886 5514 5513
f 5947 5951 5523
f 5523 5951 5952
f 5523 5952 5524
f 5524 5952 5953
f 5524 5953 5525
f 5525 5953 5954
f 5525 5954 5526
f 5526 5954 5955
f 5526 5955 5950
f 5547 5546 5956
f 5956 5957 5547
f 5547 5957 5958
f 5547 5958 5549
f 5549 5958 5562
f 5549 5562 5548
f 5872 5959 5873
f 5873 5959 5960
f 5868 5869 5961
f 5961 5869 5876
f 5961 5876 5960
f 5960 5876 5875
f 5960 5875 5873
f 5868 5961 5867
f 5867 5961 5956
f 5867 5956 5858
f 5858 5956 5546
f 5858 5546 5859
f 5553 5958 5554
f 5554 5958 5957
f 5554 5957 5555
f 5555 5957 5956
f 5555 5956 5556
f 5556 5956 5961
f 5556 5961 5557
f 5566 5565 5944
f 5944 5565 5567
f 5962 5551 5963
f 5963 5551 5561
f 5961 5960 5557
f 5557 5960 5959
f 5557 5959 5558
f 5558 5959 5964
f 5558 5964 5559
f 5559 5964 5965
f 5559 5965 5560
f 5560 5965 5966
f 5966 5967 5560
f 5560 5967 5968
f 5560 5968 5561
f 5561 5968 5969
f 5561 5969 5963
f 5962 5944 5551
f 5551 5944 5567
f 5551 5567 5550
f 5550 5567 5564
f 5550 5564 5552
f 5552 5564 5563
f 5552 5563 5553
f 5553 5563 5562
f 5553 5562 5958
f 5970 5971 5972
f 5972 5973 5974
f 5974 5973 5975
f 5976 5970 5977
f 5977 5970 5972
f 5977 5972 5978
f 5978 5972 5974
f 5975 5979 5974
f 5974 5979 5980
f 5974 5980 5981
f 5619 5571 5982
f 5982 5983 5619
f 5619 5983 5984
f 5619 5984 5620
f 5984 5985 5620
f 5620 5985 5986
f 5620 5986 5621
f 5621 5986 5987
f 5621 5987 5617
f 5988 5614 5618
f 5987 5989 5617
f 5617 5989 5990
f 5617 5990 5618
f 5618 5990 5991
f 5618 5991 5988
f 5988 5992 5614
f 5614 5992 5993
f 5614 5993 5615
f 5615 5993 5994
f 5615 5994 5611
f 5611 5994 5995
f 5611 5995 5612
f 5612 5995 5996
f 5996 5997 5612
f 5612 5997 5998
f 5612 5998 5608
f 5608 5998 5999
f 5608 5999 5606
f 6000 5570 6001
f 6001 5570 5606
f 6001 5606 6002
f 6002 5606 5999
f 6000 6003 5570
f 5570 6003 6004
f 5570 6004 5586
f 5586 6004 6005
f 5586 6005 5587
f 5581 5585 6006
f 6005 6007 5587
f 5587 6007 6008
f 5587 6008 5588
f 5588 6008 6009
f 5588 6009 5584
f 5584 6009 6010
f 5584 6010 5585
f 5585 6010 6011
f 5585 6011 6006
f 6006 6012 5581
f 5581 6012 6013
f 5581 6013 5582
f 5579 6014 5575
f 5575 6014 6015
f 5575 6015 5573
f 6013 6016 5582
f 5582 6016 6017
f 5582 6017 5578
f 5578 6017 6018
f 5578 6018 5579
f 5579 6018 6019
f 5579 6019 6014
f 6015 6020 5573
f 5573 6020 6021
f 5573 6021 5571
f 5571 6021 6022
f 5571 6022 5982
f 5685 5637 6023
f 6023 6024 5685
f 5685 6024 6025
f 5685 6025 5686
f 6025 6026 5686
f 5686 6026 6027
f 5686 6027 5687
f 5687 6027 6028
f 5687 6028 5683
f 6028 6029 5683
f 5683 6029 6030
f 5683 6030 5684
f 6030 6031 5684
f 5684 6031 6032
f 5684 6032 5680
f 6032 6033 5680
f 5680 6033 6034
f 5680 6034 5681
f 5681 6034 6035
f 5681 6035 5677
f 5677 6035 6036
f 5677 6036 5678
f 5678 6036 6037
f 6037 6038 5678
f 5678 6038 6039
f 5678 6039 5674
f 5674 6039 6040
f 5674 6040 5672
f 6040 6041 5672
f 5672 6041 6042
f 5672 6042 5636
f 6042 6043 5636
f 5636 6043 6044
f 5636 6044 5652
f 6044 6045 5652
f 5652 6045 6046
f 5652 6046 5653
f 5647 5651 6047
f 6046 6048 5653
f 5653 6048 6049
f 5653 6049 5654
f 5654 6049 6050
f 5654 6050 5650
f 5650 6050 6051
f 5650 6051 5651
f 5651 6051 6052
f 5651 6052 6047
f 6047 6053 5647
f 5647 6053 6054
f 5647 6054 5648
f 6054 6055 5648
f 5648 6055 6056
f 5648 6056 5644
f 5644 6056 6057
f 5644 6057 5645
f 6057 6058 5645
f 5645 6058 6059
f 5645 6059 5641
f 5641 6059 6060
f 5641 6060 5639
f 6060 6061 5639
f 5639 6061 6062
f 5639 6062 5637
f 5637 6062 6063
f 5637 6063 6023
f 6064 5703 6065
f 6065 5703 5701
f 6064 6066 5703
f 5703 6066 6067
f 5703 6067 5705
f 6068 5707 6069
f 6069 5707 5705
f 6069 5705 6070
f 6070 5705 6067
f 6068 6071 5707
f 5707 6071 6072
f 5707 6072 5709
f 6072 6073 5709
f 5709 6073 6074
f 5709 6074 5711
f 6074 6075 5711
f 5711 6075 6076
f 5711 6076 5713
f 6077 5729 6078
f 6078 5729 5713
f 6078 5713 6079
f 6079 5713 6076
f 6077 6080 5729
f 5729 6080 6081
f 5729 6081 5731
f 6082 5733 6083
f 6083 5733 5731
f 6083 5731 6084
f 6084 5731 6081
f 6082 6085 5733
f 5733 6085 6086
f 5733 6086 5735
f 6086 6087 5735
f 5735 6087 6088
f 5735 6088 5737
f 6088 6089 5737
f 5737 6089 6090
f 5737 6090 5701
f 5701 6090 6091
f 5701 6091 6065
f 5767 6092 5768
f 5768 6092 6093
f 5768 6093 5764
f 5764 6093 6094
f 5764 6094 5765
f 5765 6094 6095
f 5765 6095 5761
f 5761 6095 6096
f 5761 6096 5762
f 6096 6097 5762
f 5762 6097 6098
f 5762 6098 5758
f 5758 6098 6099
f 5758 6099 5759
f 5759 6099 6100
f 5759 6100 5755
f 5755 6100 6101
f 5755 6101 5753
f 5753 6101 6102
f 5753 6102 5751
f 6103 5786 6104
f 6104 5786 5751
f 6104 5751 6105
f 6105 5751 6102
f 6103 6106 5786
f 5786 6106 6107
f 5786 6107 5788
f 6108 5790 6109
f 6109 5790 5788
f 6109 5788 6110
f 6110 5788 6107
f 6108 6111 5790
f 5790 6111 6112
f 5790 6112 5792
f 6112 6113 5792
f 5792 6113 6114
f 5792 6114 5794
f 6114 6115 5794
f 5794 6115 6116
f 5794 6116 5750
f 5750 6116 6117
f 5750 6117 5766
f 5766 6117 6118
f 5766 6118 5767
f 5767 6118 6119
f 5767 6119 6092
f 5855 5854 6120
f 6121 6122 6123
f 6123 6122 6124
f 5855 6120 6125
f 6125 6120 6126
f 6125 6126 6121
f 6121 6126 6127
f 6121 6127 6122
f 6128 6129 6130
f 6131 6132 5857
f 5857 6132 5856
f 6128 6130 6133
f 6133 6130 6134
f 6133 6134 6131
f 6131 6134 6135
f 6131 6135 6132
f 5439 5850 6136
f 5845 6137 5844
f 5844 6137 5842
f 5410 5824 5856
f 5439 6136 5442
f 5854 5407 6120
f 6120 5407 6126
f 5847 6138 5848
f 5848 6138 6137
f 5848 6137 5846
f 5846 6137 5845
f 5438 5441 6139
f 6139 5441 5809
f 5816 5817 6140
f 6140 5817 5818
f 6127 6126 6122
f 6122 6126 5407
f 6122 5407 6124
f 6124 5407 5828
f 5836 6141 5833
f 5833 6141 6124
f 5833 6124 5831
f 5831 6124 5828
f 5406 5407 5827
f 5827 5407 5854
f 5827 5854 5826
f 5826 5854 5856
f 5826 5856 5825
f 5825 5856 5824
f 5847 5849 6138
f 6138 5849 5843
f 6138 5843 6142
f 6142 5843 5442
f 6142 5442 6143
f 6143 5442 6136
f 5850 5851 6136
f 6136 5851 5852
f 6136 5852 6144
f 6144 5852 5853
f 6144 5853 6145
f 6145 5853 5438
f 6145 5438 6146
f 6146 5438 6139
f 6140 6147 5816
f 5816 6147 6148
f 5816 6148 5815
f 5815 6148 6149
f 5815 6149 5814
f 5818 5819 6140
f 6140 5819 5820
f 6140 5820 6129
f 6129 5820 5821
f 5836 5838 6141
f 6141 5838 5840
f 6141 5840 6150
f 6150 5840 5842
f 6150 5842 6151
f 6151 5842 6137
f 5410 5856 5411
f 5411 5856 6132
f 5411 6132 6135
f 5809 5805 6139
f 6139 5805 5807
f 6139 5807 6149
f 6149 5807 5808
f 6149 5808 5814
f 5821 5823 6129
f 6129 5823 5822
f 6129 5822 6130
f 6130 5822 5411
f 6130 5411 6134
f 6134 5411 6135
f 6152 6153 6154
f 6155 6156 6157
f 6157 6158 6155
f 6155 6158 6159
f 6155 6159 6160
f 6161 6153 6162
f 6162 6153 6152
f 6162 6152 6163
f 6163 6152 6164
f 6160 6165 6155
f 6155 6165 6166
f 6155 6166 6164
f 6164 6166 6167
f 6164 6167 6163
f 6154 6168 6152
f 6152 6168 6169
f 6152 6169 6164
f 6164 6169 6170
f 6164 6170 6155
f 6155 6170 6171
f 6155 6171 6156
f 6172 6173 5855
f 5855 6173 5857
f 6174 6175 6176
f 6176 6175 6177
f 6176 6177 6178
f 6178 6177 6179
f 6178 6179 6180
f 6180 6179 6181
f 6180 6181 6182
f 6182 6181 6183
f 6179 6177 6184
f 6185 6186 6187
f 6183 6181 6188
f 6188 6181 6189
f 6188 6189 6190
f 6190 6189 6191
f 6190 6191 6192
f 6192 6191 6187
f 6192 6187 6193
f 6193 6187 6186
f 6181 6179 6189
f 6189 6179 6184
f 6189 6184 6191
f 6191 6184 6194
f 6191 6194 6187
f 6187 6194 6195
f 6187 6195 6185
f 6185 6195 6196
f 6177 6175 6184
f 6184 6175 6197
f 6184 6197 6194
f 6194 6197 6198
f 6194 6198 6195
f 6195 6198 6199
f 6195 6199 6196
f 6196 6199 6200
f 6200 6201 6196
f 6196 6201 6202
f 6196 6202 6185
f 6185 6202 6203
f 6185 6203 6186
f 6186 6203 6204
f 6186 6204 6193
f 6193 6204 6205
f 6206 6207 6208
f 6203 6202 6209
f 6205 6204 6210
f 6210 6204 6211
f 6210 6211 6212
f 6212 6211 6213
f 6212 6213 6214
f 6214 6213 6208
f 6214 6208 6215
f 6215 6208 6207
f 6216 6206 6217
f 6217 6206 6208
f 6217 6208 6218
f 6218 6208 6213
f 6218 6213 6209
f 6209 6213 6211
f 6209 6211 6203
f 6203 6211 6204
f 6202 6201 6209
f 6209 6201 6219
f 6209 6219 6218
f 6218 6219 6220
f 6218 6220 6217
f 6217 6220 6221
f 6217 6221 6216
f 6216 6221 6222
f 6222 6223 6216
f 6216 6223 6224
f 6216 6224 6206
f 6224 6225 6206
f 6206 6225 6226
f 6206 6226 6207
f 6207 6226 6227
f 6207 6227 6215
f 6228 6229 6230
f 6230 6229 6231
f 6230 6231 6232
f 6232 6231 6233
f 6232 6233 6234
f 6234 6233 6235
f 6234 6235 6236
f 6236 6235 6237
f 6233 6231 6238
f 6239 6240 6241
f 6239 6241 6242
f 6243 6244 6245
f 6245 6244 6238
f 6231 6229 6238
f 6238 6229 6246
f 6238 6246 6245
f 6235 6233 6247
f 6247 6233 6238
f 6247 6238 6241
f 6241 6238 6244
f 6241 6244 6242
f 6242 6244 6243
f 6242 6243 6248
f 6240 6249 6241
f 6241 6249 6250
f 6241 6250 6247
f 6247 6250 6251
f 6247 6251 6235
f 6235 6251 6237
f 6248 5872 6242
f 6242 5872 5878
f 6242 5878 6239
f 6239 5878 6240
f 6240 5878 5882
f 6240 5882 6249
f 5866 6252 5865
f 5865 6252 6253
f 5865 6253 5863
f 5863 6253 6254
f 5863 6254 5861
f 5861 6254 6255
f 5861 6255 5879
f 5879 6255 6256
f 5879 6256 5880
f 5880 6256 6257
f 5880 6257 5881
f 5881 6257 6258
f 5881 6258 5882
f 5860 5859 5936
f 5936 6259 5860
f 5860 6259 6260
f 5860 6260 5866
f 5866 6260 6261
f 5866 6261 6262
f 6263 6264 6265
f 6260 6259 6266
f 5884 6267 5929
f 5929 6267 6268
f 5929 6268 5928
f 5928 6268 6269
f 6264 6270 6265
f 6265 6270 6271
f 6265 6271 6272
f 6273 5931 6274
f 6274 5931 5938
f 6274 5938 6269
f 6269 5938 5940
f 6269 5940 5928
f 6271 6275 6272
f 6272 6275 6276
f 6272 6276 6277
f 6277 6276 6278
f 6277 6278 6279
f 6259 5936 6266
f 6266 5936 5934
f 6266 5934 6273
f 6273 5934 5932
f 6273 5932 5931
f 6267 6263 6268
f 6268 6263 6265
f 6268 6265 6269
f 6269 6265 6272
f 6269 6272 6274
f 6274 6272 6277
f 6274 6277 6273
f 6273 6277 6279
f 6273 6279 6266
f 6266 6279 6280
f 6266 6280 6260
f 6260 6280 6261
f 6278 6281 6279
f 6279 6281 6282
f 6279 6282 6280
f 6280 6282 6283
f 6280 6283 6261
f 6261 6283 6262
f 5884 5883 6267
f 6267 5883 6284
f 6267 6284 6263
f 6263 6284 6285
f 6263 6285 6264
f 6264 6285 6286
f 6264 6286 6270
f 6270 6286 6287
f 6288 6289 6290
f 6285 6284 6291
f 5908 6292 5915
f 5915 6292 6293
f 5915 6293 5917
f 5917 6293 6294
f 6289 6295 6290
f 6290 6295 6296
f 6290 6296 6297
f 6298 5913 6299
f 6299 5913 5921
f 6299 5921 6294
f 6294 5921 5919
f 6294 5919 5917
f 6296 6300 6297
f 6297 6300 6301
f 6297 6301 6302
f 6302 6301 6303
f 6302 6303 6304
f 6284 5883 6291
f 6291 5883 5911
f 6291 5911 6298
f 6298 5911 5912
f 6298 5912 5913
f 6292 6288 6293
f 6293 6288 6290
f 6293 6290 6294
f 6294 6290 6297
f 6294 6297 6299
f 6299 6297 6302
f 6299 6302 6298
f 6298 6302 6304
f 6298 6304 6291
f 6291 6304 6305
f 6291 6305 6285
f 6285 6305 6286
f 6303 6306 6304
f 6304 6306 6307
f 6304 6307 6305
f 6305 6307 6308
f 6305 6308 6286
f 6286 6308 6287
f 6309 6295 6310
f 6310 6295 6289
f 6310 6289 6311
f 6311 6289 6288
f 6311 6288 6312
f 6312 6288 6292
f 6312 6292 5899
f 5899 6292 5908
f 6313 6314 6315
f 5897 6316 5895
f 5895 6316 6317
f 5895 6317 5893
f 5893 6317 6318
f 6314 6319 6315
f 6315 6319 6320
f 6315 6320 6321
f 6316 6313 6317
f 6317 6313 6315
f 6317 6315 6318
f 6318 6315 6321
f 6318 6321 6322
f 6322 6321 6323
f 6320 6324 6321
f 6321 6324 6325
f 6321 6325 6323
f 6323 6325 6326
f 6323 6326 6327
f 5900 5901 6322
f 6322 5901 5903
f 6322 5903 6318
f 6318 5903 5905
f 6318 5905 5893
f 5899 5900 6312
f 6312 5900 6322
f 6312 6322 6311
f 6311 6322 6323
f 6311 6323 6310
f 6310 6323 6327
f 6310 6327 6309
f 6328 6319 6329
f 6329 6319 6314
f 6329 6314 6330
f 6330 6314 6313
f 6330 6313 6331
f 6331 6313 6316
f 6331 6316 6332
f 6332 6316 5897
f 6330 6331 6333
f 6334 6335 6336
f 6334 6336 6337
f 6338 6339 6340
f 6340 6339 6333
f 6331 6332 6333
f 6333 6332 6341
f 6333 6341 6340
f 6329 6330 6342
f 6342 6330 6333
f 6342 6333 6336
f 6336 6333 6339
f 6336 6339 6337
f 6337 6339 6338
f 6337 6338 6343
f 6335 6344 6336
f 6336 6344 6345
f 6336 6345 6342
f 6342 6345 6346
f 6342 6346 6329
f 6329 6346 6328
f 6347 6344 6348
f 6348 6344 6335
f 6348 6335 6349
f 6349 6335 6334
f 6349 6334 6350
f 6350 6334 6337
f 6350 6337 6351
f 6351 6337 6343
f 6165 6352 6353
f 6165 6353 6166
f 6166 6353 6354
f 6166 6354 6167
f 6167 6354 6355
f 6167 6355 6163
f 6355 6356 6163
f 6163 6356 6357
f 6163 6357 6162
f 6162 6357 6358
f 6162 6358 6161
f 6349 6350 6359
f 6360 6361 6362
f 6360 6362 6363
f 6364 6365 6366
f 6366 6365 6359
f 6350 6351 6359
f 6359 6351 6367
f 6359 6367 6366
f 6348 6349 6368
f 6368 6349 6359
f 6368 6359 6362
f 6362 6359 6365
f 6362 6365 6363
f 6363 6365 6364
f 6363 6364 6369
f 6361 6370 6362
f 6362 6370 6371
f 6362 6371 6368
f 6368 6371 6372
f 6368 6372 6348
f 6348 6372 6347
f 6373 6332 6374
f 6374 6332 5897
f 6374 5897 5948
f 5948 5897 5898
f 6343 6338 6375
f 6375 6338 6376
f 6332 6373 6341
f 6341 6373 6376
f 6341 6376 6340
f 6340 6376 6338
f 6377 6351 6375
f 6375 6351 6343
f 6378 6379 6380
f 6380 6379 6381
f 6382 6383 6384
f 6384 6383 6385
f 5945 5944 6386
f 6386 5944 5962
f 6386 5962 6387
f 5962 5963 6387
f 6387 5963 5969
f 6387 5969 6388
f 6388 5969 5968
f 6388 5968 6389
f 6389 5968 5967
f 6389 5967 6390
f 6390 5967 5966
f 6390 5966 6391
f 6391 5966 5965
f 6391 5965 6392
f 5937 5943 5926
f 5924 5925 5923
f 5923 5925 5922
f 5926 5927 5942
f 5909 5910 5925
f 5925 5910 5914
f 5925 5914 5916
f 5916 5918 5925
f 5925 5918 5920
f 5925 5920 5922
f 6393 6394 6395
f 5942 5941 5926
f 5926 5941 5939
f 5926 5939 5930
f 5930 5933 5926
f 5926 5933 5935
f 5926 5935 5937
f 6396 6397 6398
f 6398 6397 6399
f 6398 6399 6400
f 6395 6401 6393
f 6393 6401 6402
f 6393 6402 6392
f 6392 6402 6403
f 6392 6403 6391
f 6391 6403 6404
f 6391 6404 6405
f 6406 6407 5943
f 6400 6408 6398
f 6398 6408 6409
f 6398 6409 6410
f 6405 6411 6391
f 6391 6411 6412
f 6391 6412 6390
f 6390 6412 6413
f 6390 6413 6389
f 6398 6414 6396
f 6396 6414 6415
f 6396 6415 6416
f 6417 6418 5909
f 6419 6420 6421
f 6422 6423 6393
f 6393 6423 6424
f 6425 6426 5945
f 5945 6426 6427
f 5945 6427 5943
f 5943 6427 6428
f 5943 6428 6406
f 6410 6429 6398
f 6398 6429 6430
f 6398 6430 6424
f 6424 6430 6431
f 6424 6431 6393
f 6393 6431 6432
f 6393 6432 6394
f 6386 6387 6413
f 6413 6387 6388
f 6413 6388 6389
f 6419 6421 6393
f 6393 6421 6433
f 6393 6433 6422
f 6386 6413 5945
f 5945 6413 6434
f 5945 6434 6425
f 6407 6435 5943
f 5943 6435 6436
f 5943 6436 6437
f 6438 6439 5946
f 5926 6440 6441
f 6418 6442 5909
f 5909 6442 6443
f 5909 6443 5946
f 5946 6443 6444
f 5946 6444 6438
f 5926 6441 5925
f 5925 6441 6445
f 5925 6445 6446
f 6419 6447 6420
f 6420 6447 6448
f 6420 6448 6449
f 6416 6450 6396
f 6396 6450 6451
f 6396 6451 6452
f 6446 6453 5925
f 5925 6453 6454
f 5925 6454 5909
f 5909 6454 6455
f 5909 6455 6417
f 6437 6456 5943
f 5943 6456 6457
f 5943 6457 6396
f 6452 6458 6396
f 6396 6458 6459
f 6396 6459 5943
f 5943 6459 6460
f 5943 6460 5926
f 5926 6460 6461
f 5926 6461 6440
f 6449 6462 6420
f 6420 6462 6463
f 6420 6463 6464
f 6464 6463 5946
f 6464 5946 6465
f 6465 5946 6439
f 6393 5949 5950
f 6393 5950 6419
f 6419 5950 5955
f 6419 5955 6447
f 6447 5955 5954
f 6447 5954 6448
f 6448 5954 5953
f 6448 5953 6449
f 6449 5953 5952
f 6449 5952 6462
f 6462 5952 5951
f 6462 5951 6463
f 6463 5951 5947
f 6463 5947 5946
f 6374 5948 6466
f 6466 5948 5949
f 6467 6468 6469
f 6469 6468 6470
f 6471 6472 6379
f 6379 6472 6381
f 6470 6473 6469
f 6469 6473 6474
f 6469 6474 6475
f 6475 6474 6476
f 6475 6476 6471
f 6471 6476 6477
f 6471 6477 6472
f 6478 6479 6480
f 6480 6479 6481
f 6382 6384 6482
f 6482 6384 6483
f 6483 6484 6482
f 6482 6484 6485
f 6482 6485 6486
f 6486 6485 6487
f 6486 6487 6478
f 6478 6487 6488
f 6478 6488 6479
f 6489 6490 6491
f 6232 6234 6492
f 6232 6492 6230
f 6493 6494 6495
f 6495 6494 6491
f 6490 6496 6491
f 6491 6496 6497
f 6491 6497 6495
f 6498 6489 6499
f 6499 6489 6491
f 6499 6491 6492
f 6492 6491 6494
f 6492 6494 6230
f 6230 6494 6493
f 6230 6493 6228
f 6234 6236 6492
f 6492 6236 6500
f 6492 6500 6499
f 6499 6500 6501
f 6499 6501 6498
f 6498 6501 6502
f 6503 6229 6504
f 6504 6229 6228
f 6248 6243 6505
f 6505 6243 6506
f 6229 6503 6246
f 6246 6503 6506
f 6246 6506 6245
f 6245 6506 6243
f 5964 5959 6507
f 6507 5959 5872
f 6507 5872 6505
f 6505 5872 6248
f 5964 6507 5965
f 5965 6507 6508
f 6509 6510 6222
f 6222 6221 6509
f 6509 6221 6220
f 6509 6220 6511
f 6511 6220 6219
f 6511 6219 6201
f 6200 6512 6201
f 6201 6512 6511
f 6512 6200 6199
f 6512 6199 6513
f 6175 6514 6197
f 6197 6514 6513
f 6197 6513 6198
f 6198 6513 6199
f 6174 6515 6175
f 6175 6515 6514
f 6516 6517 6518
f 6178 6180 6519
f 6520 6521 6522
f 6522 6521 6523
f 6522 6523 6524
f 6524 6523 6525
f 6524 6525 6526
f 6526 6525 6527
f 6526 6527 6528
f 6528 6527 6529
f 6528 6529 6530
f 6530 6529 6519
f 6530 6519 6182
f 6182 6519 6180
f 6521 6516 6523
f 6523 6516 6518
f 6523 6518 6525
f 6525 6518 6531
f 6525 6531 6527
f 6527 6531 6532
f 6527 6532 6529
f 6529 6532 6533
f 6529 6533 6519
f 6519 6533 6534
f 6519 6534 6178
f 6178 6534 6176
f 6517 6535 6518
f 6518 6535 6536
f 6518 6536 6531
f 6531 6536 6537
f 6531 6537 6532
f 6532 6537 6538
f 6532 6538 6533
f 6533 6538 6539
f 6533 6539 6534
f 6534 6539 6540
f 6534 6540 6176
f 6176 6540 6174
f 6541 6223 6510
f 6510 6223 6222
f 6225 6224 6542
f 6543 6544 6545
f 6227 6226 6546
f 6546 6226 6547
f 6546 6547 6548
f 6548 6547 6549
f 6548 6549 6550
f 6550 6549 6551
f 6550 6551 6552
f 6552 6551 6553
f 6552 6553 6554
f 6554 6553 6545
f 6554 6545 6555
f 6555 6545 6544
f 6226 6225 6547
f 6547 6225 6542
f 6547 6542 6549
f 6549 6542 6556
f 6549 6556 6551
f 6551 6556 6557
f 6551 6557 6553
f 6553 6557 6558
f 6553 6558 6545
f 6545 6558 6559
f 6545 6559 6543
f 6543 6559 6560
f 6224 6223 6542
f 6542 6223 6561
f 6542 6561 6556
f 6556 6561 6562
f 6556 6562 6557
f 6557 6562 6563
f 6557 6563 6558
f 6558 6563 6564
f 6558 6564 6559
f 6559 6564 6565
f 6559 6565 6560
f 6560 6565 6566
f 6567 5974 6568
f 6568 5974 5981
f 6568 5981 6569
f 6569 5981 5980
f 6569 5980 6570
f 6570 5980 5979
f 6570 5979 6571
f 6571 5979 5975
f 6571 5975 6572
f 6572 5975 5973
f 6572 5973 6573
f 6573 5973 5972
f 6573 5972 6574
f 6574 5972 5971
f 6574 5971 6575
f 6575 5971 5970
f 6575 5970 6576
f 6576 5970 5976
f 6576 5976 6577
f 6577 5976 5977
f 6577 5977 6578
f 6578 5977 5978
f 6578 5978 6567
f 6567 5978 5974
f 6016 6013 6579
f 6010 6580 6581
f 6013 6012 6579
f 6579 6012 6006
f 6579 6006 6581
f 6581 6006 6011
f 6581 6011 6010
f 6018 6582 6019
f 6019 6582 6583
f 6019 6583 6014
f 6018 6017 6582
f 6582 6017 6016
f 6582 6016 6584
f 6584 6016 6579
f 6585 5998 5997
f 6585 5997 6586
f 6586 5997 5996
f 6586 5996 6587
f 5991 5990 6588
f 5985 6589 6590
f 6591 6021 6592
f 6592 6021 6020
f 6592 6020 6583
f 6583 6020 6015
f 6583 6015 6014
f 6593 6001 6594
f 6594 6001 6002
f 6594 6002 6585
f 6585 6002 5999
f 6585 5999 5998
f 5990 5989 6588
f 6588 5989 5987
f 6588 5987 6590
f 6590 5987 5986
f 6590 5986 5985
f 6007 6595 6008
f 6008 6595 6580
f 6008 6580 6009
f 6009 6580 6010
f 5996 5995 6587
f 6587 5995 5994
f 6587 5994 6596
f 6596 5994 5993
f 6596 5993 5992
f 5992 5988 6596
f 6596 5988 5991
f 6596 5991 6597
f 6597 5991 6588
f 5985 5984 6589
f 6589 5984 5983
f 6589 5983 6598
f 6598 5983 5982
f 6598 5982 6591
f 6591 5982 6022
f 6591 6022 6021
f 6007 6005 6595
f 6595 6005 6004
f 6595 6004 6599
f 6599 6004 6003
f 6599 6003 6593
f 6593 6003 6000
f 6593 6000 6001
f 6055 6054 6600
f 6051 6601 6602
f 6054 6053 6600
f 6600 6053 6047
f 6600 6047 6602
f 6602 6047 6052
f 6602 6052 6051
f 6057 6603 6058
f 6058 6603 6604
f 6058 6604 6059
f 6057 6056 6603
f 6603 6056 6055
f 6603 6055 6605
f 6605 6055 6600
f 6606 6039 6038
f 6606 6038 6607
f 6607 6038 6037
f 6607 6037 6608
f 6031 6030 6609
f 6026 6610 6611
f 6612 6062 6613
f 6613 6062 6061
f 6613 6061 6604
f 6604 6061 6060
f 6604 6060 6059
f 6614 6042 6615
f 6615 6042 6041
f 6615 6041 6606
f 6606 6041 6040
f 6606 6040 6039
f 6030 6029 6609
f 6609 6029 6028
f 6609 6028 6611
f 6611 6028 6027
f 6611 6027 6026
f 6048 6616 6049
f 6049 6616 6601
f 6049 6601 6050
f 6050 6601 6051
f 6037 6036 6608
f 6608 6036 6035
f 6608 6035 6617
f 6617 6035 6034
f 6617 6034 6033
f 6033 6032 6617
f 6617 6032 6031
f 6617 6031 6618
f 6618 6031 6609
f 6026 6025 6610
f 6610 6025 6024
f 6610 6024 6619
f 6619 6024 6023
f 6619 6023 6612
f 6612 6023 6063
f 6612 6063 6062
f 6048 6046 6616
f 6616 6046 6045
f 6616 6045 6620
f 6620 6045 6044
f 6620 6044 6614
f 6614 6044 6043
f 6614 6043 6042
f 6621 6622 6623
f 6623 6622 6624
f 6623 6624 6625
f 6626 6627 6623
f 6623 6627 6628
f 6623 6628 6621
f 6629 6630 6623
f 6623 6630 6631
f 6623 6631 6626
f 6625 6632 6623
f 6623 6632 6633
f 6623 6633 6629
f 6634 6635 6636
f 6636 6635 6637
f 6636 6637 6638
f 6639 6640 6636
f 6636 6640 6641
f 6636 6641 6634
f 6642 6643 6636
f 6636 6643 6644
f 6636 6644 6639
f 6638 6645 6636
f 6636 6645 6646
f 6636 6646 6642
f 6458 6647 6459
f 6459 6647 6648
f 6441 6440 6649
f 6649 6440 6461
f 6649 6461 6648
f 6648 6461 6460
f 6648 6460 6459
f 6441 6649 6445
f 6445 6649 6650
f 6445 6650 6446
f 6417 6455 6651
f 6651 6455 6454
f 6651 6454 6650
f 6650 6454 6453
f 6650 6453 6446
f 6417 6651 6418
f 6418 6651 6652
f 6418 6652 6442
f 6442 6652 6443
f 6443 6652 6653
f 6443 6653 6444
f 6464 6465 6654
f 6654 6465 6439
f 6654 6439 6653
f 6653 6439 6438
f 6653 6438 6444
f 6464 6654 6420
f 6420 6654 6655
f 6420 6655 6421
f 6423 6422 6655
f 6655 6422 6433
f 6655 6433 6421
f 6423 6655 6424
f 6424 6655 6656
f 6424 6656 6398
f 6398 6656 6657
f 6398 6657 6414
f 6414 6657 6415
f 6415 6657 6658
f 6415 6658 6416
f 6458 6452 6647
f 6647 6452 6451
f 6647 6451 6658
f 6658 6451 6450
f 6658 6450 6416
f 6427 6659 6428
f 6428 6659 6660
f 6436 6435 6661
f 6661 6435 6407
f 6661 6407 6660
f 6660 6407 6406
f 6660 6406 6428
f 6436 6661 6437
f 6437 6661 6662
f 6437 6662 6456
f 6399 6397 6663
f 6663 6397 6396
f 6663 6396 6662
f 6662 6396 6457
f 6662 6457 6456
f 6399 6663 6400
f 6400 6663 6664
f 6400 6664 6408
f 6408 6664 6409
f 6409 6664 6665
f 6409 6665 6410
f 6432 6431 6666
f 6666 6431 6430
f 6666 6430 6665
f 6665 6430 6429
f 6665 6429 6410
f 6432 6666 6394
f 6394 6666 6667
f 6394 6667 6395
f 6403 6402 6667
f 6667 6402 6401
f 6667 6401 6395
f 6403 6667 6404
f 6404 6667 6668
f 6404 6668 6405
f 6405 6668 6669
f 6405 6669 6411
f 6411 6669 6412
f 6412 6669 6670
f 6412 6670 6413
f 6427 6426 6659
f 6659 6426 6425
f 6659 6425 6670
f 6670 6425 6434
f 6670 6434 6413
f 6090 6671 6672
f 6082 6083 6673
f 6076 6674 6675
f 6066 6676 6067
f 6067 6676 6677
f 6067 6677 6070
f 6673 6083 6678
f 6083 6084 6678
f 6678 6084 6081
f 6678 6081 6679
f 6679 6081 6080
f 6082 6673 6085
f 6085 6673 6680
f 6085 6680 6086
f 6070 6677 6069
f 6069 6677 6681
f 6069 6681 6068
f 6066 6064 6676
f 6676 6064 6065
f 6676 6065 6672
f 6672 6065 6091
f 6672 6091 6090
f 6090 6089 6671
f 6671 6089 6088
f 6671 6088 6680
f 6680 6088 6087
f 6680 6087 6086
f 6080 6077 6679
f 6679 6077 6078
f 6679 6078 6675
f 6675 6078 6079
f 6675 6079 6076
f 6068 6681 6071
f 6071 6681 6682
f 6071 6682 6072
f 6076 6075 6674
f 6674 6075 6074
f 6674 6074 6682
f 6682 6074 6073
f 6682 6073 6072
f 6108 6109 6683
f 6102 6684 6685
f 6116 6686 6687
f 6683 6109 6688
f 6109 6110 6688
f 6688 6110 6107
f 6688 6107 6689
f 6689 6107 6106
f 6092 6690 6093
f 6093 6690 6691
f 6093 6691 6094
f 6094 6691 6095
f 6095 6691 6692
f 6095 6692 6096
f 6108 6683 6111
f 6111 6683 6693
f 6111 6693 6112
f 6106 6103 6689
f 6689 6103 6104
f 6689 6104 6685
f 6685 6104 6105
f 6685 6105 6102
f 6092 6119 6690
f 6690 6119 6118
f 6690 6118 6687
f 6687 6118 6117
f 6687 6117 6116
f 6116 6115 6686
f 6686 6115 6114
f 6686 6114 6693
f 6693 6114 6113
f 6693 6113 6112
f 6096 6692 6097
f 6097 6692 6694
f 6097 6694 6098
f 6102 6101 6684
f 6684 6101 6100
f 6684 6100 6694
f 6694 6100 6099
f 6694 6099 6098
f 6370 6352 6695
f 6695 6352 6165
f 6141 6696 6124
f 6124 6696 6123
f 6121 6123 6697
f 6698 6172 5855
f 5855 6125 6698
f 6698 6125 6121
f 6698 6121 6699
f 6699 6121 6697
f 6151 6137 6700
f 6696 6141 6701
f 6701 6141 6150
f 6701 6150 6702
f 6702 6150 6151
f 6702 6151 6703
f 6703 6151 6700
f 6138 6704 6137
f 6137 6704 6700
f 6143 6136 6705
f 6704 6138 6706
f 6706 6138 6142
f 6706 6142 6707
f 6707 6142 6143
f 6707 6143 6708
f 6708 6143 6705
f 6705 6136 6709
f 6709 6136 6144
f 6146 6139 6710
f 6709 6144 6711
f 6711 6144 6145
f 6711 6145 6712
f 6712 6145 6146
f 6712 6146 6713
f 6713 6146 6710
f 6710 6139 6714
f 6714 6139 6149
f 6147 6140 6715
f 6148 6716 6149
f 6149 6716 6714
f 6715 6717 6147
f 6147 6717 6718
f 6147 6718 6148
f 6148 6718 6719
f 6148 6719 6716
f 6720 6721 6128
f 6128 6133 6720
f 6720 6133 6131
f 6720 6131 6722
f 6722 6131 5857
f 6722 5857 6173
f 6129 6128 6140
f 6140 6128 6715
f 6169 6168 6172
f 6172 6168 6154
f 6172 6154 6173
f 6172 6698 6169
f 6169 6698 6699
f 6169 6699 6170
f 6170 6699 6697
f 6170 6697 6171
f 6720 6722 6721
f 6721 6722 6173
f 6721 6173 6723
f 6723 6173 6154
f 6183 6724 6182
f 6182 6724 6725
f 6193 6726 6192
f 6192 6726 6727
f 6192 6727 6190
f 6190 6727 6728
f 6190 6728 6188
f 6188 6728 6729
f 6188 6729 6183
f 6183 6729 6724
f 6205 6730 6193
f 6193 6730 6726
f 6215 6731 6214
f 6214 6731 6732
f 6214 6732 6212
f 6212 6732 6733
f 6212 6733 6210
f 6210 6733 6734
f 6210 6734 6205
f 6205 6734 6730
f 6731 6215 6735
f 6735 6215 6227
f 6736 6737 6738
f 6738 6737 6739
f 6738 6739 6740
f 6740 6739 6741
f 6740 6741 6742
f 6742 6741 6743
f 6742 6743 6744
f 6744 6743 6745
f 6744 6745 6746
f 6502 6747 6748
f 6748 6747 6746
f 6748 6746 6749
f 6749 6746 6745
f 6236 6750 6500
f 6500 6750 6751
f 6500 6751 6501
f 6501 6751 6752
f 6501 6752 6502
f 6502 6752 6747
f 6237 6753 6236
f 6236 6753 6750
f 6249 6754 6250
f 6250 6754 6755
f 6250 6755 6251
f 6251 6755 6756
f 6251 6756 6237
f 6237 6756 6753
f 5882 6258 6249
f 6249 6258 6754
f 6262 6757 5866
f 5866 6757 6252
f 6757 6262 6758
f 6758 6262 6283
f 6758 6283 6759
f 6759 6283 6282
f 6282 6281 6759
f 6759 6281 6278
f 6759 6278 6760
f 6760 6278 6276
f 6760 6276 6761
f 6761 6276 6275
f 6761 6275 6762
f 6762 6275 6763
f 6763 6275 6271
f 6763 6271 6270
f 6287 6764 6270
f 6270 6764 6763
f 6307 6765 6308
f 6308 6765 6766
f 6308 6766 6287
f 6287 6766 6764
f 6307 6306 6765
f 6765 6306 6303
f 6765 6303 6767
f 6767 6303 6301
f 6767 6301 6768
f 6768 6301 6300
f 6768 6300 6769
f 6769 6300 6296
f 6769 6296 6770
f 6770 6296 6295
f 6309 6771 6295
f 6295 6771 6770
f 6319 6772 6320
f 6320 6772 6773
f 6320 6773 6324
f 6324 6773 6774
f 6324 6774 6325
f 6325 6774 6775
f 6325 6775 6326
f 6326 6775 6776
f 6326 6776 6327
f 6327 6776 6777
f 6327 6777 6309
f 6309 6777 6771
f 6328 6778 6319
f 6319 6778 6772
f 6344 6779 6345
f 6345 6779 6780
f 6345 6780 6346
f 6346 6780 6781
f 6346 6781 6328
f 6328 6781 6778
f 6347 6782 6344
f 6344 6782 6779
f 6370 6695 6371
f 6371 6695 6783
f 6371 6783 6372
f 6372 6783 6784
f 6372 6784 6347
f 6347 6784 6782
f 6785 6737 6786
f 6786 6737 6736
f 6358 6787 6161
f 6161 6787 6788
f 6789 6790 6791
f 6791 6790 6792
f 6791 6792 6793
f 6793 6792 6794
f 6794 6792 6787
f 6794 6787 6358
f 6353 6352 6795
f 6355 6354 6796
f 6797 6798 6799
f 6794 6800 6793
f 6793 6800 6799
f 6793 6799 6791
f 6791 6799 6798
f 6791 6798 6789
f 6794 6358 6800
f 6800 6358 6357
f 6800 6357 6356
f 6797 6799 6801
f 6801 6799 6800
f 6801 6800 6796
f 6796 6800 6356
f 6796 6356 6355
f 6802 6803 6801
f 6801 6803 6804
f 6801 6804 6797
f 6802 6801 6805
f 6805 6801 6796
f 6805 6796 6795
f 6795 6796 6354
f 6795 6354 6353
f 6352 6370 6795
f 6795 6370 6361
f 6795 6361 6805
f 6805 6361 6360
f 6805 6360 6802
f 6802 6360 6363
f 6802 6363 6803
f 6803 6363 6369
f 6369 6364 6806
f 6806 6364 6807
f 6351 6377 6367
f 6367 6377 6807
f 6367 6807 6366
f 6366 6807 6364
f 6808 6809 6806
f 6807 6810 6811
f 6807 6811 6806
f 6806 6811 6812
f 6806 6812 6808
f 6807 6377 6810
f 6810 6377 6375
f 6810 6375 6813
f 6813 6375 6376
f 6813 6376 6466
f 6466 6376 6373
f 6466 6373 6374
f 6814 6815 6816
f 6816 6815 6817
f 6385 6383 6818
f 6818 6383 6819
f 6817 6820 6816
f 6816 6820 6821
f 6816 6821 6822
f 6822 6821 6823
f 6822 6823 6819
f 6819 6823 6824
f 6819 6824 6818
f 6474 6481 6476
f 6476 6481 6477
f 6823 6821 6825
f 6474 6473 6481
f 6481 6473 6470
f 6481 6470 6468
f 6481 6479 6477
f 6477 6479 6488
f 6477 6488 6487
f 6823 6825 6824
f 6824 6825 6826
f 6824 6826 6827
f 6821 6820 6825
f 6825 6820 6817
f 6825 6817 6815
f 6487 6485 6477
f 6477 6485 6484
f 6477 6484 6483
f 6827 6828 6824
f 6824 6828 6829
f 6824 6829 6818
f 6818 6829 6385
f 6829 6830 6385
f 6385 6830 6380
f 6385 6380 6384
f 6384 6380 6381
f 6384 6381 6483
f 6483 6381 6472
f 6483 6472 6477
f 6831 6826 6832
f 6832 6826 6825
f 6833 6378 6380
f 6380 6830 6833
f 6833 6830 6829
f 6833 6829 6834
f 6834 6829 6828
f 6834 6828 6831
f 6831 6828 6827
f 6831 6827 6826
f 6835 6836 6832
f 6832 6836 6467
f 6832 6467 6379
f 6469 6475 6467
f 6467 6475 6471
f 6467 6471 6379
f 6834 6831 6833
f 6833 6831 6832
f 6833 6832 6378
f 6378 6832 6379
f 6383 6382 6814
f 6814 6382 6837
f 6486 6478 6482
f 6482 6478 6480
f 6482 6480 6382
f 6382 6480 6838
f 6382 6838 6837
f 6816 6822 6814
f 6814 6822 6819
f 6814 6819 6383
f 6839 6838 6480
f 6467 6836 6468
f 6468 6836 6813
f 5965 6508 6839
f 6480 6481 6839
f 6839 6481 6393
f 6839 6393 5965
f 5965 6393 6392
f 6481 6468 6393
f 6393 6468 6813
f 6393 6813 5949
f 5949 6813 6466
f 6840 6748 6841
f 6841 6748 6749
f 6841 6749 6745
f 6842 6496 6843
f 6843 6496 6490
f 6843 6490 6840
f 6840 6490 6489
f 6840 6489 6748
f 6748 6489 6498
f 6748 6498 6502
f 6228 6493 6504
f 6504 6493 6844
f 6496 6845 6497
f 6497 6845 6844
f 6497 6844 6495
f 6495 6844 6493
f 6508 6507 6505
f 6508 6505 6839
f 6846 6847 6845
f 6845 6847 6848
f 6845 6848 6844
f 6844 6848 6849
f 6844 6849 6850
f 6505 6506 6839
f 6839 6506 6503
f 6839 6503 6850
f 6850 6503 6504
f 6850 6504 6844
f 6851 6852 6853
f 6854 6841 6745
f 6841 6854 6840
f 6842 6843 6855
f 6855 6843 6856
f 6855 6856 6857
f 6857 6856 6853
f 6852 6858 6853
f 6853 6858 6859
f 6853 6859 6857
f 6860 6851 6861
f 6861 6851 6853
f 6861 6853 6854
f 6854 6853 6856
f 6854 6856 6840
f 6840 6856 6843
f 6745 6743 6854
f 6854 6743 6741
f 6854 6741 6861
f 6861 6741 6739
f 6861 6739 6860
f 6860 6739 6737
f 6862 6858 6852
f 6862 6852 6863
f 6737 6785 6860
f 6860 6785 6863
f 6860 6863 6851
f 6851 6863 6852
f 6864 6865 6866
f 6866 6865 6867
f 6868 6869 6870
f 6864 6871 6865
f 6865 6871 6872
f 6865 6872 6870
f 6870 6872 6873
f 6870 6873 6868
f 6874 6875 6876
f 6876 6875 6870
f 6876 6870 6877
f 6877 6870 6869
f 6874 6878 6875
f 6875 6878 6879
f 6875 6879 6880
f 6881 6515 6882
f 6882 6515 6875
f 6882 6875 6883
f 6883 6875 6880
f 6881 6884 6515
f 6515 6884 6885
f 6515 6885 6886
f 6541 6887 6888
f 6888 6889 6541
f 6541 6889 6890
f 6541 6890 6891
f 6892 6893 6894
f 6894 6893 6541
f 6894 6541 6895
f 6895 6541 6891
f 6896 6897 6898
f 6898 6897 6893
f 6898 6893 6899
f 6899 6893 6892
f 6896 6900 6897
f 6897 6900 6901
f 6897 6901 6902
f 6903 6904 6905
f 6905 6904 6897
f 6905 6897 6906
f 6906 6897 6902
f 6903 6907 6904
f 6904 6907 6908
f 6904 6908 6909
f 6510 6910 6541
f 6541 6910 6887
f 6911 6912 6511
f 6511 6912 6913
f 6511 6913 6509
f 6509 6913 6914
f 6509 6914 6915
f 6915 6916 6509
f 6509 6916 6917
f 6509 6917 6918
f 6919 6910 6510
f 6918 6920 6509
f 6509 6920 6921
f 6509 6921 6510
f 6510 6921 6922
f 6510 6922 6919
f 6512 6923 6511
f 6511 6923 6911
f 6924 6925 6514
f 6514 6925 6926
f 6514 6926 6513
f 6513 6926 6927
f 6513 6927 6928
f 6928 6929 6513
f 6513 6929 6930
f 6513 6930 6931
f 6932 6923 6512
f 6931 6933 6513
f 6513 6933 6934
f 6513 6934 6512
f 6512 6934 6935
f 6512 6935 6932
f 6515 6886 6514
f 6514 6886 6924
f 6182 6725 6530
f 6530 6725 6936
f 6530 6936 6528
f 6528 6936 6937
f 6528 6937 6526
f 6526 6937 6938
f 6526 6938 6524
f 6939 6520 6940
f 6940 6520 6522
f 6940 6522 6941
f 6941 6522 6524
f 6941 6524 6942
f 6942 6524 6938
f 6521 6520 6943
f 6521 6943 6516
f 6516 6943 6944
f 6516 6944 6517
f 6517 6944 6945
f 6517 6945 6535
f 6946 6947 6865
f 6865 6947 6867
f 6515 6174 6540
f 6515 6540 6875
f 6540 6539 6875
f 6875 6539 6538
f 6875 6538 6870
f 6535 6865 6536
f 6536 6865 6870
f 6536 6870 6537
f 6537 6870 6538
f 6904 6909 6948
f 6948 6909 6949
f 6904 6566 6565
f 6904 6565 6897
f 6565 6564 6897
f 6897 6564 6563
f 6897 6563 6893
f 6223 6541 6561
f 6561 6541 6893
f 6561 6893 6562
f 6562 6893 6563
f 6555 6544 6950
f 6950 6544 6951
f 6566 6952 6560
f 6560 6952 6951
f 6560 6951 6543
f 6543 6951 6544
f 6555 6953 6554
f 6554 6953 6954
f 6554 6954 6552
f 6552 6954 6955
f 6552 6955 6550
f 6550 6955 6956
f 6550 6956 6548
f 6735 6227 6957
f 6957 6227 6546
f 6957 6546 6958
f 6958 6546 6548
f 6958 6548 6959
f 6959 6548 6956
f 6574 6960 6573
f 6573 6960 6961
f 6573 6961 6572
f 6572 6961 6962
f 6572 6962 6571
f 6962 6963 6571
f 6571 6963 6964
f 6571 6964 6570
f 6570 6964 6965
f 6570 6965 6569
f 6569 6965 6966
f 6569 6966 6568
f 6568 6966 6967
f 6568 6967 6567
f 6567 6967 6968
f 6567 6968 6578
f 6578 6968 6969
f 6578 6969 6577
f 6577 6969 6970
f 6577 6970 6576
f 6576 6970 6971
f 6576 6971 6575
f 6575 6971 6972
f 6575 6972 6574
f 6574 6972 6973
f 6574 6973 6960
f 6974 6975 6599
f 6976 6581 6977
f 6977 6581 6580
f 6977 6580 6975
f 6975 6580 6595
f 6975 6595 6599
f 6978 6584 6976
f 6976 6584 6579
f 6976 6579 6581
f 6979 6590 6980
f 6980 6590 6589
f 6980 6589 6981
f 6981 6589 6598
f 6981 6598 6982
f 6982 6598 6591
f 6982 6591 6983
f 6983 6591 6592
f 6983 6592 6984
f 6984 6592 6583
f 6984 6583 6978
f 6978 6583 6582
f 6978 6582 6584
f 6985 6597 6979
f 6979 6597 6588
f 6979 6588 6590
f 6986 6586 6987
f 6987 6586 6587
f 6987 6587 6985
f 6985 6587 6596
f 6985 6596 6597
f 6599 6593 6974
f 6974 6593 6594
f 6974 6594 6986
f 6986 6594 6585
f 6986 6585 6586
f 6988 6989 6620
f 6990 6602 6991
f 6991 6602 6601
f 6991 6601 6989
f 6989 6601 6616
f 6989 6616 6620
f 6992 6605 6990
f 6990 6605 6600
f 6990 6600 6602
f 6993 6613 6994
f 6994 6613 6604
f 6994 6604 6992
f 6992 6604 6603
f 6992 6603 6605
f 6995 6619 6993
f 6993 6619 6612
f 6993 6612 6613
f 6996 6611 6995
f 6995 6611 6610
f 6995 6610 6619
f 6997 6618 6996
f 6996 6618 6609
f 6996 6609 6611
f 6998 6607 6999
f 6999 6607 6608
f 6999 6608 6997
f 6997 6608 6617
f 6997 6617 6618
f 6620 6614 6988
f 6988 6614 6615
f 6988 6615 6998
f 6998 6615 6606
f 6998 6606 6607
f 7000 6631 6630
f 7000 7001 6631
f 6631 7001 7002
f 6631 7002 6626
f 6626 7002 7003
f 6626 7003 6627
f 6627 7003 7004
f 6627 7004 6628
f 6628 7004 7005
f 6628 7005 6621
f 6621 7005 7006
f 6621 7006 6622
f 6622 7006 7007
f 6622 7007 6624
f 6624 7007 7008
f 6624 7008 6625
f 6625 7008 7009
f 6625 7009 6632
f 6632 7009 7010
f 6632 7010 6633
f 6633 7010 7011
f 6633 7011 6629
f 6629 7011 7012
f 6629 7012 6630
f 6630 7012 7013
f 6630 7013 7000
f 6642 7014 6643
f 6643 7014 7015
f 6643 7015 6644
f 6644 7015 7016
f 6644 7016 6639
f 7016 7017 6639
f 6639 7017 7018
f 6639 7018 6640
f 6640 7018 7019
f 6640 7019 6641
f 6641 7019 7020
f 6641 7020 6634
f 6634 7020 7021
f 6634 7021 6635
f 6635 7021 7022
f 6635 7022 6637
f 6637 7022 7023
f 6637 7023 6638
f 6638 7023 7024
f 6638 7024 6645
f 6645 7024 7025
f 6645 7025 6646
f 6646 7025 7026
f 6646 7026 6642
f 6642 7026 7027
f 6642 7027 7014
f 6648 7028 6649
f 6649 7028 7029
f 6649 7029 6650
f 6650 7029 7030
f 6650 7030 6651
f 6651 7030 7031
f 6651 7031 6652
f 6652 7031 7032
f 6652 7032 6653
f 6653 7032 7033
f 6653 7033 6654
f 6654 7033 7034
f 6654 7034 6655
f 6655 7034 7035
f 6655 7035 6656
f 6656 7035 7036
f 6656 7036 6657
f 6657 7036 7037
f 6657 7037 6658
f 6658 7037 7038
f 6658 7038 6647
f 6647 7038 7039
f 6647 7039 6648
f 6648 7039 7028
f 6665 6664 7040
f 7040 7041 6665
f 6665 7041 7042
f 6665 7042 6666
f 6666 7042 7043
f 6666 7043 6667
f 6667 7043 7044
f 6667 7044 6668
f 6668 7044 7045
f 6668 7045 6669
f 6669 7045 7046
f 6669 7046 6670
f 6670 7046 7047
f 6670 7047 6659
f 6659 7047 7048
f 6659 7048 6660
f 6660 7048 7049
f 6660 7049 6661
f 6661 7049 7050
f 6661 7050 6662
f 6662 7050 7051
f 6662 7051 6663
f 6663 7051 7052
f 6663 7052 6664
f 6664 7052 7053
f 6664 7053 7040
f 6675 7054 6679
f 6679 7054 7055
f 6679 7055 6678
f 6678 7055 7056
f 6678 7056 6673
f 6673 7056 7057
f 6673 7057 6680
f 6680 7057 7058
f 6680 7058 6671
f 6671 7058 7059
f 6671 7059 6672
f 6672 7059 7060
f 6672 7060 6676
f 6676 7060 7061
f 6676 7061 6677
f 6677 7061 7062
f 6677 7062 6681
f 6681 7062 7063
f 6681 7063 6682
f 6682 7063 7064
f 6682 7064 6674
f 6674 7064 7065
f 6674 7065 6675
f 6675 7065 7054
f 6685 7066 6689
f 6689 7066 7067
f 6689 7067 6688
f 6688 7067 7068
f 6688 7068 6683
f 6683 7068 7069
f 6683 7069 6693
f 6693 7069 7070
f 6693 7070 6686
f 6686 7070 7071
f 6686 7071 6687
f 6687 7071 7072
f 6687 7072 6690
f 6690 7072 7073
f 6690 7073 6691
f 6691 7073 7074
f 6691 7074 6692
f 6692 7074 7075
f 6692 7075 6694
f 6694 7075 7076
f 6694 7076 6684
f 6684 7076 7077
f 6684 7077 6685
f 6685 7077 7066
f 7078 7079 7080
f 6695 6165 7081
f 7081 6165 6160
f 7081 6160 7080
f 7080 6160 6159
f 7080 6159 7078
f 7078 6159 6158
f 6696 7082 6123
f 6123 7082 6171
f 6123 6171 6697
f 6700 7083 6703
f 6703 7083 7084
f 6703 7084 6702
f 6702 7084 6701
f 6701 7084 7082
f 6701 7082 6696
f 6704 7085 6700
f 6700 7085 7086
f 6700 7086 7083
f 6705 7087 6708
f 6708 7087 7088
f 6708 7088 6707
f 7085 6704 7088
f 7088 6704 6706
f 7088 6706 6707
f 7089 7087 6709
f 6709 7087 6705
f 6710 7090 6713
f 6713 7090 7091
f 6713 7091 6712
f 7089 6709 7091
f 7091 6709 6711
f 7091 6711 6712
f 6714 7092 7093
f 6714 7093 6710
f 6710 7093 7094
f 6710 7094 7090
f 6715 7095 6717
f 6717 7095 7096
f 6717 7096 6718
f 6718 7096 7097
f 6718 7097 6719
f 7092 6714 7097
f 7097 6714 6716
f 7097 6716 6719
f 7095 6715 7098
f 7098 6715 6128
f 7098 6128 6723
f 6723 6128 6721
f 6723 6154 6153
f 6723 6153 7099
f 6161 6788 6153
f 6153 6788 7100
f 6153 7100 7099
f 7099 7100 7101
f 6939 7102 7103
f 7103 7102 7104
f 7102 7105 7104
f 7104 7105 7106
f 7104 7106 7107
f 7107 7106 7108
f 7107 7108 7109
f 7109 7108 7110
f 7111 7112 7113
f 7111 7113 7110
f 7110 7113 7114
f 7110 7114 7109
f 7109 7114 7115
f 7109 7115 7116
f 7117 7118 7119
f 6941 6942 7120
f 7121 7108 7106
f 7122 7123 7124
f 7125 7126 7127
f 7128 7129 7130
f 6937 6936 7129
f 7131 7132 7133
f 7128 7130 7134
f 7134 7130 7135
f 7134 7135 7136
f 7136 7135 7119
f 7136 7119 7127
f 7119 7118 7127
f 7127 7118 7137
f 7127 7137 7125
f 7138 7139 7140
f 7139 7138 7124
f 7141 7122 7142
f 7142 7122 7124
f 7142 7124 7143
f 7143 7124 7138
f 7105 7102 7144
f 7144 7102 6939
f 7144 6939 6940
f 7105 7144 7106
f 7106 7144 7145
f 7106 7145 7121
f 7108 7121 7110
f 7110 7121 7146
f 7110 7146 7111
f 7111 7146 7147
f 7111 7147 7112
f 6941 7120 6940
f 7148 7149 7150
f 7150 7149 7131
f 7150 7131 7151
f 7131 7133 7151
f 7151 7133 7152
f 7151 7152 7153
f 6940 7120 7144
f 7144 7120 7148
f 7144 7148 7145
f 7145 7148 7150
f 7145 7150 7121
f 7121 7150 7151
f 7121 7151 7146
f 7146 7151 7153
f 7146 7153 7147
f 6937 7129 6938
f 6938 7129 7128
f 6938 7128 6942
f 6942 7128 7120
f 7120 7128 7134
f 7120 7134 7148
f 7148 7134 7136
f 7148 7136 7149
f 7149 7136 7127
f 7149 7127 7131
f 7131 7127 7126
f 7131 7126 7132
f 7154 6936 6725
f 6725 7155 7154
f 7154 7155 7156
f 7154 7156 7140
f 7140 7156 7157
f 7140 7157 7138
f 6936 7154 7129
f 7129 7154 7140
f 7129 7140 7130
f 7130 7140 7139
f 7130 7139 7135
f 7135 7139 7124
f 7135 7124 7119
f 7119 7124 7123
f 7119 7123 7117
f 7158 7141 7142
f 6725 6724 7155
f 7155 6724 7159
f 7155 7159 7156
f 7156 7159 7160
f 7156 7160 7157
f 7157 7160 7161
f 7157 7161 7138
f 7138 7161 7162
f 7138 7162 7143
f 7143 7162 7163
f 7143 7163 7142
f 7142 7163 7164
f 7142 7164 7158
f 7158 7164 7165
f 7166 7167 7168
f 7169 7170 7171
f 7171 7162 7161
f 7160 7159 7172
f 7172 7159 6724
f 7173 7174 7175
f 7176 7177 7178
f 7178 7177 7179
f 7178 7179 7180
f 7162 7171 7163
f 7163 7171 7170
f 7163 7170 7164
f 7167 7181 7168
f 7168 7181 7169
f 7168 7169 7182
f 7182 7169 7171
f 7182 7171 7183
f 7183 7171 7161
f 7181 7184 7169
f 7169 7184 7185
f 7169 7185 7170
f 7170 7185 7186
f 7170 7186 7164
f 7164 7186 7187
f 7164 7187 7165
f 6726 7188 6727
f 6727 7188 7189
f 6727 7189 6728
f 6729 6728 7190
f 7190 6728 7189
f 7190 7189 7191
f 7191 7189 7188
f 7174 7173 7192
f 7175 7193 7173
f 7173 7193 7191
f 7173 7191 7192
f 7192 7191 7188
f 6724 6729 7172
f 7172 6729 7190
f 7172 7190 7194
f 7194 7190 7191
f 7194 7191 7195
f 7195 7191 7193
f 7195 7193 7179
f 7179 7193 7175
f 7179 7175 7180
f 7177 7166 7179
f 7179 7166 7168
f 7179 7168 7195
f 7195 7168 7182
f 7195 7182 7194
f 7194 7182 7183
f 7194 7183 7172
f 7172 7183 7161
f 7172 7161 7160
f 6726 6730 7188
f 7188 6730 7196
f 7188 7196 7192
f 7192 7196 7197
f 7192 7197 7174
f 7174 7197 7198
f 7174 7198 7175
f 7175 7198 7199
f 7175 7199 7180
f 7180 7199 7200
f 7180 7200 7178
f 7178 7200 7201
f 7178 7201 7176
f 7176 7201 7202
f 7203 7204 7205
f 7206 7207 7208
f 7208 7199 7198
f 7197 7196 7209
f 7209 7196 6730
f 7210 7211 7212
f 7213 7214 7215
f 7216 7212 7217
f 7217 7212 7211
f 7217 7211 7218
f 7199 7208 7200
f 7200 7208 7207
f 7200 7207 7201
f 7204 7219 7205
f 7205 7219 7206
f 7205 7206 7220
f 7220 7206 7208
f 7220 7208 7221
f 7221 7208 7198
f 7202 7201 7222
f 7222 7201 7207
f 7222 7207 7223
f 7223 7207 7206
f 7223 7206 7224
f 7224 7206 7219
f 6731 7225 6732
f 6732 7225 7226
f 6732 7226 6733
f 6734 6733 7227
f 7227 6733 7226
f 7227 7226 7228
f 7228 7226 7225
f 7214 7213 7229
f 7215 7230 7213
f 7213 7230 7228
f 7213 7228 7229
f 7229 7228 7225
f 6730 6734 7209
f 7209 6734 7227
f 7209 7227 7231
f 7231 7227 7228
f 7231 7228 7232
f 7232 7228 7230
f 7232 7230 7212
f 7212 7230 7215
f 7212 7215 7210
f 7216 7203 7212
f 7212 7203 7205
f 7212 7205 7232
f 7232 7205 7220
f 7232 7220 7231
f 7231 7220 7221
f 7231 7221 7209
f 7209 7221 7198
f 7209 7198 7197
f 7233 7234 7235
f 7218 7211 7235
f 7235 7211 7210
f 7235 7210 7233
f 6731 6735 7225
f 7225 6735 7236
f 7225 7236 7229
f 7229 7236 7237
f 7229 7237 7214
f 7214 7237 7238
f 7214 7238 7215
f 7215 7238 7239
f 7215 7239 7210
f 7210 7239 7240
f 7210 7240 7233
f 6958 6959 7241
f 7242 7239 7238
f 7243 7244 7245
f 7246 7247 7248
f 6955 6954 7247
f 7249 7250 7251
f 7251 7250 7252
f 7246 7248 7253
f 7253 7248 7254
f 7253 7254 7255
f 7255 7254 7251
f 7255 7251 7256
f 7256 7251 7252
f 7256 7252 7257
f 7258 7259 7260
f 7259 7258 7245
f 7261 7243 7262
f 7262 7243 7245
f 7262 7245 7263
f 7263 7245 7258
f 7237 7236 7264
f 7264 7236 6735
f 7264 6735 6957
f 7237 7264 7238
f 7238 7264 7265
f 7238 7265 7242
f 7239 7242 7240
f 7240 7242 7266
f 7240 7266 7233
f 7233 7266 7267
f 7233 7267 7234
f 6958 7241 6957
f 7268 7269 7270
f 7270 7269 7271
f 7270 7271 7272
f 7273 7274 7271
f 7271 7274 7275
f 7271 7275 7272
f 7272 7275 7276
f 7272 7276 7277
f 6957 7241 7264
f 7264 7241 7268
f 7264 7268 7265
f 7265 7268 7270
f 7265 7270 7242
f 7242 7270 7272
f 7242 7272 7266
f 7266 7272 7277
f 7266 7277 7267
f 6955 7247 6956
f 6956 7247 7246
f 6956 7246 6959
f 6959 7246 7241
f 7241 7246 7253
f 7241 7253 7268
f 7268 7253 7255
f 7268 7255 7269
f 7269 7255 7256
f 7269 7256 7271
f 7271 7256 7257
f 7271 7257 7273
f 7278 6954 6953
f 6953 7279 7278
f 7278 7279 7280
f 7278 7280 7260
f 7260 7280 7281
f 7260 7281 7258
f 6954 7278 7247
f 7247 7278 7260
f 7247 7260 7248
f 7248 7260 7259
f 7248 7259 7254
f 7254 7259 7245
f 7254 7245 7251
f 7251 7245 7244
f 7251 7244 7249
f 7282 7280 7283
f 7283 7280 7279
f 7283 7279 6953
f 7284 7263 7285
f 7285 7263 7258
f 7285 7258 7282
f 7282 7258 7281
f 7282 7281 7280
f 7286 7287 7284
f 7284 7287 7288
f 7284 7288 7263
f 7263 7288 7289
f 7263 7289 7262
f 7262 7289 7261
f 6786 6736 7290
f 7290 7291 7292
f 6786 7290 7293
f 7293 7290 7292
f 7293 7292 7294
f 7291 7290 7295
f 7295 7290 7296
f 7297 7298 7299
f 7299 7298 7300
f 7299 7300 7301
f 6746 7301 6744
f 6744 7301 7300
f 6744 7300 6742
f 6742 7300 7302
f 7290 6736 7296
f 7296 6736 6738
f 7296 6738 7302
f 7302 6738 6740
f 7302 6740 6742
f 7298 7303 7300
f 7300 7303 7304
f 7300 7304 7302
f 7302 7304 7305
f 7302 7305 7296
f 7296 7305 7306
f 7296 7306 7295
f 7307 7297 7308
f 7308 7297 7299
f 7308 7299 7309
f 7309 7299 7301
f 7309 7301 6747
f 6747 7301 6746
f 7307 7308 7310
f 7310 7308 7311
f 7309 7312 7308
f 7308 7312 7313
f 7308 7313 7311
f 7314 7315 7316
f 7314 7316 7317
f 7316 7318 7317
f 7317 7318 7319
f 7317 7319 7312
f 7312 7319 7320
f 7312 7320 7313
f 7309 6747 7312
f 7312 6747 6752
f 7312 6752 7317
f 7317 6752 6751
f 7317 6751 7314
f 7314 6751 6750
f 6750 6753 7321
f 7321 7322 7323
f 6750 7321 7314
f 7314 7321 7323
f 7314 7323 7315
f 7322 7321 7324
f 7324 7321 7325
f 7324 7325 7326
f 7327 7328 7325
f 7325 7328 7329
f 7325 7329 7326
f 7330 7331 7332
f 7332 7331 7333
f 7327 7334 7328
f 7328 7334 7331
f 7328 7331 7335
f 7335 7331 7330
f 7321 6753 7325
f 7325 6753 6756
f 7325 6756 7327
f 7327 6756 6755
f 7327 6755 7334
f 7334 6755 6754
f 7336 7333 7337
f 7337 7333 7331
f 7337 7331 7338
f 7338 7331 7334
f 7338 7334 6258
f 6258 7334 6754
f 7337 7338 7339
f 7339 7340 7341
f 7336 7337 7342
f 7342 7337 7339
f 7342 7339 7343
f 7343 7339 7341
f 6255 7340 6256
f 6256 7340 7339
f 6256 7339 6257
f 6257 7339 7338
f 6257 7338 6258
f 7344 6253 6252
f 7345 7346 7344
f 7344 7346 7341
f 7344 7341 7340
f 7340 6255 7344
f 7344 6255 6254
f 7344 6254 6253
f 7347 7345 7348
f 7348 7345 7344
f 7348 7344 7349
f 7349 7344 6252
f 7350 7351 7352
f 7353 7354 7348
f 7348 7354 7355
f 7348 7355 7347
f 7352 7353 7350
f 7350 7353 7348
f 7350 7348 7356
f 7356 7348 7349
f 7356 7349 6757
f 6757 7349 6252
f 7357 7358 7359
f 7359 7358 7360
f 7356 7361 7350
f 7350 7361 7362
f 7350 7362 7351
f 7360 7358 7363
f 7363 7358 7364
f 7363 7364 7365
f 6763 7364 6762
f 6762 7364 7358
f 6762 7358 6761
f 6761 7358 7357
f 7356 6757 7361
f 7361 6757 6758
f 7361 6758 7366
f 7366 6758 6759
f 7366 6759 7357
f 7357 6759 6760
f 7357 6760 6761
f 7359 7367 7357
f 7357 7367 7368
f 7357 7368 7366
f 7366 7368 7369
f 7366 7369 7361
f 7361 7369 7370
f 7361 7370 7362
f 7371 7372 7373
f 7373 7372 7374
f 7365 7364 7375
f 7375 7364 7374
f 7374 7364 7373
f 7373 7364 6763
f 7373 6763 6764
f 7376 7377 7378
f 7378 7377 7379
f 7371 7373 7380
f 7380 7373 7381
f 7382 7383 7384
f 7379 7377 7384
f 7384 7377 7385
f 7384 7385 7382
f 6770 7385 6769
f 6769 7385 7377
f 6769 7377 6768
f 6768 7377 7376
f 7373 6764 7381
f 7381 6764 6766
f 7381 6766 7386
f 7386 6766 6765
f 7386 6765 7376
f 7376 6765 6767
f 7376 6767 6768
f 7378 7387 7376
f 7376 7387 7388
f 7376 7388 7386
f 7386 7388 7389
f 7386 7389 7381
f 7381 7389 7390
f 7381 7390 7380
f 7391 7392 7393
f 7393 7392 7394
f 7395 7396 7382
f 7382 7396 7397
f 7382 7397 7383
f 6770 6771 7385
f 7385 6771 7398
f 7385 7398 7382
f 7382 7398 7392
f 7382 7392 7395
f 7395 7392 7391
f 7392 7398 7399
f 7400 7401 7402
f 7402 7401 7403
f 6772 7403 6773
f 6773 7403 7404
f 6773 7404 6774
f 6774 7404 7405
f 7403 7401 7404
f 7404 7401 7406
f 7404 7406 7405
f 7399 6776 7405
f 7405 6776 6775
f 7405 6775 6774
f 7406 7407 7405
f 7405 7407 7408
f 7405 7408 7399
f 7398 6771 7399
f 7399 6771 6777
f 7399 6777 6776
f 7394 7392 7409
f 7409 7392 7399
f 7409 7399 7410
f 7410 7399 7408
f 7411 7400 7402
f 6772 6778 7403
f 7403 6778 7412
f 7403 7412 7402
f 7402 7412 7413
f 7402 7413 7411
f 7411 7413 7414
f 7415 7414 7413
f 7412 7416 7413
f 7413 7416 7417
f 7413 7417 7415
f 7418 7419 7420
f 7418 7420 7421
f 7420 7422 7421
f 7421 7422 7423
f 7421 7423 7416
f 7416 7423 7424
f 7416 7424 7417
f 7412 6778 7416
f 7416 6778 6781
f 7416 6781 7421
f 7421 6781 6780
f 7421 6780 7418
f 7418 6780 6779
f 7425 7419 7418
f 6779 6782 7426
f 7427 7425 7426
f 7426 7425 7418
f 7426 7418 6779
f 7427 7426 7428
f 7428 7426 7429
f 7428 7429 7430
f 7431 7432 7429
f 7429 7432 7433
f 7429 7433 7430
f 7080 7079 7434
f 7431 7081 7432
f 7432 7081 7080
f 7432 7080 7435
f 7435 7080 7434
f 7426 6782 7429
f 7429 6782 6784
f 7429 6784 7431
f 7431 6784 6783
f 7431 6783 7081
f 7081 6783 6695
f 7294 7436 7437
f 6863 6785 6862
f 6862 6785 6786
f 6862 6786 7438
f 7438 6786 7437
f 7437 6786 7293
f 7437 7293 7294
f 6790 7439 7440
f 7440 7441 7101
f 7101 7100 7440
f 7440 7100 6788
f 7440 6788 6790
f 6790 6788 6787
f 6790 6787 6792
f 7439 6790 7442
f 7442 6790 6789
f 6789 6798 7442
f 7442 6798 7443
f 6803 7444 6804
f 6804 7444 7443
f 6804 7443 6797
f 6797 7443 6798
f 7445 7444 6809
f 6809 7444 6803
f 6809 6803 6806
f 6806 6803 6369
f 7445 6809 6808
f 7445 6808 7446
f 7446 6808 6812
f 7446 6812 7447
f 7447 6812 6811
f 7447 6811 7448
f 6810 7449 6811
f 6811 7449 7448
f 6813 6836 6810
f 6810 6836 6835
f 6810 6835 7449
f 7449 6835 7450
f 6814 6837 6815
f 6815 6837 7451
f 6815 7451 6825
f 6825 7451 7450
f 6825 7450 6832
f 6832 7450 6835
f 7452 7451 6850
f 6850 7451 6837
f 6850 6837 6839
f 6839 6837 6838
f 7452 6850 7453
f 7453 6850 6849
f 7453 6849 6848
f 7453 6848 7454
f 7454 6848 6847
f 7454 6847 7455
f 7455 6847 6846
f 7455 6846 7456
f 6845 6496 6846
f 6846 6496 6842
f 6846 6842 7456
f 7456 6842 7457
f 6858 7458 6859
f 6859 7458 7459
f 6859 7459 6857
f 6857 7459 6855
f 6855 7459 7457
f 6855 7457 6842
f 7458 6858 7438
f 7438 6858 6862
f 7460 7461 7462
f 7463 7464 7465
f 7466 7467 7462
f 7462 7467 7468
f 7462 7468 7460
f 7460 7468 7469
f 7460 7469 7470
f 7462 7471 7472
f 7473 7474 7475
f 7475 7474 7462
f 7475 7462 7476
f 7476 7462 7465
f 7477 7466 7478
f 7478 7466 7462
f 7478 7462 7479
f 7479 7462 7474
f 7465 7462 7463
f 7463 7462 7472
f 7463 7472 7480
f 7481 7482 7483
f 7483 7482 7470
f 7483 7470 7484
f 7485 7460 7486
f 7486 7460 7470
f 7486 7470 7487
f 7487 7470 7482
f 6928 6927 7488
f 7488 6927 6926
f 6947 7489 6867
f 6867 7489 7490
f 6867 7490 6866
f 6932 6935 7491
f 7491 6935 6934
f 7491 6934 7492
f 6915 6914 7493
f 7493 6914 6913
f 6919 6922 7494
f 7494 6922 6921
f 7494 6921 7495
f 6901 7496 6902
f 6902 7496 7497
f 6902 7497 6906
f 6906 7497 7498
f 6906 7498 6905
f 7490 7499 6866
f 6866 7499 7500
f 6866 7500 6864
f 6864 7500 7501
f 6864 7501 6871
f 6871 7501 7502
f 6871 7502 6872
f 6872 7502 7503
f 6872 7503 6873
f 6873 7503 6868
f 7504 6877 7505
f 7505 6877 6869
f 7504 7506 6877
f 6877 7506 7507
f 6877 7507 6876
f 6876 7507 7508
f 6876 7508 6874
f 6874 7508 6878
f 7508 7509 6878
f 6878 7509 7510
f 6878 7510 6879
f 7510 7511 6879
f 6879 7511 7512
f 6879 7512 6880
f 6880 7512 7513
f 6880 7513 6883
f 6883 7513 7514
f 6883 7514 6882
f 7515 6899 7516
f 7516 6899 6892
f 7515 7517 6899
f 6899 7517 7518
f 6899 7518 6898
f 6898 7518 7519
f 6898 7519 6896
f 6896 7519 6900
f 7519 7520 6900
f 6900 7520 7521
f 6900 7521 6901
f 6901 7521 7522
f 6901 7522 7496
f 7503 7523 6868
f 6868 7523 7524
f 6868 7524 6869
f 6869 7524 7525
f 6869 7525 7505
f 7488 7526 6928
f 6928 7526 7527
f 6928 7527 6929
f 6929 7527 7528
f 6929 7528 6930
f 6930 7528 7529
f 6930 7529 6931
f 6931 7529 7530
f 6931 7530 6933
f 7530 7531 6933
f 6933 7531 7532
f 6933 7532 6934
f 6934 7532 7533
f 6934 7533 7492
f 7534 7535 6894
f 6894 7535 7536
f 6894 7536 6892
f 6892 7536 7537
f 6892 7537 7516
f 7498 7538 6905
f 6905 7538 7539
f 6905 7539 6903
f 6903 7539 7540
f 6903 7540 6907
f 7540 7541 6907
f 6907 7541 7542
f 6907 7542 6908
f 6908 7542 7543
f 6908 7543 6909
f 6909 7543 7544
f 6909 7544 6949
f 6949 7544 7545
f 7514 7546 6882
f 6882 7546 7547
f 6882 7547 6881
f 6881 7547 7548
f 6881 7548 6884
f 7548 7549 6884
f 6884 7549 7550
f 6884 7550 6885
f 6885 7550 7551
f 6885 7551 6886
f 6886 7551 7552
f 6886 7552 6924
f 6924 7552 7553
f 6924 7553 6925
f 6925 7553 7554
f 6925 7554 6926
f 6926 7554 7555
f 6926 7555 7488
f 7491 7556 6932
f 6932 7556 7557
f 6932 7557 6923
f 6923 7557 7558
f 6923 7558 6911
f 6911 7558 7559
f 6911 7559 6912
f 6912 7559 7560
f 6912 7560 6913
f 6913 7560 7561
f 6913 7561 7493
f 7493 7562 6915
f 6915 7562 7563
f 6915 7563 6916
f 6916 7563 7564
f 6916 7564 6917
f 6917 7564 7565
f 6917 7565 6918
f 6918 7565 7566
f 6918 7566 6920
f 7566 7567 6920
f 6920 7567 7568
f 6920 7568 6921
f 6921 7568 7569
f 6921 7569 7495
f 7494 7570 6919
f 6919 7570 7571
f 6919 7571 6910
f 6910 7571 7572
f 6910 7572 6887
f 6887 7572 7573
f 6887 7573 6888
f 7573 7574 6888
f 6888 7574 7575
f 6888 7575 6889
f 6889 7575 7576
f 6889 7576 6890
f 6890 7576 7577
f 6890 7577 6891
f 6891 7577 7534
f 6891 7534 6895
f 6895 7534 6894
f 7441 7440 7578
f 7578 7440 7579
f 7578 7579 7580
f 6943 6520 7103
f 7103 6520 6939
f 6535 6945 6865
f 6865 6945 6946
f 6952 6566 6948
f 6948 6566 6904
f 6555 6950 6953
f 6953 6950 7283
f 7436 7294 7292
f 6965 6964 7581
f 7581 6964 6963
f 7581 6963 6962
f 6969 7372 6970
f 6970 7372 7582
f 6970 7582 6971
f 6971 7582 6972
f 6969 6968 7372
f 7372 6968 6967
f 7372 6967 7374
f 7374 6967 6966
f 7374 6966 6965
f 6962 6961 7583
f 7583 6961 6960
f 7583 6960 7584
f 7584 6960 6973
f 6986 6987 7582
f 7582 6987 6985
f 7582 6985 7585
f 7585 6985 6979
f 7388 7387 6976
f 6976 7387 7378
f 7371 6977 7372
f 7372 6977 6975
f 7372 6975 7582
f 7582 6975 6974
f 7582 6974 6986
f 7371 7380 6977
f 6977 7380 7390
f 6977 7390 6976
f 6976 7390 7389
f 6976 7389 7388
f 6976 7383 6978
f 6978 7383 7397
f 6978 7397 6984
f 7378 7379 6976
f 6976 7379 7384
f 6976 7384 7383
f 6982 7586 6981
f 6981 7586 7585
f 6981 7585 6980
f 6980 7585 6979
f 6984 7397 6983
f 6983 7397 7396
f 6983 7396 6982
f 7094 7114 7090
f 7090 7114 7091
f 7009 7433 7010
f 7010 7433 7432
f 7432 7435 7010
f 7010 7435 7434
f 7010 7434 7011
f 7428 7114 7427
f 7427 7114 7113
f 7427 7113 7425
f 7007 7114 7008
f 7008 7114 7428
f 7008 7428 7009
f 7009 7428 7430
f 7009 7430 7433
f 7004 7086 7005
f 7005 7086 7085
f 7005 7085 7006
f 7006 7085 7088
f 7006 7088 7007
f 7007 7088 7087
f 7007 7087 7114
f 7114 7087 7089
f 7114 7089 7091
f 7002 7001 7084
f 7004 7003 7086
f 7086 7003 7002
f 7086 7002 7083
f 7083 7002 7084
f 6158 6157 7082
f 7082 6157 6156
f 7082 6156 6171
f 7011 7434 7012
f 7012 7434 7079
f 7012 7079 7013
f 7013 7079 7078
f 7013 7078 7000
f 7000 7078 6158
f 7000 6158 7001
f 7001 6158 7082
f 7001 7082 7084
f 7021 7020 7587
f 7587 7020 7019
f 7310 7311 7027
f 7027 7311 7014
f 7023 7297 7024
f 7024 7297 7307
f 7024 7307 7025
f 7310 7027 7307
f 7307 7027 7026
f 7307 7026 7025
f 7021 7295 7306
f 7306 7305 7021
f 7021 7305 7304
f 7021 7304 7303
f 7303 7298 7021
f 7021 7298 7297
f 7021 7297 7022
f 7022 7297 7023
f 7016 7015 7316
f 7018 7017 7288
f 7288 7017 7016
f 7014 7311 7015
f 7015 7311 7313
f 7015 7313 7320
f 7320 7319 7015
f 7015 7319 7318
f 7015 7318 7316
f 7016 7316 7288
f 7288 7316 7315
f 7288 7315 7289
f 7588 7050 7049
f 7050 7588 7051
f 7051 7588 7589
f 7051 7589 7052
f 7277 7276 7046
f 7046 7276 7275
f 7046 7275 7047
f 7047 7275 7274
f 7047 7274 7048
f 7044 7235 7045
f 7045 7235 7234
f 7045 7234 7046
f 7046 7234 7267
f 7046 7267 7277
f 7044 7043 7235
f 7235 7043 7042
f 7235 7042 7218
f 7218 7042 7041
f 7218 7041 7217
f 7217 7041 7583
f 7583 7041 7040
f 7583 7040 7589
f 7589 7040 7053
f 7589 7053 7052
f 7152 7133 7411
f 7411 7133 7132
f 7132 7126 7411
f 7411 7126 7125
f 7411 7125 7137
f 7112 7424 7423
f 7152 7411 7153
f 7153 7411 7414
f 7153 7414 7147
f 7147 7414 7415
f 7147 7415 7112
f 7112 7415 7417
f 7112 7417 7424
f 7423 7422 7112
f 7112 7422 7420
f 7112 7420 7113
f 7113 7420 7419
f 7113 7419 7425
f 7394 7409 7411
f 7408 7407 7406
f 7401 7400 7406
f 7406 7400 7411
f 7406 7411 7408
f 7408 7411 7409
f 7408 7409 7410
f 6982 7396 7586
f 7586 7396 7395
f 7586 7395 7391
f 6995 6993 7590
f 6988 6998 7591
f 7375 6994 6992
f 7370 7369 6990
f 6988 7591 6989
f 6998 6999 7591
f 7591 6999 6997
f 7591 6997 7590
f 7590 6997 6996
f 7590 6996 6995
f 6989 7352 6991
f 6991 7352 7351
f 6991 7351 6990
f 6990 7351 7362
f 6990 7362 7370
f 7360 7363 6992
f 6992 7363 7365
f 6992 7365 7375
f 7369 7368 6990
f 6990 7368 7367
f 6990 7367 6992
f 6992 7367 7359
f 6992 7359 7360
f 6989 7591 7352
f 7352 7591 7592
f 7352 7592 7353
f 7330 7332 7593
f 7593 7332 7333
f 7343 7341 7342
f 7342 7341 7346
f 7342 7346 7336
f 7336 7346 7333
f 7346 7345 7333
f 7333 7345 7347
f 7333 7347 7593
f 7593 7347 7355
f 7593 7355 7354
f 7049 7048 7588
f 7588 7048 7274
f 7588 7274 7593
f 7593 7274 7273
f 7593 7273 7257
f 7257 7252 7593
f 7593 7252 7250
f 7593 7250 7330
f 7315 7323 7289
f 7289 7323 7322
f 7289 7322 7261
f 7261 7322 7324
f 7261 7324 7326
f 7326 7329 7261
f 7261 7329 7328
f 7261 7328 7243
f 7243 7328 7335
f 7243 7335 7244
f 7244 7335 7330
f 7244 7330 7249
f 7249 7330 7250
f 7070 7069 7587
f 7587 7069 7068
f 7068 7436 7587
f 7587 7436 7292
f 7587 7292 7021
f 7021 7292 7291
f 7021 7291 7295
f 7068 7067 7436
f 7436 7067 7066
f 7436 7066 7594
f 7594 7066 7077
f 7594 7077 7076
f 7595 7075 7074
f 7074 7073 7595
f 7595 7073 7072
f 7595 7072 7587
f 7587 7072 7071
f 7587 7071 7070
f 7076 7075 7594
f 7594 7075 7595
f 7594 7595 7596
f 7596 7595 7597
f 7019 7018 7587
f 7587 7018 7288
f 7587 7288 7595
f 7595 7288 7287
f 7595 7287 7597
f 7597 7287 7286
f 7222 7223 7583
f 7187 7186 7584
f 7584 7186 7185
f 7584 7185 7184
f 7223 7224 7583
f 7583 7224 7219
f 7583 7219 7204
f 7204 7203 7583
f 7583 7203 7216
f 7583 7216 7217
f 7184 7181 7584
f 7584 7181 7167
f 7584 7167 7166
f 7166 7177 7584
f 7584 7177 7176
f 7584 7176 7583
f 7583 7176 7202
f 7583 7202 7222
f 7033 7032 7598
f 7032 7031 7598
f 7598 7031 7030
f 7598 7030 7584
f 7037 7158 7165
f 7030 7029 7584
f 7584 7029 7028
f 7584 7028 7187
f 7187 7028 7039
f 7187 7039 7165
f 7165 7039 7038
f 7165 7038 7037
f 7037 7036 7158
f 7158 7036 7035
f 7158 7035 7034
f 7137 7118 7599
f 7599 7118 7117
f 7599 7117 7123
f 7034 7033 7158
f 7158 7033 7598
f 7158 7598 7141
f 7141 7598 7599
f 7141 7599 7122
f 7122 7599 7123
f 7093 7058 7094
f 7094 7058 7057
f 7094 7057 7114
f 7600 7063 7062
f 7062 7061 7600
f 7600 7061 7060
f 7600 7060 7093
f 7093 7060 7059
f 7093 7059 7058
f 7057 7056 7114
f 7114 7056 7055
f 7114 7055 7115
f 7055 7054 7115
f 7115 7054 7065
f 7115 7065 7064
f 7064 7063 7115
f 7115 7063 7600
f 7115 7600 7116
f 7116 7600 7601
f 7580 7601 7578
f 7578 7601 7600
f 7578 7600 7441
f 7441 7600 7093
f 7441 7093 7092
f 7092 7097 7441
f 7441 7097 7096
f 7441 7096 7101
f 7101 7096 7095
f 7101 7095 7099
f 7099 7095 7098
f 7099 7098 6723
f 6965 7581 7374
f 7374 7581 7590
f 7374 7590 7375
f 7375 7590 6993
f 7375 6993 6994
f 6962 7583 7581
f 7581 7583 7589
f 7581 7589 7590
f 7590 7589 7588
f 7590 7588 7591
f 7591 7588 7593
f 7591 7593 7592
f 7592 7593 7354
f 7592 7354 7353
f 7394 7411 7393
f 7393 7411 7137
f 7393 7137 7391
f 7391 7137 7599
f 7391 7599 7586
f 7586 7599 7598
f 7586 7598 7585
f 7585 7598 7584
f 7585 7584 7582
f 7582 7584 6973
f 7582 6973 6972
f 7596 7602 7594
f 7594 7602 7437
f 7594 7437 7436
f 7448 7449 7450
f 7437 7602 7579
f 7458 7438 7437
f 7450 7451 7442
f 7442 7451 7440
f 7442 7440 7439
f 7446 7447 7445
f 7445 7447 7448
f 7445 7448 7444
f 7444 7448 7450
f 7444 7450 7443
f 7443 7450 7442
f 7579 7440 7437
f 7437 7440 7451
f 7437 7451 7458
f 7458 7451 7457
f 7458 7457 7459
f 7453 7454 7455
f 7451 7452 7457
f 7457 7452 7453
f 7457 7453 7456
f 7456 7453 7455
f 7603 7604 7605
f 7606 7604 7603
f 7607 7605 7604
f 7608 7609 7610
f 7611 7612 7613
f 7614 7615 7616
f 7617 7618 7619
f 7619 7618 7620
f 7619 7620 7621
f 7622 7623 7624
f 7624 7623 7625
f 7626 7627 7628
f 7626 7628 7625
f 7629 7630 7631
f 7631 7630 7632
f 7631 7632 7622
f 7621 7614 7619
f 7619 7614 7616
f 7619 7616 7633
f 7633 7616 7634
f 7633 7634 7635
f 7635 7634 7636
f 7635 7636 7637
f 7625 7628 7624
f 7624 7628 7638
f 7624 7638 7611
f 7611 7638 7639
f 7611 7639 7612
f 7627 7617 7628
f 7628 7617 7619
f 7628 7619 7638
f 7638 7619 7633
f 7638 7633 7639
f 7639 7633 7635
f 7639 7635 7612
f 7612 7635 7637
f 7612 7637 7613
f 7640 7641 7642
f 7642 7641 7643
f 7643 7641 7644
f 7643 7644 7645
f 7645 7644 7646
f 7645 7646 7647
f 7647 7646 7648
f 7647 7648 7649
f 7650 7651 7652
f 7652 7651 7653
f 7652 7653 7654
f 7648 7655 7649
f 7649 7655 7656
f 7649 7656 7657
f 7657 7656 7658
f 7657 7658 7659
f 7659 7658 7660
f 7661 7662 7663
f 7663 7662 7651
f 7663 7651 7664
f 7664 7651 7650
f 7659 7661 7657
f 7657 7661 7663
f 7657 7663 7649
f 7649 7663 7664
f 7649 7664 7647
f 7647 7664 7650
f 7647 7650 7645
f 7645 7650 7652
f 7645 7652 7643
f 7643 7652 7654
f 7643 7654 7642
f 7665 7640 7666
f 7666 7640 7642
f 7666 7642 7667
f 7667 7642 7654
f 7667 7654 7607
f 7607 7654 7653
f 7607 7653 7605
f 7605 7653 7651
f 7605 7651 7603
f 7603 7651 7662
f 7603 7662 7606
f 7668 7669 7670
f 7668 7671 7672
f 7672 7671 7673
f 7672 7673 7604
f 7674 7604 7673
f 7675 7676 7677
f 7677 7676 7678
f 7677 7678 7679
f 7680 7681 7682
f 7682 7681 7683
f 7682 7683 7684
f 7684 7683 7685
f 7684 7685 7677
f 7677 7685 7686
f 7677 7686 7675
f 7668 7670 7671
f 7671 7670 7687
f 7671 7687 7610
f 7669 7680 7670
f 7670 7680 7682
f 7670 7682 7687
f 7687 7682 7684
f 7687 7684 7610
f 7610 7684 7677
f 7610 7677 7608
f 7608 7677 7679
f 7604 7688 7689
f 7631 7688 7604
f 7629 7631 7604
f 7636 7665 7637
f 7637 7665 7666
f 7637 7666 7613
f 7613 7666 7667
f 7613 7667 7690
f 7690 7667 7607
f 7690 7607 7604
f 7622 7624 7631
f 7631 7624 7611
f 7631 7611 7688
f 7688 7611 7613
f 7688 7613 7689
f 7689 7613 7690
f 7689 7690 7604
f 7609 7691 7610
f 7610 7691 7692
f 7610 7692 7671
f 7671 7692 7693
f 7671 7693 7673
f 7673 7693 7694
f 7673 7694 7674
f 7660 7681 7659
f 7659 7681 7680
f 7659 7680 7661
f 7661 7680 7669
f 7661 7669 7662
f 7662 7669 7668
f 7662 7668 7606
f 7606 7668 7672
f 7606 7672 7604
f 7695 7604 7696
f 7697 7604 7698
f 7699 7604 7697
f 7700 7698 7604
f 7701 7700 7604
f 7702 7701 7604
f 7703 7704 7705
f 7706 7707 7708
f 7709 7710 7711
f 7693 7692 7712
f 7608 7679 7713
f 7632 7630 7695
f 7630 7629 7695
f 7695 7629 7604
f 7699 7696 7604
f 7625 7623 7714
f 7714 7623 7622
f 7714 7622 7632
f 7715 7691 7609
f 7675 7716 7676
f 7676 7716 7713
f 7676 7713 7678
f 7678 7713 7679
f 7604 7674 7717
f 7717 7674 7694
f 7702 7604 7717
f 7691 7715 7692
f 7711 7710 7718
f 7609 7608 7715
f 7715 7608 7713
f 7715 7713 7719
f 7716 7709 7713
f 7713 7709 7711
f 7713 7711 7719
f 7719 7711 7718
f 7719 7718 7720
f 7720 7718 7721
f 7710 7722 7718
f 7718 7722 7723
f 7718 7723 7721
f 7724 7725 7726
f 7726 7725 7727
f 7726 7727 7728
f 7728 7727 7729
f 7728 7729 7730
f 7723 7724 7721
f 7721 7724 7726
f 7721 7726 7720
f 7720 7726 7728
f 7720 7728 7731
f 7731 7728 7730
f 7731 7730 7732
f 7733 7734 7735
f 7735 7734 7736
f 7708 7707 7736
f 7736 7707 7737
f 7736 7737 7735
f 7738 7739 7740
f 7729 7706 7730
f 7730 7706 7708
f 7730 7708 7732
f 7732 7708 7736
f 7732 7736 7739
f 7739 7736 7734
f 7739 7734 7740
f 7740 7734 7733
f 7740 7733 7741
f 7742 7743 7744
f 7744 7743 7745
f 7744 7745 7746
f 7741 7742 7740
f 7740 7742 7744
f 7740 7744 7738
f 7738 7744 7746
f 7738 7746 7747
f 7747 7746 7748
f 7632 7695 7714
f 7714 7695 7696
f 7714 7696 7749
f 7749 7696 7699
f 7749 7699 7750
f 7750 7699 7697
f 7750 7697 7751
f 7751 7697 7698
f 7751 7698 7752
f 7752 7698 7700
f 7752 7700 7753
f 7753 7700 7701
f 7753 7701 7754
f 7754 7701 7702
f 7754 7702 7755
f 7755 7702 7717
f 7755 7717 7712
f 7712 7717 7694
f 7712 7694 7693
f 7756 7615 7614
f 7756 7614 7757
f 7757 7614 7621
f 7757 7621 7620
f 7705 7704 7758
f 7758 7704 7759
f 7758 7759 7760
f 7745 7703 7746
f 7746 7703 7705
f 7746 7705 7748
f 7748 7705 7758
f 7748 7758 7757
f 7757 7758 7760
f 7757 7760 7756
f 7620 7618 7757
f 7757 7618 7617
f 7757 7617 7748
f 7748 7617 7627
f 7748 7627 7626
f 7692 7715 7712
f 7712 7715 7719
f 7712 7719 7755
f 7755 7719 7720
f 7755 7720 7754
f 7754 7720 7731
f 7754 7731 7753
f 7753 7731 7732
f 7753 7732 7752
f 7752 7732 7739
f 7752 7739 7751
f 7751 7739 7738
f 7751 7738 7750
f 7750 7738 7747
f 7750 7747 7749
f 7749 7747 7748
f 7749 7748 7714
f 7714 7748 7626
f 7714 7626 7625
f 7761 7762 7763
f 7764 7765 7766
f 7767 7768 7769
f 7770 7771 7772
f 7772 7771 7773
f 7774 7775 7776
f 7776 7775 7777
f 7776 7777 7773
f 7769 7768 7778
f 7779 7780 7781
f 7768 7782 7778
f 7778 7782 7783
f 7778 7783 7784
f 7784 7783 7785
f 7784 7785 7781
f 7781 7785 7786
f 7781 7786 7779
f 7787 7788 7789
f 7789 7788 7790
f 7789 7790 7791
f 7780 7792 7793
f 7793 7792 7794
f 7793 7794 7795
f 7795 7794 7796
f 7795 7796 7797
f 7797 7796 7798
f 7797 7798 7799
f 7790 7800 7791
f 7791 7800 7801
f 7791 7801 7802
f 7766 7765 7803
f 7804 7805 7806
f 7806 7805 7807
f 7806 7807 7808
f 7765 7809 7803
f 7803 7809 7810
f 7803 7810 7804
f 7804 7810 7811
f 7804 7811 7805
f 7812 7813 7814
f 7814 7813 7815
f 7815 7813 7816
f 7815 7816 7808
f 7817 7818 7819
f 7819 7818 7761
f 7819 7761 7820
f 7820 7761 7763
f 7820 7763 7821
f 7821 7763 7822
f 7821 7822 7823
f 7823 7822 7824
f 7825 7826 7827
f 7828 7825 7829
f 7829 7825 7827
f 7829 7827 7830
f 7830 7827 7812
f 7830 7812 7831
f 7831 7812 7814
f 7484 7832 7775
f 7775 7832 7833
f 7775 7833 7777
f 7833 7834 7777
f 7777 7834 7835
f 7777 7835 7773
f 7773 7835 7836
f 7773 7836 7772
f 7485 7486 7789
f 7789 7486 7487
f 7789 7487 7787
f 7787 7487 7482
f 7787 7482 7774
f 7774 7482 7481
f 7774 7481 7775
f 7775 7481 7483
f 7775 7483 7484
f 7780 7793 7781
f 7781 7793 7837
f 7781 7837 7784
f 7784 7837 7838
f 7784 7838 7778
f 7778 7838 7839
f 7778 7839 7769
f 7771 7767 7773
f 7773 7767 7769
f 7773 7769 7776
f 7776 7769 7839
f 7776 7839 7774
f 7774 7839 7838
f 7774 7838 7787
f 7787 7838 7837
f 7787 7837 7788
f 7788 7837 7793
f 7788 7793 7790
f 7790 7793 7795
f 7790 7795 7800
f 7800 7795 7797
f 7800 7797 7801
f 7485 7789 7460
f 7460 7789 7791
f 7460 7791 7461
f 7461 7791 7802
f 7461 7802 7462
f 7462 7802 7824
f 7462 7824 7471
f 7471 7824 7822
f 7471 7822 7472
f 7808 7816 7806
f 7806 7816 7840
f 7806 7840 7804
f 7804 7840 7841
f 7804 7841 7803
f 7803 7841 7842
f 7803 7842 7766
f 7472 7822 7480
f 7480 7822 7763
f 7480 7763 7463
f 7463 7763 7762
f 7463 7762 7464
f 7799 7764 7797
f 7797 7764 7766
f 7797 7766 7801
f 7801 7766 7842
f 7801 7842 7802
f 7802 7842 7841
f 7802 7841 7824
f 7824 7841 7840
f 7824 7840 7823
f 7823 7840 7816
f 7823 7816 7821
f 7821 7816 7813
f 7821 7813 7820
f 7820 7813 7812
f 7820 7812 7819
f 7819 7812 7827
f 7819 7827 7817
f 7817 7827 7826
f 7843 7844 7845
f 7846 7847 7848
f 7849 7850 7851
f 7851 7850 7852
f 7851 7852 7853
f 7848 7847 7854
f 7855 7856 7857
f 7847 7858 7854
f 7854 7858 7859
f 7854 7859 7860
f 7860 7859 7861
f 7860 7861 7857
f 7857 7861 7862
f 7857 7862 7855
f 7863 7864 7865
f 7865 7864 7866
f 7865 7866 7867
f 7856 7868 7869
f 7869 7868 7870
f 7869 7870 7871
f 7871 7870 7872
f 7871 7872 7873
f 7873 7872 7874
f 7873 7874 7875
f 7866 7876 7867
f 7867 7876 7877
f 7867 7877 7878
f 7845 7844 7879
f 7880 7881 7882
f 7882 7881 7883
f 7882 7883 7884
f 7844 7885 7879
f 7879 7885 7886
f 7879 7886 7880
f 7880 7886 7887
f 7880 7887 7881
f 7888 7889 7890
f 7890 7889 7891
f 7890 7891 7892
f 7892 7891 7893
f 7894 7895 7896
f 7896 7895 7897
f 7897 7895 7898
f 7897 7898 7884
f 7836 7835 7899
f 7899 7835 7834
f 7899 7834 7888
f 7770 7772 7900
f 7900 7772 7901
f 7900 7901 7902
f 7902 7901 7894
f 7902 7894 7903
f 7903 7894 7896
f 7464 7762 7850
f 7850 7762 7761
f 7850 7761 7852
f 7761 7818 7852
f 7852 7818 7817
f 7852 7817 7853
f 7853 7817 7826
f 7853 7826 7904
f 7904 7826 7825
f 7904 7825 7828
f 7479 7474 7865
f 7865 7474 7473
f 7865 7473 7863
f 7863 7473 7475
f 7863 7475 7849
f 7849 7475 7476
f 7849 7476 7850
f 7850 7476 7465
f 7850 7465 7464
f 7856 7869 7857
f 7857 7869 7905
f 7857 7905 7860
f 7860 7905 7906
f 7860 7906 7854
f 7854 7906 7907
f 7854 7907 7848
f 7904 7846 7853
f 7853 7846 7848
f 7853 7848 7851
f 7851 7848 7907
f 7851 7907 7849
f 7849 7907 7906
f 7849 7906 7863
f 7863 7906 7905
f 7863 7905 7864
f 7864 7905 7869
f 7864 7869 7866
f 7866 7869 7871
f 7866 7871 7876
f 7876 7871 7873
f 7876 7873 7877
f 7479 7865 7478
f 7478 7865 7867
f 7478 7867 7477
f 7477 7867 7878
f 7477 7878 7466
f 7466 7878 7893
f 7466 7893 7467
f 7467 7893 7891
f 7467 7891 7468
f 7884 7898 7882
f 7882 7898 7908
f 7882 7908 7880
f 7880 7908 7909
f 7880 7909 7879
f 7879 7909 7910
f 7879 7910 7845
f 7888 7834 7889
f 7889 7834 7833
f 7889 7833 7832
f 7468 7891 7469
f 7469 7891 7889
f 7469 7889 7470
f 7470 7889 7832
f 7470 7832 7484
f 7875 7843 7873
f 7873 7843 7845
f 7873 7845 7877
f 7877 7845 7910
f 7877 7910 7878
f 7878 7910 7909
f 7878 7909 7893
f 7893 7909 7908
f 7893 7908 7892
f 7892 7908 7898
f 7892 7898 7890
f 7890 7898 7895
f 7890 7895 7888
f 7888 7895 7894
f 7888 7894 7899
f 7899 7894 7901
f 7899 7901 7836
f 7836 7901 7772
f 7911 7912 7913
f 7911 7913 7914
f 7914 7913 7545
f 7914 7545 7544
f 7915 7916 7917
f 7917 7916 7918
f 7917 7918 7919
f 7920 7915 7921
f 7921 7915 7922
f 7534 7577 7917
f 7915 7917 7922
f 7922 7917 7577
f 7922 7577 7576
f 7576 7575 7922
f 7922 7575 7574
f 7922 7574 7573
f 7923 7522 7521
f 7521 7520 7923
f 7923 7520 7519
f 7923 7519 7919
f 7919 7519 7518
f 7544 7543 7914
f 7914 7543 7542
f 7914 7542 7541
f 7541 7540 7924
f 7924 7540 7539
f 7924 7539 7538
f 7541 7924 7914
f 7914 7924 7925
f 7914 7925 7911
f 7518 7517 7919
f 7919 7517 7515
f 7919 7515 7917
f 7917 7515 7516
f 7917 7516 7537
f 7537 7536 7917
f 7917 7536 7535
f 7917 7535 7534
f 7538 7498 7924
f 7924 7498 7497
f 7924 7497 7923
f 7923 7497 7496
f 7923 7496 7522
f 7918 7926 7919
f 7919 7926 7927
f 7919 7927 7923
f 7923 7927 7928
f 7923 7928 7924
f 7924 7928 7929
f 7924 7929 7925
f 7930 7920 7931
f 7931 7920 7921
f 7931 7921 7932
f 7932 7921 7922
f 7932 7922 7572
f 7572 7922 7573
f 7933 7934 7935
f 7932 7572 7571
f 7570 7494 7936
f 7933 7561 7934
f 7934 7561 7560
f 7934 7560 7559
f 7564 7563 7937
f 7937 7563 7562
f 7937 7562 7933
f 7933 7562 7493
f 7933 7493 7561
f 7494 7495 7936
f 7936 7495 7569
f 7936 7569 7568
f 7568 7567 7936
f 7936 7567 7566
f 7936 7566 7937
f 7937 7566 7565
f 7937 7565 7564
f 7935 7938 7933
f 7933 7938 7939
f 7933 7939 7937
f 7937 7939 7940
f 7937 7940 7936
f 7936 7940 7941
f 7936 7941 7930
f 7571 7570 7932
f 7932 7570 7936
f 7932 7936 7931
f 7931 7936 7930
f 7559 7558 7942
f 7559 7942 7934
f 7934 7942 7943
f 7934 7943 7935
f 7554 7553 7944
f 7492 7533 7945
f 7945 7533 7532
f 7532 7531 7945
f 7945 7531 7530
f 7945 7530 7946
f 7946 7530 7529
f 7946 7529 7528
f 7947 7948 7944
f 7944 7948 7555
f 7944 7555 7554
f 7528 7527 7946
f 7946 7527 7526
f 7946 7526 7948
f 7948 7526 7488
f 7948 7488 7555
f 7558 7557 7942
f 7942 7557 7556
f 7942 7556 7945
f 7945 7556 7491
f 7945 7491 7492
f 7943 7942 7949
f 7949 7942 7945
f 7949 7945 7950
f 7950 7945 7946
f 7950 7946 7951
f 7951 7946 7948
f 7951 7948 7952
f 7952 7948 7947
f 7952 7947 7953
f 7954 7953 7955
f 7955 7953 7947
f 7955 7947 7956
f 7956 7947 7944
f 7956 7944 7552
f 7552 7944 7553
f 7957 7958 7959
f 7959 7958 7960
f 7961 7511 7510
f 7510 7509 7961
f 7961 7509 7508
f 7961 7508 7957
f 7957 7508 7507
f 7550 7956 7551
f 7551 7956 7552
f 7549 7548 7962
f 7962 7548 7547
f 7962 7547 7546
f 7550 7549 7956
f 7956 7549 7962
f 7956 7962 7955
f 7955 7962 7963
f 7955 7963 7954
f 7501 7964 7502
f 7502 7964 7958
f 7502 7958 7503
f 7501 7500 7964
f 7964 7500 7499
f 7964 7499 7490
f 7960 7958 7965
f 7965 7958 7964
f 7965 7964 7966
f 7507 7506 7957
f 7957 7506 7504
f 7957 7504 7958
f 7958 7504 7505
f 7958 7505 7525
f 7525 7524 7958
f 7958 7524 7523
f 7958 7523 7503
f 7546 7514 7962
f 7962 7514 7513
f 7962 7513 7961
f 7961 7513 7512
f 7961 7512 7511
f 7959 7967 7957
f 7957 7967 7968
f 7957 7968 7961
f 7961 7968 7969
f 7961 7969 7962
f 7962 7969 7970
f 7962 7970 7963
f 7490 7489 7971
f 7490 7971 7964
f 7964 7971 7972
f 7964 7972 7966
f 7601 7580 7579
f 6952 6948 7579
f 7285 7282 7579
f 7489 6947 6946
f 7103 7104 6948
f 6948 6946 6945
f 7596 7597 7602
f 7602 7597 7286
f 7602 7286 7579
f 7579 7286 7284
f 7579 7284 7285
f 6951 6952 6950
f 6950 6952 7579
f 6950 7579 7283
f 7283 7579 7282
f 7545 7913 7912
f 7971 7489 7972
f 7972 7489 6946
f 7972 6946 7912
f 7912 6946 6948
f 7912 6948 7545
f 7545 6948 6949
f 6945 6944 6948
f 6948 6944 6943
f 6948 6943 7103
f 7104 7107 6948
f 6948 7107 7109
f 6948 7109 7579
f 7579 7109 7116
f 7579 7116 7601
f 7641 7640 7911
f 7779 7786 7911
f 7911 7786 7785
f 7911 7785 7783
f 7783 7782 7911
f 7911 7782 7768
f 7911 7768 7767
f 7729 7727 7972
f 7685 7683 7966
f 7966 7683 7681
f 7966 7681 7660
f 7648 7646 7911
f 7911 7646 7644
f 7911 7644 7641
f 7954 7963 7655
f 7655 7963 7970
f 7655 7970 7969
f 7969 7968 7655
f 7655 7968 7967
f 7655 7967 7959
f 7655 7859 7858
f 7655 7858 7954
f 7954 7858 7847
f 7954 7847 7846
f 7846 7904 7954
f 7954 7904 7828
f 7954 7828 7829
f 7829 7830 7954
f 7954 7830 7831
f 7954 7831 7814
f 7729 7972 7706
f 7727 7725 7972
f 7972 7725 7724
f 7972 7724 7723
f 7660 7658 7966
f 7966 7658 7656
f 7966 7656 7965
f 7965 7656 7655
f 7965 7655 7960
f 7960 7655 7959
f 7767 7771 7911
f 7911 7771 7770
f 7911 7770 7648
f 7648 7770 7900
f 7648 7900 7902
f 7902 7903 7648
f 7648 7903 7896
f 7648 7896 7897
f 7814 7815 7954
f 7954 7815 7808
f 7954 7808 7807
f 7810 7953 7811
f 7811 7953 7954
f 7811 7954 7805
f 7805 7954 7807
f 7799 7935 7764
f 7764 7935 7943
f 7764 7943 7949
f 7810 7809 7953
f 7953 7809 7765
f 7953 7765 7952
f 7952 7765 7764
f 7940 7939 7799
f 7799 7939 7938
f 7799 7938 7935
f 7940 7799 7941
f 7941 7799 7798
f 7941 7798 7930
f 7930 7798 7796
f 7930 7796 7920
f 7920 7796 7794
f 7920 7794 7915
f 7915 7794 7792
f 7915 7792 7916
f 7916 7792 7780
f 7916 7780 7918
f 7929 7928 7780
f 7759 7704 7912
f 7723 7722 7972
f 7972 7722 7710
f 7972 7710 7709
f 7709 7716 7972
f 7972 7716 7675
f 7972 7675 7966
f 7966 7675 7686
f 7966 7686 7685
f 7648 7881 7887
f 7887 7886 7648
f 7648 7886 7885
f 7648 7885 7844
f 7655 7872 7870
f 7855 7862 7655
f 7655 7862 7861
f 7655 7861 7859
f 7928 7927 7780
f 7780 7927 7926
f 7780 7926 7918
f 7897 7884 7648
f 7648 7884 7883
f 7648 7883 7881
f 7844 7843 7648
f 7648 7843 7875
f 7648 7875 7655
f 7655 7875 7874
f 7655 7874 7872
f 7949 7950 7764
f 7764 7950 7951
f 7764 7951 7952
f 7779 7911 7780
f 7780 7911 7925
f 7780 7925 7929
f 7912 7616 7615
f 7704 7703 7912
f 7912 7703 7745
f 7912 7745 7743
f 7870 7868 7655
f 7655 7868 7856
f 7655 7856 7855
f 7640 7665 7911
f 7911 7665 7636
f 7911 7636 7912
f 7912 7636 7634
f 7912 7634 7616
f 7615 7756 7912
f 7912 7756 7760
f 7912 7760 7759
f 7743 7742 7912
f 7912 7742 7741
f 7912 7741 7733
f 7733 7735 7912
f 7912 7735 7737
f 7912 7737 7972
f 7972 7737 7707
f 7972 7707 7706
f 7973 7974 7975
f 7975 7974 7976
f 7975 7976 7977
f 7978 7979 7975
f 7975 7979 7980
f 7975 7980 7973
f 7981 7982 7975
f 7975 7982 7983
f 7975 7983 7978
f 7977 7984 7975
f 7975 7984 7985
f 7975 7985 7981
f 7986 7987 7988
f 7988 7987 7989
f 7988 7989 7990
f 7991 7992 7988
f 7988 7992 7993
f 7988 7993 7986
f 7994 7995 7988
f 7988 7995 7996
f 7988 7996 7991
f 7990 7997 7988
f 7988 7997 7998
f 7988 7998 7994
f 7976 7999 7977
f 7977 7999 8000
f 7977 8000 7984
f 7984 8000 8001
f 7984 8001 7985
f 7985 8001 8002
f 7985 8002 7981
f 7981 8002 8003
f 7981 8003 7982
f 7982 8003 8004
f 7982 8004 7983
f 7983 8004 8005
f 7983 8005 7978
f 7978 8005 8006
f 7978 8006 7979
f 7979 8006 8007
f 7979 8007 7980
f 7980 8007 8008
f 7980 8008 7973
f 7973 8008 8009
f 7973 8009 7974
f 7974 8009 8010
f 7974 8010 7976
f 7976 8010 7999
f 8011 8012 8013
f 8013 8012 8014
f 7989 8015 7990
f 7990 8015 8016
f 7990 8016 7997
f 7997 8016 8017
f 7997 8017 7998
f 7998 8017 8018
f 7998 8018 7994
f 7994 8018 8019
f 7994 8019 7995
f 7995 8019 8020
f 7995 8020 7996
f 7996 8020 8021
f 7996 8021 7991
f 7991 8021 8022
f 7991 8022 7992
f 7992 8022 8023
f 7992 8023 7993
f 7993 8023 8024
f 7993 8024 7986
f 7986 8024 8025
f 7986 8025 7987
f 7987 8025 8026
f 7987 8026 7989
f 7989 8026 8015
f 8027 8028 8029
f 8029 8028 8030
f 8031 8032 8033
f 8031 8033 8034
f 8034 8033 8035
f 8034 8035 8036
f 8037 8038 8035
f 8035 8038 8039
f 8035 8039 8036
f 8040 8041 8042
f 8040 8042 8043
f 8043 8042 8032
f 8043 8032 8031
f 8044 8045 8046
f 8046 8045 8047
f 8046 8047 8048
f 8048 8047 8049
f 8048 8049 8050
f 8050 8049 8042
f 8050 8042 8041
f 8029 8030 8051
f 8051 8030 8052
f 8051 8052 8053
f 8053 8052 8054
f 8053 8054 8055
f 8055 8054 8056
f 8055 8056 8057
f 8057 8056 8058
f 8059 8060 8061
f 8061 8060 8062
f 8029 8051 8053
f 8059 8027 8060
f 8060 8027 8029
f 8060 8029 8057
f 8057 8029 8053
f 8057 8053 8055
f 8063 8064 8065
f 8065 8064 8066
f 8065 8066 8067
f 8067 8066 8068
f 8067 8068 8069
f 8069 8068 8070
f 8069 8070 8011
f 8011 8070 8012
f 8011 8013 8071
f 8013 8072 8071
f 8071 8072 8073
f 8071 8073 8074
f 8067 8069 8065
f 8065 8069 8011
f 8065 8011 8063
f 8063 8011 8071
f 8075 8076 8077
f 8077 8078 8079
f 8080 8081 8075
f 8078 8082 8079
f 8079 8082 8083
f 8079 8083 8084
f 8085 8081 8086
f 8086 8081 8080
f 8086 8080 8087
f 8075 8077 8080
f 8080 8077 8079
f 8080 8079 8087
f 8087 8079 8084
f 8087 8084 8088
f 8089 8082 8078
f 8090 8091 8092
f 8092 8091 8093
f 8092 8093 8094
f 8094 8093 8095
f 8094 8089 8092
f 8092 8089 8078
f 8092 8078 8090
f 8090 8078 8077
f 8090 8077 8096
f 8096 8077 8076
f 8097 8040 8098
f 8098 8040 8043
f 8099 8100 8101
f 8099 8101 8102
f 8102 8101 8103
f 8102 8103 8104
f 8105 8099 8106
f 8106 8099 8102
f 8106 8102 8107
f 8107 8102 8104
f 8107 8104 8108
f 8109 8110 8111
f 8111 8112 8113
f 8110 8114 8111
f 8111 8114 8115
f 8111 8115 8112
f 8115 8116 8112
f 8112 8116 8117
f 8112 8117 8113
f 8113 8117 8118
f 8113 8118 8119
f 8099 8105 8120
f 8120 8105 8121
f 8120 8121 8109
f 8109 8111 8120
f 8120 8111 8113
f 8120 8113 8099
f 8099 8113 8119
f 8099 8119 8100
f 8013 8014 8122
f 8013 8122 8072
f 8072 8122 8123
f 8072 8123 8073
f 8107 8108 8074
f 8073 8123 8074
f 8074 8123 8124
f 8074 8124 8107
f 8109 8121 8125
f 8125 8121 8105
f 8125 8105 8124
f 8124 8105 8106
f 8124 8106 8107
f 8109 8125 8110
f 8110 8125 8126
f 8110 8126 8114
f 8127 8128 8009
f 8009 8128 8010
f 8010 8128 8126
f 8010 8126 7999
f 7999 8126 8125
f 7999 8125 8000
f 8000 8125 8124
f 8000 8124 8001
f 8009 8008 8127
f 8127 8008 8007
f 8127 8007 8129
f 8129 8007 8006
f 8129 8006 8130
f 8130 8006 8005
f 8066 8064 8130
f 8005 8004 8130
f 8130 8004 8068
f 8130 8068 8066
f 8124 8123 8001
f 8001 8123 8122
f 8001 8122 8002
f 8002 8122 8014
f 8002 8014 8003
f 8003 8014 8012
f 8003 8012 8004
f 8004 8012 8070
f 8004 8070 8068
f 8061 8062 8131
f 8131 8062 8091
f 8131 8132 8061
f 8061 8132 8133
f 8061 8133 8059
f 8059 8133 8028
f 8059 8028 8027
f 8085 8134 8081
f 8081 8134 8135
f 8081 8135 8075
f 8091 8090 8131
f 8131 8090 8096
f 8131 8096 8135
f 8135 8096 8076
f 8135 8076 8075
f 8058 8056 8136
f 8136 8056 8054
f 8015 8026 8137
f 8137 8026 8138
f 8026 8025 8138
f 8138 8025 8024
f 8138 8024 8139
f 8139 8024 8023
f 8139 8023 8134
f 8134 8023 8022
f 8134 8022 8135
f 8135 8022 8021
f 8135 8021 8131
f 8131 8021 8020
f 8131 8020 8132
f 8132 8020 8019
f 8137 8136 8015
f 8015 8136 8054
f 8015 8054 8016
f 8016 8054 8052
f 8016 8052 8017
f 8017 8052 8030
f 8017 8030 8018
f 8018 8030 8028
f 8018 8028 8019
f 8019 8028 8133
f 8019 8133 8132
f 8140 8141 8142
f 8098 8043 8143
f 8143 8043 8031
f 8143 8031 8144
f 8144 8031 8034
f 8144 8034 8141
f 8141 8034 8036
f 5927 8142 8038
f 8038 8142 8141
f 8038 8141 8039
f 8039 8141 8036
f 8140 8142 8145
f 8145 8142 8146
f 8145 8146 8147
f 8147 8146 8148
f 8148 8146 5937
f 8148 5937 8149
f 8038 8037 5927
f 5927 8037 5926
f 5925 5926 8045
f 8045 5926 8037
f 8049 8047 8042
f 8042 8047 8045
f 8042 8045 8032
f 8032 8045 8037
f 8032 8037 8033
f 8033 8037 8035
f 5924 5925 8044
f 8044 5925 8045
f 8150 5924 8151
f 8151 5924 8044
f 8151 8044 8046
f 8040 8097 8041
f 8041 8097 8152
f 8041 8152 8050
f 8050 8152 8151
f 8050 8151 8048
f 8048 8151 8046
f 8153 5910 8154
f 8154 5910 8155
f 8154 8155 8156
f 8151 8157 8150
f 8150 8157 8158
f 8150 8158 8155
f 8155 8158 8159
f 8155 8159 8156
f 5909 5910 8060
f 8060 5910 8153
f 8060 8153 8062
f 8062 8153 8091
f 8136 5946 8058
f 8058 5946 5909
f 8058 5909 8057
f 8057 5909 8060
f 5945 8130 8064
f 8063 8071 8064
f 8064 8071 5943
f 8064 5943 5945
f 8074 8108 8071
f 8071 8108 8149
f 8071 8149 5943
f 5943 8149 5937
f 8160 8161 8162
f 8162 8161 8163
f 8162 8163 8164
f 8164 8163 8165
f 8164 8165 8166
f 8166 8165 8167
f 8166 8167 8168
f 8168 8167 8169
f 8165 8163 8170
f 8171 8172 8173
f 8171 8173 8174
f 8175 8176 8177
f 8177 8176 8170
f 8163 8161 8170
f 8170 8161 8178
f 8170 8178 8177
f 8167 8165 8179
f 8179 8165 8170
f 8179 8170 8173
f 8173 8170 8176
f 8173 8176 8174
f 8174 8176 8175
f 8174 8175 8180
f 8172 8181 8173
f 8173 8181 8182
f 8173 8182 8179
f 8179 8182 8183
f 8179 8183 8167
f 8167 8183 8169
f 8180 8085 8174
f 8174 8085 8086
f 8174 8086 8171
f 8171 8086 8087
f 8171 8087 8172
f 8172 8087 8088
f 8172 8088 8181
f 8184 8088 8185
f 8185 8088 8084
f 8185 8084 8186
f 8186 8084 8083
f 8186 8083 8187
f 8187 8083 8082
f 8187 8082 8188
f 8188 8082 8089
f 8188 8089 8189
f 8189 8089 8094
f 8189 8094 8190
f 8190 8094 8095
f 8093 8091 8153
f 8153 8191 8093
f 8093 8191 8192
f 8093 8192 8095
f 8095 8192 8193
f 8095 8193 8194
f 8195 8196 8197
f 8192 8191 8198
f 8097 8199 8152
f 8152 8199 8200
f 8152 8200 8151
f 8151 8200 8201
f 8196 8202 8197
f 8197 8202 8203
f 8197 8203 8204
f 8205 8159 8206
f 8206 8159 8158
f 8206 8158 8201
f 8201 8158 8157
f 8201 8157 8151
f 8203 8207 8204
f 8204 8207 8208
f 8204 8208 8209
f 8209 8208 8210
f 8209 8210 8211
f 8191 8153 8198
f 8198 8153 8154
f 8198 8154 8205
f 8205 8154 8156
f 8205 8156 8159
f 8199 8195 8200
f 8200 8195 8197
f 8200 8197 8201
f 8201 8197 8204
f 8201 8204 8206
f 8206 8204 8209
f 8206 8209 8205
f 8205 8209 8211
f 8205 8211 8198
f 8198 8211 8212
f 8198 8212 8192
f 8192 8212 8193
f 8210 8213 8211
f 8211 8213 8214
f 8211 8214 8212
f 8212 8214 8215
f 8212 8215 8193
f 8193 8215 8194
f 8097 8098 8199
f 8199 8098 8216
f 8199 8216 8195
f 8195 8216 8217
f 8195 8217 8196
f 8196 8217 8218
f 8196 8218 8202
f 8202 8218 8219
f 8220 8221 8222
f 8217 8216 8223
f 8149 8224 8148
f 8148 8224 8225
f 8148 8225 8147
f 8147 8225 8226
f 8221 8227 8222
f 8222 8227 8228
f 8222 8228 8229
f 8230 8141 8231
f 8231 8141 8140
f 8231 8140 8226
f 8226 8140 8145
f 8226 8145 8147
f 8228 8232 8229
f 8229 8232 8233
f 8229 8233 8234
f 8234 8233 8235
f 8234 8235 8236
f 8216 8098 8223
f 8223 8098 8143
f 8223 8143 8230
f 8230 8143 8144
f 8230 8144 8141
f 8224 8220 8225
f 8225 8220 8222
f 8225 8222 8226
f 8226 8222 8229
f 8226 8229 8231
f 8231 8229 8234
f 8231 8234 8230
f 8230 8234 8236
f 8230 8236 8223
f 8223 8236 8237
f 8223 8237 8217
f 8217 8237 8218
f 8235 8238 8236
f 8236 8238 8239
f 8236 8239 8237
f 8237 8239 8240
f 8237 8240 8218
f 8218 8240 8219
f 8241 8103 8101
f 8241 8101 8242
f 8242 8101 8100
f 8242 8100 8243
f 8227 8221 8103
f 8103 8221 8104
f 8149 8108 8224
f 8224 8108 8104
f 8224 8104 8220
f 8220 8104 8221
f 8243 8100 8244
f 8244 8100 8119
f 8116 8245 8117
f 8117 8245 8244
f 8117 8244 8118
f 8118 8244 8119
f 8246 8247 8116
f 8246 8116 8248
f 8248 8116 8115
f 8248 8115 8249
f 8249 8115 8114
f 8249 8114 8250
f 8248 8249 8251
f 8252 8253 8254
f 8252 8254 8255
f 8256 8257 8258
f 8258 8257 8251
f 8249 8250 8251
f 8251 8250 8259
f 8251 8259 8258
f 8246 8248 8260
f 8260 8248 8251
f 8260 8251 8254
f 8254 8251 8257
f 8254 8257 8255
f 8255 8257 8256
f 8255 8256 8261
f 8253 8262 8254
f 8254 8262 8263
f 8254 8263 8260
f 8260 8263 8264
f 8260 8264 8246
f 8246 8264 8247
f 8265 8262 8266
f 8266 8262 8253
f 8266 8253 8267
f 8267 8253 8252
f 8267 8252 8268
f 8268 8252 8255
f 8268 8255 8269
f 8269 8255 8261
f 8267 8268 8270
f 8271 8272 8273
f 8271 8273 8274
f 8275 8276 8277
f 8277 8276 8270
f 8268 8269 8270
f 8270 8269 8278
f 8270 8278 8277
f 8266 8267 8279
f 8279 8267 8270
f 8279 8270 8273
f 8273 8270 8276
f 8273 8276 8274
f 8274 8276 8275
f 8274 8275 8280
f 8272 8281 8273
f 8273 8281 8282
f 8273 8282 8279
f 8279 8282 8283
f 8279 8283 8266
f 8266 8283 8265
f 8284 8250 8285
f 8285 8250 8114
f 8285 8114 8128
f 8128 8114 8126
f 8261 8256 8286
f 8286 8256 8287
f 8250 8284 8259
f 8259 8284 8287
f 8259 8287 8258
f 8258 8287 8256
f 8269 8261 8288
f 8288 8261 8286
f 8289 8290 8291
f 8291 8290 8292
f 8127 8293 8128
f 8128 8293 8285
f 6392 8127 6388
f 6388 8127 8129
f 6388 8129 5945
f 5945 8129 8130
f 5946 8136 6448
f 6448 8136 8137
f 6448 8137 6393
f 6393 8137 8138
f 8294 8295 8296
f 8296 8295 8297
f 8296 8297 8298
f 8298 8297 8299
f 8298 8299 8300
f 8300 8299 8301
f 8300 8301 8292
f 8292 8301 8291
f 8302 8303 8304
f 8304 8303 8305
f 8306 8307 8308
f 8308 8307 8309
f 8310 8311 8312
f 8312 8311 8313
f 8312 8313 8314
f 8314 8313 8315
f 8314 8315 8316
f 8316 8315 8317
f 8316 8317 8308
f 8308 8317 8306
f 8318 8319 8320
f 8164 8166 8321
f 8164 8321 8162
f 8322 8323 8324
f 8324 8323 8320
f 8319 8325 8320
f 8320 8325 8326
f 8320 8326 8324
f 8327 8318 8328
f 8328 8318 8320
f 8328 8320 8321
f 8321 8320 8323
f 8321 8323 8162
f 8162 8323 8322
f 8162 8322 8160
f 8166 8168 8321
f 8321 8168 8329
f 8321 8329 8328
f 8328 8329 8330
f 8328 8330 8327
f 8327 8330 8331
f 8139 8134 8332
f 8332 8134 8085
f 8332 8085 8333
f 8333 8085 8180
f 8334 8138 8332
f 8332 8138 8139
f 8335 8336 8160
f 8160 8336 8161
f 8180 8175 8333
f 8333 8175 8337
f 8161 8336 8178
f 8178 8336 8337
f 8178 8337 8177
f 8177 8337 8175
f 5909 8338 5910
f 5910 8338 8339
f 5910 8339 8155
f 8155 8339 8150
f 5924 8150 5925
f 5925 8150 8339
f 5925 8339 5926
f 5926 8339 8340
f 5926 8340 8341
f 8142 5927 5926
f 8342 8343 5946
f 5946 8343 8344
f 5946 8344 5909
f 5909 8344 8345
f 5909 8345 8338
f 5937 8346 8347
f 5937 8347 5943
f 5943 8347 8348
f 5943 8348 5945
f 8349 8350 6392
f 6392 8350 8351
f 6392 8351 6393
f 6393 8351 8342
f 6393 8342 6448
f 6448 8342 5946
f 8346 5937 5926
f 5926 5937 8146
f 5926 8146 8142
f 8348 6427 5945
f 5945 6427 8352
f 5945 8352 6388
f 6388 8352 8353
f 6388 8353 6392
f 8353 8354 6392
f 6392 8354 8355
f 6392 8355 8349
f 8349 8355 8356
f 8349 8356 6458
f 6458 8356 8357
f 6458 8357 8341
f 8341 8357 8358
f 8341 8358 5926
f 5926 8358 8359
f 5926 8359 8346
f 8168 8360 8329
f 8329 8360 8361
f 8329 8361 8330
f 8330 8361 8362
f 8330 8362 8331
f 8331 8362 8363
f 8360 8168 8364
f 8364 8168 8169
f 8181 8365 8182
f 8182 8365 8366
f 8182 8366 8183
f 8183 8366 8367
f 8183 8367 8169
f 8169 8367 8364
f 8365 8181 8184
f 8184 8181 8088
f 8190 8095 8368
f 8368 8095 8194
f 8214 8369 8215
f 8215 8369 8368
f 8215 8368 8194
f 8214 8213 8369
f 8369 8213 8210
f 8369 8210 8370
f 8210 8208 8370
f 8370 8208 8207
f 8370 8207 8371
f 8371 8207 8203
f 8371 8203 8202
f 8202 8219 8371
f 8371 8219 8372
f 8239 8373 8240
f 8240 8373 8372
f 8240 8372 8219
f 8239 8238 8373
f 8373 8238 8235
f 8373 8235 8374
f 8235 8233 8374
f 8374 8233 8232
f 8374 8232 8375
f 8375 8232 8228
f 8375 8228 8227
f 8103 8241 8227
f 8227 8241 8375
f 8247 8376 8116
f 8116 8376 8245
f 8262 8377 8263
f 8263 8377 8378
f 8263 8378 8264
f 8264 8378 8379
f 8264 8379 8247
f 8247 8379 8376
f 8265 8380 8262
f 8262 8380 8377
f 8281 8381 8282
f 8282 8381 8382
f 8282 8382 8283
f 8283 8382 8383
f 8283 8383 8265
f 8265 8383 8380
f 8384 8385 8281
f 8281 8385 8381
f 8385 8384 8386
f 8386 8384 8387
f 8386 8387 8388
f 8388 8387 8389
f 8388 8389 8390
f 8390 8389 8391
f 8390 8391 8392
f 8392 8391 8393
f 8392 8393 8394
f 8395 8396 8397
f 8397 8396 8398
f 8399 8400 8401
f 8401 8400 8402
f 8401 8402 8403
f 8403 8402 8404
f 8402 8405 8404
f 8404 8405 8406
f 8404 8406 8407
f 8407 8406 8408
f 8407 8408 8409
f 8409 8408 8363
f 8363 8408 8331
f 8410 8411 8399
f 8399 8411 8400
f 8412 8413 8393
f 8393 8413 8394
f 8393 8414 8412
f 8412 8414 8415
f 8416 8417 8418
f 8418 8417 8415
f 8418 8415 8419
f 8419 8415 8414
f 8420 8421 8422
f 8423 8414 8393
f 8414 8423 8419
f 8416 8418 8424
f 8424 8418 8425
f 8424 8425 8426
f 8426 8425 8422
f 8421 8427 8422
f 8422 8427 8428
f 8422 8428 8426
f 8429 8420 8430
f 8430 8420 8422
f 8430 8422 8423
f 8423 8422 8425
f 8423 8425 8419
f 8419 8425 8418
f 8393 8391 8423
f 8423 8391 8389
f 8423 8389 8430
f 8430 8389 8387
f 8430 8387 8429
f 8429 8387 8384
f 8280 8275 8431
f 8431 8275 8432
f 8269 8288 8278
f 8278 8288 8432
f 8278 8432 8277
f 8277 8432 8275
f 8384 8281 8429
f 8429 8281 8272
f 8429 8272 8420
f 8420 8272 8271
f 8420 8271 8421
f 8421 8271 8274
f 8421 8274 8427
f 8427 8274 8280
f 8433 8434 8431
f 8432 8303 8435
f 8432 8435 8431
f 8431 8435 8436
f 8431 8436 8433
f 8432 8288 8303
f 8303 8288 8286
f 8303 8286 8305
f 8305 8286 8287
f 8305 8287 8293
f 8293 8287 8284
f 8293 8284 8285
f 8302 8437 8303
f 8303 8437 8438
f 8303 8438 8439
f 8309 8307 8440
f 8440 8307 8441
f 8440 8441 8442
f 8442 8441 8443
f 8442 8443 8444
f 8444 8443 8445
f 8444 8445 8446
f 8446 8445 8447
f 8448 8449 8446
f 8446 8449 8450
f 8446 8450 8444
f 8295 8310 8312
f 8316 8301 8299
f 8312 8314 8295
f 8295 8314 8316
f 8295 8316 8297
f 8297 8316 8299
f 8301 8316 8291
f 8291 8316 8308
f 8291 8308 8289
f 8289 8308 8309
f 8289 8309 8451
f 8451 8309 8440
f 8451 8440 8450
f 8450 8440 8442
f 8450 8442 8444
f 8448 8452 8449
f 8449 8452 8453
f 8449 8453 8450
f 8450 8453 8454
f 8450 8454 8451
f 8451 8454 8455
f 8451 8455 8289
f 8289 8455 8290
f 8452 8456 8437
f 8302 8304 8437
f 8437 8304 8294
f 8437 8294 8296
f 8454 8453 8455
f 8455 8453 8452
f 8455 8452 8290
f 8290 8452 8437
f 8290 8437 8292
f 8296 8298 8437
f 8437 8298 8300
f 8437 8300 8292
f 8457 8458 8311
f 8138 8334 8457
f 8311 8310 8457
f 8457 8310 6392
f 8457 6392 8138
f 8138 6392 6393
f 8294 8304 8295
f 8295 8304 8305
f 8310 8295 6392
f 6392 8295 8305
f 6392 8305 8127
f 8127 8305 8293
f 8307 8306 8311
f 8317 8315 8306
f 8306 8315 8313
f 8306 8313 8311
f 8443 8441 8445
f 8445 8441 8307
f 8445 8307 8447
f 8447 8307 8311
f 8447 8311 8459
f 8459 8311 8458
f 8160 8322 8335
f 8335 8322 8460
f 8325 8461 8326
f 8326 8461 8460
f 8326 8460 8324
f 8324 8460 8322
f 8334 8332 8333
f 8334 8333 8457
f 8462 8463 8461
f 8461 8463 8464
f 8461 8464 8460
f 8460 8464 8465
f 8460 8465 8466
f 8333 8337 8457
f 8457 8337 8336
f 8457 8336 8466
f 8466 8336 8335
f 8466 8335 8460
f 8467 8325 8468
f 8468 8325 8319
f 8468 8319 8469
f 8469 8319 8318
f 8469 8318 8470
f 8470 8318 8327
f 8470 8327 8408
f 8408 8327 8331
f 8471 8472 8473
f 8474 8470 8408
f 8470 8474 8469
f 8467 8468 8475
f 8475 8468 8476
f 8475 8476 8477
f 8477 8476 8473
f 8472 8478 8473
f 8473 8478 8479
f 8473 8479 8477
f 8480 8471 8481
f 8481 8471 8473
f 8481 8473 8474
f 8474 8473 8476
f 8474 8476 8469
f 8469 8476 8468
f 8408 8406 8474
f 8474 8406 8405
f 8474 8405 8481
f 8481 8405 8402
f 8481 8402 8480
f 8480 8402 8400
f 8482 8478 8472
f 8482 8472 8483
f 8483 8472 8471
f 8483 8471 8411
f 8411 8471 8480
f 8411 8480 8400
f 8484 8485 8486
f 8486 8485 8487
f 8488 8489 8490
f 8490 8491 8488
f 8488 8491 8492
f 8488 8492 8493
f 8493 8492 8494
f 8493 8494 8495
f 8486 8487 8496
f 8496 8487 8495
f 8496 8495 8497
f 8497 8495 8494
f 8490 8489 8498
f 8498 8489 8499
f 8498 8499 8500
f 8500 8499 8501
f 8500 8501 8502
f 8502 8501 8503
f 8502 8503 8504
f 8504 8503 8505
f 8504 8505 8398
f 8398 8505 8397
f 8506 8507 8508
f 8508 8507 8509
f 8508 8509 8510
f 8510 8509 8511
f 8510 8511 8512
f 8512 8511 8513
f 8512 8513 8396
f 8396 8513 8398
f 8514 8515 8516
f 8510 8512 8517
f 8518 8519 8520
f 8508 8521 8506
f 8506 8521 8522
f 8520 8519 8523
f 8519 8524 8523
f 8523 8524 8525
f 8523 8525 8521
f 8521 8525 8526
f 8521 8526 8522
f 8518 8520 8527
f 8527 8520 8528
f 8527 8528 8529
f 8529 8528 8516
f 8529 8516 8530
f 8530 8516 8531
f 8531 8516 8515
f 8531 8515 8532
f 8533 8534 8535
f 8535 8534 8536
f 8535 8536 8537
f 8537 8536 8538
f 8537 8538 8539
f 8539 8538 8540
f 8539 8540 8541
f 8541 8540 8542
f 8541 8542 8543
f 8543 8542 8517
f 8543 8517 8396
f 8396 8517 8512
f 8534 8514 8536
f 8536 8514 8516
f 8536 8516 8538
f 8538 8516 8528
f 8538 8528 8540
f 8540 8528 8520
f 8540 8520 8542
f 8542 8520 8523
f 8542 8523 8517
f 8517 8523 8521
f 8517 8521 8510
f 8510 8521 8508
f 8396 8395 8543
f 8543 8395 8544
f 8543 8544 8541
f 8541 8544 8545
f 8541 8545 8539
f 8539 8545 8546
f 8539 8546 8537
f 8547 8533 8548
f 8548 8533 8535
f 8548 8535 8549
f 8549 8535 8537
f 8549 8537 8550
f 8550 8537 8546
f 8532 8515 8551
f 8551 8515 8552
f 8533 8553 8534
f 8534 8553 8552
f 8534 8552 8514
f 8514 8552 8515
f 8554 8555 8556
f 8556 8555 8557
f 8556 8557 8558
f 8558 8557 8559
f 8558 8559 8560
f 8559 8561 8560
f 8560 8561 8562
f 8560 8562 8563
f 8563 8562 8564
f 8563 8564 8565
f 8565 8564 8566
f 8565 8566 8484
f 8484 8566 8485
f 8344 8567 8345
f 8345 8567 8568
f 8345 8568 8338
f 8338 8568 8569
f 8338 8569 8339
f 8339 8569 8570
f 8339 8570 8340
f 8340 8570 8571
f 8340 8571 8341
f 8341 8571 8572
f 8341 8572 6458
f 6458 8572 8573
f 6458 8573 8349
f 8349 8573 8574
f 8349 8574 8350
f 8350 8574 8575
f 8350 8575 8351
f 8351 8575 8576
f 8351 8576 8342
f 8342 8576 8577
f 8342 8577 8343
f 8343 8577 8578
f 8343 8578 8344
f 8344 8578 8567
f 8357 8579 8358
f 8358 8579 8580
f 8358 8580 8359
f 8359 8580 8581
f 8359 8581 8346
f 8346 8581 8582
f 8346 8582 8347
f 8347 8582 8583
f 8347 8583 8348
f 8348 8583 8584
f 8348 8584 6427
f 6427 8584 8585
f 6427 8585 8352
f 8352 8585 8586
f 8352 8586 8353
f 8353 8586 8587
f 8353 8587 8354
f 8354 8587 8588
f 8354 8588 8355
f 8355 8588 8589
f 8355 8589 8356
f 8356 8589 8590
f 8356 8590 8357
f 8357 8590 8579
f 8591 8592 8593
f 8594 8595 8593
f 8593 8595 8596
f 8593 8596 8591
f 8597 8598 8599
f 8597 8599 8600
f 8599 8601 8600
f 8600 8601 8602
f 8600 8602 8595
f 8595 8602 8603
f 8595 8603 8596
f 8594 8363 8595
f 8595 8363 8362
f 8595 8362 8600
f 8600 8362 8361
f 8600 8361 8597
f 8597 8361 8360
f 8360 8364 8604
f 8360 8604 8597
f 8597 8604 8605
f 8597 8605 8598
f 8605 8604 8606
f 8606 8604 8607
f 8606 8607 8608
f 8609 8610 8607
f 8607 8610 8611
f 8607 8611 8608
f 8612 8613 8614
f 8609 8615 8610
f 8610 8615 8612
f 8610 8612 8616
f 8616 8612 8614
f 8604 8364 8607
f 8607 8364 8367
f 8607 8367 8609
f 8609 8367 8366
f 8609 8366 8615
f 8615 8366 8365
f 8617 8613 8618
f 8618 8613 8612
f 8618 8612 8619
f 8619 8612 8615
f 8619 8615 8184
f 8184 8615 8365
f 8618 8619 8620
f 8620 8621 8622
f 8617 8618 8623
f 8623 8618 8620
f 8623 8620 8624
f 8624 8620 8622
f 8187 8621 8186
f 8186 8621 8620
f 8186 8620 8185
f 8185 8620 8619
f 8185 8619 8184
f 8625 8189 8190
f 8626 8627 8625
f 8625 8627 8622
f 8625 8622 8621
f 8621 8187 8625
f 8625 8187 8188
f 8625 8188 8189
f 8628 8626 8629
f 8629 8626 8625
f 8629 8625 8630
f 8630 8625 8190
f 8631 8628 8632
f 8632 8628 8629
f 8632 8629 8633
f 8633 8629 8630
f 8633 8630 8368
f 8368 8630 8190
f 8634 8635 8636
f 8636 8635 8637
f 8636 8637 8638
f 8371 8637 8370
f 8370 8637 8635
f 8370 8635 8369
f 8369 8635 8639
f 8369 8639 8368
f 8368 8639 8633
f 8634 8640 8635
f 8635 8640 8641
f 8635 8641 8639
f 8639 8641 8642
f 8639 8642 8643
f 8643 8631 8639
f 8639 8631 8632
f 8639 8632 8633
f 8644 8638 8637
f 8644 8637 8645
f 8645 8637 8371
f 8645 8371 8372
f 8646 8647 8648
f 8648 8647 8649
f 8648 8649 8650
f 8646 8651 8647
f 8647 8651 8652
f 8647 8652 8653
f 8375 8649 8374
f 8374 8649 8647
f 8374 8647 8373
f 8373 8647 8653
f 8373 8653 8372
f 8372 8653 8645
f 8644 8645 8654
f 8654 8645 8653
f 8654 8653 8655
f 8655 8653 8652
f 8656 8650 8649
f 8656 8649 8657
f 8657 8649 8375
f 8657 8375 8241
f 8657 8241 8242
f 8658 8656 8659
f 8659 8656 8657
f 8660 8661 8659
f 8659 8661 8662
f 8659 8662 8658
f 8657 8242 8659
f 8659 8242 8243
f 8659 8243 8660
f 8660 8243 8244
f 8663 8661 8664
f 8664 8661 8660
f 8664 8665 8666
f 8663 8664 8667
f 8667 8664 8666
f 8667 8666 8668
f 8660 8244 8664
f 8664 8244 8245
f 8664 8245 8665
f 8669 8668 8670
f 8670 8668 8666
f 8670 8666 8671
f 8671 8666 8665
f 8671 8665 8376
f 8376 8665 8245
f 8672 8669 8670
f 8671 8673 8670
f 8670 8673 8674
f 8670 8674 8672
f 8675 8676 8677
f 8675 8677 8678
f 8677 8679 8678
f 8678 8679 8680
f 8678 8680 8673
f 8673 8680 8681
f 8673 8681 8674
f 8671 8376 8673
f 8673 8376 8379
f 8673 8379 8678
f 8678 8379 8378
f 8678 8378 8675
f 8675 8378 8377
f 8682 8676 8675
f 8682 8675 8683
f 8683 8675 8377
f 8683 8377 8380
f 8682 8683 8684
f 8684 8683 8685
f 8684 8685 8686
f 8687 8688 8685
f 8685 8688 8689
f 8685 8689 8686
f 8690 8691 8692
f 8687 8693 8688
f 8688 8693 8690
f 8688 8690 8694
f 8694 8690 8692
f 8683 8380 8685
f 8685 8380 8383
f 8685 8383 8687
f 8687 8383 8382
f 8687 8382 8693
f 8693 8382 8381
f 8695 8691 8696
f 8696 8691 8690
f 8696 8690 8697
f 8697 8690 8693
f 8697 8693 8385
f 8385 8693 8381
f 8697 8698 8696
f 8696 8698 8699
f 8696 8699 8695
f 8700 8701 8702
f 8702 8701 8703
f 8394 8700 8392
f 8392 8700 8702
f 8392 8702 8390
f 8390 8702 8704
f 8697 8385 8698
f 8698 8385 8386
f 8698 8386 8704
f 8704 8386 8388
f 8704 8388 8390
f 8703 8705 8702
f 8702 8705 8706
f 8702 8706 8704
f 8704 8706 8707
f 8704 8707 8698
f 8698 8707 8708
f 8698 8708 8699
f 8709 8701 8700
f 8709 8700 8710
f 8710 8700 8394
f 8710 8394 8413
f 8711 8712 8713
f 8713 8712 8714
f 8713 8714 8715
f 8715 8714 8716
f 8716 8714 8717
f 8716 8717 8718
f 8718 8717 8719
f 8718 8719 8720
f 8720 8719 8721
f 8721 8719 8722
f 8721 8722 8547
f 8549 8550 8723
f 8724 8716 8718
f 8725 8726 8727
f 8728 8729 8730
f 8545 8544 8729
f 8731 8732 8733
f 8734 8735 8736
f 8736 8735 8737
f 8728 8730 8738
f 8738 8730 8739
f 8738 8739 8740
f 8740 8739 8736
f 8740 8736 8741
f 8741 8736 8737
f 8741 8737 8742
f 8743 8744 8745
f 8744 8743 8727
f 8746 8725 8747
f 8747 8725 8727
f 8747 8727 8748
f 8748 8727 8743
f 8720 8721 8749
f 8749 8721 8547
f 8749 8547 8548
f 8720 8749 8718
f 8718 8749 8750
f 8718 8750 8724
f 8716 8724 8715
f 8715 8724 8751
f 8715 8751 8713
f 8713 8751 8752
f 8713 8752 8711
f 8549 8723 8548
f 8753 8754 8755
f 8755 8754 8731
f 8755 8731 8756
f 8731 8733 8756
f 8756 8733 8757
f 8756 8757 8758
f 8548 8723 8749
f 8749 8723 8753
f 8749 8753 8750
f 8750 8753 8755
f 8750 8755 8724
f 8724 8755 8756
f 8724 8756 8751
f 8751 8756 8758
f 8751 8758 8752
f 8545 8729 8546
f 8546 8729 8728
f 8546 8728 8550
f 8550 8728 8723
f 8723 8728 8738
f 8723 8738 8753
f 8753 8738 8740
f 8753 8740 8754
f 8754 8740 8741
f 8754 8741 8731
f 8731 8741 8742
f 8731 8742 8732
f 8759 8544 8395
f 8395 8760 8759
f 8759 8760 8761
f 8759 8761 8745
f 8745 8761 8762
f 8745 8762 8743
f 8544 8759 8729
f 8729 8759 8745
f 8729 8745 8730
f 8730 8745 8744
f 8730 8744 8739
f 8739 8744 8727
f 8739 8727 8736
f 8736 8727 8726
f 8736 8726 8734
f 8395 8397 8760
f 8760 8397 8763
f 8760 8763 8761
f 8761 8763 8764
f 8761 8764 8762
f 8762 8764 8765
f 8762 8765 8743
f 8743 8765 8766
f 8743 8766 8748
f 8748 8766 8767
f 8748 8767 8747
f 8747 8767 8768
f 8747 8768 8746
f 8746 8768 8769
f 8770 8771 8772
f 8773 8774 8775
f 8775 8766 8765
f 8764 8763 8776
f 8776 8763 8397
f 8777 8778 8779
f 8780 8781 8782
f 8782 8781 8783
f 8782 8783 8784
f 8766 8775 8767
f 8767 8775 8774
f 8767 8774 8768
f 8771 8785 8772
f 8772 8785 8773
f 8772 8773 8786
f 8786 8773 8775
f 8786 8775 8787
f 8787 8775 8765
f 8769 8768 8788
f 8788 8768 8774
f 8788 8774 8789
f 8789 8774 8773
f 8789 8773 8790
f 8790 8773 8785
f 8499 8791 8501
f 8501 8791 8792
f 8501 8792 8503
f 8505 8503 8793
f 8793 8503 8792
f 8793 8792 8794
f 8794 8792 8791
f 8778 8777 8795
f 8779 8796 8777
f 8777 8796 8794
f 8777 8794 8795
f 8795 8794 8791
f 8397 8505 8776
f 8776 8505 8793
f 8776 8793 8797
f 8797 8793 8794
f 8797 8794 8798
f 8798 8794 8796
f 8798 8796 8783
f 8783 8796 8779
f 8783 8779 8784
f 8781 8770 8783
f 8783 8770 8772
f 8783 8772 8798
f 8798 8772 8786
f 8798 8786 8797
f 8797 8786 8787
f 8797 8787 8776
f 8776 8787 8765
f 8776 8765 8764
f 8499 8489 8791
f 8791 8489 8799
f 8791 8799 8795
f 8795 8799 8800
f 8795 8800 8778
f 8778 8800 8801
f 8778 8801 8779
f 8779 8801 8802
f 8779 8802 8784
f 8784 8802 8803
f 8784 8803 8782
f 8782 8803 8804
f 8782 8804 8780
f 8780 8804 8805
f 8806 8807 8808
f 8809 8810 8811
f 8811 8802 8801
f 8800 8799 8812
f 8812 8799 8489
f 8813 8814 8815
f 8816 8817 8818
f 8818 8817 8819
f 8818 8819 8820
f 8802 8811 8803
f 8803 8811 8810
f 8803 8810 8804
f 8807 8821 8808
f 8808 8821 8809
f 8808 8809 8822
f 8822 8809 8811
f 8822 8811 8823
f 8823 8811 8801
f 8805 8804 8824
f 8824 8804 8810
f 8824 8810 8825
f 8825 8810 8809
f 8825 8809 8826
f 8826 8809 8821
f 8487 8827 8495
f 8495 8827 8828
f 8495 8828 8493
f 8488 8493 8829
f 8829 8493 8828
f 8829 8828 8830
f 8830 8828 8827
f 8814 8813 8831
f 8815 8832 8813
f 8813 8832 8830
f 8813 8830 8831
f 8831 8830 8827
f 8489 8488 8812
f 8812 8488 8829
f 8812 8829 8833
f 8833 8829 8830
f 8833 8830 8834
f 8834 8830 8832
f 8834 8832 8819
f 8819 8832 8815
f 8819 8815 8820
f 8817 8806 8819
f 8819 8806 8808
f 8819 8808 8834
f 8834 8808 8822
f 8834 8822 8833
f 8833 8822 8823
f 8833 8823 8812
f 8812 8823 8801
f 8812 8801 8800
f 8487 8485 8827
f 8827 8485 8835
f 8827 8835 8831
f 8831 8835 8836
f 8831 8836 8814
f 8814 8836 8837
f 8814 8837 8815
f 8815 8837 8838
f 8815 8838 8820
f 8820 8838 8839
f 8820 8839 8818
f 8818 8839 8840
f 8818 8840 8816
f 8816 8840 8841
f 8564 8562 8842
f 8843 8844 8845
f 8846 8847 8848
f 8849 8850 8851
f 8851 8850 8852
f 8853 8854 8855
f 8855 8854 8856
f 8855 8856 8857
f 8857 8856 8851
f 8857 8851 8858
f 8858 8851 8852
f 8858 8852 8859
f 8860 8843 8861
f 8861 8843 8845
f 8861 8845 8862
f 8862 8845 8863
f 8835 8864 8836
f 8836 8864 8865
f 8836 8865 8837
f 8837 8865 8866
f 8837 8866 8838
f 8838 8866 8839
f 8839 8866 8867
f 8839 8867 8840
f 8840 8867 8868
f 8840 8868 8841
f 8835 8485 8864
f 8864 8485 8566
f 8864 8566 8564
f 8869 8870 8871
f 8871 8870 8846
f 8871 8846 8872
f 8846 8848 8872
f 8872 8848 8873
f 8872 8873 8874
f 8564 8842 8864
f 8864 8842 8869
f 8864 8869 8865
f 8865 8869 8871
f 8865 8871 8866
f 8866 8871 8872
f 8866 8872 8867
f 8867 8872 8874
f 8867 8874 8868
f 8562 8853 8842
f 8842 8853 8855
f 8842 8855 8869
f 8869 8855 8857
f 8869 8857 8870
f 8870 8857 8858
f 8870 8858 8846
f 8846 8858 8859
f 8846 8859 8847
f 8561 8559 8875
f 8875 8559 8557
f 8875 8557 8876
f 8876 8557 8555
f 8562 8561 8853
f 8853 8561 8875
f 8853 8875 8854
f 8854 8875 8876
f 8854 8876 8877
f 8845 8878 8863
f 8863 8878 8879
f 8863 8879 8880
f 8880 8879 8877
f 8877 8879 8854
f 8854 8879 8878
f 8854 8878 8856
f 8856 8878 8845
f 8856 8845 8851
f 8851 8845 8844
f 8851 8844 8849
f 8876 8555 8881
f 8876 8881 8877
f 8877 8881 8882
f 8877 8882 8880
f 8880 8882 8883
f 8880 8883 8863
f 8863 8883 8862
f 8862 8883 8884
f 8862 8884 8861
f 8861 8884 8885
f 8861 8885 8860
f 8410 8399 8886
f 8410 8886 8887
f 8887 8886 8888
f 8887 8888 8889
f 8888 8886 8890
f 8890 8886 8891
f 8892 8893 8894
f 8894 8893 8895
f 8894 8895 8896
f 8409 8896 8407
f 8407 8896 8895
f 8407 8895 8404
f 8404 8895 8897
f 8886 8399 8891
f 8891 8399 8401
f 8891 8401 8897
f 8897 8401 8403
f 8897 8403 8404
f 8893 8898 8895
f 8895 8898 8899
f 8895 8899 8897
f 8897 8899 8900
f 8897 8900 8891
f 8891 8900 8901
f 8891 8901 8890
f 8592 8892 8593
f 8593 8892 8894
f 8593 8894 8594
f 8594 8894 8896
f 8594 8896 8363
f 8363 8896 8409
f 8902 7440 8889
f 8889 7440 8410
f 8889 8410 8887
f 7440 7439 8410
f 8410 7439 8482
f 8410 8482 8411
f 8411 8482 8483
f 8417 7438 7437
f 7437 8903 8709
f 8709 8710 7437
f 7437 8710 8413
f 7437 8413 8417
f 8417 8413 8412
f 8417 8412 8415
f 8417 8416 7438
f 7438 8416 7458
f 8427 7457 8428
f 8428 7457 7459
f 8428 7459 8426
f 8426 7459 8424
f 8424 7459 7458
f 8424 7458 8416
f 7456 7457 8434
f 8434 7457 8427
f 8434 8427 8431
f 8431 8427 8280
f 7456 8434 8433
f 7456 8433 7455
f 7455 8433 8436
f 7455 8436 7454
f 7454 8436 8435
f 7454 8435 7453
f 8303 8439 8435
f 8435 8439 7453
f 8456 8904 8437
f 8437 8904 8438
f 8447 8459 8446
f 8446 8459 8905
f 8446 8905 8448
f 8448 8905 8904
f 8448 8904 8452
f 8452 8904 8456
f 8906 8905 8466
f 8466 8905 8459
f 8466 8459 8457
f 8457 8459 8458
f 8465 7448 8466
f 8466 7448 8906
f 7448 8465 8464
f 7448 8464 7447
f 7447 8464 8463
f 7447 8463 7446
f 7446 8463 8462
f 7446 8462 7445
f 8461 8325 8462
f 8462 8325 8467
f 8462 8467 7445
f 7445 8467 7444
f 8478 7442 8479
f 8479 7442 7443
f 8479 7443 8477
f 7444 8467 7443
f 7443 8467 8475
f 7443 8475 8477
f 7439 7442 8482
f 8482 7442 8478
f 8907 8908 8554
f 8554 8909 8907
f 8907 8909 8910
f 8907 8910 8911
f 8911 8910 8912
f 8911 8912 8913
f 8914 8915 8916
f 8910 8909 8917
f 8918 8919 8920
f 8912 8921 8913
f 8913 8921 8922
f 8920 8919 8923
f 8919 8924 8923
f 8923 8924 8925
f 8923 8925 8921
f 8921 8925 8926
f 8921 8926 8922
f 8918 8920 8927
f 8927 8920 8928
f 8927 8928 8929
f 8929 8928 8916
f 8929 8916 8930
f 8930 8916 8931
f 8931 8916 8915
f 8931 8915 8932
f 8484 8933 8565
f 8565 8933 8934
f 8565 8934 8563
f 8563 8934 8935
f 8563 8935 8560
f 8560 8935 8936
f 8560 8936 8558
f 8558 8936 8937
f 8558 8937 8556
f 8556 8937 8917
f 8556 8917 8554
f 8554 8917 8909
f 8933 8914 8934
f 8934 8914 8916
f 8934 8916 8935
f 8935 8916 8928
f 8935 8928 8936
f 8936 8928 8920
f 8936 8920 8937
f 8937 8920 8923
f 8937 8923 8917
f 8917 8923 8921
f 8917 8921 8910
f 8910 8921 8912
f 8938 8932 8939
f 8939 8932 8915
f 8939 8915 8940
f 8940 8915 8914
f 8940 8914 8941
f 8941 8914 8933
f 8941 8933 8486
f 8486 8933 8484
f 8942 8943 8944
f 8940 8941 8945
f 8946 8947 8948
f 8939 8949 8938
f 8938 8949 8950
f 8948 8947 8949
f 8949 8947 8951
f 8949 8951 8950
f 8946 8948 8952
f 8952 8948 8953
f 8952 8953 8954
f 8954 8953 8944
f 8954 8944 8955
f 8943 8956 8944
f 8944 8956 8957
f 8944 8957 8955
f 8490 8958 8491
f 8491 8958 8959
f 8491 8959 8492
f 8492 8959 8960
f 8492 8960 8494
f 8494 8960 8961
f 8941 8486 8945
f 8945 8486 8496
f 8945 8496 8961
f 8961 8496 8497
f 8961 8497 8494
f 8958 8942 8959
f 8959 8942 8944
f 8959 8944 8960
f 8960 8944 8953
f 8960 8953 8961
f 8961 8953 8948
f 8961 8948 8945
f 8945 8948 8949
f 8945 8949 8940
f 8940 8949 8939
f 8490 8498 8958
f 8958 8498 8962
f 8958 8962 8942
f 8942 8962 8963
f 8942 8963 8943
f 8943 8963 8964
f 8943 8964 8956
f 8956 8964 8965
f 8963 8962 8966
f 8964 8967 8965
f 8965 8967 8968
f 8969 8970 8967
f 8967 8970 8971
f 8967 8971 8968
f 8511 8509 8972
f 8972 8509 8507
f 8507 8973 8972
f 8972 8973 8974
f 8972 8974 8969
f 8969 8974 8975
f 8969 8975 8970
f 8398 8513 8504
f 8504 8513 8976
f 8504 8976 8502
f 8502 8976 8977
f 8502 8977 8500
f 8500 8977 8966
f 8500 8966 8498
f 8498 8966 8962
f 8513 8511 8976
f 8976 8511 8972
f 8976 8972 8977
f 8977 8972 8969
f 8977 8969 8966
f 8966 8969 8967
f 8966 8967 8963
f 8963 8967 8964
f 8978 8507 8979
f 8979 8507 8506
f 8532 8980 8531
f 8531 8980 8981
f 8531 8981 8530
f 8530 8981 8529
f 8519 8981 8524
f 8524 8981 8982
f 8519 8518 8981
f 8981 8518 8527
f 8981 8527 8529
f 8979 8506 8982
f 8982 8506 8522
f 8522 8526 8982
f 8982 8526 8525
f 8982 8525 8524
f 8903 7437 8983
f 8983 7437 7602
f 8722 8553 8547
f 8547 8553 8533
f 8980 8532 8984
f 8984 8532 8551
f 8908 8881 8554
f 8554 8881 8555
f 8694 8692 8709
f 8709 8692 8691
f 8706 8705 8691
f 8672 8674 8587
f 8888 8890 8592
f 8592 8890 8901
f 8699 8708 8707
f 8900 8899 8898
f 8901 8900 8592
f 8592 8900 8898
f 8592 8898 8892
f 8892 8898 8893
f 8705 8703 8691
f 8691 8703 8701
f 8691 8701 8709
f 8806 8575 8807
f 8807 8575 8821
f 8806 8817 8575
f 8575 8817 8816
f 8575 8816 8841
f 8672 8587 8669
f 8868 8874 8577
f 8706 8691 8707
f 8707 8691 8695
f 8707 8695 8699
f 8663 8667 8668
f 8646 8648 8572
f 8628 8631 8569
f 8859 8852 8616
f 8616 8852 8850
f 8616 8850 8849
f 8903 8983 8712
f 8580 8573 8581
f 8581 8573 8582
f 8616 8614 8577
f 8577 8614 8613
f 8577 8613 8578
f 8578 8613 8617
f 8578 8617 8567
f 8567 8617 8623
f 8868 8577 8841
f 8841 8577 8576
f 8841 8576 8575
f 8874 8873 8577
f 8577 8873 8848
f 8577 8848 8616
f 8616 8848 8847
f 8616 8847 8859
f 8885 8985 8902
f 8758 8757 8674
f 8674 8757 8733
f 8674 8733 8732
f 8587 8734 8588
f 8588 8734 8726
f 8726 8725 8588
f 8588 8725 8746
f 8588 8746 8589
f 8589 8746 8769
f 8589 8769 8590
f 8669 8587 8668
f 8668 8587 8586
f 8668 8586 8663
f 8634 8636 8570
f 8570 8636 8571
f 8569 8631 8570
f 8570 8631 8643
f 8570 8643 8642
f 8642 8641 8570
f 8570 8641 8640
f 8570 8640 8634
f 8569 8568 8628
f 8628 8568 8567
f 8628 8567 8626
f 8626 8567 8627
f 8596 8885 8591
f 8591 8885 8902
f 8591 8902 8592
f 8592 8902 8889
f 8592 8889 8888
f 8860 8606 8608
f 8732 8742 8674
f 8674 8742 8737
f 8674 8737 8587
f 8587 8737 8735
f 8587 8735 8734
f 8656 8658 8586
f 8655 8652 8572
f 8572 8652 8651
f 8572 8651 8646
f 8623 8624 8567
f 8567 8624 8622
f 8567 8622 8627
f 8596 8603 8885
f 8885 8603 8602
f 8885 8602 8601
f 8849 8844 8616
f 8616 8844 8843
f 8616 8843 8610
f 8610 8843 8860
f 8610 8860 8611
f 8611 8860 8608
f 8681 8711 8674
f 8674 8711 8752
f 8674 8752 8758
f 8789 8790 8579
f 8579 8790 8785
f 8579 8785 8580
f 8590 8769 8579
f 8579 8769 8788
f 8579 8788 8789
f 8658 8662 8586
f 8586 8662 8661
f 8586 8661 8663
f 8573 8572 8582
f 8582 8572 8648
f 8582 8648 8583
f 8583 8648 8650
f 8583 8650 8584
f 8584 8650 8656
f 8584 8656 8585
f 8585 8656 8586
f 8636 8638 8571
f 8571 8638 8644
f 8571 8644 8572
f 8572 8644 8654
f 8572 8654 8655
f 8681 8680 8711
f 8711 8680 8679
f 8711 8679 8677
f 8694 8709 8688
f 8688 8709 8903
f 8688 8903 8689
f 8689 8903 8712
f 8689 8712 8686
f 8601 8599 8885
f 8885 8599 8598
f 8885 8598 8860
f 8860 8598 8605
f 8860 8605 8606
f 8785 8771 8580
f 8580 8771 8770
f 8580 8770 8781
f 8677 8676 8711
f 8711 8676 8682
f 8711 8682 8712
f 8712 8682 8684
f 8712 8684 8686
f 8575 8574 8821
f 8821 8574 8573
f 8821 8573 8826
f 8826 8573 8825
f 8781 8780 8580
f 8580 8780 8805
f 8580 8805 8573
f 8573 8805 8824
f 8573 8824 8825
f 8985 7579 8902
f 8902 7579 7440
f 8439 8438 8904
f 8439 8904 7453
f 7440 7579 7602
f 7442 7439 7440
f 8904 8905 7458
f 7458 8905 7437
f 7458 7437 7438
f 7455 7454 7456
f 7456 7454 7453
f 7456 7453 7457
f 7457 7453 8904
f 7457 8904 7459
f 7459 8904 7458
f 7602 7437 7440
f 7440 7437 8905
f 7440 8905 7442
f 7442 8905 7444
f 7442 7444 7443
f 7448 7447 7446
f 8905 8906 7444
f 7444 8906 7448
f 7444 7448 7445
f 7445 7448 7446
f 8986 8911 8987
f 8987 8911 8913
f 8929 8988 8989
f 8932 8990 8931
f 8931 8990 8988
f 8931 8988 8930
f 8930 8988 8929
f 8991 8918 8989
f 8989 8918 8927
f 8989 8927 8929
f 8992 8987 8913
f 8913 8922 8992
f 8992 8922 8926
f 8992 8926 8993
f 8993 8926 8925
f 8993 8925 8994
f 8994 8925 8924
f 8994 8924 8991
f 8991 8924 8919
f 8991 8919 8918
f 8990 8932 8995
f 8995 8932 8938
f 8947 8946 8996
f 8996 8946 8997
f 8957 8956 8998
f 8946 8952 8997
f 8997 8952 8954
f 8997 8954 8998
f 8998 8954 8955
f 8998 8955 8957
f 8947 8996 8951
f 8951 8996 8999
f 8951 8999 8950
f 8950 8999 8995
f 8950 8995 8938
f 8956 8965 8998
f 8998 8965 9000
f 9001 9000 8965
f 8507 8978 8973
f 8973 8978 9002
f 9003 8975 9002
f 9002 8975 8974
f 9002 8974 8973
f 8965 8968 9001
f 9001 8968 8971
f 9001 8971 9003
f 9003 8971 8970
f 9003 8970 8975
f 8978 8979 9004
f 9004 8979 9005
f 9004 9005 9006
f 9006 9005 9007
f 9006 9007 9008
f 9008 9007 9009
f 9010 9011 9012
f 9012 9011 9013
f 9012 9013 9014
f 8980 9013 8981
f 8981 9013 9011
f 8981 9011 8982
f 8982 9011 9015
f 8982 9015 8979
f 8979 9015 9005
f 9010 9016 9011
f 9011 9016 9017
f 9011 9017 9015
f 9015 9017 9018
f 9015 9018 9019
f 9019 9009 9015
f 9015 9009 9007
f 9015 9007 9005
f 8980 8984 9020
f 8980 9020 9013
f 9013 9020 9021
f 9013 9021 9014
f 7579 8985 8885
f 7579 8717 8714
f 7579 8714 7602
f 7602 8714 8712
f 7602 8712 8983
f 8885 8884 7579
f 7579 8884 8719
f 7579 8719 8717
f 9021 9020 8984
f 9022 9021 8881
f 9021 8984 8881
f 8881 8984 8551
f 8881 8551 8552
f 8884 8883 8719
f 8719 8883 8882
f 8719 8882 8722
f 8722 8882 8881
f 8722 8881 8553
f 8553 8881 8552
f 9023 9022 8986
f 8986 9022 8881
f 8986 8881 8911
f 8911 8881 8908
f 8911 8908 8907
f 9024 9022 9023
f 9024 9023 9025
f 9025 9023 8986
f 9025 8986 8987
f 9026 9027 9028
f 9028 9027 9029
f 8987 9030 9025
f 9025 9030 9031
f 9025 9031 9024
f 8990 9032 8988
f 8988 9032 9027
f 9029 9027 9033
f 9033 9027 9032
f 9033 9032 9034
f 8987 8992 9030
f 9030 8992 8993
f 9030 8993 9035
f 9035 8993 8994
f 9035 8994 9026
f 9026 8994 8991
f 9026 8991 9027
f 9027 8991 8989
f 9027 8989 8988
f 9028 9036 9026
f 9026 9036 9037
f 9026 9037 9035
f 9035 9037 9038
f 9035 9038 9030
f 9030 9038 9039
f 9030 9039 9031
f 9040 9034 9032
f 9040 9032 9041
f 9041 9032 8990
f 9041 8990 8995
f 9042 9043 9044
f 8998 9042 8997
f 8997 9042 9045
f 8997 9045 8996
f 8996 9045 9046
f 9042 9044 9045
f 9045 9044 9047
f 9045 9047 9046
f 9041 8995 9046
f 9046 8995 8999
f 9046 8999 8996
f 9047 9048 9046
f 9046 9048 9049
f 9046 9049 9041
f 9041 9049 9040
f 8998 9000 9050
f 8998 9050 9051
f 9051 9050 9052
f 9051 9052 9043
f 9053 9004 9006
f 8978 9004 9002
f 9002 9004 9053
f 9002 9053 9003
f 9003 9053 9054
f 9003 9054 9001
f 9001 9054 9055
f 9001 9055 9000
f 9000 9055 9050
f 9052 9050 9056
f 9056 9050 9055
f 9056 9055 9057
f 9057 9055 9054
f 9057 9054 9058
f 9058 9054 9053
f 9058 9053 9059
f 9059 9053 9006
f 9059 9006 9008
f 9048 9047 9021
f 9021 9022 9024
f 9024 9031 9021
f 9021 9031 9039
f 9021 9039 9038
f 9038 9037 9021
f 9021 9037 9036
f 9021 9036 9028
f 9017 9016 9021
f 9058 9059 9021
f 9021 9059 9008
f 9021 9008 9009
f 9034 9040 9021
f 9021 9040 9049
f 9021 9049 9048
f 9047 9044 9021
f 9021 9044 9043
f 9021 9043 9052
f 9009 9019 9021
f 9021 9019 9018
f 9021 9018 9017
f 9010 9012 9016
f 9016 9012 9014
f 9016 9014 9021
f 9028 9029 9021
f 9021 9029 9033
f 9021 9033 9034
f 9052 9056 9021
f 9021 9056 9057
f 9021 9057 9058
f 9060 7286 9061
f 9061 7286 9062
f 9061 9062 9063
f 9063 9062 9064
f 9063 9064 9065
f 9065 9064 7283
f 9066 8722 9067
f 9067 8722 9068
f 9067 9068 9069
f 9069 9068 9070
f 9069 9070 9071
f 9071 9070 8712
f 9072 8885 9073
f 9073 8885 9074
f 9073 9074 9075
f 9075 9074 9076
f 9075 9076 9077
f 9077 9076 8881
f 9078 7103 9079
f 9079 7103 9080
f 9079 9080 9081
f 9081 9080 9082
f 9081 9082 9083
f 9083 9082 7116
f 822 872 9083
f 9083 872 9072
f 9072 9073 9083
f 9083 9073 9067
f 9083 9067 9081
f 9081 9067 9061
f 9081 9061 9063
f 9071 845 844
f 9084 9085 9078
f 9086 9087 9077
f 9077 9087 9088
f 9073 9075 9067
f 9067 9075 9077
f 9067 9077 9066
f 9066 9077 9088
f 9066 9088 9089
f 9067 9069 9061
f 9061 9069 9071
f 9061 9071 9060
f 9060 9071 844
f 9065 9090 9091
f 9091 9084 9065
f 9065 9084 9078
f 9065 9078 9063
f 9063 9078 9079
f 9063 9079 9081
f 9092 9093 9091
f 9091 9093 9084
f 9094 9092 9090
f 9090 9092 9091
f 9090 9065 9094
f 9094 9065 7283
f 7596 7286 844
f 844 7286 9060
f 844 845 7596
f 7596 845 8983
f 845 9071 8983
f 8983 9071 8712
f 9095 8722 9089
f 9089 8722 9066
f 9096 9095 9088
f 9088 9095 9089
f 9088 9087 9096
f 9096 9087 9097
f 9098 9097 9086
f 9086 9097 9087
f 9086 9077 9098
f 9098 9077 8881
f 8985 8885 872
f 872 8885 9072
f 872 822 8985
f 8985 822 7580
f 822 9083 7580
f 7580 9083 7116
f 9099 7103 9085
f 9085 7103 9078
f 9093 9099 9084
f 9084 9099 9085
f 9064 8885 9082
f 9092 9094 7283
f 8985 7580 8885
f 8885 7580 7116
f 8885 7116 9082
f 9062 7286 9076
f 9076 7286 9070
f 9062 9076 9064
f 9064 9076 9074
f 9064 9074 8885
f 7103 9099 9093
f 7596 8983 7286
f 7286 8983 8712
f 7286 8712 9070
f 9082 9080 9064
f 9064 9080 7103
f 9064 7103 7283
f 7283 7103 9093
f 7283 9093 9092
f 9095 9096 8722
f 8722 9096 9097
f 9070 9068 9076
f 9076 9068 8722
f 9076 8722 8881
f 8881 8722 9097
f 8881 9097 9098

