# https://github.com/mikedh/trimesh

o cr10_base_link.STL
v -0.09799999 0.00143500 0.01025000
v -0.09799999 0.00139488 0.00991303
v -0.09796944 0.00137864 0.01015246
v -0.09791552 0.00124678 0.00992404
v -0.09789074 0.00112007 0.00970466
v -0.09799999 0.00124048 0.00952859
v -0.09788898 0.00107423 0.00962517
v -0.09799999 0.00071748 0.00900724
v -0.09792861 0.00086688 0.00926602
v -0.09799999 0.00098269 0.00920427
v -0.09792112 0.00088823 0.00930298
v -0.09789570 0.00099062 0.00948050
v -0.09799999 -0.00124275 0.00953250
v -0.09799999 -0.00242090 0.00917215
v -0.09799999 -0.00139650 0.00991983
v -0.09799999 -0.00259209 0.00969904
v -0.09799999 -0.00143500 0.01025000
v -0.09799999 -0.00265000 0.01025000
v -0.09799999 -0.00139650 0.01058017
v -0.09799999 -0.00041231 0.01162449
v -0.09799999 -0.00027700 0.01288549
v -0.09799999 0.00000000 0.01168500
v -0.09799999 0.00027700 0.01288549
v -0.09799999 0.00041231 0.01162449
v -0.09799999 0.00081890 0.01277030
v -0.09799999 0.00071750 0.01149275
v -0.09799999 0.00132500 0.01254497
v -0.09799999 0.00098419 0.01129432
v -0.09799999 0.00177320 0.01221934
v -0.09799999 0.00124275 0.01096750
v -0.09799999 -0.00259209 0.01080096
v -0.09799999 -0.00242090 0.01132785
v -0.09799999 -0.00124275 0.01096750
v -0.09799999 -0.00214390 0.01180763
v -0.09799999 -0.00098419 0.01129432
v -0.09799999 -0.00177320 0.01221934
v -0.09799999 -0.00071750 0.01149275
v -0.09799999 -0.00132500 0.01254497
v -0.09799999 -0.00081890 0.01277030
v -0.09799999 0.00041230 0.00887550
v -0.09799999 0.00027700 0.00761451
v -0.09799999 -0.00000001 0.00881500
v -0.09799999 -0.00027700 0.00761451
v -0.09799999 -0.00041232 0.00887551
v -0.09799999 -0.00081890 0.00772970
v -0.09799999 -0.00071750 0.00900725
v -0.09799999 -0.00132500 0.00795504
v -0.09799999 -0.00098419 0.00920568
v -0.09799999 -0.00177320 0.00828067
v -0.09799999 -0.00214390 0.00869237
v -0.09799999 0.00139487 0.00991303
v -0.09799999 0.00242090 0.00917215
v -0.09799999 0.00214390 0.00869237
v -0.09799999 0.00177320 0.00828067
v -0.09799999 0.00132500 0.00795504
v -0.09799999 0.00081890 0.00772970
v -0.09799999 0.00214390 0.01180763
v -0.09799999 0.00242090 0.01132785
v -0.09799999 0.00139650 0.01058017
v -0.09799999 0.00259209 0.01080096
v -0.09799999 0.00265000 0.01025000
v -0.09799999 0.00259209 0.00969904
v -0.09789999 0.00275000 0.01025000
v -0.09789999 0.00268991 0.00967824
v -0.09789999 0.00251225 0.00913147
v -0.09789999 0.00222480 0.00863359
v -0.09789999 0.00184011 0.00820635
v -0.09789999 0.00137500 0.00786843
v -0.09789999 0.00084980 0.00763459
v -0.09789999 0.00028745 0.00751506
v -0.09789999 -0.00028745 0.00751506
v -0.09789999 -0.00084980 0.00763459
v -0.09789999 -0.00137500 0.00786843
v -0.09789999 -0.00184011 0.00820635
v -0.09789999 -0.00222480 0.00863359
v -0.09789999 -0.00251225 0.00913147
v -0.09789999 -0.00268991 0.00967824
v -0.09789999 -0.00275000 0.01025000
v -0.09789999 -0.00268991 0.01082176
v -0.09789999 -0.00251225 0.01136853
v -0.09789999 -0.00222480 0.01186641
v -0.09789999 -0.00184011 0.01229365
v -0.09789999 -0.00137500 0.01263157
v -0.09789999 -0.00084980 0.01286541
v -0.09789999 -0.00028745 0.01298494
v -0.09789999 0.00028745 0.01298494
v -0.09789999 0.00084980 0.01286541
v -0.09789999 0.00137500 0.01263157
v -0.09789999 0.00184011 0.01229365
v -0.09789999 0.00222480 0.01186641
v -0.09789999 0.00251225 0.01136853
v -0.09789999 0.00268991 0.01082176
v -0.09499999 0.00275000 0.01025000
v -0.09499999 0.00268991 0.01082176
v -0.09499999 0.00251225 0.01136853
v -0.09499999 0.00222480 0.01186641
v -0.09499999 0.00184011 0.01229365
v -0.09499999 0.00137500 0.01263157
v -0.09499999 0.00084980 0.01286541
v -0.09499999 0.00028745 0.01298494
v -0.09499999 -0.00028745 0.01298494
v -0.09499999 -0.00084980 0.01286541
v -0.09499999 -0.00137500 0.01263157
v -0.09499999 -0.00184011 0.01229365
v -0.09499999 -0.00222480 0.01186641
v -0.09499999 -0.00251225 0.01136853
v -0.09499999 -0.00268991 0.01082176
v -0.09499999 -0.00275000 0.01025000
v -0.09499999 -0.00268991 0.00967824
v -0.09499999 -0.00251225 0.00913147
v -0.09499999 -0.00222480 0.00863359
v -0.09499999 -0.00184011 0.00820635
v -0.09499999 -0.00137500 0.00786843
v -0.09499999 -0.00084980 0.00763459
v -0.09499999 -0.00028745 0.00751506
v -0.09499999 0.00028745 0.00751506
v -0.09499999 0.00084980 0.00763459
v -0.09499999 0.00137500 0.00786843
v -0.09499999 0.00184011 0.00820635
v -0.09499999 0.00222480 0.00863359
v -0.09499999 0.00251225 0.00913147
v -0.09499999 0.00268991 0.00967824
v -0.09499999 0.00021347 0.00876527
v -0.09499999 0.00062312 0.00888555
v -0.09499999 0.00098229 0.00911638
v -0.09499999 0.00126188 0.00943904
v -0.09499999 0.00143924 0.00982740
v -0.09499999 0.00150000 0.01025000
v -0.09499999 0.00143924 0.01067260
v -0.09499999 -0.00143924 0.00982740
v -0.09499999 -0.00126188 0.00943904
v -0.09499999 -0.00098229 0.00911638
v -0.09499999 -0.00062312 0.00888555
v -0.09499999 -0.00021347 0.00876527
v -0.09499999 -0.00126188 0.01106096
v -0.09499999 -0.00143924 0.01067260
v -0.09499999 -0.00150000 0.01025000
v -0.09499999 -0.00021347 0.01173473
v -0.09499999 -0.00062312 0.01161445
v -0.09499999 -0.00098229 0.01138362
v -0.09499999 0.00062312 0.01161445
v -0.09499999 0.00021347 0.01173473
v -0.09499999 0.00126188 0.01106096
v -0.09499999 0.00098229 0.01138362
v -0.08714999 -0.00150000 0.01025000
v -0.08714999 -0.00143924 0.00982740
v -0.08714999 -0.00126188 0.00943904
v -0.08714999 -0.00098229 0.00911638
v -0.08714999 -0.00062312 0.00888555
v -0.08714999 -0.00021347 0.00876527
v -0.08714999 0.00021347 0.00876527
v -0.08714999 0.00062312 0.00888555
v -0.08714999 0.00098229 0.00911638
v -0.08714999 0.00126188 0.00943904
v -0.08714999 0.00143924 0.00982740
v -0.08714999 0.00150000 0.01025000
v -0.08699999 -0.00135000 0.01025000
v -0.08699999 -0.00129532 0.00986966
v -0.08699999 -0.00113569 0.00952013
v -0.08699999 -0.00088406 0.00922974
v -0.08699999 -0.00056081 0.00902200
v -0.08699999 -0.00019213 0.00891374
v -0.08699999 0.00019213 0.00891374
v -0.08699999 0.00056081 0.00902200
v -0.08699999 0.00088406 0.00922974
v -0.08699999 0.00113569 0.00952013
v -0.08699999 0.00129532 0.00986966
v -0.08699999 0.00135000 0.01025000
v -0.08699999 -0.00129532 0.01063034
v -0.08699999 0.00113569 0.01097987
v -0.08699999 0.00088406 0.01127026
v -0.08699999 -0.00019213 0.01158626
v -0.08699999 0.00056081 0.01147800
v -0.08699999 0.00019213 0.01158626
v -0.08699999 0.00129532 0.01063034
v -0.08699999 -0.00056081 0.01147800
v -0.08699999 -0.00088406 0.01127026
v -0.08699999 -0.00113569 0.01097987
v -0.08714999 0.00143924 0.01067260
v -0.08714999 0.00126188 0.01106096
v -0.08714999 0.00098229 0.01138362
v -0.08714999 0.00062312 0.01161445
v -0.08714999 0.00021347 0.01173473
v -0.08714999 -0.00021347 0.01173473
v -0.08714999 -0.00062312 0.01161445
v -0.08714999 -0.00098229 0.01138362
v -0.08714999 -0.00126188 0.01106096
v -0.08714999 -0.00143924 0.01067260
v -0.09796946 0.00077376 0.01139524
v -0.09791553 0.00090566 0.01116682
v -0.09789074 0.00103229 0.01094738
v -0.09788898 0.00107627 0.01087130
v -0.09792860 0.00128555 0.01050881
v -0.09792080 0.00126331 0.01054736
v -0.09789570 0.00116169 0.01072319
v -0.09669999 0.00071750 0.01149275
v -0.09669999 0.00143500 0.01025000
v -0.09669999 -0.00071750 0.01149275
v -0.09796946 -0.00060492 0.01149271
v -0.09789570 0.00017105 0.01149265
v -0.09792080 0.00037413 0.01149274
v -0.09792860 0.00041864 0.01149273
v -0.09791553 -0.00034116 0.01149273
v -0.09789074 -0.00008780 0.01149268
v -0.09788898 0.00000007 0.01149273
v -0.09669999 -0.00143500 0.01025000
v -0.09796946 -0.00137868 0.01034748
v -0.09789570 -0.00099064 0.01101946
v -0.09792080 -0.00088918 0.01119537
v -0.09792860 -0.00086692 0.01123392
v -0.09791553 -0.00124682 0.01057591
v -0.09789074 -0.00112009 0.01079530
v -0.09788898 -0.00107620 0.01087142
v -0.09669999 -0.00071750 0.00900725
v -0.09796946 -0.00077376 0.00910476
v -0.09789570 -0.00116169 0.00977681
v -0.09792080 -0.00126331 0.00995264
v -0.09792860 -0.00128555 0.00999119
v -0.09791553 -0.00090566 0.00933318
v -0.09789074 -0.00103229 0.00955262
v -0.09788898 -0.00107627 0.00962870
v -0.09669999 0.00071750 0.00900725
v -0.09796932 0.00060432 0.00900728
v -0.09789570 -0.00017105 0.00900736
v -0.09792080 -0.00037414 0.00900726
v -0.09792860 -0.00041864 0.00900727
v -0.09791557 0.00034156 0.00900732
v -0.09789074 0.00008808 0.00900734
v -0.09788898 -0.00000008 0.00900727
v -0.09669999 0.00120720 0.00947418
v -0.09669999 0.00137687 0.00984572
v -0.09669999 0.00093973 0.00916550
v -0.09587149 0.00000000 0.01025000
v -0.09669999 0.00059612 0.00894468
v -0.09669999 -0.00020422 0.00882961
v -0.09669999 -0.00059612 0.00894468
v -0.09669999 0.00020422 0.00882961
v -0.09669999 -0.00093973 0.00916550
v -0.09669999 -0.00137687 0.00984572
v -0.09669999 -0.00120720 0.00947418
v -0.09669999 -0.00120720 0.01102582
v -0.09669999 -0.00093973 0.01133450
v -0.09669999 -0.00137687 0.01065428
v -0.09669999 -0.00059612 0.01155532
v -0.09669999 0.00020422 0.01167039
v -0.09669999 0.00059612 0.01155532
v -0.09669999 -0.00020422 0.01167039
v -0.09669999 0.00093973 0.01133450
v -0.09669999 0.00137687 0.01065428
v -0.09669999 0.00120720 0.01102582
v -0.09669999 -0.00071750 0.04149275
v -0.09799999 -0.00071750 0.04149275
v -0.09796946 -0.00060492 0.04149271
v -0.09789570 0.00017105 0.04149265
v -0.09792080 0.00037413 0.04149274
v -0.09669999 0.00071750 0.04149275
v -0.09792860 0.00041864 0.04149273
v -0.09799999 0.00071750 0.04149275
v -0.09791553 -0.00034116 0.04149273
v -0.09789074 -0.00008780 0.04149267
v -0.09788898 0.00000007 0.04149273
v -0.09669999 -0.00143500 0.04025000
v -0.09799999 -0.00143500 0.04025000
v -0.09796946 -0.00137868 0.04034748
v -0.09789570 -0.00099064 0.04101945
v -0.09792080 -0.00088918 0.04119537
v -0.09792860 -0.00086692 0.04123391
v -0.09791553 -0.00124682 0.04057591
v -0.09789074 -0.00112009 0.04079530
v -0.09788898 -0.00107620 0.04087142
v -0.09669999 -0.00071750 0.03900725
v -0.09799999 -0.00071750 0.03900725
v -0.09796946 -0.00077376 0.03910476
v -0.09789570 -0.00116169 0.03977681
v -0.09792080 -0.00126331 0.03995264
v -0.09792860 -0.00128555 0.03999119
v -0.09791553 -0.00090566 0.03933318
v -0.09789074 -0.00103229 0.03955262
v -0.09788898 -0.00107627 0.03962869
v -0.09669999 0.00071750 0.03900725
v -0.09799999 0.00071748 0.03900724
v -0.09796932 0.00060432 0.03900728
v -0.09789570 -0.00017105 0.03900735
v -0.09792080 -0.00037414 0.03900726
v -0.09792860 -0.00041864 0.03900727
v -0.09791557 0.00034156 0.03900731
v -0.09789074 0.00008808 0.03900734
v -0.09788898 -0.00000008 0.03900727
v -0.09669999 0.00143500 0.04025000
v -0.09799999 0.00143500 0.04025000
v -0.09796944 0.00137864 0.04015245
v -0.09789570 0.00099062 0.03948050
v -0.09792112 0.00088823 0.03930298
v -0.09792861 0.00086688 0.03926602
v -0.09791552 0.00124678 0.03992403
v -0.09789074 0.00112007 0.03970466
v -0.09788898 0.00107423 0.03962517
v -0.09796946 0.00077376 0.04139523
v -0.09789570 0.00116169 0.04072319
v -0.09792080 0.00126331 0.04054736
v -0.09792860 0.00128555 0.04050881
v -0.09791553 0.00090566 0.04116682
v -0.09789074 0.00103229 0.04094738
v -0.09788898 0.00107627 0.04087130
v -0.09669999 0.00093973 0.04133450
v -0.09669999 0.00137687 0.04065428
v -0.09669999 0.00120720 0.04102582
v -0.09587149 0.00000000 0.04025000
v -0.09669999 -0.00120720 0.04102582
v -0.09669999 -0.00093973 0.04133450
v -0.09669999 -0.00137687 0.04065428
v -0.09669999 -0.00059612 0.04155532
v -0.09669999 0.00020422 0.04167039
v -0.09669999 0.00059612 0.04155532
v -0.09669999 -0.00020422 0.04167039
v -0.09669999 0.00120720 0.03947418
v -0.09669999 0.00093973 0.03916550
v -0.09669999 0.00137687 0.03984571
v -0.09669999 0.00059612 0.03894468
v -0.09669999 -0.00020422 0.03882961
v -0.09669999 -0.00059612 0.03894468
v -0.09669999 0.00020422 0.03882961
v -0.09669999 -0.00093973 0.03916550
v -0.09669999 -0.00137687 0.03984571
v -0.09669999 -0.00120720 0.03947418
v -0.09799999 0.00098419 0.04129432
v -0.09799999 0.00124275 0.04096750
v -0.09799999 0.00139650 0.04058017
v -0.09799999 -0.00124275 0.03953250
v -0.09799999 -0.00242090 0.03917215
v -0.09799999 -0.00139650 0.03991983
v -0.09799999 -0.00259209 0.03969903
v -0.09799999 -0.00265000 0.04025000
v -0.09799999 -0.00139650 0.04058017
v -0.09799999 0.00041230 0.03887550
v -0.09799999 0.00027700 0.03761452
v -0.09799999 -0.00000001 0.03881500
v -0.09799999 -0.00027700 0.03761452
v -0.09799999 -0.00041232 0.03887551
v -0.09799999 -0.00081890 0.03772970
v -0.09799999 -0.00132500 0.03795503
v -0.09799999 -0.00098419 0.03920568
v -0.09799999 -0.00177320 0.03828067
v -0.09799999 -0.00214390 0.03869237
v -0.09799999 0.00139487 0.03991302
v -0.09799999 0.00242090 0.03917215
v -0.09799999 0.00124048 0.03952859
v -0.09799999 0.00214390 0.03869237
v -0.09799999 0.00098269 0.03920427
v -0.09799999 0.00177320 0.03828067
v -0.09799999 0.00132500 0.03795503
v -0.09799999 0.00081890 0.03772970
v -0.09799999 0.00242090 0.04132785
v -0.09799999 0.00259209 0.04080097
v -0.09799999 0.00265000 0.04025000
v -0.09799999 0.00259209 0.03969903
v -0.09799999 0.00000000 0.04168500
v -0.09799999 0.00027700 0.04288548
v -0.09799999 0.00041231 0.04162449
v -0.09799999 0.00081890 0.04277030
v -0.09799999 0.00132500 0.04254496
v -0.09799999 0.00177320 0.04221933
v -0.09799999 0.00214390 0.04180763
v -0.09799999 -0.00259209 0.04080097
v -0.09799999 -0.00242090 0.04132785
v -0.09799999 -0.00124275 0.04096750
v -0.09799999 -0.00214390 0.04180763
v -0.09799999 -0.00098419 0.04129432
v -0.09799999 -0.00177320 0.04221933
v -0.09799999 -0.00132500 0.04254496
v -0.09799999 -0.00041231 0.04162449
v -0.09799999 -0.00081890 0.04277030
v -0.09799999 -0.00027700 0.04288548
v -0.09789999 0.00275000 0.04025000
v -0.09789999 0.00268991 0.03967824
v -0.09789999 0.00251225 0.03913147
v -0.09789999 0.00222480 0.03863359
v -0.09789999 0.00184011 0.03820635
v -0.09789999 0.00137500 0.03786843
v -0.09789999 0.00084980 0.03763459
v -0.09789999 0.00028745 0.03751506
v -0.09789999 -0.00028745 0.03751506
v -0.09789999 -0.00084980 0.03763459
v -0.09789999 -0.00137500 0.03786843
v -0.09789999 -0.00184011 0.03820635
v -0.09789999 -0.00222480 0.03863359
v -0.09789999 -0.00251225 0.03913147
v -0.09789999 -0.00268991 0.03967824
v -0.09789999 -0.00275000 0.04025000
v -0.09789999 -0.00268991 0.04082176
v -0.09789999 -0.00251225 0.04136853
v -0.09789999 -0.00222480 0.04186641
v -0.09789999 -0.00184011 0.04229365
v -0.09789999 -0.00137500 0.04263157
v -0.09789999 -0.00084980 0.04286540
v -0.09789999 -0.00028745 0.04298493
v -0.09789999 0.00028745 0.04298493
v -0.09789999 0.00084980 0.04286540
v -0.09789999 0.00137500 0.04263157
v -0.09789999 0.00184011 0.04229365
v -0.09789999 0.00222480 0.04186641
v -0.09789999 0.00251225 0.04136853
v -0.09789999 0.00268991 0.04082176
v -0.09499999 0.00275000 0.04025000
v -0.09499999 0.00268991 0.04082176
v -0.09499999 0.00251225 0.04136853
v -0.09499999 0.00222480 0.04186641
v -0.09499999 0.00184011 0.04229365
v -0.09499999 0.00137500 0.04263157
v -0.09499999 0.00084980 0.04286540
v -0.09499999 0.00028745 0.04298493
v -0.09499999 -0.00028745 0.04298493
v -0.09499999 -0.00084980 0.04286540
v -0.09499999 -0.00137500 0.04263157
v -0.09499999 -0.00184011 0.04229365
v -0.09499999 -0.00222480 0.04186641
v -0.09499999 -0.00251225 0.04136853
v -0.09499999 -0.00268991 0.04082176
v -0.09499999 -0.00275000 0.04025000
v -0.09499999 -0.00268991 0.03967824
v -0.09499999 -0.00251225 0.03913147
v -0.09499999 -0.00222480 0.03863359
v -0.09499999 -0.00184011 0.03820635
v -0.09499999 -0.00137500 0.03786843
v -0.09499999 -0.00084980 0.03763459
v -0.09499999 -0.00028745 0.03751506
v -0.09499999 0.00028745 0.03751506
v -0.09499999 0.00084980 0.03763459
v -0.09499999 0.00137500 0.03786843
v -0.09499999 0.00184011 0.03820635
v -0.09499999 0.00222480 0.03863359
v -0.09499999 0.00251225 0.03913147
v -0.09499999 0.00268991 0.03967824
v -0.09499999 0.00021347 0.03876527
v -0.09499999 0.00062312 0.03888555
v -0.09499999 0.00098229 0.03911638
v -0.09499999 0.00126188 0.03943904
v -0.09499999 0.00143924 0.03982740
v -0.09499999 0.00150000 0.04025000
v -0.09499999 0.00143924 0.04067260
v -0.09499999 -0.00062312 0.03888555
v -0.09499999 -0.00021347 0.03876527
v -0.09499999 -0.00143924 0.03982740
v -0.09499999 -0.00126188 0.03943904
v -0.09499999 -0.00098229 0.03911638
v -0.09499999 -0.00126188 0.04106096
v -0.09499999 -0.00143924 0.04067260
v -0.09499999 -0.00150000 0.04025000
v -0.09499999 -0.00021347 0.04173473
v -0.09499999 -0.00062312 0.04161445
v -0.09499999 -0.00098229 0.04138362
v -0.09499999 0.00062312 0.04161445
v -0.09499999 0.00021347 0.04173473
v -0.09499999 0.00126188 0.04106096
v -0.09499999 0.00098229 0.04138362
v -0.08714999 -0.00150000 0.04025000
v -0.08714999 -0.00143924 0.03982740
v -0.08714999 -0.00126188 0.03943904
v -0.08714999 -0.00098229 0.03911638
v -0.08714999 -0.00062312 0.03888555
v -0.08714999 -0.00021347 0.03876527
v -0.08714999 0.00021347 0.03876527
v -0.08714999 0.00062312 0.03888555
v -0.08714999 0.00098229 0.03911638
v -0.08714999 0.00126188 0.03943904
v -0.08714999 0.00143924 0.03982740
v -0.08714999 0.00150000 0.04025000
v -0.08699999 -0.00135000 0.04025000
v -0.08699999 -0.00129532 0.03986966
v -0.08699999 -0.00113569 0.03952013
v -0.08699999 -0.00088406 0.03922974
v -0.08699999 -0.00056081 0.03902199
v -0.08699999 -0.00019213 0.03891374
v -0.08699999 0.00019213 0.03891374
v -0.08699999 0.00056081 0.03902199
v -0.08699999 0.00088406 0.03922974
v -0.08699999 0.00113569 0.03952013
v -0.08699999 0.00129532 0.03986966
v -0.08699999 0.00135000 0.04025000
v -0.08699999 -0.00129532 0.04063034
v -0.08699999 0.00129532 0.04063034
v -0.08699999 0.00088406 0.04127026
v -0.08699999 0.00056081 0.04147800
v -0.08699999 0.00019213 0.04158626
v -0.08699999 0.00113569 0.04097986
v -0.08699999 -0.00019213 0.04158626
v -0.08699999 -0.00056081 0.04147800
v -0.08699999 -0.00088406 0.04127026
v -0.08699999 -0.00113569 0.04097986
v -0.08714999 0.00143924 0.04067260
v -0.08714999 0.00126188 0.04106096
v -0.08714999 0.00098229 0.04138362
v -0.08714999 0.00062312 0.04161445
v -0.08714999 0.00021347 0.04173473
v -0.08714999 -0.00021347 0.04173473
v -0.08714999 -0.00062312 0.04161445
v -0.08714999 -0.00098229 0.04138362
v -0.08714999 -0.00126188 0.04106096
v -0.08714999 -0.00143924 0.04067260
v -0.09799999 0.00139488 0.03991302
v -0.09474997 -0.00976640 0.08806448
v -0.09474999 -0.00978371 0.08780240
v -0.09706925 -0.00984363 0.08786373
v -0.09940962 -0.00990410 0.08792561
v -0.10174999 -0.00996456 0.08798750
v -0.09474989 -0.00964701 0.08858491
v -0.10174391 -0.00990174 0.08851167
v -0.09474989 -0.00962244 0.08865286
v -0.10173987 -0.00975296 0.08896087
v -0.09474991 -0.00941242 0.08908018
v -0.10173722 -0.00949525 0.08941225
v -0.09474999 -0.00908393 0.08950368
v -0.10173652 -0.00920044 0.08975305
v -0.09474999 -0.00902832 0.08955957
v -0.10173655 -0.00915037 0.08980004
v -0.09474993 -0.00868979 0.08983585
v -0.10173789 -0.00871984 0.09011588
v -0.09474988 -0.00823499 0.09008043
v -0.10174999 -0.00743183 0.09045352
v -0.09474999 -0.00725108 0.09026780
v -0.10174672 -0.00769951 0.09044270
v -0.09474993 -0.00777593 0.09021932
v -0.10174139 -0.00822197 0.09033632
v -0.10174087 -0.00828163 0.09031653
v -0.10874987 0.01248068 0.09016823
v -0.10874992 0.01233756 0.09039725
v -0.11224999 0.01243096 0.09048805
v -0.10874998 0.00969721 0.09191924
v -0.10874999 0.00949088 0.09192808
v -0.11224999 0.00958364 0.09201850
v -0.10874988 0.01031889 0.09181736
v -0.11224999 0.01004330 0.09198259
v -0.10874987 0.01039154 0.09179778
v -0.11224999 0.01065371 0.09183632
v -0.10874984 0.01091293 0.09160535
v -0.11224999 0.01123118 0.09158193
v -0.10874991 0.01147136 0.09128156
v -0.11224999 0.01220041 0.09078952
v -0.10874997 0.01213093 0.09067120
v -0.10874999 0.01195119 0.09087056
v -0.11224999 0.01175023 0.09123088
v -0.11224999 0.01158159 0.09136043
v -0.11049999 0.01298918 0.08842812
v -0.10874999 0.01294275 0.08838295
v -0.10874992 0.01289533 0.08900570
v -0.11224999 0.01303561 0.08847328
v -0.11224999 0.01256286 0.09027855
v -0.11224999 0.01282802 0.08970837
v -0.10874984 0.01273756 0.08961130
v -0.11224999 0.01292969 0.08937727
v -0.11224999 0.01298790 0.08910093
v -0.10043131 0.01406492 0.08253691
v -0.10084999 0.01406531 0.08256628
v -0.10085049 0.01242018 0.08425581
v -0.10085036 0.01229572 0.07492169
v -0.10084999 0.01398533 0.07656681
v -0.10014968 0.01227623 0.07495459
v -0.10043123 0.01398572 0.07659618
v -0.09944176 0.01225920 0.07509889
v -0.09952354 0.01398945 0.07687595
v -0.09751967 0.01222527 0.07619631
v -0.09758799 0.01222615 0.07613296
v -0.09874883 0.01399678 0.07742544
v -0.09813181 0.01223410 0.07570735
v -0.09876402 0.01224520 0.07535163
v -0.09709664 0.01222061 0.07665359
v -0.09818473 0.01400697 0.07818956
v -0.09667423 0.01221803 0.07727131
v -0.09611911 0.01222409 0.07883207
v -0.09615251 0.01222262 0.07865179
v -0.09788781 0.01401899 0.07909171
v -0.09636266 0.01221868 0.07793007
v -0.09660483 0.01221791 0.07739703
v -0.09606145 0.01222978 0.07938469
v -0.09788783 0.01403165 0.08004145
v -0.09608347 0.01223969 0.08008806
v -0.09660466 0.01227613 0.08178371
v -0.09644236 0.01226739 0.08144710
v -0.09818477 0.01404368 0.08094359
v -0.09621122 0.01225237 0.08078030
v -0.09611896 0.01224413 0.08034894
v -0.09772139 0.01232333 0.08316338
v -0.09751981 0.01231581 0.08298360
v -0.09874889 0.01405387 0.08170769
v -0.09720331 0.01230324 0.08265388
v -0.09677193 0.01228433 0.08207248
v -0.09825370 0.01234176 0.08355089
v -0.09952362 0.01406119 0.08225717
v -0.09876171 0.01235865 0.08382571
v -0.10015398 0.01240362 0.08422015
v -0.09943110 0.01238216 0.08407279
v -0.09884258 0.01236141 0.08386209
v -0.11047499 0.01047541 0.06954431
v -0.11047499 0.01065832 0.06974678
v -0.11073095 0.01069226 0.06971960
v -0.11047499 0.01198323 0.06892905
v -0.11047499 0.01186811 0.06877782
v -0.11073095 0.01183417 0.06880501
v -0.11104703 0.00925706 0.06866306
v -0.11104703 0.00882912 0.06863270
v -0.11073095 0.00922485 0.06886920
v -0.11073244 0.00883189 0.06884080
v -0.11122650 0.00936699 0.06795936
v -0.11122798 0.00882459 0.06829325
v -0.11122650 0.00930853 0.06833355
v -0.11122650 0.00882467 0.06829923
v -0.11104963 0.00882908 0.06862985
v -0.11104703 0.00941847 0.06762985
v -0.11122439 0.00881951 0.06791235
v -0.11122650 0.00881962 0.06792053
v -0.11071861 0.00881234 0.06737423
v -0.11073095 0.00881240 0.06737843
v -0.11073095 0.00945067 0.06742371
v -0.11103973 0.00881507 0.06757917
v -0.11104703 0.00881518 0.06758706
v -0.11047499 0.00881182 0.06733495
v -0.11047499 0.00945738 0.06738074
v -0.11047499 0.00982946 0.06745785
v -0.11047499 0.01036881 0.06764124
v -0.11047499 0.01236511 0.06958501
v -0.11047499 0.01112530 0.07076915
v -0.11047499 0.01116293 0.07115395
v -0.11073095 0.01116808 0.07076129
v -0.11073095 0.01120642 0.07115337
v -0.11104703 0.01137328 0.07072361
v -0.11104703 0.01141504 0.07115059
v -0.11122650 0.01170130 0.07066336
v -0.11122650 0.01174852 0.07114614
v -0.11122650 0.01207380 0.07059495
v -0.11122650 0.01212721 0.07114109
v -0.11104703 0.01240182 0.07053471
v -0.11104703 0.01246069 0.07113665
v -0.11073095 0.01260703 0.07049703
v -0.11073095 0.01266931 0.07113387
v -0.11047499 0.01264981 0.07048917
v -0.11047499 0.01271279 0.07113329
v -0.11047499 0.01025259 0.06935173
v -0.11073095 0.00977964 0.06902776
v -0.11104703 0.00986123 0.06883574
v -0.11122650 0.00999166 0.06852879
v -0.11122650 0.01013978 0.06818023
v -0.11104703 0.01027020 0.06787328
v -0.11073095 0.01035180 0.06768127
v -0.11047499 0.01103471 0.06800549
v -0.11073095 0.01027886 0.06931707
v -0.11104703 0.01040490 0.06915081
v -0.11122650 0.01060638 0.06888504
v -0.11122650 0.01083517 0.06858323
v -0.11104703 0.01103664 0.06831746
v -0.11073095 0.01116269 0.06815119
v -0.11047499 0.01118896 0.06811654
v -0.11104703 0.01167132 0.06893544
v -0.11122650 0.01141102 0.06914393
v -0.11122650 0.01111542 0.06938069
v -0.11104703 0.01085511 0.06958917
v -0.11047499 0.00976263 0.06906779
v -0.11047499 0.00921814 0.06891217
v -0.11047499 0.00883248 0.06888481
v -0.11047499 0.01095522 0.07022900
v -0.11073095 0.01099478 0.07021093
v -0.11104703 0.01118456 0.07012425
v -0.11122650 0.01148792 0.06998569
v -0.11122650 0.01183241 0.06982833
v -0.11104703 0.01213577 0.06968977
v -0.11073095 0.01232555 0.06960308
v -0.11047499 0.01256281 0.07011928
v -0.11047499 -0.00806602 0.06911008
v -0.11073096 -0.00806660 0.06906659
v -0.11047499 -0.00808668 0.06756026
v -0.11073095 -0.00808610 0.06760371
v -0.11104703 -0.00808332 0.06781232
v -0.11122650 -0.00807888 0.06814580
v -0.11122650 -0.00807383 0.06852449
v -0.11104704 -0.00806938 0.06885798
v -0.11047499 -0.00968324 0.06980535
v -0.11047499 -0.00947318 0.06961469
v -0.11073096 -0.00950037 0.06958075
v -0.11047499 -0.01029091 0.06828978
v -0.11047499 -0.01044215 0.06840490
v -0.11073095 -0.01041496 0.06843884
v -0.11073096 -0.01035077 0.07104816
v -0.11073096 -0.01037865 0.07144111
v -0.11072010 -0.01037494 0.07144106
v -0.11104237 -0.01058220 0.07144383
v -0.11104704 -0.01055691 0.07101595
v -0.11104704 -0.01058727 0.07144389
v -0.11073095 -0.01179626 0.07082234
v -0.11073095 -0.01184153 0.07146062
v -0.11104703 -0.01159012 0.07085454
v -0.11104703 -0.01163291 0.07145783
v -0.11122650 -0.01126061 0.07090602
v -0.11122650 -0.01129944 0.07145339
v -0.11122650 -0.01088642 0.07096448
v -0.11122650 -0.01092074 0.07144834
v -0.11122593 -0.01091852 0.07144831
v -0.11047499 -0.01188498 0.07146119
v -0.11047499 -0.01183923 0.07081563
v -0.11047499 -0.01176212 0.07044355
v -0.11047499 -0.01157873 0.06990420
v -0.11047499 -0.00963496 0.06790791
v -0.11047499 -0.00845082 0.06914771
v -0.11073096 -0.00845867 0.06910493
v -0.11104704 -0.00849636 0.06889973
v -0.11122650 -0.00855660 0.06857171
v -0.11122650 -0.00862501 0.06819921
v -0.11104703 -0.00868526 0.06787119
v -0.11073095 -0.00872294 0.06766598
v -0.11047499 -0.00873080 0.06762321
v -0.11047499 -0.00986824 0.07002042
v -0.11073096 -0.01019221 0.07049338
v -0.11104704 -0.01038423 0.07041178
v -0.11122650 -0.01069117 0.07028135
v -0.11122650 -0.01103974 0.07013324
v -0.11104703 -0.01134668 0.07000281
v -0.11073095 -0.01153870 0.06992121
v -0.11047499 -0.01121448 0.06923830
v -0.11073096 -0.00990289 0.06999415
v -0.11104704 -0.01006916 0.06986811
v -0.11122650 -0.01033493 0.06966663
v -0.11122650 -0.01063674 0.06943784
v -0.11104703 -0.01090251 0.06923637
v -0.11073095 -0.01106878 0.06911033
v -0.11047499 -0.01110343 0.06908406
v -0.11104703 -0.01028453 0.06860169
v -0.11122650 -0.01007604 0.06886199
v -0.11122650 -0.00983929 0.06915759
v -0.11104704 -0.00963080 0.06941790
v -0.11047499 -0.01015218 0.07051038
v -0.11047499 -0.01030780 0.07105487
v -0.11047499 -0.01033516 0.07144053
v -0.11047499 -0.00899096 0.06931779
v -0.11073096 -0.00900903 0.06927823
v -0.11104704 -0.00909572 0.06908845
v -0.11122650 -0.00923428 0.06878509
v -0.11122650 -0.00939164 0.06844060
v -0.11104703 -0.00953020 0.06813724
v -0.11073095 -0.00961689 0.06794746
v -0.11047499 -0.00910069 0.06771021
v -0.11047499 -0.01165971 0.08835969
v -0.11073095 -0.01015337 0.08833961
v -0.11047499 -0.01010989 0.08833903
v -0.11073095 -0.01161626 0.08835912
v -0.11104703 -0.01140764 0.08835633
v -0.11122650 -0.01107417 0.08835189
v -0.11122650 -0.01069547 0.08834684
v -0.11104703 -0.01036200 0.08834239
v -0.11047499 -0.00941462 0.08995625
v -0.11047499 -0.00960527 0.08974619
v -0.11073095 -0.00963922 0.08977338
v -0.11047499 -0.01093019 0.09056392
v -0.11047499 -0.01081507 0.09071516
v -0.11073095 -0.01078113 0.09068797
v -0.11047499 -0.00777943 0.09060817
v -0.11047499 -0.00816510 0.09058081
v -0.11073095 -0.00817181 0.09062378
v -0.11104703 -0.00836542 0.09186313
v -0.11122593 -0.00776655 0.09157468
v -0.11122650 -0.00831395 0.09153362
v -0.11122650 -0.00776658 0.09157245
v -0.11122650 -0.00825549 0.09115943
v -0.11122650 -0.00777163 0.09119376
v -0.11104703 -0.00820401 0.09082992
v -0.11104703 -0.00777607 0.09086028
v -0.11073095 -0.00777885 0.09065166
v -0.11072010 -0.00775930 0.09211826
v -0.11073095 -0.00775935 0.09211455
v -0.11073095 -0.00839763 0.09206927
v -0.11104237 -0.00776207 0.09191099
v -0.11104703 -0.00776213 0.09190593
v -0.11047499 -0.00775877 0.09215799
v -0.11047499 -0.00840434 0.09211224
v -0.11047499 -0.00877642 0.09203513
v -0.11047499 -0.00931577 0.09185174
v -0.11047499 -0.01131206 0.08990797
v -0.11047499 -0.01159676 0.08900381
v -0.11073095 -0.01155399 0.08899596
v -0.11104703 -0.01134878 0.08895827
v -0.11122650 -0.01102076 0.08889803
v -0.11122650 -0.01064826 0.08882961
v -0.11104703 -0.01032024 0.08876938
v -0.11073095 -0.01011503 0.08873168
v -0.11047499 -0.01007226 0.08872383
v -0.11047499 -0.00870959 0.09042519
v -0.11073095 -0.00872659 0.09046522
v -0.11104703 -0.00880819 0.09065724
v -0.11122650 -0.00893862 0.09096418
v -0.11122650 -0.00908673 0.09131275
v -0.11104703 -0.00921716 0.09161969
v -0.11073095 -0.00929876 0.09181172
v -0.11047499 -0.00998167 0.09148749
v -0.11047499 -0.00919954 0.09014124
v -0.11073095 -0.00922582 0.09017590
v -0.11104703 -0.00935186 0.09034217
v -0.11122650 -0.00955333 0.09060794
v -0.11122650 -0.00978213 0.09090975
v -0.11104703 -0.00998360 0.09117552
v -0.11073095 -0.01010964 0.09134179
v -0.11047499 -0.01013592 0.09137645
v -0.11104703 -0.00980207 0.08990381
v -0.11122650 -0.01006237 0.09011230
v -0.11122650 -0.01035798 0.09034906
v -0.11104703 -0.01061828 0.09055754
v -0.11047499 -0.00990218 0.08926398
v -0.11073095 -0.00994174 0.08928204
v -0.11104703 -0.01013152 0.08936873
v -0.11122650 -0.01043488 0.08950730
v -0.11122650 -0.01077937 0.08966465
v -0.11104703 -0.01108273 0.08980321
v -0.11073095 -0.01127250 0.08988990
v -0.11047499 -0.01150977 0.08937370
v -0.11073095 0.00911964 0.09042639
v -0.11047499 0.00911906 0.09038290
v -0.11047499 0.00913973 0.09193272
v -0.11073095 0.00913915 0.09188928
v -0.11104703 0.00913636 0.09168065
v -0.11122650 0.00913192 0.09134718
v -0.11104703 0.00912242 0.09063501
v -0.11122650 0.00912687 0.09096848
v -0.11047499 0.01074383 0.08967984
v -0.11047499 0.01053334 0.08987256
v -0.11073095 0.01056067 0.08990640
v -0.11047499 0.01134396 0.09120320
v -0.11047499 0.01150710 0.09107850
v -0.11073095 0.01147978 0.09104466
v -0.11047499 0.01138820 0.08805244
v -0.11047499 0.01136375 0.08841898
v -0.11072010 0.01142798 0.08805192
v -0.11073095 0.01140677 0.08842532
v -0.11073095 0.01143169 0.08805186
v -0.11104237 0.01163525 0.08804915
v -0.11104703 0.01161318 0.08845580
v -0.11104703 0.01164031 0.08804908
v -0.11073095 0.01285411 0.08863897
v -0.11073095 0.01289458 0.08803236
v -0.11104703 0.01264771 0.08860850
v -0.11104703 0.01268596 0.08803514
v -0.11122650 0.01231778 0.08855980
v -0.11122650 0.01235248 0.08803959
v -0.11122650 0.01194311 0.08850449
v -0.11122650 0.01197379 0.08804464
v -0.11122593 0.01197156 0.08804467
v -0.11047499 0.01293802 0.08803178
v -0.11047499 0.01289713 0.08864532
v -0.11047499 0.01281516 0.08904943
v -0.11047499 0.01264213 0.08956417
v -0.11047499 0.01069672 0.09158108
v -0.11047499 0.00978767 0.09186907
v -0.11073095 0.00977977 0.09182630
v -0.11104703 0.00974187 0.09162113
v -0.11122650 0.00968130 0.09129317
v -0.11122650 0.00961251 0.09092075
v -0.11104703 0.00955194 0.09059279
v -0.11073095 0.00951404 0.09038762
v -0.11047499 0.00950615 0.09034485
v -0.11047499 0.01121141 0.08896790
v -0.11073095 0.01125155 0.08898463
v -0.11104703 0.01144414 0.08906489
v -0.11122650 0.01175198 0.08919319
v -0.11122650 0.01210156 0.08933888
v -0.11104703 0.01240940 0.08946718
v -0.11073095 0.01260198 0.08954744
v -0.11047499 0.01226752 0.09025468
v -0.11047499 0.01092883 0.08946254
v -0.11073095 0.01096363 0.08948863
v -0.11104703 0.01113058 0.08961376
v -0.11122650 0.01139744 0.08981378
v -0.11122650 0.01170050 0.09004092
v -0.11104703 0.01196736 0.09024095
v -0.11073095 0.01213431 0.09036608
v -0.11047499 0.01216911 0.09039216
v -0.11104703 0.01069174 0.09006873
v -0.11122650 0.01090126 0.09032820
v -0.11122650 0.01113919 0.09062286
v -0.11104703 0.01134871 0.09088234
v -0.11047499 0.01004922 0.09017280
v -0.11073095 0.01006738 0.09021232
v -0.11104703 0.01015454 0.09040188
v -0.11122650 0.01029386 0.09070490
v -0.11122650 0.01045207 0.09104899
v -0.11104703 0.01059139 0.09135200
v -0.11073095 0.01067855 0.09154157
v -0.11047499 0.01015373 0.09178278
v -0.11045156 0.01293771 0.08803179
v -0.11045156 0.01271248 0.07113329
v -0.11045156 0.00881182 0.06733526
v -0.11045156 0.00917430 0.06734756
v -0.11045156 0.00919334 0.06734915
v -0.11045156 0.00982937 0.06745819
v -0.11045156 0.01256247 0.07011938
v -0.11045156 0.01269053 0.07077127
v -0.11045156 0.01045566 0.06767980
v -0.11045156 0.01103452 0.06800579
v -0.11045156 0.01154872 0.06842645
v -0.11045156 0.01198294 0.06892926
v -0.11045156 0.01232424 0.06949922
v -0.11045156 -0.00808668 0.06756058
v -0.11045156 -0.01188467 0.07146119
v -0.11045156 -0.01187241 0.07109872
v -0.11045156 -0.01176178 0.07044365
v -0.11045156 -0.00910059 0.06771054
v -0.11045156 -0.00844870 0.06758249
v -0.11045156 -0.01154017 0.06981736
v -0.11045156 -0.01121418 0.06923849
v -0.11045156 -0.01079352 0.06872429
v -0.11045156 -0.01029072 0.06829008
v -0.11045156 -0.00972075 0.06794877
v -0.11045156 -0.01165940 0.08835969
v -0.11045156 -0.00775878 0.09215768
v -0.11045156 -0.00812126 0.09214543
v -0.11045156 -0.00877632 0.09203479
v -0.11045156 -0.01150943 0.08937360
v -0.11045156 -0.01163748 0.08872171
v -0.11045156 -0.00940262 0.09181318
v -0.11045156 -0.00998148 0.09148719
v -0.11045156 -0.01049568 0.09106653
v -0.11045156 -0.01092989 0.09056373
v -0.11045156 -0.01127120 0.08999376
v -0.11045156 0.00913972 0.09193241
v -0.11045156 0.01292546 0.08839427
v -0.11045156 0.01281482 0.08904934
v -0.11045156 0.01015363 0.09178244
v -0.11045156 0.00950174 0.09191050
v -0.11045156 0.01259321 0.08967563
v -0.11045156 0.01226722 0.09025449
v -0.11045156 0.01184656 0.09076869
v -0.11045156 0.01134376 0.09120291
v -0.11045156 0.01077379 0.09154421
v -0.11035819 0.00913937 0.09190604
v -0.11032815 0.00913909 0.09188496
v -0.11032815 0.00949665 0.09186332
v -0.11028758 0.01276013 0.08886981
v -0.11028758 0.01284313 0.08803305
v -0.11032815 0.01287816 0.08839043
v -0.11032844 0.01289050 0.08803242
v -0.11028758 0.01146857 0.09098746
v -0.11028758 0.01177879 0.09070270
v -0.11032815 0.01181256 0.09073558
v -0.11028758 0.01205517 0.09038500
v -0.11032815 0.01222803 0.09022772
v -0.11028758 0.01249301 0.08966712
v -0.11032815 0.01255001 0.08965600
v -0.11032815 0.01276889 0.08903743
v -0.11028758 0.00913846 0.09183782
v -0.11028758 0.00997271 0.09173255
v -0.11032815 0.01014050 0.09173684
v -0.11028758 0.01076262 0.09144428
v -0.11032815 0.01075302 0.09150155
v -0.11032815 0.01131596 0.09116445
v -0.11039045 0.00950051 0.09189904
v -0.11039045 0.00913957 0.09192089
v -0.11039045 0.01015044 0.09177136
v -0.11039045 0.01076875 0.09153385
v -0.11039045 0.01133701 0.09119356
v -0.11039045 0.01183830 0.09076065
v -0.11039045 0.01225771 0.09024800
v -0.11039045 0.01258272 0.08967086
v -0.11039045 0.01280367 0.08904644
v -0.11039045 0.01291397 0.08839334
v -0.11039121 0.01292646 0.08803194
v -0.11032815 0.01266499 0.07113393
v -0.11028758 0.01261786 0.07113455
v -0.11039045 0.01270092 0.07113344
v -0.11028758 0.00964984 0.06751288
v -0.11028758 0.00881308 0.06742989
v -0.11032815 0.00917046 0.06739485
v -0.11032815 0.00881245 0.06738275
v -0.11028758 0.01176749 0.06880444
v -0.11028758 0.01148273 0.06849422
v -0.11032815 0.01151561 0.06846045
v -0.11028758 0.01116503 0.06821784
v -0.11032815 0.01100776 0.06804498
v -0.11028758 0.01044715 0.06778000
v -0.11032815 0.01043603 0.06772301
v -0.11032815 0.00981746 0.06750412
v -0.11032815 0.01264335 0.07077637
v -0.11028758 0.01251258 0.07030030
v -0.11032815 0.01251687 0.07013252
v -0.11028758 0.01222431 0.06951039
v -0.11032815 0.01228158 0.06952000
v -0.11032815 0.01194448 0.06895705
v -0.11039045 0.01267907 0.07077251
v -0.11039045 0.01255140 0.07012257
v -0.11039045 0.01231388 0.06950427
v -0.11039045 0.01197360 0.06893601
v -0.11039045 0.01154068 0.06843471
v -0.11039045 0.01102802 0.06801531
v -0.11039045 0.01045089 0.06769029
v -0.11039045 0.00982647 0.06746934
v -0.11039045 0.00917337 0.06735904
v -0.11039045 0.00881197 0.06734682
v -0.11028758 -0.00808542 0.06765515
v -0.11039121 -0.00808653 0.06757183
v -0.11032844 -0.00808605 0.06760778
v -0.11028758 -0.01170709 0.07062317
v -0.11028758 -0.01179009 0.07145993
v -0.11032844 -0.01182536 0.07110253
v -0.11032844 -0.01183746 0.07146056
v -0.11035818 -0.01185830 0.07146084
v -0.11028758 -0.01041553 0.06850553
v -0.11028758 -0.01072575 0.06879028
v -0.11032844 -0.01075969 0.06875723
v -0.11028758 -0.01100213 0.06910798
v -0.11032844 -0.01117519 0.06926512
v -0.11028758 -0.01143997 0.06982586
v -0.11032844 -0.01149718 0.06983688
v -0.11032844 -0.01171608 0.07045549
v -0.11032844 -0.00844363 0.06762943
v -0.11028758 -0.00891967 0.06776043
v -0.11032844 -0.00908752 0.06775591
v -0.11028758 -0.00970957 0.06804871
v -0.11032844 -0.00970008 0.06799122
v -0.11032844 -0.01026306 0.06832834
v -0.11039121 -0.00844749 0.06759367
v -0.11039121 -0.00909747 0.06772135
v -0.11039121 -0.00971582 0.06795888
v -0.11039121 -0.01028412 0.06829920
v -0.11039121 -0.01078546 0.06873214
v -0.11039121 -0.01120489 0.06924484
v -0.11039121 -0.01152992 0.06982201
v -0.11039121 -0.01175089 0.07044647
v -0.11039121 -0.01186120 0.07109962
v -0.11039121 -0.01187342 0.07146104
v -0.11039044 -0.01164787 0.08835953
v -0.11035818 -0.01163303 0.08835934
v -0.11032815 -0.01161194 0.08835906
v -0.11028758 -0.01156481 0.08835843
v -0.11032815 -0.01159030 0.08871662
v -0.11028758 -0.00859680 0.09198010
v -0.11028758 -0.00776004 0.09206310
v -0.11032815 -0.00811742 0.09209812
v -0.11032815 -0.00775941 0.09211023
v -0.11035819 -0.00775913 0.09213131
v -0.11028758 -0.01071444 0.09068854
v -0.11028758 -0.01042969 0.09099876
v -0.11032815 -0.01046257 0.09103253
v -0.11028758 -0.01011199 0.09127514
v -0.11032815 -0.00995471 0.09144800
v -0.11028758 -0.00939411 0.09171298
v -0.11032815 -0.00938298 0.09176997
v -0.11032815 -0.00876441 0.09198885
v -0.11028758 -0.01145954 0.08919268
v -0.11032815 -0.01146382 0.08936047
v -0.11028758 -0.01117126 0.08998258
v -0.11032815 -0.01122853 0.08997299
v -0.11032815 -0.01089143 0.09053592
v -0.11039044 -0.01162603 0.08872048
v -0.11039044 -0.01149835 0.08937041
v -0.11039044 -0.01126084 0.08998872
v -0.11039044 -0.01092056 0.09055698
v -0.11039044 -0.01048764 0.09105828
v -0.11039044 -0.00997498 0.09147768
v -0.11039044 -0.00939785 0.09180269
v -0.11039044 -0.00877343 0.09202363
v -0.11039044 -0.00812033 0.09213394
v -0.11039044 -0.00775893 0.09214616
v -0.10977649 -0.00776463 0.09171882
v -0.10977649 0.00913387 0.09149355
v -0.11006903 -0.00776307 0.09183604
v -0.11006903 0.00913543 0.09161077
v -0.11006903 0.01261608 0.08803608
v -0.11006903 0.01253810 0.08882224
v -0.11006903 0.01228713 0.08957133
v -0.11006903 0.00991923 0.09151187
v -0.11006903 0.01066137 0.09124102
v -0.11006903 0.01132464 0.09081183
v -0.11006903 0.01187577 0.09024581
v -0.10977649 0.01249885 0.08803764
v -0.10977649 0.01239441 0.08892187
v -0.10977649 0.01206467 0.08974896
v -0.10977649 0.01153210 0.09046251
v -0.10977649 0.01001501 0.09136557
v -0.10977649 0.01083300 0.09101390
v -0.10977649 0.01227358 0.07113914
v -0.11006903 0.01239081 0.07113758
v -0.11006903 0.01102583 0.06839724
v -0.11006903 0.00881611 0.06765693
v -0.11006903 0.00960227 0.06773492
v -0.11006903 0.01035136 0.06798588
v -0.11006903 0.01159186 0.06894837
v -0.11006903 0.01229189 0.07035378
v -0.11006903 0.01202105 0.06961164
v -0.10977649 0.00881767 0.06777416
v -0.10977649 0.00970191 0.06787860
v -0.10977649 0.01052898 0.06820834
v -0.10977649 0.01124253 0.06874091
v -0.10977649 0.01214560 0.07025801
v -0.10977649 0.01179393 0.06944001
v -0.10977649 -0.00808083 0.06799944
v -0.11006903 -0.00808239 0.06788220
v -0.11006903 -0.01082273 0.06924718
v -0.11006903 -0.01156303 0.07145690
v -0.11006903 -0.01148505 0.07067075
v -0.11006903 -0.01123409 0.06992165
v -0.11006903 -0.01027160 0.06868115
v -0.11006903 -0.00886619 0.06798112
v -0.11006903 -0.00960833 0.06825196
v -0.10977649 -0.01144581 0.07145534
v -0.10977649 -0.01134137 0.07057110
v -0.10977649 -0.01101163 0.06974403
v -0.10977649 -0.01047906 0.06903048
v -0.10977649 -0.00896197 0.06812741
v -0.10977649 -0.00977996 0.06847908
v -0.10977649 -0.01122054 0.08835384
v -0.11006903 -0.01133776 0.08835540
v -0.11006903 -0.00997279 0.09109574
v -0.11006903 -0.00854923 0.09175806
v -0.11006903 -0.00929832 0.09150710
v -0.11006903 -0.01053882 0.09054461
v -0.11006903 -0.01123885 0.08913920
v -0.11006903 -0.01096801 0.08988135
v -0.10977649 -0.00864886 0.09161438
v -0.10977649 -0.00947594 0.09128464
v -0.10977649 -0.01018949 0.09075207
v -0.10977649 -0.01109256 0.08923498
v -0.10977649 -0.01074089 0.09005297
v -0.10964999 -0.01120979 0.08835369
v -0.10964999 -0.01108222 0.08923206
v -0.10964999 -0.01073166 0.09004747
v -0.10964999 -0.01018200 0.09074437
v -0.10964999 -0.00947069 0.09127526
v -0.10964999 -0.00864622 0.09160396
v -0.10964999 -0.00776477 0.09170807
v -0.10964999 -0.01143506 0.07145520
v -0.10947212 -0.01123119 0.08835398
v -0.10947212 -0.01145646 0.07145549
v -0.10941282 -0.01124827 0.08835421
v -0.10941282 -0.01147355 0.07145571
v -0.10919999 -0.01135978 0.08835570
v -0.10919999 -0.01158505 0.07145720
v -0.10874999 -0.01158505 0.07145720
v -0.10874999 -0.01135978 0.08835570
v -0.10874999 -0.00776277 0.09185806
v -0.10919999 -0.00776277 0.09185806
v -0.10874999 -0.00886200 0.09169895
v -0.10919999 -0.00831865 0.09182176
v -0.10919999 -0.00886200 0.09169895
v -0.10919999 -0.00937945 0.09149265
v -0.10874999 -0.00985826 0.09120794
v -0.10919999 -0.00985826 0.09120794
v -0.10919999 -0.01028664 0.09085184
v -0.10874999 -0.01065403 0.09043311
v -0.10919999 -0.01065403 0.09043311
v -0.10919999 -0.01095140 0.08996206
v -0.10874999 -0.01117142 0.08945029
v -0.10919999 -0.01117142 0.08945029
v -0.10919999 -0.01130867 0.08891041
v -0.10874999 0.00913573 0.09163279
v -0.10919999 0.00913573 0.09163279
v -0.10874999 0.01263809 0.08803578
v -0.10919999 0.01263809 0.08803578
v -0.10919999 0.01260179 0.08859166
v -0.10874999 0.01247898 0.08913501
v -0.10919999 0.01247898 0.08913501
v -0.10874999 0.01198798 0.09013128
v -0.10919999 0.01227268 0.08965246
v -0.10919999 0.01198798 0.09013128
v -0.10874999 0.01121314 0.09092704
v -0.10919999 0.01163187 0.09055965
v -0.10919999 0.01121314 0.09092704
v -0.10874999 0.01023032 0.09144443
v -0.10919999 0.01074209 0.09122442
v -0.10919999 0.00969044 0.09158169
v -0.10919999 0.01023032 0.09144443
v -0.10874999 0.01241282 0.07113729
v -0.10919999 0.01241282 0.07113729
v -0.10874999 0.00991504 0.06779403
v -0.10874999 0.00881581 0.06763492
v -0.10919999 0.00881581 0.06763492
v -0.10919999 0.00937169 0.06767122
v -0.10919999 0.00991504 0.06779403
v -0.10874999 0.01091130 0.06828503
v -0.10919999 0.01043250 0.06800033
v -0.10919999 0.01091130 0.06828503
v -0.10874999 0.01170708 0.06905987
v -0.10919999 0.01133968 0.06864114
v -0.10919999 0.01170708 0.06905987
v -0.10874999 0.01222446 0.07004268
v -0.10919999 0.01200444 0.06953092
v -0.10919999 0.01236171 0.07058258
v -0.10919999 0.01222446 0.07004268
v -0.10874999 -0.00808268 0.06786019
v -0.10919999 -0.00808268 0.06786019
v -0.10874999 -0.01142594 0.07035797
v -0.10919999 -0.01154875 0.07090132
v -0.10919999 -0.01142594 0.07035797
v -0.10919999 -0.01121964 0.06984051
v -0.10874999 -0.01093493 0.06936171
v -0.10919999 -0.01093493 0.06936171
v -0.10919999 -0.01057883 0.06893333
v -0.10874999 -0.01016010 0.06856593
v -0.10919999 -0.01016010 0.06856593
v -0.10919999 -0.00968905 0.06826857
v -0.10874999 -0.00917728 0.06804855
v -0.10919999 -0.00863739 0.06791130
v -0.10919999 -0.00917728 0.06804855
v -0.10874999 -0.01116009 0.06892331
v -0.10874999 -0.01128510 0.06909536
v -0.10874999 -0.01149718 0.06945153
v -0.10874999 -0.01173610 0.07003558
v -0.10874999 -0.01186605 0.07064967
v -0.10874999 -0.01188970 0.07111010
v -0.10874999 -0.01165507 0.08871076
v -0.10874988 0.01259739 0.06995412
v -0.10874987 0.01257780 0.06988147
v -0.10874999 -0.01029667 0.09143310
v -0.10874999 -0.01075845 0.09100389
v -0.10874999 -0.01099693 0.09070870
v -0.10874999 -0.01159066 0.08933689
v -0.10874999 -0.01141465 0.08993985
v -0.10874999 -0.01113439 0.09050276
v -0.10874999 -0.01073088 0.06846153
v -0.10874999 -0.01043569 0.06822305
v -0.10874999 -0.00966683 0.06780532
v -0.10874999 -0.01022975 0.06808558
v -0.10874997 0.01145123 0.06814209
v -0.10874992 0.01117729 0.06793546
v -0.10874987 0.01094826 0.06779233
v -0.10874984 0.01238538 0.06936008
v -0.10874991 0.01206159 0.06880166
v -0.10874999 0.01165059 0.06832182
v -0.10874984 0.01039133 0.06753545
v -0.10874992 0.00978573 0.06737768
v -0.10874999 0.00916298 0.06733026
v -0.10874999 -0.00843778 0.06756490
v -0.10874999 -0.00906390 0.06762931
v -0.10874999 0.01270811 0.07078212
v -0.10874998 0.01269927 0.07057580
v -0.10874999 -0.01012461 0.09155813
v -0.10874999 -0.00976846 0.09177019
v -0.10874999 -0.00918441 0.09200910
v -0.10874999 -0.00857032 0.09213906
v -0.10874999 -0.00810983 0.09216271
v -0.11224999 0.01126808 0.06784207
v -0.11049999 0.01275332 0.07073574
v -0.11224999 0.01279853 0.07068935
v -0.11224999 0.01276261 0.07022971
v -0.11224999 0.01261634 0.06961931
v -0.11224999 0.01236194 0.06904183
v -0.11224999 0.01156952 0.06807259
v -0.11224999 0.01201090 0.06852279
v -0.11224999 0.01214045 0.06869143
v -0.11224999 0.01105854 0.06771013
v -0.11224999 0.01048836 0.06744499
v -0.11224999 0.01015732 0.06734333
v -0.11224999 0.00988093 0.06728511
v -0.11224999 0.00925334 0.06723740
v -0.11224999 -0.01309225 0.07092724
v -0.11224998 -0.01197923 0.07081313
v -0.11224999 -0.01301234 0.07002094
v -0.11224988 -0.01189396 0.07018895
v -0.11224999 -0.01258281 0.06878673
v -0.11224999 -0.01274828 0.08982950
v -0.11224992 -0.01168149 0.08942498
v -0.11224999 -0.01285231 0.08892564
v -0.11224999 -0.01174549 0.08880372
v -0.11224999 -0.01198257 0.07101962
v -0.11224999 -0.01149200 0.09208977
v -0.11224999 -0.01043324 0.09285582
v -0.11224991 -0.01019736 0.09166208
v -0.11224999 -0.01068797 0.09126402
v -0.11224997 -0.01087297 0.09106951
v -0.11224999 -0.01228599 0.09105182
v -0.11224987 -0.01123600 0.09057604
v -0.11224984 -0.01150763 0.09002616
v -0.11224999 0.01380253 0.06966901
v -0.11224999 0.01334554 0.06845291
v -0.11224999 0.01060400 0.09302250
v -0.11224999 0.00970567 0.09312532
v -0.11224999 -0.00829273 0.09336526
v -0.11224984 -0.01169786 0.06958947
v -0.11224991 -0.01138907 0.06902261
v -0.11224999 -0.01181676 0.06772798
v -0.11224999 0.01028815 0.06621468
v -0.11224999 0.01405833 0.08950812
v -0.11224999 -0.00820035 0.09225558
v -0.11224998 -0.00840684 0.09225224
v -0.11224999 -0.00919903 0.09328536
v -0.11224988 -0.00903101 0.09216697
v -0.11224984 -0.00963050 0.09197087
v -0.11224999 0.01151194 0.06665064
v -0.11224999 0.01362237 0.09073191
v -0.11224999 0.01182010 0.09256551
v -0.11224999 0.01285497 0.09178016
v -0.11224999 -0.01099101 0.06853200
v -0.11224997 -0.01079651 0.06834701
v -0.11224999 -0.01077880 0.06693397
v -0.11224987 -0.01030304 0.06798397
v -0.11224999 -0.00955648 0.06647169
v -0.11224999 0.01256020 0.06741804
v -0.11224984 -0.00975316 0.06771234
v -0.11224992 -0.00915198 0.06753848
v -0.11224999 -0.00865263 0.06636766
v -0.11224999 -0.00853072 0.06747448
v -0.11224999 0.00934577 0.06612772
v -0.11224999 0.01390535 0.07056734
v -0.11224999 0.01414529 0.08856574
v -0.10921293 -0.00829273 0.09336526
v -0.10923075 -0.00913323 0.09329660
v -0.10923381 -0.00934578 0.09325392
v -0.10924046 -0.00998937 0.09305747
v -0.10924365 -0.01050012 0.09281982
v -0.10924332 -0.01228570 0.09105168
v -0.10924430 -0.01215869 0.09126565
v -0.10924489 -0.01205066 0.09142891
v -0.10924589 -0.01149165 0.09209010
v -0.10924477 -0.01077994 0.09265425
v -0.10921293 -0.01285231 0.08892564
v -0.10923140 -0.01275253 0.08980624
v -0.10923588 -0.01266785 0.09014031
v -0.10924077 -0.01248247 0.09065315
v -0.10768077 -0.01213457 0.08899252
v -0.10756291 -0.01197854 0.08899632
v -0.10765558 -0.01199192 0.08968648
v -0.10815092 -0.01254555 0.08897454
v -0.10793801 -0.01239116 0.08898310
v -0.10791548 -0.01226205 0.08973714
v -0.10890773 -0.01202606 0.09141376
v -0.10890725 -0.01145627 0.09208382
v -0.10889753 -0.01282702 0.08894105
v -0.10856330 -0.01274317 0.08895660
v -0.10855923 -0.01263503 0.08979936
v -0.10731000 -0.00947506 0.09167083
v -0.10724999 -0.00946371 0.09130331
v -0.10724999 -0.00888719 0.09158542
v -0.10724999 -0.00978772 0.09108724
v -0.10730074 -0.01041042 0.09099910
v -0.10724999 -0.01034899 0.09057993
v -0.10730297 -0.01079455 0.09056922
v -0.10724999 -0.01063040 0.09023274
v -0.10724999 -0.01081162 0.08995720
v -0.10724999 -0.01122168 0.08900184
v -0.10724999 -0.01098958 0.08962378
v -0.10731994 -0.01135920 0.08956042
v -0.10730957 -0.01111332 0.09008697
v -0.10890651 -0.01272456 0.08980907
v -0.10890819 -0.01245503 0.09064583
v -0.10890777 -0.01076579 0.09262909
v -0.10889752 -0.00830880 0.09334038
v -0.10768076 -0.00837872 0.09264956
v -0.10793800 -0.00836247 0.09290580
v -0.10791654 -0.00908331 0.09280521
v -0.10815092 -0.00834979 0.09305990
v -0.10822321 -0.00911321 0.09302354
v -0.10856330 -0.00832659 0.09325698
v -0.10855953 -0.00913124 0.09317917
v -0.10890631 -0.00913736 0.09326877
v -0.10822245 -0.01247976 0.08977532
v -0.10789558 -0.01199847 0.09046207
v -0.10820780 -0.01221351 0.09055088
v -0.10788230 -0.01160669 0.09112887
v -0.10819756 -0.01180459 0.09126426
v -0.10787767 -0.01110086 0.09171513
v -0.10819390 -0.01126898 0.09188950
v -0.10855233 -0.01236684 0.09061253
v -0.10854673 -0.01194546 0.09135994
v -0.10854457 -0.01138836 0.09201335
v -0.10756291 -0.00838668 0.09249368
v -0.10765674 -0.00904284 0.09253417
v -0.10789642 -0.00981695 0.09256759
v -0.10820843 -0.00989759 0.09278532
v -0.10855266 -0.00995336 0.09294054
v -0.10890818 -0.00998321 0.09302977
v -0.10747705 -0.00839280 0.09235606
v -0.10745613 -0.00899418 0.09222593
v -0.10763522 -0.00971533 0.09229792
v -0.10788276 -0.01049685 0.09219992
v -0.10819793 -0.01062475 0.09240245
v -0.10854694 -0.01071506 0.09254661
v -0.10724998 -0.00841238 0.09173723
v -0.10732052 -0.00894038 0.09189881
v -0.10743787 -0.00959891 0.09199264
v -0.10762095 -0.01033776 0.09194921
v -0.10747705 -0.01184081 0.08899876
v -0.10745513 -0.01168487 0.08962633
v -0.10763434 -0.01173221 0.09035040
v -0.10743713 -0.01143087 0.09022267
v -0.10762048 -0.01136173 0.09096056
v -0.10742556 -0.01108506 0.09076989
v -0.10761572 -0.01089257 0.09149911
v -0.10742161 -0.01065731 0.09125512
v -0.10742595 -0.01015748 0.09166602
v -0.10730319 -0.00996767 0.09136862
v -0.10724999 -0.00965860 0.09117899
v -0.09519765 -0.00710276 0.09153363
v -0.10724999 -0.00741414 0.09185341
v -0.09518876 -0.00783758 0.09147164
v -0.10724998 -0.00806918 0.09180687
v -0.09518597 -0.00810891 0.09141234
v -0.09518180 -0.00858091 0.09125965
v -0.09517747 -0.00926880 0.09090810
v -0.09517714 -0.00934575 0.09085745
v -0.10724999 -0.01136442 0.08800706
v -0.09519765 -0.01105306 0.08768728
v -0.10724999 -0.01134536 0.08834369
v -0.09518876 -0.01097151 0.08842018
v -0.09517599 -0.00987412 0.09042818
v -0.09517714 -0.01031733 0.08991144
v -0.09517747 -0.01037001 0.08983587
v -0.09518180 -0.01073977 0.08915760
v -0.09518597 -0.01090499 0.08868983
v -0.10724998 -0.01132355 0.08852065
v -0.09324999 -0.00748768 0.08950535
v -0.09327991 -0.00754787 0.08984362
v -0.09324999 -0.00780734 0.08941898
v -0.09327980 -0.00797558 0.08972108
v -0.09324999 -0.00785035 0.08940268
v -0.09327973 -0.00837126 0.08951851
v -0.09324999 -0.00818544 0.08923081
v -0.09327970 -0.00871945 0.08924231
v -0.09324999 -0.00848350 0.08899255
v -0.09327973 -0.00900484 0.08890160
v -0.09324999 -0.00872220 0.08870818
v -0.09327980 -0.00921789 0.08851147
v -0.09324999 -0.00887675 0.08843679
v -0.09327991 -0.00935178 0.08808717
v -0.09324999 -0.00901523 0.08801799
v -0.09484505 -0.01093187 0.08841202
v -0.09471925 -0.01098202 0.08768632
v -0.09429836 -0.01081283 0.08768406
v -0.09483889 -0.01070156 0.08914137
v -0.09483506 -0.01033521 0.08981204
v -0.09483375 -0.00984452 0.09039778
v -0.09483506 -0.00924591 0.09087268
v -0.09483889 -0.00856571 0.09122102
v -0.09484505 -0.00783048 0.09143181
v -0.09447817 -0.00781060 0.09132012
v -0.09429836 -0.00710596 0.09129340
v -0.09472443 -0.00710369 0.09146402
v -0.09412669 -0.00777727 0.09113283
v -0.09396627 -0.00710896 0.09106796
v -0.09381425 -0.00773132 0.09087461
v -0.09368331 -0.00711283 0.09077752
v -0.09356156 -0.00767523 0.09055936
v -0.09346662 -0.00711733 0.09043968
v -0.09324999 -0.00712940 0.08953449
v -0.09330849 -0.00712300 0.09001455
v -0.09338211 -0.00761269 0.09020790
v -0.09338158 -0.00811071 0.09006456
v -0.09338123 -0.00857134 0.08982829
v -0.09338112 -0.00897673 0.08950654
v -0.09338123 -0.00930917 0.08910987
v -0.09338158 -0.00955764 0.08865570
v -0.09338211 -0.00971421 0.08816168
v -0.09330720 -0.00952875 0.08766694
v -0.09324999 -0.00905392 0.08766061
v -0.09356024 -0.00824111 0.09039599
v -0.09355942 -0.00876443 0.09012724
v -0.09355914 -0.00922502 0.08976154
v -0.09355942 -0.00960286 0.08931086
v -0.09356024 -0.00988548 0.08879489
v -0.09356156 -0.01006388 0.08823356
v -0.09346662 -0.00995910 0.08767267
v -0.09381183 -0.00835814 0.09069344
v -0.09381033 -0.00893778 0.09039562
v -0.09380981 -0.00944797 0.08999051
v -0.09381033 -0.00986654 0.08949131
v -0.09381183 -0.01017971 0.08891980
v -0.09381425 -0.01037752 0.08829805
v -0.09412298 -0.00845411 0.09093738
v -0.09412067 -0.00908006 0.09061589
v -0.09411988 -0.00963098 0.09017847
v -0.09412067 -0.01008294 0.08963940
v -0.09412298 -0.01042100 0.08902225
v -0.09412669 -0.01063442 0.08835086
v -0.09447315 -0.00852389 0.09111472
v -0.09447002 -0.00918363 0.09077626
v -0.09446895 -0.00976429 0.09031538
v -0.09447002 -0.01024048 0.08974721
v -0.09447315 -0.01059642 0.08909672
v -0.09447817 -0.01082075 0.08838917
v -0.09396627 -0.01058739 0.08768106
v -0.09382387 -0.01045600 0.08767930
v -0.09368331 -0.01029695 0.08767718
v -0.09324999 0.00992511 0.08501333
v -0.09324999 0.00996271 0.08486516
v -0.09324999 0.01031452 0.08740241
v -0.09324999 -0.00156633 0.08189590
v -0.09324999 0.00049972 0.08943279
v -0.09324999 0.00243217 0.08579824
v -0.09324999 0.00319605 0.08654203
v -0.09324999 0.00738177 0.08224320
v -0.09324999 0.01021211 0.07972039
v -0.09324999 0.00329624 0.08663628
v -0.09324999 0.00594973 0.08287142
v -0.09324999 -0.00222957 0.08093138
v -0.09324999 -0.00247321 0.07978648
v -0.09324999 0.00601917 0.08935921
v -0.09324999 0.00378587 0.08509375
v -0.09324999 0.00472429 0.08384285
v -0.09324999 0.01010696 0.07183237
v -0.09324999 0.00923848 0.07026216
v -0.09324999 0.00953654 0.07050043
v -0.09324999 0.00977524 0.07078480
v -0.09324999 0.00992977 0.07105615
v -0.09324999 0.01006827 0.07147498
v -0.09324999 0.00661789 0.08149943
v -0.09324999 0.00328261 0.07856160
v -0.09324999 0.00261938 0.07759708
v -0.09324999 0.00890339 0.07009029
v -0.09324999 -0.00058448 0.08253319
v -0.09324999 0.00056651 0.08274622
v -0.09324999 0.00277376 0.08456562
v -0.09324999 0.00171141 0.08250258
v -0.09324999 0.00352625 0.07970650
v -0.09324999 0.00331322 0.08085749
v -0.09324999 0.00539481 0.08187374
v -0.09324999 0.00267593 0.08183935
v -0.09324999 0.00430294 0.08253997
v -0.09324999 0.00341064 0.08345639
v -0.09324999 0.00818244 0.06995849
v -0.09324999 0.00854073 0.06998763
v -0.09324999 0.00886038 0.07007400
v -0.09324999 -0.00162289 0.07765363
v -0.09324999 -0.00914597 0.07141263
v -0.09324999 -0.00912967 0.07136963
v -0.09324999 0.00163752 0.07695980
v -0.09324999 0.00048653 0.07674675
v -0.09324999 -0.00738760 0.07016605
v -0.09324999 -0.00065837 0.07699040
v -0.09324999 -0.00774498 0.07020474
v -0.09324999 -0.00816378 0.07034322
v -0.09324999 -0.00843517 0.07049777
v -0.09324999 -0.00226017 0.07863548
v -0.09324999 -0.00926148 0.07209057
v -0.09324999 -0.00923234 0.07173228
v -0.09324999 -0.00895780 0.07103453
v -0.09324999 -0.00871954 0.07073647
v -0.09324999 0.00936045 0.08416983
v -0.09324999 0.00859658 0.08342606
v -0.09324999 0.00441086 0.08772487
v -0.09324999 0.00417275 0.08745658
v -0.09324999 0.00584290 0.08709666
v -0.09324999 0.00832195 0.08319525
v -0.09324999 0.00706834 0.08612522
v -0.09324999 0.00800676 0.08487432
v -0.09324999 0.00346835 0.08677071
v -0.09324999 0.00761755 0.08250938
v -0.09324999 0.00992118 0.08471804
v -0.09324999 0.00981165 0.08461139
v -0.09324999 0.00966348 0.08457381
v -0.09324999 0.00951636 0.08461533
v -0.09324999 0.00940972 0.08472486
v -0.09324999 0.00901887 0.08540245
v -0.09324999 0.00937212 0.08487303
v -0.09324999 0.00838199 0.08651169
v -0.09324999 0.00941365 0.08502015
v -0.09324999 0.01028538 0.08776069
v -0.09324999 0.00967135 0.08516438
v -0.09324999 0.00981847 0.08512285
v -0.09324999 0.01019901 0.08808035
v -0.09324999 0.01018271 0.08812336
v -0.09324999 0.01001085 0.08845845
v -0.09324999 0.00977258 0.08875651
v -0.09324999 0.00952318 0.08512679
v -0.09324999 0.00517474 0.08846866
v -0.09324999 0.00844064 0.08932693
v -0.09324999 0.00639782 0.08809433
v -0.09324999 0.00879803 0.08928824
v -0.09324999 0.00748969 0.08742811
v -0.09324999 0.00921681 0.08914977
v -0.09324999 0.00948821 0.08899521
v -0.09337099 0.01079199 0.07182323
v -0.09453323 0.01197395 0.07180747
v -0.09519765 0.01210610 0.07180571
v -0.09519765 0.01231366 0.08737577
v -0.09472444 0.01224405 0.08737670
v -0.09429836 0.01207343 0.08737896
v -0.09413145 0.01176479 0.07181026
v -0.09396627 0.01184800 0.08738197
v -0.09382387 0.01150905 0.07181367
v -0.09382387 0.01171661 0.08738372
v -0.09356325 0.01118154 0.07181804
v -0.09368331 0.01155756 0.08738584
v -0.09338281 0.01082357 0.07182281
v -0.09346662 0.01121971 0.08739034
v -0.09330849 0.01079457 0.08739601
v -0.10724999 0.01241747 0.07148591
v -0.10724999 0.01246547 0.07508694
v -0.10724999 0.01258544 0.08408614
v -0.10724999 0.01263344 0.08768715
v -0.10918649 0.01406531 0.08256628
v -0.10902055 0.01405851 0.08257341
v -0.10862177 0.01398503 0.08264936
v -0.10827927 0.01385064 0.08278697
v -0.10794622 0.01364010 0.08300307
v -0.10741199 0.01300236 0.08365838
v -0.10763546 0.01333788 0.08331338
v -0.10918649 0.01413331 0.08766716
v -0.10856428 0.01403407 0.08766848
v -0.10838101 0.01396396 0.08766942
v -0.10825152 0.01390134 0.08767025
v -0.10796173 0.01371448 0.08767274
v -0.10750163 0.01321101 0.08767945
v -0.10761534 0.01337093 0.08767732
v -0.10770835 0.01348063 0.08767585
v -0.10856330 0.01403701 0.08859960
v -0.10919410 0.01413930 0.08811639
v -0.10921293 0.01414529 0.08856574
v -0.10841226 0.01397814 0.08860792
v -0.10774715 0.01350506 0.08864741
v -0.10793800 0.01368583 0.08863548
v -0.10823734 0.01389120 0.08861781
v -0.10749558 0.01319481 0.08818271
v -0.10724998 0.01258689 0.08834220
v -0.10747705 0.01313609 0.08866581
v -0.10733304 0.01282286 0.08867717
v -0.10724998 0.01251726 0.08868539
v -0.10919410 0.01391134 0.07101649
v -0.10921293 0.01390535 0.07056734
v -0.10918649 0.01398533 0.07656681
v -0.10918649 0.01391733 0.07146592
v -0.10401431 0.01404198 0.08081609
v -0.10464916 0.01403902 0.08059373
v -0.10499424 0.01403724 0.08046053
v -0.10528842 0.01403430 0.08024040
v -0.10535834 0.01403317 0.08015506
v -0.10549466 0.01402967 0.07989276
v -0.10554999 0.01402532 0.07956654
v -0.10543454 0.01401911 0.07910094
v -0.10214270 0.01404505 0.08104643
v -0.10259028 0.01404654 0.08115834
v -0.10288287 0.01404657 0.08116060
v -0.10331570 0.01404529 0.08106472
v -0.10250599 0.01400424 0.07798542
v -0.10236897 0.01400461 0.07801281
v -0.10181298 0.01400803 0.07826973
v -0.10171705 0.01400904 0.07834484
v -0.10132536 0.01401561 0.07883833
v -0.10128119 0.01401687 0.07893221
v -0.10119466 0.01402033 0.07919208
v -0.10114999 0.01402532 0.07956654
v -0.10119466 0.01403031 0.07994100
v -0.10526964 0.01401608 0.07887290
v -0.10499424 0.01401340 0.07867256
v -0.10484186 0.01401252 0.07860620
v -0.10325249 0.01400507 0.07804763
v -0.10306380 0.01400441 0.07799815
v -0.10131633 0.01403479 0.08027683
v -0.10153558 0.01403920 0.08060785
v -0.10178343 0.01404232 0.08084147
v -0.10190456 0.01404343 0.08092475
v -0.10464916 0.01401163 0.07853936
v -0.10375800 0.01400746 0.07822642
v -0.10923083 0.01407571 0.08941147
v -0.10923381 0.01403395 0.08961879
v -0.10924054 0.01383364 0.09027224
v -0.10924365 0.01359986 0.09077314
v -0.10924326 0.01181996 0.09256523
v -0.10924430 0.01204568 0.09243169
v -0.10924482 0.01218707 0.09233873
v -0.10924589 0.01287013 0.09176467
v -0.10924482 0.01342566 0.09106634
v -0.10921293 0.00970567 0.09312532
v -0.10923085 0.01054985 0.09303317
v -0.10923588 0.01092034 0.09294087
v -0.10924055 0.01140395 0.09276800
v -0.10823734 0.00975094 0.09286994
v -0.10793801 0.00976314 0.09266417
v -0.10791640 0.01048602 0.09254318
v -0.10774421 0.00977035 0.09247993
v -0.10768077 0.00977255 0.09240758
v -0.10765658 0.01043793 0.09227328
v -0.10745600 0.01300486 0.08927090
v -0.10890775 0.01217213 0.09231403
v -0.10890725 0.01284926 0.09174435
v -0.10890634 0.01055316 0.09300523
v -0.10856330 0.00973663 0.09301618
v -0.10890819 0.01139695 0.09274050
v -0.10890775 0.01340056 0.09105207
v -0.10890633 0.01404787 0.08941554
v -0.10855949 0.01395824 0.08940927
v -0.10822311 0.01380259 0.08939101
v -0.10791641 0.01358422 0.08936081
v -0.10730989 0.01244769 0.08975420
v -0.10724999 0.01208334 0.08973671
v -0.10724999 0.01236432 0.08916310
v -0.10724999 0.01186181 0.09006809
v -0.10730073 0.01176956 0.09069329
v -0.10724999 0.01135997 0.09062201
v -0.10730311 0.01133556 0.09107807
v -0.10724999 0.01101277 0.09090341
v -0.10724999 0.01072139 0.09109405
v -0.10732044 0.01031765 0.09164082
v -0.10733283 0.00978180 0.09179923
v -0.10733181 0.00978181 0.09179638
v -0.10730989 0.01084889 0.09139641
v -0.10724999 0.01040381 0.09126259
v -0.10724999 0.00978187 0.09149469
v -0.10822310 0.01052207 0.09276068
v -0.10840834 0.00974355 0.09295539
v -0.10855948 0.01054449 0.09291580
v -0.10789619 0.01121705 0.09228317
v -0.10820827 0.01130409 0.09249856
v -0.10788257 0.01189004 0.09189314
v -0.10819779 0.01202413 0.09209174
v -0.10787767 0.01248230 0.09138713
v -0.10819390 0.01265587 0.09155609
v -0.10855258 0.01136445 0.09265216
v -0.10854685 0.01211886 0.09223312
v -0.10854457 0.01277913 0.09167608
v -0.10765660 0.01331314 0.08931997
v -0.10789621 0.01334398 0.09009843
v -0.10820828 0.01356162 0.09017965
v -0.10855258 0.01371677 0.09023587
v -0.10890819 0.01380596 0.09026598
v -0.10763501 0.01307444 0.08999609
v -0.10788259 0.01297225 0.09078141
v -0.10819779 0.01317438 0.09091011
v -0.10854685 0.01331826 0.09100100
v -0.10732045 0.01267772 0.08921669
v -0.10743769 0.01276932 0.08987887
v -0.10762078 0.01272203 0.09062137
v -0.10747705 0.00977880 0.09211382
v -0.10745598 0.01038062 0.09196641
v -0.10763499 0.01110751 0.09201647
v -0.10743768 0.01098215 0.09171458
v -0.10762077 0.01172331 0.09164730
v -0.10742579 0.01153441 0.09136964
v -0.10761571 0.01226728 0.09117781
v -0.10742161 0.01202442 0.09094138
v -0.10742580 0.01243940 0.09044001
v -0.10730311 0.01214260 0.09024908
v -0.10724999 0.01195902 0.08993161
v -0.09518877 0.01225168 0.08811059
v -0.09518598 0.01219237 0.08838192
v -0.09518181 0.01203968 0.08885393
v -0.09517748 0.01168813 0.08954181
v -0.09517714 0.01163749 0.08961876
v -0.09517599 0.01120821 0.09014713
v -0.09517714 0.01069147 0.09059034
v -0.09517748 0.01061589 0.09064303
v -0.09518181 0.00993762 0.09101278
v -0.09518598 0.00946986 0.09117800
v -0.09518877 0.00920021 0.09124452
v -0.10724999 0.00912372 0.09161837
v -0.09519765 0.00846730 0.09132607
v -0.10724999 0.00878709 0.09163744
v -0.09327991 0.01062365 0.08782089
v -0.09327980 0.01050111 0.08824860
v -0.09327973 0.01029854 0.08864427
v -0.09327970 0.01002234 0.08899246
v -0.09327973 0.00968163 0.08927785
v -0.09327980 0.00929150 0.08949090
v -0.09327991 0.00886720 0.08962478
v -0.09484505 0.00919205 0.09120488
v -0.09471925 0.00846635 0.09125504
v -0.09429836 0.00846409 0.09108584
v -0.09483889 0.00992140 0.09097458
v -0.09483507 0.01059207 0.09060822
v -0.09483375 0.01117781 0.09011754
v -0.09483507 0.01165271 0.08951893
v -0.09483889 0.01200105 0.08883873
v -0.09484505 0.01221184 0.08810350
v -0.09447817 0.01210015 0.08808362
v -0.09412669 0.01191286 0.08805028
v -0.09381425 0.01165464 0.08800434
v -0.09356156 0.01133940 0.08794824
v -0.09338211 0.01098794 0.08788570
v -0.09338158 0.01084459 0.08838373
v -0.09338123 0.01060832 0.08884435
v -0.09338112 0.01028657 0.08924975
v -0.09338123 0.00988990 0.08958218
v -0.09338158 0.00943573 0.08983065
v -0.09338211 0.00894171 0.08998723
v -0.09330720 0.00844697 0.08980177
v -0.09356024 0.01117602 0.08851412
v -0.09355942 0.01090727 0.08903744
v -0.09355914 0.01054157 0.08949804
v -0.09355942 0.01009089 0.08987588
v -0.09356024 0.00957492 0.09015849
v -0.09356156 0.00901359 0.09033689
v -0.09346662 0.00845270 0.09023212
v -0.09381183 0.01147348 0.08863115
v -0.09381033 0.01117566 0.08921079
v -0.09380981 0.01077054 0.08972098
v -0.09381033 0.01027134 0.09013955
v -0.09381183 0.00969983 0.09045272
v -0.09381425 0.00907807 0.09065053
v -0.09368331 0.00845721 0.09056997
v -0.09412298 0.01171742 0.08872712
v -0.09412067 0.01139592 0.08935307
v -0.09411988 0.01095850 0.08990400
v -0.09412067 0.01041943 0.09035595
v -0.09412298 0.00980228 0.09069401
v -0.09412669 0.00913089 0.09090743
v -0.09447315 0.01189476 0.08879690
v -0.09447002 0.01155629 0.08945665
v -0.09446896 0.01109541 0.09003730
v -0.09447002 0.01052724 0.09051349
v -0.09447315 0.00987675 0.09086943
v -0.09447817 0.00916920 0.09109376
v -0.09396627 0.00846108 0.09086040
v -0.09381739 0.00845924 0.09072239
v -0.10918649 0.00880709 0.09313730
v -0.10918649 -0.00739415 0.09335328
v -0.10856428 0.00880577 0.09303807
v -0.10856428 -0.00739547 0.09325404
v -0.10834052 0.00880459 0.09294959
v -0.10834052 -0.00739665 0.09316557
v -0.10825152 0.00880400 0.09290533
v -0.10825152 -0.00739724 0.09312131
v -0.10796174 0.00880150 0.09271847
v -0.10796173 -0.00739973 0.09293445
v -0.10770835 0.00879839 0.09248463
v -0.10770835 -0.00740285 0.09270060
v -0.10764325 0.00879739 0.09240954
v -0.10764325 -0.00740385 0.09262552
v -0.10750163 0.00879479 0.09221501
v -0.10750163 -0.00740644 0.09243098
v -0.10919410 0.00925652 0.09313131
v -0.10919410 -0.00784338 0.09335927
v -0.10749550 -0.00791268 0.09241455
v -0.10749549 0.00930064 0.09218507
v -0.10921293 0.00934577 0.06612772
v -0.10923083 0.01019151 0.06619731
v -0.10923381 0.01039883 0.06623906
v -0.10924054 0.01105227 0.06643938
v -0.10924365 0.01155316 0.06667315
v -0.10924326 0.01334526 0.06845305
v -0.10924430 0.01321173 0.06822734
v -0.10924482 0.01311876 0.06808595
v -0.10924589 0.01254470 0.06740288
v -0.10924482 0.01184637 0.06684735
v -0.10923085 0.01381320 0.06972316
v -0.10923588 0.01372089 0.06935266
v -0.10924055 0.01354803 0.06886906
v -0.10823734 0.01364997 0.07052207
v -0.10793801 0.01344420 0.07050987
v -0.10791640 0.01332321 0.06978699
v -0.10774421 0.01325996 0.07050266
v -0.10768077 0.01318762 0.07050046
v -0.10765658 0.01305331 0.06983507
v -0.10733304 0.00945720 0.06745015
v -0.10747705 0.00944584 0.06713692
v -0.10745600 0.01005093 0.06726815
v -0.10890775 0.01309406 0.06810088
v -0.10890725 0.01252438 0.06742375
v -0.10890634 0.01378526 0.06971985
v -0.10856330 0.01379621 0.07053638
v -0.10890819 0.01352053 0.06887607
v -0.10890775 0.01183210 0.06687245
v -0.10890633 0.01019557 0.06622514
v -0.10855949 0.01018930 0.06631477
v -0.10856330 0.00937963 0.06623600
v -0.10822311 0.01017104 0.06647042
v -0.10841226 0.00938795 0.06629487
v -0.10823734 0.00939784 0.06638181
v -0.10791641 0.01014084 0.06668880
v -0.10793800 0.00941551 0.06658719
v -0.10730989 0.01053423 0.06782532
v -0.10724999 0.01051675 0.06818967
v -0.10724999 0.00994313 0.06790870
v -0.10724999 0.01084812 0.06841120
v -0.10730073 0.01147332 0.06850345
v -0.10724999 0.01140204 0.06891304
v -0.10730311 0.01185810 0.06893745
v -0.10724999 0.01168344 0.06926024
v -0.10724999 0.01187409 0.06955162
v -0.10732044 0.01242085 0.06995536
v -0.10733283 0.01257926 0.07049122
v -0.10733181 0.01257641 0.07049120
v -0.10730989 0.01217644 0.06942412
v -0.10724999 0.01204262 0.06986920
v -0.10724999 0.01227472 0.07049114
v -0.10822310 0.01354071 0.06975095
v -0.10840834 0.01373542 0.07052946
v -0.10855948 0.01369583 0.06972852
v -0.10789619 0.01306320 0.06905596
v -0.10820827 0.01327859 0.06896892
v -0.10788257 0.01267316 0.06838298
v -0.10819779 0.01287177 0.06824888
v -0.10787767 0.01216716 0.06779071
v -0.10819390 0.01233612 0.06761715
v -0.10855258 0.01343218 0.06890856
v -0.10854685 0.01301315 0.06815416
v -0.10854457 0.01245611 0.06749389
v -0.10774715 0.00942744 0.06676795
v -0.10765660 0.01010000 0.06695987
v -0.10789621 0.01087846 0.06692903
v -0.10820828 0.01095969 0.06671139
v -0.10855258 0.01101590 0.06655624
v -0.10890819 0.01104601 0.06646705
v -0.10763501 0.01077612 0.06719857
v -0.10788259 0.01156144 0.06730077
v -0.10819779 0.01169014 0.06709863
v -0.10854685 0.01178103 0.06695475
v -0.10724998 0.00946542 0.06775575
v -0.10732045 0.00999672 0.06759530
v -0.10743769 0.01065891 0.06750370
v -0.10762078 0.01140139 0.06755098
v -0.10747705 0.01289385 0.07049421
v -0.10745598 0.01274644 0.06989239
v -0.10763499 0.01279650 0.06916550
v -0.10743768 0.01249462 0.06929086
v -0.10762077 0.01242733 0.06854970
v -0.10742579 0.01214968 0.06873860
v -0.10761571 0.01195784 0.06800573
v -0.10742161 0.01172142 0.06824859
v -0.10742580 0.01122003 0.06783361
v -0.10730311 0.01102910 0.06813042
v -0.10724999 0.01071164 0.06831399
v -0.10856428 0.00844851 0.06623894
v -0.10918649 0.00844719 0.06613970
v -0.10919410 0.00889642 0.06613372
v -0.10834529 0.00844966 0.06632519
v -0.10825152 0.00845028 0.06637167
v -0.10796173 0.00845277 0.06655853
v -0.10750163 0.00845948 0.06706200
v -0.10764997 0.00845678 0.06685934
v -0.10770835 0.00845589 0.06679238
v -0.10749558 0.00896274 0.06707820
v -0.10724998 0.00912223 0.06768612
v -0.10724999 0.00846718 0.06763957
v -0.10919410 -0.00820348 0.06636167
v -0.10921293 -0.00865263 0.06636766
v -0.10918649 -0.00775404 0.06635568
v -0.10921293 -0.01309225 0.07092724
v -0.10923075 -0.01302359 0.07008674
v -0.10923381 -0.01298091 0.06987418
v -0.10924046 -0.01278446 0.06923060
v -0.10924365 -0.01254681 0.06871985
v -0.10924332 -0.01077866 0.06693427
v -0.10924430 -0.01099264 0.06706128
v -0.10924489 -0.01115589 0.06716931
v -0.10924589 -0.01181709 0.06772831
v -0.10924477 -0.01238124 0.06844003
v -0.10923140 -0.00953322 0.06646743
v -0.10923588 -0.00986730 0.06655212
v -0.10924077 -0.01038014 0.06673750
v -0.10768077 -0.00871951 0.06708539
v -0.10756291 -0.00872331 0.06724143
v -0.10765558 -0.00941347 0.06722804
v -0.10815093 -0.00870153 0.06667442
v -0.10793801 -0.00871009 0.06682881
v -0.10791548 -0.00946413 0.06695792
v -0.10890773 -0.01114075 0.06719391
v -0.10890725 -0.01181081 0.06776370
v -0.10889753 -0.00866803 0.06639295
v -0.10856330 -0.00868359 0.06647680
v -0.10855923 -0.00952635 0.06658494
v -0.10731000 -0.01139782 0.06974491
v -0.10724999 -0.01103030 0.06975626
v -0.10724999 -0.01131241 0.07033278
v -0.10724999 -0.01081424 0.06943225
v -0.10730074 -0.01072608 0.06880955
v -0.10724999 -0.01030692 0.06887098
v -0.10730297 -0.01029621 0.06842542
v -0.10724999 -0.00995973 0.06858957
v -0.10724999 -0.00968419 0.06840835
v -0.10724999 -0.00872883 0.06799829
v -0.10724999 -0.00935077 0.06823038
v -0.10731994 -0.00928741 0.06786077
v -0.10730957 -0.00981396 0.06810665
v -0.10890651 -0.00953606 0.06649541
v -0.10890819 -0.01037282 0.06676494
v -0.10890777 -0.01235607 0.06845418
v -0.10889752 -0.01306737 0.07091117
v -0.10768076 -0.01237654 0.07084125
v -0.10793800 -0.01263278 0.07085750
v -0.10791654 -0.01253220 0.07013666
v -0.10815092 -0.01278689 0.07087018
v -0.10822321 -0.01275053 0.07010676
v -0.10856330 -0.01298397 0.07089338
v -0.10855953 -0.01290615 0.07008873
v -0.10890631 -0.01299576 0.07008261
v -0.10822245 -0.00950231 0.06674021
v -0.10789558 -0.01018906 0.06722150
v -0.10820780 -0.01027786 0.06700646
v -0.10788230 -0.01085586 0.06761328
v -0.10819756 -0.01099125 0.06741538
v -0.10787767 -0.01144211 0.06811911
v -0.10819390 -0.01161649 0.06795099
v -0.10855233 -0.01033952 0.06685312
v -0.10854673 -0.01108692 0.06727451
v -0.10854457 -0.01174034 0.06783161
v -0.10756291 -0.01222066 0.07083329
v -0.10765674 -0.01226116 0.07017712
v -0.10789642 -0.01229457 0.06940302
v -0.10820843 -0.01251231 0.06932238
v -0.10855266 -0.01266753 0.06926660
v -0.10890818 -0.01275676 0.06923676
v -0.10747705 -0.01208305 0.07082717
v -0.10745613 -0.01195292 0.07022579
v -0.10763522 -0.01202491 0.06950463
v -0.10788276 -0.01192691 0.06872312
v -0.10819793 -0.01212944 0.06859522
v -0.10854694 -0.01227360 0.06850491
v -0.10724998 -0.01146422 0.07080759
v -0.10732052 -0.01162580 0.07027959
v -0.10743787 -0.01171963 0.06962106
v -0.10762095 -0.01167620 0.06888220
v -0.10747705 -0.00872575 0.06737916
v -0.10745513 -0.00935332 0.06753509
v -0.10763434 -0.01007739 0.06748776
v -0.10743713 -0.00994966 0.06778910
v -0.10762048 -0.01068755 0.06785824
v -0.10742556 -0.01049688 0.06813490
v -0.10761572 -0.01122609 0.06832740
v -0.10742161 -0.01098211 0.06856266
v -0.10742595 -0.01139301 0.06906249
v -0.10730319 -0.01109560 0.06925230
v -0.10724999 -0.01090598 0.06956137
v -0.09519765 -0.01126062 0.07211720
v -0.10724999 -0.01158040 0.07180583
v -0.10724998 -0.01155326 0.07129158
v -0.09518876 -0.01119863 0.07138239
v -0.10724998 -0.01153385 0.07115078
v -0.09518597 -0.01113933 0.07111106
v -0.09518180 -0.01098664 0.07063906
v -0.09517747 -0.01063509 0.06995117
v -0.09517714 -0.01058444 0.06987422
v -0.10724999 -0.00773405 0.06785554
v -0.09519765 -0.00741426 0.06816691
v -0.10724999 -0.00807068 0.06787460
v -0.09518876 -0.00814717 0.06824847
v -0.09517598 -0.01015517 0.06934585
v -0.09517714 -0.00963843 0.06890263
v -0.09517747 -0.00956285 0.06884996
v -0.09518180 -0.00888458 0.06848020
v -0.09518597 -0.00841681 0.06831498
v -0.10724998 -0.00824463 0.06789598
v -0.09396627 -0.01079495 0.07211101
v -0.09429836 -0.01102039 0.07211401
v -0.09412669 -0.01085982 0.07144269
v -0.09484505 -0.00813901 0.06828810
v -0.09483889 -0.00886836 0.06851841
v -0.09483506 -0.00953903 0.06888477
v -0.09483375 -0.01012477 0.06937545
v -0.09483506 -0.01059966 0.06997406
v -0.09483889 -0.01094801 0.07065426
v -0.09484505 -0.01115880 0.07138948
v -0.09447817 -0.01104711 0.07140937
v -0.09472443 -0.01119101 0.07211629
v -0.09368331 -0.01050451 0.07210714
v -0.09382387 -0.01066356 0.07210926
v -0.09381425 -0.01060160 0.07148865
v -0.09356156 -0.01028635 0.07154474
v -0.09346662 -0.01016666 0.07210264
v -0.09327991 -0.00957060 0.07167210
v -0.09330849 -0.00974153 0.07209697
v -0.09327980 -0.00944807 0.07124439
v -0.09327973 -0.00924550 0.07084871
v -0.09327970 -0.00896930 0.07050052
v -0.09327973 -0.00862859 0.07021513
v -0.09327980 -0.00823845 0.07000209
v -0.09327991 -0.00781416 0.06986819
v -0.09471925 -0.00741331 0.06823795
v -0.09429836 -0.00741105 0.06840714
v -0.09338211 -0.00993489 0.07160728
v -0.09338158 -0.00979155 0.07110926
v -0.09338123 -0.00955528 0.07064863
v -0.09338112 -0.00923353 0.07024324
v -0.09338123 -0.00883686 0.06991079
v -0.09338158 -0.00838269 0.06966233
v -0.09338211 -0.00788867 0.06950576
v -0.09330720 -0.00739393 0.06969122
v -0.09356024 -0.01012298 0.07097886
v -0.09355942 -0.00985422 0.07045554
v -0.09355914 -0.00948853 0.06999494
v -0.09355942 -0.00903785 0.06961711
v -0.09356024 -0.00852188 0.06933449
v -0.09356156 -0.00796055 0.06915609
v -0.09346662 -0.00739966 0.06926087
v -0.09381183 -0.01042043 0.07086183
v -0.09381033 -0.01012261 0.07028218
v -0.09380981 -0.00971750 0.06977201
v -0.09381033 -0.00921829 0.06935343
v -0.09381183 -0.00864679 0.06904026
v -0.09381425 -0.00802503 0.06884246
v -0.09412298 -0.01066437 0.07076586
v -0.09412067 -0.01034288 0.07013991
v -0.09411988 -0.00990546 0.06958899
v -0.09412067 -0.00936639 0.06913703
v -0.09412298 -0.00874923 0.06879897
v -0.09412669 -0.00807785 0.06858555
v -0.09447315 -0.01084171 0.07069609
v -0.09447002 -0.01050324 0.07003634
v -0.09446895 -0.01004236 0.06945568
v -0.09447002 -0.00947420 0.06897949
v -0.09447315 -0.00882371 0.06862355
v -0.09447817 -0.00811616 0.06839922
v -0.09396627 -0.00740804 0.06863258
v -0.09381739 -0.00740620 0.06877059
v -0.09368331 -0.00740417 0.06892302
v -0.10724999 -0.01141243 0.08440605
v -0.10085034 -0.01124267 0.08457132
v -0.10012549 -0.01122415 0.08453374
v -0.09941006 -0.01120742 0.08438291
v -0.09872989 -0.01119307 0.08412362
v -0.09809887 -0.01118136 0.08376189
v -0.09975460 -0.01133703 0.07533746
v -0.10047479 -0.01135716 0.07524215
v -0.09753232 -0.01117257 0.08330829
v -0.09704339 -0.01116692 0.08277228
v -0.09664281 -0.01116450 0.08216640
v -0.10085025 -0.01136710 0.07523711
v -0.10724999 -0.01153240 0.07540685
v -0.09660460 -0.01116444 0.08209615
v -0.09634097 -0.01116540 0.08150616
v -0.09614555 -0.01116961 0.08080647
v -0.09608842 -0.01118737 0.07936221
v -0.09606057 -0.01117698 0.08008634
v -0.09611917 -0.01117086 0.08066100
v -0.09611924 -0.01119108 0.07914422
v -0.09622863 -0.01120054 0.07864923
v -0.09647696 -0.01121613 0.07796756
v -0.09660450 -0.01122291 0.07770933
v -0.09682851 -0.01123380 0.07733308
v -0.09727373 -0.01125309 0.07676021
v -0.09840285 -0.01129474 0.07585429
v -0.09876203 -0.01130662 0.07566837
v -0.09905911 -0.01131608 0.07554286
v -0.09751975 -0.01126288 0.07650956
v -0.09780228 -0.01127356 0.07626355
v -0.10878809 -0.01289168 0.08296575
v -0.10918649 -0.01293229 0.08292618
v -0.10085014 -0.01293229 0.08292618
v -0.10838733 -0.01276348 0.08309058
v -0.10743982 -0.01189295 0.08393855
v -0.10770758 -0.01227006 0.08357107
v -0.10801669 -0.01254951 0.08329891
v -0.10726988 -0.01148491 0.08433551
v -0.10919410 -0.01285830 0.08847650
v -0.10918649 -0.01301227 0.07692671
v -0.10918649 -0.01286429 0.08802707
v -0.10919410 -0.01308626 0.07137659
v -0.10918649 -0.01308027 0.07182582
v -0.10401431 -0.01298894 0.07867689
v -0.10464916 -0.01298597 0.07889926
v -0.10499424 -0.01298420 0.07903246
v -0.10528842 -0.01298126 0.07925258
v -0.10535834 -0.01298012 0.07933792
v -0.10549466 -0.01297663 0.07960021
v -0.10554999 -0.01297228 0.07992644
v -0.10543454 -0.01296607 0.08039203
v -0.10214270 -0.01299201 0.07844655
v -0.10259028 -0.01299350 0.07833464
v -0.10085010 -0.01301227 0.07692671
v -0.10288287 -0.01299353 0.07833238
v -0.10331570 -0.01299225 0.07842826
v -0.10526964 -0.01296303 0.08062008
v -0.10498831 -0.01296032 0.08082343
v -0.10484186 -0.01295948 0.08088678
v -0.10323524 -0.01295196 0.08145069
v -0.10306380 -0.01295137 0.08149483
v -0.10248361 -0.01295125 0.08150394
v -0.10236897 -0.01295157 0.08148018
v -0.10211969 -0.01295268 0.08139668
v -0.10043122 -0.01293268 0.08289681
v -0.10171705 -0.01295599 0.08114814
v -0.09952355 -0.01293641 0.08261703
v -0.10151659 -0.01295870 0.08094519
v -0.09874885 -0.01294374 0.08206756
v -0.10128119 -0.01296382 0.08056077
v -0.09818476 -0.01295392 0.08130346
v -0.10118705 -0.01296773 0.08026774
v -0.09788782 -0.01296595 0.08040133
v -0.10114999 -0.01297228 0.07992644
v -0.09788781 -0.01297861 0.07945161
v -0.10464072 -0.01295855 0.08095646
v -0.10375800 -0.01295441 0.08126657
v -0.09818473 -0.01299064 0.07854947
v -0.10119466 -0.01297727 0.07955198
v -0.09874881 -0.01300082 0.07778537
v -0.10131633 -0.01298175 0.07921615
v -0.09952351 -0.01300815 0.07723587
v -0.10153558 -0.01298616 0.07888514
v -0.10043117 -0.01301188 0.07695609
v -0.10178343 -0.01298928 0.07865151
v -0.10190456 -0.01299039 0.07856824
v -0.10902055 -0.01300547 0.07691956
v -0.10862177 -0.01293199 0.07684362
v -0.10827927 -0.01279760 0.07670601
v -0.10794622 -0.01258705 0.07648991
v -0.10741199 -0.01194932 0.07583459
v -0.10763546 -0.01228483 0.07617960
v -0.10856428 -0.01298103 0.07182450
v -0.10838101 -0.01291092 0.07182357
v -0.10825152 -0.01284829 0.07182273
v -0.10796173 -0.01266144 0.07182024
v -0.10750163 -0.01215797 0.07181353
v -0.10761534 -0.01231789 0.07181566
v -0.10770835 -0.01242759 0.07181712
v -0.10749550 -0.01214154 0.07130729
v -0.10856428 -0.01276505 0.08802573
v -0.10749549 -0.01191206 0.08852061
v -0.10838560 -0.01269695 0.08802482
v -0.10825152 -0.01263232 0.08802397
v -0.10796174 -0.01244546 0.08802147
v -0.10770835 -0.01221162 0.08801836
v -0.10762206 -0.01211038 0.08801701
v -0.10750163 -0.01194200 0.08801476
v -0.10489663 -0.01457723 0.08029141
v -0.10115003 -0.01617198 0.07996909
v -0.10118128 -0.01457764 0.08026077
v -0.10120612 -0.01616641 0.08038798
v -0.10262854 -0.01456045 0.08155047
v -0.10234775 -0.01615136 0.08151706
v -0.10195343 -0.01615351 0.08135586
v -0.10297279 -0.01456058 0.08154056
v -0.10274474 -0.01615068 0.08156808
v -0.10316407 -0.01615140 0.08151376
v -0.10331137 -0.01456151 0.08147117
v -0.10434990 -0.01617213 0.07996910
v -0.10429794 -0.01616660 0.08037385
v -0.10413592 -0.01616135 0.08076779
v -0.10128570 -0.01457322 0.08059244
v -0.10145811 -0.01456920 0.08089405
v -0.10137104 -0.01616118 0.08078013
v -0.10169037 -0.01456577 0.08115133
v -0.10161906 -0.01615692 0.08109997
v -0.10197256 -0.01456310 0.08135141
v -0.10229041 -0.01456130 0.08148640
v -0.10426223 -0.01456697 0.08106118
v -0.10476348 -0.01376492 0.08084718
v -0.10453457 -0.01456961 0.08086304
v -0.10502107 -0.01376812 0.08060645
v -0.10475469 -0.01457305 0.08060525
v -0.10396209 -0.01456475 0.08122785
v -0.10364311 -0.01456291 0.08136594
v -0.10387442 -0.01615683 0.08110639
v -0.10355701 -0.01615359 0.08135000
v -0.10489721 -0.01458637 0.07960638
v -0.10315219 -0.01619263 0.07842112
v -0.10298912 -0.01460302 0.07835747
v -0.10275523 -0.01619331 0.07837011
v -0.10264699 -0.01460319 0.07834395
v -0.10233589 -0.01619259 0.07842444
v -0.10231015 -0.01460240 0.07840355
v -0.10194295 -0.01619040 0.07858820
v -0.10332536 -0.01460207 0.07842834
v -0.10476866 -0.01378913 0.07903071
v -0.10502367 -0.01378592 0.07927126
v -0.10365479 -0.01460066 0.07853425
v -0.10397135 -0.01459881 0.07867252
v -0.10199249 -0.01460067 0.07853346
v -0.10170905 -0.01459807 0.07872812
v -0.10162554 -0.01618716 0.07883180
v -0.10147410 -0.01459472 0.07898003
v -0.10136403 -0.01618264 0.07917041
v -0.10129758 -0.01459076 0.07927681
v -0.10120201 -0.01617739 0.07956440
v -0.10118770 -0.01458639 0.07960454
v -0.10426911 -0.01459660 0.07883890
v -0.10453906 -0.01459396 0.07903679
v -0.10475688 -0.01459053 0.07929400
v -0.10429381 -0.01617758 0.07955011
v -0.10422497 -0.01618024 0.07935038
v -0.10412889 -0.01618281 0.07915800
v -0.10388090 -0.01618707 0.07883822
v -0.10354652 -0.01619048 0.07858232
v -0.09330849 0.00817604 0.06947844
v -0.09346662 0.00817037 0.06905331
v -0.09368331 0.00816587 0.06871545
v -0.09381739 0.00816384 0.06856303
v -0.09396627 0.00816200 0.06842501
v -0.09429836 0.00815900 0.06819957
v -0.09472443 0.00815673 0.06802896
v -0.09519765 0.00815581 0.06795935
v -0.09518876 0.00889062 0.06802133
v -0.09518597 0.00916195 0.06808064
v -0.09518180 0.00963395 0.06823333
v -0.09517747 0.01032184 0.06858487
v -0.09517714 0.01039879 0.06863552
v -0.09517599 0.01092716 0.06906480
v -0.09517714 0.01137037 0.06958155
v -0.09517747 0.01142305 0.06965711
v -0.09518180 0.01179281 0.07033537
v -0.09518597 0.01195803 0.07080316
v -0.09518876 0.01202454 0.07107279
v -0.10724999 0.01239841 0.07114928
v -0.09484505 0.01198491 0.07108095
v -0.09483889 0.01175460 0.07035160
v -0.09483506 0.01138824 0.06968093
v -0.09483375 0.01089756 0.06909519
v -0.09483506 0.01029895 0.06862030
v -0.09483889 0.00961875 0.06827196
v -0.09484505 0.00888352 0.06806117
v -0.09447817 0.00886364 0.06817286
v -0.09412669 0.00883031 0.06836015
v -0.09381425 0.00878436 0.06861837
v -0.09356156 0.00872827 0.06893361
v -0.09327991 0.00860091 0.06964937
v -0.09327980 0.00902862 0.06977190
v -0.09327973 0.00942430 0.06997447
v -0.09327970 0.00977249 0.07025067
v -0.09327973 0.01005788 0.07059138
v -0.09327980 0.01027092 0.07098151
v -0.09327991 0.01040482 0.07140580
v -0.09338211 0.00866573 0.06928507
v -0.09338158 0.00916375 0.06942842
v -0.09338123 0.00962438 0.06966469
v -0.09338112 0.01002977 0.06998644
v -0.09338123 0.01036221 0.07038310
v -0.09338158 0.01061068 0.07083727
v -0.09338211 0.01076725 0.07133129
v -0.09356024 0.00929415 0.06909698
v -0.09355942 0.00981747 0.06936575
v -0.09355914 0.01027806 0.06973144
v -0.09355942 0.01065590 0.07018211
v -0.09356024 0.01093852 0.07069808
v -0.09356156 0.01111692 0.07125941
v -0.09381183 0.00941117 0.06879953
v -0.09381033 0.00999082 0.06909736
v -0.09380981 0.01050100 0.06950247
v -0.09381033 0.01091958 0.07000167
v -0.09381183 0.01123274 0.07057317
v -0.09381425 0.01143056 0.07119492
v -0.09412298 0.00950715 0.06855559
v -0.09412067 0.01013309 0.06887709
v -0.09411988 0.01068402 0.06931450
v -0.09412067 0.01113597 0.06985357
v -0.09412298 0.01147404 0.07047073
v -0.09412669 0.01168746 0.07114211
v -0.09447315 0.00957692 0.06837825
v -0.09447002 0.01023667 0.06871672
v -0.09446895 0.01081732 0.06917760
v -0.09447002 0.01129352 0.06974576
v -0.09447315 0.01164945 0.07039624
v -0.09447817 0.01187379 0.07110380
v -0.10856428 0.01381810 0.07146724
v -0.10838560 0.01374999 0.07146815
v -0.10825152 0.01368536 0.07146902
v -0.10796174 0.01349851 0.07147150
v -0.10749549 0.01296510 0.07097238
v -0.10750163 0.01299504 0.07147822
v -0.10762206 0.01316343 0.07147598
v -0.10770835 0.01326466 0.07147463
v -0.10726988 0.01253796 0.07515747
v -0.10743982 0.01294599 0.07555444
v -0.10770758 0.01332310 0.07592192
v -0.10801669 0.01360255 0.07619406
v -0.10838733 0.01381653 0.07640240
v -0.10878809 0.01394472 0.07652724
v -0.10750163 -0.00774175 0.06727798
v -0.10764997 -0.00774445 0.06707532
v -0.10770835 -0.00774535 0.06700835
v -0.10796174 -0.00774846 0.06677450
v -0.10825152 -0.00775095 0.06658765
v -0.10834529 -0.00775157 0.06654117
v -0.10856428 -0.00775272 0.06645492
v -0.10749557 -0.00824462 0.06730760
v -0.10489721 0.01563030 0.07920356
v -0.10476866 0.01481801 0.07864936
v -0.10453906 0.01562271 0.07863397
v -0.10426911 0.01562007 0.07843609
v -0.10355701 0.01720663 0.07814298
v -0.10397135 0.01561785 0.07826971
v -0.10118770 0.01563028 0.07920172
v -0.10115003 0.01722502 0.07952388
v -0.10120612 0.01721945 0.07910500
v -0.10365479 0.01561601 0.07813144
v -0.10316407 0.01720445 0.07797922
v -0.10332536 0.01561460 0.07802552
v -0.10274474 0.01720372 0.07792490
v -0.10298912 0.01561365 0.07795466
v -0.10234775 0.01720440 0.07797591
v -0.10264699 0.01561347 0.07794113
v -0.10195343 0.01720655 0.07813712
v -0.10387442 0.01720988 0.07838659
v -0.10413592 0.01721439 0.07872519
v -0.10434990 0.01722518 0.07952388
v -0.10429794 0.01721964 0.07911913
v -0.10422494 0.01721679 0.07890519
v -0.10502367 0.01482121 0.07888991
v -0.10475688 0.01562614 0.07889118
v -0.10129758 0.01562591 0.07887400
v -0.10147409 0.01562195 0.07857721
v -0.10137104 0.01721423 0.07871284
v -0.10170905 0.01561860 0.07832531
v -0.10161906 0.01720996 0.07839301
v -0.10199249 0.01561600 0.07813065
v -0.10231015 0.01561427 0.07800073
v -0.10489721 0.01563941 0.07988661
v -0.10429381 0.01723062 0.07994287
v -0.10475688 0.01564357 0.08019898
v -0.10422497 0.01723329 0.08014260
v -0.10453906 0.01564700 0.08045620
v -0.10412889 0.01723585 0.08033498
v -0.10426911 0.01564964 0.08065408
v -0.10388090 0.01724011 0.08065476
v -0.10365479 0.01565370 0.08095873
v -0.10315219 0.01724567 0.08107186
v -0.10354652 0.01724353 0.08091066
v -0.10332536 0.01565511 0.08106465
v -0.10298912 0.01565606 0.08113551
v -0.10275523 0.01724635 0.08112287
v -0.10264699 0.01565624 0.08114903
v -0.10231015 0.01565544 0.08108944
v -0.10233589 0.01724563 0.08106855
v -0.10194295 0.01724345 0.08090478
v -0.10199249 0.01565371 0.08095952
v -0.10170905 0.01565112 0.08076486
v -0.10147410 0.01564776 0.08051296
v -0.10129758 0.01564380 0.08021617
v -0.10118770 0.01563943 0.07988845
v -0.10476866 0.01484217 0.08046227
v -0.10502367 0.01483897 0.08022172
v -0.10397135 0.01565186 0.08082046
v -0.10162554 0.01724020 0.08066118
v -0.10136403 0.01723569 0.08032257
v -0.10120201 0.01723043 0.07992858
v -0.09274999 0.00517474 0.08846866
v -0.09274999 0.00441086 0.08772487
v -0.09274999 0.00584290 0.08709666
v -0.09274999 0.00706834 0.08612522
v -0.09274999 0.00800676 0.08487432
v -0.09274999 0.00859658 0.08342606
v -0.09274999 0.00936045 0.08416983
v -0.09274999 0.00901887 0.08540245
v -0.09274999 0.00838199 0.08651169
v -0.09274999 0.00748969 0.08742811
v -0.09274999 0.00639782 0.08809433
v -0.08994999 0.00352625 0.07970650
v -0.08994999 0.00331322 0.08085749
v -0.08994999 0.00267593 0.08183935
v -0.08994999 0.00171141 0.08250258
v -0.08994999 0.00056651 0.08274622
v -0.08994999 -0.00058448 0.08253319
v -0.08994999 -0.00156633 0.08189590
v -0.08994999 -0.00222957 0.08093138
v -0.08994999 -0.00247321 0.07978648
v -0.08994999 -0.00226017 0.07863548
v -0.08994999 -0.00162289 0.07765363
v -0.08994999 -0.00065837 0.07699040
v -0.08994999 0.00048653 0.07674675
v -0.08994999 0.00163752 0.07695980
v -0.08994999 0.00261938 0.07759708
v -0.08994999 0.00328261 0.07856160
v -0.08994999 0.00095601 0.07774199
v -0.08994999 0.00178320 0.07812684
v -0.08994999 0.00236149 0.07883248
v -0.08994999 0.00257634 0.07971916
v -0.08994999 0.00238520 0.08061125
v -0.08994999 0.00182593 0.08133207
v -0.08994999 0.00100929 0.08173884
v -0.08994999 0.00009703 0.08175100
v -0.08994999 -0.00073016 0.08136614
v -0.08994999 -0.00130844 0.08066049
v -0.08994999 -0.00152330 0.07977381
v -0.08994999 -0.00133216 0.07888173
v -0.08994999 -0.00077288 0.07816092
v -0.08994999 0.00004375 0.07775415
v -0.08894999 -0.00152330 0.07977381
v -0.08894999 -0.00133216 0.07888173
v -0.08894999 -0.00077288 0.07816092
v -0.08894999 0.00004375 0.07775415
v -0.08894999 0.00095601 0.07774199
v -0.08894999 0.00178320 0.07812684
v -0.08894999 0.00236149 0.07883248
v -0.08894999 0.00257634 0.07971916
v -0.08894999 0.00238520 0.08061125
v -0.08894999 0.00182593 0.08133207
v -0.08894999 0.00100929 0.08173884
v -0.08894999 0.00009703 0.08175100
v -0.08894999 -0.00073016 0.08136614
v -0.08894999 -0.00130844 0.08066049
v -0.08894999 0.00050653 0.07824662
v -0.08894999 0.00125914 0.07843757
v -0.08894999 0.00181545 0.07897924
v -0.08894999 0.00202639 0.07972649
v -0.08894999 0.00188653 0.08037924
v -0.08894999 0.00147731 0.08090667
v -0.08894999 0.00087977 0.08120430
v -0.08894999 0.00021226 0.08121320
v -0.08894999 -0.00039300 0.08093160
v -0.08894999 -0.00081614 0.08041527
v -0.08894999 -0.00097335 0.07976648
v -0.08894999 -0.00078240 0.07901388
v -0.08894999 -0.00024073 0.07845756
v -0.09409977 -0.00097335 0.07976648
v -0.09409977 -0.00081614 0.08041527
v -0.09409977 -0.00039300 0.08093160
v -0.09409977 0.00021226 0.08121320
v -0.09409977 0.00087977 0.08120430
v -0.09409977 0.00147731 0.08090667
v -0.09409977 0.00188653 0.08037924
v -0.09409977 0.00202639 0.07972649
v -0.09409977 0.00181545 0.07897924
v -0.09409977 0.00125914 0.07843757
v -0.09409977 0.00050653 0.07824662
v -0.09409977 -0.00024073 0.07845756
v -0.09409977 -0.00078240 0.07901388
v -0.09500106 0.00052652 0.07974649
v -0.09274999 0.00996271 0.08486516
v -0.09274999 0.00992511 0.08501333
v -0.09274999 0.00981847 0.08512285
v -0.09274999 0.00967135 0.08516438
v -0.09274999 0.00952318 0.08512679
v -0.09274999 0.00941365 0.08502015
v -0.09274999 0.00937212 0.08487303
v -0.09274999 0.00940972 0.08472486
v -0.09274999 0.00951636 0.08461533
v -0.09274999 0.00966348 0.08457381
v -0.09274999 0.00992118 0.08471804
v -0.09274999 0.00981165 0.08461139
v -0.09274999 0.00417275 0.08745658
v -0.09274999 0.00346835 0.08677071
v -0.09274999 0.00761755 0.08250938
v -0.09274999 0.00832195 0.08319525
v -0.09274999 0.00319605 0.08654203
v -0.09274999 0.00243217 0.08579824
v -0.09274999 0.00277376 0.08456562
v -0.09274999 0.00341064 0.08345639
v -0.09274999 0.00430294 0.08253997
v -0.09274999 0.00539481 0.08187374
v -0.09274999 0.00661789 0.08149943
v -0.09274999 0.00738177 0.08224320
v -0.09274999 0.00594973 0.08287142
v -0.09274999 0.00472429 0.08384285
v -0.09274999 0.00378587 0.08509375
v -0.10964999 -0.01133095 0.07057375
v -0.10941282 -0.00963710 0.06836724
v -0.10941282 -0.00914141 0.06815413
v -0.10964999 -0.00895905 0.06813775
v -0.10964999 -0.00808068 0.06801018
v -0.10941282 -0.00861848 0.06802119
v -0.10941282 -0.00808120 0.06797169
v -0.10964999 -0.00977446 0.06848831
v -0.10941282 -0.01009336 0.06865527
v -0.10941282 -0.01049893 0.06901112
v -0.10941282 -0.01084385 0.06942604
v -0.10964999 -0.01047136 0.06903797
v -0.10964999 -0.01100225 0.06974927
v -0.10941282 -0.01143839 0.07091729
v -0.10941282 -0.01131943 0.07039101
v -0.10941282 -0.01111961 0.06988981
v -0.10964999 0.00881781 0.06778491
v -0.10941282 0.00881730 0.06774642
v -0.10964999 0.00969926 0.06788902
v -0.10941282 0.01190577 0.06958286
v -0.10941282 0.01211888 0.07007856
v -0.10964999 0.01213526 0.07026092
v -0.10964999 0.01226283 0.07113928
v -0.10941282 0.01225182 0.07060149
v -0.10941282 0.01230132 0.07113877
v -0.10964999 0.01178470 0.06944551
v -0.10941282 0.01161774 0.06912661
v -0.10941282 0.01126189 0.06872103
v -0.10941282 0.01084697 0.06837612
v -0.10964999 0.01123504 0.06874861
v -0.10964999 0.01052373 0.06821772
v -0.10941282 0.00935572 0.06778158
v -0.10941282 0.00988200 0.06790054
v -0.10941282 0.01038320 0.06810036
v -0.10964999 0.01248810 0.08803778
v -0.10941145 0.01252705 0.08803727
v -0.10964999 0.01238399 0.08891924
v -0.10941145 0.01069036 0.09112614
v -0.10941145 0.01019460 0.09133928
v -0.10941145 0.01189727 0.09006720
v -0.10941145 0.01155231 0.09048218
v -0.10941145 0.01249188 0.08857575
v -0.10941145 0.01237291 0.08910210
v -0.10941145 0.01217307 0.08960337
v -0.10941145 0.01114667 0.09083808
v -0.10941145 0.00913425 0.09152175
v -0.10964999 0.01001209 0.09135523
v -0.10964999 0.00913373 0.09148280
v -0.10941145 0.00967160 0.09147224
v -0.10947211 0.00913401 0.09150420
v -0.10964999 0.01082750 0.09100467
v -0.10964999 0.01152440 0.09045501
v -0.10964999 0.01205529 0.08974370
v -0.10941282 -0.00776426 0.09174656
v -0.10941282 -0.01085273 0.08991011
v -0.10941282 -0.01106583 0.08941443
v -0.10941282 -0.01119877 0.08889150
v -0.10941282 -0.01056470 0.09036637
v -0.10941282 -0.01020885 0.09077194
v -0.10941282 -0.00979393 0.09111686
v -0.10941282 -0.00830267 0.09171139
v -0.10941282 -0.00882896 0.09159245
v -0.10941282 -0.00933016 0.09139263
v -0.10874999 0.01138820 0.08805244
v -0.10874999 0.01116293 0.07115395
v -0.10874999 0.01098251 0.07029115
v -0.10874999 0.01047541 0.06954431
v -0.10874999 0.00971994 0.06905015
v -0.10874999 0.00883248 0.06888481
v -0.10874999 -0.00806602 0.06911008
v -0.10874999 -0.00894378 0.06929687
v -0.10874999 -0.00968324 0.06980535
v -0.10874999 -0.01017183 0.07055811
v -0.10874999 -0.01033516 0.07144053
v -0.10874999 -0.01010989 0.08833903
v -0.10874999 -0.00992309 0.08921679
v -0.10874999 -0.00941462 0.08995625
v -0.10874999 -0.00866186 0.09044484
v -0.10874999 -0.00777943 0.09060817
v -0.10874999 0.00911906 0.09038290
v -0.10874999 0.01000180 0.09019396
v -0.10874999 0.01074383 0.08967984
v -0.10874999 0.01123084 0.08891975
v -0.10874999 -0.00743164 0.09045352
v -0.10874999 0.00876727 0.09023757
v -0.10874999 0.00961825 0.09007611
v -0.10874999 0.01052498 0.08948181
v -0.10874999 0.01109486 0.08855954
v -0.10874999 0.01123355 0.08770465
v -0.10874999 0.01101761 0.07150574
v -0.10874999 0.01085614 0.07065476
v -0.10874999 0.01026184 0.06974803
v -0.10874999 0.00933957 0.06917815
v -0.10874999 0.00848465 0.06903946
v -0.10874999 -0.00771423 0.06925540
v -0.10874999 -0.00856519 0.06941687
v -0.10874999 -0.00947190 0.07001113
v -0.10874999 -0.01004179 0.07093336
v -0.10874999 -0.01018051 0.07178833
v -0.10874999 -0.00996456 0.08798724
v -0.10874999 -0.00979663 0.08885513
v -0.10874999 -0.00920044 0.08975305
v -0.10874999 -0.00828163 0.09031653
v -0.10174999 0.00848487 0.06903946
v -0.10175012 0.00848906 0.06903940
v -0.10174536 0.00888005 0.06906562
v -0.10174999 0.01101760 0.07150555
v -0.10174361 0.01095510 0.07098277
v -0.10173909 0.01078332 0.07048212
v -0.10173675 0.01051961 0.07004163
v -0.10173634 0.01026177 0.06974796
v -0.10174041 0.00936842 0.06918839
v -0.10173779 0.00978869 0.06938636
v -0.10173646 0.01016184 0.06965584
v -0.10174999 -0.00771442 0.06925540
v -0.09474999 -0.00752929 0.06943626
v -0.09474999 0.00830433 0.06922518
v -0.09474989 0.00936493 0.08992003
v -0.09474989 0.00943290 0.08989545
v -0.09474999 0.00267593 0.08183935
v -0.09474999 0.00858233 0.09005672
v -0.09474999 0.00171141 0.08250258
v -0.09474999 -0.00162289 0.07765363
v -0.09474999 -0.00928651 0.07019160
v -0.09474993 -0.00956268 0.07052996
v -0.09474990 -0.00831197 0.06957298
v -0.09474989 -0.00837978 0.06959750
v -0.09474999 -0.00065837 0.07699040
v -0.09474999 0.00952175 0.06952273
v -0.09474999 0.00915897 0.06936349
v -0.09474999 0.00261938 0.07759708
v -0.09474999 0.01104783 0.08752409
v -0.09474999 0.01083676 0.07169098
v -0.09474999 0.00328261 0.07856160
v -0.09474999 0.01033968 0.08930125
v -0.09474993 0.01061579 0.08896293
v -0.09474999 -0.00156633 0.08189590
v -0.09474999 0.01059959 0.07066050
v -0.09474999 0.01032528 0.07020810
v -0.09474999 0.00995900 0.06982165
v -0.09474991 0.00986017 0.08968545
v -0.09474999 0.01028361 0.08935705
v -0.09474991 -0.00880720 0.06980757
v -0.09474999 -0.00923044 0.07013581
v -0.09474999 0.01077375 0.07116394
v -0.09474997 0.00884451 0.09003941
v -0.09474988 -0.00980735 0.07098482
v -0.09474993 -0.00994624 0.07144371
v -0.09474999 -0.00226017 0.07863548
v -0.09474999 -0.00999479 0.07196879
v -0.09474999 -0.00247321 0.07978648
v -0.09474997 -0.00779155 0.06945357
v -0.09474999 0.00048653 0.07674675
v -0.09474999 0.00163752 0.07695980
v -0.09474999 0.00850559 0.06923036
v -0.09474999 0.00902808 0.06932174
v -0.09474999 0.00352625 0.07970650
v -0.09474999 0.00331322 0.08085749
v -0.09474993 0.01099935 0.08804893
v -0.09474988 0.01086039 0.08850815
v -0.09474999 0.00056651 0.08274622
v -0.09474999 -0.00058448 0.08253319
v -0.09474999 -0.00222957 0.08093138
v -0.10174999 0.00876746 0.09023757
v -0.10174999 0.01123355 0.08770484
v -0.10175012 0.01123361 0.08770903
v -0.10174361 0.00929024 0.09017508
v -0.10173909 0.00979089 0.09000329
v -0.10173675 0.01023139 0.08973957
v -0.10173634 0.01052505 0.08948174
v -0.10173646 0.01061718 0.08938181
v -0.10173779 0.01088666 0.08900866
v -0.10174041 0.01108462 0.08858839
v -0.10174536 0.01120739 0.08810005
v -0.10174998 -0.01018051 0.07178807
v -0.10174666 -0.00798096 0.06927327
v -0.10174133 -0.00850045 0.06939339
v -0.10173640 -0.00947188 0.07001111
v -0.10173642 -0.00941525 0.06995478
v -0.10173782 -0.00899234 0.06962688
v -0.10174077 -0.00856527 0.06941690
v -0.10173712 -0.00974945 0.07035147
v -0.10173979 -0.00999482 0.07080914
v -0.10174382 -0.01013174 0.07126267
v -0.09824997 -0.01008765 0.07187807
v -0.09624999 -0.00097335 0.07976648
v -0.09624999 -0.00085152 0.08033894
v -0.09624999 -0.00051991 0.08082119
v -0.09624999 -0.00002898 0.08113984
v -0.09624999 0.00054652 0.08124635
v -0.09624999 0.00111897 0.08112454
v -0.09624999 0.00160123 0.08079292
v -0.09624999 0.00191987 0.08030199
v -0.09624999 0.00202639 0.07972649
v -0.09624999 0.00190457 0.07915404
v -0.09624999 0.00157295 0.07867178
v -0.09624999 0.00108202 0.07835314
v -0.09624999 0.00050653 0.07824662
v -0.09624999 -0.00006593 0.07836845
v -0.09624999 -0.00054818 0.07870007
v -0.09624999 -0.00086683 0.07919099
v 0.07144710 0.03725000 0.00050000
v 0.07144710 0.03725000 0.00080000
v 0.07071210 0.03731811 0.00080000
v 0.07071210 0.03731811 0.00050000
v 0.07000213 0.03752011 0.00080000
v 0.07000213 0.03752011 0.00050000
v 0.06934137 0.03784913 0.00080000
v 0.06934137 0.03784913 0.00050000
v 0.06875231 0.03829397 0.00080000
v 0.06875231 0.03829397 0.00050000
v 0.06825503 0.03883946 0.00080000
v 0.06825503 0.03883946 0.00050000
v 0.06786644 0.03946705 0.00080000
v 0.06786644 0.03946705 0.00050000
v 0.06759980 0.04015535 0.00080000
v 0.06759980 0.04015535 0.00050000
v 0.06746416 0.04088093 0.00080000
v 0.06746416 0.04088093 0.00050000
v 0.06746416 0.04161907 0.00080000
v 0.06746416 0.04161907 0.00050000
v 0.06759980 0.04234465 0.00080000
v 0.06759980 0.04234465 0.00050000
v 0.06786644 0.04303295 0.00080000
v 0.06786644 0.04303295 0.00050000
v 0.06825503 0.04366054 0.00080000
v 0.06825503 0.04366054 0.00050000
v 0.06875231 0.04420603 0.00080000
v 0.06875231 0.04420603 0.00050000
v 0.06934137 0.04465087 0.00080000
v 0.06934137 0.04465087 0.00050000
v 0.07000213 0.04497989 0.00080000
v 0.07000213 0.04497989 0.00050000
v 0.07071210 0.04518189 0.00080000
v 0.07071210 0.04518189 0.00050000
v 0.07144710 0.04525000 0.00080000
v 0.07144710 0.04525000 0.00050000
v 0.07072541 0.04250000 0.00050000
v 0.07216878 0.04250000 0.00050000
v 0.07218210 0.04518189 0.00050000
v 0.07289206 0.04497989 0.00050000
v 0.07355282 0.04465087 0.00050000
v 0.07414187 0.04420603 0.00050000
v 0.07000372 0.04125000 0.00050000
v 0.07414187 0.03829397 0.00050000
v 0.07355282 0.03784913 0.00050000
v 0.07216878 0.04000000 0.00050000
v 0.07289206 0.03752011 0.00050000
v 0.07218210 0.03731811 0.00050000
v 0.07072541 0.04000000 0.00050000
v 0.07289047 0.04125000 0.00050000
v 0.07543004 0.04161907 0.00050000
v 0.07543004 0.04088093 0.00050000
v 0.07529440 0.04015535 0.00050000
v 0.07502775 0.03946705 0.00050000
v 0.07463916 0.03883946 0.00050000
v 0.07463916 0.04366054 0.00050000
v 0.07502775 0.04303295 0.00050000
v 0.07529440 0.04234465 0.00050000
v 0.07218210 0.04518189 0.00080000
v 0.07289206 0.04497989 0.00080000
v 0.07355282 0.04465087 0.00080000
v 0.07414187 0.04420603 0.00080000
v 0.07463916 0.04366054 0.00080000
v 0.07502775 0.04303295 0.00080000
v 0.07529440 0.04234465 0.00080000
v 0.07543004 0.04161907 0.00080000
v 0.07543004 0.04088093 0.00080000
v 0.07529440 0.04015535 0.00080000
v 0.07502775 0.03946705 0.00080000
v 0.07463916 0.03883946 0.00080000
v 0.07414187 0.03829397 0.00080000
v 0.07355282 0.03784913 0.00080000
v 0.07289206 0.03752011 0.00080000
v 0.07218210 0.03731811 0.00080000
v 0.07196473 0.03931815 0.00280000
v 0.07181460 0.03928405 0.00280000
v 0.07144710 0.03925000 0.00280000
v 0.07216958 0.03938505 0.00280000
v 0.07244710 0.03951795 0.00280000
v 0.07249996 0.03954957 0.00280000
v 0.07279449 0.03977198 0.00280000
v 0.07337895 0.04073236 0.00280000
v 0.07337075 0.04070267 0.00280000
v 0.07323742 0.04035852 0.00280000
v 0.07317915 0.04025000 0.00280000
v 0.07304313 0.04004473 0.00280000
v 0.07286131 0.03983578 0.00280000
v 0.07343856 0.04106546 0.00280000
v 0.07344709 0.04125000 0.00280000
v 0.07343856 0.04143454 0.00280000
v 0.07337895 0.04176764 0.00280000
v 0.07337075 0.04179733 0.00280000
v 0.07323742 0.04214148 0.00280000
v 0.07244710 0.04298205 0.00280000
v 0.07249996 0.04295043 0.00280000
v 0.07279449 0.04272802 0.00280000
v 0.07286131 0.04266421 0.00280000
v 0.07304313 0.04245527 0.00280000
v 0.07317915 0.04225000 0.00280000
v 0.07216958 0.04311495 0.00280000
v 0.07196473 0.04318185 0.00280000
v 0.07181460 0.04321595 0.00280000
v 0.07144710 0.04325000 0.00280000
v 0.07144710 0.04325000 0.01010000
v 0.07196473 0.04318185 0.01010000
v 0.07244710 0.04298205 0.01010000
v 0.07286131 0.04266421 0.01010000
v 0.07317915 0.04225000 0.01010000
v 0.07337895 0.04176764 0.01010000
v 0.07344709 0.04125000 0.01010000
v 0.07337895 0.04073236 0.01010000
v 0.07317915 0.04025000 0.01010000
v 0.07286131 0.03983578 0.01010000
v 0.07244710 0.03951795 0.01010000
v 0.07196473 0.03931815 0.01010000
v 0.07144710 0.03925000 0.01010000
v 0.07107960 0.03928405 0.00280000
v 0.07092946 0.03931815 0.01010000
v 0.07092946 0.03931815 0.00280000
v 0.07072461 0.03938505 0.00280000
v 0.07044709 0.03951795 0.01010000
v 0.07044709 0.03951795 0.00280000
v 0.07039423 0.03954957 0.00280000
v 0.07003288 0.03983578 0.01010000
v 0.07009970 0.03977198 0.00280000
v 0.06971505 0.04025000 0.01010000
v 0.06985106 0.04004473 0.00280000
v 0.07003288 0.03983578 0.00280000
v 0.06952345 0.04070267 0.00280000
v 0.06965677 0.04035852 0.00280000
v 0.06971505 0.04025000 0.00280000
v 0.06951524 0.04073236 0.00280000
v 0.06951524 0.04073236 0.01010000
v 0.06945563 0.04106546 0.00280000
v 0.06944709 0.04125000 0.01010000
v 0.06944709 0.04125000 0.00280000
v 0.06945563 0.04143454 0.00280000
v 0.06951524 0.04176764 0.01010000
v 0.06951524 0.04176764 0.00280000
v 0.06952345 0.04179733 0.00280000
v 0.06971505 0.04225000 0.01010000
v 0.06965677 0.04214148 0.00280000
v 0.07003288 0.04266421 0.01010000
v 0.06985106 0.04245527 0.00280000
v 0.06971505 0.04225000 0.00280000
v 0.07044709 0.04298205 0.00280000
v 0.07039423 0.04295043 0.00280000
v 0.07044709 0.04298205 0.01010000
v 0.07009970 0.04272802 0.00280000
v 0.07003288 0.04266421 0.00280000
v 0.07072461 0.04311495 0.00280000
v 0.07092946 0.04318185 0.01010000
v 0.07092946 0.04318185 0.00280000
v 0.07107960 0.04321595 0.00280000
v 0.07144710 0.04285000 0.01050000
v 0.07103299 0.04279548 0.01050000
v 0.07064710 0.04263564 0.01050000
v 0.07031573 0.04238137 0.01050000
v 0.07006145 0.04205000 0.01050000
v 0.06990162 0.04166411 0.01050000
v 0.06984710 0.04125000 0.01050000
v 0.06990162 0.04083589 0.01050000
v 0.07006145 0.04045000 0.01050000
v 0.07031573 0.04011863 0.01050000
v 0.07064710 0.03986436 0.01050000
v 0.07103299 0.03970452 0.01050000
v 0.07144710 0.03965000 0.01050000
v 0.07186121 0.04279548 0.01050000
v 0.07186121 0.03970452 0.01050000
v 0.07224710 0.03986436 0.01050000
v 0.07257847 0.04011863 0.01050000
v 0.07283273 0.04045000 0.01050000
v 0.07299258 0.04083589 0.01050000
v 0.07304709 0.04125000 0.01050000
v 0.07299258 0.04166411 0.01050000
v 0.07283273 0.04205000 0.01050000
v 0.07257847 0.04238137 0.01050000
v 0.07224710 0.04263564 0.01050000
v 0.07072541 0.04000000 0.00230000
v 0.07000372 0.04125000 0.00230000
v 0.07072541 0.04250000 0.00230000
v 0.07216878 0.04250000 0.00230000
v 0.07289047 0.04125000 0.00230000
v 0.07216878 0.04000000 0.00230000
v -0.10949999 0.01210000 0.02725000
v -0.10949999 0.01279282 0.02765000
v -0.10996821 0.01279282 0.02760389
v -0.10989017 0.01210000 0.02721157
v -0.11041843 0.01279282 0.02746731
v -0.11026536 0.01210000 0.02709776
v -0.11083336 0.01279282 0.02724553
v -0.11061113 0.01210000 0.02691294
v -0.11119705 0.01279282 0.02694706
v -0.11091421 0.01210000 0.02666421
v -0.11149552 0.01279282 0.02658337
v -0.11116293 0.01210000 0.02636114
v -0.11171730 0.01279282 0.02616844
v -0.11134775 0.01210000 0.02601537
v -0.11185388 0.01279282 0.02571822
v -0.11146156 0.01210000 0.02564018
v -0.11189999 0.01279282 0.02525000
v -0.11149999 0.01210000 0.02525000
v -0.11185388 0.01279282 0.02478178
v -0.11146156 0.01210000 0.02485982
v -0.11171730 0.01279282 0.02433156
v -0.11134775 0.01210000 0.02448463
v -0.11149552 0.01279282 0.02391663
v -0.11116293 0.01210000 0.02413886
v -0.11119705 0.01279282 0.02355294
v -0.11091421 0.01210000 0.02383578
v -0.11083336 0.01279282 0.02325447
v -0.11061113 0.01210000 0.02358706
v -0.11041843 0.01279282 0.02303269
v -0.11026536 0.01210000 0.02340224
v -0.10996821 0.01279282 0.02289612
v -0.10989017 0.01210000 0.02328843
v -0.10949999 0.01279282 0.02285000
v -0.10949999 0.01210000 0.02325000
v -0.10903177 0.01279282 0.02289612
v -0.10910981 0.01210000 0.02328843
v -0.10858155 0.01279282 0.02303269
v -0.10873462 0.01210000 0.02340224
v -0.10816662 0.01279282 0.02325447
v -0.10838885 0.01210000 0.02358706
v -0.10780293 0.01279282 0.02355294
v -0.10808577 0.01210000 0.02383578
v -0.10750446 0.01279282 0.02391663
v -0.10783705 0.01210000 0.02413886
v -0.10728268 0.01279282 0.02433156
v -0.10765223 0.01210000 0.02448463
v -0.10714611 0.01279282 0.02478178
v -0.10753842 0.01210000 0.02485982
v -0.10709999 0.01279282 0.02525000
v -0.10749999 0.01210000 0.02525000
v -0.10714611 0.01279282 0.02571822
v -0.10753842 0.01210000 0.02564018
v -0.10728268 0.01279282 0.02616844
v -0.10765223 0.01210000 0.02601537
v -0.10750446 0.01279282 0.02658337
v -0.10783705 0.01210000 0.02636114
v -0.10780293 0.01279282 0.02694706
v -0.10808577 0.01210000 0.02666421
v -0.10816662 0.01279282 0.02724553
v -0.10838885 0.01210000 0.02691294
v -0.10858155 0.01279282 0.02746731
v -0.10873462 0.01210000 0.02709776
v -0.10903177 0.01279282 0.02760389
v -0.10910981 0.01210000 0.02721157
v -0.10949999 0.01560000 0.02285000
v -0.10917319 0.01560000 0.02287236
v -0.10903177 0.01560000 0.02289612
v -0.10885248 0.01560000 0.02293900
v -0.10825299 0.01560000 0.02319939
v -0.10854383 0.01560000 0.02304869
v -0.10858155 0.01560000 0.02303269
v -0.10780293 0.01560000 0.02355294
v -0.10798538 0.01560000 0.02338829
v -0.10816662 0.01560000 0.02325447
v -0.10774598 0.01560000 0.02361187
v -0.10753927 0.01560000 0.02386597
v -0.10750446 0.01560000 0.02391663
v -0.10736907 0.01560000 0.02414585
v -0.10715019 0.01560000 0.02476170
v -0.10723857 0.01560000 0.02444629
v -0.10728268 0.01560000 0.02433156
v -0.10714611 0.01560000 0.02478178
v -0.10710558 0.01560000 0.02508622
v -0.10714611 0.01560000 0.02571822
v -0.10710558 0.01560000 0.02541378
v -0.10709999 0.01560000 0.02525000
v -0.10715019 0.01560000 0.02573830
v -0.10723857 0.01560000 0.02605371
v -0.10750446 0.01560000 0.02658337
v -0.10736907 0.01560000 0.02635415
v -0.10728268 0.01560000 0.02616844
v -0.10753927 0.01560000 0.02663404
v -0.10774598 0.01560000 0.02688813
v -0.10780293 0.01560000 0.02694706
v -0.10798538 0.01560000 0.02711171
v -0.10854383 0.01560000 0.02745130
v -0.10825299 0.01560000 0.02730061
v -0.10816662 0.01560000 0.02724553
v -0.10858155 0.01560000 0.02746731
v -0.10885248 0.01560000 0.02756100
v -0.10949999 0.01560000 0.02765000
v -0.10917319 0.01560000 0.02762765
v -0.10903177 0.01560000 0.02760389
v -0.10982679 0.01560000 0.02762765
v -0.11041843 0.01560000 0.02746731
v -0.11014751 0.01560000 0.02756100
v -0.10996821 0.01560000 0.02760389
v -0.11045615 0.01560000 0.02745130
v -0.11074699 0.01560000 0.02730061
v -0.11083336 0.01560000 0.02724553
v -0.11101460 0.01560000 0.02711171
v -0.11146072 0.01560000 0.02663404
v -0.11125400 0.01560000 0.02688813
v -0.11119705 0.01560000 0.02694706
v -0.11171730 0.01560000 0.02616844
v -0.11163092 0.01560000 0.02635415
v -0.11149552 0.01560000 0.02658337
v -0.11176142 0.01560000 0.02605371
v -0.11184979 0.01560000 0.02573830
v -0.11185388 0.01560000 0.02571822
v -0.11189440 0.01560000 0.02541378
v -0.11189999 0.01560000 0.02525000
v -0.11189440 0.01560000 0.02508622
v -0.11176141 0.01560000 0.02444629
v -0.11184979 0.01560000 0.02476170
v -0.11185388 0.01560000 0.02478178
v -0.11171730 0.01560000 0.02433156
v -0.11163092 0.01560000 0.02414585
v -0.11125400 0.01560000 0.02361187
v -0.11146072 0.01560000 0.02386597
v -0.11149552 0.01560000 0.02391663
v -0.11083336 0.01560000 0.02325447
v -0.11101460 0.01560000 0.02338829
v -0.11119705 0.01560000 0.02355294
v -0.11074699 0.01560000 0.02319939
v -0.11045615 0.01560000 0.02304869
v -0.11041843 0.01560000 0.02303269
v -0.11014751 0.01560000 0.02293900
v -0.10982679 0.01560000 0.02287236
v -0.10996821 0.01560000 0.02289612
v -0.10982887 0.01567654 0.02285727
v -0.10949999 0.01567654 0.02283478
v -0.11075490 0.01567654 0.02318638
v -0.11046222 0.01567654 0.02303473
v -0.11147316 0.01567654 0.02385719
v -0.11126512 0.01567654 0.02360148
v -0.11186470 0.01567654 0.02475861
v -0.11177576 0.01567654 0.02444119
v -0.11126512 0.01567654 0.02689852
v -0.11147316 0.01567654 0.02664281
v -0.11046222 0.01567654 0.02746527
v -0.11075490 0.01567654 0.02731362
v -0.11190715 0.01574142 0.02575021
v -0.11186470 0.01567654 0.02574139
v -0.11181661 0.01574142 0.02607333
v -0.11177576 0.01567654 0.02605881
v -0.11168293 0.01574142 0.02638110
v -0.11164443 0.01567654 0.02636116
v -0.11150858 0.01574142 0.02666782
v -0.11129681 0.01574142 0.02692811
v -0.11105157 0.01574142 0.02715715
v -0.11102421 0.01567654 0.02712352
v -0.11077743 0.01574142 0.02735065
v -0.11047949 0.01574142 0.02750504
v -0.11016331 0.01574142 0.02761741
v -0.11015161 0.01567654 0.02757566
v -0.10983477 0.01574142 0.02768568
v -0.10982887 0.01567654 0.02764273
v -0.10949999 0.01574142 0.02770858
v -0.10949999 0.01574142 0.02279142
v -0.10983477 0.01574142 0.02281432
v -0.11016331 0.01574142 0.02288259
v -0.11015161 0.01567654 0.02292434
v -0.11047949 0.01574142 0.02299496
v -0.11077743 0.01574142 0.02314934
v -0.11105157 0.01574142 0.02334285
v -0.11102421 0.01567654 0.02337649
v -0.11129681 0.01574142 0.02357189
v -0.11150858 0.01574142 0.02383219
v -0.11168293 0.01574142 0.02411889
v -0.11164443 0.01567654 0.02413884
v -0.11181661 0.01574142 0.02442667
v -0.11190715 0.01574142 0.02474979
v -0.11195284 0.01574142 0.02508222
v -0.11190958 0.01567654 0.02508518
v -0.11195284 0.01574142 0.02541778
v -0.11190958 0.01567654 0.02541482
v -0.10949999 0.01567654 0.02766523
v -0.10917111 0.01567654 0.02764273
v -0.10824508 0.01567654 0.02731362
v -0.10853776 0.01567654 0.02746527
v -0.10752682 0.01567654 0.02664281
v -0.10773486 0.01567654 0.02689852
v -0.10713528 0.01567654 0.02574139
v -0.10722422 0.01567654 0.02605881
v -0.10773486 0.01567654 0.02360148
v -0.10752682 0.01567654 0.02385719
v -0.10853776 0.01567654 0.02303473
v -0.10824508 0.01567654 0.02318638
v -0.10709284 0.01574142 0.02474979
v -0.10713528 0.01567654 0.02475861
v -0.10718337 0.01574142 0.02442667
v -0.10722422 0.01567654 0.02444119
v -0.10731705 0.01574142 0.02411889
v -0.10735555 0.01567654 0.02413884
v -0.10749140 0.01574142 0.02383219
v -0.10770317 0.01574142 0.02357189
v -0.10794841 0.01574142 0.02334285
v -0.10797577 0.01567654 0.02337649
v -0.10822255 0.01574142 0.02314934
v -0.10852049 0.01574142 0.02299496
v -0.10883667 0.01574142 0.02288259
v -0.10884837 0.01567654 0.02292434
v -0.10916521 0.01574142 0.02281432
v -0.10917111 0.01567654 0.02285727
v -0.10916521 0.01574142 0.02768568
v -0.10883667 0.01574142 0.02761741
v -0.10884837 0.01567654 0.02757566
v -0.10852049 0.01574142 0.02750504
v -0.10822255 0.01574142 0.02735065
v -0.10794841 0.01574142 0.02715715
v -0.10797577 0.01567654 0.02712352
v -0.10770317 0.01574142 0.02692811
v -0.10749140 0.01574142 0.02666782
v -0.10731705 0.01574142 0.02638110
v -0.10735555 0.01567654 0.02636116
v -0.10718337 0.01574142 0.02607333
v -0.10709284 0.01574142 0.02575021
v -0.10704714 0.01574142 0.02541778
v -0.10709040 0.01567654 0.02541482
v -0.10704714 0.01574142 0.02508222
v -0.10709040 0.01567654 0.02508518
v -0.10949999 0.01580000 0.02785000
v -0.10949999 0.01578478 0.02777346
v -0.10914595 0.01580000 0.02782579
v -0.10915638 0.01578478 0.02774996
v -0.10879852 0.01580000 0.02775358
v -0.10881917 0.01578478 0.02767989
v -0.10846415 0.01580000 0.02763475
v -0.10849464 0.01578478 0.02756455
v -0.10814907 0.01580000 0.02747149
v -0.10818884 0.01578478 0.02740609
v -0.10785916 0.01580000 0.02726685
v -0.10790747 0.01578478 0.02720748
v -0.10759982 0.01580000 0.02702464
v -0.10765576 0.01578478 0.02697240
v -0.10737587 0.01580000 0.02674937
v -0.10743840 0.01578478 0.02670523
v -0.10719149 0.01580000 0.02644617
v -0.10725944 0.01578478 0.02641096
v -0.10705011 0.01580000 0.02612069
v -0.10712223 0.01578478 0.02609505
v -0.10695437 0.01580000 0.02577898
v -0.10702931 0.01578478 0.02576341
v -0.10690605 0.01580000 0.02542743
v -0.10698241 0.01578478 0.02542221
v -0.10690605 0.01580000 0.02507257
v -0.10698241 0.01578478 0.02507780
v -0.10695437 0.01580000 0.02472102
v -0.10702931 0.01578478 0.02473659
v -0.10705011 0.01580000 0.02437931
v -0.10712223 0.01578478 0.02440494
v -0.10719149 0.01580000 0.02405383
v -0.10725944 0.01578478 0.02408904
v -0.10737587 0.01580000 0.02375063
v -0.10743840 0.01578478 0.02379477
v -0.10759982 0.01580000 0.02347536
v -0.10765576 0.01578478 0.02352761
v -0.10785916 0.01580000 0.02323315
v -0.10790747 0.01578478 0.02329252
v -0.10814907 0.01580000 0.02302851
v -0.10818884 0.01578478 0.02309391
v -0.10846415 0.01580000 0.02286525
v -0.10849464 0.01578478 0.02293545
v -0.10879852 0.01580000 0.02274641
v -0.10881917 0.01578478 0.02282011
v -0.10914595 0.01580000 0.02267422
v -0.10915638 0.01578478 0.02275004
v -0.10949999 0.01580000 0.02265000
v -0.10949999 0.01578478 0.02272653
v -0.10985403 0.01580000 0.02267422
v -0.10984360 0.01578478 0.02275004
v -0.11020146 0.01580000 0.02274641
v -0.11018081 0.01578478 0.02282011
v -0.11053583 0.01580000 0.02286525
v -0.11050534 0.01578478 0.02293545
v -0.11085091 0.01580000 0.02302851
v -0.11081114 0.01578478 0.02309391
v -0.11114082 0.01580000 0.02323315
v -0.11109252 0.01578478 0.02329252
v -0.11140016 0.01580000 0.02347536
v -0.11134423 0.01578478 0.02352761
v -0.11162411 0.01580000 0.02375063
v -0.11156158 0.01578478 0.02379477
v -0.11180849 0.01580000 0.02405383
v -0.11174054 0.01578478 0.02408904
v -0.11194987 0.01580000 0.02437931
v -0.11187775 0.01578478 0.02440494
v -0.11204561 0.01580000 0.02472102
v -0.11197067 0.01578478 0.02473659
v -0.11209393 0.01580000 0.02507257
v -0.11201757 0.01578478 0.02507780
v -0.11209393 0.01580000 0.02542743
v -0.11201757 0.01578478 0.02542221
v -0.11204561 0.01580000 0.02577898
v -0.11197067 0.01578478 0.02576341
v -0.11194987 0.01580000 0.02612069
v -0.11187775 0.01578478 0.02609505
v -0.11180849 0.01580000 0.02644617
v -0.11174054 0.01578478 0.02641096
v -0.11162411 0.01580000 0.02674937
v -0.11156158 0.01578478 0.02670523
v -0.11140016 0.01580000 0.02702464
v -0.11134423 0.01578478 0.02697240
v -0.11114082 0.01580000 0.02726685
v -0.11109252 0.01578478 0.02720748
v -0.11085091 0.01580000 0.02747149
v -0.11081114 0.01578478 0.02740609
v -0.11053583 0.01580000 0.02763475
v -0.11050534 0.01578478 0.02756455
v -0.11020146 0.01580000 0.02775358
v -0.11018081 0.01578478 0.02767989
v -0.10985403 0.01580000 0.02782579
v -0.10984360 0.01578478 0.02774996
v -0.10649999 0.01580000 0.02525000
v -0.10654557 0.01580000 0.02472906
v -0.10668091 0.01580000 0.02422394
v -0.10690191 0.01580000 0.02375000
v -0.10720186 0.01580000 0.02332163
v -0.11052606 0.01580000 0.02243092
v -0.11099999 0.01580000 0.02265192
v -0.11142835 0.01580000 0.02295187
v -0.11179812 0.01580000 0.02332163
v -0.10847393 0.01580000 0.02243092
v -0.10897905 0.01580000 0.02229558
v -0.10949999 0.01580000 0.02225000
v -0.11002094 0.01580000 0.02229558
v -0.10757163 0.01580000 0.02295187
v -0.10799999 0.01580000 0.02265192
v -0.11209807 0.01580000 0.02375000
v -0.11231907 0.01580000 0.02422394
v -0.11245441 0.01580000 0.02472906
v -0.11249999 0.01580000 0.02525000
v -0.11052606 0.01580000 0.02806908
v -0.11002094 0.01580000 0.02820442
v -0.10949999 0.01580000 0.02825000
v -0.10897905 0.01580000 0.02820442
v -0.10847393 0.01580000 0.02806908
v -0.10799999 0.01580000 0.02784808
v -0.10757163 0.01580000 0.02754813
v -0.10720186 0.01580000 0.02717836
v -0.10690191 0.01580000 0.02675000
v -0.10668091 0.01580000 0.02627606
v -0.10654557 0.01580000 0.02577095
v -0.11179812 0.01580000 0.02717836
v -0.11142835 0.01580000 0.02754813
v -0.11099999 0.01580000 0.02784808
v -0.11245441 0.01580000 0.02577095
v -0.11231907 0.01580000 0.02627606
v -0.11209807 0.01580000 0.02675000
v -0.10949999 0.01650000 0.02825000
v -0.11002094 0.01650000 0.02820442
v -0.11052606 0.01650000 0.02806908
v -0.11099999 0.01650000 0.02784808
v -0.11142835 0.01650000 0.02754813
v -0.11179812 0.01650000 0.02717836
v -0.11209807 0.01650000 0.02675000
v -0.11231907 0.01650000 0.02627606
v -0.11245441 0.01650000 0.02577095
v -0.11249999 0.01650000 0.02525000
v -0.11245441 0.01650000 0.02472906
v -0.11231907 0.01650000 0.02422394
v -0.11209807 0.01650000 0.02375000
v -0.11179812 0.01650000 0.02332163
v -0.11142835 0.01650000 0.02295187
v -0.11099999 0.01650000 0.02265192
v -0.11052606 0.01650000 0.02243092
v -0.11002094 0.01650000 0.02229558
v -0.10949999 0.01650000 0.02225000
v -0.10897905 0.01650000 0.02229558
v -0.10847393 0.01650000 0.02243092
v -0.10799999 0.01650000 0.02265192
v -0.10757163 0.01650000 0.02295187
v -0.10720186 0.01650000 0.02332163
v -0.10690191 0.01650000 0.02375000
v -0.10668091 0.01650000 0.02422394
v -0.10654557 0.01650000 0.02472906
v -0.10649999 0.01650000 0.02525000
v -0.10654557 0.01650000 0.02577095
v -0.10668091 0.01650000 0.02627606
v -0.10690191 0.01650000 0.02675000
v -0.10720186 0.01650000 0.02717836
v -0.10757163 0.01650000 0.02754813
v -0.10799999 0.01650000 0.02784808
v -0.10847393 0.01650000 0.02806908
v -0.10897905 0.01650000 0.02820442
v -0.10949999 0.01680000 0.02795000
v -0.10903114 0.01680000 0.02790898
v -0.10857654 0.01680000 0.02778717
v -0.10814999 0.01680000 0.02758827
v -0.10776447 0.01680000 0.02731832
v -0.10743167 0.01680000 0.02698552
v -0.10716172 0.01680000 0.02660000
v -0.10696282 0.01680000 0.02617346
v -0.10684101 0.01680000 0.02571885
v -0.10679999 0.01680000 0.02525000
v -0.10684101 0.01680000 0.02478115
v -0.10696282 0.01680000 0.02432655
v -0.10716172 0.01680000 0.02390000
v -0.10743167 0.01680000 0.02351448
v -0.10776447 0.01680000 0.02318168
v -0.10814999 0.01680000 0.02291173
v -0.10857654 0.01680000 0.02271283
v -0.10903114 0.01680000 0.02259102
v -0.10949999 0.01680000 0.02255000
v -0.10996884 0.01680000 0.02259102
v -0.11042345 0.01680000 0.02271283
v -0.11084999 0.01680000 0.02291173
v -0.11123551 0.01680000 0.02318168
v -0.11156831 0.01680000 0.02351448
v -0.11183826 0.01680000 0.02390000
v -0.11203716 0.01680000 0.02432655
v -0.11215897 0.01680000 0.02478115
v -0.11219999 0.01680000 0.02525000
v -0.11215897 0.01680000 0.02571885
v -0.11203716 0.01680000 0.02617346
v -0.11183826 0.01680000 0.02660000
v -0.11156831 0.01680000 0.02698552
v -0.11123551 0.01680000 0.02731832
v -0.11084999 0.01680000 0.02758827
v -0.11042345 0.01680000 0.02778717
v -0.10996884 0.01680000 0.02790898
v -0.11063174 0.01210000 0.02478121
v -0.11051854 0.01210000 0.02456943
v -0.11036620 0.01210000 0.02438380
v -0.11018056 0.01210000 0.02423145
v -0.10996878 0.01210000 0.02411825
v -0.10973898 0.01210000 0.02404854
v -0.10949999 0.01210000 0.02402500
v -0.10926101 0.01210000 0.02404854
v -0.10903120 0.01210000 0.02411825
v -0.10881942 0.01210000 0.02423145
v -0.10863379 0.01210000 0.02438380
v -0.10848144 0.01210000 0.02456943
v -0.10836824 0.01210000 0.02478121
v -0.10829853 0.01210000 0.02501102
v -0.10827499 0.01210000 0.02525000
v -0.10829853 0.01210000 0.02548899
v -0.10836824 0.01210000 0.02571878
v -0.10848144 0.01210000 0.02593057
v -0.10863379 0.01210000 0.02611621
v -0.10881942 0.01210000 0.02626855
v -0.10903120 0.01210000 0.02638175
v -0.10926101 0.01210000 0.02645146
v -0.10949999 0.01210000 0.02647500
v -0.10973898 0.01210000 0.02645146
v -0.10996878 0.01210000 0.02638175
v -0.11018056 0.01210000 0.02626855
v -0.11036620 0.01210000 0.02611621
v -0.11051854 0.01210000 0.02593057
v -0.11063174 0.01210000 0.02571878
v -0.11070146 0.01210000 0.02548899
v -0.11072499 0.01210000 0.02525000
v -0.11070146 0.01210000 0.02501102
v -0.10949999 0.01208478 0.02639846
v -0.10927594 0.01208478 0.02637639
v -0.10906050 0.01208478 0.02631105
v -0.10886194 0.01208478 0.02620491
v -0.10868791 0.01208478 0.02606208
v -0.10854508 0.01208478 0.02588805
v -0.10843895 0.01208478 0.02568950
v -0.10837360 0.01208478 0.02547405
v -0.10835153 0.01208478 0.02525000
v -0.10837360 0.01208478 0.02502595
v -0.10843895 0.01208478 0.02481051
v -0.10854508 0.01208478 0.02461195
v -0.10868791 0.01208478 0.02443792
v -0.10886194 0.01208478 0.02429509
v -0.10906050 0.01208478 0.02418896
v -0.10927594 0.01208478 0.02412361
v -0.10949999 0.01208478 0.02410154
v -0.10949999 0.01204142 0.02633358
v -0.10927470 0.01204142 0.02630990
v -0.10905926 0.01204142 0.02623990
v -0.10886308 0.01204142 0.02612664
v -0.10869473 0.01204142 0.02597505
v -0.10856158 0.01204142 0.02579179
v -0.10846945 0.01204142 0.02558484
v -0.10842235 0.01204142 0.02536326
v -0.10841642 0.01204142 0.02525000
v -0.10842235 0.01204142 0.02513674
v -0.10846945 0.01204142 0.02491516
v -0.10856158 0.01204142 0.02470821
v -0.10869473 0.01204142 0.02452495
v -0.10886308 0.01204142 0.02437337
v -0.10905926 0.01204142 0.02426010
v -0.10927470 0.01204142 0.02419010
v -0.10949999 0.01204142 0.02416642
v -0.10972404 0.01208478 0.02412361
v -0.10993949 0.01208478 0.02418896
v -0.11013804 0.01208478 0.02429509
v -0.11031207 0.01208478 0.02443792
v -0.11045490 0.01208478 0.02461195
v -0.11056104 0.01208478 0.02481051
v -0.11062638 0.01208478 0.02502595
v -0.11064845 0.01208478 0.02525000
v -0.11062638 0.01208478 0.02547405
v -0.11056104 0.01208478 0.02568950
v -0.11045490 0.01208478 0.02588805
v -0.11031207 0.01208478 0.02606208
v -0.11013804 0.01208478 0.02620491
v -0.10993949 0.01208478 0.02631105
v -0.10972404 0.01208478 0.02637639
v -0.10972528 0.01204142 0.02419010
v -0.10994072 0.01204142 0.02426010
v -0.11013690 0.01204142 0.02437337
v -0.11030525 0.01204142 0.02452495
v -0.11043840 0.01204142 0.02470821
v -0.11053053 0.01204142 0.02491516
v -0.11057764 0.01204142 0.02513674
v -0.11058357 0.01204142 0.02525000
v -0.11057764 0.01204142 0.02536326
v -0.11053053 0.01204142 0.02558484
v -0.11043840 0.01204142 0.02579179
v -0.11030525 0.01204142 0.02597505
v -0.11013690 0.01204142 0.02612664
v -0.10994072 0.01204142 0.02623990
v -0.10972528 0.01204142 0.02630990
v -0.10971627 0.01197654 0.02423250
v -0.10949999 0.01197654 0.02420977
v -0.10949999 0.01190000 0.02422500
v -0.11053452 0.01197654 0.02535873
v -0.11053452 0.01197654 0.02514127
v -0.11051938 0.01190000 0.02514286
v -0.10971627 0.01197654 0.02626749
v -0.10992309 0.01197654 0.02620029
v -0.11011142 0.01197654 0.02609156
v -0.11027303 0.01197654 0.02594605
v -0.11040085 0.01197654 0.02577011
v -0.11048930 0.01197654 0.02557145
v -0.10992309 0.01197654 0.02429971
v -0.11011142 0.01197654 0.02440844
v -0.11027303 0.01197654 0.02455395
v -0.11040085 0.01197654 0.02472989
v -0.11048930 0.01197654 0.02492855
v -0.10949999 0.01197654 0.02629022
v -0.10971310 0.01190000 0.02625260
v -0.10949999 0.01190000 0.02627500
v -0.11005415 0.01190000 0.02611229
v -0.10991690 0.01190000 0.02618638
v -0.10978877 0.01190000 0.02623348
v -0.11038767 0.01190000 0.02576250
v -0.11026172 0.01190000 0.02593586
v -0.11010247 0.01190000 0.02607924
v -0.11051938 0.01190000 0.02535714
v -0.11051456 0.01190000 0.02539588
v -0.11047482 0.01190000 0.02556674
v -0.11043236 0.01190000 0.02567580
v -0.11043236 0.01190000 0.02482420
v -0.11047482 0.01190000 0.02493325
v -0.11051456 0.01190000 0.02510413
v -0.11010247 0.01190000 0.02442076
v -0.11026172 0.01190000 0.02456415
v -0.11038767 0.01190000 0.02473750
v -0.10971310 0.01190000 0.02424740
v -0.10978877 0.01190000 0.02426652
v -0.10991690 0.01190000 0.02431362
v -0.11005415 0.01190000 0.02438772
v -0.10928372 0.01197654 0.02626749
v -0.10846546 0.01197654 0.02514127
v -0.10846546 0.01197654 0.02535873
v -0.10848060 0.01190000 0.02535714
v -0.10928372 0.01197654 0.02423250
v -0.10907689 0.01197654 0.02429971
v -0.10888856 0.01197654 0.02440844
v -0.10872696 0.01197654 0.02455395
v -0.10859913 0.01197654 0.02472989
v -0.10851068 0.01197654 0.02492855
v -0.10907689 0.01197654 0.02620029
v -0.10888856 0.01197654 0.02609156
v -0.10872696 0.01197654 0.02594605
v -0.10859913 0.01197654 0.02577011
v -0.10851068 0.01197654 0.02557145
v -0.10928688 0.01190000 0.02424740
v -0.10894583 0.01190000 0.02438772
v -0.10908309 0.01190000 0.02431362
v -0.10921121 0.01190000 0.02426652
v -0.10861231 0.01190000 0.02473750
v -0.10873827 0.01190000 0.02456415
v -0.10889751 0.01190000 0.02442076
v -0.10848060 0.01190000 0.02514286
v -0.10848542 0.01190000 0.02510413
v -0.10852516 0.01190000 0.02493325
v -0.10856762 0.01190000 0.02482420
v -0.10856762 0.01190000 0.02567580
v -0.10852516 0.01190000 0.02556674
v -0.10848542 0.01190000 0.02539588
v -0.10889751 0.01190000 0.02607924
v -0.10873827 0.01190000 0.02593586
v -0.10861231 0.01190000 0.02576250
v -0.10928688 0.01190000 0.02625260
v -0.10921121 0.01190000 0.02623348
v -0.10908309 0.01190000 0.02618638
v -0.10894583 0.01190000 0.02611229
v -0.10949999 0.01100000 0.02422500
v -0.10921121 0.01100000 0.02426652
v -0.10894583 0.01100000 0.02438772
v -0.10872535 0.01100000 0.02457877
v -0.10856762 0.01100000 0.02482420
v -0.10848542 0.01100000 0.02510413
v -0.10848542 0.01100000 0.02539588
v -0.10856762 0.01100000 0.02567580
v -0.10872535 0.01100000 0.02592123
v -0.10894583 0.01100000 0.02611229
v -0.10921121 0.01100000 0.02623348
v -0.10949999 0.01100000 0.02627500
v -0.10978877 0.01100000 0.02623348
v -0.11005415 0.01100000 0.02611229
v -0.11027464 0.01100000 0.02592123
v -0.11043236 0.01100000 0.02567580
v -0.11051456 0.01100000 0.02539588
v -0.11051456 0.01100000 0.02510413
v -0.11043236 0.01100000 0.02482420
v -0.11027464 0.01100000 0.02457877
v -0.11005415 0.01100000 0.02438772
v -0.10978877 0.01100000 0.02426652
v -0.10819999 0.01100000 0.02525000
v -0.10824428 0.01100000 0.02491353
v -0.10837416 0.01100000 0.02460000
v -0.10858075 0.01100000 0.02433076
v -0.10884999 0.01100000 0.02412417
v -0.10916352 0.01100000 0.02399429
v -0.10949999 0.01100000 0.02395000
v -0.10983646 0.01100000 0.02399429
v -0.11014999 0.01100000 0.02412417
v -0.11041923 0.01100000 0.02433076
v -0.11062583 0.01100000 0.02460000
v -0.11075570 0.01100000 0.02491353
v -0.11079999 0.01100000 0.02525000
v -0.11075570 0.01100000 0.02558646
v -0.11062583 0.01100000 0.02590000
v -0.11041923 0.01100000 0.02616924
v -0.11014999 0.01100000 0.02637584
v -0.10983646 0.01100000 0.02650571
v -0.10949999 0.01100000 0.02655000
v -0.10916352 0.01100000 0.02650571
v -0.10884999 0.01100000 0.02637584
v -0.10858075 0.01100000 0.02616924
v -0.10837416 0.01100000 0.02590000
v -0.10824428 0.01100000 0.02558646
v -0.10949999 0.01080000 0.02395000
v -0.10916352 0.01080000 0.02399429
v -0.10884999 0.01080000 0.02412417
v -0.10858075 0.01080000 0.02433076
v -0.10837416 0.01080000 0.02460000
v -0.10824428 0.01080000 0.02491353
v -0.10819999 0.01080000 0.02525000
v -0.10824428 0.01080000 0.02558646
v -0.10837416 0.01080000 0.02590000
v -0.10858075 0.01080000 0.02616924
v -0.10884999 0.01080000 0.02637584
v -0.10916352 0.01080000 0.02650571
v -0.10949999 0.01080000 0.02655000
v -0.10983646 0.01080000 0.02650571
v -0.11014999 0.01080000 0.02637584
v -0.11041923 0.01080000 0.02616924
v -0.11062583 0.01080000 0.02590000
v -0.11075570 0.01080000 0.02558646
v -0.11079999 0.01080000 0.02525000
v -0.11075570 0.01080000 0.02491353
v -0.11062583 0.01080000 0.02460000
v -0.11041923 0.01080000 0.02433076
v -0.11014999 0.01080000 0.02412417
v -0.10983646 0.01080000 0.02399429
v -0.10569996 -0.00767500 0.01570000
v -0.11429999 -0.00767500 0.01570000
v -0.11429999 -0.00763694 0.01550866
v -0.09709993 -0.00767500 0.01570000
v -0.07989999 -0.00763694 0.01550866
v -0.07990002 -0.00767500 0.01569991
v -0.11429999 -0.00752855 0.01534644
v -0.07989999 -0.00752855 0.01534644
v -0.11429999 -0.00736634 0.01523806
v -0.07989999 -0.00736634 0.01523806
v -0.11429999 -0.00717500 0.01520000
v -0.07989999 -0.00717500 0.01520000
v -0.10611557 -0.00298927 0.02656429
v -0.10611557 0.00323928 0.02656428
v -0.10611557 0.00323929 0.02491429
v -0.10611557 0.00668929 0.02331429
v -0.10611557 0.00668929 0.02032774
v -0.10611557 0.00608929 0.02331429
v -0.10611557 0.00608929 0.02032774
v -0.10611557 -0.00579726 0.02032774
v -0.10611557 -0.00639726 0.02032774
v -0.10611557 -0.00639726 0.02331429
v -0.10611557 0.00608929 0.02491429
v -0.10611557 0.00608929 0.01812101
v -0.10611557 -0.00579726 0.01812101
v -0.10611558 0.00608929 0.02028571
v -0.10611557 -0.00298929 0.02491429
v -0.10611557 -0.00579726 0.02491429
v -0.10611557 -0.00579726 0.02331429
v -0.10611557 -0.00583929 0.02331429
v -0.10284999 -0.00581151 0.02490004
v -0.10284999 -0.00582504 0.02490004
v -0.11399999 -0.00587369 0.02494869
v -0.11399999 -0.00302369 0.02494869
v -0.10938453 -0.00300357 0.02657855
v -0.10939999 -0.00300360 0.02835000
v -0.10609998 -0.00298924 0.02835000
v -0.11399999 -0.00302369 0.02659869
v -0.10610001 0.00323924 0.02835000
v -0.10938453 0.00325357 0.02657855
v -0.11399999 0.00327369 0.02659869
v -0.11399999 0.00327369 0.02494869
v -0.10940000 0.00325360 0.02835000
v -0.11399999 0.00612369 0.02494869
v -0.11399999 0.00612369 0.02334869
v -0.11399999 0.00672369 0.02334869
v -0.11399999 0.00672369 0.02025131
v -0.10129999 0.00666828 0.02030673
v -0.10129999 0.00606828 0.02030673
v -0.11399999 0.00612369 0.02025131
v -0.11400001 0.00612369 0.01810000
v -0.10130002 0.00606828 0.01810000
v -0.10129997 -0.00581828 0.01810000
v -0.10129999 -0.00581828 0.02030673
v -0.10129999 -0.00641828 0.02030673
v -0.10129999 -0.00641828 0.02329328
v -0.11399999 -0.00587369 0.02334869
v -0.11399999 -0.00647369 0.02334869
v -0.11399999 -0.00647369 0.02025131
v -0.11429999 -0.00677500 0.02365000
v -0.11429999 -0.00677500 0.01995000
v -0.11429999 -0.00617500 0.01995000
v -0.11399999 -0.00587369 0.02025131
v -0.11429999 -0.00617500 0.02525000
v -0.11429999 -0.00617500 0.02365000
v -0.11429999 0.00216235 0.02690000
v -0.11429998 0.00217499 0.02835000
v -0.11429999 0.00357500 0.02690000
v -0.11430001 0.00740530 0.02835000
v -0.11429999 0.00702500 0.02365000
v -0.11429999 0.00642500 0.02365000
v -0.11429999 0.00642500 0.02525000
v -0.11430001 -0.00192501 0.02835000
v -0.11429999 -0.00191235 0.02690000
v -0.11429998 -0.00715547 0.02835000
v -0.11429999 -0.00332500 0.02690000
v -0.11429999 -0.00617500 0.01780000
v -0.11429999 0.00642500 0.01995000
v -0.11429999 0.00702500 0.01995000
v -0.11429999 0.00792500 0.01570000
v -0.11429999 0.00792500 0.02805000
v -0.11429999 0.00357500 0.02525000
v -0.11429996 -0.00767500 0.02805009
v -0.11429999 -0.00332500 0.02525000
v -0.11429999 0.00642500 0.01780000
v -0.11429999 0.00788828 0.01551193
v -0.11429999 0.00778022 0.01534812
v -0.11429999 0.00761743 0.01523851
v -0.11429999 0.00742500 0.01520000
v -0.08479999 0.00217499 0.02835000
v -0.07989998 0.00217501 0.02835000
v -0.08479999 0.00325360 0.02835000
v -0.07990000 0.00740547 0.02835000
v -0.08810001 0.00323924 0.02835000
v -0.10940000 -0.00192499 0.02835000
v -0.10939999 0.00217501 0.02835000
v -0.07990000 -0.00192499 0.02835000
v -0.08479999 -0.00192501 0.02835000
v -0.07989998 -0.00715530 0.02835000
v -0.08479999 -0.00300360 0.02835000
v -0.08809998 -0.00298924 0.02835000
v -0.07989999 0.00792500 0.02805000
v -0.07989999 -0.00617500 0.01780000
v -0.07989999 -0.00617500 0.01995000
v -0.07989999 -0.00677500 0.01995000
v -0.07989999 0.00788828 0.01551193
v -0.07989999 0.00792500 0.01570000
v -0.07989999 0.00642500 0.01780000
v -0.07989999 -0.00677500 0.02365000
v -0.07989999 -0.00617500 0.02365000
v -0.07989999 -0.00617500 0.02525000
v -0.07989996 -0.00767500 0.02804991
v -0.07989999 -0.00191235 0.02690000
v -0.07989999 -0.00332500 0.02690000
v -0.07989999 -0.00332500 0.02525000
v -0.07989999 0.00642500 0.01995000
v -0.07989999 0.00216235 0.02690000
v -0.07989999 0.00357500 0.02690000
v -0.07989999 0.00702500 0.02365000
v -0.07989999 0.00702500 0.01995000
v -0.07989999 0.00357500 0.02525000
v -0.07989999 0.00642500 0.02525000
v -0.07989999 0.00642500 0.02365000
v -0.07989999 0.00742500 0.01520000
v -0.07989999 0.00761743 0.01523851
v -0.07989999 0.00778022 0.01534812
v -0.09544999 0.00792501 0.02430000
v -0.09544999 0.00792500 0.01990000
v -0.09874999 0.00792500 0.01990000
v -0.09875000 0.00792499 0.02430000
v -0.09875000 -0.00767500 0.01990001
v -0.09874998 -0.00767501 0.02430001
v -0.09545000 -0.00767500 0.01989999
v -0.09544998 -0.00767499 0.02429999
v -0.09874998 -0.00717501 0.02430001
v -0.09875000 -0.00717500 0.01990001
v -0.09545000 -0.00717500 0.01989999
v -0.09544998 -0.00717499 0.02429999
v -0.09544999 0.00742501 0.02430000
v -0.09544999 0.00742500 0.01990000
v -0.09874999 0.00742500 0.01990000
v -0.09874999 0.00742499 0.02430000
v -0.08019999 -0.00190967 0.02659869
v -0.08481545 -0.00190958 0.02657855
v -0.08019999 -0.00302369 0.02659869
v -0.08481545 -0.00300357 0.02657855
v -0.08019999 -0.00302369 0.02494869
v -0.08808441 -0.00298927 0.02656429
v -0.08808441 -0.00298929 0.02491429
v -0.08808441 0.00323929 0.02491429
v -0.08808441 0.00323927 0.02656429
v -0.08808441 0.00604726 0.02331429
v -0.08808441 0.00604726 0.02032774
v -0.08808441 0.00608929 0.02331429
v -0.08808441 0.00664726 0.02032774
v -0.08808441 0.00664726 0.02331429
v -0.08808441 -0.00643929 0.02331429
v -0.08808441 -0.00643929 0.02032774
v -0.08808441 -0.00583929 0.02331429
v -0.08808441 -0.00583929 0.02032774
v -0.08808441 0.00604726 0.01812101
v -0.08808441 -0.00583929 0.02028571
v -0.08808441 -0.00583929 0.01812101
v -0.08808441 -0.00583929 0.02491429
v -0.08808441 0.00604726 0.02491429
v -0.09134999 0.00606151 0.02490004
v -0.09134999 0.00607504 0.02490004
v -0.08019999 0.00612369 0.02494869
v -0.08019999 0.00327369 0.02494869
v -0.08481545 0.00325357 0.02657855
v -0.08019999 0.00327369 0.02659869
v -0.08481545 0.00215958 0.02657855
v -0.08019999 0.00215967 0.02659869
v -0.08019999 0.00612369 0.02334869
v -0.08019999 0.00672369 0.02334869
v -0.08019999 0.00672369 0.02025131
v -0.08019999 0.00612369 0.02025131
v -0.08020001 0.00612369 0.01810000
v -0.08019996 -0.00587369 0.01810000
v -0.08019999 -0.00587369 0.02025131
v -0.08019999 -0.00647369 0.02025131
v -0.08019999 -0.00647369 0.02334869
v -0.08019999 -0.00587369 0.02334869
v -0.08019999 -0.00587369 0.02494869
v -0.09289999 -0.00641828 0.02030673
v -0.09289999 -0.00581828 0.02030673
v -0.09289996 -0.00581828 0.01810000
v -0.09290002 0.00606828 0.01810000
v -0.09289999 0.00606828 0.02030673
v -0.09289999 0.00666828 0.02030673
v -0.09289999 0.00666828 0.02329328
v -0.09289999 0.00606828 0.02380000
v -0.09289999 0.00606828 0.02329328
v -0.09134999 0.00607504 0.02380000
v -0.09134999 0.00606151 0.02380000
v -0.10938453 -0.00190958 0.02657855
v -0.11399999 -0.00190967 0.02659869
v -0.10129999 -0.00581828 0.02380000
v -0.10129999 -0.00581828 0.02329328
v -0.10284999 -0.00582504 0.02380000
v -0.10284999 -0.00581151 0.02380000
v -0.10938453 0.00215958 0.02657855
v -0.11399999 0.00215967 0.02659869
v -0.11399997 -0.00587369 0.01810000
v -0.09909999 0.00670317 0.02585000
v -0.09509999 0.00670319 0.02585000
v -0.09912967 0.00671801 0.02755000
v -0.09507032 0.00671803 0.02755000
v -0.09513272 0.00542506 0.02755000
v -0.09512617 0.00555731 0.02680000
v -0.09513272 0.00365774 0.02755000
v -0.09512617 0.00365119 0.02680000
v -0.09507032 0.00542506 0.02755000
v -0.09508341 0.00555731 0.02680000
v -0.09509999 0.00665843 0.02584999
v -0.09508341 0.00665843 0.02679999
v -0.09909999 0.00665841 0.02585001
v -0.09911658 0.00665841 0.02680001
v -0.09911657 0.00555731 0.02680000
v -0.09912966 0.00542506 0.02755000
v -0.09906727 0.00542506 0.02755000
v -0.09906726 0.00365772 0.02755000
v -0.09907380 0.00365117 0.02680000
v -0.09907381 0.00555731 0.02680000
v -0.09513272 -0.00517506 0.02755000
v -0.09512617 -0.00530731 0.02680000
v -0.09507032 -0.00517506 0.02755000
v -0.09508341 -0.00530731 0.02680000
v -0.09513272 -0.00340772 0.02755000
v -0.09512617 -0.00340117 0.02680000
v -0.09906727 -0.00340774 0.02755000
v -0.09907381 -0.00340119 0.02680000
v -0.09911657 -0.00640843 0.02680000
v -0.09508341 -0.00640841 0.02680000
v -0.09911658 -0.00530731 0.02680000
v -0.09907380 -0.00530731 0.02680000
v -0.09909999 -0.00645319 0.02585000
v -0.09909999 -0.00640843 0.02585000
v -0.09912967 -0.00517506 0.02755000
v -0.09912966 -0.00646803 0.02755000
v -0.09509999 -0.00645317 0.02585000
v -0.09509999 -0.00640841 0.02585000
v -0.09507032 -0.00646801 0.02755000
v -0.09906726 -0.00517506 0.02755000
v -0.10399996 -0.01065000 0.01710000
v -0.09300000 -0.01065000 0.01709994
v -0.09299999 -0.01046642 0.01615968
v -0.11499999 -0.01046642 0.01615968
v -0.11500000 -0.01065000 0.01710006
v -0.10949998 -0.01065000 0.01710003
v -0.11499999 -0.00992610 0.01534060
v -0.09299999 -0.00992610 0.01534060
v -0.11499999 -0.00911216 0.01479257
v -0.09299999 -0.00911216 0.01479257
v -0.09299999 -0.00815000 0.01460000
v -0.11499999 -0.00815000 0.01460000
v -0.09850001 -0.00815000 0.03590000
v -0.09299999 -0.00815000 0.03590000
v -0.09299999 -0.00911216 0.03570743
v -0.09299999 -0.01065000 0.03340000
v -0.11499998 -0.01065000 0.03340005
v -0.11499999 -0.01046642 0.03434032
v -0.10400002 -0.00815000 0.03590000
v -0.11499999 -0.00815000 0.03590000
v -0.11499999 -0.00911216 0.03570743
v -0.11499999 -0.00992610 0.03515940
v -0.09299999 -0.00992610 0.03515940
v -0.09299999 -0.01046642 0.03434032
v -0.10515626 -0.00051956 0.01344999
v -0.10680625 -0.00051957 0.01345000
v -0.10515626 -0.00051956 0.01324166
v -0.10680625 -0.00051956 0.01324167
v -0.10680624 -0.00108480 0.01345000
v -0.10680625 -0.00108480 0.01324167
v -0.10688124 -0.00108480 0.01345000
v -0.10688125 -0.00108480 0.01324167
v -0.10688125 0.00012056 0.01345000
v -0.10688125 0.00012056 0.01324167
v -0.10680625 0.00012056 0.01345000
v -0.10680625 0.00012056 0.01324167
v -0.10680625 -0.00044456 0.01345000
v -0.10680625 -0.00044456 0.01324167
v -0.10515626 -0.00044455 0.01345000
v -0.10515626 -0.00044456 0.01324167
v -0.10250014 0.00600002 0.01345000
v -0.10165197 0.00585178 0.01345000
v -0.10074063 0.00527613 0.01345000
v -0.10687434 -0.00419155 0.01345000
v -0.10686243 -0.00600000 0.01345000
v -0.10714267 -0.00600000 0.01345000
v -0.10160546 0.00342633 0.01345000
v -0.09999999 0.00337677 0.01345000
v -0.09999999 0.00022021 0.01345000
v -0.10000001 0.00350015 0.01345000
v -0.11096045 -0.00419761 0.01345000
v -0.11106183 -0.00440811 0.01345000
v -0.11103742 -0.00337501 0.01345000
v -0.11032220 -0.00499794 0.01345000
v -0.11013953 -0.00485227 0.01345000
v -0.10966011 -0.00499995 0.01345000
v -0.11013953 -0.00419761 0.01345000
v -0.11049871 -0.00312598 0.01345000
v -0.11003815 -0.00440811 0.01345000
v -0.11003815 -0.00464176 0.01345000
v -0.11125936 -0.00527613 0.01345000
v -0.11077778 -0.00499794 0.01345000
v -0.11034802 -0.00585178 0.01345000
v -0.11054999 -0.00504993 0.01345000
v -0.11032220 -0.00405193 0.01345000
v -0.11054999 -0.00399994 0.01345000
v -0.11077778 -0.00405193 0.01345000
v -0.11199999 -0.00337503 0.01345000
v -0.11199999 -0.00350045 0.01345000
v -0.11184362 -0.00437030 0.01345000
v -0.11106183 -0.00464176 0.01345000
v -0.11096045 -0.00485227 0.01345000
v -0.10818777 0.00378828 0.01345000
v -0.10740433 0.00499997 0.01345000
v -0.10714281 0.00337666 0.01345000
v -0.10714284 0.00486917 0.01345000
v -0.10686259 0.00486917 0.01345000
v -0.10889104 0.00193556 0.01345000
v -0.10714276 0.00022011 0.01345000
v -0.10912487 -0.00003230 0.01345000
v -0.10015637 0.00437030 0.01345000
v -0.10233986 0.00499995 0.01345000
v -0.10160550 -0.00342633 0.01345000
v -0.10015002 -0.00435301 0.01345000
v -0.10073217 -0.00526771 0.01345000
v -0.10233993 -0.00499993 0.01344999
v -0.09999997 -0.00349985 0.01345000
v -0.10158740 -0.00337627 0.01345000
v -0.09999999 -0.00337485 0.01345000
v -0.10116733 -0.00182071 0.01345000
v -0.09999999 -0.00180791 0.01345000
v -0.10108645 -0.00131078 0.01345000
v -0.09999999 -0.00130702 0.01345000
v -0.10106804 -0.00116309 0.01345000
v -0.10106803 0.00116309 0.01345000
v -0.10459583 -0.00499993 0.01345000
v -0.10485725 -0.00337492 0.01345000
v -0.10381237 -0.00378823 0.01345000
v -0.10485727 -0.00180798 0.01345000
v -0.10310907 -0.00193554 0.01345000
v -0.10485728 -0.00130709 0.01345000
v -0.10287521 0.00003231 0.01345000
v -0.10485730 0.00022014 0.01345000
v -0.10312469 0.00199823 0.01345000
v -0.10485735 0.00337670 0.01345000
v -0.10384266 0.00384529 0.01345000
v -0.10485737 0.00486920 0.01345000
v -0.10459574 0.00499994 0.01345000
v -0.10485738 0.00550004 0.01345000
v -0.10513749 0.00337669 0.01345000
v -0.10515626 0.00466344 0.01344999
v -0.10513751 0.00486920 0.01345000
v -0.10515626 0.00473845 0.01345000
v -0.10515630 0.00486920 0.01345000
v -0.10515626 0.00345806 0.01344999
v -0.10515626 0.00353307 0.01345000
v -0.10515627 0.00337669 0.01345000
v -0.10684375 0.00345806 0.01345000
v -0.10686257 0.00337667 0.01345000
v -0.10684375 0.00353307 0.01345000
v -0.10684375 0.00473844 0.01345000
v -0.10684375 0.00466344 0.01345000
v -0.10596249 0.00353307 0.01345000
v -0.10596249 0.00466344 0.01345000
v -0.10515626 0.00321369 0.01345000
v -0.10515626 0.00329532 0.01345000
v -0.10513745 0.00022014 0.01345000
v -0.10515626 0.00176731 0.01345000
v -0.10515626 0.00184894 0.01345000
v -0.10560088 0.00203944 0.01345000
v -0.10560088 0.00302319 0.01345000
v -0.10685976 0.00064462 0.01345000
v -0.10686252 0.00022011 0.01345000
v -0.10674732 0.00045933 0.01345000
v -0.10515626 0.00040357 0.01345000
v -0.10596249 0.00080669 0.01345000
v -0.10596249 0.00152957 0.01345000
v -0.10684375 0.00257207 0.01345000
v -0.10688125 0.00160456 0.01345000
v -0.10656245 0.00034620 0.01345000
v -0.10634629 0.00033043 0.01345000
v -0.10515622 0.00022014 0.01345000
v -0.10614695 0.00041551 0.01345000
v -0.10600881 0.00058251 0.01345000
v -0.10684375 0.00249044 0.01345000
v -0.10515626 0.00160457 0.01345000
v -0.10515626 0.00152957 0.01344999
v -0.10515626 0.00031969 0.01345000
v -0.10596625 0.00072481 0.01345000
v -0.10686250 -0.00130712 0.01345000
v -0.10515620 -0.00130710 0.01345000
v -0.10714274 -0.00130713 0.01345000
v -0.10714273 -0.00180801 0.01345000
v -0.10887536 -0.00199823 0.01345000
v -0.10714271 -0.00337496 0.01345000
v -0.10815736 -0.00384529 0.01345000
v -0.10740427 -0.00499993 0.01345000
v -0.10575886 -0.00466332 0.01345000
v -0.10596249 -0.00466332 0.01345000
v -0.10596249 -0.00409819 0.01345000
v -0.10635400 -0.00472832 0.01345000
v -0.10515613 -0.00600000 0.01344999
v -0.10653730 -0.00466567 0.01345000
v -0.10676278 -0.00446910 0.01345000
v -0.10557123 -0.00463125 0.01345000
v -0.10558145 -0.00356163 0.01345000
v -0.10575904 -0.00353306 0.01345000
v -0.10603751 -0.00409819 0.01345000
v -0.10624079 -0.00353304 0.01345000
v -0.10640847 -0.00355842 0.01345000
v -0.10575823 -0.00473844 0.01345000
v -0.10555705 -0.00470579 0.01345000
v -0.10520979 -0.00423187 0.01345000
v -0.10533986 -0.00447739 0.01345000
v -0.10521245 -0.00395403 0.01345000
v -0.10534719 -0.00371104 0.01345000
v -0.10651319 -0.00459348 0.01345000
v -0.10670724 -0.00441760 0.01345000
v -0.10680117 -0.00417313 0.01345000
v -0.10603750 -0.00473833 0.01345000
v -0.10635400 -0.00465193 0.01345000
v -0.10677480 -0.00391256 0.01345000
v -0.10663381 -0.00369186 0.01345000
v -0.10949984 -0.00600002 0.01345002
v -0.10668845 -0.00364034 0.01345000
v -0.10684762 -0.00389362 0.01345000
v -0.10686247 -0.00337495 0.01345000
v -0.10515617 -0.00337493 0.01345000
v -0.10528433 -0.00366840 0.01345000
v -0.10554636 -0.00349424 0.01345000
v -0.10575871 -0.00345794 0.01345000
v -0.10624009 -0.00345797 0.01345000
v -0.10643160 -0.00348704 0.01345000
v -0.10164684 -0.00584992 0.01345000
v -0.10249984 -0.00599998 0.01344998
v -0.10485721 -0.00600000 0.01344999
v -0.10513736 -0.00600000 0.01344999
v -0.11103752 0.00337661 0.01345000
v -0.11199999 0.00349955 0.01345000
v -0.11181653 0.00444004 0.01345000
v -0.11103754 0.00486911 0.01345000
v -0.11199999 0.00337659 0.01345000
v -0.11103747 0.00022005 0.01345000
v -0.11199999 0.00022004 0.01345000
v -0.11103745 -0.00130718 0.01345000
v -0.11199999 -0.00130720 0.01345000
v -0.11103744 -0.00180807 0.01345000
v -0.11199999 -0.00180808 0.01345000
v -0.11094377 -0.00105778 0.01345000
v -0.11094379 0.00105776 0.01345000
v -0.11049876 0.00312597 0.01345000
v -0.10966019 0.00499995 0.01345000
v -0.10485739 0.00600000 0.01345000
v -0.10714284 0.00550001 0.01345000
v -0.10686260 0.00600000 0.01345000
v -0.10686260 0.00550001 0.01345000
v -0.10515631 0.00600000 0.01345000
v -0.10515630 0.00550004 0.01345000
v -0.10513753 0.00600000 0.01345000
v -0.10513752 0.00550004 0.01345000
v -0.11046224 0.00580739 0.01345000
v -0.10950044 0.00600000 0.01345000
v -0.10714285 0.00600000 0.01345000
v -0.10686249 -0.00180801 0.01345000
v -0.10603751 0.00466344 0.01344999
v -0.10603750 0.00353307 0.01345000
v -0.10688126 0.00078316 0.01345000
v -0.10684375 -0.00209518 0.01345000
v -0.10527326 -0.00321693 0.01345000
v -0.10684375 -0.00321694 0.01345000
v -0.10515626 -0.00320831 0.01345000
v -0.10672674 -0.00208657 0.01345000
v -0.10515626 -0.00208656 0.01344999
v -0.10515626 -0.00329193 0.01344999
v -0.10684375 -0.00329194 0.01345000
v -0.10515620 -0.00180798 0.01345000
v -0.10515626 -0.00201155 0.01345000
v -0.10684375 -0.00201156 0.01345000
v -0.10515626 -0.00152943 0.01345000
v -0.10684375 -0.00152944 0.01345000
v -0.10684375 -0.00160444 0.01345000
v -0.10515626 -0.00160443 0.01344999
v -0.10513690 -0.00394635 0.01345000
v -0.10513739 -0.00337493 0.01345000
v -0.10513742 -0.00180798 0.01345000
v -0.10513742 -0.00130710 0.01345000
v -0.11127622 0.00525926 0.01345000
v -0.11106010 0.00545347 0.01345000
v -0.10513967 -0.00426097 0.01345000
v -0.10529198 -0.00453628 0.01345000
v -0.11199999 -0.00350000 0.01315000
v -0.11199999 0.00350000 0.01315000
v -0.11199999 -0.00350011 0.01330000
v -0.11199999 0.00349989 0.01330000
v -0.11181653 0.00444004 0.01315000
v -0.10950010 0.00600000 0.01330000
v -0.10949999 0.00600000 0.01315000
v -0.11046224 0.00580739 0.01315000
v -0.11127622 0.00525926 0.01315000
v -0.10249999 0.00600000 0.01315000
v -0.09999999 0.00350000 0.01315000
v -0.10015637 0.00437030 0.01315000
v -0.10074063 0.00527613 0.01315000
v -0.10165197 0.00585178 0.01315000
v -0.09999999 -0.00350000 0.01315000
v -0.10164684 -0.00584992 0.01315000
v -0.10249999 -0.00600000 0.01314998
v -0.10073217 -0.00526771 0.01315000
v -0.10015002 -0.00435301 0.01315000
v -0.10949999 -0.00600000 0.01315002
v -0.11034802 -0.00585178 0.01315000
v -0.11184362 -0.00437030 0.01315000
v -0.11125936 -0.00527613 0.01315000
v -0.09499999 0.00830000 0.01315000
v -0.11499999 0.00830000 0.01315000
v -0.11499999 -0.00830000 0.01315000
v -0.09499999 -0.00830000 0.01315000
v -0.09499999 -0.01192277 0.01580304
v -0.09500001 -0.01210000 0.01694997
v -0.11500002 -0.01210000 0.01695003
v -0.11499999 -0.01192277 0.01580304
v -0.11499999 -0.01138686 0.01473385
v -0.09499999 -0.01138686 0.01473385
v -0.11499999 -0.01054517 0.01388418
v -0.09499999 -0.01054517 0.01388418
v -0.11499999 -0.00948108 0.01333821
v -0.09499999 -0.00948108 0.01333821
v -0.10499960 -0.01210000 0.03355000
v -0.11499996 -0.01210000 0.03355003
v -0.11003749 -0.01210000 0.02618098
v -0.11003749 -0.01210000 0.02431902
v -0.11043097 -0.01210000 0.02471250
v -0.11057499 -0.01210000 0.02525000
v -0.11043097 -0.01210000 0.02578750
v -0.10949999 -0.01210000 0.02632500
v -0.10903357 -0.01210000 0.02621854
v -0.09999979 -0.01210000 0.03355000
v -0.10865952 -0.01210000 0.02592026
v -0.09499999 -0.01210000 0.03355000
v -0.10845194 -0.01210000 0.02548921
v -0.10845194 -0.01210000 0.02501079
v -0.10865952 -0.01210000 0.02457975
v -0.10903357 -0.01210000 0.02428146
v -0.10949999 -0.01210000 0.02417500
v -0.09499999 -0.01191179 0.03473108
v -0.11499999 -0.01191179 0.03473108
v -0.09499999 -0.01136582 0.03579516
v -0.11499999 -0.01136582 0.03579516
v -0.09499999 -0.01051615 0.03663685
v -0.11499999 -0.01051615 0.03663685
v -0.09499999 -0.00944697 0.03717277
v -0.11499999 -0.00944697 0.03717277
v -0.09499999 -0.00830000 0.03735000
v -0.11499999 -0.00830000 0.03735000
v -0.11000003 0.00829999 0.03735000
v -0.11500001 0.00829998 0.03735000
v -0.09500001 0.00830002 0.03735000
v -0.10500005 0.00830000 0.03735000
v -0.09499999 0.00944697 0.03717277
v -0.11499999 0.00944697 0.03717277
v -0.09499999 0.01051615 0.03663685
v -0.11499999 0.01051615 0.03663685
v -0.09499999 0.01136582 0.03579516
v -0.11499999 0.01136582 0.03579516
v -0.09499999 0.01191179 0.03473108
v -0.11499999 0.01191179 0.03473108
v -0.09499999 0.01210000 0.03355000
v -0.11499999 0.01210000 0.03355000
v -0.11043097 0.01210000 0.02471250
v -0.11499999 0.01210000 0.01695000
v -0.11057499 0.01210000 0.02525000
v -0.10949999 0.01210000 0.02632500
v -0.11003749 0.01210000 0.02618098
v -0.11043097 0.01210000 0.02578750
v -0.10903357 0.01210000 0.02621854
v -0.10865952 0.01210000 0.02592026
v -0.11003749 0.01210000 0.02431902
v -0.10949999 0.01210000 0.02417500
v -0.09499999 0.01210000 0.01695000
v -0.10903357 0.01210000 0.02428146
v -0.10865952 0.01210000 0.02457975
v -0.10845194 0.01210000 0.02501079
v -0.10845194 0.01210000 0.02548921
v -0.11499999 0.00947426 0.01333599
v -0.09499999 0.00947426 0.01333599
v -0.11499999 0.01053358 0.01387574
v -0.09499999 0.01053358 0.01387574
v -0.11499999 0.01137426 0.01471641
v -0.09499999 0.01137426 0.01471641
v -0.11499999 0.01191401 0.01577574
v -0.09499999 0.01191401 0.01577574
v -0.09499999 -0.00069421 0.03880845
v -0.09499999 0.00000000 0.03865000
v -0.09499999 -0.01040000 0.01186658
v -0.09499999 -0.00155988 0.03989397
v -0.09499999 -0.01188328 0.03729786
v -0.09499999 -0.01121183 0.03804359
v -0.09499999 0.00039721 0.00647082
v -0.09499999 -0.00039721 0.00647082
v -0.09499999 0.00000000 0.00865000
v -0.09499999 -0.00117426 0.00663598
v -0.09499999 -0.00080000 0.00886436
v -0.09499999 -0.00190000 0.00695910
v -0.09499999 -0.00138564 0.00945000
v -0.09499999 -0.00160000 0.01025000
v -0.09499999 -0.00138564 0.01105000
v -0.09499999 -0.00080000 0.01163564
v -0.09499999 0.00000000 0.01185000
v -0.09499999 0.00069421 0.01169155
v -0.09499999 -0.00039721 0.04402918
v -0.09499999 0.00000000 0.04185000
v -0.09499999 -0.00069421 0.04169155
v -0.09499999 -0.00155988 0.04060603
v -0.09499999 -0.01040000 0.03863342
v -0.09499999 -0.00125093 0.04124758
v -0.09499999 -0.00190000 0.04354089
v -0.09499999 -0.00117426 0.04386401
v -0.09499999 -0.00125093 0.03925242
v -0.09499999 -0.01121631 0.01246045
v -0.09499999 -0.01189036 0.01321190
v -0.09499999 -0.01239235 0.01408771
v -0.09499999 -0.01270007 0.01504914
v -0.09499999 -0.01280000 0.01602350
v -0.09499999 -0.01280000 0.03447650
v -0.09499999 -0.01269511 0.03547447
v -0.09499999 -0.01238502 0.03642883
v -0.09499999 0.00117426 0.00663598
v -0.09499999 0.00069421 0.00880845
v -0.09499999 0.00190000 0.00695910
v -0.09499999 0.00125093 0.00925242
v -0.09499999 0.01040000 0.01186658
v -0.09499999 0.00155988 0.00989397
v -0.09499999 0.01121183 0.01245641
v -0.09499999 0.00155988 0.01060603
v -0.09499999 0.01188328 0.01320214
v -0.09499999 0.01040000 0.03863342
v -0.09499999 0.00039721 0.04402918
v -0.09499999 0.00117426 0.04386401
v -0.09499999 0.00080000 0.04163564
v -0.09499999 0.00190000 0.04354089
v -0.09499999 0.00138564 0.04105000
v -0.09499999 0.00160000 0.04025000
v -0.09499999 0.00138564 0.03945000
v -0.09499999 0.00080000 0.03886436
v -0.09499999 0.01121183 0.03804359
v -0.09499999 0.01188328 0.03729786
v -0.09499999 0.01238502 0.03642883
v -0.09499999 0.01269511 0.03547447
v -0.09499999 0.01280000 0.03447650
v -0.09499999 0.01280000 0.01602350
v -0.09499999 0.01269511 0.01502552
v -0.09499999 0.01238502 0.01407116
v -0.09499999 0.00125093 0.01124758
v -0.09425921 -0.01390866 0.01602350
v -0.09380002 -0.01400000 0.01602351
v -0.09379996 -0.01400000 0.03447650
v -0.09425134 -0.01391188 0.03447650
v -0.09464450 -0.01365253 0.03447650
v -0.09464852 -0.01364853 0.01602350
v -0.09490756 -0.01326184 0.03447650
v -0.09490865 -0.01325922 0.01602350
v -0.09425921 -0.01095433 0.01090646
v -0.09379999 -0.01100000 0.01082735
v -0.09379999 -0.01202038 0.01156968
v -0.09490865 -0.01314973 0.01495592
v -0.09464852 -0.01353093 0.01487689
v -0.09425921 -0.01378564 0.01482409
v -0.09379999 -0.01387508 0.01480555
v -0.09425921 -0.01195918 0.01163748
v -0.09379999 -0.01224930 0.01178753
v -0.09425921 -0.01278892 0.01256251
v -0.09379999 -0.01286295 0.01250900
v -0.09379999 -0.01320555 0.01303984
v -0.09425921 -0.01340685 0.01364060
v -0.09379999 -0.01349043 0.01360377
v -0.09379999 -0.01380281 0.01449792
v -0.09464852 -0.01316881 0.01374551
v -0.09464852 -0.01257809 0.01271488
v -0.09464852 -0.01178487 0.01183058
v -0.09464852 -0.01082426 0.01113173
v -0.09490865 -0.01281257 0.01390251
v -0.09490865 -0.01226255 0.01294292
v -0.09490865 -0.01152401 0.01211957
v -0.09490865 -0.01062961 0.01146889
v -0.09490865 -0.00212961 0.00656140
v -0.09464852 -0.00232426 0.00622426
v -0.09425921 -0.00245433 0.00599898
v -0.09379999 -0.00250000 0.00591987
v -0.09299999 -0.01100000 0.01082735
v -0.09299999 -0.00250000 0.00591987
v -0.09379999 0.00250000 0.00591987
v -0.09299999 0.00250000 0.00591987
v -0.09299999 0.00129410 0.00542037
v -0.09379999 -0.00154508 0.00549472
v -0.09379999 -0.00052264 0.00527739
v -0.09299999 -0.00000000 0.00525000
v -0.09299999 -0.00129410 0.00542037
v -0.09379999 -0.00000000 0.00525000
v -0.09379999 0.00052264 0.00527739
v -0.09379999 0.00154508 0.00549472
v -0.09490865 0.00212961 0.00656140
v -0.09490865 0.00131617 0.00619924
v -0.09464852 0.00232426 0.00622426
v -0.09464852 0.00143647 0.00582899
v -0.09425921 0.00245433 0.00599898
v -0.09425921 0.00151686 0.00558159
v -0.09425921 0.00051309 0.00536824
v -0.09425921 -0.00051309 0.00536824
v -0.09425921 -0.00151686 0.00558159
v -0.09464852 0.00048590 0.00562694
v -0.09464852 -0.00048590 0.00562694
v -0.09464852 -0.00143647 0.00582899
v -0.09490865 0.00044521 0.00601411
v -0.09490865 -0.00044521 0.00601411
v -0.09490865 -0.00131617 0.00619924
v -0.09379999 0.01100000 0.01082735
v -0.09425921 0.01095433 0.01090646
v -0.09464852 0.01082426 0.01113173
v -0.09490865 0.01062961 0.01146889
v -0.09490865 0.01325922 0.01602350
v -0.09490865 0.01314429 0.01493005
v -0.09464852 0.01364853 0.01602350
v -0.09464852 0.01352509 0.01484911
v -0.09425921 0.01390866 0.01602350
v -0.09425921 0.01377954 0.01479503
v -0.09379999 0.01400000 0.01602350
v -0.09379999 0.01386889 0.01477603
v -0.09379999 0.01379555 0.01447059
v -0.09425921 0.01339782 0.01362023
v -0.09379999 0.01348127 0.01358308
v -0.09379999 0.01319615 0.01302350
v -0.09425921 0.01278020 0.01255048
v -0.09379999 0.01285410 0.01249679
v -0.09425921 0.01195366 0.01163252
v -0.09379999 0.01224264 0.01178086
v -0.09379999 0.01201478 0.01156463
v -0.09464852 0.01316019 0.01372604
v -0.09464852 0.01256976 0.01270338
v -0.09464852 0.01177960 0.01182583
v -0.09490865 0.01280454 0.01388439
v -0.09490865 0.01225480 0.01293221
v -0.09490865 0.01151911 0.01211514
v -0.09379999 0.01400000 0.03447650
v -0.09425921 0.01390866 0.03447650
v -0.09464852 0.01364853 0.03447650
v -0.09490865 0.01325922 0.03447650
v -0.09439999 0.01091962 0.03953342
v -0.09425921 0.01095433 0.03959354
v -0.09425921 0.01195366 0.03886748
v -0.09379999 0.01100000 0.03967265
v -0.09379999 0.01201478 0.03893536
v -0.09379999 0.01224264 0.03871914
v -0.09425921 0.01278020 0.03794952
v -0.09379999 0.01285410 0.03800321
v -0.09379999 0.01319615 0.03747649
v -0.09425921 0.01339782 0.03687976
v -0.09379999 0.01348127 0.03691692
v -0.09425921 0.01377954 0.03570497
v -0.09379999 0.01379555 0.03602941
v -0.09379999 0.01386889 0.03572397
v -0.09483922 0.01070000 0.03915303
v -0.09464852 0.01082426 0.03936826
v -0.09464852 0.01177960 0.03867417
v -0.09464852 0.01256976 0.03779662
v -0.09464852 0.01316019 0.03677396
v -0.09464852 0.01352509 0.03565089
v -0.09490865 0.01062961 0.03903111
v -0.09490865 0.01151911 0.03838486
v -0.09490865 0.01225480 0.03756779
v -0.09490865 0.01280454 0.03661561
v -0.09490865 0.01314429 0.03556995
v -0.09379999 0.00250000 0.04458012
v -0.09425921 0.00245433 0.04450102
v -0.09439999 0.00241962 0.04444090
v -0.09464852 0.00232426 0.04427574
v -0.09483922 0.00220000 0.04406051
v -0.09490865 0.00212961 0.04393859
v -0.09490865 -0.00212961 0.04393859
v -0.09490865 -0.00131617 0.04430076
v -0.09464852 -0.00232426 0.04427574
v -0.09464852 -0.00143647 0.04467101
v -0.09425921 -0.00245433 0.04450102
v -0.09425921 -0.00151686 0.04491841
v -0.09379999 -0.00250000 0.04458012
v -0.09379999 -0.00154508 0.04500528
v -0.09379999 -0.00052264 0.04522261
v -0.09425921 -0.00051309 0.04513177
v -0.09379999 -0.00000000 0.04525000
v -0.09425921 0.00051309 0.04513177
v -0.09425921 0.00151686 0.04491841
v -0.09379999 0.00154508 0.04500528
v -0.09379999 0.00052264 0.04522261
v -0.09464852 -0.00048590 0.04487306
v -0.09464852 0.00048590 0.04487306
v -0.09464852 0.00143647 0.04467101
v -0.09490865 -0.00044521 0.04448589
v -0.09490865 0.00044521 0.04448589
v -0.09490865 0.00131617 0.04430076
v -0.09379999 -0.01100000 0.03967265
v -0.09425134 -0.01095594 0.03959634
v -0.09464450 -0.01082626 0.03937173
v -0.09490756 -0.01063092 0.03903338
v -0.09490756 -0.01314685 0.03557049
v -0.09464450 -0.01352901 0.03565172
v -0.09425134 -0.01378269 0.03570564
v -0.09379999 -0.01224930 0.03871247
v -0.09379999 -0.01201478 0.03893536
v -0.09425134 -0.01195582 0.03886988
v -0.09379999 -0.01285410 0.03800321
v -0.09425134 -0.01278281 0.03795141
v -0.09379999 -0.01320555 0.03746016
v -0.09425134 -0.01340077 0.03688107
v -0.09379999 -0.01348127 0.03691692
v -0.09379999 -0.01380281 0.03600208
v -0.09379999 -0.01386889 0.03572397
v -0.09464450 -0.01316384 0.03677559
v -0.09464450 -0.01257299 0.03779897
v -0.09464450 -0.01178228 0.03867714
v -0.09490756 -0.01280693 0.03661668
v -0.09490756 -0.01225692 0.03756933
v -0.09490756 -0.01152086 0.03838680
v -0.09299999 -0.01400000 0.03447650
v -0.09299999 -0.01380281 0.03600208
v -0.09299999 -0.01320555 0.03746016
v -0.09299999 -0.01224930 0.03871247
v -0.09299999 -0.01100000 0.03967265
v -0.09299999 -0.00250000 0.04458012
v -0.09299999 -0.00129410 0.04507963
v -0.09299999 0.00250000 0.04458012
v -0.09299999 -0.00000000 0.04525000
v -0.09299999 0.00129410 0.04507963
v -0.09299999 0.01100000 0.03967265
v -0.09299999 0.01379555 0.03602941
v -0.09299999 0.01400000 0.03447650
v -0.09299999 0.01319615 0.03747649
v -0.09299999 0.01224264 0.03871914
v -0.09299999 0.01400000 0.01602350
v -0.09299999 0.01319615 0.01302350
v -0.09299999 0.01224264 0.01178086
v -0.09299999 0.01100000 0.01082735
v -0.09299999 0.01379555 0.01447059
v -0.09299999 0.01085000 0.02920000
v -0.09299999 0.01085000 0.02175000
v -0.09299999 -0.00138564 0.00945000
v -0.09299999 -0.00160000 0.01025000
v -0.09299999 -0.01135000 0.03019997
v -0.09299999 -0.01135000 0.02919997
v -0.09300004 -0.01400000 0.01602350
v -0.09299997 -0.01085000 0.02919997
v -0.09300001 -0.01085000 0.02174995
v -0.09299999 -0.00080000 0.00886436
v -0.09299999 0.00138564 0.03945000
v -0.09299999 0.00080000 0.03886436
v -0.09299999 -0.00000000 0.03865000
v -0.09299999 -0.00000000 0.00865000
v -0.09299999 -0.01224930 0.01178753
v -0.09299999 0.00080000 0.04163564
v -0.09299999 0.00138564 0.04105000
v -0.09299999 0.00160000 0.04025000
v -0.09299998 -0.01065000 0.02174999
v -0.09299999 -0.01380281 0.01449792
v -0.09299999 -0.01320555 0.01303984
v -0.09299999 -0.00138564 0.01105000
v -0.09299999 -0.00080000 0.01163564
v -0.09299999 -0.00000000 0.01185000
v -0.09299999 0.00069421 0.01169155
v -0.09299999 0.00910671 0.01479030
v -0.09299999 0.00815000 0.01460000
v -0.09299999 0.00069421 0.00880845
v -0.09299999 -0.00000000 0.04185000
v -0.09299999 -0.00069421 0.04169155
v -0.09299999 -0.00125093 0.04124758
v -0.09299999 0.00155988 0.01060603
v -0.09299999 0.00155988 0.00989397
v -0.09299999 0.00125093 0.00925242
v -0.09299999 0.00125093 0.01124758
v -0.09299999 0.01065000 0.02175000
v -0.09299999 0.01065000 0.01710000
v -0.09299999 0.01045970 0.01614329
v -0.09299999 0.00991777 0.01533224
v -0.09299999 0.01045744 0.03436215
v -0.09299999 0.01065000 0.03340000
v -0.09299999 -0.00069421 0.03880845
v -0.09299999 -0.00125093 0.03925242
v -0.09299999 -0.00155988 0.03989397
v -0.09299999 -0.00155988 0.04060603
v -0.09299999 0.00815000 0.03590000
v -0.09299999 0.00909034 0.03571641
v -0.09299999 0.00990941 0.03517608
v -0.09299999 0.01135000 0.02920000
v -0.09299999 0.01135000 0.03020000
v -0.09299999 0.01065000 0.03090000
v -0.09299999 -0.01065000 0.03089997
v -0.10549999 -0.01135000 0.03020003
v -0.10549998 -0.01065000 0.03090003
v -0.10549999 -0.01084998 0.02874998
v -0.10550000 -0.01064998 0.02874998
v -0.10549999 -0.01085000 0.02920003
v -0.10549999 -0.01135000 0.02920003
v -0.11499997 -0.01085002 0.02875002
v -0.11500000 -0.01065002 0.02875002
v -0.11500001 -0.01085000 0.02175005
v -0.11499999 0.01084998 0.02875000
v -0.11499999 0.01085000 0.02175000
v -0.11499998 -0.01065000 0.02175004
v -0.11499999 0.01065000 0.02175000
v -0.11499999 0.01065000 0.01710000
v -0.11499999 0.01045970 0.01614329
v -0.11499999 0.00991777 0.01533224
v -0.11499999 0.01064998 0.02875000
v -0.11499999 0.01065000 0.03340000
v -0.11499999 0.01045744 0.03436215
v -0.11499999 0.00990941 0.03517608
v -0.11499999 0.00910671 0.01479030
v -0.11499999 0.00815000 0.01460000
v -0.11499999 0.00815000 0.03590000
v -0.11499999 0.00909034 0.03571641
v -0.10549999 0.01085000 0.02920000
v -0.10549999 0.01085002 0.02875000
v -0.10949999 0.01085000 0.02632500
v -0.11003749 0.01085000 0.02618098
v -0.11043097 0.01085000 0.02578750
v -0.11043097 0.01085000 0.02471250
v -0.11057499 0.01085000 0.02525000
v -0.10903357 0.01085000 0.02621854
v -0.10865952 0.01085000 0.02592026
v -0.10845194 0.01085000 0.02548921
v -0.10845194 0.01085000 0.02501079
v -0.10865952 0.01085000 0.02457975
v -0.10903357 0.01085000 0.02428146
v -0.10949999 0.01085000 0.02417500
v -0.11003749 0.01085000 0.02431902
v -0.10549999 0.01065002 0.02875000
v -0.10549999 0.01135000 0.02920000
v -0.10549999 0.01135000 0.03020000
v -0.10549999 0.01065000 0.03090000
v -0.09899999 0.01065000 0.02175000
v -0.09599999 0.01065000 0.02175000
v -0.09599999 0.01025000 0.02175001
v -0.09899999 0.01025000 0.02174999
v -0.10099999 0.01065000 0.01745821
v -0.10399999 0.01065000 0.01745821
v -0.09599999 0.01065000 0.02025000
v -0.09899999 0.01065000 0.02025000
v -0.10100005 0.01065000 0.01895000
v -0.10400005 0.01065000 0.01895000
v -0.09899998 0.01025000 0.02024999
v -0.09599999 0.01025000 0.02025001
v -0.10399999 -0.01065000 0.01745822
v -0.10399999 -0.01065001 0.01895001
v -0.09899998 -0.01065000 0.02174996
v -0.10099999 -0.01064999 0.01894999
v -0.10100000 -0.01065000 0.01745821
v -0.09899999 -0.01065000 0.02025001
v -0.09599999 -0.01065000 0.02024999
v -0.09599999 -0.01065000 0.02175001
v -0.09599999 -0.01025000 0.02175000
v -0.09899999 -0.01025000 0.02175000
v -0.09899999 -0.01025000 0.02025000
v -0.09599999 -0.01025000 0.02025000
v -0.11057499 -0.01085000 0.02525000
v -0.11043097 -0.01085000 0.02471250
v -0.11043097 -0.01085000 0.02578750
v -0.11003749 -0.01085000 0.02618098
v -0.10949999 -0.01085000 0.02632500
v -0.10903357 -0.01085000 0.02621854
v -0.11003749 -0.01085000 0.02431902
v -0.10949999 -0.01085000 0.02417500
v -0.10903357 -0.01085000 0.02428146
v -0.10865952 -0.01085000 0.02457975
v -0.10845194 -0.01085000 0.02501079
v -0.10845194 -0.01085000 0.02548921
v -0.10865952 -0.01085000 0.02592026
v -0.10399999 -0.01025000 0.01745821
v -0.10399999 -0.01025001 0.01895000
v -0.10099999 -0.01025000 0.01745821
v -0.10099999 -0.01024999 0.01895000
v -0.10399995 0.01025000 0.01894998
v -0.10399998 0.01025000 0.01745819
v -0.10099998 0.01025000 0.01745824
v -0.10099995 0.01025000 0.01895003
v -0.10596249 0.00152957 0.01324167
v -0.10596249 0.00080669 0.01324167
v -0.10515626 0.00040357 0.01324167
v -0.10515626 0.00031969 0.01324167
v -0.10596625 0.00072481 0.01324167
v -0.10688126 0.00078328 0.01324167
v -0.10685976 0.00064462 0.01324167
v -0.10674732 0.00045933 0.01324167
v -0.10656245 0.00034620 0.01324167
v -0.10634629 0.00033043 0.01324167
v -0.10614695 0.00041551 0.01324167
v -0.10600881 0.00058251 0.01324167
v -0.10688125 0.00160457 0.01324167
v -0.10515626 0.00160457 0.01324167
v -0.10515626 0.00152957 0.01324166
v -0.10617819 0.00048632 0.01324167
v -0.10607291 0.00062244 0.01324167
v -0.10603750 0.00078357 0.01324167
v -0.10633230 0.00040978 0.01324167
v -0.10650437 0.00040815 0.01324167
v -0.10665990 0.00048176 0.01324167
v -0.10676773 0.00061586 0.01324167
v -0.10680625 0.00078357 0.01324167
v -0.10680625 0.00152957 0.01324167
v -0.10603751 0.00152957 0.01324166
v -0.10680625 0.00152957 0.01345000
v -0.10680625 0.00078354 0.01345000
v -0.10676773 0.00061586 0.01345000
v -0.10665990 0.00048176 0.01345000
v -0.10650437 0.00040815 0.01345000
v -0.10633230 0.00040978 0.01345000
v -0.10617819 0.00048632 0.01345000
v -0.10607291 0.00062244 0.01345000
v -0.10603750 0.00078360 0.01345000
v -0.10603751 0.00152957 0.01344999
v -0.10575891 -0.00466331 0.01324167
v -0.10557123 -0.00463125 0.01324167
v -0.10533986 -0.00447739 0.01324167
v -0.10520979 -0.00423187 0.01324167
v -0.10521245 -0.00395403 0.01324167
v -0.10534719 -0.00371104 0.01324167
v -0.10558145 -0.00356163 0.01324167
v -0.10575915 -0.00353305 0.01324167
v -0.10624091 -0.00353304 0.01324167
v -0.10640847 -0.00355842 0.01324167
v -0.10663381 -0.00369186 0.01324167
v -0.10677480 -0.00391256 0.01324167
v -0.10680117 -0.00417313 0.01324167
v -0.10670724 -0.00441760 0.01324167
v -0.10651319 -0.00459348 0.01324167
v -0.10635400 -0.00465193 0.01324167
v -0.10635400 -0.00472832 0.01324167
v -0.10624006 -0.00345798 0.01324167
v -0.10653730 -0.00466567 0.01324167
v -0.10676278 -0.00446910 0.01324167
v -0.10687434 -0.00419155 0.01324167
v -0.10684762 -0.00389362 0.01324167
v -0.10668845 -0.00364034 0.01324167
v -0.10643160 -0.00348704 0.01324167
v -0.10575890 -0.00345794 0.01324167
v -0.10575890 -0.00345794 0.01334584
v -0.10575783 -0.00473839 0.01324167
v -0.10554636 -0.00349424 0.01324167
v -0.10555705 -0.00470579 0.01324167
v -0.10529198 -0.00453628 0.01324167
v -0.10513967 -0.00426097 0.01324167
v -0.10513690 -0.00394635 0.01324167
v -0.10528433 -0.00366840 0.01324167
v -0.10603751 -0.00473832 0.01324167
v -0.10603750 -0.00409819 0.01324167
v -0.10596249 -0.00409819 0.01324167
v -0.10596249 -0.00466331 0.01324167
v -0.10672675 -0.00208656 0.01324167
v -0.10515626 -0.00320831 0.01324167
v -0.10515626 -0.00329193 0.01324166
v -0.10684375 -0.00329193 0.01324167
v -0.10684375 -0.00321693 0.01324167
v -0.10527325 -0.00321693 0.01324167
v -0.10684375 -0.00209518 0.01324167
v -0.10684375 -0.00201156 0.01324167
v -0.10515626 -0.00201156 0.01324167
v -0.10515626 -0.00208656 0.01324166
v -0.10684375 -0.00152944 0.01324167
v -0.10515626 -0.00152944 0.01324167
v -0.10515626 -0.00160443 0.01324166
v -0.10684375 -0.00160443 0.01324167
v -0.10515626 0.00321369 0.01324167
v -0.10560088 0.00302320 0.01324167
v -0.10560088 0.00203944 0.01324167
v -0.10515626 0.00184894 0.01324167
v -0.10515626 0.00176731 0.01324167
v -0.10684375 0.00249044 0.01324167
v -0.10684375 0.00257207 0.01324167
v -0.10515626 0.00329532 0.01324167
v -0.10567588 0.00299107 0.01324167
v -0.10567588 0.00207156 0.01324167
v -0.10674849 0.00253132 0.01324167
v -0.10567588 0.00207156 0.01345000
v -0.10567588 0.00299106 0.01345000
v -0.10674849 0.00253132 0.01345000
v -0.10515626 0.00353307 0.01324167
v -0.10515626 0.00345806 0.01324166
v -0.10684375 0.00345806 0.01324167
v -0.10684375 0.00353307 0.01324167
v -0.10603750 0.00353307 0.01324167
v -0.10603751 0.00466344 0.01324166
v -0.10684375 0.00466344 0.01324167
v -0.10684375 0.00473845 0.01324167
v -0.10515626 0.00473845 0.01324167
v -0.10515626 0.00466344 0.01324166
v -0.10596249 0.00466344 0.01324167
v -0.10596249 0.00353307 0.01324167
v -0.10160550 -0.00342633 0.01324166
v -0.10233993 -0.00499993 0.01324166
v -0.10160546 0.00342633 0.01324166
v -0.10233986 0.00499994 0.01324167
v -0.10106804 -0.00116309 0.01324166
v -0.10106803 0.00116309 0.01324166
v -0.10459583 -0.00499993 0.01324167
v -0.10381237 -0.00378823 0.01324167
v -0.10310907 -0.00193554 0.01324167
v -0.10287521 0.00003231 0.01324167
v -0.10312469 0.00199823 0.01324167
v -0.10384266 0.00384529 0.01324167
v -0.10459574 0.00499994 0.01324167
v -0.10160546 0.00342633 0.01324167
v -0.10106803 0.00116309 0.01324167
v -0.10106804 -0.00116309 0.01324167
v -0.10160550 -0.00342633 0.01324167
v -0.10740434 0.00499997 0.01324167
v -0.10818777 0.00378828 0.01324166
v -0.10889104 0.00193556 0.01324166
v -0.10912487 -0.00003230 0.01324166
v -0.10887536 -0.00199823 0.01324166
v -0.10815736 -0.00384529 0.01324166
v -0.10740425 -0.00499994 0.01324166
v -0.10966012 -0.00499994 0.01324167
v -0.10966019 0.00499995 0.01324167
v -0.11049871 -0.00312598 0.01324167
v -0.11094377 -0.00105778 0.01324167
v -0.11094379 0.00105776 0.01324167
v -0.11049876 0.00312597 0.01324167
v -0.10818777 0.00378828 0.01324167
v -0.10889104 0.00193556 0.01324167
v -0.10912487 -0.00003230 0.01324167
v -0.10887536 -0.00199823 0.01324167
v -0.10815736 -0.00384529 0.01324167
v -0.11054999 -0.00399994 0.01324167
v -0.11077778 -0.00405193 0.01324167
v -0.11096045 -0.00419761 0.01324167
v -0.11106183 -0.00440811 0.01324167
v -0.11106183 -0.00464176 0.01324167
v -0.11096045 -0.00485227 0.01324167
v -0.11077778 -0.00499794 0.01324167
v -0.11054999 -0.00504993 0.01324167
v -0.11032220 -0.00499794 0.01324167
v -0.11013953 -0.00485227 0.01324167
v -0.11003815 -0.00464176 0.01324167
v -0.11003815 -0.00440811 0.01324167
v -0.11013953 -0.00419761 0.01324167
v -0.11032220 -0.00405193 0.01324167
v -0.11013862 -0.00428743 0.01324167
v -0.11007498 -0.00452494 0.01324167
v -0.11013862 -0.00476244 0.01324167
v -0.11031248 -0.00493630 0.01324167
v -0.11054999 -0.00499994 0.01324167
v -0.11075608 -0.00495290 0.01324167
v -0.11092137 -0.00482110 0.01324167
v -0.11101308 -0.00463064 0.01324167
v -0.11101308 -0.00441924 0.01324167
v -0.11092137 -0.00422878 0.01324167
v -0.11075608 -0.00409697 0.01324167
v -0.11054999 -0.00404993 0.01324167
v -0.11031248 -0.00411357 0.01324167
v -0.11054999 -0.00404993 0.01345000
v -0.11075608 -0.00409697 0.01345000
v -0.11092137 -0.00422878 0.01345000
v -0.11101308 -0.00441924 0.01345000
v -0.11101308 -0.00463064 0.01345000
v -0.11092137 -0.00482110 0.01345000
v -0.11075608 -0.00495290 0.01345000
v -0.11054999 -0.00499994 0.01345000
v -0.11031248 -0.00493630 0.01345000
v -0.11013862 -0.00476244 0.01345000
v -0.11007498 -0.00452494 0.01345000
v -0.11013862 -0.00428743 0.01345000
v -0.11031248 -0.00411357 0.01345000
v -0.11023749 -0.00432669 0.01345000
v -0.11023749 -0.00427668 0.01345000
v -0.11023749 -0.00477619 0.01345000
v -0.11023749 -0.00472019 0.01345000
v -0.11052500 -0.00457644 0.01345000
v -0.11052500 -0.00432669 0.01345000
v -0.11052912 -0.00463032 0.01345000
v -0.11054981 -0.00468344 0.01345000
v -0.11060719 -0.00474371 0.01345000
v -0.11088749 -0.00427668 0.01345000
v -0.11088748 -0.00459148 0.01345000
v -0.11087960 -0.00464477 0.01345000
v -0.11083771 -0.00471667 0.01345000
v -0.11076811 -0.00476228 0.01345000
v -0.11068546 -0.00477197 0.01345000
v -0.11023749 -0.00432669 0.01324167
v -0.11052500 -0.00432669 0.01324167
v -0.11052500 -0.00457644 0.01324167
v -0.11023749 -0.00472019 0.01324167
v -0.11023749 -0.00477619 0.01324167
v -0.11052912 -0.00463032 0.01324167
v -0.11088747 -0.00459152 0.01324167
v -0.11054981 -0.00468344 0.01324167
v -0.11060719 -0.00474371 0.01324167
v -0.11068546 -0.00477197 0.01324167
v -0.11076811 -0.00476228 0.01324167
v -0.11083771 -0.00471667 0.01324167
v -0.11087960 -0.00464477 0.01324167
v -0.11088749 -0.00427668 0.01324167
v -0.11023749 -0.00427668 0.01324167
v -0.11061687 -0.00468806 0.01324167
v -0.11058174 -0.00463348 0.01324167
v -0.11057500 -0.00459203 0.01324167
v -0.11067385 -0.00471913 0.01324167
v -0.11073875 -0.00471910 0.01324167
v -0.11079570 -0.00468797 0.01324167
v -0.11083078 -0.00463337 0.01324167
v -0.11083748 -0.00459187 0.01324167
v -0.11083750 -0.00432669 0.01324167
v -0.11057500 -0.00432669 0.01324167
v -0.11083750 -0.00432669 0.01345000
v -0.11083750 -0.00459185 0.01345000
v -0.11083078 -0.00463337 0.01345000
v -0.11079570 -0.00468797 0.01345000
v -0.11073875 -0.00471910 0.01345000
v -0.11067385 -0.00471913 0.01345000
v -0.11061687 -0.00468806 0.01345000
v -0.11058174 -0.00463348 0.01345000
v -0.11057500 -0.00459197 0.01345000
v -0.11057500 -0.00432669 0.01345000
v 0.07102223 -0.03038759 0.00450000
v 0.07148192 -0.03058428 0.00400000
v 0.07547370 -0.01867575 0.00400000
v 0.07498834 -0.01855565 0.00450000
v 0.07749597 -0.00627988 0.00400000
v 0.07699761 -0.00623949 0.00450000
v 0.07749597 0.00627988 0.00400000
v 0.07699761 0.00623949 0.00450000
v 0.07547370 0.01867575 0.00400000
v 0.07498834 0.01855565 0.00450000
v 0.07148192 0.03058428 0.00400000
v 0.07102223 0.03038759 0.00450000
v 0.07132655 -0.03152413 0.00400000
v 0.07082802 -0.03156241 0.00450000
v 0.07163286 -0.03244399 0.00400000
v 0.07121091 -0.03271223 0.00450000
v 0.07232068 -0.03310306 0.00400000
v 0.07207068 -0.03353607 0.00450000
v 0.07465801 -0.03502984 0.00450000
v 0.07489800 -0.03459103 0.00400002
v 0.07698790 -0.03619535 0.00400002
v 0.07655565 -0.03646426 0.00450000
v 0.07820959 -0.03944191 0.00450000
v 0.07868341 -0.03927879 0.00400002
v 0.07826235 -0.04284766 0.00450000
v 0.07878599 -0.04279615 0.00400002
v 0.07670145 -0.04587512 0.00450000
v 0.07727305 -0.04597316 0.00400002
v 0.07519709 -0.04774519 0.00400001
v 0.07389647 -0.04780747 0.00450000
v 0.07407142 -0.04827586 0.00400000
v 0.07275668 -0.04863476 0.00400001
v 0.07144710 -0.04824999 0.00450000
v 0.07144710 -0.04874999 0.00400001
v 0.06392058 -0.04531376 0.00450000
v 0.05395593 -0.05528400 0.00450000
v 0.06182754 -0.04631326 0.00450000
v 0.07096416 0.03905244 0.00450000
v 0.06274132 -0.04556080 0.00450000
v 0.07082748 0.03155518 0.00450000
v 0.07120316 0.03269996 0.00450000
v 0.07348979 0.04030664 0.00450000
v 0.07287350 0.03950993 0.00450000
v -0.07102223 -0.03038759 0.00450000
v -0.07082802 -0.03156241 0.00450000
v -0.06274786 -0.04555766 0.00450000
v -0.07121091 -0.03271223 0.00450000
v -0.06393508 -0.04531434 0.00450000
v 0.07096416 -0.04344756 0.00450000
v 0.07005374 -0.04301665 0.00450000
v 0.06766547 -0.04714059 0.00450000
v -0.00000000 0.07725000 0.00450000
v -0.07121091 0.03271223 0.00450000
v -0.07082802 0.03156241 0.00450000
v 0.07197136 0.03906193 0.00450000
v -0.07823244 0.03953007 0.00450000
v -0.07650723 0.03641326 0.00450000
v -0.07284045 0.03948335 0.00450000
v -0.07465796 0.03502989 0.00450000
v -0.07193003 0.03905244 0.00450000
v -0.07207068 0.03353607 0.00450000
v -0.07092283 0.03906193 0.00450000
v -0.07002069 0.03950993 0.00450000
v -0.06940441 0.04030664 0.00450000
v -0.07194777 -0.04344359 0.00450000
v -0.07284994 -0.04300912 0.00450000
v -0.07670148 -0.04587511 0.00450000
v -0.07197136 -0.03906193 0.00450000
v -0.07096416 -0.03905244 0.00450000
v 0.06382843 0.04531207 0.00450000
v 0.06270351 0.04557945 0.00450000
v 0.06940696 0.04219886 0.00450000
v -0.02351402 0.07358433 0.00450000
v -0.03456778 0.06908423 0.00450000
v -0.01189902 0.07632808 0.00450000
v -0.04479647 0.06293520 0.00450000
v -0.07826236 -0.04284757 0.00450000
v 0.06182754 0.04631326 0.00450000
v -0.04479647 -0.06293520 0.00450000
v -0.03456778 -0.06908423 0.00450000
v -0.05395593 -0.05528400 0.00450000
v 0.05395593 0.05528400 0.00450000
v -0.06182754 -0.04631326 0.00450000
v 0.04479647 0.06293520 0.00450000
v 0.03456778 0.06908423 0.00450000
v 0.06507843 -0.04564700 0.00450000
v 0.06942255 -0.04223169 0.00450000
v 0.02351402 0.07358433 0.00450000
v 0.01189902 0.07632808 0.00450000
v 0.07823244 0.03952977 0.00450000
v 0.07369710 0.04125000 0.00450000
v -0.00000000 -0.07725000 0.00450000
v -0.01189902 -0.07632808 0.00450000
v -0.02351402 -0.07358433 0.00450000
v -0.07102223 0.03038759 0.00450000
v -0.07498834 0.01855565 0.00450000
v -0.07699761 0.00623949 0.00450000
v -0.07699761 -0.00623949 0.00450000
v -0.07498834 -0.01855565 0.00450000
v -0.07207068 -0.03353607 0.00450000
v -0.07465791 -0.03502982 0.00450000
v -0.07287350 -0.03950993 0.00450000
v -0.07655543 -0.03646412 0.00450000
v -0.07348979 -0.04030664 0.00450000
v -0.07820950 -0.03944176 0.00450000
v -0.07369710 -0.04125000 0.00450000
v -0.07347427 -0.04222624 0.00450000
v 0.01189902 -0.07632808 0.00450000
v 0.02351402 -0.07358433 0.00450000
v 0.07005374 0.03948335 0.00450000
v 0.03456778 -0.06908423 0.00450000
v 0.04479647 -0.06293520 0.00450000
v 0.06447927 0.04539827 0.00450000
v 0.07650712 0.03641302 0.00450000
v 0.07465801 0.03502984 0.00450000
v 0.07207068 0.03353607 0.00450000
v 0.07096416 -0.03905244 0.00450000
v 0.07197136 -0.03906193 0.00450000
v 0.07287350 -0.03950993 0.00450000
v -0.06382843 0.04531207 0.00450000
v -0.06940441 0.04219336 0.00450000
v -0.06270973 0.04557633 0.00450000
v -0.06919710 0.04125000 0.00450000
v -0.06182754 0.04631326 0.00450000
v -0.05395593 0.05528400 0.00450000
v -0.07005374 -0.03948335 0.00450000
v -0.06942255 -0.04026831 0.00450000
v -0.06919710 -0.04125000 0.00450000
v -0.06941991 -0.04222624 0.00450000
v 0.06942255 0.04026831 0.00450000
v 0.06919710 0.04125000 0.00450000
v 0.06919710 -0.04125000 0.00450000
v 0.06942255 -0.04026831 0.00450000
v 0.07005374 -0.03948335 0.00450000
v 0.07348979 -0.04030664 0.00450000
v -0.07347164 0.04026831 0.00450000
v -0.07369710 0.04125000 0.00450000
v -0.07820026 0.04309235 0.00450000
v -0.07347164 0.04223169 0.00450000
v -0.07641900 0.04617748 0.00450000
v -0.07284045 0.04301665 0.00450000
v -0.07335000 0.04798640 0.00450000
v -0.07193003 0.04344756 0.00450000
v -0.06978816 0.04805060 0.00450000
v -0.07092283 0.04343807 0.00450000
v -0.06766575 0.04714080 0.00450000
v -0.07002069 0.04299007 0.00450000
v -0.06507843 0.04564700 0.00450000
v -0.06447927 0.04539827 0.00450000
v -0.07389648 -0.04780752 0.00450000
v -0.07144707 -0.04825005 0.00450000
v -0.07094643 -0.04344359 0.00450000
v -0.06946523 -0.04796364 0.00450000
v -0.07004424 -0.04300912 0.00450000
v -0.06766573 -0.04714081 0.00450000
v -0.06507843 -0.04564700 0.00450000
v 0.07348724 0.04219886 0.00450000
v 0.07820036 0.04309205 0.00450000
v 0.07286412 0.04299773 0.00450000
v 0.07641920 0.04617723 0.00450000
v 0.07195368 0.04344223 0.00450000
v 0.07335027 0.04798625 0.00450000
v 0.07094052 0.04344223 0.00450000
v 0.06978842 0.04805057 0.00450000
v 0.07003008 0.04299773 0.00450000
v 0.06766578 0.04714072 0.00450000
v 0.06507843 0.04564700 0.00450000
v 0.06946510 -0.04796353 0.00450000
v 0.07197136 -0.04343807 0.00450000
v 0.07287350 -0.04299007 0.00450000
v 0.07348979 -0.04219336 0.00450000
v 0.07369710 -0.04125000 0.00450000
v 0.06482843 0.04608002 0.00400000
v 0.06434911 0.04588103 0.00400000
v 0.06390795 0.04581365 0.00400000
v 0.06382843 0.04581207 0.00400000
v 0.06222772 0.04661302 0.00100000
v 0.06222772 0.04661302 0.00400000
v 0.06292850 0.04602598 0.00100000
v 0.06292850 0.04602598 0.00400000
v 0.06296922 0.04600604 0.00100000
v 0.06296922 0.04600604 0.00400000
v 0.06382843 0.04581207 0.00100000
v 0.06390795 0.04581365 0.00100000
v 0.06434911 0.04588103 0.00100000
v 0.06482843 0.04608002 0.00100000
v -0.06222772 0.04661302 0.00100000
v -0.06222772 0.04661302 0.00400000
v -0.05430515 0.05564182 0.00400000
v -0.05430515 0.05564182 0.00100000
v -0.04508641 0.06334254 0.00400000
v -0.04508641 0.06334254 0.00100000
v -0.03479153 0.06953137 0.00400000
v -0.03479153 0.06953137 0.00100000
v -0.02366622 0.07406060 0.00400000
v -0.02366622 0.07406060 0.00100000
v -0.01197603 0.07682212 0.00400000
v -0.01197603 0.07682212 0.00100000
v 0.00000000 0.07775000 0.00400000
v 0.00000000 0.07775000 0.00100000
v 0.01197603 0.07682212 0.00400000
v 0.01197603 0.07682212 0.00100000
v 0.02366622 0.07406060 0.00400000
v 0.02366622 0.07406060 0.00100000
v 0.03479153 0.06953137 0.00400000
v 0.03479153 0.06953137 0.00100000
v 0.04508641 0.06334254 0.00400000
v 0.04508641 0.06334254 0.00100000
v 0.05430515 0.05564182 0.00400000
v 0.05430515 0.05564182 0.00100000
v -0.06292850 0.04602598 0.00100000
v -0.06390795 0.04581365 0.00100000
v -0.06482843 0.04608002 0.00100000
v -0.06482843 0.04608002 0.00400000
v -0.06434911 0.04588103 0.00400000
v -0.06390795 0.04581365 0.00400000
v -0.06382843 0.04581207 0.00100000
v -0.06382843 0.04581207 0.00400000
v -0.06293347 0.04602348 0.00400000
v -0.06740572 0.04756804 0.00099996
v -0.06740573 0.04756802 0.00400001
v -0.07894707 0.04125000 0.00099998
v -0.07894706 0.04125000 0.00399999
v -0.07870983 0.04312149 0.00099998
v -0.07868265 0.04322395 0.00399999
v -0.07801132 0.04487777 0.00099998
v -0.07845043 0.04393383 0.00399999
v -0.07689591 0.04640367 0.00099997
v -0.07677414 0.04652945 0.00399999
v -0.06966967 0.04853634 0.00400001
v -0.06966991 0.04853642 0.00099996
v -0.06984004 0.04857581 0.00400001
v -0.07335813 0.04850245 0.00099997
v -0.07348593 0.04846758 0.00399999
v -0.07207499 0.04872368 0.00099996
v -0.07144707 0.04875003 0.00399999
v -0.07144707 0.04875001 0.00099996
v -0.07392350 0.04832937 0.00099997
v -0.07561385 0.04748604 0.00099997
v -0.07645556 0.04683260 0.00399999
v -0.07645555 0.04683259 0.00099997
v -0.07677432 0.04652926 0.00099997
v -0.07489798 0.03459108 0.00100000
v -0.07489798 0.03459108 0.00399998
v -0.07645043 0.03566283 0.00099999
v -0.07692895 0.03613148 0.00399998
v -0.07768666 0.03708857 0.00099999
v -0.07849730 0.03869174 0.00399998
v -0.07852807 0.03877826 0.00099998
v -0.07871709 0.03940696 0.00099998
v -0.07871718 0.03940720 0.00399999
v -0.07892100 0.04062514 0.00099998
v -0.06966967 0.04853635 0.00400001
v -0.06978816 0.04805060 0.00450001
v -0.07650723 0.03641326 0.00450001
v -0.07823244 0.03953007 0.00450001
v -0.07820025 0.04309235 0.00450001
v -0.07335000 0.04798639 0.00450001
v -0.07641900 0.04617747 0.00450001
v -0.07232068 0.03310306 0.00400000
v -0.07148192 0.03058428 0.00400000
v -0.07132655 0.03152413 0.00400000
v -0.07162976 0.03243908 0.00400000
v -0.07163287 0.03244399 0.00400000
v -0.07547370 0.01867575 0.00400000
v -0.07704505 0.01044619 0.00400000
v -0.07749597 0.00627988 0.00400000
v -0.07775000 0.00000000 0.00400000
v -0.07749597 -0.00627988 0.00400000
v -0.07704505 -0.01044619 0.00400000
v -0.07547370 -0.01867575 0.00400000
v -0.07148192 -0.03058428 0.00400000
v -0.07232068 -0.03310306 0.00400000
v -0.07163286 -0.03244399 0.00400000
v -0.07132700 -0.03152992 0.00400000
v -0.07132655 -0.03152413 0.00400000
v -0.07489798 -0.03459108 0.00400000
v -0.07144707 -0.04875003 0.00400002
v -0.07335813 -0.04850244 0.00400002
v -0.07407141 -0.04827588 0.00400001
v -0.07645556 -0.04683260 0.00400002
v -0.07707679 -0.04620546 0.00400001
v -0.07845045 -0.04393384 0.00400002
v -0.07874916 -0.04296168 0.00400001
v -0.07692032 -0.03612227 0.00400000
v -0.07692894 -0.03613149 0.00400000
v -0.07869253 -0.03931260 0.00400000
v -0.07894709 -0.04125000 0.00400001
v -0.06984004 -0.04857580 0.00400001
v -0.06740573 -0.04756803 0.00400001
v -0.06482843 -0.04608002 0.00400000
v -0.06296398 -0.04600854 0.00400000
v -0.06222772 -0.04661302 0.00400000
v -0.06391955 -0.04581414 0.00400000
v -0.06391375 -0.04581389 0.00400000
v -0.06297446 -0.04600355 0.00400000
v -0.05430515 -0.05564182 0.00400000
v -0.04508641 -0.06334254 0.00400000
v -0.03479153 -0.06953137 0.00400000
v -0.02366622 -0.07406060 0.00400000
v -0.01197603 -0.07682212 0.00400000
v -0.00000000 -0.07775000 0.00400000
v 0.01197603 -0.07682212 0.00400000
v 0.02366622 -0.07406060 0.00400000
v 0.03479153 -0.06953137 0.00400000
v 0.04508641 -0.06334254 0.00400000
v 0.05430515 -0.05564182 0.00400000
v 0.06222772 -0.04661302 0.00400000
v 0.06295874 -0.04601106 0.00400000
v 0.06296922 -0.04600604 0.00400000
v 0.06482843 -0.04608002 0.00400000
v 0.06390795 -0.04581365 0.00400000
v 0.06390215 -0.04581343 0.00400000
v 0.06740574 -0.04756802 0.00400001
v 0.06975526 -0.04855667 0.00400000
v 0.06932353 -0.04844307 0.00400000
v 0.06740574 -0.04756802 0.00100002
v 0.06932371 -0.04844311 0.00100004
v 0.07345770 -0.04847544 0.00100002
v 0.07519707 -0.04774515 0.00100001
v 0.06975526 -0.04855666 0.00100004
v 0.07144712 -0.04874998 0.00100004
v 0.07159092 -0.04874859 0.00100004
v 0.06766576 -0.04714075 0.00050000
v 0.06946529 -0.04796352 0.00050000
v 0.07144712 -0.04824993 0.00050000
v 0.07465801 -0.03502984 0.00050000
v 0.07655563 -0.03646428 0.00050000
v 0.07820956 -0.03944191 0.00050000
v -0.06382843 0.04531207 0.00050000
v -0.06270351 0.04557945 0.00050000
v -0.07042269 -0.03681682 0.00050000
v -0.06182754 0.04631326 0.00050000
v 0.07102223 -0.03038759 0.00050000
v 0.07082748 -0.03155518 0.00050000
v 0.04479647 0.06293520 0.00050000
v -0.05395593 0.05528400 0.00050000
v -0.04479647 0.06293520 0.00050000
v -0.06858157 -0.03771570 0.00050000
v 0.06270351 0.04557945 0.00050000
v 0.07121091 0.03271223 0.00050000
v 0.06182754 0.04631326 0.00050000
v 0.05395593 0.05528400 0.00050000
v -0.06182754 -0.04631326 0.00050000
v -0.06274786 -0.04555766 0.00050000
v 0.00000000 0.07725000 0.00050000
v -0.07102223 0.03038759 0.00050000
v -0.07082802 0.03156241 0.00050000
v -0.07121091 0.03271223 0.00050000
v 0.07498834 -0.01855565 0.00050000
v 0.07082802 0.03156241 0.00050000
v 0.07102223 0.03038759 0.00050000
v 0.07498834 0.01855565 0.00050000
v 0.06862941 -0.03767744 0.00050000
v 0.07047049 -0.03680604 0.00050000
v 0.07250728 -0.03682524 0.00050000
v 0.07120316 -0.03269996 0.00050000
v -0.07498834 -0.01855565 0.00050000
v -0.07102223 -0.03038759 0.00050000
v -0.07082802 -0.03156241 0.00050000
v -0.07121091 -0.03271223 0.00050000
v 0.07207068 -0.03353607 0.00050000
v 0.07557786 -0.03934232 0.00050000
v 0.07433161 -0.03773118 0.00050000
v 0.06274132 -0.04556080 0.00050000
v 0.01189902 0.07632808 0.00050000
v -0.06393508 -0.04531434 0.00050000
v -0.03456778 0.06908423 0.00050000
v -0.07207068 -0.03353607 0.00050000
v -0.07247151 -0.03681682 0.00050000
v -0.07465795 -0.03502992 0.00050000
v 0.06732148 0.04316880 0.00050000
v 0.06382843 0.04531207 0.00050000
v 0.06735302 -0.03926480 0.00050000
v 0.06392058 -0.04531376 0.00050000
v 0.03456778 0.06908423 0.00050000
v 0.02351402 0.07358433 0.00050000
v -0.02351402 0.07358433 0.00050000
v -0.01189902 0.07632808 0.00050000
v -0.07699761 -0.00623949 0.00050000
v -0.07699761 0.00623949 0.00050000
v -0.07498834 0.01855565 0.00050000
v -0.06689709 0.04125000 0.00050000
v -0.06731633 0.04315768 0.00050000
v 0.07699761 0.00623949 0.00050000
v 0.07699761 -0.00623949 0.00050000
v 0.07599710 -0.04125000 0.00050000
v 0.07826233 -0.04284764 0.00050000
v 0.07566295 -0.04296145 0.00050000
v -0.07823244 0.03952982 0.00050000
v -0.07820036 0.04309212 0.00050000
v -0.07554118 0.04323520 0.00050000
v -0.07426477 0.04482256 0.00050000
v -0.07641919 0.04617733 0.00050000
v -0.07242370 0.04569396 0.00050000
v -0.07335024 0.04798636 0.00050000
v -0.07038690 0.04567476 0.00050000
v -0.06978837 0.04805069 0.00050000
v -0.06856258 0.04476882 0.00050000
v -0.06766573 0.04714081 0.00050000
v -0.06507843 0.04564700 0.00050000
v 0.06447927 0.04539827 0.00050000
v 0.06507843 0.04564700 0.00050000
v 0.06858157 0.04478430 0.00050000
v 0.06766564 0.04714072 0.00050000
v 0.07042269 0.04568318 0.00050000
v 0.06978828 0.04805060 0.00050000
v 0.07247151 0.04568318 0.00050000
v 0.07335013 0.04798634 0.00050000
v 0.07431262 0.04478430 0.00050000
v 0.07641910 0.04617739 0.00050000
v 0.07557271 0.04316880 0.00050000
v 0.07820035 0.04309225 0.00050000
v 0.07599710 0.04125000 0.00050000
v 0.07823252 0.03952996 0.00050000
v 0.07566295 0.03953855 0.00050000
v 0.06689709 -0.04125000 0.00050000
v 0.06723124 -0.04296145 0.00050000
v 0.06507843 -0.04564700 0.00050000
v 0.06821463 -0.04445214 0.00050000
v 0.06969599 -0.04544954 0.00050000
v 0.07467956 -0.04445214 0.00050000
v 0.07670144 -0.04587508 0.00050000
v 0.07319821 -0.04544954 0.00050000
v 0.07389647 -0.04780742 0.00050000
v 0.07144710 -0.04580000 0.00050000
v 0.06182754 -0.04631326 0.00050000
v 0.05395593 -0.05528400 0.00050000
v 0.04479647 -0.06293520 0.00050000
v 0.01189902 -0.07632808 0.00050000
v 0.00000000 -0.07725000 0.00050000
v 0.06969599 0.03705046 0.00050000
v 0.07144710 0.03670000 0.00050000
v -0.07655557 -0.03646435 0.00050000
v -0.07431262 -0.03771570 0.00050000
v -0.07820951 -0.03944198 0.00050000
v -0.07557271 -0.03933120 0.00050000
v -0.07826228 -0.04284772 0.00050000
v 0.03456778 -0.06908423 0.00050000
v 0.02351402 -0.07358433 0.00050000
v -0.06723124 0.03953855 0.00050000
v -0.06821463 0.03804786 0.00050000
v 0.07467956 0.03804786 0.00050000
v 0.07650730 0.03641315 0.00050000
v 0.07319821 0.03705046 0.00050000
v 0.07465802 0.03502981 0.00050000
v 0.07207068 0.03353607 0.00050000
v -0.01189902 -0.07632808 0.00050000
v -0.02351402 -0.07358433 0.00050000
v -0.03456778 -0.06908423 0.00050000
v 0.06689709 0.04125000 0.00050000
v 0.06723124 0.03953855 0.00050000
v 0.06821463 0.03804786 0.00050000
v -0.04479647 -0.06293520 0.00050000
v -0.05395593 -0.05528400 0.00050000
v -0.06821463 -0.04445214 0.00050000
v -0.06723124 -0.04296145 0.00050000
v -0.06689709 -0.04125000 0.00050000
v -0.06732148 -0.03933120 0.00050000
v -0.07599710 0.04125000 0.00050000
v -0.07566295 0.03953855 0.00050000
v -0.07650711 0.03641305 0.00050000
v -0.07467955 0.03804786 0.00050000
v -0.07465778 0.03502976 0.00050000
v -0.07319821 0.03705046 0.00050000
v -0.07207068 0.03353607 0.00050000
v -0.07144710 0.03670000 0.00050000
v -0.06969599 0.03705046 0.00050000
v -0.06507843 -0.04564700 0.00050000
v -0.06766574 -0.04714081 0.00050000
v -0.06969599 -0.04544954 0.00050000
v -0.06946524 -0.04796361 0.00050000
v -0.07144710 -0.04580000 0.00050000
v -0.07144707 -0.04825002 0.00050000
v -0.07319821 -0.04544954 0.00050000
v -0.07389642 -0.04780750 0.00050000
v -0.07467955 -0.04445214 0.00050000
v -0.07670140 -0.04587516 0.00050000
v -0.07566295 -0.04296145 0.00050000
v -0.07599710 -0.04125000 0.00050000
v 0.07232068 0.03310306 0.00100000
v 0.07489798 0.03459106 0.00099998
v 0.07584633 0.03517570 0.00099997
v 0.06740574 0.04756802 0.00100000
v 0.07722456 0.03646760 0.00099997
v 0.07814476 0.03787484 0.00099998
v 0.07871717 0.03940711 0.00099998
v 0.07868271 0.04322384 0.00099998
v 0.07878600 0.04279615 0.00099998
v 0.07894167 0.04153569 0.00099998
v 0.07877554 0.03965494 0.00099998
v 0.07786927 0.04512371 0.00099999
v 0.07863296 0.04339791 0.00099998
v 0.07519709 0.04774518 0.00100000
v 0.07669923 0.04660398 0.00099999
v 0.06966979 0.04853636 0.00100000
v 0.07144710 0.04874998 0.00100000
v 0.07348606 0.04846751 0.00100000
v 0.06740575 0.04756802 0.00399998
v 0.06966993 0.04853638 0.00399995
v 0.07144712 0.04874998 0.00399995
v 0.07159092 0.04874860 0.00399996
v 0.07345770 0.04847544 0.00399998
v 0.07519707 0.04774515 0.00400000
v 0.07489799 0.03459106 0.00400000
v 0.07677437 0.04652921 0.00400000
v 0.07878599 0.04279615 0.00400000
v 0.07868275 0.04322364 0.00400000
v 0.07727305 0.04597316 0.00400000
v 0.07698790 0.03619535 0.00400000
v 0.07868341 0.03927879 0.00400000
v 0.07871711 0.03940690 0.00400000
v 0.07232068 0.03310306 0.00400000
v 0.07132611 0.03151834 0.00400000
v 0.07148192 0.03058428 0.00100000
v 0.07132700 0.03152992 0.00400000
v 0.07132655 0.03152413 0.00100000
v 0.07163286 0.03244399 0.00100000
v 0.07162666 0.03243417 0.00400000
v 0.07547370 0.01867575 0.00100000
v 0.07749597 0.00627988 0.00100000
v 0.07749597 -0.00627988 0.00100000
v 0.07547370 -0.01867575 0.00100000
v 0.07148192 -0.03058428 0.00100000
v 0.07232068 -0.03310306 0.00100000
v 0.07162666 -0.03243417 0.00100000
v 0.07132611 -0.03151834 0.00100000
v 0.07489798 -0.03459106 0.00100000
v 0.07727305 -0.04597316 0.00100001
v 0.07878599 -0.04279615 0.00100001
v 0.07868341 -0.03927879 0.00100001
v 0.07698790 -0.03619535 0.00100001
v -0.07232068 0.03310306 0.00100000
v -0.07148192 0.03058428 0.00100000
v -0.07132655 0.03152413 0.00100000
v -0.07163286 0.03244399 0.00100000
v -0.07163286 0.03244399 0.00400000
v -0.07775000 0.00000000 0.00100000
v -0.07749597 0.00627988 0.00100000
v -0.07704505 0.01044619 0.00100000
v -0.07547370 0.01867575 0.00100000
v -0.07148192 -0.03058428 0.00100000
v -0.07547370 -0.01867575 0.00100000
v -0.07704505 -0.01044619 0.00100000
v -0.07749597 -0.00627988 0.00100000
v -0.07132655 -0.03152413 0.00100000
v -0.07163287 -0.03244399 0.00100000
v -0.07232068 -0.03310306 0.00100000
v -0.07489797 -0.03459110 0.00100004
v -0.07852644 -0.04372645 0.00100002
v -0.07874911 -0.04296184 0.00100003
v -0.07692049 -0.03612249 0.00100004
v -0.07892075 -0.04187793 0.00100003
v -0.07894709 -0.04125000 0.00100002
v -0.07768311 -0.04541679 0.00100002
v -0.07707672 -0.04620554 0.00100001
v -0.07144707 -0.04875001 0.00099999
v -0.07331856 -0.04851277 0.00100000
v -0.07507484 -0.04781427 0.00100001
v -0.07660074 -0.04669886 0.00100001
v -0.07869258 -0.03931283 0.00100004
v -0.07163286 -0.03244399 0.00100000
v -0.06740572 -0.04756804 0.00099999
v -0.06932369 -0.04844315 0.00099999
v -0.06984004 -0.04857582 0.00099999
v -0.06482843 -0.04608002 0.00100000
v -0.06222772 -0.04661302 0.00100000
v -0.06296398 -0.04600854 0.00100000
v -0.06391375 -0.04581389 0.00100000
v 0.06222772 -0.04661302 0.00100000
v 0.05430515 -0.05564182 0.00100000
v 0.04508641 -0.06334254 0.00100000
v 0.03479153 -0.06953137 0.00100000
v 0.02366622 -0.07406060 0.00100000
v 0.01197603 -0.07682212 0.00100000
v 0.00000000 -0.07775000 0.00100000
v -0.01197603 -0.07682212 0.00100000
v -0.02366622 -0.07406060 0.00100000
v -0.03479153 -0.06953137 0.00100000
v -0.04508641 -0.06334254 0.00100000
v -0.05430515 -0.05564182 0.00100000
v 0.06482843 -0.04608002 0.00100000
v 0.06295874 -0.04601106 0.00100000
v 0.06390215 -0.04581343 0.00100000
v 0.06919710 -0.04125000 0.00280000
v 0.06942255 -0.04026831 0.00280000
v 0.07005374 -0.03948335 0.00280000
v 0.07096416 -0.03905244 0.00280000
v 0.07197136 -0.03906193 0.00280000
v 0.07287350 -0.03950993 0.00280000
v 0.07348979 -0.04030664 0.00280000
v 0.07369710 -0.04125000 0.00280000
v 0.07144710 -0.04350000 0.00280000
v 0.07197136 -0.04343807 0.00280000
v 0.07231303 -0.04332669 0.00280000
v 0.07353186 -0.04209632 0.00280000
v 0.07304557 -0.04283347 0.00280000
v 0.07287350 -0.04299007 0.00280000
v 0.06936233 -0.04209632 0.00280000
v 0.06984863 -0.04283347 0.00280000
v 0.07005374 -0.04301665 0.00280000
v 0.07096416 -0.04344756 0.00280000
v 0.07058116 -0.04332669 0.00280000
v 0.06919710 0.04125000 0.00280000
v 0.06940696 0.04219886 0.00280000
v 0.07003008 0.04299773 0.00280000
v 0.07094052 0.04344223 0.00280000
v 0.07195368 0.04344223 0.00280000
v 0.07286412 0.04299773 0.00280000
v 0.07348724 0.04219886 0.00280000
v 0.07369710 0.04125000 0.00280000
v 0.07144710 0.03900000 0.00280000
v 0.07197136 0.03906193 0.00280000
v 0.07231303 0.03917331 0.00280000
v 0.07353186 0.04040368 0.00280000
v 0.07304557 0.03966653 0.00280000
v 0.07287350 0.03950993 0.00280000
v 0.06936233 0.04040368 0.00280000
v 0.06984863 0.03966653 0.00280000
v 0.07005374 0.03948335 0.00280000
v 0.07096416 0.03905244 0.00280000
v 0.07058116 0.03917331 0.00280000
v -0.07369710 0.04125000 0.00280000
v -0.07347164 0.04223169 0.00280000
v -0.07284045 0.04301665 0.00280000
v -0.07193003 0.04344756 0.00280000
v -0.07092283 0.04343807 0.00280000
v -0.07002069 0.04299007 0.00280000
v -0.06940441 0.04219336 0.00280000
v -0.06919710 0.04125000 0.00280000
v -0.07144710 0.03900000 0.00280000
v -0.07092283 0.03906193 0.00280000
v -0.07058116 0.03917331 0.00280000
v -0.06936233 0.04040368 0.00280000
v -0.06984863 0.03966653 0.00280000
v -0.07002069 0.03950993 0.00280000
v -0.07353186 0.04040368 0.00280000
v -0.07304557 0.03966653 0.00280000
v -0.07284045 0.03948335 0.00280000
v -0.07193003 0.03905244 0.00280000
v -0.07231303 0.03917331 0.00280000
v -0.07369710 -0.04125000 0.00280000
v -0.07353186 -0.04209632 0.00280000
v -0.07304557 -0.04283347 0.00280000
v -0.07284994 -0.04300912 0.00280000
v -0.07144710 -0.04350000 0.00280000
v -0.07194777 -0.04344359 0.00280000
v -0.07231303 -0.04332669 0.00280000
v -0.07094643 -0.04344359 0.00280000
v -0.07058116 -0.04332669 0.00280000
v -0.07004424 -0.04300912 0.00280000
v -0.06984863 -0.04283347 0.00280000
v -0.06936233 -0.04209632 0.00280000
v -0.06919710 -0.04125000 0.00280000
v -0.07348724 -0.04030114 0.00280000
v -0.07286412 -0.03950227 0.00280000
v -0.07195368 -0.03905777 0.00280000
v -0.07094052 -0.03905777 0.00280000
v -0.07003008 -0.03950227 0.00280000
v -0.06940696 -0.04030114 0.00280000
v -0.11241259 -0.00266994 0.03303431
v -0.11199999 -0.00270604 0.03303431
v -0.11241259 -0.00266994 0.03178431
v -0.11199999 -0.00270604 0.03178431
v -0.11199999 -0.00200000 0.02990000
v -0.11200000 -0.00199999 0.02980000
v -0.11199999 -0.00309999 0.02980000
v -0.11199999 -0.00189205 0.03003432
v -0.11199999 -0.00189205 0.03128431
v -0.11199998 -0.00099999 0.03349999
v -0.11199999 -0.00239396 0.03178431
v -0.11199999 -0.00270604 0.03003432
v -0.11199999 -0.00270604 0.03128431
v -0.11200000 -0.00199999 0.03359999
v -0.11199999 -0.00199999 0.03349999
v -0.11199999 -0.00239396 0.03003432
v -0.11200000 -0.00100000 0.02990000
v -0.11199999 -0.00320795 0.03128431
v -0.11199999 -0.00320795 0.03178431
v -0.11199999 -0.00239396 0.03303431
v -0.11199999 -0.00309999 0.03359999
v -0.11200000 -0.00309999 0.03349999
v -0.11199998 -0.00409999 0.03349999
v -0.11199999 -0.00320795 0.03303431
v -0.11199999 -0.00310000 0.02990000
v -0.11199999 -0.00320795 0.03003432
v -0.11200000 -0.00410000 0.02990000
v -0.11199999 -0.00239396 0.03128431
v -0.11199999 -0.00189205 0.03178431
v -0.11199999 -0.00189205 0.03303431
v -0.11479998 -0.00340996 0.03360000
v -0.11480000 -0.00169004 0.03360000
v -0.11435731 -0.00200001 0.03360000
v -0.11435732 -0.00310001 0.03360000
v -0.11415000 -0.00310000 0.02990001
v -0.11435734 -0.00310001 0.02980000
v -0.11414999 -0.00310001 0.03350000
v -0.11499999 -0.00355000 0.03375000
v -0.11497499 -0.00353249 0.03377500
v -0.11499999 -0.00355000 0.02965000
v -0.11497492 -0.00353244 0.02962493
v -0.11479882 -0.00340914 0.02980000
v -0.11499999 -0.00435000 0.03375000
v -0.11464997 -0.00470001 0.03410001
v -0.11497499 -0.00156751 0.03377500
v -0.11465000 -0.00040001 0.03410000
v -0.11499999 -0.00155000 0.03375000
v -0.11499999 -0.00075000 0.03375000
v -0.11499999 -0.00155000 0.02965000
v -0.11435732 -0.00200001 0.02980000
v -0.11479883 -0.00169085 0.02980000
v -0.11497492 -0.00156756 0.02962493
v -0.11414998 -0.00200001 0.03350000
v -0.11415000 -0.00200000 0.02990001
v -0.11414999 -0.00100001 0.03350000
v -0.11415000 -0.00100000 0.02990001
v -0.11499999 -0.00075000 0.02965000
v -0.11464999 -0.00040000 0.02930000
v -0.11465000 -0.00470000 0.02930002
v -0.11499999 -0.00435000 0.02965000
v -0.10735033 -0.00470000 0.03410000
v -0.10735007 -0.00470000 0.03169999
v -0.10735000 -0.00470000 0.02929999
v -0.10734999 -0.00040000 0.02930000
v -0.10734999 -0.00039999 0.03410000
v -0.10734999 -0.00150000 0.03410000
v -0.10734999 -0.00990000 0.03410000
v -0.10694999 -0.01030000 0.03410000
v -0.10734998 -0.00959998 0.03409998
v -0.10547997 -0.01030000 0.03410000
v -0.10548004 -0.00150000 0.03409999
v -0.10705868 -0.00482588 0.03410000
v -0.10696325 -0.00499785 0.03410000
v -0.10696132 -0.00519451 0.03410000
v -0.10705335 -0.00536833 0.03410000
v -0.10722454 -0.00472018 0.03410000
v -0.11465000 -0.00550001 0.03410000
v -0.11464997 -0.00960001 0.03410001
v -0.10734966 -0.00550000 0.03410000
v -0.10721708 -0.00547727 0.03410000
v -0.10519717 -0.00150000 0.03421714
v -0.10510973 -0.00150000 0.03434866
v -0.10532869 -0.00150000 0.03412972
v -0.10507999 -0.00150000 0.03449998
v -0.10508001 -0.00150000 0.03489999
v -0.10664999 -0.00150000 0.03490000
v -0.10734998 -0.00150000 0.03525000
v -0.10664998 -0.00150000 0.03525000
v -0.10507997 -0.01001718 0.03490000
v -0.10507999 -0.01030000 0.03450000
v -0.10507999 -0.01030000 0.03470000
v -0.10399711 -0.01110001 0.03490001
v -0.10427999 -0.01110000 0.03470000
v -0.10507999 -0.01030000 0.03429505
v -0.10487494 -0.01050505 0.03450000
v -0.10427999 -0.01110000 0.03450000
v -0.10399717 -0.01110000 0.03430001
v -0.09779999 -0.01109998 0.03489998
v -0.09779999 -0.01110000 0.03429998
v -0.10507997 0.00150000 0.03489999
v -0.10665000 0.00150000 0.03490000
v -0.09779999 0.01030000 0.03490000
v -0.09779999 0.01110001 0.03489998
v -0.10399714 0.01109998 0.03490001
v -0.10145339 -0.00553000 0.03490000
v -0.10119499 -0.00510000 0.03490000
v -0.10145339 -0.00467000 0.03490000
v -0.09952660 -0.00467000 0.03490000
v -0.09978499 -0.00510000 0.03490000
v -0.09952660 -0.00553000 0.03490000
v -0.09779999 -0.01030000 0.03490000
v -0.09970066 -0.00579999 0.03490000
v -0.10127930 -0.00580001 0.03490000
v -0.10145339 0.00467000 0.03490000
v -0.10119499 0.00510000 0.03490000
v -0.10145339 0.00553000 0.03490000
v -0.09978499 0.00510000 0.03490000
v -0.09952660 0.00467000 0.03490000
v -0.09952660 0.00553000 0.03490000
v -0.09679999 -0.00950000 0.03490000
v -0.09679999 -0.01030000 0.03490000
v -0.09679999 0.01030000 0.03490000
v -0.09679999 0.00950000 0.03490000
v -0.10127932 0.00579999 0.03490000
v -0.09970067 0.00580001 0.03490000
v -0.09970066 0.00440001 0.03490000
v -0.09970068 -0.00439999 0.03490000
v -0.10127931 -0.00440000 0.03490000
v -0.10508001 0.01001714 0.03490000
v -0.10127930 0.00439999 0.03490000
v -0.09629995 -0.00950000 0.03490000
v -0.09629999 -0.00823000 0.03490000
v -0.09629999 -0.00615000 0.03490000
v -0.09629999 -0.00483000 0.03490000
v -0.09629999 -0.00405000 0.03490000
v -0.09630004 0.00950000 0.03490000
v -0.09629999 0.00823000 0.03490000
v -0.09629999 0.00707000 0.03490000
v -0.09629999 0.00615000 0.03490000
v -0.09629999 0.00405000 0.03490000
v -0.09629999 -0.00313000 0.03490000
v -0.09629999 -0.00105000 0.03490000
v -0.09629999 0.00027000 0.03490000
v -0.09629999 0.00105000 0.03490000
v -0.09629999 0.00197000 0.03490000
v -0.09629999 0.01030000 0.03050000
v -0.09779999 0.01030000 0.03050000
v -0.09629999 0.01030000 0.03283000
v -0.09779999 0.01030000 0.03225000
v -0.09629999 0.01030000 0.03512000
v -0.09679999 0.01030000 0.03512000
v -0.10547999 0.01030000 0.03410000
v -0.10532872 0.01030000 0.03412971
v -0.10483504 0.01030000 0.03405000
v -0.10519718 0.01030000 0.03421713
v -0.10507999 0.01030000 0.03429495
v -0.10510973 0.01030000 0.03434865
v -0.10507999 0.01030000 0.03450000
v -0.10694999 0.01030000 0.03410000
v -0.10694999 0.01030000 0.03225000
v -0.09779999 0.01030000 0.03405000
v -0.10455824 0.01057679 0.03432679
v -0.10487494 0.01050505 0.03450000
v -0.09779999 0.01055002 0.03430000
v -0.10454717 0.01054998 0.03430000
v -0.10399719 0.01109998 0.03430001
v -0.09779999 0.01110001 0.03429998
v -0.10427999 0.01110000 0.03450000
v -0.10427999 0.01110000 0.03470000
v -0.10507999 0.01030000 0.03470000
v -0.10507999 0.00150000 0.03449998
v -0.10734999 0.00150000 0.03525000
v -0.10664999 0.00150000 0.03525000
v -0.10734999 0.00150000 0.03410000
v -0.10548007 0.00150000 0.03410000
v -0.10519718 0.00150000 0.03421713
v -0.10532872 0.00150000 0.03412971
v -0.10510973 0.00150000 0.03434865
v -0.10734998 0.00040000 0.03525000
v -0.10734999 0.00040000 0.03410000
v -0.10696818 -0.00011926 0.03525000
v -0.10695623 0.00007037 0.03525000
v -0.10703312 0.00024411 0.03525000
v -0.10718150 0.00036278 0.03525000
v -0.10729976 0.00039683 0.03525000
v -0.10734999 -0.00040000 0.03525000
v -0.10722839 -0.00038107 0.03525000
v -0.10706628 -0.00028197 0.03525000
v -0.10729975 0.00039683 0.03401000
v -0.10729975 0.00039683 0.03277000
v -0.10729975 0.00039683 0.02905000
v -0.10718150 0.00036278 0.02905000
v -0.10729975 0.00039683 0.03029000
v -0.10729975 0.00039683 0.03153000
v -0.10722839 -0.00038107 0.02905000
v -0.10734999 -0.00040000 0.02905000
v -0.10706628 -0.00028197 0.02905000
v -0.10696818 -0.00011926 0.02905000
v -0.10695623 0.00007037 0.02905000
v -0.10703312 0.00024411 0.02905000
v -0.10734999 0.00040000 0.02905000
v -0.10734998 0.00040001 0.02930000
v -0.10734999 0.00040000 0.03029000
v -0.10734999 0.00040000 0.03153000
v -0.10734999 0.00040000 0.03277000
v -0.10734999 0.00040000 0.03401000
v -0.09629999 0.00945000 0.02905000
v -0.09629999 0.00665000 0.02905000
v -0.10734999 0.00945000 0.02905000
v -0.09879999 0.00665000 0.02905000
v -0.09629999 0.00355000 0.02905000
v -0.09629999 0.00122000 0.02905000
v -0.09879999 0.00355000 0.02905000
v -0.09979999 0.00354999 0.02905000
v -0.09979999 0.00664999 0.02905000
v -0.10229999 0.00665000 0.02905000
v -0.10229999 -0.00355001 0.02905000
v -0.10229999 -0.00665001 0.02905000
v -0.10329999 -0.00665000 0.02905000
v -0.09629999 -0.00029999 0.02905000
v -0.09629999 -0.00355000 0.02905000
v -0.09879999 -0.00355001 0.02905000
v -0.09979999 -0.00665000 0.02905000
v -0.09629999 -0.00945000 0.02905000
v -0.10734999 -0.00945000 0.02905000
v -0.10734999 -0.00665000 0.02905000
v -0.10734999 0.00665000 0.02905000
v -0.10329999 0.00664999 0.02905000
v -0.10329999 0.00354999 0.02905000
v -0.10229999 0.00355000 0.02905000
v -0.09629999 -0.00665000 0.02905000
v -0.09879999 -0.00665001 0.02905000
v -0.09979999 -0.00355000 0.02905000
v -0.10329999 -0.00355000 0.02905000
v -0.10734999 -0.00355000 0.02905000
v -0.09629999 0.00102000 0.02905000
v -0.09629999 0.00030000 0.02905000
v -0.10734999 0.00355000 0.02905000
v -0.09854998 0.00434999 0.02825000
v -0.09629999 0.00435001 0.02825000
v -0.09879999 0.00410000 0.02850000
v -0.09629998 0.00074000 0.03410000
v -0.09629999 0.00968092 0.02909621
v -0.09630001 0.00920000 0.02990000
v -0.09629999 -0.00585000 0.02825000
v -0.09629999 -0.00582999 0.02825000
v -0.09629999 -0.01000594 0.02942433
v -0.09629999 -0.00987627 0.02922775
v -0.09629999 -0.00968092 0.02909621
v -0.09629999 -0.00444000 0.02941000
v -0.09630000 -0.00610000 0.03107000
v -0.09630000 -0.00610000 0.02990000
v -0.09629999 -0.01030000 0.03283000
v -0.09630000 -0.00920000 0.02990000
v -0.09629998 -0.00920000 0.03350000
v -0.09629999 -0.01030000 0.03050000
v -0.09629999 -0.01005000 0.03024997
v -0.09629999 -0.01005000 0.02965000
v -0.09630000 -0.00905000 0.02990000
v -0.09630000 -0.00813000 0.02990000
v -0.09630000 -0.00748000 0.02990000
v -0.09629999 0.00066000 0.02941000
v -0.09630000 -0.00100000 0.03107000
v -0.09630000 -0.00100000 0.02990000
v -0.09630000 -0.00114999 0.02990000
v -0.09630000 -0.00074000 0.03410000
v -0.09629998 -0.00436000 0.03410000
v -0.09629999 0.00100000 0.02990000
v -0.09629999 0.00046000 0.03339000
v -0.09629999 -0.00100000 0.03193000
v -0.09629999 -0.00000000 0.03385000
v -0.09629999 -0.00100000 0.03285000
v -0.09629999 -0.00074000 0.03360000
v -0.09629999 -0.00100000 0.03350000
v -0.09629999 -0.00353000 0.03360000
v -0.09629998 -0.00410000 0.03350000
v -0.09629999 -0.00436000 0.03360000
v -0.09629999 -0.00410000 0.03285000
v -0.09629999 -0.00610000 0.03193000
v -0.09630000 -0.00410000 0.02990000
v -0.09630000 -0.00395000 0.02990000
v -0.09629999 -0.00398000 0.02895000
v -0.09630000 -0.00303000 0.02990000
v -0.09630000 -0.00584000 0.03410000
v -0.09629998 -0.00946000 0.03410000
v -0.09629999 -0.00464000 0.03339000
v -0.09629999 -0.00510000 0.03385000
v -0.09629999 -0.00610000 0.03285000
v -0.09629999 -0.00584000 0.03360000
v -0.09629999 -0.00610000 0.03350000
v -0.09629999 -0.00863000 0.03360000
v -0.09629999 -0.00946000 0.03360000
v -0.09629999 -0.01030000 0.03512000
v -0.09629999 -0.00950000 0.03512000
v -0.09629999 0.00946000 0.03360000
v -0.09629999 0.00584000 0.03360000
v -0.09629998 0.00610000 0.03350000
v -0.09629998 0.00920000 0.03350000
v -0.09629998 0.00610000 0.03285000
v -0.09629999 0.00556000 0.03339000
v -0.09629999 0.00610000 0.02990000
v -0.09629999 0.01005000 0.02965000
v -0.09629999 0.01005000 0.03024997
v -0.09629999 0.00987627 0.02922775
v -0.09629999 0.01000594 0.02942433
v -0.09630000 0.00436000 0.03410000
v -0.09629999 0.00436000 0.03360000
v -0.09629999 0.00510000 0.03385000
v -0.09629999 0.00115000 0.02990000
v -0.09629999 0.00207000 0.02990000
v -0.09629999 0.00395001 0.02990000
v -0.09629999 0.00410000 0.03193000
v -0.09629999 0.00410000 0.03285000
v -0.09629998 0.00410000 0.03350000
v -0.09629999 0.00157000 0.03360000
v -0.09629998 0.00100000 0.03350000
v -0.09629999 0.00074000 0.03360000
v -0.09629998 0.00100000 0.03285000
v -0.09629999 -0.00444000 0.03451000
v -0.09630001 0.00410000 0.02990000
v -0.09629999 0.00637500 0.02879500
v -0.09629999 0.00410000 0.03107000
v -0.09629998 0.00584000 0.03410000
v -0.09629999 0.00950000 0.03512000
v -0.09630000 0.00946000 0.03410000
v -0.09629999 0.00066000 0.03451000
v -0.09629999 0.00585001 0.02825000
v -0.09629999 -0.00467999 0.02825000
v -0.09629999 -0.00435000 0.02825000
v -0.09629999 -0.00560000 0.02825000
v -0.09679999 0.00950000 0.03512000
v -0.10695001 0.01005000 0.03025003
v -0.09779999 0.01055000 0.03074998
v -0.10694999 0.01055000 0.03075002
v -0.09779999 0.01055000 0.03199998
v -0.10694999 0.01055000 0.03200002
v -0.10734999 0.01015000 0.03183431
v -0.10734999 0.00990000 0.03208431
v -0.10734999 0.00990000 0.03410000
v -0.10734998 0.00960000 0.03409998
v -0.10722350 0.00472053 0.03410000
v -0.10734998 0.00470000 0.03409998
v -0.11464998 0.00960000 0.03410001
v -0.11464999 0.00550000 0.03410000
v -0.10734999 0.00550000 0.03410000
v -0.10722348 0.00547947 0.03410000
v -0.10705715 0.00537248 0.03410000
v -0.10696241 0.00519888 0.03410000
v -0.10696241 0.00500111 0.03410000
v -0.10705716 0.00482751 0.03410000
v -0.11464998 0.00470000 0.03410001
v -0.11464999 0.00040000 0.03410000
v -0.11464998 0.00039999 0.02930000
v -0.11465001 0.00469999 0.02930002
v -0.10735001 0.00470001 0.02929999
v -0.10734999 0.00470000 0.02905000
v -0.10705835 0.00482624 0.02875839
v -0.10698525 0.00493580 0.02868578
v -0.10654999 0.00434999 0.02825000
v -0.10722078 0.00472144 0.02892083
v -0.10696632 0.00521311 0.02866678
v -0.10654999 0.00584999 0.02825000
v -0.10695080 0.00507461 0.02865085
v -0.10696276 0.00499974 0.02866316
v -0.10703890 0.00535144 0.02873905
v -0.10705836 0.00537377 0.02875840
v -0.10717425 0.00545933 0.02887428
v -0.10734999 0.00550000 0.02905000
v -0.10707984 0.00480501 0.02877985
v -0.10329999 0.00435002 0.02825000
v -0.10330000 0.00585002 0.02825000
v -0.10734998 0.00550001 0.02932563
v -0.10735000 0.00896748 0.02932563
v -0.10734999 0.00953330 0.03014284
v -0.10735000 0.00960000 0.03059998
v -0.10734999 0.00968092 0.02909621
v -0.10734999 0.00929125 0.02965519
v -0.10734999 0.00987627 0.02922775
v -0.10734999 0.01015000 0.03091569
v -0.10734999 0.01005000 0.03081568
v -0.10734999 0.01005000 0.02965003
v -0.10734999 0.01000594 0.02942433
v -0.11465000 0.00896745 0.02932563
v -0.11464998 0.00549999 0.02932563
v -0.11464999 0.00943317 0.02988864
v -0.11465000 0.00960000 0.03060001
v -0.11499999 0.00925000 0.03060000
v -0.11499999 0.00925000 0.03375000
v -0.11499999 0.00665000 0.03375000
v -0.11499999 0.00585000 0.03375000
v -0.11497499 0.00666751 0.03377500
v -0.11497499 0.00863250 0.03377500
v -0.11499999 0.00865000 0.03375000
v -0.11499999 0.00665000 0.02967563
v -0.11499999 0.00585000 0.02967563
v -0.11496206 0.00667656 0.02963771
v -0.11496206 0.00862344 0.02963771
v -0.11483121 0.00890441 0.02950685
v -0.11499999 0.00865000 0.02967563
v -0.11499999 0.00884145 0.02967563
v -0.11499999 0.00911966 0.03004426
v -0.11479999 0.00850996 0.03360000
v -0.11435734 0.00820000 0.02980000
v -0.11435732 0.00820000 0.03360000
v -0.11479883 0.00850914 0.02980000
v -0.11479999 0.00679004 0.03360000
v -0.11479883 0.00679086 0.02980000
v -0.11435734 0.00710000 0.02980000
v -0.11435732 0.00710000 0.03360000
v -0.11199999 0.00820000 0.03359999
v -0.11199999 0.00710000 0.03359999
v -0.11200000 0.00710001 0.02990000
v -0.11199999 0.00710000 0.02980000
v -0.11415000 0.00709999 0.02990001
v -0.11414998 0.00710000 0.03350000
v -0.11199999 0.00710000 0.03349999
v -0.11199999 0.00830795 0.03003432
v -0.11199999 0.00830795 0.03128431
v -0.11199998 0.00920000 0.03349999
v -0.11199999 0.00820001 0.02990000
v -0.11199999 0.00820000 0.02980000
v -0.11200000 0.00920000 0.02990000
v -0.11199999 0.00780604 0.03003432
v -0.11199999 0.00780604 0.03178431
v -0.11199999 0.00749396 0.03003432
v -0.11199999 0.00749396 0.03128431
v -0.11199999 0.00749396 0.03303431
v -0.11199999 0.00820000 0.03349999
v -0.11199998 0.00610000 0.03349999
v -0.11199999 0.00699205 0.03303431
v -0.11199999 0.00699205 0.03128431
v -0.11199999 0.00699205 0.03178431
v -0.11199999 0.00749396 0.03178431
v -0.11199999 0.00780604 0.03303431
v -0.11199999 0.00830795 0.03303431
v -0.11199999 0.00830795 0.03178431
v -0.11199999 0.00780604 0.03128431
v -0.11199999 0.00699205 0.03003432
v -0.11200000 0.00610001 0.02990000
v -0.11414998 0.00820000 0.03350000
v -0.11415000 0.00819999 0.02990001
v -0.11414998 0.00920000 0.03350000
v -0.11415000 0.00919999 0.02990001
v -0.11414998 0.00610000 0.03350000
v -0.11415000 0.00609999 0.02990001
v -0.11254144 0.00826058 0.03303431
v -0.11254144 0.00826058 0.03178431
v -0.11351927 0.00802660 0.03178431
v -0.11372511 0.00837328 0.03178431
v -0.11359849 0.00841705 0.03178431
v -0.11319325 0.00778939 0.03178431
v -0.11293159 0.00822353 0.03178431
v -0.11280005 0.00770020 0.03178431
v -0.11273092 0.00820241 0.03178431
v -0.11241259 0.00776994 0.03178431
v -0.11342911 0.00844445 0.03178431
v -0.11325749 0.00841187 0.03178431
v -0.11310756 0.00832225 0.03178431
v -0.11273092 0.00820241 0.03303431
v -0.11293159 0.00822353 0.03303431
v -0.11310756 0.00832225 0.03303431
v -0.11359849 0.00841705 0.03303431
v -0.11342911 0.00844445 0.03303431
v -0.11325749 0.00841187 0.03303431
v -0.11372511 0.00837328 0.03303431
v -0.11241259 0.00776994 0.03303431
v -0.11280005 0.00770020 0.03303431
v -0.11319325 0.00778939 0.03303431
v -0.11351927 0.00802660 0.03303431
v -0.11351927 0.00727340 0.03303431
v -0.11372511 0.00692672 0.03303431
v -0.11359849 0.00688295 0.03303431
v -0.11319325 0.00751061 0.03303431
v -0.11293159 0.00707647 0.03303431
v -0.11280005 0.00759980 0.03303431
v -0.11273092 0.00709759 0.03303431
v -0.11241259 0.00753006 0.03303431
v -0.11254144 0.00703942 0.03303431
v -0.11342911 0.00685555 0.03303431
v -0.11325749 0.00688813 0.03303431
v -0.11310756 0.00697775 0.03303431
v -0.11254144 0.00703942 0.03178431
v -0.11359849 0.00688295 0.03178431
v -0.11372511 0.00692672 0.03178431
v -0.11351927 0.00727340 0.03178431
v -0.11241259 0.00753006 0.03178431
v -0.11280005 0.00759980 0.03178431
v -0.11273092 0.00709759 0.03178431
v -0.11319325 0.00751061 0.03178431
v -0.11293159 0.00707647 0.03178431
v -0.11310756 0.00697775 0.03178431
v -0.11325749 0.00688813 0.03178431
v -0.11342911 0.00685555 0.03178431
v -0.11351927 0.00802660 0.03003432
v -0.11372511 0.00837328 0.03003432
v -0.11359849 0.00841705 0.03003432
v -0.11319325 0.00778939 0.03003432
v -0.11293159 0.00822353 0.03003432
v -0.11280005 0.00770020 0.03003432
v -0.11273092 0.00820241 0.03003432
v -0.11241259 0.00776994 0.03003432
v -0.11254144 0.00826058 0.03003432
v -0.11342701 0.00844442 0.03003432
v -0.11325651 0.00841150 0.03003432
v -0.11310756 0.00832225 0.03003432
v -0.11241259 0.00776994 0.03128431
v -0.11359849 0.00841705 0.03128431
v -0.11372511 0.00837328 0.03128431
v -0.11351927 0.00802660 0.03128431
v -0.11254144 0.00826058 0.03128431
v -0.11280005 0.00770020 0.03128431
v -0.11273092 0.00820241 0.03128431
v -0.11319325 0.00778939 0.03128431
v -0.11342701 0.00844442 0.03128431
v -0.11325651 0.00841150 0.03128431
v -0.11310756 0.00832225 0.03128431
v -0.11293159 0.00822353 0.03128431
v -0.11351927 0.00727340 0.03128431
v -0.11372511 0.00692672 0.03128431
v -0.11359849 0.00688295 0.03128431
v -0.11319325 0.00751061 0.03128431
v -0.11293274 0.00707610 0.03128431
v -0.11280005 0.00759980 0.03128431
v -0.11273333 0.00709782 0.03128431
v -0.11241259 0.00753006 0.03128431
v -0.11254144 0.00703942 0.03128431
v -0.11342911 0.00685555 0.03128431
v -0.11325749 0.00688813 0.03128431
v -0.11310756 0.00697775 0.03128431
v -0.11241259 0.00753006 0.03003432
v -0.11280005 0.00759980 0.03003432
v -0.11319325 0.00751061 0.03003432
v -0.11351927 0.00727340 0.03003432
v -0.11372511 0.00692672 0.03003432
v -0.11359849 0.00688295 0.03003432
v -0.11254144 0.00703942 0.03003432
v -0.11273333 0.00709782 0.03003432
v -0.11293274 0.00707610 0.03003432
v -0.11310756 0.00697775 0.03003432
v -0.11325749 0.00688813 0.03003432
v -0.11342911 0.00685555 0.03003432
v -0.11499999 0.00435000 0.02965000
v -0.11499999 0.00435000 0.03375000
v -0.11499999 0.00155000 0.03375000
v -0.11499999 0.00075000 0.03375000
v -0.11497499 0.00156751 0.03377500
v -0.11497499 0.00353249 0.03377500
v -0.11499999 0.00355000 0.03375000
v -0.11499999 0.00155000 0.02965000
v -0.11499999 0.00075000 0.02965000
v -0.11499999 0.00355000 0.02965000
v -0.11497492 0.00353244 0.02962493
v -0.11497492 0.00156756 0.02962493
v -0.11479999 0.00340996 0.03360000
v -0.11435734 0.00310000 0.02980000
v -0.11435732 0.00310000 0.03360000
v -0.11479883 0.00340914 0.02980000
v -0.11479883 0.00169086 0.02980000
v -0.11479999 0.00169004 0.03360000
v -0.11435734 0.00200000 0.02980000
v -0.11435732 0.00200000 0.03360000
v -0.11199999 0.00200000 0.02980000
v -0.11199999 0.00310000 0.02980000
v -0.11199999 0.00310000 0.03349999
v -0.11199999 0.00310000 0.03359999
v -0.11414998 0.00310000 0.03350000
v -0.11415000 0.00309999 0.02990001
v -0.11199999 0.00310001 0.02990000
v -0.11199999 0.00200000 0.03359999
v -0.11200000 0.00200001 0.02990000
v -0.11415000 0.00199999 0.02990001
v -0.11414998 0.00200000 0.03350000
v -0.11199999 0.00200000 0.03349999
v -0.11199999 0.00320795 0.03003432
v -0.11199999 0.00320795 0.03128431
v -0.11199998 0.00410000 0.03349999
v -0.11200000 0.00410001 0.02990000
v -0.11199999 0.00270604 0.03003432
v -0.11199999 0.00270604 0.03178431
v -0.11199999 0.00239396 0.03003432
v -0.11199999 0.00239396 0.03128431
v -0.11199999 0.00239396 0.03303431
v -0.11199998 0.00100000 0.03349999
v -0.11199999 0.00189205 0.03303431
v -0.11199999 0.00189205 0.03128431
v -0.11199999 0.00189205 0.03178431
v -0.11199999 0.00239396 0.03178431
v -0.11199999 0.00270604 0.03303431
v -0.11199999 0.00320795 0.03303431
v -0.11199999 0.00320795 0.03178431
v -0.11199999 0.00270604 0.03128431
v -0.11199999 0.00189205 0.03003432
v -0.11200000 0.00100001 0.02990000
v -0.11414998 0.00100000 0.03350000
v -0.11415000 0.00099999 0.02990001
v -0.11415000 0.00409999 0.02990001
v -0.11414998 0.00410000 0.03350000
v -0.11254144 0.00316058 0.03303431
v -0.11254144 0.00316058 0.03178431
v -0.11352090 0.00292839 0.03178431
v -0.11372511 0.00327328 0.03178431
v -0.11359849 0.00331705 0.03178431
v -0.11319765 0.00269140 0.03178431
v -0.11293274 0.00312390 0.03178431
v -0.11280732 0.00260037 0.03178431
v -0.11273333 0.00310218 0.03178431
v -0.11241259 0.00266994 0.03178431
v -0.11342701 0.00334443 0.03178431
v -0.11325651 0.00331150 0.03178431
v -0.11310756 0.00322225 0.03178431
v -0.11273333 0.00310218 0.03303431
v -0.11293274 0.00312390 0.03303431
v -0.11310756 0.00322225 0.03303431
v -0.11359849 0.00331705 0.03303431
v -0.11342701 0.00334443 0.03303431
v -0.11325651 0.00331150 0.03303431
v -0.11372511 0.00327328 0.03303431
v -0.11241259 0.00266994 0.03303431
v -0.11280732 0.00260037 0.03303431
v -0.11319765 0.00269140 0.03303431
v -0.11352090 0.00292839 0.03303431
v -0.11351927 0.00217340 0.03303431
v -0.11372511 0.00182672 0.03303431
v -0.11359849 0.00178295 0.03303431
v -0.11319325 0.00241061 0.03303431
v -0.11293274 0.00197610 0.03303431
v -0.11280005 0.00249980 0.03303431
v -0.11273333 0.00199782 0.03303431
v -0.11241259 0.00243006 0.03303431
v -0.11254144 0.00193942 0.03303431
v -0.11342911 0.00175555 0.03303431
v -0.11325749 0.00178813 0.03303431
v -0.11310756 0.00187775 0.03303431
v -0.11254144 0.00193942 0.03178431
v -0.11359849 0.00178295 0.03178431
v -0.11372511 0.00182672 0.03178431
v -0.11351927 0.00217340 0.03178431
v -0.11241259 0.00243006 0.03178431
v -0.11280005 0.00249980 0.03178431
v -0.11273333 0.00199782 0.03178431
v -0.11319325 0.00241061 0.03178431
v -0.11293274 0.00197610 0.03178431
v -0.11310756 0.00187775 0.03178431
v -0.11325749 0.00178813 0.03178431
v -0.11342911 0.00175555 0.03178431
v -0.11351927 0.00292660 0.03003432
v -0.11372511 0.00327328 0.03003432
v -0.11359849 0.00331705 0.03003432
v -0.11319325 0.00268939 0.03003432
v -0.11293159 0.00312353 0.03003432
v -0.11280005 0.00260020 0.03003432
v -0.11273092 0.00310241 0.03003432
v -0.11241259 0.00266994 0.03003432
v -0.11254144 0.00316058 0.03003432
v -0.11342701 0.00334443 0.03003432
v -0.11325651 0.00331150 0.03003432
v -0.11310756 0.00322225 0.03003432
v -0.11241259 0.00266994 0.03128431
v -0.11359849 0.00331705 0.03128431
v -0.11372511 0.00327328 0.03128431
v -0.11351927 0.00292660 0.03128431
v -0.11254144 0.00316058 0.03128431
v -0.11280005 0.00260020 0.03128431
v -0.11273092 0.00310241 0.03128431
v -0.11319325 0.00268939 0.03128431
v -0.11342701 0.00334443 0.03128431
v -0.11325651 0.00331150 0.03128431
v -0.11310756 0.00322225 0.03128431
v -0.11293159 0.00312353 0.03128431
v -0.11319325 0.00241061 0.03128431
v -0.11293274 0.00197610 0.03128431
v -0.11280005 0.00249980 0.03128431
v -0.11273333 0.00199782 0.03128431
v -0.11241259 0.00243006 0.03128431
v -0.11254144 0.00193942 0.03128431
v -0.11351927 0.00217340 0.03128431
v -0.11372511 0.00182672 0.03128431
v -0.11359849 0.00178295 0.03128431
v -0.11342701 0.00175557 0.03128431
v -0.11325651 0.00178850 0.03128431
v -0.11310756 0.00187775 0.03128431
v -0.11241259 0.00243006 0.03003432
v -0.11280005 0.00249980 0.03003432
v -0.11319325 0.00241061 0.03003432
v -0.11351927 0.00217340 0.03003432
v -0.11372511 0.00182672 0.03003432
v -0.11359849 0.00178295 0.03003432
v -0.11254144 0.00193942 0.03003432
v -0.11273333 0.00199782 0.03003432
v -0.11293274 0.00197610 0.03003432
v -0.11310756 0.00187775 0.03003432
v -0.11325651 0.00178850 0.03003432
v -0.11342701 0.00175557 0.03003432
v -0.09854999 0.00584999 0.02825000
v -0.09879999 0.00610000 0.02850000
v -0.09854999 -0.00435000 0.02825000
v -0.09879999 -0.00409999 0.02850000
v -0.09879999 -0.00609999 0.02850000
v -0.09854999 -0.00585000 0.02825000
v -0.10734999 -0.01005000 0.02965000
v -0.10734999 -0.01000594 0.02942433
v -0.10734999 -0.00987627 0.02922775
v -0.10734999 -0.00968092 0.02909621
v -0.10695001 -0.01005000 0.03025003
v -0.10734999 -0.01005000 0.03081568
v -0.10734999 -0.00896746 0.02932563
v -0.10734999 -0.00550000 0.02932563
v -0.10734999 -0.00550000 0.02905000
v -0.10734999 -0.01015000 0.03091569
v -0.10734999 -0.01015000 0.03183431
v -0.10734999 -0.00990000 0.03208431
v -0.10735000 -0.00960000 0.03059998
v -0.10734999 -0.00943317 0.02988865
v -0.10705467 -0.00536978 0.02875472
v -0.10698525 -0.00526420 0.02868578
v -0.10654999 -0.00585000 0.02825000
v -0.10722078 -0.00547856 0.02892083
v -0.10696632 -0.00498689 0.02866678
v -0.10654999 -0.00435000 0.02825000
v -0.10695080 -0.00512539 0.02865085
v -0.10696165 -0.00519590 0.02866204
v -0.10703890 -0.00484856 0.02873905
v -0.10705997 -0.00482452 0.02876000
v -0.10717425 -0.00474067 0.02887428
v -0.10734999 -0.00470000 0.02905000
v -0.10707984 -0.00539499 0.02877985
v -0.10734991 -0.00550000 0.03171282
v -0.11464999 -0.00550000 0.02932563
v -0.11499999 -0.00585000 0.03375000
v -0.11499999 -0.00585000 0.02967563
v -0.11499999 -0.00865000 0.03375000
v -0.11499999 -0.00925000 0.03375000
v -0.11497499 -0.00863250 0.03377500
v -0.11497499 -0.00666751 0.03377500
v -0.11499999 -0.00665000 0.03375000
v -0.11499999 -0.00865000 0.02967563
v -0.11479998 -0.00850996 0.03360000
v -0.11496206 -0.00862344 0.02963771
v -0.11479882 -0.00850914 0.02980000
v -0.11435734 -0.00820001 0.02980000
v -0.11435732 -0.00820001 0.03360000
v -0.11480000 -0.00679004 0.03360000
v -0.11435731 -0.00710001 0.03360000
v -0.11200000 -0.00709999 0.03359999
v -0.11199999 -0.00819999 0.03359999
v -0.11199999 -0.00820000 0.02990000
v -0.11199999 -0.00819999 0.02980000
v -0.11415000 -0.00820000 0.02990001
v -0.11414999 -0.00820001 0.03350000
v -0.11200000 -0.00819999 0.03349999
v -0.11199999 -0.00710000 0.02990000
v -0.11200000 -0.00709999 0.02980000
v -0.11199999 -0.00699205 0.03003432
v -0.11199999 -0.00699205 0.03128431
v -0.11199998 -0.00609999 0.03349999
v -0.11199999 -0.00749396 0.03178431
v -0.11199999 -0.00780604 0.03003432
v -0.11199999 -0.00780604 0.03128431
v -0.11199999 -0.00780604 0.03303431
v -0.11199999 -0.00709999 0.03349999
v -0.11199999 -0.00830795 0.03128431
v -0.11199999 -0.00830795 0.03178431
v -0.11199999 -0.00780604 0.03178431
v -0.11199999 -0.00749396 0.03303431
v -0.11199998 -0.00919999 0.03349999
v -0.11199999 -0.00830795 0.03303431
v -0.11199999 -0.00749396 0.03003432
v -0.11200000 -0.00610000 0.02990000
v -0.11199999 -0.00830795 0.03003432
v -0.11200000 -0.00920000 0.02990000
v -0.11199999 -0.00749396 0.03128431
v -0.11199999 -0.00699205 0.03178431
v -0.11199999 -0.00699205 0.03303431
v -0.11414998 -0.00920000 0.03350000
v -0.11415000 -0.00920000 0.02990001
v -0.11435732 -0.00710001 0.02980000
v -0.11479883 -0.00679085 0.02980000
v -0.11414998 -0.00710001 0.03350000
v -0.11415000 -0.00710000 0.02990001
v -0.11414999 -0.00610001 0.03350000
v -0.11415000 -0.00610000 0.02990001
v -0.11499999 -0.00665000 0.02967563
v -0.11496206 -0.00667656 0.02963771
v -0.11499999 -0.00884145 0.02967563
v -0.11483435 -0.00890328 0.02951000
v -0.11464999 -0.00896746 0.02932563
v -0.11499999 -0.00925000 0.03060000
v -0.11499999 -0.00911966 0.03004426
v -0.11465000 -0.00960000 0.03060001
v -0.11464999 -0.00943317 0.02988865
v -0.11254144 -0.00703942 0.03303431
v -0.11254144 -0.00703942 0.03178431
v -0.11319325 -0.00751061 0.03178431
v -0.11293274 -0.00707610 0.03178431
v -0.11280005 -0.00759980 0.03178431
v -0.11273333 -0.00709782 0.03178431
v -0.11241259 -0.00753006 0.03178431
v -0.11351927 -0.00727340 0.03178431
v -0.11372511 -0.00692672 0.03178431
v -0.11359849 -0.00688295 0.03178431
v -0.11342911 -0.00685555 0.03178431
v -0.11325749 -0.00688813 0.03178431
v -0.11310756 -0.00697775 0.03178431
v -0.11273333 -0.00709782 0.03303431
v -0.11293274 -0.00707610 0.03303431
v -0.11310756 -0.00697775 0.03303431
v -0.11359849 -0.00688295 0.03303431
v -0.11342911 -0.00685555 0.03303431
v -0.11325749 -0.00688813 0.03303431
v -0.11372511 -0.00692672 0.03303431
v -0.11241259 -0.00753006 0.03303431
v -0.11280005 -0.00759980 0.03303431
v -0.11319325 -0.00751061 0.03303431
v -0.11351927 -0.00727340 0.03303431
v -0.11351927 -0.00802660 0.03303431
v -0.11372511 -0.00837328 0.03303431
v -0.11359849 -0.00841705 0.03303431
v -0.11319325 -0.00778939 0.03303431
v -0.11293159 -0.00822353 0.03303431
v -0.11280005 -0.00770020 0.03303431
v -0.11273092 -0.00820241 0.03303431
v -0.11241259 -0.00776994 0.03303431
v -0.11254144 -0.00826058 0.03303431
v -0.11342911 -0.00844445 0.03303431
v -0.11325749 -0.00841187 0.03303431
v -0.11310756 -0.00832225 0.03303431
v -0.11254144 -0.00826058 0.03178431
v -0.11359849 -0.00841705 0.03178431
v -0.11372511 -0.00837328 0.03178431
v -0.11351927 -0.00802660 0.03178431
v -0.11241259 -0.00776994 0.03178431
v -0.11280005 -0.00770020 0.03178431
v -0.11273092 -0.00820241 0.03178431
v -0.11319325 -0.00778939 0.03178431
v -0.11293159 -0.00822353 0.03178431
v -0.11310756 -0.00832225 0.03178431
v -0.11325749 -0.00841187 0.03178431
v -0.11342911 -0.00844445 0.03178431
v -0.11351927 -0.00727340 0.03003432
v -0.11372511 -0.00692672 0.03003432
v -0.11359849 -0.00688295 0.03003432
v -0.11319325 -0.00751061 0.03003432
v -0.11293159 -0.00707647 0.03003432
v -0.11280005 -0.00759980 0.03003432
v -0.11273092 -0.00709759 0.03003432
v -0.11241259 -0.00753006 0.03003432
v -0.11254144 -0.00703942 0.03003432
v -0.11342911 -0.00685555 0.03003432
v -0.11325749 -0.00688813 0.03003432
v -0.11310756 -0.00697775 0.03003432
v -0.11241259 -0.00753006 0.03128431
v -0.11359849 -0.00688295 0.03128431
v -0.11372511 -0.00692672 0.03128431
v -0.11351927 -0.00727340 0.03128431
v -0.11254144 -0.00703942 0.03128431
v -0.11280005 -0.00759980 0.03128431
v -0.11273092 -0.00709759 0.03128431
v -0.11319325 -0.00751061 0.03128431
v -0.11293159 -0.00707647 0.03128431
v -0.11310756 -0.00697775 0.03128431
v -0.11325749 -0.00688813 0.03128431
v -0.11342911 -0.00685555 0.03128431
v -0.11319325 -0.00778939 0.03128431
v -0.11293274 -0.00822390 0.03128431
v -0.11280005 -0.00770020 0.03128431
v -0.11273333 -0.00820218 0.03128431
v -0.11241259 -0.00776994 0.03128431
v -0.11254144 -0.00826058 0.03128431
v -0.11351927 -0.00802660 0.03128431
v -0.11372511 -0.00837328 0.03128431
v -0.11359849 -0.00841705 0.03128431
v -0.11342701 -0.00844443 0.03128431
v -0.11325651 -0.00841150 0.03128431
v -0.11310756 -0.00832225 0.03128431
v -0.11241259 -0.00776994 0.03003432
v -0.11280005 -0.00770020 0.03003432
v -0.11319325 -0.00778939 0.03003432
v -0.11351927 -0.00802660 0.03003432
v -0.11372511 -0.00837328 0.03003432
v -0.11359849 -0.00841705 0.03003432
v -0.11254144 -0.00826058 0.03003432
v -0.11273333 -0.00820218 0.03003432
v -0.11293274 -0.00822390 0.03003432
v -0.11310756 -0.00832225 0.03003432
v -0.11325651 -0.00841150 0.03003432
v -0.11342701 -0.00844443 0.03003432
v -0.10329999 -0.00585000 0.02825000
v -0.10329999 -0.00435000 0.02825000
v -0.10694999 -0.01030000 0.03225000
v -0.09779999 -0.01030000 0.03225000
v -0.09779999 -0.01030000 0.03050000
v -0.09679999 -0.01030000 0.03512000
v -0.09779999 -0.01030000 0.03405000
v -0.10483515 -0.01030000 0.03405000
v -0.10510973 -0.01030000 0.03434866
v -0.10519717 -0.01030000 0.03421714
v -0.10532869 -0.01030000 0.03412972
v -0.10455824 -0.01057679 0.03432679
v -0.10454715 -0.01055000 0.03430000
v -0.09779999 -0.01055000 0.03430000
v -0.09679999 -0.00950000 0.03512000
v -0.09779999 -0.01055000 0.03074998
v -0.10694999 -0.01055000 0.03075002
v -0.10694999 -0.01055000 0.03200002
v -0.09779999 -0.01055000 0.03199998
v -0.09530997 0.00074000 0.03410000
v -0.09531000 0.00074000 0.03360000
v -0.09531000 0.00436000 0.03410000
v -0.09512001 0.00375019 0.03410046
v -0.09512000 0.00092992 0.03410000
v -0.09512001 0.00134981 0.03410046
v -0.09517565 0.00430436 0.03410000
v -0.09523812 0.00434588 0.03410000
v -0.09513412 0.00424189 0.03410000
v -0.09512000 0.00417008 0.03410000
v -0.09523811 0.00075412 0.03410000
v -0.09517565 0.00079565 0.03410000
v -0.09513412 0.00085811 0.03410000
v -0.09530999 0.00436000 0.03360000
v -0.09510757 0.00141939 0.03360000
v -0.09510818 0.00368229 0.03360000
v -0.09511999 0.00135000 0.03360000
v -0.09517565 0.00430436 0.03360000
v -0.09513412 0.00424189 0.03360000
v -0.09523812 0.00434588 0.03360000
v -0.09511999 0.00417000 0.03360000
v -0.09511999 0.00375000 0.03360000
v -0.09517565 0.00079565 0.03360000
v -0.09523811 0.00075412 0.03360000
v -0.09513412 0.00085811 0.03360000
v -0.09511999 0.00092999 0.03360000
v -0.09497137 0.00154329 0.03361699
v -0.09491999 0.00155000 0.03362672
v -0.09491999 0.00155000 0.03414303
v -0.09511509 0.00139402 0.03410112
v -0.09510802 0.00141814 0.03410211
v -0.09507980 0.00147025 0.03410643
v -0.09505432 0.00149817 0.03360513
v -0.09506140 0.00149143 0.03410954
v -0.09501453 0.00152625 0.03411854
v -0.09312072 0.00155000 0.03474541
v -0.09075076 0.00155000 0.03474540
v -0.09075075 0.00155001 0.03524540
v -0.09470222 0.00155000 0.03424289
v -0.09445457 0.00155000 0.03380833
v -0.09438326 0.00155000 0.03455540
v -0.09396242 0.00155000 0.03428540
v -0.09404622 0.00155000 0.03492588
v -0.09359769 0.00155000 0.03462434
v -0.09360601 0.00155000 0.03516474
v -0.09312070 0.00154999 0.03524541
v -0.09508383 0.00363529 0.03360206
v -0.09491999 0.00355000 0.03362672
v -0.09445457 0.00355000 0.03380833
v -0.09396242 0.00355000 0.03428540
v -0.09506209 0.00360927 0.03360427
v -0.09501309 0.00357300 0.03361043
v -0.09075077 0.00355001 0.03524540
v -0.09075076 0.00355000 0.03474540
v -0.09312076 0.00355000 0.03524540
v -0.09312076 0.00355000 0.03474540
v -0.09360601 0.00355000 0.03516474
v -0.09359769 0.00355000 0.03462434
v -0.09491999 0.00355000 0.03414303
v -0.09470222 0.00355000 0.03424289
v -0.09438326 0.00355000 0.03455540
v -0.09404622 0.00355000 0.03492588
v -0.09510817 0.00368227 0.03410209
v -0.09505269 0.00360036 0.03411109
v -0.09496909 0.00355612 0.03412904
v -0.09510117 0.00366530 0.03410311
v -0.09530997 0.00584000 0.03410000
v -0.09531000 0.00584000 0.03360000
v -0.09531000 0.00946000 0.03410000
v -0.09512001 0.00885019 0.03410046
v -0.09512000 0.00602992 0.03410000
v -0.09512001 0.00644981 0.03410046
v -0.09517565 0.00940436 0.03410000
v -0.09523812 0.00944588 0.03410000
v -0.09513412 0.00934189 0.03410000
v -0.09512000 0.00927008 0.03410000
v -0.09523811 0.00585412 0.03410000
v -0.09517564 0.00589565 0.03410000
v -0.09513412 0.00595812 0.03410000
v -0.09530999 0.00946000 0.03360000
v -0.09511999 0.00645000 0.03360000
v -0.09510757 0.00651939 0.03360000
v -0.09510818 0.00878229 0.03360000
v -0.09517565 0.00940436 0.03360000
v -0.09513412 0.00934189 0.03360000
v -0.09523812 0.00944588 0.03360000
v -0.09511999 0.00927000 0.03360000
v -0.09511999 0.00885000 0.03360000
v -0.09517564 0.00589565 0.03360000
v -0.09523811 0.00585412 0.03360000
v -0.09513412 0.00595812 0.03360000
v -0.09511999 0.00603000 0.03360000
v -0.09497137 0.00664329 0.03361699
v -0.09491999 0.00665000 0.03362672
v -0.09491999 0.00665000 0.03414303
v -0.09511509 0.00649402 0.03410112
v -0.09510802 0.00651814 0.03410211
v -0.09507980 0.00657025 0.03410643
v -0.09505432 0.00659817 0.03360514
v -0.09506140 0.00659143 0.03410954
v -0.09501453 0.00662625 0.03411854
v -0.09312072 0.00665000 0.03474541
v -0.09075076 0.00665000 0.03474540
v -0.09075075 0.00665001 0.03524540
v -0.09470222 0.00665000 0.03424289
v -0.09445457 0.00665000 0.03380833
v -0.09438326 0.00665000 0.03455540
v -0.09396242 0.00665000 0.03428540
v -0.09404619 0.00665000 0.03492590
v -0.09359769 0.00665000 0.03462434
v -0.09360594 0.00665000 0.03516477
v -0.09312059 0.00665000 0.03524540
v -0.09508383 0.00873529 0.03360205
v -0.09491999 0.00865000 0.03362672
v -0.09445457 0.00865000 0.03380833
v -0.09396242 0.00865000 0.03428540
v -0.09506209 0.00870927 0.03360427
v -0.09501309 0.00867300 0.03361043
v -0.09075077 0.00865001 0.03524540
v -0.09075076 0.00865000 0.03474540
v -0.09312076 0.00865000 0.03524540
v -0.09312076 0.00865000 0.03474540
v -0.09360594 0.00865000 0.03516477
v -0.09359769 0.00865000 0.03462434
v -0.09491999 0.00865000 0.03414303
v -0.09470222 0.00865000 0.03424289
v -0.09438326 0.00865000 0.03455540
v -0.09404619 0.00865000 0.03492590
v -0.09510817 0.00878228 0.03410209
v -0.09505269 0.00870036 0.03411109
v -0.09496909 0.00865612 0.03412904
v -0.09510117 0.00876530 0.03410311
v -0.09530997 -0.00436000 0.03410000
v -0.09531000 -0.00436000 0.03360000
v -0.09531004 -0.00074000 0.03410000
v -0.09512001 -0.00134981 0.03410046
v -0.09511999 -0.00417018 0.03410000
v -0.09512001 -0.00375019 0.03410046
v -0.09517565 -0.00079563 0.03410000
v -0.09523814 -0.00075411 0.03410000
v -0.09513412 -0.00085811 0.03410000
v -0.09511999 -0.00092980 0.03410000
v -0.09523811 -0.00434588 0.03410000
v -0.09517565 -0.00430435 0.03410000
v -0.09513412 -0.00424189 0.03410000
v -0.09530999 -0.00074000 0.03360000
v -0.09510757 -0.00368061 0.03360000
v -0.09510818 -0.00141771 0.03360000
v -0.09511999 -0.00375000 0.03360000
v -0.09517565 -0.00079563 0.03360000
v -0.09513412 -0.00085811 0.03360000
v -0.09523814 -0.00075411 0.03360000
v -0.09511999 -0.00093000 0.03360000
v -0.09511999 -0.00135000 0.03360000
v -0.09517565 -0.00430435 0.03360000
v -0.09523811 -0.00434588 0.03360000
v -0.09513412 -0.00424189 0.03360000
v -0.09511999 -0.00417001 0.03360000
v -0.09497137 -0.00355671 0.03361699
v -0.09491999 -0.00355000 0.03362672
v -0.09491999 -0.00355000 0.03414303
v -0.09511509 -0.00370598 0.03410112
v -0.09510802 -0.00368186 0.03410211
v -0.09507980 -0.00362975 0.03410643
v -0.09505432 -0.00360183 0.03360513
v -0.09506140 -0.00360857 0.03410954
v -0.09501453 -0.00357375 0.03411854
v -0.09312072 -0.00355000 0.03474541
v -0.09075076 -0.00355000 0.03474540
v -0.09075075 -0.00354999 0.03524540
v -0.09470222 -0.00355000 0.03424289
v -0.09445457 -0.00355000 0.03380833
v -0.09438326 -0.00355000 0.03455540
v -0.09396242 -0.00355000 0.03428540
v -0.09404622 -0.00355000 0.03492588
v -0.09359769 -0.00355000 0.03462434
v -0.09360601 -0.00355000 0.03516474
v -0.09312070 -0.00355001 0.03524541
v -0.09508383 -0.00146471 0.03360206
v -0.09491999 -0.00155000 0.03362672
v -0.09445457 -0.00155000 0.03380833
v -0.09396242 -0.00155000 0.03428540
v -0.09506209 -0.00149073 0.03360427
v -0.09501309 -0.00152700 0.03361043
v -0.09075077 -0.00154999 0.03524540
v -0.09075076 -0.00155000 0.03474540
v -0.09312077 -0.00155001 0.03524540
v -0.09312076 -0.00155000 0.03474540
v -0.09360601 -0.00155000 0.03516474
v -0.09359769 -0.00155000 0.03462434
v -0.09491999 -0.00155000 0.03414303
v -0.09470222 -0.00155000 0.03424289
v -0.09438326 -0.00155000 0.03455540
v -0.09404622 -0.00155000 0.03492588
v -0.09510817 -0.00141773 0.03410209
v -0.09505269 -0.00149964 0.03411109
v -0.09496909 -0.00154388 0.03412904
v -0.09510117 -0.00143470 0.03410311
v -0.09659998 0.00100000 0.03350000
v -0.09659998 0.00410000 0.03350000
v -0.09660001 0.00410000 0.02990000
v -0.09659999 0.00100000 0.02990000
v -0.09659998 0.00610000 0.03350000
v -0.09659998 0.00920000 0.03350000
v -0.09660001 0.00920000 0.02990000
v -0.09659999 0.00610000 0.02990000
v -0.09530994 -0.00946000 0.03410000
v -0.09530999 -0.00946000 0.03360000
v -0.09511999 -0.00927018 0.03410000
v -0.09512001 -0.00885019 0.03410046
v -0.09512001 -0.00644981 0.03410046
v -0.09531004 -0.00584000 0.03410000
v -0.09523811 -0.00944588 0.03410000
v -0.09517565 -0.00940435 0.03410000
v -0.09513412 -0.00934189 0.03410000
v -0.09517566 -0.00589563 0.03410000
v -0.09523814 -0.00585411 0.03410000
v -0.09513412 -0.00595810 0.03410000
v -0.09512000 -0.00602992 0.03410000
v -0.09530999 -0.00584000 0.03360000
v -0.09510818 -0.00651771 0.03360000
v -0.09510757 -0.00878061 0.03360000
v -0.09517566 -0.00589563 0.03360000
v -0.09513412 -0.00595810 0.03360000
v -0.09523814 -0.00585411 0.03360000
v -0.09511999 -0.00602999 0.03360000
v -0.09511999 -0.00645000 0.03360000
v -0.09511999 -0.00927001 0.03360000
v -0.09513412 -0.00934189 0.03360000
v -0.09517565 -0.00940435 0.03360000
v -0.09511999 -0.00885000 0.03360000
v -0.09523811 -0.00944588 0.03360000
v -0.09497137 -0.00865671 0.03361699
v -0.09491999 -0.00865000 0.03362672
v -0.09491999 -0.00865000 0.03414303
v -0.09511509 -0.00880598 0.03410112
v -0.09510802 -0.00878185 0.03410211
v -0.09507980 -0.00872975 0.03410643
v -0.09505432 -0.00870183 0.03360513
v -0.09506140 -0.00870857 0.03410954
v -0.09501453 -0.00867375 0.03411854
v -0.09312072 -0.00865000 0.03474541
v -0.09075076 -0.00865000 0.03474540
v -0.09075075 -0.00864999 0.03524540
v -0.09470222 -0.00865000 0.03424289
v -0.09445457 -0.00865000 0.03380833
v -0.09438326 -0.00865000 0.03455540
v -0.09396242 -0.00865000 0.03428540
v -0.09404622 -0.00865000 0.03492588
v -0.09359769 -0.00865000 0.03462434
v -0.09360601 -0.00865001 0.03516474
v -0.09312070 -0.00865001 0.03524541
v -0.09508383 -0.00656471 0.03360205
v -0.09491999 -0.00665000 0.03362672
v -0.09445457 -0.00665000 0.03380833
v -0.09396242 -0.00665000 0.03428540
v -0.09506209 -0.00659073 0.03360427
v -0.09501309 -0.00662700 0.03361043
v -0.09075077 -0.00664999 0.03524540
v -0.09075076 -0.00665000 0.03474540
v -0.09312076 -0.00665000 0.03524540
v -0.09312076 -0.00665000 0.03474540
v -0.09360601 -0.00665000 0.03516474
v -0.09359769 -0.00665000 0.03462434
v -0.09491999 -0.00665000 0.03414303
v -0.09470222 -0.00665000 0.03424289
v -0.09438326 -0.00665000 0.03455540
v -0.09404622 -0.00665000 0.03492588
v -0.09510817 -0.00651773 0.03410209
v -0.09505269 -0.00659964 0.03411109
v -0.09496909 -0.00664388 0.03412904
v -0.09510117 -0.00653470 0.03410311
v -0.09660000 -0.00100000 0.02990000
v -0.09659999 -0.00100000 0.03350000
v -0.09660000 -0.00410000 0.02990000
v -0.09659997 -0.00410000 0.03350000
v -0.09660000 -0.00610000 0.02990000
v -0.09659999 -0.00610000 0.03350000
v -0.09660000 -0.00920000 0.02990000
v -0.09659997 -0.00920000 0.03350000
v -0.09980000 0.00585002 0.02825000
v -0.10204999 0.00584999 0.02825000
v -0.10229999 0.00610000 0.02850000
v -0.10229999 0.00410000 0.02850000
v -0.10204998 0.00434999 0.02825000
v -0.09979999 0.00435002 0.02825000
v -0.09979999 -0.00435000 0.02825000
v -0.10204999 -0.00435000 0.02825000
v -0.10229999 -0.00409999 0.02850000
v -0.09979999 -0.00585000 0.02825000
v -0.10204999 -0.00585000 0.02825000
v -0.10229999 -0.00609999 0.02850000
v -0.10127931 0.00580000 0.03630000
v -0.10143927 0.00556031 0.03630000
v -0.10145339 0.00553000 0.03630000
v -0.09986412 0.00580000 0.03641600
v -0.09970067 0.00580000 0.03630000
v -0.10118922 0.00580000 0.03636559
v -0.10065507 0.00580000 0.03663579
v -0.10029965 0.00580000 0.03662958
v -0.09952660 0.00553000 0.03630000
v -0.09953219 0.00554233 0.03630000
v -0.09967054 0.00529046 0.03651370
v -0.09978499 0.00510000 0.03665000
v -0.09952660 0.00467000 0.03630000
v -0.09967103 0.00491035 0.03651436
v -0.09970067 0.00440000 0.03630000
v -0.09953947 0.00464225 0.03630000
v -0.10110188 0.00440000 0.03642527
v -0.10127931 0.00440000 0.03630000
v -0.09979077 0.00440000 0.03636560
v -0.10032492 0.00440000 0.03663580
v -0.10068034 0.00440000 0.03662958
v -0.10145339 0.00467000 0.03630000
v -0.10144051 0.00464225 0.03630000
v -0.10130944 0.00490954 0.03651370
v -0.10119499 0.00510000 0.03665000
v -0.10130896 0.00528965 0.03651436
v -0.09993499 0.00510000 0.03680000
v -0.09998613 0.00533270 0.03680000
v -0.10104499 0.00510000 0.03680000
v -0.10098938 0.00534215 0.03680000
v -0.10083368 0.00553577 0.03680000
v -0.10060912 0.00564206 0.03680000
v -0.10036067 0.00563972 0.03680000
v -0.10013814 0.00552922 0.03680000
v -0.09998995 0.00485919 0.03680000
v -0.10099003 0.00485919 0.03680000
v -0.10014395 0.00466608 0.03680000
v -0.10036650 0.00455891 0.03680000
v -0.10061349 0.00455891 0.03680000
v -0.10083603 0.00466608 0.03680000
v -0.10145339 -0.00467000 0.03630000
v -0.10137655 -0.00479787 0.03641817
v -0.10119499 -0.00510000 0.03665000
v -0.10127931 -0.00440000 0.03630000
v -0.09993499 -0.00510000 0.03680000
v -0.09978499 -0.00510000 0.03665000
v -0.09996614 -0.00491669 0.03680000
v -0.09973612 -0.00501868 0.03659656
v -0.10104499 -0.00510000 0.03680000
v -0.10118920 -0.00440000 0.03636561
v -0.09952660 -0.00467000 0.03630000
v -0.09970067 -0.00440000 0.03630000
v -0.09980831 -0.00440000 0.03637791
v -0.10011555 -0.00469034 0.03680000
v -0.10029964 -0.00440000 0.03662958
v -0.10035438 -0.00456182 0.03680000
v -0.10065506 -0.00440000 0.03663580
v -0.10062560 -0.00456182 0.03680000
v -0.10086443 -0.00469034 0.03680000
v -0.10101385 -0.00491669 0.03680000
v -0.10101385 -0.00528330 0.03680000
v -0.10124385 -0.00518132 0.03659656
v -0.09960344 -0.00540213 0.03641817
v -0.09970067 -0.00580000 0.03630000
v -0.09952660 -0.00553000 0.03630000
v -0.09979076 -0.00580000 0.03636559
v -0.10145339 -0.00553000 0.03630000
v -0.10127931 -0.00580000 0.03630000
v -0.10117168 -0.00580000 0.03637791
v -0.10086443 -0.00550966 0.03680000
v -0.10068033 -0.00580000 0.03662958
v -0.10062560 -0.00563818 0.03680000
v -0.10032491 -0.00580000 0.03663579
v -0.10035438 -0.00563818 0.03680000
v -0.10011555 -0.00550966 0.03680000
v -0.09996614 -0.00528330 0.03680000
v -0.11415000 -0.00410000 0.02990001
v -0.11414998 -0.00410001 0.03350000
v -0.11254144 -0.00193942 0.03303431
v -0.11254144 -0.00193942 0.03178431
v -0.11319325 -0.00241061 0.03178431
v -0.11293274 -0.00197610 0.03178431
v -0.11280005 -0.00249980 0.03178431
v -0.11273333 -0.00199782 0.03178431
v -0.11241259 -0.00243006 0.03178431
v -0.11372511 -0.00182672 0.03178431
v -0.11359849 -0.00178295 0.03178431
v -0.11351927 -0.00217340 0.03178431
v -0.11334033 -0.00176458 0.03178431
v -0.11310756 -0.00187775 0.03178431
v -0.11273333 -0.00199782 0.03303431
v -0.11293274 -0.00197610 0.03303431
v -0.11310756 -0.00187775 0.03303431
v -0.11359849 -0.00178295 0.03303431
v -0.11334033 -0.00176458 0.03303431
v -0.11372511 -0.00182672 0.03303431
v -0.11241259 -0.00243006 0.03303431
v -0.11280005 -0.00249980 0.03303431
v -0.11319325 -0.00241061 0.03303431
v -0.11351927 -0.00217340 0.03303431
v -0.11351927 -0.00292660 0.03303431
v -0.11372511 -0.00327328 0.03303431
v -0.11359849 -0.00331705 0.03303431
v -0.11319325 -0.00268939 0.03303431
v -0.11293159 -0.00312353 0.03303431
v -0.11280005 -0.00260020 0.03303431
v -0.11273092 -0.00310241 0.03303431
v -0.11254144 -0.00316058 0.03303431
v -0.11342911 -0.00334445 0.03303431
v -0.11325749 -0.00331187 0.03303431
v -0.11310756 -0.00322225 0.03303431
v -0.11254144 -0.00316058 0.03178431
v -0.11359849 -0.00331705 0.03178431
v -0.11372511 -0.00327328 0.03178431
v -0.11351927 -0.00292660 0.03178431
v -0.11280005 -0.00260020 0.03178431
v -0.11273092 -0.00310241 0.03178431
v -0.11319325 -0.00268939 0.03178431
v -0.11293159 -0.00312353 0.03178431
v -0.11310756 -0.00322225 0.03178431
v -0.11325749 -0.00331187 0.03178431
v -0.11342911 -0.00334445 0.03178431
v -0.11319325 -0.00241061 0.03003432
v -0.11293274 -0.00197610 0.03003432
v -0.11280005 -0.00249980 0.03003432
v -0.11273333 -0.00199782 0.03003432
v -0.11241259 -0.00243006 0.03003432
v -0.11254144 -0.00193942 0.03003432
v -0.11351927 -0.00217340 0.03003432
v -0.11372511 -0.00182672 0.03003432
v -0.11359849 -0.00178295 0.03003432
v -0.11342911 -0.00175555 0.03003432
v -0.11325749 -0.00178813 0.03003432
v -0.11310756 -0.00187775 0.03003432
v -0.11241259 -0.00243006 0.03128431
v -0.11359849 -0.00178295 0.03128431
v -0.11372511 -0.00182672 0.03128431
v -0.11351927 -0.00217340 0.03128431
v -0.11254144 -0.00193942 0.03128431
v -0.11280005 -0.00249980 0.03128431
v -0.11273333 -0.00199782 0.03128431
v -0.11319325 -0.00241061 0.03128431
v -0.11293274 -0.00197610 0.03128431
v -0.11310756 -0.00187775 0.03128431
v -0.11325749 -0.00178813 0.03128431
v -0.11342911 -0.00175555 0.03128431
v -0.11351927 -0.00292660 0.03128431
v -0.11372511 -0.00327328 0.03128431
v -0.11359849 -0.00331705 0.03128431
v -0.11319325 -0.00268939 0.03128431
v -0.11293274 -0.00312390 0.03128431
v -0.11280005 -0.00260020 0.03128431
v -0.11273333 -0.00310218 0.03128431
v -0.11241259 -0.00266994 0.03128431
v -0.11254144 -0.00316058 0.03128431
v -0.11342701 -0.00334443 0.03128431
v -0.11325651 -0.00331150 0.03128431
v -0.11310756 -0.00322225 0.03128431
v -0.11241259 -0.00266994 0.03003432
v -0.11280005 -0.00260020 0.03003432
v -0.11319325 -0.00268939 0.03003432
v -0.11351927 -0.00292660 0.03003432
v -0.11372511 -0.00327328 0.03003432
v -0.11359849 -0.00331705 0.03003432
v -0.11254144 -0.00316058 0.03003432
v -0.11273333 -0.00310218 0.03003432
v -0.11342701 -0.00334443 0.03003432
v -0.11325651 -0.00331150 0.03003432
v -0.11310756 -0.00322225 0.03003432
v -0.11293274 -0.00312390 0.03003432
v -0.07144710 0.04325000 0.00280000
v -0.07144710 0.04325000 0.01010000
v -0.07107960 0.04321595 0.00280000
v -0.07092946 0.04318185 0.01010000
v -0.07092946 0.04318185 0.00280000
v -0.07072461 0.04311495 0.00280000
v -0.07044709 0.04298205 0.01010000
v -0.07044709 0.04298205 0.00280000
v -0.07039423 0.04295043 0.00280000
v -0.07003288 0.04266421 0.01010000
v -0.07009970 0.04272802 0.00280000
v -0.06971505 0.04225000 0.01010000
v -0.06985106 0.04245527 0.00280000
v -0.07003288 0.04266421 0.00280000
v -0.06952345 0.04179733 0.00280000
v -0.06965677 0.04214148 0.00280000
v -0.06971505 0.04225000 0.00280000
v -0.06951524 0.04176764 0.00280000
v -0.06951524 0.04176764 0.01010000
v -0.06945563 0.04143454 0.00280000
v -0.06944709 0.04125000 0.01010000
v -0.06944709 0.04125000 0.00280000
v -0.06945563 0.04106546 0.00280000
v -0.06951524 0.04073236 0.01010000
v -0.06951524 0.04073236 0.00280000
v -0.06952345 0.04070267 0.00280000
v -0.06971505 0.04025000 0.01010000
v -0.06965677 0.04035852 0.00280000
v -0.07003288 0.03983578 0.01010000
v -0.06985106 0.04004473 0.00280000
v -0.06971505 0.04025000 0.00280000
v -0.07044709 0.03951795 0.00280000
v -0.07039423 0.03954957 0.00280000
v -0.07044709 0.03951795 0.01010000
v -0.07009970 0.03977198 0.00280000
v -0.07003288 0.03983578 0.00280000
v -0.07072461 0.03938505 0.00280000
v -0.07092946 0.03931815 0.01010000
v -0.07092946 0.03931815 0.00280000
v -0.07107960 0.03928405 0.00280000
v -0.07144710 0.03925000 0.01010000
v -0.07144710 0.03925000 0.00280000
v -0.07181460 0.03928405 0.00280000
v -0.07196473 0.03931815 0.01010000
v -0.07196473 0.03931815 0.00280000
v -0.07216958 0.03938505 0.00280000
v -0.07244710 0.03951795 0.01010000
v -0.07244710 0.03951795 0.00280000
v -0.07249996 0.03954957 0.00280000
v -0.07286131 0.03983578 0.01010000
v -0.07279449 0.03977198 0.00280000
v -0.07317915 0.04025000 0.01010000
v -0.07304313 0.04004473 0.00280000
v -0.07286131 0.03983578 0.00280000
v -0.07337075 0.04070267 0.00280000
v -0.07323742 0.04035852 0.00280000
v -0.07317915 0.04025000 0.00280000
v -0.07337895 0.04073236 0.00280000
v -0.07337895 0.04073236 0.01010000
v -0.07343856 0.04106546 0.00280000
v -0.07344709 0.04125000 0.01010000
v -0.07344709 0.04125000 0.00280000
v -0.07343856 0.04143454 0.00280000
v -0.07337895 0.04176764 0.01010000
v -0.07337895 0.04176764 0.00280000
v -0.07337075 0.04179733 0.00280000
v -0.07317915 0.04225000 0.01010000
v -0.07323742 0.04214148 0.00280000
v -0.07286131 0.04266421 0.01010000
v -0.07304313 0.04245527 0.00280000
v -0.07317915 0.04225000 0.00280000
v -0.07244710 0.04298205 0.00280000
v -0.07249996 0.04295043 0.00280000
v -0.07244710 0.04298205 0.01010000
v -0.07279449 0.04272802 0.00280000
v -0.07286131 0.04266421 0.00280000
v -0.07216958 0.04311495 0.00280000
v -0.07196473 0.04318185 0.01010000
v -0.07196473 0.04318185 0.00280000
v -0.07181460 0.04321595 0.00280000
v -0.07144710 0.04285000 0.01050000
v -0.07186121 0.04279548 0.01050000
v -0.07224710 0.04263564 0.01050000
v -0.07257847 0.04238137 0.01050000
v -0.07283273 0.04205000 0.01050000
v -0.07299258 0.04166411 0.01050000
v -0.07304709 0.04125000 0.01050000
v -0.07299258 0.04083589 0.01050000
v -0.07283273 0.04045000 0.01050000
v -0.07257847 0.04011863 0.01050000
v -0.07224710 0.03986436 0.01050000
v -0.07186121 0.03970452 0.01050000
v -0.07144710 0.03965000 0.01050000
v -0.07031573 0.04238137 0.01050000
v -0.07064710 0.04263564 0.01050000
v -0.07103299 0.04279548 0.01050000
v -0.07031573 0.04011863 0.01050000
v -0.06990162 0.04166411 0.01050000
v -0.07064710 0.03986436 0.01050000
v -0.07103299 0.03970452 0.01050000
v -0.07006145 0.04045000 0.01050000
v -0.06990162 0.04083589 0.01050000
v -0.06984710 0.04125000 0.01050000
v -0.07006145 0.04205000 0.01050000
v -0.07218210 0.04518189 0.00080000
v -0.07144710 0.04525000 0.00080000
v -0.07289206 0.04497989 0.00080000
v -0.07355282 0.04465087 0.00080000
v -0.07414187 0.04420603 0.00080000
v -0.07529440 0.04234465 0.00080000
v -0.07502775 0.04303295 0.00080000
v -0.07463916 0.04366054 0.00080000
v -0.07543004 0.04161907 0.00080000
v -0.07543004 0.04088093 0.00080000
v -0.07529440 0.04015535 0.00080000
v -0.07502775 0.03946705 0.00080000
v -0.07355282 0.03784913 0.00080000
v -0.07414187 0.03829397 0.00080000
v -0.07463916 0.03883946 0.00080000
v -0.07289206 0.03752011 0.00080000
v -0.07218210 0.03731811 0.00080000
v -0.07144710 0.03725000 0.00080000
v -0.07144710 0.03725000 0.00050000
v -0.07218210 0.03731811 0.00050000
v -0.07289206 0.03752011 0.00050000
v -0.07355282 0.03784913 0.00050000
v -0.07414187 0.03829397 0.00050000
v -0.07463916 0.03883946 0.00050000
v -0.07502775 0.03946705 0.00050000
v -0.07529440 0.04015535 0.00050000
v -0.07543004 0.04088093 0.00050000
v -0.07543004 0.04161907 0.00050000
v -0.07529440 0.04234465 0.00050000
v -0.07502775 0.04303295 0.00050000
v -0.07463916 0.04366054 0.00050000
v -0.07414187 0.04420603 0.00050000
v -0.07355282 0.04465087 0.00050000
v -0.07289206 0.04497989 0.00050000
v -0.07218210 0.04518189 0.00050000
v -0.07144710 0.04525000 0.00050000
v -0.06759980 0.04234465 0.00050000
v -0.06746416 0.04161907 0.00050000
v -0.07000372 0.04125000 0.00050000
v -0.06746416 0.04088093 0.00050000
v -0.06759980 0.04015535 0.00050000
v -0.07216878 0.04250000 0.00050000
v -0.07071210 0.04518189 0.00050000
v -0.07072541 0.04250000 0.00050000
v -0.07000213 0.04497989 0.00050000
v -0.06934137 0.04465087 0.00050000
v -0.06786644 0.03946705 0.00050000
v -0.06825503 0.03883946 0.00050000
v -0.07072541 0.04000000 0.00050000
v -0.06875231 0.03829397 0.00050000
v -0.06934137 0.03784913 0.00050000
v -0.07216878 0.04000000 0.00050000
v -0.06875231 0.04420603 0.00050000
v -0.06825503 0.04366054 0.00050000
v -0.06786644 0.04303295 0.00050000
v -0.07289047 0.04125000 0.00050000
v -0.07000213 0.03752011 0.00050000
v -0.07071210 0.03731811 0.00050000
v -0.07071210 0.04518189 0.00080000
v -0.07000213 0.04497989 0.00080000
v -0.06934137 0.04465087 0.00080000
v -0.06875231 0.04420603 0.00080000
v -0.06825503 0.04366054 0.00080000
v -0.06786644 0.04303295 0.00080000
v -0.06759980 0.04234465 0.00080000
v -0.06746416 0.04161907 0.00080000
v -0.06746416 0.04088093 0.00080000
v -0.06759980 0.04015535 0.00080000
v -0.06786644 0.03946705 0.00080000
v -0.06825503 0.03883946 0.00080000
v -0.06875231 0.03829397 0.00080000
v -0.06934137 0.03784913 0.00080000
v -0.07000213 0.03752011 0.00080000
v -0.07071210 0.03731811 0.00080000
v -0.07216878 0.04000000 0.00230000
v -0.07289047 0.04125000 0.00230000
v -0.07216878 0.04250000 0.00230000
v -0.07072541 0.04250000 0.00230000
v -0.07000372 0.04125000 0.00230000
v -0.07072541 0.04000000 0.00230000
v -0.05198260 -0.02579448 0.05700000
v -0.05198260 -0.02579448 0.05500000
v -0.05205886 -0.02583848 0.05502443
v -0.05288948 -0.02631789 0.05512638
v -0.05311556 -0.02644852 0.05509499
v -0.05347216 -0.02665448 0.05700000
v -0.05315284 -0.02647004 0.05508752
v -0.05347216 -0.02665448 0.05500000
v -0.05234343 -0.02600276 0.05509577
v -0.05261309 -0.02615836 0.05512973
v -0.05272744 -0.02622446 0.05513307
v -0.05198260 -0.02407448 0.05700000
v -0.05198260 -0.02407448 0.05500000
v -0.05198262 -0.02416253 0.05502443
v -0.05198276 -0.02512157 0.05512638
v -0.05198266 -0.02538268 0.05509499
v -0.05198266 -0.02542572 0.05508752
v -0.05198263 -0.02449111 0.05509577
v -0.05198271 -0.02480245 0.05512973
v -0.05198264 -0.02493453 0.05513307
v -0.05347216 -0.02321448 0.05700000
v -0.05347216 -0.02321448 0.05500000
v -0.05339592 -0.02325852 0.05502443
v -0.05256543 -0.02373816 0.05512638
v -0.05233926 -0.02386863 0.05509499
v -0.05230198 -0.02389016 0.05508752
v -0.05311136 -0.02342282 0.05509577
v -0.05284178 -0.02357856 0.05512973
v -0.05272736 -0.02364454 0.05513307
v -0.05496172 -0.02407448 0.05700000
v -0.05496172 -0.02407448 0.05500000
v -0.05488546 -0.02403047 0.05502443
v -0.05405483 -0.02355107 0.05512638
v -0.05382876 -0.02342043 0.05509499
v -0.05379148 -0.02339891 0.05508752
v -0.05460089 -0.02386619 0.05509577
v -0.05433123 -0.02371059 0.05512973
v -0.05421688 -0.02364449 0.05513307
v -0.05496172 -0.02579448 0.05700000
v -0.05496172 -0.02579448 0.05500000
v -0.05496170 -0.02570643 0.05502443
v -0.05496156 -0.02474738 0.05512638
v -0.05496166 -0.02448628 0.05509499
v -0.05496166 -0.02444324 0.05508752
v -0.05496169 -0.02537784 0.05509577
v -0.05496161 -0.02506651 0.05512973
v -0.05496168 -0.02493443 0.05513307
v -0.05354840 -0.02661043 0.05502443
v -0.05383296 -0.02644613 0.05509577
v -0.05410254 -0.02629040 0.05512973
v -0.05422104 -0.02622206 0.05513306
v -0.05437889 -0.02613079 0.05512638
v -0.05460700 -0.02599921 0.05509461
v -0.05464234 -0.02597880 0.05508752
v -0.05440206 -0.02638143 0.05700000
v -0.05395674 -0.02658481 0.05700000
v -0.05477205 -0.02606084 0.05700000
v -0.05347216 -0.02493448 0.05799304
v -0.05503673 -0.02564899 0.05700000
v -0.05517465 -0.02468970 0.05700000
v -0.05503673 -0.02421996 0.05700000
v -0.05517465 -0.02517926 0.05700000
v -0.05477205 -0.02380812 0.05700000
v -0.05395674 -0.02328415 0.05700000
v -0.05440206 -0.02348752 0.05700000
v -0.05254226 -0.02348752 0.05700000
v -0.05217227 -0.02380812 0.05700000
v -0.05298758 -0.02328415 0.05700000
v -0.05190759 -0.02421996 0.05700000
v -0.05176967 -0.02517926 0.05700000
v -0.05190759 -0.02564899 0.05700000
v -0.05176967 -0.02468970 0.05700000
v -0.05217227 -0.02606084 0.05700000
v -0.05298758 -0.02658481 0.05700000
v -0.05254226 -0.02638143 0.05700000
v -0.05387605 -0.02660638 0.05500000
v -0.05433683 -0.02642133 0.05500000
v -0.05472555 -0.02611236 0.05500000
v -0.05433216 -0.02344491 0.05500000
v -0.05483473 -0.02187410 0.05500000
v -0.05386790 -0.02326062 0.05500000
v -0.05416866 -0.02165768 0.05500000
v -0.05347216 -0.02158448 0.05500000
v -0.05307642 -0.02326062 0.05500000
v -0.05511963 -0.02542868 0.05500000
v -0.05680381 -0.02528465 0.05500000
v -0.05519216 -0.02493448 0.05500000
v -0.05680381 -0.02458431 0.05500000
v -0.05511963 -0.02444028 0.05500000
v -0.05665820 -0.02389927 0.05500000
v -0.05637334 -0.02325948 0.05500000
v -0.05472389 -0.02375483 0.05500000
v -0.05596169 -0.02269289 0.05500000
v -0.05544124 -0.02222427 0.05500000
v -0.05175216 -0.02493448 0.05500000
v -0.05014051 -0.02528465 0.05500000
v -0.05182469 -0.02542868 0.05500000
v -0.05028612 -0.02596968 0.05500000
v -0.05057098 -0.02660948 0.05500000
v -0.05222043 -0.02611413 0.05500000
v -0.05098262 -0.02717607 0.05500000
v -0.05261216 -0.02642404 0.05500000
v -0.05277565 -0.02165768 0.05500000
v -0.05210959 -0.02187410 0.05500000
v -0.05261216 -0.02344491 0.05500000
v -0.05150308 -0.02222427 0.05500000
v -0.05222043 -0.02375483 0.05500000
v -0.05098262 -0.02269289 0.05500000
v -0.05057098 -0.02325948 0.05500000
v -0.05182469 -0.02444028 0.05500000
v -0.05028612 -0.02389927 0.05500000
v -0.05014051 -0.02458431 0.05500000
v -0.05483473 -0.02799485 0.05500000
v -0.05544124 -0.02764468 0.05500000
v -0.05596169 -0.02717607 0.05500000
v -0.05637334 -0.02660948 0.05500000
v -0.05665820 -0.02596968 0.05500000
v -0.05150308 -0.02764468 0.05500000
v -0.05210959 -0.02799485 0.05500000
v -0.05307642 -0.02660833 0.05500000
v -0.05277565 -0.02821127 0.05500000
v -0.05347216 -0.02828448 0.05500000
v -0.05416866 -0.02821127 0.05500000
v -0.05347216 -0.02843448 0.05515000
v -0.05419985 -0.02835799 0.05515000
v -0.05489574 -0.02813189 0.05515000
v -0.05552941 -0.02776604 0.05515000
v -0.05607317 -0.02727643 0.05515000
v -0.05650325 -0.02668448 0.05515000
v -0.05680086 -0.02601604 0.05515000
v -0.05695299 -0.02530033 0.05515000
v -0.05695299 -0.02456863 0.05515000
v -0.05680086 -0.02385292 0.05515000
v -0.05650325 -0.02318448 0.05515000
v -0.05607317 -0.02259252 0.05515000
v -0.05552941 -0.02210292 0.05515000
v -0.05489574 -0.02173707 0.05515000
v -0.05419985 -0.02151096 0.05515000
v -0.05347216 -0.02143448 0.05515000
v -0.05274447 -0.02151096 0.05515000
v -0.05204858 -0.02173707 0.05515000
v -0.05141491 -0.02210292 0.05515000
v -0.05087115 -0.02259252 0.05515000
v -0.05044107 -0.02318448 0.05515000
v -0.05014346 -0.02385292 0.05515000
v -0.04999133 -0.02456863 0.05515000
v -0.04999133 -0.02530033 0.05515000
v -0.05014346 -0.02601604 0.05515000
v -0.05044107 -0.02668448 0.05515000
v -0.05087115 -0.02727643 0.05515000
v -0.05141491 -0.02776604 0.05515000
v -0.05204858 -0.02813189 0.05515000
v -0.05274447 -0.02835799 0.05515000
v -0.05347216 -0.02843448 0.05900000
v -0.05274447 -0.02835799 0.05900000
v -0.05204858 -0.02813189 0.05900000
v -0.05141491 -0.02776604 0.05900000
v -0.05087115 -0.02727643 0.05900000
v -0.05044107 -0.02668448 0.05900000
v -0.05014346 -0.02601604 0.05900000
v -0.04999133 -0.02530033 0.05900000
v -0.04999133 -0.02456863 0.05900000
v -0.05014346 -0.02385292 0.05900000
v -0.05044107 -0.02318448 0.05900000
v -0.05087115 -0.02259252 0.05900000
v -0.05141491 -0.02210292 0.05900000
v -0.05204858 -0.02173707 0.05900000
v -0.05274447 -0.02151096 0.05900000
v -0.05347216 -0.02143448 0.05900000
v -0.05419985 -0.02151096 0.05900000
v -0.05489574 -0.02173707 0.05900000
v -0.05552941 -0.02210292 0.05900000
v -0.05607317 -0.02259252 0.05900000
v -0.05650325 -0.02318448 0.05900000
v -0.05680086 -0.02385292 0.05900000
v -0.05695299 -0.02456863 0.05900000
v -0.05695299 -0.02530033 0.05900000
v -0.05680086 -0.02601604 0.05900000
v -0.05650325 -0.02668448 0.05900000
v -0.05607317 -0.02727643 0.05900000
v -0.05552941 -0.02776604 0.05900000
v -0.05489574 -0.02813189 0.05900000
v -0.05419985 -0.02835799 0.05900000
v -0.05239088 -0.02325197 0.05900000
v -0.05290869 -0.02301549 0.05900000
v -0.05347216 -0.02293448 0.05900000
v -0.05403563 -0.02301549 0.05900000
v -0.05455344 -0.02661698 0.05900000
v -0.05403563 -0.02685346 0.05900000
v -0.05347216 -0.02693448 0.05900000
v -0.05290869 -0.02685346 0.05900000
v -0.05455344 -0.02325197 0.05900000
v -0.05498366 -0.02362476 0.05900000
v -0.05529142 -0.02410365 0.05900000
v -0.05149252 -0.02464985 0.05900000
v -0.05165290 -0.02410365 0.05900000
v -0.05196066 -0.02362476 0.05900000
v -0.05239088 -0.02661698 0.05900000
v -0.05196066 -0.02624420 0.05900000
v -0.05165290 -0.02576531 0.05900000
v -0.05545180 -0.02521911 0.05900000
v -0.05529142 -0.02576531 0.05900000
v -0.05498366 -0.02624420 0.05900000
v -0.05149252 -0.02521911 0.05900000
v -0.05545180 -0.02464985 0.05900000
v -0.05347216 -0.02293448 0.06880000
v -0.05403563 -0.02301549 0.06880000
v -0.05455344 -0.02325197 0.06880000
v -0.05498366 -0.02362476 0.06880000
v -0.05529142 -0.02410365 0.06880000
v -0.05545180 -0.02464985 0.06880000
v -0.05545180 -0.02521911 0.06880000
v -0.05529142 -0.02576531 0.06880000
v -0.05498366 -0.02624420 0.06880000
v -0.05455344 -0.02661698 0.06880000
v -0.05403563 -0.02685346 0.06880000
v -0.05347216 -0.02693448 0.06880000
v -0.05347216 -0.02313448 0.06900000
v -0.05397928 -0.02320739 0.06900000
v -0.05444531 -0.02342022 0.06900000
v -0.05483251 -0.02375573 0.06900000
v -0.05510950 -0.02418673 0.06900000
v -0.05525384 -0.02467831 0.06900000
v -0.05525384 -0.02519064 0.06900000
v -0.05510950 -0.02568222 0.06900000
v -0.05483251 -0.02611323 0.06900000
v -0.05444531 -0.02644873 0.06900000
v -0.05397928 -0.02666157 0.06900000
v -0.05347216 -0.02673448 0.06900000
v -0.05296504 -0.02320739 0.06900000
v -0.05296504 -0.02666157 0.06900000
v -0.05249901 -0.02644873 0.06900000
v -0.05211181 -0.02375573 0.06900000
v -0.05249901 -0.02342022 0.06900000
v -0.05183482 -0.02418673 0.06900000
v -0.05169048 -0.02467831 0.06900000
v -0.05169048 -0.02519064 0.06900000
v -0.05211181 -0.02611323 0.06900000
v -0.05183482 -0.02568222 0.06900000
v -0.05290869 -0.02685346 0.06880000
v -0.05239088 -0.02661698 0.06880000
v -0.05196066 -0.02624420 0.06880000
v -0.05165290 -0.02576531 0.06880000
v -0.05149252 -0.02521911 0.06880000
v -0.05149252 -0.02464985 0.06880000
v -0.05165290 -0.02410365 0.06880000
v -0.05196066 -0.02362476 0.06880000
v -0.05239088 -0.02325197 0.06880000
v -0.05290869 -0.02301549 0.06880000
v -0.07092946 -0.04318185 0.00280000
v -0.07107960 -0.04321595 0.00280000
v -0.07071210 -0.04518189 0.00080000
v -0.07144710 -0.04325000 0.00280000
v -0.07144710 -0.04525000 0.00080000
v -0.07072461 -0.04311495 0.00280000
v -0.07000213 -0.04497989 0.00080000
v -0.07044709 -0.04298205 0.00280000
v -0.06934137 -0.04465087 0.00080000
v -0.07039423 -0.04295043 0.00280000
v -0.06875231 -0.04420603 0.00080000
v -0.07009970 -0.04272802 0.00280000
v -0.06951524 -0.04176764 0.00280000
v -0.06952345 -0.04179733 0.00280000
v -0.06759980 -0.04234465 0.00080000
v -0.06965677 -0.04214148 0.00280000
v -0.06786644 -0.04303295 0.00080000
v -0.06971505 -0.04225000 0.00280000
v -0.06825503 -0.04366054 0.00080000
v -0.06985106 -0.04245527 0.00280000
v -0.07003288 -0.04266421 0.00280000
v -0.06945563 -0.04143454 0.00280000
v -0.06746416 -0.04161907 0.00080000
v -0.06944709 -0.04125000 0.00280000
v -0.06746416 -0.04088093 0.00080000
v -0.06945563 -0.04106546 0.00280000
v -0.06951524 -0.04073236 0.00280000
v -0.06759980 -0.04015535 0.00080000
v -0.06952345 -0.04070267 0.00280000
v -0.06786644 -0.03946705 0.00080000
v -0.06965677 -0.04035852 0.00280000
v -0.07044709 -0.03951795 0.00280000
v -0.07039423 -0.03954957 0.00280000
v -0.06934137 -0.03784913 0.00080000
v -0.07009970 -0.03977198 0.00280000
v -0.06875231 -0.03829397 0.00080000
v -0.07003288 -0.03983578 0.00280000
v -0.06825503 -0.03883946 0.00080000
v -0.06985106 -0.04004473 0.00280000
v -0.06971505 -0.04025000 0.00280000
v -0.07072461 -0.03938505 0.00280000
v -0.07000213 -0.03752011 0.00080000
v -0.07092946 -0.03931815 0.00280000
v -0.07071210 -0.03731811 0.00080000
v -0.07107960 -0.03928405 0.00280000
v -0.07144710 -0.03725000 0.00080000
v -0.07144710 -0.03925000 0.00280000
v -0.07144710 -0.03725000 0.00050000
v -0.07071210 -0.03731811 0.00050000
v -0.07000213 -0.03752011 0.00050000
v -0.06934137 -0.03784913 0.00050000
v -0.06875231 -0.03829397 0.00050000
v -0.06825503 -0.03883946 0.00050000
v -0.06786644 -0.03946705 0.00050000
v -0.06759980 -0.04015535 0.00050000
v -0.06746416 -0.04088093 0.00050000
v -0.06746416 -0.04161907 0.00050000
v -0.06759980 -0.04234465 0.00050000
v -0.06786644 -0.04303295 0.00050000
v -0.06825503 -0.04366054 0.00050000
v -0.06875231 -0.04420603 0.00050000
v -0.06934137 -0.04465087 0.00050000
v -0.07000213 -0.04497989 0.00050000
v -0.07071210 -0.04518189 0.00050000
v -0.07144710 -0.04525000 0.00050000
v -0.07218210 -0.04518189 0.00050000
v -0.07289206 -0.04497989 0.00050000
v -0.07216878 -0.04250000 0.00050000
v -0.07355282 -0.04465087 0.00050000
v -0.07414187 -0.04420603 0.00050000
v -0.07289047 -0.04125000 0.00050000
v -0.07543004 -0.04161907 0.00050000
v -0.07543004 -0.04088093 0.00050000
v -0.07000372 -0.04125000 0.00050000
v -0.07414187 -0.03829397 0.00050000
v -0.07355282 -0.03784913 0.00050000
v -0.07216878 -0.04000000 0.00050000
v -0.07289206 -0.03752011 0.00050000
v -0.07218210 -0.03731811 0.00050000
v -0.07072541 -0.04000000 0.00050000
v -0.07072541 -0.04250000 0.00050000
v -0.07529440 -0.04015535 0.00050000
v -0.07502775 -0.03946705 0.00050000
v -0.07463916 -0.03883946 0.00050000
v -0.07463916 -0.04366054 0.00050000
v -0.07502775 -0.04303295 0.00050000
v -0.07529440 -0.04234465 0.00050000
v -0.07218210 -0.04518189 0.00080000
v -0.07289206 -0.04497989 0.00080000
v -0.07355282 -0.04465087 0.00080000
v -0.07414187 -0.04420603 0.00080000
v -0.07463916 -0.04366054 0.00080000
v -0.07502775 -0.04303295 0.00080000
v -0.07529440 -0.04234465 0.00080000
v -0.07543004 -0.04161907 0.00080000
v -0.07543004 -0.04088093 0.00080000
v -0.07529440 -0.04015535 0.00080000
v -0.07502775 -0.03946705 0.00080000
v -0.07463916 -0.03883946 0.00080000
v -0.07414187 -0.03829397 0.00080000
v -0.07355282 -0.03784913 0.00080000
v -0.07289206 -0.03752011 0.00080000
v -0.07218210 -0.03731811 0.00080000
v -0.07196473 -0.03931815 0.00280000
v -0.07181460 -0.03928405 0.00280000
v -0.07216958 -0.03938505 0.00280000
v -0.07244710 -0.03951795 0.00280000
v -0.07249996 -0.03954957 0.00280000
v -0.07279449 -0.03977198 0.00280000
v -0.07337895 -0.04073236 0.00280000
v -0.07337075 -0.04070267 0.00280000
v -0.07323742 -0.04035852 0.00280000
v -0.07317915 -0.04025000 0.00280000
v -0.07304313 -0.04004473 0.00280000
v -0.07286131 -0.03983578 0.00280000
v -0.07343856 -0.04106546 0.00280000
v -0.07344709 -0.04125000 0.00280000
v -0.07343856 -0.04143454 0.00280000
v -0.07337895 -0.04176764 0.00280000
v -0.07337075 -0.04179733 0.00280000
v -0.07323742 -0.04214148 0.00280000
v -0.07244710 -0.04298205 0.00280000
v -0.07249996 -0.04295043 0.00280000
v -0.07279449 -0.04272802 0.00280000
v -0.07286131 -0.04266421 0.00280000
v -0.07304313 -0.04245527 0.00280000
v -0.07317915 -0.04225000 0.00280000
v -0.07216958 -0.04311495 0.00280000
v -0.07196473 -0.04318185 0.00280000
v -0.07181460 -0.04321595 0.00280000
v -0.07144710 -0.04325000 0.01010000
v -0.07196473 -0.04318185 0.01010000
v -0.07244710 -0.04298205 0.01010000
v -0.07286131 -0.04266421 0.01010000
v -0.07317915 -0.04225000 0.01010000
v -0.07337895 -0.04176764 0.01010000
v -0.07344709 -0.04125000 0.01010000
v -0.07337895 -0.04073236 0.01010000
v -0.07317915 -0.04025000 0.01010000
v -0.07286131 -0.03983578 0.01010000
v -0.07244710 -0.03951795 0.01010000
v -0.07196473 -0.03931815 0.01010000
v -0.07144710 -0.03925000 0.01010000
v -0.07092946 -0.03931815 0.01010000
v -0.07044709 -0.03951795 0.01010000
v -0.07003288 -0.03983578 0.01010000
v -0.06971505 -0.04025000 0.01010000
v -0.06951524 -0.04073236 0.01010000
v -0.06944709 -0.04125000 0.01010000
v -0.06951524 -0.04176764 0.01010000
v -0.06971505 -0.04225000 0.01010000
v -0.07003288 -0.04266421 0.01010000
v -0.07044709 -0.04298205 0.01010000
v -0.07092946 -0.04318185 0.01010000
v -0.07144710 -0.04285000 0.01050000
v -0.07103299 -0.04279548 0.01050000
v -0.07064710 -0.04263564 0.01050000
v -0.07031573 -0.04238137 0.01050000
v -0.07006145 -0.04205000 0.01050000
v -0.06990162 -0.04166411 0.01050000
v -0.06984710 -0.04125000 0.01050000
v -0.06990162 -0.04083589 0.01050000
v -0.07006145 -0.04045000 0.01050000
v -0.07031573 -0.04011863 0.01050000
v -0.07064710 -0.03986436 0.01050000
v -0.07103299 -0.03970452 0.01050000
v -0.07144710 -0.03965000 0.01050000
v -0.07186121 -0.03970452 0.01050000
v -0.07283273 -0.04045000 0.01050000
v -0.07299258 -0.04083589 0.01050000
v -0.07304709 -0.04125000 0.01050000
v -0.07224710 -0.03986436 0.01050000
v -0.07257847 -0.04011863 0.01050000
v -0.07299258 -0.04166411 0.01050000
v -0.07283273 -0.04205000 0.01050000
v -0.07257847 -0.04238137 0.01050000
v -0.07224710 -0.04263564 0.01050000
v -0.07186121 -0.04279548 0.01050000
v -0.07072541 -0.04000000 0.00230000
v -0.07000372 -0.04125000 0.00230000
v -0.07072541 -0.04250000 0.00230000
v -0.07216878 -0.04250000 0.00230000
v -0.07289047 -0.04125000 0.00230000
v -0.07216878 -0.04000000 0.00230000
v -0.08994999 -0.00054818 0.07870007
v -0.09294999 -0.00054818 0.07870007
v -0.09294999 0.00001227 0.07833739
v -0.08994999 0.00001227 0.07833739
v -0.09294999 0.00067458 0.07825381
v -0.08994999 0.00067458 0.07825381
v -0.09294999 0.00130757 0.07846588
v -0.08994999 0.00130757 0.07846588
v -0.09294999 0.00178586 0.07893158
v -0.08994999 0.00178586 0.07893158
v -0.09294999 0.00201472 0.07955869
v -0.08994999 0.00201472 0.07955869
v -0.09294999 0.00194882 0.08022299
v -0.08994999 0.00194882 0.08022299
v -0.09294999 0.00160123 0.08079292
v -0.08994999 0.00160123 0.08079292
v -0.09294999 0.00093403 0.08119007
v -0.08994999 0.00093403 0.08119007
v -0.09294999 0.00015764 0.08120043
v -0.08994999 0.00015764 0.08120043
v -0.09294999 -0.00051991 0.08082119
v -0.08994999 -0.00051991 0.08082119
v -0.09294999 -0.00091706 0.08015399
v -0.08994999 -0.00091706 0.08015399
v -0.09294999 -0.00092741 0.07937761
v -0.08994999 -0.00092741 0.07937761
v -0.08994999 -0.00273391 0.08206373
v -0.08994999 -0.00183275 0.08297663
v -0.08994999 -0.00068896 0.08355734
v -0.08994999 0.00057984 0.08374614
v -0.08994999 0.00184315 0.08352359
v -0.08994999 0.00105233 0.07173877
v -0.08994999 0.00073610 0.07174298
v -0.08994999 0.00041988 0.07174720
v -0.08994999 -0.00021256 0.07175563
v -0.08994999 -0.00083000 0.07176387
v -0.08994999 -0.00323321 0.07838105
v -0.08994999 -0.00347210 0.07964137
v -0.08994999 -0.00329976 0.08091251
v -0.08994999 0.00297106 0.08291259
v -0.08994999 0.00384756 0.08197599
v -0.08994999 0.00438252 0.08081010
v -0.08994999 0.00452092 0.07953482
v -0.08994999 0.00424852 0.07828131
v -0.08994999 0.00166977 0.07173054
v -0.08994999 0.00136855 0.07173456
v -0.08945999 -0.00083000 0.07176387
v -0.08945999 -0.00323321 0.07838105
v -0.08945999 -0.00347210 0.07964137
v -0.08945999 -0.00329976 0.08091251
v -0.08945999 -0.00273391 0.08206373
v -0.08945999 -0.00183275 0.08297663
v -0.08945999 -0.00068896 0.08355734
v -0.08945999 0.00057984 0.08374614
v -0.08945999 0.00184315 0.08352359
v -0.08945999 0.00297106 0.08291259
v -0.08945999 0.00384756 0.08197599
v -0.08945999 0.00438252 0.08081010
v -0.08945999 0.00452092 0.07953482
v -0.08945999 0.00424852 0.07828131
v -0.08945999 0.00166977 0.07173054
v -0.08879022 0.00165805 0.07085093
v -0.08869999 0.00165644 0.07073063
v -0.08900542 0.00161856 0.07073113
v -0.08944999 0.00166977 0.07173054
v -0.08980579 0.00161898 0.07148419
v -0.08936618 0.00146415 0.07073319
v -0.08937586 0.00163858 0.07123391
v -0.08951037 0.00151494 0.07097954
v -0.08965808 0.00156696 0.07123186
v -0.08926470 0.00166648 0.07148351
v -0.08888512 0.00165973 0.07097744
v -0.08916981 0.00166479 0.07135699
v -0.08907491 0.00166311 0.07123048
v -0.08898001 0.00166142 0.07110396
v -0.08944999 -0.00083000 0.07176387
v -0.08944999 -0.00052878 0.07175985
v -0.08944999 -0.00021256 0.07175563
v -0.08944999 0.00010366 0.07175142
v -0.08944999 0.00041988 0.07174720
v -0.08944999 0.00105233 0.07173877
v -0.08886144 0.00159885 0.07110479
v -0.08898027 0.00158427 0.07123153
v -0.08887821 0.00148072 0.07123291
v -0.08748109 0.00012974 0.07075080
v -0.08745398 0.00030679 0.07074863
v -0.08799934 0.00014258 0.07101811
v -0.08854437 0.00114642 0.07117821
v -0.08829540 0.00104256 0.07107668
v -0.08831070 0.00131210 0.07098208
v -0.08818691 0.00095760 0.07104314
v -0.08765335 0.00108990 0.07073818
v -0.08812340 0.00089001 0.07102637
v -0.08752014 0.00081937 0.07074179
v -0.08800145 0.00068307 0.07100065
v -0.08748659 0.00070682 0.07074329
v -0.08798426 0.00063438 0.07099795
v -0.08745395 0.00050596 0.07074596
v -0.08795144 0.00045671 0.07099555
v -0.08744999 0.00040655 0.07074712
v -0.08795002 0.00041563 0.07099650
v -0.08794999 0.00040988 0.07099667
v -0.08785665 0.00132912 0.07073499
v -0.08793746 0.00139695 0.07073408
v -0.08811930 0.00135574 0.07085495
v -0.08920146 0.00097566 0.07158846
v -0.08907787 0.00106457 0.07150383
v -0.08907628 0.00113754 0.07149056
v -0.08887757 0.00114413 0.07136861
v -0.08869348 0.00122482 0.07123632
v -0.08881600 0.00115559 0.07132941
v -0.08940586 0.00067517 0.07171986
v -0.08927921 0.00089496 0.07164031
v -0.08916753 0.00142396 0.07148674
v -0.08902287 0.00145234 0.07135982
v -0.08862376 0.00162800 0.07085133
v -0.08851074 0.00164203 0.07073082
v -0.08830662 0.00159294 0.07073148
v -0.08839457 0.00161856 0.07073113
v -0.08844423 0.00156585 0.07085215
v -0.08858889 0.00153747 0.07097907
v -0.08874260 0.00161343 0.07097806
v -0.08760761 -0.00020242 0.07075529
v -0.08813864 -0.00008660 0.07106841
v -0.08782781 -0.00048862 0.07075916
v -0.08851621 -0.00031428 0.07123711
v -0.08862425 -0.00049410 0.07125923
v -0.08834655 -0.00024957 0.07115445
v -0.08820642 -0.00047655 0.07100593
v -0.08818995 -0.00013883 0.07108816
v -0.08832514 -0.00061996 0.07100783
v -0.08844610 -0.00073142 0.07100932
v -0.08811709 -0.00069911 0.07076203
v -0.08878339 -0.00076454 0.07126284
v -0.08878757 -0.00076495 0.07126598
v -0.08909946 -0.00021742 0.07156865
v -0.08888483 -0.00031109 0.07144457
v -0.08884466 -0.00032044 0.07142106
v -0.08860371 -0.00033026 0.07128373
v -0.08920948 -0.00013213 0.07162931
v -0.08929533 -0.00003737 0.07167435
v -0.08941421 0.00019043 0.07173236
v -0.08798801 0.00066229 0.07224401
v -0.08794999 0.00042655 0.07224716
v -0.08944999 0.00042655 0.07224716
v -0.08940740 0.00067567 0.07224383
v -0.08920323 0.00098260 0.07223974
v -0.08887746 0.00115518 0.07223744
v -0.08850881 0.00115171 0.07223749
v -0.08818636 0.00097302 0.07223987
v -0.08798849 0.00018937 0.07225032
v -0.08818909 -0.00012247 0.07225448
v -0.08851458 -0.00030011 0.07225684
v -0.08888540 -0.00030011 0.07225684
v -0.08921089 -0.00012247 0.07225448
v -0.08941150 0.00018937 0.07225032
v -0.08994999 0.00035990 0.06724760
v -0.08994999 0.00040655 0.07074729
v -0.08987985 0.00081937 0.07074179
v -0.08744999 0.00035990 0.06724760
v -0.08752014 0.00077271 0.06724210
v -0.08965790 0.00120955 0.07073659
v -0.08954333 0.00128247 0.06723530
v -0.08987985 0.00077271 0.06724210
v -0.08954333 0.00132912 0.07073499
v -0.08900542 0.00157190 0.06723145
v -0.08839457 0.00157190 0.06723145
v -0.08785665 0.00128247 0.06723530
v -0.08785665 -0.00056267 0.06725990
v -0.08839457 -0.00085210 0.06726376
v -0.08869999 -0.00039003 0.06725760
v -0.08900542 -0.00085210 0.06726376
v -0.08907499 -0.00028956 0.06725626
v -0.08954333 -0.00056267 0.06725990
v -0.08934951 -0.00001507 0.06725260
v -0.08987985 -0.00005291 0.06725311
v -0.08944999 0.00035990 0.06724760
v -0.08937572 0.00068528 0.06724326
v -0.08916761 0.00094622 0.06723978
v -0.08886688 0.00109103 0.06723785
v -0.08853310 0.00109103 0.06723785
v -0.08823238 0.00094622 0.06723978
v -0.08802427 0.00068528 0.06724326
v -0.08794999 0.00035990 0.06724760
v -0.08805047 -0.00001507 0.06725260
v -0.08752014 -0.00005291 0.06725311
v -0.08832499 -0.00028956 0.06725626
v -0.08987985 -0.00000626 0.07075280
v -0.08972646 -0.00030673 0.07075680
v -0.08954333 -0.00051601 0.07075959
v -0.08944375 -0.00059801 0.07076068
v -0.08908257 -0.00078335 0.07076316
v -0.08900542 -0.00080545 0.07076345
v -0.08839457 -0.00080545 0.07076345
v -0.08870047 -0.00084333 0.07076395
v -0.08972978 0.00124865 0.07098308
v -0.08956894 -0.00050308 0.07100643
v -0.08885099 -0.00084173 0.07088441
v -0.08993801 0.00033093 0.07150137
v -0.08987775 0.00132922 0.07148805
v -0.08994929 0.00059960 0.07124476
v -0.08990755 0.00095638 0.07124000
v -0.08980377 0.00128893 0.07123557
v -0.08988901 -0.00025905 0.07163574
v -0.08979939 -0.00083161 0.07164335
v -0.08989476 0.00000231 0.07150575
v -0.08982500 -0.00030786 0.07150988
v -0.08973569 -0.00059157 0.07151366
v -0.08964130 -0.00083330 0.07151685
v -0.08940642 -0.00068804 0.07113541
v -0.08916708 -0.00083836 0.07113737
v -0.08932514 -0.00083667 0.07126386
v -0.08929667 -0.00072019 0.07100933
v -0.08900903 -0.00084004 0.07101089
v -0.08918691 -0.00075235 0.07088324
v -0.08978160 -0.00020532 0.07100247
v -0.08992574 0.00023981 0.07124955
v -0.08983818 -0.00010150 0.07125410
v -0.08969697 -0.00040547 0.07125816
v -0.08951618 -0.00065588 0.07126150
v -0.08905374 -0.00081831 0.07126669
v -0.08794999 0.00035947 0.06721537
v -0.08805047 0.00073444 0.06721037
v -0.08823238 0.00094579 0.06720755
v -0.08832499 0.00100893 0.06720671
v -0.08907499 0.00100893 0.06720671
v -0.08853310 0.00109060 0.06720562
v -0.08869999 0.00110940 0.06720537
v -0.08886688 0.00109060 0.06720562
v -0.08916761 0.00094579 0.06720755
v -0.08934951 0.00073444 0.06721037
v -0.08944999 0.00035947 0.06721537
v -0.08934951 -0.00001550 0.06722037
v -0.08907499 -0.00028999 0.06722403
v -0.08869999 -0.00039046 0.06722536
v -0.08832499 -0.00028999 0.06722403
v -0.08805047 -0.00001550 0.06722037
v -0.08947050 0.00029377 0.06228661
v -0.08881657 0.00030886 0.06341910
v -0.08953187 -0.00003106 0.06233278
v -0.08890710 -0.00006552 0.06346770
v -0.08955352 -0.00008045 0.06234821
v -0.08970381 -0.00029043 0.06245349
v -0.08915443 -0.00033843 0.06359045
v -0.08978034 -0.00035288 0.06250650
v -0.08995228 -0.00043299 0.06262481
v -0.08949229 -0.00043673 0.06375449
v -0.09009017 -0.00045054 0.06271907
v -0.08983015 -0.00033409 0.06391585
v -0.09040001 -0.00034725 0.06292896
v -0.09022806 -0.00043048 0.06281283
v -0.09007748 -0.00005801 0.06403130
v -0.09016801 0.00031754 0.06406989
v -0.09070984 0.00030503 0.06313153
v -0.09064848 -0.00002091 0.06309403
v -0.09062682 -0.00007069 0.06307994
v -0.09047653 -0.00028341 0.06298029
v -0.08833876 0.00032509 0.06463640
v -0.08843477 -0.00004948 0.06467102
v -0.08869709 -0.00032290 0.06475559
v -0.08905543 -0.00042190 0.06486745
v -0.08941377 -0.00031995 0.06497664
v -0.08967609 -0.00004438 0.06505390
v -0.08977211 0.00033098 0.06507851
v -0.08804773 0.00034209 0.06591132
v -0.08814709 -0.00003268 0.06593129
v -0.08841854 -0.00030663 0.06597586
v -0.08878935 -0.00040636 0.06603309
v -0.08916016 -0.00030514 0.06608764
v -0.08943161 -0.00003010 0.06612489
v -0.08953097 0.00034507 0.06613487
v -0.08955352 0.00066949 0.06233821
v -0.08890710 0.00068441 0.06345770
v -0.08943161 0.00071983 0.06611490
v -0.08916016 0.00099378 0.06607033
v -0.08878935 0.00109351 0.06601310
v -0.09062682 0.00067924 0.06306994
v -0.09007748 0.00069192 0.06402130
v -0.09040001 0.00095168 0.06291164
v -0.08983015 0.00096483 0.06389853
v -0.09009017 0.00104933 0.06269907
v -0.08949229 0.00106313 0.06373449
v -0.08978034 0.00094604 0.06248918
v -0.08915443 0.00096049 0.06357314
v -0.08967609 0.00070556 0.06504390
v -0.08941377 0.00097897 0.06495932
v -0.08905543 0.00107797 0.06484746
v -0.08869709 0.00097603 0.06473827
v -0.08841854 0.00099229 0.06595854
v -0.08843477 0.00070045 0.06466102
v -0.08814709 0.00071725 0.06592129
v -0.09419014 0.00020150 0.05536509
v -0.09427316 0.00057722 0.05541668
v -0.09449998 0.00085377 0.05556766
v -0.09480981 0.00095706 0.05577755
v -0.09511965 0.00085941 0.05599013
v -0.09534646 0.00058697 0.05614842
v -0.09542948 0.00021276 0.05621001
v -0.09536812 -0.00011318 0.05617252
v -0.09534646 -0.00016296 0.05615842
v -0.09519617 -0.00037568 0.05605877
v -0.09511965 -0.00043952 0.05600744
v -0.09494770 -0.00052275 0.05589131
v -0.09480981 -0.00054280 0.05579755
v -0.09467192 -0.00052526 0.05570329
v -0.09449998 -0.00044515 0.05558497
v -0.09442345 -0.00038270 0.05553196
v -0.09427316 -0.00017272 0.05542668
v -0.09425151 -0.00012333 0.05541126
v -0.09675290 -0.00021073 0.05257533
v -0.09685225 0.00016444 0.05258530
v -0.09694999 0.00014706 0.05128125
v -0.09608341 0.00019766 0.05507752
v -0.09599288 -0.00017788 0.05503893
v -0.09574555 -0.00045397 0.05492348
v -0.09684951 -0.00022791 0.05128625
v -0.09666761 -0.00043927 0.05128907
v -0.09648144 -0.00048577 0.05253807
v -0.09540769 -0.00055661 0.05476213
v -0.09657499 -0.00050241 0.05128991
v -0.09636688 -0.00058408 0.05129100
v -0.09611063 -0.00058698 0.05248353
v -0.09506983 -0.00045830 0.05459809
v -0.09656122 0.00018144 0.05386022
v -0.09646521 -0.00019393 0.05383560
v -0.09620289 -0.00046950 0.05375835
v -0.09584455 -0.00057144 0.05364916
v -0.09548621 -0.00047245 0.05353730
v -0.09482250 -0.00018540 0.05447533
v -0.09573982 -0.00048726 0.05242630
v -0.09619999 -0.00060288 0.05129125
v -0.09603310 -0.00058408 0.05129100
v -0.09582499 -0.00050241 0.05128991
v -0.09573238 -0.00043927 0.05128907
v -0.09522389 -0.00019903 0.05345273
v -0.09546836 -0.00021331 0.05238173
v -0.09555047 -0.00022791 0.05128625
v -0.09473196 0.00018899 0.05442673
v -0.09512787 0.00017554 0.05341811
v -0.09536901 0.00016146 0.05236175
v -0.09544999 0.00014706 0.05128125
v -0.09482250 0.00056454 0.05446533
v -0.09506983 0.00084062 0.05458077
v -0.09540769 0.00094326 0.05474213
v -0.09574555 0.00084496 0.05490617
v -0.09599288 0.00057205 0.05502893
v -0.09522389 0.00055090 0.05344273
v -0.09548621 0.00082648 0.05351998
v -0.09584455 0.00092842 0.05362917
v -0.09620289 0.00082942 0.05374103
v -0.09646521 0.00055601 0.05382561
v -0.09546836 0.00053663 0.05237173
v -0.09573982 0.00081167 0.05240898
v -0.09611063 0.00091288 0.05246353
v -0.09648144 0.00081316 0.05252076
v -0.09675290 0.00053921 0.05256533
v -0.09555047 0.00052202 0.05127626
v -0.09582499 0.00079652 0.05127260
v -0.09619999 0.00089699 0.05127126
v -0.09657499 0.00079652 0.05127260
v -0.09684951 0.00052202 0.05127626
v -0.09544999 0.00014663 0.05124902
v -0.09555047 0.00052159 0.05124402
v -0.09582499 0.00079609 0.05124036
v -0.09619999 0.00089656 0.05123902
v -0.09657499 0.00079609 0.05124036
v -0.09684951 0.00052159 0.05124402
v -0.09694999 0.00014663 0.05124902
v -0.09687572 -0.00017876 0.05125336
v -0.09666761 -0.00043970 0.05125684
v -0.09636688 -0.00058450 0.05125877
v -0.09603310 -0.00058450 0.05125877
v -0.09573238 -0.00043970 0.05125684
v -0.09552427 -0.00017876 0.05125336
v -0.09707850 -0.00067075 0.05125992
v -0.09657951 -0.00099168 0.05126420
v -0.09619999 -0.00105327 0.05126502
v -0.09582277 -0.00099244 0.05126420
v -0.09532556 -0.00067511 0.05125998
v -0.09503963 -0.00015923 0.05125310
v -0.09503407 0.00043056 0.05124523
v -0.09531023 0.00095174 0.05123829
v -0.09580137 0.00127838 0.05123393
v -0.09619999 0.00134652 0.05123303
v -0.09657951 0.00128493 0.05123385
v -0.09707850 0.00096400 0.05123812
v -0.09736274 0.00044325 0.05124507
v -0.09736274 -0.00015000 0.05125298
v -0.09619999 0.00131054 0.04853327
v -0.09633790 0.00130258 0.04853337
v -0.09619999 -0.00108926 0.04856526
v -0.09646627 -0.00105934 0.04856486
v -0.09657951 -0.00102767 0.04856443
v -0.09657951 0.00124894 0.04853409
v -0.09681355 0.00114183 0.04853551
v -0.09707850 0.00092801 0.04853836
v -0.09727648 0.00064085 0.04854219
v -0.09736274 0.00040726 0.04854531
v -0.09739919 0.00006686 0.04854985
v -0.09736274 -0.00018599 0.04855322
v -0.09718180 -0.00057926 0.04855846
v -0.09707850 -0.00070674 0.04856016
v -0.09702198 -0.00076355 0.04856091
v -0.09671902 -0.00097122 0.04856368
v -0.09499999 -0.00127858 0.04676763
v -0.09514458 -0.00125577 0.04698424
v -0.09525024 -0.00127858 0.04676766
v -0.09529639 -0.00123182 0.04721164
v -0.09575179 -0.00115997 0.04789384
v -0.09559999 -0.00118392 0.04766644
v -0.09544819 -0.00120787 0.04743904
v -0.09590359 -0.00113602 0.04812124
v -0.09605539 -0.00111207 0.04834864
v -0.09641729 -0.00104719 0.04811925
v -0.09626263 -0.00108601 0.04789218
v -0.09610952 -0.00112490 0.04766565
v -0.09580081 -0.00120314 0.04721099
v -0.09549999 -0.00127858 0.04676763
v -0.09532556 -0.00071110 0.04856022
v -0.09547691 -0.00084696 0.04856203
v -0.09535894 -0.00078726 0.04811659
v -0.09559976 0.00114965 0.04853541
v -0.09523132 0.00096389 0.04809325
v -0.09545162 0.00122430 0.04808978
v -0.09515359 0.00101730 0.04763710
v -0.09529988 0.00130076 0.04763332
v -0.09507587 0.00107071 0.04718094
v -0.09514814 0.00137722 0.04717686
v -0.09499999 0.00112285 0.04673561
v -0.09499999 0.00145187 0.04673122
v -0.09500148 0.00031283 0.04764649
v -0.09499999 0.00043204 0.04674482
v -0.09499999 0.00077745 0.04674021
v -0.09505063 -0.00033314 0.04719966
v -0.09499999 -0.00060416 0.04675864
v -0.09500996 0.00001579 0.04719501
v -0.09499999 0.00008664 0.04674942
v -0.09505744 -0.00063346 0.04697594
v -0.09511773 -0.00066422 0.04720407
v -0.09517804 -0.00069498 0.04743220
v -0.09582277 -0.00102843 0.04856445
v -0.09572791 -0.00101995 0.04834742
v -0.09520489 -0.00055995 0.04855820
v -0.09515435 -0.00048552 0.04811257
v -0.09503963 -0.00019522 0.04855334
v -0.09504723 0.00067792 0.04764162
v -0.09509484 0.00057820 0.04854303
v -0.09503407 0.00039457 0.04854548
v -0.09531023 0.00091575 0.04853853
v -0.09562321 -0.00100982 0.04811956
v -0.09551851 -0.00099970 0.04789171
v -0.09500287 0.00019362 0.04854815
v -0.09502017 -0.00005678 0.04765141
v -0.09510248 -0.00040933 0.04765612
v -0.09523834 -0.00072574 0.04766033
v -0.09541382 -0.00098958 0.04766385
v -0.09524966 0.00145187 0.04673122
v -0.09580137 0.00124239 0.04853417
v -0.09512319 0.00145186 0.04673122
v -0.09549997 0.00145196 0.04673124
v -0.09558434 0.00143515 0.04694717
v -0.09567286 0.00141720 0.04717435
v -0.09571704 0.00140823 0.04728833
v -0.09576120 0.00139925 0.04740262
v -0.09580538 0.00139028 0.04751711
v -0.09584962 0.00138131 0.04763166
v -0.09602693 0.00134548 0.04808808
v -0.09617232 -0.00065332 0.04746861
v -0.09590153 -0.00059603 0.04716954
v -0.09588099 -0.00089273 0.04720689
v -0.09553499 -0.00026009 0.04678744
v -0.09549997 -0.00018256 0.04675300
v -0.09549999 -0.00061681 0.04675880
v -0.09578682 0.00109224 0.04718044
v -0.09549999 0.00110908 0.04673577
v -0.09549999 0.00076405 0.04674033
v -0.09611420 0.00108871 0.04763600
v -0.09624892 0.00084688 0.04763173
v -0.09649461 0.00079098 0.04786113
v -0.09599783 0.00081683 0.04734037
v -0.09550010 0.00035588 0.04674572
v -0.09561434 0.00055683 0.04686646
v -0.09576514 0.00070173 0.04704719
v -0.09587846 0.00077042 0.04719044
v -0.09599720 0.00123695 0.04763403
v -0.09573258 0.00125555 0.04717827
v -0.09549999 0.00128159 0.04673349
v -0.09570310 0.00133710 0.04717716
v -0.09549999 0.00136785 0.04673235
v -0.09568781 0.00137785 0.04717667
v -0.09549999 0.00141098 0.04673178
v -0.09549999 0.00144603 0.04673132
v -0.09549999 0.00144333 0.04673135
v -0.09558542 0.00142888 0.04694716
v -0.09558560 0.00142625 0.04694857
v -0.09567522 0.00141093 0.04717531
v -0.09567610 0.00140840 0.04717652
v -0.09549999 0.00144872 0.04673128
v -0.09553990 0.00144190 0.04683499
v -0.09558496 0.00143151 0.04694727
v -0.09558389 0.00143325 0.04694850
v -0.09567297 0.00141484 0.04717509
v -0.09571756 0.00140600 0.04728913
v -0.09576226 0.00139797 0.04740506
v -0.09580691 0.00138895 0.04751871
v -0.09585159 0.00137993 0.04763239
v -0.09610701 0.00131959 0.04808843
v -0.09670181 0.00083206 0.04809494
v -0.09646628 0.00110454 0.04809130
v -0.09629026 0.00123189 0.04808960
v -0.09617568 0.00129151 0.04808881
v -0.09692664 -0.00005893 0.04810682
v -0.09686808 -0.00037630 0.04811105
v -0.09671844 -0.00070758 0.04811546
v -0.09628635 -0.00080913 0.04766129
v -0.09649751 -0.00076164 0.04788842
v -0.09659079 -0.00088128 0.04811778
v -0.09568517 -0.00045694 0.04693847
v -0.09628519 -0.00064758 0.04758970
v -0.09642542 -0.00061565 0.04773118
v -0.09678430 -0.00036662 0.04802269
v -0.09662171 -0.00051777 0.04790452
v -0.09685332 0.00047287 0.04808557
v -0.09689999 0.00037401 0.04810606
v -0.09695004 0.00011173 0.04812388
v -0.09695004 0.00010497 0.04812380
v -0.09690598 -0.00014989 0.04809711
v -0.09687348 -0.00022641 0.04807815
v -0.09588974 0.00134622 0.04763258
v -0.09586965 0.00136422 0.04763230
v -0.09592786 0.00131002 0.04763305
v -0.09670023 0.00066225 0.04800463
v -0.09568006 0.00139821 0.04717624
v -0.09558745 0.00141572 0.04694822
v -0.09549999 0.00143255 0.04673149
v -0.09576732 0.00139071 0.04740440
v -0.09576388 0.00139553 0.04740369
v -0.09571899 0.00140449 0.04728952
v -0.09577402 0.00138103 0.04740427
v -0.09585936 0.00137320 0.04763226
v -0.09585405 0.00137767 0.04763201
v -0.09689999 0.00034921 0.04624588
v -0.09678432 0.00055011 0.04624320
v -0.09549999 0.00034921 0.04624588
v -0.09561567 0.00055011 0.04624320
v -0.09587606 0.00075635 0.04624045
v -0.09652393 0.00075635 0.04624045
v -0.09619999 0.00082991 0.04623947
v -0.09694922 0.00011402 0.04624901
v -0.09687395 -0.00024905 0.04625385
v -0.09663393 -0.00053169 0.04625762
v -0.09628782 -0.00066480 0.04625939
v -0.09592025 -0.00061584 0.04625874
v -0.09562106 -0.00039678 0.04625582
v -0.09549999 -0.00018926 0.04625306
v -0.09549999 -0.00286498 0.04113989
v -0.09549999 0.00159986 0.04022867
v -0.09549999 0.00139618 0.04103146
v -0.09549999 0.00288768 0.04106320
v -0.09549999 0.00078146 0.03885382
v -0.09549999 0.00048152 0.03728889
v -0.09549999 -0.00002133 0.03865014
v -0.09549999 -0.00056028 0.03730278
v -0.09549999 -0.00081840 0.03887514
v -0.09549999 0.00299973 0.04021001
v -0.09549999 0.00280515 0.03918645
v -0.09549999 0.00137485 0.03943160
v -0.09549999 0.00227222 0.03829117
v -0.09549999 0.00146524 0.03763216
v -0.09549999 0.00081840 0.04162485
v -0.09549999 0.00002133 0.04184986
v -0.09549999 -0.00078146 0.04164618
v -0.09549999 -0.00137485 0.04106840
v -0.09549999 -0.00299973 0.04028999
v -0.09549999 -0.00159986 0.04027133
v -0.09549999 -0.00283250 0.03926161
v -0.09549999 -0.00139618 0.03946854
v -0.09549999 -0.00232363 0.03835244
v -0.09549999 -0.00153450 0.03767215
v -0.09499999 -0.00286498 0.04113989
v -0.09499999 -0.00299973 0.04028999
v -0.09499999 -0.00283250 0.03926161
v -0.09499999 -0.00232363 0.03835244
v -0.09499999 -0.00153450 0.03767215
v -0.09499999 -0.00056028 0.03730278
v -0.09499999 0.00048152 0.03728889
v -0.09499999 0.00146524 0.03763216
v -0.09499999 0.00227222 0.03829117
v -0.09499999 0.00280515 0.03918645
v -0.09499999 0.00299973 0.04021001
v -0.09499999 0.00288768 0.04106320
v -0.09499999 0.00002133 0.04184986
v -0.09499999 -0.00002133 0.03865014
v -0.09499999 0.00078146 0.03885382
v -0.09499999 0.00137485 0.03943160
v -0.09499999 -0.00078146 0.04164618
v -0.09499999 -0.00137485 0.04106840
v -0.09499999 -0.00159986 0.04027133
v -0.09499999 -0.00139618 0.03946854
v -0.09499999 0.00159986 0.04022867
v -0.09499999 0.00139618 0.04103146
v -0.09499999 0.00081840 0.04162485
v -0.09499999 -0.00081840 0.03887514
v -0.08945999 -0.00091706 0.08015399
v -0.08945999 -0.00092741 0.07937761
v -0.08945999 -0.00054818 0.07870007
v -0.08945999 0.00093403 0.08119007
v -0.08945999 0.00015764 0.08120043
v -0.08945999 -0.00051991 0.08082119
v -0.08945999 0.00001227 0.07833739
v -0.08945999 0.00067458 0.07825381
v -0.08945999 0.00130757 0.07846588
v -0.08945999 0.00194882 0.08022299
v -0.08945999 0.00160123 0.08079292
v -0.08945999 0.00178586 0.07893158
v -0.08945999 0.00201472 0.07955869
v -0.08894999 0.00160123 0.08079292
v -0.08894999 0.00093403 0.08119007
v -0.08894999 0.00015764 0.08120043
v -0.08894999 -0.00051991 0.08082119
v -0.08894999 -0.00091706 0.08015399
v -0.08894999 -0.00092741 0.07937761
v -0.08894999 -0.00054818 0.07870007
v -0.08894999 0.00001227 0.07833739
v -0.08894999 0.00067458 0.07825381
v -0.08894999 0.00130757 0.07846588
v -0.08894999 0.00178586 0.07893158
v -0.08894999 0.00201472 0.07955869
v -0.08894999 0.00194882 0.08022299
v -0.08894999 -0.00199989 0.08083265
v -0.08894999 -0.00139193 0.08171678
v -0.08894999 0.00244497 0.07777620
v -0.08894999 0.00154494 0.07719202
v -0.08894999 0.00048986 0.07699674
v -0.08894999 -0.00055963 0.07722007
v -0.08894999 -0.00144377 0.07782804
v -0.08894999 -0.00202795 0.07872807
v -0.08894999 -0.00222323 0.07978315
v -0.08894999 -0.00049190 0.08230096
v -0.08894999 0.00056318 0.08249625
v -0.08894999 0.00161267 0.08227290
v -0.08894999 0.00249681 0.08166494
v -0.08894999 0.00308099 0.08076491
v -0.08894999 0.00327628 0.07970984
v -0.08894999 0.00305294 0.07866034
v -0.08777155 -0.00211652 0.07960361
v -0.08777155 -0.00212014 0.07978177
v -0.08777155 -0.00176993 0.08106270
v -0.08777155 -0.00158539 0.08134209
v -0.08794999 -0.00159640 0.08135340
v -0.08777155 -0.00190518 0.08079192
v -0.08794999 -0.00133090 0.08165410
v -0.08794999 -0.00102323 0.08191150
v -0.08777155 -0.00101221 0.08190018
v -0.08777155 0.00056180 0.08239315
v -0.08777155 0.00075103 0.08238385
v -0.08777155 0.00142581 0.08223594
v -0.08777155 0.00157195 0.08217819
v -0.08777155 0.00203933 0.08191847
v -0.08777155 0.00242294 0.08159301
v -0.08777155 -0.00059738 0.08214293
v -0.08777155 -0.00045372 0.08220519
v -0.08777155 0.00006097 0.08235212
v -0.08777155 -0.00204872 0.08035821
v -0.08777155 -0.00196777 0.07886072
v -0.08777155 -0.00193218 0.07876625
v -0.08777155 -0.00161465 0.07819039
v -0.08777155 -0.00136990 0.07789996
v -0.08777155 0.00263843 0.07815090
v -0.08794999 0.00264945 0.07813958
v -0.08777155 0.00289215 0.07855910
v -0.08794999 0.00238394 0.07783888
v -0.08794999 0.00207627 0.07758149
v -0.08777155 0.00206525 0.07759280
v -0.08777155 0.00178105 0.07741577
v -0.08777155 0.00031324 0.07710820
v -0.08777155 -0.00042543 0.07727670
v -0.08777155 -0.00051891 0.07731479
v -0.08777155 -0.00108611 0.07764756
v -0.08777155 0.00150676 0.07728779
v -0.08777155 0.00106938 0.07715586
v -0.08777155 0.00049124 0.07709982
v -0.08777155 0.00316893 0.07990062
v -0.08777155 0.00317319 0.07971121
v -0.08777155 0.00311882 0.07921164
v -0.08777155 0.00295822 0.07870106
v -0.08777155 0.00303906 0.08057909
v -0.08777155 0.00298522 0.08072673
v -0.08777155 0.00273806 0.08120086
v -0.08695749 0.00208620 0.07871804
v -0.08694999 0.00200186 0.07880467
v -0.08715019 -0.00077815 0.08165979
v -0.08737905 -0.00092326 0.08180883
v -0.08765352 -0.00099998 0.08188762
v -0.08747914 0.00258464 0.07820614
v -0.08722540 0.00246190 0.07833219
v -0.08705045 0.00229481 0.07850380
v -0.08694999 -0.00037564 0.08124641
v -0.08700074 -0.00059088 0.08146746
v -0.08695749 -0.00103316 0.08077493
v -0.08694999 -0.00094881 0.08068831
v -0.08715019 0.00183119 0.07783319
v -0.08737905 0.00197631 0.07768415
v -0.08765352 0.00205302 0.07760536
v -0.08747914 -0.00153159 0.08128684
v -0.08722540 -0.00140886 0.08116078
v -0.08705045 -0.00124176 0.08098917
v -0.08694999 0.00142868 0.07824658
v -0.08700074 0.00164392 0.07802552
v -0.08748213 0.00174541 0.07748198
v -0.08699966 -0.00124788 0.08076350
v -0.08694999 -0.00099206 0.08061687
v -0.08699966 -0.00146330 0.08021916
v -0.08694999 -0.00117642 0.08015101
v -0.08699966 -0.00151569 0.07963609
v -0.08694999 -0.00122125 0.07965201
v -0.08699966 -0.00140075 0.07906207
v -0.08694999 -0.00112289 0.07916075
v -0.08699966 -0.00112791 0.07854413
v -0.08694999 -0.00088938 0.07871748
v -0.08699966 -0.00071951 0.07812470
v -0.08694999 -0.00053987 0.07835852
v -0.08699966 -0.00020903 0.07783815
v -0.08694999 -0.00010298 0.07811328
v -0.08699966 0.00036172 0.07770795
v -0.08694999 0.00038548 0.07800186
v -0.08699966 0.00094598 0.07774477
v -0.08694999 0.00088550 0.07803337
v -0.08699966 0.00149586 0.07794560
v -0.08694999 0.00135611 0.07820525
v -0.08748213 0.00105396 0.07722944
v -0.08748213 0.00031930 0.07718313
v -0.08748213 -0.00039839 0.07734685
v -0.08748213 -0.00104030 0.07770718
v -0.08748213 -0.00155383 0.07823459
v -0.08748213 -0.00189692 0.07888588
v -0.08748213 -0.00204144 0.07960767
v -0.08748213 -0.00197557 0.08034084
v -0.08748213 -0.00170470 0.08102532
v -0.08718644 -0.00151959 0.08091922
v -0.08718644 -0.00176799 0.08029153
v -0.08718644 -0.00182840 0.07961918
v -0.08718644 -0.00169586 0.07895727
v -0.08718644 -0.00138124 0.07836002
v -0.08718644 -0.00091031 0.07787637
v -0.08718644 -0.00032166 0.07754594
v -0.08718644 0.00033649 0.07739580
v -0.08718644 0.00101020 0.07743827
v -0.08718644 0.00164429 0.07766985
v -0.08694999 0.00178058 0.08096755
v -0.08699966 0.00199184 0.08117326
v -0.08699966 0.00169543 0.08142472
v -0.08694999 0.00152690 0.08118276
v -0.08699966 0.00122138 0.08167002
v -0.08694999 0.00112120 0.08139270
v -0.08699966 0.00070000 0.08178432
v -0.08694999 0.00067499 0.08149051
v -0.08699966 0.00016680 0.08175980
v -0.08694999 0.00021866 0.08146953
v -0.08699966 -0.00034189 0.08159816
v -0.08694999 -0.00021669 0.08133119
v -0.08718644 -0.00047487 0.08188169
v -0.08748213 -0.00056546 0.08207486
v -0.08748213 0.00007419 0.08227812
v -0.08748213 0.00074466 0.08230894
v -0.08748213 0.00140026 0.08216523
v -0.08748213 0.00199636 0.08185677
v -0.08748213 0.00236908 0.08154057
v -0.08718644 0.00011172 0.08206808
v -0.08718644 0.00072656 0.08209635
v -0.08718644 0.00132777 0.08196456
v -0.08718644 0.00187441 0.08168170
v -0.08718644 0.00221621 0.08139172
v -0.08694999 0.00198895 0.08070823
v -0.08694999 0.00209085 0.07896131
v -0.08694999 0.00224074 0.07939281
v -0.08694999 0.00227388 0.07984842
v -0.08694999 0.00218800 0.08029707
v -0.08699765 0.00223041 0.08086702
v -0.08748049 0.00267462 0.08115914
v -0.08748049 0.00296699 0.08055522
v -0.08748049 0.00309314 0.07989620
v -0.08748049 0.00304446 0.07922699
v -0.08748049 0.00282429 0.07859316
v -0.08699765 0.00234913 0.07883166
v -0.08699765 0.00246232 0.08038798
v -0.08699765 0.00256238 0.07986524
v -0.08699765 0.00252377 0.07933442
v -0.08718374 0.00263162 0.07868987
v -0.08718374 0.00283333 0.07927055
v -0.08718374 0.00287792 0.07988364
v -0.08718374 0.00276235 0.08048740
v -0.08718374 0.00249450 0.08104069
v 0.00000000 -0.07575000 0.00590000
v 0.00000000 -0.07575000 0.00410000
v 0.01184991 -0.07481739 0.00410000
v 0.01184991 -0.07481739 0.00590000
v 0.02340804 -0.07204253 0.00410000
v 0.02340804 -0.07204253 0.00590000
v 0.03438978 -0.06749374 0.00410000
v 0.03438978 -0.06749374 0.00590000
v 0.04452473 -0.06128304 0.00410000
v 0.04452473 -0.06128304 0.00590000
v 0.05356334 -0.05356334 0.00410000
v 0.05356334 -0.05356334 0.00590000
v 0.06128304 -0.04452473 0.00410000
v 0.06128304 -0.04452473 0.00590000
v 0.06749374 -0.03438978 0.00410000
v 0.06749374 -0.03438978 0.00590000
v 0.07204253 -0.02340804 0.00410000
v 0.07204253 -0.02340804 0.00590000
v 0.07481739 -0.01184991 0.00410000
v 0.07481739 -0.01184991 0.00590000
v 0.07575000 0.00000000 0.00410000
v 0.07575000 0.00000000 0.00590000
v 0.07481739 0.01184991 0.00410000
v 0.07481739 0.01184991 0.00590000
v 0.07204253 0.02340804 0.00410000
v 0.07204253 0.02340804 0.00590000
v 0.06749374 0.03438978 0.00410000
v 0.06749374 0.03438978 0.00590000
v 0.06128304 0.04452473 0.00410000
v 0.06128304 0.04452473 0.00590000
v 0.05356334 0.05356334 0.00410000
v 0.05356334 0.05356334 0.00590000
v 0.04452473 0.06128304 0.00410000
v 0.04452473 0.06128304 0.00590000
v 0.03438978 0.06749374 0.00410000
v 0.03438978 0.06749374 0.00590000
v 0.02340804 0.07204253 0.00410000
v 0.02340804 0.07204253 0.00590000
v 0.01184991 0.07481739 0.00410000
v 0.01184991 0.07481739 0.00590000
v -0.00000000 0.07575000 0.00410000
v -0.00000000 0.07575000 0.00590000
v 0.06215961 -0.04061090 0.00590000
v 0.06799617 -0.02982588 0.00590000
v 0.07197797 -0.01822730 0.00590000
v 0.07399640 -0.00613152 0.00590000
v 0.07399640 0.00613152 0.00590000
v 0.07197797 0.01822730 0.00590000
v 0.06799617 0.02982588 0.00590000
v 0.06215961 0.04061090 0.00590000
v 0.05462750 0.05028816 0.00590000
v 0.04560529 0.05859368 0.00590000
v 0.03533909 0.06530093 0.00590000
v 0.02410894 0.07022693 0.00590000
v 0.01222115 0.07323733 0.00590000
v -0.00000000 0.07425000 0.00590000
v -0.01222115 0.07323733 0.00590000
v -0.01184991 0.07481739 0.00590000
v -0.02410894 0.07022693 0.00590000
v -0.02340804 0.07204253 0.00590000
v -0.03533909 0.06530093 0.00590000
v -0.03438978 0.06749374 0.00590000
v -0.04560529 0.05859368 0.00590000
v -0.04452473 0.06128304 0.00590000
v -0.05462750 0.05028816 0.00590000
v -0.05356334 0.05356334 0.00590000
v -0.06215961 0.04061090 0.00590000
v -0.06128304 0.04452473 0.00590000
v -0.06749374 0.03438978 0.00590000
v -0.06799617 0.02982588 0.00590000
v -0.07204253 0.02340804 0.00590000
v -0.07197797 0.01822730 0.00590000
v -0.07481739 0.01184991 0.00590000
v -0.07399640 0.00613152 0.00590000
v -0.07575000 -0.00000000 0.00590000
v -0.07399640 -0.00613152 0.00590000
v -0.07481739 -0.01184991 0.00590000
v -0.07197797 -0.01822730 0.00590000
v -0.07204253 -0.02340804 0.00590000
v -0.06799617 -0.02982588 0.00590000
v -0.06749374 -0.03438978 0.00590000
v -0.06215961 -0.04061090 0.00590000
v -0.06128304 -0.04452473 0.00590000
v -0.05462750 -0.05028816 0.00590000
v -0.05356334 -0.05356334 0.00590000
v -0.04560529 -0.05859368 0.00590000
v -0.04452473 -0.06128304 0.00590000
v -0.03533909 -0.06530093 0.00590000
v -0.03438978 -0.06749374 0.00590000
v -0.02410894 -0.07022693 0.00590000
v -0.02340804 -0.07204253 0.00590000
v -0.01222115 -0.07323733 0.00590000
v -0.01184991 -0.07481739 0.00590000
v 0.00000000 -0.07425000 0.00590000
v 0.01222115 -0.07323733 0.00590000
v 0.02410894 -0.07022693 0.00590000
v 0.03533909 -0.06530093 0.00590000
v 0.04560529 -0.05859368 0.00590000
v 0.05462750 -0.05028816 0.00590000
v -0.01184991 0.07481739 0.00410000
v -0.02340804 0.07204253 0.00410000
v -0.03438978 0.06749374 0.00410000
v -0.04452473 0.06128304 0.00410000
v -0.05356334 0.05356334 0.00410000
v -0.06128304 0.04452473 0.00410000
v -0.06749374 0.03438978 0.00410000
v -0.07204253 0.02340804 0.00410000
v -0.07481739 0.01184991 0.00410000
v -0.07575000 -0.00000000 0.00410000
v -0.07481739 -0.01184991 0.00410000
v -0.07204253 -0.02340804 0.00410000
v -0.06749374 -0.03438978 0.00410000
v -0.06128304 -0.04452473 0.00410000
v -0.05356334 -0.05356334 0.00410000
v -0.04452473 -0.06128304 0.00410000
v -0.03438978 -0.06749374 0.00410000
v -0.02340804 -0.07204253 0.00410000
v -0.01184991 -0.07481739 0.00410000
v 0.06215961 0.04061090 0.00410000
v 0.06799617 0.02982588 0.00410000
v 0.07197797 0.01822730 0.00410000
v 0.07399640 0.00613152 0.00410000
v 0.07399640 -0.00613152 0.00410000
v 0.07197797 -0.01822730 0.00410000
v 0.06799617 -0.02982588 0.00410000
v 0.06215961 -0.04061090 0.00410000
v 0.05462750 -0.05028816 0.00410000
v 0.04560529 -0.05859368 0.00410000
v 0.03533909 -0.06530093 0.00410000
v 0.02410894 -0.07022693 0.00410000
v 0.01222115 -0.07323733 0.00410000
v 0.00000000 -0.07425000 0.00410000
v -0.01222115 -0.07323733 0.00410000
v -0.02410894 -0.07022693 0.00410000
v -0.03533909 -0.06530093 0.00410000
v -0.04560529 -0.05859368 0.00410000
v -0.05462750 -0.05028816 0.00410000
v -0.06215961 -0.04061090 0.00410000
v -0.06799617 -0.02982588 0.00410000
v -0.07197797 -0.01822730 0.00410000
v -0.07399640 -0.00613152 0.00410000
v -0.07399640 0.00613152 0.00410000
v -0.07197797 0.01822730 0.00410000
v -0.06799617 0.02982588 0.00410000
v -0.06215961 0.04061090 0.00410000
v -0.05462750 0.05028816 0.00410000
v -0.04560529 0.05859368 0.00410000
v -0.03533909 0.06530093 0.00410000
v -0.02410894 0.07022693 0.00410000
v -0.01222115 0.07323733 0.00410000
v -0.00000000 0.07425000 0.00410000
v 0.01222115 0.07323733 0.00410000
v 0.02410894 0.07022693 0.00410000
v 0.03533909 0.06530093 0.00410000
v 0.04560529 0.05859368 0.00410000
v 0.05462750 0.05028816 0.00410000
v -0.07769059 0.00975000 0.01350000
v -0.07830000 0.00000000 0.01350000
v -0.07830000 0.00000000 0.01599990
v -0.07741336 0.01175000 0.01599990
v -0.07741336 0.01175000 0.01550000
v -0.07741679 0.01172881 0.01520967
v -0.07743260 0.01162626 0.01480745
v -0.07756728 0.01068403 0.01373150
v -0.07750010 0.01116385 0.01408543
v -0.07746422 0.01141219 0.01438774
v -0.07741336 -0.01175000 0.01599990
v -0.07769059 -0.00975000 0.01350000
v -0.07765584 -0.01001969 0.01351826
v -0.07760085 -0.01044207 0.01362356
v -0.07753287 -0.01093756 0.01389074
v -0.07750010 -0.01116389 0.01408546
v -0.07741336 -0.01175000 0.01550000
v -0.07744698 -0.01152988 0.01458785
v -0.07095515 0.01175000 0.01599990
v -0.07192145 0.00000000 0.01599990
v -0.07095515 -0.01175000 0.01599990
v -0.09150000 -0.01175000 0.01550000
v -0.09150000 -0.01175000 0.03500000
v -0.07095515 -0.01175000 0.03500000
v -0.09150000 -0.00975000 0.01350000
v -0.09150000 -0.01075000 0.01376795
v -0.09150000 -0.01116421 0.01408579
v -0.09150000 -0.01148205 0.01450000
v -0.09150000 -0.01162638 0.01480777
v -0.09150000 0.00975000 0.01350000
v -0.09150000 0.01175000 0.01550000
v -0.09150000 0.01159776 0.01473463
v -0.09150000 0.01116421 0.01408579
v -0.09150000 0.01051537 0.01365224
v -0.07095515 0.01175000 0.03500000
v -0.09150000 0.01175000 0.03500000
v -0.09200000 0.01225000 0.03500000
v -0.09200000 0.01225000 0.01550000
v -0.09200000 0.01205970 0.01454329
v -0.09200000 0.01151777 0.01373223
v -0.09200000 0.01070671 0.01319030
v -0.09200000 0.00975000 0.01300000
v -0.09200000 -0.00975000 0.01300000
v -0.09200000 -0.01225000 0.01550000
v -0.09200000 -0.01191506 0.01425000
v -0.09200000 -0.01100000 0.01333494
v -0.09200000 -0.01225000 0.03500000
v -0.09200000 -0.01100000 0.03716506
v -0.09200000 -0.00975000 0.03750000
v -0.09150000 -0.00975000 0.03700000
v -0.09150000 -0.01148205 0.03600000
v -0.09200000 -0.01191506 0.03625000
v -0.09150000 -0.01116421 0.03641421
v -0.09150000 -0.01075000 0.03673205
v -0.09200000 0.00975000 0.03750000
v -0.09150000 0.00975000 0.03700000
v -0.09200000 0.01191506 0.03625000
v -0.09150000 0.01162638 0.03569223
v -0.09150000 0.01075000 0.03673205
v -0.09200000 0.01100000 0.03716506
v -0.09150000 0.01116421 0.03641421
v -0.09150000 0.01148205 0.03600000
v -0.09200000 -0.00077500 0.00890766
v -0.09200000 -0.00000000 -0.00000000
v -0.09200000 -0.00134234 0.00947500
v -0.09200000 -0.02705426 -0.00000000
v -0.09200000 -0.00155000 0.01025000
v -0.09200000 -0.01928673 0.04795741
v -0.09200000 -0.01674310 0.04957451
v -0.09200000 0.00096641 0.01146184
v -0.09200000 0.00034491 0.01176114
v -0.09200000 0.00134234 0.03947500
v -0.09200000 0.00155000 0.04025000
v -0.09199954 0.01873055 0.04837419
v -0.09199966 0.02096707 0.04640739
v -0.09199984 0.02267996 0.04415471
v -0.09200000 -0.02453258 0.04024527
v -0.09200000 -0.02304292 0.04354623
v -0.09200000 -0.02141904 0.04589246
v -0.09200000 -0.00034491 0.01176114
v -0.09200000 -0.00096641 0.01146184
v -0.09200000 -0.02705426 0.01599992
v -0.09200000 -0.02701027 0.02044820
v -0.09200000 -0.02692567 0.02368819
v -0.09200000 -0.00139650 0.01092252
v -0.09200000 0.00000000 0.00870000
v -0.09200000 0.00059316 0.00881798
v -0.09200000 0.02705426 -0.00000000
v -0.09200000 0.00155000 0.01025000
v -0.09200000 0.02705426 0.01599989
v -0.09200000 0.00143201 0.00965684
v -0.09200000 0.00109602 0.00915398
v -0.09199952 0.01288505 0.05106406
v -0.09199949 0.01607524 0.04989902
v -0.09200000 0.00139650 0.04092252
v -0.09200000 -0.02686983 0.02507404
v -0.09200000 -0.02648333 0.03056101
v -0.09200000 -0.02561025 0.03637135
v -0.09200000 0.00139650 0.01092252
v -0.09199943 0.02702913 0.01926250
v -0.09199961 0.00895432 0.05190624
v -0.09200000 0.00096641 0.04146184
v -0.09199979 0.00407184 0.05239568
v -0.09200000 0.00034491 0.04176114
v -0.09200000 -0.00000000 0.05250000
v -0.09200000 -0.00034491 0.04176114
v -0.09200000 -0.00378035 0.05240987
v -0.09200027 0.02526357 0.03784362
v -0.09200010 0.02411800 0.04133089
v -0.09199999 0.02354998 0.04258992
v -0.09200000 -0.00928227 0.05185402
v -0.09200000 -0.00096641 0.04146184
v -0.09200000 -0.01333460 0.05093060
v -0.09200000 -0.00139650 0.04092252
v -0.09200000 -0.00109602 0.03915398
v -0.09200000 -0.00059316 0.03881799
v -0.09200000 0.00000000 0.03870000
v -0.09200000 0.00077500 0.03890766
v -0.09200000 -0.00155000 0.04025000
v -0.09200000 -0.00143201 0.03965684
v -0.09200025 0.02609991 0.03365557
v -0.09200008 0.02664524 0.02875989
v -0.09199987 0.02687031 0.02507406
v -0.08722044 0.03216276 0.02589202
v -0.08879827 0.03038774 0.02558289
v -0.08748212 0.03009163 0.03034328
v -0.06726635 0.03432680 0.05854445
v -0.06725039 0.03448877 0.05827532
v -0.06946934 0.03322465 0.05580205
v -0.08918882 0.04081633 0.01701952
v -0.09015587 0.04082120 0.01600022
v -0.09072103 0.03754433 0.01600013
v -0.08920223 0.02783669 0.03399042
v -0.07625421 0.00000001 0.06338882
v -0.07553759 0.00000002 0.06478880
v -0.07561985 0.00741310 0.06479298
v -0.07440675 0.00000002 0.06811684
v -0.07397342 -0.00000000 0.07200000
v -0.07372762 0.00612804 0.07182028
v -0.08846448 0.00722014 0.05349731
v -0.08433716 -0.00000002 0.05552800
v -0.08520596 0.00726382 0.05510782
v -0.08207696 -0.00000001 0.05696234
v -0.08233908 0.00730500 0.05698055
v -0.07955480 -0.00000000 0.05910520
v -0.07978713 0.00734364 0.05918814
v -0.08832040 -0.00000003 0.05370606
v -0.09041488 0.02859445 0.02530969
v -0.09183762 0.02877381 0.01599993
v -0.09114470 0.02873624 0.02051575
v -0.09026034 0.03053114 0.02059898
v -0.09164994 0.03057017 0.01599997
v -0.08938538 0.03230646 0.02069929
v -0.09144504 0.03234575 0.01600002
v -0.08851424 0.03406186 0.02082140
v -0.09122234 0.03410021 0.01600005
v -0.08437534 0.04077519 0.02248969
v -0.08678067 0.03751157 0.02114305
v -0.08265030 0.03737506 0.02712003
v -0.07926363 0.04062599 0.02908683
v -0.07896472 0.03704984 0.03310604
v -0.07505735 0.04029670 0.03529238
v -0.07455543 0.04023442 0.03610105
v -0.07357803 0.03809813 0.04019808
v -0.07230890 0.03984917 0.04000406
v -0.07152230 0.03965474 0.04152273
v -0.07010431 0.03917196 0.04458232
v -0.07109636 0.03698026 0.04616464
v -0.06884925 0.03848905 0.04787579
v -0.07029026 0.03621599 0.04893804
v -0.06777663 0.03736531 0.05184608
v -0.06977886 0.03532634 0.05147793
v -0.06727839 0.03596929 0.05542865
v -0.06740342 0.03340601 0.05995365
v -0.06827667 0.03005809 0.06380922
v -0.06783491 0.03156575 0.06227883
v -0.06986642 0.03048285 0.05952257
v -0.06759743 0.03249329 0.06117872
v -0.06896400 0.02789894 0.06557620
v -0.07074444 0.02704990 0.06257860
v -0.06913854 0.02735887 0.06595453
v -0.07179468 0.02312111 0.06483430
v -0.07014212 0.02419029 0.06778383
v -0.07274417 0.01902996 0.06635103
v -0.07120807 0.02048915 0.06929653
v -0.07222727 0.01627409 0.07046986
v -0.07345544 0.01509479 0.06729277
v -0.07259158 0.01448231 0.07083601
v -0.07426220 0.00744384 0.06819040
v -0.07360785 0.00747018 0.07172802
v -0.07311089 0.01145419 0.07131534
v -0.07214522 0.03186932 0.05336089
v -0.07250006 0.03383214 0.04934826
v -0.07371791 0.03537601 0.04443201
v -0.07593247 0.03642877 0.03889707
v -0.09122166 0.03410527 0.01600005
v -0.08764380 0.03579701 0.02096917
v -0.08567037 0.03391919 0.02624702
v -0.08312185 0.03360580 0.03156541
v -0.08100716 0.03304020 0.03662926
v -0.07943542 0.03212186 0.04138653
v -0.07852552 0.03080226 0.04559427
v -0.07818866 0.02912138 0.04906950
v -0.08638028 0.02958693 0.03478959
v -0.08554667 0.02880844 0.03887883
v -0.08504001 0.02771854 0.04248770
v -0.08481643 0.02632505 0.04553517
v -0.08836107 0.02334007 0.04643977
v -0.08839822 0.02142235 0.04850070
v -0.08845896 0.01916258 0.05016246
v -0.08850591 0.01658735 0.05145049
v -0.08852022 0.01373766 0.05240573
v -0.07825350 0.02695979 0.05203989
v -0.08143674 0.02576372 0.04999658
v -0.07859176 0.02427834 0.05447930
v -0.08164886 0.02333552 0.05228749
v -0.07902792 0.02117795 0.05631896
v -0.08193413 0.02051401 0.05404552
v -0.07940681 0.01783865 0.05760227
v -0.08217662 0.01742807 0.05530805
v -0.07965027 0.01444010 0.05843169
v -0.08231794 0.01421115 0.05615707
v -0.08479130 0.02455709 0.04814364
v -0.08490124 0.02238347 0.05031013
v -0.08505955 0.01984217 0.05201059
v -0.08518955 0.01701094 0.05327645
v -0.08525266 0.01397697 0.05416915
v -0.08850507 0.01061675 0.05307612
v -0.07731810 0.00000001 0.06172655
v -0.07751070 0.00737968 0.06179004
v -0.07510880 0.01488201 0.06399946
v -0.07458967 0.01863971 0.06312368
v -0.07386659 0.02248163 0.06171330
v -0.07305725 0.02613569 0.05962480
v -0.07239535 0.02931953 0.05680283
v -0.07521894 0.02814512 0.05430737
v -0.07570446 0.02521178 0.05692364
v -0.07631267 0.02183387 0.05887330
v -0.07684910 0.01824257 0.06020572
v -0.07721584 0.01466375 0.06104390
v -0.08762085 -0.03579581 0.02095207
v -0.08676049 -0.03751092 0.02113090
v -0.08259235 -0.03737387 0.02708810
v -0.07714948 -0.00739533 0.06153255
v -0.08827309 -0.02334014 0.04623846
v -0.08916123 -0.02783439 0.03391535
v -0.08629144 -0.02958515 0.03465291
v -0.08542681 -0.02880801 0.03868413
v -0.09015564 -0.04082246 0.01600022
v -0.08918904 -0.04081873 0.01701852
v -0.09051482 -0.03880260 0.01600016
v -0.09072089 -0.03754511 0.01600014
v -0.09081341 -0.03695354 0.01600013
v -0.09098111 -0.03583370 0.01600011
v -0.09144504 -0.03234573 0.01600003
v -0.09122229 -0.03410046 0.01600007
v -0.08936667 -0.03230467 0.02068093
v -0.08849192 -0.03406028 0.02080218
v -0.08560853 -0.03391715 0.02619082
v -0.09113741 -0.02873476 0.02050800
v -0.09183767 -0.02877323 0.01599996
v -0.09039774 -0.02859236 0.02528594
v -0.08463624 -0.02632838 0.04522141
v -0.08488899 -0.02771987 0.04223248
v -0.08830332 -0.02142320 0.04827726
v -0.08836087 -0.01916413 0.04992608
v -0.08840919 -0.01658943 0.05121298
v -0.08843029 -0.01374001 0.05218137
v -0.08842802 -0.01061906 0.05288137
v -0.08840704 -0.00722203 0.05335051
v -0.07946429 -0.00736015 0.05886530
v -0.07915455 -0.01446403 0.05793708
v -0.07394611 -0.00203454 0.07197552
v -0.07407144 -0.00744681 0.06815007
v -0.07356421 -0.00788162 0.07169894
v -0.07243481 -0.01903406 0.06628087
v -0.07260665 -0.01439247 0.07085884
v -0.07316375 -0.01509891 0.06722791
v -0.07282963 -0.01316863 0.07107007
v -0.07148597 -0.02312489 0.06476283
v -0.07070138 -0.02230215 0.06863394
v -0.07183284 -0.01800786 0.07005203
v -0.07045155 -0.02705313 0.06250916
v -0.06964909 -0.02576211 0.06696127
v -0.07028420 -0.02371519 0.06802101
v -0.06960124 -0.03048535 0.05945790
v -0.06794698 -0.03116723 0.06271037
v -0.06876182 -0.02852333 0.06510954
v -0.06739869 -0.03342657 0.05992709
v -0.06741988 -0.03331256 0.06008953
v -0.06783524 -0.03156570 0.06227827
v -0.06725434 -0.03448734 0.05827118
v -0.06924033 -0.03322633 0.05574426
v -0.06722701 -0.03519271 0.05700268
v -0.06959107 -0.03532722 0.05142848
v -0.06747486 -0.03671841 0.05363062
v -0.06786321 -0.03748754 0.05145730
v -0.07012393 -0.03621650 0.04889309
v -0.06816004 -0.03786748 0.05021328
v -0.07473168 -0.04025129 0.03581924
v -0.07164247 -0.03968200 0.04129031
v -0.07347479 -0.03809781 0.04016719
v -0.07152693 -0.03965128 0.04151934
v -0.07095153 -0.03698044 0.04612434
v -0.07056606 -0.03935257 0.04352970
v -0.06953014 -0.03890107 0.04599367
v -0.08397040 -0.04076326 0.02297718
v -0.07902160 -0.04061025 0.02942479
v -0.07885455 -0.03704910 0.03304852
v -0.07575875 -0.03642933 0.03880949
v -0.07347331 -0.03537853 0.04431169
v -0.07218209 -0.03383707 0.04919457
v -0.09164996 -0.03056987 0.01599999
v -0.09024654 -0.03052936 0.02058470
v -0.08717086 -0.03216032 0.02583702
v -0.08300674 -0.03360480 0.03145761
v -0.08876387 -0.03038517 0.02553940
v -0.08742230 -0.03008910 0.03025812
v -0.08082804 -0.03304150 0.03645840
v -0.07918552 -0.03212647 0.04114514
v -0.08147915 -0.02927259 0.04365304
v -0.07820275 -0.03081083 0.04527967
v -0.08113680 -0.02773815 0.04683028
v -0.07779616 -0.02913421 0.04868436
v -0.08110121 -0.02577607 0.04954400
v -0.07780001 -0.02697673 0.05159262
v -0.08128066 -0.02335083 0.05178571
v -0.07809178 -0.02429886 0.05398421
v -0.08154815 -0.02053154 0.05351506
v -0.07850175 -0.02120108 0.05579629
v -0.08179177 -0.01744676 0.05477532
v -0.07888030 -0.01786304 0.05707797
v -0.08195687 -0.01422963 0.05565394
v -0.08210629 -0.00731789 0.05665112
v -0.08503639 -0.01398669 0.05376194
v -0.08506668 -0.00727080 0.05484135
v -0.08495830 -0.01702054 0.05284538
v -0.08482659 -0.01985088 0.05158154
v -0.08467775 -0.02239069 0.04990451
v -0.08458617 -0.02456245 0.04777810
v -0.07822675 -0.03474426 0.03756597
v -0.07623954 -0.03376115 0.04264136
v -0.07507887 -0.03233245 0.04713084
v -0.07463947 -0.03051392 0.05080463
v -0.07175668 -0.03187687 0.05317556
v -0.07471304 -0.02816140 0.05394754
v -0.07194477 -0.02932963 0.05659010
v -0.07514546 -0.02523140 0.05652647
v -0.07255903 -0.02614800 0.05939148
v -0.07572341 -0.02185591 0.05845492
v -0.07334103 -0.02249558 0.06146881
v -0.07625885 -0.01826575 0.05978674
v -0.07406276 -0.01865447 0.06287994
v -0.07665983 -0.01468646 0.06064912
v -0.07461189 -0.01489655 0.06377074
v -0.07529529 -0.00742319 0.06464526
v -0.08777058 -0.05077904 0.01600054
v -0.08791129 -0.05030497 0.01600031
v -0.08791153 -0.05030504 -0.00000000
v -0.08442448 -0.05970878 -0.00000000
v -0.08442385 -0.05970849 0.01599990
v -0.08558255 -0.05702896 0.01599990
v -0.08775902 -0.05081763 0.01600009
v -0.08300819 -0.06256351 0.01599990
v -0.07973304 -0.06788927 -0.00000000
v -0.08035943 -0.06698158 0.01599990
v -0.07391195 -0.07456035 -0.00000000
v -0.07713026 -0.07121744 0.01599990
v -0.07973250 -0.06788886 0.01599990
v -0.06717587 -0.07972182 0.01599990
v -0.06975238 -0.07797311 0.01599990
v -0.06717663 -0.07972298 -0.00000000
v -0.07363258 -0.07481759 0.01599990
v -0.07391191 -0.07456032 0.01599990
v -0.06520423 -0.08091407 0.01599990
v -0.05791169 -0.08448719 -0.00000000
v -0.05998402 -0.08358635 0.01599990
v -0.04710939 -0.08810069 0.01599940
v -0.05079794 -0.08704270 0.01599955
v -0.04710923 -0.08810010 -0.00000000
v -0.05401881 -0.08597849 0.01599990
v -0.05791157 -0.08448689 0.01599990
v -0.04339879 -0.08901590 0.01599941
v -0.03377646 -0.09082077 -0.00000000
v -0.03545338 -0.09055801 0.01599944
v -0.01640483 -0.09256361 0.01599951
v -0.01748305 -0.09249954 0.01599951
v -0.01748304 -0.09249952 -0.00000000
v -0.02648939 -0.09175177 0.01599948
v -0.03377649 -0.09082099 0.01599945
v -0.00505654 -0.09296277 0.01599955
v 0.00343851 -0.09298287 -0.00000000
v -0.00000000 -0.09300033 0.01599950
v 0.02452852 -0.09194928 0.01599949
v 0.02218779 -0.09215870 0.01599949
v 0.02218779 -0.09215873 -0.00000000
v 0.01382816 -0.09269701 0.01599952
v 0.00343852 -0.09298323 0.01599955
v 0.03392221 -0.09079892 0.01599945
v 0.03697539 -0.09030142 -0.00000000
v 0.03697545 -0.09030176 0.01599943
v 0.04218133 -0.08928698 0.01599942
v 0.04926289 -0.08750165 -0.00000000
v 0.04926304 -0.08750225 0.01599938
v 0.05938071 -0.08385813 0.01599990
v 0.05741666 -0.08469119 0.01599990
v 0.05938050 -0.08385769 -0.00000000
v 0.05079816 -0.08704264 0.01599956
v 0.04943373 -0.08745254 0.01599938
v 0.06330319 -0.08196378 0.01599990
v 0.06761327 -0.07944274 -0.00000000
v 0.06761336 -0.07944291 0.01599990
v 0.06795125 -0.07922169 0.01599990
v 0.07457213 -0.07393314 -0.00000000
v 0.07234529 -0.07594633 0.01599990
v 0.08027875 -0.06710079 0.01599990
v 0.07928901 -0.06850377 0.01599990
v 0.08027928 -0.06710113 -0.00000000
v 0.07605186 -0.07242148 0.01599990
v 0.07457212 -0.07393313 0.01599990
v 0.08216204 -0.06409030 0.01599990
v 0.08464549 -0.05922412 -0.00000000
v 0.08459064 -0.05934410 0.01599990
v 0.08815116 -0.04947372 -0.00000000
v 0.08815087 -0.04947364 0.01600037
v 0.08777058 -0.05077917 0.01600069
v 0.08775916 -0.05081716 0.01599978
v 0.08681281 -0.05374588 0.01599990
v 0.08464494 -0.05922391 0.01599990
v 0.09239887 -0.02185195 -0.00000000
v 0.09239794 -0.02185188 0.01600022
v 0.09196930 -0.02738262 0.01600025
v 0.09076251 -0.03728182 -0.00000000
v 0.09093176 -0.03616618 0.01600030
v 0.09076192 -0.03728172 0.01600030
v 0.08956110 -0.04378026 0.01600034
v 0.09300000 -0.00000000 -0.00000000
v 0.09299997 -0.00000000 0.01600016
v 0.09297625 -0.00494004 0.01600013
v 0.09265578 -0.01713835 0.01600019
v -0.09051493 -0.03880262 -0.00000000
v -0.08841951 -0.04850148 0.01600027
v -0.05754898 -0.04713297 0.06889690
v -0.05285025 -0.05236449 0.06888802
v -0.05271101 -0.05193793 0.07900003
v -0.07014567 -0.04037415 0.04351528
v -0.08237652 -0.04886163 0.02224476
v -0.07369734 -0.05037244 0.03163530
v -0.07050039 -0.04981894 0.03598852
v -0.07359783 -0.04292747 0.03606834
v -0.05863319 -0.05002553 0.05509300
v -0.05923427 -0.04909347 0.05546612
v -0.06083764 -0.04991724 0.05057540
v -0.01033640 -0.08758239 0.02247526
v 0.00000000 -0.08771348 0.02255896
v -0.02051940 -0.08700418 0.02240204
v -0.03983425 -0.08417652 0.02228583
v -0.04992587 -0.05960786 0.05282167
v -0.04991789 -0.06084616 0.05027480
v -0.04486142 -0.06375575 0.05136715
v -0.05006614 -0.06417736 0.04426855
v -0.04724329 -0.06642547 0.04343750
v -0.05022460 -0.06860399 0.03764858
v -0.05010402 -0.06989903 0.03599318
v -0.05035713 -0.07277656 0.03212342
v -0.05041993 -0.07476956 0.02963590
v -0.05018568 -0.05779028 0.05671018
v -0.04958868 -0.05874779 0.05547453
v -0.05022427 -0.05762674 0.05706845
v -0.05029098 -0.05736623 0.05764225
v -0.05239584 -0.05326547 0.06593503
v -0.05185391 -0.05396549 0.06499290
v -0.04810170 -0.05742761 0.06424627
v -0.05155793 -0.05441593 0.06415345
v -0.05140885 -0.05466467 0.06364613
v -0.05307786 -0.05256227 0.06607875
v -0.05274916 -0.05288107 0.06613617
v -0.04764443 -0.05711374 0.06890264
v -0.05455705 -0.05146927 0.06393860
v -0.05362077 -0.05210677 0.06555474
v -0.05351595 -0.05218878 0.06568914
v -0.05350048 -0.05220110 0.06570785
v -0.05318670 -0.05246452 0.06601118
v -0.05698930 -0.05039679 0.05862899
v -0.05619083 -0.05067309 0.06039501
v -0.05842531 -0.04824552 0.05977583
v -0.05787256 -0.04759870 0.06423890
v -0.05785191 -0.05017017 0.05675492
v -0.06858087 -0.05021577 0.03822217
v -0.06427509 -0.05006924 0.04451029
v -0.06695019 -0.04689487 0.04342848
v -0.06420577 -0.04445869 0.05135476
v -0.08110376 -0.05059338 0.02298375
v -0.07771219 -0.04577593 0.02901267
v -0.06753798 -0.03820597 0.05143590
v -0.06593904 -0.03650761 0.05988635
v -0.06660610 -0.03729436 0.05559201
v -0.06535631 -0.03529807 0.06896558
v -0.06840773 -0.02873770 0.06900539
v -0.07084116 -0.02178905 0.06903595
v -0.07044420 -0.02266210 0.07900000
v -0.07269470 -0.01383764 0.07900000
v -0.07398996 0.00000000 0.07543030
v -0.07310614 -0.01146634 0.07900000
v -0.07370456 -0.00660226 0.07899999
v -0.07400000 -0.00000000 0.07899998
v -0.06319731 -0.04346250 0.05551806
v -0.06172554 -0.04143759 0.06892569
v -0.06197227 -0.04195913 0.06427731
v -0.06245208 -0.04262834 0.05982176
v -0.05745086 -0.04664117 0.07900002
v -0.06114233 -0.04993255 0.04997478
v -0.06856556 -0.02783458 0.07900001
v -0.06608238 -0.03330272 0.07900002
v -0.06176985 -0.04074902 0.07900002
v -0.06012354 -0.04314122 0.07900002
v -0.04389156 -0.06277876 0.05553120
v -0.04308440 -0.06205850 0.05983474
v -0.04874328 -0.05796292 0.05978407
v -0.05106022 -0.05531580 0.06223810
v -0.00000006 -0.07397630 0.06765053
v -0.00758718 -0.07359580 0.06906534
v -0.00790611 -0.07385789 0.06007804
v -0.01452216 -0.07256105 0.07900000
v -0.02161885 -0.07077131 0.07900000
v -0.02228848 -0.07066728 0.06903961
v -0.00000000 -0.07399999 0.07899998
v -0.00729663 -0.07363907 0.07899999
v -0.01039240 -0.07326645 0.07900000
v -0.04244360 -0.06159546 0.06428896
v -0.02923229 -0.06817596 0.06901184
v -0.03580229 -0.06505755 0.06897435
v -0.03690460 -0.06562583 0.05989865
v -0.04195219 -0.06135608 0.06893478
v -0.03849928 -0.06717593 0.05144707
v -0.00000003 -0.08091494 0.03407273
v -0.00920105 -0.07955667 0.03650197
v -0.00000002 -0.08328565 0.02951762
v -0.00974167 -0.08314233 0.02938957
v -0.00000000 -0.08608044 0.02493306
v -0.00000004 -0.07974973 0.03663633
v -0.00000007 -0.07688641 0.04457952
v -0.00871267 -0.07679130 0.04391851
v -0.00000008 -0.07520128 0.05180765
v -0.00827974 -0.07488202 0.05174451
v -0.00000008 -0.07462645 0.05568582
v -0.00000008 -0.07421708 0.06009832
v -0.01504570 -0.07248744 0.06905697
v -0.02312203 -0.07103330 0.06001288
v -0.01564691 -0.07278968 0.06005094
v -0.02418312 -0.07227589 0.05160984
v -0.01637794 -0.07390448 0.05168001
v -0.02547273 -0.07446933 0.04371747
v -0.01724396 -0.07593565 0.04381665
v -0.02695833 -0.07752692 0.03626813
v -0.01823049 -0.07882866 0.03638006
v -0.02860648 -0.08134639 0.02917529
v -0.01932338 -0.08251689 0.02927588
v -0.03040139 -0.08589603 0.02233895
v -0.03023588 -0.06863052 0.05996178
v -0.03158853 -0.07002335 0.05153184
v -0.04056288 -0.06971396 0.04352260
v -0.03328156 -0.07239430 0.04361916
v -0.04300454 -0.07309119 0.03607109
v -0.03525672 -0.07562344 0.03616494
v -0.04572812 -0.07714083 0.02901187
v -0.03745294 -0.07957333 0.02908719
v -0.04867073 -0.08176449 0.02224274
v -0.04995622 -0.05920789 0.05366380
v -0.05060687 -0.08102532 0.02231853
v -0.02847956 -0.06830018 0.07900001
v -0.03232711 -0.06656516 0.07900002
v -0.03507521 -0.06515883 0.07900002
v -0.04225418 -0.06075021 0.07900002
v -0.04718057 -0.05700871 0.07900003
v -0.05115350 -0.05347258 0.07900003
v -0.05099411 -0.08694554 0.01600041
v -0.05154961 -0.08569839 0.01599990
v -0.05149970 -0.08613594 0.01600104
v -0.05130025 -0.07903969 0.02314089
v -0.05125941 -0.07923613 0.02331213
v -0.05116810 -0.07580330 0.02692520
v -0.05098545 -0.07218730 0.03168396
v -0.05053375 -0.06269402 0.04509046
v -0.05069622 -0.06559990 0.04043784
v -0.05069191 -0.06566287 0.04047948
v -0.05072749 -0.06620102 0.03954234
v -0.05100580 -0.07204425 0.03157277
v -0.05036474 -0.06010408 0.04993030
v -0.05048107 -0.06183659 0.04659899
v -0.05032549 -0.06034089 0.05004385
v -0.05031348 -0.06037579 0.05006036
v -0.05028068 -0.06325740 0.04541003
v -0.05040206 -0.06617896 0.04081203
v -0.05063099 -0.07264916 0.03203323
v -0.05085729 -0.07965401 0.02366517
v -0.05135377 -0.08653197 0.01599951
v -0.05110615 -0.07947070 0.02351283
v -0.05085882 -0.07244182 0.03187883
v -0.05060064 -0.06594121 0.04066110
v -0.05046206 -0.06300157 0.04526723
v -0.05014983 -0.06065081 0.05018810
v -0.06400119 -0.05785407 0.01599990
v -0.06235408 -0.05620696 0.01599990
v -0.08752156 -0.05116569 0.01599996
v -0.08727939 -0.05133998 0.01599996
v -0.06010408 -0.06460407 0.01599990
v -0.06235408 -0.06400119 0.01599990
v -0.06460407 -0.06010408 0.01599990
v -0.06400119 -0.06235408 0.01599990
v -0.05620696 -0.05785407 0.01599990
v -0.05405516 -0.05405516 0.01599990
v -0.05785407 -0.05620696 0.01599990
v -0.05686770 -0.05218545 0.01599990
v -0.06010408 -0.05560408 0.01599990
v -0.06010408 -0.05154961 0.01599990
v -0.08642046 -0.05154961 0.01599990
v -0.08692461 -0.05148312 0.01599991
v -0.05785407 -0.06400119 0.01599990
v -0.05620696 -0.06235408 0.01599990
v -0.05560408 -0.06010408 0.01599990
v -0.05154961 -0.06010408 0.01599990
v -0.05218545 -0.05686770 0.01599990
v -0.05831633 -0.05037460 0.05431207
v -0.05846744 -0.05036054 0.05395927
v -0.06010408 -0.05035432 0.05022868
v -0.05284665 -0.05279173 0.06605603
v -0.05310562 -0.05254820 0.06595723
v -0.05315530 -0.05250425 0.06592011
v -0.05343902 -0.05226828 0.06561372
v -0.05345307 -0.05225722 0.06559483
v -0.05362111 -0.05212903 0.06534579
v -0.05386339 -0.05195664 0.06492285
v -0.05514708 -0.05123328 0.06202884
v -0.05527574 -0.05117517 0.06171228
v -0.05660503 -0.05069806 0.05841873
v -0.05073595 -0.05649307 0.05853944
v -0.05128945 -0.05503545 0.06220607
v -0.05259399 -0.05305548 0.06597731
v -0.05213715 -0.05361241 0.06532262
v -0.05174021 -0.05420161 0.06417745
v -0.05035636 -0.05999021 0.05018936
v -0.05033590 -0.05953725 0.05122674
v -0.05039482 -0.05820124 0.05435808
v -0.06267260 -0.05051898 0.04551340
v -0.06578574 -0.05068893 0.04064667
v -0.07244512 -0.05100032 0.03172966
v -0.06277816 -0.05052517 0.04533619
v -0.06519192 -0.05065822 0.04152599
v -0.07540779 -0.05112639 0.02811941
v -0.07962554 -0.05129702 0.02323309
v -0.07981829 -0.05125719 0.02340323
v -0.08023558 -0.05085584 0.02376037
v -0.07303966 -0.05063213 0.03219356
v -0.06635139 -0.05040440 0.04102295
v -0.06332792 -0.05028194 0.04565616
v -0.06063824 -0.05014854 0.05048508
v -0.06036135 -0.05030789 0.05035401
v -0.06307083 -0.05045920 0.04550876
v -0.07257865 -0.05098194 0.03183598
v -0.08005239 -0.05110462 0.02360613
v -0.07283220 -0.05085814 0.03203505
v -0.06611291 -0.05059941 0.04086695
v -0.05061338 -0.05670252 0.05864724
v -0.05045425 -0.05739695 0.05694287
v -0.05098348 -0.05558494 0.06142474
v -0.05546537 -0.05102801 0.06182588
v -0.05880727 -0.05007740 0.05455788
v -0.05681526 -0.05057814 0.05852798
v -0.05028276 -0.05884599 0.05348336
v -0.05007511 -0.05911680 0.05361707
v -0.05854343 -0.05029307 0.05442293
v -0.06010408 -0.05560408 -0.00000000
v -0.05785407 -0.05620696 -0.00000000
v -0.05620696 -0.05785407 -0.00000000
v -0.05560408 -0.06010408 -0.00000000
v -0.05620696 -0.06235408 -0.00000000
v -0.05785407 -0.06400119 -0.00000000
v -0.06010408 -0.06460407 -0.00000000
v -0.06235408 -0.06400119 -0.00000000
v -0.06400119 -0.06235408 -0.00000000
v -0.06460407 -0.06010408 -0.00000000
v -0.06400119 -0.05785407 -0.00000000
v -0.06235408 -0.05620696 -0.00000000
v 0.03005204 -0.07255204 -0.00000000
v 0.00280570 -0.08148175 -0.00000000
v 0.00100134 -0.08061282 -0.00000000
v -0.03005204 0.00000000 -0.00000000
v 0.09064315 0.03802948 -0.00000000
v 0.09227774 0.02362217 -0.00000000
v 0.07880204 0.00000000 -0.00000000
v 0.09299882 0.00114260 -0.00000000
v 0.08024419 0.06715281 -0.00000000
v 0.08465376 0.05920578 -0.00000000
v 0.08809429 0.04967398 -0.00000000
v 0.03005204 0.00000000 -0.00000000
v 0.03005204 0.07205204 -0.00000000
v 0.05560408 0.06010408 -0.00000000
v 0.05620696 0.05785407 -0.00000000
v 0.05785407 0.05620696 -0.00000000
v 0.06010408 0.05560408 -0.00000000
v 0.06235408 0.06400119 -0.00000000
v 0.07050371 0.07741717 -0.00000000
v 0.06400119 0.06235408 -0.00000000
v 0.07661138 0.07180882 -0.00000000
v 0.06460407 0.06010408 -0.00000000
v 0.06400119 0.05785407 -0.00000000
v 0.06235408 0.05620696 -0.00000000
v 0.06010408 0.06460407 -0.00000000
v 0.05785407 0.06400119 -0.00000000
v 0.05620696 0.06235408 -0.00000000
v 0.04134700 0.08946449 -0.00000000
v 0.05325535 0.08624301 -0.00000000
v 0.06285383 0.08219759 -0.00000000
v -0.01637063 0.09256553 -0.00000000
v 0.00592110 0.09294812 -0.00000000
v 0.00000000 0.09050000 -0.00000000
v -0.00225000 0.08989711 -0.00000000
v -0.00389711 0.08825000 -0.00000000
v -0.03211273 0.09106269 -0.00000000
v -0.00450000 0.08600000 -0.00000000
v -0.00450000 0.08400000 -0.00000000
v -0.03005204 0.07205204 -0.00000000
v -0.00389711 0.08175000 -0.00000000
v -0.00225000 0.08010288 -0.00000000
v -0.00000000 0.07950000 -0.00000000
v 0.00225000 0.08010288 -0.00000000
v 0.00389711 0.08175000 -0.00000000
v 0.00450000 0.08400000 -0.00000000
v 0.00450000 0.08600000 -0.00000000
v 0.02673128 0.09172593 -0.00000000
v 0.00389711 0.08825000 -0.00000000
v 0.00225000 0.08989711 -0.00000000
v -0.04522790 0.08858154 -0.00000000
v -0.05616084 0.08518785 -0.00000000
v -0.05620696 0.06235408 -0.00000000
v -0.05785407 0.06400119 -0.00000000
v -0.06235408 0.05620696 -0.00000000
v -0.07118653 0.07689010 -0.00000000
v -0.06361479 0.08179788 -0.00000000
v -0.06400119 0.05785407 -0.00000000
v -0.06010408 0.05560408 -0.00000000
v -0.05785407 0.05620696 -0.00000000
v -0.05620696 0.05785407 -0.00000000
v -0.05560408 0.06010408 -0.00000000
v -0.08972286 0.04301798 -0.00000000
v -0.08671126 0.05403832 -0.00000000
v -0.06460407 0.06010408 -0.00000000
v -0.08247345 0.06354260 -0.00000000
v -0.06400119 0.06235408 -0.00000000
v -0.07765050 0.07060371 -0.00000000
v -0.06235408 0.06400119 -0.00000000
v -0.06010408 0.06460407 -0.00000000
v -0.03005204 -0.07255204 -0.00000000
v -0.00280570 -0.08851824 -0.00000000
v -0.00100134 -0.08938718 -0.00000000
v 0.00100134 -0.08938718 -0.00000000
v -0.00100134 -0.08061282 -0.00000000
v -0.00280570 -0.08148175 -0.00000000
v -0.00405436 -0.08304752 -0.00000000
v -0.00450000 -0.08500000 -0.00000000
v -0.00405436 -0.08695248 -0.00000000
v 0.00280570 -0.08851824 -0.00000000
v 0.00405436 -0.08695248 -0.00000000
v 0.00450000 -0.08500000 -0.00000000
v 0.00405436 -0.08304752 -0.00000000
v 0.06460407 -0.06010408 -0.00000000
v 0.06400119 -0.05785407 -0.00000000
v 0.06235408 -0.05620696 -0.00000000
v 0.06010408 -0.05560408 -0.00000000
v 0.05785407 -0.05620696 -0.00000000
v 0.05620696 -0.05785407 -0.00000000
v 0.05560408 -0.06010408 -0.00000000
v 0.05620696 -0.06235408 -0.00000000
v 0.06400119 -0.06235408 -0.00000000
v 0.06235408 -0.06400119 -0.00000000
v 0.06010408 -0.06460407 -0.00000000
v 0.05785407 -0.06400119 -0.00000000
v -0.08972264 0.04301794 0.01600017
v -0.04943373 0.08745254 0.01599938
v -0.05079814 0.08704265 0.01599955
v -0.05616104 0.08518843 0.01599990
v -0.05741664 0.08469119 0.01599990
v -0.06330318 0.08196378 0.01599990
v -0.06795124 0.07922170 0.01599990
v -0.06361502 0.08179829 0.01599990
v -0.07765005 0.07060334 0.01599990
v -0.07605185 0.07242149 0.01599990
v -0.07234528 0.07594634 0.01599990
v -0.07118643 0.07688998 0.01599990
v -0.07928900 0.06850377 0.01599990
v -0.08216204 0.06409030 0.01599990
v -0.08681280 0.05374589 0.01599990
v -0.08671093 0.05403819 0.01599990
v -0.08459063 0.05934412 0.01599990
v -0.08247339 0.06354257 0.01599990
v -0.08956123 0.04378033 0.01600019
v -0.08777056 0.05077911 0.01600073
v -0.08775908 0.05081739 0.01599978
v 0.09276617 0.01442603 0.01600016
v 0.09227682 0.02362212 0.01600019
v 0.08976425 0.04281627 0.01600026
v 0.09064265 0.03802940 0.01600025
v 0.09111626 0.03487761 0.01600023
v 0.09212681 0.02556570 0.01600020
v 0.08775902 0.05081763 0.01600009
v 0.08558255 0.05702896 0.01599990
v 0.08465308 0.05920547 0.01599990
v 0.08777063 0.05077904 0.01600053
v 0.08809407 0.04967392 0.01600029
v 0.08300819 0.06256351 0.01599990
v 0.08035943 0.06698158 0.01599990
v 0.07713026 0.07121744 0.01599990
v 0.07661106 0.07180850 0.01599990
v 0.07363258 0.07481759 0.01599990
v 0.07050321 0.07741655 0.01599990
v 0.06975238 0.07797311 0.01599990
v 0.06520423 0.08091407 0.01599990
v 0.05325555 0.08624361 0.01599990
v 0.05401881 0.08597849 0.01599990
v 0.05998402 0.08358635 0.01599990
v 0.06285323 0.08219644 0.01599990
v 0.04339879 0.08901590 0.01599941
v 0.05079794 0.08704270 0.01599955
v 0.02648939 0.09175177 0.01599948
v 0.02673128 0.09172595 0.01599948
v 0.03545338 0.09055801 0.01599944
v 0.04134710 0.08946497 0.01599942
v 0.00000000 0.09300033 0.01599950
v -0.01382816 0.09269701 0.01599952
v -0.01637063 0.09256557 0.01599951
v 0.00505654 0.09296277 0.01599955
v 0.00592111 0.09294843 0.01599955
v 0.01640483 0.09256361 0.01599951
v -0.02452852 0.09194928 0.01599948
v -0.03211275 0.09106286 0.01599945
v -0.04522804 0.08858211 0.01599940
v -0.04218133 0.08928699 0.01599941
v -0.03392221 0.09079892 0.01599945
v -0.05785407 0.06400119 0.01599990
v -0.05620696 0.06235408 0.01599990
v -0.05114665 0.08681813 0.01600047
v -0.08765766 0.05101070 0.01599993
v -0.05134175 0.08655307 0.01600049
v -0.08725875 0.05135124 0.01600000
v -0.08685870 0.05149983 0.01599996
v -0.06460407 0.06010408 0.01599990
v -0.06400119 0.05785407 0.01599990
v -0.06400119 0.06235408 0.01599990
v -0.06235408 0.06400119 0.01599990
v -0.06010408 0.06460407 0.01599990
v -0.05620696 0.05785407 0.01599990
v -0.05218545 0.05686770 0.01599990
v -0.05560408 0.06010408 0.01599990
v -0.05154961 0.06010408 0.01599990
v -0.05154961 0.08569863 0.01599990
v -0.05147269 0.08623754 0.01600114
v -0.06235408 0.05620696 0.01599990
v -0.08642009 0.05154961 0.01599990
v -0.06010408 0.05560408 0.01599990
v -0.06010408 0.05154961 0.01599990
v -0.05785407 0.05620696 0.01599990
v -0.05686770 0.05218545 0.01599990
v -0.05405516 0.05405516 0.01599990
v -0.05036474 0.06010408 0.04993030
v -0.05033870 0.05963869 0.05099346
v -0.05038261 0.05831740 0.05408118
v -0.05250372 0.05315680 0.06590229
v -0.05230132 0.05339907 0.06563800
v -0.05201617 0.05378028 0.06503116
v -0.05114964 0.05534378 0.06143596
v -0.05106143 0.05555469 0.06090473
v -0.05397085 0.05188446 0.06471570
v -0.05345726 0.05225392 0.06558912
v -0.05276763 0.05287125 0.06605130
v -0.05303939 0.05260812 0.06599808
v -0.06010408 0.05035432 0.05022868
v -0.05889781 0.05047632 0.05305437
v -0.05654930 0.05071386 0.05855577
v -0.05472425 0.05144110 0.06305118
v -0.05100580 0.07204402 0.03157275
v -0.05116874 0.07581890 0.02690673
v -0.05130024 0.07903959 0.02314101
v -0.05053375 0.06269408 0.04509031
v -0.05048195 0.06185060 0.04657379
v -0.05069622 0.06559994 0.04043780
v -0.05072774 0.06620601 0.03953518
v -0.05085829 0.07965337 0.02366486
v -0.05110659 0.07947011 0.02351255
v -0.05085921 0.07244128 0.03187858
v -0.05046235 0.06300104 0.04526675
v -0.05060096 0.06594066 0.04066068
v -0.05069194 0.06566267 0.04047928
v -0.05125948 0.07923582 0.02331207
v -0.05061068 0.08115100 0.02217924
v -0.05016094 0.06063775 0.05018215
v -0.04991789 0.06084616 0.05027480
v -0.04994726 0.06150160 0.04898464
v -0.05028148 0.06325669 0.04540947
v -0.05008331 0.06463377 0.04353278
v -0.05040291 0.06617828 0.04081153
v -0.05023921 0.06899979 0.03710017
v -0.05063192 0.07264853 0.03203293
v -0.05035703 0.07277650 0.03212355
v -0.05041311 0.07454817 0.02990825
v -0.05098550 0.07218707 0.03168394
v -0.05032549 0.06034090 0.05004385
v -0.04735101 0.05735460 0.06890400
v -0.05261325 0.05260221 0.06888819
v -0.05193834 0.05271060 0.07900003
v -0.07370066 0.00664568 0.07899999
v -0.01967860 0.08707161 0.02240776
v -0.02964935 0.08600277 0.02234348
v -0.06083763 0.04991725 0.05057540
v -0.06407586 0.04467184 0.05135222
v -0.06306504 0.04367328 0.05551572
v -0.06856076 0.05021768 0.03824756
v -0.07037612 0.05005224 0.03598611
v -0.06682399 0.04711627 0.04342581
v -0.07456701 0.05039925 0.03057352
v -0.06418563 0.05006102 0.04465785
v -0.06499361 0.05009298 0.04339064
v -0.05850134 0.05004442 0.05537049
v -0.05905667 0.04931688 0.05546464
v -0.05784348 0.05017089 0.05677195
v -0.05824555 0.04846905 0.05977452
v -0.05753845 0.05024340 0.05743010
v -0.05468097 0.05139626 0.06368398
v -0.05491980 0.05126220 0.06318524
v -0.05768998 0.04782374 0.06423781
v -0.05568584 0.05088426 0.06151519
v -0.05608216 0.05071668 0.06063470
v -0.05736313 0.04736078 0.06889609
v -0.05300485 0.05262913 0.06611194
v -0.05352537 0.05218017 0.06567971
v -0.05364657 0.05208560 0.06552278
v -0.05431373 0.05161940 0.06441169
v -0.04449816 0.06397543 0.05137152
v -0.04991220 0.05982955 0.05236276
v -0.04686290 0.06663874 0.04344204
v -0.04970045 0.07010850 0.03599724
v -0.04251510 0.07327721 0.03607684
v -0.04811213 0.08194556 0.02224524
v -0.00000000 0.08771349 0.02255896
v -0.00941574 0.08761110 0.02248231
v 0.00000000 0.08608044 0.02493306
v 0.00000002 0.08328565 0.02951762
v 0.00000008 0.07462645 0.05568583
v 0.00000008 0.07520128 0.05180765
v -0.00754474 0.07493740 0.05175014
v 0.00000007 0.07688640 0.04457952
v -0.07267835 0.01392327 0.07900000
v -0.07326621 0.01039410 0.07900000
v -0.07077080 0.02162053 0.07900000
v -0.06834195 0.02889892 0.06900453
v -0.07080333 0.02191645 0.06903550
v -0.06525624 0.03548736 0.06896433
v -0.06584303 0.03669738 0.05988430
v -0.06651254 0.03748605 0.05558965
v -0.06744693 0.03840070 0.05143328
v -0.07005951 0.04057786 0.04351241
v -0.07351566 0.04314322 0.03606565
v -0.07763235 0.04600570 0.02901058
v -0.08229649 0.04910656 0.02224359
v -0.08115882 0.05059495 0.02292283
v -0.06231722 0.04283806 0.05981970
v -0.06183469 0.04216915 0.06427559
v -0.06158532 0.04164919 0.06892440
v -0.06849979 0.02799606 0.07900001
v -0.06656440 0.03232868 0.07900002
v -0.06538475 0.03465226 0.07900002
v -0.06074922 0.04225561 0.07900002
v -0.05725805 0.04687766 0.07900003
v -0.05347138 0.05115476 0.07900003
v -0.04353392 0.06300237 0.05553525
v -0.04929743 0.05897760 0.05547689
v -0.04845315 0.05819581 0.05978620
v -0.05102111 0.05539594 0.06205921
v -0.05181959 0.05401411 0.06490792
v 0.00000006 0.07397630 0.06765054
v 0.00000008 0.07421708 0.06009832
v -0.00691235 0.07365941 0.06906573
v -0.00720403 0.07391911 0.06008006
v -0.01443000 0.07260767 0.06905799
v 0.00000000 0.07399999 0.07899998
v -0.00664570 0.07370065 0.07899999
v -0.01146673 0.07310608 0.07900000
v -0.01392329 0.07267834 0.07900000
v -0.02266273 0.07044400 0.07900000
v -0.03330327 0.06608211 0.07900002
v -0.02799608 0.06849978 0.07900001
v -0.02874701 0.06837562 0.06901420
v -0.02173655 0.07083298 0.06904132
v -0.02255415 0.07119319 0.06001628
v -0.01500938 0.07290566 0.06005358
v -0.01571145 0.07401127 0.05168556
v -0.00793879 0.07683849 0.04392787
v 0.00000004 0.07974973 0.03663633
v -0.03648170 0.06584062 0.05990297
v -0.04273016 0.06228635 0.05983832
v -0.04209043 0.06182766 0.06429196
v -0.04781080 0.05766426 0.06424808
v -0.04687768 0.05725803 0.07900002
v -0.04314168 0.06012321 0.07900002
v -0.04159790 0.06159239 0.06893703
v -0.04096710 0.06162544 0.07900002
v -0.03538371 0.06528049 0.06897698
v -0.01853283 0.08258915 0.02928485
v -0.02790056 0.08145797 0.02918264
v -0.02629534 0.07764903 0.03627647
v -0.03467979 0.07578022 0.03617205
v -0.03273913 0.07256293 0.04362619
v -0.04010288 0.06990840 0.04352871
v -0.03806223 0.06738052 0.05145264
v -0.05025934 0.05748387 0.05738122
v -0.02974076 0.06882299 0.05996590
v -0.02359089 0.07242488 0.05161553
v -0.01654153 0.07603040 0.04382501
v -0.00838295 0.07959511 0.03651344
v 0.00000003 0.08091494 0.03407273
v -0.04520518 0.07732179 0.02901636
v -0.03917722 0.08432163 0.02228930
v -0.03683725 0.07972145 0.02909309
v -0.00887461 0.08317383 0.02940041
v -0.01748630 0.07891095 0.03638982
v -0.02484824 0.07460485 0.04372511
v -0.03107406 0.07020464 0.05153771
v -0.05238464 0.05327835 0.06592047
v -0.05270533 0.05292497 0.06613038
v -0.06578571 0.05068893 0.04064679
v -0.06277814 0.05052517 0.04533621
v -0.06518755 0.05065800 0.04153258
v -0.06332785 0.05028201 0.04565614
v -0.06063816 0.05014860 0.05048505
v -0.06635126 0.05040447 0.04102301
v -0.07303949 0.05063221 0.03219365
v -0.08023541 0.05085592 0.02376047
v -0.07244506 0.05100031 0.03172983
v -0.07257836 0.05098198 0.03183597
v -0.07541903 0.05112686 0.02810604
v -0.07981800 0.05125725 0.02340321
v -0.07962540 0.05129702 0.02323322
v -0.06036120 0.05030794 0.05035394
v -0.06307068 0.05045926 0.04550870
v -0.06611272 0.05059949 0.04086696
v -0.07283198 0.05085823 0.03203509
v -0.08005217 0.05110472 0.02360616
v -0.05561289 0.05096806 0.06146686
v -0.05100342 0.05553536 0.06154749
v -0.05008521 0.05880996 0.05432347
v -0.05732061 0.05046272 0.05730833
v -0.05936743 0.05006504 0.05329350
v -0.05909276 0.05026576 0.05315718
v -0.05058338 0.05681771 0.05836272
v -0.05030098 0.05854524 0.05419049
v 0.06608238 0.03330272 0.07900002
v 0.06856555 0.02783460 0.07900001
v 0.06840772 0.02873771 0.06900539
v 0.07120594 0.02278676 0.06000856
v 0.07290607 0.01525987 0.06005036
v 0.07402667 0.01613059 0.05168262
v 0.06012354 0.04314122 0.07900002
v 0.06176984 0.04074903 0.07900002
v 0.06172554 0.04143760 0.06892569
v 0.06197226 0.04195914 0.06427730
v 0.06245207 0.04262835 0.05982176
v 0.05842531 0.04824553 0.05977583
v 0.07359783 0.04292749 0.03606834
v 0.07050038 0.04981895 0.03598852
v 0.06695019 0.04689488 0.04342848
v 0.07462633 -0.00000005 0.05568663
v 0.07520126 -0.00000005 0.05180765
v 0.07494008 0.00782207 0.05174972
v 0.08717917 0.02079921 0.02240823
v 0.08465531 0.04023724 0.02228919
v 0.06114233 0.04993255 0.04997479
v 0.06083764 0.04991724 0.05057540
v 0.06420576 0.04445871 0.05135476
v 0.01033640 0.08758239 0.02247526
v 0.02051939 0.08700418 0.02240204
v 0.03040138 0.08589603 0.02233895
v 0.04992587 0.05960783 0.05282175
v 0.04991789 0.06084616 0.05027480
v 0.04486141 0.06375575 0.05136715
v 0.05006614 0.06417733 0.04426860
v 0.04724329 0.06642547 0.04343750
v 0.05022459 0.06860384 0.03764878
v 0.05010401 0.06989903 0.03599318
v 0.05035713 0.07277656 0.03212342
v 0.05041992 0.07476925 0.02963627
v 0.05018568 0.05779028 0.05671018
v 0.04958868 0.05874780 0.05547453
v 0.05022367 0.05762922 0.05706301
v 0.05029098 0.05736620 0.05764231
v 0.05239584 0.05326547 0.06593504
v 0.05185392 0.05396548 0.06499291
v 0.04810169 0.05742761 0.06424627
v 0.05155836 0.05441523 0.06415485
v 0.05140885 0.05466467 0.06364613
v 0.04764442 0.05711375 0.06890264
v 0.05285024 0.05236449 0.06888802
v 0.05274916 0.05288106 0.06613617
v 0.05349883 0.05220242 0.06570984
v 0.05318517 0.05246587 0.06601227
v 0.05307787 0.05256226 0.06607875
v 0.05455706 0.05146927 0.06393860
v 0.05362077 0.05210676 0.06555473
v 0.05754897 0.04713297 0.06889690
v 0.05351650 0.05218835 0.06568848
v 0.05785191 0.05017017 0.05675492
v 0.05698898 0.05039688 0.05862968
v 0.05863319 0.05002553 0.05509300
v 0.08237652 0.04886164 0.02224476
v 0.08110379 0.05059337 0.02298372
v 0.07369737 0.05037244 0.03163527
v 0.08771348 -0.00000001 0.02255896
v 0.08763839 0.01012514 0.02248271
v 0.08608004 -0.00000001 0.02493365
v 0.07684734 0.00832302 0.04392781
v 0.07688615 -0.00000004 0.04458030
v 0.07974972 -0.00000003 0.03663633
v 0.07421707 -0.00000005 0.06009832
v 0.07771219 0.04577595 0.02901267
v 0.06427508 0.05006924 0.04451030
v 0.06858087 0.05021577 0.03822218
v 0.08001461 0.03768963 0.02909065
v 0.08622050 0.03085995 0.02234375
v 0.08164475 0.02889991 0.02918164
v 0.07600990 0.03533919 0.03616589
v 0.07014567 0.04037416 0.04351528
v 0.06753797 0.03820599 0.05143590
v 0.07271989 0.03321829 0.04361615
v 0.07778976 0.02709266 0.03627324
v 0.08267967 0.01947211 0.02928497
v 0.05271101 0.05193793 0.07900003
v 0.05745085 0.04664118 0.07900002
v 0.05787256 0.04759871 0.06423890
v 0.06535630 0.03529808 0.06896558
v 0.06593903 0.03650763 0.05988635
v 0.06886676 0.02988802 0.05995312
v 0.05619083 0.05067309 0.06039501
v 0.05923426 0.04909348 0.05546612
v 0.06319730 0.04346251 0.05551806
v 0.06660610 0.03729437 0.05559201
v 0.07029462 0.03138338 0.05152498
v 0.07469413 0.02545152 0.04371940
v 0.07897697 0.01824876 0.03638902
v 0.08319638 0.00947466 0.02940088
v 0.08328564 -0.00000002 0.02951762
v 0.07246794 0.02400654 0.05160801
v 0.07606953 0.01713093 0.04382303
v 0.07961107 0.00887466 0.03651373
v 0.08091462 -0.00000002 0.03407339
v 0.07391801 0.00737465 0.06007943
v 0.07084116 0.02178906 0.06903595
v 0.07397628 -0.00000004 0.06765143
v 0.07365834 0.00697609 0.06906525
v 0.07260702 0.01451240 0.06905571
v 0.07400000 -0.00000000 0.07899998
v 0.07370456 0.00660228 0.07899999
v 0.07310614 0.01146634 0.07900000
v 0.07097570 0.02093807 0.07900000
v 0.07044420 0.02266210 0.07900000
v 0.04389155 0.06277876 0.05553120
v 0.04308439 0.06205850 0.05983474
v 0.04874327 0.05796293 0.05978407
v 0.05106023 0.05531578 0.06223813
v 0.00758718 0.07359580 0.06906534
v 0.00790611 0.07385789 0.06007804
v 0.01452215 0.07256105 0.07900000
v 0.02161885 0.07077131 0.07900000
v 0.02228848 0.07066729 0.06903961
v 0.00729663 0.07363907 0.07899999
v 0.01039240 0.07326645 0.07900000
v 0.04244360 0.06159547 0.06428896
v 0.02923229 0.06817596 0.06901184
v 0.03580229 0.06505755 0.06897435
v 0.03690459 0.06562583 0.05989865
v 0.04195219 0.06135608 0.06893478
v 0.03849928 0.06717593 0.05144707
v 0.00920105 0.07955667 0.03650197
v 0.00974167 0.08314233 0.02938957
v 0.00871267 0.07679130 0.04391851
v 0.00827974 0.07488202 0.05174451
v 0.01504570 0.07248744 0.06905697
v 0.02312202 0.07103330 0.06001288
v 0.01564691 0.07278968 0.06005094
v 0.02418312 0.07227590 0.05160984
v 0.01637793 0.07390448 0.05168001
v 0.02547273 0.07446933 0.04371747
v 0.01724395 0.07593565 0.04381665
v 0.02695832 0.07752692 0.03626813
v 0.01823048 0.07882866 0.03638006
v 0.02860648 0.08134639 0.02917529
v 0.01932338 0.08251689 0.02927588
v 0.03023587 0.06863052 0.05996178
v 0.03158852 0.07002335 0.05153184
v 0.04056287 0.06971397 0.04352260
v 0.03328155 0.07239430 0.04361916
v 0.04300453 0.07309119 0.03607109
v 0.03525672 0.07562344 0.03616494
v 0.04572811 0.07714084 0.02901187
v 0.03745294 0.07957333 0.02908719
v 0.04867072 0.08176449 0.02224274
v 0.03983424 0.08417652 0.02228583
v 0.04995610 0.05920917 0.05366109
v 0.05060687 0.08102507 0.02231879
v 0.02847956 0.06830018 0.07900001
v 0.03232711 0.06656516 0.07900002
v 0.03507521 0.06515884 0.07900002
v 0.04225418 0.06075021 0.07900002
v 0.04718056 0.05700871 0.07900003
v 0.05115350 0.05347258 0.07900003
v 0.05099411 0.08694554 0.01600041
v 0.05154961 0.08569839 0.01599990
v 0.05149970 0.08613594 0.01600104
v 0.05130025 0.07903969 0.02314089
v 0.05125941 0.07923613 0.02331213
v 0.05116810 0.07580330 0.02692520
v 0.05098545 0.07218730 0.03168396
v 0.05053375 0.06269402 0.04509046
v 0.05069622 0.06559990 0.04043784
v 0.05069191 0.06566287 0.04047948
v 0.05072749 0.06620102 0.03954234
v 0.05100580 0.07204425 0.03157277
v 0.05063099 0.07264916 0.03203323
v 0.05040206 0.06617896 0.04081203
v 0.05028068 0.06325740 0.04541003
v 0.05014983 0.06065081 0.05018810
v 0.05085729 0.07965401 0.02366517
v 0.05135377 0.08653197 0.01599951
v 0.05110615 0.07947070 0.02351283
v 0.05085882 0.07244182 0.03187883
v 0.05060064 0.06594121 0.04066110
v 0.05046206 0.06300157 0.04526723
v 0.05048107 0.06183659 0.04659899
v 0.05031348 0.06037579 0.05006036
v 0.05036474 0.06010408 0.04993030
v 0.08752156 0.05116569 0.01599996
v 0.08727939 0.05133998 0.01599996
v 0.06400119 0.06235408 0.01599990
v 0.06460407 0.06010408 0.01599990
v 0.06400119 0.05785407 0.01599990
v 0.06235408 0.05620696 0.01599990
v 0.05620696 0.05785407 0.01599990
v 0.05405516 0.05405516 0.01599990
v 0.05785407 0.05620696 0.01599990
v 0.05686770 0.05218545 0.01599990
v 0.06010408 0.05560408 0.01599990
v 0.06010408 0.05154961 0.01599990
v 0.08642046 0.05154961 0.01599990
v 0.08692461 0.05148312 0.01599991
v 0.06235408 0.06400119 0.01599990
v 0.06010408 0.06460407 0.01599990
v 0.05785407 0.06400119 0.01599990
v 0.05620696 0.06235408 0.01599990
v 0.05560408 0.06010408 0.01599990
v 0.05154961 0.06010408 0.01599990
v 0.05218545 0.05686770 0.01599990
v 0.05831618 0.05037462 0.05431242
v 0.05846744 0.05036054 0.05395928
v 0.06010408 0.05035432 0.05022868
v 0.05284665 0.05279173 0.06605603
v 0.05310562 0.05254820 0.06595723
v 0.05315392 0.05250545 0.06592121
v 0.05343752 0.05226946 0.06561572
v 0.05345356 0.05225683 0.06559416
v 0.05362111 0.05212903 0.06534579
v 0.05386417 0.05195611 0.06492138
v 0.05514708 0.05123328 0.06202884
v 0.05527597 0.05117507 0.06171174
v 0.05660474 0.05069814 0.05841944
v 0.05073617 0.05649233 0.05854129
v 0.05128945 0.05503545 0.06220607
v 0.05259399 0.05305548 0.06597731
v 0.05213715 0.05361241 0.06532262
v 0.05174021 0.05420161 0.06417745
v 0.05035636 0.05999021 0.05018936
v 0.05033590 0.05953725 0.05122674
v 0.05039482 0.05820124 0.05435808
v 0.06267254 0.05051898 0.04551350
v 0.06578574 0.05068893 0.04064666
v 0.07244514 0.05100032 0.03172964
v 0.06277816 0.05052517 0.04533619
v 0.06519193 0.05065822 0.04152599
v 0.07540779 0.05112639 0.02811940
v 0.07962555 0.05129703 0.02323307
v 0.07981831 0.05125719 0.02340320
v 0.08023559 0.05085583 0.02376035
v 0.07303967 0.05063213 0.03219355
v 0.06635140 0.05040440 0.04102295
v 0.06332793 0.05028194 0.04565616
v 0.06063825 0.05014853 0.05048509
v 0.06036135 0.05030789 0.05035402
v 0.06307084 0.05045920 0.04550876
v 0.07257866 0.05098194 0.03183597
v 0.08005241 0.05110462 0.02360610
v 0.07283222 0.05085814 0.03203504
v 0.06611291 0.05059941 0.04086694
v 0.05061357 0.05670177 0.05864908
v 0.05045381 0.05739922 0.05693734
v 0.05098375 0.05558427 0.06142640
v 0.05546559 0.05102792 0.06182533
v 0.05880711 0.05007740 0.05455824
v 0.05681497 0.05057822 0.05852868
v 0.05028271 0.05884717 0.05348060
v 0.05007509 0.05911800 0.05361431
v 0.05854328 0.05029308 0.05442328
v 0.04735100 -0.05735461 0.06890400
v 0.05261324 -0.05260222 0.06888819
v 0.05193834 -0.05271060 0.07900003
v 0.04251509 -0.07327721 0.03607684
v 0.04970044 -0.07010850 0.03599724
v 0.04686289 -0.06663874 0.04344204
v 0.06656440 -0.03232868 0.07900002
v 0.06538475 -0.03465227 0.07900002
v 0.06525623 -0.03548738 0.06896433
v 0.07960884 -0.00893200 0.03651295
v 0.07391407 -0.00742259 0.06007928
v 0.00941574 -0.08761110 0.02248232
v 0.01967860 -0.08707160 0.02240776
v 0.03917721 -0.08432163 0.02228930
v 0.06083763 -0.04991725 0.05057540
v 0.06407586 -0.04467186 0.05135223
v 0.06306504 -0.04367330 0.05551572
v 0.06350736 -0.05003809 0.04575489
v 0.06499266 -0.05009495 0.04338970
v 0.06682398 -0.04711628 0.04342582
v 0.07316843 -0.05035643 0.03228744
v 0.07589144 -0.05043681 0.02898311
v 0.07763235 -0.04600571 0.02901058
v 0.08619814 -0.03103395 0.02234268
v 0.08717088 -0.02092297 0.02240740
v 0.08763692 -0.01019048 0.02248223
v 0.08460968 -0.04045203 0.02228801
v 0.08034023 -0.05056682 0.02384356
v 0.08229648 -0.04910658 0.02224359
v 0.05850146 -0.05004440 0.05537023
v 0.05905666 -0.04931689 0.05546464
v 0.05784349 -0.05017088 0.05677194
v 0.05824554 -0.04846906 0.05977452
v 0.05753796 -0.05024353 0.05743117
v 0.05364679 -0.05208543 0.06552248
v 0.05431370 -0.05161941 0.06441174
v 0.05768997 -0.04782375 0.06423781
v 0.05468098 -0.05139626 0.06368398
v 0.05491989 -0.05126215 0.06318506
v 0.05568558 -0.05088437 0.06151576
v 0.05608207 -0.05071671 0.06063488
v 0.05300488 -0.05262909 0.06611193
v 0.05736313 -0.04736079 0.06889609
v 0.05352535 -0.05218018 0.06567972
v 0.04811212 -0.08194556 0.02224524
v 0.05060295 -0.08073349 0.02264119
v 0.05037965 -0.07342273 0.03130673
v 0.00754474 -0.07493740 0.05175015
v 0.07365425 -0.00702165 0.06906521
v 0.08319467 -0.00953584 0.02940015
v 0.08267053 -0.01958807 0.02928366
v 0.08162104 -0.02906299 0.02917991
v 0.07996782 -0.03789097 0.02908863
v 0.07896616 -0.01835752 0.03638759
v 0.07776323 -0.02724565 0.03627124
v 0.07595989 -0.03552810 0.03616344
v 0.07351565 -0.04314324 0.03606565
v 0.07037611 -0.05005225 0.03598611
v 0.06651191 -0.05014850 0.04112375
v 0.07684445 -0.00837685 0.04392717
v 0.07605667 -0.01723320 0.04382180
v 0.07466406 -0.02559554 0.04371755
v 0.07266551 -0.03339629 0.04361369
v 0.07005950 -0.04057787 0.04351242
v 0.06744692 -0.03840071 0.05143328
v 0.06651253 -0.03748607 0.05558965
v 0.06231721 -0.04283807 0.05981971
v 0.06183469 -0.04216916 0.06427559
v 0.06158531 -0.04164920 0.06892440
v 0.06584302 -0.03669740 0.05988431
v 0.06074922 -0.04225561 0.07900002
v 0.05725804 -0.04687767 0.07900003
v 0.05347138 -0.05115476 0.07900003
v 0.07023556 -0.03155276 0.05152290
v 0.07243434 -0.02414311 0.05160660
v 0.07401183 -0.01622723 0.05168178
v 0.07493657 -0.00787275 0.05174933
v 0.06834194 -0.02889894 0.06900453
v 0.06880360 -0.03005171 0.05995163
v 0.07080333 -0.02191647 0.06903550
v 0.07116953 -0.02291775 0.06000769
v 0.07259009 -0.01460088 0.06905553
v 0.07288978 -0.01535192 0.06004995
v 0.07370066 -0.00664570 0.07899999
v 0.07326621 -0.01039410 0.07900000
v 0.07267834 -0.01392329 0.07900000
v 0.07077080 -0.02162053 0.07900000
v 0.06849978 -0.02799607 0.07900001
v 0.04353391 -0.06300237 0.05553525
v 0.04929742 -0.05897761 0.05547689
v 0.04845314 -0.05819581 0.05978620
v 0.05102107 -0.05539604 0.06205899
v 0.05181956 -0.05401415 0.06490786
v 0.00691234 -0.07365941 0.06906573
v 0.00720403 -0.07391911 0.06008006
v 0.01443000 -0.07260767 0.06905799
v 0.00664570 -0.07370065 0.07899999
v 0.01146673 -0.07310608 0.07900000
v 0.01392329 -0.07267834 0.07900000
v 0.02266273 -0.07044400 0.07900000
v 0.03330327 -0.06608211 0.07900002
v 0.02799607 -0.06849978 0.07900001
v 0.02874701 -0.06837562 0.06901420
v 0.02173654 -0.07083298 0.06904132
v 0.02255414 -0.07119319 0.06001628
v 0.01500937 -0.07290566 0.06005358
v 0.01571145 -0.07401127 0.05168557
v 0.00793879 -0.07683849 0.04392787
v 0.03648169 -0.06584062 0.05990297
v 0.04273015 -0.06228635 0.05983832
v 0.04209043 -0.06182767 0.06429196
v 0.04781080 -0.05766427 0.06424808
v 0.04687767 -0.05725804 0.07900002
v 0.04314168 -0.06012321 0.07900002
v 0.04159789 -0.06159240 0.06893703
v 0.04096709 -0.06162544 0.07900002
v 0.03538370 -0.06528049 0.06897698
v 0.01853283 -0.08258914 0.02928486
v 0.02790056 -0.08145797 0.02918264
v 0.02629533 -0.07764903 0.03627648
v 0.03467979 -0.07578022 0.03617205
v 0.03273912 -0.07256293 0.04362620
v 0.04010288 -0.06990840 0.04352871
v 0.03806222 -0.06738053 0.05145264
v 0.04449815 -0.06397543 0.05137152
v 0.04991221 -0.05982953 0.05236279
v 0.05025934 -0.05748386 0.05738123
v 0.02974075 -0.06882299 0.05996590
v 0.02359088 -0.07242488 0.05161554
v 0.01654153 -0.07603040 0.04382502
v 0.00838295 -0.07959511 0.03651344
v 0.04520517 -0.07732179 0.02901636
v 0.02964935 -0.08600277 0.02234349
v 0.03683724 -0.07972145 0.02909310
v 0.05021435 -0.06831767 0.03804866
v 0.05007058 -0.06420694 0.04421692
v 0.04991789 -0.06084616 0.05027480
v 0.00887461 -0.08317383 0.02940041
v 0.01748629 -0.07891095 0.03638983
v 0.02484823 -0.07460485 0.04372511
v 0.03107406 -0.07020464 0.05153772
v 0.05238461 -0.05327838 0.06592045
v 0.05270535 -0.05292494 0.06613038
v 0.06578571 -0.05068893 0.04064680
v 0.06277813 -0.05052517 0.04533622
v 0.06519026 -0.05065814 0.04152852
v 0.06063811 -0.05014865 0.05048502
v 0.06332778 -0.05028206 0.04565613
v 0.06635121 -0.05040453 0.04102299
v 0.07303945 -0.05063227 0.03219362
v 0.08023539 -0.05085599 0.02376042
v 0.08765785 -0.05101041 0.01599993
v 0.07244507 -0.05100031 0.03172982
v 0.07257826 -0.05098200 0.03183589
v 0.07542440 -0.05112708 0.02809964
v 0.07981793 -0.05125728 0.02340311
v 0.07962542 -0.05129702 0.02323320
v 0.08685853 -0.05149987 0.01599996
v 0.08641989 -0.05154961 0.01599990
v 0.06036111 -0.05030797 0.05035390
v 0.06010408 -0.05035432 0.05022868
v 0.06307060 -0.05045930 0.04550866
v 0.06611263 -0.05059953 0.04086692
v 0.07283191 -0.05085828 0.03203503
v 0.08005212 -0.05110478 0.02360610
v 0.08725862 -0.05135129 0.01600000
v 0.05114973 -0.05534356 0.06143652
v 0.05100351 -0.05553514 0.06154805
v 0.05016094 -0.06063775 0.05018215
v 0.05008521 -0.05881011 0.05432311
v 0.05201618 -0.05378028 0.06503116
v 0.05230083 -0.05339968 0.06563720
v 0.05250372 -0.05315680 0.06590229
v 0.05276763 -0.05287125 0.06605130
v 0.05303939 -0.05260812 0.06599808
v 0.05345726 -0.05225392 0.06558912
v 0.05397085 -0.05188446 0.06471570
v 0.05472434 -0.05144106 0.06305099
v 0.05732015 -0.05046281 0.05730942
v 0.05561266 -0.05096815 0.06146744
v 0.05909206 -0.05026577 0.05315878
v 0.05936672 -0.05006503 0.05329509
v 0.05889713 -0.05047639 0.05305597
v 0.05106143 -0.05555468 0.06090474
v 0.05058330 -0.05681800 0.05836199
v 0.05038259 -0.05831755 0.05408082
v 0.05030097 -0.05854539 0.05419013
v 0.05033870 -0.05963866 0.05099350
v 0.05032549 -0.06034090 0.05004385
v 0.05036474 -0.06010408 0.04993030
v 0.05654930 -0.05071386 0.05855577
v 0.05085647 -0.07965431 0.02366563
v 0.05110570 -0.07947103 0.02351334
v 0.05085843 -0.07244229 0.03187936
v 0.05046179 -0.06300224 0.04526744
v 0.05060032 -0.06594180 0.04066142
v 0.05069187 -0.06566328 0.04047969
v 0.05134084 -0.08655472 0.01600047
v 0.05125927 -0.07923634 0.02331253
v 0.05147271 -0.08623750 0.01600114
v 0.05154961 -0.08569866 0.01599990
v 0.05114667 -0.08681811 0.01600046
v 0.05028003 -0.06325812 0.04541025
v 0.05040136 -0.06617958 0.04081235
v 0.05063022 -0.07264963 0.03203375
v 0.05130024 -0.07903958 0.02314102
v 0.05116874 -0.07581896 0.02690666
v 0.05098535 -0.07218762 0.03168438
v 0.05100580 -0.07204401 0.03157276
v 0.05072774 -0.06620600 0.03953519
v 0.05047983 -0.06181696 0.04663455
v 0.05053375 -0.06269408 0.04509031
v 0.05069622 -0.06559994 0.04043780
v 0.06010408 -0.06460407 0.01599990
v 0.05785407 -0.06400119 0.01599990
v 0.05620696 -0.06235408 0.01599990
v 0.05620696 -0.05785407 0.01599990
v 0.05217784 -0.05688637 0.01599990
v 0.05560408 -0.06010408 0.01599990
v 0.05154961 -0.06010408 0.01599990
v 0.06460407 -0.06010408 0.01599990
v 0.06400119 -0.06235408 0.01599990
v 0.06400119 -0.05785407 0.01599990
v 0.06235408 -0.06400119 0.01599990
v 0.06235408 -0.05620696 0.01599990
v 0.06010408 -0.05560408 0.01599990
v 0.06010408 -0.05154961 0.01599990
v 0.05785407 -0.05620696 0.01599990
v 0.05681181 -0.05220852 0.01599990
v 0.05402672 -0.05408373 0.01599990
v 0.01322997 -0.07077406 0.07900000
v -0.07169286 0.00664332 0.07900000
v -0.01322997 -0.07077406 0.07900000
v -0.02600940 -0.06713800 0.07900000
v -0.07169286 -0.00664332 0.07900000
v -0.06445175 0.03209316 0.07900000
v -0.04850608 0.05320864 0.07900000
v -0.02600940 0.06713800 0.07900000
v -0.01322997 0.07077406 0.07900000
v 0.05745724 -0.04338969 0.07900000
v 0.06445175 -0.03209316 0.07900000
v 0.04850608 -0.05320864 0.07900000
v 0.02600940 -0.06713800 0.07900000
v -0.04850608 -0.05320864 0.07900000
v -0.06925145 -0.01970373 0.07900000
v -0.06445175 -0.03209316 0.07900000
v -0.05745724 0.04338969 0.07900000
v 0.07169286 0.00664332 0.07900000
v 0.07169286 -0.00664332 0.07900000
v -0.03790312 -0.06121564 0.07900000
v -0.05745724 -0.04338969 0.07900000
v -0.06925145 0.01970373 0.07900000
v -0.03790312 0.06121564 0.07900000
v 0.03790312 -0.06121564 0.07900000
v 0.00000000 -0.07200000 0.07900000
v 0.01322997 0.07077406 0.07900000
v -0.00000000 0.07200000 0.07900000
v 0.02600940 0.06713800 0.07900000
v 0.04850608 0.05320864 0.07900000
v 0.03790312 0.06121564 0.07900000
v 0.06925145 -0.01970373 0.07900000
v 0.05745724 0.04338969 0.07900000
v 0.06445175 0.03209316 0.07900000
v 0.06925145 0.01970373 0.07900000
v 0.00000000 -0.07200000 0.07700000
v -0.01322997 -0.07077406 0.07700000
v -0.02600940 -0.06713800 0.07700000
v -0.03790312 -0.06121564 0.07700000
v -0.04850608 -0.05320864 0.07700000
v -0.05745724 -0.04338969 0.07700000
v -0.06445175 -0.03209316 0.07700000
v -0.06925145 -0.01970373 0.07700000
v -0.07169286 -0.00664332 0.07700000
v -0.07169286 0.00664332 0.07700000
v -0.06925145 0.01970373 0.07700000
v -0.06445175 0.03209316 0.07700000
v -0.05745724 0.04338969 0.07700000
v -0.04850608 0.05320864 0.07700000
v -0.03790312 0.06121564 0.07700000
v -0.02600940 0.06713800 0.07700000
v -0.01322997 0.07077406 0.07700000
v 0.00000000 0.07200000 0.07700000
v 0.01322997 0.07077406 0.07700000
v 0.02600940 0.06713800 0.07700000
v 0.03790312 0.06121564 0.07700000
v 0.04850608 0.05320864 0.07700000
v 0.05745724 0.04338969 0.07700000
v 0.06445175 0.03209316 0.07700000
v 0.06925145 0.01970373 0.07700000
v 0.07169286 0.00664332 0.07700000
v 0.07169286 -0.00664332 0.07700000
v 0.06925145 -0.01970373 0.07700000
v 0.06445175 -0.03209316 0.07700000
v 0.05745724 -0.04338969 0.07700000
v 0.04850608 -0.05320864 0.07700000
v 0.03790312 -0.06121564 0.07700000
v 0.02600940 -0.06713800 0.07700000
v 0.01322997 -0.07077406 0.07700000
v -0.00400000 -0.08500000 0.00050000
v -0.00360388 -0.08326446 0.00050000
v -0.00249396 -0.08187267 0.00050000
v -0.00089008 -0.08110029 0.00050000
v 0.00089008 -0.08110029 0.00050000
v 0.00249396 -0.08187267 0.00050000
v 0.00360388 -0.08326446 0.00050000
v 0.00400000 -0.08500000 0.00050000
v 0.00360388 -0.08673553 0.00050000
v 0.00249396 -0.08812732 0.00050000
v 0.00089008 -0.08889971 0.00050000
v -0.00089008 -0.08889971 0.00050000
v -0.00249396 -0.08812732 0.00050000
v -0.00360388 -0.08673553 0.00050000
v 0.00400000 -0.08500000 0.01000000
v 0.00360388 -0.08673553 0.01000000
v 0.00249396 -0.08812732 0.01000000
v 0.00089008 -0.08889971 0.01000000
v -0.00089008 -0.08889971 0.01000000
v -0.00249396 -0.08812732 0.01000000
v -0.00360388 -0.08673553 0.01000000
v -0.00400000 -0.08500000 0.01000000
v -0.00360388 -0.08326446 0.01000000
v -0.00249396 -0.08187267 0.01000000
v -0.00089008 -0.08110029 0.01000000
v 0.00089008 -0.08110029 0.01000000
v 0.00249396 -0.08187267 0.01000000
v 0.00360388 -0.08326446 0.01000000
v 0.00400000 0.08400000 0.00050000
v 0.00346410 0.08200000 0.00050000
v 0.00200000 0.08053590 0.00050000
v 0.00000000 0.08000000 0.00050000
v -0.00200000 0.08053590 0.00050000
v -0.00346410 0.08200000 0.00050000
v -0.00400000 0.08400000 0.00050000
v -0.00400000 0.08600000 0.00050000
v -0.00346410 0.08800000 0.00050000
v -0.00200000 0.08946410 0.00050000
v 0.00000000 0.09000000 0.00050000
v 0.00200000 0.08946410 0.00050000
v 0.00346410 0.08800000 0.00050000
v 0.00400000 0.08600000 0.00050000
v 0.00400000 0.08600000 0.01000000
v 0.00400000 0.08400000 0.01000000
v 0.00346410 0.08200000 0.01000000
v 0.00200000 0.08053590 0.01000000
v 0.00000000 0.08000000 0.01000000
v -0.00200000 0.08053590 0.01000000
v -0.00346410 0.08200000 0.01000000
v -0.00400000 0.08400000 0.01000000
v -0.00400000 0.08600000 0.01000000
v -0.00346410 0.08800000 0.01000000
v -0.00200000 0.08946410 0.01000000
v 0.00000000 0.09000000 0.01000000
v 0.00200000 0.08946410 0.01000000
v 0.00346410 0.08800000 0.01000000
v -0.09170000 -0.00125000 0.04025000
v -0.09170000 -0.00112621 0.04079235
v -0.09170000 -0.00077936 0.04122729
v -0.09170000 -0.00027815 0.04146866
v -0.09170000 0.00027815 0.04146866
v -0.09170000 0.00077936 0.04122729
v -0.09170000 0.00112621 0.04079235
v -0.09170000 0.00125000 0.04025000
v -0.09170000 0.00000000 0.03900000
v -0.09170000 0.00027815 0.03903134
v -0.09170000 0.00108253 0.03962500
v -0.09170000 0.00077936 0.03927271
v -0.09170000 0.00062500 0.03916747
v -0.09170000 -0.00115485 0.03977164
v -0.09170000 -0.00088388 0.03936611
v -0.09170000 -0.00077936 0.03927271
v -0.09170000 -0.00027815 0.03903134
v -0.09170000 -0.00047835 0.03909515
v -0.08450000 -0.00125000 0.04025000
v -0.08450000 -0.00112621 0.03970764
v -0.08450000 0.00125000 0.04025000
v -0.08450000 0.00112621 0.03970764
v -0.08450000 0.00077936 0.03927271
v -0.08450000 0.00027815 0.03903134
v -0.08450000 -0.00027815 0.03903134
v -0.08450000 -0.00077936 0.03927271
v -0.08450000 -0.00108253 0.04087500
v -0.08450000 -0.00077936 0.04122729
v -0.08450000 -0.00062500 0.04133253
v -0.08450000 -0.00027815 0.04146866
v -0.08450000 0.00000000 0.04150000
v -0.08450000 0.00027815 0.04146866
v -0.08450000 0.00062500 0.04133253
v -0.08450000 0.00077936 0.04122729
v -0.08450000 0.00108253 0.04087500
v -0.08374892 0.00000000 0.04025000
v -0.09170000 -0.00125000 0.01025000
v -0.09170000 -0.00108253 0.00962500
v -0.09170000 -0.00077936 0.00927271
v -0.09170000 -0.00062500 0.00916747
v -0.09170000 -0.00027815 0.00903134
v -0.09170000 0.00000000 0.00900000
v -0.08450000 -0.00125000 0.01025000
v -0.08450000 -0.00108253 0.00962500
v -0.08450000 -0.00077936 0.00927271
v -0.08450000 -0.00062500 0.00916747
v -0.08450000 -0.00027815 0.00903134
v -0.08450000 0.00000000 0.00900000
v -0.09170000 0.00027815 0.00903134
v -0.08450000 0.00027815 0.00903134
v -0.09170000 0.00047835 0.00909515
v -0.08450000 0.00062500 0.00916747
v -0.09170000 0.00077936 0.00927271
v -0.08450000 0.00077936 0.00927271
v -0.09170000 0.00088388 0.00936612
v -0.08450000 0.00108253 0.00962500
v -0.09170000 0.00115485 0.00977164
v -0.08450000 0.00125000 0.01025000
v -0.09170000 0.00125000 0.01025000
v -0.09170000 0.00112621 0.01079236
v -0.08450000 0.00112621 0.01079236
v -0.09170000 0.00077936 0.01122729
v -0.08450000 0.00077936 0.01122729
v -0.09170000 0.00027815 0.01146866
v -0.08450000 0.00027815 0.01146866
v -0.09170000 -0.00027815 0.01146866
v -0.08450000 -0.00027815 0.01146866
v -0.09170000 -0.00077936 0.01122729
v -0.08450000 -0.00077936 0.01122729
v -0.09170000 -0.00112621 0.01079236
v -0.08450000 -0.00112621 0.01079236
v -0.08374892 0.00000000 0.01025000
v -0.07125751 0.00975000 0.03700000
v -0.07121959 0.01001994 0.03698170
v -0.07108542 0.01093820 0.03660879
v -0.07115967 0.01044204 0.03687645
v -0.07099179 0.01153011 0.03591171
v -0.07104979 0.01116383 0.03641460
v -0.07125751 -0.00975000 0.03700000
v -0.07192145 0.00000000 0.03700000
v -0.07095897 -0.01172834 0.03529354
v -0.07097615 -0.01162624 0.03569261
v -0.07101047 -0.01141320 0.03611075
v -0.07112285 -0.01068529 0.03676783
v 0.07072541 -0.04250000 0.00050000
v 0.07000372 -0.04125000 0.00050000
v 0.07072541 -0.04250000 0.00230000
v 0.07000372 -0.04125000 0.00230000
v 0.07072541 -0.04000000 0.00050000
v 0.07072541 -0.04000000 0.00230000
v 0.07216878 -0.04000000 0.00050000
v 0.07216878 -0.04000000 0.00230000
v 0.07289047 -0.04125000 0.00050000
v 0.07289047 -0.04125000 0.00230000
v 0.07216878 -0.04250000 0.00050000
v 0.07216878 -0.04250000 0.00230000
v 0.06759980 -0.04234465 0.00050000
v 0.06746416 -0.04161907 0.00050000
v 0.06746416 -0.04088093 0.00050000
v 0.06759980 -0.04015535 0.00050000
v 0.06786644 -0.03946705 0.00050000
v 0.06825503 -0.03883946 0.00050000
v 0.06875231 -0.03829397 0.00050000
v 0.06934137 -0.03784913 0.00050000
v 0.07414187 -0.04420603 0.00050000
v 0.07355282 -0.04465087 0.00050000
v 0.07289206 -0.04497989 0.00050000
v 0.07218210 -0.04518189 0.00050000
v 0.07144710 -0.04525000 0.00050000
v 0.07071210 -0.04518189 0.00050000
v 0.07000213 -0.04497989 0.00050000
v 0.06934137 -0.04465087 0.00050000
v 0.06875231 -0.04420603 0.00050000
v 0.06825503 -0.04366054 0.00050000
v 0.06786644 -0.04303295 0.00050000
v 0.07218210 -0.03731811 0.00050000
v 0.07289206 -0.03752011 0.00050000
v 0.07355282 -0.03784913 0.00050000
v 0.07414187 -0.03829397 0.00050000
v 0.07543004 -0.04088093 0.00050000
v 0.07543004 -0.04161907 0.00050000
v 0.07463916 -0.03883946 0.00050000
v 0.07502775 -0.03946705 0.00050000
v 0.07529440 -0.04015535 0.00050000
v 0.07000213 -0.03752011 0.00050000
v 0.07071210 -0.03731811 0.00050000
v 0.07144710 -0.03725000 0.00050000
v 0.07529440 -0.04234465 0.00050000
v 0.07502775 -0.04303295 0.00050000
v 0.07463916 -0.04366054 0.00050000
v 0.07144710 -0.03725000 0.00080000
v 0.07218210 -0.03731811 0.00080000
v 0.07289206 -0.03752011 0.00080000
v 0.07355282 -0.03784913 0.00080000
v 0.07414187 -0.03829397 0.00080000
v 0.07463916 -0.03883946 0.00080000
v 0.07502775 -0.03946705 0.00080000
v 0.07529440 -0.04015535 0.00080000
v 0.07543004 -0.04088093 0.00080000
v 0.07543004 -0.04161907 0.00080000
v 0.07529440 -0.04234465 0.00080000
v 0.07502775 -0.04303295 0.00080000
v 0.07463916 -0.04366054 0.00080000
v 0.07414187 -0.04420603 0.00080000
v 0.07355282 -0.04465087 0.00080000
v 0.07289206 -0.04497989 0.00080000
v 0.07218210 -0.04518189 0.00080000
v 0.07144710 -0.04525000 0.00080000
v 0.07071210 -0.04518189 0.00080000
v 0.07000213 -0.04497989 0.00080000
v 0.06934137 -0.04465087 0.00080000
v 0.06875231 -0.04420603 0.00080000
v 0.06825503 -0.04366054 0.00080000
v 0.06786644 -0.04303295 0.00080000
v 0.06759980 -0.04234465 0.00080000
v 0.06746416 -0.04161907 0.00080000
v 0.06746416 -0.04088093 0.00080000
v 0.06759980 -0.04015535 0.00080000
v 0.06786644 -0.03946705 0.00080000
v 0.06825503 -0.03883946 0.00080000
v 0.06875231 -0.03829397 0.00080000
v 0.06934137 -0.03784913 0.00080000
v 0.07000213 -0.03752011 0.00080000
v 0.07071210 -0.03731811 0.00080000
v 0.07092946 -0.03931815 0.00280000
v 0.07107960 -0.03928405 0.00280000
v 0.07144710 -0.03925000 0.00280000
v 0.07072461 -0.03938505 0.00280000
v 0.07044709 -0.03951795 0.00280000
v 0.07039423 -0.03954957 0.00280000
v 0.07009970 -0.03977198 0.00280000
v 0.06951524 -0.04073236 0.00280000
v 0.06952345 -0.04070267 0.00280000
v 0.06965677 -0.04035852 0.00280000
v 0.06971505 -0.04025000 0.00280000
v 0.06985106 -0.04004473 0.00280000
v 0.07003288 -0.03983578 0.00280000
v 0.06945563 -0.04106546 0.00280000
v 0.06944709 -0.04125000 0.00280000
v 0.06945563 -0.04143454 0.00280000
v 0.06951524 -0.04176764 0.00280000
v 0.06952345 -0.04179733 0.00280000
v 0.06965677 -0.04214148 0.00280000
v 0.07044709 -0.04298205 0.00280000
v 0.07039423 -0.04295043 0.00280000
v 0.07009970 -0.04272802 0.00280000
v 0.07003288 -0.04266421 0.00280000
v 0.06985106 -0.04245527 0.00280000
v 0.06971505 -0.04225000 0.00280000
v 0.07072461 -0.04311495 0.00280000
v 0.07092946 -0.04318185 0.00280000
v 0.07107960 -0.04321595 0.00280000
v 0.07144710 -0.04325000 0.00280000
v 0.07144710 -0.04325000 0.01010000
v 0.07092946 -0.04318185 0.01010000
v 0.07044709 -0.04298205 0.01010000
v 0.07003288 -0.04266421 0.01010000
v 0.06971505 -0.04225000 0.01010000
v 0.06951524 -0.04176764 0.01010000
v 0.06944709 -0.04125000 0.01010000
v 0.06951524 -0.04073236 0.01010000
v 0.06971505 -0.04025000 0.01010000
v 0.07003288 -0.03983578 0.01010000
v 0.07044709 -0.03951795 0.01010000
v 0.07092946 -0.03931815 0.01010000
v 0.07144710 -0.03925000 0.01010000
v 0.07181460 -0.03928405 0.00280000
v 0.07196473 -0.03931815 0.01010000
v 0.07196473 -0.03931815 0.00280000
v 0.07216958 -0.03938505 0.00280000
v 0.07244710 -0.03951795 0.01010000
v 0.07244710 -0.03951795 0.00280000
v 0.07249996 -0.03954957 0.00280000
v 0.07286131 -0.03983578 0.01010000
v 0.07279449 -0.03977198 0.00280000
v 0.07317915 -0.04025000 0.01010000
v 0.07304313 -0.04004473 0.00280000
v 0.07286131 -0.03983578 0.00280000
v 0.07337075 -0.04070267 0.00280000
v 0.07323742 -0.04035852 0.00280000
v 0.07317915 -0.04025000 0.00280000
v 0.07337895 -0.04073236 0.00280000
v 0.07337895 -0.04073236 0.01010000
v 0.07343856 -0.04106546 0.00280000
v 0.07344709 -0.04125000 0.01010000
v 0.07344709 -0.04125000 0.00280000
v 0.07343856 -0.04143454 0.00280000
v 0.07337895 -0.04176764 0.01010000
v 0.07337895 -0.04176764 0.00280000
v 0.07337075 -0.04179733 0.00280000
v 0.07317915 -0.04225000 0.01010000
v 0.07323742 -0.04214148 0.00280000
v 0.07286131 -0.04266421 0.01010000
v 0.07304313 -0.04245527 0.00280000
v 0.07317915 -0.04225000 0.00280000
v 0.07244710 -0.04298205 0.00280000
v 0.07249996 -0.04295043 0.00280000
v 0.07244710 -0.04298205 0.01010000
v 0.07279449 -0.04272802 0.00280000
v 0.07286131 -0.04266421 0.00280000
v 0.07216958 -0.04311495 0.00280000
v 0.07196473 -0.04318185 0.01010000
v 0.07196473 -0.04318185 0.00280000
v 0.07181460 -0.04321595 0.00280000
v 0.07144710 -0.04285000 0.01050000
v 0.07186121 -0.04279548 0.01050000
v 0.07224710 -0.04263564 0.01050000
v 0.07257847 -0.04238137 0.01050000
v 0.07283273 -0.04205000 0.01050000
v 0.07299258 -0.04166411 0.01050000
v 0.07304709 -0.04125000 0.01050000
v 0.07299258 -0.04083589 0.01050000
v 0.07283273 -0.04045000 0.01050000
v 0.07257847 -0.04011863 0.01050000
v 0.07224710 -0.03986436 0.01050000
v 0.07186121 -0.03970452 0.01050000
v 0.07144710 -0.03965000 0.01050000
v 0.07031573 -0.04238137 0.01050000
v 0.07064710 -0.04263564 0.01050000
v 0.07103299 -0.04279548 0.01050000
v 0.07031573 -0.04011863 0.01050000
v 0.06990162 -0.04166411 0.01050000
v 0.07064710 -0.03986436 0.01050000
v 0.07103299 -0.03970452 0.01050000
v 0.07006145 -0.04045000 0.01050000
v 0.06990162 -0.04083589 0.01050000
v 0.06984710 -0.04125000 0.01050000
v 0.07006145 -0.04205000 0.01050000
v -0.09097325 0.00921452 0.01700000
v -0.09119198 0.00925000 0.01700000
v -0.09119212 0.00925002 0.02600000
v -0.09097312 0.00790155 0.02600000
v -0.09119185 0.00786602 0.02600000
v -0.09119198 0.00786603 0.01927817
v -0.09097325 0.00921452 0.02600000
v -0.09068545 0.00902947 0.02600000
v -0.09068545 0.00902947 0.01700000
v -0.09052149 0.00872916 0.02600000
v -0.09052149 0.00872916 0.01700000
v -0.09052145 0.00838700 0.02600000
v -0.09052145 0.00838700 0.01700000
v -0.09068535 0.00808666 0.02600000
v -0.09068535 0.00808666 0.01700000
v -0.09097312 0.00790155 0.01700000
v -0.09119200 0.00786602 0.01700000
v -0.10499999 0.00976777 0.01533224
v -0.10499999 0.00975000 0.01531464
v -0.11499999 0.00895671 0.01479030
v -0.10095002 0.00975000 0.01531464
v -0.09899999 0.00895671 0.01479030
v -0.09899999 0.00976777 0.01533224
v -0.11499999 0.00976777 0.01533224
v -0.11499999 0.01030970 0.01614329
v -0.10499999 0.01030970 0.01614329
v -0.11499999 0.01050000 0.01710000
v -0.10499999 0.01050000 0.01710000
v -0.10094999 0.00976777 0.01533224
v -0.10094999 0.01030970 0.01614329
v -0.09899999 0.01030970 0.01614329
v -0.10094999 0.01050000 0.01710000
v -0.09899999 0.01050000 0.01710000
v -0.09899999 0.00800000 0.01460000
v -0.11499999 0.00800000 0.01460000
v -0.10499996 0.00974999 0.02690001
v -0.10094996 0.00975001 0.02689999
v -0.10499999 0.01050002 0.02690000
v -0.11430000 0.01049998 0.02690000
v -0.09899998 0.00792504 0.02689996
v -0.09900000 0.01050000 0.02690000
v -0.10095000 0.01050000 0.02690000
v -0.11429998 0.00792496 0.02690004
v -0.11500004 0.01050000 0.02860000
v -0.11430004 0.01050000 0.02860000
v -0.11429999 0.00650000 0.02720000
v -0.11430000 0.00650000 0.02600000
v -0.11429999 0.00792500 0.02600000
v -0.11429999 -0.00792500 0.02600000
v -0.11429999 -0.00650000 0.02600000
v -0.11430000 -0.00792504 0.02690000
v -0.11429999 -0.00650000 0.02720000
v -0.11429994 -0.01050000 0.02860000
v -0.11429999 -0.01050002 0.02690002
v -0.09550001 0.00792500 0.01700000
v -0.09549997 0.00792501 0.02599999
v -0.09899998 0.00792500 0.01700001
v -0.09899999 0.00792499 0.02600001
v -0.10100000 0.00792500 0.01460001
v -0.09900000 0.00792500 0.01459999
v -0.10100003 0.00792503 0.01519996
v -0.11430003 0.00792497 0.01520003
v -0.11430003 0.00792500 0.01700000
v -0.11499997 0.00792500 0.02600000
v -0.11500005 0.00792500 0.01700000
v -0.09899999 0.00924998 0.02600000
v -0.09899999 0.00925000 0.01700000
v -0.09349998 0.00786602 0.02600001
v -0.09350001 0.00786602 0.01700000
v -0.09499997 0.00700000 0.02600000
v -0.09500001 0.00700000 0.01700000
v -0.09549997 0.00700000 0.02600000
v -0.09550001 0.00700000 0.01700000
v -0.09899999 -0.00792500 0.01460000
v -0.09899999 -0.00800000 0.01460000
v -0.10099999 -0.00792500 0.01460000
v -0.11499999 -0.00800000 0.01460000
v -0.09899999 -0.00792500 0.01700000
v -0.10099995 -0.00792497 0.01520000
v -0.11429995 -0.00792503 0.01520000
v -0.11429995 -0.00792500 0.01700000
v -0.09900000 -0.00792496 0.02690000
v -0.09899999 -0.00792501 0.02600000
v -0.09549999 -0.00792499 0.02600000
v -0.09549999 -0.00792500 0.01700000
v -0.11499995 -0.00792500 0.01700000
v -0.11499999 -0.00792500 0.02600000
v -0.09549999 -0.00700000 0.02600000
v -0.09549999 -0.00700000 0.01700000
v -0.09499999 -0.00700000 0.02600000
v -0.09499999 -0.00700000 0.01700000
v -0.09349998 -0.00786603 0.02600000
v -0.09349999 -0.00786602 0.01700000
v -0.09119210 -0.00786602 0.02600000
v -0.09119200 -0.00786602 0.02150000
v -0.09119198 -0.00786602 0.01700000
v -0.09090026 -0.00793052 0.02600000
v -0.09090014 -0.00918545 0.02600000
v -0.09119155 -0.00925000 0.02600000
v -0.09119187 -0.00925000 0.02150000
v -0.09090026 -0.00793052 0.01700000
v -0.09065452 -0.00812214 0.02600000
v -0.09065452 -0.00812214 0.01700000
v -0.09051777 -0.00840214 0.02600000
v -0.09051777 -0.00840214 0.01700000
v -0.09051774 -0.00871376 0.02600000
v -0.09051774 -0.00871376 0.01700000
v -0.09065444 -0.00899379 0.02600000
v -0.09065444 -0.00899379 0.01700000
v -0.09090014 -0.00918545 0.01700000
v -0.09119198 -0.00925000 0.01700000
v -0.09900001 -0.00925000 0.01700002
v -0.09899997 -0.00925002 0.02600002
v -0.09899996 -0.01050000 0.02690000
v -0.09899999 -0.00896215 0.01479257
v -0.09899999 -0.00977609 0.01534059
v -0.09899999 -0.01031641 0.01615966
v -0.09899999 -0.01050000 0.01710000
v -0.10500001 -0.01050000 0.01709997
v -0.11499999 -0.01050000 0.01710000
v -0.11499999 -0.01031641 0.01615966
v -0.10499999 -0.01031641 0.01615966
v -0.11499999 -0.00977609 0.01534059
v -0.10499999 -0.00977609 0.01534059
v -0.10094999 -0.00977609 0.01534059
v -0.10094999 -0.00975000 0.01531464
v -0.10499999 -0.00975000 0.01531464
v -0.10094999 -0.01031641 0.01615966
v -0.10095002 -0.01050000 0.01710000
v -0.11499999 -0.00896215 0.01479257
v -0.10499999 -0.00975001 0.02690000
v -0.10499997 -0.01049998 0.02689998
v -0.10094997 -0.01050000 0.02690001
v -0.10095000 -0.00974999 0.02690000
v -0.11499991 -0.01050000 0.02860001
v -0.11499999 0.00650000 0.02600000
v -0.11499999 0.00650000 0.02720000
v -0.11499999 -0.00650000 0.02720000
v -0.11499999 -0.00650000 0.02600000
v -0.09300000 -0.00000000 0.04200000
v -0.09200000 0.00000000 0.04200000
v -0.09300000 -0.00075930 0.04182670
v -0.09200000 -0.00075930 0.04182670
v -0.09300000 -0.00136821 0.04134111
v -0.09200000 -0.00136821 0.04134111
v -0.09300000 -0.00170612 0.04063941
v -0.09200000 -0.00170612 0.04063941
v -0.09300000 -0.00170612 0.03986059
v -0.09200000 -0.00170612 0.03986059
v -0.09300000 -0.00136821 0.03915889
v -0.09200000 -0.00136821 0.03915889
v -0.09300000 -0.00075930 0.03867330
v -0.09200000 -0.00075930 0.03867330
v -0.09300000 -0.00000000 0.03850000
v -0.09200000 0.00000000 0.03850000
v -0.09300000 0.00075930 0.03867330
v -0.09200000 0.00075930 0.03867330
v -0.09300000 0.00136821 0.03915889
v -0.09200000 0.00136821 0.03915889
v -0.09300000 0.00170612 0.03986059
v -0.09200000 0.00170612 0.03986059
v -0.09300000 0.00170612 0.04063941
v -0.09200000 0.00170612 0.04063941
v -0.09300000 0.00136821 0.04134111
v -0.09200000 0.00136821 0.04134111
v -0.09300000 0.00075930 0.04182670
v -0.09200000 0.00075930 0.04182670
v -0.09300000 -0.00250000 0.00591987
v -0.09300000 -0.00075930 0.00867331
v -0.09300000 -0.00129410 0.00542037
v -0.09300000 -0.00000000 0.00850000
v -0.09300000 0.00075930 0.01182669
v -0.09300000 -0.00000000 0.01200000
v -0.09300000 0.00875000 0.01450000
v -0.09300000 -0.00075930 0.01182669
v -0.09300000 -0.00875000 0.01450000
v -0.09300000 -0.00136821 0.01134111
v -0.09300000 -0.00170612 0.01063941
v -0.09300000 -0.01100000 0.01082735
v -0.09300000 -0.00170612 0.00986059
v -0.09300000 -0.00136821 0.00915889
v -0.09300000 0.00250000 0.04458012
v -0.09300000 0.00129410 0.04507963
v -0.09300000 -0.00875000 0.03600000
v -0.09300000 0.00950229 0.03585312
v -0.09299998 0.00875000 0.03600000
v -0.09300000 -0.01320555 0.03746016
v -0.09300000 -0.01224930 0.03871247
v -0.09300000 -0.01100000 0.03967265
v -0.09300000 -0.00250000 0.04458012
v -0.09300000 -0.00129410 0.04507963
v -0.09300000 -0.00000000 0.04525000
v -0.09300000 0.01224264 0.03871914
v -0.09300000 0.01100000 0.03967265
v -0.09300000 0.01319615 0.03747649
v -0.09300000 -0.00951972 0.01465405
v -0.09300000 -0.01224930 0.01178753
v -0.09300000 -0.01017086 0.01509247
v -0.09300000 -0.01320555 0.01303984
v -0.09300000 -0.01060312 0.01574772
v -0.09300000 -0.01380281 0.01449792
v -0.09300000 -0.01075000 0.01650000
v -0.09299998 -0.01400000 0.01602350
v -0.09300000 -0.01075000 0.03400000
v -0.09300002 -0.01400000 0.03447650
v -0.09300000 -0.01060135 0.03475665
v -0.09300000 -0.01380281 0.03600208
v -0.09300000 -0.01016421 0.03541421
v -0.09300000 -0.00950665 0.03585134
v -0.09300000 0.00136821 0.01134111
v -0.09300000 0.01319615 0.01302350
v -0.09300000 0.00170612 0.01063941
v -0.09300000 0.01224264 0.01178086
v -0.09300000 0.00170612 0.00986059
v -0.09300000 0.01100000 0.01082735
v -0.09300000 0.00136821 0.00915889
v -0.09300000 0.00250000 0.00591987
v -0.09300000 0.00075930 0.00867331
v -0.09300000 0.00129410 0.00542037
v -0.09300000 -0.00000000 0.00525000
v -0.09300000 0.00951537 0.01465224
v -0.09300000 0.01016421 0.01508578
v -0.09300000 0.01379555 0.01447059
v -0.09300000 0.01059776 0.01573463
v -0.09300000 0.01400000 0.01602350
v -0.09300000 0.01075000 0.01650000
v -0.09300000 0.01400000 0.03447650
v -0.09300000 0.01075000 0.03400000
v -0.09300000 0.01379555 0.03602941
v -0.09300000 0.01059595 0.03476972
v -0.09300000 0.01015753 0.03542086
v -0.09200000 0.01400000 0.03447650
v -0.09200000 0.01379555 0.03602941
v -0.09200000 0.01319615 0.03747649
v -0.09200000 0.01224264 0.03871914
v -0.09200000 0.01100000 0.03967265
v -0.09200000 0.00250000 0.04458012
v -0.09200000 0.00129410 0.04507963
v -0.09200000 0.00000000 0.04525000
v -0.09200000 -0.00129410 0.04507963
v -0.09200000 -0.00250000 0.04458012
v -0.09200000 -0.00075930 0.01182669
v -0.09200000 0.00000000 0.01200000
v -0.09200000 -0.00875000 0.01450000
v -0.09200000 0.00250000 0.00591987
v -0.09200000 0.00075930 0.00867331
v -0.09200000 0.00129410 0.00542037
v -0.09200000 0.00000000 0.00850000
v -0.09200002 -0.00875000 0.03600000
v -0.09200000 0.00875000 0.03600000
v -0.09200000 0.01224264 0.01178086
v -0.09200000 0.00170612 0.01063941
v -0.09200000 0.01100000 0.01082735
v -0.09200000 0.00170612 0.00986059
v -0.09200000 0.00136821 0.00915889
v -0.09200000 -0.01100000 0.03967265
v -0.09200000 0.00875000 0.01450000
v -0.09200000 -0.00136821 0.01134111
v -0.09200000 -0.01320555 0.01303984
v -0.09200000 -0.00170612 0.01063941
v -0.09200000 -0.01224930 0.01178753
v -0.09200000 -0.00170612 0.00986059
v -0.09200000 -0.01100000 0.01082735
v -0.09200000 -0.00136821 0.00915889
v -0.09200000 -0.00250000 0.00591987
v -0.09200000 -0.00075930 0.00867331
v -0.09200000 -0.00129410 0.00542037
v -0.09200000 0.00000000 0.00525000
v -0.09200000 0.01319615 0.01302350
v -0.09200000 0.00951537 0.01465224
v -0.09200000 0.00136821 0.01134111
v -0.09200000 0.00075930 0.01182669
v -0.09200000 -0.00950665 0.03585134
v -0.09200000 -0.01224930 0.03871247
v -0.09200000 -0.01016421 0.03541421
v -0.09200000 -0.01320555 0.03746016
v -0.09200000 -0.01060135 0.03475665
v -0.09200000 -0.01380281 0.03600208
v -0.09200002 -0.01075000 0.03400000
v -0.09200000 -0.01400000 0.03447650
v -0.09199998 -0.01075000 0.01650000
v -0.09200000 -0.01400000 0.01602350
v -0.09200000 -0.01060312 0.01574772
v -0.09200000 -0.01380281 0.01449792
v -0.09200000 -0.01017086 0.01509247
v -0.09200000 -0.00951972 0.01465405
v -0.09200000 0.00950229 0.03585312
v -0.09200000 0.01015753 0.03542086
v -0.09200000 0.01059595 0.03476972
v -0.09200000 0.01075000 0.03400000
v -0.09200000 0.01400000 0.01602350
v -0.09200000 0.01075000 0.01650000
v -0.09200000 0.01379555 0.01447059
v -0.09200000 0.01059776 0.01573463
v -0.09200000 0.01016421 0.01508578
v -0.10982887 -0.01567654 0.02764273
v -0.10949999 -0.01567654 0.02766523
v -0.10949999 -0.01560000 0.02765000
v -0.11075490 -0.01567654 0.02731362
v -0.11046222 -0.01567654 0.02746527
v -0.11045615 -0.01560000 0.02745130
v -0.11147316 -0.01567654 0.02664281
v -0.11126512 -0.01567654 0.02689852
v -0.11125400 -0.01560000 0.02688813
v -0.11186470 -0.01567654 0.02574139
v -0.11177576 -0.01567654 0.02605881
v -0.11176142 -0.01560000 0.02605371
v -0.11177576 -0.01567654 0.02444119
v -0.11186470 -0.01567654 0.02475861
v -0.11184979 -0.01560000 0.02476170
v -0.11126512 -0.01567654 0.02360148
v -0.11147316 -0.01567654 0.02385719
v -0.11146072 -0.01560000 0.02386597
v -0.11046222 -0.01567654 0.02303473
v -0.11075490 -0.01567654 0.02318638
v -0.11074699 -0.01560000 0.02319939
v -0.10949999 -0.01574142 0.02770858
v -0.10983477 -0.01574142 0.02768568
v -0.11016331 -0.01574142 0.02761741
v -0.11015161 -0.01567654 0.02757566
v -0.11047949 -0.01574142 0.02750504
v -0.11077743 -0.01574142 0.02735065
v -0.11105157 -0.01574142 0.02715715
v -0.11102421 -0.01567654 0.02712352
v -0.11129681 -0.01574142 0.02692811
v -0.11150858 -0.01574142 0.02666782
v -0.11168293 -0.01574142 0.02638110
v -0.11164443 -0.01567654 0.02636116
v -0.11181661 -0.01574142 0.02607333
v -0.11190715 -0.01574142 0.02575021
v -0.11195284 -0.01574142 0.02541778
v -0.11190958 -0.01567654 0.02541482
v -0.11195284 -0.01574142 0.02508222
v -0.11190958 -0.01567654 0.02508518
v -0.11190715 -0.01574142 0.02474979
v -0.11181661 -0.01574142 0.02442667
v -0.11168293 -0.01574142 0.02411889
v -0.11164443 -0.01567654 0.02413884
v -0.11150858 -0.01574142 0.02383219
v -0.11129681 -0.01574142 0.02357189
v -0.11105157 -0.01574142 0.02334285
v -0.11102421 -0.01567654 0.02337649
v -0.11077743 -0.01574142 0.02314934
v -0.11047949 -0.01574142 0.02299496
v -0.11016331 -0.01574142 0.02288259
v -0.11015161 -0.01567654 0.02292434
v -0.10983477 -0.01574142 0.02281432
v -0.10982887 -0.01567654 0.02285727
v -0.10949999 -0.01574142 0.02279142
v -0.10949999 -0.01567654 0.02283478
v -0.10982679 -0.01560000 0.02287236
v -0.10949999 -0.01560000 0.02285000
v -0.11045615 -0.01560000 0.02304869
v -0.11041843 -0.01560000 0.02303269
v -0.11014751 -0.01560000 0.02293900
v -0.10996821 -0.01560000 0.02289612
v -0.11125400 -0.01560000 0.02361187
v -0.11119705 -0.01560000 0.02355294
v -0.11101460 -0.01560000 0.02338829
v -0.11083336 -0.01560000 0.02325447
v -0.11176142 -0.01560000 0.02444629
v -0.11171730 -0.01560000 0.02433156
v -0.11163092 -0.01560000 0.02414585
v -0.11149552 -0.01560000 0.02391663
v -0.11189999 -0.01560000 0.02525000
v -0.11189440 -0.01560000 0.02508622
v -0.11185388 -0.01560000 0.02478178
v -0.11184979 -0.01560000 0.02573830
v -0.11185388 -0.01560000 0.02571822
v -0.11189440 -0.01560000 0.02541378
v -0.11146072 -0.01560000 0.02663404
v -0.11149552 -0.01560000 0.02658337
v -0.11163092 -0.01560000 0.02635415
v -0.11171730 -0.01560000 0.02616844
v -0.11074699 -0.01560000 0.02730061
v -0.11083336 -0.01560000 0.02724553
v -0.11101460 -0.01560000 0.02711171
v -0.11119705 -0.01560000 0.02694706
v -0.10982679 -0.01560000 0.02762765
v -0.10996821 -0.01560000 0.02760389
v -0.11014751 -0.01560000 0.02756100
v -0.11041843 -0.01560000 0.02746731
v -0.10917111 -0.01567654 0.02285727
v -0.10824508 -0.01567654 0.02318638
v -0.10853776 -0.01567654 0.02303473
v -0.10854383 -0.01560000 0.02304869
v -0.10752682 -0.01567654 0.02385719
v -0.10773486 -0.01567654 0.02360148
v -0.10774598 -0.01560000 0.02361187
v -0.10713528 -0.01567654 0.02475861
v -0.10722422 -0.01567654 0.02444119
v -0.10723857 -0.01560000 0.02444629
v -0.10773486 -0.01567654 0.02689852
v -0.10752682 -0.01567654 0.02664281
v -0.10753927 -0.01560000 0.02663404
v -0.10853776 -0.01567654 0.02746527
v -0.10824508 -0.01567654 0.02731362
v -0.10825299 -0.01560000 0.02730061
v -0.10709284 -0.01574142 0.02575021
v -0.10713528 -0.01567654 0.02574139
v -0.10718337 -0.01574142 0.02607333
v -0.10722422 -0.01567654 0.02605881
v -0.10731705 -0.01574142 0.02638110
v -0.10735555 -0.01567654 0.02636116
v -0.10749140 -0.01574142 0.02666782
v -0.10770317 -0.01574142 0.02692811
v -0.10794841 -0.01574142 0.02715715
v -0.10797577 -0.01567654 0.02712352
v -0.10822255 -0.01574142 0.02735065
v -0.10852049 -0.01574142 0.02750504
v -0.10883667 -0.01574142 0.02761741
v -0.10884837 -0.01567654 0.02757566
v -0.10916521 -0.01574142 0.02768568
v -0.10917111 -0.01567654 0.02764273
v -0.10916521 -0.01574142 0.02281432
v -0.10883667 -0.01574142 0.02288259
v -0.10884837 -0.01567654 0.02292434
v -0.10852049 -0.01574142 0.02299496
v -0.10822255 -0.01574142 0.02314934
v -0.10794841 -0.01574142 0.02334285
v -0.10797577 -0.01567654 0.02337649
v -0.10770317 -0.01574142 0.02357189
v -0.10749140 -0.01574142 0.02383219
v -0.10731705 -0.01574142 0.02411889
v -0.10735555 -0.01567654 0.02413884
v -0.10718337 -0.01574142 0.02442667
v -0.10709284 -0.01574142 0.02474979
v -0.10704714 -0.01574142 0.02508222
v -0.10709040 -0.01567654 0.02508518
v -0.10704714 -0.01574142 0.02541778
v -0.10709040 -0.01567654 0.02541482
v -0.10917319 -0.01560000 0.02762765
v -0.10854383 -0.01560000 0.02745130
v -0.10858155 -0.01560000 0.02746731
v -0.10885248 -0.01560000 0.02756100
v -0.10903177 -0.01560000 0.02760389
v -0.10774598 -0.01560000 0.02688813
v -0.10780293 -0.01560000 0.02694706
v -0.10798538 -0.01560000 0.02711171
v -0.10816662 -0.01560000 0.02724553
v -0.10728268 -0.01560000 0.02616844
v -0.10736907 -0.01560000 0.02635415
v -0.10750446 -0.01560000 0.02658337
v -0.10710558 -0.01560000 0.02541378
v -0.10714611 -0.01560000 0.02571822
v -0.10715019 -0.01560000 0.02573830
v -0.10723857 -0.01560000 0.02605371
v -0.10715019 -0.01560000 0.02476170
v -0.10714611 -0.01560000 0.02478178
v -0.10710558 -0.01560000 0.02508622
v -0.10709999 -0.01560000 0.02525000
v -0.10753927 -0.01560000 0.02386597
v -0.10750446 -0.01560000 0.02391663
v -0.10736907 -0.01560000 0.02414585
v -0.10728268 -0.01560000 0.02433156
v -0.10825299 -0.01560000 0.02319939
v -0.10816662 -0.01560000 0.02325447
v -0.10798538 -0.01560000 0.02338829
v -0.10780293 -0.01560000 0.02355294
v -0.10917319 -0.01560000 0.02287236
v -0.10903177 -0.01560000 0.02289612
v -0.10885248 -0.01560000 0.02293900
v -0.10858155 -0.01560000 0.02303269
v -0.10949999 -0.01279282 0.02765000
v -0.10903177 -0.01279282 0.02760389
v -0.10858155 -0.01279282 0.02746731
v -0.10816662 -0.01279282 0.02724553
v -0.10780293 -0.01279282 0.02694706
v -0.10750446 -0.01279282 0.02658337
v -0.10728268 -0.01279282 0.02616844
v -0.10714611 -0.01279282 0.02571822
v -0.10709999 -0.01279282 0.02525000
v -0.10714611 -0.01279282 0.02478178
v -0.10728268 -0.01279282 0.02433156
v -0.10750446 -0.01279282 0.02391663
v -0.10780293 -0.01279282 0.02355294
v -0.10816662 -0.01279282 0.02325447
v -0.10858155 -0.01279282 0.02303269
v -0.10903177 -0.01279282 0.02289612
v -0.10949999 -0.01279282 0.02285000
v -0.10996821 -0.01279282 0.02289612
v -0.11041843 -0.01279282 0.02303269
v -0.11083336 -0.01279282 0.02325447
v -0.11119705 -0.01279282 0.02355294
v -0.11149552 -0.01279282 0.02391663
v -0.11171730 -0.01279282 0.02433156
v -0.11185388 -0.01279282 0.02478178
v -0.11189999 -0.01279282 0.02525000
v -0.11185388 -0.01279282 0.02571822
v -0.11171730 -0.01279282 0.02616844
v -0.11149552 -0.01279282 0.02658337
v -0.11119705 -0.01279282 0.02694706
v -0.11083336 -0.01279282 0.02724553
v -0.11041843 -0.01279282 0.02746731
v -0.10996821 -0.01279282 0.02760389
v -0.10949999 -0.01210000 0.02325000
v -0.10989017 -0.01210000 0.02328843
v -0.11026536 -0.01210000 0.02340224
v -0.11061113 -0.01210000 0.02358706
v -0.11091421 -0.01210000 0.02383578
v -0.11116293 -0.01210000 0.02413886
v -0.11134775 -0.01210000 0.02448463
v -0.11146156 -0.01210000 0.02485982
v -0.11149999 -0.01210000 0.02525000
v -0.11146156 -0.01210000 0.02564018
v -0.11134775 -0.01210000 0.02601537
v -0.11116293 -0.01210000 0.02636114
v -0.11091421 -0.01210000 0.02666421
v -0.11061113 -0.01210000 0.02691294
v -0.11026536 -0.01210000 0.02709776
v -0.10989017 -0.01210000 0.02721157
v -0.10949999 -0.01210000 0.02725000
v -0.10910981 -0.01210000 0.02721157
v -0.10873462 -0.01210000 0.02709776
v -0.10838885 -0.01210000 0.02691294
v -0.10808577 -0.01210000 0.02666421
v -0.10783705 -0.01210000 0.02636114
v -0.10765223 -0.01210000 0.02601537
v -0.10753842 -0.01210000 0.02564018
v -0.10749999 -0.01210000 0.02525000
v -0.10753842 -0.01210000 0.02485982
v -0.10765223 -0.01210000 0.02448463
v -0.10783705 -0.01210000 0.02413886
v -0.10808577 -0.01210000 0.02383578
v -0.10838885 -0.01210000 0.02358706
v -0.10873462 -0.01210000 0.02340224
v -0.10910981 -0.01210000 0.02328843
v -0.10926101 -0.01210000 0.02404854
v -0.10949999 -0.01210000 0.02402500
v -0.10973898 -0.01210000 0.02404854
v -0.10996878 -0.01210000 0.02411825
v -0.11018056 -0.01210000 0.02423145
v -0.11036620 -0.01210000 0.02438380
v -0.11051854 -0.01210000 0.02456943
v -0.11063174 -0.01210000 0.02478121
v -0.11070146 -0.01210000 0.02501102
v -0.11072499 -0.01210000 0.02525000
v -0.11070146 -0.01210000 0.02548899
v -0.11063174 -0.01210000 0.02571878
v -0.11051854 -0.01210000 0.02593057
v -0.11036620 -0.01210000 0.02611621
v -0.11018056 -0.01210000 0.02626855
v -0.10996878 -0.01210000 0.02638175
v -0.10973898 -0.01210000 0.02645146
v -0.10949999 -0.01210000 0.02647500
v -0.10926101 -0.01210000 0.02645146
v -0.10903120 -0.01210000 0.02638175
v -0.10881942 -0.01210000 0.02626855
v -0.10863379 -0.01210000 0.02611621
v -0.10848144 -0.01210000 0.02593057
v -0.10836824 -0.01210000 0.02571878
v -0.10829853 -0.01210000 0.02548899
v -0.10827499 -0.01210000 0.02525000
v -0.10829853 -0.01210000 0.02501102
v -0.10836824 -0.01210000 0.02478121
v -0.10848144 -0.01210000 0.02456943
v -0.10863379 -0.01210000 0.02438380
v -0.10881942 -0.01210000 0.02423145
v -0.10903120 -0.01210000 0.02411825
v -0.10949999 -0.01208478 0.02410154
v -0.10927594 -0.01208478 0.02412361
v -0.10906050 -0.01208478 0.02418896
v -0.10886194 -0.01208478 0.02429509
v -0.10868791 -0.01208478 0.02443792
v -0.10854508 -0.01208478 0.02461195
v -0.10843895 -0.01208478 0.02481051
v -0.10837360 -0.01208478 0.02502595
v -0.10835153 -0.01208478 0.02525000
v -0.10837360 -0.01208478 0.02547405
v -0.10843895 -0.01208478 0.02568950
v -0.10854508 -0.01208478 0.02588805
v -0.10868791 -0.01208478 0.02606208
v -0.10886194 -0.01208478 0.02620491
v -0.10906050 -0.01208478 0.02631105
v -0.10927594 -0.01208478 0.02637639
v -0.10949999 -0.01208478 0.02639846
v -0.10949999 -0.01204142 0.02416642
v -0.10927470 -0.01204142 0.02419010
v -0.10905926 -0.01204142 0.02426010
v -0.10886308 -0.01204142 0.02437337
v -0.10869473 -0.01204142 0.02452495
v -0.10856158 -0.01204142 0.02470821
v -0.10846945 -0.01204142 0.02491516
v -0.10842235 -0.01204142 0.02513674
v -0.10841642 -0.01204142 0.02525000
v -0.10842235 -0.01204142 0.02536326
v -0.10846945 -0.01204142 0.02558484
v -0.10856158 -0.01204142 0.02579179
v -0.10869473 -0.01204142 0.02597505
v -0.10886308 -0.01204142 0.02612664
v -0.10905926 -0.01204142 0.02623990
v -0.10927470 -0.01204142 0.02630990
v -0.10949999 -0.01204142 0.02633358
v -0.10972404 -0.01208478 0.02637639
v -0.10993949 -0.01208478 0.02631105
v -0.11013804 -0.01208478 0.02620491
v -0.11031207 -0.01208478 0.02606208
v -0.11045490 -0.01208478 0.02588805
v -0.11056104 -0.01208478 0.02568950
v -0.11062638 -0.01208478 0.02547405
v -0.11064845 -0.01208478 0.02525000
v -0.11062638 -0.01208478 0.02502595
v -0.11056104 -0.01208478 0.02481051
v -0.11045490 -0.01208478 0.02461195
v -0.11031207 -0.01208478 0.02443792
v -0.11013804 -0.01208478 0.02429509
v -0.10993949 -0.01208478 0.02418896
v -0.10972404 -0.01208478 0.02412361
v -0.10972528 -0.01204142 0.02630990
v -0.10994072 -0.01204142 0.02623990
v -0.11013690 -0.01204142 0.02612664
v -0.11030525 -0.01204142 0.02597505
v -0.11043840 -0.01204142 0.02579179
v -0.11053053 -0.01204142 0.02558484
v -0.11057764 -0.01204142 0.02536326
v -0.11058357 -0.01204142 0.02525000
v -0.11057764 -0.01204142 0.02513674
v -0.11053053 -0.01204142 0.02491516
v -0.11043840 -0.01204142 0.02470821
v -0.11030525 -0.01204142 0.02452495
v -0.11013690 -0.01204142 0.02437337
v -0.10994072 -0.01204142 0.02426010
v -0.10972528 -0.01204142 0.02419010
v -0.10971627 -0.01197654 0.02626749
v -0.10949999 -0.01197654 0.02629022
v -0.10949999 -0.01190000 0.02627500
v -0.11053452 -0.01197654 0.02514127
v -0.11053452 -0.01197654 0.02535873
v -0.11051938 -0.01190000 0.02535714
v -0.10971627 -0.01197654 0.02423250
v -0.10992309 -0.01197654 0.02429971
v -0.11011142 -0.01197654 0.02440844
v -0.11027303 -0.01197654 0.02455395
v -0.11040085 -0.01197654 0.02472989
v -0.11048930 -0.01197654 0.02492855
v -0.10992309 -0.01197654 0.02620029
v -0.11011142 -0.01197654 0.02609156
v -0.11027303 -0.01197654 0.02594605
v -0.11040085 -0.01197654 0.02577011
v -0.11048930 -0.01197654 0.02557145
v -0.10949999 -0.01197654 0.02420977
v -0.10971310 -0.01190000 0.02424740
v -0.10949999 -0.01190000 0.02422500
v -0.11005415 -0.01190000 0.02438772
v -0.10991690 -0.01190000 0.02431362
v -0.10978877 -0.01190000 0.02426652
v -0.11038767 -0.01190000 0.02473750
v -0.11026172 -0.01190000 0.02456415
v -0.11010247 -0.01190000 0.02442076
v -0.11051938 -0.01190000 0.02514286
v -0.11051456 -0.01190000 0.02510413
v -0.11047482 -0.01190000 0.02493325
v -0.11043236 -0.01190000 0.02482420
v -0.11043236 -0.01190000 0.02567580
v -0.11047482 -0.01190000 0.02556674
v -0.11051456 -0.01190000 0.02539588
v -0.11010247 -0.01190000 0.02607924
v -0.11026172 -0.01190000 0.02593586
v -0.11038767 -0.01190000 0.02576250
v -0.10971310 -0.01190000 0.02625260
v -0.10978877 -0.01190000 0.02623348
v -0.10991690 -0.01190000 0.02618638
v -0.11005415 -0.01190000 0.02611229
v -0.10928372 -0.01197654 0.02423250
v -0.10846546 -0.01197654 0.02535873
v -0.10846546 -0.01197654 0.02514127
v -0.10848060 -0.01190000 0.02514286
v -0.10928372 -0.01197654 0.02626749
v -0.10907689 -0.01197654 0.02620029
v -0.10888856 -0.01197654 0.02609156
v -0.10872696 -0.01197654 0.02594605
v -0.10859913 -0.01197654 0.02577011
v -0.10851068 -0.01197654 0.02557145
v -0.10907689 -0.01197654 0.02429971
v -0.10888856 -0.01197654 0.02440844
v -0.10872696 -0.01197654 0.02455395
v -0.10859913 -0.01197654 0.02472989
v -0.10851068 -0.01197654 0.02492855
v -0.10928688 -0.01190000 0.02625260
v -0.10894583 -0.01190000 0.02611229
v -0.10908309 -0.01190000 0.02618638
v -0.10921121 -0.01190000 0.02623348
v -0.10861231 -0.01190000 0.02576250
v -0.10873827 -0.01190000 0.02593586
v -0.10889751 -0.01190000 0.02607924
v -0.10848060 -0.01190000 0.02535714
v -0.10848542 -0.01190000 0.02539588
v -0.10852516 -0.01190000 0.02556674
v -0.10856762 -0.01190000 0.02567580
v -0.10856762 -0.01190000 0.02482420
v -0.10852516 -0.01190000 0.02493325
v -0.10848542 -0.01190000 0.02510413
v -0.10889751 -0.01190000 0.02442076
v -0.10873827 -0.01190000 0.02456415
v -0.10861231 -0.01190000 0.02473750
v -0.10928688 -0.01190000 0.02424740
v -0.10921121 -0.01190000 0.02426652
v -0.10908309 -0.01190000 0.02431362
v -0.10894583 -0.01190000 0.02438772
v -0.10949999 -0.01100000 0.02627500
v -0.10921121 -0.01100000 0.02623348
v -0.10894583 -0.01100000 0.02611229
v -0.10872535 -0.01100000 0.02592123
v -0.10856762 -0.01100000 0.02567580
v -0.10848542 -0.01100000 0.02539588
v -0.10848542 -0.01100000 0.02510413
v -0.10856762 -0.01100000 0.02482420
v -0.10872535 -0.01100000 0.02457877
v -0.10894583 -0.01100000 0.02438772
v -0.10921121 -0.01100000 0.02426652
v -0.10949999 -0.01100000 0.02422500
v -0.10978877 -0.01100000 0.02426652
v -0.11005415 -0.01100000 0.02438772
v -0.11027464 -0.01100000 0.02457877
v -0.11043236 -0.01100000 0.02482420
v -0.11051456 -0.01100000 0.02510413
v -0.11051456 -0.01100000 0.02539588
v -0.11043236 -0.01100000 0.02567580
v -0.11027464 -0.01100000 0.02592123
v -0.11005415 -0.01100000 0.02611229
v -0.10978877 -0.01100000 0.02623348
v -0.11075570 -0.01100000 0.02491353
v -0.11062583 -0.01100000 0.02460000
v -0.11041923 -0.01100000 0.02433076
v -0.11014999 -0.01100000 0.02412417
v -0.10983646 -0.01100000 0.02399429
v -0.10949999 -0.01100000 0.02395000
v -0.10916352 -0.01100000 0.02399429
v -0.10884999 -0.01100000 0.02412417
v -0.10858075 -0.01100000 0.02433076
v -0.10837416 -0.01100000 0.02460000
v -0.10824428 -0.01100000 0.02491353
v -0.10819999 -0.01100000 0.02525000
v -0.10824428 -0.01100000 0.02558646
v -0.10837416 -0.01100000 0.02590000
v -0.10858075 -0.01100000 0.02616924
v -0.10884999 -0.01100000 0.02637584
v -0.10916352 -0.01100000 0.02650571
v -0.10949999 -0.01100000 0.02655000
v -0.10983646 -0.01100000 0.02650571
v -0.11014999 -0.01100000 0.02637584
v -0.11041923 -0.01100000 0.02616924
v -0.11062583 -0.01100000 0.02590000
v -0.11075570 -0.01100000 0.02558646
v -0.11079999 -0.01100000 0.02525000
v -0.10949999 -0.01080000 0.02655000
v -0.10916352 -0.01080000 0.02650571
v -0.10884999 -0.01080000 0.02637584
v -0.10858075 -0.01080000 0.02616924
v -0.10837416 -0.01080000 0.02590000
v -0.10824428 -0.01080000 0.02558646
v -0.10819999 -0.01080000 0.02525000
v -0.10824428 -0.01080000 0.02491353
v -0.10837416 -0.01080000 0.02460000
v -0.10858075 -0.01080000 0.02433076
v -0.10884999 -0.01080000 0.02412417
v -0.10916352 -0.01080000 0.02399429
v -0.10949999 -0.01080000 0.02395000
v -0.10983646 -0.01080000 0.02399429
v -0.11014999 -0.01080000 0.02412417
v -0.11041923 -0.01080000 0.02433076
v -0.11062583 -0.01080000 0.02460000
v -0.11075570 -0.01080000 0.02491353
v -0.11079999 -0.01080000 0.02525000
v -0.11075570 -0.01080000 0.02558646
v -0.11062583 -0.01080000 0.02590000
v -0.11041923 -0.01080000 0.02616924
v -0.11014999 -0.01080000 0.02637584
v -0.10983646 -0.01080000 0.02650571
v -0.10949999 -0.01580000 0.02265000
v -0.10949999 -0.01578478 0.02272653
v -0.10914595 -0.01580000 0.02267422
v -0.10915638 -0.01578478 0.02275004
v -0.10879852 -0.01580000 0.02274641
v -0.10881917 -0.01578478 0.02282011
v -0.10846415 -0.01580000 0.02286525
v -0.10849464 -0.01578478 0.02293545
v -0.10814907 -0.01580000 0.02302851
v -0.10818884 -0.01578478 0.02309391
v -0.10785916 -0.01580000 0.02323315
v -0.10790747 -0.01578478 0.02329252
v -0.10759982 -0.01580000 0.02347536
v -0.10765576 -0.01578478 0.02352761
v -0.10737587 -0.01580000 0.02375063
v -0.10743840 -0.01578478 0.02379477
v -0.10719149 -0.01580000 0.02405383
v -0.10725944 -0.01578478 0.02408904
v -0.10705011 -0.01580000 0.02437931
v -0.10712223 -0.01578478 0.02440494
v -0.10695437 -0.01580000 0.02472102
v -0.10702931 -0.01578478 0.02473659
v -0.10690605 -0.01580000 0.02507257
v -0.10698241 -0.01578478 0.02507780
v -0.10690605 -0.01580000 0.02542743
v -0.10698241 -0.01578478 0.02542221
v -0.10695437 -0.01580000 0.02577898
v -0.10702931 -0.01578478 0.02576341
v -0.10705011 -0.01580000 0.02612069
v -0.10712223 -0.01578478 0.02609505
v -0.10719149 -0.01580000 0.02644617
v -0.10725944 -0.01578478 0.02641096
v -0.10737587 -0.01580000 0.02674937
v -0.10743840 -0.01578478 0.02670523
v -0.10759982 -0.01580000 0.02702464
v -0.10765576 -0.01578478 0.02697240
v -0.10785916 -0.01580000 0.02726685
v -0.10790747 -0.01578478 0.02720748
v -0.10814907 -0.01580000 0.02747149
v -0.10818884 -0.01578478 0.02740609
v -0.10846415 -0.01580000 0.02763475
v -0.10849464 -0.01578478 0.02756455
v -0.10879852 -0.01580000 0.02775358
v -0.10881917 -0.01578478 0.02767989
v -0.10914595 -0.01580000 0.02782579
v -0.10915638 -0.01578478 0.02774996
v -0.10949999 -0.01580000 0.02785000
v -0.10949999 -0.01578478 0.02777346
v -0.10985403 -0.01580000 0.02782579
v -0.10984360 -0.01578478 0.02774996
v -0.11020146 -0.01580000 0.02775358
v -0.11018081 -0.01578478 0.02767989
v -0.11053583 -0.01580000 0.02763475
v -0.11050534 -0.01578478 0.02756455
v -0.11085091 -0.01580000 0.02747149
v -0.11081114 -0.01578478 0.02740609
v -0.11114082 -0.01580000 0.02726685
v -0.11109252 -0.01578478 0.02720748
v -0.11140016 -0.01580000 0.02702464
v -0.11134423 -0.01578478 0.02697240
v -0.11162411 -0.01580000 0.02674937
v -0.11156158 -0.01578478 0.02670523
v -0.11180849 -0.01580000 0.02644617
v -0.11174054 -0.01578478 0.02641096
v -0.11194987 -0.01580000 0.02612069
v -0.11187775 -0.01578478 0.02609505
v -0.11204561 -0.01580000 0.02577898
v -0.11197067 -0.01578478 0.02576341
v -0.11209393 -0.01580000 0.02542743
v -0.11201757 -0.01578478 0.02542221
v -0.11209393 -0.01580000 0.02507257
v -0.11201757 -0.01578478 0.02507780
v -0.11204561 -0.01580000 0.02472102
v -0.11197067 -0.01578478 0.02473659
v -0.11194987 -0.01580000 0.02437931
v -0.11187775 -0.01578478 0.02440494
v -0.11180849 -0.01580000 0.02405383
v -0.11174054 -0.01578478 0.02408904
v -0.11162411 -0.01580000 0.02375063
v -0.11156158 -0.01578478 0.02379477
v -0.11140016 -0.01580000 0.02347536
v -0.11134423 -0.01578478 0.02352761
v -0.11114082 -0.01580000 0.02323315
v -0.11109252 -0.01578478 0.02329252
v -0.11085091 -0.01580000 0.02302851
v -0.11081114 -0.01578478 0.02309391
v -0.11053583 -0.01580000 0.02286525
v -0.11050534 -0.01578478 0.02293545
v -0.11020146 -0.01580000 0.02274641
v -0.11018081 -0.01578478 0.02282011
v -0.10985403 -0.01580000 0.02267422
v -0.10984360 -0.01578478 0.02275004
v -0.11249999 -0.01580000 0.02525000
v -0.11245441 -0.01580000 0.02472906
v -0.11231907 -0.01580000 0.02422394
v -0.11209807 -0.01580000 0.02375000
v -0.11179812 -0.01580000 0.02332163
v -0.11052606 -0.01580000 0.02806908
v -0.11099999 -0.01580000 0.02784808
v -0.11142836 -0.01580000 0.02754813
v -0.11179812 -0.01580000 0.02717836
v -0.10720186 -0.01580000 0.02332163
v -0.10690191 -0.01580000 0.02375000
v -0.10668091 -0.01580000 0.02422394
v -0.10654557 -0.01580000 0.02472906
v -0.10649999 -0.01580000 0.02525000
v -0.11052606 -0.01580000 0.02243092
v -0.11002094 -0.01580000 0.02229558
v -0.10949999 -0.01580000 0.02225000
v -0.10897905 -0.01580000 0.02229558
v -0.10847393 -0.01580000 0.02243092
v -0.10799999 -0.01580000 0.02265192
v -0.10757163 -0.01580000 0.02295187
v -0.10654557 -0.01580000 0.02577095
v -0.10668091 -0.01580000 0.02627606
v -0.10690191 -0.01580000 0.02675000
v -0.10720186 -0.01580000 0.02717836
v -0.11209807 -0.01580000 0.02675000
v -0.11231907 -0.01580000 0.02627606
v -0.11245441 -0.01580000 0.02577095
v -0.11142835 -0.01580000 0.02295187
v -0.11099999 -0.01580000 0.02265192
v -0.10847393 -0.01580000 0.02806908
v -0.10897905 -0.01580000 0.02820442
v -0.10949999 -0.01580000 0.02825000
v -0.11002094 -0.01580000 0.02820442
v -0.10757163 -0.01580000 0.02754813
v -0.10799999 -0.01580000 0.02784808
v -0.10949999 -0.01650000 0.02225000
v -0.11002094 -0.01650000 0.02229558
v -0.11052606 -0.01650000 0.02243092
v -0.11099999 -0.01650000 0.02265192
v -0.11142835 -0.01650000 0.02295187
v -0.11179812 -0.01650000 0.02332163
v -0.11209807 -0.01650000 0.02375000
v -0.11231907 -0.01650000 0.02422394
v -0.11245441 -0.01650000 0.02472906
v -0.11249999 -0.01650000 0.02525000
v -0.11245441 -0.01650000 0.02577095
v -0.11231907 -0.01650000 0.02627606
v -0.11209807 -0.01650000 0.02675000
v -0.11179812 -0.01650000 0.02717836
v -0.11142836 -0.01650000 0.02754813
v -0.11099999 -0.01650000 0.02784808
v -0.11052606 -0.01650000 0.02806908
v -0.11002094 -0.01650000 0.02820442
v -0.10949999 -0.01650000 0.02825000
v -0.10897905 -0.01650000 0.02820442
v -0.10847393 -0.01650000 0.02806908
v -0.10799999 -0.01650000 0.02784808
v -0.10757163 -0.01650000 0.02754813
v -0.10720186 -0.01650000 0.02717836
v -0.10690191 -0.01650000 0.02675000
v -0.10668091 -0.01650000 0.02627606
v -0.10654557 -0.01650000 0.02577095
v -0.10649999 -0.01650000 0.02525000
v -0.10654557 -0.01650000 0.02472906
v -0.10668091 -0.01650000 0.02422394
v -0.10690191 -0.01650000 0.02375000
v -0.10720186 -0.01650000 0.02332163
v -0.10757163 -0.01650000 0.02295187
v -0.10799999 -0.01650000 0.02265192
v -0.10847393 -0.01650000 0.02243092
v -0.10897905 -0.01650000 0.02229558
v -0.10949999 -0.01680000 0.02255000
v -0.10903114 -0.01680000 0.02259102
v -0.10857654 -0.01680000 0.02271283
v -0.10814999 -0.01680000 0.02291173
v -0.10776447 -0.01680000 0.02318168
v -0.10743167 -0.01680000 0.02351448
v -0.10716172 -0.01680000 0.02390000
v -0.10696282 -0.01680000 0.02432655
v -0.10684101 -0.01680000 0.02478115
v -0.10679999 -0.01680000 0.02525000
v -0.10684101 -0.01680000 0.02571885
v -0.10696282 -0.01680000 0.02617346
v -0.10716172 -0.01680000 0.02660000
v -0.10743167 -0.01680000 0.02698552
v -0.10776447 -0.01680000 0.02731832
v -0.10814999 -0.01680000 0.02758827
v -0.10857654 -0.01680000 0.02778717
v -0.10903114 -0.01680000 0.02790898
v -0.10949999 -0.01680000 0.02795000
v -0.10996884 -0.01680000 0.02790898
v -0.11042345 -0.01680000 0.02778717
v -0.11084999 -0.01680000 0.02758827
v -0.11123551 -0.01680000 0.02731832
v -0.11156831 -0.01680000 0.02698552
v -0.11183826 -0.01680000 0.02660000
v -0.11203716 -0.01680000 0.02617346
v -0.11215897 -0.01680000 0.02571885
v -0.11219999 -0.01680000 0.02525000
v -0.11215897 -0.01680000 0.02478115
v -0.11203716 -0.01680000 0.02432655
v -0.11183826 -0.01680000 0.02390000
v -0.11156831 -0.01680000 0.02351447
v -0.11123551 -0.01680000 0.02318168
v -0.11084999 -0.01680000 0.02291173
v -0.11042345 -0.01680000 0.02271283
v -0.10996884 -0.01680000 0.02259102
v -0.12339999 -0.01430000 0.02675000
v -0.12340000 -0.01580000 0.02675000
v -0.12370788 -0.01430000 0.02668838
v -0.12370788 -0.01580000 0.02668838
v -0.12396833 -0.01430000 0.02651302
v -0.12396833 -0.01580000 0.02651302
v -0.12414124 -0.01430000 0.02625091
v -0.12414124 -0.01580000 0.02625091
v -0.12419999 -0.01430000 0.02595002
v -0.12419999 -0.01580000 0.02595000
v -0.12339999 0.01580000 0.02675000
v -0.12339999 0.01430000 0.02675000
v -0.12379999 0.01580000 0.02664283
v -0.12379999 0.01430000 0.02664283
v -0.12409280 0.01580000 0.02635001
v -0.12409280 0.01430000 0.02635001
v -0.12419999 0.01580000 0.02595002
v -0.12419999 0.01430000 0.02595002
v -0.13095570 -0.00806114 0.03877571
v -0.13095893 -0.00805996 0.04028108
v -0.13129999 -0.00800000 0.03880901
v -0.13107133 -0.00802650 0.04029264
v -0.13129999 -0.00800000 0.04032177
v -0.13030000 -0.00899941 0.03874999
v -0.13030000 -0.00899991 0.04024999
v -0.13031811 -0.00881055 0.03875014
v -0.13035338 -0.00867762 0.04025019
v -0.13044502 -0.00848132 0.03875167
v -0.13050969 -0.00838727 0.04025315
v -0.13065462 -0.00823613 0.03875744
v -0.13059296 -0.00829283 0.04025611
v -0.13075112 -0.00816410 0.04026458
v -0.13590147 -0.00800000 0.04305193
v -0.13765582 -0.00800000 0.04299067
v -0.13571624 -0.00800000 0.04281553
v -0.13687687 -0.00800000 0.04186529
v -0.13449122 -0.00800000 0.04164341
v -0.13538934 -0.00800000 0.04044200
v -0.13302034 -0.00800000 0.04080019
v -0.13360326 -0.00800000 0.03941809
v -0.13138986 -0.00800000 0.04033534
v -0.13162340 -0.00800000 0.03885363
v -0.13630395 -0.00795274 0.04365128
v -0.13795722 -0.00795652 0.04356868
v -0.13662271 -0.00781006 0.04424543
v -0.13823037 -0.00780906 0.04419243
v -0.13685866 -0.00758088 0.04480209
v -0.13842581 -0.00757618 0.04475677
v -0.13703834 -0.00724398 0.04535387
v -0.13856174 -0.00727774 0.04525311
v -0.13866922 -0.00684886 0.04576483
v -0.13715559 -0.00683146 0.04583525
v -0.13873143 -0.00636764 0.04617908
v -0.13722511 -0.00636556 0.04623321
v -0.13723366 -0.00628123 0.04629313
v -0.13876542 -0.00585269 0.04649915
v -0.13726941 -0.00576435 0.04659620
v -0.13878363 -0.00523634 0.04675774
v -0.13728790 -0.00510231 0.04685097
v -0.13879181 -0.00466711 0.04689738
v -0.13729481 -0.00439595 0.04698605
v -0.13729574 -0.00400000 0.04700568
v -0.13835929 -0.00400000 0.04696854
v -0.13879482 -0.00400000 0.04695333
v -0.13824974 0.00779282 0.04424135
v -0.13798699 0.00794795 0.04362270
v -0.13765582 0.00800000 0.04299067
v -0.13843307 0.00756401 0.04478063
v -0.13858438 0.00720796 0.04534905
v -0.13872160 -0.00564011 0.04609814
v -0.13872804 0.00560419 0.04614629
v -0.13878728 0.00511065 0.04679621
v -0.13877040 0.00576753 0.04654222
v -0.13873580 0.00632191 0.04621204
v -0.13868015 0.00678466 0.04582817
v -0.13879482 0.00400000 0.04695333
v -0.13879390 0.00440702 0.04693259
v -0.13029999 0.00900000 0.03874999
v -0.13687687 0.00800000 0.04186529
v -0.13538934 0.00800000 0.04044200
v -0.13360326 0.00800000 0.03941809
v -0.13162340 0.00800000 0.03885363
v -0.13058957 0.00829621 0.03875491
v -0.13048694 0.00841781 0.03875238
v -0.13035201 0.00868169 0.03875047
v -0.13129999 0.00800000 0.03880901
v -0.13102269 0.00803921 0.03878111
v -0.13071282 0.00819054 0.03876017
v -0.13818491 0.00400000 0.04697463
v -0.13729574 0.00400000 0.04700568
v -0.13729312 0.00465603 0.04695157
v -0.13728899 0.00502528 0.04687220
v -0.13728413 0.00530275 0.04678786
v -0.13726485 0.00585530 0.04655018
v -0.13723370 0.00628124 0.04629313
v -0.13722375 0.00637848 0.04622374
v -0.13715568 0.00683157 0.04583513
v -0.13703236 0.00725928 0.04533271
v -0.13685200 0.00758929 0.04478531
v -0.13659899 0.00782548 0.04419691
v -0.13627626 0.00795968 0.04360572
v -0.13590145 0.00800000 0.04305193
v -0.13727412 0.00514062 0.04664858
v -0.13725032 -0.00541575 0.04641753
v -0.13571623 0.00800000 0.04281553
v -0.13043080 0.00850552 0.04025122
v -0.13031918 0.00880504 0.04025004
v -0.13029999 0.00900000 0.04024999
v -0.13065775 0.00823350 0.04025916
v -0.13096207 0.00805883 0.04028138
v -0.13129999 0.00800000 0.04032177
v -0.13449122 0.00800000 0.04164341
v -0.13302033 0.00800000 0.04080019
v -0.13138986 0.00800000 0.04033534
v -0.13030000 0.01580000 0.02707754
v -0.13030000 0.01430000 0.02707754
v -0.13029997 0.01580000 0.03575002
v -0.13029999 0.01430000 0.03575000
v -0.13029999 0.01558755 0.03711634
v -0.13029999 0.01406893 0.03690457
v -0.13029999 0.01494556 0.03838816
v -0.13029999 0.01341130 0.03788129
v -0.13029999 0.01130003 0.03875000
v -0.13029999 0.01130002 0.04025000
v -0.13029999 0.01242843 0.03852968
v -0.13029999 0.01266636 0.04003755
v -0.13029999 0.01393817 0.03939555
v -0.13029999 -0.01130007 0.04025000
v -0.12199999 -0.01130000 0.04025000
v -0.12199998 0.01130000 0.04025000
v -0.12199999 0.01558755 0.03711634
v -0.12199999 0.01580000 0.03574998
v -0.12199999 0.01494556 0.03838816
v -0.12199999 0.01393817 0.03939555
v -0.12199999 0.01266636 0.04003755
v -0.12379985 0.01580000 0.03050078
v -0.12420000 0.01580000 0.02475001
v -0.13012679 0.01580000 0.02472970
v -0.12372638 0.01580000 0.03085130
v -0.12350734 0.01580000 0.03113464
v -0.12699322 0.01580000 0.01733681
v -0.12828518 0.01580000 0.01930485
v -0.12430894 0.01580000 0.01811927
v -0.12385950 0.01580000 0.02325637
v -0.12391252 0.01580000 0.02402992
v -0.12945077 0.01580000 0.02193418
v -0.11332036 0.01580000 0.02783806
v -0.11296491 0.01580000 0.02785846
v -0.11193731 0.01580000 0.02580631
v -0.10949999 0.01580000 0.02775000
v -0.11244784 0.01580000 0.02832168
v -0.11238864 0.01580000 0.02867276
v -0.11364946 0.01580000 0.02797390
v -0.12453814 0.01580000 0.01744406
v -0.12505321 0.01580000 0.01695098
v -0.12371302 0.01580000 0.03015333
v -0.12348329 0.01580000 0.02987858
v -0.12315671 0.01580000 0.02973160
v -0.12643711 0.01580000 0.01689052
v -0.12573777 0.01580000 0.01675143
v -0.11265352 0.01580000 0.02803106
v -0.11058470 0.01580000 0.02750242
v -0.11145457 0.01580000 0.02680872
v -0.10841528 0.01580000 0.02750242
v -0.10631801 0.01580000 0.02843198
v -0.10754541 0.01580000 0.02680872
v -0.10544287 0.01580000 0.02719674
v -0.10706267 0.01580000 0.02580631
v -0.10502688 0.01580000 0.02574119
v -0.10706267 0.01580000 0.02469370
v -0.10511710 0.01580000 0.02423005
v -0.10754541 0.01580000 0.02369127
v -0.12151245 0.01580000 0.02997082
v -0.12017698 0.01580000 0.02674999
v -0.12281359 0.01580000 0.02973812
v -0.10736395 0.01580000 0.02947792
v -0.11248762 0.01580000 0.02901476
v -0.10951174 0.01580000 0.03131231
v -0.11272519 0.01580000 0.02927994
v -0.11192004 0.01580000 0.03278812
v -0.11442820 0.01580000 0.03029819
v -0.11452956 0.01580000 0.03386902
v -0.11626722 0.01580000 0.03104321
v -0.11727605 0.01580000 0.03452839
v -0.11819874 0.01580000 0.03149740
v -0.12009188 0.01580000 0.03475000
v -0.12017707 0.01580000 0.03165000
v -0.12100001 0.01580000 0.03475000
v -0.12169234 0.01580000 0.03156070
v -0.12138486 0.01580000 0.03482703
v -0.12318663 0.01580000 0.03129402
v -0.12171042 0.01580000 0.03504623
v -0.12192655 0.01580000 0.03537385
v -0.10570334 0.01580000 0.02283433
v -0.10671925 0.01580000 0.02171200
v -0.10841528 0.01580000 0.02299758
v -0.10804985 0.01580000 0.02099006
v -0.10949999 0.01580000 0.02275000
v -0.10954455 0.01580000 0.02075022
v -0.11058470 0.01580000 0.02299758
v -0.12017707 0.01580000 0.03005000
v -0.11787357 0.01580000 0.02981273
v -0.11566681 0.01580000 0.02911087
v -0.11818708 0.01580000 0.02649855
v -0.11103422 0.01580000 0.02101962
v -0.11235026 0.01580000 0.02176777
v -0.11145457 0.01580000 0.02369127
v -0.11334374 0.01580000 0.02291000
v -0.11193731 0.01580000 0.02469370
v -0.11462855 0.01580000 0.02451315
v -0.11627929 0.01580000 0.02573623
v -0.13012679 0.01430000 0.02472970
v -0.12945077 0.01430000 0.02193418
v -0.12828518 0.01430000 0.01930485
v -0.12699322 0.01430000 0.01733681
v -0.12385950 0.01430000 0.02325637
v -0.12391252 0.01430000 0.02402992
v -0.12419999 0.01430000 0.02475001
v -0.12505321 0.01430000 0.01695098
v -0.12453814 0.01430000 0.01744406
v -0.12430894 0.01430000 0.01811927
v -0.12371302 0.01430000 0.03015333
v -0.12379985 0.01430000 0.03050078
v -0.12372638 0.01430000 0.03085130
v -0.12551418 0.01430000 0.03575000
v -0.12350734 0.01430000 0.03113464
v -0.12643711 0.01430000 0.01689052
v -0.12573777 0.01430000 0.01675143
v -0.11272519 0.01430000 0.02927994
v -0.11248762 0.01430000 0.02901476
v -0.10951174 0.01430000 0.03131231
v -0.10736395 0.01430000 0.02947792
v -0.11238864 0.01430000 0.02867276
v -0.10631801 0.01430000 0.02843198
v -0.11193731 0.01430000 0.02469370
v -0.11193731 0.01430000 0.02580631
v -0.11265352 0.01430000 0.02803106
v -0.11145457 0.01430000 0.02680872
v -0.11244784 0.01430000 0.02832168
v -0.11058470 0.01430000 0.02750242
v -0.10949999 0.01430000 0.02775000
v -0.10841528 0.01430000 0.02750242
v -0.10754541 0.01430000 0.02680872
v -0.10544287 0.01430000 0.02719674
v -0.10706267 0.01430000 0.02580631
v -0.10841528 0.01430000 0.02299758
v -0.10671925 0.01430000 0.02171200
v -0.10754541 0.01430000 0.02369127
v -0.10570334 0.01430000 0.02283433
v -0.10706267 0.01430000 0.02469370
v -0.10511710 0.01430000 0.02423005
v -0.10502688 0.01430000 0.02574119
v -0.11058470 0.01430000 0.02299758
v -0.11103422 0.01430000 0.02101962
v -0.10949999 0.01430000 0.02275000
v -0.10954455 0.01430000 0.02075022
v -0.10804985 0.01430000 0.02099006
v -0.11296491 0.01430000 0.02785846
v -0.11145457 0.01430000 0.02369127
v -0.12017698 0.01430000 0.02674999
v -0.11818708 0.01430000 0.02649855
v -0.11787357 0.01430000 0.02981273
v -0.11566681 0.01430000 0.02911087
v -0.11627929 0.01430000 0.02573623
v -0.11364946 0.01430000 0.02797390
v -0.11462855 0.01430000 0.02451315
v -0.11332036 0.01430000 0.02783806
v -0.11334374 0.01430000 0.02291000
v -0.11235026 0.01430000 0.02176777
v -0.11442820 0.01430000 0.03029819
v -0.11192004 0.01430000 0.03278812
v -0.11626722 0.01430000 0.03104321
v -0.11452956 0.01430000 0.03386902
v -0.11819874 0.01430000 0.03149740
v -0.11727605 0.01430000 0.03452839
v -0.12017707 0.01430000 0.03165000
v -0.12009188 0.01430000 0.03475000
v -0.12169234 0.01430000 0.03156070
v -0.12100004 0.01430000 0.03475000
v -0.12318663 0.01430000 0.03129402
v -0.12138486 0.01430000 0.03482703
v -0.12171042 0.01430000 0.03504623
v -0.12192655 0.01430000 0.03537385
v -0.12199999 0.01430000 0.03574998
v -0.12017707 0.01430000 0.03005000
v -0.12151245 0.01430000 0.02997082
v -0.12281335 0.01430000 0.02973818
v -0.12315671 0.01430000 0.02973160
v -0.12348329 0.01430000 0.02987858
v -0.12199998 0.01130000 0.03875000
v -0.12199999 0.01242843 0.03852968
v -0.12199999 0.01341130 0.03788129
v -0.12199999 0.01406893 0.03690457
v -0.12199999 -0.01130000 0.03875000
v -0.13029999 -0.01130007 0.03875000
v -0.13029999 -0.01406893 0.03690457
v -0.13029999 -0.01494556 0.03838816
v -0.13029999 -0.01341130 0.03788129
v -0.13029999 -0.01393817 0.03939555
v -0.13029999 -0.01242843 0.03852968
v -0.13029999 -0.01266635 0.04003755
v -0.13029999 -0.01430000 0.02707754
v -0.13029999 -0.01580000 0.02707754
v -0.13029999 -0.01430000 0.03575000
v -0.13029999 -0.01580000 0.03575000
v -0.13029999 -0.01558755 0.03711635
v -0.12199999 -0.01580000 0.03575000
v -0.12199999 -0.01266635 0.04003755
v -0.12199999 -0.01558755 0.03711635
v -0.12199999 -0.01494556 0.03838816
v -0.12199999 -0.01393817 0.03939555
v -0.12315671 -0.01580000 0.02973160
v -0.12348329 -0.01580000 0.02987858
v -0.11272519 -0.01580000 0.02927994
v -0.11248762 -0.01580000 0.02901476
v -0.10951174 -0.01580000 0.03131231
v -0.10736395 -0.01580000 0.02947792
v -0.11238864 -0.01580000 0.02867276
v -0.10631801 -0.01580000 0.02843198
v -0.11265352 -0.01580000 0.02803106
v -0.11145457 -0.01580000 0.02680872
v -0.11244784 -0.01580000 0.02832168
v -0.11058470 -0.01580000 0.02750242
v -0.10949999 -0.01580000 0.02775000
v -0.10841528 -0.01580000 0.02750242
v -0.10754541 -0.01580000 0.02680872
v -0.10544287 -0.01580000 0.02719674
v -0.10706267 -0.01580000 0.02580631
v -0.10502688 -0.01580000 0.02574119
v -0.11103422 -0.01580000 0.02101962
v -0.11145457 -0.01580000 0.02369127
v -0.11193731 -0.01580000 0.02469370
v -0.12391356 -0.01580000 0.02403447
v -0.12419999 -0.01580000 0.02475000
v -0.12946083 -0.01580000 0.02196394
v -0.10511710 -0.01580000 0.02423005
v -0.10706267 -0.01580000 0.02469370
v -0.10570334 -0.01580000 0.02283433
v -0.10754541 -0.01580000 0.02369127
v -0.10671925 -0.01580000 0.02171200
v -0.10841528 -0.01580000 0.02299758
v -0.10804985 -0.01580000 0.02099006
v -0.10954455 -0.01580000 0.02075022
v -0.10949999 -0.01580000 0.02275000
v -0.11058470 -0.01580000 0.02299758
v -0.11235026 -0.01580000 0.02176777
v -0.11296491 -0.01580000 0.02785846
v -0.11193731 -0.01580000 0.02580631
v -0.13009387 -0.01580000 0.02451755
v -0.12371302 -0.01580000 0.03015333
v -0.12379985 -0.01580000 0.03050078
v -0.12372638 -0.01580000 0.03085130
v -0.12350734 -0.01580000 0.03113464
v -0.11442820 -0.01580000 0.03029819
v -0.11192004 -0.01580000 0.03278812
v -0.11626722 -0.01580000 0.03104321
v -0.11452956 -0.01580000 0.03386902
v -0.11819874 -0.01580000 0.03149740
v -0.11727606 -0.01580000 0.03452839
v -0.12017707 -0.01580000 0.03165000
v -0.12009188 -0.01580000 0.03475000
v -0.12169234 -0.01580000 0.03156070
v -0.12099999 -0.01580000 0.03475000
v -0.12318663 -0.01580000 0.03129402
v -0.12137832 -0.01580000 0.03482433
v -0.12170710 -0.01580000 0.03504289
v -0.12192567 -0.01580000 0.03537167
v -0.11334374 -0.01580000 0.02291000
v -0.11332036 -0.01580000 0.02783806
v -0.11462857 -0.01580000 0.02451317
v -0.11364946 -0.01580000 0.02797390
v -0.11627933 -0.01580000 0.02573625
v -0.11566681 -0.01580000 0.02911087
v -0.11818715 -0.01580000 0.02649856
v -0.11787357 -0.01580000 0.02981273
v -0.12017707 -0.01580000 0.02675000
v -0.12699322 -0.01580000 0.01733681
v -0.12643711 -0.01580000 0.01689052
v -0.12573777 -0.01580000 0.01675143
v -0.12385950 -0.01580000 0.02325637
v -0.12841789 -0.01580000 0.01954859
v -0.12430894 -0.01580000 0.01811927
v -0.12453814 -0.01580000 0.01744406
v -0.12505321 -0.01580000 0.01695098
v -0.12017707 -0.01580000 0.03005000
v -0.12151287 -0.01580000 0.02997077
v -0.12281335 -0.01580000 0.02973818
v -0.12199999 -0.01430000 0.03575000
v -0.12192567 -0.01430000 0.03537167
v -0.12170710 -0.01430000 0.03504289
v -0.12137832 -0.01430000 0.03482433
v -0.12100001 -0.01430000 0.03475000
v -0.12009188 -0.01430000 0.03475000
v -0.11727606 -0.01430000 0.03452839
v -0.11452956 -0.01430000 0.03386902
v -0.11192004 -0.01430000 0.03278812
v -0.10951174 -0.01430000 0.03131231
v -0.10736395 -0.01430000 0.02947792
v -0.10631801 -0.01430000 0.02843198
v -0.10544287 -0.01430000 0.02719674
v -0.10502688 -0.01430000 0.02574119
v -0.10511710 -0.01430000 0.02423005
v -0.10570334 -0.01430000 0.02283433
v -0.10671925 -0.01430000 0.02171200
v -0.10804985 -0.01430000 0.02099006
v -0.10954455 -0.01430000 0.02075022
v -0.11103422 -0.01430000 0.02101962
v -0.11235026 -0.01430000 0.02176777
v -0.11334374 -0.01430000 0.02291000
v -0.12551711 -0.01430000 0.03575000
v -0.12350734 -0.01430000 0.03113464
v -0.12372638 -0.01430000 0.03085130
v -0.11193731 -0.01430000 0.02580631
v -0.11296491 -0.01430000 0.02785846
v -0.11145457 -0.01430000 0.02680872
v -0.11265352 -0.01430000 0.02803106
v -0.11058470 -0.01430000 0.02750242
v -0.11244784 -0.01430000 0.02832168
v -0.10949999 -0.01430000 0.02775000
v -0.11238864 -0.01430000 0.02867276
v -0.12375855 -0.01430000 0.03575000
v -0.12315671 -0.01430000 0.02973160
v -0.11818715 -0.01430000 0.02649856
v -0.12017679 -0.01430000 0.02675000
v -0.11332036 -0.01430000 0.02783806
v -0.10841528 -0.01430000 0.02750242
v -0.10754541 -0.01430000 0.02680872
v -0.10706267 -0.01430000 0.02580631
v -0.10706267 -0.01430000 0.02469370
v -0.10754541 -0.01430000 0.02369127
v -0.12348329 -0.01430000 0.02987858
v -0.12419999 -0.01430000 0.02475001
v -0.12946083 -0.01430000 0.02196394
v -0.12281442 -0.01430000 0.02973792
v -0.11058470 -0.01430000 0.02299758
v -0.11145457 -0.01430000 0.02369127
v -0.11193731 -0.01430000 0.02469370
v -0.11462857 -0.01430000 0.02451317
v -0.11627933 -0.01430000 0.02573625
v -0.12379985 -0.01430000 0.03050078
v -0.12371302 -0.01430000 0.03015333
v -0.13009387 -0.01430000 0.02451755
v -0.10841528 -0.01430000 0.02299758
v -0.10949999 -0.01430000 0.02275000
v -0.12151287 -0.01430000 0.02997077
v -0.12017707 -0.01430000 0.03005000
v -0.11787357 -0.01430000 0.02981273
v -0.12391356 -0.01430000 0.02403447
v -0.12385950 -0.01430000 0.02325637
v -0.12841789 -0.01430000 0.01954859
v -0.12430894 -0.01430000 0.01811927
v -0.12699322 -0.01430000 0.01733681
v -0.11566681 -0.01430000 0.02911087
v -0.11364946 -0.01430000 0.02797390
v -0.11248762 -0.01430000 0.02901476
v -0.11272519 -0.01430000 0.02927994
v -0.11442820 -0.01430000 0.03029819
v -0.11626722 -0.01430000 0.03104321
v -0.11819874 -0.01430000 0.03149740
v -0.12017707 -0.01430000 0.03165000
v -0.12169234 -0.01430000 0.03156070
v -0.12318663 -0.01430000 0.03129402
v -0.12573777 -0.01430000 0.01675143
v -0.12643711 -0.01430000 0.01689052
v -0.12505321 -0.01430000 0.01695098
v -0.12453814 -0.01430000 0.01744406
v -0.12199999 -0.01406893 0.03690457
v -0.12199999 -0.01341130 0.03788129
v -0.12199999 -0.01242843 0.03852968
f 1 2 3
f 3 2 4
f 4 2 5
f 5 2 6
f 5 6 7
f 8 9 10
f 10 9 11
f 10 11 6
f 6 11 12
f 6 12 7
f 13 14 15
f 15 14 16
f 15 16 17
f 17 16 18
f 17 18 19
f 20 21 22
f 22 21 23
f 22 23 24
f 24 23 25
f 24 25 26
f 26 25 27
f 26 27 28
f 28 27 29
f 28 29 30
f 18 31 19
f 19 31 32
f 19 32 33
f 33 32 34
f 33 34 35
f 35 34 36
f 35 36 37
f 37 36 38
f 37 38 20
f 20 38 39
f 20 39 21
f 40 41 42
f 42 41 43
f 42 43 44
f 44 43 45
f 44 45 46
f 46 45 47
f 46 47 48
f 48 47 49
f 48 49 13
f 13 49 50
f 13 50 14
f 51 52 6
f 6 52 53
f 6 53 10
f 10 53 54
f 10 54 8
f 8 54 55
f 8 55 40
f 40 55 56
f 40 56 41
f 29 57 30
f 30 57 58
f 30 58 59
f 59 58 60
f 59 60 1
f 1 60 61
f 1 61 51
f 51 61 62
f 51 62 52
f 61 63 64
f 61 64 62
f 62 64 65
f 62 65 52
f 52 65 66
f 52 66 53
f 53 66 67
f 53 67 54
f 54 67 68
f 54 68 55
f 55 68 69
f 55 69 56
f 56 69 70
f 56 70 41
f 41 70 71
f 41 71 43
f 43 71 72
f 43 72 45
f 45 72 73
f 45 73 47
f 47 73 74
f 47 74 49
f 49 74 75
f 49 75 50
f 50 75 76
f 50 76 14
f 14 76 77
f 14 77 16
f 16 77 78
f 16 78 18
f 18 78 79
f 18 79 31
f 31 79 80
f 31 80 32
f 32 80 81
f 32 81 34
f 34 81 82
f 34 82 36
f 36 82 83
f 36 83 38
f 38 83 84
f 38 84 39
f 39 84 85
f 39 85 21
f 21 85 86
f 21 86 23
f 23 86 87
f 23 87 25
f 25 87 88
f 25 88 27
f 27 88 89
f 27 89 29
f 29 89 90
f 29 90 57
f 57 90 91
f 57 91 58
f 58 91 92
f 58 92 60
f 60 92 63
f 60 63 61
f 93 63 92
f 93 92 94
f 94 92 91
f 94 91 95
f 95 91 90
f 95 90 96
f 96 90 89
f 96 89 97
f 97 89 88
f 97 88 98
f 98 88 87
f 98 87 99
f 99 87 86
f 99 86 100
f 100 86 85
f 100 85 101
f 101 85 84
f 101 84 102
f 102 84 83
f 102 83 103
f 103 83 82
f 103 82 104
f 104 82 81
f 104 81 105
f 105 81 80
f 105 80 106
f 106 80 79
f 106 79 107
f 107 79 78
f 107 78 108
f 108 78 77
f 108 77 109
f 109 77 76
f 109 76 110
f 110 76 75
f 110 75 111
f 111 75 74
f 111 74 112
f 112 74 73
f 112 73 113
f 113 73 72
f 113 72 114
f 114 72 71
f 114 71 115
f 115 71 70
f 115 70 116
f 116 70 69
f 116 69 117
f 117 69 68
f 117 68 118
f 118 68 67
f 118 67 119
f 119 67 66
f 119 66 120
f 120 66 65
f 120 65 121
f 121 65 64
f 121 64 122
f 122 64 63
f 122 63 93
f 123 117 124
f 124 117 118
f 124 118 125
f 125 118 119
f 125 119 126
f 119 120 126
f 126 120 121
f 126 121 127
f 127 121 122
f 127 122 128
f 128 122 93
f 128 93 129
f 130 110 131
f 131 110 111
f 131 111 132
f 132 111 112
f 132 112 133
f 112 113 133
f 133 113 114
f 133 114 134
f 134 114 115
f 134 115 123
f 123 115 116
f 123 116 117
f 135 106 136
f 136 106 107
f 136 107 137
f 137 107 108
f 137 108 130
f 130 108 109
f 130 109 110
f 138 102 139
f 139 102 103
f 139 103 140
f 140 103 104
f 140 104 135
f 135 104 105
f 135 105 106
f 141 99 142
f 142 99 100
f 142 100 138
f 138 100 101
f 138 101 102
f 93 94 129
f 129 94 95
f 129 95 143
f 143 95 96
f 143 96 144
f 144 96 97
f 144 97 141
f 141 97 98
f 141 98 99
f 145 137 130
f 145 130 146
f 146 130 131
f 146 131 147
f 147 131 132
f 147 132 148
f 148 132 133
f 148 133 149
f 149 133 134
f 149 134 150
f 150 134 123
f 150 123 151
f 151 123 124
f 151 124 152
f 152 124 125
f 152 125 153
f 153 125 126
f 153 126 154
f 154 126 127
f 154 127 155
f 155 127 128
f 155 128 156
f 157 145 146
f 157 146 158
f 158 146 147
f 158 147 159
f 159 147 148
f 159 148 160
f 160 148 149
f 160 149 161
f 161 149 150
f 161 150 162
f 162 150 151
f 162 151 163
f 163 151 152
f 163 152 164
f 164 152 153
f 164 153 165
f 165 153 154
f 165 154 166
f 166 154 155
f 166 155 167
f 167 155 156
f 167 156 168
f 166 167 169
f 162 163 169
f 162 169 161
f 163 164 169
f 169 164 165
f 169 165 166
f 170 171 172
f 172 171 173
f 172 173 174
f 170 172 175
f 175 172 176
f 175 176 177
f 167 168 169
f 169 168 175
f 169 175 178
f 178 175 177
f 157 158 159
f 157 159 169
f 169 159 160
f 169 160 161
f 168 156 179
f 168 179 175
f 175 179 180
f 175 180 170
f 170 180 181
f 170 181 171
f 171 181 182
f 171 182 173
f 173 182 183
f 173 183 174
f 174 183 184
f 174 184 172
f 172 184 185
f 172 185 176
f 176 185 186
f 176 186 177
f 177 186 187
f 177 187 178
f 178 187 188
f 178 188 169
f 169 188 145
f 169 145 157
f 156 128 129
f 156 129 179
f 179 129 143
f 179 143 180
f 180 143 144
f 180 144 181
f 181 144 141
f 181 141 182
f 182 141 142
f 182 142 183
f 183 142 138
f 183 138 184
f 184 138 139
f 184 139 185
f 185 139 140
f 185 140 186
f 186 140 135
f 186 135 187
f 187 135 136
f 187 136 188
f 188 136 137
f 188 137 145
f 26 28 189
f 189 28 190
f 190 28 191
f 191 28 30
f 191 30 192
f 1 193 59
f 59 193 194
f 59 194 30
f 30 194 195
f 30 195 192
f 196 26 189
f 195 194 197
f 197 194 193
f 197 193 1
f 189 190 196
f 196 190 191
f 196 191 197
f 197 191 192
f 197 192 195
f 198 37 199
f 200 201 196
f 196 201 202
f 196 202 26
f 199 203 198
f 198 203 204
f 198 204 196
f 196 204 205
f 196 205 200
f 206 17 207
f 208 209 198
f 198 209 210
f 198 210 37
f 207 211 206
f 206 211 212
f 206 212 198
f 198 212 213
f 198 213 208
f 214 46 215
f 216 217 206
f 206 217 218
f 206 218 17
f 215 219 214
f 214 219 220
f 214 220 206
f 206 220 221
f 206 221 216
f 222 8 223
f 224 225 214
f 214 225 226
f 214 226 46
f 223 227 222
f 222 227 228
f 222 228 214
f 214 228 229
f 214 229 224
f 197 1 3
f 12 11 222
f 222 11 9
f 222 9 8
f 3 4 197
f 197 4 5
f 197 5 222
f 222 5 7
f 222 7 12
f 230 231 232
f 232 231 197
f 232 197 222
f 233 230 232
f 231 230 233
f 197 231 233
f 222 234 233
f 233 235 236
f 237 235 233
f 234 237 233
f 214 238 233
f 233 239 206
f 240 239 233
f 238 240 233
f 236 214 233
f 232 222 233
f 234 222 214
f 214 236 234
f 234 236 235
f 234 235 237
f 233 241 242
f 243 241 233
f 206 243 233
f 198 244 233
f 233 245 246
f 247 245 233
f 244 247 233
f 196 248 233
f 233 249 197
f 250 249 233
f 248 250 233
f 246 196 233
f 242 198 233
f 196 197 248
f 248 197 249
f 248 249 250
f 244 198 196
f 196 246 244
f 244 246 245
f 244 245 247
f 198 242 206
f 206 242 241
f 206 241 243
f 214 206 238
f 238 206 239
f 238 239 240
f 8 40 223
f 223 40 227
f 227 40 228
f 228 40 42
f 228 42 229
f 46 226 44
f 44 226 225
f 44 225 42
f 42 225 224
f 42 224 229
f 46 48 215
f 215 48 219
f 219 48 220
f 220 48 13
f 220 13 221
f 17 218 15
f 15 218 217
f 15 217 13
f 13 217 216
f 13 216 221
f 17 19 207
f 207 19 211
f 211 19 212
f 212 19 33
f 212 33 213
f 37 210 35
f 35 210 209
f 35 209 33
f 33 209 208
f 33 208 213
f 37 20 199
f 199 20 203
f 203 20 204
f 204 20 22
f 204 22 205
f 26 202 24
f 24 202 201
f 24 201 22
f 22 201 200
f 22 200 205
f 251 252 253
f 254 255 256
f 256 255 257
f 256 257 258
f 253 259 251
f 251 259 260
f 251 260 256
f 256 260 261
f 256 261 254
f 262 263 264
f 265 266 251
f 251 266 267
f 251 267 252
f 264 268 262
f 262 268 269
f 262 269 251
f 251 269 270
f 251 270 265
f 271 272 273
f 274 275 262
f 262 275 276
f 262 276 263
f 273 277 271
f 271 277 278
f 271 278 262
f 262 278 279
f 262 279 274
f 280 281 282
f 283 284 271
f 271 284 285
f 271 285 272
f 282 286 280
f 280 286 287
f 280 287 271
f 271 287 288
f 271 288 283
f 289 290 291
f 292 293 280
f 280 293 294
f 280 294 281
f 291 295 289
f 289 295 296
f 289 296 280
f 280 296 297
f 280 297 292
f 256 258 298
f 299 300 289
f 289 300 301
f 289 301 290
f 298 302 256
f 256 302 303
f 256 303 289
f 289 303 304
f 289 304 299
f 256 289 305
f 305 289 306
f 305 306 307
f 308 309 310
f 311 309 308
f 262 311 308
f 251 312 308
f 308 313 314
f 315 313 308
f 312 315 308
f 256 305 308
f 308 306 289
f 307 306 308
f 305 307 308
f 314 256 308
f 310 251 308
f 308 316 317
f 318 316 308
f 289 318 308
f 280 319 308
f 308 320 321
f 322 320 308
f 319 322 308
f 271 323 308
f 308 324 262
f 325 324 308
f 323 325 308
f 321 271 308
f 317 280 308
f 280 271 319
f 319 271 321
f 319 321 322
f 322 321 320
f 316 318 317
f 317 318 289
f 317 289 280
f 271 262 323
f 323 262 324
f 323 324 325
f 251 256 314
f 251 314 312
f 312 314 313
f 312 313 315
f 251 310 262
f 262 310 309
f 262 309 311
f 258 326 298
f 298 326 302
f 302 326 303
f 303 326 327
f 303 327 304
f 290 301 328
f 328 301 300
f 328 300 327
f 327 300 299
f 327 299 304
f 329 330 331
f 331 330 332
f 331 332 263
f 263 332 333
f 263 333 334
f 335 336 337
f 337 336 338
f 337 338 339
f 339 338 340
f 339 340 272
f 272 340 341
f 272 341 342
f 342 341 343
f 342 343 329
f 329 343 344
f 329 344 330
f 345 346 347
f 347 346 348
f 347 348 349
f 349 348 350
f 349 350 281
f 281 350 351
f 281 351 335
f 335 351 352
f 335 352 336
f 327 353 328
f 328 353 354
f 328 354 290
f 290 354 355
f 290 355 345
f 345 355 356
f 345 356 346
f 357 358 359
f 359 358 360
f 359 360 258
f 258 360 361
f 258 361 326
f 326 361 362
f 326 362 327
f 327 362 363
f 327 363 353
f 333 364 334
f 334 364 365
f 334 365 366
f 366 365 367
f 366 367 368
f 368 367 369
f 368 369 252
f 252 369 370
f 252 370 371
f 371 370 372
f 371 372 357
f 357 372 373
f 357 373 358
f 355 374 375
f 355 375 356
f 356 375 376
f 356 376 346
f 346 376 377
f 346 377 348
f 348 377 378
f 348 378 350
f 350 378 379
f 350 379 351
f 351 379 380
f 351 380 352
f 352 380 381
f 352 381 336
f 336 381 382
f 336 382 338
f 338 382 383
f 338 383 340
f 340 383 384
f 340 384 341
f 341 384 385
f 341 385 343
f 343 385 386
f 343 386 344
f 344 386 387
f 344 387 330
f 330 387 388
f 330 388 332
f 332 388 389
f 332 389 333
f 333 389 390
f 333 390 364
f 364 390 391
f 364 391 365
f 365 391 392
f 365 392 367
f 367 392 393
f 367 393 369
f 369 393 394
f 369 394 370
f 370 394 395
f 370 395 372
f 372 395 396
f 372 396 373
f 373 396 397
f 373 397 358
f 358 397 398
f 358 398 360
f 360 398 399
f 360 399 361
f 361 399 400
f 361 400 362
f 362 400 401
f 362 401 363
f 363 401 402
f 363 402 353
f 353 402 403
f 353 403 354
f 354 403 374
f 354 374 355
f 404 374 403
f 404 403 405
f 405 403 402
f 405 402 406
f 406 402 401
f 406 401 407
f 407 401 400
f 407 400 408
f 408 400 399
f 408 399 409
f 409 399 398
f 409 398 410
f 410 398 397
f 410 397 411
f 411 397 396
f 411 396 412
f 412 396 395
f 412 395 413
f 413 395 394
f 413 394 414
f 414 394 393
f 414 393 415
f 415 393 392
f 415 392 416
f 416 392 391
f 416 391 417
f 417 391 390
f 417 390 418
f 418 390 389
f 418 389 419
f 419 389 388
f 419 388 420
f 420 388 387
f 420 387 421
f 421 387 386
f 421 386 422
f 422 386 385
f 422 385 423
f 423 385 384
f 423 384 424
f 424 384 383
f 424 383 425
f 425 383 382
f 425 382 426
f 426 382 381
f 426 381 427
f 427 381 380
f 427 380 428
f 428 380 379
f 428 379 429
f 429 379 378
f 429 378 430
f 430 378 377
f 430 377 431
f 431 377 376
f 431 376 432
f 432 376 375
f 432 375 433
f 433 375 374
f 433 374 404
f 434 428 435
f 435 428 429
f 435 429 436
f 436 429 430
f 436 430 437
f 430 431 437
f 437 431 432
f 437 432 438
f 438 432 433
f 438 433 439
f 439 433 404
f 439 404 440
f 441 425 442
f 442 425 426
f 442 426 434
f 434 426 427
f 434 427 428
f 443 421 444
f 444 421 422
f 444 422 445
f 445 422 423
f 445 423 441
f 441 423 424
f 441 424 425
f 446 417 447
f 447 417 418
f 447 418 448
f 448 418 419
f 448 419 443
f 443 419 420
f 443 420 421
f 449 413 450
f 450 413 414
f 450 414 451
f 451 414 415
f 451 415 446
f 446 415 416
f 446 416 417
f 452 410 453
f 453 410 411
f 453 411 449
f 449 411 412
f 449 412 413
f 404 405 440
f 440 405 406
f 440 406 454
f 454 406 407
f 454 407 455
f 455 407 408
f 455 408 452
f 452 408 409
f 452 409 410
f 456 448 443
f 456 443 457
f 457 443 444
f 457 444 458
f 458 444 445
f 458 445 459
f 459 445 441
f 459 441 460
f 460 441 442
f 460 442 461
f 461 442 434
f 461 434 462
f 462 434 435
f 462 435 463
f 463 435 436
f 463 436 464
f 464 436 437
f 464 437 465
f 465 437 438
f 465 438 466
f 466 438 439
f 466 439 467
f 468 456 457
f 468 457 469
f 469 457 458
f 469 458 470
f 470 458 459
f 470 459 471
f 471 459 460
f 471 460 472
f 472 460 461
f 472 461 473
f 473 461 462
f 473 462 474
f 474 462 463
f 474 463 475
f 475 463 464
f 475 464 476
f 476 464 465
f 476 465 477
f 477 465 466
f 477 466 478
f 478 466 467
f 478 467 479
f 477 478 480
f 480 478 479
f 480 479 481
f 482 483 484
f 482 484 485
f 471 472 480
f 480 472 473
f 480 473 474
f 485 484 481
f 481 484 486
f 481 486 487
f 471 480 470
f 470 480 468
f 470 468 469
f 474 475 480
f 480 475 476
f 480 476 477
f 487 488 481
f 481 488 489
f 481 489 480
f 479 467 490
f 479 490 481
f 481 490 491
f 481 491 485
f 485 491 492
f 485 492 482
f 482 492 493
f 482 493 483
f 483 493 494
f 483 494 484
f 484 494 495
f 484 495 486
f 486 495 496
f 486 496 487
f 487 496 497
f 487 497 488
f 488 497 498
f 488 498 489
f 489 498 499
f 489 499 480
f 480 499 456
f 480 456 468
f 467 439 440
f 467 440 490
f 490 440 454
f 490 454 491
f 491 454 455
f 491 455 492
f 492 455 452
f 492 452 493
f 493 452 453
f 493 453 494
f 494 453 449
f 494 449 495
f 495 449 450
f 495 450 496
f 496 450 451
f 496 451 497
f 497 451 446
f 497 446 498
f 498 446 447
f 498 447 499
f 499 447 448
f 499 448 456
f 290 500 291
f 291 500 295
f 295 500 296
f 296 500 347
f 296 347 297
f 281 294 349
f 349 294 293
f 349 293 347
f 347 293 292
f 347 292 297
f 281 335 282
f 282 335 286
f 286 335 287
f 287 335 337
f 287 337 288
f 272 285 339
f 339 285 284
f 339 284 337
f 337 284 283
f 337 283 288
f 272 342 273
f 273 342 277
f 277 342 278
f 278 342 329
f 278 329 279
f 263 276 331
f 331 276 275
f 331 275 329
f 329 275 274
f 329 274 279
f 263 334 264
f 264 334 268
f 268 334 269
f 269 334 366
f 269 366 270
f 252 267 368
f 368 267 266
f 368 266 366
f 366 266 265
f 366 265 270
f 252 371 253
f 253 371 259
f 259 371 260
f 260 371 357
f 260 357 261
f 258 257 359
f 359 257 255
f 359 255 357
f 357 255 254
f 357 254 261
f 501 502 503
f 503 504 501
f 501 504 505
f 501 505 506
f 506 505 507
f 506 507 508
f 508 507 509
f 508 509 510
f 510 509 511
f 510 511 512
f 512 511 513
f 512 513 514
f 514 513 515
f 514 515 516
f 516 515 517
f 516 517 518
f 519 520 521
f 521 520 522
f 521 522 523
f 523 522 518
f 523 518 524
f 524 518 517
f 525 526 527
f 528 529 530
f 528 530 531
f 531 530 532
f 531 532 533
f 533 532 534
f 533 534 535
f 535 534 536
f 535 536 537
f 527 526 538
f 526 539 538
f 538 539 540
f 538 540 541
f 541 540 537
f 541 537 542
f 542 537 536
f 543 544 545
f 543 545 546
f 527 547 525
f 525 547 548
f 525 548 549
f 549 548 550
f 549 550 545
f 545 550 551
f 545 551 546
f 552 553 554
f 555 556 557
f 557 556 558
f 557 558 559
f 559 558 560
f 561 562 563
f 563 562 564
f 563 564 560
f 560 564 565
f 560 565 559
f 561 563 566
f 566 563 567
f 566 567 568
f 569 570 571
f 571 570 572
f 571 572 567
f 567 572 573
f 567 573 568
f 569 571 574
f 574 571 575
f 574 575 576
f 577 578 579
f 579 578 580
f 579 580 575
f 575 580 581
f 575 581 576
f 582 583 584
f 584 583 585
f 584 585 579
f 579 585 586
f 579 586 577
f 582 584 587
f 587 584 588
f 587 588 589
f 554 590 552
f 552 590 591
f 552 591 588
f 588 591 592
f 588 592 589
f 593 594 595
f 596 597 598
f 599 600 601
f 601 600 602
f 603 604 605
f 605 604 606
f 605 606 599
f 599 606 607
f 599 607 600
f 608 609 603
f 603 609 610
f 603 610 604
f 611 612 613
f 613 612 614
f 613 614 608
f 608 614 615
f 608 615 609
f 616 611 617
f 617 611 613
f 617 613 618
f 618 613 619
f 596 598 620
f 621 622 623
f 623 622 624
f 623 624 625
f 625 624 626
f 625 626 627
f 627 626 628
f 627 628 629
f 629 628 630
f 629 630 631
f 631 630 632
f 631 632 633
f 633 632 634
f 633 634 635
f 635 634 636
f 593 595 637
f 601 638 599
f 599 638 639
f 599 639 605
f 605 639 640
f 605 640 603
f 603 640 641
f 603 641 608
f 608 641 642
f 608 642 613
f 613 642 643
f 613 643 619
f 619 643 644
f 638 645 639
f 639 645 646
f 639 646 640
f 640 646 647
f 640 647 641
f 641 647 648
f 641 648 642
f 642 648 649
f 642 649 643
f 643 649 650
f 643 650 644
f 644 650 651
f 597 651 598
f 598 651 650
f 598 650 652
f 652 650 649
f 652 649 653
f 653 649 648
f 653 648 654
f 654 648 647
f 654 647 655
f 655 647 646
f 655 646 595
f 595 646 645
f 595 645 637
f 637 645 638
f 637 638 656
f 656 638 601
f 656 601 657
f 657 601 602
f 657 602 658
f 594 659 595
f 595 659 660
f 595 660 655
f 655 660 661
f 655 661 654
f 654 661 662
f 654 662 653
f 653 662 663
f 653 663 652
f 652 663 664
f 652 664 598
f 598 664 665
f 598 665 620
f 620 665 666
f 659 621 660
f 660 621 623
f 660 623 661
f 661 623 625
f 661 625 662
f 662 625 627
f 662 627 663
f 663 627 629
f 663 629 664
f 664 629 631
f 664 631 665
f 665 631 633
f 665 633 666
f 666 633 635
f 658 602 667
f 667 602 668
f 616 669 611
f 611 669 670
f 611 670 612
f 612 670 671
f 672 615 671
f 671 615 614
f 671 614 612
f 673 610 672
f 672 610 609
f 672 609 615
f 674 606 673
f 673 606 604
f 673 604 610
f 668 602 600
f 668 600 674
f 674 600 607
f 674 607 606
f 675 676 677
f 678 679 680
f 681 682 683
f 682 681 684
f 684 681 685
f 684 685 686
f 687 688 689
f 689 688 690
f 689 690 691
f 691 690 692
f 691 692 693
f 693 692 694
f 693 694 685
f 685 694 695
f 685 695 686
f 696 688 697
f 697 688 687
f 697 687 698
f 698 687 699
f 678 680 700
f 701 667 702
f 702 667 668
f 702 668 703
f 703 668 674
f 703 674 704
f 704 674 673
f 704 673 705
f 705 673 672
f 705 672 706
f 706 672 671
f 706 671 707
f 707 671 670
f 707 670 708
f 708 670 669
f 675 677 709
f 681 710 685
f 685 710 711
f 685 711 693
f 693 711 712
f 693 712 691
f 691 712 713
f 691 713 689
f 689 713 714
f 689 714 687
f 687 714 715
f 687 715 699
f 699 715 716
f 710 717 711
f 711 717 718
f 711 718 712
f 712 718 719
f 712 719 713
f 713 719 720
f 713 720 714
f 714 720 721
f 714 721 715
f 715 721 722
f 715 722 716
f 716 722 723
f 679 723 680
f 680 723 722
f 680 722 724
f 724 722 721
f 724 721 725
f 725 721 720
f 725 720 726
f 726 720 719
f 726 719 727
f 727 719 718
f 727 718 677
f 677 718 717
f 677 717 709
f 709 717 710
f 709 710 728
f 728 710 681
f 728 681 729
f 729 681 683
f 729 683 730
f 676 731 677
f 677 731 732
f 677 732 727
f 727 732 733
f 727 733 726
f 726 733 734
f 726 734 725
f 725 734 735
f 725 735 724
f 724 735 736
f 724 736 680
f 680 736 737
f 680 737 700
f 700 737 738
f 731 701 732
f 732 701 702
f 732 702 733
f 733 702 703
f 733 703 734
f 734 703 704
f 734 704 735
f 735 704 705
f 735 705 736
f 736 705 706
f 736 706 737
f 737 706 707
f 737 707 738
f 738 707 708
f 688 696 739
f 740 741 730
f 739 742 688
f 688 742 743
f 688 743 690
f 690 743 744
f 745 694 744
f 744 694 692
f 744 692 690
f 746 686 745
f 745 686 695
f 745 695 694
f 730 683 740
f 740 683 682
f 740 682 746
f 746 682 684
f 746 684 686
f 747 748 749
f 750 751 752
f 753 754 755
f 756 757 758
f 758 757 759
f 758 759 760
f 760 759 761
f 760 761 762
f 762 761 763
f 762 763 755
f 755 763 764
f 755 764 753
f 765 766 767
f 767 766 768
f 767 768 756
f 756 768 769
f 756 769 757
f 770 765 771
f 771 765 767
f 771 767 772
f 772 767 773
f 750 752 774
f 739 775 742
f 742 775 776
f 742 776 743
f 743 776 777
f 743 777 744
f 744 777 778
f 744 778 745
f 745 778 779
f 745 779 746
f 746 779 780
f 746 780 740
f 780 781 740
f 740 781 782
f 740 782 741
f 754 783 755
f 755 783 784
f 755 784 762
f 762 784 785
f 762 785 760
f 760 785 786
f 760 786 758
f 758 786 787
f 758 787 756
f 756 787 788
f 756 788 767
f 767 788 789
f 767 789 773
f 773 789 790
f 783 791 784
f 784 791 792
f 784 792 785
f 785 792 793
f 785 793 786
f 786 793 794
f 786 794 787
f 787 794 795
f 787 795 788
f 788 795 796
f 788 796 789
f 789 796 797
f 789 797 790
f 790 797 798
f 791 747 792
f 792 747 749
f 792 749 793
f 793 749 799
f 793 799 794
f 794 799 800
f 794 800 795
f 795 800 801
f 795 801 796
f 796 801 802
f 796 802 797
f 797 802 752
f 797 752 798
f 798 752 751
f 748 803 749
f 749 803 804
f 749 804 799
f 799 804 805
f 799 805 800
f 800 805 806
f 800 806 801
f 801 806 807
f 801 807 802
f 802 807 808
f 802 808 752
f 752 808 809
f 752 809 774
f 774 809 810
f 803 782 804
f 804 782 781
f 804 781 805
f 805 781 780
f 805 780 806
f 806 780 779
f 806 779 807
f 807 779 778
f 807 778 808
f 808 778 777
f 808 777 809
f 809 777 776
f 809 776 810
f 810 776 775
f 811 812 753
f 770 813 765
f 765 813 814
f 765 814 766
f 766 814 815
f 816 769 815
f 815 769 768
f 815 768 766
f 753 764 811
f 811 764 763
f 811 763 817
f 817 763 761
f 817 761 818
f 818 761 759
f 818 759 816
f 816 759 757
f 816 757 769
f 819 820 821
f 822 823 824
f 825 826 827
f 827 826 828
f 827 828 829
f 829 828 830
f 830 828 831
f 830 831 832
f 833 834 835
f 835 834 836
f 835 836 837
f 837 836 838
f 837 838 839
f 839 838 840
f 839 840 831
f 831 840 841
f 831 841 832
f 842 834 843
f 843 834 833
f 843 833 844
f 844 833 845
f 822 824 846
f 813 847 814
f 814 847 848
f 814 848 815
f 815 848 849
f 815 849 816
f 816 849 850
f 816 850 818
f 818 850 851
f 818 851 817
f 817 851 852
f 817 852 811
f 852 853 811
f 811 853 854
f 811 854 812
f 826 855 828
f 828 855 856
f 828 856 831
f 831 856 857
f 831 857 839
f 839 857 858
f 839 858 837
f 837 858 859
f 837 859 835
f 835 859 860
f 835 860 833
f 833 860 861
f 833 861 845
f 845 861 862
f 855 863 856
f 856 863 864
f 856 864 857
f 857 864 865
f 857 865 858
f 858 865 866
f 858 866 859
f 859 866 867
f 859 867 860
f 860 867 868
f 860 868 861
f 861 868 869
f 861 869 862
f 862 869 870
f 863 819 864
f 864 819 821
f 864 821 865
f 865 821 871
f 865 871 866
f 866 871 872
f 866 872 867
f 867 872 873
f 867 873 868
f 868 873 874
f 868 874 869
f 869 874 824
f 869 824 870
f 870 824 823
f 820 875 821
f 821 875 876
f 821 876 871
f 871 876 877
f 871 877 872
f 872 877 878
f 872 878 873
f 873 878 879
f 873 879 874
f 874 879 880
f 874 880 824
f 824 880 881
f 824 881 846
f 846 881 882
f 875 854 876
f 876 854 853
f 876 853 877
f 877 853 852
f 877 852 878
f 878 852 851
f 878 851 879
f 879 851 850
f 879 850 880
f 880 850 849
f 880 849 881
f 881 849 848
f 881 848 882
f 882 848 847
f 834 842 636
f 636 634 834
f 834 634 632
f 834 632 836
f 836 632 630
f 836 630 838
f 628 626 830
f 830 832 628
f 628 832 841
f 628 841 630
f 630 841 840
f 630 840 838
f 622 825 624
f 624 825 827
f 624 827 626
f 626 827 829
f 626 829 830
f 883 884 842
f 842 884 636
f 885 616 886
f 886 616 617
f 886 617 887
f 887 617 888
f 889 635 890
f 890 635 636
f 890 636 884
f 617 618 888
f 888 618 619
f 888 619 891
f 891 619 644
f 891 644 892
f 892 644 651
f 892 651 893
f 893 651 597
f 893 597 894
f 894 597 596
f 894 596 895
f 895 596 620
f 895 620 889
f 889 620 666
f 889 666 635
f 885 896 616
f 616 896 669
f 897 696 898
f 898 696 697
f 898 697 899
f 900 708 901
f 901 708 669
f 901 669 896
f 697 698 899
f 899 698 699
f 899 699 902
f 902 699 716
f 902 716 903
f 903 716 723
f 903 723 904
f 904 723 679
f 904 679 905
f 905 679 678
f 905 678 906
f 906 678 700
f 906 700 900
f 900 700 738
f 900 738 708
f 897 907 696
f 696 907 739
f 908 770 909
f 909 770 771
f 909 771 910
f 911 775 912
f 912 775 739
f 912 739 907
f 771 772 910
f 910 772 773
f 910 773 913
f 913 773 790
f 913 790 914
f 914 790 798
f 914 798 915
f 915 798 751
f 915 751 916
f 916 751 750
f 916 750 917
f 917 750 774
f 917 774 911
f 911 774 810
f 911 810 775
f 908 918 770
f 770 918 813
f 883 842 919
f 919 842 843
f 919 843 920
f 921 847 922
f 922 847 813
f 922 813 918
f 843 844 920
f 920 844 845
f 920 845 923
f 923 845 862
f 923 862 924
f 924 862 870
f 924 870 925
f 925 870 823
f 925 823 926
f 926 823 822
f 926 822 927
f 927 822 846
f 927 846 921
f 921 846 882
f 921 882 847
f 928 929 930
f 931 932 933
f 933 932 934
f 935 936 937
f 937 936 938
f 937 938 939
f 939 938 940
f 939 940 941
f 941 940 931
f 941 931 942
f 942 931 933
f 929 943 930
f 930 943 944
f 930 944 945
f 945 944 946
f 945 946 947
f 947 946 935
f 947 935 948
f 948 935 937
f 949 950 928
f 922 918 950
f 950 949 922
f 922 949 951
f 922 951 921
f 921 951 952
f 921 952 927
f 927 952 953
f 927 953 926
f 926 953 954
f 926 954 925
f 925 954 955
f 925 955 924
f 924 955 956
f 924 956 923
f 923 956 957
f 923 957 920
f 920 957 958
f 920 958 919
f 919 958 959
f 919 959 883
f 928 930 949
f 949 930 945
f 949 945 951
f 951 945 947
f 951 947 952
f 952 947 948
f 952 948 953
f 953 948 937
f 953 937 954
f 954 937 939
f 954 939 955
f 955 939 941
f 955 941 956
f 956 941 942
f 956 942 957
f 957 942 933
f 957 933 958
f 958 933 934
f 958 934 959
f 960 934 961
f 961 934 932
f 884 883 962
f 962 883 959
f 962 959 960
f 960 959 934
f 963 964 965
f 965 964 966
f 967 968 969
f 969 968 970
f 969 970 971
f 971 970 972
f 971 972 973
f 973 972 963
f 973 963 974
f 974 963 965
f 975 976 977
f 977 976 978
f 977 978 979
f 979 978 967
f 979 967 980
f 980 967 969
f 962 960 975
f 975 960 961
f 975 961 976
f 890 884 962
f 962 981 890
f 890 981 982
f 890 982 889
f 889 982 983
f 889 983 895
f 895 983 984
f 895 984 894
f 894 984 985
f 894 985 893
f 893 985 986
f 893 986 892
f 892 986 987
f 892 987 891
f 891 987 988
f 891 988 888
f 888 988 887
f 887 988 989
f 887 989 886
f 886 989 990
f 886 990 885
f 962 975 981
f 981 975 977
f 981 977 982
f 982 977 979
f 982 979 983
f 983 979 980
f 983 980 984
f 984 980 969
f 984 969 985
f 985 969 971
f 985 971 986
f 986 971 973
f 986 973 987
f 987 973 974
f 987 974 988
f 988 974 965
f 988 965 989
f 989 965 966
f 989 966 990
f 966 964 991
f 992 896 885
f 991 993 966
f 966 993 992
f 966 992 990
f 990 992 885
f 994 995 996
f 996 995 997
f 996 997 998
f 999 1000 1001
f 1001 1000 1002
f 1001 1002 1003
f 1003 1002 1004
f 1003 1004 1005
f 1005 1004 994
f 1005 994 1006
f 1006 994 996
f 1007 1008 1009
f 1009 1008 1010
f 1009 1010 1011
f 1011 1010 999
f 1011 999 1012
f 1012 999 1001
f 992 993 1007
f 1007 993 991
f 1007 991 1008
f 901 896 992
f 992 1013 901
f 901 1013 1014
f 901 1014 900
f 900 1014 1015
f 900 1015 906
f 906 1015 1016
f 906 1016 905
f 905 1016 1017
f 905 1017 904
f 904 1017 1018
f 904 1018 903
f 903 1018 1019
f 903 1019 902
f 902 1019 1020
f 902 1020 899
f 899 1020 1021
f 899 1021 898
f 898 1021 1022
f 898 1022 897
f 992 1007 1013
f 1013 1007 1009
f 1013 1009 1014
f 1014 1009 1011
f 1014 1011 1015
f 1015 1011 1012
f 1015 1012 1016
f 1016 1012 1001
f 1016 1001 1017
f 1017 1001 1003
f 1017 1003 1018
f 1018 1003 1005
f 1018 1005 1019
f 1019 1005 1006
f 1019 1006 1020
f 1020 1006 996
f 1020 996 1021
f 1021 996 998
f 1021 998 1022
f 907 897 1023
f 1023 897 1022
f 1023 1022 1024
f 1024 1022 998
f 1024 998 1025
f 1025 998 997
f 1025 997 1026
f 1026 997 995
f 1024 1025 1027
f 1028 1029 1030
f 1030 1029 1031
f 1030 1031 1032
f 1033 1034 1035
f 1035 1034 1036
f 1035 1036 1037
f 1037 1036 1038
f 1037 1038 1039
f 1039 1038 1028
f 1039 1028 1040
f 1040 1028 1030
f 1025 1026 1027
f 1027 1026 1041
f 1027 1041 1042
f 1042 1041 1043
f 1042 1043 1044
f 1044 1043 1033
f 1044 1033 1045
f 1045 1033 1035
f 1046 1023 1024
f 912 907 1023
f 1023 1046 912
f 912 1046 1047
f 912 1047 911
f 911 1047 1048
f 911 1048 917
f 917 1048 1049
f 917 1049 916
f 916 1049 1050
f 916 1050 915
f 915 1050 1051
f 915 1051 914
f 914 1051 1052
f 914 1052 913
f 913 1052 1053
f 913 1053 910
f 910 1053 1054
f 910 1054 909
f 909 1054 1055
f 909 1055 908
f 1024 1027 1046
f 1046 1027 1042
f 1046 1042 1047
f 1047 1042 1044
f 1047 1044 1048
f 1048 1044 1045
f 1048 1045 1049
f 1049 1045 1035
f 1049 1035 1050
f 1050 1035 1037
f 1050 1037 1051
f 1051 1037 1039
f 1051 1039 1052
f 1052 1039 1040
f 1052 1040 1053
f 1053 1040 1030
f 1053 1030 1054
f 1054 1030 1032
f 1054 1032 1055
f 918 908 950
f 950 908 1055
f 950 1055 928
f 928 1055 1032
f 928 1032 929
f 929 1032 1031
f 929 1031 943
f 943 1031 1029
f 1056 1057 1058
f 1058 1057 1059
f 1058 1059 1029
f 1029 1059 943
f 1060 932 1061
f 1061 932 931
f 1061 931 1062
f 943 1059 944
f 944 1059 1063
f 944 1063 946
f 946 1063 1064
f 946 1064 935
f 935 1064 1065
f 935 1065 936
f 936 1065 1066
f 936 1066 938
f 938 1066 940
f 1067 1060 1068
f 1068 1060 1061
f 1068 1061 1069
f 1069 1061 1062
f 1069 1062 1070
f 1059 1057 1063
f 1063 1057 1071
f 1063 1071 1064
f 1064 1071 1072
f 1064 1072 1065
f 1065 1072 1070
f 1065 1070 1066
f 1066 1070 1062
f 1066 1062 940
f 940 1062 931
f 1067 1073 1060
f 1060 1073 1074
f 1060 1074 932
f 932 1074 961
f 972 970 1075
f 1076 964 1077
f 1077 964 963
f 1077 963 1078
f 1075 970 1079
f 961 1074 976
f 976 1074 1080
f 976 1080 978
f 978 1080 1081
f 978 1081 967
f 967 1081 1079
f 967 1079 968
f 968 1079 970
f 1082 1076 1083
f 1083 1076 1077
f 1083 1077 1084
f 1084 1077 1078
f 1084 1078 1085
f 1074 1073 1080
f 1080 1073 1086
f 1080 1086 1081
f 1081 1086 1087
f 1081 1087 1079
f 1079 1087 1085
f 1079 1085 1075
f 1075 1085 1078
f 1075 1078 972
f 972 1078 963
f 1082 1088 1076
f 1076 1088 1089
f 1076 1089 964
f 964 1089 991
f 1004 1002 1090
f 1091 995 1092
f 1092 995 994
f 1092 994 1093
f 1090 1002 1094
f 991 1089 1008
f 1008 1089 1095
f 1008 1095 1010
f 1010 1095 1096
f 1010 1096 999
f 999 1096 1094
f 999 1094 1000
f 1000 1094 1002
f 1097 1091 1098
f 1098 1091 1092
f 1098 1092 1099
f 1099 1092 1093
f 1099 1093 1100
f 1089 1088 1095
f 1095 1088 1101
f 1095 1101 1096
f 1096 1101 1102
f 1096 1102 1094
f 1094 1102 1100
f 1094 1100 1090
f 1090 1100 1093
f 1090 1093 1004
f 1004 1093 994
f 1097 1103 1091
f 1091 1103 1104
f 1091 1104 995
f 995 1104 1026
f 1038 1036 1105
f 1058 1029 1106
f 1106 1029 1028
f 1106 1028 1107
f 1105 1036 1108
f 1026 1104 1041
f 1041 1104 1109
f 1041 1109 1043
f 1043 1109 1110
f 1043 1110 1033
f 1033 1110 1108
f 1033 1108 1034
f 1034 1108 1036
f 1056 1058 1111
f 1111 1058 1106
f 1111 1106 1112
f 1112 1106 1107
f 1112 1107 1113
f 1104 1103 1109
f 1109 1103 1114
f 1109 1114 1110
f 1110 1114 1115
f 1110 1115 1108
f 1108 1115 1113
f 1108 1113 1105
f 1105 1113 1107
f 1105 1107 1038
f 1038 1107 1028
f 1103 1116 1114
f 1114 1116 1117
f 1114 1117 1115
f 1115 1117 1118
f 1115 1118 1113
f 1113 1118 1119
f 1113 1119 1112
f 1112 1119 1120
f 1112 1120 1111
f 1111 1120 1121
f 1111 1121 1056
f 1056 1121 1122
f 1103 1097 1116
f 1116 1097 1123
f 1116 1123 1124
f 1124 1123 1125
f 1124 1125 1126
f 1126 1125 1127
f 1126 1127 1128
f 1128 1127 1129
f 1130 1131 1129
f 1129 1131 1128
f 1132 1133 1134
f 1134 1133 1135
f 1135 1136 1134
f 1134 1136 1137
f 1134 1137 1138
f 1137 1139 1138
f 1138 1139 1140
f 1138 1140 1141
f 1140 1142 1141
f 1141 1142 1143
f 1141 1143 1144
f 1144 1143 1145
f 1144 1145 1131
f 1131 1145 1146
f 1131 1146 1128
f 1132 1147 1133
f 1133 1147 1148
f 1149 1150 1151
f 1149 1151 1152
f 1152 1151 1153
f 1152 1153 1154
f 1153 1155 1154
f 1154 1155 1156
f 1154 1156 1157
f 1156 1158 1157
f 1157 1158 1159
f 1157 1159 1160
f 1160 1159 1161
f 1148 1147 1162
f 1162 1147 1160
f 1162 1160 1163
f 1163 1160 1161
f 1149 1164 1150
f 1150 1164 1165
f 1166 1167 1168
f 1168 1169 1166
f 1166 1169 1170
f 1166 1170 1171
f 1170 1172 1171
f 1171 1172 1173
f 1171 1173 1174
f 1173 1175 1174
f 1174 1175 1176
f 1174 1176 1177
f 1177 1176 1178
f 1165 1164 1179
f 1179 1164 1177
f 1179 1177 1180
f 1180 1177 1178
f 1167 1181 1168
f 1168 1181 1182
f 1130 1129 1183
f 1183 1129 1184
f 1184 1185 1183
f 1183 1185 1186
f 1183 1186 1187
f 1186 1188 1187
f 1187 1188 1189
f 1187 1189 1190
f 1189 1191 1190
f 1190 1191 1192
f 1190 1192 1193
f 1182 1181 1194
f 1194 1181 1193
f 1194 1193 1195
f 1195 1193 1192
f 1196 1197 1187
f 1187 1197 1198
f 1187 1198 1183
f 1198 1199 1183
f 1183 1199 1200
f 1183 1200 1130
f 1130 1200 1201
f 1130 1201 1131
f 1131 1201 1202
f 1131 1202 1144
f 1177 1203 1204
f 1205 1138 1206
f 1206 1138 1141
f 1206 1141 1207
f 1202 1208 1144
f 1144 1208 1209
f 1144 1209 1141
f 1141 1209 1210
f 1141 1210 1207
f 1196 1187 1211
f 1211 1187 1190
f 1211 1190 1212
f 1193 1213 1190
f 1190 1213 1214
f 1190 1214 1212
f 1177 1204 1174
f 539 526 1154
f 1154 526 525
f 1154 525 1152
f 1160 531 533
f 1215 1216 1171
f 1171 1216 1217
f 1171 1217 1166
f 1204 1218 1174
f 1174 1218 1219
f 1174 1219 1171
f 1171 1219 1220
f 1171 1220 1215
f 1160 533 1157
f 1217 1221 1166
f 1166 1221 1222
f 1166 1222 1167
f 1167 1222 1223
f 1167 1223 1181
f 1181 1223 1224
f 1181 1224 1193
f 1193 1224 1225
f 1193 1225 1213
f 525 549 1152
f 1152 549 545
f 1152 545 1149
f 1149 545 544
f 1149 544 1164
f 1164 544 1226
f 1164 1226 1177
f 1177 1226 1227
f 1177 1227 1203
f 533 535 1157
f 1157 535 537
f 1157 537 1154
f 1154 537 540
f 1154 540 539
f 1205 1228 1138
f 1138 1228 1229
f 1138 1229 1134
f 1229 1230 1134
f 1134 1230 1231
f 1134 1231 1132
f 1132 1231 1232
f 1132 1232 1147
f 1147 1232 529
f 1147 529 1160
f 1160 529 528
f 1160 528 531
f 1217 1216 1233
f 1226 1234 1227
f 1227 1234 1235
f 1227 1235 1203
f 1203 1235 1236
f 1203 1236 1204
f 1204 1236 1237
f 1204 1237 1218
f 1218 1237 1238
f 1218 1238 1219
f 1233 1216 1239
f 1216 1215 1239
f 1239 1215 1220
f 1239 1220 1240
f 1240 1220 1219
f 1240 1219 1241
f 1241 1219 1238
f 1233 1242 1217
f 1217 1242 1243
f 1217 1243 1221
f 1221 1243 1244
f 1221 1244 1222
f 1222 1244 1245
f 1222 1245 1223
f 1223 1245 1246
f 546 1235 543
f 543 1235 1234
f 543 1234 544
f 544 1234 1226
f 1247 1248 1249
f 1249 1248 1250
f 1249 1250 1251
f 1252 1253 1254
f 1254 1253 1255
f 1254 1255 1247
f 1247 1255 1256
f 1247 1256 1248
f 1257 1258 1259
f 1259 1260 1257
f 1257 1260 1261
f 1257 1261 1262
f 1262 1261 1263
f 1262 1263 1252
f 1252 1263 1264
f 1252 1264 1253
f 1265 1266 1238
f 1267 532 1268
f 1268 532 530
f 1268 530 1269
f 1250 1270 1251
f 1251 1270 1271
f 1251 1271 1272
f 1244 1243 1273
f 550 548 1274
f 530 1275 1269
f 1269 1275 1276
f 1269 1276 1277
f 1277 1276 1278
f 1277 1278 1258
f 1258 1278 1279
f 1258 1279 1259
f 1273 1243 1280
f 1274 548 1281
f 1282 1283 541
f 1271 1284 1272
f 1272 1284 1285
f 1272 1285 1286
f 1286 1285 1287
f 1286 1287 1288
f 1289 1240 1266
f 1266 1240 1241
f 1266 1241 1238
f 541 542 1282
f 1282 542 536
f 1282 536 1267
f 1267 536 534
f 1267 534 532
f 1243 1242 1280
f 1280 1242 1233
f 1280 1233 1289
f 1289 1233 1239
f 1289 1239 1240
f 548 547 1281
f 1281 547 527
f 1281 527 1283
f 1283 527 538
f 1283 538 541
f 1287 1290 1288
f 1288 1290 1291
f 1288 1291 1292
f 1292 1291 1293
f 1292 1293 1294
f 1294 1293 1246
f 1294 1246 1273
f 1273 1246 1245
f 1273 1245 1244
f 1238 1237 1265
f 1265 1237 1236
f 1265 1236 1295
f 1295 1236 1235
f 1295 1235 1296
f 1296 1235 546
f 1296 546 1274
f 1274 546 551
f 1274 551 550
f 1297 1269 1298
f 1298 1269 1277
f 1298 1277 1299
f 1299 1277 1300
f 1300 1277 1258
f 1300 1258 1301
f 1302 1303 1262
f 1262 1303 1304
f 1262 1304 1257
f 1257 1304 1305
f 1257 1305 1258
f 1258 1305 1306
f 1258 1306 1301
f 1252 1254 1307
f 1307 1308 1252
f 1252 1308 1309
f 1252 1309 1262
f 1262 1309 1310
f 1262 1310 1302
f 1311 1312 1313
f 1314 1315 1316
f 1304 1317 1318
f 1319 1320 1321
f 1322 1323 1324
f 1325 1326 1327
f 1327 1326 1328
f 1327 1328 1329
f 1329 1328 1330
f 1331 1332 1333
f 1333 1332 1330
f 1333 1330 1334
f 1334 1330 1328
f 1308 1307 1335
f 1335 1307 1319
f 1304 1303 1317
f 1317 1303 1302
f 1317 1302 1336
f 1336 1302 1310
f 1336 1310 1335
f 1335 1310 1309
f 1335 1309 1308
f 1301 1306 1337
f 1337 1306 1305
f 1338 1297 1298
f 1339 1340 1341
f 1341 1340 1342
f 1341 1342 1343
f 1343 1342 1344
f 1343 1344 1345
f 1345 1344 1338
f 1345 1338 1346
f 1346 1338 1298
f 1346 1298 1299
f 1320 1314 1347
f 1314 1316 1347
f 1347 1316 1348
f 1347 1348 1349
f 1349 1348 1350
f 1349 1350 1351
f 1351 1350 1352
f 1351 1352 1353
f 1319 1321 1335
f 1335 1321 1354
f 1335 1354 1336
f 1336 1354 1355
f 1336 1355 1317
f 1317 1355 1356
f 1317 1356 1318
f 1320 1347 1321
f 1321 1347 1349
f 1321 1349 1354
f 1354 1349 1351
f 1354 1351 1355
f 1355 1351 1353
f 1355 1353 1356
f 1357 1339 1358
f 1358 1339 1341
f 1358 1341 1359
f 1359 1341 1343
f 1359 1343 1360
f 1360 1343 1345
f 1360 1345 1361
f 1361 1345 1346
f 1361 1346 1362
f 1362 1346 1299
f 1362 1299 1300
f 1363 1357 1364
f 1364 1357 1358
f 1364 1358 1365
f 1365 1358 1359
f 1365 1359 1366
f 1366 1359 1360
f 1366 1360 1367
f 1367 1360 1361
f 1367 1361 1368
f 1368 1361 1362
f 1368 1362 1337
f 1337 1362 1300
f 1337 1300 1301
f 1369 1363 1370
f 1370 1363 1364
f 1370 1364 1371
f 1371 1364 1365
f 1371 1365 1372
f 1372 1365 1366
f 1372 1366 1352
f 1352 1366 1367
f 1352 1367 1353
f 1353 1367 1368
f 1353 1368 1356
f 1356 1368 1337
f 1356 1337 1318
f 1318 1337 1305
f 1318 1305 1304
f 1312 1373 1313
f 1313 1373 1374
f 1313 1374 1375
f 1375 1374 1376
f 1375 1376 1377
f 1377 1376 1378
f 1377 1378 1379
f 1379 1378 1380
f 1379 1380 1381
f 1381 1380 1382
f 1381 1382 1322
f 1322 1382 1383
f 1322 1383 1323
f 1373 1331 1374
f 1374 1331 1333
f 1374 1333 1376
f 1376 1333 1334
f 1376 1334 1378
f 1378 1334 1328
f 1378 1328 1380
f 1380 1328 1326
f 1380 1326 1382
f 1382 1326 1325
f 1382 1325 1383
f 1315 1311 1316
f 1316 1311 1313
f 1316 1313 1348
f 1348 1313 1375
f 1348 1375 1350
f 1350 1375 1377
f 1350 1377 1352
f 1352 1377 1379
f 1352 1379 1372
f 1372 1379 1381
f 1372 1381 1371
f 1371 1381 1322
f 1371 1322 1370
f 1370 1322 1324
f 1370 1324 1369
f 1384 1385 1386
f 1386 1385 1387
f 1386 1387 1388
f 1388 1387 1369
f 1388 1369 1389
f 1389 1369 1324
f 1389 1324 1390
f 1390 1324 1323
f 1390 1323 1391
f 1392 1393 1394
f 1394 1393 1395
f 1323 1383 1391
f 1391 1383 1325
f 1391 1325 1396
f 1396 1325 1327
f 1396 1327 1397
f 1397 1327 1329
f 1397 1329 1398
f 1398 1329 1330
f 1398 1330 1399
f 1399 1330 1332
f 1399 1332 1400
f 1400 1332 1331
f 1400 1331 1395
f 1395 1331 1401
f 1395 1401 1394
f 1402 1403 1404
f 1404 1403 1405
f 1404 1405 1406
f 1406 1405 1407
f 1406 1407 1408
f 1408 1407 1409
f 1408 1409 1410
f 1410 1409 1411
f 1410 1411 1412
f 1412 1411 1413
f 1412 1413 1414
f 1414 1413 1415
f 1414 1415 1416
f 1417 1418 1419
f 1393 1418 1395
f 1395 1418 1417
f 1395 1417 1400
f 1400 1417 1399
f 1417 1420 1399
f 1399 1420 1421
f 1399 1421 1398
f 1398 1421 1397
f 1397 1421 1422
f 1397 1422 1396
f 1396 1422 1391
f 1391 1422 1423
f 1391 1423 1390
f 1390 1423 1424
f 1390 1424 1389
f 1389 1424 1388
f 1388 1424 1425
f 1388 1425 1386
f 1426 1427 1428
f 1429 1430 1427
f 1431 1432 1430
f 1433 1434 1432
f 1402 1435 1403
f 1403 1435 1436
f 1403 1436 1434
f 1434 1437 1403
f 1403 1437 1438
f 1403 1438 1405
f 1405 1438 1439
f 1405 1439 1407
f 1407 1439 1440
f 1407 1440 1409
f 1409 1440 1441
f 1409 1441 1411
f 1411 1441 1442
f 1411 1442 1413
f 1413 1442 1443
f 1413 1443 1415
f 1415 1443 1444
f 1415 1444 1416
f 1416 1444 1445
f 1434 1433 1437
f 1437 1433 1446
f 1437 1446 1438
f 1438 1446 1447
f 1438 1447 1439
f 1439 1447 1448
f 1439 1448 1440
f 1440 1448 1449
f 1440 1449 1441
f 1441 1449 1450
f 1441 1450 1442
f 1442 1450 1451
f 1442 1451 1443
f 1443 1451 1452
f 1443 1452 1444
f 1432 1431 1433
f 1433 1431 1453
f 1433 1453 1446
f 1446 1453 1454
f 1446 1454 1447
f 1447 1454 1455
f 1447 1455 1448
f 1448 1455 1456
f 1448 1456 1449
f 1449 1456 1457
f 1449 1457 1450
f 1450 1457 1458
f 1450 1458 1451
f 1430 1429 1431
f 1431 1429 1459
f 1431 1459 1453
f 1453 1459 1460
f 1453 1460 1454
f 1454 1460 1461
f 1454 1461 1455
f 1455 1461 1462
f 1455 1462 1456
f 1456 1462 1463
f 1456 1463 1457
f 1457 1463 1464
f 1457 1464 1458
f 1427 1426 1429
f 1429 1426 1465
f 1429 1465 1459
f 1459 1465 1466
f 1459 1466 1460
f 1460 1466 1467
f 1460 1467 1461
f 1461 1467 1468
f 1461 1468 1462
f 1462 1468 1469
f 1462 1469 1463
f 1463 1469 1470
f 1463 1470 1464
f 1384 1386 1428
f 1428 1386 1425
f 1428 1425 1426
f 1426 1425 1424
f 1426 1424 1465
f 1465 1424 1423
f 1465 1423 1466
f 1466 1423 1422
f 1466 1422 1467
f 1467 1422 1421
f 1467 1421 1468
f 1468 1421 1420
f 1468 1420 1469
f 1469 1420 1417
f 1469 1417 1470
f 1470 1417 1419
f 1470 1419 1464
f 1464 1419 1471
f 1464 1471 1458
f 1458 1471 1472
f 1458 1472 1451
f 1451 1472 1473
f 1451 1473 1452
f 1474 1475 1476
f 1435 1477 1478
f 1478 1477 1479
f 1478 1479 1480
f 1435 1402 1477
f 1477 1402 1404
f 1477 1404 1406
f 1477 1412 1414
f 1406 1408 1477
f 1477 1408 1410
f 1477 1410 1412
f 1481 1482 1483
f 1481 1483 1484
f 1414 1416 1477
f 1477 1416 1445
f 1477 1445 1485
f 1485 1445 1486
f 1487 1478 1483
f 1483 1478 1480
f 1483 1480 1484
f 1484 1480 1488
f 1484 1488 1489
f 1490 1491 1492
f 1492 1493 1490
f 1490 1493 1494
f 1490 1494 1495
f 1482 1481 1490
f 1490 1481 1496
f 1490 1496 1491
f 1497 1498 1491
f 1491 1498 1499
f 1477 1500 1479
f 1479 1500 1501
f 1479 1501 1502
f 1502 1501 1503
f 1497 1491 1504
f 1504 1491 1496
f 1504 1496 1505
f 1505 1496 1506
f 1505 1506 1507
f 1507 1506 1508
f 1507 1508 1503
f 1503 1508 1509
f 1503 1509 1502
f 1510 1511 1498
f 1498 1511 1512
f 1498 1512 1499
f 1513 1514 1515
f 1498 1516 1510
f 1510 1516 1517
f 1510 1517 1518
f 1518 1517 1519
f 1518 1519 1520
f 1520 1519 1513
f 1520 1513 1521
f 1521 1513 1522
f 1486 1445 1523
f 1523 1445 1524
f 1523 1524 1513
f 1513 1524 1525
f 1513 1525 1514
f 1515 1526 1513
f 1513 1526 1527
f 1513 1527 1522
f 1476 1475 1482
f 1528 1529 1482
f 1530 1531 1532
f 1532 1531 1533
f 1532 1533 1534
f 1534 1533 1535
f 1536 1483 1537
f 1537 1483 1482
f 1537 1482 1533
f 1533 1482 1529
f 1533 1529 1535
f 1475 1538 1482
f 1482 1538 1539
f 1482 1539 1528
f 1528 1539 1540
f 1540 1541 1528
f 1528 1541 1542
f 1528 1542 1543
f 1543 1542 1544
f 1543 1544 1545
f 1545 1544 1546
f 1547 1548 1476
f 1476 1548 1549
f 1476 1549 1474
f 1547 1550 1548
f 1548 1550 1551
f 1548 1551 1552
f 1552 1553 1548
f 1548 1553 1545
f 1548 1545 1554
f 1554 1545 1546
f 1536 1531 1483
f 1483 1531 1530
f 1483 1530 1487
f 1487 1530 1555
f 1487 1555 1556
f 1556 1555 1557
f 1556 1557 1558
f 1558 1557 1559
f 1558 1559 1560
f 1560 1559 1545
f 1560 1545 1561
f 1561 1545 1553
f 1482 1490 1562
f 1563 1564 1565
f 1565 1566 1563
f 1563 1566 1567
f 1563 1567 1568
f 1568 1567 1569
f 1568 1569 1570
f 1570 1569 1571
f 1570 1571 1572
f 1572 1571 1573
f 1572 1573 1574
f 1574 1573 1575
f 1574 1575 1562
f 1562 1575 1576
f 1562 1576 1482
f 1482 1576 1476
f 557 559 1564
f 1577 1578 1564
f 1564 1578 555
f 1564 555 557
f 559 565 1564
f 1564 565 564
f 1564 564 562
f 1579 1580 554
f 554 1580 1565
f 554 1565 590
f 590 1565 591
f 562 561 1564
f 1564 561 566
f 1564 566 568
f 568 573 1564
f 1564 573 572
f 1564 572 570
f 587 589 1565
f 1565 589 592
f 1565 592 591
f 581 580 1565
f 1565 580 578
f 585 583 1565
f 1565 583 582
f 1565 582 587
f 570 569 1564
f 1564 569 574
f 1564 574 1565
f 1565 574 576
f 1565 576 581
f 578 577 1565
f 1565 577 586
f 1565 586 585
f 553 1581 1582
f 1582 1583 553
f 553 1583 1584
f 553 1584 1585
f 1579 554 1586
f 1586 554 553
f 1586 553 1587
f 1587 553 1585
f 1581 1588 1582
f 1582 1588 1589
f 1582 1589 1583
f 1583 1589 1584
f 1589 1590 1584
f 1584 1590 1591
f 1584 1591 1585
f 1585 1591 1592
f 1585 1592 1587
f 1580 1579 1593
f 1593 1579 1586
f 1593 1586 1594
f 1594 1586 1587
f 1594 1587 1595
f 1595 1587 1592
f 1589 1588 1596
f 1596 1588 1597
f 1596 1597 1598
f 1589 1596 1590
f 1590 1596 1599
f 1590 1599 1591
f 1600 1592 1601
f 1601 1592 1591
f 1601 1591 1602
f 1602 1591 1599
f 1593 1594 1600
f 1600 1594 1595
f 1600 1595 1592
f 1603 1604 1593
f 1593 1604 1580
f 1593 1600 1603
f 1603 1600 1605
f 1603 1605 1604
f 1604 1605 1606
f 1604 1606 1607
f 1608 1609 1295
f 1581 1610 1296
f 1296 1610 1295
f 1295 1610 1611
f 1295 1611 1608
f 1598 1597 1296
f 1296 1597 1588
f 1296 1588 1581
f 1612 1613 1581
f 1581 1613 1614
f 1581 1614 1615
f 1615 1616 1581
f 1581 1616 1617
f 1581 1617 1610
f 1610 1617 1618
f 1610 1618 1619
f 1620 1621 553
f 553 1621 1622
f 553 1622 1581
f 1581 1622 1623
f 1581 1623 1612
f 1624 1625 556
f 556 1625 1626
f 556 1626 558
f 558 1626 1627
f 558 1627 560
f 560 1627 1628
f 560 1628 563
f 563 1628 567
f 1628 1629 567
f 567 1629 1630
f 567 1630 571
f 571 1630 1631
f 571 1631 575
f 575 1631 1632
f 575 1632 579
f 1619 1633 1610
f 1610 1633 1634
f 1610 1634 1635
f 1610 1636 556
f 556 1636 1637
f 556 1637 1624
f 579 1632 584
f 584 1632 1638
f 584 1638 588
f 588 1638 1639
f 588 1639 552
f 552 1639 1640
f 552 1640 553
f 553 1640 1641
f 553 1641 1620
f 1635 1642 1610
f 1610 1642 1643
f 1610 1643 1636
f 1598 1296 1644
f 1644 1296 1274
f 1644 1274 1645
f 1645 1274 1646
f 1646 1274 1281
f 1646 1281 1647
f 1648 1649 1282
f 1282 1649 1650
f 1282 1650 1283
f 1283 1650 1651
f 1283 1651 1281
f 1281 1651 1652
f 1281 1652 1647
f 1267 1268 1653
f 1653 1654 1267
f 1267 1654 1655
f 1267 1655 1282
f 1282 1655 1656
f 1282 1656 1648
f 1657 1658 1659
f 1660 1661 1662
f 1606 1605 1663
f 1650 1664 1665
f 1654 1653 1666
f 1666 1653 1667
f 1650 1649 1664
f 1664 1649 1648
f 1664 1648 1668
f 1668 1648 1656
f 1668 1656 1666
f 1666 1656 1655
f 1666 1655 1654
f 1647 1652 1669
f 1669 1652 1651
f 1670 1644 1645
f 1644 1670 1598
f 1598 1670 1671
f 1598 1671 1596
f 1596 1671 1672
f 1596 1672 1599
f 1599 1672 1602
f 1602 1672 1673
f 1602 1673 1601
f 1674 1675 1676
f 1677 1678 1679
f 1679 1678 1680
f 1679 1680 1681
f 1681 1680 1682
f 1683 1684 1685
f 1680 1686 1682
f 1682 1686 1683
f 1682 1683 1687
f 1687 1683 1685
f 1687 1685 1688
f 1689 1690 1657
f 1691 1667 1690
f 1657 1659 1689
f 1689 1659 1692
f 1689 1692 1693
f 1693 1692 1694
f 1693 1694 1695
f 1695 1694 1696
f 1695 1696 1697
f 1667 1691 1666
f 1666 1691 1698
f 1666 1698 1668
f 1668 1698 1699
f 1668 1699 1664
f 1664 1699 1700
f 1664 1700 1665
f 1690 1689 1691
f 1691 1689 1693
f 1691 1693 1698
f 1698 1693 1695
f 1698 1695 1699
f 1699 1695 1697
f 1699 1697 1700
f 1600 1601 1701
f 1701 1601 1673
f 1701 1673 1702
f 1702 1673 1672
f 1702 1672 1703
f 1703 1672 1671
f 1703 1671 1704
f 1704 1671 1670
f 1704 1670 1705
f 1705 1670 1645
f 1705 1645 1646
f 1605 1600 1663
f 1663 1600 1701
f 1663 1701 1706
f 1706 1701 1702
f 1706 1702 1707
f 1707 1702 1703
f 1707 1703 1708
f 1708 1703 1704
f 1708 1704 1709
f 1709 1704 1705
f 1709 1705 1669
f 1669 1705 1646
f 1669 1646 1647
f 1607 1606 1710
f 1710 1606 1663
f 1710 1663 1711
f 1711 1663 1706
f 1711 1706 1712
f 1712 1706 1707
f 1712 1707 1696
f 1696 1707 1708
f 1696 1708 1697
f 1697 1708 1709
f 1697 1709 1700
f 1700 1709 1669
f 1700 1669 1665
f 1665 1669 1651
f 1665 1651 1650
f 1661 1713 1662
f 1662 1713 1714
f 1662 1714 1715
f 1715 1714 1716
f 1715 1716 1717
f 1717 1716 1718
f 1717 1718 1719
f 1719 1718 1720
f 1719 1720 1721
f 1721 1720 1722
f 1721 1722 1674
f 1674 1722 1723
f 1674 1723 1675
f 1713 1684 1714
f 1714 1684 1683
f 1714 1683 1716
f 1716 1683 1686
f 1716 1686 1718
f 1718 1686 1680
f 1718 1680 1720
f 1720 1680 1678
f 1720 1678 1722
f 1722 1678 1677
f 1722 1677 1723
f 1658 1660 1659
f 1659 1660 1662
f 1659 1662 1692
f 1692 1662 1715
f 1692 1715 1694
f 1694 1715 1717
f 1694 1717 1696
f 1696 1717 1719
f 1696 1719 1712
f 1712 1719 1721
f 1712 1721 1711
f 1711 1721 1674
f 1711 1674 1710
f 1710 1674 1676
f 1710 1676 1607
f 1565 1580 1724
f 1724 1580 1604
f 1724 1604 1725
f 1725 1604 1607
f 1725 1607 1726
f 1726 1607 1676
f 1726 1676 1727
f 1727 1676 1675
f 1727 1675 1728
f 1675 1723 1728
f 1728 1723 1677
f 1728 1677 1729
f 1729 1677 1679
f 1729 1679 1730
f 1730 1679 1681
f 1730 1681 1731
f 1731 1681 1682
f 1731 1682 1732
f 1732 1682 1687
f 1732 1687 1733
f 1733 1687 1688
f 1733 1688 1734
f 1734 1688 1735
f 1734 1735 1736
f 1736 1735 1737
f 1547 1738 1550
f 1550 1738 1739
f 1550 1739 1551
f 1551 1739 1740
f 1551 1740 1552
f 1552 1740 1741
f 1552 1741 1553
f 1553 1741 1742
f 1553 1742 1561
f 1561 1742 1743
f 1561 1743 1560
f 1560 1743 1744
f 1560 1744 1558
f 1745 1746 1747
f 1736 1746 1734
f 1734 1746 1745
f 1734 1745 1733
f 1733 1745 1732
f 1745 1748 1732
f 1732 1748 1749
f 1732 1749 1731
f 1731 1749 1730
f 1730 1749 1750
f 1730 1750 1729
f 1729 1750 1728
f 1728 1750 1751
f 1728 1751 1727
f 1727 1751 1752
f 1727 1752 1726
f 1726 1752 1725
f 1725 1752 1753
f 1725 1753 1724
f 1754 1567 1566
f 1571 1569 1755
f 1755 1569 1567
f 1756 1573 1571
f 1757 1575 1573
f 1547 1476 1738
f 1738 1476 1576
f 1738 1576 1575
f 1575 1758 1738
f 1738 1758 1759
f 1738 1759 1739
f 1739 1759 1760
f 1739 1760 1740
f 1740 1760 1761
f 1740 1761 1741
f 1741 1761 1762
f 1741 1762 1742
f 1742 1762 1763
f 1742 1763 1743
f 1743 1763 1764
f 1743 1764 1744
f 1744 1764 1765
f 1744 1765 1558
f 1558 1765 1556
f 1575 1757 1758
f 1758 1757 1766
f 1758 1766 1759
f 1759 1766 1767
f 1759 1767 1760
f 1760 1767 1768
f 1760 1768 1761
f 1761 1768 1769
f 1761 1769 1762
f 1762 1769 1770
f 1762 1770 1763
f 1763 1770 1771
f 1763 1771 1764
f 1764 1771 1772
f 1764 1772 1765
f 1573 1756 1757
f 1757 1756 1773
f 1757 1773 1766
f 1766 1773 1774
f 1766 1774 1767
f 1767 1774 1775
f 1767 1775 1768
f 1768 1775 1776
f 1768 1776 1769
f 1769 1776 1777
f 1769 1777 1770
f 1770 1777 1778
f 1770 1778 1771
f 1771 1778 1779
f 1771 1779 1772
f 1571 1755 1756
f 1756 1755 1780
f 1756 1780 1773
f 1773 1780 1781
f 1773 1781 1774
f 1774 1781 1782
f 1774 1782 1775
f 1775 1782 1783
f 1775 1783 1776
f 1776 1783 1784
f 1776 1784 1777
f 1777 1784 1785
f 1777 1785 1778
f 1567 1754 1755
f 1755 1754 1786
f 1755 1786 1780
f 1780 1786 1787
f 1780 1787 1781
f 1781 1787 1788
f 1781 1788 1782
f 1782 1788 1789
f 1782 1789 1783
f 1783 1789 1790
f 1783 1790 1784
f 1784 1790 1791
f 1784 1791 1785
f 1565 1724 1566
f 1566 1724 1753
f 1566 1753 1754
f 1754 1753 1752
f 1754 1752 1786
f 1786 1752 1751
f 1786 1751 1787
f 1787 1751 1750
f 1787 1750 1788
f 1788 1750 1749
f 1788 1749 1789
f 1789 1749 1748
f 1789 1748 1790
f 1790 1748 1745
f 1790 1745 1791
f 1791 1745 1747
f 1791 1747 1785
f 1785 1747 1792
f 1785 1792 1778
f 1778 1792 1793
f 1778 1793 1779
f 1487 1556 1765
f 1487 1765 1478
f 1435 1478 1436
f 1436 1478 1765
f 1436 1765 1434
f 1434 1765 1772
f 1434 1772 1432
f 1432 1772 1779
f 1432 1779 1430
f 1736 1384 1746
f 1746 1384 1428
f 1746 1428 1747
f 1747 1428 1427
f 1747 1427 1792
f 1792 1427 1430
f 1792 1430 1793
f 1793 1430 1779
f 1385 1384 1737
f 1737 1384 1736
f 1794 1795 1796
f 1796 1795 1797
f 1796 1797 1798
f 1798 1797 1799
f 1798 1799 1800
f 1800 1799 1801
f 1800 1801 1802
f 1802 1801 1803
f 1802 1803 1804
f 1804 1803 1805
f 1804 1805 1806
f 1806 1805 1807
f 1806 1807 1808
f 1808 1807 1809
f 1808 1809 1737
f 1737 1809 1385
f 1810 1653 1268
f 1297 1811 1269
f 1269 1811 1795
f 1269 1795 1268
f 1268 1795 1794
f 1268 1794 1810
f 1297 1338 1811
f 1811 1338 1344
f 1811 1344 1795
f 1369 1387 1363
f 1363 1387 1812
f 1363 1812 1357
f 1357 1812 1339
f 1387 1385 1812
f 1812 1385 1809
f 1812 1809 1339
f 1339 1809 1807
f 1807 1805 1339
f 1339 1805 1803
f 1339 1803 1340
f 1340 1803 1801
f 1340 1801 1342
f 1342 1801 1799
f 1342 1799 1344
f 1344 1799 1797
f 1344 1797 1795
f 1810 1794 1796
f 1653 1810 1667
f 1667 1810 1796
f 1667 1796 1690
f 1690 1796 1798
f 1690 1798 1657
f 1657 1798 1800
f 1657 1800 1802
f 1688 1685 1735
f 1735 1685 1684
f 1735 1684 1813
f 1813 1684 1713
f 1813 1713 1661
f 1737 1735 1808
f 1808 1735 1813
f 1808 1813 1806
f 1806 1813 1661
f 1806 1661 1804
f 1804 1661 1660
f 1804 1660 1802
f 1802 1660 1658
f 1802 1658 1657
f 1814 1294 1815
f 1815 1294 1273
f 1815 1273 1816
f 1816 1273 1817
f 1817 1273 1280
f 1817 1280 1818
f 1819 1820 1266
f 1266 1820 1821
f 1266 1821 1289
f 1289 1821 1822
f 1289 1822 1280
f 1280 1822 1823
f 1280 1823 1818
f 1265 1295 1609
f 1609 1824 1265
f 1265 1824 1825
f 1265 1825 1266
f 1266 1825 1826
f 1266 1826 1819
f 1827 1828 1829
f 1830 1831 1832
f 1833 1834 1835
f 1821 1836 1837
f 1824 1609 1838
f 1838 1609 1839
f 1821 1820 1836
f 1836 1820 1819
f 1836 1819 1840
f 1840 1819 1826
f 1840 1826 1838
f 1838 1826 1825
f 1838 1825 1824
f 1818 1823 1841
f 1841 1823 1822
f 1842 1815 1816
f 1815 1842 1814
f 1814 1842 1843
f 1814 1843 1844
f 1844 1843 1845
f 1844 1845 1846
f 1846 1845 1847
f 1847 1845 1848
f 1847 1848 1849
f 1850 1851 1852
f 1853 1854 1855
f 1855 1854 1856
f 1855 1856 1857
f 1857 1856 1858
f 1859 1860 1861
f 1856 1862 1858
f 1858 1862 1859
f 1858 1859 1863
f 1863 1859 1861
f 1863 1861 1864
f 1865 1866 1827
f 1867 1839 1866
f 1827 1829 1865
f 1865 1829 1868
f 1865 1868 1869
f 1869 1868 1870
f 1869 1870 1871
f 1871 1870 1872
f 1871 1872 1873
f 1839 1867 1838
f 1838 1867 1874
f 1838 1874 1840
f 1840 1874 1875
f 1840 1875 1836
f 1836 1875 1876
f 1836 1876 1837
f 1866 1865 1867
f 1867 1865 1869
f 1867 1869 1874
f 1874 1869 1871
f 1874 1871 1875
f 1875 1871 1873
f 1875 1873 1876
f 1877 1849 1878
f 1878 1849 1848
f 1878 1848 1879
f 1879 1848 1845
f 1879 1845 1880
f 1880 1845 1843
f 1880 1843 1881
f 1881 1843 1842
f 1881 1842 1882
f 1882 1842 1816
f 1882 1816 1817
f 1834 1877 1835
f 1835 1877 1878
f 1835 1878 1883
f 1883 1878 1879
f 1883 1879 1884
f 1884 1879 1880
f 1884 1880 1885
f 1885 1880 1881
f 1885 1881 1886
f 1886 1881 1882
f 1886 1882 1841
f 1841 1882 1817
f 1841 1817 1818
f 1887 1833 1888
f 1888 1833 1835
f 1888 1835 1889
f 1889 1835 1883
f 1889 1883 1890
f 1890 1883 1884
f 1890 1884 1872
f 1872 1884 1885
f 1872 1885 1873
f 1873 1885 1886
f 1873 1886 1876
f 1876 1886 1841
f 1876 1841 1837
f 1837 1841 1822
f 1837 1822 1821
f 1831 1891 1832
f 1832 1891 1892
f 1832 1892 1893
f 1893 1892 1894
f 1893 1894 1895
f 1895 1894 1896
f 1895 1896 1897
f 1897 1896 1898
f 1897 1898 1899
f 1899 1898 1900
f 1899 1900 1850
f 1850 1900 1901
f 1850 1901 1851
f 1891 1860 1892
f 1892 1860 1859
f 1892 1859 1894
f 1894 1859 1862
f 1894 1862 1896
f 1896 1862 1856
f 1896 1856 1898
f 1898 1856 1854
f 1898 1854 1900
f 1900 1854 1853
f 1900 1853 1901
f 1828 1830 1829
f 1829 1830 1832
f 1829 1832 1868
f 1868 1832 1893
f 1868 1893 1870
f 1870 1893 1895
f 1870 1895 1872
f 1872 1895 1897
f 1872 1897 1890
f 1890 1897 1899
f 1890 1899 1889
f 1889 1899 1850
f 1889 1850 1888
f 1888 1850 1852
f 1888 1852 1887
f 1902 1903 1844
f 1844 1903 1904
f 1844 1904 1814
f 1902 1844 1905
f 1905 1844 1846
f 1905 1846 1906
f 1877 1907 1849
f 1849 1907 1906
f 1849 1906 1847
f 1847 1906 1846
f 1908 1909 1877
f 1877 1909 1910
f 1877 1910 1907
f 1911 1912 1908
f 1908 1912 1913
f 1908 1877 1911
f 1911 1877 1834
f 1911 1834 1912
f 1912 1834 1833
f 1912 1833 1887
f 1914 1915 1292
f 1814 1904 1294
f 1294 1904 1903
f 1294 1903 1292
f 1292 1903 1916
f 1292 1916 1914
f 1917 1247 1918
f 1918 1247 1249
f 1918 1249 1919
f 1919 1249 1920
f 1920 1249 1251
f 1920 1251 1921
f 1922 1923 1286
f 1286 1923 1924
f 1286 1924 1272
f 1272 1924 1925
f 1272 1925 1251
f 1251 1925 1926
f 1251 1926 1921
f 1288 1292 1915
f 1915 1927 1288
f 1288 1927 1928
f 1288 1928 1286
f 1286 1928 1929
f 1286 1929 1922
f 1930 1931 1932
f 1933 1934 1935
f 1924 1936 1937
f 1938 1939 1940
f 1941 1942 1943
f 1944 1945 1946
f 1946 1945 1947
f 1946 1947 1948
f 1948 1947 1949
f 1950 1951 1952
f 1952 1951 1949
f 1952 1949 1953
f 1953 1949 1947
f 1927 1915 1954
f 1954 1915 1938
f 1924 1923 1936
f 1936 1923 1922
f 1936 1922 1955
f 1955 1922 1929
f 1955 1929 1954
f 1954 1929 1928
f 1954 1928 1927
f 1921 1926 1956
f 1956 1926 1925
f 1957 1917 1918
f 1958 1959 1960
f 1960 1959 1961
f 1960 1961 1962
f 1962 1961 1963
f 1962 1963 1964
f 1964 1963 1957
f 1964 1957 1965
f 1965 1957 1918
f 1965 1918 1919
f 1939 1933 1966
f 1933 1935 1966
f 1966 1935 1967
f 1966 1967 1968
f 1968 1967 1969
f 1968 1969 1970
f 1970 1969 1971
f 1970 1971 1972
f 1938 1940 1954
f 1954 1940 1973
f 1954 1973 1955
f 1955 1973 1974
f 1955 1974 1936
f 1936 1974 1975
f 1936 1975 1937
f 1939 1966 1940
f 1940 1966 1968
f 1940 1968 1973
f 1973 1968 1970
f 1973 1970 1974
f 1974 1970 1972
f 1974 1972 1975
f 1976 1958 1977
f 1977 1958 1960
f 1977 1960 1978
f 1978 1960 1962
f 1978 1962 1979
f 1979 1962 1964
f 1979 1964 1980
f 1980 1964 1965
f 1980 1965 1981
f 1981 1965 1919
f 1981 1919 1920
f 1982 1976 1983
f 1983 1976 1977
f 1983 1977 1984
f 1984 1977 1978
f 1984 1978 1985
f 1985 1978 1979
f 1985 1979 1986
f 1986 1979 1980
f 1986 1980 1987
f 1987 1980 1981
f 1987 1981 1956
f 1956 1981 1920
f 1956 1920 1921
f 1988 1982 1989
f 1989 1982 1983
f 1989 1983 1990
f 1990 1983 1984
f 1990 1984 1991
f 1991 1984 1985
f 1991 1985 1971
f 1971 1985 1986
f 1971 1986 1972
f 1972 1986 1987
f 1972 1987 1975
f 1975 1987 1956
f 1975 1956 1937
f 1937 1956 1925
f 1937 1925 1924
f 1931 1992 1932
f 1932 1992 1993
f 1932 1993 1994
f 1994 1993 1995
f 1994 1995 1996
f 1996 1995 1997
f 1996 1997 1998
f 1998 1997 1999
f 1998 1999 2000
f 2000 1999 2001
f 2000 2001 1941
f 1941 2001 2002
f 1941 2002 1942
f 1992 1950 1993
f 1993 1950 1952
f 1993 1952 1995
f 1995 1952 1953
f 1995 1953 1997
f 1997 1953 1947
f 1997 1947 1999
f 1999 1947 1945
f 1999 1945 2001
f 2001 1945 1944
f 2001 1944 2002
f 1934 1930 1935
f 1935 1930 1932
f 1935 1932 1967
f 1967 1932 1994
f 1967 1994 1969
f 1969 1994 1996
f 1969 1996 1971
f 1971 1996 1998
f 1971 1998 1991
f 1991 1998 2000
f 1991 2000 1990
f 1990 2000 1941
f 1990 1941 1989
f 1989 1941 1943
f 1989 1943 1988
f 2003 2004 2005
f 2003 2005 2006
f 2006 2005 2007
f 2006 2007 2008
f 2008 2007 1988
f 2008 1988 2009
f 2009 1988 1943
f 2009 1943 2010
f 2010 1943 1942
f 2010 1942 2011
f 2012 2013 2014
f 2014 2013 2015
f 1942 2002 2011
f 2011 2002 1944
f 2011 1944 2016
f 2016 1944 1946
f 2016 1946 2017
f 2017 1946 1948
f 2017 1948 2018
f 2018 1948 1949
f 2018 1949 2019
f 2019 1949 1951
f 2019 1951 2020
f 2020 1951 1950
f 2020 1950 2015
f 2015 1950 2021
f 2015 2021 2014
f 2022 2023 2024
f 2020 2015 2025
f 2020 2025 2019
f 2025 2026 2019
f 2019 2026 2027
f 2019 2027 2018
f 2018 2027 2017
f 2017 2027 2028
f 2017 2028 2016
f 2016 2028 2011
f 2011 2028 2029
f 2011 2029 2010
f 2010 2029 2030
f 2010 2030 2009
f 2009 2030 2008
f 2008 2030 2031
f 2008 2031 2006
f 2032 2023 2033
f 2034 2035 2036
f 2036 2035 2022
f 2037 2038 2034
f 2039 2040 2038
f 1524 2040 1525
f 1525 2040 2039
f 1525 2039 1514
f 1514 2039 2041
f 1514 2041 1515
f 1515 2041 2042
f 1515 2042 1526
f 1526 2042 2043
f 1526 2043 1527
f 1527 2043 2044
f 1527 2044 1522
f 1522 2044 2045
f 1522 2045 1521
f 1521 2045 2046
f 1521 2046 1520
f 2015 2013 2025
f 2025 2013 2047
f 2025 2047 2048
f 2038 2049 2039
f 2039 2049 2050
f 2039 2050 2041
f 2041 2050 2051
f 2041 2051 2042
f 2042 2051 2052
f 2042 2052 2043
f 2043 2052 2053
f 2043 2053 2044
f 2044 2053 2054
f 2044 2054 2045
f 2045 2054 2055
f 2045 2055 2046
f 2046 2055 2056
f 2046 2056 1520
f 1520 2056 1518
f 2038 2037 2049
f 2049 2037 2057
f 2049 2057 2050
f 2050 2057 2058
f 2050 2058 2051
f 2051 2058 2059
f 2051 2059 2052
f 2052 2059 2060
f 2052 2060 2053
f 2053 2060 2061
f 2053 2061 2054
f 2054 2061 2062
f 2054 2062 2055
f 2055 2062 2063
f 2055 2063 2056
f 2034 2036 2037
f 2037 2036 2064
f 2037 2064 2057
f 2057 2064 2065
f 2057 2065 2058
f 2058 2065 2066
f 2058 2066 2059
f 2059 2066 2067
f 2059 2067 2060
f 2060 2067 2068
f 2060 2068 2061
f 2061 2068 2069
f 2061 2069 2062
f 2022 2024 2036
f 2036 2024 2070
f 2036 2070 2064
f 2064 2070 2071
f 2064 2071 2065
f 2065 2071 2072
f 2065 2072 2066
f 2066 2072 2073
f 2066 2073 2067
f 2067 2073 2074
f 2067 2074 2068
f 2068 2074 2075
f 2068 2075 2069
f 2023 2032 2024
f 2024 2032 2076
f 2024 2076 2070
f 2070 2076 2077
f 2070 2077 2071
f 2071 2077 2078
f 2071 2078 2072
f 2072 2078 2079
f 2072 2079 2073
f 2073 2079 2080
f 2073 2080 2074
f 2074 2080 2081
f 2074 2081 2075
f 2003 2006 2033
f 2033 2006 2031
f 2033 2031 2032
f 2032 2031 2030
f 2032 2030 2076
f 2076 2030 2029
f 2076 2029 2077
f 2077 2029 2028
f 2077 2028 2078
f 2078 2028 2027
f 2078 2027 2079
f 2079 2027 2026
f 2079 2026 2080
f 2080 2026 2025
f 2080 2025 2081
f 2081 2025 2048
f 2081 2048 2075
f 2075 2048 2082
f 2075 2082 2069
f 2069 2082 2083
f 2069 2083 2062
f 2062 2083 2084
f 2062 2084 2063
f 1393 2003 1418
f 1418 2003 2033
f 1418 2033 1419
f 1419 2033 2023
f 1419 2023 1471
f 1471 2023 2022
f 1471 2022 1472
f 1472 2022 2035
f 1472 2035 1473
f 1473 2035 2034
f 1473 2034 1452
f 1452 2034 2038
f 1452 2038 1444
f 1444 2038 2040
f 1444 2040 1445
f 1445 2040 1524
f 1392 2085 1393
f 1393 2085 2086
f 1393 2086 2087
f 2087 2088 1393
f 1393 2088 2089
f 1393 2089 2090
f 2003 2091 2092
f 2090 2093 1393
f 1393 2093 2094
f 1393 2094 2095
f 2003 2092 2004
f 2004 2092 2096
f 2004 2096 2097
f 2095 2098 1393
f 1393 2098 2099
f 1393 2099 2100
f 2101 2003 2102
f 2102 2003 1393
f 2102 1393 2103
f 2103 1393 2100
f 2101 2104 2003
f 2003 2104 2105
f 2003 2105 2106
f 2106 2107 2003
f 2003 2107 2108
f 2003 2108 2109
f 2110 2111 2003
f 2003 2111 2112
f 2003 2112 2091
f 2109 2113 2003
f 2003 2113 2114
f 2003 2114 2110
f 2115 2116 2117
f 2115 2117 2118
f 2119 2120 2117
f 2117 2120 2121
f 2117 2121 2118
f 2086 2085 2117
f 2117 2085 2122
f 2117 2122 2119
f 2123 1307 1254
f 2124 2116 1247
f 1247 2116 1254
f 1254 2116 2125
f 1254 2125 2123
f 1917 2126 1247
f 1247 2126 2127
f 1247 2127 2124
f 2128 2129 2124
f 2124 2129 2130
f 2124 2130 2131
f 2131 2132 2124
f 2124 2132 2133
f 2124 2133 2116
f 2116 2133 2134
f 2116 2134 2135
f 2136 2137 2138
f 2138 2137 2139
f 2138 2139 2124
f 2124 2139 2140
f 2124 2140 2128
f 2135 2141 2116
f 2116 2141 2142
f 2116 2142 2143
f 2116 2144 2117
f 2117 2144 2145
f 2117 2145 2146
f 2146 2147 2117
f 2117 2147 2148
f 2117 2148 2149
f 2149 2148 2150
f 2149 2150 2151
f 2151 2150 2152
f 2151 2152 2153
f 2153 2152 2154
f 2153 2154 2155
f 2155 2154 2156
f 2155 2156 2157
f 2157 2156 2158
f 2157 2158 2159
f 2143 2160 2116
f 2116 2160 2161
f 2116 2161 2144
f 2159 2158 2162
f 2162 2158 2163
f 2162 2163 2164
f 2164 2163 2165
f 2164 2165 2166
f 2166 2165 2167
f 2166 2167 2168
f 2168 2167 2169
f 2168 2169 2138
f 2138 2169 2170
f 2138 2170 2136
f 2138 2124 2171
f 2171 2172 2138
f 2138 2172 2173
f 2138 2173 2174
f 2097 2096 2175
f 2175 2096 2138
f 2175 2138 2176
f 2176 2138 2174
f 2114 2113 2164
f 2086 2117 2087
f 2087 2117 2149
f 2087 2149 2088
f 2088 2149 2151
f 2153 2090 2151
f 2151 2090 2089
f 2151 2089 2088
f 2098 2095 2155
f 2155 2095 2094
f 2155 2094 2153
f 2153 2094 2093
f 2153 2093 2090
f 2098 2155 2099
f 2099 2155 2157
f 2099 2157 2100
f 2104 2101 2159
f 2159 2101 2102
f 2159 2102 2157
f 2157 2102 2103
f 2157 2103 2100
f 2104 2159 2105
f 2105 2159 2162
f 2105 2162 2106
f 2113 2109 2164
f 2164 2109 2108
f 2164 2108 2162
f 2162 2108 2107
f 2162 2107 2106
f 2114 2164 2110
f 2110 2164 2166
f 2110 2166 2111
f 2111 2166 2112
f 2112 2166 2168
f 2112 2168 2091
f 2091 2168 2092
f 2092 2168 2138
f 2092 2138 2096
f 2124 2127 2171
f 2171 2127 2177
f 2171 2177 2172
f 2172 2177 2173
f 2177 2178 2173
f 2173 2178 2179
f 2173 2179 2174
f 2174 2179 2180
f 2174 2180 2176
f 2004 2097 2181
f 2181 2097 2175
f 2181 2175 2182
f 2182 2175 2176
f 2182 2176 2183
f 2183 2176 2180
f 2007 2005 2184
f 1988 2007 1982
f 1982 2007 2184
f 1982 2184 1976
f 1976 2184 1958
f 2005 2004 2184
f 2184 2004 2181
f 2184 2181 1958
f 1958 2181 2182
f 2177 1963 2178
f 2178 1963 1961
f 2178 1961 2179
f 2179 1961 1959
f 2179 1959 2180
f 2180 1959 1958
f 2180 1958 2183
f 2183 1958 2182
f 2177 2127 1963
f 1963 2127 2126
f 1963 2126 1957
f 1957 2126 1917
f 2123 2125 2185
f 1394 1401 2186
f 2186 1401 1331
f 2186 1331 1373
f 1307 2123 1319
f 1319 2123 1320
f 2123 2185 1320
f 1320 2185 2187
f 1320 2187 1314
f 2187 2188 1314
f 1314 2188 2189
f 1314 2189 1315
f 1315 2189 2190
f 1315 2190 1311
f 2191 2192 2186
f 2186 2192 1392
f 2186 1392 1394
f 2190 2191 1311
f 1311 2191 2186
f 1311 2186 1312
f 1312 2186 1373
f 2085 1392 2122
f 2122 1392 2192
f 2122 2192 2119
f 2119 2192 2120
f 2188 2118 2189
f 2189 2118 2121
f 2189 2121 2190
f 2190 2121 2120
f 2190 2120 2191
f 2191 2120 2192
f 2188 2187 2118
f 2118 2187 2185
f 2118 2185 2115
f 2115 2185 2125
f 2115 2125 2116
f 2135 2134 2193
f 2194 2195 2196
f 2197 2198 2199
f 2200 2201 2198
f 2202 2201 2203
f 2203 2201 2200
f 2203 2200 2144
f 2134 2204 2193
f 2193 2204 2205
f 2193 2205 2206
f 2198 2197 2200
f 2200 2197 2145
f 2200 2145 2144
f 2195 2207 2196
f 2196 2207 2208
f 2196 2208 2209
f 2209 2208 2210
f 2209 2210 2211
f 2211 2210 2212
f 2211 2212 2199
f 2199 2212 2213
f 2199 2213 2197
f 2197 2213 2146
f 2197 2146 2145
f 2194 2158 2195
f 2195 2158 2156
f 2195 2156 2207
f 2207 2156 2154
f 2207 2154 2208
f 2208 2154 2152
f 2208 2152 2210
f 2210 2152 2150
f 2210 2150 2212
f 2212 2150 2148
f 2212 2148 2213
f 2213 2148 2147
f 2213 2147 2146
f 2214 2215 2216
f 2216 2215 2217
f 2216 2217 2218
f 2143 2142 2215
f 2215 2142 2141
f 2215 2141 2217
f 2143 2215 2160
f 2160 2215 2214
f 2160 2214 2161
f 2161 2214 2219
f 2161 2219 2220
f 2141 2135 2217
f 2217 2135 2193
f 2217 2193 2218
f 2218 2193 2206
f 2218 2206 2216
f 2216 2206 2221
f 2216 2221 2214
f 2214 2221 2222
f 2214 2222 2219
f 2219 2222 2202
f 2219 2202 2220
f 2220 2202 2203
f 2220 2203 2161
f 2161 2203 2144
f 2223 2204 2134
f 2224 2225 2226
f 2226 2225 2227
f 2226 2227 2228
f 2228 2227 2229
f 2228 2229 2230
f 2128 2140 2231
f 2129 2232 2130
f 2130 2232 2233
f 2133 2132 2233
f 2233 2132 2131
f 2233 2131 2130
f 2231 2234 2128
f 2128 2234 2235
f 2128 2235 2129
f 2229 2236 2230
f 2230 2236 2237
f 2230 2237 2238
f 2238 2237 2239
f 2238 2239 2240
f 2240 2239 2241
f 2240 2241 2242
f 2242 2241 2243
f 2242 2243 2194
f 2194 2243 2158
f 2236 2170 2237
f 2237 2170 2169
f 2237 2169 2239
f 2239 2169 2167
f 2239 2167 2241
f 2241 2167 2165
f 2241 2165 2243
f 2243 2165 2163
f 2243 2163 2158
f 2235 2244 2129
f 2129 2244 2245
f 2129 2245 2232
f 2232 2245 2246
f 2232 2246 2233
f 2233 2246 2223
f 2233 2223 2133
f 2133 2223 2134
f 2204 2223 2247
f 2247 2223 2246
f 2247 2246 2248
f 2248 2246 2245
f 2248 2245 2249
f 2249 2245 2244
f 2249 2244 2250
f 2250 2244 2235
f 2250 2235 2251
f 2251 2235 2234
f 2251 2234 2224
f 2224 2234 2231
f 2224 2231 2225
f 2225 2231 2140
f 2225 2140 2227
f 2227 2140 2139
f 2227 2139 2229
f 2229 2139 2137
f 2229 2137 2236
f 2236 2137 2136
f 2236 2136 2170
f 2248 2249 2196
f 2196 2249 2250
f 2248 2196 2247
f 2247 2196 2209
f 2247 2209 2211
f 2211 2199 2247
f 2247 2199 2198
f 2247 2198 2201
f 2201 2202 2247
f 2247 2202 2222
f 2247 2222 2221
f 2206 2205 2221
f 2221 2205 2204
f 2221 2204 2247
f 2250 2251 2196
f 2196 2251 2224
f 2196 2224 2226
f 2226 2228 2196
f 2196 2228 2230
f 2196 2230 2238
f 2240 2242 2238
f 2238 2242 2194
f 2238 2194 2196
f 1510 1518 2252
f 2252 1518 2056
f 2252 2056 2253
f 2253 2056 2063
f 2253 2063 2254
f 2254 2063 2084
f 2254 2084 2255
f 2255 2084 2083
f 2255 2083 2256
f 2256 2083 2082
f 2256 2082 2257
f 2257 2082 2048
f 2257 2048 2258
f 2258 2048 2047
f 2258 2047 2259
f 2259 2047 2013
f 1913 2259 2012
f 2012 2259 2013
f 2259 1913 2260
f 2260 1913 1912
f 2260 1912 2261
f 2261 1912 1887
f 2261 1887 2262
f 2262 1887 1852
f 2262 1852 2263
f 2263 1852 1851
f 2263 1851 2264
f 1851 1901 2264
f 2264 1901 1853
f 2264 1853 2265
f 2265 1853 1855
f 2265 1855 2266
f 2266 1855 1857
f 2266 1857 2267
f 2267 1857 1858
f 2267 1858 2268
f 2268 1858 1863
f 2268 1863 2269
f 2269 1863 1864
f 2269 1864 2270
f 2270 1864 2271
f 2270 2271 1564
f 1564 2271 1577
f 1564 1563 2272
f 2268 2269 2272
f 2272 2269 2270
f 2272 2270 1564
f 2272 2273 2268
f 2268 2273 2274
f 2268 2274 2267
f 2267 2274 2266
f 2266 2274 2275
f 2266 2275 2265
f 2265 2275 2264
f 2264 2275 2276
f 2264 2276 2263
f 2263 2276 2277
f 2263 2277 2262
f 2262 2277 2261
f 2261 2277 2278
f 2261 2278 2260
f 2279 2257 2258
f 2255 2256 2280
f 2280 2256 2257
f 2281 2254 2255
f 2282 2253 2254
f 2283 2252 2253
f 1510 2252 1511
f 1511 2252 2283
f 1511 2283 1512
f 1512 2283 2284
f 1512 2284 1499
f 1499 2284 2285
f 1499 2285 1491
f 1491 2285 2286
f 1491 2286 1492
f 1492 2286 2287
f 1492 2287 1493
f 1493 2287 2288
f 1493 2288 1494
f 1494 2288 2289
f 1494 2289 1495
f 2253 2290 2283
f 2283 2290 2291
f 2283 2291 2284
f 2284 2291 2292
f 2284 2292 2285
f 2285 2292 2293
f 2285 2293 2286
f 2286 2293 2294
f 2286 2294 2287
f 2287 2294 2295
f 2287 2295 2288
f 2288 2295 2296
f 2288 2296 2289
f 2289 2296 1562
f 2289 1562 1495
f 1495 1562 1490
f 2253 2282 2290
f 2290 2282 2297
f 2290 2297 2291
f 2291 2297 2298
f 2291 2298 2292
f 2292 2298 2299
f 2292 2299 2293
f 2293 2299 2300
f 2293 2300 2294
f 2294 2300 2301
f 2294 2301 2295
f 2295 2301 2302
f 2295 2302 2296
f 2296 2302 1574
f 2296 1574 1562
f 2254 2281 2282
f 2282 2281 2303
f 2282 2303 2297
f 2297 2303 2304
f 2297 2304 2298
f 2298 2304 2305
f 2298 2305 2299
f 2299 2305 2306
f 2299 2306 2300
f 2300 2306 2307
f 2300 2307 2301
f 2301 2307 2308
f 2301 2308 2302
f 2302 2308 1572
f 2302 1572 1574
f 2255 2280 2281
f 2281 2280 2309
f 2281 2309 2303
f 2303 2309 2310
f 2303 2310 2304
f 2304 2310 2311
f 2304 2311 2305
f 2305 2311 2312
f 2305 2312 2306
f 2306 2312 2313
f 2306 2313 2307
f 2307 2313 2314
f 2307 2314 2308
f 2308 2314 1570
f 2308 1570 1572
f 2257 2279 2280
f 2280 2279 2315
f 2280 2315 2309
f 2309 2315 2316
f 2309 2316 2310
f 2310 2316 2317
f 2310 2317 2311
f 2311 2317 2318
f 2311 2318 2312
f 2312 2318 2319
f 2312 2319 2313
f 2313 2319 2320
f 2313 2320 2314
f 2314 2320 1568
f 2314 1568 1570
f 2259 2260 2258
f 2258 2260 2278
f 2258 2278 2279
f 2279 2278 2277
f 2279 2277 2315
f 2315 2277 2276
f 2315 2276 2316
f 2316 2276 2275
f 2316 2275 2317
f 2317 2275 2274
f 2317 2274 2318
f 2318 2274 2273
f 2318 2273 2319
f 2319 2273 2272
f 2319 2272 2320
f 2320 2272 1563
f 2320 1563 1568
f 1608 1611 2321
f 1609 1608 1839
f 1839 1608 2321
f 1839 2321 1866
f 1866 2321 2322
f 1866 2322 1827
f 1827 2322 2323
f 1827 2323 2324
f 1864 1861 2271
f 2271 1861 1860
f 2271 1860 2325
f 2325 1860 1891
f 2325 1891 1831
f 1577 2271 2326
f 2326 2271 2325
f 2326 2325 2327
f 2327 2325 1831
f 2327 1831 2328
f 2328 1831 1830
f 2328 1830 2324
f 2324 1830 1828
f 2324 1828 1827
f 1578 1577 2329
f 2329 1577 2326
f 2329 2326 2330
f 2330 2326 2331
f 2326 2327 2331
f 2331 2327 2328
f 2331 2328 2332
f 2328 2324 2332
f 2332 2324 2323
f 2332 2323 2333
f 2323 2322 2333
f 2333 2322 2321
f 2333 2321 2334
f 2334 2321 1611
f 2334 1611 1610
f 2334 1610 556
f 2334 556 2333
f 2330 2331 556
f 556 2331 2332
f 556 2332 2333
f 555 1578 556
f 556 1578 2329
f 556 2329 2330
f 1913 2012 1908
f 1908 2012 2335
f 1908 2335 1909
f 1909 2335 2336
f 1909 2336 1910
f 1910 2336 2337
f 1910 2337 1907
f 1907 2337 2338
f 1907 2338 1906
f 1906 2338 2339
f 1906 2339 1905
f 1905 2339 2340
f 1905 2340 1902
f 1902 2340 2341
f 1902 2341 1903
f 1903 2341 1916
f 2342 2021 1950
f 2335 2012 2342
f 2342 2012 2014
f 2342 2014 2021
f 1950 1992 2342
f 2342 1992 1931
f 2342 1931 1930
f 2335 2342 2336
f 2336 2342 1930
f 2336 1930 2337
f 2337 1930 1934
f 2337 1934 2338
f 2338 1934 1933
f 2338 1933 2339
f 1915 1914 1938
f 1938 1914 1939
f 2339 1933 2340
f 2340 1933 1939
f 2340 1939 2341
f 2341 1939 1914
f 2341 1914 1916
f 1619 1618 2343
f 2344 2345 2346
f 2347 2348 2346
f 1631 2349 2350
f 2350 2349 2351
f 2352 2353 2354
f 2354 2353 2355
f 2354 2355 2356
f 2356 2355 2357
f 2356 2357 2358
f 2358 2357 2359
f 2347 2346 2360
f 2360 2346 2345
f 2360 2345 2361
f 1618 2362 2343
f 2343 2362 2363
f 2343 2363 2364
f 1633 1619 2365
f 2365 1619 2343
f 2365 2343 2366
f 2366 2343 2364
f 2364 2361 2366
f 2366 2361 2345
f 2366 2345 2365
f 2365 2345 2344
f 2365 2344 1633
f 1633 2344 1634
f 2348 1643 2346
f 2346 1643 1642
f 2346 1642 2344
f 2344 1642 1635
f 2344 1635 1634
f 1631 1630 2349
f 2349 1630 2367
f 2349 2367 2351
f 2351 2367 2368
f 2351 2368 2369
f 2369 2368 2370
f 2369 2370 2371
f 2371 2370 2372
f 2371 2372 2359
f 2359 2372 2373
f 2359 2373 2358
f 2347 2353 2348
f 2348 2353 2352
f 2348 2352 1643
f 1643 2352 2354
f 1643 2354 1636
f 1636 2354 2356
f 1636 2356 1637
f 1637 2356 2358
f 1637 2358 1624
f 1624 2358 2373
f 1624 2373 1625
f 1625 2373 2372
f 1625 2372 1626
f 1626 2372 2370
f 1626 2370 1627
f 1627 2370 2368
f 1627 2368 1628
f 1628 2368 2367
f 1628 2367 1629
f 1629 2367 1630
f 2374 2362 1618
f 2362 2374 2375
f 2375 2374 2376
f 2375 2376 2377
f 2377 2376 2378
f 2377 2378 2379
f 2379 2378 2380
f 2379 2380 2381
f 2382 2383 2384
f 2382 2385 2383
f 2383 2385 2386
f 2383 2386 2387
f 1623 1622 2388
f 2388 1622 2389
f 2388 2389 2390
f 2390 2389 2391
f 1621 1620 2392
f 2392 1620 1641
f 2392 1641 2393
f 2393 1641 1640
f 2393 1640 2394
f 2394 1640 1639
f 2394 1639 2395
f 2395 1639 1638
f 2395 1638 2396
f 2396 1638 1632
f 2396 1632 1631
f 1613 2397 1614
f 1614 2397 2398
f 1617 1616 2398
f 2398 1616 1615
f 2398 1615 1614
f 1613 1612 2399
f 1618 1617 2374
f 2374 1617 2398
f 2374 2398 2376
f 2376 2398 2397
f 2376 2397 2378
f 2378 2397 1613
f 2378 1613 2380
f 2380 1613 2399
f 2380 2399 2381
f 1622 1621 2389
f 2389 1621 2392
f 2389 2392 2391
f 2391 2392 2393
f 2391 2393 2400
f 2400 2393 2394
f 2400 2394 2401
f 2401 2394 2395
f 2401 2395 2402
f 2402 2395 2396
f 2402 2396 2350
f 2350 2396 1631
f 2390 2387 2388
f 2388 2387 2386
f 2388 2386 1623
f 1623 2386 2385
f 1623 2385 1612
f 1612 2385 2382
f 1612 2382 2399
f 2399 2382 2384
f 2399 2384 2381
f 2361 2364 2401
f 2361 2401 2360
f 2357 2355 2401
f 2364 2363 2401
f 2401 2363 2362
f 2401 2362 2375
f 2375 2377 2401
f 2401 2377 2379
f 2401 2379 2381
f 2351 2369 2350
f 2350 2369 2371
f 2350 2371 2402
f 2402 2371 2401
f 2401 2371 2359
f 2401 2359 2357
f 2355 2353 2401
f 2401 2353 2347
f 2401 2347 2360
f 2390 2391 2387
f 2387 2391 2400
f 2387 2400 2401
f 2381 2384 2401
f 2401 2384 2383
f 2401 2383 2387
f 1555 1530 2403
f 2403 1530 2404
f 2404 1530 2405
f 2405 1530 1532
f 2405 1532 2406
f 2406 1532 1534
f 2406 1534 2407
f 2407 1534 1535
f 2407 1535 2408
f 2408 1535 1529
f 1529 1528 2408
f 2408 1528 2409
f 2409 1528 1543
f 2409 1543 2410
f 2410 1543 1545
f 2410 1545 2411
f 2411 1545 1559
f 2411 1559 2412
f 2412 1559 1557
f 2412 1557 2413
f 2413 1557 1555
f 2413 1555 2403
f 2407 2408 2409
f 2403 2404 2413
f 2413 2404 2405
f 2413 2405 2412
f 2412 2405 2406
f 2412 2406 2411
f 2411 2406 2407
f 2411 2407 2410
f 2410 2407 2409
f 2414 1504 1505
f 2414 1505 2415
f 2415 1505 1507
f 2415 1507 2416
f 2416 1507 1503
f 2416 1503 2417
f 2417 1503 1501
f 2417 1501 2418
f 2418 1501 1500
f 2418 1500 2419
f 2419 1500 1477
f 2419 1477 2420
f 2420 1477 1485
f 2420 1485 2421
f 2421 1485 1486
f 2421 1486 2422
f 2422 1486 1523
f 2422 1523 2423
f 2423 1523 1513
f 2423 1513 2424
f 2424 1513 1519
f 2424 1519 2425
f 2425 1519 1517
f 2425 1517 2426
f 2426 1517 1516
f 2426 1516 2427
f 2427 1516 1498
f 2427 1498 2428
f 2428 1498 1497
f 2428 1497 2429
f 2429 1497 1504
f 2429 1504 2414
f 2430 2427 2431
f 2431 2427 2428
f 2431 2428 2432
f 2432 2428 2429
f 2432 2429 2433
f 2433 2429 2414
f 2433 2414 2434
f 2434 2414 2415
f 2434 2415 2435
f 2435 2415 2416
f 2435 2416 2436
f 2436 2416 2417
f 2436 2417 2437
f 2417 2418 2437
f 2437 2418 2419
f 2437 2419 2438
f 2438 2419 2420
f 2438 2420 2439
f 2439 2420 2421
f 2439 2421 2440
f 2440 2421 2422
f 2440 2422 2441
f 2441 2422 2423
f 2441 2423 2442
f 2442 2423 2424
f 2442 2424 2443
f 2443 2424 2425
f 2443 2425 2430
f 2430 2425 2426
f 2430 2426 2427
f 2444 2440 2441
f 2444 2441 2445
f 2445 2441 2442
f 2445 2442 2446
f 2446 2442 2443
f 2446 2443 2447
f 2447 2443 2430
f 2447 2430 2448
f 2448 2430 2431
f 2448 2431 2449
f 2449 2431 2432
f 2449 2432 2450
f 2450 2432 2433
f 2450 2433 2451
f 2451 2433 2434
f 2451 2434 2452
f 2452 2434 2435
f 2452 2435 2453
f 2453 2435 2436
f 2453 2436 2454
f 2454 2436 2437
f 2454 2437 2455
f 2455 2437 2438
f 2455 2438 2456
f 2456 2438 2439
f 2456 2439 2457
f 2457 2439 2440
f 2457 2440 2444
f 2446 2447 2458
f 2458 2447 2448
f 2458 2448 2459
f 2459 2448 2449
f 2459 2449 2460
f 2460 2449 2450
f 2460 2450 2461
f 2461 2450 2451
f 2461 2451 2462
f 2462 2451 2452
f 2462 2452 2463
f 2463 2452 2453
f 2463 2453 2464
f 2464 2453 2454
f 2464 2454 2465
f 2465 2454 2455
f 2465 2455 2466
f 2466 2455 2456
f 2466 2456 2467
f 2467 2456 2457
f 2467 2457 2468
f 2468 2457 2444
f 2468 2444 2469
f 2469 2444 2445
f 2469 2445 2470
f 2470 2445 2446
f 2470 2446 2458
f 2468 2471 2467
f 2467 2471 2472
f 2467 2472 2466
f 2466 2472 2473
f 2466 2473 2465
f 2465 2473 2474
f 2465 2474 2464
f 2464 2474 2475
f 2464 2475 2463
f 2463 2475 2476
f 2463 2476 2462
f 2462 2476 2477
f 2462 2477 2461
f 2461 2477 2478
f 2461 2478 2460
f 2460 2478 2479
f 2460 2479 2459
f 2459 2479 2480
f 2459 2480 2458
f 2458 2480 2481
f 2458 2481 2470
f 2470 2481 2482
f 2470 2482 2469
f 2469 2482 2483
f 2469 2483 2468
f 2468 2483 2471
f 2484 2482 2481
f 2483 2482 2484
f 2471 2483 2484
f 2484 2479 2478
f 2480 2479 2484
f 2481 2480 2484
f 2484 2478 2477
f 2484 2475 2474
f 2476 2475 2484
f 2477 2476 2484
f 2484 2472 2471
f 2473 2472 2484
f 2474 2473 2484
f 2485 1475 1474
f 2485 1474 2486
f 2486 1474 1549
f 2486 1549 2487
f 2487 1549 1548
f 2487 1548 2488
f 2488 1548 1554
f 2488 1554 2489
f 2489 1554 1546
f 2489 1546 2490
f 2490 1546 1544
f 2490 1544 2491
f 2486 2487 2488
f 2492 2493 2494
f 2491 2492 2490
f 2490 2492 2486
f 2490 2486 2489
f 2489 2486 2488
f 2485 2486 2495
f 2495 2486 2492
f 2495 2492 2496
f 2496 2492 2494
f 2491 1544 1542
f 2491 1542 2492
f 2492 1542 1541
f 2492 1541 2493
f 2493 1541 1540
f 2493 1540 2494
f 2494 1540 1539
f 2494 1539 2496
f 2496 1539 1538
f 2496 1538 2495
f 2495 1538 1475
f 2495 1475 2485
f 1531 1536 2497
f 2497 1536 2498
f 1536 1537 2498
f 2498 1537 2499
f 1537 1533 2499
f 2499 1533 2500
f 1533 1531 2500
f 2500 1531 2497
f 2497 2498 2500
f 2500 2498 2499
f 1480 1479 2501
f 2501 1479 2502
f 2502 1479 1502
f 2502 1502 2503
f 2503 1502 1509
f 2503 1509 2504
f 2504 1509 1508
f 2504 1508 2505
f 2505 1508 1506
f 2505 1506 2506
f 2506 1506 1496
f 2506 1496 2507
f 1496 1481 2507
f 2507 1481 2508
f 2508 1481 2509
f 2509 1481 1484
f 2509 1484 2510
f 2510 1484 1489
f 2510 1489 2511
f 2511 1489 1488
f 2511 1488 2501
f 2501 1488 1480
f 2501 2502 2511
f 2511 2502 2503
f 2511 2503 2510
f 2507 2508 2506
f 2506 2508 2509
f 2506 2509 2505
f 2505 2509 2510
f 2505 2510 2504
f 2504 2510 2503
f 1293 1224 1246
f 1246 1224 1223
f 1224 1293 1225
f 1225 1293 1291
f 1225 1291 1213
f 1213 1291 1290
f 1213 1290 1214
f 1214 1290 1287
f 1214 1287 1212
f 1212 1287 1285
f 1212 1285 1211
f 1211 1285 1284
f 1211 1284 1196
f 1196 1284 1271
f 1256 1201 1248
f 1248 1201 1200
f 1248 1200 1250
f 1250 1200 1199
f 1250 1199 1270
f 1270 1199 1198
f 1270 1198 1271
f 1271 1198 1197
f 1271 1197 1196
f 1255 1202 1256
f 1256 1202 1201
f 1202 1255 1208
f 1208 1255 1253
f 1208 1253 1209
f 1209 1253 1264
f 1209 1264 1210
f 1210 1264 1263
f 1210 1263 1207
f 1207 1263 1261
f 1207 1261 1206
f 1206 1261 1260
f 1206 1260 1205
f 1205 1260 1259
f 1275 1232 1276
f 1276 1232 1231
f 1276 1231 1278
f 1278 1231 1230
f 1278 1230 1279
f 1279 1230 1229
f 1279 1229 1259
f 1259 1229 1228
f 1259 1228 1205
f 530 529 1275
f 1275 529 1232
f 1125 1123 2512
f 2513 2514 1195
f 2515 2516 2517
f 2517 2516 2518
f 2517 2518 1182
f 1195 2514 1194
f 1182 1194 2517
f 2517 1194 2514
f 2517 2514 2515
f 2515 2514 2513
f 2515 2513 2519
f 1192 1191 2520
f 2520 1191 2521
f 2521 1191 1189
f 2521 1189 2522
f 1195 1192 2513
f 2513 1192 2520
f 2513 2520 2519
f 2519 2520 2521
f 2519 2521 2523
f 2523 2521 2522
f 2523 2522 2524
f 1129 1127 1184
f 1184 1127 2525
f 1184 2525 1185
f 1185 2525 2526
f 1185 2526 1186
f 1186 2526 2527
f 1186 2527 1188
f 1127 1125 2525
f 2525 1125 2512
f 2525 2512 2526
f 2526 2512 2524
f 2526 2524 2527
f 2527 2524 2522
f 2527 2522 1188
f 1188 2522 1189
f 1088 2516 1101
f 1101 2516 2515
f 1101 2515 1102
f 1102 2515 2519
f 1102 2519 1100
f 1100 2519 2523
f 1100 2523 1099
f 1099 2523 2524
f 1099 2524 1098
f 1098 2524 2512
f 1098 2512 1097
f 1097 2512 1123
f 1168 1182 2518
f 1088 1082 2516
f 2516 1082 2528
f 2516 2528 2518
f 2518 2528 2529
f 2518 2529 1168
f 2529 2528 2530
f 2531 2532 1180
f 2533 2534 2535
f 2535 2534 2536
f 2535 2536 1165
f 1180 2532 1179
f 1165 1179 2535
f 2535 1179 2532
f 2535 2532 2533
f 2533 2532 2531
f 2533 2531 2537
f 1178 1176 2538
f 2538 1176 2539
f 2539 1176 1175
f 2539 1175 2540
f 1180 1178 2531
f 2531 1178 2538
f 2531 2538 2537
f 2537 2538 2539
f 2537 2539 2541
f 2541 2539 2540
f 2541 2540 2542
f 1169 2543 1170
f 1170 2543 2544
f 1170 2544 1172
f 1172 2544 2545
f 1172 2545 1173
f 1175 1173 2540
f 2540 1173 2545
f 2540 2545 2542
f 2542 2545 2544
f 2542 2544 2530
f 2530 2544 2543
f 2530 2543 2529
f 2529 2543 1169
f 2529 1169 1168
f 1073 2534 1086
f 1086 2534 2533
f 1086 2533 1087
f 1087 2533 2537
f 1087 2537 1085
f 1085 2537 2541
f 1085 2541 1084
f 1084 2541 2542
f 1084 2542 1083
f 1083 2542 2530
f 1083 2530 1082
f 1082 2530 2528
f 1150 1165 2536
f 1073 1067 2534
f 2534 1067 2546
f 2534 2546 2536
f 2536 2546 2547
f 2536 2547 1150
f 2547 2546 2548
f 2549 2550 1163
f 2551 2552 1158
f 2553 1151 1150
f 1151 2553 1153
f 1153 2553 2554
f 1153 2554 1155
f 1155 2554 2555
f 1155 2555 1156
f 1158 2552 1159
f 1159 2552 2556
f 1159 2556 1161
f 1163 2550 1162
f 2557 1148 1162
f 2558 2559 2560
f 2560 2559 2561
f 2560 2561 2557
f 2557 1162 2560
f 2560 1162 2550
f 2560 2550 2558
f 2558 2550 2549
f 2558 2549 2562
f 1163 1161 2549
f 2549 1161 2556
f 2549 2556 2562
f 2562 2556 2552
f 2562 2552 2563
f 2563 2552 2551
f 2563 2551 2564
f 1150 2547 2553
f 2553 2547 2548
f 2553 2548 2554
f 2554 2548 2564
f 2554 2564 2555
f 2555 2564 2551
f 2555 2551 1156
f 1156 2551 1158
f 1057 2559 1071
f 1071 2559 2558
f 1071 2558 1072
f 1072 2558 2562
f 1072 2562 1070
f 1070 2562 2563
f 1070 2563 1069
f 1069 2563 2564
f 1069 2564 1068
f 1068 2564 2548
f 1068 2548 1067
f 1067 2548 2546
f 2565 1133 1148
f 1148 2557 2565
f 2565 2557 2561
f 2565 2561 1122
f 1122 2561 2559
f 1122 2559 1056
f 1056 2559 1057
f 2565 1122 1121
f 2566 2567 1145
f 2568 1126 1128
f 1117 1116 2568
f 2568 1116 1124
f 2568 1124 1126
f 1145 2567 1146
f 1128 1146 2568
f 2568 1146 2567
f 2568 2567 1117
f 1117 2567 2566
f 1117 2566 1118
f 1143 1142 2569
f 2569 1142 2570
f 2570 1142 1140
f 2570 1140 2571
f 1145 1143 2566
f 2566 1143 2569
f 2566 2569 1118
f 1118 2569 2570
f 1118 2570 1119
f 1119 2570 2571
f 1119 2571 1120
f 1135 2572 1136
f 1136 2572 2573
f 1136 2573 1137
f 1137 2573 2574
f 1137 2574 1139
f 1140 1139 2571
f 2571 1139 2574
f 2571 2574 1120
f 1120 2574 2573
f 1120 2573 1121
f 1121 2573 2572
f 1121 2572 2565
f 2565 2572 1135
f 2565 1135 1133
f 825 622 2575
f 2575 622 2576
f 2576 622 621
f 2576 621 2577
f 621 659 2577
f 2577 659 594
f 2577 594 2578
f 594 593 2578
f 2578 593 637
f 2578 637 2579
f 2579 637 656
f 2579 656 2580
f 2580 656 657
f 2580 657 658
f 658 667 2580
f 2580 667 2581
f 2581 667 701
f 2581 701 2582
f 701 731 2582
f 2582 731 676
f 2582 676 2583
f 676 675 2583
f 2583 675 709
f 2583 709 2584
f 730 2585 729
f 729 2585 2584
f 729 2584 728
f 728 2584 709
f 730 741 2585
f 2585 741 2586
f 2586 741 782
f 2586 782 2587
f 782 803 2587
f 2587 803 748
f 2587 748 2588
f 748 747 2588
f 2588 747 791
f 2588 791 2589
f 753 2590 754
f 754 2590 2589
f 754 2589 783
f 783 2589 791
f 753 812 2590
f 2590 812 2591
f 2591 812 854
f 2591 854 2592
f 854 875 2592
f 2592 875 820
f 2592 820 2593
f 820 819 2593
f 2593 819 863
f 2593 863 2594
f 2594 863 855
f 2594 855 2575
f 2575 855 826
f 2575 826 825
f 2595 2590 2596
f 2596 2590 2591
f 2596 2591 2597
f 2597 2591 2592
f 2597 2592 2598
f 2598 2592 2593
f 2598 2593 2599
f 2599 2593 2594
f 2599 2594 2600
f 2600 2594 2575
f 2600 2575 2601
f 2601 2575 2576
f 2601 2576 2602
f 2602 2576 2577
f 2602 2577 2603
f 2603 2577 2578
f 2603 2578 2604
f 2604 2578 2579
f 2604 2579 2605
f 2605 2579 2580
f 2605 2580 2606
f 2606 2580 2581
f 2606 2581 2607
f 2607 2581 2582
f 2607 2582 2608
f 2608 2582 2583
f 2608 2583 2609
f 2609 2583 2584
f 2609 2584 2610
f 2610 2584 2585
f 2610 2585 2611
f 2611 2585 2586
f 2611 2586 2612
f 2612 2586 2587
f 2612 2587 2613
f 2613 2587 2588
f 2613 2588 2614
f 2614 2588 2589
f 2614 2589 2595
f 2595 2589 2590
f 2605 2615 2604
f 2604 2615 2616
f 2604 2616 2617
f 2618 2601 2619
f 2619 2601 2602
f 2619 2602 2620
f 2620 2602 2621
f 2621 2602 2603
f 2621 2603 2622
f 2617 2623 2604
f 2604 2623 2624
f 2604 2624 2603
f 2603 2624 2625
f 2603 2625 2622
f 2626 2615 2606
f 2606 2615 2605
f 2626 2627 2615
f 2615 2627 2628
f 2629 2630 2631
f 520 2632 2633
f 2634 2635 2636
f 2637 2638 2634
f 2628 2627 2639
f 2640 2641 2642
f 2643 2644 2645
f 2631 2646 2647
f 2648 514 516
f 2649 2650 2642
f 2642 2650 2651
f 2642 2651 2640
f 2630 2652 2631
f 2631 2652 2653
f 2631 2653 2646
f 506 508 2648
f 2638 2654 2634
f 2634 2654 2655
f 2634 2655 2635
f 2645 2644 2642
f 2642 2644 2656
f 2642 2656 2649
f 2633 2632 2631
f 2631 2632 2657
f 2631 2657 2629
f 2636 2658 2634
f 2634 2658 2659
f 2634 2659 2660
f 2660 2659 2661
f 2660 2661 2662
f 2639 2627 2634
f 2634 2627 2663
f 2634 2663 2637
f 2639 2664 2628
f 2628 2664 2665
f 2628 2665 2666
f 2666 2665 2642
f 2666 2642 2667
f 2667 2642 2641
f 2645 2668 2643
f 2643 2668 2669
f 2643 2669 2670
f 2670 2669 2631
f 2670 2631 2671
f 2671 2631 2647
f 2633 2672 520
f 520 2672 2673
f 520 2673 522
f 522 2673 2648
f 522 2648 518
f 518 2648 516
f 508 510 2648
f 2648 510 512
f 2648 512 514
f 2662 2661 2674
f 2674 2661 502
f 2674 502 2648
f 2648 502 501
f 2648 501 506
f 2657 2632 2675
f 2676 2643 2677
f 2677 2643 2670
f 2657 2675 2629
f 2629 2675 2678
f 2629 2678 2630
f 2630 2678 2679
f 2630 2679 2652
f 2652 2679 2680
f 2652 2680 2653
f 2653 2680 2681
f 2653 2681 2646
f 2646 2681 2682
f 2646 2682 2647
f 2647 2682 2683
f 2647 2683 2671
f 2671 2683 2684
f 2671 2684 2670
f 2670 2684 2685
f 2670 2685 2677
f 2618 2644 2676
f 2676 2644 2643
f 2644 2618 2656
f 2656 2618 2619
f 2656 2619 2649
f 2649 2619 2620
f 2649 2620 2650
f 2650 2620 2621
f 2650 2621 2651
f 2621 2622 2651
f 2651 2622 2625
f 2651 2625 2640
f 2640 2625 2624
f 2640 2624 2641
f 2641 2624 2623
f 2641 2623 2667
f 2667 2623 2617
f 2667 2617 2666
f 2666 2617 2616
f 2666 2616 2628
f 2628 2616 2615
f 2600 2601 2676
f 2676 2601 2618
f 2600 2676 2599
f 2599 2676 2677
f 2599 2677 2685
f 2675 2596 2678
f 2678 2596 2597
f 2678 2597 2679
f 2679 2597 2680
f 2680 2597 2598
f 2680 2598 2681
f 2685 2684 2599
f 2599 2684 2683
f 2599 2683 2598
f 2598 2683 2682
f 2598 2682 2681
f 2595 2596 519
f 519 2596 2675
f 523 2614 521
f 521 2614 2595
f 521 2595 519
f 505 2611 507
f 507 2611 2612
f 507 2612 509
f 509 2612 511
f 511 2612 2613
f 511 2613 513
f 523 524 2614
f 2614 524 517
f 2614 517 2613
f 2613 517 515
f 2613 515 513
f 2610 2611 2686
f 2686 2611 505
f 2626 2606 2687
f 2687 2606 2607
f 2687 2607 2688
f 2689 2690 2608
f 2608 2690 2691
f 2608 2691 2607
f 2607 2691 2692
f 2607 2692 2688
f 2689 2608 2693
f 2693 2608 2609
f 2693 2609 2694
f 2694 2609 2695
f 2695 2609 2610
f 2695 2610 2686
f 2696 2661 2659
f 2686 2696 2695
f 2695 2696 2659
f 2695 2659 2694
f 2694 2659 2658
f 2694 2658 2693
f 2693 2658 2636
f 2693 2636 2689
f 2689 2636 2635
f 2689 2635 2690
f 2690 2635 2655
f 2690 2655 2691
f 2691 2655 2654
f 2691 2654 2692
f 2692 2654 2638
f 2692 2638 2688
f 2688 2638 2637
f 2688 2637 2687
f 2687 2637 2663
f 2687 2663 2626
f 2626 2663 2627
f 502 2661 503
f 503 2661 2696
f 503 2696 504
f 504 2696 2686
f 504 2686 505
f 2675 2632 519
f 519 2632 520
f 2697 2662 2674
f 2697 2674 2698
f 2698 2674 2648
f 2698 2648 2699
f 2699 2648 2673
f 2699 2673 2700
f 2700 2673 2672
f 2700 2672 2701
f 2701 2672 2633
f 2701 2633 2702
f 2702 2633 2631
f 2702 2631 2703
f 2703 2631 2669
f 2703 2669 2704
f 2704 2669 2668
f 2704 2668 2705
f 2705 2668 2645
f 2705 2645 2706
f 2706 2645 2642
f 2706 2642 2707
f 2707 2642 2665
f 2707 2665 2708
f 2708 2665 2664
f 2708 2664 2709
f 2709 2664 2639
f 2709 2639 2710
f 2710 2639 2634
f 2710 2634 2711
f 2711 2634 2660
f 2711 2660 2712
f 2712 2660 2662
f 2712 2662 2697
f 2710 2711 2712
f 2697 2698 2705
f 2705 2698 2699
f 2705 2699 2700
f 2703 2704 2702
f 2702 2704 2705
f 2702 2705 2701
f 2701 2705 2700
f 2706 2707 2708
f 2697 2705 2712
f 2712 2705 2706
f 2712 2706 2710
f 2710 2706 2708
f 2710 2708 2709
f 2713 2714 2715
f 2713 2715 2716
f 2716 2715 2717
f 2716 2717 2718
f 2718 2717 2719
f 2718 2719 2720
f 2720 2719 2721
f 2720 2721 2722
f 2722 2721 2723
f 2722 2723 2724
f 2724 2723 2725
f 2724 2725 2726
f 2726 2725 2727
f 2726 2727 2728
f 2728 2727 2729
f 2728 2729 2730
f 2730 2729 2731
f 2730 2731 2732
f 2732 2731 2733
f 2732 2733 2734
f 2734 2733 2735
f 2734 2735 2736
f 2736 2735 2737
f 2736 2737 2738
f 2738 2737 2739
f 2738 2739 2740
f 2740 2739 2741
f 2740 2741 2742
f 2742 2741 2743
f 2742 2743 2744
f 2744 2743 2745
f 2744 2745 2746
f 2746 2745 2747
f 2746 2747 2748
f 2742 2744 2749
f 2749 2744 2746
f 2749 2746 2750
f 2750 2746 2748
f 2750 2748 2751
f 2751 2752 2750
f 2750 2752 2753
f 2750 2753 2754
f 2728 2730 2755
f 2755 2730 2732
f 2755 2732 2734
f 2734 2736 2755
f 2755 2736 2738
f 2755 2738 2749
f 2749 2738 2740
f 2749 2740 2742
f 2756 2757 2758
f 2758 2757 2759
f 2758 2759 2760
f 2760 2713 2758
f 2758 2713 2716
f 2758 2716 2761
f 2761 2716 2718
f 2761 2718 2720
f 2762 2763 2764
f 2720 2722 2761
f 2761 2722 2724
f 2761 2724 2755
f 2755 2724 2726
f 2755 2726 2728
f 2764 2765 2762
f 2762 2765 2766
f 2762 2766 2758
f 2758 2766 2767
f 2758 2767 2756
f 2754 2768 2750
f 2750 2768 2769
f 2750 2769 2762
f 2762 2769 2770
f 2762 2770 2763
f 2748 2747 2771
f 2748 2771 2751
f 2751 2771 2772
f 2751 2772 2752
f 2752 2772 2773
f 2752 2773 2753
f 2753 2773 2774
f 2753 2774 2754
f 2754 2774 2775
f 2754 2775 2768
f 2768 2775 2776
f 2768 2776 2769
f 2769 2776 2777
f 2769 2777 2770
f 2770 2777 2778
f 2770 2778 2763
f 2763 2778 2779
f 2763 2779 2764
f 2764 2779 2780
f 2764 2780 2765
f 2765 2780 2781
f 2765 2781 2766
f 2766 2781 2782
f 2766 2782 2767
f 2767 2782 2783
f 2767 2783 2756
f 2756 2783 2784
f 2756 2784 2757
f 2757 2784 2785
f 2757 2785 2759
f 2759 2785 2786
f 2759 2786 2760
f 2760 2786 2714
f 2760 2714 2713
f 2787 2788 2786
f 2786 2788 2789
f 2786 2789 2714
f 2787 2786 2790
f 2790 2786 2785
f 2790 2785 2791
f 2791 2785 2784
f 2791 2784 2792
f 2792 2784 2783
f 2792 2783 2793
f 2794 2795 2780
f 2780 2795 2796
f 2780 2796 2781
f 2781 2796 2797
f 2781 2797 2782
f 2782 2797 2798
f 2782 2798 2783
f 2783 2798 2799
f 2783 2799 2793
f 2794 2780 2800
f 2800 2780 2779
f 2800 2779 2801
f 2801 2779 2778
f 2801 2778 2802
f 2802 2778 2803
f 2803 2778 2777
f 2803 2777 2804
f 2804 2777 2776
f 2804 2776 2805
f 2806 2807 2773
f 2773 2807 2808
f 2773 2808 2774
f 2774 2808 2809
f 2774 2809 2775
f 2775 2809 2810
f 2775 2810 2776
f 2776 2810 2811
f 2776 2811 2805
f 2806 2773 2812
f 2812 2773 2772
f 2812 2772 2813
f 2813 2772 2771
f 2813 2771 2814
f 2814 2771 2747
f 2814 2747 2815
f 2815 2816 2814
f 2814 2816 2817
f 2814 2817 2813
f 2813 2817 2812
f 2812 2817 2818
f 2812 2818 2806
f 2806 2818 2807
f 2807 2818 2819
f 2807 2819 2808
f 2820 2810 2819
f 2819 2810 2809
f 2819 2809 2808
f 2804 2805 2820
f 2820 2805 2811
f 2820 2811 2810
f 2804 2820 2803
f 2803 2820 2821
f 2803 2821 2802
f 2802 2821 2822
f 2802 2822 2801
f 2801 2822 2800
f 2800 2822 2823
f 2800 2823 2794
f 2794 2823 2795
f 2795 2823 2824
f 2795 2824 2796
f 2825 2798 2824
f 2824 2798 2797
f 2824 2797 2796
f 2791 2792 2826
f 2826 2792 2793
f 2826 2793 2825
f 2825 2793 2799
f 2825 2799 2798
f 2791 2826 2790
f 2790 2826 2827
f 2790 2827 2787
f 2787 2827 2788
f 2788 2827 2828
f 2788 2828 2789
f 2789 2828 2829
f 2829 2828 2830
f 2829 2830 2831
f 2831 2830 2832
f 2832 2830 2833
f 2832 2833 2834
f 2834 2833 2835
f 2835 2833 2836
f 2835 2836 2837
f 2838 2839 2836
f 2836 2839 2840
f 2836 2840 2837
f 2841 2842 2838
f 2838 2842 2843
f 2838 2843 2839
f 2841 2838 2844
f 2844 2838 2845
f 2844 2845 2846
f 2846 2845 2847
f 2846 2847 2848
f 2848 2847 2849
f 2849 2847 2850
f 2849 2850 2851
f 2851 2850 2852
f 2852 2850 2853
f 2852 2853 2854
f 2855 2856 2853
f 2853 2856 2857
f 2853 2857 2854
f 2858 2859 2860
f 2860 2859 2861
f 2860 2861 2855
f 2855 2861 2862
f 2855 2862 2856
f 2858 2860 2863
f 2863 2860 2864
f 2863 2864 2865
f 2865 2864 2866
f 2866 2864 2816
f 2866 2816 2815
f 2867 2816 2864
f 2867 2864 2868
f 2868 2864 2860
f 2868 2860 2869
f 2869 2860 2855
f 2869 2855 2870
f 2870 2855 2853
f 2870 2853 2871
f 2871 2853 2850
f 2871 2850 2872
f 2872 2850 2847
f 2872 2847 2873
f 2873 2847 2845
f 2873 2845 2874
f 2874 2845 2838
f 2874 2838 2875
f 2875 2838 2836
f 2875 2836 2876
f 2876 2836 2833
f 2876 2833 2877
f 2877 2833 2830
f 2877 2830 2878
f 2878 2830 2828
f 2878 2828 2879
f 2880 2879 2881
f 2880 2867 2879
f 2879 2867 2868
f 2879 2868 2869
f 2878 2879 2873
f 2873 2879 2872
f 2869 2870 2879
f 2879 2870 2871
f 2879 2871 2872
f 2881 2882 2880
f 2880 2882 2883
f 2880 2883 2884
f 2873 2874 2875
f 2884 2885 2880
f 2880 2885 2886
f 2880 2886 2887
f 2888 2889 2887
f 2887 2889 2890
f 2887 2890 2880
f 2875 2876 2873
f 2873 2876 2877
f 2873 2877 2878
f 2879 2828 2827
f 2879 2827 2881
f 2881 2827 2826
f 2881 2826 2882
f 2882 2826 2825
f 2882 2825 2883
f 2883 2825 2824
f 2883 2824 2884
f 2884 2824 2823
f 2884 2823 2885
f 2885 2823 2822
f 2885 2822 2886
f 2886 2822 2821
f 2886 2821 2887
f 2887 2821 2820
f 2887 2820 2888
f 2888 2820 2819
f 2888 2819 2889
f 2889 2819 2818
f 2889 2818 2890
f 2890 2818 2817
f 2890 2817 2880
f 2880 2817 2816
f 2880 2816 2867
f 2865 2866 2745
f 2745 2866 2815
f 2745 2815 2747
f 2865 2745 2863
f 2863 2745 2743
f 2863 2743 2858
f 2858 2743 2741
f 2858 2741 2859
f 2859 2741 2739
f 2859 2739 2861
f 2851 2852 2733
f 2733 2852 2854
f 2733 2854 2735
f 2735 2854 2857
f 2735 2857 2737
f 2737 2857 2856
f 2737 2856 2739
f 2739 2856 2862
f 2739 2862 2861
f 2851 2733 2849
f 2849 2733 2731
f 2849 2731 2848
f 2848 2731 2729
f 2848 2729 2846
f 2846 2729 2844
f 2844 2729 2727
f 2844 2727 2841
f 2841 2727 2725
f 2841 2725 2842
f 2834 2835 2719
f 2719 2835 2837
f 2719 2837 2721
f 2721 2837 2840
f 2721 2840 2723
f 2723 2840 2839
f 2723 2839 2725
f 2725 2839 2843
f 2725 2843 2842
f 2834 2719 2832
f 2832 2719 2717
f 2832 2717 2831
f 2831 2717 2715
f 2831 2715 2829
f 2829 2715 2714
f 2829 2714 2789
f 2761 2755 2891
f 2891 2755 2892
f 2755 2749 2892
f 2892 2749 2893
f 2749 2750 2893
f 2893 2750 2894
f 2750 2762 2894
f 2894 2762 2895
f 2762 2758 2895
f 2895 2758 2896
f 2758 2761 2896
f 2896 2761 2891
f 2893 2894 2892
f 2892 2894 2895
f 2892 2895 2891
f 2891 2895 2896
f 2897 2898 2899
f 2897 2899 2900
f 2900 2899 2901
f 2900 2901 2902
f 2902 2901 2903
f 2902 2903 2904
f 2904 2903 2905
f 2904 2905 2906
f 2906 2905 2907
f 2906 2907 2908
f 2908 2907 2909
f 2908 2909 2910
f 2910 2909 2911
f 2910 2911 2912
f 2912 2911 2913
f 2912 2913 2914
f 2914 2913 2915
f 2914 2915 2916
f 2916 2915 2917
f 2916 2917 2918
f 2918 2917 2919
f 2918 2919 2920
f 2920 2919 2921
f 2920 2921 2922
f 2922 2921 2923
f 2922 2923 2924
f 2924 2923 2925
f 2924 2925 2926
f 2926 2925 2927
f 2926 2927 2928
f 2928 2927 2929
f 2928 2929 2930
f 2930 2929 2931
f 2930 2931 2932
f 2932 2931 2933
f 2932 2933 2934
f 2934 2933 2935
f 2934 2935 2936
f 2936 2935 2937
f 2936 2937 2938
f 2938 2937 2939
f 2938 2939 2940
f 2940 2939 2941
f 2940 2941 2942
f 2942 2941 2943
f 2942 2943 2944
f 2944 2943 2945
f 2944 2945 2946
f 2946 2945 2947
f 2946 2947 2948
f 2948 2947 2949
f 2948 2949 2950
f 2950 2949 2951
f 2950 2951 2952
f 2952 2951 2953
f 2952 2953 2954
f 2954 2953 2955
f 2954 2955 2956
f 2956 2955 2957
f 2956 2957 2958
f 2958 2957 2959
f 2958 2959 2960
f 2960 2959 2898
f 2960 2898 2897
f 2961 2962 2929
f 2929 2962 2931
f 2962 2963 2931
f 2931 2963 2964
f 2931 2964 2933
f 2965 2935 2966
f 2966 2935 2933
f 2966 2933 2967
f 2967 2933 2964
f 2968 2937 2969
f 2969 2937 2935
f 2969 2935 2970
f 2970 2935 2965
f 2968 2971 2937
f 2937 2971 2972
f 2937 2972 2939
f 2972 2973 2939
f 2939 2973 2974
f 2939 2974 2941
f 2975 2943 2976
f 2976 2943 2941
f 2976 2941 2977
f 2977 2941 2974
f 2975 2978 2943
f 2943 2978 2979
f 2943 2979 2945
f 2980 2947 2981
f 2981 2947 2945
f 2981 2945 2982
f 2982 2945 2979
f 2980 2983 2947
f 2947 2983 2984
f 2947 2984 2949
f 2985 2951 2986
f 2986 2951 2949
f 2986 2949 2987
f 2987 2949 2984
f 2985 2988 2951
f 2951 2988 2989
f 2951 2989 2953
f 2989 2990 2953
f 2953 2990 2991
f 2953 2991 2955
f 2992 2957 2993
f 2993 2957 2955
f 2993 2955 2994
f 2994 2955 2991
f 2992 2995 2957
f 2957 2995 2996
f 2957 2996 2959
f 2997 2898 2998
f 2998 2898 2959
f 2998 2959 2999
f 2999 2959 2996
f 2997 3000 2898
f 2898 3000 2899
f 3001 2901 3002
f 3002 2901 2899
f 3002 2899 3003
f 3003 2899 3000
f 3001 3004 2901
f 2901 3004 3005
f 2901 3005 2903
f 3005 3006 2903
f 2903 3006 3007
f 2903 3007 2905
f 3008 2907 3009
f 3009 2907 2905
f 3009 2905 3010
f 3010 2905 3007
f 3011 2909 3012
f 3012 2909 2907
f 3012 2907 3013
f 3013 2907 3008
f 3011 3014 2909
f 2909 3014 3015
f 2909 3015 2911
f 3015 3016 2911
f 2911 3016 3017
f 2911 3017 2913
f 3017 3018 2913
f 2913 3018 3019
f 2913 3019 2915
f 3020 2917 3021
f 3021 2917 2915
f 3021 2915 3022
f 3022 2915 3019
f 3020 3023 2917
f 2917 3023 3024
f 2917 3024 2919
f 3025 2921 3026
f 3026 2921 2919
f 3026 2919 3027
f 3027 2919 3024
f 3028 2923 3029
f 3029 2923 2921
f 3029 2921 3030
f 3030 2921 3025
f 3028 3031 2923
f 2923 3031 3032
f 2923 3032 2925
f 3032 3033 2925
f 2925 3033 3034
f 2925 3034 2927
f 2961 2929 3035
f 3035 2929 2927
f 3035 2927 3036
f 3036 2927 3034
f 3037 3038 2961
f 3039 3040 3032
f 3041 3042 3025
f 3043 3044 3020
f 3045 3046 3008
f 3047 3048 3005
f 3049 3050 3051
f 3051 3050 3052
f 3051 3052 3053
f 3053 3052 3054
f 3053 3054 3055
f 3055 3054 3046
f 3055 3046 3056
f 3056 3046 3045
f 3056 3045 3057
f 3057 3045 3058
f 3057 3058 3059
f 3059 3058 3048
f 3059 3048 3060
f 3060 3048 3047
f 3060 3047 3061
f 3061 3047 3062
f 3061 3062 3063
f 3063 3062 3064
f 3063 3064 3065
f 3066 3038 3067
f 3067 3038 3037
f 3067 3037 3068
f 3068 3037 3069
f 3068 3069 3070
f 3070 3069 3040
f 3070 3040 3071
f 3071 3040 3039
f 3071 3039 3072
f 3072 3039 3073
f 3072 3073 3074
f 3074 3073 3042
f 3074 3042 3075
f 3075 3042 3041
f 3075 3041 3076
f 3076 3041 3077
f 3076 3077 3078
f 3078 3077 3044
f 3078 3044 3079
f 3079 3044 3043
f 3079 3043 3080
f 3080 3043 3081
f 3080 3081 3082
f 3082 3081 3083
f 3065 3064 3084
f 3084 3064 3000
f 3084 3000 2997
f 3005 3004 3047
f 3047 3004 3001
f 3047 3001 3062
f 3062 3001 3002
f 3062 3002 3064
f 3064 3002 3003
f 3064 3003 3000
f 3008 3009 3045
f 3045 3009 3010
f 3045 3010 3058
f 3058 3010 3007
f 3058 3007 3048
f 3048 3007 3006
f 3048 3006 3005
f 3052 3011 3054
f 3054 3011 3012
f 3054 3012 3046
f 3046 3012 3013
f 3046 3013 3008
f 3017 3050 3083
f 3083 3050 3049
f 3083 3049 3082
f 3017 3016 3050
f 3050 3016 3015
f 3050 3015 3052
f 3052 3015 3014
f 3052 3014 3011
f 3020 3021 3043
f 3043 3021 3022
f 3043 3022 3081
f 3081 3022 3019
f 3081 3019 3083
f 3083 3019 3018
f 3083 3018 3017
f 3025 3026 3041
f 3041 3026 3027
f 3041 3027 3077
f 3077 3027 3024
f 3077 3024 3044
f 3044 3024 3023
f 3044 3023 3020
f 3032 3031 3039
f 3039 3031 3028
f 3039 3028 3073
f 3073 3028 3029
f 3073 3029 3042
f 3042 3029 3030
f 3042 3030 3025
f 2961 3035 3037
f 3037 3035 3036
f 3037 3036 3069
f 3069 3036 3034
f 3069 3034 3040
f 3040 3034 3033
f 3040 3033 3032
f 3085 3084 2997
f 3086 3087 2992
f 3088 3089 2989
f 3090 3091 2984
f 3092 3093 2972
f 3094 3095 2965
f 3096 3097 3098
f 3098 3097 3099
f 3098 3099 3100
f 3100 3099 3101
f 3100 3101 3102
f 3102 3101 3093
f 3102 3093 3103
f 3103 3093 3092
f 3103 3092 3104
f 3104 3092 3105
f 3104 3105 3106
f 3106 3105 3095
f 3106 3095 3107
f 3107 3095 3094
f 3107 3094 3108
f 3108 3094 3109
f 3108 3109 3110
f 3110 3109 3111
f 3110 3111 3066
f 3065 3084 3112
f 3112 3084 3085
f 3112 3085 3113
f 3113 3085 3114
f 3113 3114 3115
f 3115 3114 3087
f 3115 3087 3116
f 3116 3087 3086
f 3116 3086 3117
f 3117 3086 3118
f 3117 3118 3119
f 3119 3118 3089
f 3119 3089 3120
f 3120 3089 3088
f 3120 3088 3121
f 3121 3088 3122
f 3121 3122 3123
f 3123 3122 3091
f 3123 3091 3124
f 3124 3091 3090
f 3124 3090 3125
f 3125 3090 3126
f 3125 3126 3127
f 3127 3126 3128
f 3066 3111 3038
f 3038 3111 2962
f 3038 2962 2961
f 2965 2966 3094
f 3094 2966 2967
f 3094 2967 3109
f 3109 2967 2964
f 3109 2964 3111
f 3111 2964 2963
f 3111 2963 2962
f 2972 2971 3092
f 3092 2971 2968
f 3092 2968 3105
f 3105 2968 2969
f 3105 2969 3095
f 3095 2969 2970
f 3095 2970 2965
f 3099 2977 3101
f 3101 2977 2974
f 3101 2974 3093
f 3093 2974 2973
f 3093 2973 2972
f 2979 3097 3128
f 3128 3097 3096
f 3128 3096 3127
f 2979 2978 3097
f 3097 2978 2975
f 3097 2975 3099
f 3099 2975 2976
f 3099 2976 2977
f 2984 2983 3090
f 3090 2983 2980
f 3090 2980 3126
f 3126 2980 2981
f 3126 2981 3128
f 3128 2981 2982
f 3128 2982 2979
f 2989 2988 3088
f 3088 2988 2985
f 3088 2985 3122
f 3122 2985 2986
f 3122 2986 3091
f 3091 2986 2987
f 3091 2987 2984
f 2992 2993 3086
f 3086 2993 2994
f 3086 2994 3118
f 3118 2994 2991
f 3118 2991 3089
f 3089 2991 2990
f 3089 2990 2989
f 2997 2998 3085
f 3085 2998 2999
f 3085 2999 3114
f 3114 2999 2996
f 3114 2996 3087
f 3087 2996 2995
f 3087 2995 2992
f 3129 3130 3131
f 3131 3130 3132
f 3131 3132 3133
f 3133 3132 3134
f 3133 3134 3135
f 3135 3134 3136
f 3135 3136 3137
f 3137 3136 3138
f 3137 3138 3139
f 3139 3138 3140
f 3139 3140 3141
f 3141 3140 3142
f 3141 3142 3143
f 3143 3142 3144
f 3143 3144 3145
f 3145 3144 3146
f 3145 3146 3147
f 3147 3146 3148
f 3147 3148 3149
f 3149 3148 3150
f 3149 3150 3151
f 3151 3150 3152
f 3151 3152 3153
f 3153 3152 3154
f 3153 3154 3155
f 3155 3154 3156
f 3155 3156 3157
f 3157 3156 3158
f 3157 3158 3159
f 3159 3158 3160
f 3159 3160 3161
f 3161 3160 3162
f 3161 3162 3163
f 3163 3162 3164
f 3163 3164 3165
f 3165 3164 3166
f 3165 3166 3167
f 3167 3166 3168
f 3167 3168 3169
f 3169 3168 3170
f 3169 3170 3171
f 3171 3170 3172
f 3171 3172 3173
f 3173 3172 3174
f 3173 3174 3175
f 3175 3174 3176
f 3130 3065 3132
f 3132 3065 3112
f 3132 3112 3134
f 3134 3112 3113
f 3134 3113 3136
f 3136 3113 3115
f 3136 3115 3138
f 3138 3115 3116
f 3138 3116 3140
f 3140 3116 3117
f 3140 3117 3142
f 3142 3117 3119
f 3142 3119 3144
f 3144 3119 3120
f 3144 3120 3146
f 3146 3120 3121
f 3146 3121 3148
f 3148 3121 3123
f 3148 3123 3150
f 3150 3123 3124
f 3150 3124 3152
f 3152 3124 3125
f 3152 3125 3154
f 3154 3125 3127
f 3154 3127 3156
f 3156 3127 3096
f 3156 3096 3158
f 3158 3096 3098
f 3158 3098 3160
f 3160 3098 3100
f 3160 3100 3162
f 3162 3100 3102
f 3162 3102 3164
f 3164 3102 3103
f 3164 3103 3166
f 3166 3103 3104
f 3166 3104 3168
f 3168 3104 3106
f 3168 3106 3170
f 3170 3106 3107
f 3170 3107 3172
f 3172 3107 3108
f 3172 3108 3174
f 3174 3108 3110
f 3174 3110 3176
f 3176 3110 3066
f 3175 3176 3177
f 3177 3176 3178
f 3177 3178 3179
f 3179 3178 3180
f 3179 3180 3181
f 3181 3180 3182
f 3181 3182 3183
f 3183 3182 3184
f 3183 3184 3185
f 3185 3184 3186
f 3185 3186 3187
f 3187 3186 3188
f 3187 3188 3189
f 3189 3188 3190
f 3189 3190 3191
f 3191 3190 3192
f 3191 3192 3193
f 3193 3192 3194
f 3193 3194 3195
f 3195 3194 3196
f 3195 3196 3197
f 3197 3196 3198
f 3197 3198 3199
f 3199 3198 3200
f 3199 3200 3201
f 3201 3200 3202
f 3201 3202 3203
f 3203 3202 3204
f 3203 3204 3205
f 3205 3204 3206
f 3205 3206 3207
f 3207 3206 3208
f 3207 3208 3209
f 3209 3208 3210
f 3209 3210 3211
f 3211 3210 3212
f 3211 3212 3213
f 3213 3212 3214
f 3213 3214 3215
f 3215 3214 3216
f 3215 3216 3217
f 3217 3216 3218
f 3217 3218 3219
f 3219 3218 3220
f 3219 3220 3129
f 3129 3220 3130
f 3176 3066 3178
f 3178 3066 3067
f 3178 3067 3180
f 3180 3067 3068
f 3180 3068 3182
f 3182 3068 3070
f 3182 3070 3184
f 3184 3070 3071
f 3184 3071 3186
f 3186 3071 3072
f 3186 3072 3188
f 3188 3072 3074
f 3188 3074 3190
f 3190 3074 3075
f 3190 3075 3192
f 3192 3075 3076
f 3192 3076 3194
f 3194 3076 3078
f 3194 3078 3196
f 3196 3078 3079
f 3196 3079 3198
f 3198 3079 3080
f 3198 3080 3200
f 3200 3080 3082
f 3200 3082 3202
f 3202 3082 3049
f 3202 3049 3204
f 3204 3049 3051
f 3204 3051 3206
f 3206 3051 3053
f 3206 3053 3208
f 3208 3053 3055
f 3208 3055 3210
f 3210 3055 3056
f 3210 3056 3212
f 3212 3056 3057
f 3212 3057 3214
f 3214 3057 3059
f 3214 3059 3216
f 3216 3059 3060
f 3216 3060 3218
f 3218 3060 3061
f 3218 3061 3220
f 3220 3061 3063
f 3220 3063 3130
f 3130 3063 3065
f 3221 3153 3222
f 3222 3153 3155
f 3222 3155 3223
f 3223 3155 3157
f 3223 3157 3224
f 3224 3157 3159
f 3224 3159 3225
f 3226 3181 3227
f 3227 3181 3183
f 3227 3183 3228
f 3228 3183 3185
f 3228 3185 3229
f 3230 3171 3231
f 3231 3171 3173
f 3231 3173 3232
f 3232 3173 3175
f 3232 3175 3233
f 3233 3175 3177
f 3233 3177 3226
f 3226 3177 3179
f 3226 3179 3181
f 3159 3161 3225
f 3225 3161 3163
f 3225 3163 3234
f 3234 3163 3165
f 3234 3165 3235
f 3235 3165 3167
f 3235 3167 3230
f 3230 3167 3169
f 3230 3169 3171
f 3185 3187 3229
f 3229 3187 3189
f 3229 3189 3236
f 3236 3189 3191
f 3236 3191 3237
f 3237 3191 3193
f 3237 3193 3238
f 3238 3193 3195
f 3238 3195 3239
f 3240 3217 3241
f 3241 3217 3219
f 3241 3219 3242
f 3242 3219 3129
f 3242 3129 3243
f 3243 3129 3131
f 3243 3131 3244
f 3131 3133 3244
f 3244 3133 3135
f 3244 3135 3245
f 3245 3135 3137
f 3245 3137 3246
f 3246 3137 3139
f 3246 3139 3247
f 3139 3141 3247
f 3247 3141 3143
f 3247 3143 3248
f 3248 3143 3145
f 3248 3145 3249
f 3249 3145 3147
f 3249 3147 3250
f 3250 3147 3149
f 3250 3149 3221
f 3221 3149 3151
f 3221 3151 3153
f 3251 3209 3252
f 3252 3209 3211
f 3252 3211 3253
f 3253 3211 3213
f 3253 3213 3240
f 3240 3213 3215
f 3240 3215 3217
f 3195 3197 3239
f 3239 3197 3199
f 3239 3199 3254
f 3254 3199 3201
f 3254 3201 3255
f 3255 3201 3203
f 3255 3203 3256
f 3256 3203 3205
f 3256 3205 3251
f 3251 3205 3207
f 3251 3207 3209
f 3242 3257 3258
f 3242 3258 3241
f 3241 3258 3259
f 3241 3259 3240
f 3240 3259 3260
f 3240 3260 3253
f 3253 3260 3261
f 3253 3261 3252
f 3252 3261 3262
f 3252 3262 3251
f 3251 3262 3263
f 3251 3263 3256
f 3256 3263 3264
f 3256 3264 3255
f 3255 3264 3265
f 3255 3265 3254
f 3254 3265 3266
f 3254 3266 3239
f 3239 3266 3267
f 3239 3267 3238
f 3238 3267 3268
f 3238 3268 3237
f 3237 3268 3269
f 3237 3269 3236
f 3236 3269 3270
f 3236 3270 3229
f 3229 3270 3271
f 3229 3271 3228
f 3228 3271 3272
f 3228 3272 3227
f 3227 3272 3273
f 3227 3273 3226
f 3226 3273 3274
f 3226 3274 3233
f 3233 3274 3275
f 3233 3275 3232
f 3232 3275 3276
f 3232 3276 3231
f 3231 3276 3277
f 3231 3277 3230
f 3230 3277 3278
f 3230 3278 3235
f 3235 3278 3279
f 3235 3279 3234
f 3234 3279 3280
f 3234 3280 3225
f 3225 3280 3281
f 3225 3281 3224
f 3224 3281 3282
f 3224 3282 3223
f 3223 3282 3283
f 3223 3283 3222
f 3222 3283 3284
f 3222 3284 3221
f 3221 3284 3285
f 3221 3285 3250
f 3250 3285 3286
f 3250 3286 3249
f 3249 3286 3287
f 3249 3287 3248
f 3248 3287 3288
f 3248 3288 3247
f 3247 3288 3289
f 3247 3289 3246
f 3246 3289 3290
f 3246 3290 3245
f 3245 3290 3291
f 3245 3291 3244
f 3244 3291 3292
f 3244 3292 3243
f 3243 3292 3257
f 3243 3257 3242
f 3293 3257 3292
f 3293 3292 3294
f 3294 3292 3291
f 3294 3291 3295
f 3295 3291 3290
f 3295 3290 3296
f 3296 3290 3289
f 3296 3289 3297
f 3297 3289 3288
f 3297 3288 3298
f 3298 3288 3287
f 3298 3287 3299
f 3299 3287 3286
f 3299 3286 3300
f 3300 3286 3285
f 3300 3285 3301
f 3301 3285 3284
f 3301 3284 3302
f 3302 3284 3283
f 3302 3283 3303
f 3303 3283 3282
f 3303 3282 3304
f 3304 3282 3281
f 3304 3281 3305
f 3305 3281 3280
f 3305 3280 3306
f 3306 3280 3279
f 3306 3279 3307
f 3307 3279 3278
f 3307 3278 3308
f 3308 3278 3277
f 3308 3277 3309
f 3309 3277 3276
f 3309 3276 3310
f 3310 3276 3275
f 3310 3275 3311
f 3311 3275 3274
f 3311 3274 3312
f 3312 3274 3273
f 3312 3273 3313
f 3313 3273 3272
f 3313 3272 3314
f 3314 3272 3271
f 3314 3271 3315
f 3315 3271 3270
f 3315 3270 3316
f 3316 3270 3269
f 3316 3269 3317
f 3317 3269 3268
f 3317 3268 3318
f 3318 3268 3267
f 3318 3267 3319
f 3319 3267 3266
f 3319 3266 3320
f 3320 3266 3265
f 3320 3265 3321
f 3321 3265 3264
f 3321 3264 3322
f 3322 3264 3263
f 3322 3263 3323
f 3323 3263 3262
f 3323 3262 3324
f 3324 3262 3261
f 3324 3261 3325
f 3325 3261 3260
f 3325 3260 3326
f 3326 3260 3259
f 3326 3259 3327
f 3327 3259 3258
f 3327 3258 3328
f 3328 3258 3257
f 3328 3257 3293
f 3294 3295 3306
f 3303 3304 3297
f 3307 3308 3328
f 3328 3308 3309
f 3328 3309 3310
f 3310 3311 3328
f 3328 3311 3312
f 3328 3312 3327
f 3327 3312 3313
f 3327 3313 3326
f 3299 3300 3301
f 3295 3296 3306
f 3306 3296 3297
f 3306 3297 3305
f 3305 3297 3304
f 3307 3328 3306
f 3306 3328 3293
f 3306 3293 3294
f 3299 3301 3298
f 3318 3319 3313
f 3298 3301 3297
f 3297 3301 3302
f 3297 3302 3303
f 3313 3322 3323
f 3313 3314 3315
f 3319 3320 3313
f 3313 3320 3321
f 3313 3321 3322
f 3323 3324 3313
f 3313 3324 3325
f 3313 3325 3326
f 3315 3316 3313
f 3313 3316 3317
f 3313 3317 3318
f 3329 2918 3330
f 3330 2918 2920
f 3330 2920 3331
f 3331 2920 2922
f 3331 2922 3332
f 3332 2922 2924
f 3332 2924 3333
f 3333 2924 2926
f 3333 2926 3334
f 3334 2926 2928
f 3334 2928 3335
f 3335 2928 2930
f 3335 2930 3336
f 3336 2930 2932
f 3336 2932 3337
f 3337 2932 2934
f 3337 2934 3338
f 3338 2934 2936
f 3338 2936 3339
f 3339 2936 2938
f 3339 2938 3340
f 3340 2938 2940
f 3340 2940 3341
f 3341 2940 2942
f 3341 2942 3342
f 3342 2942 2944
f 3342 2944 3343
f 3343 2944 2946
f 3343 2946 3344
f 3344 2946 2948
f 3344 2948 3345
f 3345 2948 2950
f 3345 2950 3346
f 3346 2950 2952
f 3346 2952 3347
f 3347 2952 2954
f 3347 2954 3348
f 3348 2954 2956
f 3348 2956 3349
f 3349 2956 2958
f 3349 2958 3350
f 3350 2958 2960
f 3350 2960 3351
f 3351 2960 2897
f 3351 2897 3352
f 3352 2897 2900
f 3352 2900 3353
f 3353 2900 2902
f 3353 2902 3354
f 3354 2902 2904
f 3354 2904 3355
f 3355 2904 2906
f 3355 2906 3356
f 3356 2906 2908
f 3356 2908 3357
f 3357 2908 2910
f 3357 2910 3358
f 3358 2910 2912
f 3358 2912 3359
f 3359 2912 2914
f 3359 2914 3360
f 3360 2914 2916
f 3360 2916 3329
f 3329 2916 2918
f 3351 3361 3350
f 3350 3361 3362
f 3350 3362 3349
f 3349 3362 3363
f 3349 3363 3348
f 3348 3363 3364
f 3348 3364 3347
f 3347 3364 3365
f 3347 3365 3346
f 3346 3365 3366
f 3346 3366 3345
f 3345 3366 3367
f 3345 3367 3344
f 3344 3367 3368
f 3344 3368 3343
f 3343 3368 3369
f 3343 3369 3342
f 3342 3369 3370
f 3342 3370 3341
f 3341 3370 3371
f 3341 3371 3340
f 3340 3371 3372
f 3340 3372 3339
f 3339 3372 3373
f 3339 3373 3338
f 3338 3373 3374
f 3338 3374 3337
f 3337 3374 3375
f 3337 3375 3336
f 3336 3375 3376
f 3336 3376 3335
f 3335 3376 3377
f 3361 3378 3362
f 3362 3378 3379
f 3362 3379 3363
f 3363 3379 3380
f 3363 3380 3364
f 3364 3380 3381
f 3364 3381 3365
f 3365 3381 3382
f 3365 3382 3366
f 3366 3382 3383
f 3366 3383 3367
f 3367 3383 3384
f 3367 3384 3368
f 3368 3384 3385
f 3368 3385 3369
f 3369 3385 3386
f 3369 3386 3370
f 3370 3386 3387
f 3370 3387 3371
f 3371 3387 3388
f 3371 3388 3372
f 3372 3388 3389
f 3372 3389 3373
f 3373 3389 3390
f 3373 3390 3374
f 3374 3390 3391
f 3374 3391 3375
f 3375 3391 3392
f 3375 3392 3376
f 3376 3392 3393
f 3376 3393 3377
f 3377 3393 3394
f 3335 3377 3334
f 3334 3377 3395
f 3334 3395 3333
f 3333 3395 3396
f 3333 3396 3332
f 3332 3396 3397
f 3332 3397 3331
f 3331 3397 3398
f 3331 3398 3330
f 3330 3398 3399
f 3330 3399 3329
f 3329 3399 3400
f 3329 3400 3360
f 3360 3400 3401
f 3360 3401 3359
f 3359 3401 3402
f 3359 3402 3358
f 3358 3402 3403
f 3358 3403 3357
f 3357 3403 3404
f 3357 3404 3356
f 3356 3404 3405
f 3356 3405 3355
f 3355 3405 3406
f 3355 3406 3354
f 3354 3406 3407
f 3354 3407 3353
f 3353 3407 3408
f 3353 3408 3352
f 3352 3408 3409
f 3352 3409 3351
f 3351 3409 3361
f 3377 3394 3395
f 3395 3394 3410
f 3395 3410 3396
f 3396 3410 3411
f 3396 3411 3397
f 3397 3411 3412
f 3397 3412 3398
f 3398 3412 3413
f 3398 3413 3399
f 3399 3413 3414
f 3399 3414 3400
f 3400 3414 3415
f 3400 3415 3401
f 3401 3415 3416
f 3401 3416 3402
f 3402 3416 3417
f 3402 3417 3403
f 3403 3417 3418
f 3403 3418 3404
f 3404 3418 3419
f 3404 3419 3405
f 3405 3419 3420
f 3405 3420 3406
f 3406 3420 3421
f 3406 3421 3407
f 3407 3421 3422
f 3407 3422 3408
f 3408 3422 3423
f 3408 3423 3409
f 3409 3423 3424
f 3409 3424 3361
f 3361 3424 3378
f 3425 3426 3427
f 3428 3429 3430
f 3378 3424 3431
f 3431 3424 3432
f 3432 3424 3423
f 3432 3423 3433
f 3433 3423 3422
f 3433 3422 3434
f 3434 3422 3421
f 3434 3421 3435
f 3435 3421 3420
f 3435 3420 3436
f 3436 3420 3419
f 3436 3419 3428
f 3428 3419 3418
f 3428 3418 3429
f 3394 3426 3410
f 3410 3426 3425
f 3410 3425 3411
f 3411 3425 3437
f 3411 3437 3412
f 3412 3437 3438
f 3412 3438 3413
f 3413 3438 3439
f 3413 3439 3414
f 3414 3439 3440
f 3414 3440 3415
f 3415 3440 3441
f 3415 3441 3416
f 3416 3441 3429
f 3416 3429 3417
f 3417 3429 3418
f 3378 3431 3442
f 3442 3431 3443
f 3442 3443 3444
f 3433 3445 3432
f 3432 3445 3446
f 3432 3446 3431
f 3431 3446 3447
f 3431 3447 3443
f 3435 3448 3434
f 3434 3448 3449
f 3434 3449 3433
f 3433 3449 3450
f 3433 3450 3445
f 3430 3451 3428
f 3428 3451 3452
f 3428 3452 3436
f 3436 3452 3453
f 3436 3453 3435
f 3435 3453 3454
f 3435 3454 3448
f 3440 3455 3441
f 3441 3455 3456
f 3441 3456 3429
f 3429 3456 3457
f 3429 3457 3430
f 3438 3458 3439
f 3439 3458 3459
f 3439 3459 3440
f 3440 3459 3460
f 3440 3460 3455
f 3427 3461 3425
f 3425 3461 3462
f 3425 3462 3437
f 3437 3462 3463
f 3437 3463 3438
f 3438 3463 3464
f 3438 3464 3458
f 3465 3442 3444
f 3466 3467 3468
f 3394 3393 3469
f 3469 3393 3470
f 3470 3393 3392
f 3470 3392 3471
f 3471 3392 3391
f 3471 3391 3472
f 3472 3391 3390
f 3472 3390 3473
f 3473 3390 3389
f 3473 3389 3474
f 3474 3389 3388
f 3474 3388 3466
f 3378 3442 3379
f 3379 3442 3465
f 3379 3465 3380
f 3380 3465 3475
f 3380 3475 3381
f 3381 3475 3476
f 3381 3476 3382
f 3382 3476 3477
f 3382 3477 3383
f 3383 3477 3478
f 3383 3478 3384
f 3384 3478 3479
f 3384 3479 3385
f 3385 3479 3467
f 3385 3467 3386
f 3386 3467 3466
f 3386 3466 3387
f 3387 3466 3388
f 3394 3469 3426
f 3426 3469 3480
f 3426 3480 3427
f 3471 3481 3470
f 3470 3481 3482
f 3470 3482 3469
f 3469 3482 3483
f 3469 3483 3480
f 3473 3484 3472
f 3472 3484 3485
f 3472 3485 3471
f 3471 3485 3486
f 3471 3486 3481
f 3468 3487 3466
f 3466 3487 3488
f 3466 3488 3474
f 3474 3488 3489
f 3474 3489 3473
f 3473 3489 3490
f 3473 3490 3484
f 3478 3491 3479
f 3479 3491 3492
f 3479 3492 3467
f 3467 3492 3493
f 3467 3493 3468
f 3476 3494 3477
f 3477 3494 3495
f 3477 3495 3478
f 3478 3495 3496
f 3478 3496 3491
f 3444 3497 3465
f 3465 3497 3498
f 3465 3498 3475
f 3475 3498 3499
f 3475 3499 3476
f 3476 3499 3500
f 3476 3500 3494
f 3427 3480 3501
f 3501 3480 3502
f 3480 3483 3502
f 3502 3483 3482
f 3502 3482 3503
f 3482 3481 3503
f 3503 3481 3486
f 3503 3486 3504
f 3486 3485 3504
f 3504 3485 3484
f 3504 3484 3505
f 3488 3506 3489
f 3489 3506 3505
f 3489 3505 3490
f 3490 3505 3484
f 3488 3487 3506
f 3506 3487 3468
f 3506 3468 3507
f 3468 3493 3507
f 3507 3493 3492
f 3507 3492 3508
f 3492 3491 3508
f 3508 3491 3496
f 3508 3496 3509
f 3496 3495 3509
f 3509 3495 3494
f 3509 3494 3510
f 3494 3500 3510
f 3510 3500 3499
f 3510 3499 3511
f 3444 3512 3497
f 3497 3512 3511
f 3497 3511 3498
f 3498 3511 3499
f 3444 3443 3512
f 3512 3443 3513
f 3443 3447 3513
f 3513 3447 3446
f 3513 3446 3514
f 3446 3445 3514
f 3514 3445 3450
f 3514 3450 3515
f 3450 3449 3515
f 3515 3449 3448
f 3515 3448 3516
f 3448 3454 3516
f 3516 3454 3453
f 3516 3453 3517
f 3430 3518 3451
f 3451 3518 3517
f 3451 3517 3452
f 3452 3517 3453
f 3430 3457 3518
f 3518 3457 3456
f 3518 3456 3519
f 3456 3455 3519
f 3519 3455 3460
f 3519 3460 3520
f 3460 3459 3520
f 3520 3459 3458
f 3520 3458 3521
f 3458 3464 3521
f 3521 3464 3463
f 3521 3463 3522
f 3427 3501 3461
f 3461 3501 3522
f 3461 3522 3462
f 3462 3522 3463
f 3507 3523 3506
f 3506 3523 3524
f 3506 3524 3505
f 3505 3524 3525
f 3505 3525 3504
f 3504 3525 3526
f 3504 3526 3503
f 3503 3526 3527
f 3503 3527 3502
f 3502 3527 3528
f 3502 3528 3501
f 3501 3528 3529
f 3501 3529 3522
f 3522 3529 3530
f 3522 3530 3521
f 3521 3530 3531
f 3521 3531 3520
f 3520 3531 3532
f 3520 3532 3519
f 3519 3532 3533
f 3519 3533 3518
f 3533 3534 3518
f 3518 3534 3535
f 3518 3535 3517
f 3517 3535 3536
f 3517 3536 3516
f 3516 3536 3537
f 3516 3537 3515
f 3515 3537 3538
f 3515 3538 3514
f 3514 3538 3539
f 3514 3539 3513
f 3513 3539 3540
f 3513 3540 3512
f 3512 3540 3541
f 3512 3541 3511
f 3511 3541 3542
f 3511 3542 3510
f 3510 3542 3543
f 3510 3543 3509
f 3509 3543 3544
f 3509 3544 3508
f 3508 3544 3545
f 3508 3545 3507
f 3507 3545 3546
f 3507 3546 3523
f 3547 3529 3528
f 3547 3528 3548
f 3548 3528 3527
f 3548 3527 3549
f 3549 3527 3526
f 3549 3526 3550
f 3550 3526 3525
f 3550 3525 3551
f 3551 3525 3524
f 3551 3524 3552
f 3552 3524 3523
f 3552 3523 3553
f 3553 3523 3546
f 3553 3546 3554
f 3554 3546 3545
f 3554 3545 3555
f 3555 3545 3544
f 3555 3544 3556
f 3556 3544 3543
f 3556 3543 3557
f 3557 3543 3542
f 3557 3542 3558
f 3558 3542 3541
f 3558 3541 3559
f 3559 3541 3540
f 3559 3540 3560
f 3560 3540 3539
f 3560 3539 3561
f 3561 3539 3538
f 3561 3538 3562
f 3562 3538 3537
f 3562 3537 3563
f 3563 3537 3536
f 3563 3536 3564
f 3564 3536 3535
f 3564 3535 3565
f 3565 3535 3534
f 3565 3534 3566
f 3566 3534 3533
f 3566 3533 3567
f 3567 3533 3532
f 3567 3532 3568
f 3568 3532 3531
f 3568 3531 3569
f 3569 3531 3530
f 3569 3530 3570
f 3570 3530 3529
f 3570 3529 3547
f 3559 3560 3548
f 3561 3570 3560
f 3560 3570 3547
f 3560 3547 3548
f 3563 3564 3565
f 3548 3549 3559
f 3559 3549 3550
f 3559 3550 3551
f 3557 3558 3556
f 3556 3558 3559
f 3556 3559 3555
f 3555 3559 3554
f 3565 3566 3563
f 3563 3566 3567
f 3563 3567 3568
f 3561 3562 3570
f 3570 3562 3563
f 3570 3563 3569
f 3569 3563 3568
f 3551 3552 3559
f 3559 3552 3553
f 3559 3553 3554
f 3571 3572 3573
f 3571 3573 3574
f 3575 3576 3574
f 3574 3573 3575
f 3575 3573 3577
f 3575 3577 3578
f 3578 3577 3579
f 3578 3579 3580
f 3580 3579 3581
f 3580 3581 3582
f 3583 3584 3585
f 3586 3587 3588
f 3588 3587 3589
f 3590 3591 3592
f 3593 3588 3585
f 3585 3588 3589
f 3585 3589 3583
f 3594 3595 3596
f 3596 3595 3590
f 3596 3590 3589
f 3589 3590 3597
f 3589 3597 3583
f 3598 3597 3599
f 3599 3597 3590
f 3599 3590 3600
f 3600 3590 3592
f 3601 3602 3598
f 3598 3602 3603
f 3598 3603 3597
f 3597 3603 3604
f 3605 3606 3607
f 3604 3608 3597
f 3597 3608 3605
f 3597 3605 3583
f 3583 3605 3607
f 3584 3583 3609
f 3609 3583 3607
f 3610 3611 3612
f 3609 3613 3584
f 3584 3613 3610
f 3584 3610 3585
f 3585 3610 3612
f 3614 3593 3612
f 3612 3593 3585
f 3588 3593 3615
f 3615 3593 3614
f 3616 3586 3615
f 3615 3586 3588
f 3586 3616 3587
f 3587 3616 3617
f 3587 3617 3618
f 3618 3619 3587
f 3587 3619 3589
f 3589 3619 3596
f 3619 3618 3596
f 3596 3618 3617
f 3596 3617 3620
f 3596 3620 3594
f 3594 3620 3621
f 3594 3621 3622
f 3622 3623 3594
f 3594 3623 3595
f 3623 3624 3595
f 3595 3624 3590
f 3624 3625 3590
f 3590 3625 3591
f 3625 3626 3591
f 3591 3626 3592
f 3627 3600 3628
f 3628 3600 3592
f 3628 3592 3626
f 3629 3628 3625
f 3625 3628 3626
f 3628 3629 3630
f 3630 3629 3631
f 3632 3631 3633
f 3633 3631 3629
f 3634 3635 3630
f 3636 3637 3638
f 3638 3637 3639
f 3640 3641 3642
f 3643 3644 3645
f 3645 3644 3646
f 3631 3632 3647
f 3648 3649 3650
f 3650 3649 3640
f 3650 3640 3651
f 3651 3640 3642
f 3651 3642 3639
f 3639 3642 3652
f 3639 3652 3638
f 3631 3572 3630
f 3630 3572 3653
f 3630 3653 3634
f 3634 3653 3645
f 3634 3645 3654
f 3654 3645 3646
f 3647 3579 3577
f 3648 3650 3655
f 3655 3650 3656
f 3655 3656 3657
f 3631 3647 3572
f 3572 3647 3577
f 3572 3577 3573
f 3657 3658 3655
f 3655 3658 3659
f 3655 3659 3647
f 3647 3659 3581
f 3647 3581 3579
f 3660 3661 3662
f 3662 3661 3663
f 3662 3663 3664
f 3665 3643 3606
f 3606 3643 3645
f 3606 3645 3607
f 3637 3666 3639
f 3639 3666 3613
f 3639 3613 3609
f 3667 3668 3669
f 3669 3668 3670
f 3669 3670 3671
f 3663 3639 3664
f 3664 3639 3609
f 3664 3609 3671
f 3671 3609 3607
f 3671 3607 3669
f 3669 3607 3645
f 3639 3663 3651
f 3651 3663 3672
f 3673 3674 3675
f 3676 3677 3678
f 3679 3680 3681
f 3673 3675 3576
f 3576 3675 3679
f 3576 3679 3682
f 3682 3679 3681
f 3682 3681 3669
f 3683 3667 3684
f 3684 3667 3669
f 3684 3669 3685
f 3685 3669 3681
f 3678 3677 3686
f 3661 3687 3663
f 3663 3687 3688
f 3672 3689 3677
f 3677 3689 3690
f 3677 3690 3686
f 3688 3691 3663
f 3663 3691 3692
f 3663 3692 3672
f 3672 3692 3693
f 3672 3693 3689
f 3673 3582 3678
f 3678 3582 3694
f 3580 3582 3578
f 3578 3582 3673
f 3578 3673 3575
f 3575 3673 3576
f 3694 3695 3678
f 3678 3695 3696
f 3678 3696 3676
f 3697 3672 3698
f 3698 3672 3677
f 3698 3677 3699
f 3699 3677 3650
f 3699 3650 3700
f 3700 3650 3651
f 3700 3651 3697
f 3697 3651 3672
f 3656 3650 3677
f 3677 3676 3656
f 3656 3676 3696
f 3656 3696 3657
f 3657 3696 3695
f 3657 3695 3658
f 3658 3695 3694
f 3658 3694 3659
f 3694 3582 3659
f 3659 3582 3581
f 3571 3701 3702
f 3701 3571 3703
f 3572 3571 3653
f 3653 3571 3702
f 3653 3702 3682
f 3682 3702 3704
f 3682 3704 3576
f 3576 3704 3703
f 3576 3703 3574
f 3574 3703 3571
f 3669 3645 3682
f 3682 3645 3653
f 3702 3701 3705
f 3705 3701 3706
f 3701 3703 3706
f 3706 3703 3707
f 3703 3704 3707
f 3707 3704 3708
f 3704 3702 3708
f 3708 3702 3705
f 3706 3707 3705
f 3705 3707 3708
f 3697 3698 3709
f 3709 3698 3710
f 3698 3699 3710
f 3710 3699 3711
f 3699 3700 3711
f 3711 3700 3712
f 3700 3697 3712
f 3712 3697 3709
f 3710 3711 3709
f 3709 3711 3712
f 3713 3714 3683
f 3683 3714 3668
f 3683 3668 3667
f 3713 3715 3714
f 3714 3715 3716
f 3716 3715 3717
f 3671 3670 3718
f 3718 3670 3716
f 3718 3716 3719
f 3719 3716 3717
f 3720 3721 3718
f 3722 3723 3724
f 3724 3723 3725
f 3724 3725 3726
f 3727 3728 3729
f 3729 3728 3730
f 3729 3730 3731
f 3731 3730 3732
f 3731 3732 3733
f 3734 3729 3719
f 3719 3729 3731
f 3719 3731 3718
f 3718 3731 3723
f 3718 3723 3720
f 3720 3723 3722
f 3720 3722 3735
f 3736 3737 3735
f 3735 3737 3738
f 3735 3738 3720
f 3720 3738 3739
f 3740 3662 3664
f 3739 3741 3720
f 3720 3741 3740
f 3720 3740 3721
f 3721 3740 3664
f 3718 3721 3671
f 3671 3721 3664
f 3660 3662 3742
f 3742 3662 3740
f 3742 3743 3660
f 3660 3743 3687
f 3660 3687 3661
f 3687 3743 3688
f 3688 3743 3741
f 3741 3743 3740
f 3740 3743 3742
f 3691 3688 3739
f 3739 3688 3741
f 3739 3738 3691
f 3691 3738 3692
f 3693 3692 3744
f 3744 3692 3738
f 3744 3745 3693
f 3693 3745 3689
f 3745 3746 3689
f 3689 3746 3690
f 3686 3690 3747
f 3747 3690 3746
f 3747 3748 3686
f 3686 3748 3678
f 3748 3749 3678
f 3678 3749 3673
f 3674 3673 3750
f 3750 3673 3749
f 3750 3751 3674
f 3674 3751 3675
f 3751 3752 3675
f 3675 3752 3679
f 3680 3679 3753
f 3753 3679 3752
f 3753 3754 3680
f 3680 3754 3681
f 3685 3681 3717
f 3717 3681 3754
f 3717 3715 3685
f 3685 3715 3684
f 3713 3683 3715
f 3715 3683 3684
f 3754 3734 3717
f 3717 3734 3719
f 3729 3734 3753
f 3753 3734 3754
f 3752 3727 3753
f 3753 3727 3729
f 3727 3752 3728
f 3728 3752 3751
f 3728 3751 3755
f 3755 3756 3728
f 3728 3756 3730
f 3730 3756 3732
f 3756 3755 3732
f 3732 3755 3751
f 3732 3751 3750
f 3732 3750 3733
f 3733 3750 3749
f 3733 3749 3757
f 3757 3758 3733
f 3733 3758 3731
f 3758 3759 3731
f 3731 3759 3723
f 3759 3760 3723
f 3723 3760 3725
f 3760 3761 3725
f 3725 3761 3726
f 3744 3724 3745
f 3745 3724 3726
f 3745 3726 3761
f 3746 3745 3760
f 3760 3745 3761
f 3747 3746 3759
f 3759 3746 3760
f 3748 3747 3758
f 3758 3747 3759
f 3758 3757 3748
f 3748 3757 3749
f 3724 3744 3738
f 3762 3763 3764
f 3764 3763 3724
f 3764 3724 3737
f 3737 3724 3738
f 3724 3763 3722
f 3763 3762 3765
f 3736 3735 3765
f 3765 3735 3722
f 3765 3722 3763
f 3737 3736 3764
f 3764 3736 3765
f 3764 3765 3762
f 3670 3668 3716
f 3716 3668 3714
f 3766 3767 3665
f 3665 3767 3644
f 3665 3644 3643
f 3644 3767 3646
f 3646 3767 3608
f 3608 3767 3605
f 3605 3767 3766
f 3665 3606 3766
f 3766 3606 3605
f 3654 3646 3604
f 3604 3646 3608
f 3604 3603 3654
f 3654 3603 3634
f 3635 3634 3627
f 3627 3634 3603
f 3627 3628 3635
f 3635 3628 3630
f 3600 3627 3603
f 3768 3769 3770
f 3770 3769 3600
f 3770 3600 3602
f 3602 3600 3603
f 3600 3769 3599
f 3769 3768 3771
f 3601 3598 3771
f 3771 3598 3599
f 3771 3599 3769
f 3602 3601 3770
f 3770 3601 3771
f 3770 3771 3768
f 3613 3666 3610
f 3610 3666 3772
f 3773 3772 3636
f 3636 3772 3666
f 3636 3666 3637
f 3773 3611 3772
f 3772 3611 3610
f 3773 3636 3611
f 3611 3636 3638
f 3612 3611 3652
f 3652 3611 3638
f 3652 3642 3612
f 3612 3642 3614
f 3615 3614 3641
f 3641 3614 3642
f 3641 3640 3615
f 3615 3640 3616
f 3617 3616 3649
f 3649 3616 3640
f 3620 3617 3648
f 3648 3617 3649
f 3648 3655 3620
f 3620 3655 3621
f 3774 3621 3647
f 3647 3621 3655
f 3623 3622 3774
f 3774 3622 3621
f 3774 3633 3623
f 3623 3633 3624
f 3633 3629 3624
f 3624 3629 3625
f 3633 3774 3632
f 3632 3774 3647
f 3775 3776 3777
f 3777 3776 3778
f 3779 3780 3781
f 3781 3780 3782
f 3783 3784 3779
f 3779 3784 3780
f 3776 3785 3786
f 3784 3783 3786
f 3786 3783 3778
f 3786 3778 3776
f 3785 3787 3786
f 3786 3787 3788
f 3776 3775 3785
f 3785 3775 3787
f 3787 3775 3788
f 3788 3775 3777
f 3788 3777 3789
f 3789 3777 3790
f 3791 3790 3777
f 3778 3783 3779
f 3781 3792 3779
f 3779 3792 3791
f 3779 3791 3778
f 3778 3791 3777
f 3792 3793 3791
f 3791 3793 3794
f 3781 3782 3792
f 3792 3782 3793
f 3786 3788 3794
f 3794 3788 3789
f 3784 3786 3780
f 3780 3786 3794
f 3780 3794 3782
f 3782 3794 3793
f 3791 3794 3790
f 3790 3794 3789
f 3795 3796 3797
f 3797 3796 3798
f 3799 3800 3795
f 3795 3800 3796
f 3801 3802 3799
f 3799 3802 3800
f 3803 3804 3796
f 3796 3804 3798
f 3805 3803 3806
f 3806 3803 3796
f 3806 3796 3802
f 3802 3796 3800
f 3807 3808 3803
f 3805 3809 3803
f 3803 3809 3810
f 3803 3810 3807
f 3807 3811 3808
f 3808 3811 3812
f 3812 3811 3804
f 3804 3811 3813
f 3804 3813 3798
f 3798 3813 3797
f 3808 3812 3803
f 3803 3812 3804
f 3814 3806 3801
f 3801 3806 3802
f 3809 3805 3814
f 3814 3805 3806
f 3811 3807 3813
f 3813 3807 3810
f 3795 3797 3813
f 3810 3809 3814
f 3801 3799 3814
f 3814 3799 3795
f 3814 3795 3810
f 3810 3795 3813
f 3815 3816 3817
f 3818 3819 3820
f 3820 3815 3818
f 3818 3815 3817
f 3818 3817 3821
f 3821 3817 3822
f 3821 3822 3823
f 3822 3824 3823
f 3823 3824 3825
f 3823 3825 3826
f 3827 3828 3829
f 3830 3831 3832
f 3827 3829 3833
f 3834 3833 3835
f 3835 3833 3829
f 3835 3829 3836
f 3836 3829 3837
f 3836 3837 3832
f 3832 3837 3838
f 3832 3838 3830
f 3839 3840 3841
f 3841 3840 3842
f 3840 3843 3842
f 3842 3843 3844
f 3843 3845 3844
f 3844 3845 3846
f 3845 3847 3846
f 3846 3847 3848
f 3847 3849 3848
f 3848 3849 3850
f 3849 3851 3850
f 3850 3851 3852
f 3851 3853 3852
f 3852 3853 3854
f 3853 3839 3854
f 3854 3839 3841
f 3855 3856 3857
f 3858 3859 3860
f 3861 3862 3863
f 3862 3861 3864
f 3865 3866 3867
f 3868 3869 3870
f 3871 3872 3873
f 3873 3872 3870
f 3873 3870 3874
f 3874 3870 3869
f 3875 3876 3877
f 3877 3876 3878
f 3871 3879 3872
f 3872 3879 3880
f 3872 3880 3867
f 3867 3880 3881
f 3867 3881 3865
f 3882 3867 3883
f 3883 3867 3866
f 3883 3866 3884
f 3884 3866 3885
f 3884 3885 3875
f 3875 3885 3886
f 3875 3886 3876
f 3887 3888 3889
f 3889 3888 3890
f 3889 3890 3891
f 3887 3889 3892
f 3892 3889 3893
f 3892 3893 3894
f 3864 3861 3895
f 3895 3861 3896
f 3895 3896 3857
f 3897 3898 3899
f 3897 3899 3900
f 3898 3897 3901
f 3901 3897 3902
f 3901 3902 3903
f 3903 3902 3904
f 3903 3904 3905
f 3905 3904 3906
f 3905 3906 3907
f 3907 3906 3908
f 3907 3908 3863
f 3863 3908 3909
f 3863 3909 3861
f 3910 3911 3912
f 3912 3911 3913
f 3912 3913 3914
f 3914 3913 3915
f 3914 3915 3916
f 3916 3915 3917
f 3916 3917 3918
f 3918 3917 3919
f 3918 3919 3920
f 3920 3919 3921
f 3920 3921 3922
f 3922 3921 3923
f 3922 3923 3896
f 3924 3925 3926
f 3926 3925 3927
f 3926 3927 3928
f 3924 3929 3930
f 3929 3931 3932
f 3932 3931 3933
f 3932 3933 3934
f 3928 3927 3891
f 3891 3927 3935
f 3891 3935 3936
f 3924 3930 3925
f 3925 3930 3937
f 3925 3937 3938
f 3939 3940 3924
f 3941 3942 3924
f 3924 3942 3943
f 3924 3943 3939
f 3939 3943 3944
f 3939 3944 3945
f 3893 3946 3947
f 3947 3946 3948
f 3949 3950 3951
f 3929 3924 3931
f 3931 3924 3940
f 3931 3940 3933
f 3933 3940 3952
f 3933 3952 3953
f 3948 3954 3947
f 3947 3954 3955
f 3947 3955 3956
f 3956 3955 3957
f 3956 3957 3958
f 3952 3959 3953
f 3953 3959 3942
f 3953 3942 3960
f 3951 3961 3949
f 3949 3961 3956
f 3949 3956 3962
f 3962 3956 3958
f 3962 3958 3963
f 3843 3840 3839
f 3964 3845 3843
f 3853 3851 3849
f 3964 3843 3965
f 3965 3843 3839
f 3965 3839 3956
f 3839 3853 3956
f 3956 3853 3849
f 3956 3849 3947
f 3947 3849 3847
f 3947 3847 3893
f 3893 3847 3966
f 3893 3966 3894
f 3894 3966 3967
f 3894 3967 3968
f 3968 3967 3969
f 3968 3969 3970
f 3970 3969 3971
f 3972 3973 3974
f 3975 3976 3977
f 3977 3976 3859
f 3977 3859 3978
f 3978 3859 3858
f 3979 3972 3980
f 3980 3972 3974
f 3980 3974 3981
f 3981 3974 3982
f 3981 3982 3983
f 3983 3982 3984
f 3985 3986 3976
f 3987 3988 3989
f 3989 3988 3979
f 3989 3979 3990
f 3990 3979 3980
f 3991 3992 3982
f 3982 3992 3993
f 3985 3976 3994
f 3994 3976 3975
f 3994 3975 3982
f 3982 3975 3995
f 3982 3995 3991
f 3993 3996 3982
f 3982 3996 3997
f 3982 3997 3984
f 3878 3868 3877
f 3877 3868 3870
f 3877 3870 3998
f 3998 3870 3971
f 3998 3971 3860
f 3860 3971 3969
f 3860 3969 3858
f 3999 4000 4001
f 4002 4003 4004
f 4004 4005 4002
f 4002 4005 4006
f 4002 4006 4001
f 4001 4006 4007
f 4001 4007 3999
f 3899 4008 3900
f 3900 4008 4009
f 3900 4009 3910
f 3910 4009 4010
f 3910 4010 3911
f 3911 4010 4011
f 4012 4013 4014
f 4012 4014 4015
f 4013 4012 4016
f 4016 4012 4017
f 4016 4017 4018
f 4018 4017 4019
f 4018 4019 4020
f 4020 4019 4021
f 4020 4021 4022
f 3882 4022 3867
f 3867 4022 4021
f 3867 4021 3872
f 3872 4021 4019
f 3872 4019 4023
f 4023 4019 4017
f 4023 4017 4024
f 4024 4017 4012
f 4024 4012 4025
f 4025 4012 4015
f 4025 4015 4026
f 3896 3923 3857
f 3857 3923 4027
f 3857 4027 3855
f 4028 4029 4030
f 4030 4029 4031
f 4030 4031 4032
f 4032 4031 4033
f 4032 4033 4034
f 4035 4036 4028
f 4028 4036 4037
f 4028 4037 4029
f 3847 3845 3966
f 3966 3845 3964
f 3966 3964 3967
f 3967 3964 4038
f 3967 4038 3969
f 3969 4038 4001
f 3969 4001 3858
f 3858 4001 4000
f 4039 4040 3936
f 3936 4040 3934
f 3936 3934 3891
f 3891 3934 3933
f 3891 3933 3889
f 3889 3933 3953
f 3889 3953 3893
f 3893 3953 4041
f 3893 4041 3946
f 4042 4043 4044
f 4045 4046 4047
f 4048 4002 4049
f 4049 4002 4001
f 4049 4001 4044
f 4044 4001 4038
f 4044 4038 4042
f 4048 4045 4002
f 4002 4045 4047
f 4002 4047 4050
f 4050 4047 4051
f 4050 4051 4038
f 4038 4051 4052
f 4038 4052 4042
f 4053 3965 4050
f 3965 4053 3964
f 3964 4053 4054
f 3964 4054 4038
f 4038 4054 4055
f 4038 4055 4050
f 4050 4055 4056
f 4050 4056 4053
f 4057 4003 4058
f 4058 4003 4002
f 4058 4002 4059
f 4059 4002 4050
f 4059 4050 4060
f 4060 4050 3965
f 4060 3965 3941
f 3941 3965 3956
f 3941 3956 3942
f 3942 3956 3961
f 3942 3961 3960
f 4014 4061 4015
f 4015 4061 4062
f 4015 4062 4026
f 4026 4062 4035
f 4026 4035 3888
f 3888 4035 4028
f 3888 4028 3890
f 3890 4028 4030
f 3890 4030 3891
f 3891 4030 4032
f 3891 4032 3928
f 3928 4032 4034
f 3928 4034 3926
f 4033 4027 4034
f 4034 4027 3923
f 4034 3923 3926
f 3926 3923 3921
f 3926 3921 3924
f 3924 3921 3919
f 3924 3919 3941
f 3941 3919 3917
f 3941 3917 4060
f 4060 3917 3915
f 4060 3915 4059
f 4059 3915 3913
f 4059 3913 4058
f 4058 3913 3911
f 4058 3911 4057
f 4057 3911 4011
f 4057 4011 4063
f 4063 4011 3976
f 4063 3976 4064
f 4064 3976 3986
f 4065 4066 4067
f 4067 4066 4068
f 3883 4067 3882
f 3882 4067 4022
f 4013 4016 4068
f 4068 4016 4018
f 4068 4018 4067
f 4067 4018 4020
f 4067 4020 4022
f 4068 4066 4069
f 4070 4036 4035
f 4071 4070 4072
f 4072 4070 4035
f 4072 4035 4073
f 4035 4062 4073
f 4073 4062 4061
f 4073 4061 4069
f 4069 4061 4014
f 4069 4014 4068
f 4068 4014 4013
f 4071 4074 4070
f 4070 4074 3855
f 3855 4027 4070
f 4070 4027 4033
f 4070 4033 4031
f 4031 4029 4070
f 4070 4029 4037
f 4070 4037 4036
f 4075 3864 4076
f 4076 3864 3895
f 4076 3895 4077
f 4077 3895 3857
f 4077 3857 4078
f 4078 3857 3856
f 4078 3856 4074
f 4074 3856 3855
f 3901 3903 4079
f 4079 3903 3905
f 3905 3907 4079
f 4079 3907 3863
f 4079 3863 4075
f 4075 3863 3862
f 4075 3862 3864
f 4080 4081 4008
f 4008 4081 4009
f 4080 4008 4082
f 4082 4008 3899
f 4082 3899 4083
f 3899 3898 4083
f 4083 3898 3901
f 4083 3901 4079
f 4010 4009 4081
f 4084 3998 3860
f 3860 3859 4084
f 4084 3859 3976
f 4084 3976 4081
f 4081 3976 4011
f 4081 4011 4010
f 4067 3883 3884
f 3998 4084 4085
f 4065 4067 4086
f 4086 4067 3884
f 4086 3884 4087
f 4087 3884 3875
f 4087 3875 4085
f 4085 3875 3877
f 4085 3877 3998
f 4076 4077 4088
f 4072 4073 4089
f 4086 4087 4090
f 4090 4087 4085
f 4082 4083 4091
f 4091 4083 4079
f 4091 4079 4088
f 4088 4079 4075
f 4088 4075 4076
f 4085 4084 4090
f 4090 4084 4081
f 4090 4081 4091
f 4091 4081 4080
f 4091 4080 4082
f 4077 4078 4088
f 4088 4078 4074
f 4088 4074 4089
f 4089 4074 4071
f 4089 4071 4072
f 4073 4069 4089
f 4089 4069 4066
f 4089 4066 4090
f 4090 4066 4065
f 4090 4065 4086
f 4092 4093 4094
f 4094 4095 4092
f 4092 4095 4096
f 4092 4096 4097
f 4097 4096 4098
f 4097 4098 4099
f 4099 4098 4100
f 4099 4100 4101
f 4101 4100 4090
f 4101 4090 4091
f 4102 4103 4104
f 4105 4106 4094
f 4094 4106 4107
f 4094 4107 4103
f 4103 4107 4108
f 4103 4108 4104
f 4104 4109 4102
f 4102 4109 4110
f 4102 4110 4111
f 4111 4110 4112
f 4111 4112 4113
f 4113 4112 4114
f 4113 4114 4093
f 4093 4114 4115
f 4115 4116 4093
f 4093 4116 4117
f 4093 4117 4094
f 4094 4117 4118
f 4094 4118 4105
f 4111 4113 4119
f 4111 4119 4102
f 4120 4103 4102
f 4102 4119 4120
f 4120 4119 4121
f 4120 4121 4122
f 4122 4121 4123
f 4122 4123 4124
f 4124 4123 4125
f 4124 4125 4126
f 4126 4125 4127
f 4126 4127 4128
f 4129 4130 4128
f 4127 4131 4128
f 4128 4131 4132
f 4128 4132 4129
f 4132 4131 4133
f 4132 4134 4129
f 4129 4134 4130
f 4132 4133 4134
f 4134 4133 4135
f 4134 4135 4136
f 4136 4135 4137
f 4136 4137 4138
f 4138 4137 4139
f 4138 4139 4140
f 4140 4139 4141
f 4140 4141 4142
f 4143 4144 4145
f 4145 4144 4142
f 4146 4147 4142
f 4142 4147 4148
f 4142 4148 4145
f 4146 4142 4149
f 4149 4142 4141
f 4149 4141 4150
f 4143 4151 4144
f 4144 4151 4152
f 4144 4152 4153
f 4153 4152 4154
f 4154 4155 4153
f 4153 4155 4156
f 4153 4156 4141
f 4141 4156 4157
f 4141 4157 4150
f 4088 4089 4158
f 4088 4158 4159
f 4159 4158 4160
f 4159 4160 4161
f 4161 4160 4162
f 4161 4162 4163
f 4163 4162 4164
f 4163 4164 4165
f 4165 4164 4144
f 4165 4144 4153
f 4166 4167 4127
f 4127 4167 4131
f 4099 4101 4168
f 4169 4170 4171
f 4172 4173 4174
f 4174 4173 4175
f 4174 4175 4176
f 4176 4175 4177
f 4176 4177 4178
f 4178 4177 4168
f 4178 4168 4179
f 4179 4168 4101
f 4179 4101 4180
f 4180 4101 4181
f 4181 4101 4091
f 4181 4091 4182
f 4182 4091 4088
f 4182 4088 4183
f 4184 4185 4186
f 4169 4171 4187
f 4187 4171 4188
f 4187 4188 4189
f 4189 4188 4190
f 4189 4190 4186
f 4186 4190 4191
f 4186 4191 4184
f 4170 4169 4127
f 4127 4169 4192
f 4127 4192 4166
f 4168 4193 4099
f 4099 4193 4194
f 4099 4194 4097
f 4097 4194 4195
f 4097 4195 4092
f 4092 4195 4196
f 4092 4196 4093
f 4093 4196 4197
f 4093 4197 4113
f 4113 4197 4198
f 4113 4198 4119
f 4119 4198 4199
f 4119 4199 4121
f 4121 4199 4200
f 4121 4200 4123
f 4123 4200 4170
f 4123 4170 4125
f 4125 4170 4127
f 4172 4174 4201
f 4201 4174 4202
f 4201 4202 4203
f 4203 4202 4204
f 4203 4204 4205
f 4205 4204 4206
f 4205 4206 4207
f 4207 4206 4208
f 4207 4208 4209
f 4135 4133 4210
f 4184 4211 4185
f 4185 4211 4212
f 4185 4212 4213
f 4213 4212 4214
f 4213 4214 4215
f 4215 4214 4210
f 4215 4210 4216
f 4216 4210 4133
f 4216 4133 4217
f 4217 4133 4131
f 4217 4131 4218
f 4218 4131 4167
f 4210 4219 4135
f 4135 4219 4220
f 4135 4220 4137
f 4137 4220 4221
f 4137 4221 4139
f 4139 4221 4222
f 4139 4222 4141
f 4141 4222 4223
f 4141 4223 4153
f 4153 4223 4224
f 4153 4224 4165
f 4165 4224 4225
f 4165 4225 4163
f 4163 4225 4226
f 4163 4226 4161
f 4161 4226 4209
f 4161 4209 4159
f 4159 4209 4088
f 4209 4208 4088
f 4088 4208 4227
f 4088 4227 4183
f 4228 4229 4230
f 4230 4231 4228
f 4228 4231 4232
f 4228 4232 4233
f 4233 4232 4234
f 4233 4234 4235
f 4235 4234 4198
f 4235 4198 4197
f 4236 4237 4238
f 4235 4197 4196
f 4233 4235 4239
f 4228 4233 4240
f 4241 4242 4228
f 4228 4242 4229
f 4236 4238 4243
f 4243 4238 4244
f 4243 4244 4245
f 4244 4246 4245
f 4245 4246 4247
f 4245 4247 4248
f 4248 4247 4249
f 4248 4249 4241
f 4241 4249 4250
f 4241 4250 4242
f 4228 4240 4241
f 4241 4240 4251
f 4241 4251 4248
f 4248 4251 4252
f 4248 4252 4245
f 4245 4252 4253
f 4245 4253 4243
f 4243 4253 4254
f 4243 4254 4236
f 4233 4239 4240
f 4240 4239 4255
f 4240 4255 4251
f 4251 4255 4256
f 4251 4256 4252
f 4252 4256 4257
f 4252 4257 4253
f 4253 4257 4258
f 4253 4258 4254
f 4235 4196 4239
f 4239 4196 4195
f 4239 4195 4255
f 4255 4195 4194
f 4255 4194 4256
f 4256 4194 4193
f 4256 4193 4257
f 4257 4193 4168
f 4257 4168 4258
f 4168 4177 4259
f 4168 4259 4258
f 4258 4259 4260
f 4258 4260 4254
f 4254 4260 4261
f 4254 4261 4236
f 4236 4261 4262
f 4236 4262 4237
f 4237 4262 4263
f 4263 4262 4264
f 4265 4266 4267
f 4264 4262 4268
f 4269 4270 4268
f 4268 4270 4271
f 4268 4271 4264
f 4269 4272 4270
f 4270 4272 4273
f 4270 4273 4267
f 4267 4273 4274
f 4267 4274 4265
f 4203 4275 4276
f 4275 4277 4278
f 4277 4279 4280
f 4279 4265 4274
f 4279 4274 4280
f 4280 4274 4273
f 4280 4273 4281
f 4281 4273 4272
f 4281 4272 4282
f 4272 4269 4282
f 4282 4269 4268
f 4282 4268 4283
f 4283 4268 4262
f 4283 4262 4261
f 4277 4280 4278
f 4278 4280 4281
f 4278 4281 4284
f 4284 4281 4282
f 4284 4282 4285
f 4285 4282 4283
f 4285 4283 4286
f 4286 4283 4261
f 4286 4261 4260
f 4275 4278 4276
f 4276 4278 4284
f 4276 4284 4287
f 4287 4284 4285
f 4287 4285 4288
f 4288 4285 4286
f 4288 4286 4289
f 4289 4286 4260
f 4289 4260 4259
f 4203 4276 4201
f 4201 4276 4287
f 4201 4287 4172
f 4172 4287 4288
f 4172 4288 4173
f 4173 4288 4289
f 4173 4289 4175
f 4175 4289 4259
f 4175 4259 4177
f 4290 4265 4279
f 4290 4279 4291
f 4291 4279 4277
f 4291 4277 4292
f 4292 4277 4275
f 4292 4275 4293
f 4293 4275 4203
f 4293 4203 4205
f 4224 4294 4295
f 4294 4296 4297
f 4296 4298 4299
f 4298 4300 4301
f 4298 4301 4299
f 4299 4301 4302
f 4299 4302 4303
f 4302 4304 4303
f 4303 4304 4305
f 4303 4305 4306
f 4306 4305 4307
f 4306 4307 4308
f 4308 4307 4309
f 4309 4310 4308
f 4308 4310 4290
f 4308 4290 4291
f 4296 4299 4297
f 4297 4299 4303
f 4297 4303 4311
f 4311 4303 4306
f 4311 4306 4312
f 4312 4306 4308
f 4312 4308 4313
f 4313 4308 4291
f 4313 4291 4292
f 4294 4297 4295
f 4295 4297 4311
f 4295 4311 4314
f 4314 4311 4312
f 4314 4312 4315
f 4315 4312 4313
f 4315 4313 4316
f 4316 4313 4292
f 4316 4292 4293
f 4224 4295 4225
f 4225 4295 4314
f 4225 4314 4226
f 4226 4314 4315
f 4226 4315 4209
f 4209 4315 4316
f 4209 4316 4207
f 4207 4316 4293
f 4207 4293 4205
f 4317 4300 4298
f 4317 4298 4318
f 4318 4298 4296
f 4318 4296 4319
f 4319 4296 4294
f 4319 4294 4320
f 4320 4294 4224
f 4320 4224 4223
f 4321 4322 4323
f 4322 4324 4325
f 4322 4325 4323
f 4323 4325 4326
f 4323 4326 4327
f 4326 4328 4327
f 4327 4328 4329
f 4327 4329 4330
f 4330 4329 4331
f 4330 4331 4332
f 4332 4331 4333
f 4333 4334 4332
f 4332 4334 4317
f 4332 4317 4318
f 4335 4336 4337
f 4337 4336 4321
f 4321 4323 4337
f 4337 4323 4327
f 4337 4327 4338
f 4338 4327 4330
f 4338 4330 4339
f 4339 4330 4332
f 4339 4332 4340
f 4340 4332 4318
f 4340 4318 4319
f 4210 4341 4342
f 4342 4341 4335
f 4335 4337 4342
f 4342 4337 4338
f 4342 4338 4343
f 4343 4338 4339
f 4343 4339 4344
f 4344 4339 4340
f 4344 4340 4345
f 4345 4340 4319
f 4345 4319 4320
f 4210 4342 4219
f 4219 4342 4343
f 4219 4343 4220
f 4220 4343 4344
f 4220 4344 4221
f 4221 4344 4345
f 4221 4345 4222
f 4222 4345 4320
f 4222 4320 4223
f 4346 4324 4347
f 4347 4324 4322
f 4347 4322 4348
f 4348 4322 4321
f 4348 4321 4349
f 4349 4321 4336
f 4349 4336 4350
f 4350 4336 4335
f 4350 4335 4351
f 4351 4335 4341
f 4351 4341 4214
f 4214 4341 4210
f 4190 4352 4353
f 4352 4354 4355
f 4354 4356 4357
f 4356 4358 4359
f 4356 4359 4357
f 4357 4359 4360
f 4357 4360 4361
f 4361 4360 4362
f 4361 4362 4363
f 4346 4364 4365
f 4365 4364 4363
f 4365 4363 4366
f 4366 4363 4362
f 4354 4357 4355
f 4355 4357 4361
f 4355 4361 4367
f 4367 4361 4363
f 4367 4363 4368
f 4368 4363 4364
f 4368 4364 4369
f 4346 4347 4364
f 4364 4347 4348
f 4364 4348 4369
f 4369 4348 4349
f 4369 4349 4350
f 4352 4355 4353
f 4353 4355 4367
f 4353 4367 4370
f 4370 4367 4368
f 4370 4368 4371
f 4371 4368 4369
f 4371 4369 4372
f 4372 4369 4350
f 4372 4350 4351
f 4190 4353 4191
f 4191 4353 4370
f 4191 4370 4184
f 4184 4370 4371
f 4184 4371 4211
f 4211 4371 4372
f 4211 4372 4212
f 4212 4372 4351
f 4212 4351 4214
f 4373 4358 4356
f 4373 4356 4374
f 4374 4356 4354
f 4374 4354 4375
f 4375 4354 4352
f 4375 4352 4376
f 4376 4352 4190
f 4376 4190 4188
f 4198 4234 4377
f 4234 4232 4378
f 4232 4231 4379
f 4380 4381 4382
f 4382 4381 4373
f 4382 4373 4374
f 4380 4382 4383
f 4383 4382 4384
f 4383 4384 4385
f 4385 4384 4386
f 4385 4386 4387
f 4387 4386 4388
f 4388 4386 4379
f 4388 4379 4389
f 4389 4379 4231
f 4389 4231 4230
f 4232 4379 4378
f 4378 4379 4386
f 4378 4386 4390
f 4390 4386 4384
f 4390 4384 4391
f 4391 4384 4382
f 4391 4382 4392
f 4392 4382 4374
f 4392 4374 4375
f 4234 4378 4377
f 4377 4378 4390
f 4377 4390 4393
f 4393 4390 4391
f 4393 4391 4394
f 4394 4391 4392
f 4394 4392 4395
f 4395 4392 4375
f 4395 4375 4376
f 4198 4377 4199
f 4199 4377 4393
f 4199 4393 4200
f 4200 4393 4394
f 4200 4394 4170
f 4170 4394 4395
f 4170 4395 4171
f 4171 4395 4376
f 4171 4376 4188
f 4230 4396 4389
f 4389 4396 4397
f 4383 4398 4380
f 4380 4398 4399
f 4380 4399 4381
f 4381 4399 4400
f 4381 4400 4373
f 4383 4385 4398
f 4398 4385 4387
f 4398 4387 4397
f 4397 4387 4388
f 4397 4388 4389
f 4358 4373 4401
f 4401 4373 4400
f 4358 4401 4402
f 4403 4346 4365
f 4366 4404 4365
f 4365 4404 4405
f 4365 4405 4403
f 4366 4362 4404
f 4404 4362 4360
f 4404 4360 4402
f 4402 4360 4359
f 4402 4359 4358
f 4324 4346 4406
f 4406 4346 4403
f 4407 4408 4317
f 4317 4334 4407
f 4407 4334 4333
f 4407 4333 4409
f 4409 4333 4331
f 4331 4329 4409
f 4409 4329 4328
f 4409 4328 4410
f 4324 4406 4325
f 4325 4406 4410
f 4325 4410 4326
f 4326 4410 4328
f 4300 4317 4411
f 4411 4317 4408
f 4307 4412 4309
f 4309 4412 4413
f 4309 4413 4310
f 4310 4413 4414
f 4310 4414 4290
f 4307 4305 4412
f 4412 4305 4304
f 4412 4304 4415
f 4300 4411 4301
f 4301 4411 4415
f 4301 4415 4302
f 4302 4415 4304
f 4265 4290 4266
f 4266 4290 4414
f 4416 4417 4411
f 4418 4419 4263
f 4420 4396 4421
f 4421 4396 4422
f 4421 4422 4423
f 4423 4422 4424
f 4418 4263 4425
f 4407 4426 4408
f 4408 4426 4427
f 4408 4427 4428
f 4263 4264 4425
f 4425 4264 4271
f 4425 4271 4429
f 4419 3825 4263
f 4263 3825 3824
f 4263 3824 4430
f 4430 3824 3822
f 4431 4432 4406
f 4406 4432 4433
f 4406 4433 4410
f 4410 4433 4426
f 4410 4426 4409
f 4409 4426 4407
f 4434 4424 3816
f 3816 4424 4422
f 3816 4422 3817
f 3817 4422 4435
f 3817 4435 3822
f 3822 4435 4436
f 3822 4436 4430
f 4419 4437 3825
f 3825 4437 4438
f 3825 4438 4439
f 4440 4441 4439
f 4439 4441 4442
f 4439 4442 3825
f 4266 4443 4267
f 4267 4443 4429
f 4267 4429 4270
f 4270 4429 4271
f 4444 4402 4445
f 4445 4402 4401
f 4445 4401 4446
f 4406 4403 4431
f 4431 4403 4405
f 4431 4405 4444
f 4444 4405 4404
f 4444 4404 4402
f 4413 4447 4414
f 4414 4447 4448
f 4414 4448 4266
f 4266 4448 4449
f 4266 4449 4443
f 4413 4412 4447
f 4447 4412 4441
f 4447 4441 4450
f 4450 4441 4440
f 4417 4451 4411
f 4411 4451 4452
f 4411 4452 4415
f 4415 4452 4453
f 4415 4453 4412
f 4412 4453 4454
f 4412 4454 4441
f 4408 4455 4456
f 4428 4457 3828
f 3828 4457 4458
f 3828 4458 3829
f 3829 4458 4459
f 3829 4459 4398
f 4446 4401 4460
f 4460 4401 4400
f 4460 4400 4459
f 4459 4400 4399
f 4459 4399 4398
f 3828 4461 4428
f 4428 4461 4462
f 4428 4462 4408
f 4408 4462 4463
f 4408 4463 4455
f 4416 4411 4464
f 4464 4411 4408
f 4464 4408 4465
f 4465 4408 4456
f 4465 4456 4466
f 4420 4467 4396
f 4396 4467 3830
f 4396 3830 4397
f 4397 3830 3838
f 4397 3838 4398
f 4398 3838 3837
f 4398 3837 3829
f 4237 4263 4238
f 4238 4263 4430
f 4238 4430 4244
f 4244 4430 4246
f 4246 4430 4436
f 4246 4436 4247
f 4435 4422 4229
f 4229 4242 4435
f 4435 4242 4250
f 4435 4250 4436
f 4436 4250 4249
f 4436 4249 4247
f 4230 4229 4396
f 4396 4229 4422
f 4167 4428 4218
f 4218 4428 4427
f 4218 4427 4217
f 4217 4427 4426
f 4217 4426 4216
f 4216 4426 4433
f 4216 4433 4215
f 4215 4433 4432
f 4215 4432 4213
f 4213 4432 4431
f 4213 4431 4185
f 4185 4431 4444
f 4185 4444 4186
f 4186 4444 4445
f 4186 4445 4189
f 4189 4445 4446
f 4189 4446 4187
f 4187 4446 4460
f 4187 4460 4169
f 4169 4460 4459
f 4169 4459 4192
f 4192 4459 4458
f 4192 4458 4166
f 4166 4458 4457
f 4166 4457 4167
f 4167 4457 4428
f 4420 4468 4467
f 4467 4468 4469
f 4470 4471 4472
f 4472 4471 4469
f 4472 4469 4473
f 4473 4469 4468
f 4470 4474 4471
f 4471 4474 4475
f 4476 4094 4474
f 4474 4094 4103
f 4477 4142 4478
f 4478 4142 4144
f 3823 4098 3821
f 3821 4098 4096
f 3821 4096 3818
f 3818 4096 4095
f 3818 4095 3819
f 3819 4095 4094
f 3819 4094 4479
f 4479 4094 4476
f 4475 4474 3831
f 3831 4474 4103
f 3831 4103 3832
f 3832 4103 4120
f 3832 4120 3836
f 4480 4478 4481
f 4481 4478 4144
f 4481 4144 4482
f 4482 4144 4164
f 4482 4164 4483
f 4477 4484 4142
f 4142 4484 4485
f 4142 4485 4140
f 4140 4485 4486
f 4140 4486 4138
f 4138 4486 4487
f 4164 4162 4483
f 4483 4162 4160
f 4483 4160 4488
f 4488 4160 4158
f 4488 4158 4489
f 4489 4158 4089
f 4489 4089 3826
f 3826 4089 4090
f 3826 4090 3823
f 3823 4090 4100
f 3823 4100 4098
f 4120 4122 3836
f 3836 4122 4124
f 3836 4124 3835
f 3835 4124 4126
f 3835 4126 3834
f 3834 4126 4128
f 3834 4128 4490
f 4490 4128 4130
f 4490 4130 4491
f 4491 4130 4134
f 4491 4134 4487
f 4487 4134 4136
f 4487 4136 4138
f 4416 4492 4493
f 4494 4493 4495
f 4495 4493 4477
f 4495 4477 4496
f 4478 4497 4477
f 4477 4497 4498
f 4477 4498 4496
f 4494 4499 4493
f 4493 4499 4500
f 4493 4500 4416
f 4416 4500 4501
f 4416 4501 4417
f 4417 4501 4502
f 4417 4502 4503
f 4503 4504 4417
f 4417 4504 4505
f 4417 4505 4478
f 4478 4505 4506
f 4478 4506 4497
f 4507 4493 4492
f 4508 4509 4492
f 4492 4509 4510
f 4492 4510 4507
f 4466 4510 4465
f 4465 4510 4509
f 4466 4456 4510
f 4510 4456 4485
f 4510 4485 4507
f 4507 4485 4484
f 4507 4484 4493
f 4493 4484 4477
f 4485 4456 4486
f 4486 4456 4455
f 4486 4455 4487
f 4487 4455 4463
f 4487 4463 4491
f 4491 4463 4462
f 4491 4462 4490
f 4490 4462 4461
f 3833 3834 4490
f 3833 4490 3827
f 3827 4490 4461
f 3827 4461 3828
f 3830 4467 4469
f 4471 4475 4469
f 4469 4475 3831
f 4469 3831 3830
f 4465 4509 4464
f 4464 4509 4508
f 4464 4508 4416
f 4416 4508 4492
f 4417 4478 4511
f 4511 4478 4480
f 4451 4417 4512
f 4512 4417 4511
f 4512 4511 4513
f 4513 4511 4514
f 4452 4515 4516
f 4451 4512 4452
f 4452 4512 4517
f 4452 4517 4515
f 4515 4517 4518
f 4515 4518 4519
f 4519 4518 4511
f 4519 4511 4520
f 4520 4511 4480
f 4520 4480 4516
f 4516 4480 4481
f 4516 4481 4452
f 4518 4521 4511
f 4511 4521 4514
f 4522 4513 4521
f 4521 4513 4514
f 4513 4522 4512
f 4512 4522 4517
f 4517 4522 4518
f 4518 4522 4521
f 4489 4442 4488
f 4488 4442 4441
f 4488 4441 4483
f 4483 4441 4454
f 4483 4454 4482
f 4482 4454 4453
f 4482 4453 4481
f 4481 4453 4452
f 4442 4489 3825
f 3825 4489 3826
f 4523 4479 4524
f 4524 4479 4525
f 4524 4525 4526
f 4526 4525 4527
f 4527 4525 4528
f 4527 4528 4529
f 3819 4479 3820
f 3820 4479 4523
f 3820 4523 3815
f 3815 4523 4527
f 3815 4527 3816
f 3816 4527 4529
f 3816 4529 4434
f 4434 4529 4530
f 4525 4479 4476
f 4424 4434 4530
f 4531 4532 4530
f 4530 4532 4525
f 4530 4525 4424
f 4424 4525 4476
f 4533 4528 4532
f 4532 4528 4525
f 4534 4529 4533
f 4533 4529 4528
f 4530 4529 4531
f 4531 4529 4534
f 4531 4534 4532
f 4532 4534 4533
f 4472 4423 4470
f 4470 4423 4424
f 4476 4535 4536
f 4535 4476 4537
f 4537 4476 4474
f 4537 4474 4538
f 4538 4474 4539
f 4539 4474 4470
f 4539 4470 4540
f 4536 4541 4476
f 4476 4541 4542
f 4476 4542 4424
f 4424 4542 4543
f 4424 4543 4544
f 4544 4545 4424
f 4424 4545 4546
f 4424 4546 4470
f 4470 4546 4547
f 4470 4547 4540
f 4423 4472 4421
f 4421 4472 4473
f 4421 4473 4420
f 4420 4473 4468
f 4539 4109 4538
f 4538 4109 4104
f 4538 4104 4537
f 4537 4104 4108
f 4537 4108 4535
f 4535 4108 4107
f 4535 4107 4536
f 4536 4107 4106
f 4536 4106 4541
f 4541 4106 4105
f 4541 4105 4542
f 4542 4105 4118
f 4542 4118 4543
f 4543 4118 4117
f 4543 4117 4544
f 4544 4117 4116
f 4544 4116 4545
f 4545 4116 4115
f 4545 4115 4546
f 4546 4115 4114
f 4546 4114 4547
f 4547 4114 4112
f 4547 4112 4540
f 4540 4112 4110
f 4540 4110 4539
f 4539 4110 4109
f 4548 4523 4549
f 4549 4523 4524
f 4550 4527 4548
f 4548 4527 4523
f 4526 4527 4551
f 4551 4527 4550
f 4526 4551 4524
f 4524 4551 4549
f 4551 4550 4549
f 4549 4550 4548
f 4520 4516 4552
f 4552 4516 4553
f 4515 4554 4516
f 4516 4554 4553
f 4554 4555 4553
f 4553 4555 4552
f 4555 4519 4552
f 4552 4519 4520
f 4554 4515 4555
f 4555 4515 4519
f 4152 4505 4154
f 4154 4505 4504
f 4154 4504 4155
f 4155 4504 4503
f 4155 4503 4156
f 4156 4503 4502
f 4156 4502 4157
f 4157 4502 4501
f 4157 4501 4150
f 4150 4501 4500
f 4150 4500 4149
f 4149 4500 4499
f 4149 4499 4146
f 4146 4499 4494
f 4146 4494 4147
f 4147 4494 4495
f 4147 4495 4148
f 4148 4495 4496
f 4148 4496 4145
f 4145 4496 4498
f 4145 4498 4143
f 4143 4498 4497
f 4143 4497 4151
f 4151 4497 4506
f 4151 4506 4152
f 4152 4506 4505
f 4174 4429 4202
f 4202 4429 4443
f 4202 4443 4204
f 4204 4443 4449
f 4204 4449 4206
f 4206 4449 4448
f 4206 4448 4208
f 4208 4448 4447
f 4208 4447 4227
f 4227 4447 4450
f 4227 4450 4183
f 4183 4450 4440
f 4183 4440 4182
f 4182 4440 4439
f 4182 4439 4181
f 4181 4439 4438
f 4181 4438 4180
f 4180 4438 4437
f 4180 4437 4179
f 4179 4437 4419
f 4179 4419 4178
f 4178 4419 4418
f 4178 4418 4176
f 4176 4418 4425
f 4176 4425 4174
f 4174 4425 4429
f 3951 3950 4556
f 4556 3950 4557
f 3950 3949 4557
f 4557 3949 4558
f 3949 3962 4558
f 4558 3962 4559
f 3962 3963 4559
f 4559 3963 4560
f 3946 4041 4561
f 4561 4562 3946
f 3946 4562 4563
f 3946 4563 3948
f 3948 4563 4564
f 3948 4564 3954
f 3954 4564 4565
f 3954 4565 3955
f 3955 4565 4566
f 3955 4566 3957
f 3957 4566 4567
f 3957 4567 3958
f 3958 4567 4560
f 3958 4560 3963
f 4041 3953 4561
f 4561 3953 4568
f 3953 3960 4568
f 4568 3960 4569
f 3960 3961 4569
f 4569 3961 4570
f 3961 3951 4570
f 4570 3951 4556
f 4558 4559 4560
f 4571 4572 4560
f 4560 4572 4573
f 4560 4573 4558
f 4568 4569 4556
f 4556 4569 4570
f 4560 4567 4571
f 4571 4567 4566
f 4571 4566 4574
f 4574 4566 4565
f 4574 4565 4575
f 4575 4565 4564
f 4575 4564 4576
f 4576 4564 4563
f 4576 4563 4577
f 4577 4563 4562
f 4577 4562 4578
f 4578 4562 4561
f 4578 4561 4579
f 4579 4561 4568
f 4579 4568 4580
f 4580 4568 4556
f 4580 4556 4573
f 4573 4556 4557
f 4573 4557 4558
f 4581 4582 4579
f 4579 4582 4578
f 4578 4582 4577
f 4577 4582 4583
f 4577 4583 4576
f 4576 4583 4584
f 4576 4584 4575
f 4575 4584 4585
f 4575 4585 4574
f 4574 4585 4586
f 4574 4586 4571
f 4571 4586 4587
f 4571 4587 4572
f 4572 4587 4588
f 4572 4588 4573
f 4573 4588 4589
f 4589 4590 4573
f 4573 4590 4580
f 4590 4581 4580
f 4580 4581 4579
f 4582 4581 4590
f 4590 4589 4582
f 4582 4589 4588
f 4582 4588 4583
f 4588 4587 4586
f 4583 4588 4584
f 4584 4588 4586
f 4584 4586 4585
f 4591 3972 4592
f 4592 3972 3979
f 4592 3979 4593
f 4593 3979 3988
f 4593 3988 4594
f 4594 3988 3987
f 4594 3987 4595
f 4595 3987 3989
f 4595 3989 4596
f 4596 3989 3990
f 4596 3990 4597
f 4597 3990 3980
f 4597 3980 4598
f 4598 3980 3981
f 3981 3983 4598
f 4598 3983 4599
f 4599 3983 4600
f 4600 3983 3984
f 4600 3984 4601
f 4601 3984 3997
f 4601 3997 4602
f 4602 3997 3996
f 4602 3996 4603
f 4603 3996 3993
f 4603 3993 4604
f 4604 3993 3992
f 4604 3992 4605
f 4605 3992 3991
f 4605 3991 4606
f 4606 3991 3995
f 3995 3975 4606
f 4606 3975 4607
f 4007 4006 4608
f 4609 4607 3975
f 3975 3977 4609
f 4609 3977 3978
f 4609 3978 4610
f 4610 3978 3858
f 4610 3858 4611
f 4611 3858 4000
f 4611 4000 4612
f 4612 4000 3999
f 4612 3999 4613
f 4613 3999 4007
f 4613 4007 4614
f 4614 4007 4608
f 4615 4608 4616
f 4616 4608 4006
f 4616 4006 4005
f 3986 3985 4617
f 4618 4615 4616
f 4617 4619 3986
f 3986 4619 4620
f 3986 4620 4064
f 4064 4620 4621
f 4064 4621 4063
f 4063 4621 4622
f 4063 4622 4057
f 4057 4622 4623
f 4057 4623 4003
f 4003 4623 4618
f 4003 4618 4004
f 4004 4618 4616
f 4004 4616 4005
f 3985 3994 4617
f 4617 3994 4624
f 3994 3982 4624
f 4624 3982 4625
f 3982 3974 4625
f 4625 3974 4626
f 3974 3973 4626
f 4626 3973 4627
f 3973 3972 4627
f 4627 3972 4591
f 4606 4607 4605
f 4605 4607 4609
f 4605 4609 4604
f 4604 4609 4610
f 4604 4610 4603
f 4603 4610 4611
f 4603 4611 4602
f 4602 4611 4612
f 4602 4612 4601
f 4601 4612 4613
f 4601 4613 4600
f 4600 4613 4614
f 4600 4614 4599
f 4599 4614 4608
f 4599 4608 4598
f 4598 4608 4615
f 4598 4615 4597
f 4597 4615 4618
f 4597 4618 4596
f 4596 4618 4623
f 4596 4623 4595
f 4595 4623 4622
f 4595 4622 4594
f 4594 4622 4621
f 4594 4621 4593
f 4593 4621 4620
f 4593 4620 4592
f 4592 4620 4619
f 4592 4619 4591
f 4591 4619 4617
f 4591 4617 4627
f 4627 4617 4624
f 4627 4624 4626
f 4626 4624 4625
f 4046 4045 4628
f 4628 4045 4629
f 4045 4048 4629
f 4629 4048 4630
f 4048 4049 4630
f 4630 4049 4631
f 4049 4044 4631
f 4631 4044 4632
f 4044 4043 4632
f 4632 4043 4633
f 4043 4042 4633
f 4633 4042 4634
f 4042 4052 4634
f 4634 4052 4635
f 4052 4051 4635
f 4635 4051 4636
f 4051 4047 4636
f 4636 4047 4637
f 4047 4046 4637
f 4637 4046 4628
f 4631 4632 4630
f 4630 4632 4633
f 4636 4637 4635
f 4635 4637 4628
f 4635 4628 4634
f 4634 4628 4633
f 4633 4628 4629
f 4633 4629 4630
f 4054 4053 4638
f 4638 4053 4639
f 4053 4056 4639
f 4639 4056 4640
f 4056 4055 4640
f 4640 4055 4641
f 4055 4054 4641
f 4641 4054 4638
f 4640 4641 4639
f 4639 4641 4638
f 3939 3945 4642
f 4642 3945 4643
f 3945 3944 4643
f 4643 3944 4644
f 3944 3943 4644
f 4644 3943 4645
f 3943 3942 4645
f 4645 3942 4646
f 3942 3959 4646
f 4646 3959 4647
f 3959 3952 4647
f 4647 3952 4648
f 3952 3940 4648
f 4648 3940 4649
f 3940 3939 4649
f 4649 3939 4642
f 4650 4643 4651
f 4651 4643 4644
f 4642 4643 4649
f 4649 4643 4650
f 4649 4650 4648
f 4648 4650 4652
f 4648 4652 4647
f 4647 4652 4651
f 4647 4651 4646
f 4646 4651 4644
f 4646 4644 4645
f 4653 4654 4651
f 4651 4654 4650
f 4654 4655 4650
f 4650 4655 4652
f 4655 4653 4652
f 4652 4653 4651
f 4655 4654 4653
f 3930 3929 4656
f 4656 3929 4657
f 3929 3932 4657
f 4657 3932 4658
f 3932 3934 4658
f 4658 3934 4659
f 3934 4040 4659
f 4659 4040 4660
f 4040 4039 4660
f 4660 4039 4661
f 4039 3936 4661
f 4661 3936 4662
f 3936 3935 4662
f 4662 3935 4663
f 3935 3927 4663
f 4663 3927 4664
f 3927 3925 4664
f 4664 3925 4665
f 3925 3938 4665
f 4665 3938 4666
f 3938 3937 4666
f 4666 3937 4667
f 3937 3930 4667
f 4667 3930 4656
f 4663 4664 4666
f 4666 4664 4665
f 4657 4658 4660
f 4660 4658 4659
f 4656 4657 4667
f 4667 4657 4660
f 4667 4660 4666
f 4666 4660 4661
f 4666 4661 4663
f 4663 4661 4662
f 4668 3897 4669
f 4669 3897 3900
f 4670 4671 3896
f 4672 3904 4668
f 4668 3904 3902
f 4668 3902 3897
f 3896 3861 4670
f 4670 3861 3909
f 4670 3909 4673
f 4673 3909 3908
f 4673 3908 4672
f 4672 3908 3906
f 4672 3906 3904
f 3900 3910 4669
f 4669 3910 4674
f 4674 3910 4675
f 4675 3910 3912
f 4675 3912 4676
f 4676 3912 3914
f 4676 3914 4677
f 4677 3914 3916
f 4677 3916 4678
f 4678 3916 3918
f 4678 3918 4679
f 4679 3918 3920
f 4679 3920 4680
f 4680 3920 3922
f 3922 3896 4680
f 4680 3896 4671
f 4677 4678 4681
f 4681 4678 4671
f 4671 4678 4679
f 4671 4679 4680
f 4681 4682 4677
f 4677 4682 4683
f 4677 4683 4676
f 4676 4683 4684
f 4676 4684 4675
f 4675 4684 4669
f 4675 4669 4674
f 4685 3888 4686
f 4686 3888 3887
f 4686 3887 4687
f 4687 3887 3892
f 4687 3892 4688
f 4688 3892 3894
f 4688 3894 4689
f 4689 3894 3968
f 4689 3968 4690
f 4690 3968 3970
f 4690 3970 4691
f 4691 3970 3971
f 3971 3870 4691
f 4691 3870 4692
f 4025 4026 4693
f 4694 4692 3870
f 3870 3872 4694
f 4694 3872 4023
f 4694 4023 4695
f 4695 4023 4024
f 4695 4024 4696
f 4696 4024 4025
f 4696 4025 4697
f 4697 4025 4693
f 4026 3888 4693
f 4693 3888 4685
f 4693 4685 4698
f 4693 4698 4697
f 4697 4698 4699
f 4697 4699 4696
f 4696 4699 4700
f 4696 4700 4695
f 4695 4700 4694
f 4694 4700 4701
f 4694 4701 4692
f 4692 4701 4702
f 4692 4702 4691
f 3880 4703 4704
f 3880 4704 3881
f 3881 4704 4705
f 3881 4705 3865
f 3865 4705 4706
f 3865 4706 3866
f 3866 4706 4707
f 3866 4707 3885
f 3885 4707 4708
f 3885 4708 3886
f 3886 4708 4709
f 3886 4709 3876
f 3876 4709 4710
f 3876 4710 3878
f 3878 4710 4711
f 3878 4711 3868
f 3868 4711 4712
f 3868 4712 3869
f 3869 4712 4713
f 3869 4713 3874
f 3874 4713 4714
f 3874 4714 3873
f 3873 4714 4715
f 3873 4715 3871
f 3871 4715 4716
f 3871 4716 3879
f 3879 4716 4703
f 3879 4703 3880
f 4716 4715 4717
f 4717 4715 4714
f 4717 4714 4718
f 4718 4714 4713
f 4718 4713 4719
f 4719 4713 4712
f 4719 4712 4720
f 4720 4712 4711
f 4720 4711 4721
f 4721 4711 4710
f 4721 4710 4722
f 4722 4710 4709
f 4722 4709 4723
f 4723 4709 4708
f 4723 4708 4724
f 4724 4708 4707
f 4724 4707 4725
f 4725 4707 4706
f 4725 4706 4726
f 4726 4706 4705
f 4726 4705 4727
f 4727 4705 4704
f 4727 4704 4728
f 4728 4704 4703
f 4728 4703 4729
f 4729 4703 4716
f 4729 4716 4717
f 4728 4730 4727
f 4727 4730 4731
f 4727 4731 4726
f 4726 4731 4732
f 4726 4732 4725
f 4725 4732 4733
f 4725 4733 4724
f 4724 4733 4734
f 4724 4734 4723
f 4723 4734 4735
f 4723 4735 4722
f 4722 4735 4736
f 4722 4736 4721
f 4721 4736 4737
f 4721 4737 4720
f 4720 4737 4738
f 4720 4738 4719
f 4719 4738 4739
f 4719 4739 4718
f 4718 4739 4740
f 4718 4740 4717
f 4717 4740 4741
f 4717 4741 4729
f 4729 4741 4742
f 4729 4742 4728
f 4728 4742 4730
f 4740 4743 4741
f 4741 4743 4744
f 4741 4744 4742
f 4739 4738 4745
f 4739 4745 4740
f 4740 4745 4746
f 4740 4746 4743
f 4743 4746 4747
f 4743 4747 4748
f 4749 4745 4750
f 4750 4745 4738
f 4750 4738 4751
f 4751 4738 4737
f 4730 4742 4731
f 4731 4742 4744
f 4731 4744 4732
f 4732 4744 4752
f 4732 4752 4733
f 4733 4752 4753
f 4733 4753 4734
f 4734 4753 4754
f 4734 4754 4735
f 4735 4754 4755
f 4735 4755 4736
f 4736 4755 4756
f 4736 4756 4737
f 4737 4756 4757
f 4737 4757 4751
f 4743 4748 4758
f 4758 4748 4759
f 4748 4747 4759
f 4759 4747 4760
f 4747 4746 4760
f 4760 4746 4761
f 4746 4745 4761
f 4761 4745 4762
f 4745 4749 4762
f 4762 4749 4763
f 4754 4753 4764
f 4765 4763 4749
f 4749 4750 4765
f 4765 4750 4751
f 4765 4751 4766
f 4766 4751 4757
f 4766 4757 4767
f 4767 4757 4756
f 4767 4756 4768
f 4768 4756 4755
f 4768 4755 4769
f 4769 4755 4754
f 4769 4754 4770
f 4770 4754 4764
f 4753 4752 4764
f 4764 4752 4771
f 4752 4744 4771
f 4771 4744 4772
f 4744 4743 4772
f 4772 4743 4758
f 4761 4762 4763
f 4773 4774 4763
f 4763 4774 4775
f 4763 4775 4761
f 4771 4772 4759
f 4759 4772 4758
f 4763 4765 4773
f 4773 4765 4766
f 4773 4766 4776
f 4776 4766 4767
f 4776 4767 4777
f 4777 4767 4768
f 4777 4768 4778
f 4778 4768 4769
f 4778 4769 4779
f 4779 4769 4770
f 4779 4770 4780
f 4780 4770 4764
f 4780 4764 4781
f 4781 4764 4771
f 4781 4771 4782
f 4782 4771 4759
f 4782 4759 4775
f 4775 4759 4760
f 4775 4760 4761
f 4783 4784 4781
f 4781 4784 4780
f 4780 4784 4779
f 4779 4784 4785
f 4779 4785 4778
f 4778 4785 4786
f 4778 4786 4777
f 4777 4786 4787
f 4777 4787 4776
f 4776 4787 4788
f 4776 4788 4773
f 4773 4788 4789
f 4773 4789 4774
f 4774 4789 4790
f 4774 4790 4775
f 4775 4790 4791
f 4791 4792 4775
f 4775 4792 4782
f 4792 4783 4782
f 4782 4783 4781
f 4783 4792 4784
f 4784 4792 4791
f 4784 4791 4785
f 4785 4791 4790
f 4787 4786 4788
f 4788 4786 4785
f 4788 4785 4789
f 4789 4785 4790
f 3842 3844 3846
f 3848 3850 3852
f 3854 3841 3852
f 3852 3841 3842
f 3852 3842 3848
f 3848 3842 3846
f 4793 4794 4795
f 4793 4795 4796
f 4796 4795 4797
f 4796 4797 4798
f 4798 4797 4799
f 4798 4799 4800
f 4800 4799 4801
f 4800 4801 4802
f 4802 4801 4803
f 4802 4803 4804
f 4794 4793 4805
f 4805 4793 4806
f 4805 4806 4807
f 4807 4806 4808
f 4807 4808 4809
f 4809 4808 4810
f 4810 4811 4809
f 4809 4811 4812
f 4813 4812 4811
f 4811 4814 4813
f 4813 4814 4815
f 4813 4815 4816
f 4816 4815 4817
f 4816 4817 4818
f 4818 4817 4819
f 4818 4819 4820
f 4820 4819 4821
f 4821 4819 4822
f 4821 4822 4823
f 4823 4822 4824
f 4824 4822 4825
f 4824 4825 4826
f 4808 4806 4827
f 4828 4829 4830
f 4830 4829 4831
f 4830 4831 4827
f 4804 4832 4793
f 4833 4834 4835
f 4836 4837 4838
f 4838 4837 4839
f 4838 4839 4840
f 4841 4842 4843
f 4844 4845 4846
f 4806 4793 4827
f 4827 4793 4832
f 4827 4832 4830
f 4830 4832 4833
f 4830 4833 4847
f 4847 4833 4835
f 4848 4849 4850
f 4850 4849 4851
f 4850 4851 4852
f 4852 4851 4853
f 4852 4853 4854
f 4854 4853 4845
f 4854 4845 4855
f 4855 4845 4856
f 4857 4858 4859
f 4860 4861 4839
f 4862 4863 4864
f 4798 4800 4802
f 4865 4866 4867
f 4867 4866 4868
f 4867 4868 4844
f 4859 4858 4869
f 4870 4871 4872
f 4871 4870 4873
f 4873 4870 4874
f 4873 4874 4875
f 4875 4874 4876
f 4875 4876 4877
f 4843 4842 4878
f 4878 4842 4879
f 4878 4879 4827
f 4877 4880 4875
f 4875 4880 4881
f 4875 4881 4838
f 4838 4881 4844
f 4838 4844 4836
f 4882 4883 4834
f 4884 4863 4885
f 4885 4863 4870
f 4885 4870 4886
f 4886 4870 4872
f 4804 4793 4802
f 4802 4793 4796
f 4802 4796 4798
f 4846 4887 4844
f 4844 4887 4888
f 4844 4888 4889
f 4889 4890 4844
f 4844 4890 4891
f 4844 4891 4836
f 4839 4892 4860
f 4860 4892 4893
f 4860 4893 4894
f 4894 4893 4895
f 4894 4895 4896
f 4896 4895 4897
f 4896 4897 4898
f 4898 4897 4869
f 4898 4869 4899
f 4899 4869 4858
f 4900 4901 4902
f 4902 4901 4903
f 4902 4903 4830
f 4830 4903 4904
f 4830 4904 4828
f 4862 4864 4905
f 4906 4882 4907
f 4907 4882 4834
f 4907 4834 4908
f 4908 4834 4833
f 4808 4909 4810
f 4810 4909 4910
f 4810 4910 4811
f 4811 4910 4911
f 4811 4911 4814
f 4912 4913 4914
f 4914 4913 4915
f 4915 4856 4914
f 4914 4856 4845
f 4914 4845 4916
f 4916 4845 4844
f 4916 4844 4917
f 4917 4844 4868
f 4861 4918 4839
f 4839 4918 4919
f 4839 4919 4840
f 4840 4919 4920
f 4840 4920 4921
f 4900 4902 4884
f 4884 4902 4922
f 4884 4922 4863
f 4863 4922 4923
f 4863 4923 4864
f 4879 4924 4827
f 4827 4924 4925
f 4827 4925 4808
f 4808 4925 4926
f 4808 4926 4909
f 4814 4911 4815
f 4815 4911 4927
f 4815 4927 4817
f 4850 4928 4848
f 4848 4928 4929
f 4848 4929 4930
f 4930 4929 4931
f 4930 4931 4932
f 4932 4931 4933
f 4932 4933 4934
f 4934 4933 4935
f 4934 4935 4936
f 4936 4935 4937
f 4936 4937 4938
f 4938 4937 4939
f 4938 4939 4940
f 4940 4939 4913
f 4940 4913 4941
f 4941 4913 4912
f 4859 4942 4857
f 4857 4942 4943
f 4857 4943 4944
f 4944 4943 4945
f 4944 4945 4946
f 4946 4945 4947
f 4946 4947 4921
f 4921 4947 4948
f 4921 4948 4840
f 4883 4882 4949
f 4949 4882 4950
f 4949 4950 4951
f 4951 4950 4952
f 4951 4952 4953
f 4953 4952 4954
f 4953 4954 4955
f 4955 4954 4956
f 4955 4956 4957
f 4957 4956 4958
f 4957 4958 4864
f 4864 4958 4959
f 4864 4959 4905
f 4843 4960 4841
f 4841 4960 4825
f 4841 4825 4961
f 4961 4825 4822
f 4961 4822 4962
f 4962 4822 4819
f 4962 4819 4963
f 4963 4819 4817
f 4963 4817 4964
f 4964 4817 4927
f 4959 4965 4905
f 4905 4965 4966
f 4905 4966 4862
f 4862 4966 4967
f 4862 4967 4968
f 4969 4970 4971
f 4971 4970 4972
f 4971 4972 4973
f 4973 4972 4974
f 4973 4974 4975
f 4975 4974 4968
f 4975 4968 4976
f 4976 4968 4967
f 4976 4967 4977
f 4977 4967 4966
f 4977 4966 4978
f 4978 4966 4965
f 4979 4980 4981
f 4979 4981 4982
f 4982 4981 4983
f 4982 4983 4984
f 4984 4983 4985
f 4984 4985 4986
f 4986 4985 4987
f 4986 4987 4988
f 4988 4987 4989
f 4988 4989 4990
f 4990 4989 4991
f 4990 4991 4992
f 4992 4991 4993
f 4992 4993 4994
f 4994 4993 4995
f 4994 4995 4996
f 4996 4995 4997
f 4996 4997 4998
f 4998 4997 4999
f 4998 4999 5000
f 5000 4999 5001
f 5000 5001 5002
f 5002 5001 4970
f 5002 4970 4969
f 4980 4979 5003
f 5004 5005 5006
f 5006 5007 5004
f 5004 5007 5008
f 5004 5008 5009
f 5009 5008 5010
f 5009 5010 5003
f 5003 5010 5011
f 5003 5011 4980
f 5005 5012 5006
f 5006 5012 5013
f 5014 5015 5016
f 5016 5015 5017
f 5016 5017 5018
f 5018 5017 5019
f 5018 5019 5020
f 5020 5019 5021
f 5013 5012 5022
f 5022 5012 5023
f 5022 5023 5024
f 5025 5026 5027
f 5027 5026 5028
f 5024 5023 5028
f 5028 5023 5029
f 5028 5029 5027
f 5025 5030 5026
f 5026 5030 5031
f 5026 5031 5032
f 5032 5031 5033
f 5032 5033 5021
f 5021 5033 5034
f 5021 5034 5020
f 5035 5036 5037
f 5037 5036 5038
f 5037 5038 5039
f 5039 5038 5040
f 5039 5040 5041
f 5041 5040 5042
f 5042 5040 5043
f 5042 5043 5044
f 5044 5043 5015
f 5044 5015 5014
f 5045 5046 5013
f 5013 5046 4938
f 5038 5036 5047
f 5047 5036 4851
f 5038 5047 5040
f 5040 5047 5048
f 5040 5048 5043
f 5049 5017 5048
f 5048 5017 5015
f 5048 5015 5043
f 5050 5032 5051
f 5051 5032 5021
f 5051 5021 5049
f 5049 5021 5019
f 5049 5019 5017
f 5045 5024 5046
f 5046 5024 5028
f 5046 5028 5050
f 5050 5028 5026
f 5050 5026 5032
f 5006 5013 4940
f 4940 5013 4938
f 5006 4940 5007
f 5007 4940 4941
f 5007 4941 5008
f 5008 4941 4912
f 5008 4912 5010
f 5010 4912 5011
f 5011 4912 4914
f 5011 4914 4980
f 4980 4914 4916
f 4870 4970 5001
f 4870 5001 4874
f 4874 5001 4999
f 4874 4999 4876
f 4876 4999 4997
f 4876 4997 4877
f 4877 4997 4995
f 4877 4995 4880
f 4880 4995 4993
f 4880 4993 4881
f 4881 4993 4991
f 4881 4991 4844
f 4844 4991 4989
f 4844 4989 4867
f 4867 4989 4987
f 4867 4987 4865
f 4865 4987 4985
f 4865 4985 4866
f 4866 4985 4983
f 4866 4983 4868
f 4868 4983 4981
f 4868 4981 4917
f 4917 4981 4980
f 4917 4980 4916
f 4863 4862 4968
f 4970 4870 4972
f 4972 4870 4863
f 4972 4863 4974
f 4974 4863 4968
f 4853 4851 5052
f 5052 4851 5036
f 4845 4853 5052
f 5053 4887 5054
f 5054 4887 4846
f 5054 4846 5055
f 5055 4846 4845
f 5055 4845 5056
f 5056 4845 5052
f 4887 5053 5057
f 4887 5057 4888
f 4888 5057 5058
f 4888 5058 4889
f 5058 5059 4889
f 4889 5059 5060
f 4889 5060 4890
f 5060 5061 4890
f 4890 5061 5062
f 4890 5062 4891
f 5062 5063 4891
f 4891 5063 5064
f 4891 5064 4836
f 4837 4836 5064
f 5065 4892 5066
f 5066 4892 4839
f 5066 4839 5067
f 5067 4839 4837
f 5067 4837 5068
f 5068 4837 5064
f 5065 5069 4892
f 4892 5069 4893
f 5070 4943 5071
f 5071 4943 4942
f 5071 4942 5072
f 5072 4942 5073
f 5073 4942 4859
f 5073 4859 5074
f 5074 4859 5075
f 5075 4859 4869
f 5075 4869 5076
f 4895 4893 5069
f 5069 5077 4895
f 4895 5077 5078
f 4895 5078 4897
f 4897 5078 5079
f 4897 5079 4869
f 4869 5079 5080
f 4869 5080 5076
f 5081 5082 4947
f 4947 4945 5081
f 5081 4945 4943
f 5081 4943 5070
f 4948 4947 5083
f 5083 4947 5082
f 4840 4948 5083
f 4838 5084 4875
f 4875 5084 5085
f 5083 5086 4840
f 4840 5086 5087
f 4840 5087 4838
f 4838 5087 5088
f 4838 5088 5084
f 4875 5085 5089
f 4875 5089 4873
f 4873 5089 5090
f 4873 5090 4871
f 4871 5090 5091
f 4871 5091 4872
f 4872 5091 5092
f 4872 5092 4886
f 4886 5092 5093
f 4886 5093 4885
f 4885 5093 5094
f 4885 5094 4884
f 4884 5094 5095
f 4884 5095 4900
f 4900 5095 5096
f 4900 5096 4901
f 4901 5096 5097
f 4901 5097 4903
f 4903 5097 5098
f 4903 5098 4904
f 4904 5098 5099
f 4904 5099 4828
f 4828 5099 5100
f 4828 5100 4829
f 4831 4829 5100
f 5100 5101 4831
f 4831 5101 5102
f 4831 5102 4827
f 5103 4878 5104
f 5104 4878 4827
f 5104 4827 5105
f 5105 4827 5102
f 5103 5106 4878
f 4878 5106 4843
f 4826 4825 5107
f 5107 4825 4960
f 4843 5106 4960
f 4960 5106 5108
f 4960 5108 5107
f 5106 5109 5108
f 5108 5109 5110
f 5108 5110 5107
f 5111 5112 4821
f 5110 5113 5107
f 5107 5113 5114
f 5107 5114 4826
f 4826 5114 5115
f 4826 5115 4824
f 4824 5115 5111
f 4824 5111 4823
f 4823 5111 4821
f 5109 5116 5110
f 5110 5116 5117
f 5110 5117 5113
f 5113 5117 5118
f 5113 5118 5114
f 5119 5120 5121
f 5122 5123 5124
f 5124 5123 5125
f 5126 5127 5128
f 5125 5129 5124
f 5124 5129 5130
f 5124 5130 5131
f 5132 5133 5134
f 5134 5133 5128
f 5134 5128 5135
f 5136 5137 5138
f 5139 5140 5122
f 5122 5140 5141
f 5126 5128 5142
f 5133 5143 5128
f 5128 5143 5144
f 5128 5144 5145
f 5146 5128 5147
f 5147 5128 5127
f 5147 5127 5148
f 5148 5127 5149
f 5150 5139 5151
f 5151 5139 5122
f 5151 5122 5152
f 5152 5122 5124
f 5152 5124 5153
f 5154 5155 5149
f 5149 5155 5156
f 5149 5156 5148
f 5157 5138 5158
f 5159 5130 5137
f 5137 5130 5160
f 5153 5124 5161
f 5161 5124 5162
f 5161 5162 5163
f 5164 5132 5165
f 5146 5166 5128
f 5128 5166 5167
f 5128 5167 5168
f 5168 5167 5157
f 5168 5157 5169
f 5169 5157 5158
f 5160 5170 5137
f 5137 5170 5171
f 5137 5171 5138
f 5172 5173 5150
f 5150 5173 5174
f 5150 5174 5139
f 5175 5176 5122
f 5145 5177 5128
f 5128 5177 5178
f 5128 5178 5142
f 5154 5119 5155
f 5155 5119 5121
f 5155 5121 5179
f 5179 5121 5180
f 5179 5180 5181
f 5182 5183 5184
f 5184 5183 5185
f 5185 5183 5186
f 5185 5186 5187
f 5187 5186 5188
f 5187 5188 5189
f 5189 5188 5190
f 5189 5190 5191
f 5191 5190 5192
f 5191 5192 5176
f 5176 5192 5193
f 5176 5193 5122
f 5165 5194 5164
f 5164 5194 5195
f 5164 5195 5196
f 5196 5195 5197
f 5196 5197 5198
f 5198 5197 5199
f 5198 5199 5200
f 5200 5199 5201
f 5200 5201 5202
f 5202 5201 5203
f 5202 5203 5204
f 5204 5203 5205
f 5204 5205 5206
f 5206 5205 5207
f 5206 5207 5208
f 5166 5209 5167
f 5167 5209 5210
f 5167 5210 5211
f 5211 5210 5212
f 5211 5212 5116
f 5116 5212 5213
f 5181 5180 5214
f 5214 5180 5215
f 5214 5215 5216
f 5216 5215 5217
f 5216 5217 5218
f 5218 5217 5118
f 5218 5118 5213
f 5213 5118 5117
f 5213 5117 5116
f 5157 5219 5138
f 5138 5219 5220
f 5138 5220 5221
f 5138 5222 5223
f 5224 5225 5133
f 5163 5162 5226
f 5226 5162 5227
f 5226 5227 5228
f 5228 5227 5229
f 5228 5229 5230
f 5221 5231 5138
f 5138 5231 5232
f 5138 5232 5222
f 5175 5122 5233
f 5233 5122 5141
f 5233 5141 5234
f 5208 5207 5235
f 5235 5207 5236
f 5235 5236 5237
f 5237 5236 5238
f 5237 5238 5225
f 5225 5238 5239
f 5225 5239 5133
f 5223 5240 5138
f 5138 5240 5241
f 5138 5241 5242
f 5164 5243 5132
f 5132 5243 5244
f 5132 5244 5133
f 5133 5244 5245
f 5133 5245 5224
f 5242 5246 5138
f 5138 5246 5247
f 5138 5247 5136
f 5248 5249 5159
f 5159 5249 5250
f 5159 5250 5130
f 5130 5250 5251
f 5130 5251 5131
f 5184 5252 5182
f 5182 5252 5253
f 5182 5253 5254
f 5254 5253 5255
f 5254 5255 5256
f 5256 5255 5257
f 5256 5257 5258
f 5258 5257 5259
f 5258 5259 5141
f 5141 5259 5260
f 5141 5260 5234
f 5159 5261 5248
f 5248 5261 5262
f 5248 5262 5263
f 5263 5262 5264
f 5263 5264 5265
f 5265 5264 5266
f 5265 5266 5267
f 5267 5266 5268
f 5267 5268 5269
f 5269 5268 5270
f 5269 5270 5271
f 5271 5270 5230
f 5271 5230 5272
f 5272 5230 5229
f 5239 5238 5273
f 5273 5238 5274
f 5275 5274 5238
f 5199 5197 5276
f 5275 5238 5277
f 5277 5238 5236
f 5277 5236 5278
f 5278 5236 5207
f 5278 5207 5279
f 5280 5281 5205
f 5205 5281 5282
f 5205 5282 5207
f 5207 5282 5283
f 5207 5283 5279
f 5203 5284 5205
f 5205 5284 5285
f 5205 5285 5280
f 5201 5286 5203
f 5203 5286 5287
f 5203 5287 5284
f 5276 5288 5199
f 5199 5288 5289
f 5199 5289 5201
f 5201 5289 5290
f 5201 5290 5286
f 4978 5276 5195
f 5195 5276 5197
f 5276 4978 5291
f 5291 4978 4965
f 5289 5288 5292
f 5292 5288 5276
f 5292 5276 5291
f 5292 5293 5289
f 5289 5293 5294
f 5289 5294 5290
f 5290 5294 5295
f 5290 5295 5286
f 5286 5295 5296
f 4906 4907 5297
f 5291 4958 5292
f 5292 4958 4956
f 5292 4956 5293
f 5293 4956 4954
f 5293 4954 5294
f 5294 4954 5295
f 4952 5298 4954
f 4954 5298 5296
f 4954 5296 5295
f 4882 5299 4950
f 4950 5299 5300
f 4950 5300 4952
f 4952 5300 5301
f 4952 5301 5298
f 5297 5302 4906
f 4906 5302 5303
f 4906 5303 4882
f 4882 5303 5304
f 4882 5304 5299
f 5305 5297 4908
f 4908 5297 4907
f 5273 5274 5305
f 5305 5274 5297
f 5286 5296 5287
f 5287 5296 5298
f 5287 5298 5284
f 5284 5298 5301
f 5284 5301 5285
f 5285 5301 5300
f 5285 5300 5280
f 5280 5300 5281
f 5281 5300 5299
f 5281 5299 5282
f 5282 5299 5304
f 5282 5304 5283
f 5283 5304 5279
f 5279 5304 5303
f 5279 5303 5278
f 5278 5303 5302
f 5278 5302 5277
f 5277 5302 5275
f 5275 5302 5297
f 5275 5297 5274
f 5306 4803 5307
f 5306 5307 5308
f 5307 5309 5308
f 5308 5309 5310
f 5308 5310 5311
f 5311 5310 5273
f 5311 5273 5305
f 5307 5144 5309
f 5309 5144 5143
f 5309 5143 5310
f 5310 5143 5133
f 5310 5133 5273
f 5273 5133 5239
f 5144 5307 5312
f 5144 5312 5145
f 5145 5312 5313
f 5145 5313 5177
f 5177 5313 5314
f 5177 5314 5178
f 5178 5314 5315
f 5178 5315 5142
f 5142 5315 5316
f 5142 5316 5126
f 5317 5154 5318
f 5318 5154 5149
f 5318 5149 5319
f 5319 5149 5127
f 5319 5127 5316
f 5316 5127 5126
f 5317 5320 5154
f 5154 5320 5119
f 5115 5114 5118
f 5115 5118 5111
f 5111 5118 5217
f 5111 5217 5112
f 5112 5217 5215
f 5112 5215 5321
f 5321 5215 5180
f 5321 5180 5322
f 5322 5180 5121
f 5322 5121 5323
f 5323 5121 5120
f 5323 5120 5324
f 5324 5120 5119
f 5324 5119 5320
f 4820 4821 5112
f 5324 5320 4812
f 5112 5321 4820
f 4820 5321 5322
f 4820 5322 4818
f 4818 5322 5323
f 4818 5323 4816
f 4816 5323 5324
f 4816 5324 4813
f 4813 5324 4812
f 5320 5317 4812
f 4812 5317 4809
f 4807 4809 5317
f 5317 5318 4807
f 4807 5318 5319
f 4807 5319 4805
f 4805 5319 5316
f 4805 5316 4794
f 5307 4803 4801
f 5307 4801 5312
f 5312 4801 4799
f 5312 4799 5313
f 5313 4799 4797
f 5313 4797 5314
f 5314 4797 4795
f 5314 4795 5315
f 5315 4795 4794
f 5315 4794 5316
f 4832 4804 4803
f 5305 4908 5311
f 5311 4908 4833
f 5311 4833 5308
f 5308 4833 4832
f 5308 4832 5306
f 5306 4832 4803
f 4959 4958 4965
f 4965 4958 5291
f 4978 5195 4977
f 4977 5195 5194
f 4977 5194 4976
f 4976 5194 5165
f 4976 5165 4975
f 5132 5134 4969
f 4975 5165 4973
f 4973 5165 5132
f 4973 5132 4971
f 4971 5132 4969
f 5125 4979 4982
f 5125 4982 5129
f 5129 4982 4984
f 5129 4984 5130
f 5130 4984 4986
f 5130 4986 5160
f 5160 4986 4988
f 5160 4988 5170
f 5170 4988 4990
f 5170 4990 5171
f 5171 4990 4992
f 5171 4992 5138
f 5138 4992 4994
f 5138 4994 5158
f 5158 4994 4996
f 5158 4996 5169
f 5169 4996 4998
f 5169 4998 5168
f 5168 4998 5000
f 5168 5000 5128
f 5128 5000 5002
f 5128 5002 5135
f 5135 5002 4969
f 5135 4969 5134
f 4979 5125 5003
f 5003 5125 5123
f 5003 5123 5009
f 5009 5123 5122
f 5193 5005 5122
f 5122 5005 5004
f 5122 5004 5009
f 5193 5192 5005
f 5005 5192 5012
f 5254 5256 5035
f 5035 5037 5254
f 5254 5037 5039
f 5254 5039 5182
f 5182 5039 5041
f 5182 5041 5042
f 5042 5044 5182
f 5182 5044 5014
f 5182 5014 5183
f 5014 5016 5183
f 5183 5016 5018
f 5183 5018 5186
f 5186 5018 5020
f 5186 5020 5034
f 5034 5033 5186
f 5186 5033 5031
f 5186 5031 5188
f 5188 5031 5030
f 5188 5030 5025
f 5025 5027 5188
f 5188 5027 5029
f 5188 5029 5190
f 5029 5023 5190
f 5190 5023 5012
f 5190 5012 5192
f 5325 5035 5258
f 5258 5035 5256
f 5035 5325 5036
f 5036 5325 5052
f 5326 5053 5054
f 5326 5054 5327
f 5327 5054 5055
f 5327 5055 5328
f 5328 5055 5325
f 5325 5055 5329
f 5325 5329 5052
f 5330 5060 5331
f 5331 5060 5059
f 5331 5059 5332
f 5059 5058 5332
f 5332 5058 5057
f 5332 5057 5333
f 5333 5057 5053
f 5333 5053 5326
f 5151 5334 5335
f 5330 5173 5172
f 5151 5335 5150
f 5150 5335 5336
f 5150 5336 5172
f 5172 5336 5337
f 5172 5337 5330
f 5330 5331 5173
f 5173 5331 5332
f 5173 5332 5174
f 5332 5333 5174
f 5174 5333 5326
f 5174 5326 5139
f 5334 5151 5338
f 5338 5151 5152
f 5338 5152 5339
f 5339 5152 5153
f 5339 5153 5340
f 5340 5153 5161
f 5161 5163 5340
f 5340 5163 5341
f 5342 5343 5230
f 5344 5341 5163
f 5343 5345 5230
f 5230 5345 5346
f 5230 5346 5228
f 5342 5230 5347
f 5347 5230 5270
f 5347 5270 5348
f 5268 5266 5349
f 5349 5350 5268
f 5268 5350 5351
f 5268 5351 5270
f 5270 5351 5352
f 5270 5352 5348
f 5163 5226 5344
f 5344 5226 5228
f 5344 5228 5353
f 5353 5228 5346
f 5346 5080 5079
f 5346 5079 5353
f 5353 5079 5078
f 5353 5078 5344
f 5344 5078 5341
f 5341 5078 5077
f 5341 5077 5069
f 5340 5341 5065
f 5065 5341 5069
f 5068 5064 5334
f 5068 5334 5067
f 5334 5338 5067
f 5067 5338 5354
f 5067 5354 5066
f 5066 5354 5340
f 5066 5340 5065
f 5062 5335 5063
f 5063 5335 5334
f 5063 5334 5064
f 5060 5330 5061
f 5061 5330 5337
f 5061 5337 5062
f 5062 5337 5336
f 5062 5336 5335
f 5080 5346 5345
f 5355 5082 5356
f 5356 5082 5081
f 5350 5071 5072
f 5074 5348 5073
f 5073 5348 5352
f 5073 5352 5072
f 5072 5352 5351
f 5072 5351 5350
f 5080 5345 5076
f 5076 5345 5343
f 5076 5343 5075
f 5075 5343 5342
f 5075 5342 5074
f 5074 5342 5347
f 5074 5347 5348
f 5071 5350 5070
f 5070 5350 5349
f 5070 5349 5081
f 5081 5349 5357
f 5081 5357 5356
f 5355 5358 5082
f 5082 5358 5083
f 5085 5084 5359
f 5359 5084 5360
f 5083 5358 5086
f 5086 5358 5361
f 5086 5361 5087
f 5087 5361 5360
f 5087 5360 5088
f 5088 5360 5084
f 5362 5100 5099
f 5362 5099 5363
f 5363 5099 5098
f 5363 5098 5364
f 5364 5098 5097
f 5364 5097 5365
f 5365 5097 5096
f 5365 5096 5366
f 5366 5096 5095
f 5366 5095 5367
f 5367 5095 5094
f 5367 5094 5368
f 5368 5094 5093
f 5368 5093 5369
f 5369 5093 5092
f 5369 5092 5370
f 5370 5092 5091
f 5370 5091 5371
f 5371 5091 5090
f 5371 5090 5372
f 5372 5090 5089
f 5372 5089 5373
f 5373 5089 5085
f 5373 5085 5359
f 5374 5103 5104
f 5101 5100 5362
f 5101 5362 5102
f 5102 5362 5375
f 5102 5375 5105
f 5105 5375 5104
f 5104 5375 5376
f 5104 5376 5374
f 5374 5109 5103
f 5103 5109 5106
f 5211 5116 5374
f 5374 5116 5109
f 5362 5219 5375
f 5375 5219 5157
f 5375 5157 5376
f 5376 5157 5167
f 5376 5167 5374
f 5374 5167 5211
f 5219 5362 5363
f 5219 5363 5220
f 5220 5363 5364
f 5220 5364 5221
f 5221 5364 5365
f 5221 5365 5231
f 5231 5365 5366
f 5231 5366 5232
f 5232 5366 5367
f 5232 5367 5222
f 5222 5367 5368
f 5222 5368 5223
f 5223 5368 5369
f 5223 5369 5240
f 5240 5369 5370
f 5240 5370 5241
f 5241 5370 5371
f 5241 5371 5242
f 5242 5371 5372
f 5242 5372 5246
f 5246 5372 5373
f 5246 5373 5247
f 5247 5373 5359
f 5247 5359 5136
f 5358 5261 5361
f 5361 5261 5159
f 5361 5159 5360
f 5360 5159 5137
f 5360 5137 5359
f 5359 5137 5136
f 5358 5355 5261
f 5261 5355 5262
f 5349 5266 5357
f 5357 5266 5264
f 5262 5355 5264
f 5264 5355 5356
f 5264 5356 5357
f 5325 5258 5328
f 5328 5258 5141
f 5328 5141 5327
f 5327 5141 5140
f 5327 5140 5326
f 5326 5140 5139
f 5377 5209 5378
f 5378 5209 5166
f 5378 5166 5379
f 5379 5166 5146
f 5379 5146 5380
f 5380 5146 5147
f 5380 5147 5381
f 5381 5147 5148
f 5381 5148 5382
f 5382 5148 5156
f 5382 5156 5383
f 5383 5156 5155
f 5383 5155 5384
f 5384 5155 5179
f 5216 5218 5385
f 5385 5386 5216
f 5216 5386 5387
f 5216 5387 5214
f 5384 5179 5388
f 5388 5179 5181
f 5388 5181 5389
f 5389 5181 5214
f 5389 5214 5390
f 5390 5214 5387
f 5209 5377 5210
f 5210 5377 5391
f 5210 5391 5212
f 5391 5392 5212
f 5212 5392 5393
f 5212 5393 5213
f 5385 5218 5394
f 5394 5218 5213
f 5394 5213 5395
f 5395 5213 5393
f 4963 4964 5384
f 5377 4924 4879
f 4842 5392 4879
f 4879 5392 5391
f 4879 5391 5377
f 4841 5395 4842
f 4842 5395 5393
f 4842 5393 5392
f 4961 5385 4841
f 4841 5385 5394
f 4841 5394 5395
f 4962 5387 4961
f 4961 5387 5386
f 4961 5386 5385
f 5384 5388 4963
f 4963 5388 5389
f 4963 5389 4962
f 4962 5389 5390
f 4962 5390 5387
f 5384 4964 5383
f 5383 4964 4927
f 5383 4927 5382
f 5382 4927 4911
f 5382 4911 5381
f 5381 4911 4910
f 5381 4910 5380
f 5380 4910 4909
f 5380 4909 5379
f 5379 4909 4926
f 5379 4926 5378
f 5378 4926 4925
f 5378 4925 5377
f 5377 4925 4924
f 5396 5243 5397
f 5397 5243 5164
f 5397 5164 5398
f 5398 5164 5196
f 5398 5196 5399
f 5399 5196 5198
f 5399 5198 5400
f 5400 5198 5200
f 5400 5200 5401
f 5401 5200 5202
f 5401 5202 5402
f 5402 5202 5204
f 5402 5204 5403
f 5403 5204 5206
f 5237 5225 5404
f 5404 5405 5237
f 5237 5405 5406
f 5237 5406 5235
f 5403 5206 5407
f 5407 5206 5208
f 5407 5208 5408
f 5408 5208 5235
f 5408 5235 5409
f 5409 5235 5406
f 5243 5396 5244
f 5244 5396 5410
f 5244 5410 5245
f 5410 5411 5245
f 5245 5411 5412
f 5245 5412 5224
f 5404 5225 5413
f 5413 5225 5224
f 5413 5224 5414
f 5414 5224 5412
f 4834 4883 5403
f 5396 4923 4922
f 4902 5411 4922
f 4922 5411 5410
f 4922 5410 5396
f 4830 5414 4902
f 4902 5414 5412
f 4902 5412 5411
f 4847 5404 4830
f 4830 5404 5413
f 4830 5413 5414
f 4835 5406 4847
f 4847 5406 5405
f 4847 5405 5404
f 5403 5407 4834
f 4834 5407 5408
f 4834 5408 4835
f 4835 5408 5409
f 4835 5409 5406
f 5403 4883 5402
f 5402 4883 4949
f 5402 4949 5401
f 5401 4949 4951
f 5401 4951 5400
f 5400 4951 4953
f 5400 4953 5399
f 5399 4953 4955
f 5399 4955 5398
f 5398 4955 4957
f 5398 4957 5397
f 5397 4957 4864
f 5397 4864 5396
f 5396 4864 4923
f 5415 5252 5416
f 5416 5252 5184
f 5416 5184 5417
f 5417 5184 5185
f 5417 5185 5418
f 5418 5185 5187
f 5418 5187 5419
f 5419 5187 5189
f 5419 5189 5420
f 5420 5189 5191
f 5420 5191 5421
f 5421 5191 5176
f 5421 5176 5422
f 5422 5176 5175
f 5260 5259 5423
f 5423 5424 5260
f 5260 5424 5425
f 5260 5425 5234
f 5422 5175 5426
f 5426 5175 5233
f 5426 5233 5427
f 5427 5233 5234
f 5427 5234 5428
f 5428 5234 5425
f 5252 5415 5253
f 5253 5415 5429
f 5253 5429 5255
f 5429 5430 5255
f 5255 5430 5431
f 5255 5431 5257
f 5423 5259 5432
f 5432 5259 5257
f 5432 5257 5433
f 5433 5257 5431
f 4856 4915 5422
f 5415 4929 4928
f 4850 5430 4928
f 4928 5430 5429
f 4928 5429 5415
f 4852 5433 4850
f 4850 5433 5431
f 4850 5431 5430
f 4854 5423 4852
f 4852 5423 5432
f 4852 5432 5433
f 4855 5425 4854
f 4854 5425 5424
f 4854 5424 5423
f 5422 5426 4856
f 4856 5426 5427
f 4856 5427 4855
f 4855 5427 5428
f 4855 5428 5425
f 5422 4915 5421
f 5421 4915 4913
f 5421 4913 5420
f 5420 4913 4939
f 5420 4939 5419
f 5419 4939 4937
f 5419 4937 5418
f 5418 4937 4935
f 5418 4935 5417
f 5417 4935 4933
f 5417 4933 5416
f 5416 4933 4931
f 5416 4931 5415
f 5415 4931 4929
f 5272 5434 5271
f 5271 5434 5435
f 5271 5435 5269
f 5435 5436 5269
f 5269 5436 5437
f 5269 5437 5267
f 5438 5265 5439
f 5439 5265 5267
f 5439 5267 5440
f 5440 5267 5437
f 5435 5434 4899
f 4899 5434 4898
f 5435 4899 5436
f 5436 4899 4858
f 5436 4858 5437
f 5437 4858 5440
f 5440 4858 4857
f 5440 4857 5439
f 5439 4857 5438
f 5438 4857 4944
f 5438 4944 5441
f 5441 4944 5442
f 5442 4944 4946
f 5442 4946 5443
f 5443 4946 5444
f 5444 4946 4921
f 5444 4921 5445
f 5445 4921 4920
f 5445 4920 5446
f 4896 4898 5434
f 5434 5447 4896
f 4896 5447 5448
f 4896 5448 4894
f 4894 5448 5449
f 4894 5449 4860
f 4860 5449 5450
f 4860 5450 4861
f 4861 5450 5451
f 4861 5451 4918
f 4918 5451 5452
f 4918 5452 4919
f 4919 5452 5446
f 4919 5446 4920
f 5434 5272 5447
f 5447 5272 5229
f 5447 5229 5448
f 5448 5229 5227
f 5448 5227 5449
f 5449 5227 5162
f 5449 5162 5450
f 5450 5162 5124
f 5450 5124 5451
f 5451 5124 5131
f 5451 5131 5452
f 5452 5131 5251
f 5452 5251 5446
f 5446 5251 5250
f 5263 5265 5438
f 5438 5441 5263
f 5263 5441 5442
f 5263 5442 5248
f 5446 5250 5445
f 5445 5250 5249
f 5445 5249 5444
f 5444 5249 5248
f 5444 5248 5443
f 5443 5248 5442
f 5453 5454 5455
f 5455 5454 5456
f 5457 5458 5459
f 5460 5461 5462
f 5463 5464 5465
f 5454 5466 5467
f 5459 5468 5457
f 5457 5468 5460
f 5457 5460 5469
f 5469 5460 5462
f 5470 5471 5465
f 5465 5471 5456
f 5465 5456 5463
f 5463 5456 5472
f 5473 5466 5474
f 5474 5466 5454
f 5474 5454 5475
f 5475 5454 5476
f 5464 5477 5478
f 5478 5477 5479
f 5478 5479 5470
f 5470 5479 5475
f 5470 5475 5471
f 5471 5475 5476
f 5459 5477 5468
f 5468 5477 5464
f 5468 5464 5480
f 5480 5464 5463
f 5480 5463 5461
f 5461 5463 5481
f 5461 5481 5462
f 5462 5481 5482
f 5462 5482 5467
f 5467 5482 5472
f 5467 5472 5454
f 5454 5472 5456
f 5483 5484 5485
f 5466 5473 5485
f 5485 5473 5486
f 5485 5486 5483
f 5477 5459 5487
f 5487 5459 5488
f 5487 5488 5489
f 5489 5488 5486
f 5489 5486 5474
f 5474 5486 5473
f 5490 5491 5492
f 5492 5491 5483
f 5493 5492 5494
f 5494 5492 5483
f 5494 5483 5488
f 5488 5483 5486
f 5490 5495 5491
f 5491 5495 5496
f 5491 5496 5497
f 5497 5496 5498
f 5497 5498 5499
f 5499 5498 5500
f 5497 5484 5491
f 5491 5484 5483
f 5497 5499 5484
f 5484 5499 5501
f 5502 5485 5503
f 5503 5485 5484
f 5503 5484 5504
f 5504 5484 5501
f 5493 5494 5504
f 5504 5494 5503
f 5459 5458 5488
f 5488 5458 5502
f 5488 5502 5494
f 5494 5502 5503
f 5467 5466 5505
f 5505 5466 5485
f 5505 5485 5506
f 5506 5485 5502
f 5506 5502 5457
f 5457 5502 5458
f 5507 5462 5505
f 5505 5462 5467
f 5469 5462 5508
f 5508 5462 5507
f 5506 5457 5508
f 5508 5457 5469
f 5508 5507 5506
f 5506 5507 5505
f 5501 5509 5504
f 5504 5509 5510
f 5504 5510 5493
f 5493 5510 5511
f 5493 5511 5492
f 5492 5511 5512
f 5490 5492 5495
f 5495 5492 5512
f 5512 5511 5495
f 5495 5511 5496
f 5513 5496 5514
f 5514 5496 5511
f 5514 5511 5515
f 5511 5510 5515
f 5515 5510 5516
f 5510 5498 5516
f 5516 5498 5517
f 5518 5517 5498
f 5519 5520 5521
f 5521 5520 5522
f 5521 5522 5523
f 5524 5525 5523
f 5523 5525 5526
f 5523 5526 5521
f 5521 5526 5527
f 5498 5496 5518
f 5518 5496 5513
f 5518 5513 5523
f 5523 5513 5528
f 5523 5528 5524
f 5529 5530 5531
f 5531 5530 5521
f 5531 5521 5532
f 5532 5521 5527
f 5533 5534 5535
f 5535 5534 5536
f 5535 5536 5523
f 5523 5536 5537
f 5523 5537 5518
f 5518 5537 5538
f 5518 5538 5539
f 5539 5538 5540
f 5537 5536 5541
f 5541 5536 5542
f 5541 5542 5543
f 5541 5543 5544
f 5544 5543 5545
f 5542 5546 5547
f 5548 5545 5547
f 5547 5545 5543
f 5547 5543 5542
f 5545 5548 5544
f 5544 5548 5549
f 5544 5549 5550
f 5550 5549 5551
f 5552 5553 5538
f 5554 5555 5556
f 5557 5558 5559
f 5560 5561 5562
f 5563 5564 5565
f 5566 5567 5568
f 5569 5570 5571
f 5571 5570 5563
f 5571 5563 5572
f 5572 5563 5573
f 5574 5554 5575
f 5575 5554 5576
f 5575 5576 5577
f 5578 5579 5570
f 5570 5579 5560
f 5570 5560 5563
f 5563 5560 5562
f 5563 5562 5564
f 5550 5563 5544
f 5544 5563 5565
f 5544 5565 5541
f 5541 5565 5557
f 5541 5557 5537
f 5537 5557 5559
f 5537 5559 5580
f 5554 5556 5576
f 5576 5556 5581
f 5576 5581 5568
f 5568 5581 5552
f 5568 5552 5566
f 5566 5552 5538
f 5566 5538 5582
f 5582 5538 5537
f 5582 5537 5578
f 5578 5537 5580
f 5578 5580 5579
f 5583 5584 5572
f 5572 5584 5585
f 5572 5585 5571
f 5571 5585 5586
f 5571 5586 5587
f 5588 5575 5589
f 5589 5575 5577
f 5589 5577 5590
f 5590 5577 5571
f 5590 5571 5591
f 5591 5571 5592
f 5587 5593 5571
f 5571 5593 5594
f 5571 5594 5595
f 5595 5596 5571
f 5571 5596 5597
f 5571 5597 5592
f 5598 5599 5600
f 5600 5599 5601
f 5600 5601 5602
f 5602 5601 5574
f 5602 5574 5603
f 5604 5605 5606
f 5606 5605 5607
f 5606 5607 5608
f 5608 5607 5609
f 5608 5609 5610
f 5611 5604 5612
f 5612 5604 5606
f 5612 5606 5601
f 5601 5606 5613
f 5601 5613 5574
f 5574 5613 5554
f 5614 5606 5615
f 5615 5606 5608
f 5616 5613 5617
f 5617 5613 5606
f 5617 5606 5614
f 5618 5619 5617
f 5617 5619 5616
f 5619 5555 5616
f 5616 5555 5554
f 5616 5554 5613
f 5620 5621 5618
f 5618 5621 5556
f 5618 5556 5619
f 5619 5556 5555
f 5581 5556 5622
f 5622 5556 5621
f 5623 5552 5610
f 5610 5552 5581
f 5610 5581 5622
f 5624 5625 5626
f 5626 5625 5553
f 5626 5553 5627
f 5627 5553 5552
f 5628 5629 5630
f 5630 5629 5627
f 5630 5627 5623
f 5623 5627 5552
f 5631 5624 5632
f 5632 5624 5626
f 5633 5540 5634
f 5634 5540 5625
f 5634 5625 5635
f 5635 5625 5636
f 5636 5625 5637
f 5637 5625 5624
f 5637 5624 5631
f 5638 5539 5639
f 5639 5539 5540
f 5639 5540 5640
f 5640 5540 5633
f 5517 5638 5639
f 5637 5641 5636
f 5636 5641 5642
f 5643 5644 5645
f 5645 5644 5646
f 5647 5648 5516
f 5516 5517 5647
f 5647 5517 5639
f 5647 5639 5649
f 5649 5639 5640
f 5649 5640 5650
f 5650 5640 5633
f 5650 5633 5651
f 5651 5633 5634
f 5651 5634 5652
f 5652 5634 5635
f 5652 5635 5644
f 5644 5635 5636
f 5644 5636 5646
f 5646 5636 5642
f 5653 5643 5654
f 5654 5643 5645
f 5654 5645 5655
f 5655 5645 5646
f 5655 5646 5656
f 5656 5646 5642
f 5656 5642 5657
f 5657 5642 5641
f 5657 5641 5658
f 5637 5631 5641
f 5641 5631 5632
f 5641 5632 5658
f 5659 5660 5661
f 5661 5660 5662
f 5663 5664 5665
f 5665 5664 5666
f 5665 5666 5662
f 5662 5666 5667
f 5662 5667 5661
f 5661 5667 5668
f 5669 5670 5671
f 5672 5673 5674
f 5675 5676 5670
f 5670 5676 5677
f 5670 5677 5671
f 5671 5677 5678
f 5679 5661 5680
f 5680 5661 5668
f 5680 5668 5681
f 5681 5668 5682
f 5683 5676 5684
f 5684 5676 5675
f 5684 5675 5674
f 5674 5675 5685
f 5674 5685 5672
f 5672 5685 5669
f 5672 5669 5686
f 5686 5669 5671
f 5672 5650 5651
f 5650 5672 5649
f 5649 5672 5686
f 5649 5686 5647
f 5647 5686 5687
f 5647 5687 5648
f 5664 5688 5666
f 5666 5688 5689
f 5666 5689 5682
f 5682 5689 5672
f 5682 5672 5681
f 5681 5672 5651
f 5651 5652 5681
f 5681 5652 5644
f 5681 5644 5690
f 5690 5644 5643
f 5690 5643 5653
f 5691 5692 5693
f 5693 5692 5663
f 5693 5663 5665
f 5694 5597 5596
f 5659 5695 5696
f 5683 5697 5698
f 5699 5700 5701
f 5702 5703 5704
f 5705 5706 5707
f 5705 5708 5706
f 5706 5708 5709
f 5706 5709 5710
f 5710 5699 5706
f 5706 5699 5701
f 5706 5701 5711
f 5711 5701 5676
f 5711 5676 5712
f 5712 5676 5713
f 5714 5715 5716
f 5688 5714 5689
f 5689 5714 5716
f 5689 5716 5672
f 5672 5716 5717
f 5672 5717 5673
f 5718 5594 5719
f 5719 5594 5593
f 5719 5593 5587
f 5720 5721 5722
f 5722 5721 5723
f 5722 5723 5724
f 5724 5723 5725
f 5724 5725 5726
f 5726 5725 5727
f 5726 5727 5728
f 5728 5727 5729
f 5728 5729 5730
f 5731 5703 5732
f 5732 5703 5702
f 5732 5702 5733
f 5733 5702 5734
f 5733 5734 5735
f 5736 5585 5737
f 5737 5585 5584
f 5737 5584 5583
f 5732 5738 5731
f 5731 5738 5739
f 5731 5739 5740
f 5740 5739 5741
f 5740 5741 5742
f 5742 5741 5743
f 5742 5743 5707
f 5707 5743 5744
f 5707 5744 5705
f 5705 5744 5737
f 5705 5737 5745
f 5745 5737 5583
f 5745 5583 5746
f 5747 5748 5749
f 5750 5696 5600
f 5749 5748 5751
f 5751 5748 5752
f 5751 5752 5753
f 5659 5696 5660
f 5754 5755 5696
f 5696 5755 5598
f 5696 5598 5600
f 5695 5756 5696
f 5696 5756 5757
f 5696 5757 5754
f 5758 5759 5760
f 5597 5694 5592
f 5722 5715 5720
f 5720 5715 5714
f 5720 5714 5761
f 5761 5714 5688
f 5761 5688 5762
f 5762 5688 5664
f 5762 5664 5763
f 5764 5760 5765
f 5765 5760 5759
f 5765 5759 5766
f 5766 5759 5767
f 5766 5767 5768
f 5768 5767 5769
f 5768 5769 5770
f 5732 5730 5738
f 5738 5730 5729
f 5738 5729 5739
f 5739 5729 5719
f 5739 5719 5771
f 5771 5719 5587
f 5664 5663 5763
f 5763 5663 5692
f 5763 5692 5772
f 5772 5692 5773
f 5772 5773 5774
f 5774 5773 5753
f 5774 5753 5764
f 5764 5753 5752
f 5764 5752 5760
f 5760 5752 5748
f 5760 5748 5775
f 5602 5776 5600
f 5600 5776 5588
f 5749 5750 5747
f 5747 5750 5600
f 5747 5600 5777
f 5777 5600 5588
f 5694 5758 5592
f 5592 5758 5760
f 5592 5760 5591
f 5591 5760 5775
f 5591 5775 5590
f 5590 5775 5777
f 5590 5777 5589
f 5589 5777 5588
f 5720 5770 5721
f 5721 5770 5769
f 5721 5769 5723
f 5723 5769 5694
f 5723 5694 5778
f 5778 5694 5596
f 5587 5586 5771
f 5771 5586 5585
f 5771 5585 5739
f 5739 5585 5736
f 5739 5736 5741
f 5596 5595 5778
f 5778 5595 5594
f 5778 5594 5723
f 5723 5594 5718
f 5723 5718 5725
f 5692 5779 5773
f 5773 5779 5660
f 5773 5660 5753
f 5753 5660 5696
f 5780 5781 5673
f 5676 5683 5713
f 5713 5683 5698
f 5713 5698 5704
f 5704 5698 5782
f 5704 5782 5702
f 5702 5782 5780
f 5702 5780 5734
f 5734 5780 5673
f 5734 5673 5735
f 5735 5673 5717
f 5588 5776 5575
f 5575 5776 5783
f 5602 5603 5776
f 5776 5603 5783
f 5575 5783 5574
f 5574 5783 5603
f 5598 5755 5599
f 5599 5755 5784
f 5599 5784 5785
f 5785 5784 5786
f 5599 5785 5601
f 5601 5785 5787
f 5788 5787 5786
f 5786 5787 5785
f 5612 5601 5788
f 5788 5601 5787
f 5789 5790 5788
f 5788 5790 5612
f 5790 5791 5612
f 5612 5791 5611
f 5611 5791 5604
f 5604 5791 5792
f 5604 5792 5627
f 5626 5793 5794
f 5795 5796 5792
f 5792 5796 5797
f 5792 5797 5798
f 5798 5799 5792
f 5792 5799 5800
f 5792 5800 5627
f 5627 5800 5801
f 5627 5801 5626
f 5626 5801 5802
f 5626 5802 5793
f 5794 5803 5626
f 5626 5803 5804
f 5626 5804 5632
f 5623 5610 5630
f 5630 5610 5609
f 5630 5609 5628
f 5628 5609 5607
f 5628 5607 5629
f 5629 5607 5605
f 5629 5605 5627
f 5627 5605 5604
f 5805 5654 5655
f 5655 5656 5805
f 5805 5656 5657
f 5805 5657 5804
f 5804 5657 5658
f 5804 5658 5632
f 5806 5807 5805
f 5805 5807 5654
f 5653 5654 5690
f 5690 5654 5807
f 5690 5807 5808
f 5809 5810 5811
f 5690 5808 5812
f 5813 5814 5815
f 5815 5814 5811
f 5815 5811 5816
f 5816 5811 5810
f 5813 5817 5814
f 5814 5817 5818
f 5814 5818 5679
f 5679 5818 5819
f 5679 5819 5820
f 5690 5812 5811
f 5811 5812 5821
f 5811 5821 5809
f 5822 5811 5823
f 5823 5811 5814
f 5681 5690 5822
f 5822 5690 5811
f 5823 5680 5822
f 5822 5680 5681
f 5823 5814 5680
f 5680 5814 5679
f 5820 5824 5679
f 5679 5824 5825
f 5679 5825 5661
f 5826 5827 5790
f 5790 5827 5792
f 5790 5792 5791
f 5661 5825 5828
f 5828 5825 5829
f 5828 5829 5830
f 5789 5831 5790
f 5790 5831 5832
f 5790 5832 5826
f 5826 5832 5833
f 5826 5833 5829
f 5829 5833 5834
f 5829 5834 5830
f 5835 5825 5836
f 5836 5825 5824
f 5837 5838 5827
f 5827 5826 5837
f 5837 5826 5829
f 5837 5829 5835
f 5835 5829 5825
f 5795 5792 5838
f 5838 5792 5827
f 5839 5840 5838
f 5838 5840 5795
f 5841 5842 5843
f 5843 5842 5796
f 5843 5796 5844
f 5844 5796 5795
f 5844 5795 5845
f 5845 5795 5840
f 5846 5847 5841
f 5841 5847 5842
f 5842 5847 5796
f 5796 5847 5836
f 5847 5846 5836
f 5836 5846 5848
f 5836 5848 5835
f 5835 5848 5849
f 5835 5849 5850
f 5850 5849 5851
f 5850 5851 5852
f 5853 5852 5839
f 5839 5852 5851
f 5839 5851 5840
f 5840 5851 5845
f 5844 5845 5854
f 5854 5845 5851
f 5855 5856 5857
f 5857 5856 5854
f 5857 5854 5849
f 5849 5854 5851
f 5843 5844 5858
f 5858 5844 5854
f 5841 5843 5846
f 5846 5843 5858
f 5848 5846 5859
f 5859 5846 5858
f 5859 5858 5860
f 5860 5858 5861
f 5858 5854 5856
f 5862 5863 5856
f 5856 5863 5861
f 5856 5861 5858
f 5864 5865 5866
f 5866 5865 5860
f 5866 5860 5867
f 5867 5860 5861
f 5867 5861 5868
f 5868 5861 5863
f 5869 5870 5871
f 5872 5873 5865
f 5871 5874 5869
f 5869 5874 5872
f 5869 5872 5875
f 5875 5872 5865
f 5875 5865 5864
f 5876 5877 5878
f 5879 5862 5880
f 5863 5862 5868
f 5868 5862 5879
f 5868 5879 5881
f 5881 5879 5882
f 5883 5884 5878
f 5878 5884 5885
f 5878 5885 5876
f 5876 5885 5886
f 5885 5879 5886
f 5886 5879 5880
f 5886 5880 5887
f 5887 5880 5871
f 5887 5871 5888
f 5888 5871 5870
f 5888 5870 5876
f 5876 5870 5889
f 5876 5889 5877
f 5889 5875 5877
f 5877 5875 5864
f 5877 5864 5890
f 5890 5864 5891
f 5890 5891 5883
f 5883 5891 5881
f 5883 5881 5884
f 5884 5881 5882
f 5880 5862 5892
f 5892 5862 5856
f 5892 5856 5893
f 5893 5856 5855
f 5893 5855 5872
f 5872 5855 5873
f 5871 5880 5894
f 5894 5880 5892
f 5874 5871 5895
f 5895 5871 5894
f 5872 5874 5893
f 5893 5874 5895
f 5895 5894 5893
f 5893 5894 5892
f 5865 5873 5860
f 5860 5873 5855
f 5860 5855 5859
f 5859 5855 5857
f 5849 5848 5857
f 5857 5848 5859
f 5868 5881 5867
f 5867 5881 5896
f 5896 5881 5897
f 5897 5881 5891
f 5896 5897 5867
f 5867 5897 5866
f 5891 5864 5897
f 5897 5864 5866
f 5887 5888 5898
f 5898 5888 5899
f 5900 5901 5902
f 5903 5904 5905
f 5905 5904 5906
f 5905 5906 5907
f 5907 5906 5899
f 5907 5899 5876
f 5876 5899 5888
f 5902 5908 5900
f 5900 5908 5909
f 5900 5909 5903
f 5903 5909 5910
f 5903 5910 5904
f 5898 5899 5911
f 5911 5899 5906
f 5911 5906 5912
f 5912 5906 5904
f 5912 5904 5913
f 5913 5904 5910
f 5908 5902 5914
f 5914 5915 5908
f 5908 5915 5916
f 5908 5916 5909
f 5909 5916 5913
f 5909 5913 5910
f 5902 5901 5914
f 5914 5901 5917
f 5905 5907 5918
f 5918 5919 5905
f 5905 5919 5920
f 5905 5920 5903
f 5903 5920 5921
f 5903 5921 5900
f 5900 5921 5917
f 5900 5917 5901
f 5876 5886 5907
f 5907 5886 5918
f 5914 5917 5921
f 5886 5887 5918
f 5918 5887 5898
f 5918 5898 5919
f 5919 5898 5911
f 5919 5911 5920
f 5920 5911 5912
f 5912 5913 5920
f 5920 5913 5916
f 5920 5916 5921
f 5921 5916 5915
f 5921 5915 5914
f 5922 5923 5924
f 5925 5926 5927
f 5927 5926 5928
f 5927 5928 5929
f 5929 5928 5930
f 5929 5930 5879
f 5879 5930 5882
f 5924 5931 5922
f 5922 5931 5932
f 5922 5932 5925
f 5925 5932 5933
f 5925 5933 5926
f 5934 5884 5930
f 5930 5884 5882
f 5935 5936 5937
f 5885 5884 5938
f 5938 5884 5934
f 5938 5934 5939
f 5939 5934 5940
f 5939 5940 5941
f 5941 5940 5942
f 5942 5943 5941
f 5941 5943 5944
f 5941 5944 5937
f 5937 5944 5945
f 5937 5945 5935
f 5929 5879 5938
f 5938 5879 5885
f 5927 5929 5938
f 5938 5939 5927
f 5927 5939 5941
f 5927 5941 5925
f 5925 5941 5937
f 5925 5937 5922
f 5922 5937 5936
f 5922 5936 5923
f 5935 5924 5936
f 5936 5924 5923
f 5931 5924 5935
f 5935 5945 5931
f 5931 5945 5944
f 5931 5944 5932
f 5932 5944 5943
f 5932 5943 5933
f 5934 5930 5940
f 5940 5930 5928
f 5940 5928 5942
f 5942 5928 5926
f 5942 5926 5943
f 5943 5926 5933
f 5946 5947 5948
f 5949 5950 5951
f 5951 5950 5952
f 5951 5952 5953
f 5953 5952 5954
f 5953 5954 5875
f 5875 5954 5869
f 5948 5955 5946
f 5946 5955 5956
f 5946 5956 5949
f 5949 5956 5957
f 5949 5957 5950
f 5875 5889 5953
f 5953 5889 5958
f 5959 5960 5961
f 5889 5870 5958
f 5958 5870 5962
f 5958 5962 5963
f 5963 5962 5964
f 5963 5964 5965
f 5966 5959 5967
f 5967 5959 5961
f 5967 5961 5968
f 5968 5961 5965
f 5968 5965 5969
f 5969 5965 5964
f 5951 5953 5958
f 5958 5963 5951
f 5951 5963 5965
f 5951 5965 5949
f 5949 5965 5961
f 5949 5961 5946
f 5946 5961 5960
f 5946 5960 5947
f 5960 5959 5947
f 5947 5959 5948
f 5948 5959 5966
f 5948 5966 5955
f 5955 5966 5967
f 5955 5967 5956
f 5956 5967 5968
f 5956 5968 5957
f 5962 5954 5964
f 5964 5954 5952
f 5964 5952 5969
f 5969 5952 5950
f 5969 5950 5968
f 5968 5950 5957
f 5870 5869 5962
f 5962 5869 5954
f 5970 5971 5972
f 5973 5974 5975
f 5975 5974 5976
f 5975 5976 5977
f 5977 5976 5978
f 5977 5978 5878
f 5878 5978 5883
f 5972 5979 5970
f 5970 5979 5980
f 5970 5980 5973
f 5973 5980 5981
f 5973 5981 5974
f 5977 5878 5982
f 5982 5878 5877
f 5975 5977 5982
f 5982 5983 5975
f 5975 5983 5984
f 5975 5984 5973
f 5973 5984 5985
f 5973 5985 5970
f 5970 5985 5986
f 5970 5986 5971
f 5987 5986 5985
f 5877 5890 5982
f 5982 5890 5988
f 5982 5988 5983
f 5983 5988 5989
f 5983 5989 5984
f 5984 5989 5990
f 5990 5991 5984
f 5984 5991 5992
f 5984 5992 5985
f 5985 5992 5993
f 5985 5993 5987
f 5971 5986 5972
f 5972 5986 5987
f 5979 5972 5987
f 5987 5993 5979
f 5979 5993 5992
f 5979 5992 5980
f 5980 5992 5991
f 5980 5991 5981
f 5988 5978 5989
f 5989 5978 5976
f 5989 5976 5990
f 5990 5976 5974
f 5990 5974 5991
f 5991 5974 5981
f 5988 5890 5978
f 5978 5890 5883
f 5850 5852 5853
f 5835 5850 5837
f 5837 5850 5853
f 5837 5853 5838
f 5838 5853 5839
f 5836 5824 5796
f 5796 5824 5797
f 5824 5820 5819
f 5807 5794 5793
f 5808 5807 5812
f 5812 5807 5793
f 5812 5793 5821
f 5821 5793 5802
f 5801 5810 5802
f 5802 5810 5809
f 5802 5809 5821
f 5800 5815 5801
f 5801 5815 5816
f 5801 5816 5810
f 5818 5817 5800
f 5800 5817 5813
f 5800 5813 5815
f 5800 5799 5818
f 5818 5799 5798
f 5818 5798 5819
f 5819 5798 5797
f 5819 5797 5824
f 5803 5794 5806
f 5806 5794 5807
f 5994 5995 5806
f 5806 5995 5803
f 5996 5997 5998
f 5998 5997 5804
f 5998 5804 5999
f 5999 5804 5803
f 5999 5803 6000
f 6000 5803 5995
f 6001 6002 5996
f 5996 6002 5997
f 5997 6002 5804
f 5804 6002 5805
f 6003 5994 6004
f 6004 5994 5806
f 6004 5806 6005
f 6005 5806 5805
f 6005 5805 6001
f 6001 5805 6002
f 6000 5995 6003
f 6003 5995 5994
f 5999 6000 6006
f 6006 6000 6003
f 6007 6008 6009
f 6009 6008 6006
f 6009 6006 6004
f 6004 6006 6003
f 6004 6005 6009
f 6009 6005 6010
f 5996 5998 6001
f 6001 5998 6011
f 6005 6001 6010
f 6010 6001 6011
f 6010 6011 6012
f 6012 6011 6013
f 6014 6015 6012
f 6012 6015 6007
f 6012 6007 6010
f 6010 6007 6009
f 6016 6017 6018
f 6018 6017 6008
f 6018 6008 6019
f 6019 6008 6007
f 6019 6007 6020
f 6020 6007 6015
f 6011 6006 6008
f 6017 6021 6008
f 6008 6021 6013
f 6008 6013 6011
f 6022 6014 6023
f 6023 6014 6012
f 6023 6012 6024
f 6024 6012 6013
f 6024 6013 6025
f 6025 6013 6021
f 6026 6027 6028
f 6020 6015 6014
f 6028 6029 6026
f 6026 6029 6020
f 6026 6020 6030
f 6030 6020 6014
f 6030 6014 6022
f 6031 6032 6033
f 6034 6017 6016
f 6021 6017 6025
f 6025 6017 6034
f 6025 6034 6035
f 6035 6034 6036
f 6037 6038 6033
f 6033 6038 6039
f 6033 6039 6031
f 6031 6039 6040
f 6039 6034 6040
f 6040 6034 6016
f 6040 6016 6041
f 6041 6016 6028
f 6041 6028 6042
f 6042 6028 6027
f 6042 6027 6031
f 6031 6027 6043
f 6031 6043 6032
f 6043 6030 6032
f 6032 6030 6022
f 6032 6022 6044
f 6044 6022 6045
f 6044 6045 6037
f 6037 6045 6035
f 6037 6035 6038
f 6038 6035 6036
f 6025 6035 6024
f 6024 6035 6046
f 6046 6035 6047
f 6047 6035 6045
f 6046 6047 6024
f 6024 6047 6023
f 6045 6022 6047
f 6047 6022 6023
f 6020 6029 6019
f 6019 6029 6048
f 6029 6028 6048
f 6048 6028 6049
f 6028 6016 6049
f 6049 6016 6018
f 6048 6049 6019
f 6019 6049 6018
f 6041 6042 6050
f 6050 6042 6051
f 6052 6053 6054
f 6055 6056 6057
f 6057 6056 6058
f 6057 6058 6059
f 6059 6058 6051
f 6059 6051 6031
f 6031 6051 6042
f 6054 6060 6052
f 6052 6060 6061
f 6052 6061 6055
f 6055 6061 6062
f 6055 6062 6056
f 6050 6051 6063
f 6063 6051 6058
f 6063 6058 6064
f 6064 6058 6056
f 6064 6056 6065
f 6065 6056 6062
f 6054 6066 6067
f 6054 6067 6060
f 6060 6067 6068
f 6060 6068 6061
f 6061 6068 6065
f 6061 6065 6062
f 6054 6053 6066
f 6066 6053 6069
f 6059 6070 6071
f 6059 6071 6057
f 6057 6071 6072
f 6057 6072 6055
f 6055 6072 6073
f 6055 6073 6052
f 6052 6073 6069
f 6052 6069 6053
f 6031 6040 6059
f 6059 6040 6070
f 6066 6069 6073
f 6040 6041 6070
f 6070 6041 6050
f 6070 6050 6071
f 6071 6050 6063
f 6071 6063 6072
f 6067 6066 6068
f 6068 6066 6073
f 6068 6073 6065
f 6065 6073 6072
f 6065 6072 6064
f 6064 6072 6063
f 6074 6075 6076
f 6077 6078 6079
f 6079 6078 6080
f 6079 6080 6081
f 6081 6080 6082
f 6081 6082 6034
f 6034 6082 6036
f 6076 6083 6074
f 6074 6083 6084
f 6074 6084 6077
f 6077 6084 6085
f 6077 6085 6078
f 6086 6038 6082
f 6082 6038 6036
f 6087 6088 6089
f 6039 6038 6090
f 6090 6038 6086
f 6090 6086 6091
f 6091 6086 6092
f 6091 6092 6093
f 6093 6092 6094
f 6094 6095 6093
f 6093 6095 6096
f 6093 6096 6089
f 6089 6096 6097
f 6089 6097 6087
f 6081 6034 6090
f 6090 6034 6039
f 6079 6081 6090
f 6090 6091 6079
f 6079 6091 6093
f 6079 6093 6077
f 6077 6093 6089
f 6077 6089 6074
f 6074 6089 6088
f 6074 6088 6075
f 6087 6076 6088
f 6088 6076 6075
f 6083 6076 6087
f 6087 6097 6083
f 6083 6097 6096
f 6083 6096 6084
f 6084 6096 6095
f 6084 6095 6085
f 6086 6082 6092
f 6092 6082 6080
f 6092 6080 6094
f 6094 6080 6078
f 6094 6078 6095
f 6095 6078 6085
f 6098 6099 6100
f 6101 6102 6103
f 6103 6102 6104
f 6103 6104 6105
f 6105 6104 6106
f 6105 6106 6030
f 6030 6106 6026
f 6100 6107 6098
f 6098 6107 6108
f 6098 6108 6101
f 6101 6108 6109
f 6101 6109 6102
f 6030 6043 6105
f 6105 6043 6110
f 6111 6112 6113
f 6043 6027 6110
f 6110 6027 6114
f 6110 6114 6115
f 6115 6114 6116
f 6115 6116 6117
f 6118 6111 6119
f 6119 6111 6113
f 6119 6113 6120
f 6120 6113 6117
f 6120 6117 6121
f 6121 6117 6116
f 6103 6105 6110
f 6110 6115 6103
f 6103 6115 6117
f 6103 6117 6101
f 6101 6117 6113
f 6101 6113 6098
f 6098 6113 6112
f 6098 6112 6099
f 6112 6111 6099
f 6099 6111 6100
f 6100 6111 6118
f 6100 6118 6107
f 6107 6118 6119
f 6107 6119 6108
f 6108 6119 6120
f 6108 6120 6109
f 6114 6106 6116
f 6116 6106 6104
f 6116 6104 6121
f 6121 6104 6102
f 6121 6102 6120
f 6120 6102 6109
f 6027 6026 6114
f 6114 6026 6106
f 6122 6123 6124
f 6124 6123 6125
f 6124 6125 6126
f 6126 6125 6127
f 6126 6127 6033
f 6033 6127 6037
f 6128 6129 6130
f 6130 6131 6128
f 6128 6131 6132
f 6128 6132 6122
f 6122 6132 6133
f 6122 6133 6123
f 6126 6033 6134
f 6134 6033 6032
f 6124 6126 6134
f 6134 6135 6124
f 6124 6135 6136
f 6124 6136 6122
f 6122 6136 6137
f 6122 6137 6128
f 6128 6137 6138
f 6128 6138 6129
f 6139 6138 6137
f 6032 6044 6134
f 6134 6044 6140
f 6134 6140 6135
f 6135 6140 6141
f 6135 6141 6136
f 6136 6141 6142
f 6142 6143 6136
f 6136 6143 6144
f 6136 6144 6137
f 6137 6144 6145
f 6137 6145 6139
f 6129 6138 6130
f 6130 6138 6139
f 6130 6139 6145
f 6130 6145 6131
f 6131 6145 6144
f 6131 6144 6132
f 6132 6144 6143
f 6132 6143 6133
f 6140 6127 6141
f 6141 6127 6125
f 6141 6125 6142
f 6142 6125 6123
f 6142 6123 6143
f 6143 6123 6133
f 6140 6044 6127
f 6127 6044 6037
f 5998 5999 6011
f 6011 5999 6006
f 5834 5833 5754
f 5754 5757 5834
f 5834 5757 5756
f 5834 5756 5830
f 5830 5756 5695
f 5830 5695 5828
f 5828 5695 5659
f 5828 5659 5661
f 5755 5754 5784
f 5784 5754 5833
f 5784 5833 5832
f 5832 5831 5784
f 5784 5831 5786
f 5831 5789 5786
f 5786 5789 5788
f 5779 6146 5660
f 5660 6146 6147
f 5660 6147 5662
f 5662 6147 5665
f 5665 6147 5693
f 6147 6146 5693
f 5693 6146 5691
f 6146 5779 5691
f 5691 5779 5692
f 5781 6148 5673
f 5673 6148 6149
f 5673 6149 5674
f 5684 5674 6150
f 6150 5674 6149
f 6151 5697 6150
f 6150 5697 5683
f 6150 5683 5684
f 5698 5697 6151
f 5698 6151 5782
f 5782 6151 5780
f 5780 6151 6148
f 5780 6148 5781
f 6150 6149 6151
f 6151 6149 6148
f 5710 6152 6153
f 5710 6153 5699
f 5699 6153 6154
f 5699 6154 5700
f 5700 6154 6155
f 5700 6155 5701
f 5701 6155 5677
f 5701 5677 5676
f 5710 5709 6152
f 6152 5709 6156
f 6152 6156 6157
f 5677 6158 5678
f 5678 6158 6159
f 5678 6159 6160
f 6152 6157 5677
f 6161 6162 6157
f 6157 6162 6163
f 6157 6163 5677
f 5519 5521 6163
f 6163 5521 6164
f 6163 6164 5677
f 5677 6164 6165
f 5677 6165 6158
f 6155 6154 5677
f 5677 6154 6153
f 5677 6153 6152
f 6166 6167 6168
f 5678 6160 6169
f 6170 6171 6172
f 6172 6171 6168
f 6172 6168 6173
f 6173 6168 6167
f 6170 6174 6171
f 6171 6174 6175
f 6171 6175 5687
f 5687 6175 6176
f 5687 6176 6177
f 5678 6169 6168
f 6168 6169 6178
f 6168 6178 6166
f 5515 6177 6176
f 6179 5531 5532
f 6169 6160 6159
f 6159 6179 6169
f 6169 6179 5532
f 6169 5532 6178
f 6178 5532 5527
f 5526 6167 5527
f 5527 6167 6166
f 5527 6166 6178
f 5525 6172 5526
f 5526 6172 6173
f 5526 6173 6167
f 6175 6174 5525
f 5525 6174 6170
f 5525 6170 6172
f 5528 5513 5514
f 5525 5524 6175
f 6175 5524 5528
f 6175 5528 6176
f 6176 5528 5514
f 6176 5514 5515
f 6159 6180 6179
f 6179 6180 5529
f 6179 5529 5531
f 6181 5529 6182
f 6182 5529 6180
f 6183 6184 6185
f 6185 6184 5530
f 6185 5530 6186
f 6186 5530 5529
f 6186 5529 6187
f 6187 5529 6181
f 6183 6185 6188
f 6188 6185 6189
f 6190 6188 6191
f 6191 6188 6189
f 6191 6189 6192
f 6192 6189 6193
f 6189 6194 6195
f 6196 6197 6195
f 6195 6197 6193
f 6195 6193 6189
f 6198 6199 6200
f 6200 6199 6192
f 6200 6192 6201
f 6201 6192 6193
f 6201 6193 6202
f 6202 6193 6197
f 6203 6204 6199
f 6205 6206 6207
f 6208 6209 6210
f 6211 6196 6212
f 6213 6214 6210
f 6210 6214 6215
f 6210 6215 6208
f 6208 6215 6216
f 6197 6196 6202
f 6202 6196 6211
f 6202 6211 6217
f 6217 6211 6218
f 6199 6219 6203
f 6203 6219 6205
f 6203 6205 6220
f 6220 6205 6207
f 6209 6198 6221
f 6221 6198 6222
f 6221 6222 6213
f 6213 6222 6217
f 6213 6217 6214
f 6214 6217 6218
f 6199 6198 6219
f 6219 6198 6209
f 6219 6209 6223
f 6223 6209 6208
f 6223 6208 6206
f 6206 6208 6224
f 6206 6224 6207
f 6207 6224 6225
f 6207 6225 6212
f 6212 6225 6216
f 6212 6216 6211
f 6211 6216 6215
f 6201 6202 6226
f 6226 6202 6217
f 6226 6227 6201
f 6201 6227 6200
f 6227 6222 6200
f 6200 6222 6198
f 6226 6217 6227
f 6227 6217 6222
f 6199 6204 6192
f 6192 6204 6228
f 6192 6228 6191
f 6191 6228 6229
f 6212 6196 6230
f 6230 6196 6195
f 6230 6195 6231
f 6231 6195 6228
f 6231 6228 6203
f 6203 6228 6204
f 6232 6207 6230
f 6230 6207 6212
f 6220 6207 6233
f 6233 6207 6232
f 6231 6203 6233
f 6233 6203 6220
f 6233 6232 6231
f 6231 6232 6230
f 6186 6187 6194
f 6194 6187 6234
f 6228 6195 6229
f 6229 6195 6194
f 6229 6194 6235
f 6235 6194 6234
f 6234 6187 6182
f 6182 6187 6181
f 6236 6188 6237
f 6237 6188 6190
f 6234 6182 6235
f 6235 6182 6180
f 6235 6180 6190
f 6190 6180 6238
f 6190 6238 6237
f 6190 6191 6235
f 6235 6191 6229
f 6184 6183 6239
f 6239 6183 6188
f 6239 6188 6240
f 6240 6188 6236
f 6239 6241 6184
f 6184 6241 5530
f 5530 6241 5521
f 5521 6241 6164
f 6238 6158 6242
f 6242 6158 6165
f 6242 6165 6241
f 6241 6165 6164
f 6238 6180 6158
f 6158 6180 6159
f 6237 6238 6242
f 6237 6242 6236
f 6241 6239 6242
f 6242 6239 6240
f 6242 6240 6236
f 6186 6194 6185
f 6185 6194 6189
f 6225 6224 6243
f 6243 6224 6244
f 6245 6246 6247
f 6247 6246 6248
f 6247 6248 6249
f 6249 6248 6244
f 6249 6244 6208
f 6208 6244 6224
f 6250 6251 6252
f 6252 6253 6250
f 6250 6253 6254
f 6250 6254 6245
f 6245 6254 6255
f 6245 6255 6246
f 6243 6244 6256
f 6256 6244 6248
f 6256 6248 6257
f 6257 6248 6246
f 6257 6246 6258
f 6258 6246 6255
f 6253 6252 6259
f 6259 6260 6253
f 6253 6260 6261
f 6253 6261 6254
f 6254 6261 6258
f 6254 6258 6255
f 6252 6251 6259
f 6259 6251 6262
f 6247 6249 6263
f 6263 6264 6247
f 6247 6264 6265
f 6247 6265 6245
f 6245 6265 6266
f 6245 6266 6250
f 6250 6266 6262
f 6250 6262 6251
f 6208 6216 6249
f 6249 6216 6263
f 6259 6262 6266
f 6216 6225 6263
f 6263 6225 6243
f 6263 6243 6264
f 6264 6243 6256
f 6264 6256 6265
f 6265 6256 6257
f 6257 6258 6265
f 6265 6258 6261
f 6265 6261 6266
f 6266 6261 6260
f 6266 6260 6259
f 6267 6268 6269
f 6270 6271 6272
f 6272 6271 6273
f 6272 6273 6274
f 6274 6273 6275
f 6274 6275 6211
f 6211 6275 6218
f 6269 6276 6267
f 6267 6276 6277
f 6267 6277 6270
f 6270 6277 6278
f 6270 6278 6271
f 6279 6214 6275
f 6275 6214 6218
f 6280 6281 6282
f 6215 6214 6283
f 6283 6214 6279
f 6283 6279 6284
f 6284 6279 6285
f 6284 6285 6286
f 6286 6285 6287
f 6287 6288 6286
f 6286 6288 6289
f 6286 6289 6282
f 6282 6289 6290
f 6282 6290 6280
f 6274 6211 6283
f 6283 6211 6215
f 6272 6274 6283
f 6283 6284 6272
f 6272 6284 6286
f 6272 6286 6270
f 6270 6286 6282
f 6270 6282 6267
f 6267 6282 6281
f 6267 6281 6268
f 6280 6269 6281
f 6281 6269 6268
f 6276 6269 6280
f 6280 6290 6276
f 6276 6290 6289
f 6276 6289 6277
f 6277 6289 6288
f 6277 6288 6278
f 6279 6275 6285
f 6285 6275 6273
f 6285 6273 6287
f 6287 6273 6271
f 6287 6271 6288
f 6288 6271 6278
f 6291 6292 6293
f 6294 6295 6296
f 6296 6295 6297
f 6296 6297 6298
f 6298 6297 6299
f 6298 6299 6219
f 6219 6299 6205
f 6293 6300 6291
f 6291 6300 6301
f 6291 6301 6294
f 6294 6301 6302
f 6294 6302 6295
f 6219 6223 6298
f 6298 6223 6303
f 6304 6305 6306
f 6223 6206 6303
f 6303 6206 6307
f 6303 6307 6308
f 6308 6307 6309
f 6308 6309 6310
f 6310 6309 6311
f 6311 6312 6310
f 6310 6312 6313
f 6310 6313 6306
f 6306 6313 6314
f 6306 6314 6304
f 6296 6298 6303
f 6303 6308 6296
f 6296 6308 6310
f 6296 6310 6294
f 6294 6310 6306
f 6294 6306 6291
f 6291 6306 6305
f 6291 6305 6292
f 6305 6304 6292
f 6292 6304 6293
f 6300 6293 6304
f 6304 6314 6300
f 6300 6314 6313
f 6300 6313 6301
f 6301 6313 6312
f 6301 6312 6302
f 6307 6299 6309
f 6309 6299 6297
f 6309 6297 6311
f 6311 6297 6295
f 6311 6295 6312
f 6312 6295 6302
f 6206 6205 6307
f 6307 6205 6299
f 6315 6316 6317
f 6317 6316 6318
f 6317 6318 6319
f 6319 6318 6320
f 6319 6320 6210
f 6210 6320 6213
f 6321 6322 6323
f 6323 6324 6321
f 6321 6324 6325
f 6321 6325 6315
f 6315 6325 6326
f 6315 6326 6316
f 6319 6210 6327
f 6327 6210 6209
f 6317 6319 6327
f 6327 6328 6317
f 6317 6328 6329
f 6317 6329 6315
f 6315 6329 6330
f 6315 6330 6321
f 6321 6330 6331
f 6321 6331 6322
f 6332 6331 6330
f 6209 6221 6327
f 6327 6221 6333
f 6327 6333 6328
f 6328 6333 6334
f 6328 6334 6329
f 6329 6334 6335
f 6335 6336 6329
f 6329 6336 6337
f 6329 6337 6330
f 6330 6337 6338
f 6330 6338 6332
f 6322 6331 6323
f 6323 6331 6332
f 6323 6332 6338
f 6323 6338 6324
f 6324 6338 6337
f 6324 6337 6325
f 6325 6337 6336
f 6325 6336 6326
f 6333 6320 6334
f 6334 6320 6318
f 6334 6318 6335
f 6335 6318 6316
f 6335 6316 6336
f 6336 6316 6326
f 6333 6221 6320
f 6320 6221 6213
f 6177 5515 5687
f 5687 5515 5516
f 5687 5516 5648
f 6339 5671 6168
f 6168 5671 5678
f 6339 6340 5671
f 5671 6340 5686
f 5686 6340 5687
f 5687 6340 6171
f 6340 6339 6171
f 6171 6339 6168
f 6163 6341 5519
f 5519 6341 5520
f 6342 6343 5708
f 5522 5520 6341
f 5745 6344 5573
f 5563 6345 5573
f 5573 6345 5705
f 5573 5705 5745
f 5708 5705 6342
f 6342 5705 6345
f 6342 6345 6341
f 6341 6345 6346
f 6341 6346 5546
f 5542 6347 5546
f 5546 6347 6348
f 5546 6348 6341
f 6341 6348 6349
f 6341 6349 5522
f 5523 5522 5535
f 5535 5522 6349
f 5535 6349 5533
f 5533 6349 6348
f 5533 6348 5534
f 5534 6348 6347
f 5534 6347 5536
f 5536 6347 5542
f 6350 5547 6346
f 6346 5547 5546
f 6351 5549 6350
f 6350 5549 5548
f 6350 5548 5547
f 6345 6352 6346
f 6346 6352 6351
f 6346 6351 6350
f 5549 6351 5551
f 5551 6351 6352
f 5550 5551 5563
f 5563 5551 6352
f 5563 6352 6345
f 5572 5573 6353
f 6353 5573 6344
f 5583 5572 5746
f 5746 5572 6353
f 5745 5746 6344
f 6344 5746 6353
f 5709 5708 6343
f 6354 6355 6343
f 6343 6355 6156
f 6343 6156 5709
f 6157 6156 6161
f 6161 6156 6355
f 6161 6355 6162
f 6162 6355 6356
f 6356 6355 6357
f 6357 6355 6354
f 6341 6356 6342
f 6342 6356 6357
f 6162 6356 6163
f 6163 6356 6341
f 6343 6342 6354
f 6354 6342 6357
f 6358 5694 6359
f 6359 5694 5769
f 6360 5758 6361
f 6362 6363 6358
f 6361 5758 6363
f 6363 5758 5694
f 6363 5694 6358
f 6364 6365 6366
f 6366 6365 6360
f 6366 6360 6367
f 6367 6360 6361
f 6368 6369 6358
f 6358 6369 6370
f 6358 6370 6362
f 6371 5759 6360
f 6360 5759 5758
f 6372 5767 5759
f 6372 5759 6373
f 6372 6374 5767
f 5767 6374 6359
f 5767 6359 5769
f 6375 6376 6377
f 6377 6376 6378
f 6377 6378 6371
f 6371 6378 6379
f 6371 6379 5759
f 5759 6379 6373
f 6380 6381 6382
f 6382 6381 6359
f 6382 6359 6383
f 6383 6359 6374
f 6368 6358 6359
f 6382 6383 6362
f 6362 6370 6382
f 6382 6370 6369
f 6382 6369 6380
f 6380 6369 6368
f 6380 6368 6381
f 6381 6368 6359
f 6374 6363 6383
f 6383 6363 6362
f 6384 6385 6386
f 6363 6374 6387
f 6387 6374 6372
f 6387 6372 6388
f 6388 6372 6389
f 6389 6372 6390
f 6389 6390 6391
f 6391 6390 6384
f 6391 6384 6392
f 6392 6384 6386
f 6393 6394 6395
f 6386 6385 6396
f 6396 6385 6397
f 6396 6397 6398
f 6398 6397 6399
f 6398 6399 6400
f 6400 6399 6401
f 6400 6401 6402
f 6402 6401 6393
f 6402 6393 6403
f 6403 6393 6395
f 6372 6373 6390
f 6390 6373 6404
f 6405 6406 6397
f 6397 6406 6407
f 6397 6407 6399
f 6404 6408 6390
f 6390 6408 6409
f 6390 6409 6384
f 6384 6409 6405
f 6384 6405 6385
f 6385 6405 6397
f 6410 6411 6412
f 6412 6411 6413
f 6412 6413 6414
f 6414 6413 6415
f 6405 6416 6406
f 6406 6416 6417
f 6406 6417 6407
f 6407 6417 6418
f 6407 6418 6415
f 6415 6418 6419
f 6415 6419 6414
f 6420 6361 6363
f 6388 6389 6421
f 6388 6421 6387
f 6389 6391 6421
f 6421 6391 6392
f 6421 6392 6422
f 6422 6392 6386
f 6422 6386 6416
f 6416 6386 6417
f 6387 6421 6363
f 6363 6421 6423
f 6363 6423 6420
f 6386 6396 6417
f 6417 6396 6398
f 6417 6398 6418
f 6422 6416 6405
f 6405 6409 6422
f 6422 6409 6408
f 6422 6408 6421
f 6373 6420 6423
f 6421 6408 6423
f 6423 6408 6404
f 6423 6404 6373
f 6420 6373 6379
f 6420 6379 6361
f 6361 6379 6367
f 6367 6379 6378
f 6366 6367 6378
f 6377 6371 6360
f 6360 6365 6377
f 6377 6365 6364
f 6377 6364 6375
f 6375 6364 6366
f 6375 6366 6376
f 6376 6366 6378
f 6402 6403 6412
f 6412 6414 6402
f 6402 6414 6419
f 6402 6419 6400
f 6400 6419 6418
f 6400 6418 6398
f 6410 6412 6395
f 6395 6412 6403
f 6411 6410 6394
f 6394 6410 6395
f 6413 6411 6393
f 6393 6411 6394
f 6399 6407 6401
f 6401 6407 6415
f 6401 6415 6393
f 6393 6415 6413
f 6424 5775 6425
f 6425 5775 5748
f 6426 5777 6427
f 6428 6429 6424
f 6427 5777 6429
f 6429 5777 5775
f 6429 5775 6424
f 6430 6431 6432
f 6432 6431 6426
f 6432 6426 6433
f 6433 6426 6427
f 6434 6435 6424
f 6424 6435 6436
f 6424 6436 6428
f 6437 5747 6426
f 6426 5747 5777
f 6425 5748 6438
f 6438 5748 6439
f 6439 5748 5747
f 6439 5747 6440
f 6441 6442 6443
f 6443 6442 6444
f 6443 6444 6437
f 6437 6444 6445
f 6437 6445 5747
f 5747 6445 6440
f 6446 6447 6448
f 6448 6447 6425
f 6448 6425 6449
f 6449 6425 6438
f 6434 6424 6425
f 6448 6449 6428
f 6428 6436 6448
f 6448 6436 6435
f 6448 6435 6446
f 6446 6435 6434
f 6446 6434 6447
f 6447 6434 6425
f 6438 6429 6449
f 6449 6429 6428
f 6450 6451 6452
f 6429 6438 6453
f 6453 6438 6439
f 6453 6439 6454
f 6454 6439 6455
f 6455 6439 6456
f 6455 6456 6457
f 6457 6456 6450
f 6457 6450 6458
f 6458 6450 6452
f 6459 6460 6461
f 6452 6451 6462
f 6462 6451 6463
f 6462 6463 6464
f 6464 6463 6465
f 6464 6465 6466
f 6466 6465 6467
f 6466 6467 6468
f 6468 6467 6459
f 6468 6459 6469
f 6469 6459 6461
f 6439 6440 6456
f 6456 6440 6470
f 6471 6472 6463
f 6463 6472 6473
f 6463 6473 6465
f 6470 6474 6456
f 6456 6474 6475
f 6456 6475 6450
f 6450 6475 6471
f 6450 6471 6451
f 6451 6471 6463
f 6476 6477 6478
f 6478 6477 6479
f 6478 6479 6480
f 6480 6479 6481
f 6471 6482 6472
f 6472 6482 6483
f 6472 6483 6473
f 6473 6483 6484
f 6473 6484 6481
f 6481 6484 6485
f 6481 6485 6480
f 6486 6427 6429
f 6454 6455 6487
f 6454 6487 6453
f 6455 6457 6487
f 6487 6457 6458
f 6487 6458 6488
f 6488 6458 6452
f 6488 6452 6482
f 6482 6452 6483
f 6453 6487 6429
f 6429 6487 6489
f 6429 6489 6486
f 6452 6462 6483
f 6483 6462 6464
f 6483 6464 6484
f 6488 6482 6471
f 6471 6475 6488
f 6488 6475 6474
f 6488 6474 6487
f 6440 6486 6489
f 6487 6474 6489
f 6489 6474 6470
f 6489 6470 6440
f 6486 6440 6445
f 6486 6445 6427
f 6427 6445 6433
f 6433 6445 6444
f 6432 6433 6444
f 6443 6437 6426
f 6426 6431 6443
f 6443 6431 6430
f 6443 6430 6441
f 6441 6430 6432
f 6441 6432 6442
f 6442 6432 6444
f 6468 6469 6478
f 6478 6480 6468
f 6468 6480 6485
f 6468 6485 6466
f 6466 6485 6484
f 6466 6484 6464
f 6476 6478 6461
f 6461 6478 6469
f 6477 6476 6460
f 6460 6476 6461
f 6479 6477 6459
f 6459 6477 6460
f 6465 6473 6467
f 6467 6473 6481
f 6467 6481 6459
f 6459 6481 6479
f 6490 5719 6491
f 6491 5719 5729
f 6492 5718 6493
f 6494 6495 6490
f 6493 5718 6495
f 6495 5718 5719
f 6495 5719 6490
f 6496 6497 6498
f 6498 6497 6492
f 6498 6492 6499
f 6499 6492 6493
f 6500 6501 6490
f 6490 6501 6502
f 6490 6502 6494
f 6503 5725 6492
f 6492 5725 5718
f 6504 5727 5725
f 6504 5725 6505
f 6504 6506 5727
f 5727 6506 6491
f 5727 6491 5729
f 6507 6508 6509
f 6509 6508 6510
f 6509 6510 6503
f 6503 6510 6511
f 6503 6511 5725
f 5725 6511 6505
f 6512 6513 6514
f 6514 6513 6491
f 6514 6491 6515
f 6515 6491 6506
f 6500 6490 6491
f 6514 6515 6494
f 6494 6502 6514
f 6514 6502 6501
f 6514 6501 6512
f 6512 6501 6500
f 6512 6500 6513
f 6513 6500 6491
f 6506 6495 6515
f 6515 6495 6494
f 6516 6517 6518
f 6495 6506 6519
f 6519 6506 6504
f 6519 6504 6520
f 6520 6504 6521
f 6521 6504 6522
f 6521 6522 6523
f 6523 6522 6516
f 6523 6516 6524
f 6524 6516 6518
f 6525 6526 6527
f 6518 6517 6528
f 6528 6517 6529
f 6528 6529 6530
f 6530 6529 6531
f 6530 6531 6532
f 6532 6531 6533
f 6532 6533 6534
f 6534 6533 6525
f 6534 6525 6535
f 6535 6525 6527
f 6504 6505 6522
f 6522 6505 6536
f 6537 6538 6529
f 6529 6538 6539
f 6529 6539 6531
f 6536 6540 6522
f 6522 6540 6541
f 6522 6541 6516
f 6516 6541 6537
f 6516 6537 6517
f 6517 6537 6529
f 6542 6543 6544
f 6544 6543 6545
f 6544 6545 6546
f 6546 6545 6547
f 6537 6548 6538
f 6538 6548 6549
f 6538 6549 6539
f 6539 6549 6550
f 6539 6550 6547
f 6547 6550 6551
f 6547 6551 6546
f 6552 6493 6495
f 6520 6521 6553
f 6520 6553 6519
f 6521 6523 6553
f 6553 6523 6524
f 6553 6524 6554
f 6554 6524 6518
f 6554 6518 6548
f 6548 6518 6549
f 6519 6553 6495
f 6495 6553 6555
f 6495 6555 6552
f 6518 6528 6549
f 6549 6528 6530
f 6549 6530 6550
f 6554 6548 6537
f 6537 6541 6554
f 6554 6541 6540
f 6554 6540 6553
f 6505 6552 6555
f 6553 6540 6555
f 6555 6540 6536
f 6555 6536 6505
f 6552 6505 6511
f 6552 6511 6493
f 6493 6511 6499
f 6499 6511 6510
f 6498 6499 6510
f 6509 6503 6492
f 6492 6497 6509
f 6509 6497 6496
f 6509 6496 6507
f 6507 6496 6498
f 6507 6498 6508
f 6508 6498 6510
f 6534 6535 6544
f 6544 6546 6534
f 6534 6546 6551
f 6534 6551 6532
f 6532 6551 6550
f 6532 6550 6530
f 6542 6544 6527
f 6527 6544 6535
f 6543 6542 6526
f 6526 6542 6527
f 6545 6543 6525
f 6525 6543 6526
f 6531 6539 6533
f 6533 6539 6547
f 6533 6547 6525
f 6525 6547 6545
f 5768 6556 5766
f 5766 6556 6557
f 6557 6556 6558
f 6558 6556 6559
f 5720 6559 5770
f 5770 6559 6556
f 5770 6556 5768
f 5720 5761 6559
f 6559 5761 5762
f 6559 5762 6558
f 6558 5762 5763
f 6558 5763 5772
f 5772 5774 6558
f 6558 5774 5764
f 6558 5764 6557
f 6557 5764 5765
f 6557 5765 5766
f 5749 6560 5750
f 5750 6560 6561
f 6561 6560 6562
f 6562 6560 6563
f 5753 6563 5751
f 5751 6563 6560
f 5751 6560 5749
f 5696 6562 5753
f 5753 6562 6563
f 5750 6561 5696
f 5696 6561 6562
f 6564 5737 6565
f 6565 5737 5744
f 6566 6567 6564
f 6564 6567 5737
f 5737 6567 5736
f 5736 6567 6568
f 5736 6568 6569
f 6570 6571 6564
f 6564 6571 6572
f 6564 6572 6566
f 6573 6574 6575
f 6575 6574 6569
f 6575 6569 6576
f 6576 6569 6568
f 6577 5741 6569
f 6569 5741 5736
f 6565 5744 5743
f 6578 6579 5741
f 5741 6579 5743
f 6580 6581 6582
f 6582 6581 6583
f 6582 6583 6577
f 6577 6583 6584
f 6577 6584 5741
f 5741 6584 6578
f 6585 6586 6587
f 5743 6579 6588
f 5743 6588 6565
f 6565 6588 6585
f 6565 6585 6589
f 6589 6585 6587
f 6570 6564 6565
f 6586 6585 6566
f 6566 6572 6586
f 6586 6572 6571
f 6586 6571 6587
f 6587 6571 6570
f 6587 6570 6589
f 6589 6570 6565
f 6588 6567 6585
f 6585 6567 6566
f 6590 6591 6592
f 6567 6588 6593
f 6593 6588 6579
f 6593 6579 6594
f 6594 6579 6595
f 6595 6579 6596
f 6595 6596 6597
f 6597 6596 6590
f 6597 6590 6598
f 6598 6590 6592
f 6599 6600 6601
f 6592 6591 6602
f 6602 6591 6603
f 6602 6603 6604
f 6604 6603 6605
f 6604 6605 6606
f 6606 6605 6607
f 6606 6607 6608
f 6608 6607 6599
f 6608 6599 6609
f 6609 6599 6601
f 6579 6578 6596
f 6596 6578 6610
f 6611 6612 6603
f 6603 6612 6613
f 6603 6613 6605
f 6610 6614 6596
f 6596 6614 6615
f 6596 6615 6590
f 6590 6615 6611
f 6590 6611 6591
f 6591 6611 6603
f 6616 6617 6618
f 6618 6617 6619
f 6618 6619 6620
f 6620 6619 6621
f 6611 6622 6612
f 6612 6622 6623
f 6612 6623 6613
f 6613 6623 6624
f 6613 6624 6621
f 6621 6624 6625
f 6621 6625 6620
f 6626 6568 6567
f 6594 6595 6627
f 6594 6627 6593
f 6595 6597 6627
f 6627 6597 6598
f 6627 6598 6628
f 6628 6598 6592
f 6628 6592 6622
f 6622 6592 6623
f 6593 6627 6567
f 6567 6627 6629
f 6567 6629 6626
f 6592 6602 6623
f 6623 6602 6604
f 6623 6604 6624
f 6628 6622 6611
f 6611 6615 6628
f 6628 6615 6614
f 6628 6614 6627
f 6578 6626 6629
f 6627 6614 6629
f 6629 6614 6610
f 6629 6610 6578
f 6626 6578 6584
f 6626 6584 6568
f 6568 6584 6576
f 6576 6584 6583
f 6575 6576 6583
f 6582 6577 6569
f 6569 6574 6582
f 6582 6574 6573
f 6582 6573 6580
f 6580 6573 6575
f 6580 6575 6581
f 6581 6575 6583
f 6608 6609 6618
f 6618 6620 6608
f 6608 6620 6625
f 6608 6625 6606
f 6606 6625 6624
f 6606 6624 6604
f 6616 6618 6601
f 6601 6618 6609
f 6617 6616 6600
f 6600 6616 6601
f 6619 6617 6599
f 6599 6617 6600
f 6605 6613 6607
f 6607 6613 6621
f 6607 6621 6599
f 6599 6621 6619
f 5716 5715 6630
f 6630 5715 5722
f 6630 5722 6631
f 6631 5722 5724
f 6631 5724 5726
f 6630 6631 6632
f 6632 6631 6633
f 6633 6631 5728
f 5728 6631 5726
f 5732 6632 5730
f 5730 6632 6633
f 5730 6633 5728
f 5732 5733 6632
f 6632 5733 5735
f 6632 5735 6630
f 6630 5735 5717
f 6630 5717 5716
f 5704 5703 6634
f 6634 5703 5731
f 6634 5731 6635
f 6635 5731 5740
f 6635 5740 5742
f 6634 6635 6636
f 6636 6635 6637
f 6637 6635 5707
f 5707 6635 5742
f 6636 6637 5706
f 5706 6637 5707
f 6636 5706 5711
f 5711 5712 6636
f 6636 5712 5713
f 6636 5713 6634
f 6634 5713 5704
f 6638 6639 5667
f 5667 6639 6640
f 5667 6640 5668
f 6640 6639 6641
f 6641 6639 6642
f 6643 6642 6638
f 6638 6642 6639
f 6642 6643 6641
f 6641 6643 5666
f 6641 5666 5682
f 5668 6640 5682
f 5682 6640 6641
f 6638 5667 6643
f 6643 5667 5666
f 6644 6645 5685
f 5685 6645 6646
f 5685 6646 5669
f 6644 6647 6645
f 6645 6647 6648
f 6648 6647 6649
f 6649 6647 5675
f 6649 5675 5670
f 6647 6644 5675
f 5675 6644 5685
f 6649 6646 6648
f 6648 6646 6645
f 5670 5669 6649
f 6649 5669 6646
f 5638 5517 5539
f 5539 5517 5518
f 5538 5553 5540
f 5540 5553 5625
f 5621 5620 5622
f 5622 5620 5615
f 5622 5615 5610
f 5610 5615 5608
f 5618 5617 5620
f 5620 5617 5614
f 5620 5614 5615
f 6650 5576 6651
f 6651 5576 5568
f 6651 5568 6652
f 6653 6654 5577
f 5576 6650 5577
f 5577 6650 6655
f 6655 6656 5577
f 5577 6656 6657
f 5577 6657 6653
f 6658 5571 6659
f 6659 5571 5577
f 6659 5577 6654
f 5571 6658 5569
f 5569 6658 6660
f 5569 6660 6661
f 6662 5570 6663
f 6663 5570 5569
f 6663 5569 6661
f 6664 5578 6665
f 6665 5578 5570
f 6665 5570 6662
f 6666 6667 5582
f 5578 6664 5582
f 5582 6664 6668
f 6668 6669 5582
f 5582 6669 6670
f 5582 6670 6666
f 6671 5566 6672
f 6672 5566 5582
f 6672 5582 6667
f 5566 6671 5567
f 5567 6671 6673
f 5567 6673 6674
f 6652 5568 6675
f 6675 5568 5567
f 6675 5567 6674
f 6676 6661 6677
f 6677 6661 6660
f 6674 6678 6675
f 6675 6678 6679
f 6675 6679 6652
f 6652 6679 6651
f 6651 6679 6655
f 6651 6655 6650
f 6659 6654 6653
f 6679 6680 6655
f 6655 6680 6681
f 6655 6681 6656
f 6656 6681 6682
f 6656 6682 6657
f 6657 6682 6683
f 6657 6683 6653
f 6653 6683 6677
f 6653 6677 6659
f 6659 6677 6660
f 6659 6660 6658
f 6661 6676 6663
f 6663 6676 6684
f 6663 6684 6662
f 6662 6684 6665
f 6665 6684 6668
f 6665 6668 6664
f 6672 6667 6666
f 6678 6674 6685
f 6685 6674 6673
f 6684 6686 6668
f 6668 6686 6687
f 6668 6687 6669
f 6669 6687 6688
f 6669 6688 6670
f 6670 6688 6689
f 6670 6689 6666
f 6666 6689 6685
f 6666 6685 6672
f 6672 6685 6673
f 6672 6673 6671
f 6684 6676 6685
f 6685 6676 6678
f 6676 6677 6678
f 6678 6677 6683
f 6678 6683 6682
f 6682 6681 6678
f 6678 6681 6680
f 6678 6680 6679
f 6687 6686 6688
f 6688 6686 6684
f 6688 6684 6689
f 6689 6684 6685
f 6690 5559 6691
f 6691 5559 5558
f 6691 5558 6692
f 5559 6690 5580
f 5580 6690 6693
f 6694 6695 6696
f 6696 6695 6697
f 6691 6692 6698
f 6693 6690 6699
f 6699 6690 6691
f 6700 6701 6702
f 6697 6700 6696
f 6696 6700 6702
f 6696 6702 6703
f 6703 6702 6704
f 6703 6704 6705
f 6705 6704 6706
f 6705 6706 6707
f 6707 6706 6699
f 6707 6699 6708
f 6708 6699 6691
f 6708 6691 6709
f 6709 6691 6698
f 6698 6692 6710
f 6710 6692 6711
f 6712 6695 6694
f 6713 6714 6715
f 6715 6714 6712
f 6716 6717 6718
f 6711 6716 6710
f 6710 6716 6718
f 6710 6718 6719
f 6719 6718 6720
f 6719 6720 6721
f 6721 6720 6722
f 6721 6722 6723
f 6723 6722 6715
f 6723 6715 6724
f 6724 6715 6712
f 6724 6712 6725
f 6725 6712 6694
f 6698 6694 6696
f 6694 6698 6725
f 6725 6698 6710
f 6725 6710 6719
f 6719 6721 6725
f 6725 6721 6723
f 6725 6723 6724
f 6705 6707 6703
f 6703 6707 6708
f 6703 6708 6696
f 6696 6708 6709
f 6696 6709 6698
f 6714 5562 6712
f 6712 5562 5561
f 6712 5561 6695
f 5562 6714 5564
f 5564 6714 6713
f 6713 6715 5564
f 5564 6715 6722
f 6717 5565 6718
f 6718 5565 5564
f 6718 5564 6720
f 6720 5564 6722
f 5565 6717 5557
f 5557 6717 6716
f 5557 6716 5558
f 5558 6716 6711
f 5558 6711 6692
f 5560 6700 5561
f 5561 6700 6697
f 5561 6697 6695
f 6700 5560 6701
f 6701 5560 5579
f 6693 6699 5580
f 5580 6699 6706
f 6701 5579 6702
f 6702 5579 5580
f 6702 5580 6704
f 6704 5580 6706
f 5500 5498 5509
f 5509 5498 5510
f 5501 5499 5509
f 5509 5499 5500
f 6726 5479 5487
f 5487 5479 5477
f 6727 5475 6726
f 6726 5475 5479
f 5489 5474 6727
f 6727 5474 5475
f 6727 6726 5489
f 5489 6726 5487
f 5482 5481 6728
f 6728 5481 6729
f 6730 6731 6732
f 6732 6731 6733
f 6732 6733 6734
f 6734 6733 6729
f 6734 6729 5463
f 5463 6729 5481
f 6735 6736 6737
f 6737 6736 6738
f 6737 6738 6730
f 6730 6738 6739
f 6730 6739 6731
f 6728 6729 6740
f 6740 6729 6733
f 6740 6733 6741
f 6741 6733 6731
f 6741 6731 6742
f 6742 6731 6739
f 6736 6743 6744
f 6736 6744 6738
f 6738 6744 6742
f 6738 6742 6739
f 6736 6735 6743
f 6743 6735 6745
f 6732 6734 6746
f 6746 6747 6732
f 6732 6747 6748
f 6732 6748 6730
f 6730 6748 6749
f 6730 6749 6737
f 6737 6749 6745
f 6737 6745 6735
f 5463 5472 6734
f 6734 5472 6746
f 5472 5482 6746
f 6746 5482 6728
f 6746 6728 6747
f 6747 6728 6740
f 6747 6740 6748
f 6748 6740 6741
f 6741 6742 6748
f 6748 6742 6744
f 6748 6744 6749
f 6749 6744 6743
f 6749 6743 6745
f 6750 6751 6752
f 6753 6754 6755
f 6755 6754 6756
f 6755 6756 5453
f 5453 6756 6757
f 5453 6757 5454
f 5454 6757 5476
f 6752 6758 6750
f 6750 6758 6759
f 6750 6759 6753
f 6753 6759 6760
f 6753 6760 6754
f 6761 5471 6757
f 6757 5471 5476
f 6762 6763 6764
f 5456 5471 5455
f 5455 5471 6761
f 5455 6761 6765
f 6765 6761 6766
f 6765 6766 6767
f 6767 6766 6768
f 6768 6769 6767
f 6767 6769 6770
f 6767 6770 6764
f 6764 6770 6771
f 6764 6771 6762
f 6755 5453 5455
f 5455 6765 6755
f 6755 6765 6767
f 6755 6767 6753
f 6753 6767 6764
f 6753 6764 6750
f 6750 6764 6763
f 6750 6763 6751
f 6762 6752 6763
f 6763 6752 6751
f 6758 6752 6762
f 6762 6771 6758
f 6758 6771 6770
f 6758 6770 6759
f 6759 6770 6769
f 6759 6769 6760
f 6761 6757 6766
f 6766 6757 6756
f 6766 6756 6768
f 6768 6756 6754
f 6768 6754 6769
f 6769 6754 6760
f 6772 6773 6774
f 6774 6773 6775
f 6774 6775 6776
f 6776 6775 6777
f 6776 6777 5468
f 5468 6777 5460
f 6778 6779 6780
f 6780 6781 6778
f 6778 6781 6782
f 6778 6782 6772
f 6772 6782 6783
f 6772 6783 6773
f 5468 5480 6776
f 6776 5480 6784
f 6785 6786 6787
f 5480 5461 6784
f 6784 5461 6788
f 6784 6788 6789
f 6789 6788 6790
f 6789 6790 6791
f 6791 6790 6792
f 6792 6793 6791
f 6791 6793 6794
f 6791 6794 6787
f 6787 6794 6795
f 6787 6795 6785
f 6774 6776 6784
f 6784 6789 6774
f 6774 6789 6791
f 6774 6791 6772
f 6772 6791 6787
f 6772 6787 6778
f 6778 6787 6786
f 6778 6786 6779
f 6786 6785 6779
f 6779 6785 6780
f 6781 6780 6785
f 6785 6795 6781
f 6781 6795 6794
f 6781 6794 6782
f 6782 6794 6793
f 6782 6793 6783
f 6788 6777 6790
f 6790 6777 6775
f 6790 6775 6792
f 6792 6775 6773
f 6792 6773 6793
f 6793 6773 6783
f 5461 5460 6788
f 6788 5460 6777
f 6796 6797 6798
f 6799 6800 6801
f 6801 6800 6802
f 6801 6802 6803
f 6803 6802 6804
f 6803 6804 5465
f 5465 6804 5470
f 6798 6805 6796
f 6796 6805 6806
f 6796 6806 6799
f 6799 6806 6807
f 6799 6807 6800
f 6803 5465 6808
f 6808 5465 5464
f 6801 6803 6808
f 6808 6809 6801
f 6801 6809 6810
f 6801 6810 6799
f 6799 6810 6811
f 6799 6811 6796
f 6796 6811 6812
f 6796 6812 6797
f 6813 6812 6811
f 5464 5478 6808
f 6808 5478 6814
f 6808 6814 6809
f 6809 6814 6815
f 6809 6815 6810
f 6816 6813 6817
f 6817 6813 6811
f 6817 6811 6818
f 6818 6811 6810
f 6818 6810 6819
f 6819 6810 6815
f 6797 6812 6798
f 6798 6812 6813
f 6798 6813 6816
f 6798 6816 6805
f 6805 6816 6817
f 6805 6817 6806
f 6806 6817 6818
f 6806 6818 6807
f 6814 6804 6815
f 6815 6804 6802
f 6815 6802 6819
f 6819 6802 6800
f 6819 6800 6818
f 6818 6800 6807
f 6814 5478 6804
f 6804 5478 5470
f 6820 6821 6822
f 6822 6821 6823
f 6822 6823 6824
f 6824 6823 6825
f 6825 6823 6826
f 6825 6826 6827
f 6827 6826 6828
f 6828 6826 6829
f 6828 6829 6830
f 6831 6832 6829
f 6829 6832 6833
f 6829 6833 6830
f 6834 6835 6831
f 6831 6835 6836
f 6831 6836 6832
f 6834 6831 6837
f 6837 6831 6838
f 6837 6838 6839
f 6839 6838 6840
f 6839 6840 6841
f 6841 6840 6842
f 6842 6840 6843
f 6842 6843 6844
f 6844 6843 6845
f 6845 6843 6846
f 6845 6846 6847
f 6848 6849 6846
f 6846 6849 6850
f 6846 6850 6847
f 6851 6852 6853
f 6853 6852 6854
f 6853 6854 6848
f 6848 6854 6855
f 6848 6855 6849
f 6851 6853 6856
f 6856 6853 6857
f 6856 6857 6858
f 6858 6857 6859
f 6859 6857 6860
f 6859 6860 6861
f 6861 6860 6862
f 6862 6860 6863
f 6862 6863 6864
f 6864 6863 6865
f 6865 6863 6866
f 6865 6866 6867
f 6867 6866 6868
f 6868 6866 6869
f 6868 6869 6870
f 6871 6872 6869
f 6869 6872 6873
f 6869 6873 6870
f 6874 6875 6871
f 6871 6875 6876
f 6871 6876 6872
f 6874 6871 6877
f 6877 6871 6878
f 6877 6878 6879
f 6879 6878 6880
f 6879 6880 6881
f 6881 6880 6882
f 6882 6880 6883
f 6882 6883 6884
f 6884 6883 6885
f 6885 6883 6886
f 6885 6886 6887
f 6888 6889 6886
f 6886 6889 6890
f 6886 6890 6887
f 6891 6892 6893
f 6893 6892 6894
f 6893 6894 6888
f 6888 6894 6895
f 6888 6895 6889
f 6891 6893 6896
f 6896 6893 6897
f 6896 6897 6898
f 6898 6897 6899
f 6899 6897 6821
f 6899 6821 6820
f 6900 6821 6897
f 6900 6897 6901
f 6901 6897 6893
f 6901 6893 6902
f 6902 6893 6888
f 6902 6888 6903
f 6903 6888 6886
f 6903 6886 6904
f 6904 6886 6883
f 6904 6883 6905
f 6905 6883 6880
f 6905 6880 6906
f 6906 6880 6878
f 6906 6878 6907
f 6907 6878 6871
f 6907 6871 6908
f 6908 6871 6869
f 6908 6869 6909
f 6909 6869 6866
f 6909 6866 6910
f 6910 6866 6863
f 6910 6863 6911
f 6911 6863 6860
f 6911 6860 6912
f 6913 6914 6912
f 6914 6915 6912
f 6912 6915 6900
f 6912 6900 6911
f 6911 6900 6901
f 6911 6901 6902
f 6911 6905 6906
f 6916 6917 6918
f 6918 6917 6919
f 6916 6920 6917
f 6917 6920 6921
f 6917 6921 6922
f 6919 6917 6912
f 6912 6917 6923
f 6912 6923 6913
f 6902 6903 6911
f 6911 6903 6904
f 6911 6904 6905
f 6906 6907 6911
f 6911 6907 6908
f 6911 6908 6910
f 6910 6908 6909
f 6912 6860 6857
f 6912 6857 6919
f 6919 6857 6853
f 6919 6853 6918
f 6918 6853 6848
f 6918 6848 6916
f 6916 6848 6846
f 6916 6846 6920
f 6920 6846 6843
f 6920 6843 6921
f 6921 6843 6840
f 6921 6840 6922
f 6922 6840 6838
f 6922 6838 6917
f 6917 6838 6831
f 6917 6831 6923
f 6923 6831 6829
f 6923 6829 6913
f 6913 6829 6826
f 6913 6826 6914
f 6914 6826 6823
f 6914 6823 6915
f 6915 6823 6821
f 6915 6821 6900
f 6898 6899 6924
f 6924 6899 6820
f 6924 6820 6925
f 6898 6924 6896
f 6896 6924 6926
f 6896 6926 6891
f 6891 6926 6927
f 6891 6927 6892
f 6892 6927 6928
f 6892 6928 6894
f 6884 6885 6929
f 6929 6885 6887
f 6929 6887 6930
f 6930 6887 6890
f 6930 6890 6931
f 6931 6890 6889
f 6931 6889 6928
f 6928 6889 6895
f 6928 6895 6894
f 6884 6929 6882
f 6882 6929 6932
f 6882 6932 6881
f 6881 6932 6933
f 6881 6933 6879
f 6879 6933 6877
f 6877 6933 6934
f 6877 6934 6874
f 6874 6934 6935
f 6874 6935 6875
f 6867 6868 6936
f 6936 6868 6870
f 6936 6870 6937
f 6937 6870 6873
f 6937 6873 6938
f 6938 6873 6872
f 6938 6872 6935
f 6935 6872 6876
f 6935 6876 6875
f 6867 6936 6865
f 6865 6936 6939
f 6865 6939 6864
f 6864 6939 6940
f 6864 6940 6862
f 6862 6940 6941
f 6862 6941 6861
f 6942 6941 6940
f 6942 6940 6943
f 6943 6940 6939
f 6943 6939 6944
f 6944 6939 6936
f 6944 6936 6945
f 6945 6936 6937
f 6945 6937 6946
f 6946 6937 6938
f 6946 6938 6947
f 6947 6938 6935
f 6947 6935 6948
f 6948 6935 6934
f 6948 6934 6949
f 6949 6934 6933
f 6949 6933 6950
f 6950 6933 6932
f 6950 6932 6951
f 6951 6932 6929
f 6951 6929 6952
f 6952 6929 6930
f 6952 6930 6953
f 6953 6930 6931
f 6953 6931 6954
f 6954 6931 6928
f 6954 6928 6955
f 6955 6928 6927
f 6955 6927 6956
f 6956 6927 6926
f 6956 6926 6957
f 6957 6926 6924
f 6957 6924 6958
f 6958 6924 6925
f 6958 6925 6959
f 6960 6961 6962
f 6962 6961 6963
f 6962 6963 6964
f 6955 6956 6965
f 6965 6956 6957
f 6965 6957 6958
f 6958 6959 6965
f 6965 6959 6966
f 6965 6966 6967
f 6967 6966 6968
f 6967 6968 6969
f 6964 6970 6962
f 6962 6970 6971
f 6962 6971 6972
f 6972 6971 6973
f 6972 6973 6974
f 6943 6944 6975
f 6975 6944 6945
f 6975 6945 6946
f 6969 6976 6967
f 6967 6976 6977
f 6967 6977 6962
f 6962 6977 6978
f 6962 6978 6960
f 6979 6950 6951
f 6946 6947 6975
f 6975 6947 6948
f 6975 6948 6979
f 6979 6948 6949
f 6979 6949 6950
f 6974 6980 6972
f 6972 6980 6981
f 6972 6981 6975
f 6975 6981 6942
f 6975 6942 6943
f 6951 6952 6979
f 6979 6952 6953
f 6979 6953 6965
f 6965 6953 6954
f 6965 6954 6955
f 6959 6925 6982
f 6959 6982 6966
f 6966 6982 6983
f 6966 6983 6968
f 6968 6983 6984
f 6968 6984 6969
f 6969 6984 6985
f 6969 6985 6976
f 6976 6985 6986
f 6976 6986 6977
f 6977 6986 6987
f 6977 6987 6978
f 6978 6987 6988
f 6978 6988 6960
f 6960 6988 6989
f 6960 6989 6961
f 6961 6989 6990
f 6961 6990 6963
f 6963 6990 6991
f 6963 6991 6964
f 6964 6991 6992
f 6964 6992 6970
f 6970 6992 6993
f 6970 6993 6971
f 6971 6993 6994
f 6971 6994 6973
f 6973 6994 6995
f 6973 6995 6974
f 6974 6995 6996
f 6974 6996 6980
f 6980 6996 6997
f 6980 6997 6981
f 6981 6997 6941
f 6981 6941 6942
f 6858 6859 6997
f 6997 6859 6861
f 6997 6861 6941
f 6858 6997 6856
f 6856 6997 6996
f 6856 6996 6851
f 6851 6996 6995
f 6851 6995 6852
f 6852 6995 6994
f 6852 6994 6854
f 6844 6845 6991
f 6991 6845 6847
f 6991 6847 6992
f 6992 6847 6850
f 6992 6850 6993
f 6993 6850 6849
f 6993 6849 6994
f 6994 6849 6855
f 6994 6855 6854
f 6844 6991 6842
f 6842 6991 6990
f 6842 6990 6841
f 6841 6990 6989
f 6841 6989 6839
f 6839 6989 6837
f 6837 6989 6988
f 6837 6988 6834
f 6834 6988 6987
f 6834 6987 6835
f 6827 6828 6984
f 6984 6828 6830
f 6984 6830 6985
f 6985 6830 6833
f 6985 6833 6986
f 6986 6833 6832
f 6986 6832 6987
f 6987 6832 6836
f 6987 6836 6835
f 6827 6984 6825
f 6825 6984 6983
f 6825 6983 6824
f 6824 6983 6982
f 6824 6982 6822
f 6822 6982 6925
f 6822 6925 6820
f 6975 6979 6998
f 6998 6979 6999
f 6979 6965 6999
f 6999 6965 7000
f 6965 6967 7000
f 7000 6967 7001
f 6967 6962 7001
f 7001 6962 7002
f 6962 6972 7002
f 7002 6972 7003
f 6972 6975 7003
f 7003 6975 6998
f 7003 6998 7002
f 7002 6998 6999
f 7002 6999 7001
f 7001 6999 7000
f 7004 7005 7006
f 7007 7008 7009
f 7009 7008 7010
f 7009 7010 7011
f 7006 7012 7004
f 7004 7012 7013
f 7004 7013 7009
f 7009 7013 7014
f 7009 7014 7007
f 7015 7016 7017
f 7018 7019 7004
f 7004 7019 7020
f 7004 7020 7005
f 7017 7021 7015
f 7015 7021 7022
f 7015 7022 7004
f 7004 7022 7023
f 7004 7023 7018
f 7024 7025 7026
f 7027 7028 7015
f 7015 7028 7029
f 7015 7029 7016
f 7026 7030 7024
f 7024 7030 7031
f 7024 7031 7015
f 7015 7031 7032
f 7015 7032 7027
f 7033 7034 7035
f 7036 7037 7024
f 7024 7037 7038
f 7024 7038 7025
f 7035 7039 7033
f 7033 7039 7040
f 7033 7040 7024
f 7024 7040 7041
f 7024 7041 7036
f 7042 7043 7044
f 7045 7046 7033
f 7033 7046 7047
f 7033 7047 7034
f 7044 7048 7042
f 7042 7048 7049
f 7042 7049 7033
f 7033 7049 7050
f 7033 7050 7045
f 7009 7011 7051
f 7051 7052 7009
f 7009 7052 7053
f 7009 7053 7042
f 7042 7053 7054
f 7042 7054 7055
f 7055 7056 7042
f 7042 7056 7057
f 7042 7057 7043
f 7058 7059 7060
f 7060 7059 7009
f 7060 7009 7042
f 7061 7058 7060
f 7059 7058 7061
f 7009 7059 7061
f 7042 7062 7061
f 7061 7063 7064
f 7065 7063 7061
f 7062 7065 7061
f 7033 7066 7061
f 7061 7067 7024
f 7068 7067 7061
f 7066 7068 7061
f 7064 7033 7061
f 7060 7042 7061
f 7062 7042 7033
f 7033 7064 7062
f 7062 7064 7063
f 7062 7063 7065
f 7061 7069 7070
f 7071 7069 7061
f 7024 7071 7061
f 7015 7072 7061
f 7061 7073 7074
f 7075 7073 7061
f 7072 7075 7061
f 7004 7076 7061
f 7061 7077 7009
f 7078 7077 7061
f 7076 7078 7061
f 7074 7004 7061
f 7070 7015 7061
f 7077 7078 7009
f 7009 7078 7076
f 7009 7076 7004
f 7015 7004 7074
f 7073 7075 7074
f 7074 7075 7072
f 7074 7072 7015
f 7015 7070 7024
f 7024 7070 7069
f 7024 7069 7071
f 7067 7068 7024
f 7024 7068 7066
f 7024 7066 7033
f 7011 7079 7051
f 7051 7079 7052
f 7052 7079 7053
f 7053 7079 7080
f 7053 7080 7054
f 7043 7057 7081
f 7081 7057 7056
f 7081 7056 7080
f 7080 7056 7055
f 7080 7055 7054
f 7082 7083 7084
f 7084 7083 7085
f 7084 7085 7025
f 7025 7085 7086
f 7025 7086 7087
f 7088 7089 7090
f 7090 7089 7091
f 7090 7091 7092
f 7092 7091 7093
f 7092 7093 7034
f 7034 7093 7094
f 7034 7094 7095
f 7095 7094 7096
f 7095 7096 7082
f 7082 7096 7097
f 7082 7097 7083
f 7098 7099 7100
f 7100 7099 7101
f 7100 7101 7005
f 7005 7101 7102
f 7005 7102 7103
f 7103 7102 7104
f 7103 7104 7105
f 7086 7106 7087
f 7087 7106 7107
f 7087 7107 7108
f 7108 7107 7109
f 7108 7109 7110
f 7110 7109 7111
f 7110 7111 7016
f 7016 7111 7112
f 7016 7112 7113
f 7113 7112 7114
f 7113 7114 7098
f 7098 7114 7115
f 7098 7115 7099
f 7079 7116 7080
f 7080 7116 7117
f 7080 7117 7081
f 7081 7117 7118
f 7081 7118 7043
f 7043 7118 7119
f 7043 7119 7088
f 7088 7119 7120
f 7088 7120 7089
f 7104 7121 7105
f 7105 7121 7122
f 7105 7122 7123
f 7123 7122 7124
f 7123 7124 7011
f 7011 7124 7125
f 7011 7125 7079
f 7079 7125 7126
f 7079 7126 7116
f 7125 7127 7128
f 7125 7128 7126
f 7126 7128 7129
f 7126 7129 7116
f 7116 7129 7130
f 7116 7130 7117
f 7117 7130 7131
f 7117 7131 7118
f 7118 7131 7132
f 7118 7132 7119
f 7119 7132 7133
f 7119 7133 7120
f 7120 7133 7134
f 7120 7134 7089
f 7089 7134 7135
f 7089 7135 7091
f 7091 7135 7136
f 7091 7136 7093
f 7093 7136 7137
f 7093 7137 7094
f 7094 7137 7138
f 7094 7138 7096
f 7096 7138 7139
f 7096 7139 7097
f 7097 7139 7140
f 7097 7140 7083
f 7083 7140 7141
f 7083 7141 7085
f 7085 7141 7142
f 7085 7142 7086
f 7086 7142 7143
f 7086 7143 7106
f 7106 7143 7144
f 7106 7144 7107
f 7107 7144 7145
f 7107 7145 7109
f 7109 7145 7146
f 7109 7146 7111
f 7111 7146 7147
f 7111 7147 7112
f 7112 7147 7148
f 7112 7148 7114
f 7114 7148 7149
f 7114 7149 7115
f 7115 7149 7150
f 7115 7150 7099
f 7099 7150 7151
f 7099 7151 7101
f 7101 7151 7152
f 7101 7152 7102
f 7102 7152 7153
f 7102 7153 7104
f 7104 7153 7154
f 7104 7154 7121
f 7121 7154 7155
f 7121 7155 7122
f 7122 7155 7156
f 7122 7156 7124
f 7124 7156 7127
f 7124 7127 7125
f 7157 7127 7156
f 7157 7156 7158
f 7158 7156 7155
f 7158 7155 7159
f 7159 7155 7154
f 7159 7154 7160
f 7160 7154 7153
f 7160 7153 7161
f 7161 7153 7152
f 7161 7152 7162
f 7162 7152 7151
f 7162 7151 7163
f 7163 7151 7150
f 7163 7150 7164
f 7164 7150 7149
f 7164 7149 7165
f 7165 7149 7148
f 7165 7148 7166
f 7166 7148 7147
f 7166 7147 7167
f 7167 7147 7146
f 7167 7146 7168
f 7168 7146 7145
f 7168 7145 7169
f 7169 7145 7144
f 7169 7144 7170
f 7170 7144 7143
f 7170 7143 7171
f 7171 7143 7142
f 7171 7142 7172
f 7172 7142 7141
f 7172 7141 7173
f 7173 7141 7140
f 7173 7140 7174
f 7174 7140 7139
f 7174 7139 7175
f 7175 7139 7138
f 7175 7138 7176
f 7176 7138 7137
f 7176 7137 7177
f 7177 7137 7136
f 7177 7136 7178
f 7178 7136 7135
f 7178 7135 7179
f 7179 7135 7134
f 7179 7134 7180
f 7180 7134 7133
f 7180 7133 7181
f 7181 7133 7132
f 7181 7132 7182
f 7182 7132 7131
f 7182 7131 7183
f 7183 7131 7130
f 7183 7130 7184
f 7184 7130 7129
f 7184 7129 7185
f 7185 7129 7128
f 7185 7128 7186
f 7186 7128 7127
f 7186 7127 7157
f 7187 7170 7188
f 7188 7170 7171
f 7188 7171 7189
f 7189 7171 7172
f 7189 7172 7190
f 7191 7185 7192
f 7192 7185 7186
f 7192 7186 7193
f 7193 7186 7157
f 7193 7157 7194
f 7172 7173 7190
f 7190 7173 7174
f 7190 7174 7195
f 7195 7174 7175
f 7195 7175 7196
f 7196 7175 7176
f 7196 7176 7197
f 7198 7166 7199
f 7199 7166 7167
f 7199 7167 7200
f 7200 7167 7168
f 7200 7168 7187
f 7187 7168 7169
f 7187 7169 7170
f 7157 7158 7194
f 7194 7158 7159
f 7194 7159 7201
f 7201 7159 7160
f 7201 7160 7202
f 7202 7160 7161
f 7202 7161 7203
f 7204 7181 7205
f 7205 7181 7182
f 7205 7182 7206
f 7206 7182 7183
f 7206 7183 7191
f 7191 7183 7184
f 7191 7184 7185
f 7161 7162 7203
f 7203 7162 7163
f 7203 7163 7207
f 7207 7163 7164
f 7207 7164 7198
f 7198 7164 7165
f 7198 7165 7166
f 7176 7177 7197
f 7197 7177 7178
f 7197 7178 7208
f 7208 7178 7179
f 7208 7179 7204
f 7204 7179 7180
f 7204 7180 7181
f 7209 7189 7190
f 7209 7190 7210
f 7210 7190 7195
f 7210 7195 7211
f 7211 7195 7196
f 7211 7196 7212
f 7212 7196 7197
f 7212 7197 7213
f 7213 7197 7208
f 7213 7208 7214
f 7214 7208 7204
f 7214 7204 7215
f 7215 7204 7205
f 7215 7205 7216
f 7216 7205 7206
f 7216 7206 7217
f 7217 7206 7191
f 7217 7191 7218
f 7218 7191 7192
f 7218 7192 7219
f 7219 7192 7193
f 7219 7193 7220
f 7221 7209 7210
f 7221 7210 7222
f 7222 7210 7211
f 7222 7211 7223
f 7223 7211 7212
f 7223 7212 7224
f 7224 7212 7213
f 7224 7213 7225
f 7225 7213 7214
f 7225 7214 7226
f 7226 7214 7215
f 7226 7215 7227
f 7227 7215 7216
f 7227 7216 7228
f 7228 7216 7217
f 7228 7217 7229
f 7229 7217 7218
f 7229 7218 7230
f 7230 7218 7219
f 7230 7219 7231
f 7231 7219 7220
f 7231 7220 7232
f 7233 7221 7232
f 7234 7235 7236
f 7234 7236 7232
f 7232 7236 7237
f 7232 7237 7233
f 7221 7222 7232
f 7232 7222 7223
f 7232 7223 7231
f 7231 7223 7230
f 7238 7236 7239
f 7239 7236 7240
f 7235 7241 7236
f 7236 7241 7242
f 7236 7242 7240
f 7227 7228 7226
f 7226 7228 7225
f 7223 7224 7230
f 7230 7224 7225
f 7230 7225 7229
f 7229 7225 7228
f 7232 7220 7243
f 7232 7243 7234
f 7234 7243 7244
f 7234 7244 7235
f 7235 7244 7245
f 7235 7245 7241
f 7241 7245 7246
f 7241 7246 7242
f 7242 7246 7247
f 7242 7247 7240
f 7240 7247 7248
f 7240 7248 7239
f 7239 7248 7249
f 7239 7249 7238
f 7238 7249 7250
f 7238 7250 7236
f 7236 7250 7251
f 7236 7251 7237
f 7237 7251 7252
f 7237 7252 7233
f 7233 7252 7209
f 7233 7209 7221
f 7220 7193 7194
f 7220 7194 7243
f 7243 7194 7201
f 7243 7201 7244
f 7244 7201 7202
f 7244 7202 7245
f 7245 7202 7203
f 7245 7203 7246
f 7246 7203 7207
f 7246 7207 7247
f 7247 7207 7198
f 7247 7198 7248
f 7248 7198 7199
f 7248 7199 7249
f 7249 7199 7200
f 7249 7200 7250
f 7250 7200 7187
f 7250 7187 7251
f 7251 7187 7188
f 7251 7188 7252
f 7252 7188 7189
f 7252 7189 7209
f 7005 7103 7006
f 7006 7103 7012
f 7012 7103 7013
f 7013 7103 7105
f 7013 7105 7014
f 7011 7010 7123
f 7123 7010 7008
f 7123 7008 7105
f 7105 7008 7007
f 7105 7007 7014
f 7043 7088 7044
f 7044 7088 7048
f 7048 7088 7049
f 7049 7088 7090
f 7049 7090 7050
f 7034 7047 7092
f 7092 7047 7046
f 7092 7046 7090
f 7090 7046 7045
f 7090 7045 7050
f 7034 7095 7035
f 7035 7095 7039
f 7039 7095 7040
f 7040 7095 7082
f 7040 7082 7041
f 7025 7038 7084
f 7084 7038 7037
f 7084 7037 7082
f 7082 7037 7036
f 7082 7036 7041
f 7025 7087 7026
f 7026 7087 7030
f 7030 7087 7031
f 7031 7087 7108
f 7031 7108 7032
f 7016 7029 7110
f 7110 7029 7028
f 7110 7028 7108
f 7108 7028 7027
f 7108 7027 7032
f 7016 7113 7017
f 7017 7113 7021
f 7021 7113 7022
f 7022 7113 7098
f 7022 7098 7023
f 7005 7020 7100
f 7100 7020 7019
f 7100 7019 7098
f 7098 7019 7018
f 7098 7018 7023
f 7253 7254 7255
f 7255 7254 7256
f 7255 7256 7257
f 7253 7255 7258
f 7258 7255 7259
f 7258 7259 7260
f 7260 7259 7261
f 7260 7261 7262
f 7262 7261 7263
f 7262 7263 7264
f 7265 7266 7267
f 7267 7266 7268
f 7267 7268 7269
f 7269 7268 7270
f 7269 7270 7271
f 7271 7270 7272
f 7271 7272 7263
f 7263 7272 7273
f 7263 7273 7264
f 7265 7267 7274
f 7274 7267 7275
f 7274 7275 7276
f 7276 7275 7277
f 7276 7277 7278
f 7278 7277 7279
f 7279 7277 7280
f 7279 7280 7281
f 7281 7280 7282
f 7281 7282 7283
f 7284 7285 7286
f 7286 7285 7287
f 7286 7287 7288
f 7288 7287 7289
f 7288 7289 7290
f 7290 7289 7291
f 7290 7291 7282
f 7282 7291 7292
f 7282 7292 7283
f 7284 7286 7293
f 7293 7286 7294
f 7293 7294 7295
f 7295 7294 7296
f 7295 7296 7297
f 7297 7296 7298
f 7297 7298 7299
f 7300 7298 7296
f 7300 7296 7301
f 7301 7296 7294
f 7301 7294 7302
f 7302 7294 7286
f 7302 7286 7303
f 7303 7286 7288
f 7303 7288 7304
f 7304 7288 7290
f 7304 7290 7305
f 7305 7290 7282
f 7305 7282 7306
f 7306 7282 7280
f 7306 7280 7307
f 7307 7280 7277
f 7307 7277 7308
f 7308 7277 7275
f 7308 7275 7309
f 7309 7275 7267
f 7309 7267 7310
f 7310 7267 7269
f 7310 7269 7311
f 7311 7269 7271
f 7311 7271 7312
f 7312 7271 7263
f 7312 7263 7313
f 7313 7263 7261
f 7313 7261 7314
f 7314 7261 7259
f 7314 7259 7315
f 7315 7259 7255
f 7315 7255 7316
f 7316 7255 7257
f 7316 7257 7317
f 7318 7319 7320
f 7320 7319 7321
f 7320 7321 7322
f 7323 7324 7325
f 7307 7308 7326
f 7326 7308 7309
f 7326 7309 7310
f 7327 7328 7329
f 7329 7328 7330
f 7329 7330 7331
f 7331 7300 7329
f 7329 7300 7301
f 7329 7301 7332
f 7332 7301 7302
f 7332 7302 7303
f 7314 7315 7333
f 7333 7315 7316
f 7333 7316 7320
f 7320 7316 7317
f 7320 7317 7318
f 7310 7311 7326
f 7326 7311 7312
f 7326 7312 7333
f 7333 7312 7313
f 7333 7313 7314
f 7325 7334 7323
f 7323 7334 7335
f 7323 7335 7329
f 7329 7335 7336
f 7329 7336 7327
f 7322 7337 7320
f 7320 7337 7338
f 7320 7338 7323
f 7323 7338 7339
f 7323 7339 7324
f 7303 7304 7332
f 7332 7304 7305
f 7332 7305 7326
f 7326 7305 7306
f 7326 7306 7307
f 7317 7257 7340
f 7317 7340 7318
f 7318 7340 7341
f 7318 7341 7319
f 7319 7341 7342
f 7319 7342 7321
f 7321 7342 7343
f 7321 7343 7322
f 7322 7343 7344
f 7322 7344 7337
f 7337 7344 7345
f 7337 7345 7338
f 7338 7345 7346
f 7338 7346 7339
f 7339 7346 7347
f 7339 7347 7324
f 7324 7347 7348
f 7324 7348 7325
f 7325 7348 7349
f 7325 7349 7334
f 7334 7349 7350
f 7334 7350 7335
f 7335 7350 7351
f 7335 7351 7336
f 7336 7351 7352
f 7336 7352 7327
f 7327 7352 7353
f 7327 7353 7328
f 7328 7353 7354
f 7328 7354 7330
f 7330 7354 7355
f 7330 7355 7331
f 7331 7355 7298
f 7331 7298 7300
f 7356 7357 7355
f 7355 7357 7299
f 7355 7299 7298
f 7356 7355 7358
f 7358 7355 7354
f 7358 7354 7359
f 7359 7354 7353
f 7359 7353 7360
f 7360 7353 7352
f 7360 7352 7361
f 7362 7363 7349
f 7349 7363 7364
f 7349 7364 7350
f 7350 7364 7365
f 7350 7365 7351
f 7351 7365 7366
f 7351 7366 7352
f 7352 7366 7367
f 7352 7367 7361
f 7362 7349 7368
f 7368 7349 7348
f 7368 7348 7369
f 7369 7348 7347
f 7369 7347 7370
f 7370 7347 7371
f 7371 7347 7346
f 7371 7346 7372
f 7372 7346 7345
f 7372 7345 7373
f 7374 7375 7342
f 7342 7375 7376
f 7342 7376 7343
f 7343 7376 7377
f 7343 7377 7344
f 7344 7377 7378
f 7344 7378 7345
f 7345 7378 7379
f 7345 7379 7373
f 7374 7342 7380
f 7380 7342 7341
f 7380 7341 7381
f 7381 7341 7340
f 7381 7340 7382
f 7382 7340 7257
f 7382 7257 7256
f 7256 7383 7382
f 7382 7383 7384
f 7382 7384 7381
f 7381 7384 7380
f 7380 7384 7385
f 7380 7385 7374
f 7374 7385 7375
f 7375 7385 7386
f 7375 7386 7376
f 7387 7378 7386
f 7386 7378 7377
f 7386 7377 7376
f 7372 7373 7387
f 7387 7373 7379
f 7387 7379 7378
f 7372 7387 7371
f 7371 7387 7388
f 7371 7388 7370
f 7370 7388 7389
f 7370 7389 7369
f 7369 7389 7368
f 7368 7389 7390
f 7368 7390 7362
f 7362 7390 7363
f 7363 7390 7391
f 7363 7391 7364
f 7392 7366 7391
f 7391 7366 7365
f 7391 7365 7364
f 7359 7360 7393
f 7393 7360 7361
f 7393 7361 7392
f 7392 7361 7367
f 7392 7367 7366
f 7359 7393 7358
f 7358 7393 7394
f 7358 7394 7356
f 7356 7394 7357
f 7357 7394 7395
f 7357 7395 7299
f 7299 7395 7297
f 7297 7395 7396
f 7297 7396 7295
f 7295 7396 7293
f 7293 7396 7397
f 7293 7397 7284
f 7284 7397 7285
f 7285 7397 7398
f 7285 7398 7287
f 7399 7291 7398
f 7398 7291 7289
f 7398 7289 7287
f 7281 7283 7399
f 7399 7283 7292
f 7399 7292 7291
f 7281 7399 7279
f 7279 7399 7400
f 7279 7400 7278
f 7278 7400 7401
f 7278 7401 7276
f 7276 7401 7274
f 7274 7401 7402
f 7274 7402 7265
f 7265 7402 7266
f 7266 7402 7403
f 7266 7403 7268
f 7404 7272 7403
f 7403 7272 7270
f 7403 7270 7268
f 7260 7262 7405
f 7405 7262 7264
f 7405 7264 7404
f 7404 7264 7273
f 7404 7273 7272
f 7260 7405 7258
f 7258 7405 7406
f 7258 7406 7253
f 7253 7406 7254
f 7254 7406 7383
f 7254 7383 7256
f 7407 7383 7406
f 7407 7406 7408
f 7408 7406 7405
f 7408 7405 7409
f 7409 7405 7404
f 7409 7404 7410
f 7410 7404 7403
f 7410 7403 7411
f 7411 7403 7402
f 7411 7402 7412
f 7412 7402 7401
f 7412 7401 7413
f 7413 7401 7400
f 7413 7400 7414
f 7414 7400 7399
f 7414 7399 7415
f 7415 7399 7398
f 7415 7398 7416
f 7416 7398 7397
f 7416 7397 7417
f 7417 7397 7396
f 7417 7396 7418
f 7418 7396 7395
f 7418 7395 7419
f 7418 7419 7420
f 7421 7422 7418
f 7418 7422 7423
f 7420 7424 7418
f 7418 7424 7425
f 7418 7425 7421
f 7423 7426 7418
f 7418 7426 7427
f 7418 7427 7428
f 7407 7408 7418
f 7418 7408 7409
f 7428 7429 7418
f 7418 7429 7430
f 7418 7430 7407
f 7409 7410 7418
f 7418 7410 7411
f 7418 7411 7412
f 7414 7415 7416
f 7412 7413 7418
f 7418 7413 7414
f 7418 7414 7417
f 7417 7414 7416
f 7419 7395 7394
f 7419 7394 7420
f 7420 7394 7393
f 7420 7393 7424
f 7424 7393 7392
f 7424 7392 7425
f 7425 7392 7391
f 7425 7391 7421
f 7421 7391 7390
f 7421 7390 7422
f 7422 7390 7389
f 7422 7389 7423
f 7423 7389 7388
f 7423 7388 7426
f 7426 7388 7387
f 7426 7387 7427
f 7427 7387 7386
f 7427 7386 7428
f 7428 7386 7385
f 7428 7385 7429
f 7429 7385 7384
f 7429 7384 7430
f 7430 7384 7383
f 7430 7383 7407
f 7332 7326 7431
f 7431 7326 7432
f 7326 7333 7432
f 7432 7333 7433
f 7333 7320 7433
f 7433 7320 7434
f 7320 7323 7434
f 7434 7323 7435
f 7323 7329 7435
f 7435 7329 7436
f 7329 7332 7436
f 7436 7332 7431
f 7433 7434 7432
f 7432 7434 7435
f 7432 7435 7431
f 7431 7435 7436
f 7437 7438 7439
f 7437 7439 7440
f 7440 7439 7441
f 7440 7441 7442
f 7442 7441 7443
f 7442 7443 7444
f 7444 7443 7445
f 7444 7445 7446
f 7446 7445 7447
f 7446 7447 7448
f 7448 7447 7449
f 7448 7449 7450
f 7450 7449 7451
f 7450 7451 7452
f 7452 7451 7453
f 7452 7453 7454
f 7454 7453 7455
f 7454 7455 7456
f 7456 7455 7457
f 7456 7457 7458
f 7458 7457 7459
f 7458 7459 7460
f 7460 7459 7461
f 7460 7461 7462
f 7462 7461 7438
f 7462 7438 7437
f 7447 7445 7443
f 7438 7461 7459
f 7451 7449 7439
f 7439 7449 7447
f 7439 7447 7441
f 7441 7447 7443
f 7451 7439 7453
f 7453 7439 7438
f 7453 7438 7455
f 7455 7438 7459
f 7455 7459 7457
f 7460 7463 7458
f 7458 7463 7464
f 7458 7464 7456
f 7464 7465 7456
f 7456 7465 7466
f 7456 7466 7454
f 7454 7466 7467
f 7454 7467 7452
f 7442 7468 7469
f 7469 7470 7442
f 7442 7470 7471
f 7442 7471 7440
f 7440 7471 7472
f 7440 7472 7437
f 7437 7472 7473
f 7437 7473 7462
f 7462 7473 7474
f 7462 7474 7460
f 7460 7474 7475
f 7460 7475 7463
f 7467 7476 7452
f 7452 7476 7477
f 7452 7477 7450
f 7450 7477 7478
f 7450 7478 7448
f 7448 7478 7479
f 7448 7479 7446
f 7446 7479 7480
f 7446 7480 7444
f 7444 7480 7481
f 7444 7481 7442
f 7442 7481 7482
f 7442 7482 7468
f 7483 7484 7472
f 7472 7484 7473
f 7473 7484 7485
f 7473 7485 7474
f 7474 7485 7486
f 7474 7486 7475
f 7475 7486 7487
f 7475 7487 7463
f 7463 7487 7488
f 7463 7488 7464
f 7464 7488 7489
f 7464 7489 7465
f 7465 7489 7490
f 7465 7490 7466
f 7466 7490 7491
f 7466 7491 7467
f 7467 7491 7492
f 7467 7492 7476
f 7476 7492 7493
f 7476 7493 7477
f 7477 7493 7494
f 7477 7494 7478
f 7478 7494 7495
f 7478 7495 7479
f 7479 7495 7496
f 7479 7496 7480
f 7496 7497 7480
f 7480 7497 7481
f 7498 7499 7500
f 7501 7502 7497
f 7497 7502 7481
f 7500 7503 7504
f 7504 7503 7505
f 7504 7505 7506
f 7507 7504 7501
f 7501 7504 7506
f 7501 7506 7502
f 7498 7500 7508
f 7507 7509 7504
f 7504 7509 7510
f 7504 7510 7500
f 7500 7510 7511
f 7500 7511 7508
f 7512 7513 7483
f 7483 7513 7514
f 7514 7515 7483
f 7483 7515 7516
f 7483 7516 7497
f 7497 7516 7517
f 7497 7517 7501
f 7518 7519 7520
f 7521 7522 7523
f 7524 7525 7526
f 7525 7527 7528
f 7528 7527 7529
f 7528 7529 7530
f 7530 7529 7531
f 7530 7531 7532
f 7532 7531 7533
f 7532 7533 7534
f 7534 7533 7535
f 7534 7535 7536
f 7536 7535 7537
f 7536 7537 7522
f 7522 7537 7538
f 7522 7538 7523
f 7539 7540 7541
f 7526 7525 7541
f 7541 7525 7528
f 7541 7528 7539
f 7542 7543 7544
f 7544 7543 7545
f 7544 7545 7546
f 7546 7545 7547
f 7546 7547 7524
f 7516 7548 7517
f 7517 7548 7549
f 7517 7549 7542
f 7542 7544 7517
f 7517 7544 7550
f 7517 7550 7501
f 7520 7519 7551
f 7507 7551 7509
f 7509 7551 7519
f 7509 7519 7510
f 7510 7519 7518
f 7508 7552 7498
f 7498 7552 7553
f 7498 7553 7499
f 7554 7555 7556
f 7556 7555 7553
f 7556 7553 7557
f 7557 7553 7552
f 7557 7552 7558
f 7558 7552 7508
f 7558 7508 7511
f 7521 7523 7559
f 7559 7523 7560
f 7559 7560 7561
f 7562 7563 7564
f 7564 7563 7565
f 7564 7565 7566
f 7567 7568 7561
f 7561 7568 7569
f 7570 7568 7563
f 7563 7568 7567
f 7563 7567 7565
f 7565 7567 7561
f 7565 7561 7566
f 7566 7561 7560
f 7513 7512 7563
f 7563 7512 7571
f 7563 7571 7570
f 7572 7514 7573
f 7573 7514 7513
f 7573 7513 7574
f 7574 7513 7563
f 7574 7563 7575
f 7575 7563 7562
f 7572 7576 7514
f 7514 7576 7577
f 7514 7577 7515
f 7515 7577 7578
f 7515 7578 7516
f 7540 7554 7541
f 7541 7554 7556
f 7541 7556 7526
f 7526 7556 7557
f 7526 7557 7520
f 7520 7557 7558
f 7520 7558 7518
f 7518 7558 7511
f 7518 7511 7510
f 7524 7526 7546
f 7546 7526 7520
f 7546 7520 7544
f 7544 7520 7551
f 7544 7551 7550
f 7550 7551 7507
f 7550 7507 7501
f 7533 7579 7535
f 7535 7579 7580
f 7535 7580 7537
f 7537 7580 7538
f 7516 7581 7548
f 7548 7581 7582
f 7548 7582 7549
f 7549 7582 7583
f 7584 7543 7583
f 7583 7543 7542
f 7583 7542 7549
f 7585 7547 7584
f 7584 7547 7545
f 7584 7545 7543
f 7586 7525 7585
f 7585 7525 7524
f 7585 7524 7547
f 7533 7531 7579
f 7579 7531 7529
f 7579 7529 7586
f 7586 7529 7527
f 7586 7527 7525
f 7538 7580 7523
f 7523 7580 7587
f 7523 7587 7560
f 7560 7587 7588
f 7575 7562 7589
f 7589 7562 7564
f 7589 7564 7588
f 7588 7564 7566
f 7588 7566 7560
f 7590 7591 7576
f 7576 7572 7590
f 7590 7572 7573
f 7590 7573 7589
f 7589 7573 7574
f 7589 7574 7575
f 7581 7516 7592
f 7592 7516 7578
f 7592 7578 7591
f 7591 7578 7577
f 7591 7577 7576
f 7591 7590 7589
f 7579 7581 7580
f 7580 7581 7592
f 7580 7592 7587
f 7587 7592 7591
f 7587 7591 7588
f 7588 7591 7589
f 7585 7584 7586
f 7586 7584 7583
f 7586 7583 7579
f 7579 7583 7582
f 7579 7582 7581
f 7593 7594 7595
f 7536 7596 7534
f 7534 7596 7597
f 7534 7597 7532
f 7532 7597 7530
f 7598 7599 7595
f 7595 7599 7600
f 7595 7600 7593
f 7598 7601 7599
f 7599 7601 7503
f 7599 7503 7602
f 7553 7603 7499
f 7499 7603 7602
f 7499 7602 7500
f 7500 7602 7503
f 7553 7555 7603
f 7603 7555 7554
f 7603 7554 7604
f 7554 7540 7604
f 7604 7540 7539
f 7604 7539 7597
f 7597 7539 7528
f 7597 7528 7530
f 7605 7606 7607
f 7607 7606 7608
f 7607 7608 7609
f 7609 7608 7610
f 7609 7610 7611
f 7611 7610 7612
f 7611 7612 7613
f 7613 7612 7593
f 7613 7593 7614
f 7614 7593 7600
f 7614 7600 7615
f 7615 7600 7599
f 7615 7599 7616
f 7616 7599 7602
f 7616 7602 7617
f 7617 7602 7603
f 7617 7603 7618
f 7618 7603 7604
f 7618 7604 7619
f 7619 7604 7597
f 7619 7597 7620
f 7620 7597 7596
f 7620 7596 7621
f 7621 7596 7622
f 7621 7622 7623
f 7623 7622 7605
f 7623 7605 7607
f 7521 7622 7522
f 7522 7622 7596
f 7522 7596 7536
f 7594 7593 7624
f 7624 7593 7612
f 7624 7612 7625
f 7625 7612 7610
f 7625 7610 7626
f 7626 7610 7627
f 7627 7610 7628
f 7628 7610 7608
f 7628 7608 7629
f 7521 7559 7622
f 7622 7559 7561
f 7622 7561 7605
f 7605 7561 7569
f 7605 7569 7606
f 7606 7569 7630
f 7606 7630 7608
f 7608 7630 7631
f 7608 7631 7629
f 7632 7598 7595
f 7626 7627 7633
f 7629 7631 7634
f 7635 7470 7469
f 7598 7632 7601
f 7636 7502 7506
f 7481 7502 7482
f 7482 7502 7636
f 7482 7636 7468
f 7637 7468 7638
f 7638 7468 7636
f 7638 7636 7639
f 7639 7636 7506
f 7639 7506 7505
f 7640 7641 7471
f 7471 7641 7472
f 7470 7635 7471
f 7471 7635 7642
f 7471 7642 7640
f 7640 7642 7643
f 7640 7643 7641
f 7641 7643 7644
f 7641 7644 7645
f 7646 7647 7648
f 7647 7649 7650
f 7650 7649 7651
f 7650 7651 7634
f 7634 7651 7628
f 7634 7628 7629
f 7626 7633 7625
f 7625 7633 7652
f 7625 7652 7624
f 7647 7646 7649
f 7649 7646 7633
f 7649 7633 7651
f 7651 7633 7627
f 7651 7627 7628
f 7503 7601 7505
f 7505 7601 7632
f 7505 7632 7639
f 7639 7632 7595
f 7639 7595 7638
f 7638 7595 7594
f 7638 7594 7637
f 7637 7594 7624
f 7637 7624 7653
f 7653 7624 7652
f 7653 7652 7654
f 7654 7652 7633
f 7654 7633 7655
f 7655 7633 7646
f 7655 7646 7656
f 7656 7646 7648
f 7648 7645 7656
f 7656 7645 7644
f 7656 7644 7655
f 7655 7644 7643
f 7655 7643 7654
f 7654 7643 7642
f 7654 7642 7653
f 7653 7642 7635
f 7653 7635 7637
f 7637 7635 7469
f 7637 7469 7468
f 7570 7571 7657
f 7657 7571 7512
f 7648 7647 7657
f 7657 7647 7650
f 7657 7650 7630
f 7630 7650 7634
f 7630 7634 7631
f 7648 7657 7645
f 7645 7657 7512
f 7645 7512 7641
f 7641 7512 7483
f 7641 7483 7472
f 7570 7657 7568
f 7568 7657 7630
f 7568 7630 7569
f 7620 7658 7659
f 7620 7659 7619
f 7619 7659 7660
f 7619 7660 7618
f 7618 7660 7661
f 7618 7661 7617
f 7662 7615 7616
f 7661 7663 7617
f 7617 7663 7664
f 7617 7664 7616
f 7616 7664 7665
f 7616 7665 7662
f 7662 7666 7615
f 7615 7666 7667
f 7615 7667 7614
f 7614 7667 7668
f 7614 7668 7613
f 7613 7668 7669
f 7613 7669 7611
f 7611 7669 7670
f 7611 7670 7609
f 7609 7670 7671
f 7609 7671 7607
f 7607 7671 7672
f 7607 7672 7623
f 7623 7672 7673
f 7623 7673 7621
f 7621 7673 7658
f 7621 7658 7620
f 7674 7675 7676
f 7676 7675 7677
f 7676 7677 7678
f 7678 7677 7679
f 7679 7677 7680
f 7679 7680 7681
f 7681 7680 7682
f 7682 7680 7683
f 7682 7683 7684
f 7685 7686 7683
f 7683 7686 7687
f 7683 7687 7684
f 7688 7689 7690
f 7690 7691 7688
f 7688 7691 7692
f 7688 7692 7685
f 7685 7692 7693
f 7685 7693 7686
f 7675 7694 7677
f 7677 7694 7695
f 7677 7695 7680
f 7680 7695 7696
f 7680 7696 7683
f 7683 7696 7697
f 7683 7697 7685
f 7685 7697 7698
f 7685 7698 7688
f 7688 7698 7699
f 7688 7699 7689
f 7689 7699 7700
f 7694 7701 7695
f 7695 7701 7702
f 7695 7702 7696
f 7696 7702 7703
f 7696 7703 7697
f 7697 7703 7704
f 7697 7704 7698
f 7698 7704 7705
f 7698 7705 7699
f 7699 7705 7706
f 7699 7706 7700
f 7700 7706 7707
f 7701 7658 7702
f 7702 7658 7673
f 7702 7673 7703
f 7703 7673 7672
f 7703 7672 7704
f 7704 7672 7671
f 7704 7671 7705
f 7705 7671 7670
f 7705 7670 7706
f 7706 7670 7669
f 7706 7669 7707
f 7707 7669 7668
f 7674 7708 7709
f 7707 7668 7710
f 7710 7668 7667
f 7710 7667 7711
f 7667 7666 7711
f 7711 7666 7662
f 7711 7662 7712
f 7712 7662 7665
f 7690 7689 7713
f 7713 7689 7714
f 7713 7714 7715
f 7715 7714 7716
f 7715 7716 7717
f 7717 7716 7718
f 7717 7718 7719
f 7719 7718 7720
f 7719 7720 7708
f 7689 7700 7714
f 7714 7700 7721
f 7714 7721 7716
f 7716 7721 7722
f 7716 7722 7718
f 7718 7722 7723
f 7718 7723 7720
f 7720 7723 7724
f 7700 7707 7721
f 7721 7707 7710
f 7721 7710 7722
f 7722 7710 7711
f 7722 7711 7723
f 7723 7711 7712
f 7723 7712 7724
f 7724 7712 7725
f 7665 7664 7712
f 7712 7664 7663
f 7712 7663 7725
f 7725 7663 7661
f 7725 7661 7660
f 7708 7720 7709
f 7709 7720 7724
f 7709 7724 7726
f 7726 7724 7725
f 7726 7725 7727
f 7727 7725 7660
f 7727 7660 7659
f 7674 7709 7675
f 7675 7709 7726
f 7675 7726 7694
f 7694 7726 7727
f 7694 7727 7701
f 7701 7727 7659
f 7701 7659 7658
f 7674 7728 7729
f 7674 7729 7708
f 7708 7729 7730
f 7708 7730 7719
f 7719 7730 7731
f 7719 7731 7717
f 7717 7731 7732
f 7717 7732 7715
f 7715 7732 7733
f 7715 7733 7713
f 7713 7733 7734
f 7713 7734 7690
f 7734 7735 7690
f 7690 7735 7691
f 7691 7735 7692
f 7692 7735 7736
f 7692 7736 7693
f 7693 7736 7737
f 7693 7737 7686
f 7686 7737 7738
f 7686 7738 7687
f 7687 7738 7739
f 7687 7739 7684
f 7684 7739 7740
f 7684 7740 7682
f 7682 7740 7741
f 7682 7741 7681
f 7681 7741 7742
f 7681 7742 7679
f 7679 7742 7743
f 7679 7743 7678
f 7678 7743 7744
f 7678 7744 7676
f 7744 7745 7676
f 7676 7745 7728
f 7676 7728 7674
f 7746 7747 7748
f 7734 7749 7735
f 7735 7749 7750
f 7735 7750 7736
f 7736 7750 7737
f 7737 7750 7751
f 7737 7751 7738
f 7748 7752 7746
f 7746 7752 7753
f 7746 7753 7754
f 7738 7751 7739
f 7739 7751 7755
f 7739 7755 7740
f 7753 7756 7754
f 7754 7756 7757
f 7754 7757 7758
f 7759 7742 7755
f 7755 7742 7741
f 7755 7741 7740
f 7749 7760 7750
f 7750 7760 7761
f 7750 7761 7751
f 7751 7761 7762
f 7751 7762 7755
f 7755 7762 7763
f 7755 7763 7759
f 7759 7763 7764
f 7759 7764 7765
f 7760 7747 7761
f 7761 7747 7746
f 7761 7746 7762
f 7762 7746 7754
f 7762 7754 7763
f 7763 7754 7758
f 7763 7758 7764
f 7764 7758 7766
f 7757 7767 7758
f 7758 7767 7768
f 7758 7768 7766
f 7766 7768 7769
f 7766 7769 7770
f 7765 7764 7771
f 7771 7764 7766
f 7771 7766 7772
f 7772 7766 7770
f 7772 7770 7773
f 7728 7745 7765
f 7765 7745 7744
f 7765 7744 7759
f 7759 7744 7743
f 7759 7743 7742
f 7728 7765 7774
f 7774 7765 7771
f 7774 7771 7775
f 7775 7771 7772
f 7775 7772 7776
f 7776 7772 7773
f 7776 7773 7777
f 7728 7774 7729
f 7729 7774 7778
f 7729 7778 7730
f 7730 7778 7779
f 7730 7779 7731
f 7731 7779 7780
f 7731 7780 7732
f 7732 7780 7781
f 7732 7781 7733
f 7733 7781 7782
f 7733 7782 7734
f 7734 7782 7749
f 7774 7775 7778
f 7778 7775 7783
f 7778 7783 7779
f 7779 7783 7784
f 7779 7784 7780
f 7780 7784 7785
f 7780 7785 7781
f 7781 7785 7786
f 7781 7786 7782
f 7782 7786 7787
f 7782 7787 7749
f 7749 7787 7760
f 7775 7776 7783
f 7783 7776 7788
f 7783 7788 7784
f 7784 7788 7789
f 7784 7789 7785
f 7785 7789 7790
f 7785 7790 7786
f 7786 7790 7791
f 7786 7791 7787
f 7787 7791 7792
f 7787 7792 7760
f 7760 7792 7747
f 7776 7777 7788
f 7788 7777 7793
f 7788 7793 7789
f 7789 7793 7794
f 7789 7794 7790
f 7790 7794 7795
f 7790 7795 7791
f 7791 7795 7796
f 7791 7796 7792
f 7792 7796 7797
f 7792 7797 7747
f 7747 7797 7748
f 7777 7798 7799
f 7777 7799 7793
f 7793 7799 7800
f 7793 7800 7794
f 7794 7800 7801
f 7794 7801 7795
f 7795 7801 7802
f 7795 7802 7796
f 7796 7802 7803
f 7796 7803 7797
f 7797 7803 7804
f 7797 7804 7748
f 7748 7804 7805
f 7748 7805 7752
f 7752 7805 7806
f 7752 7806 7753
f 7753 7806 7756
f 7756 7806 7807
f 7756 7807 7757
f 7757 7807 7767
f 7767 7807 7808
f 7767 7808 7768
f 7768 7808 7769
f 7769 7808 7809
f 7769 7809 7770
f 7770 7809 7810
f 7770 7810 7773
f 7773 7810 7798
f 7773 7798 7777
f 7811 7812 7807
f 7807 7812 7813
f 7807 7813 7808
f 7808 7813 7814
f 7808 7814 7809
f 7809 7814 7815
f 7809 7815 7810
f 7810 7815 7816
f 7810 7816 7798
f 7798 7816 7817
f 7798 7817 7799
f 7799 7817 7818
f 7799 7818 7800
f 7800 7818 7819
f 7800 7819 7801
f 7801 7819 7820
f 7801 7820 7802
f 7802 7820 7821
f 7802 7821 7803
f 7803 7821 7822
f 7803 7822 7804
f 7804 7822 7823
f 7804 7823 7805
f 7805 7823 7824
f 7805 7824 7806
f 7806 7824 7811
f 7806 7811 7807
f 7820 7825 7826
f 7820 7826 7821
f 7827 7813 7828
f 7828 7813 7812
f 7828 7812 7829
f 7826 7830 7821
f 7821 7830 7831
f 7821 7831 7822
f 7831 7832 7822
f 7822 7832 7833
f 7822 7833 7823
f 7833 7834 7823
f 7823 7834 7835
f 7823 7835 7824
f 7835 7836 7824
f 7824 7836 7837
f 7824 7837 7811
f 7837 7838 7811
f 7811 7838 7839
f 7811 7839 7812
f 7812 7839 7840
f 7812 7840 7829
f 7841 7842 7843
f 7843 7842 7844
f 7845 7828 7846
f 7846 7828 7843
f 7846 7843 7847
f 7847 7843 7844
f 7845 7848 7828
f 7828 7848 7849
f 7828 7849 7827
f 7840 7850 7829
f 7829 7850 7828
f 7850 7851 7828
f 7828 7851 7852
f 7828 7852 7843
f 7843 7852 7853
f 7843 7853 7854
f 7855 7856 7857
f 7858 7859 7860
f 7860 7859 7861
f 7860 7861 7862
f 7862 7861 7863
f 7862 7863 7864
f 7864 7863 7865
f 7864 7865 7866
f 7867 7868 7869
f 7870 7871 7872
f 7872 7871 7873
f 7872 7873 7868
f 7874 7875 7842
f 7842 7875 7844
f 7847 7844 7876
f 7876 7844 7875
f 7876 7875 7870
f 7870 7875 7874
f 7870 7874 7871
f 7871 7874 7842
f 7871 7842 7841
f 7856 7877 7878
f 7855 7857 7879
f 7879 7857 7880
f 7879 7880 7881
f 7869 7882 7867
f 7867 7882 7883
f 7867 7883 7884
f 7858 7885 7859
f 7859 7885 7883
f 7859 7883 7861
f 7861 7883 7882
f 7861 7882 7863
f 7863 7882 7869
f 7863 7869 7865
f 7856 7878 7857
f 7857 7878 7886
f 7857 7886 7887
f 7884 7888 7867
f 7867 7888 7881
f 7867 7881 7889
f 7889 7881 7880
f 7889 7880 7890
f 7890 7880 7857
f 7890 7857 7891
f 7891 7857 7887
f 7891 7887 7892
f 7868 7867 7872
f 7872 7867 7889
f 7872 7889 7870
f 7870 7889 7890
f 7870 7890 7876
f 7876 7890 7891
f 7876 7891 7847
f 7847 7891 7892
f 7847 7892 7846
f 7846 7892 7887
f 7846 7887 7845
f 7845 7887 7886
f 7845 7886 7848
f 7848 7886 7878
f 7848 7878 7849
f 7849 7878 7877
f 7849 7877 7827
f 7893 7894 7895
f 7893 7896 7897
f 7897 7898 7893
f 7893 7898 7899
f 7893 7899 7894
f 7894 7899 7900
f 7894 7900 7901
f 7901 7902 7894
f 7894 7902 7903
f 7894 7903 7825
f 7858 7860 7894
f 7894 7860 7862
f 7894 7862 7895
f 7895 7862 7864
f 7895 7864 7866
f 7904 7905 7906
f 7907 7908 7909
f 7910 7911 7912
f 7913 7914 7915
f 7914 7913 7916
f 7917 7918 7912
f 7912 7918 7919
f 7919 7920 7912
f 7912 7920 7916
f 7912 7916 7910
f 7910 7916 7913
f 7910 7913 7921
f 7911 7922 7923
f 7923 7922 7924
f 7923 7924 7925
f 7925 7924 7926
f 7925 7926 7927
f 7928 7929 7930
f 7930 7929 7931
f 7930 7931 7932
f 7932 7931 7933
f 7896 7934 7935
f 7935 7934 7936
f 7935 7936 7937
f 7897 7938 7898
f 7898 7938 7939
f 7898 7939 7899
f 7899 7939 7940
f 7899 7940 7900
f 7900 7940 7941
f 7900 7941 7901
f 7901 7941 7942
f 7901 7942 7902
f 7902 7942 7943
f 7902 7943 7903
f 7903 7943 7826
f 7903 7826 7825
f 7833 7832 7944
f 7944 7832 7831
f 7944 7831 7945
f 7945 7831 7830
f 7945 7830 7946
f 7946 7830 7947
f 7948 7949 7835
f 7835 7949 7836
f 7839 7838 7950
f 7950 7838 7837
f 7950 7837 7836
f 7906 7852 7951
f 7951 7852 7851
f 7951 7851 7952
f 7952 7851 7850
f 7952 7850 7953
f 7909 7854 7906
f 7906 7854 7853
f 7906 7853 7852
f 7906 7905 7909
f 7909 7905 7954
f 7909 7954 7907
f 7904 7906 7955
f 7955 7906 7951
f 7955 7951 7956
f 7836 7949 7950
f 7950 7949 7957
f 7950 7957 7958
f 7956 7951 7958
f 7958 7951 7952
f 7958 7952 7950
f 7950 7952 7953
f 7950 7953 7839
f 7839 7953 7850
f 7839 7850 7840
f 7944 7959 7833
f 7833 7959 7960
f 7833 7960 7834
f 7834 7960 7961
f 7834 7961 7835
f 7835 7961 7962
f 7835 7962 7948
f 7948 7962 7963
f 7948 7963 7949
f 7949 7963 7964
f 7949 7964 7957
f 7830 7826 7947
f 7947 7826 7943
f 7947 7943 7965
f 7965 7943 7942
f 7965 7942 7966
f 7965 7967 7947
f 7947 7967 7921
f 7947 7921 7946
f 7946 7921 7913
f 7946 7913 7945
f 7945 7913 7915
f 7945 7915 7944
f 7944 7915 7968
f 7944 7968 7959
f 7936 7938 7937
f 7969 7933 7970
f 7970 7933 7931
f 7970 7931 7971
f 7971 7931 7929
f 7972 7973 7974
f 7934 7928 7936
f 7936 7928 7930
f 7936 7930 7938
f 7938 7930 7932
f 7938 7932 7974
f 7974 7932 7933
f 7974 7933 7972
f 7972 7933 7969
f 7971 7927 7970
f 7970 7927 7926
f 7970 7926 7969
f 7969 7926 7975
f 7969 7975 7972
f 7972 7975 7976
f 7972 7976 7973
f 7973 7976 7977
f 7911 7910 7922
f 7922 7910 7921
f 7922 7921 7924
f 7924 7921 7967
f 7924 7967 7926
f 7926 7967 7965
f 7926 7965 7975
f 7975 7965 7966
f 7975 7966 7976
f 7976 7966 7942
f 7976 7942 7977
f 7977 7942 7941
f 7977 7941 7973
f 7973 7941 7940
f 7973 7940 7974
f 7974 7940 7939
f 7974 7939 7938
f 7937 7938 7897
f 7937 7897 7935
f 7935 7897 7896
f 7978 7960 7959
f 7978 7959 7979
f 7917 7980 7918
f 7918 7980 7981
f 7918 7981 7919
f 7919 7981 7982
f 7959 7968 7979
f 7979 7968 7915
f 7979 7915 7983
f 7983 7915 7914
f 7983 7914 7984
f 7984 7914 7916
f 7984 7916 7982
f 7982 7916 7920
f 7982 7920 7919
f 7962 7961 7985
f 7985 7961 7960
f 7985 7960 7978
f 7962 7985 7963
f 7963 7985 7986
f 7963 7986 7964
f 7964 7986 7957
f 7957 7986 7987
f 7957 7987 7958
f 7905 7904 7988
f 7988 7904 7955
f 7988 7955 7987
f 7987 7955 7956
f 7987 7956 7958
f 7988 7989 7905
f 7905 7989 7990
f 7905 7990 7954
f 7991 7908 7990
f 7990 7908 7907
f 7990 7907 7954
f 7908 7991 7909
f 7909 7991 7992
f 7909 7992 7854
f 7993 7994 7995
f 7925 7927 7995
f 7995 7927 7971
f 7971 7929 7995
f 7995 7929 7928
f 7995 7928 7934
f 7934 7896 7995
f 7996 7997 7998
f 7998 7997 7999
f 7998 7999 8000
f 7995 8001 7993
f 7993 8001 8002
f 7993 8002 8003
f 8003 8002 8004
f 8003 8004 7996
f 7996 8004 8005
f 7996 8005 7997
f 7994 7980 7995
f 7995 7980 7917
f 7995 7917 7912
f 7912 7911 7995
f 7995 7911 7923
f 7995 7923 7925
f 7994 8006 7980
f 7980 8006 8007
f 7980 8007 7991
f 7991 8007 8008
f 7991 8008 7992
f 7992 8008 8009
f 7992 8009 8010
f 8010 8009 8011
f 8010 8011 8012
f 8012 8011 8013
f 8012 8013 8014
f 8014 8013 8000
f 8014 8000 8015
f 8015 8000 7999
f 7979 7991 7978
f 7978 7991 7990
f 7978 7990 7985
f 7979 7983 7984
f 7980 7991 7981
f 7981 7991 7979
f 7981 7979 7982
f 7982 7979 7984
f 7987 7986 7988
f 7988 7986 7985
f 7988 7985 7989
f 7989 7985 7990
f 7854 7992 7843
f 7843 7992 8016
f 7843 8016 7841
f 7992 8010 8016
f 8016 8010 8017
f 8017 8010 8012
f 8017 8012 8018
f 8018 8012 8014
f 8018 8014 8019
f 8019 8014 8015
f 8019 8015 8020
f 8020 8015 7999
f 8020 7999 8021
f 8021 7999 7997
f 8021 7997 8022
f 8022 7997 8005
f 8022 8005 8023
f 8023 8005 8004
f 8023 8004 8024
f 8024 8004 8002
f 8024 8002 8025
f 8025 8002 8001
f 8025 8001 8026
f 8001 7995 8026
f 8026 7995 8027
f 8028 7873 7871
f 8029 8022 8030
f 8030 8022 8023
f 8030 8023 8031
f 8028 7871 8032
f 8032 7871 7841
f 8032 7841 8033
f 8033 7841 8016
f 8033 8016 8034
f 8034 8016 8017
f 8034 8017 8035
f 8023 8024 8031
f 8031 8024 8025
f 8031 8025 8036
f 8036 8025 8026
f 8036 8026 8037
f 8037 8026 8027
f 8037 8027 8038
f 8038 8027 7866
f 8017 8018 8035
f 8035 8018 8019
f 8035 8019 8039
f 8039 8019 8020
f 8039 8020 8029
f 8029 8020 8021
f 8029 8021 8022
f 7866 7865 8038
f 8038 7865 7869
f 8038 7869 8028
f 8028 7869 7868
f 8028 7868 7873
f 8027 7995 7896
f 7896 7893 8027
f 8027 7893 7895
f 8027 7895 7866
f 8034 8011 8033
f 8033 8011 8009
f 8033 8009 8032
f 8032 8009 8008
f 8032 8008 8028
f 8028 8008 8007
f 8028 8007 8038
f 8038 8007 8006
f 8038 8006 8037
f 8037 8006 7994
f 8037 7994 8036
f 8036 7994 7993
f 8036 7993 8031
f 8031 7993 8003
f 8031 8003 8030
f 8030 8003 7996
f 8030 7996 8029
f 8029 7996 7998
f 8029 7998 8039
f 8039 7998 8000
f 8039 8000 8035
f 8035 8000 8013
f 8035 8013 8034
f 8034 8013 8011
f 7819 7894 7820
f 7820 7894 7825
f 7813 7827 7814
f 7814 7827 7877
f 7814 7877 7815
f 7815 7877 7856
f 7856 7855 7815
f 7815 7855 7879
f 7815 7879 7816
f 7816 7879 7881
f 7816 7881 7817
f 7817 7881 7888
f 7888 7884 7817
f 7817 7884 7883
f 7817 7883 7818
f 7818 7883 7885
f 7818 7885 7819
f 7819 7885 7858
f 7819 7858 7894
f 8040 7485 8041
f 8041 7485 7484
f 8041 7484 8042
f 8043 7490 8044
f 8044 7490 7489
f 8044 7489 8045
f 8042 7484 8046
f 8046 7484 7483
f 8046 7483 8047
f 8047 7483 7497
f 8047 7497 8048
f 7489 7488 8045
f 8045 7488 7487
f 8045 7487 8040
f 8040 7487 7486
f 8040 7486 7485
f 8049 7493 8050
f 8050 7493 7492
f 8050 7492 8043
f 8043 7492 7491
f 8043 7491 7490
f 8048 7497 8051
f 8051 7497 7496
f 8051 7496 8052
f 8052 7496 7495
f 8052 7495 8049
f 8049 7495 7494
f 8049 7494 7493
f 8053 8050 8043
f 8053 8043 8054
f 8054 8043 8044
f 8054 8044 8055
f 8055 8044 8045
f 8055 8045 8056
f 8056 8045 8040
f 8056 8040 8057
f 8057 8040 8041
f 8057 8041 8058
f 8058 8041 8042
f 8058 8042 8059
f 8059 8042 8046
f 8059 8046 8060
f 8060 8046 8047
f 8060 8047 8061
f 8061 8047 8048
f 8061 8048 8062
f 8062 8048 8051
f 8062 8051 8063
f 8063 8051 8052
f 8063 8052 8064
f 8064 8052 8049
f 8064 8049 8065
f 8065 8049 8050
f 8065 8050 8053
f 8057 8066 8056
f 8056 8066 8067
f 8056 8067 8055
f 8063 8068 8062
f 8062 8068 8069
f 8062 8069 8061
f 8061 8069 8070
f 8061 8070 8060
f 8060 8070 8071
f 8060 8071 8059
f 8059 8071 8072
f 8059 8072 8058
f 8058 8072 8073
f 8058 8073 8057
f 8057 8073 8074
f 8057 8074 8066
f 8067 8075 8055
f 8055 8075 8076
f 8055 8076 8054
f 8054 8076 8077
f 8054 8077 8053
f 8053 8077 8078
f 8053 8078 8065
f 8065 8078 8079
f 8065 8079 8064
f 8064 8079 8080
f 8064 8080 8063
f 8063 8080 8081
f 8063 8081 8068
f 8082 8083 8074
f 8084 8085 8086
f 8087 8084 8066
f 8066 8084 8086
f 8066 8086 8067
f 8067 8086 8088
f 8067 8088 8075
f 8075 8088 8089
f 8075 8089 8090
f 8076 8091 8092
f 8076 8092 8077
f 8092 8093 8077
f 8077 8093 8094
f 8077 8094 8078
f 8078 8094 8095
f 8078 8095 8096
f 8090 8097 8075
f 8075 8097 8098
f 8075 8098 8076
f 8076 8098 8099
f 8076 8099 8091
f 8074 8083 8066
f 8066 8083 8100
f 8066 8100 8087
f 8082 8074 8101
f 8101 8074 8073
f 8101 8073 8102
f 8102 8073 8103
f 8103 8073 8072
f 8103 8072 8104
f 8105 8106 8107
f 8107 8106 8081
f 8081 8106 8068
f 8068 8106 8108
f 8068 8108 8069
f 8108 8109 8069
f 8069 8109 8110
f 8069 8110 8111
f 8071 8070 8112
f 8112 8113 8071
f 8071 8113 8114
f 8071 8114 8072
f 8072 8114 8115
f 8072 8115 8104
f 8111 8116 8069
f 8069 8116 8117
f 8069 8117 8070
f 8070 8117 8118
f 8070 8118 8112
f 8119 8120 8080
f 8080 8120 8121
f 8080 8121 8081
f 8081 8121 8122
f 8081 8122 8107
f 8119 8080 8123
f 8123 8080 8079
f 8123 8079 8124
f 8124 8079 8125
f 8125 8079 8078
f 8125 8078 8096
f 8090 8089 8106
f 8126 8127 8105
f 8105 8127 8106
f 8128 8129 8130
f 8131 8132 8105
f 8105 8132 8133
f 8105 8133 8126
f 8106 8127 8090
f 8090 8127 8134
f 8090 8134 8130
f 8130 8134 8135
f 8130 8135 8128
f 8106 8089 8108
f 8108 8089 8088
f 8108 8088 8109
f 8109 8088 8086
f 8110 8109 8086
f 8136 8137 8085
f 8085 8137 8086
f 8138 8139 8140
f 8141 8142 8085
f 8085 8142 8143
f 8085 8143 8136
f 8086 8137 8110
f 8110 8137 8144
f 8110 8144 8140
f 8140 8144 8145
f 8140 8145 8138
f 8116 8111 8146
f 8137 8147 8148
f 8148 8147 8149
f 8148 8149 8150
f 8150 8149 8151
f 8150 8151 8152
f 8152 8151 8153
f 8152 8153 8154
f 8154 8153 8155
f 8154 8155 8156
f 8156 8155 8157
f 8156 8157 8158
f 8158 8157 8159
f 8158 8159 8160
f 8160 8159 8161
f 8160 8161 8162
f 8162 8161 8163
f 8162 8163 8164
f 8164 8163 8165
f 8164 8165 8166
f 8146 8139 8138
f 8139 8146 8140
f 8140 8146 8111
f 8140 8111 8110
f 8116 8146 8117
f 8117 8146 8167
f 8117 8167 8118
f 8118 8167 8168
f 8118 8168 8112
f 8112 8168 8169
f 8112 8169 8113
f 8113 8169 8114
f 8114 8169 8170
f 8114 8170 8115
f 8115 8170 8104
f 8104 8170 8171
f 8104 8171 8103
f 8103 8171 8102
f 8102 8171 8172
f 8102 8172 8101
f 8101 8172 8173
f 8101 8173 8082
f 8082 8173 8083
f 8083 8173 8174
f 8083 8174 8100
f 8100 8174 8087
f 8087 8174 8175
f 8087 8175 8084
f 8137 8136 8147
f 8147 8136 8143
f 8147 8143 8142
f 8085 8084 8141
f 8141 8084 8175
f 8141 8175 8176
f 8176 8175 8174
f 8176 8174 8177
f 8177 8174 8173
f 8177 8173 8178
f 8178 8173 8172
f 8178 8172 8179
f 8179 8172 8171
f 8179 8171 8180
f 8180 8171 8170
f 8180 8170 8181
f 8181 8170 8169
f 8181 8169 8182
f 8182 8169 8168
f 8182 8168 8183
f 8183 8168 8167
f 8183 8167 8184
f 8184 8167 8146
f 8184 8146 8185
f 8185 8146 8138
f 8185 8138 8145
f 8144 8166 8145
f 8145 8166 8165
f 8145 8165 8185
f 8185 8165 8163
f 8185 8163 8184
f 8184 8163 8161
f 8184 8161 8183
f 8183 8161 8159
f 8183 8159 8182
f 8182 8159 8157
f 8182 8157 8181
f 8181 8157 8155
f 8181 8155 8180
f 8180 8155 8153
f 8180 8153 8179
f 8179 8153 8151
f 8179 8151 8178
f 8178 8151 8149
f 8178 8149 8177
f 8177 8149 8147
f 8177 8147 8176
f 8176 8147 8142
f 8176 8142 8141
f 8160 8162 8148
f 8144 8137 8166
f 8166 8137 8148
f 8166 8148 8164
f 8164 8148 8162
f 8154 8156 8152
f 8152 8156 8150
f 8150 8156 8148
f 8148 8156 8158
f 8148 8158 8160
f 8186 8187 8188
f 8186 8188 8189
f 8189 8188 8190
f 8189 8190 8191
f 8191 8190 8192
f 8191 8192 8193
f 8193 8192 8194
f 8193 8194 8195
f 8195 8194 8196
f 8195 8196 8197
f 8198 8128 8135
f 8130 8129 8199
f 8199 8129 8128
f 8090 8130 8097
f 8097 8130 8199
f 8097 8199 8098
f 8098 8199 8200
f 8098 8200 8099
f 8099 8200 8091
f 8091 8200 8201
f 8091 8201 8092
f 8092 8201 8202
f 8092 8202 8093
f 8093 8202 8094
f 8094 8202 8203
f 8094 8203 8095
f 8095 8203 8204
f 8095 8204 8096
f 8128 8198 8199
f 8199 8198 8205
f 8199 8205 8200
f 8200 8205 8206
f 8200 8206 8201
f 8201 8206 8207
f 8201 8207 8202
f 8202 8207 8208
f 8202 8208 8203
f 8203 8208 8209
f 8203 8209 8204
f 8134 8197 8135
f 8135 8197 8196
f 8135 8196 8198
f 8198 8196 8194
f 8198 8194 8205
f 8205 8194 8192
f 8205 8192 8206
f 8206 8192 8190
f 8206 8190 8207
f 8207 8190 8188
f 8207 8188 8208
f 8208 8188 8187
f 8208 8187 8209
f 8210 8186 8197
f 8197 8186 8189
f 8134 8127 8197
f 8197 8127 8211
f 8197 8211 8212
f 8189 8191 8197
f 8197 8191 8193
f 8197 8193 8195
f 8212 8213 8197
f 8197 8213 8214
f 8197 8214 8210
f 8215 8187 8186
f 8216 8204 8209
f 8096 8204 8125
f 8125 8204 8216
f 8125 8216 8124
f 8124 8216 8217
f 8124 8217 8123
f 8123 8217 8218
f 8123 8218 8119
f 8119 8218 8120
f 8120 8218 8219
f 8120 8219 8121
f 8121 8219 8122
f 8122 8219 8220
f 8122 8220 8107
f 8221 8133 8132
f 8211 8127 8126
f 8186 8210 8215
f 8215 8210 8214
f 8215 8214 8222
f 8222 8214 8213
f 8222 8213 8223
f 8223 8213 8212
f 8223 8212 8224
f 8224 8212 8211
f 8224 8211 8221
f 8221 8211 8126
f 8221 8126 8133
f 8105 8107 8131
f 8131 8107 8220
f 8131 8220 8225
f 8225 8220 8219
f 8225 8219 8226
f 8226 8219 8218
f 8226 8218 8227
f 8227 8218 8217
f 8227 8217 8228
f 8228 8217 8216
f 8228 8216 8229
f 8229 8216 8209
f 8229 8209 8187
f 8187 8215 8229
f 8229 8215 8222
f 8229 8222 8228
f 8228 8222 8223
f 8228 8223 8227
f 8227 8223 8224
f 8227 8224 8226
f 8226 8224 8221
f 8226 8221 8225
f 8225 8221 8132
f 8225 8132 8131
f 8230 8231 8232
f 8230 8232 8233
f 8233 8232 8234
f 8233 8234 8235
f 8235 8234 8236
f 8235 8236 8237
f 8237 8236 8238
f 8237 8238 8239
f 8239 8238 8240
f 8239 8240 8241
f 8241 8240 8242
f 8241 8242 8243
f 8243 8242 8244
f 8243 8244 8245
f 8245 8244 8246
f 8245 8246 8247
f 8247 8246 8248
f 8247 8248 8249
f 8249 8248 8250
f 8249 8250 8251
f 8251 8250 8252
f 8251 8252 8253
f 8253 8252 8254
f 8253 8254 8255
f 8255 8254 8256
f 8255 8256 8257
f 8257 8256 8258
f 8257 8258 8259
f 8259 8258 8260
f 8259 8260 8261
f 8261 8260 8262
f 8261 8262 8263
f 8263 8262 8264
f 8263 8264 8265
f 8265 8264 8266
f 8265 8266 8267
f 8267 8266 8268
f 8267 8268 8269
f 8269 8268 8270
f 8269 8270 8271
f 8272 8245 8273
f 8273 8245 8247
f 8273 8247 8274
f 8274 8247 8249
f 8274 8249 8275
f 8275 8249 8251
f 8275 8251 8276
f 8276 8251 8253
f 8276 8253 8277
f 8277 8253 8255
f 8277 8255 8278
f 8278 8255 8257
f 8278 8257 8279
f 8279 8257 8259
f 8279 8259 8280
f 8280 8259 8261
f 8280 8261 8281
f 8281 8261 8263
f 8281 8263 8282
f 8282 8263 8265
f 8282 8265 8283
f 8283 8265 8267
f 8283 8267 8284
f 8284 8267 8269
f 8284 8269 8285
f 8285 8269 8271
f 8285 8271 8286
f 8286 8271 8287
f 8286 8287 8288
f 8288 8287 8289
f 8288 8289 8290
f 8290 8289 8291
f 8290 8291 8292
f 8292 8291 8293
f 8292 8293 8294
f 8294 8293 8295
f 8294 8295 8296
f 8295 8297 8296
f 8296 8297 8298
f 8296 8298 8299
f 8299 8298 8300
f 8299 8300 8301
f 8301 8300 8302
f 8301 8302 8303
f 8303 8302 8304
f 8303 8304 8305
f 8305 8304 8306
f 8305 8306 8307
f 8307 8306 8308
f 8307 8308 8309
f 8309 8308 8310
f 8309 8310 8311
f 8311 8310 8312
f 8311 8312 8313
f 8313 8312 8314
f 8313 8314 8315
f 8315 8314 8316
f 8315 8316 8317
f 8317 8316 8318
f 8317 8318 8319
f 8319 8318 8320
f 8319 8320 8321
f 8321 8320 8322
f 8321 8322 8323
f 8323 8322 8230
f 8323 8230 8324
f 8324 8230 8233
f 8324 8233 8325
f 8325 8233 8235
f 8325 8235 8326
f 8326 8235 8237
f 8326 8237 8327
f 8327 8237 8239
f 8327 8239 8328
f 8328 8239 8241
f 8328 8241 8272
f 8272 8241 8243
f 8272 8243 8245
f 8271 8270 8329
f 8271 8329 8287
f 8287 8329 8330
f 8287 8330 8289
f 8289 8330 8331
f 8289 8331 8291
f 8291 8331 8332
f 8291 8332 8293
f 8293 8332 8333
f 8293 8333 8295
f 8295 8333 8334
f 8295 8334 8297
f 8297 8334 8335
f 8297 8335 8298
f 8298 8335 8336
f 8298 8336 8300
f 8300 8336 8337
f 8300 8337 8302
f 8302 8337 8338
f 8302 8338 8304
f 8304 8338 8339
f 8304 8339 8306
f 8306 8339 8340
f 8306 8340 8308
f 8308 8340 8341
f 8308 8341 8310
f 8310 8341 8342
f 8310 8342 8312
f 8312 8342 8343
f 8312 8343 8314
f 8314 8343 8344
f 8314 8344 8316
f 8316 8344 8345
f 8316 8345 8318
f 8318 8345 8346
f 8318 8346 8320
f 8320 8346 8347
f 8320 8347 8322
f 8322 8347 8231
f 8322 8231 8230
f 8348 8256 8349
f 8349 8256 8254
f 8349 8254 8350
f 8350 8254 8252
f 8350 8252 8351
f 8351 8252 8250
f 8351 8250 8352
f 8352 8250 8248
f 8352 8248 8353
f 8353 8248 8246
f 8353 8246 8354
f 8354 8246 8244
f 8354 8244 8355
f 8355 8244 8242
f 8355 8242 8356
f 8356 8242 8240
f 8356 8240 8357
f 8357 8240 8238
f 8357 8238 8358
f 8358 8238 8236
f 8358 8236 8359
f 8359 8236 8234
f 8359 8234 8360
f 8360 8234 8232
f 8360 8232 8361
f 8361 8232 8231
f 8361 8231 8362
f 8362 8231 8347
f 8362 8347 8363
f 8363 8347 8346
f 8363 8346 8364
f 8364 8346 8345
f 8364 8345 8365
f 8365 8345 8344
f 8365 8344 8366
f 8366 8344 8343
f 8366 8343 8367
f 8343 8342 8367
f 8367 8342 8341
f 8367 8341 8368
f 8368 8341 8340
f 8368 8340 8369
f 8369 8340 8339
f 8369 8339 8370
f 8370 8339 8338
f 8370 8338 8371
f 8371 8338 8337
f 8371 8337 8372
f 8372 8337 8336
f 8372 8336 8373
f 8373 8336 8335
f 8373 8335 8374
f 8374 8335 8334
f 8374 8334 8375
f 8375 8334 8333
f 8375 8333 8376
f 8376 8333 8332
f 8376 8332 8377
f 8377 8332 8331
f 8377 8331 8378
f 8378 8331 8330
f 8378 8330 8379
f 8379 8330 8329
f 8379 8329 8380
f 8380 8329 8270
f 8380 8270 8381
f 8381 8270 8268
f 8381 8268 8382
f 8382 8268 8266
f 8382 8266 8383
f 8383 8266 8264
f 8383 8264 8384
f 8384 8264 8262
f 8384 8262 8385
f 8385 8262 8260
f 8385 8260 8348
f 8348 8260 8258
f 8348 8258 8256
f 8285 8380 8284
f 8284 8380 8381
f 8284 8381 8283
f 8283 8381 8382
f 8283 8382 8282
f 8282 8382 8383
f 8282 8383 8281
f 8281 8383 8384
f 8281 8384 8280
f 8280 8384 8385
f 8280 8385 8279
f 8279 8385 8348
f 8279 8348 8278
f 8278 8348 8349
f 8278 8349 8277
f 8277 8349 8350
f 8277 8350 8276
f 8276 8350 8351
f 8276 8351 8275
f 8275 8351 8352
f 8275 8352 8274
f 8274 8352 8353
f 8274 8353 8273
f 8273 8353 8354
f 8273 8354 8272
f 8272 8354 8355
f 8272 8355 8328
f 8328 8355 8356
f 8328 8356 8327
f 8327 8356 8357
f 8327 8357 8326
f 8326 8357 8358
f 8326 8358 8325
f 8325 8358 8359
f 8325 8359 8324
f 8324 8359 8360
f 8324 8360 8323
f 8323 8360 8361
f 8323 8361 8321
f 8321 8361 8362
f 8321 8362 8319
f 8319 8362 8363
f 8319 8363 8317
f 8317 8363 8364
f 8317 8364 8315
f 8315 8364 8365
f 8315 8365 8313
f 8313 8365 8366
f 8313 8366 8311
f 8311 8366 8367
f 8311 8367 8309
f 8309 8367 8368
f 8309 8368 8307
f 8307 8368 8369
f 8307 8369 8305
f 8305 8369 8370
f 8305 8370 8303
f 8303 8370 8371
f 8303 8371 8301
f 8301 8371 8372
f 8301 8372 8299
f 8299 8372 8373
f 8299 8373 8296
f 8296 8373 8374
f 8296 8374 8294
f 8294 8374 8375
f 8294 8375 8292
f 8292 8375 8376
f 8292 8376 8290
f 8290 8376 8377
f 8290 8377 8288
f 8288 8377 8378
f 8288 8378 8286
f 8286 8378 8379
f 8286 8379 8285
f 8285 8379 8380
f 8386 8387 8388
f 8389 8390 8388
f 8388 8390 8391
f 8388 8391 8392
f 8393 8386 8394
f 8394 8386 8388
f 8394 8388 8395
f 8395 8388 8392
f 8396 8388 8387
f 8387 8397 8396
f 8396 8397 8398
f 8396 8398 8399
f 8399 8400 8396
f 8396 8400 8401
f 8396 8401 8402
f 8402 8401 8403
f 8404 8389 8405
f 8405 8389 8388
f 8405 8388 8406
f 8406 8388 8396
f 8402 8407 8396
f 8396 8407 8408
f 8396 8408 8406
f 8406 8408 8409
f 8397 8410 8398
f 8398 8410 8411
f 8412 8400 8411
f 8411 8400 8399
f 8411 8399 8398
f 8413 8403 8412
f 8412 8403 8401
f 8412 8401 8400
f 8413 8414 8403
f 8403 8414 8407
f 8403 8407 8402
f 8386 8415 8387
f 8387 8415 8410
f 8387 8410 8397
f 8390 8416 8391
f 8391 8416 8417
f 8391 8417 8392
f 8392 8417 8395
f 8395 8417 8418
f 8395 8418 8394
f 8394 8418 8419
f 8394 8419 8393
f 8393 8419 8415
f 8393 8415 8386
f 8404 8420 8389
f 8389 8420 8421
f 8389 8421 8390
f 8390 8421 8416
f 8422 8423 8421
f 8421 8423 8416
f 8416 8423 8417
f 8417 8423 8424
f 8417 8424 8418
f 8418 8424 8425
f 8418 8425 8419
f 8419 8425 8426
f 8419 8426 8415
f 8415 8426 8427
f 8427 8428 8415
f 8415 8428 8410
f 8429 8407 8430
f 8430 8407 8414
f 8410 8428 8411
f 8411 8428 8431
f 8411 8431 8412
f 8412 8431 8430
f 8412 8430 8413
f 8413 8430 8414
f 8429 8432 8407
f 8407 8432 8408
f 8433 8434 8435
f 8408 8432 8436
f 8436 8432 8437
f 8436 8437 8438
f 8438 8437 8433
f 8438 8433 8439
f 8439 8433 8435
f 8434 8440 8435
f 8435 8440 8441
f 8422 8421 8442
f 8442 8421 8443
f 8441 8440 8444
f 8444 8440 8445
f 8444 8445 8446
f 8446 8445 8442
f 8446 8442 8447
f 8447 8442 8443
f 8448 8449 8450
f 8450 8449 8451
f 8450 8451 8452
f 8453 8454 8433
f 8427 8455 8456
f 8440 8457 8458
f 8459 8460 8445
f 8445 8460 8461
f 8445 8461 8442
f 8432 8462 8437
f 8437 8462 8463
f 8437 8463 8433
f 8433 8463 8464
f 8433 8464 8453
f 8427 8456 8428
f 8428 8456 8465
f 8428 8465 8466
f 8451 8467 8429
f 8429 8467 8468
f 8429 8468 8469
f 8429 8430 8451
f 8451 8430 8431
f 8451 8431 8452
f 8452 8431 8428
f 8452 8428 8470
f 8470 8428 8466
f 8448 8471 8449
f 8449 8471 8472
f 8449 8472 8473
f 8474 8475 8476
f 8476 8475 8473
f 8476 8473 8477
f 8477 8473 8472
f 8478 8479 8480
f 8480 8479 8459
f 8480 8459 8458
f 8458 8459 8445
f 8458 8445 8440
f 8469 8481 8429
f 8429 8481 8482
f 8429 8482 8432
f 8432 8482 8483
f 8432 8483 8462
f 8425 8475 8426
f 8426 8475 8474
f 8426 8474 8427
f 8427 8474 8484
f 8427 8484 8455
f 8425 8424 8475
f 8475 8424 8423
f 8475 8423 8485
f 8478 8480 8486
f 8486 8480 8487
f 8486 8487 8488
f 8488 8487 8489
f 8488 8489 8490
f 8490 8489 8491
f 8490 8491 8492
f 8493 8422 8494
f 8494 8422 8442
f 8494 8442 8495
f 8495 8442 8461
f 8492 8491 8496
f 8496 8491 8497
f 8496 8497 8498
f 8498 8497 8499
f 8498 8499 8454
f 8500 8501 8434
f 8434 8501 8502
f 8434 8502 8440
f 8440 8502 8503
f 8440 8503 8457
f 8454 8499 8433
f 8433 8499 8504
f 8433 8504 8434
f 8434 8504 8505
f 8434 8505 8500
f 8493 8506 8422
f 8422 8506 8507
f 8422 8507 8423
f 8423 8507 8508
f 8423 8508 8485
f 8509 8510 8511
f 8512 8513 8514
f 8515 8516 8517
f 8518 8506 8493
f 8519 8520 8521
f 8522 8523 8524
f 8525 8526 8527
f 8527 8526 8528
f 8527 8528 8529
f 8529 8528 8530
f 8529 8530 8531
f 8490 8532 8525
f 8525 8532 8526
f 8506 8518 8507
f 8507 8518 8533
f 8507 8533 8508
f 8534 8475 8485
f 8485 8535 8534
f 8534 8535 8536
f 8534 8536 8537
f 8537 8536 8538
f 8537 8538 8539
f 8539 8538 8540
f 8539 8540 8541
f 8515 8517 8542
f 8517 8543 8542
f 8542 8543 8544
f 8542 8544 8545
f 8545 8544 8546
f 8545 8546 8547
f 8548 8549 8550
f 8550 8549 8551
f 8551 8549 8552
f 8552 8549 8553
f 8552 8553 8554
f 8554 8553 8555
f 8554 8555 8556
f 8556 8555 8557
f 8556 8557 8558
f 8512 8514 8559
f 8560 8561 8562
f 8562 8561 8563
f 8564 8565 8566
f 8566 8565 8567
f 8566 8567 8568
f 8568 8567 8569
f 8568 8569 8570
f 8570 8569 8571
f 8571 8569 8572
f 8571 8572 8573
f 8522 8524 8574
f 8574 8524 8575
f 8574 8575 8576
f 8563 8559 8562
f 8562 8559 8514
f 8562 8514 8577
f 8577 8514 8578
f 8513 8558 8514
f 8514 8558 8557
f 8514 8557 8578
f 8578 8557 8555
f 8578 8555 8579
f 8579 8555 8553
f 8579 8553 8580
f 8580 8553 8549
f 8580 8549 8546
f 8546 8549 8548
f 8546 8548 8547
f 8517 8581 8543
f 8543 8581 8582
f 8543 8582 8544
f 8544 8582 8583
f 8544 8583 8546
f 8546 8583 8584
f 8546 8584 8580
f 8580 8584 8585
f 8580 8585 8579
f 8579 8585 8586
f 8579 8586 8578
f 8578 8586 8587
f 8578 8587 8577
f 8577 8587 8588
f 8510 8533 8511
f 8511 8533 8518
f 8511 8518 8589
f 8589 8518 8493
f 8589 8493 8590
f 8590 8493 8494
f 8590 8494 8591
f 8591 8494 8495
f 8591 8495 8592
f 8592 8495 8461
f 8592 8461 8593
f 8593 8461 8460
f 8593 8460 8594
f 8594 8460 8459
f 8594 8459 8595
f 8595 8459 8479
f 8595 8479 8596
f 8596 8479 8478
f 8596 8478 8597
f 8597 8478 8486
f 8485 8508 8535
f 8535 8508 8533
f 8535 8533 8536
f 8536 8533 8510
f 8536 8510 8538
f 8538 8510 8509
f 8538 8509 8540
f 8598 8599 8600
f 8600 8599 8601
f 8600 8601 8602
f 8602 8601 8603
f 8602 8603 8604
f 8604 8603 8605
f 8604 8605 8606
f 8606 8605 8607
f 8581 8541 8582
f 8582 8541 8540
f 8582 8540 8583
f 8583 8540 8509
f 8583 8509 8584
f 8584 8509 8511
f 8584 8511 8585
f 8585 8511 8589
f 8585 8589 8586
f 8586 8589 8590
f 8586 8590 8587
f 8587 8590 8591
f 8587 8591 8588
f 8588 8591 8592
f 8588 8592 8608
f 8608 8592 8593
f 8608 8593 8609
f 8609 8593 8594
f 8609 8594 8610
f 8610 8594 8595
f 8610 8595 8611
f 8611 8595 8596
f 8611 8596 8612
f 8612 8596 8597
f 8612 8597 8613
f 8613 8597 8486
f 8613 8486 8488
f 8612 8607 8611
f 8611 8607 8605
f 8611 8605 8610
f 8610 8605 8603
f 8610 8603 8609
f 8609 8603 8601
f 8609 8601 8608
f 8608 8601 8599
f 8608 8599 8588
f 8588 8599 8598
f 8588 8598 8577
f 8520 8522 8521
f 8521 8522 8574
f 8521 8574 8572
f 8572 8574 8576
f 8572 8576 8573
f 8614 8519 8615
f 8615 8519 8521
f 8615 8521 8616
f 8616 8521 8572
f 8616 8572 8617
f 8617 8572 8569
f 8617 8569 8618
f 8618 8569 8567
f 8618 8567 8619
f 8619 8567 8565
f 8619 8565 8620
f 8620 8621 8619
f 8619 8621 8622
f 8619 8622 8618
f 8618 8622 8623
f 8618 8623 8617
f 8617 8623 8624
f 8617 8624 8616
f 8616 8624 8625
f 8616 8625 8615
f 8615 8625 8531
f 8615 8531 8614
f 8614 8531 8530
f 8564 8560 8565
f 8565 8560 8562
f 8565 8562 8620
f 8620 8562 8577
f 8620 8577 8621
f 8621 8577 8598
f 8621 8598 8622
f 8622 8598 8600
f 8622 8600 8623
f 8623 8600 8602
f 8623 8602 8624
f 8624 8602 8604
f 8624 8604 8625
f 8625 8604 8606
f 8625 8606 8531
f 8531 8606 8607
f 8531 8607 8529
f 8529 8607 8612
f 8529 8612 8527
f 8527 8612 8613
f 8527 8613 8525
f 8525 8613 8488
f 8525 8488 8490
f 8626 8627 8628
f 8519 8614 8629
f 8630 8464 8463
f 8631 8632 8633
f 8634 8635 8636
f 8636 8635 8627
f 8636 8627 8637
f 8637 8627 8638
f 8638 8627 8626
f 8638 8626 8639
f 8640 8641 8642
f 8642 8641 8643
f 8642 8643 8644
f 8645 8468 8646
f 8646 8468 8467
f 8631 8481 8647
f 8647 8481 8469
f 8648 8462 8649
f 8649 8462 8483
f 8630 8650 8464
f 8464 8650 8651
f 8464 8651 8453
f 8453 8651 8652
f 8453 8652 8454
f 8454 8652 8653
f 8454 8653 8498
f 8498 8653 8654
f 8498 8654 8496
f 8490 8492 8532
f 8532 8492 8655
f 8614 8530 8629
f 8629 8530 8656
f 8629 8656 8657
f 8523 8522 8658
f 8658 8522 8659
f 8658 8659 8660
f 8661 8662 8663
f 8663 8662 8664
f 8665 8666 8661
f 8661 8666 8667
f 8661 8667 8662
f 8668 8669 8665
f 8665 8669 8670
f 8665 8670 8666
f 8671 8672 8668
f 8668 8672 8673
f 8668 8673 8669
f 8674 8675 8671
f 8671 8675 8676
f 8671 8676 8672
f 8674 8671 8677
f 8677 8671 8678
f 8677 8678 8679
f 8679 8678 8680
f 8679 8680 8681
f 8681 8680 8682
f 8682 8680 8683
f 8682 8683 8684
f 8685 8686 8687
f 8687 8686 8688
f 8687 8688 8689
f 8689 8688 8690
f 8689 8690 8691
f 8635 8692 8627
f 8627 8692 8693
f 8627 8693 8628
f 8628 8693 8685
f 8628 8685 8694
f 8694 8685 8687
f 8694 8687 8695
f 8695 8687 8696
f 8696 8687 8689
f 8696 8689 8697
f 8698 8640 8699
f 8699 8640 8642
f 8699 8642 8700
f 8700 8642 8644
f 8700 8644 8701
f 8646 8698 8645
f 8645 8698 8699
f 8645 8699 8702
f 8702 8699 8700
f 8702 8700 8703
f 8703 8700 8701
f 8632 8704 8633
f 8633 8704 8705
f 8633 8705 8706
f 8706 8705 8707
f 8706 8707 8708
f 8708 8707 8709
f 8708 8709 8710
f 8710 8709 8711
f 8710 8711 8712
f 8712 8711 8713
f 8712 8713 8714
f 8714 8713 8715
f 8714 8715 8716
f 8716 8715 8717
f 8716 8717 8718
f 8718 8717 8657
f 8718 8657 8719
f 8719 8657 8656
f 8719 8656 8528
f 8528 8656 8530
f 8720 8721 8655
f 8655 8721 8526
f 8655 8526 8532
f 8492 8496 8655
f 8655 8496 8654
f 8655 8654 8720
f 8720 8654 8653
f 8720 8653 8722
f 8722 8653 8652
f 8722 8652 8723
f 8723 8652 8651
f 8723 8651 8724
f 8724 8651 8650
f 8724 8650 8725
f 8725 8650 8630
f 8725 8630 8648
f 8648 8630 8463
f 8648 8463 8462
f 8528 8526 8719
f 8719 8526 8721
f 8719 8721 8718
f 8718 8721 8720
f 8718 8720 8716
f 8716 8720 8722
f 8716 8722 8714
f 8714 8722 8723
f 8714 8723 8712
f 8712 8723 8724
f 8712 8724 8710
f 8710 8724 8725
f 8710 8725 8708
f 8708 8725 8648
f 8708 8648 8706
f 8706 8648 8649
f 8706 8649 8633
f 8633 8649 8483
f 8633 8483 8631
f 8631 8483 8482
f 8631 8482 8481
f 8641 8639 8643
f 8643 8639 8626
f 8643 8626 8644
f 8644 8626 8628
f 8644 8628 8701
f 8701 8628 8694
f 8701 8694 8726
f 8726 8694 8695
f 8726 8695 8727
f 8727 8695 8696
f 8727 8696 8728
f 8728 8696 8697
f 8728 8697 8729
f 8729 8697 8730
f 8729 8730 8731
f 8731 8730 8732
f 8731 8732 8733
f 8733 8732 8734
f 8733 8734 8735
f 8735 8734 8736
f 8735 8736 8737
f 8737 8736 8738
f 8737 8738 8739
f 8739 8738 8740
f 8739 8740 8741
f 8741 8740 8659
f 8741 8659 8520
f 8520 8659 8522
f 8691 8684 8689
f 8689 8684 8683
f 8689 8683 8697
f 8697 8683 8680
f 8697 8680 8730
f 8730 8680 8678
f 8730 8678 8732
f 8732 8678 8671
f 8732 8671 8734
f 8734 8671 8668
f 8734 8668 8736
f 8736 8668 8665
f 8736 8665 8738
f 8738 8665 8661
f 8738 8661 8740
f 8740 8661 8663
f 8740 8663 8659
f 8659 8663 8664
f 8659 8664 8660
f 8520 8519 8741
f 8741 8519 8629
f 8741 8629 8739
f 8739 8629 8657
f 8739 8657 8737
f 8737 8657 8717
f 8737 8717 8735
f 8735 8717 8715
f 8735 8715 8733
f 8733 8715 8713
f 8733 8713 8731
f 8731 8713 8711
f 8731 8711 8729
f 8729 8711 8709
f 8729 8709 8728
f 8728 8709 8707
f 8728 8707 8727
f 8727 8707 8705
f 8727 8705 8726
f 8726 8705 8704
f 8726 8704 8701
f 8701 8704 8632
f 8701 8632 8703
f 8703 8632 8631
f 8703 8631 8702
f 8702 8631 8647
f 8702 8647 8645
f 8645 8647 8469
f 8645 8469 8468
f 8646 8467 8451
f 8742 8743 8744
f 8745 8746 8747
f 8745 8747 8744
f 8744 8747 8748
f 8744 8748 8742
f 8746 8745 8749
f 8749 8745 8750
f 8749 8750 8751
f 8752 8753 8750
f 8750 8753 8754
f 8750 8754 8751
f 8755 8756 8757
f 8757 8756 8758
f 8757 8758 8752
f 8752 8758 8759
f 8752 8759 8753
f 8755 8757 8760
f 8760 8757 8761
f 8760 8761 8762
f 8763 8764 8765
f 8765 8764 8766
f 8765 8766 8761
f 8761 8766 8767
f 8761 8767 8762
f 8763 8765 8768
f 8768 8765 8769
f 8768 8769 8770
f 8771 8772 8773
f 8773 8772 8774
f 8773 8774 8769
f 8769 8774 8775
f 8769 8775 8770
f 8771 8773 8776
f 8776 8773 8777
f 8776 8777 8778
f 8779 8780 8781
f 8781 8780 8782
f 8781 8782 8777
f 8777 8782 8783
f 8777 8783 8778
f 8779 8781 8784
f 8784 8781 8785
f 8784 8785 8786
f 8786 8785 8787
f 8787 8785 8788
f 8787 8788 8789
f 8790 8791 8792
f 8792 8791 8793
f 8792 8793 8788
f 8788 8793 8794
f 8788 8794 8789
f 8790 8792 8795
f 8795 8792 8796
f 8795 8796 8797
f 8797 8796 8798
f 8798 8796 8799
f 8798 8799 8800
f 8801 8802 8803
f 8803 8802 8804
f 8803 8804 8799
f 8799 8804 8805
f 8799 8805 8800
f 8801 8803 8806
f 8806 8803 8807
f 8806 8807 8808
f 8809 8810 8811
f 8811 8812 8809
f 8809 8812 8813
f 8809 8813 8807
f 8807 8813 8814
f 8807 8814 8808
f 8815 8816 8817
f 8815 8817 8818
f 8817 8819 8818
f 8818 8819 8820
f 8818 8820 8809
f 8809 8820 8821
f 8809 8821 8810
f 8822 8823 8824
f 8822 8824 8815
f 8815 8824 8825
f 8815 8825 8816
f 8646 8451 8698
f 8637 8638 8826
f 8743 8827 8744
f 8744 8827 8634
f 8744 8634 8826
f 8826 8634 8636
f 8826 8636 8637
f 8638 8639 8826
f 8826 8639 8641
f 8826 8641 8451
f 8451 8641 8640
f 8451 8640 8698
f 8828 8829 8830
f 8691 8690 8831
f 8743 8742 8832
f 8833 8834 8835
f 8836 8837 8838
f 8772 8771 8839
f 8776 8778 8840
f 8841 8774 8772
f 8842 8768 8770
f 8843 8844 8845
f 8845 8844 8846
f 8845 8846 8847
f 8847 8846 8848
f 8847 8848 8849
f 8849 8848 8850
f 8849 8850 8851
f 8852 8853 8854
f 8854 8853 8855
f 8856 8857 8858
f 8858 8857 8859
f 8858 8859 8860
f 8829 8861 8862
f 8829 8862 8863
f 8864 8865 8828
f 8865 8866 8828
f 8828 8866 8867
f 8828 8867 8829
f 8829 8867 8868
f 8829 8868 8861
f 8869 8870 8871
f 8871 8870 8864
f 8871 8864 8872
f 8872 8864 8828
f 8837 8836 8871
f 8871 8836 8873
f 8871 8873 8869
f 8874 8875 8876
f 8876 8875 8877
f 8876 8877 8831
f 8742 8878 8832
f 8832 8878 8833
f 8832 8833 8879
f 8879 8833 8835
f 8634 8827 8635
f 8635 8827 8692
f 8835 8693 8879
f 8879 8693 8692
f 8879 8692 8832
f 8832 8692 8827
f 8832 8827 8743
f 8688 8686 8835
f 8835 8686 8685
f 8835 8685 8693
f 8880 8684 8691
f 8674 8677 8881
f 8881 8677 8679
f 8881 8679 8882
f 8882 8679 8681
f 8882 8681 8880
f 8880 8681 8682
f 8880 8682 8684
f 8674 8881 8675
f 8675 8881 8883
f 8675 8883 8676
f 8670 8669 8884
f 8884 8669 8673
f 8884 8673 8883
f 8883 8673 8672
f 8883 8672 8676
f 8670 8884 8666
f 8666 8884 8885
f 8666 8885 8667
f 8886 8887 8662
f 8888 8523 8658
f 8662 8887 8664
f 8664 8887 8889
f 8664 8889 8660
f 8660 8889 8890
f 8660 8890 8658
f 8658 8890 8891
f 8658 8891 8888
f 8833 8874 8834
f 8834 8874 8876
f 8834 8876 8835
f 8835 8876 8831
f 8835 8831 8688
f 8688 8831 8690
f 8691 8831 8880
f 8880 8831 8877
f 8880 8877 8882
f 8882 8877 8892
f 8882 8892 8881
f 8893 8883 8894
f 8894 8883 8881
f 8894 8881 8895
f 8895 8881 8892
f 8830 8896 8828
f 8828 8896 8893
f 8828 8893 8872
f 8872 8893 8894
f 8872 8894 8871
f 8871 8894 8895
f 8871 8895 8837
f 8837 8895 8892
f 8837 8892 8838
f 8838 8892 8877
f 8838 8877 8897
f 8897 8877 8875
f 8662 8667 8886
f 8886 8667 8885
f 8886 8885 8898
f 8898 8885 8884
f 8898 8884 8899
f 8899 8884 8883
f 8899 8883 8900
f 8900 8883 8893
f 8900 8893 8901
f 8901 8893 8896
f 8902 8903 8853
f 8853 8903 8904
f 8853 8904 8855
f 8855 8904 8905
f 8906 8907 8908
f 8909 8910 8911
f 8906 8912 8907
f 8907 8912 8913
f 8907 8913 8914
f 8903 8915 8904
f 8904 8915 8858
f 8904 8858 8905
f 8905 8858 8860
f 8916 8917 8918
f 8918 8917 8919
f 8902 8920 8903
f 8903 8920 8918
f 8903 8918 8915
f 8915 8918 8919
f 8915 8919 8858
f 8858 8919 8863
f 8858 8863 8856
f 8856 8863 8862
f 8921 8922 8923
f 8923 8922 8924
f 8923 8924 8925
f 8925 8924 8839
f 8925 8839 8840
f 8840 8839 8771
f 8840 8771 8776
f 8921 8926 8922
f 8922 8926 8927
f 8922 8927 8928
f 8928 8927 8929
f 8928 8929 8930
f 8930 8929 8931
f 8930 8931 8908
f 8908 8931 8932
f 8908 8932 8906
f 8909 8911 8933
f 8933 8911 8934
f 8933 8934 8935
f 8935 8934 8936
f 8935 8936 8937
f 8937 8936 8938
f 8937 8938 8939
f 8939 8938 8940
f 8939 8940 8941
f 8941 8940 8942
f 8941 8942 8943
f 8943 8942 8944
f 8943 8944 8841
f 8841 8944 8775
f 8841 8775 8774
f 8772 8839 8841
f 8841 8839 8924
f 8841 8924 8943
f 8943 8924 8922
f 8943 8922 8941
f 8941 8922 8928
f 8941 8928 8939
f 8939 8928 8930
f 8939 8930 8937
f 8937 8930 8908
f 8937 8908 8935
f 8935 8908 8907
f 8935 8907 8933
f 8933 8907 8914
f 8933 8914 8909
f 8916 8918 8945
f 8945 8918 8920
f 8945 8920 8946
f 8946 8920 8947
f 8946 8947 8948
f 8948 8947 8949
f 8948 8949 8950
f 8950 8949 8951
f 8950 8951 8952
f 8952 8951 8953
f 8952 8953 8842
f 8842 8953 8763
f 8842 8763 8768
f 8852 8954 8853
f 8853 8954 8843
f 8853 8843 8902
f 8902 8843 8845
f 8902 8845 8920
f 8920 8845 8847
f 8920 8847 8947
f 8947 8847 8849
f 8947 8849 8949
f 8949 8849 8851
f 8949 8851 8951
f 8951 8851 8955
f 8951 8955 8953
f 8953 8955 8764
f 8953 8764 8763
f 8910 8916 8911
f 8911 8916 8945
f 8911 8945 8934
f 8934 8945 8946
f 8934 8946 8936
f 8936 8946 8948
f 8936 8948 8938
f 8938 8948 8950
f 8938 8950 8940
f 8940 8950 8952
f 8940 8952 8942
f 8942 8952 8842
f 8942 8842 8944
f 8944 8842 8770
f 8944 8770 8775
f 8910 8956 8916
f 8916 8956 8957
f 8916 8957 8917
f 8917 8957 8958
f 8917 8958 8919
f 8919 8958 8959
f 8919 8959 8863
f 8863 8959 8960
f 8863 8960 8829
f 8829 8960 8961
f 8829 8961 8830
f 8962 8764 8955
f 8963 8964 8965
f 8965 8964 8966
f 8965 8966 8967
f 8967 8966 8968
f 8969 8970 8971
f 8971 8970 8972
f 8971 8972 8968
f 8968 8972 8973
f 8968 8973 8967
f 8974 8975 8976
f 8976 8975 8969
f 8976 8969 8977
f 8844 8978 8846
f 8846 8978 8979
f 8846 8979 8848
f 8848 8979 8980
f 8962 8955 8981
f 8981 8955 8851
f 8981 8851 8980
f 8980 8851 8850
f 8980 8850 8848
f 8982 8962 8983
f 8983 8962 8981
f 8983 8981 8984
f 8984 8981 8980
f 8984 8980 8985
f 8985 8980 8979
f 8985 8979 8986
f 8986 8979 8978
f 8964 8982 8966
f 8966 8982 8983
f 8966 8983 8968
f 8968 8983 8984
f 8968 8984 8971
f 8971 8984 8985
f 8971 8985 8969
f 8969 8985 8986
f 8969 8986 8977
f 8977 8986 8978
f 8977 8978 8987
f 8987 8978 8844
f 8988 8989 8747
f 8990 8748 8747
f 8990 8747 8991
f 8755 8992 8756
f 8756 8992 8993
f 8756 8993 8758
f 8749 8751 8994
f 8994 8751 8754
f 8994 8754 8995
f 8995 8754 8753
f 8995 8753 8993
f 8993 8753 8759
f 8993 8759 8758
f 8988 8747 8994
f 8994 8747 8746
f 8994 8746 8749
f 8996 8997 8998
f 8998 8997 8999
f 8998 8999 9000
f 9000 8999 9001
f 9000 9001 8989
f 8989 9001 9002
f 8989 9002 8747
f 8747 9002 9003
f 8747 9003 8991
f 8764 8962 8766
f 8766 8962 8982
f 8766 8982 8964
f 8755 8760 8992
f 8992 8760 8762
f 8992 8762 9004
f 9004 8762 8767
f 8767 8766 9004
f 9004 8766 8964
f 9004 8964 9005
f 9005 8964 8963
f 9005 8963 9006
f 9006 8963 9007
f 9006 9007 8996
f 8996 9007 9008
f 8996 9008 8997
f 8999 9009 9001
f 9001 9009 9010
f 9001 9010 9011
f 9012 9013 8997
f 8997 9013 9014
f 8997 9014 9015
f 9015 9016 8997
f 8997 9016 9017
f 8997 9017 9018
f 9018 9019 8997
f 8997 9019 9020
f 8997 9020 8999
f 8999 9020 9021
f 8999 9021 9009
f 9008 9022 8997
f 8997 9022 9023
f 9024 9012 9025
f 9025 9012 8997
f 9025 8997 9026
f 9026 8997 9023
f 9027 9028 9008
f 9008 9028 9029
f 9008 9029 9022
f 9007 8974 9008
f 9008 8974 9027
f 9001 9011 9030
f 9001 9031 9032
f 9030 9033 9001
f 9001 9033 9034
f 9001 9034 9031
f 9032 9035 9001
f 9001 9035 9036
f 9001 9036 9002
f 9033 9031 9034
f 9037 9003 9002
f 8878 8742 8748
f 8748 8990 8878
f 8878 8990 9038
f 8878 9038 8833
f 8833 9038 9039
f 8833 9039 8874
f 8874 9039 9040
f 8874 9040 8875
f 8875 9040 9041
f 8875 9041 8897
f 8897 9041 9042
f 8897 9042 8838
f 9011 9043 9030
f 9030 9043 9044
f 9002 9036 9037
f 9037 9036 9035
f 9037 9035 9045
f 9045 9035 9032
f 9045 9032 9031
f 8991 9003 9046
f 9046 9003 9037
f 9046 9037 9047
f 9047 9037 9045
f 9047 9045 9048
f 9048 9045 9031
f 9048 9031 9044
f 9044 9031 9033
f 9044 9033 9030
f 9043 9042 9044
f 9044 9042 9041
f 9044 9041 9048
f 9048 9041 9040
f 9048 9040 9047
f 9047 9040 9039
f 9047 9039 9046
f 9046 9039 9038
f 9046 9038 8991
f 8991 9038 8990
f 8855 9049 9050
f 9051 9023 9022
f 8870 9052 8864
f 8873 8836 9053
f 9053 8836 8838
f 9053 8838 9042
f 9052 8870 9054
f 9052 9019 8864
f 8864 9019 9018
f 8864 9018 8865
f 8865 9018 9017
f 8865 9017 8866
f 9017 9016 8866
f 8866 9016 9015
f 8866 9015 8867
f 8867 9015 9014
f 8867 9014 8868
f 8868 9014 8861
f 9014 9013 8861
f 8861 9013 9012
f 8861 9012 8862
f 8862 9012 9024
f 8862 9024 8856
f 8856 9024 9025
f 8856 9025 8857
f 8857 9025 9026
f 8857 9026 8859
f 8859 9026 8860
f 9026 9023 8860
f 8860 9023 9051
f 8860 9051 8905
f 8905 9051 8855
f 9050 9055 9056
f 8843 8954 9056
f 9056 8954 8852
f 9056 8852 9050
f 9050 8852 8854
f 9050 8854 8855
f 9057 9043 9011
f 9042 9043 9053
f 9053 9043 9057
f 9053 9057 8873
f 8873 9057 9054
f 8873 9054 8869
f 8869 9054 8870
f 9027 8974 8976
f 8844 8843 8987
f 8987 8843 9056
f 8987 9056 8977
f 8977 9056 9055
f 8977 9055 8976
f 8855 9051 9049
f 9049 9051 9022
f 9049 9022 9050
f 9050 9022 9029
f 9050 9029 9055
f 9055 9029 9028
f 9055 9028 8976
f 8976 9028 9027
f 9011 9010 9057
f 9057 9010 9009
f 9057 9009 9054
f 9054 9009 9021
f 9054 9021 9052
f 9052 9021 9020
f 9052 9020 9019
f 8963 8965 9007
f 9007 8965 8967
f 8967 8973 9007
f 9007 8973 8972
f 9007 8972 8970
f 8970 8969 9007
f 9007 8969 8975
f 9007 8975 8974
f 9000 9058 8998
f 8998 9058 9059
f 8998 9059 8996
f 8996 9059 9060
f 8996 9060 9006
f 9006 9060 9061
f 9006 9061 9005
f 9005 9061 9062
f 9005 9062 9004
f 9004 9062 9063
f 9004 9063 8992
f 8992 9063 9064
f 8992 9064 8993
f 8993 9064 9065
f 8993 9065 8995
f 8995 9065 9066
f 8995 9066 8994
f 8994 9066 9067
f 8994 9067 8988
f 8988 9067 9068
f 8988 9068 8989
f 8989 9068 9069
f 8989 9069 9000
f 9000 9069 9058
f 8788 8785 9070
f 9071 9072 9070
f 9059 9058 9073
f 9074 9075 9076
f 9076 9075 9077
f 9076 9077 8822
f 9078 9079 9076
f 9076 9079 9080
f 9076 9080 9074
f 9081 9082 9083
f 9083 9084 9081
f 9081 9084 9085
f 9081 9085 9076
f 9076 9085 9086
f 9087 9088 9089
f 9089 9088 9090
f 9089 9090 9091
f 9091 9090 9078
f 9091 9078 9092
f 9092 9078 9076
f 9092 9076 9093
f 9093 9076 9086
f 9094 9095 9082
f 9082 9095 9096
f 9082 9096 9083
f 9082 9097 9098
f 9087 9094 9088
f 9088 9094 9082
f 9088 9082 9099
f 9099 9082 9098
f 9100 9101 9102
f 9102 9103 9100
f 9100 9103 9104
f 9100 9104 9105
f 9106 9107 9108
f 9108 9107 9109
f 9108 9109 9110
f 9111 9112 9082
f 9082 9112 9113
f 9082 9113 9097
f 9113 9114 9097
f 9097 9114 9115
f 9097 9115 9116
f 9116 9115 9117
f 9116 9117 9101
f 9101 9117 9118
f 9101 9118 9102
f 9104 9106 9105
f 9105 9106 9108
f 9105 9108 9119
f 9119 9108 9120
f 9108 9121 9122
f 9123 8449 8473
f 9122 9124 9108
f 9108 9124 9125
f 9108 9125 9120
f 9123 8473 9126
f 9123 9127 9073
f 9127 9128 9073
f 9073 9128 9129
f 9073 9129 9108
f 9108 9129 9130
f 9108 9130 9121
f 8473 9131 9126
f 9126 9131 9132
f 9126 9132 9133
f 9133 9132 9134
f 9133 9134 9135
f 9135 9134 9136
f 9135 9136 9137
f 9137 9136 9124
f 9137 9124 9138
f 9138 9124 9122
f 9123 9073 8449
f 8449 9073 9058
f 8449 9058 9069
f 9139 9061 9073
f 9073 9061 9060
f 9073 9060 9059
f 9065 8752 9066
f 9066 8752 8750
f 9066 8750 9067
f 9064 9063 9139
f 9139 9063 9062
f 9139 9062 9061
f 8750 8745 9067
f 9067 8745 8744
f 9067 8744 9068
f 9068 8744 8826
f 9068 8826 9069
f 9069 8826 8451
f 9069 8451 8449
f 8769 8765 9139
f 9139 8765 8761
f 9065 9064 8752
f 8752 9064 9139
f 8752 9139 8757
f 8757 9139 8761
f 8773 9140 9141
f 9141 9142 8773
f 8773 9142 8781
f 8773 8781 8777
f 9143 9144 9139
f 9139 9144 9145
f 9139 9145 8769
f 8769 9145 9146
f 8769 9146 8773
f 8773 9146 9147
f 8773 9147 9140
f 9142 9148 8781
f 8781 9148 9149
f 8781 9149 8785
f 8785 9149 9150
f 8785 9150 9070
f 9070 9150 9151
f 9070 9151 9071
f 8799 8796 9070
f 9070 8796 8792
f 9070 8792 8788
f 9152 9153 9076
f 9153 9154 9076
f 9076 9154 9155
f 9076 9155 9081
f 9155 9156 9081
f 9081 9156 9157
f 9081 9157 9070
f 9070 9157 9158
f 9070 9158 9159
f 9160 8803 9161
f 9161 8803 8799
f 9161 8799 9162
f 9162 8799 9070
f 9162 9070 9163
f 9163 9070 9159
f 8822 8815 9076
f 9076 8815 8818
f 9076 8818 8809
f 9160 9152 8803
f 8803 9152 9076
f 8803 9076 8807
f 8807 9076 8809
f 9110 9111 9108
f 9108 9111 9082
f 9108 9082 9073
f 9073 9082 9081
f 9073 9081 9139
f 9139 9081 9070
f 9139 9070 9143
f 9143 9070 9072
f 8823 8822 9077
f 8516 9164 9131
f 9165 9119 9166
f 9166 9119 9120
f 9166 9120 9167
f 9167 9120 9168
f 9168 9120 9125
f 9168 9125 9169
f 9124 9170 9125
f 9125 9170 9171
f 9125 9171 9169
f 9172 9173 9136
f 9136 9173 9174
f 9136 9174 9124
f 9124 9174 9175
f 9124 9175 9170
f 9172 9136 9176
f 9176 9136 9134
f 9176 9134 9177
f 9178 9179 9132
f 9132 9179 9180
f 9132 9180 9134
f 9134 9180 9181
f 9134 9181 9177
f 9164 9182 9131
f 9131 9182 9183
f 9131 9183 9132
f 9132 9183 9184
f 9132 9184 9178
f 8475 8534 8473
f 8473 8534 8537
f 8473 8537 8539
f 8539 8541 8473
f 8473 8541 8581
f 8473 8581 9131
f 9131 8581 8517
f 9131 8517 8516
f 8823 9077 9185
f 9185 9077 9075
f 9185 9075 9186
f 9187 9188 9074
f 9074 9188 9189
f 9074 9189 9075
f 9075 9189 9190
f 9075 9190 9186
f 9191 9080 9192
f 9192 9080 9079
f 9192 9079 9193
f 9191 9194 9080
f 9080 9194 9195
f 9080 9195 9074
f 9074 9195 9187
f 9193 9079 9196
f 9196 9079 9078
f 9196 9078 9197
f 9197 9078 9198
f 9198 9078 9090
f 9198 9090 9199
f 9199 9090 9200
f 9200 9090 9088
f 9200 9088 9201
f 9201 9088 9202
f 9202 9088 9099
f 9202 9099 9203
f 9204 9205 9098
f 9098 9205 9206
f 9098 9206 9099
f 9099 9206 9207
f 9099 9207 9203
f 9097 9208 9098
f 9098 9208 9209
f 9098 9209 9204
f 9210 9211 9116
f 9116 9211 9212
f 9116 9212 9097
f 9097 9212 9213
f 9097 9213 9208
f 9214 9101 9215
f 9215 9101 9100
f 9215 9100 9216
f 9214 9217 9101
f 9101 9217 9218
f 9101 9218 9116
f 9116 9218 9219
f 9116 9219 9210
f 9216 9100 9220
f 9220 9100 9105
f 9220 9105 9221
f 9165 9222 9119
f 9119 9222 9223
f 9119 9223 9105
f 9105 9223 9224
f 9105 9224 9221
f 9225 9226 9167
f 9227 9166 9167
f 9178 9184 9228
f 9227 9167 9229
f 9228 9230 9178
f 9178 9230 9231
f 9178 9231 9179
f 9177 9181 9232
f 9232 9181 9180
f 9232 9180 9233
f 9177 9232 9176
f 9176 9232 9234
f 9176 9234 9172
f 9172 9234 9173
f 9173 9234 9235
f 9173 9235 9174
f 9225 9167 9236
f 9236 9167 9168
f 9236 9168 9169
f 9237 9238 9239
f 9239 9238 9240
f 9239 9240 9226
f 9226 9240 9241
f 9226 9241 9167
f 9167 9241 9242
f 9167 9242 9229
f 9180 9179 9233
f 9233 9179 9231
f 9233 9231 9243
f 9243 9231 9244
f 9243 9244 9245
f 9245 9244 9246
f 9245 9246 9247
f 9247 9246 9248
f 9247 9248 9237
f 9237 9248 9249
f 9237 9249 9238
f 9169 9171 9236
f 9236 9171 9170
f 9236 9170 9235
f 9235 9170 9175
f 9235 9175 9174
f 9250 9240 9251
f 9251 9240 9238
f 9251 9238 9252
f 9253 9254 9249
f 9254 9255 9249
f 9249 9255 9256
f 9249 9256 9238
f 9238 9256 9257
f 9238 9257 9252
f 9249 9258 9259
f 9253 9249 9260
f 9260 9249 9259
f 9260 9259 9261
f 9248 9246 9262
f 9262 9263 9248
f 9248 9263 9264
f 9248 9264 9249
f 9249 9264 9265
f 9249 9265 9258
f 9266 9267 9240
f 9240 9267 9268
f 9240 9268 9241
f 9269 9240 9270
f 9270 9240 9250
f 9269 9271 9240
f 9240 9271 9272
f 9240 9272 9266
f 9273 9274 9275
f 9276 9277 9278
f 9278 9277 9275
f 9274 9273 9229
f 9279 9242 9241
f 9229 9273 9227
f 9227 9273 9280
f 9227 9280 9166
f 9281 9282 9283
f 9281 9283 9284
f 9284 9283 9285
f 9284 9285 9286
f 9286 9285 9287
f 9286 9287 9288
f 9288 9287 9289
f 9288 9289 9290
f 9241 9268 9279
f 9279 9268 9267
f 9279 9267 9291
f 9291 9267 9266
f 9291 9266 9272
f 9250 9292 9270
f 9270 9292 9276
f 9270 9276 9269
f 9269 9276 9278
f 9269 9278 9271
f 9229 9242 9274
f 9274 9242 9279
f 9274 9279 9275
f 9275 9279 9291
f 9275 9291 9278
f 9278 9291 9272
f 9278 9272 9271
f 9292 9281 9276
f 9276 9281 9284
f 9276 9284 9277
f 9277 9284 9286
f 9277 9286 9275
f 9275 9286 9288
f 9275 9288 9273
f 9273 9288 9290
f 9273 9290 9280
f 9293 9294 9295
f 8888 8891 9296
f 9216 9220 9297
f 9221 9224 9298
f 9299 9300 9301
f 9302 9303 9304
f 9303 9302 9305
f 9299 9306 9304
f 9304 9306 9307
f 9304 9307 9302
f 9308 9309 9310
f 9310 9309 9311
f 9310 9311 9312
f 9313 9314 9315
f 9315 9314 9316
f 9315 9316 9311
f 9311 9316 9317
f 9311 9317 9312
f 9318 9294 9319
f 9319 9320 9318
f 9318 9320 9321
f 9318 9321 9315
f 9315 9321 9322
f 9315 9322 9313
f 9323 9282 9324
f 9325 9285 9283
f 9287 9285 9326
f 9326 9285 9325
f 9326 9325 9327
f 9328 9280 9290
f 9222 9165 9328
f 9328 9165 9166
f 9328 9166 9280
f 9214 9215 9329
f 9329 9215 9330
f 9329 9330 9331
f 9331 9330 9332
f 9333 9334 9335
f 9335 9334 9336
f 8523 8888 8524
f 8524 8888 9296
f 8524 9296 8575
f 9337 8573 8576
f 8575 9296 8576
f 8576 9296 9338
f 8576 9338 9337
f 8573 9337 8571
f 8571 9337 9339
f 8571 9339 8570
f 9340 8560 8564
f 8564 8566 9340
f 9340 8566 8568
f 9340 8568 9341
f 8560 9340 8561
f 8561 9340 9342
f 8561 9342 8563
f 8559 9343 8512
f 8512 9343 8513
f 8513 9343 8558
f 8558 9343 9344
f 8558 9344 8556
f 8556 9344 9345
f 8556 9345 8554
f 8554 9345 9346
f 8554 9346 8552
f 9347 8550 9346
f 9346 8550 8551
f 9346 8551 8552
f 8545 8547 9347
f 9347 8547 8548
f 9347 8548 8550
f 9347 9348 8545
f 8545 9348 9349
f 8545 9349 8542
f 8542 9349 9182
f 8542 9182 8515
f 8515 9182 9164
f 8515 9164 8516
f 9345 9304 9346
f 9346 9304 9303
f 9346 9303 9347
f 9347 9303 9305
f 9347 9305 9348
f 9348 9305 9350
f 9348 9350 9349
f 9349 9350 9183
f 9349 9183 9182
f 9308 9299 9309
f 9309 9299 9301
f 9309 9301 9311
f 9311 9301 9351
f 9311 9351 9315
f 9315 9351 9352
f 9315 9352 9318
f 9353 9343 9342
f 9342 9343 8559
f 9342 8559 8563
f 9299 9304 9300
f 9300 9304 9345
f 9300 9345 9301
f 9301 9345 9344
f 9301 9344 9351
f 9351 9344 9343
f 9351 9343 9352
f 9352 9343 9353
f 9352 9353 9318
f 8568 8570 9341
f 9341 8570 9339
f 9341 9339 9340
f 9340 9339 9354
f 9340 9354 9342
f 9354 9355 9342
f 9342 9355 9356
f 9342 9356 9353
f 9353 9356 9357
f 9353 9357 9318
f 9318 9357 9358
f 9318 9358 9294
f 9294 9358 9359
f 9294 9359 9295
f 9360 9361 9362
f 9362 9361 9363
f 9362 9363 9364
f 9365 9366 9367
f 9367 9366 9368
f 9367 9368 9369
f 9370 9365 9371
f 9371 9365 9367
f 9371 9367 9372
f 9372 9367 9369
f 9372 9369 9373
f 9373 9369 9374
f 9375 9376 9377
f 9377 9376 9378
f 9377 9378 9379
f 9379 9378 9380
f 9379 9380 9381
f 9381 9380 9335
f 9381 9335 9382
f 9382 9335 9336
f 9382 9336 9383
f 9384 9385 9386
f 9386 9385 9387
f 9386 9387 9293
f 9388 9389 9390
f 9390 9389 9391
f 9390 9391 9392
f 9376 9374 9378
f 9378 9374 9369
f 9378 9369 9380
f 9380 9369 9368
f 9380 9368 9335
f 9335 9368 9366
f 9335 9366 9333
f 9215 9216 9330
f 9330 9216 9297
f 9330 9297 9393
f 9393 9297 9394
f 9393 9394 9395
f 9395 9394 9396
f 9395 9396 9397
f 9397 9396 9398
f 9397 9398 9399
f 9399 9398 9323
f 9399 9323 9360
f 9360 9323 9324
f 9360 9324 9361
f 9361 9324 9400
f 9361 9400 9363
f 9391 9375 9392
f 9392 9375 9377
f 9392 9377 9401
f 9401 9377 9379
f 9401 9379 9402
f 9402 9379 9381
f 9402 9381 9403
f 9403 9381 9382
f 9403 9382 9404
f 9404 9382 9383
f 9404 9383 9405
f 9290 9406 9328
f 9328 9406 9407
f 9328 9407 9222
f 9222 9407 9223
f 9224 9223 9298
f 9298 9223 9407
f 9298 9407 9408
f 9408 9407 9406
f 9408 9406 9327
f 9327 9406 9290
f 9327 9290 9326
f 9326 9290 9289
f 9326 9289 9287
f 9220 9221 9297
f 9297 9221 9298
f 9297 9298 9394
f 9394 9298 9408
f 9394 9408 9396
f 9396 9408 9327
f 9396 9327 9398
f 9398 9327 9325
f 9398 9325 9323
f 9323 9325 9283
f 9323 9283 9282
f 9332 9330 9409
f 9409 9330 9393
f 9409 9393 9410
f 9410 9393 9395
f 9410 9395 9411
f 9411 9395 9397
f 9411 9397 9412
f 9412 9397 9399
f 9412 9399 9384
f 9384 9399 9360
f 9384 9360 9385
f 9385 9360 9362
f 9385 9362 9387
f 9387 9362 9364
f 9387 9364 9293
f 9293 9364 9413
f 9293 9413 9294
f 9294 9413 9414
f 9294 9414 9319
f 9295 9388 9293
f 9293 9388 9390
f 9293 9390 9386
f 9386 9390 9392
f 9386 9392 9384
f 9384 9392 9401
f 9384 9401 9412
f 9412 9401 9402
f 9412 9402 9411
f 9411 9402 9403
f 9411 9403 9410
f 9410 9403 9404
f 9410 9404 9409
f 9409 9404 9405
f 9409 9405 9332
f 9415 9416 9417
f 9184 9183 9350
f 9306 9299 9418
f 9418 9299 9419
f 9306 9418 9307
f 9307 9418 9420
f 9307 9420 9302
f 9302 9420 9421
f 9302 9421 9305
f 9305 9421 9422
f 9305 9422 9350
f 9350 9422 9228
f 9350 9228 9184
f 9415 9423 9424
f 9424 9423 9425
f 9424 9425 9426
f 9426 9425 9427
f 9426 9427 9231
f 9231 9427 9244
f 9428 9262 9429
f 9429 9262 9416
f 9429 9416 9430
f 9430 9416 9415
f 9430 9415 9431
f 9431 9415 9424
f 9431 9424 9432
f 9432 9424 9426
f 9432 9426 9230
f 9230 9426 9231
f 9419 9428 9418
f 9418 9428 9429
f 9418 9429 9420
f 9420 9429 9430
f 9420 9430 9421
f 9421 9430 9431
f 9421 9431 9422
f 9422 9431 9432
f 9422 9432 9228
f 9228 9432 9230
f 9314 9433 9316
f 9256 9364 9434
f 9434 9364 9363
f 9434 9363 9400
f 9282 9281 9324
f 9324 9281 9435
f 9324 9435 9400
f 9256 9255 9364
f 9364 9255 9254
f 9364 9254 9413
f 9254 9253 9413
f 9413 9253 9260
f 9413 9260 9414
f 9414 9260 9261
f 9414 9261 9319
f 9319 9261 9259
f 9319 9259 9320
f 9320 9259 9258
f 9320 9258 9321
f 9265 9314 9313
f 9265 9313 9258
f 9258 9313 9322
f 9258 9322 9321
f 9316 9433 9317
f 9317 9433 9436
f 9317 9436 9312
f 9419 9299 9437
f 9437 9299 9308
f 9437 9308 9310
f 9314 9265 9433
f 9433 9265 9264
f 9433 9264 9436
f 9436 9264 9263
f 9436 9263 9438
f 9438 9263 9262
f 9438 9262 9428
f 9257 9439 9252
f 9252 9439 9440
f 9252 9440 9251
f 9251 9440 9292
f 9251 9292 9250
f 9428 9419 9438
f 9438 9419 9437
f 9438 9437 9436
f 9436 9437 9310
f 9436 9310 9312
f 9281 9292 9435
f 9435 9292 9440
f 9435 9440 9400
f 9400 9440 9439
f 9400 9439 9434
f 9434 9439 9257
f 9434 9257 9256
f 9415 9417 9246
f 9246 9417 9416
f 9246 9416 9262
f 9246 9244 9427
f 9427 9425 9246
f 9246 9425 9423
f 9246 9423 9415
f 9441 9442 9443
f 9444 9445 9446
f 9447 9448 9449
f 9450 9451 9452
f 9453 9454 9455
f 9456 9457 9458
f 9186 9190 9459
f 9188 9187 9460
f 9461 9462 9463
f 9217 9214 9329
f 9464 9219 9218
f 9465 9210 9219
f 9466 9212 9211
f 9467 9468 9469
f 9469 9468 9470
f 9469 9470 9471
f 9471 9470 9472
f 9471 9472 9473
f 9473 9472 9474
f 9473 9474 9475
f 9476 9477 9478
f 9478 9477 9479
f 9480 9481 9482
f 9482 9481 9483
f 9482 9483 9484
f 9485 9486 9487
f 9488 9489 9486
f 9486 9489 9490
f 9486 9490 9487
f 9491 9492 9493
f 9493 9492 9494
f 9493 9494 9488
f 9495 9496 9452
f 9495 9452 9497
f 9498 9499 9500
f 9498 9195 9194
f 9498 9194 9499
f 8823 9185 9501
f 9501 9185 9502
f 9501 9502 9503
f 9504 9505 9506
f 9456 9458 9507
f 9500 9508 9498
f 9498 9508 9460
f 9498 9460 9195
f 9195 9460 9187
f 9509 9455 9510
f 9510 9455 9454
f 9510 9454 9500
f 9500 9454 9453
f 9500 9453 9508
f 9508 9453 9511
f 9508 9511 9460
f 9460 9511 9512
f 9460 9512 9188
f 9188 9512 9189
f 9190 9189 9459
f 9459 9189 9512
f 9459 9512 9513
f 9513 9512 9511
f 9513 9511 9514
f 9514 9511 9453
f 9514 9453 9515
f 9515 9453 9455
f 9515 9455 9463
f 9463 9455 9509
f 9463 9509 9461
f 9463 9516 9515
f 9515 9516 9517
f 9515 9517 9514
f 9514 9517 9518
f 9514 9518 9513
f 9513 9518 9519
f 9513 9519 9459
f 9459 9519 9502
f 9459 9502 9186
f 9186 9502 9185
f 9488 9486 9493
f 9493 9486 9520
f 9493 9520 9521
f 9452 9522 9450
f 9450 9522 9449
f 9450 9449 9523
f 9523 9449 9448
f 9451 9450 9524
f 9524 9450 9523
f 9524 9523 9525
f 9496 9526 9452
f 9452 9526 9491
f 9452 9491 9522
f 9522 9491 9493
f 9522 9493 9449
f 9449 9493 9521
f 9449 9521 9447
f 9497 9527 9462
f 9462 9527 9528
f 9462 9528 9463
f 9463 9528 9529
f 9463 9529 9516
f 9516 9529 9530
f 9516 9530 9517
f 9517 9530 9531
f 9517 9531 9518
f 9518 9531 9532
f 9518 9532 9519
f 9519 9532 9533
f 9519 9533 9502
f 9502 9533 9534
f 9502 9534 9503
f 9497 9452 9527
f 9527 9452 9451
f 9527 9451 9528
f 9528 9451 9524
f 9528 9524 9529
f 9529 9524 9525
f 9529 9525 9530
f 9530 9525 9535
f 9530 9535 9531
f 9531 9535 9536
f 9531 9536 9532
f 9532 9536 9537
f 9532 9537 9533
f 9533 9537 9538
f 9533 9538 9534
f 9457 9505 9458
f 9458 9505 9504
f 9458 9504 9446
f 9446 9445 9458
f 9458 9445 9539
f 9458 9539 9507
f 9443 9442 9540
f 9541 9507 9542
f 9542 9507 9539
f 9542 9539 9543
f 9543 9539 9445
f 9543 9445 9540
f 9540 9445 9444
f 9540 9444 9443
f 9544 9541 9545
f 9545 9541 9542
f 9545 9542 9546
f 9546 9542 9543
f 9546 9543 9547
f 9547 9543 9540
f 9547 9540 9548
f 9548 9540 9442
f 9448 9441 9523
f 9523 9441 9443
f 9523 9443 9525
f 9525 9443 9444
f 9525 9444 9535
f 9535 9444 9446
f 9535 9446 9536
f 9536 9446 9504
f 9536 9504 9537
f 9537 9504 9506
f 9537 9506 9538
f 9549 9550 9477
f 9477 9550 9551
f 9477 9551 9479
f 9479 9551 9552
f 9365 9553 9554
f 9555 9556 9557
f 9365 9370 9553
f 9553 9370 9558
f 9553 9558 9559
f 9550 9560 9551
f 9551 9560 9482
f 9551 9482 9552
f 9552 9482 9484
f 9561 9562 9563
f 9563 9562 9564
f 9549 9565 9550
f 9550 9565 9563
f 9550 9563 9560
f 9560 9563 9564
f 9560 9564 9482
f 9482 9564 9485
f 9482 9485 9480
f 9480 9485 9487
f 9405 9566 9332
f 9332 9566 9567
f 9332 9567 9331
f 9331 9567 9464
f 9331 9464 9329
f 9329 9464 9218
f 9329 9218 9217
f 9405 9383 9566
f 9566 9383 9336
f 9566 9336 9568
f 9568 9336 9334
f 9568 9334 9569
f 9569 9334 9333
f 9569 9333 9554
f 9554 9333 9366
f 9554 9366 9365
f 9555 9557 9570
f 9570 9557 9571
f 9570 9571 9572
f 9572 9571 9573
f 9572 9573 9574
f 9574 9573 9575
f 9574 9575 9576
f 9576 9575 9577
f 9576 9577 9578
f 9578 9577 9579
f 9578 9579 9580
f 9580 9579 9466
f 9580 9466 9465
f 9465 9466 9211
f 9465 9211 9210
f 9219 9464 9465
f 9465 9464 9567
f 9465 9567 9580
f 9580 9567 9566
f 9580 9566 9578
f 9578 9566 9568
f 9578 9568 9576
f 9576 9568 9569
f 9576 9569 9574
f 9574 9569 9554
f 9574 9554 9572
f 9572 9554 9553
f 9572 9553 9570
f 9570 9553 9559
f 9570 9559 9555
f 9561 9563 9581
f 9581 9563 9565
f 9581 9565 9582
f 9582 9565 9583
f 9582 9583 9584
f 9584 9583 9585
f 9584 9585 9586
f 9586 9585 9587
f 9586 9587 9588
f 9588 9587 9589
f 9588 9589 9590
f 9590 9589 9208
f 9590 9208 9213
f 9476 9591 9477
f 9477 9591 9467
f 9477 9467 9549
f 9549 9467 9469
f 9549 9469 9565
f 9565 9469 9471
f 9565 9471 9583
f 9583 9471 9473
f 9583 9473 9585
f 9585 9473 9475
f 9585 9475 9587
f 9587 9475 9592
f 9587 9592 9589
f 9589 9592 9209
f 9589 9209 9208
f 9556 9561 9557
f 9557 9561 9581
f 9557 9581 9571
f 9571 9581 9582
f 9571 9582 9573
f 9573 9582 9584
f 9573 9584 9575
f 9575 9584 9586
f 9575 9586 9577
f 9577 9586 9588
f 9577 9588 9579
f 9579 9588 9590
f 9579 9590 9466
f 9466 9590 9213
f 9466 9213 9212
f 9556 9593 9561
f 9561 9593 9594
f 9561 9594 9562
f 9562 9594 9595
f 9562 9595 9564
f 9564 9595 9596
f 9564 9596 9485
f 9485 9596 9597
f 9485 9597 9486
f 9486 9597 9598
f 9486 9598 9520
f 9599 9209 9592
f 9600 9601 9602
f 9602 9601 9603
f 9602 9603 9604
f 9604 9603 9605
f 9606 9607 9608
f 9608 9607 9609
f 9608 9609 9605
f 9605 9609 9610
f 9605 9610 9604
f 9611 9472 9612
f 9612 9472 9470
f 9612 9470 9613
f 9613 9470 9468
f 9613 9468 9614
f 9599 9592 9615
f 9615 9592 9475
f 9615 9475 9611
f 9611 9475 9474
f 9611 9474 9472
f 9601 9616 9603
f 9603 9616 9617
f 9603 9617 9605
f 9605 9617 9618
f 9605 9618 9608
f 9608 9618 9619
f 9608 9619 9606
f 9606 9619 9620
f 9606 9620 9621
f 9621 9620 9622
f 9621 9622 9623
f 9614 9622 9613
f 9613 9622 9620
f 9613 9620 9612
f 9612 9620 9619
f 9612 9619 9611
f 9611 9619 9618
f 9611 9618 9615
f 9615 9618 9617
f 9615 9617 9599
f 9599 9617 9616
f 9624 9191 9192
f 9624 9192 9625
f 9626 9199 9200
f 9193 9627 9192
f 9192 9627 9628
f 9192 9628 9629
f 9630 9631 9632
f 9632 9631 9633
f 9632 9633 9634
f 9634 9633 9635
f 9634 9635 9629
f 9629 9635 9636
f 9629 9636 9192
f 9192 9636 9637
f 9192 9637 9625
f 9204 9209 9599
f 9626 9200 9638
f 9638 9200 9201
f 9638 9201 9639
f 9639 9201 9202
f 9639 9202 9203
f 9193 9196 9627
f 9627 9196 9197
f 9627 9197 9626
f 9626 9197 9198
f 9626 9198 9199
f 9599 9616 9204
f 9204 9616 9601
f 9204 9601 9205
f 9203 9207 9639
f 9639 9207 9206
f 9639 9206 9640
f 9206 9205 9640
f 9640 9205 9601
f 9640 9601 9641
f 9641 9601 9600
f 9641 9600 9642
f 9642 9600 9643
f 9642 9643 9630
f 9630 9643 9644
f 9630 9644 9631
f 9633 9645 9635
f 9635 9645 9646
f 9635 9646 9647
f 9648 9649 9631
f 9631 9649 9650
f 9631 9650 9651
f 9651 9652 9631
f 9631 9652 9653
f 9631 9653 9654
f 9654 9655 9631
f 9631 9655 9656
f 9631 9656 9633
f 9633 9656 9657
f 9633 9657 9645
f 9644 9658 9631
f 9631 9658 9659
f 9660 9648 9661
f 9661 9648 9631
f 9661 9631 9662
f 9662 9631 9659
f 9663 9664 9644
f 9644 9664 9665
f 9644 9665 9658
f 9643 9623 9644
f 9644 9623 9663
f 9635 9647 9666
f 9635 9667 9668
f 9666 9669 9635
f 9635 9669 9670
f 9635 9670 9667
f 9668 9671 9635
f 9635 9671 9672
f 9635 9672 9636
f 9669 9667 9670
f 9673 9637 9636
f 9499 9194 9191
f 9191 9624 9499
f 9499 9624 9674
f 9499 9674 9500
f 9500 9674 9675
f 9500 9675 9510
f 9510 9675 9676
f 9510 9676 9509
f 9509 9676 9677
f 9509 9677 9461
f 9461 9677 9678
f 9461 9678 9462
f 9647 9679 9666
f 9666 9679 9680
f 9636 9672 9673
f 9673 9672 9671
f 9673 9671 9681
f 9681 9671 9668
f 9681 9668 9667
f 9625 9637 9682
f 9682 9637 9673
f 9682 9673 9683
f 9683 9673 9681
f 9683 9681 9684
f 9684 9681 9667
f 9684 9667 9680
f 9680 9667 9669
f 9680 9669 9666
f 9679 9678 9680
f 9680 9678 9677
f 9680 9677 9684
f 9684 9677 9676
f 9684 9676 9683
f 9683 9676 9675
f 9683 9675 9682
f 9682 9675 9674
f 9682 9674 9625
f 9625 9674 9624
f 9663 9623 9622
f 9479 9685 9686
f 9484 9687 9552
f 9526 9688 9491
f 9495 9497 9689
f 9689 9497 9462
f 9689 9462 9678
f 9688 9526 9690
f 9490 9489 9650
f 9650 9489 9488
f 9650 9488 9651
f 9651 9488 9494
f 9651 9494 9652
f 9650 9649 9490
f 9490 9649 9648
f 9490 9648 9487
f 9487 9648 9660
f 9487 9660 9480
f 9480 9660 9661
f 9480 9661 9481
f 9481 9661 9662
f 9658 9687 9659
f 9659 9687 9484
f 9659 9484 9662
f 9662 9484 9483
f 9662 9483 9481
f 9686 9691 9692
f 9467 9591 9692
f 9692 9591 9476
f 9692 9476 9686
f 9686 9476 9478
f 9686 9478 9479
f 9614 9468 9467
f 9664 9691 9665
f 9665 9691 9686
f 9665 9686 9658
f 9658 9686 9685
f 9658 9685 9687
f 9687 9685 9479
f 9687 9479 9552
f 9652 9494 9653
f 9653 9494 9492
f 9653 9492 9654
f 9654 9492 9491
f 9654 9491 9655
f 9655 9491 9688
f 9655 9688 9656
f 9656 9688 9690
f 9656 9690 9657
f 9657 9690 9693
f 9657 9693 9645
f 9679 9647 9693
f 9693 9647 9646
f 9693 9646 9645
f 9678 9679 9689
f 9689 9679 9693
f 9689 9693 9495
f 9495 9693 9690
f 9495 9690 9496
f 9496 9690 9526
f 9467 9692 9614
f 9614 9692 9691
f 9614 9691 9622
f 9622 9691 9664
f 9622 9664 9663
f 9600 9602 9643
f 9643 9602 9604
f 9604 9610 9643
f 9643 9610 9609
f 9643 9609 9607
f 9607 9606 9643
f 9643 9606 9621
f 9643 9621 9623
f 9639 9094 9638
f 9638 9094 9087
f 9638 9087 9626
f 9626 9087 9089
f 9626 9089 9627
f 9627 9089 9091
f 9627 9091 9628
f 9628 9091 9092
f 9628 9092 9629
f 9629 9092 9093
f 9629 9093 9634
f 9634 9093 9086
f 9634 9086 9632
f 9632 9086 9085
f 9632 9085 9630
f 9630 9085 9084
f 9630 9084 9642
f 9642 9084 9083
f 9642 9083 9641
f 9641 9083 9096
f 9641 9096 9640
f 9640 9096 9095
f 9640 9095 9639
f 9639 9095 9094
f 9694 9695 9696
f 9697 9698 9699
f 9700 9701 9702
f 9538 9506 9703
f 9456 9507 9704
f 8783 8782 9705
f 8780 8779 9706
f 8786 8787 9707
f 9708 9709 9710
f 9711 9712 9713
f 9714 9715 9716
f 9717 8817 9718
f 9718 8817 8816
f 9718 8816 9719
f 9719 8816 8825
f 9719 8825 9501
f 9501 8825 8824
f 9501 8824 8823
f 9720 8820 9717
f 9717 8820 8819
f 9717 8819 8817
f 9721 8811 9722
f 9722 8811 8810
f 9722 8810 9720
f 9720 8810 8821
f 9720 8821 8820
f 9723 9724 9725
f 9725 9724 9726
f 9725 9726 9727
f 9728 9729 9730
f 9730 9729 9731
f 9731 9732 9730
f 9730 9732 9733
f 9730 9733 9726
f 9726 9733 9734
f 9726 9734 9727
f 9695 9735 9736
f 9736 9735 9737
f 9738 9739 9740
f 8789 8794 9738
f 9738 8794 8793
f 9738 8793 9739
f 8778 8783 8840
f 8840 8783 9705
f 8840 9705 8925
f 8925 9705 8923
f 8931 8929 9741
f 9741 8929 8927
f 9742 9541 9544
f 9538 9703 9534
f 9501 9503 9719
f 9719 9503 9743
f 9719 9743 9718
f 9718 9743 9744
f 9718 9744 9717
f 9717 9744 9745
f 9717 9745 9720
f 9720 9745 9746
f 9720 9746 9722
f 9722 9746 9716
f 9722 9716 9721
f 9721 9716 9715
f 9503 9534 9743
f 9743 9534 9703
f 9743 9703 9744
f 9744 9703 9747
f 9744 9747 9745
f 9745 9747 9748
f 9745 9748 9746
f 9746 9748 9749
f 9746 9749 9716
f 9716 9749 9750
f 9716 9750 9714
f 9714 9750 9751
f 9714 9751 9752
f 9506 9505 9703
f 9703 9505 9753
f 9703 9753 9747
f 9747 9753 9754
f 9747 9754 9748
f 9748 9754 9755
f 9748 9755 9749
f 9749 9755 9756
f 9749 9756 9750
f 9750 9756 9757
f 9750 9757 9751
f 9751 9757 9713
f 9751 9713 9752
f 9752 9713 9712
f 9709 9758 9710
f 9710 9758 9759
f 9710 9759 9760
f 9723 9708 9724
f 9724 9708 9710
f 9724 9710 9726
f 9726 9710 9760
f 9726 9760 9730
f 9736 9761 9762
f 9762 9761 9763
f 9762 9763 9702
f 9702 9701 9762
f 9762 9701 9764
f 9762 9764 9736
f 9736 9764 9765
f 9736 9765 9695
f 9695 9765 9766
f 9695 9766 9696
f 9758 9767 9759
f 9759 9767 9763
f 9759 9763 9760
f 9760 9763 9761
f 9760 9761 9730
f 9730 9761 9736
f 9730 9736 9728
f 9728 9736 9737
f 9708 9711 9709
f 9709 9711 9713
f 9709 9713 9758
f 9758 9713 9757
f 9758 9757 9767
f 9767 9757 9756
f 9767 9756 9768
f 9768 9756 9755
f 9768 9755 9769
f 9769 9755 9754
f 9769 9754 9770
f 9770 9754 9753
f 9770 9753 9457
f 9457 9753 9505
f 9771 9772 9773
f 9773 9772 9774
f 9773 9774 9775
f 9775 9774 9776
f 9775 9776 9742
f 9742 9776 9704
f 9742 9704 9541
f 9541 9704 9507
f 9544 9777 9742
f 9742 9777 9778
f 9742 9778 9775
f 9775 9778 9779
f 9775 9779 9773
f 9773 9779 9780
f 9773 9780 9771
f 9771 9780 9781
f 9457 9456 9770
f 9770 9456 9704
f 9770 9704 9769
f 9769 9704 9776
f 9769 9776 9768
f 9768 9776 9774
f 9768 9774 9767
f 9767 9774 9772
f 9767 9772 9763
f 9763 9772 9771
f 9763 9771 9702
f 9702 9771 9781
f 9702 9781 9700
f 9782 9783 9784
f 9784 9783 9785
f 9784 9785 9786
f 8906 8932 9787
f 9787 8932 9788
f 9787 9788 9789
f 8912 8906 9790
f 9790 8906 9787
f 9790 9787 9791
f 9791 9787 9789
f 9791 9789 9792
f 9792 9789 9793
f 9794 9795 9796
f 9796 9795 9797
f 9796 9797 9798
f 9798 9797 9799
f 9798 9799 9800
f 9800 9799 9741
f 9800 9741 9801
f 9801 9741 8927
f 9801 8927 8926
f 9802 9803 9804
f 9804 9803 9805
f 9804 9805 9694
f 9806 9807 9808
f 9808 9807 9809
f 9808 9809 9810
f 9795 9793 9797
f 9797 9793 9789
f 9797 9789 9799
f 9799 9789 9788
f 9799 9788 9741
f 9741 9788 8932
f 9741 8932 8931
f 8782 8780 9705
f 9705 8780 9706
f 9705 9706 9811
f 9811 9706 9812
f 9811 9812 9813
f 9813 9812 9814
f 9813 9814 9815
f 9815 9814 9816
f 9815 9816 9817
f 9817 9816 9818
f 9817 9818 9782
f 9782 9818 9819
f 9782 9819 9783
f 9783 9819 9820
f 9783 9820 9785
f 9809 9794 9810
f 9810 9794 9796
f 9810 9796 9821
f 9821 9796 9798
f 9821 9798 9822
f 9822 9798 9800
f 9822 9800 9823
f 9823 9800 9801
f 9823 9801 9824
f 9824 9801 8926
f 9824 8926 8921
f 9740 9825 9738
f 9738 9825 9707
f 9738 9707 8789
f 8789 9707 8787
f 8784 8786 9826
f 9826 8786 9707
f 9826 9707 9827
f 9827 9707 9825
f 9827 9825 9697
f 9697 9825 9740
f 9697 9740 9698
f 9698 9740 9828
f 9698 9828 9699
f 9699 9828 9829
f 9699 9829 9830
f 8779 8784 9706
f 9706 8784 9826
f 9706 9826 9812
f 9812 9826 9827
f 9812 9827 9814
f 9814 9827 9697
f 9814 9697 9816
f 9816 9697 9699
f 9816 9699 9818
f 9818 9699 9830
f 9818 9830 9819
f 8923 9705 9831
f 9831 9705 9811
f 9831 9811 9832
f 9832 9811 9813
f 9832 9813 9833
f 9833 9813 9815
f 9833 9815 9834
f 9834 9815 9817
f 9834 9817 9802
f 9802 9817 9782
f 9802 9782 9803
f 9803 9782 9784
f 9803 9784 9805
f 9805 9784 9786
f 9805 9786 9694
f 9694 9786 9835
f 9694 9835 9695
f 9695 9835 9836
f 9695 9836 9735
f 9696 9806 9694
f 9694 9806 9808
f 9694 9808 9804
f 9804 9808 9810
f 9804 9810 9802
f 9802 9810 9821
f 9802 9821 9834
f 9834 9821 9822
f 9834 9822 9833
f 9833 9822 9823
f 9833 9823 9832
f 9832 9823 9824
f 9832 9824 9831
f 9831 9824 8921
f 9831 8921 8923
f 9837 9838 9839
f 9840 9841 9708
f 9708 9841 9711
f 9711 9841 9712
f 9712 9841 9842
f 9712 9842 9752
f 9752 9842 9843
f 9752 9843 9714
f 9844 9845 8812
f 9714 9843 9715
f 9715 9843 9844
f 9715 9844 9721
f 9721 9844 8812
f 9721 8812 8811
f 9837 9846 9847
f 9847 9846 9848
f 9847 9848 9849
f 9849 9848 9850
f 9849 9850 9851
f 9851 9850 9852
f 9853 9854 9855
f 9855 9854 9838
f 9855 9838 9856
f 9856 9838 9837
f 9856 9837 9857
f 9857 9837 9847
f 9857 9847 9858
f 9858 9847 9849
f 9858 9849 9859
f 9859 9849 9851
f 9840 9853 9841
f 9841 9853 9855
f 9841 9855 9842
f 9842 9855 9856
f 9842 9856 9843
f 9843 9856 9857
f 9843 9857 9844
f 9844 9857 9858
f 9844 9858 9845
f 9845 9858 9859
f 9860 9786 9861
f 9861 9786 9785
f 9861 9785 9820
f 9830 9862 9819
f 9819 9862 9863
f 9819 9863 9820
f 9860 9864 9786
f 9786 9864 9865
f 9786 9865 9835
f 9865 9866 9835
f 9835 9866 9867
f 9835 9867 9836
f 9836 9867 9868
f 9836 9868 9735
f 9735 9868 9869
f 9735 9869 9737
f 9737 9869 9870
f 9737 9870 9728
f 9871 9732 9731
f 9871 9731 9870
f 9870 9731 9729
f 9870 9729 9728
f 9872 9734 9873
f 9873 9734 9733
f 9873 9733 9732
f 9872 9874 9875
f 9875 9874 9840
f 9875 9840 9708
f 9708 9723 9875
f 9875 9723 9725
f 9875 9725 9872
f 9872 9725 9727
f 9872 9727 9734
f 9876 9854 9853
f 9877 9878 9879
f 9879 9878 9880
f 9879 9880 9881
f 9881 9880 9882
f 9881 9882 9883
f 9732 9871 9873
f 9873 9871 9884
f 9873 9884 9872
f 9872 9884 9876
f 9872 9876 9874
f 9874 9876 9853
f 9874 9853 9840
f 9862 9882 9863
f 9863 9882 9880
f 9863 9880 9820
f 9820 9880 9878
f 9820 9878 9861
f 9861 9878 9877
f 9861 9877 9860
f 9885 9886 9887
f 9888 9889 9890
f 9890 9889 9887
f 9886 9885 9891
f 9892 9893 9894
f 9891 9885 9895
f 9895 9885 9739
f 9895 9739 8793
f 9862 9830 9896
f 9896 9830 9829
f 9896 9829 9897
f 9897 9829 9828
f 9897 9828 9898
f 9898 9828 9740
f 9894 9899 9892
f 9892 9899 9900
f 9892 9900 9901
f 9901 9900 9902
f 9901 9902 9903
f 9883 9882 9904
f 9904 9882 9888
f 9904 9888 9905
f 9905 9888 9890
f 9905 9890 9906
f 9891 9893 9886
f 9886 9893 9892
f 9886 9892 9887
f 9887 9892 9901
f 9887 9901 9890
f 9890 9901 9903
f 9890 9903 9906
f 9882 9862 9888
f 9888 9862 9896
f 9888 9896 9889
f 9889 9896 9897
f 9889 9897 9887
f 9887 9897 9898
f 9887 9898 9885
f 9885 9898 9740
f 9885 9740 9739
f 9895 8793 8791
f 8790 9907 8791
f 8791 9907 9908
f 8791 9908 9909
f 9895 8791 9891
f 8813 8812 9845
f 9910 9911 9912
f 9912 9911 9913
f 9912 9913 9909
f 9909 9913 9894
f 9909 9894 8791
f 8791 9894 9893
f 8791 9893 9891
f 9845 9859 8813
f 8813 9859 9851
f 8813 9851 8814
f 8801 9914 8802
f 8802 9914 9915
f 8802 9915 8804
f 8801 8806 9914
f 9914 8806 8808
f 9914 8808 9916
f 8790 8795 9907
f 9907 8795 8797
f 9907 8797 9917
f 8808 8814 9916
f 9916 8814 9851
f 9916 9851 9918
f 9918 9851 9852
f 9918 9852 9919
f 9919 9852 9920
f 9919 9920 9921
f 9921 9920 9922
f 9921 9922 9910
f 9910 9922 9923
f 9910 9923 9911
f 8797 8798 9917
f 9917 8798 8800
f 9917 8800 9915
f 9915 8800 8805
f 9915 8805 8804
f 9883 9913 9881
f 9881 9913 9911
f 9881 9911 9879
f 9866 9865 9923
f 9865 9864 9923
f 9923 9864 9860
f 9923 9860 9911
f 9911 9860 9877
f 9911 9877 9879
f 9923 9870 9869
f 9866 9923 9867
f 9867 9923 9869
f 9867 9869 9868
f 9922 9920 9854
f 9854 9876 9922
f 9922 9876 9884
f 9922 9884 9923
f 9923 9884 9871
f 9923 9871 9870
f 9905 9913 9904
f 9904 9913 9883
f 9902 9900 9913
f 9913 9900 9899
f 9913 9899 9894
f 9905 9906 9913
f 9913 9906 9903
f 9913 9903 9902
f 9837 9839 9920
f 9920 9839 9838
f 9920 9838 9854
f 9920 9852 9850
f 9850 9848 9920
f 9920 9848 9846
f 9920 9846 9837
f 9919 9155 9918
f 9918 9155 9154
f 9918 9154 9916
f 9916 9154 9153
f 9916 9153 9914
f 9914 9153 9152
f 9914 9152 9915
f 9915 9152 9160
f 9915 9160 9917
f 9917 9160 9161
f 9917 9161 9907
f 9907 9161 9162
f 9907 9162 9908
f 9908 9162 9163
f 9908 9163 9909
f 9909 9163 9159
f 9909 9159 9912
f 9912 9159 9158
f 9912 9158 9910
f 9910 9158 9157
f 9910 9157 9921
f 9921 9157 9156
f 9921 9156 9919
f 9919 9156 9155
f 9791 9792 9924
f 9338 9296 9925
f 8909 9926 8910
f 8910 9926 9927
f 8910 9927 8956
f 9925 9296 9928
f 9928 9296 8891
f 9928 8891 8890
f 9929 9355 9354
f 9930 9295 9359
f 9931 9932 9373
f 9373 9932 9372
f 9933 9764 9934
f 9934 9764 9701
f 9935 9696 9766
f 9924 9792 9936
f 9937 8961 8960
f 8890 8889 9928
f 9928 8889 8887
f 9928 8887 9938
f 9938 8887 8886
f 9938 8886 9939
f 9930 9359 9940
f 9544 9941 9777
f 9777 9941 9942
f 9777 9942 9778
f 9937 8960 9943
f 8886 8898 9939
f 9939 8898 8899
f 9939 8899 9944
f 9944 8899 8900
f 9929 9354 9945
f 9945 9354 9339
f 9945 9339 9925
f 9925 9339 9337
f 9925 9337 9338
f 9359 9358 9940
f 9940 9358 9357
f 9940 9357 9929
f 9929 9357 9356
f 9929 9356 9355
f 9373 9374 9931
f 9931 9374 9376
f 9931 9376 9946
f 9946 9376 9375
f 9935 9766 9933
f 9933 9766 9765
f 9933 9765 9764
f 9792 9793 9936
f 9936 9793 9795
f 9936 9795 9947
f 9947 9795 9794
f 8909 8914 9926
f 9926 8914 8913
f 9926 8913 9948
f 9948 8913 8912
f 9948 8912 9924
f 9924 8912 9790
f 9924 9790 9791
f 8960 8959 9943
f 9943 8959 8958
f 9943 8958 9927
f 9927 8958 8957
f 9927 8957 8956
f 8900 8901 9944
f 9944 8901 8896
f 9944 8896 9937
f 9937 8896 8830
f 9937 8830 8961
f 9375 9391 9946
f 9946 9391 9389
f 9946 9389 9930
f 9930 9389 9388
f 9930 9388 9295
f 9555 9559 9949
f 9949 9559 9558
f 9949 9558 9950
f 9950 9558 9370
f 9950 9370 9932
f 9932 9370 9371
f 9932 9371 9372
f 9555 9949 9556
f 9556 9949 9951
f 9556 9951 9593
f 9520 9598 9952
f 9952 9598 9597
f 9952 9597 9953
f 9701 9700 9934
f 9934 9700 9781
f 9934 9781 9954
f 9954 9781 9780
f 9954 9780 9942
f 9942 9780 9779
f 9942 9779 9778
f 9794 9809 9947
f 9947 9809 9807
f 9947 9807 9935
f 9935 9807 9806
f 9935 9806 9696
f 9597 9596 9953
f 9953 9596 9595
f 9953 9595 9951
f 9951 9595 9594
f 9951 9594 9593
f 9520 9952 9521
f 9521 9952 9955
f 9521 9955 9447
f 9956 9441 9955
f 9955 9441 9448
f 9955 9448 9447
f 9544 9545 9941
f 9941 9545 9546
f 9941 9546 9957
f 9546 9547 9957
f 9957 9547 9548
f 9957 9548 9956
f 9956 9548 9442
f 9956 9442 9441
f 9948 9958 9926
f 9926 9958 9959
f 9926 9959 9927
f 9927 9959 9960
f 9927 9960 9943
f 9943 9960 9961
f 9943 9961 9937
f 9937 9961 9962
f 9937 9962 9944
f 9944 9962 9963
f 9944 9963 9939
f 9939 9963 9964
f 9939 9964 9938
f 9938 9964 9965
f 9938 9965 9928
f 9928 9965 9966
f 9928 9966 9925
f 9925 9966 9967
f 9925 9967 9945
f 9945 9967 9968
f 9945 9968 9929
f 9929 9968 9969
f 9929 9969 9940
f 9940 9969 9970
f 9940 9970 9930
f 9930 9970 9971
f 9930 9971 9946
f 9946 9971 9972
f 9946 9972 9931
f 9931 9972 9973
f 9931 9973 9932
f 9932 9973 9974
f 9932 9974 9950
f 9950 9974 9975
f 9950 9975 9949
f 9949 9975 9976
f 9949 9976 9951
f 9951 9976 9977
f 9951 9977 9953
f 9953 9977 9978
f 9953 9978 9952
f 9952 9978 9979
f 9952 9979 9955
f 9955 9979 9980
f 9955 9980 9956
f 9956 9980 9981
f 9956 9981 9957
f 9957 9981 9982
f 9957 9982 9941
f 9941 9982 9983
f 9941 9983 9942
f 9942 9983 9984
f 9942 9984 9954
f 9954 9984 9985
f 9954 9985 9934
f 9934 9985 9986
f 9934 9986 9933
f 9933 9986 9987
f 9933 9987 9935
f 9935 9987 9988
f 9935 9988 9947
f 9947 9988 9989
f 9947 9989 9936
f 9936 9989 9990
f 9936 9990 9924
f 9924 9990 9991
f 9924 9991 9948
f 9948 9991 9958
f 9968 9989 9988
f 9985 9984 9968
f 9968 9984 9983
f 9968 9983 9982
f 9972 9971 9970
f 9965 9958 9966
f 9966 9958 9991
f 9988 9987 9968
f 9968 9987 9986
f 9968 9986 9985
f 9976 9975 9968
f 9968 9975 9974
f 9974 9973 9968
f 9968 9973 9972
f 9968 9972 9969
f 9969 9972 9970
f 9968 9967 9989
f 9989 9967 9966
f 9989 9966 9990
f 9990 9966 9991
f 9982 9981 9968
f 9968 9981 9980
f 9968 9980 9979
f 9979 9978 9968
f 9968 9978 9977
f 9968 9977 9976
f 9965 9964 9958
f 9958 9964 9963
f 9958 9963 9962
f 9962 9961 9958
f 9958 9961 9960
f 9958 9960 9959
f 9236 9138 9225
f 9225 9138 9122
f 9225 9122 9226
f 9226 9122 9121
f 9226 9121 9239
f 9239 9121 9130
f 9239 9130 9237
f 9237 9130 9129
f 9237 9129 9247
f 9247 9129 9128
f 9247 9128 9245
f 9245 9128 9127
f 9245 9127 9243
f 9243 9127 9123
f 9243 9123 9233
f 9233 9123 9126
f 9233 9126 9232
f 9232 9126 9133
f 9232 9133 9234
f 9234 9133 9135
f 9234 9135 9235
f 9235 9135 9137
f 9235 9137 9236
f 9236 9137 9138
f 9992 9146 9993
f 9993 9146 9145
f 9993 9145 9994
f 9994 9145 9144
f 9994 9144 9995
f 9995 9144 9143
f 9995 9143 9996
f 9996 9143 9072
f 9996 9072 9997
f 9997 9072 9071
f 9997 9071 9998
f 9998 9071 9151
f 9998 9151 9999
f 9999 9151 9150
f 9999 9150 10000
f 10000 9150 9149
f 10000 9149 10001
f 10001 9149 9148
f 10001 9148 10002
f 10002 9148 9142
f 10002 9142 10003
f 10003 9142 9141
f 10003 9141 10004
f 10004 9141 9140
f 10004 9140 10005
f 10005 9140 9147
f 10005 9147 9992
f 9992 9147 9146
f 10006 9999 10007
f 10007 9999 10000
f 10007 10000 10008
f 10008 10000 10001
f 10008 10001 10009
f 10009 10001 10002
f 10009 10002 10010
f 10010 10002 10003
f 10010 10003 10011
f 10011 10003 10004
f 10011 10004 10012
f 10012 10004 10005
f 10012 10005 10013
f 10013 10005 9992
f 10013 9992 10014
f 10014 9992 9993
f 10014 9993 10015
f 10015 9993 9994
f 10015 9994 10016
f 10016 9994 9995
f 10016 9995 10017
f 10017 9995 9996
f 10017 9996 10018
f 10018 9996 9997
f 10018 9997 10019
f 10019 9997 9998
f 10019 9998 10006
f 10006 9998 9999
f 10017 10018 10019
f 10010 10011 10009
f 10009 10011 10012
f 10009 10012 10008
f 10013 10014 10017
f 10017 10014 10015
f 10017 10015 10016
f 10017 10019 10013
f 10013 10019 10006
f 10013 10006 10012
f 10012 10006 10007
f 10012 10007 10008
f 10020 9114 10021
f 10021 9114 9113
f 10021 9113 10022
f 10022 9113 9112
f 10022 9112 10023
f 10023 9112 9111
f 10023 9111 10024
f 10024 9111 9110
f 10024 9110 10025
f 10025 9110 9109
f 10025 9109 10026
f 10026 9109 9107
f 9107 9106 10026
f 10026 9106 10027
f 10027 9106 10028
f 10028 9106 9104
f 10028 9104 10029
f 10029 9104 9103
f 10029 9103 10030
f 10030 9103 9102
f 10030 9102 10031
f 10031 9102 9118
f 10031 9118 10032
f 10032 9118 9117
f 10032 9117 10033
f 10033 9117 9115
f 9115 9114 10033
f 10033 9114 10020
f 10033 10020 10034
f 10034 10020 10035
f 10035 10020 10036
f 10036 10020 10021
f 10036 10021 10037
f 10037 10021 10022
f 10037 10022 10038
f 10038 10022 10023
f 10038 10023 10039
f 10039 10023 10024
f 10039 10024 10040
f 10040 10024 10025
f 10040 10025 10041
f 10041 10025 10026
f 10026 10027 10041
f 10041 10027 10042
f 10042 10027 10043
f 10043 10027 10028
f 10043 10028 10044
f 10044 10028 10029
f 10044 10029 10045
f 10045 10029 10030
f 10045 10030 10046
f 10046 10030 10031
f 10046 10031 10047
f 10047 10031 10032
f 10047 10032 10034
f 10034 10032 10033
f 10039 10040 10041
f 10044 10045 10046
f 10037 10038 10036
f 10036 10038 10039
f 10036 10039 10035
f 10035 10039 10041
f 10035 10041 10034
f 10034 10041 10042
f 10034 10042 10047
f 10047 10042 10046
f 10046 10042 10043
f 10046 10043 10044
f 10048 8504 10049
f 10049 8504 8499
f 10049 8499 10050
f 10050 8499 8497
f 10050 8497 10051
f 10051 8497 8491
f 10051 8491 10052
f 10052 8491 8489
f 10052 8489 10053
f 10053 8489 8487
f 10053 8487 10054
f 10054 8487 8480
f 10054 8480 10055
f 10055 8480 8458
f 8502 10056 10057
f 8502 10057 8503
f 10055 8458 10058
f 10058 8458 8457
f 10058 8457 10059
f 10059 8457 8503
f 10059 8503 10060
f 10060 8503 10057
f 8504 10048 8505
f 8505 10048 10061
f 8505 10061 8500
f 10061 10062 8500
f 8500 10062 10063
f 8500 10063 8501
f 10056 8502 10064
f 10064 8502 8501
f 10064 8501 10065
f 10065 8501 10063
f 10048 10066 10067
f 10068 10055 10058
f 10068 10058 10069
f 10069 10058 10059
f 10069 10059 10070
f 10070 10059 10060
f 10070 10060 10071
f 10060 10057 10071
f 10071 10057 10056
f 10071 10056 10072
f 10056 10064 10072
f 10072 10064 10065
f 10072 10065 10073
f 10065 10063 10073
f 10073 10063 10062
f 10073 10062 10067
f 10067 10062 10061
f 10067 10061 10048
f 10066 10048 10049
f 10066 10049 10074
f 10074 10049 10050
f 10074 10050 10075
f 10075 10050 10076
f 10076 10050 10051
f 10076 10051 10077
f 10077 10051 10078
f 10078 10051 10052
f 10078 10052 10079
f 10079 10052 10080
f 10080 10052 10053
f 10080 10053 10081
f 10081 10053 10054
f 10081 10054 10082
f 10082 10054 10055
f 10082 10055 10068
f 10083 10066 10074
f 10075 10076 10083
f 10077 10078 10083
f 10079 10080 10083
f 10083 10082 10068
f 10081 10082 10083
f 10080 10081 10083
f 10078 10079 10083
f 10076 10077 10083
f 10074 10075 10083
f 10083 10068 10069
f 10083 10071 10072
f 10070 10071 10083
f 10069 10070 10083
f 10083 10067 10066
f 10073 10067 10083
f 10072 10073 10083
f 8452 10084 8450
f 8450 10084 10085
f 8450 10085 8448
f 10085 10086 8448
f 8448 10086 10087
f 8448 10087 8471
f 8471 10087 10088
f 8471 10088 10089
f 10084 10090 10091
f 10084 10091 10085
f 10085 10091 10092
f 10085 10092 10086
f 10086 10092 10087
f 10087 10092 10093
f 10087 10093 10088
f 10088 10093 10094
f 10088 10094 10089
f 10089 10094 10095
f 10089 10095 10096
f 10096 10095 10097
f 10096 10097 10098
f 10098 10097 10099
f 10098 10099 10100
f 10100 10099 10101
f 10100 10101 10102
f 10102 10101 10103
f 10102 10103 10104
f 10104 10103 10105
f 10104 10105 10106
f 10106 10105 10107
f 10107 10105 10108
f 10107 10108 10109
f 10109 10108 10110
f 10109 10110 10111
f 10111 10110 10112
f 10111 10112 10113
f 10113 10112 10114
f 10113 10114 10115
f 10115 10114 10116
f 10115 10116 10117
f 10117 10116 10118
f 10117 10118 10084
f 10084 10118 10090
f 10084 8452 10117
f 10117 8452 8470
f 10117 8470 10115
f 10115 8470 8466
f 10115 8466 10113
f 10113 8466 8465
f 10113 8465 10111
f 10111 8465 8456
f 10111 8456 10109
f 10109 8456 8455
f 10109 8455 10107
f 10107 8455 8484
f 10107 8484 10106
f 10106 8484 8474
f 8472 8471 10089
f 10089 10096 8472
f 8472 10096 10098
f 8472 10098 8477
f 10106 8474 10104
f 10104 8474 8476
f 10104 8476 10102
f 10102 8476 8477
f 10102 8477 10100
f 10100 8477 10098
f 10119 10090 10118
f 10119 10114 10112
f 10116 10114 10119
f 10118 10116 10119
f 10119 10108 10105
f 10110 10108 10119
f 10112 10110 10119
f 10119 10105 10103
f 10101 10099 10119
f 10097 10095 10119
f 10094 10093 10119
f 10119 10091 10090
f 10092 10091 10119
f 10093 10092 10119
f 10095 10094 10119
f 10099 10097 10119
f 10103 10101 10119
f 10120 8441 10121
f 10121 8441 8444
f 8446 10122 8444
f 8444 10122 10123
f 8444 10123 10121
f 8447 10124 8446
f 8446 10124 10125
f 8446 10125 10122
f 8447 8443 10124
f 10124 8443 8421
f 10124 8421 8420
f 10126 8435 10127
f 10127 8435 8441
f 10127 8441 10120
f 8409 8408 10128
f 10128 8408 8436
f 10128 8436 10129
f 10129 8436 8438
f 10129 8438 10130
f 10130 8438 8439
f 10130 8439 10131
f 10131 8439 8435
f 10131 8435 10126
f 8405 8406 10127
f 10127 8406 8409
f 10129 10130 10131
f 8409 10128 10127
f 10127 10128 10129
f 10127 10129 10126
f 10126 10129 10131
f 8404 8405 10127
f 10127 10120 8404
f 8404 10120 10121
f 8404 10121 10123
f 10123 10122 8404
f 8404 10122 10125
f 8404 10125 8420
f 8420 10125 10124
f 10132 10133 10134
f 10134 10133 10135
f 10133 10136 10135
f 10135 10136 10137
f 10136 10138 10137
f 10137 10138 10139
f 10138 10140 10139
f 10139 10140 10141
f 10140 10142 10141
f 10141 10142 10143
f 10142 10132 10143
f 10143 10132 10134
f 10144 10145 10133
f 10133 10145 10146
f 10133 10146 10147
f 10147 10148 10133
f 10133 10148 10149
f 10133 10149 10136
f 10136 10149 10150
f 10136 10150 10151
f 10152 10153 10142
f 10142 10153 10154
f 10142 10154 10155
f 10155 10156 10142
f 10142 10156 10157
f 10142 10157 10132
f 10132 10157 10158
f 10132 10158 10159
f 10159 10160 10132
f 10132 10160 10161
f 10132 10161 10133
f 10133 10161 10162
f 10133 10162 10144
f 10163 10164 10138
f 10138 10164 10165
f 10138 10165 10166
f 10140 10167 10168
f 10166 10169 10138
f 10138 10169 10170
f 10138 10170 10140
f 10140 10170 10171
f 10140 10171 10167
f 10151 10172 10136
f 10136 10172 10173
f 10136 10173 10138
f 10138 10173 10174
f 10138 10174 10163
f 10168 10175 10140
f 10140 10175 10176
f 10140 10176 10142
f 10142 10176 10177
f 10142 10177 10152
f 10174 10178 10179
f 10174 10179 10163
f 10163 10179 10180
f 10163 10180 10164
f 10164 10180 10181
f 10164 10181 10165
f 10165 10181 10182
f 10165 10182 10166
f 10166 10182 10183
f 10166 10183 10169
f 10169 10183 10184
f 10169 10184 10170
f 10170 10184 10185
f 10170 10185 10171
f 10171 10185 10186
f 10171 10186 10167
f 10167 10186 10187
f 10167 10187 10168
f 10168 10187 10188
f 10168 10188 10175
f 10175 10188 10189
f 10175 10189 10176
f 10176 10189 10190
f 10176 10190 10177
f 10177 10190 10191
f 10177 10191 10152
f 10152 10191 10192
f 10152 10192 10153
f 10153 10192 10193
f 10153 10193 10154
f 10154 10193 10194
f 10154 10194 10155
f 10155 10194 10195
f 10155 10195 10156
f 10156 10195 10196
f 10156 10196 10157
f 10157 10196 10197
f 10157 10197 10158
f 10158 10197 10198
f 10158 10198 10159
f 10159 10198 10199
f 10159 10199 10160
f 10160 10199 10200
f 10160 10200 10161
f 10161 10200 10201
f 10161 10201 10162
f 10162 10201 10202
f 10162 10202 10144
f 10144 10202 10203
f 10144 10203 10145
f 10145 10203 10204
f 10145 10204 10146
f 10146 10204 10205
f 10146 10205 10147
f 10147 10205 10206
f 10147 10206 10148
f 10148 10206 10207
f 10148 10207 10149
f 10149 10207 10208
f 10149 10208 10150
f 10150 10208 10209
f 10150 10209 10151
f 10151 10209 10210
f 10151 10210 10172
f 10172 10210 10211
f 10172 10211 10173
f 10173 10211 10178
f 10173 10178 10174
f 10212 10213 10211
f 10211 10213 10214
f 10211 10214 10178
f 10212 10211 10215
f 10215 10211 10210
f 10215 10210 10216
f 10216 10210 10209
f 10216 10209 10217
f 10217 10209 10208
f 10217 10208 10218
f 10219 10220 10205
f 10205 10220 10221
f 10205 10221 10206
f 10206 10221 10222
f 10206 10222 10207
f 10207 10222 10223
f 10207 10223 10208
f 10208 10223 10224
f 10208 10224 10218
f 10219 10205 10225
f 10225 10205 10204
f 10225 10204 10226
f 10226 10204 10203
f 10226 10203 10227
f 10227 10203 10228
f 10228 10203 10202
f 10228 10202 10229
f 10229 10202 10201
f 10229 10201 10230
f 10231 10232 10198
f 10198 10232 10233
f 10198 10233 10199
f 10199 10233 10234
f 10199 10234 10200
f 10200 10234 10235
f 10200 10235 10201
f 10201 10235 10236
f 10201 10236 10230
f 10231 10198 10237
f 10237 10198 10197
f 10237 10197 10238
f 10238 10197 10196
f 10238 10196 10239
f 10239 10196 10195
f 10239 10195 10240
f 10240 10241 10239
f 10239 10241 10242
f 10239 10242 10238
f 10238 10242 10237
f 10237 10242 10243
f 10237 10243 10231
f 10231 10243 10232
f 10232 10243 10244
f 10232 10244 10233
f 10245 10235 10244
f 10244 10235 10234
f 10244 10234 10233
f 10229 10230 10245
f 10245 10230 10236
f 10245 10236 10235
f 10229 10245 10228
f 10228 10245 10246
f 10228 10246 10227
f 10227 10246 10247
f 10227 10247 10226
f 10226 10247 10225
f 10225 10247 10248
f 10225 10248 10219
f 10219 10248 10220
f 10220 10248 10249
f 10220 10249 10221
f 10250 10223 10249
f 10249 10223 10222
f 10249 10222 10221
f 10216 10217 10251
f 10251 10217 10218
f 10251 10218 10250
f 10250 10218 10224
f 10250 10224 10223
f 10216 10251 10215
f 10215 10251 10252
f 10215 10252 10212
f 10212 10252 10213
f 10213 10252 10253
f 10213 10253 10214
f 10214 10253 10254
f 10254 10253 10255
f 10254 10255 10256
f 10256 10255 10257
f 10257 10255 10258
f 10257 10258 10259
f 10259 10258 10260
f 10260 10258 10261
f 10260 10261 10262
f 10263 10264 10261
f 10261 10264 10265
f 10261 10265 10262
f 10266 10267 10263
f 10263 10267 10268
f 10263 10268 10264
f 10266 10263 10269
f 10269 10263 10270
f 10269 10270 10271
f 10271 10270 10272
f 10271 10272 10273
f 10273 10272 10274
f 10274 10272 10275
f 10274 10275 10276
f 10276 10275 10277
f 10277 10275 10278
f 10277 10278 10279
f 10280 10281 10278
f 10278 10281 10282
f 10278 10282 10279
f 10283 10284 10285
f 10285 10284 10286
f 10285 10286 10280
f 10280 10286 10287
f 10280 10287 10281
f 10283 10285 10288
f 10288 10285 10289
f 10288 10289 10290
f 10290 10289 10291
f 10291 10289 10241
f 10291 10241 10240
f 10292 10241 10289
f 10292 10289 10293
f 10293 10289 10285
f 10293 10285 10294
f 10294 10285 10280
f 10294 10280 10295
f 10295 10280 10278
f 10295 10278 10296
f 10296 10278 10275
f 10296 10275 10297
f 10297 10275 10272
f 10297 10272 10298
f 10298 10272 10270
f 10298 10270 10299
f 10299 10270 10263
f 10299 10263 10300
f 10300 10263 10261
f 10300 10261 10301
f 10301 10261 10258
f 10301 10258 10302
f 10302 10258 10255
f 10302 10255 10303
f 10303 10255 10253
f 10303 10253 10304
f 10305 10306 10304
f 10306 10307 10304
f 10304 10307 10292
f 10304 10292 10303
f 10303 10292 10293
f 10303 10293 10294
f 10303 10297 10298
f 10308 10309 10310
f 10310 10309 10311
f 10308 10312 10309
f 10309 10312 10313
f 10309 10313 10314
f 10311 10309 10304
f 10304 10309 10315
f 10304 10315 10305
f 10294 10295 10303
f 10303 10295 10296
f 10303 10296 10297
f 10298 10299 10303
f 10303 10299 10300
f 10303 10300 10302
f 10302 10300 10301
f 10304 10253 10252
f 10304 10252 10311
f 10311 10252 10251
f 10311 10251 10310
f 10310 10251 10250
f 10310 10250 10308
f 10308 10250 10249
f 10308 10249 10312
f 10312 10249 10248
f 10312 10248 10313
f 10313 10248 10247
f 10313 10247 10314
f 10314 10247 10246
f 10314 10246 10309
f 10309 10246 10245
f 10309 10245 10315
f 10315 10245 10244
f 10315 10244 10305
f 10305 10244 10243
f 10305 10243 10306
f 10306 10243 10242
f 10306 10242 10307
f 10307 10242 10241
f 10307 10241 10292
f 10290 10291 10194
f 10194 10291 10240
f 10194 10240 10195
f 10290 10194 10288
f 10288 10194 10193
f 10288 10193 10283
f 10283 10193 10192
f 10283 10192 10284
f 10284 10192 10191
f 10284 10191 10286
f 10276 10277 10188
f 10188 10277 10279
f 10188 10279 10189
f 10189 10279 10282
f 10189 10282 10190
f 10190 10282 10281
f 10190 10281 10191
f 10191 10281 10287
f 10191 10287 10286
f 10276 10188 10274
f 10274 10188 10187
f 10274 10187 10273
f 10273 10187 10186
f 10273 10186 10271
f 10271 10186 10269
f 10269 10186 10185
f 10269 10185 10266
f 10266 10185 10184
f 10266 10184 10267
f 10259 10260 10181
f 10181 10260 10262
f 10181 10262 10182
f 10182 10262 10265
f 10182 10265 10183
f 10183 10265 10264
f 10183 10264 10184
f 10184 10264 10268
f 10184 10268 10267
f 10259 10181 10257
f 10257 10181 10180
f 10257 10180 10256
f 10256 10180 10179
f 10256 10179 10254
f 10254 10179 10178
f 10254 10178 10214
f 10137 10139 10135
f 10135 10139 10141
f 10135 10141 10134
f 10134 10141 10143
f 10316 10317 10318
f 10319 10320 10321
f 10318 10322 10316
f 10316 10322 10323
f 10316 10323 10324
f 10324 10323 10325
f 10324 10325 10326
f 10326 10325 10327
f 10326 10327 10328
f 10328 10327 10329
f 10328 10329 10330
f 10330 10329 10319
f 10330 10319 10331
f 10331 10319 10321
f 10331 10321 10332
f 10333 10334 10335
f 10334 10336 10337
f 10337 10336 10338
f 10335 10339 10333
f 10333 10339 10340
f 10333 10340 10341
f 10341 10340 10342
f 10341 10342 10343
f 10336 10344 10338
f 10338 10344 10345
f 10338 10345 10346
f 10346 10345 10347
f 10346 10347 10348
f 10334 10337 10335
f 10335 10337 10349
f 10335 10349 10350
f 10334 10351 10336
f 10336 10351 10352
f 10351 10353 10354
f 10355 10356 10357
f 10357 10352 10355
f 10355 10352 10351
f 10355 10351 10358
f 10358 10351 10354
f 10359 10360 10354
f 10353 10343 10354
f 10354 10343 10342
f 10354 10342 10359
f 10333 10341 10343
f 10353 10351 10343
f 10343 10351 10334
f 10343 10334 10333
f 10358 10354 10360
f 10361 10362 10363
f 10364 10365 10366
f 10366 10365 10367
f 10363 10358 10361
f 10361 10358 10360
f 10361 10360 10367
f 10367 10360 10368
f 10367 10368 10366
f 10366 10368 10369
f 10370 10371 10372
f 10372 10371 10373
f 10374 10375 10376
f 10376 10375 10372
f 10376 10372 10377
f 10377 10372 10373
f 10377 10373 10378
f 10355 10358 10363
f 10379 10380 10363
f 10363 10380 10378
f 10363 10378 10355
f 10355 10378 10373
f 10372 10375 10349
f 10355 10373 10356
f 10356 10373 10381
f 10356 10381 10348
f 10348 10381 10382
f 10349 10337 10372
f 10372 10337 10338
f 10372 10338 10382
f 10382 10338 10346
f 10382 10346 10348
f 10381 10318 10382
f 10382 10318 10317
f 10320 10383 10321
f 10321 10383 10384
f 10321 10384 10332
f 10383 10385 10384
f 10384 10385 10386
f 10385 10387 10386
f 10386 10387 10388
f 10387 10371 10388
f 10388 10371 10370
f 10318 10381 10371
f 10371 10381 10373
f 10387 10385 10371
f 10371 10385 10383
f 10371 10383 10318
f 10329 10327 10319
f 10319 10327 10325
f 10383 10320 10318
f 10318 10320 10319
f 10318 10319 10322
f 10322 10319 10325
f 10322 10325 10323
f 10386 10388 10384
f 10384 10388 10370
f 10372 10382 10370
f 10370 10382 10317
f 10370 10317 10384
f 10384 10317 10332
f 10324 10326 10316
f 10316 10326 10328
f 10332 10317 10316
f 10332 10316 10331
f 10331 10316 10328
f 10331 10328 10330
f 10347 10357 10348
f 10348 10357 10356
f 10352 10357 10336
f 10336 10357 10347
f 10336 10347 10344
f 10344 10347 10345
f 10349 10375 10374
f 10389 10390 10391
f 10391 10390 10392
f 10391 10392 10374
f 10374 10392 10350
f 10374 10350 10349
f 10389 10391 10393
f 10393 10391 10394
f 10394 10395 10396
f 10366 10397 10398
f 10398 10399 10400
f 10366 10398 10364
f 10401 10402 10396
f 10396 10402 10364
f 10396 10364 10394
f 10394 10364 10398
f 10394 10398 10393
f 10393 10398 10400
f 10399 10403 10400
f 10400 10403 10404
f 10403 10405 10404
f 10404 10405 10406
f 10405 10407 10406
f 10406 10407 10408
f 10407 10409 10408
f 10408 10409 10410
f 10408 10410 10411
f 10410 10409 10412
f 10413 10414 10415
f 10416 10411 10410
f 10410 10412 10416
f 10416 10412 10417
f 10416 10417 10418
f 10418 10417 10419
f 10418 10419 10420
f 10420 10419 10421
f 10420 10421 10422
f 10422 10421 10423
f 10422 10423 10424
f 10424 10423 10413
f 10424 10413 10425
f 10425 10413 10415
f 10425 10415 10426
f 10427 10426 10428
f 10428 10426 10415
f 10428 10415 10414
f 10390 10389 10393
f 10398 10397 10428
f 10428 10397 10429
f 10428 10429 10427
f 10430 10390 10431
f 10431 10390 10393
f 10431 10393 10432
f 10432 10393 10427
f 10432 10427 10433
f 10433 10427 10429
f 10407 10405 10403
f 10398 10428 10399
f 10399 10428 10414
f 10403 10399 10407
f 10407 10399 10414
f 10407 10414 10409
f 10409 10414 10413
f 10409 10413 10412
f 10419 10417 10421
f 10421 10417 10412
f 10421 10412 10423
f 10423 10412 10413
f 10425 10426 10416
f 10426 10427 10400
f 10400 10427 10393
f 10404 10406 10400
f 10400 10406 10408
f 10400 10408 10426
f 10426 10408 10411
f 10426 10411 10416
f 10422 10424 10420
f 10420 10424 10425
f 10420 10425 10418
f 10418 10425 10416
f 10434 10435 10436
f 10434 10436 10437
f 10437 10436 10438
f 10437 10438 10439
f 10440 10441 10430
f 10430 10441 10442
f 10430 10431 10440
f 10440 10431 10432
f 10440 10432 10443
f 10443 10432 10433
f 10443 10433 10444
f 10439 10438 10442
f 10442 10438 10445
f 10442 10445 10430
f 10430 10445 10392
f 10430 10392 10390
f 10446 10447 10442
f 10442 10447 10434
f 10442 10434 10439
f 10439 10434 10437
f 10448 10429 10449
f 10449 10429 10397
f 10449 10397 10446
f 10446 10397 10366
f 10446 10366 10447
f 10447 10366 10369
f 10448 10444 10429
f 10429 10444 10433
f 10440 10443 10444
f 10448 10449 10444
f 10444 10449 10441
f 10444 10441 10440
f 10441 10449 10442
f 10442 10449 10446
f 10368 10450 10369
f 10369 10450 10435
f 10369 10435 10447
f 10447 10435 10434
f 10340 10339 10342
f 10342 10339 10380
f 10342 10380 10359
f 10359 10380 10379
f 10379 10451 10359
f 10359 10451 10452
f 10359 10452 10450
f 10450 10452 10453
f 10445 10438 10392
f 10392 10438 10401
f 10392 10401 10350
f 10350 10401 10380
f 10350 10380 10335
f 10335 10380 10339
f 10453 10454 10450
f 10450 10454 10402
f 10450 10402 10435
f 10435 10402 10401
f 10435 10401 10436
f 10436 10401 10438
f 10359 10450 10360
f 10360 10450 10368
f 10454 10453 10365
f 10365 10453 10367
f 10453 10452 10367
f 10367 10452 10361
f 10452 10451 10361
f 10361 10451 10362
f 10451 10379 10362
f 10362 10379 10363
f 10402 10454 10364
f 10364 10454 10365
f 10380 10401 10378
f 10378 10401 10396
f 10395 10377 10396
f 10396 10377 10378
f 10377 10395 10376
f 10376 10395 10394
f 10374 10376 10391
f 10391 10376 10394
f 10455 10456 10457
f 10457 10456 10458
f 10457 10458 10459
f 10459 10458 10460
f 10459 10460 10461
f 10461 10460 10462
f 10461 10462 10463
f 10463 10462 10464
f 10463 10464 10465
f 10465 10464 10466
f 10465 10466 10467
f 10467 10466 10468
f 10467 10468 10469
f 10469 10468 10470
f 10469 10470 10471
f 10471 10470 10472
f 10471 10472 10473
f 10473 10472 10474
f 10473 10474 10475
f 10475 10474 10476
f 10475 10476 10477
f 10477 10476 10478
f 10477 10478 10479
f 10479 10478 10480
f 10479 10480 10481
f 10481 10480 10482
f 10481 10482 10455
f 10455 10482 10456
f 10483 10484 10485
f 10485 10484 10486
f 10487 10488 10489
f 10489 10488 10490
f 10489 10490 10491
f 10492 10493 10494
f 10494 10493 10495
f 10494 10495 10483
f 10483 10495 10496
f 10483 10496 10484
f 10497 10481 10498
f 10498 10481 10455
f 10499 10467 10469
f 10471 10500 10469
f 10469 10500 10501
f 10469 10501 10499
f 10467 10499 10465
f 10465 10499 10502
f 10465 10502 10463
f 10463 10502 10503
f 10463 10503 10461
f 10461 10503 10504
f 10461 10504 10459
f 10459 10504 10505
f 10459 10505 10457
f 10457 10505 10506
f 10457 10506 10455
f 10455 10506 10507
f 10455 10507 10498
f 10508 10475 10509
f 10509 10475 10477
f 10509 10477 10497
f 10497 10477 10479
f 10497 10479 10481
f 10508 10510 10475
f 10475 10510 10500
f 10475 10500 10473
f 10473 10500 10471
f 10490 10492 10491
f 10491 10492 10494
f 10491 10494 10511
f 10511 10494 10512
f 10511 10512 10513
f 10513 10512 10514
f 10513 10514 10515
f 10515 10514 10516
f 10515 10516 10517
f 10517 10516 10518
f 10517 10518 10519
f 10519 10518 10520
f 10519 10520 10521
f 10521 10520 10522
f 10521 10522 10523
f 10523 10522 10502
f 10523 10502 10524
f 10524 10502 10499
f 10487 10489 10525
f 10525 10489 10526
f 10525 10526 10527
f 10527 10526 10528
f 10527 10528 10529
f 10529 10528 10530
f 10529 10530 10531
f 10531 10530 10532
f 10531 10532 10533
f 10533 10532 10534
f 10533 10534 10486
f 10486 10534 10535
f 10486 10535 10485
f 10489 10536 10526
f 10526 10536 10537
f 10526 10537 10538
f 10538 10537 10539
f 10538 10539 10540
f 10540 10539 10541
f 10540 10541 10542
f 10542 10541 10543
f 10542 10543 10544
f 10544 10543 10545
f 10544 10545 10510
f 10510 10545 10546
f 10510 10546 10500
f 10547 10542 10544
f 10547 10544 10548
f 10548 10544 10510
f 10548 10510 10549
f 10549 10510 10508
f 10549 10508 10550
f 10550 10508 10509
f 10550 10509 10551
f 10509 10497 10551
f 10551 10497 10552
f 10552 10497 10498
f 10552 10498 10553
f 10553 10498 10507
f 10553 10507 10554
f 10554 10507 10506
f 10554 10506 10555
f 10555 10506 10505
f 10555 10505 10556
f 10557 10558 10559
f 10560 10561 10562
f 10562 10561 10563
f 10468 10564 10470
f 10470 10564 10565
f 10470 10565 10472
f 10566 10567 10568
f 10568 10567 10569
f 10568 10569 10560
f 10560 10569 10570
f 10560 10570 10561
f 10466 10464 10571
f 10571 10464 10462
f 10571 10462 10556
f 10559 10558 10572
f 10462 10460 10556
f 10556 10460 10458
f 10556 10458 10555
f 10555 10458 10456
f 10472 10565 10474
f 10474 10565 10549
f 10474 10549 10476
f 10476 10549 10550
f 10476 10550 10478
f 10478 10550 10551
f 10478 10551 10480
f 10480 10551 10552
f 10480 10552 10482
f 10482 10552 10553
f 10482 10553 10456
f 10456 10553 10554
f 10456 10554 10555
f 10557 10559 10573
f 10573 10559 10574
f 10573 10574 10575
f 10575 10574 10576
f 10575 10576 10577
f 10577 10576 10578
f 10577 10578 10579
f 10579 10578 10580
f 10579 10580 10581
f 10581 10580 10582
f 10581 10582 10563
f 10563 10582 10583
f 10563 10583 10562
f 10566 10584 10567
f 10567 10584 10585
f 10567 10585 10586
f 10586 10585 10572
f 10586 10572 10587
f 10587 10572 10558
f 10468 10466 10564
f 10564 10466 10571
f 10564 10571 10588
f 10588 10571 10589
f 10588 10589 10590
f 10590 10589 10591
f 10590 10591 10592
f 10592 10591 10593
f 10592 10593 10594
f 10594 10593 10595
f 10594 10595 10596
f 10596 10595 10597
f 10596 10597 10598
f 10598 10597 10599
f 10598 10599 10600
f 10600 10599 10574
f 10600 10574 10601
f 10601 10574 10559
f 10565 10602 10549
f 10549 10602 10603
f 10549 10603 10548
f 10548 10603 10604
f 10548 10604 10547
f 10547 10604 10605
f 10547 10605 10606
f 10606 10605 10607
f 10606 10607 10608
f 10608 10607 10609
f 10608 10609 10584
f 10584 10609 10610
f 10584 10610 10585
f 10540 10542 10606
f 10606 10542 10547
f 10568 10530 10528
f 10568 10528 10566
f 10566 10528 10526
f 10566 10526 10584
f 10584 10526 10538
f 10584 10538 10608
f 10608 10538 10540
f 10608 10540 10606
f 10532 10530 10560
f 10560 10530 10568
f 10583 10535 10534
f 10583 10534 10562
f 10562 10534 10532
f 10562 10532 10560
f 10580 10483 10485
f 10580 10485 10582
f 10582 10485 10535
f 10582 10535 10583
f 10494 10483 10578
f 10578 10483 10580
f 10597 10518 10516
f 10597 10516 10599
f 10599 10516 10514
f 10599 10514 10574
f 10574 10514 10512
f 10574 10512 10576
f 10576 10512 10494
f 10576 10494 10578
f 10520 10518 10595
f 10595 10518 10597
f 10522 10520 10595
f 10595 10593 10522
f 10522 10593 10591
f 10522 10591 10502
f 10502 10591 10589
f 10502 10589 10503
f 10503 10589 10571
f 10503 10571 10504
f 10505 10504 10556
f 10556 10504 10571
f 10565 10501 10500
f 10543 10605 10545
f 10545 10605 10604
f 10545 10604 10546
f 10546 10604 10603
f 10546 10603 10500
f 10500 10603 10602
f 10500 10602 10565
f 10543 10541 10605
f 10605 10541 10607
f 10489 10572 10536
f 10536 10572 10585
f 10536 10585 10537
f 10537 10585 10610
f 10537 10610 10539
f 10539 10610 10609
f 10539 10609 10541
f 10541 10609 10607
f 10489 10491 10572
f 10572 10491 10559
f 10559 10491 10511
f 10517 10596 10515
f 10515 10596 10598
f 10515 10598 10513
f 10513 10598 10600
f 10513 10600 10511
f 10511 10600 10601
f 10511 10601 10559
f 10517 10519 10596
f 10596 10519 10594
f 10499 10564 10524
f 10524 10564 10588
f 10524 10588 10523
f 10523 10588 10590
f 10523 10590 10521
f 10521 10590 10592
f 10521 10592 10519
f 10519 10592 10594
f 10499 10501 10564
f 10564 10501 10565
f 10486 10563 10533
f 10533 10563 10561
f 10533 10561 10531
f 10531 10561 10570
f 10531 10570 10529
f 10529 10570 10569
f 10529 10569 10527
f 10527 10569 10567
f 10527 10567 10525
f 10525 10567 10586
f 10525 10586 10487
f 10487 10586 10587
f 10487 10587 10488
f 10488 10587 10558
f 10488 10558 10490
f 10490 10558 10557
f 10490 10557 10492
f 10492 10557 10573
f 10492 10573 10493
f 10493 10573 10575
f 10493 10575 10495
f 10495 10575 10577
f 10495 10577 10496
f 10496 10577 10579
f 10496 10579 10484
f 10484 10579 10581
f 10484 10581 10486
f 10486 10581 10563
f 10611 10612 10613
f 10614 10615 10616
f 10617 10618 10619
f 10620 10621 10622
f 10623 10624 10625
f 10626 10627 10628
f 10629 10630 10631
f 10632 10612 10633
f 10633 10612 10611
f 10633 10611 10634
f 10634 10611 10635
f 10634 10635 10636
f 10636 10635 10615
f 10636 10615 10637
f 10637 10615 10614
f 10637 10614 10638
f 10638 10614 10639
f 10638 10639 10640
f 10640 10639 10618
f 10640 10618 10641
f 10641 10618 10617
f 10641 10617 10642
f 10642 10617 10643
f 10642 10643 10644
f 10644 10643 10621
f 10644 10621 10645
f 10645 10621 10620
f 10645 10620 10646
f 10646 10620 10647
f 10646 10647 10648
f 10648 10647 10649
f 10648 10649 10650
f 10650 10649 10624
f 10650 10624 10651
f 10651 10624 10623
f 10651 10623 10652
f 10652 10623 10653
f 10652 10653 10654
f 10654 10653 10627
f 10654 10627 10655
f 10655 10627 10626
f 10655 10626 10656
f 10656 10626 10657
f 10656 10657 10658
f 10658 10657 10630
f 10658 10630 10659
f 10659 10630 10629
f 10659 10629 10660
f 10660 10629 10661
f 10660 10661 10662
f 10662 10661 10663
f 10662 10663 10664
f 10664 10663 10665
f 10665 10663 10666
f 10665 10666 10667
f 10631 10668 10629
f 10629 10668 10669
f 10629 10669 10661
f 10661 10669 10670
f 10661 10670 10663
f 10663 10670 10671
f 10663 10671 10666
f 10628 10672 10626
f 10626 10672 10673
f 10626 10673 10657
f 10657 10673 10674
f 10657 10674 10630
f 10630 10674 10675
f 10630 10675 10631
f 10625 10676 10623
f 10623 10676 10677
f 10623 10677 10653
f 10653 10677 10678
f 10653 10678 10627
f 10627 10678 10679
f 10627 10679 10628
f 10647 10680 10649
f 10649 10680 10681
f 10649 10681 10624
f 10624 10681 10682
f 10624 10682 10625
f 10622 10683 10620
f 10620 10683 10684
f 10620 10684 10647
f 10647 10684 10685
f 10647 10685 10680
f 10619 10686 10617
f 10617 10686 10687
f 10617 10687 10643
f 10643 10687 10688
f 10643 10688 10621
f 10621 10688 10689
f 10621 10689 10622
f 10616 10690 10614
f 10614 10690 10691
f 10614 10691 10639
f 10639 10691 10692
f 10639 10692 10618
f 10618 10692 10693
f 10618 10693 10619
f 10613 10694 10611
f 10611 10694 10695
f 10611 10695 10635
f 10635 10695 10696
f 10635 10696 10615
f 10615 10696 10697
f 10615 10697 10616
f 10698 10665 10667
f 10699 10700 10701
f 10702 10703 10704
f 10705 10706 10707
f 10708 10709 10710
f 10711 10712 10713
f 10714 10715 10716
f 10716 10715 10717
f 10716 10717 10718
f 10718 10717 10719
f 10718 10719 10720
f 10720 10719 10709
f 10720 10709 10721
f 10721 10709 10708
f 10721 10708 10722
f 10722 10708 10723
f 10722 10723 10724
f 10724 10723 10712
f 10724 10712 10725
f 10725 10712 10711
f 10725 10711 10726
f 10726 10711 10727
f 10726 10727 10728
f 10728 10727 10729
f 10728 10729 10632
f 10664 10665 10730
f 10730 10665 10698
f 10730 10698 10731
f 10731 10698 10732
f 10731 10732 10733
f 10733 10732 10700
f 10733 10700 10734
f 10734 10700 10699
f 10734 10699 10735
f 10735 10699 10736
f 10735 10736 10737
f 10737 10736 10703
f 10737 10703 10738
f 10738 10703 10702
f 10738 10702 10739
f 10739 10702 10740
f 10739 10740 10741
f 10741 10740 10706
f 10741 10706 10742
f 10742 10706 10705
f 10742 10705 10743
f 10743 10705 10744
f 10743 10744 10745
f 10745 10744 10746
f 10632 10729 10612
f 10612 10729 10747
f 10612 10747 10613
f 10713 10748 10711
f 10711 10748 10749
f 10711 10749 10727
f 10727 10749 10750
f 10727 10750 10729
f 10729 10750 10751
f 10729 10751 10747
f 10710 10752 10708
f 10708 10752 10753
f 10708 10753 10723
f 10723 10753 10754
f 10723 10754 10712
f 10712 10754 10755
f 10712 10755 10713
f 10717 10756 10719
f 10719 10756 10757
f 10719 10757 10709
f 10709 10757 10758
f 10709 10758 10710
f 10759 10715 10746
f 10746 10715 10714
f 10746 10714 10745
f 10759 10760 10715
f 10715 10760 10761
f 10715 10761 10717
f 10717 10761 10762
f 10717 10762 10756
f 10707 10763 10705
f 10705 10763 10764
f 10705 10764 10744
f 10744 10764 10765
f 10744 10765 10746
f 10746 10765 10766
f 10746 10766 10759
f 10704 10767 10702
f 10702 10767 10768
f 10702 10768 10740
f 10740 10768 10769
f 10740 10769 10706
f 10706 10769 10770
f 10706 10770 10707
f 10701 10771 10699
f 10699 10771 10772
f 10699 10772 10736
f 10736 10772 10773
f 10736 10773 10703
f 10703 10773 10774
f 10703 10774 10704
f 10667 10775 10698
f 10698 10775 10776
f 10698 10776 10732
f 10732 10776 10777
f 10732 10777 10700
f 10700 10777 10778
f 10700 10778 10701
f 10613 10747 10779
f 10779 10747 10780
f 10747 10751 10780
f 10780 10751 10750
f 10780 10750 10781
f 10713 10782 10748
f 10748 10782 10781
f 10748 10781 10749
f 10749 10781 10750
f 10713 10755 10782
f 10782 10755 10754
f 10782 10754 10783
f 10710 10784 10752
f 10752 10784 10783
f 10752 10783 10753
f 10753 10783 10754
f 10710 10758 10784
f 10784 10758 10757
f 10784 10757 10785
f 10761 10786 10762
f 10762 10786 10785
f 10762 10785 10756
f 10756 10785 10757
f 10761 10760 10786
f 10786 10760 10759
f 10786 10759 10787
f 10764 10788 10765
f 10765 10788 10787
f 10765 10787 10766
f 10766 10787 10759
f 10764 10763 10788
f 10788 10763 10707
f 10788 10707 10789
f 10707 10770 10789
f 10789 10770 10769
f 10789 10769 10790
f 10704 10791 10767
f 10767 10791 10790
f 10767 10790 10768
f 10768 10790 10769
f 10704 10774 10791
f 10791 10774 10773
f 10791 10773 10792
f 10701 10793 10771
f 10771 10793 10792
f 10771 10792 10772
f 10772 10792 10773
f 10701 10778 10793
f 10793 10778 10777
f 10793 10777 10794
f 10667 10795 10775
f 10775 10795 10794
f 10775 10794 10776
f 10776 10794 10777
f 10667 10666 10795
f 10795 10666 10796
f 10669 10797 10670
f 10670 10797 10796
f 10670 10796 10671
f 10671 10796 10666
f 10669 10668 10797
f 10797 10668 10631
f 10797 10631 10798
f 10673 10799 10674
f 10674 10799 10798
f 10674 10798 10675
f 10675 10798 10631
f 10673 10672 10799
f 10799 10672 10628
f 10799 10628 10800
f 10677 10801 10678
f 10678 10801 10800
f 10678 10800 10679
f 10679 10800 10628
f 10677 10676 10801
f 10801 10676 10625
f 10801 10625 10802
f 10625 10682 10802
f 10802 10682 10681
f 10802 10681 10803
f 10681 10680 10803
f 10803 10680 10685
f 10803 10685 10804
f 10622 10805 10683
f 10683 10805 10804
f 10683 10804 10684
f 10684 10804 10685
f 10687 10806 10688
f 10688 10806 10805
f 10688 10805 10689
f 10689 10805 10622
f 10687 10686 10806
f 10806 10686 10619
f 10806 10619 10807
f 10691 10808 10692
f 10692 10808 10807
f 10692 10807 10693
f 10693 10807 10619
f 10691 10690 10808
f 10808 10690 10616
f 10808 10616 10809
f 10616 10697 10809
f 10809 10697 10696
f 10809 10696 10810
f 10613 10779 10694
f 10694 10779 10810
f 10694 10810 10695
f 10695 10810 10696
f 10811 10795 10796
f 10811 10796 10812
f 10812 10796 10797
f 10812 10797 10813
f 10813 10797 10798
f 10813 10798 10814
f 10814 10798 10799
f 10814 10799 10815
f 10815 10799 10800
f 10815 10800 10816
f 10816 10800 10801
f 10816 10801 10817
f 10817 10801 10802
f 10817 10802 10818
f 10818 10802 10803
f 10818 10803 10819
f 10819 10803 10804
f 10819 10804 10820
f 10820 10804 10805
f 10820 10805 10821
f 10821 10805 10806
f 10821 10806 10822
f 10822 10806 10807
f 10822 10807 10823
f 10823 10807 10808
f 10823 10808 10824
f 10824 10808 10809
f 10824 10809 10825
f 10825 10809 10810
f 10825 10810 10826
f 10826 10810 10779
f 10826 10779 10827
f 10827 10779 10780
f 10827 10780 10828
f 10828 10780 10781
f 10828 10781 10829
f 10829 10781 10782
f 10829 10782 10830
f 10830 10782 10783
f 10830 10783 10831
f 10831 10783 10784
f 10831 10784 10832
f 10832 10784 10785
f 10832 10785 10833
f 10833 10785 10786
f 10833 10786 10834
f 10834 10786 10787
f 10834 10787 10835
f 10835 10787 10788
f 10835 10788 10836
f 10836 10788 10789
f 10836 10789 10837
f 10837 10789 10790
f 10837 10790 10838
f 10838 10790 10791
f 10838 10791 10839
f 10839 10791 10792
f 10839 10792 10840
f 10840 10792 10793
f 10840 10793 10841
f 10841 10793 10794
f 10841 10794 10842
f 10842 10794 10795
f 10842 10795 10811
f 10843 10842 10844
f 10844 10842 10811
f 10844 10811 10845
f 10845 10811 10812
f 10845 10812 10846
f 10846 10812 10813
f 10846 10813 10847
f 10847 10813 10814
f 10847 10814 10848
f 10848 10814 10815
f 10848 10815 10849
f 10849 10815 10816
f 10849 10816 10850
f 10850 10816 10817
f 10850 10817 10851
f 10851 10817 10818
f 10851 10818 10852
f 10852 10818 10819
f 10852 10819 10853
f 10853 10819 10820
f 10853 10820 10854
f 10854 10820 10821
f 10854 10821 10855
f 10855 10821 10822
f 10855 10822 10856
f 10856 10822 10823
f 10856 10823 10857
f 10857 10823 10824
f 10857 10824 10858
f 10858 10824 10825
f 10858 10825 10859
f 10859 10825 10826
f 10859 10826 10860
f 10860 10826 10827
f 10860 10827 10861
f 10861 10827 10828
f 10861 10828 10862
f 10862 10828 10829
f 10862 10829 10863
f 10863 10829 10830
f 10863 10830 10864
f 10864 10830 10831
f 10864 10831 10865
f 10865 10831 10832
f 10865 10832 10866
f 10866 10832 10833
f 10866 10833 10867
f 10867 10833 10834
f 10867 10834 10868
f 10868 10834 10835
f 10868 10835 10869
f 10869 10835 10836
f 10869 10836 10870
f 10870 10836 10837
f 10870 10837 10871
f 10871 10837 10838
f 10871 10838 10872
f 10872 10838 10839
f 10872 10839 10873
f 10873 10839 10840
f 10873 10840 10874
f 10874 10840 10841
f 10874 10841 10843
f 10843 10841 10842
f 10844 10875 10843
f 10843 10875 10876
f 10843 10876 10874
f 10874 10876 10877
f 10874 10877 10873
f 10873 10877 10878
f 10873 10878 10872
f 10872 10878 10879
f 10872 10879 10871
f 10871 10879 10880
f 10871 10880 10870
f 10870 10880 10881
f 10870 10881 10869
f 10869 10881 10882
f 10869 10882 10868
f 10868 10882 10883
f 10868 10883 10867
f 10867 10883 10884
f 10867 10884 10866
f 10866 10884 10885
f 10866 10885 10865
f 10865 10885 10886
f 10865 10886 10864
f 10864 10886 10887
f 10864 10887 10863
f 10863 10887 10888
f 10863 10888 10862
f 10862 10888 10889
f 10862 10889 10861
f 10861 10889 10890
f 10861 10890 10860
f 10860 10890 10891
f 10875 10892 10876
f 10876 10892 10893
f 10876 10893 10877
f 10877 10893 10894
f 10877 10894 10878
f 10878 10894 10895
f 10878 10895 10879
f 10879 10895 10896
f 10879 10896 10880
f 10880 10896 10897
f 10880 10897 10881
f 10881 10897 10898
f 10881 10898 10882
f 10882 10898 10899
f 10882 10899 10883
f 10883 10899 10900
f 10883 10900 10884
f 10884 10900 10901
f 10884 10901 10885
f 10885 10901 10902
f 10885 10902 10886
f 10886 10902 10903
f 10886 10903 10887
f 10887 10903 10904
f 10887 10904 10888
f 10888 10904 10905
f 10888 10905 10889
f 10889 10905 10906
f 10889 10906 10890
f 10890 10906 10907
f 10890 10907 10891
f 10891 10907 10908
f 10860 10891 10859
f 10859 10891 10909
f 10859 10909 10858
f 10858 10909 10910
f 10858 10910 10857
f 10857 10910 10911
f 10857 10911 10856
f 10856 10911 10912
f 10856 10912 10855
f 10855 10912 10913
f 10855 10913 10854
f 10854 10913 10914
f 10854 10914 10853
f 10853 10914 10915
f 10853 10915 10852
f 10852 10915 10916
f 10852 10916 10851
f 10851 10916 10917
f 10851 10917 10850
f 10850 10917 10918
f 10850 10918 10849
f 10849 10918 10919
f 10849 10919 10848
f 10848 10919 10920
f 10848 10920 10847
f 10847 10920 10921
f 10847 10921 10846
f 10846 10921 10922
f 10846 10922 10845
f 10845 10922 10923
f 10845 10923 10844
f 10844 10923 10875
f 10891 10908 10909
f 10909 10908 10924
f 10909 10924 10910
f 10910 10924 10925
f 10910 10925 10911
f 10911 10925 10926
f 10911 10926 10912
f 10912 10926 10927
f 10912 10927 10913
f 10913 10927 10928
f 10913 10928 10914
f 10914 10928 10929
f 10914 10929 10915
f 10915 10929 10930
f 10915 10930 10916
f 10916 10930 10931
f 10916 10931 10917
f 10917 10931 10932
f 10917 10932 10918
f 10918 10932 10933
f 10918 10933 10919
f 10919 10933 10934
f 10919 10934 10920
f 10920 10934 10935
f 10920 10935 10921
f 10921 10935 10936
f 10921 10936 10922
f 10922 10936 10937
f 10922 10937 10923
f 10923 10937 10938
f 10923 10938 10875
f 10875 10938 10892
f 10939 10940 10941
f 10942 10943 10944
f 10892 10938 10945
f 10945 10938 10946
f 10946 10938 10937
f 10946 10937 10947
f 10947 10937 10936
f 10947 10936 10948
f 10948 10936 10935
f 10948 10935 10949
f 10949 10935 10934
f 10949 10934 10950
f 10950 10934 10933
f 10950 10933 10942
f 10908 10940 10924
f 10924 10940 10939
f 10924 10939 10925
f 10925 10939 10951
f 10925 10951 10926
f 10926 10951 10952
f 10926 10952 10927
f 10927 10952 10953
f 10927 10953 10928
f 10928 10953 10954
f 10928 10954 10929
f 10929 10954 10955
f 10929 10955 10930
f 10930 10955 10943
f 10930 10943 10931
f 10931 10943 10942
f 10931 10942 10932
f 10932 10942 10933
f 10892 10945 10956
f 10956 10945 10957
f 10956 10957 10958
f 10947 10959 10946
f 10946 10959 10960
f 10946 10960 10945
f 10945 10960 10961
f 10945 10961 10957
f 10949 10962 10948
f 10948 10962 10963
f 10948 10963 10947
f 10947 10963 10964
f 10947 10964 10959
f 10944 10965 10942
f 10942 10965 10966
f 10942 10966 10950
f 10950 10966 10967
f 10950 10967 10949
f 10949 10967 10968
f 10949 10968 10962
f 10954 10969 10955
f 10955 10969 10970
f 10955 10970 10943
f 10943 10970 10971
f 10943 10971 10944
f 10952 10972 10953
f 10953 10972 10973
f 10953 10973 10954
f 10954 10973 10974
f 10954 10974 10969
f 10941 10975 10939
f 10939 10975 10976
f 10939 10976 10951
f 10951 10976 10977
f 10951 10977 10952
f 10952 10977 10978
f 10952 10978 10972
f 10979 10956 10958
f 10980 10981 10982
f 10908 10907 10983
f 10983 10907 10984
f 10984 10907 10906
f 10984 10906 10985
f 10985 10906 10905
f 10985 10905 10986
f 10986 10905 10904
f 10986 10904 10987
f 10987 10904 10903
f 10987 10903 10988
f 10988 10903 10902
f 10988 10902 10980
f 10892 10956 10893
f 10893 10956 10979
f 10893 10979 10894
f 10894 10979 10989
f 10894 10989 10895
f 10895 10989 10990
f 10895 10990 10896
f 10896 10990 10991
f 10896 10991 10897
f 10897 10991 10992
f 10897 10992 10898
f 10898 10992 10993
f 10898 10993 10899
f 10899 10993 10981
f 10899 10981 10900
f 10900 10981 10980
f 10900 10980 10901
f 10901 10980 10902
f 10908 10983 10940
f 10940 10983 10994
f 10940 10994 10941
f 10985 10995 10984
f 10984 10995 10996
f 10984 10996 10983
f 10983 10996 10997
f 10983 10997 10994
f 10987 10998 10986
f 10986 10998 10999
f 10986 10999 10985
f 10985 10999 11000
f 10985 11000 10995
f 10982 11001 10980
f 10980 11001 11002
f 10980 11002 10988
f 10988 11002 11003
f 10988 11003 10987
f 10987 11003 11004
f 10987 11004 10998
f 10992 11005 10993
f 10993 11005 11006
f 10993 11006 10981
f 10981 11006 11007
f 10981 11007 10982
f 10990 11008 10991
f 10991 11008 11009
f 10991 11009 10992
f 10992 11009 11010
f 10992 11010 11005
f 10958 11011 10979
f 10979 11011 11012
f 10979 11012 10989
f 10989 11012 11013
f 10989 11013 10990
f 10990 11013 11014
f 10990 11014 11008
f 10941 10994 11015
f 11015 10994 11016
f 10994 10997 11016
f 11016 10997 10996
f 11016 10996 11017
f 10996 10995 11017
f 11017 10995 11000
f 11017 11000 11018
f 11000 10999 11018
f 11018 10999 10998
f 11018 10998 11019
f 10998 11004 11019
f 11019 11004 11003
f 11019 11003 11020
f 10982 11021 11001
f 11001 11021 11020
f 11001 11020 11002
f 11002 11020 11003
f 10982 11007 11021
f 11021 11007 11006
f 11021 11006 11022
f 11006 11005 11022
f 11022 11005 11010
f 11022 11010 11023
f 11010 11009 11023
f 11023 11009 11008
f 11023 11008 11024
f 11008 11014 11024
f 11024 11014 11013
f 11024 11013 11025
f 10958 11026 11011
f 11011 11026 11025
f 11011 11025 11012
f 11012 11025 11013
f 10958 10957 11026
f 11026 10957 11027
f 10957 10961 11027
f 11027 10961 10960
f 11027 10960 11028
f 10960 10959 11028
f 11028 10959 10964
f 11028 10964 11029
f 10964 10963 11029
f 11029 10963 10962
f 11029 10962 11030
f 10966 11031 10967
f 10967 11031 11030
f 10967 11030 10968
f 10968 11030 10962
f 10966 10965 11031
f 11031 10965 10944
f 11031 10944 11032
f 10944 10971 11032
f 11032 10971 10970
f 11032 10970 11033
f 10970 10969 11033
f 11033 10969 10974
f 11033 10974 11034
f 10974 10973 11034
f 11034 10973 10972
f 11034 10972 11035
f 10972 10978 11035
f 11035 10978 10977
f 11035 10977 11036
f 10941 11015 10975
f 10975 11015 11036
f 10975 11036 10976
f 10976 11036 10977
f 11031 11037 11030
f 11030 11037 11038
f 11030 11038 11029
f 11029 11038 11039
f 11029 11039 11028
f 11028 11039 11040
f 11028 11040 11027
f 11027 11040 11041
f 11027 11041 11026
f 11026 11041 11042
f 11026 11042 11025
f 11025 11042 11043
f 11025 11043 11024
f 11024 11043 11044
f 11024 11044 11023
f 11023 11044 11045
f 11023 11045 11022
f 11022 11045 11046
f 11022 11046 11021
f 11021 11046 11047
f 11021 11047 11020
f 11047 11048 11020
f 11020 11048 11049
f 11020 11049 11019
f 11019 11049 11050
f 11019 11050 11018
f 11018 11050 11051
f 11018 11051 11017
f 11017 11051 11052
f 11017 11052 11016
f 11016 11052 11053
f 11016 11053 11015
f 11015 11053 11054
f 11015 11054 11036
f 11036 11054 11055
f 11036 11055 11035
f 11035 11055 11056
f 11035 11056 11034
f 11034 11056 11057
f 11034 11057 11033
f 11033 11057 11058
f 11033 11058 11032
f 11032 11058 11059
f 11032 11059 11031
f 11031 11059 11060
f 11031 11060 11037
f 11061 11054 11053
f 11061 11053 11062
f 11062 11053 11052
f 11062 11052 11063
f 11063 11052 11051
f 11063 11051 11064
f 11064 11051 11050
f 11064 11050 11065
f 11065 11050 11049
f 11065 11049 11066
f 11066 11049 11048
f 11066 11048 11067
f 11067 11048 11047
f 11067 11047 11068
f 11068 11047 11046
f 11068 11046 11069
f 11069 11046 11045
f 11069 11045 11070
f 11070 11045 11044
f 11070 11044 11071
f 11071 11044 11043
f 11071 11043 11072
f 11072 11043 11042
f 11072 11042 11073
f 11073 11042 11041
f 11073 11041 11074
f 11074 11041 11040
f 11074 11040 11075
f 11075 11040 11039
f 11075 11039 11076
f 11076 11039 11038
f 11076 11038 11077
f 11077 11038 11037
f 11077 11037 11078
f 11078 11037 11060
f 11078 11060 11079
f 11079 11060 11059
f 11079 11059 11080
f 11080 11059 11058
f 11080 11058 11081
f 11081 11058 11057
f 11081 11057 11082
f 11082 11057 11056
f 11082 11056 11083
f 11083 11056 11055
f 11083 11055 11084
f 11084 11055 11054
f 11084 11054 11061
f 11084 11061 11074
f 11074 11061 11062
f 11074 11062 11073
f 11068 11069 11073
f 11062 11063 11073
f 11073 11063 11064
f 11073 11064 11065
f 11077 11078 11076
f 11076 11078 11079
f 11076 11079 11075
f 11075 11079 11074
f 11074 11079 11080
f 11074 11080 11081
f 11081 11082 11074
f 11074 11082 11083
f 11074 11083 11084
f 11065 11066 11073
f 11073 11066 11067
f 11073 11067 11068
f 11069 11070 11073
f 11073 11070 11071
f 11073 11071 11072
f 11085 11086 11087
f 11087 11086 11088
f 11087 11088 11089
f 11089 11088 11090
f 11089 11090 11091
f 11091 11090 11092
f 11091 11092 11093
f 11093 11092 11094
f 11093 11094 11095
f 11095 11094 11096
f 11095 11096 11097
f 11097 11096 11098
f 11097 11098 11099
f 11099 11098 11100
f 11099 11100 11101
f 11101 11100 11102
f 11101 11102 11103
f 11103 11102 11104
f 11103 11104 11105
f 11105 11104 11106
f 11105 11106 11107
f 11107 11106 11108
f 11107 11108 11109
f 11109 11108 11110
f 11109 11110 11111
f 11111 11110 11112
f 11111 11112 11113
f 11113 11112 11114
f 11113 11114 11115
f 11115 11114 11116
f 11115 11116 11117
f 11117 11116 11118
f 11117 11118 11119
f 11119 11118 11120
f 11119 11120 11121
f 11121 11120 11122
f 11121 11122 11123
f 11123 11122 11124
f 11123 11124 11125
f 11125 11124 11126
f 11125 11126 11127
f 11127 11126 11128
f 11127 11128 11129
f 11129 11128 11130
f 11129 11130 11131
f 11131 11130 11132
f 11086 10664 11088
f 11088 10664 10730
f 11088 10730 11090
f 11090 10730 10731
f 11090 10731 11092
f 11092 10731 10733
f 11092 10733 11094
f 11094 10733 10734
f 11094 10734 11096
f 11096 10734 10735
f 11096 10735 11098
f 11098 10735 10737
f 11098 10737 11100
f 11100 10737 10738
f 11100 10738 11102
f 11102 10738 10739
f 11102 10739 11104
f 11104 10739 10741
f 11104 10741 11106
f 11106 10741 10742
f 11106 10742 11108
f 11108 10742 10743
f 11108 10743 11110
f 11110 10743 10745
f 11110 10745 11112
f 11112 10745 10714
f 11112 10714 11114
f 11114 10714 10716
f 11114 10716 11116
f 11116 10716 10718
f 11116 10718 11118
f 11118 10718 10720
f 11118 10720 11120
f 11120 10720 10721
f 11120 10721 11122
f 11122 10721 10722
f 11122 10722 11124
f 11124 10722 10724
f 11124 10724 11126
f 11126 10724 10725
f 11126 10725 11128
f 11128 10725 10726
f 11128 10726 11130
f 11130 10726 10728
f 11130 10728 11132
f 11132 10728 10632
f 11131 11132 11133
f 11133 11132 11134
f 11133 11134 11135
f 11135 11134 11136
f 11135 11136 11137
f 11137 11136 11138
f 11137 11138 11139
f 11139 11138 11140
f 11139 11140 11141
f 11141 11140 11142
f 11141 11142 11143
f 11143 11142 11144
f 11143 11144 11145
f 11145 11144 11146
f 11145 11146 11147
f 11147 11146 11148
f 11147 11148 11149
f 11149 11148 11150
f 11149 11150 11151
f 11151 11150 11152
f 11151 11152 11153
f 11153 11152 11154
f 11153 11154 11155
f 11155 11154 11156
f 11155 11156 11157
f 11157 11156 11158
f 11157 11158 11159
f 11159 11158 11160
f 11159 11160 11161
f 11161 11160 11162
f 11161 11162 11163
f 11163 11162 11164
f 11163 11164 11165
f 11165 11164 11166
f 11165 11166 11167
f 11167 11166 11168
f 11167 11168 11169
f 11169 11168 11170
f 11169 11170 11171
f 11171 11170 11172
f 11171 11172 11173
f 11173 11172 11174
f 11173 11174 11175
f 11175 11174 11176
f 11175 11176 11085
f 11085 11176 11086
f 11132 10632 11134
f 11134 10632 10633
f 11134 10633 11136
f 11136 10633 10634
f 11136 10634 11138
f 11138 10634 10636
f 11138 10636 11140
f 11140 10636 10637
f 11140 10637 11142
f 11142 10637 10638
f 11142 10638 11144
f 11144 10638 10640
f 11144 10640 11146
f 11146 10640 10641
f 11146 10641 11148
f 11148 10641 10642
f 11148 10642 11150
f 11150 10642 10644
f 11150 10644 11152
f 11152 10644 10645
f 11152 10645 11154
f 11154 10645 10646
f 11154 10646 11156
f 11156 10646 10648
f 11156 10648 11158
f 11158 10648 10650
f 11158 10650 11160
f 11160 10650 10651
f 11160 10651 11162
f 11162 10651 10652
f 11162 10652 11164
f 11164 10652 10654
f 11164 10654 11166
f 11166 10654 10655
f 11166 10655 11168
f 11168 10655 10656
f 11168 10656 11170
f 11170 10656 10658
f 11170 10658 11172
f 11172 10658 10659
f 11172 10659 11174
f 11174 10659 10660
f 11174 10660 11176
f 11176 10660 10662
f 11176 10662 11086
f 11086 10662 10664
f 11177 11155 11178
f 11178 11155 11157
f 11178 11157 11179
f 11179 11157 11159
f 11179 11159 11180
f 11180 11159 11161
f 11180 11161 11181
f 11182 11137 11183
f 11183 11137 11139
f 11183 11139 11184
f 11184 11139 11141
f 11184 11141 11185
f 11186 11099 11187
f 11187 11099 11101
f 11187 11101 11188
f 11188 11101 11103
f 11188 11103 11189
f 11189 11103 11105
f 11189 11105 11190
f 11191 11173 11192
f 11192 11173 11175
f 11192 11175 11193
f 11193 11175 11085
f 11193 11085 11194
f 11194 11085 11087
f 11194 11087 11195
f 11087 11089 11195
f 11195 11089 11091
f 11195 11091 11196
f 11196 11091 11093
f 11196 11093 11197
f 11197 11093 11095
f 11197 11095 11186
f 11186 11095 11097
f 11186 11097 11099
f 11105 11107 11190
f 11190 11107 11109
f 11190 11109 11198
f 11198 11109 11111
f 11198 11111 11199
f 11199 11111 11113
f 11199 11113 11200
f 11200 11113 11115
f 11200 11115 11201
f 11141 11143 11185
f 11185 11143 11145
f 11185 11145 11202
f 11202 11145 11147
f 11202 11147 11203
f 11203 11147 11149
f 11203 11149 11204
f 11204 11149 11151
f 11204 11151 11177
f 11177 11151 11153
f 11177 11153 11155
f 11161 11163 11181
f 11181 11163 11165
f 11181 11165 11205
f 11205 11165 11167
f 11205 11167 11206
f 11206 11167 11169
f 11206 11169 11191
f 11191 11169 11171
f 11191 11171 11173
f 11207 11127 11208
f 11208 11127 11129
f 11208 11129 11209
f 11209 11129 11131
f 11209 11131 11210
f 11210 11131 11133
f 11210 11133 11182
f 11182 11133 11135
f 11182 11135 11137
f 11115 11117 11201
f 11201 11117 11119
f 11201 11119 11211
f 11211 11119 11121
f 11211 11121 11212
f 11212 11121 11123
f 11212 11123 11207
f 11207 11123 11125
f 11207 11125 11127
f 11193 11213 11214
f 11193 11214 11192
f 11192 11214 11215
f 11192 11215 11191
f 11191 11215 11216
f 11191 11216 11206
f 11206 11216 11217
f 11206 11217 11205
f 11205 11217 11218
f 11205 11218 11181
f 11181 11218 11219
f 11181 11219 11180
f 11180 11219 11220
f 11180 11220 11179
f 11179 11220 11221
f 11179 11221 11178
f 11178 11221 11222
f 11178 11222 11177
f 11177 11222 11223
f 11177 11223 11204
f 11204 11223 11224
f 11204 11224 11203
f 11203 11224 11225
f 11203 11225 11202
f 11202 11225 11226
f 11202 11226 11185
f 11185 11226 11227
f 11185 11227 11184
f 11184 11227 11228
f 11184 11228 11183
f 11183 11228 11229
f 11183 11229 11182
f 11182 11229 11230
f 11182 11230 11210
f 11210 11230 11231
f 11210 11231 11209
f 11209 11231 11232
f 11209 11232 11208
f 11208 11232 11233
f 11208 11233 11207
f 11207 11233 11234
f 11207 11234 11212
f 11212 11234 11235
f 11212 11235 11211
f 11211 11235 11236
f 11211 11236 11201
f 11201 11236 11237
f 11201 11237 11200
f 11200 11237 11238
f 11200 11238 11199
f 11199 11238 11239
f 11199 11239 11198
f 11198 11239 11240
f 11198 11240 11190
f 11190 11240 11241
f 11190 11241 11189
f 11189 11241 11242
f 11189 11242 11188
f 11188 11242 11243
f 11188 11243 11187
f 11187 11243 11244
f 11187 11244 11186
f 11186 11244 11245
f 11186 11245 11197
f 11197 11245 11246
f 11197 11246 11196
f 11196 11246 11247
f 11196 11247 11195
f 11195 11247 11248
f 11195 11248 11194
f 11194 11248 11213
f 11194 11213 11193
f 11249 11213 11248
f 11249 11248 11250
f 11250 11248 11247
f 11250 11247 11251
f 11251 11247 11246
f 11251 11246 11252
f 11252 11246 11245
f 11252 11245 11253
f 11253 11245 11244
f 11253 11244 11254
f 11254 11244 11243
f 11254 11243 11255
f 11255 11243 11242
f 11255 11242 11256
f 11256 11242 11241
f 11256 11241 11257
f 11257 11241 11240
f 11257 11240 11258
f 11258 11240 11239
f 11258 11239 11259
f 11259 11239 11238
f 11259 11238 11260
f 11260 11238 11237
f 11260 11237 11261
f 11261 11237 11236
f 11261 11236 11262
f 11262 11236 11235
f 11262 11235 11263
f 11263 11235 11234
f 11263 11234 11264
f 11264 11234 11233
f 11264 11233 11265
f 11265 11233 11232
f 11265 11232 11266
f 11266 11232 11231
f 11266 11231 11267
f 11267 11231 11230
f 11267 11230 11268
f 11268 11230 11229
f 11268 11229 11269
f 11269 11229 11228
f 11269 11228 11270
f 11270 11228 11227
f 11270 11227 11271
f 11271 11227 11226
f 11271 11226 11272
f 11272 11226 11225
f 11272 11225 11273
f 11273 11225 11224
f 11273 11224 11274
f 11274 11224 11223
f 11274 11223 11275
f 11275 11223 11222
f 11275 11222 11276
f 11276 11222 11221
f 11276 11221 11277
f 11277 11221 11220
f 11277 11220 11278
f 11278 11220 11219
f 11278 11219 11279
f 11279 11219 11218
f 11279 11218 11280
f 11280 11218 11217
f 11280 11217 11281
f 11281 11217 11216
f 11281 11216 11282
f 11282 11216 11215
f 11282 11215 11283
f 11283 11215 11214
f 11283 11214 11284
f 11284 11214 11213
f 11284 11213 11249
f 11282 11283 11284
f 11284 11268 11269
f 11268 11284 11267
f 11267 11284 11249
f 11267 11249 11266
f 11266 11249 11250
f 11266 11250 11251
f 11272 11273 11284
f 11251 11252 11266
f 11266 11252 11253
f 11266 11253 11265
f 11265 11253 11254
f 11265 11254 11255
f 11269 11270 11284
f 11284 11270 11271
f 11284 11271 11272
f 11273 11274 11284
f 11284 11274 11275
f 11284 11275 11276
f 11255 11256 11265
f 11265 11256 11257
f 11265 11257 11258
f 11258 11259 11265
f 11265 11259 11260
f 11265 11260 11261
f 11276 11277 11284
f 11284 11277 11278
f 11284 11278 11279
f 11261 11262 11265
f 11265 11262 11263
f 11265 11263 11264
f 11279 11280 11284
f 11284 11280 11281
f 11284 11281 11282
f 11285 11286 11287
f 11287 11286 11288
f 11287 11288 11289
f 11289 11288 11290
f 11289 11290 11291
f 11291 11290 11292
f 11291 11292 11293
f 11293 11292 11294
f 11295 11296 11297
f 11297 11296 11298
f 11297 11298 11299
f 11299 11298 11300
f 11299 11300 11301
f 11301 11300 11302
f 11303 11304 11305
f 11305 11304 11306
f 11305 11306 11307
f 11308 11309 11310
f 11310 11309 11311
f 11310 11311 11312
f 11312 11311 11313
f 11312 11313 11314
f 11314 11313 11315
f 11314 11315 11303
f 11303 11315 11316
f 11303 11316 11304
f 11317 11318 11319
f 11319 11318 11320
f 11319 11320 11321
f 11321 11320 11322
f 11321 11322 11323
f 11323 11322 11324
f 11323 11324 11325
f 11325 11324 11326
f 11325 11326 11307
f 11307 11326 11305
f 11318 11317 11327
f 11318 11327 11328
f 11328 11327 11329
f 11328 11329 11330
f 11330 11329 11331
f 11330 11331 11332
f 11332 11331 11333
f 11332 11333 11334
f 11334 11333 11335
f 11335 11333 11336
f 11335 11336 11337
f 11336 11338 11337
f 11337 11338 11339
f 11337 11339 11340
f 11340 11339 11341
f 11340 11341 11342
f 11342 11341 11343
f 11342 11343 11344
f 11344 11343 11345
f 11345 11346 11344
f 11344 11346 11347
f 11344 11347 11348
f 11349 11350 11328
f 11328 11350 11318
f 11318 11350 11351
f 11318 11351 11320
f 11328 11330 11349
f 11349 11330 11332
f 11349 11332 11352
f 11352 11332 11353
f 11337 11340 11354
f 11354 11340 11342
f 11354 11342 11344
f 11355 11334 11354
f 11354 11334 11335
f 11354 11335 11337
f 11356 11357 11355
f 11355 11357 11358
f 11332 11334 11353
f 11353 11334 11355
f 11353 11355 11359
f 11359 11355 11358
f 11344 11348 11354
f 11354 11348 11360
f 11354 11360 11355
f 11355 11360 11361
f 11355 11361 11356
f 11362 11308 11310
f 11310 11312 11362
f 11362 11312 11314
f 11362 11314 11303
f 11351 11363 11320
f 11320 11363 11364
f 11320 11364 11322
f 11322 11364 11365
f 11322 11365 11324
f 11324 11365 11366
f 11324 11366 11326
f 11326 11366 11305
f 11367 11368 11303
f 11303 11368 11369
f 11303 11369 11362
f 11366 11370 11305
f 11305 11370 11371
f 11305 11371 11303
f 11303 11371 11372
f 11303 11372 11367
f 11373 11374 11375
f 11356 11361 11375
f 11375 11361 11360
f 11375 11360 11373
f 11375 11376 11356
f 11356 11376 11377
f 11356 11377 11357
f 11357 11377 11378
f 11357 11378 11358
f 11378 11379 11358
f 11358 11379 11380
f 11358 11380 11359
f 11359 11380 11381
f 11359 11381 11353
f 11353 11381 11382
f 11353 11382 11352
f 11352 11382 11383
f 11352 11383 11349
f 11349 11383 11384
f 11349 11384 11350
f 11350 11384 11385
f 11350 11385 11351
f 11351 11385 11386
f 11360 11348 11373
f 11373 11348 11347
f 11373 11347 11374
f 11374 11347 11346
f 11378 11377 11387
f 11387 11377 11376
f 11378 11387 11379
f 11379 11387 11388
f 11379 11388 11380
f 11336 11388 11338
f 11338 11388 11339
f 11376 11375 11387
f 11387 11375 11374
f 11387 11374 11388
f 11388 11374 11346
f 11388 11346 11345
f 11345 11343 11388
f 11388 11343 11341
f 11388 11341 11339
f 11380 11388 11381
f 11381 11388 11336
f 11381 11336 11382
f 11382 11336 11333
f 11382 11333 11383
f 11383 11333 11331
f 11383 11331 11384
f 11331 11329 11384
f 11384 11329 11327
f 11384 11327 11385
f 11385 11327 11317
f 11385 11317 11386
f 11386 11317 11319
f 11386 11319 11389
f 11390 11309 11391
f 11391 11309 11392
f 11390 11393 11309
f 11309 11393 11394
f 11309 11394 11311
f 11395 11306 11394
f 11394 11306 11304
f 11394 11304 11316
f 11389 11319 11396
f 11396 11319 11321
f 11396 11321 11397
f 11397 11321 11323
f 11397 11323 11398
f 11398 11323 11325
f 11398 11325 11395
f 11395 11325 11307
f 11395 11307 11306
f 11316 11315 11394
f 11394 11315 11313
f 11394 11313 11311
f 11395 11370 11398
f 11398 11370 11366
f 11398 11366 11397
f 11397 11366 11365
f 11397 11365 11396
f 11396 11365 11364
f 11396 11364 11389
f 11389 11364 11363
f 11389 11363 11386
f 11386 11363 11351
f 11392 11362 11391
f 11391 11362 11369
f 11391 11369 11390
f 11390 11369 11368
f 11390 11368 11393
f 11368 11367 11393
f 11393 11367 11372
f 11393 11372 11394
f 11372 11371 11394
f 11394 11371 11370
f 11394 11370 11395
f 11399 11400 11401
f 11401 11400 11402
f 11401 11402 11403
f 11403 11402 11404
f 11403 11404 11405
f 11405 11404 11406
f 11362 11392 11407
f 11407 11392 11408
f 11407 11408 11409
f 11409 11408 11410
f 11409 11410 11406
f 11406 11410 11411
f 11406 11411 11405
f 11412 11413 11309
f 11309 11413 11414
f 11309 11414 11392
f 11392 11414 11408
f 11415 11416 11401
f 11401 11403 11415
f 11415 11403 11405
f 11415 11405 11417
f 11417 11405 11411
f 11417 11411 11418
f 11418 11411 11410
f 11418 11410 11419
f 11419 11410 11408
f 11419 11408 11414
f 11399 11420 11297
f 11421 11422 11301
f 11301 11422 11399
f 11301 11399 11299
f 11299 11399 11297
f 11420 11399 11423
f 11423 11399 11401
f 11423 11401 11424
f 11425 11426 11427
f 11427 11426 11428
f 11421 11429 11422
f 11422 11429 11428
f 11422 11428 11430
f 11430 11428 11426
f 11431 11432 11433
f 11434 11435 11436
f 11431 11433 11437
f 11427 11438 11439
f 11420 11440 11297
f 11297 11440 11441
f 11297 11441 11442
f 11425 11427 11443
f 11443 11427 11439
f 11443 11439 11444
f 11435 11434 11445
f 11445 11434 11446
f 11445 11446 11432
f 11432 11446 11447
f 11432 11447 11433
f 11448 11449 11450
f 11450 11449 11451
f 11450 11451 11452
f 11452 11451 11453
f 11452 11453 11454
f 11454 11453 11455
f 11454 11455 11456
f 11457 11458 11459
f 11459 11458 11295
f 11459 11295 11442
f 11442 11295 11297
f 11448 11434 11449
f 11449 11434 11436
f 11449 11436 11460
f 11460 11436 11461
f 11460 11461 11462
f 11462 11461 11463
f 11462 11463 11464
f 11464 11463 11465
f 11464 11465 11466
f 11466 11465 11467
f 11466 11467 11468
f 11468 11467 11469
f 11468 11469 11470
f 11470 11469 11471
f 11470 11471 11472
f 11472 11471 11473
f 11472 11473 11474
f 11474 11473 11475
f 11474 11475 11476
f 11476 11475 11424
f 11476 11424 11477
f 11477 11424 11401
f 11477 11401 11416
f 11455 11478 11456
f 11456 11478 11479
f 11456 11479 11480
f 11480 11479 11481
f 11480 11481 11482
f 11482 11481 11483
f 11482 11483 11484
f 11457 11485 11458
f 11458 11485 11486
f 11458 11486 11487
f 11487 11437 11458
f 11458 11437 11433
f 11458 11433 11488
f 11483 11489 11484
f 11484 11489 11490
f 11484 11490 11491
f 11491 11490 11492
f 11491 11492 11493
f 11493 11492 11494
f 11493 11494 11433
f 11433 11494 11495
f 11433 11495 11488
f 11400 11399 11422
f 11400 11422 11496
f 11496 11422 11430
f 11496 11430 11497
f 11497 11430 11426
f 11497 11426 11498
f 11498 11426 11425
f 11498 11425 11499
f 11500 11501 11496
f 11496 11501 11502
f 11496 11502 11400
f 11503 11504 11505
f 11502 11302 11400
f 11400 11302 11300
f 11400 11300 11402
f 11402 11300 11298
f 11402 11298 11506
f 11506 11507 11402
f 11402 11507 11508
f 11402 11508 11509
f 11509 11508 11510
f 11499 11511 11512
f 11512 11503 11499
f 11499 11503 11505
f 11499 11505 11498
f 11498 11505 11500
f 11498 11500 11497
f 11497 11500 11496
f 11513 11514 11515
f 11515 11514 11516
f 11516 11514 11517
f 11516 11517 11518
f 11519 11520 11521
f 11521 11520 11522
f 11521 11522 11523
f 11523 11522 11524
f 11523 11524 11517
f 11517 11524 11525
f 11517 11525 11518
f 11525 11526 11518
f 11518 11526 11527
f 11518 11527 11528
f 11528 11527 11529
f 11530 11531 11532
f 11532 11531 11533
f 11532 11533 11534
f 11534 11533 11535
f 11534 11535 11529
f 11529 11535 11536
f 11529 11536 11528
f 11537 11538 11539
f 11539 11538 11540
f 11539 11540 11530
f 11530 11540 11541
f 11530 11541 11531
f 11521 11542 11519
f 11519 11542 11538
f 11519 11538 11543
f 11543 11538 11537
f 11544 11545 11546
f 11546 11545 11547
f 11547 11545 11548
f 11547 11548 11549
f 11549 11548 11550
f 11549 11550 11551
f 11551 11550 11552
f 11551 11552 11542
f 11542 11552 11553
f 11542 11553 11538
f 11513 11515 11554
f 11554 11515 11555
f 11554 11555 11556
f 11556 11555 11557
f 11556 11557 11558
f 11558 11557 11559
f 11558 11559 11560
f 11560 11559 11561
f 11560 11561 11562
f 11562 11561 11563
f 11562 11563 11564
f 11564 11563 11565
f 11564 11565 11510
f 11510 11565 11566
f 11510 11566 11509
f 11509 11566 11567
f 11509 11567 11568
f 11546 11569 11544
f 11544 11569 11570
f 11544 11570 11296
f 11296 11570 11571
f 11296 11571 11572
f 11296 11572 11298
f 11298 11572 11573
f 11298 11573 11506
f 11574 11407 11575
f 11575 11407 11409
f 11575 11409 11576
f 11576 11409 11406
f 11576 11406 11577
f 11577 11406 11404
f 11404 11402 11577
f 11577 11402 11509
f 11577 11509 11568
f 11362 11407 11574
f 11362 11574 11308
f 11308 11574 11578
f 11308 11578 11579
f 11580 11581 11582
f 11582 11581 11583
f 11582 11583 11584
f 11584 11583 11585
f 11584 11585 11579
f 11579 11585 11412
f 11579 11412 11308
f 11308 11412 11309
f 11586 11587 11588
f 11588 11587 11589
f 11588 11589 11580
f 11580 11589 11590
f 11580 11590 11581
f 11590 11589 11591
f 11592 11413 11412
f 11591 11593 11590
f 11590 11593 11594
f 11590 11594 11581
f 11581 11594 11595
f 11581 11595 11583
f 11583 11595 11592
f 11583 11592 11585
f 11585 11592 11412
f 11292 11596 11597
f 11598 11599 11600
f 11600 11599 11601
f 11601 11599 11602
f 11601 11602 11603
f 11604 11605 11606
f 11606 11605 11607
f 11606 11607 11602
f 11602 11607 11608
f 11602 11608 11603
f 11608 11609 11603
f 11603 11609 11610
f 11603 11610 11611
f 11611 11610 11612
f 11611 11612 11613
f 11614 11615 11616
f 11617 11618 11619
f 11619 11618 11294
f 11613 11612 11620
f 11620 11612 11621
f 11620 11621 11622
f 11622 11621 11623
f 11622 11623 11624
f 11624 11623 11625
f 11624 11625 11626
f 11626 11625 11627
f 11627 11625 11628
f 11627 11628 11614
f 11614 11628 11629
f 11614 11629 11615
f 11630 11614 11631
f 11631 11614 11616
f 11631 11616 11604
f 11604 11616 11632
f 11604 11632 11605
f 11294 11292 11619
f 11619 11292 11597
f 11619 11597 11633
f 11633 11597 11634
f 11633 11634 11587
f 11587 11634 11635
f 11587 11635 11589
f 11589 11635 11636
f 11589 11636 11637
f 11598 11600 11638
f 11638 11600 11639
f 11638 11639 11640
f 11640 11639 11641
f 11640 11641 11642
f 11642 11641 11643
f 11642 11643 11644
f 11644 11643 11645
f 11644 11645 11646
f 11646 11645 11647
f 11646 11647 11648
f 11648 11647 11649
f 11648 11649 11637
f 11637 11649 11650
f 11637 11650 11589
f 11589 11650 11651
f 11589 11651 11591
f 11292 11290 11596
f 11596 11290 11288
f 11596 11288 11286
f 11630 11631 11652
f 11652 11631 11653
f 11652 11653 11654
f 11654 11653 11655
f 11654 11655 11656
f 11656 11655 11657
f 11656 11657 11658
f 11658 11657 11659
f 11658 11659 11660
f 11661 11662 11663
f 11617 11619 11664
f 11664 11619 11665
f 11664 11665 11666
f 11666 11665 11661
f 11666 11661 11667
f 11667 11661 11663
f 11667 11663 11668
f 11659 11669 11660
f 11660 11669 11670
f 11660 11670 11286
f 11286 11670 11671
f 11286 11671 11596
f 11672 11591 11673
f 11673 11591 11651
f 11673 11651 11674
f 11674 11651 11650
f 11674 11650 11675
f 11675 11650 11649
f 11675 11649 11676
f 11676 11649 11647
f 11647 11645 11676
f 11676 11645 11677
f 11677 11645 11643
f 11677 11643 11678
f 11678 11643 11641
f 11678 11641 11679
f 11679 11641 11639
f 11679 11639 11680
f 11680 11639 11600
f 11680 11600 11681
f 11681 11600 11601
f 11681 11601 11682
f 11601 11603 11682
f 11682 11603 11683
f 11683 11603 11611
f 11683 11611 11684
f 11684 11611 11613
f 11684 11613 11685
f 11685 11613 11620
f 11685 11620 11686
f 11686 11620 11622
f 11686 11622 11687
f 11687 11622 11624
f 11687 11624 11688
f 11688 11624 11626
f 11688 11626 11689
f 11689 11626 11627
f 11689 11627 11690
f 11690 11627 11614
f 11690 11614 11691
f 11691 11614 11630
f 11691 11630 11692
f 11692 11630 11652
f 11692 11652 11693
f 11694 11695 11588
f 11588 11695 11696
f 11588 11696 11586
f 11697 11698 11699
f 11699 11698 11700
f 11699 11700 11701
f 11701 11700 11702
f 11701 11702 11703
f 11703 11702 11704
f 11705 11672 11673
f 11285 11287 11706
f 11707 11708 11697
f 11697 11708 11709
f 11697 11709 11698
f 11710 11683 11711
f 11711 11683 11684
f 11711 11684 11712
f 11712 11684 11685
f 11712 11685 11713
f 11713 11685 11686
f 11713 11686 11714
f 11706 11287 11715
f 11715 11287 11289
f 11715 11289 11291
f 11293 11716 11717
f 11285 11706 11718
f 11285 11718 11708
f 11719 11692 11720
f 11720 11692 11693
f 11720 11693 11721
f 11721 11693 11722
f 11721 11722 11697
f 11697 11722 11723
f 11697 11723 11707
f 11696 11724 11586
f 11586 11724 11725
f 11586 11725 11726
f 11726 11725 11715
f 11726 11715 11717
f 11717 11715 11291
f 11717 11291 11293
f 11686 11687 11714
f 11714 11687 11688
f 11714 11688 11727
f 11727 11688 11689
f 11727 11689 11728
f 11728 11689 11690
f 11728 11690 11719
f 11719 11690 11691
f 11719 11691 11692
f 11718 11729 11708
f 11708 11729 11730
f 11708 11730 11731
f 11716 11732 11717
f 11717 11732 11733
f 11717 11733 11734
f 11734 11733 11735
f 11734 11735 11736
f 11731 11737 11708
f 11708 11737 11738
f 11708 11738 11709
f 11710 11703 11683
f 11683 11703 11704
f 11683 11704 11682
f 11682 11704 11739
f 11682 11739 11681
f 11681 11739 11740
f 11681 11740 11680
f 11680 11740 11741
f 11680 11741 11679
f 11679 11741 11742
f 11679 11742 11678
f 11678 11742 11743
f 11678 11743 11677
f 11677 11743 11744
f 11677 11744 11676
f 11676 11744 11745
f 11676 11745 11675
f 11675 11745 11746
f 11675 11746 11674
f 11674 11746 11695
f 11674 11695 11673
f 11673 11695 11694
f 11673 11694 11705
f 11747 11748 11749
f 11749 11748 11736
f 11749 11736 11750
f 11750 11736 11735
f 11694 11588 11580
f 11751 11672 11705
f 11705 11694 11751
f 11751 11694 11580
f 11751 11580 11752
f 11752 11580 11582
f 11752 11582 11753
f 11753 11582 11584
f 11753 11584 11578
f 11578 11584 11579
f 11591 11672 11593
f 11593 11672 11751
f 11593 11751 11594
f 11594 11751 11752
f 11568 11416 11577
f 11416 11415 11577
f 11577 11415 11417
f 11577 11417 11576
f 11576 11417 11418
f 11576 11418 11575
f 11575 11418 11419
f 11575 11419 11574
f 11574 11419 11414
f 11574 11414 11578
f 11578 11414 11413
f 11578 11413 11753
f 11753 11413 11592
f 11753 11592 11752
f 11752 11592 11595
f 11752 11595 11594
f 11416 11568 11477
f 11477 11568 11567
f 11477 11567 11476
f 11476 11567 11566
f 11476 11566 11474
f 11474 11566 11565
f 11474 11565 11472
f 11472 11565 11563
f 11563 11561 11472
f 11472 11561 11470
f 11470 11561 11559
f 11470 11559 11468
f 11468 11559 11557
f 11468 11557 11466
f 11466 11557 11555
f 11466 11555 11464
f 11464 11555 11515
f 11464 11515 11462
f 11462 11515 11516
f 11462 11516 11460
f 11516 11518 11460
f 11460 11518 11449
f 11449 11518 11528
f 11449 11528 11451
f 11451 11528 11536
f 11451 11536 11453
f 11453 11536 11535
f 11453 11535 11455
f 11455 11535 11533
f 11455 11533 11478
f 11478 11533 11531
f 11478 11531 11479
f 11479 11531 11541
f 11479 11541 11481
f 11481 11541 11540
f 11481 11540 11483
f 11483 11540 11538
f 11483 11538 11489
f 11489 11538 11553
f 11489 11553 11490
f 11490 11553 11552
f 11490 11552 11492
f 11492 11552 11494
f 11494 11552 11550
f 11494 11550 11495
f 11495 11550 11548
f 11495 11548 11488
f 11488 11548 11545
f 11488 11545 11458
f 11458 11545 11544
f 11544 11296 11458
f 11458 11296 11295
f 11302 11502 11301
f 11301 11502 11421
f 11421 11502 11501
f 11421 11501 11429
f 11429 11501 11500
f 11429 11500 11428
f 11500 11505 11428
f 11428 11505 11427
f 11427 11505 11504
f 11427 11504 11438
f 11438 11504 11503
f 11438 11503 11439
f 11439 11503 11512
f 11439 11512 11444
f 11444 11512 11511
f 11444 11511 11443
f 11443 11511 11499
f 11443 11499 11425
f 11633 11587 11586
f 11586 11726 11633
f 11633 11726 11717
f 11633 11717 11619
f 11619 11717 11734
f 11619 11734 11665
f 11665 11734 11736
f 11665 11736 11661
f 11735 11666 11667
f 11735 11667 11750
f 11750 11667 11668
f 11750 11668 11749
f 11749 11668 11663
f 11749 11663 11747
f 11747 11663 11662
f 11747 11662 11748
f 11748 11662 11661
f 11748 11661 11736
f 11664 11666 11733
f 11733 11666 11735
f 11732 11716 11618
f 11618 11617 11732
f 11732 11617 11664
f 11732 11664 11733
f 11294 11618 11293
f 11293 11618 11716
f 11660 11286 11708
f 11708 11286 11285
f 11693 11652 11722
f 11722 11652 11654
f 11722 11654 11723
f 11723 11654 11656
f 11723 11656 11707
f 11707 11656 11658
f 11707 11658 11708
f 11708 11658 11660
f 11703 11608 11701
f 11701 11608 11607
f 11701 11607 11699
f 11699 11607 11605
f 11699 11605 11697
f 11697 11605 11632
f 11697 11632 11721
f 11721 11632 11616
f 11721 11616 11720
f 11720 11616 11615
f 11720 11615 11719
f 11719 11615 11629
f 11719 11629 11728
f 11728 11629 11628
f 11728 11628 11727
f 11727 11628 11625
f 11727 11625 11714
f 11714 11625 11623
f 11714 11623 11713
f 11713 11623 11621
f 11713 11621 11712
f 11712 11621 11612
f 11712 11612 11711
f 11711 11612 11610
f 11711 11610 11710
f 11710 11610 11609
f 11710 11609 11703
f 11703 11609 11608
f 11730 11669 11659
f 11730 11659 11731
f 11731 11659 11657
f 11731 11657 11737
f 11737 11657 11655
f 11737 11655 11738
f 11738 11655 11709
f 11709 11655 11653
f 11709 11653 11698
f 11698 11653 11631
f 11698 11631 11700
f 11700 11631 11604
f 11700 11604 11702
f 11702 11604 11606
f 11702 11606 11704
f 11704 11606 11602
f 11704 11602 11739
f 11739 11602 11599
f 11739 11599 11740
f 11740 11599 11598
f 11740 11598 11741
f 11741 11598 11638
f 11741 11638 11742
f 11742 11638 11640
f 11742 11640 11743
f 11743 11640 11642
f 11743 11642 11744
f 11744 11642 11644
f 11744 11644 11745
f 11745 11644 11646
f 11745 11646 11746
f 11746 11646 11648
f 11746 11648 11695
f 11695 11648 11637
f 11695 11637 11696
f 11696 11637 11636
f 11696 11636 11724
f 11724 11636 11635
f 11724 11635 11725
f 11725 11635 11634
f 11725 11634 11715
f 11715 11634 11597
f 11715 11597 11706
f 11706 11597 11596
f 11706 11596 11718
f 11718 11596 11671
f 11729 11718 11671
f 11671 11670 11729
f 11729 11670 11669
f 11729 11669 11730
f 11482 11539 11480
f 11480 11539 11530
f 11480 11530 11456
f 11456 11530 11532
f 11456 11532 11454
f 11454 11532 11534
f 11454 11534 11452
f 11452 11534 11529
f 11452 11529 11450
f 11450 11529 11527
f 11450 11527 11448
f 11448 11527 11526
f 11448 11526 11434
f 11434 11526 11525
f 11434 11525 11446
f 11446 11525 11524
f 11446 11524 11447
f 11447 11524 11522
f 11447 11522 11433
f 11433 11522 11520
f 11433 11520 11493
f 11493 11520 11519
f 11493 11519 11491
f 11491 11519 11543
f 11491 11543 11484
f 11484 11543 11537
f 11484 11537 11482
f 11482 11537 11539
f 11457 11459 11571
f 11571 11570 11457
f 11457 11570 11569
f 11457 11569 11485
f 11485 11569 11546
f 11485 11546 11486
f 11486 11546 11547
f 11486 11547 11487
f 11487 11547 11549
f 11487 11549 11437
f 11437 11549 11431
f 11431 11549 11551
f 11431 11551 11432
f 11432 11551 11542
f 11432 11542 11445
f 11445 11542 11521
f 11445 11521 11435
f 11435 11521 11523
f 11435 11523 11436
f 11436 11523 11517
f 11436 11517 11461
f 11461 11517 11514
f 11461 11514 11463
f 11463 11514 11513
f 11463 11513 11465
f 11465 11513 11554
f 11465 11554 11467
f 11467 11554 11556
f 11467 11556 11469
f 11469 11556 11558
f 11469 11558 11471
f 11471 11558 11560
f 11471 11560 11473
f 11473 11560 11562
f 11473 11562 11475
f 11475 11562 11564
f 11475 11564 11424
f 11424 11564 11510
f 11424 11510 11423
f 11423 11510 11508
f 11423 11508 11420
f 11420 11508 11507
f 11420 11507 11440
f 11440 11507 11506
f 11440 11506 11441
f 11441 11506 11573
f 11441 11573 11442
f 11442 11573 11572
f 11442 11572 11459
f 11459 11572 11571

