# https://github.com/mikedh/trimesh

o Link6.STL
v 0.00466526 -0.05127318 -0.01820318
v 0.00448667 -0.05127318 -0.01829325
v 0.00473878 -0.05127318 -0.01835897
v 0.00455572 -0.05127318 -0.01843956
v 0.00498895 -0.05127318 -0.02083223
v 0.00498895 -0.04852318 -0.02083223
v 0.00499202 -0.04852318 -0.02078233
v 0.00498895 -0.04777318 -0.02083223
v 0.00499202 -0.04477318 -0.02078233
v 0.00497559 -0.04777318 -0.02099347
v 0.00494294 -0.04777318 -0.02125320
v 0.00494294 -0.04852318 -0.02125320
v 0.00492689 -0.04852318 -0.02135190
v 0.00487556 -0.04777318 -0.02160859
v 0.00489675 -0.04777318 -0.02151086
v 0.00487556 -0.04852318 -0.02160859
v 0.00489675 -0.04852318 -0.02151086
v 0.00487555 -0.05127318 -0.02160859
v 0.00489675 -0.05127318 -0.02151086
v 0.00492689 -0.05127318 -0.02135190
v 0.00484102 -0.05227318 -0.02175080
v 0.00494294 -0.05127318 -0.02125320
v 0.00492689 -0.04777318 -0.02135190
v 0.00496473 -0.04777318 -0.02109288
v 0.00496472 -0.04852318 -0.02109288
v 0.00497559 -0.04852318 -0.02099347
v 0.00496473 -0.05127318 -0.02109288
v 0.00497559 -0.05127318 -0.02099347
v 0.00496112 -0.05227318 -0.02112234
v 0.00499202 -0.05227318 -0.02078233
v 0.00429436 -0.05127318 -0.02306096
v 0.00450399 -0.05227318 -0.02267120
v 0.00430245 -0.05227318 -0.02304733
v 0.00420925 -0.05127318 -0.02319856
v 0.00453852 -0.04777318 -0.02259805
v 0.00450398 -0.04777318 -0.02267120
v 0.00450399 -0.04477318 -0.02267120
v 0.00446827 -0.04777318 -0.02274379
v 0.00442250 -0.05127318 -0.02283270
v 0.00434471 -0.05127318 -0.02297456
v 0.00434471 -0.04852318 -0.02297456
v 0.00429436 -0.04852318 -0.02306096
v 0.00434471 -0.04777318 -0.02297456
v 0.00429436 -0.04777318 -0.02306096
v 0.00420925 -0.04777318 -0.02319856
v 0.00415444 -0.05127318 -0.02328220
v 0.00399386 -0.05227318 -0.02350817
v 0.00406225 -0.05127318 -0.02341515
v 0.00400314 -0.05127318 -0.02349581
v 0.00406225 -0.04852318 -0.02341515
v 0.00400314 -0.04852318 -0.02349581
v 0.00406225 -0.04777318 -0.02341515
v 0.00400314 -0.04777318 -0.02349581
v 0.00420925 -0.04852318 -0.02319856
v 0.00415444 -0.04852318 -0.02328220
v 0.00415444 -0.04777318 -0.02328220
v 0.00336739 -0.04777318 -0.02419604
v 0.00336739 -0.04852318 -0.02419604
v 0.00333026 -0.04852318 -0.02422953
v 0.00336739 -0.05127318 -0.02419604
v 0.00333026 -0.05227318 -0.02422953
v 0.00348520 -0.05127318 -0.02408516
v 0.00366806 -0.05127318 -0.02389784
v 0.00366806 -0.04852318 -0.02389784
v 0.00373528 -0.04852318 -0.02382381
v 0.00345565 -0.05227318 -0.02411366
v 0.00373528 -0.05127318 -0.02382381
v 0.00391552 -0.05227318 -0.02360946
v 0.00384086 -0.05127318 -0.02370122
v 0.00373528 -0.04777318 -0.02382381
v 0.00399386 -0.04477318 -0.02350817
v 0.00399386 -0.04777318 -0.02350817
v 0.00390412 -0.04777318 -0.02362376
v 0.00366806 -0.04777318 -0.02389784
v 0.00384086 -0.04777318 -0.02370122
v 0.00384086 -0.04852318 -0.02370122
v 0.00390412 -0.04852318 -0.02362376
v 0.00390412 -0.05127318 -0.02362376
v 0.00399386 -0.05127318 -0.02350817
v 0.00355621 -0.05127318 -0.02401474
v 0.00355621 -0.04852318 -0.02401474
v 0.00348520 -0.04852318 -0.02408516
v 0.00355621 -0.04777318 -0.02401474
v 0.00348520 -0.04777318 -0.02408516
v 0.00333026 -0.04477318 -0.02422953
v 0.00296260 -0.05127318 -0.02452778
v 0.00309136 -0.05127318 -0.02442982
v 0.00266365 -0.05127318 -0.02473143
v 0.00293140 -0.05227318 -0.02455054
v 0.00329280 -0.04852318 -0.02426265
v 0.00329279 -0.04777318 -0.02426265
v 0.00316934 -0.04777318 -0.02436721
v 0.00329280 -0.05127318 -0.02426265
v 0.00316933 -0.05127318 -0.02436721
v 0.00316934 -0.04852318 -0.02436721
v 0.00309136 -0.04852318 -0.02442982
v 0.00309136 -0.04777318 -0.02442982
v 0.00288145 -0.04777318 -0.02458622
v 0.00296260 -0.04777318 -0.02452778
v 0.00288145 -0.04852318 -0.02458622
v 0.00296260 -0.04852318 -0.02452778
v 0.00288145 -0.05127318 -0.02458622
v 0.00253867 -0.04477318 -0.02480757
v 0.00274774 -0.04777318 -0.02467731
v 0.00196891 -0.05127318 -0.02509602
v 0.00196891 -0.04852318 -0.02509602
v 0.00206043 -0.04852318 -0.02505572
v 0.00206044 -0.05127318 -0.02505572
v 0.00220675 -0.05127318 -0.02498668
v 0.00253867 -0.05227318 -0.02480757
v 0.00243854 -0.05127318 -0.02486503
v 0.00229604 -0.05127318 -0.02494164
v 0.00220675 -0.04852318 -0.02498668
v 0.00196891 -0.04777318 -0.02509602
v 0.00181918 -0.04777318 -0.02515731
v 0.00164953 -0.04477318 -0.02522007
v 0.00243854 -0.04777318 -0.02486503
v 0.00229604 -0.04777318 -0.02494164
v 0.00253867 -0.05127318 -0.02480757
v 0.00252535 -0.05127318 -0.02481539
v 0.00252535 -0.04852318 -0.02481539
v 0.00243854 -0.04852318 -0.02486503
v 0.00252535 -0.04777318 -0.02481539
v 0.00253867 -0.04777318 -0.02480757
v 0.00266365 -0.04777318 -0.02473143
v 0.00266365 -0.04852318 -0.02473143
v 0.00274774 -0.04852318 -0.02467731
v 0.00274774 -0.05127318 -0.02467731
v 0.00206044 -0.04777318 -0.02505572
v 0.00220675 -0.04777318 -0.02498668
v 0.00229604 -0.04852318 -0.02494164
v 0.00085190 -0.05127318 -0.01557311
v 0.00085190 -0.04852318 -0.01557311
v 0.00075320 -0.04852318 -0.01555706
v 0.00125080 -0.05227318 -0.01565898
v 0.00075320 -0.05127318 -0.01555706
v 0.00059288 -0.05127318 -0.01553527
v 0.00095944 -0.05227318 -0.01559292
v 0.00049347 -0.05127318 -0.01552441
v 0.00033223 -0.05127318 -0.01551105
v 0.00033223 -0.04852318 -0.01551105
v 0.00028233 -0.05127318 -0.01550798
v 0.00028233 -0.05227318 -0.01550798
v 0.00075320 -0.04777318 -0.01555706
v 0.00049347 -0.04777318 -0.01552441
v 0.00028233 -0.04477318 -0.01550798
v 0.00033223 -0.04777318 -0.01551105
v 0.00028233 -0.04777318 -0.01550798
v 0.00028233 -0.04852318 -0.01550798
v 0.00049347 -0.04852318 -0.01552441
v 0.00059288 -0.04852318 -0.01553527
v 0.00059288 -0.04777318 -0.01553527
v 0.00085190 -0.04777318 -0.01557311
v 0.00101086 -0.05127318 -0.01560325
v 0.00110859 -0.05127318 -0.01562444
v 0.00101086 -0.04852318 -0.01560325
v 0.00110859 -0.04852318 -0.01562444
v 0.00101086 -0.04777318 -0.01560325
v 0.00110859 -0.04777318 -0.01562444
v 0.00224379 -0.05127318 -0.01603173
v 0.00217120 -0.05127318 -0.01599601
v 0.00217120 -0.05227318 -0.01599601
v 0.00209805 -0.05127318 -0.01596148
v 0.00185764 -0.05127318 -0.01585789
v 0.00185764 -0.04852318 -0.01585789
v 0.00176443 -0.04852318 -0.01582167
v 0.00176443 -0.05127318 -0.01582167
v 0.00161215 -0.05127318 -0.01576703
v 0.00136223 -0.05127318 -0.01568915
v 0.00151717 -0.05127318 -0.01573574
v 0.00161869 -0.05227318 -0.01576927
v 0.00125080 -0.04477318 -0.01565898
v 0.00125080 -0.04777318 -0.01565898
v 0.00126575 -0.04777318 -0.01566287
v 0.00176444 -0.04777318 -0.01582167
v 0.00151717 -0.04777318 -0.01573574
v 0.00136223 -0.04777318 -0.01568915
v 0.00136224 -0.04852318 -0.01568915
v 0.00126575 -0.04852318 -0.01566287
v 0.00126575 -0.05127318 -0.01566287
v 0.00125080 -0.05127318 -0.01565898
v 0.00151717 -0.04852318 -0.01573574
v 0.00161215 -0.04852318 -0.01576703
v 0.00161215 -0.04777318 -0.01576703
v 0.00185764 -0.04777318 -0.01585789
v 0.00200686 -0.05127318 -0.01592042
v 0.00200686 -0.04852318 -0.01592042
v 0.00209805 -0.04852318 -0.01596148
v 0.00200686 -0.04777318 -0.01592042
v 0.00209805 -0.04777318 -0.01596148
v 0.00499460 -0.05127318 -0.02073239
v 0.00499965 -0.05227318 -0.02044100
v 0.00499950 -0.05127318 -0.02057068
v 0.00495118 -0.05227318 -0.01980301
v 0.00499153 -0.05127318 -0.02020904
v 0.00497950 -0.05127318 -0.02004770
v 0.00494901 -0.04777318 -0.01978771
v 0.00495118 -0.04777318 -0.01980301
v 0.00495118 -0.04477318 -0.01980301
v 0.00496946 -0.04777318 -0.01994820
v 0.00499635 -0.04777318 -0.02030893
v 0.00499991 -0.04777318 -0.02047068
v 0.00499153 -0.04777318 -0.02020904
v 0.00499153 -0.04852318 -0.02020904
v 0.00499635 -0.04852318 -0.02030893
v 0.00499635 -0.05127318 -0.02030893
v 0.00499991 -0.05127318 -0.02047068
v 0.00499991 -0.04852318 -0.02047068
v 0.00499950 -0.04852318 -0.02057068
v 0.00499950 -0.04777318 -0.02057068
v 0.00499460 -0.04777318 -0.02073239
v 0.00499460 -0.04852318 -0.02073239
v 0.00469276 -0.04777318 -0.01877432
v 0.00472007 -0.04777318 -0.01885047
v 0.00472007 -0.04477318 -0.01885047
v 0.00474614 -0.04777318 -0.01892705
v 0.00482196 -0.04777318 -0.01917760
v 0.00482196 -0.04852318 -0.01917760
v 0.00484744 -0.04852318 -0.01927430
v 0.00488456 -0.04777318 -0.01943178
v 0.00484744 -0.04777318 -0.01927430
v 0.00497950 -0.04777318 -0.02004770
v 0.00497950 -0.04852318 -0.02004770
v 0.00496946 -0.04852318 -0.01994820
v 0.00496946 -0.05127318 -0.01994820
v 0.00495118 -0.05127318 -0.01980301
v 0.00494505 -0.05227318 -0.01976077
v 0.00494900 -0.05127318 -0.01978771
v 0.00479833 -0.05227318 -0.01909430
v 0.00472007 -0.05227318 -0.01885047
v 0.00490494 -0.05127318 -0.01952968
v 0.00493377 -0.05127318 -0.01968888
v 0.00493377 -0.04852318 -0.01968888
v 0.00494900 -0.04852318 -0.01978771
v 0.00493377 -0.04777318 -0.01968888
v 0.00482196 -0.05127318 -0.01917760
v 0.00477665 -0.05127318 -0.01902229
v 0.00484744 -0.05127318 -0.01927430
v 0.00488456 -0.05127318 -0.01943178
v 0.00488456 -0.04852318 -0.01943178
v 0.00490494 -0.04852318 -0.01952968
v 0.00490494 -0.04777318 -0.01952968
v 0.00423143 -0.04777318 -0.01783635
v 0.00430757 -0.04777318 -0.01796133
v 0.00430757 -0.04477318 -0.01796133
v 0.00431539 -0.04777318 -0.01797465
v 0.00444164 -0.04777318 -0.01820396
v 0.00444164 -0.04852318 -0.01820396
v 0.00448667 -0.04852318 -0.01829325
v 0.00455572 -0.04777318 -0.01843956
v 0.00448667 -0.04777318 -0.01829325
v 0.00477665 -0.04777318 -0.01902229
v 0.00477665 -0.04852318 -0.01902229
v 0.00474614 -0.04852318 -0.01892705
v 0.00474614 -0.05127318 -0.01892705
v 0.00472007 -0.05127318 -0.01885047
v 0.00469276 -0.05127318 -0.01877432
v 0.00459602 -0.05127318 -0.01853109
v 0.00465731 -0.05127318 -0.01868082
v 0.00465731 -0.04852318 -0.01868082
v 0.00469276 -0.04852318 -0.01877432
v 0.00465731 -0.04777318 -0.01868082
v 0.00459602 -0.04777318 -0.01853109
v 0.00459602 -0.04852318 -0.01853109
v 0.00455572 -0.04852318 -0.01843956
v 0.00444164 -0.05127318 -0.01820396
v 0.00436503 -0.04777318 -0.01806146
v 0.00436503 -0.04852318 -0.01806146
v 0.00431539 -0.04852318 -0.01797465
v 0.00436503 -0.05127318 -0.01806146
v 0.00431539 -0.05127318 -0.01797465
v 0.00376265 -0.05127318 -0.01720721
v 0.00376264 -0.04852318 -0.01720721
v 0.00372953 -0.04852318 -0.01716974
v 0.00376265 -0.04777318 -0.01720721
v 0.00372953 -0.04477318 -0.01716974
v 0.00386721 -0.04777318 -0.01733067
v 0.00408622 -0.04777318 -0.01761855
v 0.00417731 -0.04777318 -0.01775226
v 0.00423143 -0.04852318 -0.01783635
v 0.00417731 -0.04852318 -0.01775226
v 0.00423143 -0.05127318 -0.01783635
v 0.00456223 -0.05227318 -0.01845402
v 0.00430757 -0.05127318 -0.01796133
v 0.00430757 -0.05227318 -0.01796133
v 0.00417731 -0.05127318 -0.01775226
v 0.00402778 -0.05127318 -0.01753740
v 0.00408622 -0.05127318 -0.01761855
v 0.00402778 -0.04852318 -0.01753740
v 0.00408622 -0.04852318 -0.01761855
v 0.00402778 -0.04777318 -0.01753740
v 0.00424115 -0.05227318 -0.01785185
v 0.00392982 -0.05127318 -0.01740864
v 0.00384105 -0.05227318 -0.01729902
v 0.00372953 -0.05227318 -0.01716974
v 0.00386721 -0.05127318 -0.01733067
v 0.00386721 -0.04852318 -0.01733067
v 0.00392982 -0.04852318 -0.01740864
v 0.00392982 -0.04777318 -0.01740864
v 0.00369604 -0.05127318 -0.01713261
v 0.00336941 -0.05227318 -0.01680581
v 0.00358516 -0.05127318 -0.01701480
v 0.00300817 -0.05227318 -0.01650614
v 0.00332381 -0.05127318 -0.01676472
v 0.00320121 -0.05127318 -0.01665914
v 0.00339784 -0.05127318 -0.01683194
v 0.00339784 -0.04852318 -0.01683194
v 0.00332381 -0.04852318 -0.01676472
v 0.00332381 -0.04777318 -0.01676472
v 0.00299581 -0.04777318 -0.01649686
v 0.00300817 -0.04777318 -0.01650614
v 0.00300817 -0.04477318 -0.01650614
v 0.00312376 -0.04777318 -0.01659589
v 0.00351474 -0.05127318 -0.01694379
v 0.00351474 -0.04852318 -0.01694379
v 0.00358516 -0.04852318 -0.01701480
v 0.00351474 -0.04777318 -0.01694379
v 0.00358516 -0.04777318 -0.01701480
v 0.00339784 -0.04777318 -0.01683194
v 0.00369604 -0.04777318 -0.01713261
v 0.00369604 -0.04852318 -0.01713261
v 0.00217120 -0.04477318 -0.01599601
v 0.00217120 -0.04777318 -0.01599601
v 0.00224379 -0.04777318 -0.01603173
v 0.00269856 -0.04777318 -0.01629075
v 0.00269856 -0.04852318 -0.01629075
v 0.00278220 -0.04852318 -0.01634556
v 0.00278220 -0.04777318 -0.01634556
v 0.00291515 -0.04777318 -0.01643775
v 0.00320121 -0.04777318 -0.01665914
v 0.00320121 -0.04852318 -0.01665914
v 0.00312376 -0.04852318 -0.01659589
v 0.00312376 -0.05127318 -0.01659589
v 0.00300817 -0.05127318 -0.01650614
v 0.00283500 -0.05227318 -0.01638141
v 0.00299581 -0.05127318 -0.01649686
v 0.00224778 -0.05227318 -0.01603374
v 0.00269856 -0.05127318 -0.01629075
v 0.00256096 -0.05127318 -0.01620564
v 0.00278220 -0.05127318 -0.01634556
v 0.00291515 -0.05127318 -0.01643775
v 0.00291515 -0.04852318 -0.01643775
v 0.00299581 -0.04852318 -0.01649686
v 0.00247456 -0.04777318 -0.01615529
v 0.00233270 -0.04777318 -0.01607750
v 0.00233270 -0.04852318 -0.01607750
v 0.00224379 -0.04852318 -0.01603173
v 0.00233270 -0.05127318 -0.01607750
v 0.00247456 -0.05127318 -0.01615529
v 0.00247456 -0.04852318 -0.01615529
v 0.00256096 -0.04852318 -0.01620564
v 0.00256096 -0.04777318 -0.01620564
v -0.00007068 -0.05127314 -0.02549950
v -0.00028233 -0.05227318 -0.02549202
v -0.00023239 -0.05127318 -0.02549460
v -0.00028233 -0.05127318 -0.02549202
v -0.00023239 -0.04852318 -0.02549460
v 0.00019107 -0.05127318 -0.02549635
v 0.00019107 -0.04852318 -0.02549635
v 0.00029096 -0.04852318 -0.02549153
v 0.00029096 -0.05127318 -0.02549153
v 0.00040005 -0.05227318 -0.02548397
v 0.00045230 -0.05127318 -0.02547950
v 0.00069699 -0.05227318 -0.02545118
v 0.00029096 -0.04777318 -0.02549153
v 0.00002932 -0.04777318 -0.02549991
v -0.00028233 -0.04477318 -0.02549202
v 0.00019107 -0.04777318 -0.02549635
v 0.00069699 -0.04477318 -0.02545118
v 0.00002932 -0.05127318 -0.02549991
v 0.00002932 -0.04852318 -0.02549991
v -0.00007068 -0.04852318 -0.02549950
v -0.00007068 -0.04777318 -0.02549950
v -0.00023239 -0.04777318 -0.02549460
v -0.00028233 -0.04777318 -0.02549202
v -0.00028233 -0.04852318 -0.02549202
v 0.00106822 -0.04777318 -0.02538456
v 0.00106822 -0.04852318 -0.02538456
v 0.00097032 -0.04852318 -0.02540494
v 0.00181918 -0.05127318 -0.02515731
v 0.00172568 -0.05127318 -0.02519276
v 0.00181918 -0.04852318 -0.02515731
v 0.00172568 -0.04852318 -0.02519276
v 0.00172568 -0.04777318 -0.02519276
v 0.00164953 -0.04777318 -0.02522007
v 0.00157295 -0.04777318 -0.02524614
v 0.00097032 -0.04777318 -0.02540494
v 0.00081112 -0.04777318 -0.02543377
v 0.00132240 -0.04777318 -0.02532196
v 0.00147771 -0.04777318 -0.02527665
v 0.00147771 -0.04852318 -0.02527665
v 0.00157295 -0.04852318 -0.02524614
v 0.00147771 -0.05127318 -0.02527665
v 0.00106822 -0.05127318 -0.02538456
v 0.00122570 -0.05127318 -0.02534744
v 0.00045230 -0.04777318 -0.02547950
v 0.00055179 -0.04777318 -0.02546946
v 0.00045230 -0.04852318 -0.02547950
v 0.00055179 -0.04852318 -0.02546946
v 0.00055180 -0.05127318 -0.02546946
v 0.00069699 -0.05127318 -0.02545118
v 0.00071229 -0.05127318 -0.02544900
v 0.00097032 -0.05127318 -0.02540494
v 0.00081112 -0.05127318 -0.02543377
v 0.00081112 -0.04852318 -0.02543377
v 0.00071229 -0.04852318 -0.02544900
v 0.00071229 -0.04777318 -0.02544900
v 0.00069699 -0.04777318 -0.02545118
v 0.00122570 -0.04777318 -0.02534744
v 0.00122570 -0.04852318 -0.02534744
v 0.00132240 -0.04852318 -0.02532196
v 0.00132240 -0.05127318 -0.02532196
v 0.00157294 -0.05127318 -0.02524614
v 0.00235255 -0.05227318 -0.02491197
v 0.00172987 -0.05227318 -0.02519122
v 0.00164953 -0.05127318 -0.02522007
v 0.00164953 -0.05227318 -0.02522007
v 0.00107497 -0.05227318 -0.02538308
v 0.00484102 -0.04477318 -0.02175080
v 0.00484102 -0.04777318 -0.02175080
v 0.00483713 -0.04777318 -0.02176575
v 0.00473297 -0.04777318 -0.02211215
v 0.00467833 -0.04777318 -0.02226443
v 0.00476426 -0.04777318 -0.02201717
v 0.00481085 -0.04777318 -0.02186223
v 0.00481085 -0.04852318 -0.02186223
v 0.00483714 -0.04852318 -0.02176575
v 0.00481085 -0.05127318 -0.02186223
v 0.00442250 -0.04777318 -0.02283270
v 0.00442250 -0.04852318 -0.02283270
v 0.00446827 -0.04852318 -0.02274379
v 0.00446827 -0.05127318 -0.02274379
v 0.00450399 -0.05127318 -0.02267120
v 0.00453852 -0.05127318 -0.02259805
v 0.00464211 -0.05127318 -0.02235764
v 0.00457958 -0.05127318 -0.02250686
v 0.00457958 -0.04852318 -0.02250686
v 0.00453852 -0.04852318 -0.02259805
v 0.00457957 -0.04777318 -0.02250686
v 0.00464211 -0.04777318 -0.02235764
v 0.00464211 -0.04852318 -0.02235764
v 0.00467833 -0.04852318 -0.02226443
v 0.00467833 -0.05127318 -0.02226443
v 0.00473297 -0.05127318 -0.02211215
v 0.00473297 -0.04852318 -0.02211215
v 0.00476426 -0.04852318 -0.02201717
v 0.00476426 -0.05127318 -0.02201717
v 0.00483714 -0.05127318 -0.02176575
v 0.00484102 -0.05127318 -0.02175080
v 0.00483017 -0.05227318 -0.02179208
v 0.00460924 -0.05227318 -0.02243775
v -0.00460924 -0.05227318 -0.01856225
v -0.00450399 -0.05227318 -0.01832880
v -0.00483714 -0.05127318 -0.01923425
v -0.00494505 -0.05227318 -0.02123923
v -0.00495118 -0.05227318 -0.02119699
v -0.00474614 -0.05127318 -0.02207294
v -0.00423143 -0.04777318 -0.02316365
v -0.00430757 -0.04777318 -0.02303867
v -0.00430757 -0.04477318 -0.02303867
v 0.00023239 -0.05127318 -0.01550540
v 0.00007068 -0.05127318 -0.01550050
v -0.00019107 -0.05127318 -0.01550365
v -0.00019107 -0.04852318 -0.01550365
v -0.00029096 -0.04852318 -0.01550847
v -0.00029096 -0.05127318 -0.01550847
v -0.00040005 -0.05227318 -0.01551603
v -0.00045230 -0.05127318 -0.01552050
v -0.00069699 -0.05227318 -0.01554882
v -0.00029096 -0.04777318 -0.01550847
v -0.00071229 -0.04777318 -0.01555100
v -0.00069699 -0.04777318 -0.01554882
v -0.00069699 -0.04477318 -0.01554882
v -0.00055179 -0.04777318 -0.01553054
v -0.00002932 -0.05127322 -0.01550009
v -0.00002932 -0.04852318 -0.01550009
v 0.00007068 -0.04852318 -0.01550050
v -0.00002932 -0.04777322 -0.01550009
v 0.00007068 -0.04777318 -0.01550050
v -0.00019107 -0.04777318 -0.01550365
v 0.00023239 -0.04777318 -0.01550540
v -0.00125080 -0.05227318 -0.02534102
v -0.00125080 -0.05127318 -0.02534102
v -0.00110859 -0.05127318 -0.02537555
v -0.00085190 -0.05127318 -0.02542689
v -0.00085190 -0.04852318 -0.02542689
v -0.00075320 -0.04852318 -0.02544294
v -0.00075320 -0.05127318 -0.02544294
v -0.00059288 -0.05127318 -0.02546472
v -0.00033223 -0.05127318 -0.02548895
v -0.00095945 -0.05227318 -0.02540708
v -0.00049347 -0.05127318 -0.02547559
v -0.00033223 -0.04777318 -0.02548895
v -0.00049347 -0.04777318 -0.02547559
v -0.00075320 -0.04777318 -0.02544294
v -0.00049347 -0.04852318 -0.02547559
v -0.00059288 -0.04852318 -0.02546472
v -0.00059288 -0.04777318 -0.02546472
v -0.00085190 -0.04777318 -0.02542689
v -0.00101086 -0.05127318 -0.02539675
v -0.00101086 -0.04852318 -0.02539675
v -0.00110859 -0.04852318 -0.02537555
v -0.00101086 -0.04777318 -0.02539675
v -0.00110859 -0.04777318 -0.02537555
v -0.00224379 -0.05127318 -0.02496827
v -0.00217120 -0.05127318 -0.02500398
v -0.00217120 -0.05227318 -0.02500398
v -0.00209805 -0.05127318 -0.02503852
v -0.00185764 -0.05127318 -0.02514211
v -0.00185764 -0.04852318 -0.02514211
v -0.00176443 -0.04852318 -0.02517833
v -0.00176443 -0.05127318 -0.02517833
v -0.00161215 -0.05127318 -0.02523297
v -0.00126575 -0.05127318 -0.02533714
v -0.00161869 -0.05227318 -0.02523073
v -0.00176444 -0.04777318 -0.02517833
v -0.00125080 -0.04477318 -0.02534102
v -0.00125080 -0.04777318 -0.02534102
v -0.00126575 -0.04777318 -0.02533714
v -0.00151717 -0.04777318 -0.02526426
v -0.00136223 -0.04777318 -0.02531085
v -0.00136224 -0.04852318 -0.02531085
v -0.00126575 -0.04852318 -0.02533714
v -0.00136223 -0.05127318 -0.02531085
v -0.00151717 -0.05127318 -0.02526426
v -0.00151717 -0.04852318 -0.02526426
v -0.00161215 -0.04852318 -0.02523297
v -0.00161215 -0.04777318 -0.02523297
v -0.00185764 -0.04777318 -0.02514211
v -0.00200686 -0.05127318 -0.02507957
v -0.00200686 -0.04852318 -0.02507957
v -0.00209805 -0.04852318 -0.02503852
v -0.00200686 -0.04777318 -0.02507957
v -0.00209805 -0.04777318 -0.02503852
v -0.00278220 -0.05127318 -0.02465444
v -0.00278220 -0.04852318 -0.02465444
v -0.00269856 -0.04852318 -0.02470925
v -0.00256096 -0.05127318 -0.02479436
v -0.00224778 -0.05227318 -0.02496626
v -0.00269856 -0.05127318 -0.02470925
v -0.00283500 -0.05227318 -0.02461859
v -0.00300817 -0.05227318 -0.02449386
v -0.00233270 -0.05127318 -0.02492250
v -0.00233270 -0.04852318 -0.02492250
v -0.00224379 -0.04852318 -0.02496827
v -0.00233270 -0.04777318 -0.02492250
v -0.00247456 -0.04777318 -0.02484471
v -0.00300817 -0.04477318 -0.02449386
v -0.00224379 -0.04777318 -0.02496827
v -0.00217120 -0.04777318 -0.02500398
v -0.00217120 -0.04477318 -0.02500398
v -0.00278220 -0.04777318 -0.02465444
v -0.00291515 -0.04777318 -0.02456225
v -0.00269856 -0.04777318 -0.02470925
v -0.00256096 -0.04777318 -0.02479436
v -0.00256096 -0.04852318 -0.02479436
v -0.00247456 -0.04852318 -0.02484471
v -0.00247456 -0.05127318 -0.02484471
v -0.00339784 -0.05127318 -0.02416806
v -0.00339784 -0.04852318 -0.02416806
v -0.00332381 -0.04852318 -0.02423528
v -0.00372953 -0.04852318 -0.02383026
v -0.00369604 -0.05127318 -0.02386739
v -0.00372953 -0.05227318 -0.02383026
v -0.00358516 -0.05127318 -0.02398520
v -0.00332381 -0.05127318 -0.02423528
v -0.00320121 -0.05127318 -0.02434086
v -0.00336941 -0.05227318 -0.02419419
v -0.00312376 -0.05127318 -0.02440412
v -0.00300817 -0.05127318 -0.02449386
v -0.00299581 -0.05127318 -0.02450314
v -0.00332380 -0.04777318 -0.02423528
v -0.00291515 -0.05127318 -0.02456225
v -0.00291515 -0.04852318 -0.02456225
v -0.00299581 -0.04852318 -0.02450314
v -0.00299581 -0.04777318 -0.02450314
v -0.00300817 -0.04777318 -0.02449386
v -0.00312376 -0.04777318 -0.02440412
v -0.00312376 -0.04852318 -0.02440412
v -0.00320121 -0.04852318 -0.02434086
v -0.00320121 -0.04777318 -0.02434086
v -0.00339784 -0.04777318 -0.02416806
v -0.00351474 -0.05127318 -0.02405621
v -0.00351474 -0.04852318 -0.02405621
v -0.00358516 -0.04852318 -0.02398520
v -0.00351474 -0.04777318 -0.02405621
v -0.00358516 -0.04777318 -0.02398520
v -0.00372953 -0.04477318 -0.02383026
v -0.00369604 -0.04777318 -0.02386739
v -0.00369604 -0.04852318 -0.02386739
v -0.00431539 -0.05127318 -0.02302535
v -0.00430757 -0.05127318 -0.02303867
v -0.00430757 -0.05227318 -0.02303867
v -0.00423143 -0.05127318 -0.02316365
v -0.00402778 -0.05127318 -0.02346260
v -0.00392982 -0.05127318 -0.02359136
v -0.00384105 -0.05227318 -0.02370099
v -0.00424115 -0.05227318 -0.02314815
v -0.00386721 -0.05127318 -0.02366934
v -0.00376264 -0.05127318 -0.02379280
v -0.00376264 -0.04852318 -0.02379280
v -0.00376265 -0.04777318 -0.02379280
v -0.00386721 -0.04777318 -0.02366934
v -0.00386721 -0.04852318 -0.02366934
v -0.00392982 -0.04852318 -0.02359136
v -0.00392982 -0.04777318 -0.02359136
v -0.00402778 -0.04777318 -0.02346260
v -0.00417731 -0.04777318 -0.02324774
v -0.00408622 -0.04777318 -0.02338145
v -0.00408622 -0.04852318 -0.02338145
v -0.00402778 -0.04852318 -0.02346260
v -0.00408622 -0.05127318 -0.02338145
v -0.00417731 -0.05127318 -0.02324774
v -0.00417731 -0.04852318 -0.02324774
v -0.00423143 -0.04852318 -0.02316365
v -0.00472007 -0.05227318 -0.02214953
v -0.00472007 -0.05127318 -0.02214953
v -0.00469276 -0.05127318 -0.02222568
v -0.00459602 -0.05127318 -0.02246891
v -0.00456223 -0.05227318 -0.02254598
v -0.00465731 -0.05127318 -0.02231918
v -0.00436503 -0.04777318 -0.02293854
v -0.00431539 -0.04777318 -0.02302535
v -0.00436503 -0.04852318 -0.02293854
v -0.00431539 -0.04852318 -0.02302535
v -0.00436503 -0.05127318 -0.02293854
v -0.00472007 -0.04477318 -0.02214953
v -0.00444164 -0.04777318 -0.02279604
v -0.00448667 -0.05127318 -0.02270675
v -0.00455572 -0.05127318 -0.02256043
v -0.00455572 -0.04852318 -0.02256043
v -0.00459602 -0.04852318 -0.02246891
v -0.00455572 -0.04777318 -0.02256043
v -0.00459602 -0.04777318 -0.02246891
v -0.00465731 -0.04777318 -0.02231918
v -0.00448667 -0.04777318 -0.02270675
v -0.00448667 -0.04852318 -0.02270675
v -0.00444164 -0.04852318 -0.02279604
v -0.00444164 -0.05127318 -0.02279604
v -0.00477665 -0.05127318 -0.02197771
v -0.00477665 -0.04852318 -0.02197771
v -0.00474614 -0.04852318 -0.02207294
v -0.00488456 -0.05127318 -0.02156822
v -0.00484744 -0.05127318 -0.02172570
v -0.00479833 -0.05227318 -0.02190570
v -0.00477665 -0.04777318 -0.02197771
v -0.00482196 -0.04777318 -0.02182239
v -0.00495118 -0.04477318 -0.02119699
v -0.00474614 -0.04777318 -0.02207294
v -0.00472007 -0.04777318 -0.02214953
v -0.00469276 -0.04777318 -0.02222568
v -0.00469276 -0.04852318 -0.02222568
v -0.00465731 -0.04852318 -0.02231918
v -0.00490494 -0.04777318 -0.02147032
v -0.00493377 -0.04777318 -0.02131112
v -0.00482196 -0.05127318 -0.02182239
v -0.00482196 -0.04852318 -0.02182239
v -0.00484744 -0.04852318 -0.02172570
v -0.00484744 -0.04777318 -0.02172570
v -0.00488456 -0.04777318 -0.02156822
v -0.00488456 -0.04852318 -0.02156822
v -0.00490494 -0.04852318 -0.02147032
v -0.00490494 -0.05127318 -0.02147032
v -0.00499202 -0.05227318 -0.02021767
v -0.00499460 -0.05127318 -0.02026761
v -0.00499950 -0.05127318 -0.02042932
v -0.00499635 -0.05127318 -0.02069107
v -0.00499991 -0.05127318 -0.02052932
v -0.00499965 -0.05227318 -0.02055900
v -0.00493377 -0.05127318 -0.02131112
v -0.00494901 -0.05127318 -0.02121229
v -0.00493377 -0.04852318 -0.02131112
v -0.00494900 -0.04852318 -0.02121229
v -0.00494900 -0.04777318 -0.02121229
v -0.00495118 -0.04777318 -0.02119699
v -0.00499202 -0.04477318 -0.02021767
v -0.00496946 -0.04777318 -0.02105179
v -0.00499635 -0.04777318 -0.02069107
v -0.00499992 -0.04777318 -0.02052932
v -0.00497950 -0.05127318 -0.02095230
v -0.00499153 -0.05127318 -0.02079096
v -0.00499153 -0.04852318 -0.02079096
v -0.00499635 -0.04852318 -0.02069107
v -0.00499153 -0.04777318 -0.02079096
v -0.00497950 -0.04777318 -0.02095230
v -0.00497950 -0.04852318 -0.02095230
v -0.00496946 -0.04852318 -0.02105179
v -0.00496946 -0.05127318 -0.02105179
v -0.00495118 -0.05127318 -0.02119699
v -0.00499460 -0.04852318 -0.02026761
v -0.00499202 -0.04852318 -0.02021767
v -0.00499460 -0.04777318 -0.02026761
v -0.00499950 -0.04777318 -0.02042932
v -0.00499950 -0.04852318 -0.02042932
v -0.00499991 -0.04852318 -0.02052932
v -0.00492689 -0.05127318 -0.01964810
v -0.00492689 -0.04852318 -0.01964810
v -0.00494294 -0.04852318 -0.01974680
v -0.00484102 -0.05227318 -0.01924920
v -0.00484102 -0.05127318 -0.01924920
v -0.00487555 -0.05127318 -0.01939141
v -0.00494294 -0.05127318 -0.01974680
v -0.00496473 -0.05127318 -0.01990712
v -0.00496112 -0.05227318 -0.01987766
v -0.00497559 -0.05127318 -0.02000653
v -0.00498895 -0.05127318 -0.02016777
v -0.00498895 -0.04852318 -0.02016777
v -0.00498895 -0.04777318 -0.02016777
v -0.00497559 -0.04777318 -0.02000653
v -0.00494294 -0.04777318 -0.01974680
v -0.00497559 -0.04852318 -0.02000653
v -0.00496473 -0.04852318 -0.01990712
v -0.00496472 -0.04777318 -0.01990712
v -0.00492689 -0.04777318 -0.01964810
v -0.00489675 -0.05127318 -0.01948914
v -0.00489675 -0.04852318 -0.01948914
v -0.00487555 -0.04852318 -0.01939141
v -0.00489675 -0.04777318 -0.01948914
v -0.00487556 -0.04777318 -0.01939141
v -0.00446827 -0.05127318 -0.01825621
v -0.00450399 -0.05127318 -0.01832880
v -0.00453852 -0.05127318 -0.01840195
v -0.00467833 -0.05127318 -0.01873557
v -0.00473297 -0.05127318 -0.01888785
v -0.00483017 -0.05227318 -0.01920792
v -0.00484102 -0.04477318 -0.01924920
v -0.00484102 -0.04777318 -0.01924920
v -0.00483713 -0.04777318 -0.01923425
v -0.00476426 -0.04777318 -0.01898283
v -0.00481085 -0.04777318 -0.01913776
v -0.00481085 -0.04852318 -0.01913776
v -0.00483713 -0.04852318 -0.01923425
v -0.00481085 -0.05127318 -0.01913776
v -0.00464211 -0.04777318 -0.01864236
v -0.00457957 -0.04777318 -0.01849314
v -0.00450399 -0.04477318 -0.01832880
v -0.00476426 -0.05127318 -0.01898283
v -0.00476426 -0.04852318 -0.01898283
v -0.00473297 -0.04852318 -0.01888785
v -0.00473297 -0.04777318 -0.01888785
v -0.00467833 -0.04777318 -0.01873557
v -0.00464211 -0.04852318 -0.01864236
v -0.00467833 -0.04852318 -0.01873557
v -0.00464211 -0.05127318 -0.01864236
v -0.00457958 -0.05127318 -0.01849314
v -0.00457957 -0.04852318 -0.01849314
v -0.00453852 -0.04852318 -0.01840195
v -0.00453852 -0.04777318 -0.01840195
v -0.00450398 -0.04777318 -0.01832880
v -0.00446827 -0.04777318 -0.01825621
v -0.00434471 -0.04777318 -0.01802544
v -0.00442250 -0.04777318 -0.01816730
v -0.00442250 -0.04852318 -0.01816730
v -0.00446827 -0.04852318 -0.01825621
v -0.00442250 -0.05127318 -0.01816730
v -0.00429436 -0.05127318 -0.01793904
v -0.00420925 -0.05127318 -0.01780144
v -0.00415444 -0.05127318 -0.01771780
v -0.00420925 -0.04852318 -0.01780144
v -0.00415444 -0.04852318 -0.01771780
v -0.00420925 -0.04777318 -0.01780144
v -0.00434471 -0.05127318 -0.01802544
v -0.00434471 -0.04852318 -0.01802544
v -0.00429436 -0.04852318 -0.01793904
v -0.00429436 -0.04777318 -0.01793904
v -0.00415444 -0.04777318 -0.01771780
v -0.00406225 -0.05127318 -0.01758485
v -0.00400314 -0.05127318 -0.01750419
v -0.00406225 -0.04852318 -0.01758485
v -0.00400314 -0.04852318 -0.01750419
v -0.00406225 -0.04777318 -0.01758485
v -0.00400314 -0.04777318 -0.01750419
v -0.00348521 -0.05127318 -0.01691484
v -0.00333026 -0.05227318 -0.01677047
v -0.00336739 -0.05127318 -0.01680396
v -0.00333026 -0.04852318 -0.01677047
v -0.00336738 -0.04852318 -0.01680396
v -0.00399386 -0.05227318 -0.01749183
v -0.00391552 -0.05227318 -0.01739055
v -0.00366806 -0.05127318 -0.01710216
v -0.00345565 -0.05227318 -0.01688634
v -0.00355621 -0.05127318 -0.01698526
v -0.00384086 -0.05127318 -0.01729879
v -0.00373528 -0.05127318 -0.01717619
v -0.00373528 -0.04852318 -0.01717619
v -0.00366806 -0.04852318 -0.01710216
v -0.00373528 -0.04777318 -0.01717619
v -0.00399386 -0.04477318 -0.01749183
v -0.00399386 -0.04777318 -0.01749183
v -0.00390412 -0.04777318 -0.01737624
v -0.00355621 -0.04852318 -0.01698526
v -0.00348520 -0.04852318 -0.01691484
v -0.00355621 -0.04777318 -0.01698526
v -0.00348520 -0.04777318 -0.01691484
v -0.00366806 -0.04777318 -0.01710216
v -0.00384086 -0.04777318 -0.01729879
v -0.00384086 -0.04852318 -0.01729879
v -0.00390412 -0.04852318 -0.01737624
v -0.00390412 -0.05127318 -0.01737624
v -0.00399386 -0.05127318 -0.01749183
v -0.00430245 -0.05227318 -0.01795267
v -0.00333026 -0.04477318 -0.01677047
v -0.00336739 -0.04777318 -0.01680396
v -0.00252535 -0.05127318 -0.01618461
v -0.00253867 -0.05127318 -0.01619243
v -0.00253867 -0.05227318 -0.01619243
v -0.00266365 -0.05127318 -0.01626857
v -0.00288145 -0.05127318 -0.01641378
v -0.00293140 -0.05227318 -0.01644946
v -0.00274774 -0.05127318 -0.01632269
v -0.00316933 -0.04777318 -0.01663279
v -0.00253867 -0.04477318 -0.01619243
v -0.00329279 -0.04777318 -0.01673735
v -0.00309136 -0.05127318 -0.01657018
v -0.00296260 -0.05127318 -0.01647222
v -0.00296260 -0.04852318 -0.01647222
v -0.00288145 -0.04852318 -0.01641378
v -0.00296260 -0.04777318 -0.01647222
v -0.00288145 -0.04777318 -0.01641378
v -0.00274774 -0.04777318 -0.01632269
v -0.00309136 -0.04777318 -0.01657018
v -0.00309136 -0.04852318 -0.01657018
v -0.00316933 -0.04852318 -0.01663279
v -0.00316933 -0.05127318 -0.01663279
v -0.00329280 -0.05127318 -0.01673735
v -0.00329279 -0.04852318 -0.01673735
v -0.00206044 -0.05127318 -0.01594428
v -0.00220675 -0.05127318 -0.01601333
v -0.00196891 -0.05127318 -0.01590398
v -0.00196891 -0.04852318 -0.01590398
v -0.00206043 -0.04852318 -0.01594428
v -0.00243854 -0.05127318 -0.01613497
v -0.00243854 -0.04852318 -0.01613497
v -0.00252535 -0.04852318 -0.01618461
v -0.00243854 -0.04777318 -0.01613497
v -0.00229604 -0.04777318 -0.01605836
v -0.00164953 -0.04477318 -0.01577993
v -0.00252535 -0.04777318 -0.01618461
v -0.00253867 -0.04777318 -0.01619243
v -0.00266365 -0.04777318 -0.01626857
v -0.00266365 -0.04852318 -0.01626857
v -0.00274774 -0.04852318 -0.01632269
v -0.00196891 -0.04777318 -0.01590398
v -0.00181918 -0.04777318 -0.01584269
v -0.00206044 -0.04777318 -0.01594428
v -0.00220675 -0.04777318 -0.01601333
v -0.00220675 -0.04852318 -0.01601333
v -0.00229604 -0.04852318 -0.01605836
v -0.00229604 -0.05127318 -0.01605836
v -0.00122570 -0.05127318 -0.01565256
v -0.00122570 -0.04852318 -0.01565256
v -0.00132240 -0.04852318 -0.01567804
v -0.00045230 -0.04777318 -0.01552050
v -0.00045230 -0.04852318 -0.01552050
v -0.00055179 -0.04852318 -0.01553054
v -0.00055180 -0.05127318 -0.01553054
v -0.00069699 -0.05127318 -0.01554882
v -0.00071229 -0.05127318 -0.01555100
v -0.00132240 -0.05127318 -0.01567804
v -0.00107497 -0.05227318 -0.01561692
v -0.00147771 -0.05127318 -0.01572335
v -0.00164953 -0.05227318 -0.01577993
v -0.00122570 -0.04777318 -0.01565256
v -0.00106822 -0.04777318 -0.01561544
v -0.00181918 -0.05127318 -0.01584269
v -0.00172568 -0.05127318 -0.01580724
v -0.00181918 -0.04852318 -0.01584269
v -0.00172568 -0.04852318 -0.01580724
v -0.00172568 -0.04777318 -0.01580724
v -0.00164953 -0.04777318 -0.01577993
v -0.00157294 -0.04777318 -0.01575386
v -0.00132240 -0.04777318 -0.01567804
v -0.00147771 -0.04777318 -0.01572335
v -0.00147771 -0.04852318 -0.01572335
v -0.00157294 -0.04852318 -0.01575386
v -0.00157294 -0.05127318 -0.01575386
v -0.00164953 -0.05127318 -0.01577993
v -0.00172987 -0.05227318 -0.01580878
v -0.00235255 -0.05227318 -0.01608803
v -0.00097032 -0.05127318 -0.01559506
v -0.00081112 -0.05127318 -0.01556623
v -0.00081112 -0.04852318 -0.01556623
v -0.00071229 -0.04852318 -0.01555100
v -0.00081112 -0.04777318 -0.01556623
v -0.00097032 -0.04777318 -0.01559506
v -0.00097032 -0.04852318 -0.01559506
v -0.00106822 -0.04852318 -0.01561544
v -0.00106822 -0.05127318 -0.01561544
v -0.00034353 -0.04777318 -0.02568864
v -0.00034353 -0.05127318 -0.02568864
v -0.00051520 -0.04777318 -0.02567441
v -0.00051520 -0.05127318 -0.02567441
v 0.00253324 -0.04477318 -0.01766756
v 0.00310000 -0.04477318 -0.01830228
v 0.00351132 -0.04477318 -0.01904719
v 0.00374656 -0.04477318 -0.01986496
v 0.00379394 -0.04477318 -0.02071457
v 0.00365107 -0.04477318 -0.02155342
v 0.00332512 -0.04477318 -0.02233945
v 0.00283244 -0.04477318 -0.02303324
v -0.00283244 -0.04477318 -0.01796676
v -0.00219772 -0.04477318 -0.01740000
v -0.00145281 -0.04477318 -0.01698868
v -0.00063504 -0.04477318 -0.01675344
v 0.00021457 -0.04477318 -0.01670606
v 0.00105342 -0.04477318 -0.01684893
v 0.00183945 -0.04477318 -0.01717488
v 0.00219772 -0.04477318 -0.02360000
v 0.00145281 -0.04477318 -0.02401132
v 0.00063504 -0.04477318 -0.02424656
v -0.00021457 -0.04477318 -0.02429394
v -0.00105342 -0.04477318 -0.02415107
v -0.00183945 -0.04477318 -0.02382512
v -0.00253324 -0.04477318 -0.02333244
v -0.00310000 -0.04477318 -0.02269772
v -0.00351132 -0.04477318 -0.02195281
v -0.00374656 -0.04477318 -0.02113504
v -0.00379394 -0.04477318 -0.02028543
v -0.00365107 -0.04477318 -0.01944658
v -0.00332512 -0.04477318 -0.01866055
v 0.00349442 -0.04507318 -0.02069763
v 0.00336283 -0.04507318 -0.02147026
v 0.00306261 -0.04507318 -0.02219423
v 0.00260882 -0.04507318 -0.02283324
v 0.00202422 -0.04507318 -0.02335526
v 0.00133811 -0.04507318 -0.02373411
v 0.00058491 -0.04507318 -0.02395078
v -0.00019763 -0.04507318 -0.02399442
v 0.00019763 -0.05227318 -0.01700559
v 0.00019763 -0.04507318 -0.01700559
v 0.00097026 -0.05227318 -0.01713717
v 0.00097026 -0.04507318 -0.01713717
v 0.00169423 -0.05227318 -0.01743739
v 0.00169423 -0.04507318 -0.01743739
v 0.00233325 -0.05227318 -0.01789118
v 0.00233325 -0.04507318 -0.01789118
v 0.00285526 -0.05227318 -0.01847578
v 0.00285526 -0.04507318 -0.01847578
v 0.00323411 -0.05227318 -0.01916189
v 0.00323411 -0.04507318 -0.01916189
v 0.00345078 -0.05227318 -0.01991509
v 0.00345078 -0.04507318 -0.01991509
v 0.00349442 -0.05227318 -0.02069763
v 0.00336283 -0.05227318 -0.02147026
v 0.00306261 -0.05227318 -0.02219423
v 0.00260882 -0.05227318 -0.02283324
v 0.00202422 -0.05227318 -0.02335526
v 0.00133811 -0.05227318 -0.02373411
v 0.00058491 -0.05227318 -0.02395078
v -0.00019763 -0.05227318 -0.02399442
v -0.00097026 -0.05227318 -0.02386283
v -0.00097026 -0.04507318 -0.02386283
v -0.00169423 -0.05227318 -0.02356261
v -0.00169423 -0.04507318 -0.02356261
v -0.00233324 -0.05227318 -0.02310883
v -0.00233325 -0.04507318 -0.02310883
v -0.00285526 -0.05227318 -0.02252422
v -0.00285526 -0.04507318 -0.02252422
v -0.00323411 -0.05227318 -0.02183811
v -0.00323411 -0.04507318 -0.02183811
v -0.00345078 -0.05227318 -0.02108491
v -0.00345078 -0.04507318 -0.02108491
v -0.00349442 -0.05227318 -0.02030237
v -0.00349442 -0.04507318 -0.02030237
v -0.00336283 -0.05227318 -0.01952974
v -0.00336283 -0.04507318 -0.01952974
v -0.00306261 -0.05227318 -0.01880577
v -0.00306261 -0.04507318 -0.01880577
v -0.00260882 -0.05227318 -0.01816675
v -0.00260882 -0.04507318 -0.01816675
v -0.00202422 -0.05227318 -0.01764474
v -0.00202422 -0.04507318 -0.01764474
v -0.00133811 -0.05227318 -0.01726589
v -0.00133811 -0.04507318 -0.01726589
v -0.00058491 -0.05227318 -0.01704922
v -0.00058491 -0.04507318 -0.01704922
v 0.00000000 -0.05437619 -0.02050000
v 0.00024369 -0.04777318 -0.01530571
v 0.00024369 -0.05127318 -0.01530571
v 0.00007150 -0.05127318 -0.01530049
v 0.00007150 -0.04777318 -0.01530049
v -0.00106793 -0.05271541 -0.01564893
v -0.00042999 -0.05527318 -0.01854678
v -0.00016002 -0.05527318 -0.01850642
v -0.00018678 -0.05525447 -0.01817298
v 0.00011293 -0.05527318 -0.01850319
v -0.00013182 -0.05525447 -0.02283078
v -0.00011293 -0.05527318 -0.02249681
v -0.00038378 -0.05527318 -0.02246282
v -0.00044797 -0.05525447 -0.02279112
v -0.00075577 -0.05525447 -0.02270878
v -0.00052772 -0.05517788 -0.02319904
v -0.00089033 -0.05517788 -0.02310204
v -0.00060560 -0.05504151 -0.02359735
v -0.00102172 -0.05504151 -0.02348604
v -0.00067989 -0.05484585 -0.02397732
v -0.00114706 -0.05484585 -0.02385235
v -0.00074885 -0.05459276 -0.02432999
v -0.00126339 -0.05459276 -0.02419235
v -0.00080398 -0.05432371 -0.02461196
v -0.00135641 -0.05432371 -0.02446419
v -0.00085778 -0.05397559 -0.02488711
v -0.00144717 -0.05397559 -0.02472945
v -0.00090139 -0.05358615 -0.02511013
v -0.00152074 -0.05358615 -0.02494445
v -0.00093354 -0.05316307 -0.02527457
v -0.00157498 -0.05316307 -0.02510298
v -0.00095316 -0.05271542 -0.02537492
v -0.00160808 -0.05271541 -0.02519972
v -0.00104949 -0.05525447 -0.02258530
v -0.00123635 -0.05517788 -0.02295658
v -0.00141880 -0.05504151 -0.02331910
v -0.00159285 -0.05484585 -0.02366494
v -0.00175440 -0.05459276 -0.02398593
v -0.00188356 -0.05432371 -0.02424257
v -0.00200960 -0.05397559 -0.02449300
v -0.00211176 -0.05358615 -0.02469599
v -0.00218708 -0.05316307 -0.02484565
v -0.00223305 -0.05271542 -0.02493698
v -0.00281642 -0.05271541 -0.02459159
v -0.00275844 -0.05316307 -0.02450737
v -0.00266344 -0.05358615 -0.02436935
v -0.00253459 -0.05397559 -0.02418217
v -0.00237563 -0.05432371 -0.02395123
v -0.00221272 -0.05459276 -0.02371457
v -0.00200898 -0.05484585 -0.02341857
v -0.00178945 -0.05504151 -0.02309965
v -0.00155933 -0.05517788 -0.02276535
v -0.00132366 -0.05525447 -0.02242297
v -0.00089911 -0.05527318 -0.02228650
v -0.00113399 -0.05527318 -0.02214743
v -0.00134776 -0.05527318 -0.02197767
v -0.00157318 -0.05525447 -0.02222482
v -0.00179339 -0.05525447 -0.02199454
v -0.00185328 -0.05517788 -0.02253192
v -0.00211269 -0.05517788 -0.02226064
v -0.00212677 -0.05504151 -0.02283178
v -0.00242447 -0.05504151 -0.02252046
v -0.00238767 -0.05484585 -0.02311783
v -0.00272190 -0.05484585 -0.02276832
v -0.00262983 -0.05459276 -0.02338333
v -0.00299795 -0.05459276 -0.02299838
v -0.00282345 -0.05432371 -0.02359561
v -0.00321867 -0.05432371 -0.02318231
v -0.00301238 -0.05397559 -0.02380274
v -0.00343404 -0.05397559 -0.02336180
v -0.00316551 -0.05358615 -0.02397064
v -0.00360861 -0.05358615 -0.02350728
v -0.00327842 -0.05316307 -0.02409443
v -0.00373733 -0.05316307 -0.02361454
v -0.00334732 -0.05271541 -0.02416998
v -0.00381588 -0.05271542 -0.02368000
v -0.00153641 -0.05527318 -0.02178039
v -0.00198019 -0.05525447 -0.02173642
v -0.00233275 -0.05517788 -0.02195656
v -0.00267701 -0.05504151 -0.02217151
v -0.00300541 -0.05484585 -0.02237657
v -0.00331022 -0.05459276 -0.02256688
v -0.00355393 -0.05432371 -0.02271905
v -0.00379174 -0.05397559 -0.02286754
v -0.00398449 -0.05358615 -0.02298790
v -0.00412661 -0.05316307 -0.02307663
v -0.00421334 -0.05271541 -0.02313079
v -0.00169645 -0.05527318 -0.02155925
v -0.00182488 -0.05527318 -0.02131839
v -0.00213011 -0.05525447 -0.02145527
v -0.00224034 -0.05525447 -0.02115632
v -0.00250936 -0.05517788 -0.02162535
v -0.00263923 -0.05517788 -0.02127318
v -0.00287968 -0.05504151 -0.02179142
v -0.00302871 -0.05504151 -0.02138728
v -0.00323295 -0.05484585 -0.02194985
v -0.00340026 -0.05484585 -0.02149612
v -0.00356083 -0.05459276 -0.02209689
v -0.00374511 -0.05459276 -0.02159715
v -0.00382299 -0.05432371 -0.02221446
v -0.00402083 -0.05432371 -0.02167793
v -0.00407880 -0.05397559 -0.02232918
v -0.00428989 -0.05397559 -0.02175675
v -0.00428615 -0.05358615 -0.02242217
v -0.00450796 -0.05358615 -0.02182063
v -0.00443903 -0.05316307 -0.02249073
v -0.00466876 -0.05316307 -0.02186774
v -0.00453233 -0.05271541 -0.02253257
v -0.00476688 -0.05271541 -0.02189649
v -0.00191932 -0.05527318 -0.02106228
v -0.00230885 -0.05525447 -0.02084515
v -0.00271992 -0.05517788 -0.02090660
v -0.00312132 -0.05504151 -0.02096660
v -0.00350423 -0.05484585 -0.02102385
v -0.00385962 -0.05459276 -0.02107697
v -0.00414378 -0.05432371 -0.02111945
v -0.00442106 -0.05397559 -0.02116090
v -0.00464580 -0.05358615 -0.02119450
v -0.00481151 -0.05316307 -0.02121927
v -0.00491264 -0.05271541 -0.02123439
v -0.00197801 -0.05527318 -0.02079569
v -0.00199985 -0.05527318 -0.02052360
v -0.00233434 -0.05525447 -0.02052755
v -0.00231635 -0.05525447 -0.02020943
v -0.00274996 -0.05517788 -0.02053245
v -0.00272876 -0.05517788 -0.02015770
v -0.00315578 -0.05504151 -0.02053724
v -0.00313146 -0.05504151 -0.02010718
v -0.00354292 -0.05484585 -0.02054181
v -0.00351561 -0.05484585 -0.02005899
v -0.00390224 -0.05459276 -0.02054605
v -0.00387216 -0.05459276 -0.02001426
v -0.00418953 -0.05432371 -0.02054944
v -0.00415724 -0.05432371 -0.01997850
v -0.00446987 -0.05397559 -0.02055275
v -0.00443542 -0.05397559 -0.01994361
v -0.00469710 -0.05358615 -0.02055543
v -0.00466090 -0.05358615 -0.01991532
v -0.00486464 -0.05316307 -0.02055741
v -0.00482715 -0.05316307 -0.01989447
v -0.00496688 -0.05271541 -0.02055861
v -0.00492860 -0.05271541 -0.01988174
v -0.00198444 -0.05527318 -0.02025107
v -0.00225521 -0.05525447 -0.01989673
v -0.00265674 -0.05517788 -0.01978932
v -0.00304880 -0.05504151 -0.01968444
v -0.00342282 -0.05484585 -0.01958439
v -0.00376996 -0.05459276 -0.01949153
v -0.00404751 -0.05432371 -0.01941728
v -0.00431835 -0.05397559 -0.01934483
v -0.00453787 -0.05358615 -0.01928611
v -0.00469973 -0.05316307 -0.01924281
v -0.00479851 -0.05271541 -0.01921639
v -0.00193206 -0.05527318 -0.01998317
v -0.00215206 -0.05525447 -0.01959526
v -0.00253522 -0.05517788 -0.01943418
v -0.00290935 -0.05504151 -0.01927689
v -0.00326626 -0.05484585 -0.01912684
v -0.00359752 -0.05459276 -0.01898758
v -0.00386238 -0.05432371 -0.01887623
v -0.00412083 -0.05397559 -0.01876758
v -0.00433032 -0.05358615 -0.01867951
v -0.00448477 -0.05316307 -0.01861458
v -0.00457903 -0.05271542 -0.01857495
v -0.00184369 -0.05527318 -0.01972490
v -0.00172097 -0.05527318 -0.01948107
v -0.00200882 -0.05525447 -0.01931065
v -0.00182816 -0.05525447 -0.01904819
v -0.00236648 -0.05517788 -0.01909889
v -0.00215365 -0.05517788 -0.01878971
v -0.00271571 -0.05504151 -0.01889212
v -0.00247148 -0.05504151 -0.01853731
v -0.00304886 -0.05484585 -0.01869488
v -0.00277467 -0.05484585 -0.01829654
v -0.00335807 -0.05459276 -0.01851180
v -0.00305607 -0.05459276 -0.01807306
v -0.00360530 -0.05432371 -0.01836543
v -0.00328107 -0.05432371 -0.01789439
v -0.00384655 -0.05397559 -0.01822259
v -0.00350062 -0.05397559 -0.01772003
v -0.00404209 -0.05358615 -0.01810682
v -0.00367857 -0.05358615 -0.01757871
v -0.00418627 -0.05316307 -0.01802146
v -0.00380978 -0.05316307 -0.01747452
v -0.00427425 -0.05271541 -0.01796937
v -0.00388985 -0.05271541 -0.01741093
v -0.00156620 -0.05527318 -0.01925622
v -0.00161344 -0.05525447 -0.01881278
v -0.00190071 -0.05517788 -0.01851238
v -0.00218121 -0.05504151 -0.01821906
v -0.00244878 -0.05484585 -0.01793925
v -0.00269714 -0.05459276 -0.01767953
v -0.00289571 -0.05432371 -0.01747188
v -0.00308947 -0.05397559 -0.01726926
v -0.00324653 -0.05358615 -0.01710502
v -0.00336233 -0.05316307 -0.01698393
v -0.00343299 -0.05271541 -0.01691003
v -0.00138225 -0.05527318 -0.01905455
v -0.00117255 -0.05527318 -0.01887979
v -0.00136867 -0.05525447 -0.01860880
v -0.00109841 -0.05525447 -0.01844005
v -0.00161236 -0.05517788 -0.01827208
v -0.00129397 -0.05517788 -0.01807328
v -0.00185030 -0.05504151 -0.01794330
v -0.00148493 -0.05504151 -0.01771516
v -0.00207729 -0.05484585 -0.01762965
v -0.00166709 -0.05484585 -0.01737353
v -0.00228796 -0.05459276 -0.01733854
v -0.00183617 -0.05459276 -0.01705644
v -0.00245641 -0.05432371 -0.01710579
v -0.00197135 -0.05432371 -0.01680292
v -0.00262078 -0.05397559 -0.01687867
v -0.00210326 -0.05397559 -0.01655553
v -0.00275401 -0.05358615 -0.01669458
v -0.00221018 -0.05358615 -0.01635502
v -0.00285224 -0.05316307 -0.01655884
v -0.00228902 -0.05316307 -0.01620717
v -0.00291218 -0.05271542 -0.01647601
v -0.00233713 -0.05271542 -0.01611695
v -0.00094101 -0.05527318 -0.01873522
v -0.00080768 -0.05525447 -0.01830967
v -0.00095148 -0.05517788 -0.01791969
v -0.00109190 -0.05504151 -0.01753890
v -0.00122584 -0.05484585 -0.01717565
v -0.00135017 -0.05459276 -0.01683849
v -0.00144957 -0.05432371 -0.01656893
v -0.00154657 -0.05397559 -0.01630588
v -0.00162519 -0.05358615 -0.01609267
v -0.00168316 -0.05316307 -0.01593547
v -0.00171853 -0.05271541 -0.01583953
v -0.00064747 -0.05527318 -0.02239228
v -0.00015529 -0.05517788 -0.02324576
v -0.00017821 -0.05504151 -0.02365097
v -0.00020007 -0.05484585 -0.02403751
v -0.00022036 -0.05459276 -0.02439628
v -0.00023658 -0.05432371 -0.02468314
v -0.00025241 -0.05397559 -0.02496305
v -0.00026524 -0.05358615 -0.02518993
v -0.00027470 -0.05316307 -0.02535721
v -0.00028048 -0.05271541 -0.02545930
v -0.00104594 -0.05316307 -0.01574879
v -0.00100992 -0.05358615 -0.01591242
v -0.00096107 -0.05397559 -0.01613435
v -0.00090079 -0.05432371 -0.01640815
v -0.00083902 -0.05459276 -0.01668875
v -0.00076176 -0.05484585 -0.01703969
v -0.00067852 -0.05504151 -0.01741780
v -0.00059127 -0.05517788 -0.01781416
v -0.00050191 -0.05525447 -0.01822009
v -0.00069195 -0.05527318 -0.01862352
v -0.00039743 -0.05271542 -0.01554870
v -0.00038925 -0.05316307 -0.01565062
v -0.00037584 -0.05358615 -0.01581763
v -0.00035766 -0.05397559 -0.01604415
v -0.00033523 -0.05432371 -0.01632361
v -0.00031224 -0.05459276 -0.01661000
v -0.00028349 -0.05484585 -0.01696819
v -0.00025251 -0.05504151 -0.01735412
v -0.00022004 -0.05517788 -0.01775867
v 0.00013182 -0.05525447 -0.01816922
v 0.00015529 -0.05517788 -0.01775424
v 0.00017821 -0.05504151 -0.01734903
v 0.00020007 -0.05484585 -0.01696249
v 0.00022036 -0.05459276 -0.01660372
v 0.00023658 -0.05432371 -0.01631686
v 0.00025241 -0.05397559 -0.01603695
v 0.00026524 -0.05358615 -0.01581007
v 0.00027470 -0.05316307 -0.01564279
v 0.00028048 -0.05271541 -0.01554070
v 0.00106793 -0.05271541 -0.02535107
v 0.00496688 -0.05271541 -0.02044139
v 0.00042999 -0.05527318 -0.02245322
v 0.00016002 -0.05527318 -0.02249358
v 0.00018678 -0.05525447 -0.02282702
v 0.00038378 -0.05527318 -0.01853718
v 0.00044797 -0.05525447 -0.01820888
v 0.00075577 -0.05525447 -0.01829122
v 0.00052772 -0.05517788 -0.01780096
v 0.00089033 -0.05517788 -0.01789796
v 0.00060560 -0.05504151 -0.01740265
v 0.00102172 -0.05504151 -0.01751396
v 0.00067989 -0.05484585 -0.01702268
v 0.00114706 -0.05484585 -0.01714765
v 0.00074885 -0.05459276 -0.01667001
v 0.00126339 -0.05459276 -0.01680765
v 0.00080398 -0.05432371 -0.01638804
v 0.00135641 -0.05432371 -0.01653581
v 0.00085778 -0.05397559 -0.01611289
v 0.00144717 -0.05397559 -0.01627055
v 0.00090139 -0.05358615 -0.01588987
v 0.00152074 -0.05358615 -0.01605554
v 0.00093354 -0.05316307 -0.01572543
v 0.00157498 -0.05316307 -0.01589702
v 0.00095316 -0.05271541 -0.01562508
v 0.00160808 -0.05271542 -0.01580027
v 0.00104949 -0.05525447 -0.01841470
v 0.00123635 -0.05517788 -0.01804342
v 0.00141880 -0.05504151 -0.01768090
v 0.00159285 -0.05484585 -0.01733506
v 0.00175440 -0.05459276 -0.01701408
v 0.00188356 -0.05432371 -0.01675743
v 0.00200960 -0.05397559 -0.01650700
v 0.00211176 -0.05358615 -0.01630401
v 0.00218708 -0.05316307 -0.01615435
v 0.00223305 -0.05271541 -0.01606302
v 0.00281642 -0.05271541 -0.01640841
v 0.00275844 -0.05316307 -0.01649263
v 0.00266344 -0.05358615 -0.01663065
v 0.00253459 -0.05397559 -0.01681783
v 0.00237563 -0.05432371 -0.01704877
v 0.00221272 -0.05459276 -0.01728543
v 0.00200898 -0.05484585 -0.01758143
v 0.00178945 -0.05504151 -0.01790035
v 0.00155934 -0.05517788 -0.01823466
v 0.00132366 -0.05525447 -0.01857703
v 0.00089911 -0.05527318 -0.01871351
v 0.00113400 -0.05527318 -0.01885257
v 0.00134776 -0.05527318 -0.01902233
v 0.00157318 -0.05525447 -0.01877518
v 0.00179339 -0.05525447 -0.01900546
v 0.00185328 -0.05517788 -0.01846808
v 0.00211269 -0.05517788 -0.01873936
v 0.00212677 -0.05504151 -0.01816822
v 0.00242447 -0.05504151 -0.01847954
v 0.00238767 -0.05484585 -0.01788217
v 0.00272190 -0.05484585 -0.01823168
v 0.00262983 -0.05459276 -0.01761667
v 0.00299795 -0.05459276 -0.01800163
v 0.00282345 -0.05432371 -0.01740440
v 0.00321867 -0.05432371 -0.01781769
v 0.00301238 -0.05397559 -0.01719726
v 0.00343404 -0.05397559 -0.01763820
v 0.00316551 -0.05358615 -0.01702936
v 0.00360861 -0.05358615 -0.01749272
v 0.00327842 -0.05316307 -0.01690557
v 0.00373733 -0.05316307 -0.01738546
v 0.00334733 -0.05271542 -0.01683002
v 0.00381588 -0.05271541 -0.01732000
v 0.00153641 -0.05527318 -0.01921961
v 0.00198019 -0.05525447 -0.01926358
v 0.00233276 -0.05517788 -0.01904344
v 0.00267701 -0.05504151 -0.01882849
v 0.00300542 -0.05484585 -0.01862344
v 0.00331022 -0.05459276 -0.01843311
v 0.00355393 -0.05432371 -0.01828095
v 0.00379174 -0.05397559 -0.01813246
v 0.00398449 -0.05358615 -0.01801210
v 0.00412662 -0.05316307 -0.01792336
v 0.00421335 -0.05271542 -0.01786921
v 0.00169645 -0.05527318 -0.01944075
v 0.00182488 -0.05527318 -0.01968161
v 0.00213011 -0.05525447 -0.01954473
v 0.00224035 -0.05525447 -0.01984368
v 0.00250936 -0.05517788 -0.01937465
v 0.00263923 -0.05517788 -0.01972682
v 0.00287968 -0.05504151 -0.01920858
v 0.00302871 -0.05504151 -0.01961272
v 0.00323295 -0.05484585 -0.01905015
v 0.00340026 -0.05484585 -0.01950387
v 0.00356083 -0.05459276 -0.01890311
v 0.00374511 -0.05459276 -0.01940285
v 0.00382299 -0.05432371 -0.01878554
v 0.00402083 -0.05432371 -0.01932207
v 0.00407880 -0.05397559 -0.01867082
v 0.00428989 -0.05397559 -0.01924325
v 0.00428615 -0.05358615 -0.01857783
v 0.00450796 -0.05358615 -0.01917936
v 0.00443903 -0.05316307 -0.01850927
v 0.00466876 -0.05316307 -0.01913226
v 0.00453233 -0.05271541 -0.01846743
v 0.00476688 -0.05271541 -0.01910351
v 0.00191932 -0.05527318 -0.01993772
v 0.00230885 -0.05525447 -0.02015485
v 0.00271993 -0.05517788 -0.02009340
v 0.00312132 -0.05504151 -0.02003339
v 0.00350423 -0.05484585 -0.01997615
v 0.00385962 -0.05459276 -0.01992303
v 0.00414378 -0.05432371 -0.01988055
v 0.00442106 -0.05397559 -0.01983910
v 0.00464580 -0.05358615 -0.01980550
v 0.00481151 -0.05316307 -0.01978073
v 0.00491264 -0.05271542 -0.01976561
v 0.00199985 -0.05527318 -0.02047640
v 0.00198444 -0.05527318 -0.02074893
v 0.00231635 -0.05525447 -0.02079057
v 0.00225521 -0.05525447 -0.02110327
v 0.00272876 -0.05517788 -0.02084230
v 0.00265674 -0.05517788 -0.02121068
v 0.00313146 -0.05504151 -0.02089282
v 0.00304880 -0.05504151 -0.02131556
v 0.00351561 -0.05484585 -0.02094101
v 0.00342282 -0.05484585 -0.02141561
v 0.00387216 -0.05459276 -0.02098574
v 0.00376996 -0.05459276 -0.02150847
v 0.00415724 -0.05432371 -0.02102150
v 0.00404751 -0.05432371 -0.02158272
v 0.00443542 -0.05397559 -0.02105639
v 0.00431835 -0.05397559 -0.02165517
v 0.00466090 -0.05358615 -0.02108468
v 0.00453787 -0.05358615 -0.02171389
v 0.00482715 -0.05316307 -0.02110553
v 0.00469973 -0.05316307 -0.02175719
v 0.00492860 -0.05271542 -0.02111826
v 0.00479851 -0.05271541 -0.02178361
v 0.00193206 -0.05527318 -0.02101683
v 0.00215206 -0.05525447 -0.02140474
v 0.00253522 -0.05517788 -0.02156582
v 0.00290936 -0.05504151 -0.02172311
v 0.00326626 -0.05484585 -0.02187316
v 0.00359752 -0.05459276 -0.02201242
v 0.00386238 -0.05432371 -0.02212377
v 0.00412083 -0.05397559 -0.02223242
v 0.00433032 -0.05358615 -0.02232049
v 0.00448477 -0.05316307 -0.02238542
v 0.00457903 -0.05271541 -0.02242505
v 0.00184369 -0.05527318 -0.02127510
v 0.00172097 -0.05527318 -0.02151893
v 0.00200882 -0.05525447 -0.02168935
v 0.00182816 -0.05525447 -0.02195181
v 0.00236648 -0.05517788 -0.02190111
v 0.00215365 -0.05517788 -0.02221029
v 0.00271571 -0.05504151 -0.02210787
v 0.00247148 -0.05504151 -0.02246269
v 0.00304886 -0.05484585 -0.02230512
v 0.00277467 -0.05484585 -0.02270346
v 0.00335807 -0.05459276 -0.02248820
v 0.00305607 -0.05459276 -0.02292694
v 0.00360530 -0.05432371 -0.02263457
v 0.00328107 -0.05432371 -0.02310561
v 0.00384655 -0.05397559 -0.02277741
v 0.00350062 -0.05397559 -0.02327997
v 0.00404209 -0.05358615 -0.02289318
v 0.00367857 -0.05358615 -0.02342129
v 0.00418627 -0.05316307 -0.02297854
v 0.00380978 -0.05316307 -0.02352549
v 0.00427425 -0.05271541 -0.02303063
v 0.00388985 -0.05271542 -0.02358907
v 0.00156620 -0.05527318 -0.02174378
v 0.00161344 -0.05525447 -0.02218722
v 0.00190071 -0.05517788 -0.02248762
v 0.00218120 -0.05504151 -0.02278094
v 0.00244878 -0.05484585 -0.02306076
v 0.00269714 -0.05459276 -0.02332047
v 0.00289571 -0.05432371 -0.02352812
v 0.00308947 -0.05397559 -0.02373074
v 0.00324653 -0.05358615 -0.02389498
v 0.00336233 -0.05316307 -0.02401607
v 0.00343299 -0.05271541 -0.02408997
v 0.00138225 -0.05527318 -0.02194545
v 0.00117256 -0.05527318 -0.02212021
v 0.00136867 -0.05525447 -0.02239120
v 0.00109841 -0.05525447 -0.02255995
v 0.00161236 -0.05517788 -0.02272792
v 0.00129397 -0.05517788 -0.02292672
v 0.00185030 -0.05504151 -0.02305670
v 0.00148493 -0.05504151 -0.02328484
v 0.00207729 -0.05484585 -0.02337035
v 0.00166709 -0.05484585 -0.02362647
v 0.00228796 -0.05459276 -0.02366146
v 0.00183617 -0.05459276 -0.02394355
v 0.00245641 -0.05432371 -0.02389421
v 0.00197135 -0.05432371 -0.02419708
v 0.00262078 -0.05397559 -0.02412133
v 0.00210326 -0.05397559 -0.02444447
v 0.00275401 -0.05358615 -0.02430543
v 0.00221018 -0.05358615 -0.02464499
v 0.00285224 -0.05316307 -0.02444116
v 0.00228902 -0.05316307 -0.02479283
v 0.00291219 -0.05271541 -0.02452399
v 0.00233713 -0.05271541 -0.02488305
v 0.00094101 -0.05527318 -0.02226478
v 0.00080768 -0.05525447 -0.02269033
v 0.00095148 -0.05517788 -0.02308031
v 0.00109190 -0.05504151 -0.02346110
v 0.00122585 -0.05484585 -0.02382435
v 0.00135017 -0.05459276 -0.02416151
v 0.00144957 -0.05432371 -0.02443108
v 0.00154657 -0.05397559 -0.02469412
v 0.00162519 -0.05358615 -0.02490733
v 0.00168316 -0.05316307 -0.02506453
v 0.00171853 -0.05271541 -0.02516047
v 0.00064747 -0.05527318 -0.01860772
v 0.00486464 -0.05316307 -0.02044260
v 0.00469710 -0.05358615 -0.02044457
v 0.00446987 -0.05397559 -0.02044725
v 0.00418953 -0.05432371 -0.02045056
v 0.00390224 -0.05459276 -0.02045395
v 0.00354292 -0.05484585 -0.02045819
v 0.00315578 -0.05504151 -0.02046276
v 0.00274996 -0.05517788 -0.02046755
v 0.00233434 -0.05525447 -0.02047245
v 0.00197801 -0.05527318 -0.02020431
v 0.00104594 -0.05316307 -0.02525121
v 0.00100992 -0.05358615 -0.02508758
v 0.00096107 -0.05397559 -0.02486565
v 0.00090079 -0.05432371 -0.02459184
v 0.00083902 -0.05459276 -0.02431125
v 0.00076176 -0.05484585 -0.02396031
v 0.00067852 -0.05504151 -0.02358220
v 0.00059127 -0.05517788 -0.02318584
v 0.00050191 -0.05525447 -0.02277991
v 0.00069195 -0.05527318 -0.02237648
v 0.00039743 -0.05271541 -0.02545130
v 0.00038925 -0.05316307 -0.02534938
v 0.00037584 -0.05358615 -0.02518237
v 0.00035766 -0.05397559 -0.02495585
v 0.00033523 -0.05432371 -0.02467639
v 0.00031224 -0.05459276 -0.02439000
v 0.00028349 -0.05484585 -0.02403180
v 0.00025251 -0.05504151 -0.02364588
v 0.00022004 -0.05517788 -0.02324133
v -0.00030060 -0.04777318 -0.01530869
v -0.00030060 -0.05127318 -0.01530869
v -0.00047238 -0.05127318 -0.01532150
v -0.00047238 -0.04777318 -0.01532150
v -0.00057188 -0.04777318 -0.01533154
v -0.00057188 -0.05127318 -0.01533154
v -0.00074276 -0.05127318 -0.01535332
v -0.00074276 -0.04777318 -0.01535332
v -0.00084159 -0.04777318 -0.01536855
v -0.00084159 -0.05127318 -0.01536855
v -0.00101110 -0.05127318 -0.01539925
v -0.00101110 -0.04777318 -0.01539925
v -0.00110900 -0.04777318 -0.01541963
v -0.00110900 -0.05127318 -0.01541963
v -0.00127666 -0.05127318 -0.01545915
v -0.00127666 -0.04777318 -0.01545915
v -0.00137336 -0.04777318 -0.01548464
v -0.00137336 -0.05127318 -0.01548464
v -0.00153873 -0.05127318 -0.01553288
v -0.00153873 -0.04777318 -0.01553288
v -0.00163396 -0.04777318 -0.01556339
v -0.00163396 -0.05127318 -0.01556339
v -0.00179658 -0.05127318 -0.01562022
v -0.00179658 -0.04777318 -0.01562022
v -0.00189009 -0.04777318 -0.01565567
v -0.00189009 -0.05127318 -0.01565567
v -0.00204951 -0.05127318 -0.01572093
v -0.00204951 -0.04777318 -0.01572093
v -0.00214103 -0.04777318 -0.01576122
v -0.00214103 -0.05127318 -0.01576122
v -0.00229682 -0.05127318 -0.01583474
v -0.00229682 -0.04777318 -0.01583474
v -0.00238610 -0.04777318 -0.01587977
v -0.00238610 -0.05127318 -0.01587977
v -0.00253783 -0.05127318 -0.01596134
v -0.00253783 -0.04777318 -0.01596134
v -0.00262464 -0.04777318 -0.01601098
v -0.00262464 -0.05127318 -0.01601098
v -0.00277189 -0.05127318 -0.01610038
v -0.00277189 -0.04777318 -0.01610038
v -0.00285598 -0.04777318 -0.01615450
v -0.00285598 -0.05127318 -0.01615450
v -0.00299835 -0.05127318 -0.01625148
v -0.00299835 -0.04777318 -0.01625148
v -0.00307949 -0.04777318 -0.01630992
v -0.00307949 -0.05127318 -0.01630992
v -0.00321659 -0.05127318 -0.01641422
v -0.00321659 -0.04777318 -0.01641422
v -0.00329456 -0.04777318 -0.01647683
v -0.00329456 -0.05127318 -0.01647683
v -0.00342601 -0.05127318 -0.01658817
v -0.00342601 -0.04777318 -0.01658817
v -0.00350060 -0.04777318 -0.01665477
v -0.00350060 -0.05127318 -0.01665477
v -0.00362605 -0.05127318 -0.01677283
v -0.00362605 -0.04777318 -0.01677283
v -0.00369705 -0.04777318 -0.01684325
v -0.00369705 -0.05127318 -0.01684325
v -0.00381614 -0.05127318 -0.01696771
v -0.00381614 -0.04777318 -0.01696771
v -0.00388336 -0.04777318 -0.01704175
v -0.00388336 -0.05127318 -0.01704175
v -0.00399578 -0.05127318 -0.01717227
v -0.00399578 -0.04777318 -0.01717227
v -0.00405903 -0.04777318 -0.01724973
v -0.00405903 -0.05127318 -0.01724973
v -0.00416446 -0.05127318 -0.01738596
v -0.00416446 -0.04777318 -0.01738596
v -0.00422357 -0.04777318 -0.01746662
v -0.00422357 -0.05127318 -0.01746662
v -0.00432173 -0.05127318 -0.01760818
v -0.00432173 -0.04777318 -0.01760818
v -0.00437654 -0.04777318 -0.01769182
v -0.00437654 -0.05127318 -0.01769182
v -0.00446715 -0.05127318 -0.01783832
v -0.00446715 -0.04777318 -0.01783832
v -0.00451751 -0.04777318 -0.01792472
v -0.00451751 -0.05127318 -0.01792472
v -0.00460033 -0.05127318 -0.01807576
v -0.00460033 -0.04777318 -0.01807576
v -0.00464610 -0.04777318 -0.01816467
v -0.00464610 -0.05127318 -0.01816467
v -0.00472090 -0.05127318 -0.01831985
v -0.00472090 -0.04777318 -0.01831985
v -0.00476195 -0.04777318 -0.01841103
v -0.00476196 -0.05127318 -0.01841103
v -0.00482853 -0.05127318 -0.01856991
v -0.00482853 -0.04777318 -0.01856991
v -0.00486476 -0.04777318 -0.01866312
v -0.00486476 -0.05127318 -0.01866312
v -0.00492293 -0.05127318 -0.01882526
v -0.00492293 -0.04777318 -0.01882526
v -0.00495422 -0.04777318 -0.01892024
v -0.00495423 -0.05127318 -0.01892024
v -0.00500383 -0.05127318 -0.01908520
v -0.00500383 -0.04777318 -0.01908520
v -0.00503011 -0.04777318 -0.01918169
v -0.00503011 -0.05127318 -0.01918169
v -0.00507102 -0.05127318 -0.01934902
v -0.00507102 -0.04777318 -0.01934902
v -0.00509221 -0.04777318 -0.01944675
v -0.00509221 -0.05127318 -0.01944675
v -0.00512431 -0.05127318 -0.01961599
v -0.00512431 -0.04777318 -0.01961599
v -0.00514036 -0.04777318 -0.01971470
v -0.00514036 -0.05127318 -0.01971470
v -0.00516355 -0.05127318 -0.01988539
v -0.00516355 -0.04777318 -0.01988539
v -0.00517441 -0.04777318 -0.01998480
v -0.00517441 -0.05127318 -0.01998480
v -0.00518864 -0.05127318 -0.02015647
v -0.00518864 -0.04777318 -0.02015647
v -0.00519429 -0.04777318 -0.02025631
v -0.00519429 -0.05127318 -0.02025631
v -0.00519951 -0.05127318 -0.02042850
v -0.00519951 -0.04777318 -0.02042850
v -0.00519992 -0.04777318 -0.02052850
v -0.00519992 -0.05127318 -0.02052850
v -0.00519613 -0.05127318 -0.02070072
v -0.00519612 -0.04777318 -0.02070072
v -0.00519130 -0.04777318 -0.02080060
v -0.00519130 -0.05127318 -0.02080060
v -0.00517850 -0.05127318 -0.02097238
v -0.00517850 -0.04777318 -0.02097238
v -0.00516846 -0.04777318 -0.02107188
v -0.00516846 -0.05127318 -0.02107188
v -0.00514668 -0.05127318 -0.02124276
v -0.00514668 -0.04777318 -0.02124276
v -0.00513144 -0.04777318 -0.02134159
v -0.00513144 -0.05127318 -0.02134159
v -0.00510075 -0.05127318 -0.02151110
v -0.00510075 -0.04777318 -0.02151110
v -0.00508037 -0.04777318 -0.02160900
v -0.00508037 -0.05127318 -0.02160900
v -0.00504085 -0.05127318 -0.02177666
v -0.00504085 -0.04777318 -0.02177666
v -0.00501536 -0.04777318 -0.02187336
v -0.00501536 -0.05127318 -0.02187336
v -0.00496712 -0.05127318 -0.02203873
v -0.00496712 -0.04777318 -0.02203873
v -0.00493662 -0.04777318 -0.02213397
v -0.00493661 -0.05127318 -0.02213397
v -0.00487978 -0.05127318 -0.02229658
v -0.00487978 -0.04777318 -0.02229658
v -0.00484433 -0.04777318 -0.02239009
v -0.00484433 -0.05127318 -0.02239009
v -0.00477907 -0.05127318 -0.02254951
v -0.00477907 -0.04777318 -0.02254951
v -0.00473878 -0.04777318 -0.02264103
v -0.00473877 -0.05127318 -0.02264103
v -0.00466526 -0.05127318 -0.02279682
v -0.00466526 -0.04777318 -0.02279682
v -0.00462023 -0.04777318 -0.02288610
v -0.00462023 -0.05127318 -0.02288610
v -0.00453866 -0.05127318 -0.02303783
v -0.00453866 -0.04777318 -0.02303783
v -0.00448902 -0.04777318 -0.02312464
v -0.00448902 -0.05127318 -0.02312464
v -0.00439962 -0.05127318 -0.02327189
v -0.00439962 -0.04777318 -0.02327189
v -0.00434550 -0.04777318 -0.02335598
v -0.00434550 -0.05127318 -0.02335598
v -0.00424852 -0.05127318 -0.02349835
v -0.00424852 -0.04777318 -0.02349835
v -0.00419008 -0.04777318 -0.02357949
v -0.00419008 -0.05127318 -0.02357949
v -0.00408578 -0.05127318 -0.02371659
v -0.00408578 -0.04777318 -0.02371659
v -0.00402317 -0.04777318 -0.02379456
v -0.00402317 -0.05127318 -0.02379456
v -0.00391183 -0.05127318 -0.02392601
v -0.00391183 -0.04777318 -0.02392601
v -0.00384523 -0.04777318 -0.02400060
v -0.00384523 -0.05127318 -0.02400060
v -0.00372717 -0.05127318 -0.02412605
v -0.00372717 -0.04777318 -0.02412605
v -0.00365675 -0.04777318 -0.02419705
v -0.00365675 -0.05127318 -0.02419705
v -0.00353229 -0.05127318 -0.02431614
v -0.00353229 -0.04777318 -0.02431614
v -0.00345825 -0.04777318 -0.02438336
v -0.00345825 -0.05127318 -0.02438336
v -0.00332773 -0.05127318 -0.02449578
v -0.00332773 -0.04777318 -0.02449578
v -0.00325027 -0.04777318 -0.02455903
v -0.00325027 -0.05127318 -0.02455903
v -0.00311404 -0.05127318 -0.02466446
v -0.00311404 -0.04777318 -0.02466446
v -0.00303339 -0.04777318 -0.02472357
v -0.00303338 -0.05127318 -0.02472357
v -0.00289182 -0.05127318 -0.02482173
v -0.00289182 -0.04777318 -0.02482173
v -0.00280818 -0.04777318 -0.02487654
v -0.00280818 -0.05127318 -0.02487654
v -0.00266168 -0.05127318 -0.02496715
v -0.00266168 -0.04777318 -0.02496715
v -0.00257528 -0.04777318 -0.02501751
v -0.00257528 -0.05127318 -0.02501751
v -0.00242424 -0.05127318 -0.02510033
v -0.00242424 -0.04777318 -0.02510033
v -0.00233533 -0.04777318 -0.02514610
v -0.00233533 -0.05127318 -0.02514610
v -0.00218015 -0.05127318 -0.02522090
v -0.00218015 -0.04777318 -0.02522090
v -0.00208897 -0.04777318 -0.02526196
v -0.00208897 -0.05127318 -0.02526196
v -0.00193009 -0.05127318 -0.02532853
v -0.00193009 -0.04777318 -0.02532853
v -0.00183688 -0.04777318 -0.02536476
v -0.00183688 -0.05127318 -0.02536476
v -0.00167474 -0.05127318 -0.02542293
v -0.00167474 -0.04777318 -0.02542293
v -0.00157976 -0.04777318 -0.02545423
v -0.00157976 -0.05127318 -0.02545423
v -0.00141480 -0.05127318 -0.02550383
v -0.00141480 -0.04777318 -0.02550383
v -0.00131832 -0.04777318 -0.02553011
v -0.00131832 -0.05127318 -0.02553011
v -0.00115098 -0.05127318 -0.02557102
v -0.00115098 -0.04777318 -0.02557102
v -0.00105325 -0.04777318 -0.02559222
v -0.00105325 -0.05127318 -0.02559222
v -0.00088401 -0.05127318 -0.02562431
v -0.00088401 -0.04777318 -0.02562431
v -0.00078530 -0.04777318 -0.02564036
v -0.00078530 -0.05127318 -0.02564036
v -0.00061461 -0.05127318 -0.02566355
v -0.00061461 -0.04777318 -0.02566355
v -0.00002849 -0.04777314 -0.01530008
v -0.00002849 -0.05127314 -0.01530008
v -0.00020071 -0.04777318 -0.01530387
v -0.00020072 -0.05127318 -0.01530387
v 0.00509222 -0.04777318 -0.02155325
v 0.00509222 -0.05127318 -0.02155325
v 0.00512431 -0.05127318 -0.02138401
v 0.00512431 -0.04777318 -0.02138401
v 0.00503011 -0.04777318 -0.02181832
v 0.00503011 -0.05127318 -0.02181832
v 0.00507102 -0.05127318 -0.02165098
v 0.00507102 -0.04777318 -0.02165098
v 0.00495422 -0.04777318 -0.02207976
v 0.00495423 -0.05127318 -0.02207976
v 0.00500383 -0.05127318 -0.02191480
v 0.00500383 -0.04777318 -0.02191480
v 0.00486476 -0.04777318 -0.02233688
v 0.00486476 -0.05127318 -0.02233688
v 0.00492293 -0.05127318 -0.02217474
v 0.00492293 -0.04777318 -0.02217474
v 0.00476195 -0.04777318 -0.02258897
v 0.00476196 -0.05127318 -0.02258897
v 0.00482853 -0.05127318 -0.02243009
v 0.00482854 -0.04777318 -0.02243009
v 0.00464610 -0.04777318 -0.02283533
v 0.00464610 -0.05127318 -0.02283533
v 0.00472090 -0.05127318 -0.02268015
v 0.00472090 -0.04777318 -0.02268015
v 0.00189009 -0.04777318 -0.02534433
v 0.00189009 -0.05127318 -0.02534433
v 0.00204951 -0.05127318 -0.02527907
v 0.00204951 -0.04777318 -0.02527907
v 0.00163396 -0.04777318 -0.02543661
v 0.00163396 -0.05127318 -0.02543661
v 0.00179658 -0.05127318 -0.02537978
v 0.00179658 -0.04777318 -0.02537978
v 0.00137336 -0.04777318 -0.02551536
v 0.00137336 -0.05127318 -0.02551536
v 0.00153873 -0.05127318 -0.02546712
v 0.00153873 -0.04777318 -0.02546712
v 0.00110900 -0.04777318 -0.02558037
v 0.00110900 -0.05127318 -0.02558037
v 0.00127666 -0.05127318 -0.02554085
v 0.00127666 -0.04777318 -0.02554085
v 0.00084159 -0.04777318 -0.02563144
v 0.00084159 -0.05127318 -0.02563144
v 0.00101110 -0.05127318 -0.02560075
v 0.00101110 -0.04777318 -0.02560075
v 0.00057188 -0.04777318 -0.02566846
v 0.00057188 -0.05127318 -0.02566846
v 0.00074276 -0.05127318 -0.02564668
v 0.00074276 -0.04777318 -0.02564668
v 0.00030060 -0.04777318 -0.02569130
v 0.00030060 -0.05127318 -0.02569130
v 0.00047238 -0.05127318 -0.02567850
v 0.00047238 -0.04777318 -0.02567850
v 0.00002849 -0.04777318 -0.02569992
v 0.00002850 -0.05127318 -0.02569992
v 0.00020072 -0.05127318 -0.02569612
v 0.00020071 -0.04777318 -0.02569612
v -0.00024369 -0.04777318 -0.02569429
v -0.00024369 -0.05127318 -0.02569429
v -0.00007150 -0.05127322 -0.02569951
v -0.00007150 -0.04777322 -0.02569951
v 0.00514036 -0.04777318 -0.02128530
v 0.00514036 -0.05127318 -0.02128530
v 0.00516355 -0.05127318 -0.02111461
v 0.00516355 -0.04777318 -0.02111461
v 0.00183688 -0.04777318 -0.01563524
v 0.00183688 -0.05127318 -0.01563524
v 0.00167474 -0.05127318 -0.01557707
v 0.00167474 -0.04777318 -0.01557707
v 0.00208897 -0.04777318 -0.01573805
v 0.00208897 -0.05127318 -0.01573805
v 0.00193009 -0.05127318 -0.01567147
v 0.00193009 -0.04777318 -0.01567147
v 0.00233533 -0.04777318 -0.01585390
v 0.00233533 -0.05127318 -0.01585390
v 0.00218015 -0.05127318 -0.01577910
v 0.00218015 -0.04777318 -0.01577910
v 0.00257528 -0.04777318 -0.01598249
v 0.00257528 -0.05127318 -0.01598249
v 0.00242424 -0.05127318 -0.01589967
v 0.00242424 -0.04777318 -0.01589967
v 0.00280818 -0.04777318 -0.01612346
v 0.00280818 -0.05127318 -0.01612346
v 0.00266168 -0.05127318 -0.01603285
v 0.00266168 -0.04777318 -0.01603285
v 0.00303339 -0.04777318 -0.01627643
v 0.00303339 -0.05127318 -0.01627643
v 0.00289182 -0.05127318 -0.01617827
v 0.00289182 -0.04777318 -0.01617827
v 0.00325027 -0.04777318 -0.01644097
v 0.00325027 -0.05127318 -0.01644097
v 0.00311404 -0.05127318 -0.01633554
v 0.00311404 -0.04777318 -0.01633554
v 0.00345825 -0.04777318 -0.01661664
v 0.00345825 -0.05127318 -0.01661664
v 0.00332773 -0.05127318 -0.01650422
v 0.00332773 -0.04777318 -0.01650422
v 0.00365675 -0.04777318 -0.01680295
v 0.00365675 -0.05127318 -0.01680295
v 0.00353229 -0.05127318 -0.01668386
v 0.00353229 -0.04777318 -0.01668386
v 0.00384523 -0.04777318 -0.01699940
v 0.00384523 -0.05127318 -0.01699940
v 0.00372717 -0.05127318 -0.01687395
v 0.00372717 -0.04777318 -0.01687395
v 0.00402317 -0.04777318 -0.01720544
v 0.00402317 -0.05127318 -0.01720544
v 0.00391183 -0.05127318 -0.01707399
v 0.00391183 -0.04777318 -0.01707399
v 0.00419008 -0.04777318 -0.01742051
v 0.00419008 -0.05127318 -0.01742051
v 0.00408578 -0.05127318 -0.01728341
v 0.00408578 -0.04777318 -0.01728341
v 0.00434550 -0.04777318 -0.01764402
v 0.00434550 -0.05127318 -0.01764402
v 0.00424852 -0.05127318 -0.01750165
v 0.00424852 -0.04777318 -0.01750165
v 0.00448902 -0.04777318 -0.01787536
v 0.00448902 -0.05127318 -0.01787536
v 0.00439962 -0.05127318 -0.01772811
v 0.00439962 -0.04777318 -0.01772811
v 0.00462023 -0.04777318 -0.01811390
v 0.00462023 -0.05127318 -0.01811390
v 0.00453866 -0.05127318 -0.01796217
v 0.00453866 -0.04777318 -0.01796217
v 0.00473878 -0.04777318 -0.01835897
v 0.00466526 -0.04777318 -0.01820318
v 0.00484433 -0.04777318 -0.01860991
v 0.00484433 -0.05127318 -0.01860991
v 0.00477907 -0.05127318 -0.01845049
v 0.00477907 -0.04777318 -0.01845049
v 0.00493661 -0.04777318 -0.01886604
v 0.00493661 -0.05127318 -0.01886604
v 0.00487978 -0.05127318 -0.01870342
v 0.00487978 -0.04777318 -0.01870342
v 0.00501536 -0.04777318 -0.01912664
v 0.00501536 -0.05127318 -0.01912664
v 0.00496712 -0.05127318 -0.01896127
v 0.00496712 -0.04777318 -0.01896127
v 0.00508037 -0.04777318 -0.01939100
v 0.00508037 -0.05127318 -0.01939100
v 0.00504085 -0.05127318 -0.01922334
v 0.00504085 -0.04777318 -0.01922334
v 0.00513145 -0.04777318 -0.01965841
v 0.00513144 -0.05127318 -0.01965841
v 0.00510075 -0.05127318 -0.01948890
v 0.00510075 -0.04777318 -0.01948890
v 0.00516846 -0.04777318 -0.01992812
v 0.00516846 -0.05127318 -0.01992812
v 0.00514668 -0.05127318 -0.01975724
v 0.00514668 -0.04777318 -0.01975724
v 0.00519130 -0.04777318 -0.02019940
v 0.00519130 -0.05127318 -0.02019940
v 0.00517850 -0.05127318 -0.02002762
v 0.00517850 -0.04777318 -0.02002762
v 0.00519992 -0.04777318 -0.02047151
v 0.00519992 -0.05127318 -0.02047151
v 0.00519612 -0.05127318 -0.02029929
v 0.00519613 -0.04777318 -0.02029929
v 0.00519429 -0.04777318 -0.02074369
v 0.00519429 -0.05127318 -0.02074369
v 0.00519951 -0.05127318 -0.02057150
v 0.00519951 -0.04777318 -0.02057150
v 0.00157976 -0.04777318 -0.01554578
v 0.00157976 -0.05127318 -0.01554578
v 0.00141480 -0.05127318 -0.01549617
v 0.00141480 -0.04777318 -0.01549617
v 0.00131832 -0.04777318 -0.01546989
v 0.00131832 -0.05127318 -0.01546989
v 0.00115098 -0.05127318 -0.01542898
v 0.00115098 -0.04777318 -0.01542898
v 0.00105325 -0.04777318 -0.01540778
v 0.00105325 -0.05127318 -0.01540778
v 0.00088401 -0.05127318 -0.01537569
v 0.00088401 -0.04777318 -0.01537569
v 0.00078530 -0.04777318 -0.01535964
v 0.00078530 -0.05127318 -0.01535964
v 0.00061461 -0.05127318 -0.01533645
v 0.00061461 -0.04777318 -0.01533645
v 0.00051520 -0.04777318 -0.01532559
v 0.00051520 -0.05127318 -0.01532559
v 0.00034353 -0.05127318 -0.01531136
v 0.00034353 -0.04777318 -0.01531136
v 0.00214103 -0.04777318 -0.02523877
v 0.00214103 -0.05127318 -0.02523877
v 0.00229682 -0.05127318 -0.02516526
v 0.00229682 -0.04777318 -0.02516526
v 0.00238610 -0.04777318 -0.02512023
v 0.00238610 -0.05127318 -0.02512023
v 0.00253783 -0.05127318 -0.02503866
v 0.00253783 -0.04777318 -0.02503866
v 0.00262464 -0.04777318 -0.02498902
v 0.00262464 -0.05127318 -0.02498902
v 0.00277189 -0.05127318 -0.02489962
v 0.00277189 -0.04777318 -0.02489962
v 0.00285598 -0.04777318 -0.02484550
v 0.00285598 -0.05127318 -0.02484550
v 0.00299835 -0.05127318 -0.02474852
v 0.00299835 -0.04777318 -0.02474852
v 0.00307949 -0.04777318 -0.02469008
v 0.00307949 -0.05127318 -0.02469008
v 0.00321659 -0.05127318 -0.02458578
v 0.00321659 -0.04777318 -0.02458578
v 0.00329456 -0.04777318 -0.02452317
v 0.00329456 -0.05127318 -0.02452317
v 0.00342601 -0.05127318 -0.02441183
v 0.00342601 -0.04777318 -0.02441183
v 0.00350060 -0.04777318 -0.02434523
v 0.00350060 -0.05127318 -0.02434523
v 0.00362605 -0.05127318 -0.02422717
v 0.00362605 -0.04777318 -0.02422717
v 0.00369705 -0.04777318 -0.02415675
v 0.00369705 -0.05127318 -0.02415675
v 0.00381614 -0.05127318 -0.02403229
v 0.00381614 -0.04777318 -0.02403229
v 0.00388336 -0.04777318 -0.02395825
v 0.00388336 -0.05127318 -0.02395825
v 0.00399578 -0.05127318 -0.02382773
v 0.00399578 -0.04777318 -0.02382773
v 0.00405903 -0.04777318 -0.02375027
v 0.00405903 -0.05127318 -0.02375027
v 0.00416446 -0.05127318 -0.02361404
v 0.00416446 -0.04777318 -0.02361404
v 0.00422357 -0.04777318 -0.02353339
v 0.00422357 -0.05127318 -0.02353339
v 0.00432173 -0.05127318 -0.02339182
v 0.00432173 -0.04777318 -0.02339182
v 0.00437654 -0.04777318 -0.02330818
v 0.00437654 -0.05127318 -0.02330818
v 0.00446715 -0.05127318 -0.02316168
v 0.00446715 -0.04777318 -0.02316168
v 0.00451751 -0.04777318 -0.02307528
v 0.00451751 -0.05127318 -0.02307528
v 0.00460033 -0.05127318 -0.02292424
v 0.00460033 -0.04777318 -0.02292424
v 0.00518864 -0.05127318 -0.02084353
v 0.00518864 -0.04777318 -0.02084353
v 0.00517441 -0.04777318 -0.02101520
v 0.00517441 -0.05127318 -0.02101520
v 0.03481422 0.01840000 -0.01400000
v 0.03504198 0.01925000 -0.01400000
v 0.03481422 0.02010000 -0.01400000
v 0.03429962 0.02065461 -0.01400000
v 0.03359535 0.02093101 -0.01400000
v 0.03334198 0.01755000 -0.01400000
v 0.03284089 0.02087447 -0.01400000
v 0.03218568 0.02049619 -0.01400000
v 0.03419198 0.01777776 -0.01400000
v 0.03186974 0.01840000 -0.01400000
v 0.03249198 0.01777776 -0.01400000
v 0.03164673 0.01912296 -0.01400000
v 0.03175949 0.01987108 -0.01400000
v 0.03186974 0.01840000 -0.01200000
v 0.03164673 0.01912296 -0.01200000
v 0.03175949 0.01987108 -0.01200000
v 0.03218568 0.02049619 -0.01200000
v 0.03284089 0.02087447 -0.01200000
v 0.03359535 0.02093101 -0.01200000
v 0.03429962 0.02065461 -0.01200000
v 0.03481422 0.02010000 -0.01200000
v 0.03504198 0.01925000 -0.01200000
v 0.03481422 0.01840000 -0.01200000
v 0.03419198 0.01777776 -0.01200000
v 0.03334198 0.01755000 -0.01200000
v 0.03249198 0.01777776 -0.01200000
v 0.03145262 0.01691969 -0.01200000
v 0.03266654 0.01632702 -0.01200000
v 0.03401741 0.01632702 -0.01200000
v 0.03523133 0.01691969 -0.01200000
v 0.03606217 0.01798486 -0.01200000
v 0.03634198 0.01925000 -0.01200000
v 0.03606556 0.02050781 -0.01200000
v 0.03524386 0.02157010 -0.01200000
v 0.03404101 0.02216742 -0.01200000
v 0.03269807 0.02218008 -0.01200000
v 0.03148417 0.02160553 -0.01200000
v 0.03064259 0.02055893 -0.01200000
v 0.03034198 0.01925000 -0.01200000
v 0.03062179 0.01798486 -0.01200000
v 0.03034198 0.01925000 -0.00630000
v 0.03634198 0.01925000 -0.00630000
v 0.03611362 0.01810195 -0.00630000
v 0.03546330 0.01712868 -0.00630000
v 0.03449003 0.01647836 -0.00630000
v 0.03523133 0.01691969 -0.00630000
v 0.03334198 0.01625000 -0.00630000
v 0.03401741 0.01632702 -0.00630000
v 0.03218740 0.01648107 -0.00630000
v 0.03266654 0.01632702 -0.00630000
v 0.03056229 0.01812157 -0.00630000
v 0.03121069 0.01713870 -0.00630000
v 0.03145262 0.01691969 -0.00630000
v 0.03074390 0.02075000 -0.00630000
v 0.03184198 0.02184808 -0.00630000
v 0.03148417 0.02160553 -0.00630000
v 0.03334198 0.02225000 -0.00630000
v 0.03269807 0.02218008 -0.00630000
v 0.03594005 0.02075000 -0.00630000
v 0.03524386 0.02157010 -0.00630000
v 0.03484198 0.02184808 -0.00630000
v 0.03404101 0.02216742 -0.00630000
v 0.03004198 0.01925000 -0.00600000
v 0.03048409 0.02090000 -0.00600000
v 0.03169198 0.02210788 -0.00600000
v 0.03334198 0.02255000 -0.00600000
v 0.03499198 0.02210788 -0.00600000
v 0.03664198 0.01925000 -0.00600000
v 0.03619986 0.02090000 -0.00600000
v 0.03207194 0.01620418 -0.00600000
v 0.03334198 0.01595000 -0.00600000
v 0.03099755 0.01692757 -0.00600000
v 0.03028433 0.01800873 -0.00600000
v 0.03639078 0.01798715 -0.00600000
v 0.03567543 0.01691655 -0.00600000
v 0.03460483 0.01620120 -0.00600000
v 0.02444858 0.03742134 -0.00600000
v 0.02676755 0.02642234 -0.00600000
v 0.03027449 0.03288686 -0.00600000
v -0.03527458 0.02745531 -0.00600000
v -0.02598694 0.02514260 -0.00600000
v -0.03027449 0.03288686 -0.00600000
v -0.04407589 0.00744350 -0.00600000
v -0.03639255 0.00949865 -0.00600000
v -0.04227803 0.01451407 -0.00600000
v -0.02444858 -0.03742134 -0.00600000
v -0.02676755 -0.02642234 -0.00600000
v -0.03027449 -0.03288686 -0.00600000
v 0.03527458 -0.02745531 -0.00600000
v 0.02598694 -0.02514260 -0.00600000
v 0.03027449 -0.03288686 -0.00600000
v 0.04407589 -0.00744350 -0.00600000
v 0.03639255 -0.00949865 -0.00600000
v 0.04227803 -0.01451407 -0.00600000
v -0.00369130 0.04454733 -0.00600000
v -0.01097320 0.04333219 -0.00600000
v -0.00614535 0.03089474 -0.00600000
v 0.02227386 0.02227386 -0.00600000
v 0.02619129 0.01750046 -0.00600000
v 0.02910221 0.01205453 -0.00600000
v 0.03158005 0.00846185 -0.00600000
v 0.03089474 0.00614535 -0.00600000
v 0.03150000 0.00000000 -0.00600000
v 0.03089474 -0.00614535 -0.00600000
v 0.01628067 0.03478179 -0.00600000
v 0.01720641 0.03593307 -0.00600000
v 0.01795579 0.04093507 -0.00600000
v 0.01854170 0.03656507 -0.00600000
v 0.02001893 0.03655114 -0.00600000
v 0.02134207 0.03589408 -0.00600000
v 0.02224594 0.03472557 -0.00600000
v 0.02255000 0.03334198 -0.00600000
v 0.02230765 0.03210070 -0.00600000
v 0.02159442 0.03101955 -0.00600000
v 0.02052004 0.03029616 -0.00600000
v 0.01925000 0.03004198 -0.00600000
v 0.01750046 0.02619129 -0.00600000
v 0.01797996 0.03029616 -0.00600000
v 0.01205453 0.02910220 -0.00600000
v 0.01690558 0.03101955 -0.00600000
v 0.00993405 0.03476760 -0.00600000
v 0.01595000 0.03334198 -0.00600000
v 0.01619235 0.03210070 -0.00600000
v -0.00000000 0.03150000 -0.00600000
v 0.00614535 0.03089474 -0.00600000
v 0.01097320 0.04333219 -0.00600000
v 0.00369130 0.04454733 -0.00600000
v -0.02227386 0.02227386 -0.00600000
v -0.01750046 0.02619129 -0.00600000
v -0.01925000 0.03004198 -0.00600000
v -0.02090000 0.03048409 -0.00600000
v -0.02210788 0.03169198 -0.00600000
v -0.02255000 0.03334198 -0.00600000
v -0.02444858 0.03742134 -0.00600000
v -0.02221933 0.03478179 -0.00600000
v -0.02129359 0.03593307 -0.00600000
v -0.01795579 0.04093507 -0.00600000
v -0.01995831 0.03656507 -0.00600000
v -0.01848107 0.03655114 -0.00600000
v -0.01205453 0.02910220 -0.00600000
v -0.01690558 0.03101955 -0.00600000
v -0.01797996 0.03029616 -0.00600000
v -0.01715793 0.03589409 -0.00600000
v -0.01625406 0.03472557 -0.00600000
v -0.01595000 0.03334198 -0.00600000
v -0.01619235 0.03210070 -0.00600000
v -0.03538557 0.02184109 -0.00600000
v -0.03631131 0.02068982 -0.00600000
v -0.03931248 0.02127485 -0.00600000
v -0.03405028 0.02247309 -0.00600000
v -0.03257305 0.02245917 -0.00600000
v -0.03124991 0.02180211 -0.00600000
v -0.02910220 0.01205453 -0.00600000
v -0.03207194 0.01620418 -0.00600000
v -0.03089474 0.00614535 -0.00600000
v -0.03334198 0.01595000 -0.00600000
v -0.03461201 0.01620418 -0.00600000
v -0.03034604 0.02063359 -0.00600000
v -0.03004198 0.01925000 -0.00600000
v -0.02619129 0.01750046 -0.00600000
v -0.03028432 0.01800873 -0.00600000
v -0.03099755 0.01692757 -0.00600000
v -0.03568640 0.01692757 -0.00600000
v -0.03639963 0.01800873 -0.00600000
v -0.03664198 0.01925000 -0.00600000
v -0.02227386 -0.02227386 -0.00600000
v -0.02619129 -0.01750046 -0.00600000
v -0.02910220 -0.01205453 -0.00600000
v -0.03158005 -0.00846185 -0.00600000
v -0.03089474 -0.00614535 -0.00600000
v -0.03150000 -0.00000000 -0.00600000
v -0.01205453 -0.02910220 -0.00600000
v -0.01717171 -0.03077864 -0.00600000
v -0.01625779 -0.03195032 -0.00600000
v -0.00614535 -0.03089474 -0.00600000
v -0.01850702 -0.03012671 -0.00600000
v -0.01750046 -0.02619129 -0.00600000
v -0.01999298 -0.03012671 -0.00600000
v -0.02132829 -0.03077864 -0.00600000
v -0.02224221 -0.03195032 -0.00600000
v -0.01797996 -0.03638780 -0.00600000
v -0.01795579 -0.04093507 -0.00600000
v -0.01690558 -0.03566441 -0.00600000
v -0.00993405 -0.03476760 -0.00600000
v -0.01619235 -0.03458325 -0.00600000
v -0.01595000 -0.03334198 -0.00600000
v -0.01925000 -0.03664198 -0.00600000
v -0.02052004 -0.03638780 -0.00600000
v -0.02159442 -0.03566441 -0.00600000
v -0.02230765 -0.03458325 -0.00600000
v -0.02255000 -0.03334198 -0.00600000
v 0.00000000 -0.03150000 -0.00600000
v 0.00614535 -0.03089474 -0.00600000
v -0.01097320 -0.04333219 -0.00600000
v -0.00369130 -0.04454733 -0.00600000
v 0.00369130 -0.04454733 -0.00600000
v 0.01097320 -0.04333219 -0.00600000
v 0.01750046 -0.02619129 -0.00600000
v 0.01205453 -0.02910220 -0.00600000
v 0.01720641 -0.03075089 -0.00600000
v 0.01854170 -0.03011889 -0.00600000
v 0.02001893 -0.03013281 -0.00600000
v 0.02134207 -0.03078987 -0.00600000
v 0.02052004 -0.03638780 -0.00600000
v 0.01795579 -0.04093507 -0.00600000
v 0.02159442 -0.03566441 -0.00600000
v 0.02444858 -0.03742134 -0.00600000
v 0.01925000 -0.03664198 -0.00600000
v 0.01797996 -0.03638780 -0.00600000
v 0.02224594 -0.03195839 -0.00600000
v 0.02255000 -0.03334198 -0.00600000
v 0.02230765 -0.03458325 -0.00600000
v 0.01690558 -0.03566441 -0.00600000
v 0.01619235 -0.03458325 -0.00600000
v 0.01595000 -0.03334198 -0.00600000
v 0.01628067 -0.03190216 -0.00600000
v 0.03542027 -0.01668666 -0.00600000
v 0.03633418 -0.01785834 -0.00600000
v 0.03931248 -0.02127485 -0.00600000
v 0.02227386 -0.02227386 -0.00600000
v 0.03099756 -0.02157243 -0.00600000
v 0.03568640 -0.02157243 -0.00600000
v 0.03639963 -0.02049127 -0.00600000
v 0.03664198 -0.01925000 -0.00600000
v 0.03461201 -0.02229582 -0.00600000
v 0.03334198 -0.02255000 -0.00600000
v 0.03207194 -0.02229582 -0.00600000
v 0.03028432 -0.02049127 -0.00600000
v 0.03004198 -0.01925000 -0.00600000
v 0.02619129 -0.01750046 -0.00600000
v 0.03034977 -0.01785834 -0.00600000
v 0.02910220 -0.01205453 -0.00600000
v 0.03126369 -0.01668666 -0.00600000
v 0.03259900 -0.01603473 -0.00600000
v 0.03408496 -0.01603473 -0.00600000
v 0.03550779 0.00139166 -0.00600000
v 0.03642171 0.00256334 -0.00600000
v 0.03775702 0.00321527 -0.00600000
v 0.04317741 0.01156724 -0.00600000
v 0.03924298 0.00321527 -0.00600000
v 0.04409035 0.00735738 -0.00600000
v 0.04057829 0.00256334 -0.00600000
v 0.04149221 0.00139166 -0.00600000
v 0.04470000 0.00000000 -0.00600000
v 0.04180000 -0.00000000 -0.00600000
v 0.04155765 -0.00124127 -0.00600000
v 0.04409035 -0.00735738 -0.00600000
v 0.04084442 -0.00232243 -0.00600000
v 0.03977003 -0.00304582 -0.00600000
v 0.03850000 -0.00330000 -0.00600000
v 0.03722997 -0.00304582 -0.00600000
v 0.03615558 -0.00232243 -0.00600000
v 0.03544235 -0.00124127 -0.00600000
v 0.03520000 0.00000000 -0.00600000
v -0.04114271 -0.01102416 -0.00600000
v -0.03542027 -0.01668666 -0.00600000
v -0.03408496 -0.01603473 -0.00600000
v -0.03259900 -0.01603473 -0.00600000
v -0.03931247 -0.02127485 -0.00600000
v -0.03664198 -0.01925000 -0.00600000
v -0.03633418 -0.01785834 -0.00600000
v -0.03527458 -0.02745531 -0.00600000
v -0.03334198 -0.02255000 -0.00600000
v -0.03004198 -0.01925000 -0.00600000
v -0.03034977 -0.01785834 -0.00600000
v -0.03126369 -0.01668666 -0.00600000
v -0.03028432 -0.02049127 -0.00600000
v -0.03099756 -0.02157243 -0.00600000
v -0.03207194 -0.02229582 -0.00600000
v -0.03461201 -0.02229582 -0.00600000
v -0.03568640 -0.02157243 -0.00600000
v -0.03639963 -0.02049127 -0.00600000
v -0.04470000 -0.00000000 -0.00600000
v -0.04409035 -0.00735738 -0.00600000
v -0.04227803 -0.01451407 -0.00600000
v -0.04409035 0.00735738 -0.00600000
v -0.04180000 0.00000000 -0.00600000
v -0.04149221 0.00139166 -0.00600000
v -0.04057829 0.00256334 -0.00600000
v -0.03924298 0.00321527 -0.00600000
v -0.03775702 0.00321527 -0.00600000
v -0.03850000 -0.00330000 -0.00600000
v -0.03722997 -0.00304582 -0.00600000
v -0.03615558 -0.00232243 -0.00600000
v -0.03544234 -0.00124127 -0.00600000
v -0.03642171 0.00256334 -0.00600000
v -0.03550779 0.00139166 -0.00600000
v -0.03520000 -0.00000000 -0.00600000
v -0.03977003 -0.00304582 -0.00600000
v -0.04084443 -0.00232243 -0.00600000
v -0.04155765 -0.00124127 -0.00600000
v 0.03931247 0.02127485 -0.00600000
v 0.03527458 0.02745531 -0.00600000
v 0.04227803 0.01451407 -0.00600000
v -0.04500000 0.00000000 -0.00630000
v -0.04438626 -0.00740676 -0.00630000
v -0.04256177 -0.01461148 -0.00630000
v -0.03957632 -0.02141763 -0.00630000
v -0.03551132 -0.02763957 -0.00630000
v -0.03047767 -0.03310758 -0.00630000
v -0.02461267 -0.03767249 -0.00630000
v -0.01807629 -0.04120980 -0.00630000
v -0.01104685 -0.04362301 -0.00630000
v -0.00371607 -0.04484630 -0.00630000
v 0.00371607 -0.04484630 -0.00630000
v 0.01104685 -0.04362301 -0.00630000
v 0.01807629 -0.04120980 -0.00630000
v 0.02461267 -0.03767249 -0.00630000
v 0.03047767 -0.03310758 -0.00630000
v 0.03551132 -0.02763957 -0.00630000
v 0.03957632 -0.02141763 -0.00630000
v 0.04256177 -0.01461148 -0.00630000
v 0.04438626 -0.00740676 -0.00630000
v 0.04500000 -0.00000000 -0.00630000
v -0.01104685 -0.04362301 -0.02650000
v -0.01326650 -0.04300000 -0.02650000
v -0.01807629 -0.04120980 -0.03060000
v -0.01326650 -0.04300000 -0.01450000
v -0.01104685 -0.04362301 -0.03060000
v -0.00371607 -0.04484630 -0.03060000
v -0.00371607 -0.04484630 -0.02650000
v 0.00371607 -0.04484630 -0.03060000
v 0.00371607 -0.04484630 -0.02650000
v 0.01104685 -0.04362301 -0.03060000
v 0.01104685 -0.04362301 -0.02650000
v 0.01104685 -0.04362301 -0.01450000
v 0.01326650 -0.04300000 -0.01450000
v 0.01326650 -0.04300000 -0.02650000
v 0.01807629 -0.04120980 -0.03060000
v 0.00371607 -0.04484630 -0.01450000
v -0.00371607 -0.04484630 -0.01450000
v -0.01104685 -0.04362301 -0.01450000
v -0.02461267 -0.03767249 -0.03060000
v -0.03047767 -0.03310758 -0.03060000
v -0.03551132 -0.02763957 -0.03060000
v -0.03957632 -0.02141763 -0.03060000
v -0.04256177 -0.01461148 -0.03060000
v -0.04438626 -0.00740676 -0.03060000
v -0.04500000 0.00000000 -0.03060000
v 0.02461267 -0.03767249 -0.03060000
v 0.03047767 -0.03310758 -0.03060000
v 0.03551132 -0.02763957 -0.03060000
v 0.03957632 -0.02141763 -0.03060000
v 0.04256177 -0.01461148 -0.03060000
v 0.04438626 -0.00740676 -0.03060000
v 0.04500000 -0.00000000 -0.03060000
v 0.04470000 0.00000000 -0.03090000
v 0.04409035 -0.00735738 -0.03090000
v 0.04227803 -0.01451407 -0.03090000
v 0.03931248 -0.02127485 -0.03090000
v 0.03527458 -0.02745531 -0.03090000
v 0.03027449 -0.03288686 -0.03090000
v 0.02444858 -0.03742134 -0.03090000
v 0.01795579 -0.04093507 -0.03090000
v 0.01097320 -0.04333219 -0.03090000
v 0.00369130 -0.04454733 -0.03090000
v -0.00369130 -0.04454733 -0.03090000
v -0.01097320 -0.04333219 -0.03090000
v -0.01795579 -0.04093507 -0.03090000
v -0.02444858 -0.03742134 -0.03090000
v -0.03027449 -0.03288686 -0.03090000
v -0.03527458 -0.02745531 -0.03090000
v -0.03931247 -0.02127485 -0.03090000
v -0.04227803 -0.01451407 -0.03090000
v -0.04409035 -0.00735738 -0.03090000
v -0.04470000 -0.00000000 -0.03090000
v -0.01313322 -0.04041990 -0.03090000
v -0.00664847 -0.04197676 -0.03090000
v 0.00000000 -0.04250000 -0.03090000
v 0.00664846 -0.04197675 -0.03090000
v 0.01313322 -0.04041990 -0.03090000
v 0.01929460 -0.03786778 -0.03090000
v 0.02498087 -0.03438322 -0.03090000
v 0.03005204 -0.03005204 -0.03090000
v 0.03438322 -0.02498087 -0.03090000
v 0.03786778 -0.01929460 -0.03090000
v 0.04041990 -0.01313322 -0.03090000
v 0.04197676 -0.00664847 -0.03090000
v 0.04250000 -0.00000000 -0.03090000
v 0.04409035 0.00735738 -0.03090000
v 0.04192036 0.00699527 -0.03090000
v 0.04227803 0.01451407 -0.03090000
v 0.04019723 0.01379973 -0.03090000
v 0.03931247 0.02127485 -0.03090000
v 0.03737763 0.02022776 -0.03090000
v 0.03527458 0.02745531 -0.03090000
v 0.03353847 0.02610404 -0.03090000
v 0.03027449 0.03288686 -0.03090000
v 0.02878447 0.03126827 -0.03090000
v 0.02444858 0.03742134 -0.03090000
v 0.02324530 0.03557957 -0.03090000
v 0.01795579 0.04093507 -0.03090000
v 0.01707206 0.03892037 -0.03090000
v 0.01097320 0.04333219 -0.03090000
v 0.01043313 0.04119951 -0.03090000
v 0.00369130 0.04454733 -0.03090000
v 0.00350962 0.04235484 -0.03090000
v -0.00369130 0.04454733 -0.03090000
v -0.00350962 0.04235484 -0.03090000
v -0.01097320 0.04333219 -0.03090000
v -0.01043313 0.04119951 -0.03090000
v -0.01795579 0.04093507 -0.03090000
v -0.01707206 0.03892037 -0.03090000
v -0.02444858 0.03742134 -0.03090000
v -0.02324530 0.03557957 -0.03090000
v -0.03027449 0.03288686 -0.03090000
v -0.02878447 0.03126827 -0.03090000
v -0.03527458 0.02745531 -0.03090000
v -0.03353847 0.02610404 -0.03090000
v -0.03931248 0.02127485 -0.03090000
v -0.03737763 0.02022777 -0.03090000
v -0.04227803 0.01451407 -0.03090000
v -0.04019723 0.01379973 -0.03090000
v -0.04409035 0.00735738 -0.03090000
v -0.04192035 0.00699527 -0.03090000
v -0.04250000 0.00000000 -0.03090000
v -0.04197675 -0.00664846 -0.03090000
v -0.04041990 -0.01313322 -0.03090000
v -0.03786778 -0.01929460 -0.03090000
v -0.03438322 -0.02498087 -0.03090000
v -0.03005204 -0.03005204 -0.03090000
v -0.02498087 -0.03438322 -0.03090000
v -0.01929460 -0.03786778 -0.03090000
v -0.04438626 0.00740676 -0.03060000
v -0.04256177 0.01461148 -0.03060000
v -0.03957632 0.02141763 -0.03060000
v -0.03551132 0.02763957 -0.03060000
v -0.03047767 0.03310758 -0.03060000
v -0.02461267 0.03767249 -0.03060000
v -0.01807629 0.04120980 -0.03060000
v -0.01104685 0.04362301 -0.03060000
v -0.00371607 0.04484630 -0.03060000
v 0.00371607 0.04484630 -0.03060000
v 0.01104685 0.04362301 -0.03060000
v 0.01807629 0.04120980 -0.03060000
v 0.02461267 0.03767249 -0.03060000
v 0.03047767 0.03310758 -0.03060000
v 0.03551132 0.02763957 -0.03060000
v 0.03957632 0.02141763 -0.03060000
v 0.04256178 0.01461148 -0.03060000
v 0.04438626 0.00740676 -0.03060000
v 0.04438626 0.00740676 -0.00630000
v 0.04256178 0.01461148 -0.00630000
v 0.03957632 0.02141763 -0.00630000
v 0.03551132 0.02763957 -0.00630000
v 0.03047767 0.03310758 -0.00630000
v 0.02461267 0.03767249 -0.00630000
v 0.01807629 0.04120980 -0.00630000
v 0.01104685 0.04362301 -0.00630000
v 0.00371607 0.04484630 -0.00630000
v -0.00371607 0.04484630 -0.00630000
v -0.01104685 0.04362301 -0.00630000
v -0.01807629 0.04120980 -0.00630000
v -0.02461267 0.03767249 -0.00630000
v -0.03047767 0.03310758 -0.00630000
v -0.03551132 0.02763957 -0.00630000
v -0.03957632 0.02141763 -0.00630000
v -0.04256177 0.01461148 -0.00630000
v -0.04438626 0.00740676 -0.00630000
v -0.04200000 0.00000000 -0.03040000
v -0.04142718 0.00691297 -0.03040000
v -0.03972432 0.01363738 -0.03040000
v -0.03693790 0.01998979 -0.03040000
v -0.03314390 0.02579693 -0.03040000
v -0.02844583 0.03090040 -0.03040000
v -0.02297182 0.03516099 -0.03040000
v -0.01687121 0.03846248 -0.03040000
v -0.01031039 0.04071481 -0.03040000
v -0.00346833 0.04185655 -0.03040000
v 0.00346833 0.04185655 -0.03040000
v 0.01031039 0.04071481 -0.03040000
v 0.01687121 0.03846248 -0.03040000
v 0.02297182 0.03516099 -0.03040000
v 0.02844582 0.03090040 -0.03040000
v 0.03314390 0.02579693 -0.03040000
v 0.03693790 0.01998979 -0.03040000
v 0.03972432 0.01363738 -0.03040000
v 0.04142718 0.00691297 -0.03040000
v 0.04200000 -0.00000000 -0.03040000
v 0.00346833 -0.04185655 -0.03040000
v 0.00000000 -0.04200000 -0.03040000
v 0.01687121 -0.03846248 -0.03040000
v 0.00657025 -0.04148291 -0.03040000
v 0.01031039 -0.04071481 -0.03040000
v 0.01297871 -0.03994437 -0.03040000
v 0.01906760 -0.03742227 -0.03040000
v 0.02297182 -0.03516099 -0.03040000
v 0.02468698 -0.03397872 -0.03040000
v 0.02844583 -0.03090040 -0.03040000
v 0.02969849 -0.02969849 -0.03040000
v 0.03314390 -0.02579693 -0.03040000
v 0.03397871 -0.02468698 -0.03040000
v 0.03693790 -0.01998979 -0.03040000
v 0.03742227 -0.01906760 -0.03040000
v 0.03972432 -0.01363738 -0.03040000
v 0.03994437 -0.01297871 -0.03040000
v 0.04148291 -0.00657025 -0.03040000
v 0.04142718 -0.00691297 -0.03040000
v -0.04148291 -0.00657025 -0.03040000
v -0.04142717 -0.00691297 -0.03040000
v -0.03994437 -0.01297871 -0.03040000
v -0.03972432 -0.01363738 -0.03040000
v -0.03742227 -0.01906760 -0.03040000
v -0.03693790 -0.01998979 -0.03040000
v -0.03397872 -0.02468698 -0.03040000
v -0.03314390 -0.02579693 -0.03040000
v -0.02969849 -0.02969849 -0.03040000
v -0.02844582 -0.03090040 -0.03040000
v -0.02468698 -0.03397871 -0.03040000
v -0.02297182 -0.03516099 -0.03040000
v -0.01906760 -0.03742227 -0.03040000
v -0.01687121 -0.03846248 -0.03040000
v -0.01297871 -0.03994437 -0.03040000
v -0.01031039 -0.04071481 -0.03040000
v -0.00346833 -0.04185655 -0.03040000
v -0.00657025 -0.04148291 -0.03040000
v 0.04200000 -0.00000000 -0.02670000
v 0.04169377 -0.00506254 -0.02670000
v 0.04142718 -0.00691297 -0.02670000
v 0.04077955 -0.01005126 -0.02670000
v 0.03972432 -0.01363738 -0.02670000
v 0.02785115 -0.03143745 -0.02670000
v 0.02844583 -0.03090040 -0.02670000
v 0.03143745 -0.02785115 -0.02670000
v 0.03314390 -0.02579693 -0.02670000
v 0.03456532 -0.02385872 -0.02670000
v 0.03693790 -0.01998979 -0.02670000
v 0.03718915 -0.01951837 -0.02670000
v 0.03927068 -0.01489341 -0.02670000
v 0.01005126 -0.04077956 -0.02670000
v 0.01031039 -0.04071481 -0.02670000
v 0.01489341 -0.03927068 -0.02670000
v 0.01687121 -0.03846248 -0.02670000
v 0.01951837 -0.03718915 -0.02670000
v 0.02297182 -0.03516099 -0.02670000
v 0.02385872 -0.03456532 -0.02670000
v -0.01005126 -0.04077955 -0.02670000
v -0.00506254 -0.04169377 -0.02670000
v -0.00346833 -0.04185655 -0.02670000
v 0.00000000 -0.04200000 -0.02670000
v 0.00346833 -0.04185655 -0.02670000
v 0.00506254 -0.04169377 -0.02670000
v -0.02785115 -0.03143745 -0.02670000
v -0.02385872 -0.03456532 -0.02670000
v -0.02297182 -0.03516099 -0.02670000
v -0.01951837 -0.03718915 -0.02670000
v -0.01687121 -0.03846248 -0.02670000
v -0.01489341 -0.03927068 -0.02670000
v -0.01031039 -0.04071481 -0.02670000
v -0.03927068 -0.01489341 -0.02670000
v -0.03718915 -0.01951837 -0.02670000
v -0.03693790 -0.01998979 -0.02670000
v -0.03456532 -0.02385872 -0.02670000
v -0.03314390 -0.02579693 -0.02670000
v -0.03143745 -0.02785115 -0.02670000
v -0.02844582 -0.03090040 -0.02670000
v -0.04200000 0.00000000 -0.02670000
v -0.04169377 -0.00506254 -0.02670000
v -0.04142717 -0.00691297 -0.02670000
v -0.04077956 -0.01005126 -0.02670000
v -0.03972432 -0.01363738 -0.02670000
v 0.02385872 0.03456532 -0.02670000
v 0.02297182 0.03516099 -0.02670000
v -0.04169377 0.00506254 -0.02670000
v -0.04142718 0.00691297 -0.02670000
v -0.03972432 0.01363738 -0.02670000
v -0.04077955 0.01005126 -0.02670000
v -0.03718915 0.01951837 -0.02670000
v -0.03927068 0.01489341 -0.02670000
v -0.03143745 0.02785115 -0.02670000
v -0.03314390 0.02579693 -0.02670000
v -0.03456532 0.02385872 -0.02670000
v -0.03693790 0.01998979 -0.02670000
v -0.02844583 0.03090040 -0.02670000
v -0.02785115 0.03143745 -0.02670000
v -0.02385872 0.03456532 -0.02670000
v -0.01951837 0.03718915 -0.02670000
v -0.02297182 0.03516099 -0.02670000
v -0.01489341 0.03927068 -0.02670000
v -0.01687121 0.03846248 -0.02670000
v 0.00000000 0.04200000 -0.02670000
v -0.00346833 0.04185655 -0.02670000
v -0.00506254 0.04169377 -0.02670000
v -0.01005126 0.04077956 -0.02670000
v 0.00346833 0.04185655 -0.02670000
v 0.00506254 0.04169377 -0.02670000
v 0.01005126 0.04077955 -0.02670000
v 0.01489341 0.03927068 -0.02670000
v 0.01687121 0.03846248 -0.02670000
v 0.01951837 0.03718915 -0.02670000
v 0.02785115 0.03143745 -0.02670000
v 0.02844582 0.03090040 -0.02670000
v 0.03143745 0.02785115 -0.02670000
v 0.03314390 0.02579693 -0.02670000
v 0.03972432 0.01363738 -0.02670000
v 0.03927068 0.01489341 -0.02670000
v 0.03718915 0.01951837 -0.02670000
v 0.03693790 0.01998979 -0.02670000
v 0.03456532 0.02385872 -0.02670000
v 0.04077956 0.01005126 -0.02670000
v 0.04142718 0.00691297 -0.02670000
v 0.04169377 0.00506254 -0.02670000
v 0.03455279 0.02385007 -0.02662346
v -0.03707983 0.01946100 -0.02651522
v -0.03915524 0.01484962 -0.02651522
v -0.03921591 0.01487263 -0.02655858
v -0.02378858 0.03446371 -0.02651522
v -0.02776928 0.03134504 -0.02651522
v -0.02781231 0.03139361 -0.02655858
v -0.04149523 0.00503843 -0.02650000
v -0.04180000 0.00000000 -0.02650000
v -0.04187654 0.00000000 -0.02651522
v -0.04058537 0.01000339 -0.02650000
v -0.04157121 0.00504766 -0.02651522
v 0.04180000 -0.00000000 -0.02650000
v 0.04149523 0.00503843 -0.02650000
v 0.04157121 0.00504766 -0.02651522
v -0.02771853 0.03128775 -0.02650000
v -0.02374511 0.03440073 -0.02650000
v -0.01942543 0.03701206 -0.02650000
v -0.03908368 0.01482248 -0.02650000
v -0.03701206 0.01942543 -0.02650000
v -0.03440073 0.02374511 -0.02650000
v -0.03142606 0.02784106 -0.02662346
v -0.03139361 0.02781231 -0.02655858
v -0.03134504 0.02776928 -0.02651522
v -0.03128775 0.02771853 -0.02650000
v -0.04076478 0.01004762 -0.02662346
v -0.04072268 0.01003724 -0.02655858
v -0.04065968 0.01002171 -0.02651522
v 0.03925645 0.01488801 -0.02662346
v 0.04076478 0.01004761 -0.02662346
v 0.04072268 0.01003724 -0.02655858
v 0.03717567 0.01951130 -0.02662346
v 0.03921591 0.01487263 -0.02655858
v 0.04065968 0.01002171 -0.02651522
v 0.03908368 0.01482248 -0.02650000
v 0.03701206 0.01942543 -0.02650000
v 0.03707983 0.01946100 -0.02651522
v 0.03446371 0.02378858 -0.02651522
v 0.03451711 0.02382544 -0.02655858
v 0.03139361 0.02781231 -0.02655858
v 0.03142605 0.02784106 -0.02662346
v 0.02784106 0.03142606 -0.02662346
v 0.03440073 0.02374511 -0.02650000
v 0.03134504 0.02776928 -0.02651522
v 0.02781231 0.03139361 -0.02655858
v 0.02385007 0.03455279 -0.02662346
v 0.03128775 0.02771853 -0.02650000
v 0.02771853 0.03128775 -0.02650000
v 0.02776928 0.03134504 -0.02651522
v 0.02378858 0.03446371 -0.02651522
v 0.02382544 0.03451711 -0.02655858
v 0.01949115 0.03713728 -0.02655858
v 0.01951130 0.03717567 -0.02662346
v 0.01488801 0.03925645 -0.02662346
v 0.02374511 0.03440073 -0.02650000
v 0.01942543 0.03701206 -0.02650000
v 0.01946100 0.03707983 -0.02651522
v 0.01484962 0.03915524 -0.02651522
v 0.01487263 0.03921591 -0.02655858
v 0.01003724 0.04072268 -0.02655858
v 0.01004762 0.04076478 -0.02662346
v 0.00506071 0.04167866 -0.02662346
v 0.01482248 0.03908368 -0.02650000
v 0.01000339 0.04058537 -0.02650000
v 0.01002171 0.04065968 -0.02651522
v 0.00504766 0.04157121 -0.02651522
v 0.00505548 0.04163562 -0.02655858
v 0.00000000 0.04194142 -0.02655858
v -0.00000000 0.04198478 -0.02662346
v -0.00506071 0.04167866 -0.02662346
v 0.00503843 0.04149523 -0.02650000
v 0.00000000 0.04180000 -0.02650000
v 0.00000000 0.04187654 -0.02651522
v -0.00504766 0.04157121 -0.02651522
v -0.00505548 0.04163562 -0.02655858
v -0.01003724 0.04072268 -0.02655858
v -0.01004761 0.04076478 -0.02662346
v -0.01488801 0.03925645 -0.02662346
v -0.00503843 0.04149523 -0.02650000
v -0.01000339 0.04058537 -0.02650000
v -0.01002171 0.04065968 -0.02651522
v -0.01484962 0.03915524 -0.02651522
v -0.01487263 0.03921591 -0.02655858
v -0.01949115 0.03713728 -0.02655858
v -0.01951130 0.03717567 -0.02662346
v -0.02385007 0.03455279 -0.02662346
v -0.01482248 0.03908368 -0.02650000
v -0.01946100 0.03707983 -0.02651522
v -0.02382544 0.03451711 -0.02655858
v -0.02784106 0.03142605 -0.02662346
v -0.03717567 0.01951130 -0.02662346
v -0.03455279 0.02385007 -0.02662346
v -0.03451711 0.02382544 -0.02655858
v -0.03925645 0.01488801 -0.02662346
v -0.03713728 0.01949115 -0.02655858
v -0.03446371 0.02378858 -0.02651522
v 0.04187654 -0.00000000 -0.02651522
v 0.04163562 0.00505548 -0.02655858
v 0.04194142 -0.00000000 -0.02655858
v 0.04167866 0.00506071 -0.02662346
v 0.04198478 0.00000000 -0.02662346
v 0.04058537 0.01000340 -0.02650000
v 0.03915524 0.01484962 -0.02651522
v 0.03713728 0.01949115 -0.02655858
v -0.04167866 0.00506071 -0.02662346
v -0.04163562 0.00505548 -0.02655858
v -0.04194142 0.00000000 -0.02655858
v -0.04198478 -0.00000000 -0.02662346
v 0.01488801 -0.03925645 -0.02662346
v -0.03455279 -0.02385007 -0.02662346
v 0.03707983 -0.01946100 -0.02651522
v 0.03915524 -0.01484962 -0.02651522
v 0.03921591 -0.01487263 -0.02655858
v 0.02378858 -0.03446371 -0.02651522
v 0.02776928 -0.03134504 -0.02651522
v 0.02781231 -0.03139361 -0.02655858
v -0.02776928 -0.03134504 -0.02651522
v -0.02378858 -0.03446371 -0.02651522
v -0.02382544 -0.03451711 -0.02655858
v 0.04149523 -0.00503843 -0.02650000
v 0.04058537 -0.01000339 -0.02650000
v 0.04157121 -0.00504766 -0.02651522
v -0.04149523 -0.00503843 -0.02650000
v -0.04157121 -0.00504766 -0.02651522
v -0.02374511 -0.03440073 -0.02650000
v -0.02771853 -0.03128775 -0.02650000
v -0.03128775 -0.02771853 -0.02650000
v 0.02771853 -0.03128775 -0.02650000
v 0.02374511 -0.03440073 -0.02650000
v 0.01942543 -0.03701206 -0.02650000
v 0.03908368 -0.01482248 -0.02650000
v 0.03701206 -0.01942543 -0.02650000
v 0.03440073 -0.02374511 -0.02650000
v -0.01951130 -0.03717567 -0.02662346
v -0.01949115 -0.03713728 -0.02655858
v -0.01946100 -0.03707983 -0.02651522
v -0.01942543 -0.03701206 -0.02650000
v 0.03142606 -0.02784106 -0.02662346
v 0.03139361 -0.02781231 -0.02655858
v 0.03134504 -0.02776928 -0.02651522
v 0.03128775 -0.02771853 -0.02650000
v 0.04076478 -0.01004762 -0.02662346
v 0.04072268 -0.01003724 -0.02655858
v 0.04065968 -0.01002171 -0.02651522
v -0.03925645 -0.01488801 -0.02662346
v -0.04076478 -0.01004761 -0.02662346
v -0.04072268 -0.01003724 -0.02655858
v -0.03717567 -0.01951130 -0.02662346
v -0.03921591 -0.01487263 -0.02655858
v -0.04065968 -0.01002171 -0.02651522
v -0.03908368 -0.01482248 -0.02650000
v -0.03701206 -0.01942543 -0.02650000
v -0.03707983 -0.01946100 -0.02651522
v -0.03446371 -0.02378858 -0.02651522
v -0.03451711 -0.02382544 -0.02655858
v -0.03139361 -0.02781231 -0.02655858
v -0.03142605 -0.02784106 -0.02662346
v -0.02784106 -0.03142606 -0.02662346
v -0.03440073 -0.02374511 -0.02650000
v -0.03134504 -0.02776928 -0.02651522
v -0.02781231 -0.03139361 -0.02655858
v -0.02385007 -0.03455279 -0.02662346
v -0.01004761 -0.04076478 -0.02662346
v -0.01488801 -0.03925645 -0.02662346
v -0.01487263 -0.03921591 -0.02655858
v -0.00506071 -0.04167866 -0.02662346
v -0.01003724 -0.04072268 -0.02655858
v -0.01484962 -0.03915524 -0.02651522
v -0.01482248 -0.03908368 -0.02650000
v -0.01000339 -0.04058537 -0.02650000
v -0.01002171 -0.04065968 -0.02651522
v -0.00504766 -0.04157121 -0.02651522
v -0.00505548 -0.04163562 -0.02655858
v -0.00000000 -0.04194142 -0.02655858
v 0.00000000 -0.04198478 -0.02662346
v 0.00506071 -0.04167866 -0.02662346
v -0.00503843 -0.04149523 -0.02650000
v -0.00000000 -0.04187654 -0.02651522
v 0.00505548 -0.04163562 -0.02655858
v 0.01004761 -0.04076478 -0.02662346
v 0.00503843 -0.04149523 -0.02650000
v 0.01000340 -0.04058537 -0.02650000
v 0.01002171 -0.04065968 -0.02651522
v 0.01484962 -0.03915524 -0.02651522
v 0.01487263 -0.03921591 -0.02655858
v 0.01949115 -0.03713728 -0.02655858
v 0.01951130 -0.03717567 -0.02662346
v 0.02385007 -0.03455279 -0.02662346
v 0.01482248 -0.03908368 -0.02650000
v 0.01946100 -0.03707983 -0.02651522
v 0.02382544 -0.03451711 -0.02655858
v 0.02784106 -0.03142605 -0.02662346
v 0.03717567 -0.01951130 -0.02662346
v 0.03455279 -0.02385007 -0.02662346
v 0.03451711 -0.02382544 -0.02655858
v 0.03925645 -0.01488801 -0.02662346
v 0.03713728 -0.01949115 -0.02655858
v 0.03446371 -0.02378858 -0.02651522
v -0.04163562 -0.00505548 -0.02655858
v -0.04167866 -0.00506071 -0.02662346
v -0.04058537 -0.01000340 -0.02650000
v -0.03915524 -0.01484962 -0.02651522
v -0.03713728 -0.01949115 -0.02655858
v -0.00000000 -0.04180000 -0.02650000
v 0.00504766 -0.04157121 -0.02651522
v 0.01003724 -0.04072268 -0.02655858
v 0.04167866 -0.00506071 -0.02662346
v 0.04163562 -0.00505548 -0.02655858
v 0.00424747 -0.04300000 -0.02198626
v 0.00303602 -0.04300000 -0.02382154
v 0.00109953 -0.04300000 -0.02486360
v -0.00109953 -0.04300000 -0.02486360
v 0.00109953 -0.04300000 -0.01613640
v -0.00109953 -0.04300000 -0.01613640
v -0.00303602 -0.04300000 -0.01717846
v -0.00424748 -0.04300000 -0.01901374
v 0.00303602 -0.04300000 -0.01717846
v 0.00424747 -0.04300000 -0.01901374
v 0.00450000 -0.04300000 -0.02050000
v -0.00303602 -0.04300000 -0.02382154
v -0.00424748 -0.04300000 -0.02198626
v -0.00450000 -0.04300000 -0.02050000
v 0.00450000 -0.04175823 -0.02050000
v 0.00436052 -0.04177303 -0.01938840
v 0.00394910 -0.04181393 -0.01834252
v 0.00329004 -0.04187094 -0.01742991
v 0.00303602 -0.04189013 -0.01717849
v 0.00109960 -0.04198560 -0.01613639
v 0.00149398 -0.04197342 -0.01625520
v 0.00249872 -0.04192561 -0.01675765
v -0.00111174 -0.04198528 -0.01613943
v 0.00000000 -0.04200000 -0.01600001
v 0.00039743 -0.04199812 -0.01601755
v -0.00215796 -0.04194453 -0.01655111
v -0.00307020 -0.04188763 -0.01721006
v -0.00374251 -0.04183292 -0.01800148
v -0.00424478 -0.04178495 -0.01900596
v -0.00448247 -0.04176012 -0.02010270
v -0.00450000 -0.04175824 -0.02050000
v -0.00436052 -0.04177303 -0.02161160
v -0.00394910 -0.04181393 -0.02265748
v -0.00329004 -0.04187094 -0.02357008
v -0.00303602 -0.04189012 -0.02382151
v -0.00109960 -0.04198560 -0.02486360
v -0.00149398 -0.04197342 -0.02474480
v -0.00249872 -0.04192561 -0.02424235
v 0.00111174 -0.04198528 -0.02486057
v 0.00000000 -0.04200000 -0.02499999
v -0.00039742 -0.04199812 -0.02498246
v 0.00215796 -0.04194453 -0.02444889
v 0.00307020 -0.04188763 -0.02378994
v 0.00374251 -0.04183293 -0.02299852
v 0.00424479 -0.04178495 -0.02199404
v 0.00448247 -0.04176012 -0.02089730
v -0.00225324 -0.04193952 -0.01825001
v 0.00225325 -0.04193952 -0.02275000
v 0.03150000 0.00000000 -0.00050000
v 0.03089474 0.00614535 -0.00050000
v 0.02910221 0.01205453 -0.00050000
v 0.02619129 0.01750046 -0.00050000
v 0.02227386 0.02227386 -0.00050000
v 0.01750046 0.02619129 -0.00050000
v 0.01205453 0.02910220 -0.00050000
v 0.00614535 0.03089474 -0.00050000
v -0.00000000 0.03150000 -0.00050000
v -0.00614535 0.03089474 -0.00050000
v -0.01205453 0.02910220 -0.00050000
v -0.01750046 0.02619129 -0.00050000
v -0.02227386 0.02227386 -0.00050000
v -0.02619129 0.01750046 -0.00050000
v -0.02910220 0.01205453 -0.00050000
v -0.03089474 0.00614535 -0.00050000
v -0.03150000 -0.00000000 -0.00050000
v 0.03100000 -0.00000000 -0.00000000
v 0.03040434 0.00604780 -0.00000000
v 0.02864026 0.01186319 -0.00000000
v 0.02577556 0.01722268 -0.00000000
v 0.02192031 0.02192031 -0.00000000
v 0.01722268 0.02577556 -0.00000000
v 0.01186319 0.02864026 -0.00000000
v 0.00604780 0.03040434 -0.00000000
v 0.00000000 0.03100000 -0.00000000
v -0.00604780 0.03040434 -0.00000000
v -0.01186319 0.02864026 -0.00000000
v -0.01722268 0.02577556 -0.00000000
v -0.02192031 0.02192031 -0.00000000
v -0.02577556 0.01722268 -0.00000000
v -0.02864026 0.01186319 -0.00000000
v -0.03040434 0.00604780 -0.00000000
v -0.03100000 0.00000000 -0.00000000
v -0.01069512 -0.02103518 -0.00000000
v -0.00852128 -0.02914806 -0.00000000
v -0.00539191 -0.02830954 -0.00000000
v -0.00944921 -0.02952478 -0.00000000
v 0.01695231 0.00454236 -0.00000000
v 0.00165000 -0.02214212 -0.00000000
v 0.00285788 -0.02335000 -0.00000000
v 0.00769587 -0.01610732 -0.00000000
v 0.00986971 -0.02422020 -0.00000000
v 0.00330000 -0.02500000 -0.00000000
v 0.00304880 -0.02626286 -0.00000000
v -0.00305765 -0.02624127 -0.00000000
v -0.00330000 -0.02500000 -0.00000000
v -0.00756575 -0.02019666 -0.00000000
v -0.00285788 -0.02335000 -0.00000000
v -0.00165000 -0.02214212 -0.00000000
v -0.00000000 -0.02170000 -0.00000000
v -0.00127004 -0.02804582 -0.00000000
v -0.00604780 -0.03040434 -0.00000000
v 0.00000000 -0.02830000 -0.00000000
v 0.00000000 -0.03100000 -0.00000000
v 0.00126286 -0.02804880 -0.00000000
v 0.00604780 -0.03040434 -0.00000000
v -0.01665047 0.01370795 -0.00000000
v -0.01767767 0.01487767 -0.00000000
v -0.01977984 0.01286943 -0.00000000
v -0.01873087 0.01508330 -0.00000000
v -0.01964822 0.01568846 -0.00000000
v -0.02026200 0.01660006 -0.00000000
v -0.02047767 0.01767767 -0.00000000
v -0.02021968 0.01885163 -0.00000000
v -0.00138884 0.01779729 -0.00000000
v -0.01525280 0.01627767 -0.00000000
v -0.01627767 0.01525280 -0.00000000
v -0.01945276 0.01984310 -0.00000000
v -0.01833010 0.02040060 -0.00000000
v -0.01707668 0.02041241 -0.00000000
v -0.01594371 0.01987617 -0.00000000
v -0.01515824 0.01889933 -0.00000000
v -0.01487767 0.01767767 -0.00000000
v 0.01569629 -0.00420581 -0.00000000
v 0.01407291 -0.00812500 -0.00000000
v 0.01932035 -0.01115461 -0.00000000
v 0.01149048 -0.01149049 -0.00000000
v 0.00812500 -0.01407291 -0.00000000
v 0.01625000 0.00000000 -0.00000000
v 0.02103518 -0.01069512 -0.00000000
v 0.00812500 0.01407291 -0.00000000
v 0.01149049 0.01149048 -0.00000000
v 0.01069512 0.02103518 -0.00000000
v 0.01407291 0.00812500 -0.00000000
v 0.01569629 0.00420581 -0.00000000
v -0.01407291 0.00812500 -0.00000000
v -0.01149048 0.01149049 -0.00000000
v -0.00812500 0.01407291 -0.00000000
v -0.00420581 0.01569629 -0.00000000
v 0.00000000 0.01625000 -0.00000000
v 0.00420581 0.01569629 -0.00000000
v -0.01569629 0.00420581 -0.00000000
v -0.01625000 -0.00000000 -0.00000000
v -0.01149048 -0.01149048 -0.00000000
v -0.01407291 -0.00812500 -0.00000000
v -0.01115461 -0.01932035 -0.00000000
v -0.01695230 -0.00454236 -0.00000000
v 0.02363257 -0.02006245 -0.00000000
v 0.02577556 -0.01722268 -0.00000000
v 0.02149466 -0.01240995 -0.00000000
v 0.02864026 -0.01186319 -0.00000000
v 0.03040434 -0.00604780 -0.00000000
v 0.02298509 -0.02080110 -0.00000000
v 0.01977984 -0.01286943 -0.00000000
v 0.02195368 -0.02098232 -0.00000000
v 0.01722268 -0.02577556 -0.00000000
v 0.02192031 -0.02192031 -0.00000000
v 0.02215925 -0.02167874 -0.00000000
v 0.01186319 -0.02864026 -0.00000000
v 0.00233345 -0.02733345 -0.00000000
v -0.00841532 -0.02983592 -0.00000000
v -0.00234442 -0.02732243 -0.00000000
v -0.01040730 -0.02920082 -0.00000000
v -0.01240995 -0.02149466 -0.00000000
v -0.01186319 -0.02864026 -0.00000000
v -0.01722268 -0.02577556 -0.00000000
v -0.02167874 -0.02215925 -0.00000000
v -0.01286943 -0.01977984 -0.00000000
v -0.01525280 -0.01627767 -0.00000000
v -0.01487767 -0.01767767 -0.00000000
v -0.01525280 -0.01907767 -0.00000000
v -0.01627767 -0.02010254 -0.00000000
v -0.01767767 -0.02047767 -0.00000000
v -0.01889254 -0.02020038 -0.00000000
v -0.02192031 -0.02192031 -0.00000000
v -0.01986680 -0.01942344 -0.00000000
v -0.02577556 -0.01722268 -0.00000000
v -0.02040747 -0.01830073 -0.00000000
v -0.02040747 -0.01705461 -0.00000000
v -0.02864026 -0.01186319 -0.00000000
v -0.01986680 -0.01593190 -0.00000000
v -0.03040434 -0.00604780 -0.00000000
v -0.01889255 -0.01515496 -0.00000000
v -0.01767767 -0.01487767 -0.00000000
v -0.01627767 -0.01525280 -0.00000000
v -0.02149466 0.01240995 -0.00000000
v -0.01569629 -0.00420581 -0.00000000
v 0.01240995 0.02149466 -0.00000000
v 0.01984310 0.01945276 -0.00000000
v 0.01646280 0.01515496 -0.00000000
v 0.01548854 0.01593190 -0.00000000
v 0.02040060 0.01833010 -0.00000000
v 0.02041241 0.01707668 -0.00000000
v 0.01987617 0.01594371 -0.00000000
v 0.01889933 0.01515824 -0.00000000
v 0.01767767 0.01487767 -0.00000000
v 0.01494787 0.01705461 -0.00000000
v 0.01494787 0.01830073 -0.00000000
v 0.01548854 0.01942344 -0.00000000
v 0.01646280 0.02020038 -0.00000000
v 0.01767767 0.02047767 -0.00000000
v 0.01885163 0.02021968 -0.00000000
v -0.00802524 -0.01848184 -0.00000000
v -0.00812500 -0.01407291 -0.00000000
v 0.01515824 -0.01645601 -0.00000000
v 0.01594371 -0.01547917 -0.00000000
v 0.01707668 -0.01494293 -0.00000000
v 0.01833010 -0.01495474 -0.00000000
v 0.01767767 -0.02047767 -0.00000000
v 0.01660616 -0.02026453 -0.00000000
v 0.02027204 -0.01873087 -0.00000000
v 0.01966688 -0.01964822 -0.00000000
v 0.01875528 -0.02026200 -0.00000000
v 0.01569777 -0.01965757 -0.00000000
v 0.01509081 -0.01874918 -0.00000000
v 0.01487767 -0.01767767 -0.00000000
v 0.01945276 -0.01551224 -0.00000000
v 0.02021968 -0.01650371 -0.00000000
v 0.02047767 -0.01767767 -0.00000000
v 0.00420581 -0.01569629 -0.00000000
v 0.00000000 -0.01625000 -0.00000000
v -0.00420581 -0.01569629 -0.00000000
v -0.02227386 -0.02227386 -0.00050000
v -0.02619129 -0.01750046 -0.00050000
v -0.02910220 -0.01205453 -0.00050000
v -0.03089474 -0.00614535 -0.00050000
v -0.01750046 -0.02619129 -0.00050000
v -0.01205453 -0.02910220 -0.00050000
v -0.00614535 -0.03089474 -0.00050000
v 0.02227386 -0.02227386 -0.00050000
v 0.01750046 -0.02619129 -0.00050000
v 0.01205453 -0.02910220 -0.00050000
v 0.00614535 -0.03089474 -0.00050000
v 0.00000000 -0.03150000 -0.00050000
v 0.02619129 -0.01750046 -0.00050000
v 0.02910220 -0.01205453 -0.00050000
v 0.03089474 -0.00614535 -0.00050000
v 0.01575000 0.00000000 -0.00050000
v 0.01521333 0.00407640 -0.00050000
v 0.01363990 0.00787500 -0.00050000
v 0.01113693 0.01113693 -0.00050000
v 0.00787500 0.01363990 -0.00050000
v 0.00407640 0.01521333 -0.00050000
v -0.00000000 0.01575000 -0.00050000
v -0.00407640 0.01521333 -0.00050000
v -0.00787500 0.01363990 -0.00050000
v -0.01113693 0.01113693 -0.00050000
v -0.01363990 0.00787500 -0.00050000
v -0.01521333 0.00407640 -0.00050000
v -0.01575000 -0.00000000 -0.00050000
v -0.01575000 -0.00000000 -0.00800000
v -0.01521333 0.00407640 -0.00800000
v -0.01363990 0.00787500 -0.00800000
v -0.01113693 0.01113693 -0.00800000
v -0.00787500 0.01363990 -0.00800000
v -0.00407640 0.01521333 -0.00800000
v -0.00000000 0.01575000 -0.00800000
v 0.00407640 0.01521333 -0.00800000
v 0.00787500 0.01363990 -0.00800000
v 0.01113693 0.01113693 -0.00800000
v 0.01363990 0.00787500 -0.00800000
v 0.01521333 0.00407640 -0.00800000
v 0.01575000 0.00000000 -0.00800000
v -0.01521333 -0.00407640 -0.00800000
v -0.01363990 -0.00787500 -0.00800000
v -0.01113693 -0.01113693 -0.00800000
v -0.00787500 -0.01363990 -0.00800000
v -0.00407640 -0.01521333 -0.00800000
v 0.00000000 -0.01575000 -0.00800000
v 0.00407640 -0.01521333 -0.00800000
v 0.00787500 -0.01363990 -0.00800000
v 0.01113693 -0.01113693 -0.00800000
v 0.01363990 -0.00787500 -0.00800000
v 0.01521333 -0.00407640 -0.00800000
v 0.01521333 -0.00407640 -0.00050000
v 0.01363990 -0.00787500 -0.00050000
v 0.01113693 -0.01113693 -0.00050000
v 0.00787500 -0.01363990 -0.00050000
v 0.00407640 -0.01521333 -0.00050000
v 0.00000000 -0.01575000 -0.00050000
v -0.00407640 -0.01521333 -0.00050000
v -0.00787500 -0.01363990 -0.00050000
v -0.01113693 -0.01113693 -0.00050000
v -0.01363990 -0.00787500 -0.00050000
v -0.01521333 -0.00407640 -0.00050000
v 0.01767767 0.02017767 -0.00030000
v 0.01659296 0.01993009 -0.00030000
v 0.01572309 0.01923640 -0.00030000
v 0.01524035 0.01823397 -0.00030000
v 0.01524035 0.01712137 -0.00030000
v 0.01572309 0.01611895 -0.00030000
v 0.01659296 0.01542525 -0.00030000
v 0.01767767 0.01517767 -0.00030000
v 0.01872585 0.01994732 -0.00030000
v 0.01892767 0.01984273 -0.00030000
v 0.01961108 0.01926257 -0.00030000
v 0.01984273 0.01892767 -0.00030000
v 0.02010886 0.01826019 -0.00030000
v 0.02017767 0.01767767 -0.00030000
v 0.02011940 0.01714107 -0.00030000
v 0.01984273 0.01642767 -0.00030000
v 0.01964062 0.01612949 -0.00030000
v 0.01876844 0.01542818 -0.00030000
v 0.01892767 0.01551261 -0.00030000
v 0.01767767 0.01517767 -0.01150000
v 0.01876238 0.01542525 -0.01150000
v 0.01892767 0.01551261 -0.01150000
v 0.01963225 0.01611895 -0.01150000
v 0.01984273 0.01642767 -0.01150000
v 0.02011499 0.01712137 -0.01150000
v 0.02017767 0.01767767 -0.01150000
v 0.02011499 0.01823397 -0.01150000
v 0.01984273 0.01892767 -0.01150000
v 0.01963225 0.01923639 -0.01150000
v 0.01892767 0.01984273 -0.01150000
v 0.01876238 0.01993009 -0.01150000
v 0.01767767 0.02017767 -0.01150000
v 0.01642767 0.01984273 -0.01150000
v 0.01572309 0.01923640 -0.01150000
v 0.01551261 0.01892767 -0.01150000
v 0.01524035 0.01823397 -0.01150000
v 0.01517767 0.01767767 -0.01150000
v 0.01524035 0.01712137 -0.01150000
v 0.01551261 0.01642767 -0.01150000
v 0.01572309 0.01611895 -0.01150000
v 0.01642767 0.01551261 -0.01150000
v 0.01767767 0.01767767 -0.01300215
v -0.01517767 0.01767767 -0.00030000
v -0.01542818 0.01876844 -0.00030000
v -0.01612949 0.01964062 -0.00030000
v -0.01714107 0.02011940 -0.00030000
v -0.01826019 0.02010886 -0.00030000
v -0.01926257 0.01961109 -0.00030000
v -0.01994732 0.01872585 -0.00030000
v -0.02017767 0.01767767 -0.00030000
v -0.01767767 0.01517767 -0.00030000
v -0.01823397 0.01524035 -0.00030000
v -0.01861803 0.01536127 -0.00030000
v -0.01998511 0.01671552 -0.00030000
v -0.01943709 0.01590159 -0.00030000
v -0.01923639 0.01572309 -0.00030000
v -0.01551261 0.01642767 -0.00030000
v -0.01611895 0.01572309 -0.00030000
v -0.01642767 0.01551261 -0.00030000
v -0.01712137 0.01524035 -0.00030000
v -0.02017767 0.01767767 -0.01150000
v -0.01984273 0.01642767 -0.01150000
v -0.01923639 0.01572309 -0.01150000
v -0.01892767 0.01551261 -0.01150000
v -0.01823397 0.01524035 -0.01150000
v -0.01767767 0.01517767 -0.01150000
v -0.01712137 0.01524035 -0.01150000
v -0.01642767 0.01551261 -0.01150000
v -0.01611895 0.01572309 -0.01150000
v -0.01551261 0.01642767 -0.01150000
v -0.01517767 0.01767767 -0.01150000
v -0.01542525 0.01876238 -0.01150000
v -0.01611895 0.01963225 -0.01150000
v -0.01712137 0.02011499 -0.01150000
v -0.01823397 0.02011499 -0.01150000
v -0.01923639 0.01963225 -0.01150000
v -0.01993009 0.01876238 -0.01150000
v -0.01767767 0.01767767 -0.01300215
v 0.02017767 -0.01767767 -0.00030000
v 0.01994732 -0.01662949 -0.00030000
v 0.01926257 -0.01574425 -0.00030000
v 0.01826019 -0.01524648 -0.00030000
v 0.01714108 -0.01523594 -0.00030000
v 0.01612949 -0.01571472 -0.00030000
v 0.01542818 -0.01658690 -0.00030000
v 0.01517767 -0.01767767 -0.00030000
v 0.01767767 -0.02017767 -0.00030000
v 0.01712137 -0.02011499 -0.00030000
v 0.01672096 -0.01998737 -0.00030000
v 0.01536797 -0.01863438 -0.00030000
v 0.01590990 -0.01944544 -0.00030000
v 0.01611895 -0.01963225 -0.00030000
v 0.01999407 -0.01861803 -0.00030000
v 0.01945375 -0.01943709 -0.00030000
v 0.01923640 -0.01963225 -0.00030000
v 0.01823397 -0.02011499 -0.00030000
v 0.01863982 -0.01998511 -0.00030000
v 0.02017767 -0.01767767 -0.01150000
v 0.01993009 -0.01876238 -0.01150000
v 0.01517767 -0.01767767 -0.01150000
v 0.01542525 -0.01876238 -0.01150000
v 0.01611895 -0.01963225 -0.01150000
v 0.01712137 -0.02011499 -0.01150000
v 0.01823397 -0.02011499 -0.01150000
v 0.01923640 -0.01963225 -0.01150000
v 0.01984273 -0.01642767 -0.01150000
v 0.01923640 -0.01572309 -0.01150000
v 0.01892767 -0.01551261 -0.01150000
v 0.01823397 -0.01524035 -0.01150000
v 0.01767767 -0.01517767 -0.01150000
v 0.01712137 -0.01524035 -0.01150000
v 0.01642767 -0.01551261 -0.01150000
v 0.01611895 -0.01572309 -0.01150000
v 0.01551261 -0.01642767 -0.01150000
v 0.01542525 -0.01659296 -0.01150000
v 0.01767767 -0.01767767 -0.01300215
v -0.01767767 -0.01517767 -0.00030000
v -0.01876238 -0.01542525 -0.00030000
v -0.01963225 -0.01611895 -0.00030000
v -0.02011499 -0.01712137 -0.00030000
v -0.02011499 -0.01823397 -0.00030000
v -0.01963225 -0.01923639 -0.00030000
v -0.01876238 -0.01993009 -0.00030000
v -0.01767767 -0.02017767 -0.00030000
v -0.01642767 -0.01984273 -0.00030000
v -0.01551261 -0.01892767 -0.00030000
v -0.01517767 -0.01767767 -0.00030000
v -0.01551261 -0.01642767 -0.00030000
v -0.01642767 -0.01551261 -0.00030000
v -0.01767767 -0.02017767 -0.01150000
v -0.01642767 -0.01984273 -0.01150000
v -0.01551261 -0.01892767 -0.01150000
v -0.01517767 -0.01767767 -0.01150000
v -0.01551261 -0.01642767 -0.01150000
v -0.01642767 -0.01551261 -0.01150000
v -0.01767767 -0.01517767 -0.01150000
v -0.01876238 -0.01542525 -0.01150000
v -0.01963225 -0.01611895 -0.01150000
v -0.02011499 -0.01712137 -0.01150000
v -0.02011499 -0.01823397 -0.01150000
v -0.01963225 -0.01923639 -0.01150000
v -0.01876238 -0.01993009 -0.01150000
v -0.01767767 -0.01767767 -0.01300215
v -0.00300000 -0.02500000 -0.00030000
v -0.00259808 -0.02350000 -0.00030000
v -0.00185781 -0.02264447 -0.00030000
v -0.00150000 -0.02240193 -0.00030000
v -0.00064391 -0.02206992 -0.00030000
v 0.00000000 -0.02200000 -0.00030000
v 0.00069903 -0.02208258 -0.00030000
v 0.00300000 -0.02500000 -0.00030000
v 0.00259808 -0.02350000 -0.00030000
v 0.00190188 -0.02267990 -0.00030000
v 0.00150000 -0.02240192 -0.00030000
v -0.00000000 -0.02800000 -0.00030000
v -0.00067544 -0.02792298 -0.00030000
v -0.00115458 -0.02776892 -0.00030000
v -0.00277968 -0.02612843 -0.00030000
v -0.00213129 -0.02711130 -0.00030000
v -0.00188936 -0.02733031 -0.00030000
v 0.00277164 -0.02614805 -0.00030000
v 0.00212132 -0.02712132 -0.00030000
v 0.00188936 -0.02733031 -0.00030000
v 0.00067544 -0.02792298 -0.00030000
v 0.00114805 -0.02777164 -0.00030000
v -0.00272019 -0.02626514 -0.00800000
v -0.00300000 -0.02500000 -0.00800000
v 0.00300000 -0.02500000 -0.00800000
v 0.00272019 -0.02626514 -0.00800000
v 0.00188936 -0.02733031 -0.00800000
v 0.00067544 -0.02792298 -0.00800000
v -0.00067544 -0.02792298 -0.00800000
v -0.00188936 -0.02733031 -0.00800000
v 0.00272358 -0.02374219 -0.00800000
v -0.00185781 -0.02264447 -0.00800000
v -0.00269939 -0.02369107 -0.00800000
v -0.00064391 -0.02206992 -0.00800000
v 0.00069903 -0.02208258 -0.00800000
v 0.00190188 -0.02267990 -0.00800000
v -0.03034198 -0.01925000 -0.00630000
v -0.03062179 -0.01798486 -0.00630000
v -0.03145262 -0.01691969 -0.00630000
v -0.03266654 -0.01632702 -0.00630000
v -0.03401741 -0.01632702 -0.00630000
v -0.03523133 -0.01691969 -0.00630000
v -0.03606217 -0.01798486 -0.00630000
v -0.03634198 -0.01925000 -0.00630000
v -0.03334198 -0.02225000 -0.00630000
v -0.03401741 -0.02217298 -0.00630000
v -0.03449656 -0.02201893 -0.00630000
v -0.03612166 -0.02037843 -0.00630000
v -0.03547327 -0.02136130 -0.00630000
v -0.03523133 -0.02158031 -0.00630000
v -0.03056229 -0.02037843 -0.00630000
v -0.03121068 -0.02136130 -0.00630000
v -0.03145262 -0.02158031 -0.00630000
v -0.03266654 -0.02217298 -0.00630000
v -0.03218740 -0.02201893 -0.00630000
v -0.03606217 -0.02051514 -0.01200000
v -0.03634198 -0.01925000 -0.01200000
v -0.03034198 -0.01925000 -0.01200000
v -0.03062179 -0.02051514 -0.01200000
v -0.03145262 -0.02158031 -0.01200000
v -0.03266654 -0.02217298 -0.01200000
v -0.03401741 -0.02217298 -0.01200000
v -0.03523133 -0.02158031 -0.01200000
v -0.03606217 -0.01798486 -0.01200000
v -0.03523133 -0.01691969 -0.01200000
v -0.03401741 -0.01632702 -0.01200000
v -0.03266654 -0.01632702 -0.01200000
v -0.03145262 -0.01691969 -0.01200000
v -0.03062179 -0.01798486 -0.01200000
v -0.03334198 -0.01755000 -0.01200000
v -0.03419198 -0.01777776 -0.01200000
v -0.03481422 -0.01840000 -0.01200000
v -0.03504198 -0.01925000 -0.01200000
v -0.03481422 -0.02010000 -0.01200000
v -0.03429962 -0.02065461 -0.01200000
v -0.03359535 -0.02093101 -0.01200000
v -0.03284089 -0.02087447 -0.01200000
v -0.03218568 -0.02049619 -0.01200000
v -0.03175949 -0.01987108 -0.01200000
v -0.03164673 -0.01912296 -0.01200000
v -0.03186974 -0.01840000 -0.01200000
v -0.03249198 -0.01777776 -0.01200000
v -0.03186974 -0.01840000 -0.01400000
v -0.03164673 -0.01912296 -0.01400000
v -0.03175949 -0.01987108 -0.01400000
v -0.03218568 -0.02049619 -0.01400000
v -0.03284089 -0.02087447 -0.01400000
v -0.03359535 -0.02093101 -0.01400000
v -0.03429962 -0.02065461 -0.01400000
v -0.03481422 -0.02010000 -0.01400000
v -0.03504198 -0.01925000 -0.01400000
v -0.03481422 -0.01840000 -0.01400000
v -0.03419198 -0.01777776 -0.01400000
v -0.03334198 -0.01755000 -0.01400000
v -0.03249198 -0.01777776 -0.01400000
v 0.02225000 -0.03334198 -0.00630000
v 0.02197358 -0.03208417 -0.00630000
v 0.02115188 -0.03102188 -0.00630000
v 0.01994903 -0.03042455 -0.00630000
v 0.01860609 -0.03041190 -0.00630000
v 0.01739219 -0.03098644 -0.00630000
v 0.01655061 -0.03203306 -0.00630000
v 0.01625000 -0.03334198 -0.00630000
v 0.01925000 -0.03634198 -0.00630000
v 0.01857456 -0.03626495 -0.00630000
v 0.01809542 -0.03611090 -0.00630000
v 0.01647032 -0.03447041 -0.00630000
v 0.01711871 -0.03545328 -0.00630000
v 0.01736064 -0.03567229 -0.00630000
v 0.02202968 -0.03447041 -0.00630000
v 0.02138129 -0.03545328 -0.00630000
v 0.02113936 -0.03567228 -0.00630000
v 0.01992544 -0.03626495 -0.00630000
v 0.02040458 -0.03611090 -0.00630000
v 0.01652981 -0.03460712 -0.01200000
v 0.01625000 -0.03334198 -0.01200000
v 0.02225000 -0.03334198 -0.01200000
v 0.02197019 -0.03460712 -0.01200000
v 0.02113936 -0.03567228 -0.01200000
v 0.01992544 -0.03626495 -0.01200000
v 0.01857456 -0.03626495 -0.01200000
v 0.01736064 -0.03567229 -0.01200000
v 0.01655061 -0.03203306 -0.01200000
v 0.01739219 -0.03098644 -0.01200000
v 0.01860609 -0.03041190 -0.01200000
v 0.01994903 -0.03042455 -0.01200000
v 0.02115188 -0.03102188 -0.01200000
v 0.02197358 -0.03208417 -0.01200000
v 0.01925000 -0.03504198 -0.01200000
v 0.02010000 -0.03481422 -0.01200000
v 0.02065461 -0.03429962 -0.01200000
v 0.02093101 -0.03359535 -0.01200000
v 0.02087447 -0.03284089 -0.01200000
v 0.02049619 -0.03218568 -0.01200000
v 0.01987108 -0.03175949 -0.01200000
v 0.01912296 -0.03164673 -0.01200000
v 0.01840000 -0.03186974 -0.01200000
v 0.01777776 -0.03249198 -0.01200000
v 0.01755000 -0.03334198 -0.01200000
v 0.01777776 -0.03419198 -0.01200000
v 0.01840000 -0.03481422 -0.01200000
v 0.01840000 -0.03186974 -0.01400000
v 0.01912296 -0.03164673 -0.01400000
v 0.01987108 -0.03175949 -0.01400000
v 0.02049619 -0.03218568 -0.01400000
v 0.02087447 -0.03284089 -0.01400000
v 0.02093101 -0.03359535 -0.01400000
v 0.02065461 -0.03429962 -0.01400000
v 0.02010000 -0.03481422 -0.01400000
v 0.01925000 -0.03504198 -0.01400000
v 0.01840000 -0.03481422 -0.01400000
v 0.01777776 -0.03419198 -0.01400000
v 0.01755000 -0.03334198 -0.01400000
v 0.01777776 -0.03249198 -0.01400000
v 0.03634198 -0.01925000 -0.00630000
v 0.03606217 -0.01798486 -0.00630000
v 0.03523133 -0.01691969 -0.00630000
v 0.03401741 -0.01632703 -0.00630000
v 0.03266654 -0.01632702 -0.00630000
v 0.03145262 -0.01691969 -0.00630000
v 0.03062179 -0.01798486 -0.00630000
v 0.03034198 -0.01925000 -0.00630000
v 0.03334198 -0.02225000 -0.00630000
v 0.03266654 -0.02217298 -0.00630000
v 0.03218740 -0.02201893 -0.00630000
v 0.03056229 -0.02037843 -0.00630000
v 0.03121069 -0.02136130 -0.00630000
v 0.03145262 -0.02158031 -0.00630000
v 0.03612166 -0.02037843 -0.00630000
v 0.03547327 -0.02136130 -0.00630000
v 0.03523133 -0.02158031 -0.00630000
v 0.03401741 -0.02217298 -0.00630000
v 0.03449656 -0.02201893 -0.00630000
v 0.03062179 -0.02051514 -0.01200000
v 0.03034198 -0.01925000 -0.01200000
v 0.03634198 -0.01925000 -0.01200000
v 0.03606217 -0.02051514 -0.01200000
v 0.03523133 -0.02158031 -0.01200000
v 0.03401741 -0.02217298 -0.01200000
v 0.03266654 -0.02217298 -0.01200000
v 0.03145262 -0.02158031 -0.01200000
v 0.03062179 -0.01798486 -0.01200000
v 0.03145262 -0.01691969 -0.01200000
v 0.03266654 -0.01632702 -0.01200000
v 0.03401741 -0.01632703 -0.01200000
v 0.03523133 -0.01691969 -0.01200000
v 0.03606217 -0.01798486 -0.01200000
v 0.03334198 -0.01755000 -0.01200000
v 0.03249198 -0.01777776 -0.01200000
v 0.03186974 -0.01840000 -0.01200000
v 0.03164673 -0.01912296 -0.01200000
v 0.03175949 -0.01987108 -0.01200000
v 0.03218568 -0.02049619 -0.01200000
v 0.03284090 -0.02087447 -0.01200000
v 0.03359535 -0.02093101 -0.01200000
v 0.03429962 -0.02065461 -0.01200000
v 0.03481422 -0.02010000 -0.01200000
v 0.03504198 -0.01925000 -0.01200000
v 0.03481422 -0.01840000 -0.01200000
v 0.03419198 -0.01777776 -0.01200000
v 0.03186974 -0.01840000 -0.01400000
v 0.03249198 -0.01777776 -0.01400000
v 0.03334198 -0.01755000 -0.01400000
v 0.03419198 -0.01777776 -0.01400000
v 0.03481422 -0.01840000 -0.01400000
v 0.03504198 -0.01925000 -0.01400000
v 0.03481422 -0.02010000 -0.01400000
v 0.03429962 -0.02065461 -0.01400000
v 0.03359535 -0.02093101 -0.01400000
v 0.03284090 -0.02087447 -0.01400000
v 0.03218568 -0.02049619 -0.01400000
v 0.03175949 -0.01987108 -0.01400000
v 0.03164673 -0.01912296 -0.01400000
v 0.04150000 0.00000000 -0.00630000
v 0.04122019 0.00126514 -0.00630000
v 0.04038936 0.00233031 -0.00630000
v 0.03917544 0.00292298 -0.00630000
v 0.03782456 0.00292298 -0.00630000
v 0.03661064 0.00233031 -0.00630000
v 0.03577982 0.00126514 -0.00630000
v 0.03550000 -0.00000000 -0.00630000
v 0.03850000 -0.00300000 -0.00630000
v 0.03782456 -0.00292298 -0.00630000
v 0.03734542 -0.00276893 -0.00630000
v 0.03572032 -0.00112843 -0.00630000
v 0.03636871 -0.00211130 -0.00630000
v 0.03661064 -0.00233031 -0.00630000
v 0.04127968 -0.00112843 -0.00630000
v 0.04063129 -0.00211130 -0.00630000
v 0.04038936 -0.00233031 -0.00630000
v 0.03917544 -0.00292298 -0.00630000
v 0.03965458 -0.00276893 -0.00630000
v 0.03577981 -0.00126514 -0.01200000
v 0.03550000 -0.00000000 -0.01200000
v 0.04150000 -0.00000000 -0.01200000
v 0.04122019 -0.00126514 -0.01200000
v 0.04038936 -0.00233031 -0.01200000
v 0.03917544 -0.00292298 -0.01200000
v 0.03782456 -0.00292298 -0.01200000
v 0.03661064 -0.00233031 -0.01200000
v 0.03577982 0.00126514 -0.01200000
v 0.03661064 0.00233031 -0.01200000
v 0.03782456 0.00292298 -0.01200000
v 0.03917544 0.00292298 -0.01200000
v 0.04038936 0.00233031 -0.01200000
v 0.04122019 0.00126514 -0.01200000
v 0.03850000 -0.00170000 -0.01200000
v 0.03935000 -0.00147224 -0.01200000
v 0.03997225 -0.00085000 -0.01200000
v 0.04020000 -0.00000000 -0.01200000
v 0.03997224 0.00085000 -0.01200000
v 0.03935000 0.00147224 -0.01200000
v 0.03850000 0.00170000 -0.01200000
v 0.03765000 0.00147224 -0.01200000
v 0.03702776 0.00085000 -0.01200000
v 0.03680000 0.00000000 -0.01200000
v 0.03702776 -0.00085000 -0.01200000
v 0.03765000 -0.00147224 -0.01200000
v 0.03680000 0.00000000 -0.01400000
v 0.03702776 0.00085000 -0.01400000
v 0.03765000 0.00147224 -0.01400000
v 0.03850000 0.00170000 -0.01400000
v 0.03935000 0.00147224 -0.01400000
v 0.03997224 0.00085000 -0.01400000
v 0.04020000 -0.00000000 -0.01400000
v 0.03997225 -0.00085000 -0.01400000
v 0.03935000 -0.00147224 -0.01400000
v 0.03850000 -0.00170000 -0.01400000
v 0.03765000 -0.00147224 -0.01400000
v 0.03702776 -0.00085000 -0.01400000
v 0.02225000 0.03334198 -0.00630000
v 0.02202968 0.03221355 -0.00630000
v 0.02138129 0.03123068 -0.00630000
v 0.02113936 0.03101167 -0.00630000
v 0.01925000 0.03034198 -0.00630000
v 0.01992544 0.03041900 -0.00630000
v 0.02040458 0.03057305 -0.00630000
v 0.01652981 0.03207684 -0.01200000
v 0.01625000 0.03334198 -0.01200000
v 0.01625000 0.03334198 -0.00630000
v 0.02225000 0.03334198 -0.01200000
v 0.02197019 0.03207684 -0.01200000
v 0.02113936 0.03101167 -0.01200000
v 0.01992544 0.03041900 -0.01200000
v 0.01857456 0.03041900 -0.01200000
v 0.01736064 0.03101167 -0.01200000
v 0.01809542 0.03057305 -0.00630000
v 0.01857456 0.03041900 -0.00630000
v 0.01647031 0.03221355 -0.00630000
v 0.01711871 0.03123068 -0.00630000
v 0.01736064 0.03101167 -0.00630000
v 0.01655061 0.03465090 -0.00630000
v 0.01655061 0.03465090 -0.01200000
v 0.01739219 0.03569751 -0.00630000
v 0.01739219 0.03569751 -0.01200000
v 0.01860609 0.03627206 -0.00630000
v 0.01860609 0.03627206 -0.01200000
v 0.01994903 0.03625940 -0.00630000
v 0.01994903 0.03625940 -0.01200000
v 0.02115188 0.03566208 -0.00630000
v 0.02115188 0.03566208 -0.01200000
v 0.02197358 0.03459979 -0.00630000
v 0.02197358 0.03459979 -0.01200000
v 0.01925000 0.03504198 -0.01200000
v 0.01840000 0.03481422 -0.01200000
v 0.01777776 0.03419198 -0.01200000
v 0.01755000 0.03334198 -0.01200000
v 0.01777776 0.03249198 -0.01200000
v 0.01840000 0.03186974 -0.01200000
v 0.01912296 0.03164673 -0.01200000
v 0.01987108 0.03175949 -0.01200000
v 0.02049619 0.03218568 -0.01200000
v 0.02087447 0.03284090 -0.01200000
v 0.02093101 0.03359535 -0.01200000
v 0.02065461 0.03429962 -0.01200000
v 0.02010000 0.03481422 -0.01200000
v 0.01840000 0.03186974 -0.01400000
v 0.01777776 0.03249198 -0.01400000
v 0.01755000 0.03334198 -0.01400000
v 0.01777776 0.03419198 -0.01400000
v 0.01840000 0.03481422 -0.01400000
v 0.01925000 0.03504198 -0.01400000
v 0.02010000 0.03481422 -0.01400000
v 0.02065461 0.03429962 -0.01400000
v 0.02093101 0.03359535 -0.01400000
v 0.02087447 0.03284090 -0.01400000
v 0.02049619 0.03218568 -0.01400000
v 0.01987108 0.03175949 -0.01400000
v 0.01912296 0.03164673 -0.01400000
v -0.01625000 0.03334198 -0.00630000
v -0.01652642 0.03459979 -0.00630000
v -0.01734812 0.03566208 -0.00630000
v -0.01855097 0.03625940 -0.00630000
v -0.01989391 0.03627206 -0.00630000
v -0.02110781 0.03569751 -0.00630000
v -0.02194939 0.03465090 -0.00630000
v -0.02225000 0.03334198 -0.00630000
v -0.01925000 0.03034198 -0.00630000
v -0.01992544 0.03041900 -0.00630000
v -0.02184808 0.03184198 -0.00630000
v -0.02113936 0.03101167 -0.00630000
v -0.02075000 0.03074390 -0.00630000
v -0.01647031 0.03221355 -0.00630000
v -0.01711871 0.03123068 -0.00630000
v -0.01736064 0.03101167 -0.00630000
v -0.01857456 0.03041900 -0.00630000
v -0.01809542 0.03057305 -0.00630000
v -0.02197019 0.03207684 -0.01200000
v -0.02225000 0.03334198 -0.01200000
v -0.01625000 0.03334198 -0.01200000
v -0.01652981 0.03207684 -0.01200000
v -0.01736064 0.03101167 -0.01200000
v -0.01857456 0.03041900 -0.01200000
v -0.01992544 0.03041900 -0.01200000
v -0.02113936 0.03101167 -0.01200000
v -0.01652981 0.03460712 -0.01200000
v -0.02197019 0.03460712 -0.01200000
v -0.02113936 0.03567228 -0.01200000
v -0.01992544 0.03626495 -0.01200000
v -0.01857456 0.03626495 -0.01200000
v -0.01736064 0.03567229 -0.01200000
v -0.01925000 0.03504198 -0.01200000
v -0.02010000 0.03481422 -0.01200000
v -0.02065461 0.03429962 -0.01200000
v -0.02093101 0.03359535 -0.01200000
v -0.02087447 0.03284089 -0.01200000
v -0.02049619 0.03218568 -0.01200000
v -0.01987108 0.03175949 -0.01200000
v -0.01912296 0.03164673 -0.01200000
v -0.01840000 0.03186974 -0.01200000
v -0.01777776 0.03249198 -0.01200000
v -0.01755000 0.03334198 -0.01200000
v -0.01777776 0.03419198 -0.01200000
v -0.01840000 0.03481422 -0.01200000
v -0.01840000 0.03186974 -0.01400000
v -0.01912296 0.03164673 -0.01400000
v -0.01987108 0.03175949 -0.01400000
v -0.02049619 0.03218568 -0.01400000
v -0.02087447 0.03284089 -0.01400000
v -0.02093101 0.03359535 -0.01400000
v -0.02065461 0.03429962 -0.01400000
v -0.02010000 0.03481422 -0.01400000
v -0.01925000 0.03504198 -0.01400000
v -0.01840000 0.03481422 -0.01400000
v -0.01777776 0.03419198 -0.01400000
v -0.01755000 0.03334198 -0.01400000
v -0.01777776 0.03249198 -0.01400000
v -0.03034198 0.01925000 -0.00630000
v -0.03061840 0.02050781 -0.00630000
v -0.03144010 0.02157010 -0.00630000
v -0.03264295 0.02216742 -0.00630000
v -0.03398589 0.02218008 -0.00630000
v -0.03519979 0.02160553 -0.00630000
v -0.03604137 0.02055893 -0.00630000
v -0.03634198 0.01925000 -0.00630000
v -0.03334198 0.01625000 -0.00630000
v -0.03401741 0.01632703 -0.00630000
v -0.03449656 0.01648108 -0.00630000
v -0.03612166 0.01812157 -0.00630000
v -0.03547327 0.01713870 -0.00630000
v -0.03523133 0.01691969 -0.00630000
v -0.03056229 0.01812157 -0.00630000
v -0.03121068 0.01713870 -0.00630000
v -0.03145262 0.01691969 -0.00630000
v -0.03266654 0.01632702 -0.00630000
v -0.03218740 0.01648107 -0.00630000
v -0.03606217 0.01798486 -0.01200000
v -0.03634198 0.01925000 -0.01200000
v -0.03034198 0.01925000 -0.01200000
v -0.03062179 0.01798486 -0.01200000
v -0.03145262 0.01691969 -0.01200000
v -0.03266654 0.01632702 -0.01200000
v -0.03401741 0.01632703 -0.01200000
v -0.03523133 0.01691969 -0.01200000
v -0.03604137 0.02055893 -0.01200000
v -0.03519979 0.02160553 -0.01200000
v -0.03398589 0.02218008 -0.01200000
v -0.03264295 0.02216742 -0.01200000
v -0.03144010 0.02157010 -0.01200000
v -0.03061840 0.02050781 -0.01200000
v -0.03334198 0.01755000 -0.01200000
v -0.03249198 0.01777776 -0.01200000
v -0.03186974 0.01840000 -0.01200000
v -0.03164673 0.01912296 -0.01200000
v -0.03175949 0.01987108 -0.01200000
v -0.03218568 0.02049619 -0.01200000
v -0.03284090 0.02087447 -0.01200000
v -0.03359535 0.02093101 -0.01200000
v -0.03429962 0.02065461 -0.01200000
v -0.03481422 0.02010000 -0.01200000
v -0.03504198 0.01925000 -0.01200000
v -0.03481422 0.01840000 -0.01200000
v -0.03419198 0.01777776 -0.01200000
v -0.03186974 0.01840000 -0.01400000
v -0.03249198 0.01777776 -0.01400000
v -0.03334198 0.01755000 -0.01400000
v -0.03419198 0.01777776 -0.01400000
v -0.03481422 0.01840000 -0.01400000
v -0.03504198 0.01925000 -0.01400000
v -0.03481422 0.02010000 -0.01400000
v -0.03429962 0.02065461 -0.01400000
v -0.03359535 0.02093101 -0.01400000
v -0.03284090 0.02087447 -0.01400000
v -0.03218568 0.02049619 -0.01400000
v -0.03175949 0.01987108 -0.01400000
v -0.03164673 0.01912296 -0.01400000
v -0.03550000 0.00000000 -0.00630000
v -0.03572031 -0.00112843 -0.00630000
v -0.03636871 -0.00211130 -0.00630000
v -0.03661064 -0.00233031 -0.00630000
v -0.03850000 -0.00300000 -0.00630000
v -0.03782456 -0.00292298 -0.00630000
v -0.03734542 -0.00276893 -0.00630000
v -0.04122019 -0.00126514 -0.01200000
v -0.04150000 0.00000000 -0.01200000
v -0.04150000 0.00000000 -0.00630000
v -0.03550000 0.00000000 -0.01200000
v -0.03577981 -0.00126514 -0.01200000
v -0.03661064 -0.00233031 -0.01200000
v -0.03782456 -0.00292298 -0.01200000
v -0.03917544 -0.00292298 -0.01200000
v -0.04038936 -0.00233031 -0.01200000
v -0.03965458 -0.00276893 -0.00630000
v -0.03917544 -0.00292298 -0.00630000
v -0.04127968 -0.00112843 -0.00630000
v -0.04063129 -0.00211130 -0.00630000
v -0.04038936 -0.00233031 -0.00630000
v -0.04122019 0.00126514 -0.00630000
v -0.04122019 0.00126514 -0.01200000
v -0.04038936 0.00233031 -0.00630000
v -0.04038936 0.00233031 -0.01200000
v -0.03917544 0.00292298 -0.00630000
v -0.03917544 0.00292298 -0.01200000
v -0.03782456 0.00292298 -0.00630000
v -0.03782456 0.00292298 -0.01200000
v -0.03661064 0.00233031 -0.00630000
v -0.03661064 0.00233031 -0.01200000
v -0.03577981 0.00126514 -0.00630000
v -0.03577981 0.00126514 -0.01200000
v -0.03850000 -0.00170000 -0.01200000
v -0.03765000 -0.00147224 -0.01200000
v -0.03702776 -0.00085000 -0.01200000
v -0.03680000 -0.00000000 -0.01200000
v -0.03702776 0.00085000 -0.01200000
v -0.03765000 0.00147224 -0.01200000
v -0.03850000 0.00170000 -0.01200000
v -0.03935000 0.00147224 -0.01200000
v -0.03997224 0.00085000 -0.01200000
v -0.04020000 0.00000000 -0.01200000
v -0.03997224 -0.00085000 -0.01200000
v -0.03935000 -0.00147224 -0.01200000
v -0.03680000 -0.00000000 -0.01400000
v -0.03702776 -0.00085000 -0.01400000
v -0.03765000 -0.00147224 -0.01400000
v -0.03850000 -0.00170000 -0.01400000
v -0.03935000 -0.00147224 -0.01400000
v -0.03997224 -0.00085000 -0.01400000
v -0.04020000 0.00000000 -0.01400000
v -0.03997224 0.00085000 -0.01400000
v -0.03935000 0.00147224 -0.01400000
v -0.03850000 0.00170000 -0.01400000
v -0.03765000 0.00147224 -0.01400000
v -0.03702776 0.00085000 -0.01400000
v -0.01625000 -0.03334198 -0.00630000
v -0.01647031 -0.03447041 -0.00630000
v -0.01711871 -0.03545328 -0.00630000
v -0.01736064 -0.03567228 -0.00630000
v -0.01925000 -0.03634198 -0.00630000
v -0.01857456 -0.03626495 -0.00630000
v -0.01809542 -0.03611090 -0.00630000
v -0.02197019 -0.03460712 -0.01200000
v -0.02225000 -0.03334198 -0.01200000
v -0.02225000 -0.03334198 -0.00630000
v -0.01625000 -0.03334198 -0.01200000
v -0.01652981 -0.03460712 -0.01200000
v -0.01736064 -0.03567228 -0.01200000
v -0.01857456 -0.03626495 -0.01200000
v -0.01992544 -0.03626495 -0.01200000
v -0.02113936 -0.03567228 -0.01200000
v -0.02040458 -0.03611090 -0.00630000
v -0.01992544 -0.03626495 -0.00630000
v -0.02202968 -0.03447041 -0.00630000
v -0.02138129 -0.03545328 -0.00630000
v -0.02113936 -0.03567228 -0.00630000
v -0.02197019 -0.03207684 -0.00630000
v -0.02197019 -0.03207684 -0.01200000
v -0.02113936 -0.03101167 -0.00630000
v -0.02113936 -0.03101167 -0.01200000
v -0.01992544 -0.03041900 -0.00630000
v -0.01992544 -0.03041900 -0.01200000
v -0.01857456 -0.03041900 -0.00630000
v -0.01857456 -0.03041900 -0.01200000
v -0.01736064 -0.03101167 -0.00630000
v -0.01736064 -0.03101167 -0.01200000
v -0.01652981 -0.03207684 -0.00630000
v -0.01652981 -0.03207684 -0.01200000
v -0.01925000 -0.03504198 -0.01200000
v -0.01840000 -0.03481422 -0.01200000
v -0.01777776 -0.03419198 -0.01200000
v -0.01755000 -0.03334198 -0.01200000
v -0.01777776 -0.03249198 -0.01200000
v -0.01840000 -0.03186974 -0.01200000
v -0.01912296 -0.03164673 -0.01200000
v -0.01987108 -0.03175949 -0.01200000
v -0.02049619 -0.03218568 -0.01200000
v -0.02087447 -0.03284090 -0.01200000
v -0.02093101 -0.03359535 -0.01200000
v -0.02065461 -0.03429962 -0.01200000
v -0.02010000 -0.03481422 -0.01200000
v -0.01840000 -0.03186974 -0.01400000
v -0.01777776 -0.03249198 -0.01400000
v -0.01755000 -0.03334198 -0.01400000
v -0.01777776 -0.03419198 -0.01400000
v -0.01840000 -0.03481422 -0.01400000
v -0.01925000 -0.03504198 -0.01400000
v -0.02010000 -0.03481422 -0.01400000
v -0.02065461 -0.03429962 -0.01400000
v -0.02093101 -0.03359535 -0.01400000
v -0.02087447 -0.03284090 -0.01400000
v -0.02049619 -0.03218568 -0.01400000
v -0.01987108 -0.03175949 -0.01400000
v -0.01912296 -0.03164673 -0.01400000
v 0.02468172 -0.01425000 -0.00574892
v 0.02530672 -0.01533253 -0.00650000
v 0.02468172 -0.01550000 -0.00650000
v 0.02576426 -0.01487500 -0.00650000
v 0.02593172 -0.01425000 -0.00650000
v 0.02359919 -0.01487500 -0.00650000
v 0.02343172 -0.01425000 -0.00650000
v 0.02405673 -0.01533253 -0.00650000
v 0.02405673 -0.01316747 -0.00650000
v 0.02468172 -0.01300000 -0.00650000
v 0.02359919 -0.01362500 -0.00650000
v 0.02576426 -0.01362500 -0.00650000
v 0.02530672 -0.01316747 -0.00650000
v 0.02343172 -0.01425000 -0.01400000
v 0.02359919 -0.01362500 -0.01400000
v 0.02405673 -0.01316747 -0.01400000
v 0.02468172 -0.01300000 -0.01400000
v 0.02530672 -0.01316747 -0.01400000
v 0.02576426 -0.01362500 -0.01400000
v 0.02593172 -0.01425000 -0.01400000
v 0.02576426 -0.01487500 -0.01400000
v 0.02530672 -0.01533253 -0.01400000
v 0.02468172 -0.01550000 -0.01400000
v 0.02405673 -0.01533253 -0.01400000
v 0.02359919 -0.01487500 -0.01400000
v 0.00000000 0.02850000 -0.00574892
v -0.00062500 0.02741747 -0.00650000
v -0.00108253 0.02787500 -0.00650000
v 0.00000000 0.02725000 -0.00650000
v 0.00062500 0.02741747 -0.00650000
v -0.00108253 0.02912500 -0.00650000
v -0.00062500 0.02958253 -0.00650000
v -0.00125000 0.02850000 -0.00650000
v -0.00009341 0.02974650 -0.00650000
v 0.00000000 0.02975000 -0.00650000
v 0.00045668 0.02966359 -0.00650000
v 0.00062500 0.02958253 -0.00650000
v 0.00091631 0.02935022 -0.00650000
v 0.00108253 0.02912500 -0.00650000
v 0.00119447 0.02886844 -0.00650000
v 0.00125000 0.02850000 -0.00650000
v 0.00123604 0.02831370 -0.00650000
v 0.00103280 0.02779585 -0.00650000
v 0.00108253 0.02787500 -0.00650000
v -0.00062500 0.02958253 -0.01400000
v 0.00000000 0.02975000 -0.01400000
v 0.00062500 0.02958253 -0.01400000
v 0.00108253 0.02912500 -0.01400000
v 0.00125000 0.02850000 -0.01400000
v 0.00108253 0.02787500 -0.01400000
v 0.00062500 0.02741747 -0.01400000
v -0.00062500 0.02741747 -0.01400000
v 0.00000000 0.02725000 -0.01400000
v -0.00108253 0.02912500 -0.01400000
v -0.00125000 0.02850000 -0.01400000
v -0.00108253 0.02787500 -0.01400000
v 0.00400000 -0.03200000 -0.00838412
v 0.00451250 -0.03288767 -0.00900000
v 0.00400000 -0.03302500 -0.00900000
v 0.00488768 -0.03251250 -0.00900000
v 0.00502500 -0.03200000 -0.00900000
v 0.00311232 -0.03251250 -0.00900000
v 0.00297500 -0.03200000 -0.00900000
v 0.00348750 -0.03288767 -0.00900000
v 0.00307651 -0.03155527 -0.00900000
v 0.00377192 -0.03100070 -0.00900000
v 0.00422808 -0.03100070 -0.00900000
v 0.00336092 -0.03119862 -0.00900000
v 0.00492349 -0.03155527 -0.00900000
v 0.00463908 -0.03119862 -0.00900000
v 0.00297500 -0.03200000 -0.01400000
v 0.00307651 -0.03155527 -0.01400000
v 0.00336092 -0.03119862 -0.01400000
v 0.00377192 -0.03100070 -0.01400000
v 0.00422808 -0.03100070 -0.01400000
v 0.00463908 -0.03119862 -0.01400000
v 0.00492349 -0.03155527 -0.01400000
v 0.00502500 -0.03200000 -0.01400000
v 0.00488768 -0.03251250 -0.01400000
v 0.00311232 -0.03251250 -0.01400000
v 0.00348750 -0.03288767 -0.01400000
v 0.00400000 -0.03302500 -0.01400000
v 0.00451250 -0.03288767 -0.01400000
v -0.02468172 -0.01425000 -0.00574892
v -0.02593172 -0.01425000 -0.00650000
v -0.02576425 -0.01362500 -0.00650000
v -0.02576425 -0.01487500 -0.00650000
v -0.02530672 -0.01533253 -0.00650000
v -0.02468172 -0.01300000 -0.00650000
v -0.02405672 -0.01316747 -0.00650000
v -0.02530672 -0.01316747 -0.00650000
v -0.02530672 -0.01533253 -0.01400000
v -0.02576425 -0.01487500 -0.01400000
v -0.02593172 -0.01425000 -0.01400000
v -0.02576425 -0.01362500 -0.01400000
v -0.02530672 -0.01316747 -0.01400000
v -0.02468172 -0.01300000 -0.01400000
v -0.02405672 -0.01316747 -0.01400000
v -0.02477514 -0.01549651 -0.01400000
v -0.02422505 -0.01541359 -0.01400000
v -0.02376541 -0.01510022 -0.01400000
v -0.02348726 -0.01461844 -0.01400000
v -0.02344568 -0.01406370 -0.01400000
v -0.02364893 -0.01354585 -0.01400000
v -0.02364893 -0.01354585 -0.00650000
v -0.02344568 -0.01406370 -0.00650000
v -0.02348726 -0.01461844 -0.00650000
v -0.02376541 -0.01510022 -0.00650000
v -0.02422505 -0.01541359 -0.00650000
v -0.02477514 -0.01549651 -0.00650000
v -0.00400000 -0.03200000 -0.00838412
v -0.00297500 -0.03200000 -0.00900000
v -0.00307651 -0.03244473 -0.00900000
v -0.00377192 -0.03299930 -0.00900000
v -0.00422808 -0.03299930 -0.00900000
v -0.00336092 -0.03280138 -0.00900000
v -0.00492349 -0.03244473 -0.00900000
v -0.00502500 -0.03200000 -0.00900000
v -0.00463908 -0.03280138 -0.00900000
v -0.00451250 -0.03111232 -0.00900000
v -0.00400000 -0.03097500 -0.00900000
v -0.00488768 -0.03148750 -0.00900000
v -0.00311232 -0.03148750 -0.00900000
v -0.00348750 -0.03111232 -0.00900000
v -0.00502500 -0.03200000 -0.01400000
v -0.00488768 -0.03148750 -0.01400000
v -0.00451250 -0.03111232 -0.01400000
v -0.00400000 -0.03097500 -0.01400000
v -0.00348750 -0.03111232 -0.01400000
v -0.00311232 -0.03148750 -0.01400000
v -0.00297500 -0.03200000 -0.01400000
v -0.00307651 -0.03244473 -0.01400000
v -0.00336092 -0.03280138 -0.01400000
v -0.00377192 -0.03299930 -0.01400000
v -0.00422808 -0.03299930 -0.01400000
v -0.00463908 -0.03280138 -0.01400000
v -0.00492349 -0.03244473 -0.01400000
v -0.01087040 0.04056888 -0.02650000
v -0.01534432 0.03909670 -0.02650000
v 0.01418342 -0.03953265 -0.02650000
v -0.00439020 0.04176992 -0.02650000
v -0.01010991 -0.04076505 -0.02650000
v -0.00313866 -0.04188256 -0.02650000
v 0.00392127 -0.04181655 -0.02650000
v 0.01087040 -0.04056888 -0.02650000
v 0.04056888 0.01087040 -0.02650000
v 0.03836891 0.01708294 -0.02650000
v 0.03522416 0.02287484 -0.02650000
v 0.04085300 -0.00974842 -0.02650000
v 0.04190036 -0.00289128 -0.02650000
v 0.02049684 -0.03665896 -0.02650000
v -0.02167646 0.03597403 -0.02650000
v -0.02739607 0.03183481 -0.02650000
v -0.03234152 0.02679601 -0.02650000
v -0.04153090 -0.00625978 -0.02650000
v -0.04199266 0.00078535 -0.02650000
v -0.04126779 0.00780829 -0.02650000
v 0.04180479 0.00404472 -0.02650000
v 0.02100000 0.03637307 -0.02650000
v 0.01505145 0.03921038 -0.02650000
v -0.03637307 0.02100000 -0.02650000
v -0.03937678 0.01461058 -0.02650000
v -0.03989556 -0.01312801 -0.02650000
v -0.03713284 -0.01962528 -0.02650000
v -0.03332084 -0.02556798 -0.02650000
v -0.02856725 -0.03078818 -0.02650000
v -0.02300641 -0.03513836 -0.02650000
v -0.01679547 -0.03849562 -0.02650000
v 0.03128941 -0.02801737 -0.02650000
v 0.03547417 -0.02248518 -0.02650000
v 0.03869129 -0.01633965 -0.02650000
v 0.03121208 0.02810348 -0.02650000
v 0.02643146 0.03264013 -0.02650000
v 0.00873229 0.04108220 -0.02650000
v 0.00219811 0.04194244 -0.02650000
v 0.02625116 -0.03278531 -0.02650000
v 0.00392127 -0.04181655 -0.02700000
v 0.00057870 -0.04199601 -0.02700000
v 0.00057870 -0.04199601 -0.03100000
v -0.03822637 -0.01739956 -0.03100000
v -0.03484114 -0.02345411 -0.03100000
v -0.03484114 -0.02345411 -0.02700000
v -0.03713284 -0.01962528 -0.02700000
v -0.03822637 -0.01739956 -0.02700000
v -0.04056888 -0.01087040 -0.03100000
v -0.03989556 -0.01312801 -0.02700000
v -0.04056888 -0.01087040 -0.02700000
v -0.03050553 -0.02886889 -0.03100000
v -0.02533781 -0.03349620 -0.03100000
v -0.02533781 -0.03349620 -0.02700000
v -0.02856725 -0.03078818 -0.02700000
v -0.03050553 -0.02886889 -0.02700000
v -0.03332084 -0.02556798 -0.02700000
v -0.01947895 -0.03720982 -0.03100000
v -0.01308874 -0.03990845 -0.03100000
v -0.01308874 -0.03990845 -0.02700000
v -0.01679547 -0.03849562 -0.02700000
v -0.01947895 -0.03720982 -0.02700000
v -0.02300641 -0.03513836 -0.02700000
v -0.00634151 -0.04151849 -0.03100000
v -0.00313866 -0.04188256 -0.02700000
v -0.00634151 -0.04151849 -0.02700000
v -0.01010991 -0.04076505 -0.02700000
v 0.00748312 -0.04132799 -0.02700000
v 0.00748312 -0.04132799 -0.03100000
v 0.01087040 -0.04056888 -0.02700000
v 0.01418342 -0.03953265 -0.03100000
v 0.04180479 0.00404472 -0.03100000
v 0.04056888 0.01087040 -0.03100000
v 0.04056888 0.01087040 -0.02700000
v 0.02049684 -0.03665896 -0.03100000
v 0.02625116 -0.03278531 -0.03100000
v 0.03128941 -0.02801737 -0.03100000
v 0.03547417 -0.02248518 -0.03100000
v 0.03869129 -0.01633965 -0.03100000
v 0.04085300 -0.00974842 -0.03100000
v 0.04190036 -0.00289128 -0.03100000
v 0.03836891 0.01708294 -0.02700000
v 0.03817483 0.01751235 -0.02700000
v 0.03522416 0.02287484 -0.02700000
v 0.03470203 0.02365944 -0.02700000
v 0.03121208 0.02810348 -0.02700000
v 0.03024862 0.02913796 -0.02700000
v 0.02643146 0.03264013 -0.02700000
v 0.02494045 0.03379311 -0.02700000
v 0.02100000 0.03637307 -0.02700000
v 0.01892751 0.03749332 -0.02700000
v 0.01505145 0.03921038 -0.02700000
v 0.01237972 0.04013406 -0.02700000
v 0.00873229 0.04108220 -0.02700000
v 0.00548210 0.04164068 -0.02700000
v -0.01087040 0.04056888 -0.02700000
v -0.00857858 0.04111457 -0.02700000
v 0.00219811 0.04194244 -0.02700000
v -0.00157043 0.04197063 -0.02700000
v -0.00439020 0.04176992 -0.02700000
v 0.03817483 0.01751235 -0.03100000
v 0.03470203 0.02365944 -0.03100000
v 0.03024862 0.02913796 -0.03100000
v 0.02494045 0.03379311 -0.03100000
v 0.01892751 0.03749332 -0.03100000
v 0.01237972 0.04013406 -0.03100000
v 0.00548210 0.04164068 -0.03100000
v -0.00157043 0.04197063 -0.03100000
v -0.01534432 0.03909670 -0.03100000
v -0.00857858 0.04111457 -0.03100000
v -0.04153090 -0.00625978 -0.03100000
v -0.04199266 0.00078535 -0.03100000
v -0.04126779 0.00780829 -0.03100000
v -0.03937678 0.01461058 -0.03100000
v -0.03637307 0.02100000 -0.03100000
v -0.03234152 0.02679601 -0.03100000
v -0.02739607 0.03183481 -0.03100000
v -0.02167646 0.03597403 -0.03100000
v 0.00233942 0.04463874 -0.03100000
v -0.00467242 0.04445513 -0.03100000
v -0.01156921 0.04317689 -0.03100000
v -0.01818113 0.04083548 -0.03100000
v -0.02434536 0.03748858 -0.03100000
v -0.02991014 0.03321857 -0.03100000
v -0.03473843 0.02813062 -0.03100000
v -0.03871134 0.02235000 -0.03100000
v -0.04173104 0.01601905 -0.03100000
v -0.04372320 0.00929365 -0.03100000
v -0.04463874 0.00233942 -0.03100000
v -0.04445513 -0.00467242 -0.03100000
v -0.04317689 -0.01156921 -0.03100000
v -0.04083548 -0.01818113 -0.03100000
v -0.03748858 -0.02434536 -0.03100000
v -0.03321857 -0.02991014 -0.03100000
v -0.02813062 -0.03473843 -0.03100000
v -0.02235000 -0.03871134 -0.03100000
v -0.01601905 -0.04173104 -0.03100000
v -0.00929365 -0.04372320 -0.03100000
v -0.00233942 -0.04463874 -0.03100000
v 0.00467242 -0.04445513 -0.03100000
v 0.01156921 -0.04317689 -0.03100000
v 0.01818113 -0.04083548 -0.03100000
v 0.02434536 -0.03748858 -0.03100000
v 0.02991014 -0.03321857 -0.03100000
v 0.03473843 -0.02813062 -0.03100000
v 0.03871134 -0.02235000 -0.03100000
v 0.04173104 -0.01601905 -0.03100000
v 0.04372320 -0.00929365 -0.03100000
v 0.04463874 -0.00233942 -0.03100000
v 0.04445513 0.00467242 -0.03100000
v 0.04317689 0.01156921 -0.03100000
v 0.04083548 0.01818113 -0.03100000
v 0.03748858 0.02434536 -0.03100000
v 0.03321857 0.02991014 -0.03100000
v 0.02813062 0.03473843 -0.03100000
v 0.02235000 0.03871134 -0.03100000
v 0.01601905 0.04173104 -0.03100000
v 0.00929365 0.04372320 -0.03100000
v 0.04346666 0.01164686 -0.03130000
v 0.04110955 0.01830315 -0.03130000
v 0.03774017 0.02450876 -0.03130000
v 0.03344152 0.03011088 -0.03130000
v 0.02831942 0.03497157 -0.03130000
v 0.02250000 0.03897114 -0.03130000
v 0.01612656 0.04201112 -0.03130000
v 0.00935603 0.04401664 -0.03130000
v 0.00235512 0.04493833 -0.03130000
v -0.00470378 0.04475349 -0.03130000
v -0.01164686 0.04346666 -0.03130000
v -0.01830315 0.04110955 -0.03130000
v -0.02450876 0.03774017 -0.03130000
v -0.03011088 0.03344152 -0.03130000
v -0.03497157 0.02831942 -0.03130000
v -0.03897114 0.02250000 -0.03130000
v -0.04201112 0.01612656 -0.03130000
v -0.04401664 0.00935603 -0.03130000
v -0.04493833 0.00235512 -0.03130000
v -0.04475349 -0.00470378 -0.03130000
v -0.04346666 -0.01164686 -0.03130000
v 0.01164686 -0.04346666 -0.03130000
v 0.01830315 -0.04110955 -0.03130000
v 0.02450876 -0.03774017 -0.03130000
v 0.03011088 -0.03344152 -0.03130000
v 0.03497157 -0.02831942 -0.03130000
v 0.03897114 -0.02250000 -0.03130000
v 0.04201112 -0.01612656 -0.03130000
v 0.04401664 -0.00935603 -0.03130000
v 0.04493833 -0.00235512 -0.03130000
v 0.04475349 0.00470378 -0.03130000
v -0.04346666 -0.01164686 -0.04160000
v -0.04110955 -0.01830315 -0.04160000
v -0.04110955 -0.01830315 -0.03130000
v -0.03774017 -0.02450876 -0.04160000
v -0.03774017 -0.02450876 -0.03130000
v -0.03344151 -0.03011088 -0.04160000
v -0.03344151 -0.03011088 -0.03130000
v -0.02831942 -0.03497157 -0.04160000
v -0.02831942 -0.03497157 -0.03130000
v -0.02250000 -0.03897114 -0.04160000
v -0.02250000 -0.03897114 -0.03130000
v -0.01612656 -0.04201112 -0.04160000
v -0.01612656 -0.04201112 -0.03130000
v -0.00935603 -0.04401664 -0.04160000
v -0.00935603 -0.04401664 -0.03130000
v -0.00235512 -0.04493833 -0.04160000
v -0.00235512 -0.04493833 -0.03130000
v 0.00470378 -0.04475349 -0.04160000
v 0.00470378 -0.04475349 -0.03130000
v 0.01164686 -0.04346666 -0.04160000
v 0.01830315 -0.04110955 -0.04160000
v 0.02450876 -0.03774017 -0.04160000
v 0.03011088 -0.03344152 -0.04160000
v 0.03497157 -0.02831942 -0.04160000
v 0.03897114 -0.02250000 -0.04160000
v 0.04201112 -0.01612656 -0.04160000
v 0.04401664 -0.00935603 -0.04160000
v 0.04493833 -0.00235512 -0.04160000
v 0.04475349 0.00470378 -0.04160000
v 0.04346666 0.01164686 -0.04160000
v 0.04110955 0.01830315 -0.04160000
v 0.03774017 0.02450876 -0.04160000
v 0.03344152 0.03011088 -0.04160000
v 0.02831942 0.03497157 -0.04160000
v 0.02250000 0.03897114 -0.04160000
v 0.01612656 0.04201112 -0.04160000
v 0.00935603 0.04401664 -0.04160000
v 0.00235512 0.04493833 -0.04160000
v -0.00470378 0.04475349 -0.04160000
v -0.01164686 0.04346666 -0.04160000
v -0.01830315 0.04110955 -0.04160000
v -0.02450876 0.03774017 -0.04160000
v -0.03011088 0.03344152 -0.04160000
v -0.03497157 0.02831942 -0.04160000
v -0.03897114 0.02250000 -0.04160000
v -0.04201112 0.01612656 -0.04160000
v -0.04401664 0.00935603 -0.04160000
v -0.04493833 0.00235512 -0.04160000
v -0.04475349 -0.00470378 -0.04160000
v -0.04317689 -0.01156921 -0.04190000
v -0.04445513 -0.00467242 -0.04190000
v -0.04463874 0.00233942 -0.04190000
v -0.04372320 0.00929365 -0.04190000
v -0.04173104 0.01601905 -0.04190000
v -0.03871134 0.02235000 -0.04190000
v -0.03473843 0.02813062 -0.04190000
v -0.02991014 0.03321857 -0.04190000
v -0.02434536 0.03748858 -0.04190000
v -0.01818113 0.04083548 -0.04190000
v -0.01156921 0.04317689 -0.04190000
v -0.00467242 0.04445513 -0.04190000
v 0.00233942 0.04463874 -0.04190000
v 0.00929365 0.04372320 -0.04190000
v 0.01601905 0.04173104 -0.04190000
v 0.02235000 0.03871134 -0.04190000
v 0.02813062 0.03473843 -0.04190000
v 0.03321857 0.02991014 -0.04190000
v 0.03748858 0.02434536 -0.04190000
v 0.04083548 0.01818113 -0.04190000
v 0.04317689 0.01156921 -0.04190000
v 0.04445513 0.00467242 -0.04190000
v 0.04463874 -0.00233942 -0.04190000
v 0.04372320 -0.00929365 -0.04190000
v 0.04173104 -0.01601905 -0.04190000
v 0.03871134 -0.02235000 -0.04190000
v 0.03473843 -0.02813062 -0.04190000
v 0.02991014 -0.03321857 -0.04190000
v 0.02434536 -0.03748858 -0.04190000
v 0.01818113 -0.04083548 -0.04190000
v 0.01156921 -0.04317689 -0.04190000
v 0.00467242 -0.04445513 -0.04190000
v -0.00233942 -0.04463874 -0.04190000
v -0.00929365 -0.04372320 -0.04190000
v -0.01601905 -0.04173104 -0.04190000
v -0.02235000 -0.03871134 -0.04190000
v -0.02813062 -0.03473843 -0.04190000
v -0.03321857 -0.02991014 -0.04190000
v -0.03748858 -0.02434536 -0.04190000
v -0.04083548 -0.01818113 -0.04190000
v 0.02122887 -0.03796821 -0.04190000
v 0.01468998 -0.04094453 -0.04190000
v 0.00775037 -0.04280399 -0.04190000
v 0.00059936 -0.04349587 -0.04190000
v -0.00656800 -0.04300129 -0.04190000
v -0.01355620 -0.04133376 -0.04190000
v -0.02017462 -0.03853874 -0.04190000
v -0.02624273 -0.03469249 -0.04190000
v -0.03159501 -0.02989992 -0.04190000
v -0.03608546 -0.02429175 -0.04190000
v -0.03959160 -0.01802097 -0.04190000
v -0.04201777 -0.01125863 -0.04190000
v -0.04329782 -0.00418918 -0.04190000
v -0.04339680 0.00299454 -0.04190000
v -0.04231204 0.01009658 -0.04190000
v -0.04007312 0.01692321 -0.04190000
v -0.03674111 0.02328822 -0.04190000
v -0.03240689 0.02901799 -0.04190000
v -0.02718870 0.03395621 -0.04190000
v -0.02122887 0.03796821 -0.04190000
v -0.01468997 0.04094453 -0.04190000
v -0.00775037 0.04280399 -0.04190000
v -0.00059936 0.04349587 -0.04190000
v 0.00656800 0.04300129 -0.04190000
v 0.01355620 0.04133376 -0.04190000
v 0.02017462 0.03853874 -0.04190000
v 0.02624273 0.03469249 -0.04190000
v 0.03159501 0.02989992 -0.04190000
v 0.03608546 0.02429175 -0.04190000
v 0.03959160 0.01802097 -0.04190000
v 0.04201777 0.01125863 -0.04190000
v 0.04329782 0.00418918 -0.04190000
v 0.04339680 -0.00299454 -0.04190000
v 0.04231204 -0.01009658 -0.04190000
v 0.04007312 -0.01692321 -0.04190000
v 0.03674111 -0.02328822 -0.04190000
v 0.03240689 -0.02901799 -0.04190000
v 0.02718870 -0.03395621 -0.04190000
v -0.04153481 -0.01112922 -0.04140000
v -0.04280014 -0.00414103 -0.04140000
v -0.04289799 0.00296012 -0.04140000
v -0.04182570 0.00998053 -0.04140000
v -0.03961251 0.01672869 -0.04140000
v -0.03631879 0.02302054 -0.04140000
v -0.03203440 0.02868444 -0.04140000
v -0.02687619 0.03356592 -0.04140000
v -0.02098486 0.03753179 -0.04140000
v -0.01452112 0.04047390 -0.04140000
v -0.00766129 0.04231199 -0.04140000
v -0.00059247 0.04299592 -0.04140000
v 0.00649250 0.04250703 -0.04140000
v 0.01340038 0.04085866 -0.04140000
v 0.01994273 0.03809576 -0.04140000
v 0.02594110 0.03429373 -0.04140000
v 0.03123185 0.02955624 -0.04140000
v 0.03567069 0.02401254 -0.04140000
v 0.03913652 0.01781384 -0.04140000
v 0.04153481 0.01112922 -0.04140000
v 0.04280014 0.00414103 -0.04140000
v 0.04289799 -0.00296012 -0.04140000
v 0.04182570 -0.00998053 -0.04140000
v 0.03961251 -0.01672869 -0.04140000
v 0.03631879 -0.02302054 -0.04140000
v 0.03203440 -0.02868444 -0.04140000
v 0.02687619 -0.03356592 -0.04140000
v 0.02098486 -0.03753179 -0.04140000
v 0.01452112 -0.04047390 -0.04140000
v 0.00766129 -0.04231199 -0.04140000
v 0.00059247 -0.04299592 -0.04140000
v -0.00649250 -0.04250703 -0.04140000
v -0.01340038 -0.04085866 -0.04140000
v -0.01994273 -0.03809576 -0.04140000
v -0.02594110 -0.03429373 -0.04140000
v -0.03123185 -0.02955624 -0.04140000
v -0.03567069 -0.02401254 -0.04140000
v -0.03913652 -0.01781384 -0.04140000
v 0.04153481 0.01112922 -0.03640000
v 0.04280014 0.00414103 -0.03640000
v 0.04289799 -0.00296012 -0.03640000
v 0.04182570 -0.00998053 -0.03640000
v 0.03961251 -0.01672869 -0.03640000
v 0.03631879 -0.02302054 -0.03640000
v 0.03203440 -0.02868444 -0.03640000
v 0.02687619 -0.03356592 -0.03640000
v 0.02098486 -0.03753179 -0.03640000
v 0.01452112 -0.04047390 -0.03640000
v 0.00766129 -0.04231199 -0.03640000
v 0.00059247 -0.04299592 -0.03640000
v -0.00649250 -0.04250703 -0.03640000
v -0.01340038 -0.04085866 -0.03640000
v -0.01994273 -0.03809576 -0.03640000
v -0.02594110 -0.03429373 -0.03640000
v -0.03123185 -0.02955624 -0.03640000
v -0.03567069 -0.02401254 -0.03640000
v -0.03913652 -0.01781384 -0.03640000
v -0.04153481 -0.01112922 -0.03640000
v 0.03913652 0.01781384 -0.03640000
v -0.04280014 -0.00414103 -0.03640000
v -0.04289799 0.00296012 -0.03640000
v -0.04182570 0.00998053 -0.03640000
v -0.02098486 0.03753179 -0.03640000
v -0.02687619 0.03356592 -0.03640000
v -0.03203440 0.02868444 -0.03640000
v -0.03961251 0.01672869 -0.03640000
v -0.03631879 0.02302054 -0.03640000
v -0.01452112 0.04047390 -0.03640000
v -0.00766129 0.04231199 -0.03640000
v -0.00059247 0.04299592 -0.03640000
v 0.00649250 0.04250703 -0.03640000
v 0.01340038 0.04085866 -0.03640000
v 0.01994273 0.03809576 -0.03640000
v 0.02594110 0.03429373 -0.03640000
v 0.03123185 0.02955624 -0.03640000
v 0.03567069 0.02401254 -0.03640000
f 1 2 3
f 3 2 4
f 5 6 7
f 7 6 8
f 7 8 9
f 9 8 10
f 11 12 13
f 14 15 16
f 16 15 17
f 16 17 18
f 19 20 21
f 13 12 20
f 20 12 22
f 20 22 21
f 13 23 11
f 11 23 9
f 11 9 24
f 24 9 10
f 24 10 25
f 25 10 26
f 25 26 27
f 27 26 28
f 22 27 21
f 21 27 28
f 21 28 29
f 29 28 5
f 29 5 30
f 31 32 33
f 31 33 34
f 35 36 37
f 37 36 38
f 39 32 40
f 40 32 31
f 40 31 41
f 41 31 42
f 41 42 43
f 37 44 45
f 46 47 48
f 48 47 49
f 48 49 50
f 50 49 51
f 50 51 52
f 52 51 53
f 33 47 34
f 34 47 46
f 34 46 54
f 54 46 55
f 54 55 45
f 45 55 56
f 45 56 37
f 57 58 59
f 59 58 60
f 59 60 61
f 61 60 62
f 63 64 65
f 66 61 67
f 66 67 68
f 68 67 69
f 68 69 47
f 65 64 70
f 56 52 37
f 37 52 53
f 37 53 71
f 71 53 72
f 71 72 73
f 64 74 70
f 70 74 71
f 70 71 75
f 75 71 73
f 75 73 76
f 76 73 77
f 76 77 69
f 69 77 78
f 69 78 47
f 47 78 79
f 47 79 49
f 65 67 63
f 63 67 61
f 63 61 80
f 80 61 62
f 80 62 81
f 81 62 82
f 81 82 83
f 83 82 84
f 74 83 71
f 71 83 84
f 71 84 85
f 85 84 57
f 86 87 61
f 88 61 89
f 59 90 91
f 57 59 85
f 85 59 91
f 85 91 92
f 90 59 93
f 93 59 61
f 93 61 94
f 94 61 87
f 94 87 95
f 95 87 96
f 95 96 92
f 92 96 97
f 92 97 85
f 98 99 100
f 100 99 101
f 100 101 102
f 97 99 85
f 85 99 98
f 85 98 103
f 103 98 104
f 105 106 107
f 108 109 110
f 111 110 112
f 112 110 109
f 112 109 113
f 114 115 116
f 117 118 116
f 88 89 119
f 119 89 110
f 119 110 120
f 120 110 111
f 120 111 121
f 121 111 122
f 121 122 123
f 122 117 123
f 123 117 116
f 123 116 124
f 124 116 103
f 124 103 125
f 125 103 104
f 125 104 126
f 126 104 127
f 126 127 88
f 88 127 128
f 88 128 61
f 61 128 102
f 61 102 86
f 86 102 101
f 107 106 129
f 106 114 129
f 129 114 116
f 129 116 130
f 130 116 118
f 130 118 113
f 113 118 131
f 113 131 112
f 132 133 134
f 135 136 137
f 138 139 140
f 141 142 140
f 140 142 143
f 140 143 138
f 134 133 144
f 145 146 147
f 147 146 148
f 147 148 141
f 141 148 149
f 141 149 142
f 138 135 139
f 139 135 137
f 139 137 150
f 150 137 151
f 150 151 145
f 145 151 152
f 145 152 146
f 146 152 144
f 146 144 153
f 153 144 133
f 134 136 132
f 132 136 135
f 132 135 154
f 154 135 155
f 154 155 156
f 156 155 157
f 156 157 158
f 158 157 159
f 160 161 162
f 162 161 163
f 164 165 166
f 162 167 168
f 169 135 170
f 170 135 171
f 153 158 146
f 146 158 159
f 146 159 172
f 172 159 173
f 172 173 174
f 166 165 175
f 176 172 177
f 177 172 174
f 177 174 178
f 178 174 179
f 178 179 169
f 169 179 180
f 169 180 135
f 135 180 181
f 135 181 155
f 171 162 170
f 170 162 168
f 170 168 182
f 182 168 183
f 182 183 176
f 176 183 184
f 176 184 172
f 172 184 175
f 172 175 185
f 185 175 165
f 166 167 164
f 164 167 162
f 164 162 186
f 186 162 163
f 186 163 187
f 187 163 188
f 187 188 189
f 189 188 190
f 5 7 30
f 30 7 191
f 30 191 192
f 192 191 193
f 192 193 194
f 195 196 194
f 197 198 199
f 199 198 200
f 199 201 9
f 9 201 202
f 203 204 205
f 205 204 195
f 205 195 206
f 206 195 194
f 206 194 207
f 207 194 193
f 207 193 208
f 208 193 209
f 208 209 202
f 202 209 210
f 202 210 9
f 9 210 211
f 9 211 7
f 7 211 212
f 7 212 191
f 213 214 215
f 215 214 216
f 217 218 219
f 220 199 221
f 221 199 215
f 205 201 203
f 203 201 199
f 203 199 222
f 222 199 200
f 222 200 223
f 223 200 224
f 223 224 196
f 196 224 225
f 196 225 194
f 194 225 226
f 194 226 227
f 227 226 228
f 227 228 229
f 229 228 230
f 231 230 232
f 232 230 228
f 232 228 233
f 233 228 234
f 233 234 235
f 236 237 230
f 219 218 238
f 218 236 238
f 238 236 230
f 238 230 239
f 239 230 231
f 239 231 240
f 240 231 241
f 240 241 220
f 220 241 242
f 220 242 199
f 199 242 235
f 199 235 197
f 197 235 234
f 243 244 245
f 245 244 246
f 247 248 249
f 250 215 251
f 251 215 245
f 219 221 217
f 217 221 215
f 217 215 252
f 252 215 216
f 252 216 253
f 253 216 254
f 253 254 237
f 237 254 255
f 237 255 230
f 230 255 256
f 230 256 257
f 258 230 259
f 259 230 257
f 259 257 260
f 260 257 261
f 260 261 262
f 249 248 2
f 261 213 262
f 262 213 215
f 262 215 263
f 263 215 250
f 263 250 264
f 264 250 265
f 264 265 258
f 258 265 4
f 258 4 230
f 230 4 2
f 230 2 266
f 266 2 248
f 249 251 247
f 247 251 245
f 247 245 267
f 267 245 246
f 267 246 268
f 268 246 269
f 268 269 270
f 270 269 271
f 272 273 274
f 274 273 275
f 274 275 276
f 276 275 277
f 276 278 279
f 245 276 243
f 243 276 279
f 243 279 280
f 280 279 281
f 280 281 282
f 266 270 230
f 230 270 271
f 230 271 283
f 283 271 284
f 283 284 285
f 285 284 282
f 285 282 286
f 286 282 281
f 287 288 289
f 289 288 290
f 289 290 291
f 286 288 285
f 285 288 287
f 285 287 292
f 292 287 293
f 292 293 294
f 294 293 295
f 272 295 296
f 296 295 293
f 296 293 297
f 297 293 298
f 297 298 277
f 277 298 299
f 277 299 276
f 276 299 291
f 276 291 278
f 278 291 290
f 272 274 295
f 295 274 300
f 295 300 301
f 301 300 302
f 301 302 303
f 304 305 303
f 306 307 308
f 308 307 309
f 310 311 312
f 312 311 313
f 308 304 306
f 306 304 303
f 306 303 314
f 314 303 302
f 314 302 315
f 315 302 316
f 315 316 317
f 317 316 318
f 319 317 312
f 312 317 318
f 312 318 276
f 276 318 320
f 276 320 274
f 274 320 321
f 274 321 300
f 185 189 172
f 172 189 190
f 172 190 322
f 322 190 323
f 322 323 324
f 325 326 327
f 322 328 329
f 307 319 309
f 309 319 312
f 309 312 330
f 330 312 313
f 330 313 331
f 331 313 332
f 331 332 305
f 305 332 333
f 305 333 303
f 303 333 334
f 303 334 335
f 335 334 336
f 335 336 337
f 337 336 162
f 338 339 162
f 327 326 340
f 326 338 340
f 340 338 162
f 340 162 341
f 341 162 336
f 341 336 342
f 342 336 343
f 342 343 329
f 329 343 310
f 329 310 322
f 322 310 312
f 344 322 345
f 345 322 324
f 345 324 346
f 346 324 347
f 346 347 348
f 347 160 348
f 348 160 162
f 348 162 349
f 349 162 339
f 349 339 350
f 350 339 351
f 350 351 344
f 344 351 352
f 344 352 322
f 322 352 325
f 322 325 328
f 328 325 327
f 353 354 355
f 355 354 356
f 355 356 357
f 358 359 360
f 354 361 362
f 362 361 363
f 362 363 364
f 360 359 365
f 366 367 368
f 368 367 369
f 360 361 358
f 358 361 354
f 358 354 370
f 370 354 353
f 370 353 371
f 371 353 372
f 371 372 366
f 366 372 373
f 366 373 367
f 367 373 374
f 367 374 375
f 375 374 357
f 375 357 376
f 376 357 356
f 377 378 379
f 107 108 105
f 105 108 110
f 105 110 380
f 380 110 381
f 380 381 382
f 382 381 383
f 382 383 115
f 115 383 384
f 115 384 116
f 116 384 385
f 116 385 386
f 116 387 369
f 369 387 388
f 389 116 390
f 390 116 386
f 390 386 391
f 391 386 392
f 391 392 393
f 394 395 364
f 359 368 365
f 365 368 369
f 365 369 396
f 396 369 397
f 396 397 398
f 398 397 399
f 398 399 363
f 363 399 400
f 363 400 364
f 364 400 401
f 364 401 402
f 379 378 403
f 378 394 403
f 403 394 364
f 403 364 404
f 404 364 402
f 404 402 405
f 405 402 406
f 405 406 388
f 388 406 407
f 388 407 369
f 369 407 408
f 369 408 397
f 379 387 377
f 377 387 116
f 377 116 409
f 409 116 389
f 409 389 410
f 410 389 411
f 410 411 395
f 395 411 412
f 395 412 364
f 364 412 393
f 364 393 413
f 413 393 392
f 110 414 381
f 381 414 415
f 381 415 416
f 416 415 417
f 416 417 413
f 413 417 418
f 413 418 364
f 23 15 9
f 9 15 14
f 9 14 419
f 419 14 420
f 419 420 421
f 422 423 37
f 424 419 425
f 425 419 421
f 425 421 426
f 426 421 427
f 426 427 428
f 42 44 43
f 43 44 37
f 43 37 429
f 429 37 38
f 429 38 430
f 430 38 431
f 430 431 39
f 39 431 432
f 39 432 32
f 32 432 433
f 32 433 434
f 435 32 436
f 436 32 434
f 436 434 437
f 437 434 438
f 437 438 439
f 438 35 439
f 439 35 37
f 439 37 440
f 440 37 423
f 440 423 441
f 441 423 442
f 441 442 435
f 435 442 443
f 435 443 32
f 32 443 444
f 37 419 422
f 422 419 424
f 422 424 445
f 445 424 446
f 445 446 444
f 444 446 447
f 444 447 32
f 32 447 428
f 32 428 448
f 448 428 427
f 17 19 18
f 18 19 21
f 18 21 449
f 449 21 450
f 449 450 448
f 448 450 451
f 448 451 32
f 452 453 454
f 455 456 457
f 458 459 460
f 142 461 143
f 143 461 462
f 463 464 465
f 143 466 467
f 467 466 468
f 467 468 469
f 465 464 470
f 471 472 473
f 473 472 474
f 465 466 463
f 463 466 143
f 463 143 475
f 475 143 462
f 475 462 476
f 476 462 477
f 476 477 478
f 478 477 479
f 480 478 473
f 473 478 479
f 473 479 146
f 146 479 481
f 146 481 148
f 482 483 484
f 485 486 487
f 482 488 489
f 356 354 490
f 490 354 491
f 490 491 492
f 375 493 367
f 367 493 494
f 487 486 495
f 491 482 492
f 492 482 489
f 492 489 496
f 496 489 497
f 496 497 494
f 494 497 498
f 494 498 367
f 367 498 495
f 367 495 499
f 499 495 486
f 487 488 485
f 485 488 482
f 485 482 500
f 500 482 484
f 500 484 501
f 501 484 502
f 501 502 503
f 503 502 504
f 505 506 507
f 507 506 508
f 509 510 511
f 507 512 513
f 483 482 514
f 514 482 515
f 514 515 507
f 511 510 516
f 499 503 367
f 367 503 504
f 367 504 517
f 517 504 518
f 517 518 519
f 520 517 521
f 521 517 519
f 521 519 522
f 522 519 523
f 522 523 524
f 523 514 524
f 524 514 507
f 524 507 525
f 525 507 513
f 525 513 526
f 526 513 527
f 526 527 520
f 520 527 528
f 520 528 517
f 517 528 516
f 517 516 529
f 529 516 510
f 511 512 509
f 509 512 507
f 509 507 530
f 530 507 508
f 530 508 531
f 531 508 532
f 531 532 533
f 533 532 534
f 535 536 537
f 538 507 539
f 538 539 540
f 540 539 541
f 540 541 542
f 543 544 545
f 546 547 548
f 545 544 549
f 544 546 549
f 549 546 548
f 549 548 550
f 550 548 551
f 550 551 534
f 534 551 517
f 534 517 533
f 533 517 529
f 552 553 548
f 537 536 554
f 536 552 554
f 554 552 548
f 554 548 555
f 555 548 547
f 555 547 556
f 556 547 557
f 556 557 538
f 538 557 558
f 538 558 507
f 507 558 543
f 507 543 505
f 505 543 545
f 559 560 561
f 562 563 564
f 564 563 565
f 564 566 567
f 568 569 542
f 542 569 570
f 542 570 571
f 561 560 572
f 537 540 535
f 535 540 542
f 535 542 573
f 573 542 571
f 573 571 574
f 574 571 575
f 574 575 553
f 553 575 576
f 553 576 548
f 548 576 577
f 548 577 578
f 568 564 569
f 569 564 567
f 569 567 579
f 579 567 580
f 579 580 578
f 578 580 581
f 578 581 548
f 548 581 572
f 548 572 582
f 582 572 560
f 561 566 559
f 559 566 564
f 559 564 583
f 583 564 565
f 583 565 584
f 584 565 585
f 584 585 586
f 586 585 587
f 582 586 548
f 548 586 587
f 548 587 588
f 588 587 589
f 588 589 562
f 562 589 590
f 562 590 563
f 591 592 593
f 593 592 594
f 593 595 596
f 597 598 599
f 597 599 564
f 564 599 600
f 564 600 562
f 600 601 562
f 562 601 602
f 562 602 588
f 588 602 603
f 598 593 599
f 599 593 596
f 599 596 604
f 604 596 605
f 604 605 603
f 603 605 606
f 603 606 588
f 588 606 607
f 608 588 609
f 609 588 607
f 609 607 610
f 610 607 611
f 610 611 612
f 611 595 612
f 612 595 593
f 612 593 613
f 613 593 594
f 613 594 614
f 614 594 615
f 614 615 608
f 608 615 458
f 608 458 588
f 588 458 460
f 616 617 618
f 619 593 620
f 619 620 621
f 622 623 624
f 624 623 625
f 624 625 626
f 459 623 460
f 460 623 622
f 460 622 627
f 627 622 628
f 629 593 630
f 630 593 619
f 630 619 631
f 631 619 632
f 631 632 633
f 634 635 627
f 632 634 633
f 633 634 627
f 633 627 636
f 636 627 628
f 636 628 637
f 637 628 638
f 637 638 629
f 629 638 639
f 629 639 593
f 593 639 626
f 593 626 591
f 591 626 625
f 640 641 642
f 643 644 456
f 617 616 457
f 457 616 645
f 457 645 455
f 646 647 648
f 642 641 649
f 641 646 649
f 649 646 648
f 649 648 650
f 650 648 627
f 650 627 651
f 651 627 635
f 651 635 652
f 652 635 653
f 652 653 618
f 618 653 621
f 618 621 616
f 616 621 620
f 654 655 648
f 642 457 640
f 640 457 456
f 640 456 656
f 656 456 644
f 656 644 657
f 657 644 658
f 657 658 647
f 647 658 659
f 647 659 648
f 648 659 660
f 648 660 654
f 654 660 661
f 654 661 662
f 662 661 663
f 664 665 666
f 667 456 668
f 668 456 669
f 661 643 663
f 663 643 456
f 663 456 670
f 670 456 671
f 670 671 672
f 672 671 673
f 672 673 655
f 655 673 674
f 655 674 648
f 648 674 675
f 648 675 676
f 676 675 677
f 678 679 676
f 680 456 681
f 681 456 667
f 681 667 682
f 682 667 683
f 682 683 684
f 683 678 684
f 684 678 676
f 684 676 685
f 685 676 677
f 685 677 686
f 686 677 687
f 686 687 680
f 680 687 688
f 680 688 456
f 456 688 689
f 456 689 671
f 690 691 692
f 692 691 676
f 692 676 693
f 693 676 679
f 693 679 694
f 694 679 695
f 694 695 666
f 666 695 668
f 666 668 664
f 664 668 669
f 696 697 698
f 699 700 701
f 699 702 703
f 664 704 705
f 705 706 664
f 664 706 691
f 664 691 665
f 665 691 690
f 706 707 691
f 691 707 708
f 691 708 676
f 676 708 709
f 698 697 710
f 704 699 705
f 705 699 703
f 705 703 711
f 711 703 712
f 711 712 709
f 709 712 713
f 709 713 676
f 676 713 710
f 676 710 714
f 714 710 697
f 698 702 696
f 696 702 699
f 696 699 715
f 715 699 701
f 715 701 716
f 716 701 717
f 716 717 718
f 718 717 719
f 720 721 453
f 453 721 722
f 453 723 724
f 700 699 454
f 454 699 725
f 454 725 452
f 714 718 676
f 676 718 719
f 676 719 726
f 726 719 727
f 726 727 728
f 729 726 730
f 730 726 728
f 730 728 731
f 731 728 732
f 731 732 733
f 734 735 736
f 732 454 733
f 733 454 453
f 733 453 737
f 737 453 724
f 737 724 738
f 738 724 739
f 738 739 729
f 729 739 740
f 729 740 726
f 726 740 741
f 736 726 734
f 734 726 741
f 734 741 742
f 742 741 743
f 742 743 744
f 743 723 744
f 744 723 453
f 744 453 745
f 745 453 722
f 745 722 746
f 746 722 747
f 746 747 735
f 735 747 748
f 735 748 736
f 736 748 749
f 736 749 750
f 751 736 752
f 752 736 750
f 752 750 753
f 753 750 754
f 753 754 755
f 756 453 757
f 757 453 758
f 757 758 759
f 759 758 760
f 759 760 761
f 754 720 755
f 755 720 453
f 755 453 762
f 762 453 756
f 762 756 763
f 763 756 764
f 763 764 751
f 751 764 765
f 751 765 736
f 736 765 761
f 736 761 766
f 766 761 760
f 767 768 769
f 769 768 770
f 769 770 771
f 771 770 772
f 773 774 775
f 775 774 776
f 775 776 777
f 778 779 780
f 780 779 781
f 780 781 782
f 783 778 784
f 784 778 780
f 784 780 785
f 785 780 786
f 785 786 787
f 766 771 736
f 736 771 772
f 736 772 788
f 788 772 789
f 788 789 790
f 781 774 782
f 782 774 773
f 782 773 791
f 791 773 792
f 791 792 793
f 793 792 794
f 786 795 787
f 787 795 788
f 787 788 796
f 796 788 790
f 796 790 797
f 797 790 798
f 797 798 783
f 783 798 799
f 783 799 778
f 778 799 800
f 778 800 801
f 801 800 768
f 801 768 453
f 453 768 767
f 453 767 758
f 795 793 788
f 788 793 794
f 788 794 802
f 802 794 803
f 804 805 806
f 806 805 807
f 808 774 809
f 808 809 810
f 811 812 813
f 813 812 802
f 813 802 776
f 776 802 803
f 776 803 777
f 814 774 815
f 815 774 808
f 815 808 816
f 816 808 817
f 816 817 818
f 819 820 812
f 817 819 818
f 818 819 812
f 818 812 821
f 821 812 811
f 821 811 822
f 822 811 823
f 822 823 814
f 814 823 824
f 814 824 774
f 774 824 825
f 774 825 776
f 776 825 826
f 776 826 813
f 827 828 806
f 829 830 831
f 832 833 834
f 835 836 837
f 834 833 838
f 833 835 838
f 838 835 837
f 838 837 839
f 839 837 812
f 839 812 840
f 840 812 820
f 840 820 841
f 841 820 842
f 841 842 807
f 807 842 810
f 807 810 806
f 806 810 809
f 843 844 837
f 831 830 845
f 830 843 845
f 845 843 837
f 845 837 846
f 846 837 836
f 846 836 847
f 847 836 848
f 847 848 828
f 828 848 849
f 828 849 806
f 806 849 832
f 806 832 804
f 804 832 834
f 850 851 852
f 464 480 470
f 470 480 473
f 470 473 853
f 853 473 474
f 853 474 854
f 854 474 855
f 854 855 468
f 468 855 856
f 468 856 469
f 469 856 857
f 469 857 858
f 469 859 860
f 860 859 861
f 860 861 862
f 863 864 473
f 831 827 829
f 829 827 806
f 829 806 865
f 865 806 866
f 865 866 867
f 867 866 868
f 867 868 844
f 844 868 869
f 844 869 837
f 837 869 870
f 837 870 473
f 473 870 871
f 852 851 872
f 851 863 872
f 872 863 473
f 872 473 873
f 873 473 871
f 873 871 874
f 874 871 875
f 874 875 861
f 861 875 876
f 861 876 862
f 862 876 877
f 862 877 878
f 878 877 866
f 878 866 879
f 879 866 806
f 880 469 881
f 881 469 858
f 881 858 882
f 882 858 883
f 882 883 884
f 883 471 884
f 884 471 473
f 884 473 885
f 885 473 864
f 885 864 886
f 886 864 887
f 886 887 880
f 880 887 888
f 880 888 469
f 469 888 850
f 469 850 859
f 859 850 852
f 356 490 376
f 376 490 493
f 376 493 375
f 889 493 890
f 890 493 490
f 493 889 494
f 494 889 891
f 890 892 889
f 889 892 891
f 890 490 892
f 892 490 492
f 494 891 496
f 496 891 892
f 496 892 492
f 893 276 894
f 894 276 245
f 894 245 895
f 895 245 215
f 895 215 896
f 896 215 199
f 896 199 897
f 897 199 9
f 897 9 898
f 898 9 419
f 898 419 899
f 899 419 37
f 899 37 900
f 901 802 902
f 902 802 812
f 902 812 903
f 903 812 837
f 903 837 904
f 904 837 473
f 904 473 905
f 905 473 146
f 905 146 906
f 906 146 172
f 906 172 907
f 907 172 322
f 907 322 893
f 893 322 312
f 893 312 276
f 37 71 900
f 900 71 85
f 900 85 908
f 908 85 103
f 908 103 909
f 909 103 116
f 909 116 910
f 910 116 369
f 910 369 911
f 911 369 367
f 911 367 912
f 912 367 517
f 912 517 913
f 913 517 551
f 913 551 914
f 551 548 914
f 914 548 588
f 914 588 915
f 915 588 460
f 915 460 916
f 916 460 627
f 916 627 917
f 917 627 648
f 917 648 918
f 918 648 676
f 918 676 919
f 919 676 726
f 919 726 920
f 920 726 736
f 920 736 901
f 901 736 788
f 901 788 802
f 921 897 922
f 922 897 898
f 922 898 923
f 923 898 899
f 923 899 924
f 924 899 900
f 924 900 925
f 925 900 908
f 925 908 926
f 926 908 909
f 926 909 927
f 927 909 910
f 927 910 928
f 928 910 911
f 929 930 931
f 931 930 932
f 931 932 933
f 933 932 934
f 933 934 935
f 935 934 936
f 935 936 937
f 937 936 938
f 937 938 939
f 939 938 940
f 939 940 941
f 941 940 942
f 941 942 943
f 943 942 921
f 943 921 944
f 944 921 922
f 944 922 945
f 945 922 923
f 945 923 946
f 946 923 924
f 946 924 947
f 947 924 925
f 947 925 948
f 948 925 926
f 948 926 949
f 949 926 927
f 949 927 950
f 950 927 928
f 950 928 951
f 951 928 952
f 951 952 953
f 953 952 954
f 953 954 955
f 955 954 956
f 955 956 957
f 957 956 958
f 957 958 959
f 959 958 960
f 959 960 961
f 961 960 962
f 961 962 963
f 963 962 964
f 963 964 965
f 965 964 966
f 965 966 967
f 967 966 968
f 967 968 969
f 969 968 970
f 969 970 971
f 971 970 972
f 971 972 973
f 973 972 974
f 973 974 975
f 975 974 976
f 975 976 929
f 929 976 930
f 928 911 952
f 952 911 912
f 952 912 954
f 954 912 913
f 954 913 956
f 956 913 914
f 956 914 958
f 958 914 915
f 958 915 960
f 960 915 916
f 960 916 962
f 962 916 917
f 962 917 964
f 964 917 918
f 964 918 966
f 966 918 919
f 966 919 968
f 968 919 920
f 968 920 970
f 970 920 901
f 970 901 972
f 972 901 902
f 972 902 974
f 974 902 903
f 974 903 976
f 976 903 904
f 976 904 930
f 930 904 905
f 930 905 932
f 932 905 906
f 932 906 934
f 934 906 907
f 934 907 936
f 936 907 893
f 936 893 938
f 938 893 894
f 938 894 940
f 940 894 895
f 940 895 942
f 942 895 896
f 942 896 921
f 921 896 897
f 977 951 953
f 950 951 977
f 977 957 959
f 955 957 977
f 953 955 977
f 977 963 965
f 961 963 977
f 959 961 977
f 977 969 971
f 967 969 977
f 965 967 977
f 977 975 929
f 973 975 977
f 971 973 977
f 977 931 933
f 929 931 977
f 977 937 939
f 935 937 977
f 933 935 977
f 977 943 944
f 941 943 977
f 939 941 977
f 977 946 947
f 945 946 977
f 944 945 977
f 977 949 950
f 948 949 977
f 947 948 977
f 148 481 149
f 149 481 461
f 149 461 142
f 481 978 461
f 461 978 979
f 980 979 981
f 981 979 978
f 980 462 979
f 979 462 461
f 462 980 477
f 477 980 981
f 477 981 479
f 479 981 481
f 481 981 978
f 469 860 982
f 983 984 985
f 985 984 986
f 987 988 989
f 990 991 992
f 992 991 993
f 992 993 994
f 994 993 995
f 994 995 996
f 996 995 997
f 996 997 998
f 998 997 999
f 998 999 1000
f 1000 999 1001
f 1000 1001 1002
f 1002 1001 1003
f 1002 1003 1004
f 1004 1003 1005
f 1004 1005 1006
f 1006 1005 1007
f 1006 1007 1008
f 1008 1007 1009
f 991 1010 993
f 993 1010 1011
f 993 1011 995
f 995 1011 1012
f 995 1012 997
f 997 1012 1013
f 997 1013 999
f 999 1013 1014
f 999 1014 1001
f 1001 1014 1015
f 1001 1015 1003
f 1003 1015 1016
f 1003 1016 1005
f 1005 1016 1017
f 1005 1017 1007
f 1007 1017 1018
f 1007 1018 1009
f 1009 1018 1019
f 542 541 1020
f 1020 541 1019
f 1020 1019 1021
f 1021 1019 1018
f 1021 1018 1022
f 1022 1018 1017
f 1022 1017 1023
f 1023 1017 1016
f 1023 1016 1024
f 1024 1016 1015
f 1024 1015 1025
f 1025 1015 1014
f 1025 1014 1026
f 1026 1014 1013
f 1026 1013 1027
f 1027 1013 1012
f 1027 1012 1028
f 1028 1012 1011
f 1028 1011 1029
f 1029 1011 1010
f 1029 1010 1030
f 1031 1032 1033
f 1033 1032 1034
f 1033 1034 1035
f 1035 1034 1036
f 1035 1036 1037
f 1037 1036 1038
f 1037 1038 1039
f 1039 1038 1040
f 1039 1040 1041
f 1041 1040 1042
f 1041 1042 1043
f 1043 1042 1044
f 1043 1044 1045
f 1045 1044 1046
f 1045 1046 1047
f 1047 1046 1048
f 1047 1048 1049
f 1049 1048 1050
f 1049 1050 1051
f 1051 1050 1052
f 1032 1053 1034
f 1034 1053 1054
f 1034 1054 1036
f 1036 1054 1055
f 1036 1055 1038
f 1038 1055 1056
f 1038 1056 1040
f 1040 1056 1057
f 1040 1057 1042
f 1042 1057 1058
f 1042 1058 1044
f 1044 1058 1059
f 1044 1059 1046
f 1046 1059 1060
f 1046 1060 1048
f 1048 1060 1061
f 1048 1061 1050
f 1050 1061 1062
f 1050 1062 1052
f 1052 1062 1063
f 1052 1063 598
f 598 1063 593
f 1064 1065 1066
f 1066 1065 1067
f 1066 1067 1068
f 1068 1067 1069
f 1068 1069 1070
f 1070 1069 1071
f 1070 1071 1072
f 1072 1071 1073
f 1072 1073 1074
f 1074 1073 1075
f 1074 1075 1076
f 1076 1075 1077
f 1076 1077 1078
f 1078 1077 1079
f 1078 1079 1080
f 1080 1079 1081
f 1080 1081 1082
f 1082 1081 1083
f 1082 1083 1084
f 1084 1083 1085
f 1065 1086 1067
f 1067 1086 1087
f 1067 1087 1069
f 1069 1087 1088
f 1069 1088 1071
f 1071 1088 1089
f 1071 1089 1073
f 1073 1089 1090
f 1073 1090 1075
f 1075 1090 1091
f 1075 1091 1077
f 1077 1091 1092
f 1077 1092 1079
f 1079 1092 1093
f 1079 1093 1081
f 1081 1093 1094
f 1081 1094 1083
f 1083 1094 1095
f 1083 1095 1085
f 1085 1095 1096
f 1085 1096 455
f 455 1096 456
f 1097 1098 1099
f 1099 1098 1100
f 1099 1100 1101
f 1101 1100 1102
f 1101 1102 1103
f 1103 1102 1104
f 1103 1104 1105
f 1105 1104 1106
f 1105 1106 1107
f 1107 1106 1108
f 1107 1108 1109
f 1109 1108 1110
f 1109 1110 1111
f 1111 1110 1112
f 1111 1112 1113
f 1113 1112 1114
f 1113 1114 1115
f 1115 1114 1116
f 1115 1116 1117
f 1117 1116 1118
f 1098 1119 1100
f 1100 1119 1120
f 1100 1120 1102
f 1102 1120 1121
f 1102 1121 1104
f 1104 1121 1122
f 1104 1122 1106
f 1106 1122 1123
f 1106 1123 1108
f 1108 1123 1124
f 1108 1124 1110
f 1110 1124 1125
f 1110 1125 1112
f 1112 1125 1126
f 1112 1126 1114
f 1114 1126 1127
f 1114 1127 1116
f 1116 1127 1128
f 1116 1128 1118
f 1118 1128 1129
f 1119 1130 1120
f 1120 1130 1131
f 1120 1131 1121
f 1121 1131 1132
f 1121 1132 1122
f 1122 1132 1133
f 1122 1133 1123
f 1123 1133 1134
f 1123 1134 1124
f 1124 1134 1135
f 1124 1135 1125
f 1125 1135 1136
f 1125 1136 1126
f 1126 1136 1137
f 1126 1137 1127
f 1127 1137 1138
f 1127 1138 1128
f 1128 1138 1139
f 1128 1139 1129
f 1129 1139 1140
f 1129 1140 452
f 452 1140 453
f 1141 1142 1143
f 1143 1142 1144
f 1143 1144 1145
f 1145 1144 1146
f 1145 1146 1147
f 1147 1146 1148
f 1147 1148 1149
f 1149 1148 1150
f 1149 1150 1151
f 1151 1150 1152
f 1151 1152 1153
f 1153 1152 1154
f 1153 1154 1155
f 1155 1154 1156
f 1155 1156 1157
f 1157 1156 1158
f 1157 1158 1159
f 1159 1158 1160
f 1159 1160 1161
f 1161 1160 1162
f 1142 1163 1144
f 1144 1163 1164
f 1144 1164 1146
f 1146 1164 1165
f 1146 1165 1148
f 1148 1165 1166
f 1148 1166 1150
f 1150 1166 1167
f 1150 1167 1152
f 1152 1167 1168
f 1152 1168 1154
f 1154 1168 1169
f 1154 1169 1156
f 1156 1169 1170
f 1156 1170 1158
f 1158 1170 1171
f 1158 1171 1160
f 1160 1171 1172
f 1160 1172 1162
f 1162 1172 1173
f 1162 1173 781
f 781 1173 774
f 1174 1175 1176
f 1176 1175 1177
f 1176 1177 1178
f 1178 1177 1179
f 1178 1179 1180
f 1180 1179 1181
f 1180 1181 1182
f 1182 1181 1183
f 1182 1183 1184
f 1184 1183 1185
f 1184 1185 1186
f 1186 1185 1187
f 1186 1187 1188
f 1188 1187 1189
f 1188 1189 1190
f 1190 1189 1191
f 1190 1191 1192
f 1192 1191 1193
f 1192 1193 1194
f 1194 1193 1195
f 1175 1196 1177
f 1177 1196 1197
f 1177 1197 1179
f 1179 1197 1198
f 1179 1198 1181
f 1181 1198 1199
f 1181 1199 1183
f 1183 1199 1200
f 1183 1200 1185
f 1185 1200 1201
f 1185 1201 1187
f 1187 1201 1202
f 1187 1202 1189
f 1189 1202 1203
f 1189 1203 1191
f 1191 1203 1204
f 1191 1204 1193
f 1193 1204 1205
f 1193 1205 1195
f 1195 1205 1206
f 1195 1206 878
f 878 1206 862
f 1030 1010 1207
f 1207 1010 991
f 1207 991 989
f 989 991 990
f 989 990 987
f 987 990 992
f 987 992 1208
f 1208 992 994
f 1208 994 1209
f 1209 994 996
f 1209 996 1210
f 1210 996 998
f 1210 998 1211
f 1211 998 1000
f 1211 1000 1212
f 1212 1000 1002
f 1212 1002 1213
f 1213 1002 1004
f 1213 1004 1214
f 1214 1004 1006
f 1214 1006 1215
f 1215 1006 1008
f 1215 1008 1216
f 1216 1008 491
f 1216 491 354
f 541 539 1019
f 1019 539 507
f 1019 507 1009
f 1009 507 515
f 1009 515 1008
f 1008 515 482
f 1008 482 491
f 1030 1031 1029
f 1029 1031 1033
f 1029 1033 1028
f 1028 1033 1035
f 1028 1035 1027
f 1027 1035 1037
f 1027 1037 1026
f 1026 1037 1039
f 1026 1039 1025
f 1025 1039 1041
f 1025 1041 1024
f 1024 1041 1043
f 1024 1043 1023
f 1023 1043 1045
f 1023 1045 1022
f 1022 1045 1047
f 1022 1047 1021
f 1021 1047 1049
f 1021 1049 1020
f 1020 1049 1051
f 1020 1051 542
f 598 597 1052
f 1052 597 564
f 1052 564 1051
f 1051 564 568
f 1051 568 542
f 1053 1064 1054
f 1054 1064 1066
f 1054 1066 1055
f 1055 1066 1068
f 1055 1068 1056
f 1056 1068 1070
f 1056 1070 1057
f 1057 1070 1072
f 1057 1072 1058
f 1058 1072 1074
f 1058 1074 1059
f 1059 1074 1076
f 1059 1076 1060
f 1060 1076 1078
f 1060 1078 1061
f 1061 1078 1080
f 1061 1080 1062
f 1062 1080 1082
f 1062 1082 1063
f 1063 1082 1084
f 1063 1084 593
f 455 645 1085
f 1085 645 616
f 1085 616 1084
f 1084 616 620
f 1084 620 593
f 669 456 1117
f 1117 456 1096
f 1117 1096 1115
f 1115 1096 1095
f 1115 1095 1113
f 1113 1095 1094
f 1113 1094 1111
f 1111 1094 1093
f 1111 1093 1109
f 1109 1093 1092
f 1109 1092 1107
f 1107 1092 1091
f 1107 1091 1105
f 1105 1091 1090
f 1105 1090 1103
f 1103 1090 1089
f 1103 1089 1101
f 1101 1089 1088
f 1101 1088 1099
f 1099 1088 1087
f 1099 1087 1097
f 1097 1087 1086
f 452 725 1129
f 1129 725 699
f 1129 699 1118
f 1118 699 704
f 1118 704 1117
f 1117 704 664
f 1117 664 669
f 1130 1141 1131
f 1131 1141 1143
f 1131 1143 1132
f 1132 1143 1145
f 1132 1145 1133
f 1133 1145 1147
f 1133 1147 1134
f 1134 1147 1149
f 1134 1149 1135
f 1135 1149 1151
f 1135 1151 1136
f 1136 1151 1153
f 1136 1153 1137
f 1137 1153 1155
f 1137 1155 1138
f 1138 1155 1157
f 1138 1157 1139
f 1139 1157 1159
f 1139 1159 1140
f 1140 1159 1161
f 1140 1161 453
f 781 779 1162
f 1162 779 778
f 1162 778 1161
f 1161 778 801
f 1161 801 453
f 1163 1174 1164
f 1164 1174 1176
f 1164 1176 1165
f 1165 1176 1178
f 1165 1178 1166
f 1166 1178 1180
f 1166 1180 1167
f 1167 1180 1182
f 1167 1182 1168
f 1168 1182 1184
f 1168 1184 1169
f 1169 1184 1186
f 1169 1186 1170
f 1170 1186 1188
f 1170 1188 1171
f 1171 1188 1190
f 1171 1190 1172
f 1172 1190 1192
f 1172 1192 1173
f 1173 1192 1194
f 1173 1194 774
f 878 879 1195
f 1195 879 806
f 1195 806 1194
f 1194 806 809
f 1194 809 774
f 860 862 982
f 982 862 1206
f 982 1206 1217
f 1217 1206 1205
f 1217 1205 1218
f 1218 1205 1204
f 1218 1204 1219
f 1219 1204 1203
f 1219 1203 1220
f 1220 1203 1202
f 1220 1202 1221
f 1221 1202 1201
f 1221 1201 1222
f 1222 1201 1200
f 1222 1200 1223
f 1223 1200 1199
f 1223 1199 1224
f 1224 1199 1198
f 1224 1198 1225
f 1225 1198 1197
f 1225 1197 1226
f 1226 1197 1196
f 467 469 1227
f 1227 469 982
f 1227 982 1228
f 1228 982 1217
f 1228 1217 1229
f 1229 1217 1218
f 1229 1218 1230
f 1230 1218 1219
f 1230 1219 1231
f 1231 1219 1220
f 1231 1220 1232
f 1232 1220 1221
f 1232 1221 1233
f 1233 1221 1222
f 1233 1222 1234
f 1234 1222 1223
f 1234 1223 1235
f 1235 1223 1224
f 1235 1224 985
f 985 1224 1225
f 985 1225 983
f 983 1225 1226
f 986 1236 985
f 985 1236 1237
f 985 1237 1235
f 1235 1237 1238
f 1235 1238 1234
f 1234 1238 1239
f 1234 1239 1233
f 1233 1239 1240
f 1233 1240 1232
f 1232 1240 1241
f 1232 1241 1231
f 1231 1241 1242
f 1231 1242 1230
f 1230 1242 1243
f 1230 1243 1229
f 1229 1243 1244
f 1229 1244 1228
f 1228 1244 1245
f 1228 1245 1227
f 1227 1245 143
f 1227 143 467
f 364 418 1246
f 30 192 1247
f 1248 1249 1250
f 1250 1249 988
f 1236 986 1251
f 1252 1253 1254
f 1254 1253 1255
f 1254 1255 1256
f 1256 1255 1257
f 1256 1257 1258
f 1258 1257 1259
f 1258 1259 1260
f 1260 1259 1261
f 1260 1261 1262
f 1262 1261 1263
f 1262 1263 1264
f 1264 1263 1265
f 1264 1265 1266
f 1266 1265 1267
f 1266 1267 1268
f 1268 1267 1269
f 1268 1269 1270
f 1270 1269 1271
f 1253 1272 1255
f 1255 1272 1273
f 1255 1273 1257
f 1257 1273 1274
f 1257 1274 1259
f 1259 1274 1275
f 1259 1275 1261
f 1261 1275 1276
f 1261 1276 1263
f 1263 1276 1277
f 1263 1277 1265
f 1265 1277 1278
f 1265 1278 1267
f 1267 1278 1279
f 1267 1279 1269
f 1269 1279 1280
f 1269 1280 1271
f 1271 1280 1281
f 303 335 1282
f 1282 335 1281
f 1282 1281 1283
f 1283 1281 1280
f 1283 1280 1284
f 1284 1280 1279
f 1284 1279 1285
f 1285 1279 1278
f 1285 1278 1286
f 1286 1278 1277
f 1286 1277 1287
f 1287 1277 1276
f 1287 1276 1288
f 1288 1276 1275
f 1288 1275 1289
f 1289 1275 1274
f 1289 1274 1290
f 1290 1274 1273
f 1290 1273 1291
f 1291 1273 1272
f 1291 1272 1292
f 1293 1294 1295
f 1295 1294 1296
f 1295 1296 1297
f 1297 1296 1298
f 1297 1298 1299
f 1299 1298 1300
f 1299 1300 1301
f 1301 1300 1302
f 1301 1302 1303
f 1303 1302 1304
f 1303 1304 1305
f 1305 1304 1306
f 1305 1306 1307
f 1307 1306 1308
f 1307 1308 1309
f 1309 1308 1310
f 1309 1310 1311
f 1311 1310 1312
f 1311 1312 1313
f 1313 1312 1314
f 1294 1315 1296
f 1296 1315 1316
f 1296 1316 1298
f 1298 1316 1317
f 1298 1317 1300
f 1300 1317 1318
f 1300 1318 1302
f 1302 1318 1319
f 1302 1319 1304
f 1304 1319 1320
f 1304 1320 1306
f 1306 1320 1321
f 1306 1321 1308
f 1308 1321 1322
f 1308 1322 1310
f 1310 1322 1323
f 1310 1323 1312
f 1312 1323 1324
f 1312 1324 1314
f 1314 1324 1325
f 1314 1325 292
f 292 1325 285
f 1326 1327 1328
f 1328 1327 1329
f 1328 1329 1330
f 1330 1329 1331
f 1330 1331 1332
f 1332 1331 1333
f 1332 1333 1334
f 1334 1333 1335
f 1334 1335 1336
f 1336 1335 1337
f 1336 1337 1338
f 1338 1337 1339
f 1338 1339 1340
f 1340 1339 1341
f 1340 1341 1342
f 1342 1341 1343
f 1342 1343 1344
f 1344 1343 1345
f 1344 1345 1346
f 1346 1345 1347
f 1327 1348 1329
f 1329 1348 1349
f 1329 1349 1331
f 1331 1349 1350
f 1331 1350 1333
f 1333 1350 1351
f 1333 1351 1335
f 1335 1351 1352
f 1335 1352 1337
f 1337 1352 1353
f 1337 1353 1339
f 1339 1353 1354
f 1339 1354 1341
f 1341 1354 1355
f 1341 1355 1343
f 1343 1355 1356
f 1343 1356 1345
f 1345 1356 1357
f 1345 1357 1347
f 1347 1357 1358
f 1347 1358 227
f 227 1358 194
f 1359 1360 1361
f 1361 1360 1362
f 1361 1362 1363
f 1363 1362 1364
f 1363 1364 1365
f 1365 1364 1366
f 1365 1366 1367
f 1367 1366 1368
f 1367 1368 1369
f 1369 1368 1370
f 1369 1370 1371
f 1371 1370 1372
f 1371 1372 1373
f 1373 1372 1374
f 1373 1374 1375
f 1375 1374 1376
f 1375 1376 1377
f 1377 1376 1378
f 1377 1378 1379
f 1379 1378 1380
f 1360 1381 1362
f 1362 1381 1382
f 1362 1382 1364
f 1364 1382 1383
f 1364 1383 1366
f 1366 1383 1384
f 1366 1384 1368
f 1368 1384 1385
f 1368 1385 1370
f 1370 1385 1386
f 1370 1386 1372
f 1372 1386 1387
f 1372 1387 1374
f 1374 1387 1388
f 1374 1388 1376
f 1376 1388 1389
f 1376 1389 1378
f 1378 1389 1390
f 1378 1390 1380
f 1380 1390 1391
f 1380 1391 451
f 451 1391 32
f 1392 1393 1394
f 1394 1393 1395
f 1394 1395 1396
f 1396 1395 1397
f 1396 1397 1398
f 1398 1397 1399
f 1398 1399 1400
f 1400 1399 1401
f 1400 1401 1402
f 1402 1401 1403
f 1402 1403 1404
f 1404 1403 1405
f 1404 1405 1406
f 1406 1405 1407
f 1406 1407 1408
f 1408 1407 1409
f 1408 1409 1410
f 1410 1409 1411
f 1410 1411 1412
f 1412 1411 1413
f 1393 1414 1395
f 1395 1414 1415
f 1395 1415 1397
f 1397 1415 1416
f 1397 1416 1399
f 1399 1416 1417
f 1399 1417 1401
f 1401 1417 1418
f 1401 1418 1403
f 1403 1418 1419
f 1403 1419 1405
f 1405 1419 1420
f 1405 1420 1407
f 1407 1420 1421
f 1407 1421 1409
f 1409 1421 1422
f 1409 1422 1411
f 1411 1422 1423
f 1411 1423 1413
f 1413 1423 1424
f 1413 1424 66
f 66 1424 61
f 1425 1426 1427
f 1427 1426 1428
f 1427 1428 1429
f 1429 1428 1430
f 1429 1430 1431
f 1431 1430 1432
f 1431 1432 1433
f 1433 1432 1434
f 1433 1434 1435
f 1435 1434 1436
f 1435 1436 1437
f 1437 1436 1438
f 1437 1438 1439
f 1439 1438 1440
f 1439 1440 1441
f 1441 1440 1442
f 1441 1442 1443
f 1443 1442 1444
f 1443 1444 1445
f 1445 1444 1446
f 1426 1447 1428
f 1428 1447 1448
f 1428 1448 1430
f 1430 1448 1449
f 1430 1449 1432
f 1432 1449 1450
f 1432 1450 1434
f 1434 1450 1451
f 1434 1451 1436
f 1436 1451 1452
f 1436 1452 1438
f 1438 1452 1453
f 1438 1453 1440
f 1440 1453 1454
f 1440 1454 1442
f 1442 1454 1455
f 1442 1455 1444
f 1444 1455 1456
f 1444 1456 1446
f 1446 1456 1457
f 1446 1457 415
f 415 1457 417
f 1292 1272 1458
f 1458 1272 1253
f 1458 1253 1251
f 1251 1253 1252
f 1251 1252 1236
f 1236 1252 1254
f 1236 1254 1237
f 1237 1254 1256
f 1237 1256 1238
f 1238 1256 1258
f 1238 1258 1239
f 1239 1258 1260
f 1239 1260 1240
f 1240 1260 1262
f 1240 1262 1241
f 1241 1262 1264
f 1241 1264 1242
f 1242 1264 1266
f 1242 1266 1243
f 1243 1266 1268
f 1243 1268 1244
f 1244 1268 1270
f 1244 1270 1245
f 1245 1270 138
f 1245 138 143
f 335 337 1281
f 1281 337 162
f 1281 162 1271
f 1271 162 171
f 1271 171 1270
f 1270 171 135
f 1270 135 138
f 1292 1293 1291
f 1291 1293 1295
f 1291 1295 1290
f 1290 1295 1297
f 1290 1297 1289
f 1289 1297 1299
f 1289 1299 1288
f 1288 1299 1301
f 1288 1301 1287
f 1287 1301 1303
f 1287 1303 1286
f 1286 1303 1305
f 1286 1305 1285
f 1285 1305 1307
f 1285 1307 1284
f 1284 1307 1309
f 1284 1309 1283
f 1283 1309 1311
f 1283 1311 1282
f 1282 1311 1313
f 1282 1313 303
f 292 294 1314
f 1314 294 295
f 1314 295 1313
f 1313 295 301
f 1313 301 303
f 1315 1326 1316
f 1316 1326 1328
f 1316 1328 1317
f 1317 1328 1330
f 1317 1330 1318
f 1318 1330 1332
f 1318 1332 1319
f 1319 1332 1334
f 1319 1334 1320
f 1320 1334 1336
f 1320 1336 1321
f 1321 1336 1338
f 1321 1338 1322
f 1322 1338 1340
f 1322 1340 1323
f 1323 1340 1342
f 1323 1342 1324
f 1324 1342 1344
f 1324 1344 1325
f 1325 1344 1346
f 1325 1346 285
f 227 229 1347
f 1347 229 230
f 1347 230 1346
f 1346 230 283
f 1346 283 285
f 192 194 1247
f 1247 194 1358
f 1247 1358 1459
f 1459 1358 1357
f 1459 1357 1460
f 1460 1357 1356
f 1460 1356 1461
f 1461 1356 1355
f 1461 1355 1462
f 1462 1355 1354
f 1462 1354 1463
f 1463 1354 1353
f 1463 1353 1464
f 1464 1353 1352
f 1464 1352 1465
f 1465 1352 1351
f 1465 1351 1466
f 1466 1351 1350
f 1466 1350 1467
f 1467 1350 1349
f 1467 1349 1468
f 1468 1349 1348
f 1468 1359 1467
f 1467 1359 1361
f 1467 1361 1466
f 1466 1361 1363
f 1466 1363 1465
f 1465 1363 1365
f 1465 1365 1464
f 1464 1365 1367
f 1464 1367 1463
f 1463 1367 1369
f 1463 1369 1462
f 1462 1369 1371
f 1462 1371 1461
f 1461 1371 1373
f 1461 1373 1460
f 1460 1373 1375
f 1460 1375 1459
f 1459 1375 1377
f 1459 1377 1247
f 1247 1377 1379
f 1247 1379 30
f 451 450 1380
f 1380 450 21
f 1380 21 1379
f 1379 21 29
f 1379 29 30
f 1381 1392 1382
f 1382 1392 1394
f 1382 1394 1383
f 1383 1394 1396
f 1383 1396 1384
f 1384 1396 1398
f 1384 1398 1385
f 1385 1398 1400
f 1385 1400 1386
f 1386 1400 1402
f 1386 1402 1387
f 1387 1402 1404
f 1387 1404 1388
f 1388 1404 1406
f 1388 1406 1389
f 1389 1406 1408
f 1389 1408 1390
f 1390 1408 1410
f 1390 1410 1391
f 1391 1410 1412
f 1391 1412 32
f 66 68 1413
f 1413 68 47
f 1413 47 1412
f 1412 47 33
f 1412 33 32
f 1414 1425 1415
f 1415 1425 1427
f 1415 1427 1416
f 1416 1427 1429
f 1416 1429 1417
f 1417 1429 1431
f 1417 1431 1418
f 1418 1431 1433
f 1418 1433 1419
f 1419 1433 1435
f 1419 1435 1420
f 1420 1435 1437
f 1420 1437 1421
f 1421 1437 1439
f 1421 1439 1422
f 1422 1439 1441
f 1422 1441 1423
f 1423 1441 1443
f 1423 1443 1424
f 1424 1443 1445
f 1424 1445 61
f 415 414 1446
f 1446 414 110
f 1446 110 1445
f 1445 110 89
f 1445 89 61
f 418 417 1246
f 1246 417 1457
f 1246 1457 1469
f 1469 1457 1456
f 1469 1456 1470
f 1470 1456 1455
f 1470 1455 1471
f 1471 1455 1454
f 1471 1454 1472
f 1472 1454 1453
f 1472 1453 1473
f 1473 1453 1452
f 1473 1452 1474
f 1474 1452 1451
f 1474 1451 1475
f 1475 1451 1450
f 1475 1450 1476
f 1476 1450 1449
f 1476 1449 1477
f 1477 1449 1448
f 1477 1448 1478
f 1478 1448 1447
f 362 364 1479
f 1479 364 1246
f 1479 1246 1480
f 1480 1246 1469
f 1480 1469 1481
f 1481 1469 1470
f 1481 1470 1482
f 1482 1470 1471
f 1482 1471 1483
f 1483 1471 1472
f 1483 1472 1484
f 1484 1472 1473
f 1484 1473 1485
f 1485 1473 1474
f 1485 1474 1486
f 1486 1474 1475
f 1486 1475 1487
f 1487 1475 1476
f 1487 1476 1250
f 1250 1476 1477
f 1250 1477 1248
f 1248 1477 1478
f 988 987 1250
f 1250 987 1208
f 1250 1208 1487
f 1487 1208 1209
f 1487 1209 1486
f 1486 1209 1210
f 1486 1210 1485
f 1485 1210 1211
f 1485 1211 1484
f 1484 1211 1212
f 1484 1212 1483
f 1483 1212 1213
f 1483 1213 1482
f 1482 1213 1214
f 1482 1214 1481
f 1481 1214 1215
f 1481 1215 1480
f 1480 1215 1216
f 1480 1216 1479
f 1479 1216 354
f 1479 354 362
f 988 1249 984
f 984 1249 986
f 1359 1468 1249
f 1249 1468 1348
f 1163 1142 989
f 989 1086 1065
f 1249 1248 1359
f 1359 1248 1478
f 1359 1478 1447
f 1163 989 1174
f 1142 1141 989
f 989 1141 1130
f 989 1130 1119
f 1348 1327 1249
f 1249 1327 1326
f 1249 1326 1315
f 1119 1098 989
f 989 1098 1097
f 989 1097 1086
f 1065 1064 989
f 989 1064 1053
f 989 1053 1032
f 1447 1426 1359
f 1359 1426 1425
f 1359 1425 1414
f 1226 1196 989
f 989 1196 1175
f 989 1175 1174
f 1315 1294 1249
f 1249 1294 1293
f 1249 1293 1292
f 1032 1031 989
f 989 1031 1030
f 989 1030 1207
f 1292 1458 1249
f 1249 1458 1251
f 1249 1251 986
f 988 984 989
f 989 984 983
f 989 983 1226
f 1414 1393 1359
f 1359 1393 1392
f 1359 1392 1360
f 1360 1392 1381
f 470 1488 465
f 465 1488 1489
f 465 1489 466
f 1490 1489 1491
f 1491 1489 1488
f 1490 468 1489
f 1489 468 466
f 468 1490 854
f 854 1490 1491
f 854 1491 853
f 853 1491 470
f 470 1491 1488
f 474 1492 855
f 855 1492 1493
f 855 1493 856
f 1494 1493 1495
f 1495 1493 1492
f 856 1493 857
f 857 1493 1494
f 857 1494 858
f 858 1494 883
f 883 1494 1495
f 883 1495 471
f 1492 474 1495
f 1495 474 472
f 1495 472 471
f 884 1496 882
f 882 1496 1497
f 882 1497 881
f 1498 1497 1499
f 1499 1497 1496
f 1498 880 1497
f 1497 880 881
f 880 1498 886
f 886 1498 1499
f 886 1499 885
f 885 1499 884
f 884 1499 1496
f 864 1500 887
f 887 1500 1501
f 887 1501 888
f 1502 1501 1503
f 1503 1501 1500
f 1502 850 1501
f 1501 850 888
f 850 1502 851
f 851 1502 1503
f 851 1503 863
f 863 1503 864
f 864 1503 1500
f 872 1504 852
f 852 1504 1505
f 852 1505 859
f 1506 1505 1507
f 1507 1505 1504
f 1506 861 1505
f 1505 861 859
f 861 1506 874
f 874 1506 1507
f 874 1507 873
f 873 1507 872
f 872 1507 1504
f 871 1508 875
f 875 1508 1509
f 875 1509 876
f 1510 1509 1511
f 1511 1509 1508
f 876 1509 877
f 877 1509 1510
f 877 1510 866
f 866 1510 868
f 868 1510 1511
f 868 1511 869
f 1508 871 1511
f 1511 871 870
f 1511 870 869
f 844 1512 867
f 867 1512 1513
f 867 1513 865
f 1514 1513 1515
f 1515 1513 1512
f 1514 829 1513
f 1513 829 865
f 829 1514 830
f 830 1514 1515
f 830 1515 843
f 843 1515 844
f 844 1515 1512
f 845 1516 831
f 831 1516 1517
f 831 1517 827
f 1518 1517 1519
f 1519 1517 1516
f 1518 828 1517
f 1517 828 827
f 828 1518 847
f 847 1518 1519
f 847 1519 846
f 846 1519 845
f 845 1519 1516
f 836 1520 848
f 848 1520 1521
f 848 1521 849
f 1522 1521 1523
f 1523 1521 1520
f 1522 832 1521
f 1521 832 849
f 832 1522 833
f 833 1522 1523
f 833 1523 835
f 835 1523 836
f 836 1523 1520
f 838 1524 834
f 834 1524 1525
f 834 1525 804
f 1526 1525 1527
f 1527 1525 1524
f 1526 807 1525
f 1525 807 805
f 1525 805 804
f 807 1526 841
f 841 1526 1527
f 841 1527 840
f 840 1527 839
f 839 1527 1524
f 839 1524 838
f 820 1528 842
f 842 1528 1529
f 842 1529 810
f 1530 1529 1531
f 1531 1529 1528
f 1530 808 1529
f 1529 808 810
f 808 1530 817
f 817 1530 1531
f 817 1531 819
f 819 1531 820
f 820 1531 1528
f 818 1532 816
f 816 1532 1533
f 816 1533 815
f 1534 1533 1535
f 1535 1533 1532
f 1534 814 1533
f 1533 814 815
f 814 1534 822
f 822 1534 1535
f 822 1535 821
f 821 1535 818
f 818 1535 1532
f 811 1536 823
f 823 1536 1537
f 823 1537 824
f 1538 1537 1539
f 1539 1537 1536
f 1538 825 1537
f 1537 825 824
f 825 1538 826
f 826 1538 1539
f 826 1539 813
f 813 1539 811
f 811 1539 1536
f 803 1540 777
f 777 1540 1541
f 777 1541 775
f 1542 1541 1543
f 1543 1541 1540
f 1542 773 1541
f 1541 773 775
f 773 1542 792
f 792 1542 1543
f 792 1543 794
f 794 1543 803
f 803 1543 1540
f 793 1544 791
f 791 1544 1545
f 791 1545 782
f 1546 1545 1547
f 1547 1545 1544
f 1546 780 1545
f 1545 780 782
f 780 1546 786
f 786 1546 1547
f 786 1547 795
f 795 1547 793
f 793 1547 1544
f 787 1548 785
f 785 1548 1549
f 785 1549 784
f 1550 1549 1551
f 1551 1549 1548
f 1550 783 1549
f 1549 783 784
f 783 1550 797
f 797 1550 1551
f 797 1551 796
f 796 1551 787
f 787 1551 1548
f 790 1552 798
f 798 1552 1553
f 798 1553 799
f 1554 1553 1555
f 1555 1553 1552
f 799 1553 800
f 800 1553 1554
f 800 1554 768
f 768 1554 770
f 770 1554 1555
f 770 1555 772
f 1552 790 1555
f 1555 790 789
f 1555 789 772
f 771 1556 769
f 769 1556 1557
f 769 1557 767
f 1558 1557 1559
f 1559 1557 1556
f 1558 758 1557
f 1557 758 767
f 758 1558 760
f 760 1558 1559
f 760 1559 766
f 766 1559 771
f 771 1559 1556
f 761 1560 759
f 759 1560 1561
f 759 1561 757
f 1562 1561 1563
f 1563 1561 1560
f 1562 756 1561
f 1561 756 757
f 756 1562 764
f 764 1562 1563
f 764 1563 765
f 765 1563 761
f 761 1563 1560
f 751 1564 763
f 763 1564 1565
f 763 1565 762
f 1566 1565 1567
f 1567 1565 1564
f 1566 755 1565
f 1565 755 762
f 755 1566 753
f 753 1566 1567
f 753 1567 752
f 752 1567 751
f 751 1567 1564
f 750 1568 754
f 754 1568 1569
f 754 1569 720
f 1570 1569 1571
f 1571 1569 1568
f 720 1569 721
f 721 1569 1570
f 721 1570 722
f 722 1570 747
f 747 1570 1571
f 747 1571 748
f 748 1571 749
f 749 1571 1568
f 749 1568 750
f 735 1572 746
f 746 1572 1573
f 746 1573 745
f 1574 1573 1575
f 1575 1573 1572
f 1574 744 1573
f 1573 744 745
f 744 1574 742
f 742 1574 1575
f 742 1575 734
f 734 1575 735
f 735 1575 1572
f 741 1576 743
f 743 1576 1577
f 743 1577 723
f 1578 1577 1579
f 1579 1577 1576
f 1578 724 1577
f 1577 724 723
f 724 1578 739
f 739 1578 1579
f 739 1579 740
f 740 1579 741
f 741 1579 1576
f 729 1580 738
f 738 1580 1581
f 738 1581 737
f 1582 1581 1583
f 1583 1581 1580
f 1582 733 1581
f 1581 733 737
f 733 1582 731
f 731 1582 1583
f 731 1583 730
f 730 1583 729
f 729 1583 1580
f 728 1584 732
f 732 1584 1585
f 732 1585 454
f 1586 1585 1587
f 1587 1585 1584
f 1586 701 1585
f 1585 701 700
f 1585 700 454
f 701 1586 717
f 717 1586 1587
f 717 1587 719
f 719 1587 727
f 727 1587 1584
f 727 1584 728
f 718 1588 716
f 716 1588 1589
f 716 1589 715
f 1590 1589 1591
f 1591 1589 1588
f 1590 696 1589
f 1589 696 715
f 696 1590 697
f 697 1590 1591
f 697 1591 714
f 714 1591 718
f 718 1591 1588
f 710 1592 698
f 698 1592 1593
f 698 1593 702
f 1594 1593 1595
f 1595 1593 1592
f 1594 703 1593
f 1593 703 702
f 703 1594 712
f 712 1594 1595
f 712 1595 713
f 713 1595 710
f 710 1595 1592
f 709 1596 711
f 711 1596 1597
f 711 1597 705
f 1598 1597 1599
f 1599 1597 1596
f 1598 706 1597
f 1597 706 705
f 706 1598 707
f 707 1598 1599
f 707 1599 708
f 708 1599 709
f 709 1599 1596
f 692 1600 690
f 690 1600 1601
f 690 1601 665
f 1602 1601 1603
f 1603 1601 1600
f 1602 666 1601
f 1601 666 665
f 666 1602 694
f 694 1602 1603
f 694 1603 693
f 693 1603 692
f 692 1603 1600
f 679 1604 695
f 695 1604 1605
f 695 1605 668
f 1606 1605 1607
f 1607 1605 1604
f 1606 667 1605
f 1605 667 668
f 667 1606 683
f 683 1606 1607
f 683 1607 678
f 678 1607 679
f 679 1607 1604
f 684 1608 682
f 682 1608 1609
f 682 1609 681
f 1610 1609 1611
f 1611 1609 1608
f 1610 680 1609
f 1609 680 681
f 680 1610 686
f 686 1610 1611
f 686 1611 685
f 685 1611 684
f 684 1611 1608
f 677 1612 687
f 687 1612 1613
f 687 1613 688
f 1614 1613 1615
f 1615 1613 1612
f 688 1613 689
f 689 1613 1614
f 689 1614 671
f 671 1614 673
f 673 1614 1615
f 673 1615 674
f 1612 677 1615
f 1615 677 675
f 1615 675 674
f 655 1616 672
f 672 1616 1617
f 672 1617 670
f 1618 1617 1619
f 1619 1617 1616
f 1618 663 1617
f 1617 663 670
f 663 1618 662
f 662 1618 1619
f 662 1619 654
f 654 1619 655
f 655 1619 1616
f 660 1620 661
f 661 1620 1621
f 661 1621 643
f 1622 1621 1623
f 1623 1621 1620
f 1622 644 1621
f 1621 644 643
f 644 1622 658
f 658 1622 1623
f 658 1623 659
f 659 1623 660
f 660 1623 1620
f 647 1624 657
f 657 1624 1625
f 657 1625 656
f 1626 1625 1627
f 1627 1625 1624
f 1626 640 1625
f 1625 640 656
f 640 1626 641
f 641 1626 1627
f 641 1627 646
f 646 1627 647
f 647 1627 1624
f 649 1628 642
f 642 1628 1629
f 642 1629 457
f 1630 1629 1631
f 1631 1629 1628
f 1630 618 1629
f 1629 618 617
f 1629 617 457
f 618 1630 652
f 652 1630 1631
f 652 1631 651
f 1628 649 1631
f 1631 649 650
f 1631 650 651
f 635 1632 653
f 653 1632 1633
f 653 1633 621
f 1634 1633 1635
f 1635 1633 1632
f 1634 619 1633
f 1633 619 621
f 619 1634 632
f 632 1634 1635
f 632 1635 634
f 634 1635 635
f 635 1635 1632
f 633 1636 631
f 631 1636 1637
f 631 1637 630
f 1638 1637 1639
f 1639 1637 1636
f 1638 629 1637
f 1637 629 630
f 629 1638 637
f 637 1638 1639
f 637 1639 636
f 636 1639 633
f 633 1639 1636
f 628 1640 638
f 638 1640 1641
f 638 1641 639
f 1642 1641 1643
f 1643 1641 1640
f 1642 626 1641
f 1641 626 639
f 626 1642 624
f 624 1642 1643
f 624 1643 622
f 622 1643 628
f 628 1643 1640
f 623 1644 625
f 625 1644 1645
f 625 1645 591
f 1646 1645 1647
f 1647 1645 1644
f 1646 594 1645
f 1645 594 592
f 1645 592 591
f 594 1646 615
f 615 1646 1647
f 615 1647 458
f 458 1647 459
f 459 1647 1644
f 459 1644 623
f 608 1648 614
f 614 1648 1649
f 614 1649 613
f 1650 1649 1651
f 1651 1649 1648
f 1650 612 1649
f 1649 612 613
f 612 1650 610
f 610 1650 1651
f 610 1651 609
f 609 1651 608
f 608 1651 1648
f 607 1652 611
f 611 1652 1653
f 611 1653 595
f 1654 1653 1655
f 1655 1653 1652
f 1654 596 1653
f 1653 596 595
f 596 1654 605
f 605 1654 1655
f 605 1655 606
f 606 1655 607
f 607 1655 1652
f 603 1656 604
f 604 1656 1657
f 604 1657 599
f 1658 1657 1659
f 1659 1657 1656
f 1658 600 1657
f 1657 600 599
f 600 1658 601
f 601 1658 1659
f 601 1659 602
f 602 1659 603
f 603 1659 1656
f 589 1660 590
f 590 1660 1661
f 590 1661 563
f 1662 1661 1663
f 1663 1661 1660
f 1662 565 1661
f 1661 565 563
f 565 1662 585
f 585 1662 1663
f 585 1663 587
f 587 1663 589
f 589 1663 1660
f 586 1664 584
f 584 1664 1665
f 584 1665 583
f 1666 1665 1667
f 1667 1665 1664
f 1666 559 1665
f 1665 559 583
f 559 1666 560
f 560 1666 1667
f 560 1667 582
f 582 1667 586
f 586 1667 1664
f 572 1668 561
f 561 1668 1669
f 561 1669 566
f 1670 1669 1671
f 1671 1669 1668
f 1670 567 1669
f 1669 567 566
f 567 1670 580
f 580 1670 1671
f 580 1671 581
f 581 1671 572
f 572 1671 1668
f 578 1672 579
f 579 1672 1673
f 579 1673 569
f 1674 1673 1675
f 1675 1673 1672
f 569 1673 570
f 570 1673 1674
f 570 1674 571
f 571 1674 575
f 575 1674 1675
f 575 1675 576
f 1672 578 1675
f 1675 578 577
f 1675 577 576
f 553 1676 574
f 574 1676 1677
f 574 1677 573
f 1678 1677 1679
f 1679 1677 1676
f 1678 535 1677
f 1677 535 573
f 535 1678 536
f 536 1678 1679
f 536 1679 552
f 552 1679 553
f 553 1679 1676
f 554 1680 537
f 537 1680 1681
f 537 1681 540
f 1682 1681 1683
f 1683 1681 1680
f 1682 538 1681
f 1681 538 540
f 538 1682 556
f 556 1682 1683
f 556 1683 555
f 555 1683 554
f 554 1683 1680
f 547 1684 557
f 557 1684 1685
f 557 1685 558
f 1686 1685 1687
f 1687 1685 1684
f 1686 543 1685
f 1685 543 558
f 543 1686 544
f 544 1686 1687
f 544 1687 546
f 546 1687 547
f 547 1687 1684
f 549 1688 545
f 545 1688 1689
f 545 1689 505
f 1690 1689 1691
f 1691 1689 1688
f 505 1689 506
f 506 1689 1690
f 506 1690 508
f 508 1690 532
f 532 1690 1691
f 532 1691 534
f 1688 549 1691
f 1691 549 550
f 1691 550 534
f 533 1692 531
f 531 1692 1693
f 531 1693 530
f 1694 1693 1695
f 1695 1693 1692
f 1694 509 1693
f 1693 509 530
f 509 1694 510
f 510 1694 1695
f 510 1695 529
f 529 1695 533
f 533 1695 1692
f 516 1696 511
f 511 1696 1697
f 511 1697 512
f 1698 1697 1699
f 1699 1697 1696
f 1698 513 1697
f 1697 513 512
f 513 1698 527
f 527 1698 1699
f 527 1699 528
f 528 1699 516
f 516 1699 1696
f 520 1700 526
f 526 1700 1701
f 526 1701 525
f 1702 1701 1703
f 1703 1701 1700
f 1702 524 1701
f 1701 524 525
f 524 1702 522
f 522 1702 1703
f 522 1703 521
f 521 1703 520
f 520 1703 1700
f 519 1704 523
f 523 1704 1705
f 523 1705 514
f 1706 1705 1707
f 1707 1705 1704
f 1706 484 1705
f 1705 484 483
f 1705 483 514
f 484 1706 502
f 502 1706 1707
f 502 1707 504
f 504 1707 518
f 518 1707 1704
f 518 1704 519
f 503 1708 501
f 501 1708 1709
f 501 1709 500
f 1710 1709 1711
f 1711 1709 1708
f 1710 485 1709
f 1709 485 500
f 485 1710 486
f 486 1710 1711
f 486 1711 499
f 499 1711 503
f 503 1711 1708
f 495 1712 487
f 487 1712 1713
f 487 1713 488
f 1714 1713 1715
f 1715 1713 1712
f 1714 489 1713
f 1713 489 488
f 489 1714 497
f 497 1714 1715
f 497 1715 498
f 498 1715 495
f 495 1715 1712
f 478 1716 476
f 476 1716 1717
f 476 1717 475
f 1716 1718 1717
f 1717 1718 1719
f 1719 463 1717
f 1717 463 475
f 463 1719 464
f 464 1719 1718
f 464 1718 480
f 480 1718 478
f 478 1718 1716
f 15 1720 17
f 17 1720 1721
f 17 1721 19
f 1722 1721 1723
f 1723 1721 1720
f 1722 20 1721
f 1721 20 19
f 20 1722 13
f 13 1722 1723
f 13 1723 23
f 23 1723 15
f 15 1723 1720
f 421 1724 427
f 427 1724 1725
f 427 1725 448
f 1726 1725 1727
f 1727 1725 1724
f 1726 18 1725
f 1725 18 449
f 1725 449 448
f 18 1726 16
f 16 1726 1727
f 16 1727 14
f 14 1727 420
f 420 1727 1724
f 420 1724 421
f 424 1728 446
f 446 1728 1729
f 446 1729 447
f 1730 1729 1731
f 1731 1729 1728
f 1730 428 1729
f 1729 428 447
f 428 1730 426
f 426 1730 1731
f 426 1731 425
f 425 1731 424
f 424 1731 1728
f 423 1732 442
f 442 1732 1733
f 442 1733 443
f 1734 1733 1735
f 1735 1733 1732
f 1734 444 1733
f 1733 444 443
f 444 1734 445
f 445 1734 1735
f 445 1735 422
f 422 1735 423
f 423 1735 1732
f 439 1736 437
f 437 1736 1737
f 437 1737 436
f 1738 1737 1739
f 1739 1737 1736
f 1738 435 1737
f 1737 435 436
f 435 1738 441
f 441 1738 1739
f 441 1739 440
f 440 1739 439
f 439 1739 1736
f 38 1740 431
f 431 1740 1741
f 431 1741 432
f 1742 1741 1743
f 1743 1741 1740
f 1742 434 1741
f 1741 434 433
f 1741 433 432
f 434 1742 438
f 438 1742 1743
f 438 1743 35
f 35 1743 36
f 36 1743 1740
f 36 1740 38
f 115 1744 382
f 382 1744 1745
f 382 1745 380
f 1746 1745 1747
f 1747 1745 1744
f 1746 105 1745
f 1745 105 380
f 105 1746 106
f 106 1746 1747
f 106 1747 114
f 114 1747 115
f 115 1747 1744
f 386 1748 392
f 392 1748 1749
f 392 1749 413
f 1750 1749 1751
f 1751 1749 1748
f 1750 381 1749
f 1749 381 416
f 1749 416 413
f 381 1750 383
f 383 1750 1751
f 383 1751 384
f 384 1751 385
f 385 1751 1748
f 385 1748 386
f 389 1752 411
f 411 1752 1753
f 411 1753 412
f 1754 1753 1755
f 1755 1753 1752
f 1754 393 1753
f 1753 393 412
f 393 1754 391
f 391 1754 1755
f 391 1755 390
f 390 1755 389
f 389 1755 1752
f 377 1756 378
f 378 1756 1757
f 378 1757 394
f 1758 1757 1759
f 1759 1757 1756
f 1758 395 1757
f 1757 395 394
f 395 1758 410
f 410 1758 1759
f 410 1759 409
f 409 1759 377
f 377 1759 1756
f 388 1760 405
f 405 1760 1761
f 405 1761 404
f 1762 1761 1763
f 1763 1761 1760
f 1762 403 1761
f 1761 403 404
f 403 1762 379
f 379 1762 1763
f 379 1763 387
f 387 1763 388
f 388 1763 1760
f 397 1764 399
f 399 1764 1765
f 399 1765 400
f 1766 1765 1767
f 1767 1765 1764
f 400 1765 401
f 401 1765 1766
f 401 1766 402
f 402 1766 406
f 406 1766 1767
f 406 1767 407
f 1764 397 1767
f 1767 397 408
f 1767 408 407
f 365 1768 360
f 360 1768 1769
f 360 1769 361
f 1770 1769 1771
f 1771 1769 1768
f 1770 363 1769
f 1769 363 361
f 363 1770 398
f 398 1770 1771
f 398 1771 396
f 396 1771 365
f 365 1771 1768
f 366 1772 371
f 371 1772 1773
f 371 1773 370
f 1774 1773 1775
f 1775 1773 1772
f 1774 358 1773
f 1773 358 370
f 358 1774 359
f 359 1774 1775
f 359 1775 368
f 368 1775 366
f 366 1775 1772
f 374 1776 357
f 357 1776 1777
f 357 1777 355
f 1778 1777 1779
f 1779 1777 1776
f 1778 353 1777
f 1777 353 355
f 353 1778 372
f 372 1778 1779
f 372 1779 373
f 373 1779 374
f 374 1779 1776
f 11 1780 12
f 12 1780 1781
f 12 1781 22
f 1782 1781 1783
f 1783 1781 1780
f 1782 27 1781
f 1781 27 22
f 27 1782 25
f 25 1782 1783
f 25 1783 24
f 24 1783 11
f 11 1783 1780
f 175 1784 166
f 166 1784 1785
f 166 1785 167
f 1786 1785 1787
f 1787 1785 1784
f 1786 168 1785
f 1785 168 167
f 168 1786 183
f 183 1786 1787
f 183 1787 184
f 184 1787 175
f 175 1787 1784
f 189 1788 187
f 187 1788 1789
f 187 1789 186
f 1790 1789 1791
f 1791 1789 1788
f 1790 164 1789
f 1789 164 186
f 164 1790 165
f 165 1790 1791
f 165 1791 185
f 185 1791 189
f 189 1791 1788
f 324 1792 347
f 347 1792 1793
f 347 1793 160
f 1794 1793 1795
f 1795 1793 1792
f 1794 163 1793
f 1793 163 161
f 1793 161 160
f 163 1794 188
f 188 1794 1795
f 188 1795 190
f 190 1795 323
f 323 1795 1792
f 323 1792 324
f 344 1796 350
f 350 1796 1797
f 350 1797 349
f 1798 1797 1799
f 1799 1797 1796
f 1798 348 1797
f 1797 348 349
f 348 1798 346
f 346 1798 1799
f 346 1799 345
f 345 1799 344
f 344 1799 1796
f 325 1800 326
f 326 1800 1801
f 326 1801 338
f 1802 1801 1803
f 1803 1801 1800
f 1802 339 1801
f 1801 339 338
f 339 1802 351
f 351 1802 1803
f 351 1803 352
f 352 1803 325
f 325 1803 1800
f 329 1804 342
f 342 1804 1805
f 342 1805 341
f 1806 1805 1807
f 1807 1805 1804
f 1806 340 1805
f 1805 340 341
f 340 1806 327
f 327 1806 1807
f 327 1807 328
f 328 1807 329
f 329 1807 1804
f 313 1808 332
f 332 1808 1809
f 332 1809 333
f 1810 1809 1811
f 1811 1809 1808
f 333 1809 334
f 334 1809 1810
f 334 1810 336
f 336 1810 343
f 343 1810 1811
f 343 1811 310
f 1808 313 1811
f 1811 313 311
f 1811 311 310
f 309 1812 308
f 308 1812 1813
f 308 1813 304
f 1814 1813 1815
f 1815 1813 1812
f 1814 305 1813
f 1813 305 304
f 305 1814 331
f 331 1814 1815
f 331 1815 330
f 330 1815 309
f 309 1815 1812
f 317 1816 315
f 315 1816 1817
f 315 1817 314
f 1818 1817 1819
f 1819 1817 1816
f 1818 306 1817
f 1817 306 314
f 306 1818 307
f 307 1818 1819
f 307 1819 319
f 319 1819 317
f 317 1819 1816
f 320 1820 321
f 321 1820 1821
f 321 1821 300
f 1822 1821 1823
f 1823 1821 1820
f 1822 302 1821
f 1821 302 300
f 302 1822 316
f 316 1822 1823
f 316 1823 318
f 318 1823 320
f 320 1823 1820
f 277 1824 297
f 297 1824 1825
f 297 1825 296
f 1826 1825 1827
f 1827 1825 1824
f 1826 272 1825
f 1825 272 296
f 272 1826 273
f 273 1826 1827
f 273 1827 275
f 275 1827 277
f 277 1827 1824
f 291 1828 289
f 289 1828 1829
f 289 1829 287
f 1830 1829 1831
f 1831 1829 1828
f 1830 293 1829
f 1829 293 287
f 293 1830 298
f 298 1830 1831
f 298 1831 299
f 299 1831 291
f 291 1831 1828
f 279 1832 281
f 281 1832 1833
f 281 1833 286
f 1834 1833 1835
f 1835 1833 1832
f 1834 288 1833
f 1833 288 286
f 288 1834 290
f 290 1834 1835
f 290 1835 278
f 278 1835 279
f 279 1835 1832
f 246 1836 269
f 269 1836 1837
f 269 1837 271
f 1838 1837 1839
f 1839 1837 1836
f 1838 282 1837
f 1837 282 284
f 1837 284 271
f 282 1838 280
f 280 1838 1839
f 280 1839 243
f 243 1839 244
f 244 1839 1836
f 244 1836 246
f 247 1840 248
f 248 1840 1841
f 248 1841 266
f 1842 1841 1843
f 1843 1841 1840
f 1842 270 1841
f 1841 270 266
f 270 1842 268
f 268 1842 1843
f 268 1843 267
f 267 1843 247
f 247 1843 1840
f 250 1844 265
f 265 1844 3
f 265 3 4
f 1 3 1845
f 1845 3 1844
f 2 1 249
f 249 1 1845
f 249 1845 251
f 251 1845 250
f 250 1845 1844
f 262 1846 260
f 260 1846 1847
f 260 1847 259
f 1848 1847 1849
f 1849 1847 1846
f 1848 258 1847
f 1847 258 259
f 258 1848 264
f 264 1848 1849
f 264 1849 263
f 263 1849 262
f 262 1849 1846
f 216 1850 254
f 254 1850 1851
f 254 1851 255
f 1852 1851 1853
f 1853 1851 1850
f 1852 257 1851
f 1851 257 256
f 1851 256 255
f 257 1852 261
f 261 1852 1853
f 261 1853 213
f 213 1853 214
f 214 1853 1850
f 214 1850 216
f 217 1854 218
f 218 1854 1855
f 218 1855 236
f 1856 1855 1857
f 1857 1855 1854
f 1856 237 1855
f 1855 237 236
f 237 1856 253
f 253 1856 1857
f 253 1857 252
f 252 1857 217
f 217 1857 1854
f 220 1858 240
f 240 1858 1859
f 240 1859 239
f 1860 1859 1861
f 1861 1859 1858
f 1860 238 1859
f 1859 238 239
f 238 1860 219
f 219 1860 1861
f 219 1861 221
f 221 1861 220
f 220 1861 1858
f 235 1862 233
f 233 1862 1863
f 233 1863 232
f 1864 1863 1865
f 1865 1863 1862
f 1864 231 1863
f 1863 231 232
f 231 1864 241
f 241 1864 1865
f 241 1865 242
f 242 1865 235
f 235 1865 1862
f 200 1866 224
f 224 1866 1867
f 224 1867 225
f 1868 1867 1869
f 1869 1867 1866
f 225 1867 226
f 226 1867 1868
f 226 1868 228
f 228 1868 234
f 234 1868 1869
f 234 1869 197
f 1866 200 1869
f 1869 200 198
f 1869 198 197
f 203 1870 204
f 204 1870 1871
f 204 1871 195
f 1872 1871 1873
f 1873 1871 1870
f 1872 196 1871
f 1871 196 195
f 196 1872 223
f 223 1872 1873
f 223 1873 222
f 222 1873 203
f 203 1873 1870
f 202 1874 208
f 208 1874 1875
f 208 1875 207
f 1876 1875 1877
f 1877 1875 1874
f 1876 206 1875
f 1875 206 207
f 206 1876 205
f 205 1876 1877
f 205 1877 201
f 201 1877 202
f 202 1877 1874
f 211 1878 212
f 212 1878 1879
f 212 1879 191
f 1880 1879 1881
f 1881 1879 1878
f 1880 193 1879
f 1879 193 191
f 193 1880 209
f 209 1880 1881
f 209 1881 210
f 210 1881 211
f 211 1881 1878
f 176 1882 182
f 182 1882 1883
f 182 1883 170
f 1884 1883 1885
f 1885 1883 1882
f 1884 169 1883
f 1883 169 170
f 169 1884 178
f 178 1884 1885
f 178 1885 177
f 177 1885 176
f 176 1885 1882
f 174 1886 179
f 179 1886 1887
f 179 1887 180
f 1888 1887 1889
f 1889 1887 1886
f 1888 155 1887
f 1887 155 181
f 1887 181 180
f 155 1888 157
f 157 1888 1889
f 157 1889 159
f 159 1889 173
f 173 1889 1886
f 173 1886 174
f 158 1890 156
f 156 1890 1891
f 156 1891 154
f 1892 1891 1893
f 1893 1891 1890
f 1892 132 1891
f 1891 132 154
f 132 1892 133
f 133 1892 1893
f 133 1893 153
f 153 1893 158
f 158 1893 1890
f 144 1894 134
f 134 1894 1895
f 134 1895 136
f 1896 1895 1897
f 1897 1895 1894
f 1896 137 1895
f 1895 137 136
f 137 1896 151
f 151 1896 1897
f 151 1897 152
f 152 1897 144
f 144 1897 1894
f 145 1898 150
f 150 1898 1899
f 150 1899 139
f 1900 1899 1901
f 1901 1899 1898
f 1900 140 1899
f 1899 140 139
f 140 1900 141
f 141 1900 1901
f 141 1901 147
f 147 1901 145
f 145 1901 1898
f 129 1902 107
f 107 1902 1903
f 107 1903 108
f 1904 1903 1905
f 1905 1903 1902
f 1904 109 1903
f 1903 109 108
f 109 1904 113
f 113 1904 1905
f 113 1905 130
f 130 1905 129
f 129 1905 1902
f 118 1906 131
f 131 1906 1907
f 131 1907 112
f 1908 1907 1909
f 1909 1907 1906
f 1908 111 1907
f 1907 111 112
f 111 1908 122
f 122 1908 1909
f 122 1909 117
f 117 1909 118
f 118 1909 1906
f 123 1910 121
f 121 1910 1911
f 121 1911 120
f 1912 1911 1913
f 1913 1911 1910
f 1912 88 1911
f 1911 88 119
f 1911 119 120
f 88 1912 126
f 126 1912 1913
f 126 1913 125
f 125 1913 124
f 124 1913 1910
f 124 1910 123
f 104 1914 127
f 127 1914 1915
f 127 1915 128
f 1916 1915 1917
f 1917 1915 1914
f 1916 102 1915
f 1915 102 128
f 102 1916 100
f 100 1916 1917
f 100 1917 98
f 98 1917 104
f 104 1917 1914
f 99 1918 101
f 101 1918 1919
f 101 1919 86
f 1920 1919 1921
f 1921 1919 1918
f 1920 87 1919
f 1919 87 86
f 87 1920 96
f 96 1920 1921
f 96 1921 97
f 97 1921 99
f 99 1921 1918
f 92 1922 95
f 95 1922 1923
f 95 1923 94
f 1924 1923 1925
f 1925 1923 1922
f 1924 93 1923
f 1923 93 94
f 93 1924 90
f 90 1924 1925
f 90 1925 91
f 91 1925 92
f 92 1925 1922
f 57 1926 58
f 58 1926 1927
f 58 1927 60
f 1928 1927 1929
f 1929 1927 1926
f 1928 62 1927
f 1927 62 60
f 62 1928 82
f 82 1928 1929
f 82 1929 84
f 84 1929 57
f 57 1929 1926
f 83 1930 81
f 81 1930 1931
f 81 1931 80
f 1932 1931 1933
f 1933 1931 1930
f 1932 63 1931
f 1931 63 80
f 63 1932 64
f 64 1932 1933
f 64 1933 74
f 74 1933 83
f 83 1933 1930
f 70 1934 65
f 65 1934 1935
f 65 1935 67
f 1936 1935 1937
f 1937 1935 1934
f 1936 69 1935
f 1935 69 67
f 69 1936 76
f 76 1936 1937
f 76 1937 75
f 75 1937 70
f 70 1937 1934
f 73 1938 77
f 77 1938 1939
f 77 1939 78
f 1940 1939 1941
f 1941 1939 1938
f 78 1939 79
f 79 1939 1940
f 79 1940 49
f 49 1940 51
f 51 1940 1941
f 51 1941 53
f 1938 73 1941
f 1941 73 72
f 1941 72 53
f 52 1942 50
f 50 1942 1943
f 50 1943 48
f 1944 1943 1945
f 1945 1943 1942
f 1944 46 1943
f 1943 46 48
f 46 1944 55
f 55 1944 1945
f 55 1945 56
f 56 1945 52
f 52 1945 1942
f 45 1946 54
f 54 1946 1947
f 54 1947 34
f 1948 1947 1949
f 1949 1947 1946
f 1948 31 1947
f 1947 31 34
f 31 1948 42
f 42 1948 1949
f 42 1949 44
f 44 1949 45
f 45 1949 1946
f 43 1950 41
f 41 1950 1951
f 41 1951 40
f 1952 1951 1953
f 1953 1951 1950
f 1952 39 1951
f 1951 39 40
f 39 1952 430
f 430 1952 1953
f 430 1953 429
f 429 1953 43
f 43 1953 1950
f 5 1954 6
f 6 1954 1955
f 6 1955 8
f 1956 10 1955
f 1955 10 8
f 10 1956 26
f 26 1956 1957
f 26 1957 28
f 1954 1957 1955
f 1955 1957 1956
f 28 1957 5
f 5 1957 1954
f 1958 1959 1960
f 1961 1962 1963
f 1963 1962 1964
f 1963 1964 1965
f 1961 1963 1960
f 1960 1963 1966
f 1960 1966 1958
f 1967 1968 1969
f 1969 1968 1963
f 1969 1963 1970
f 1970 1963 1965
f 1971 1967 1972
f 1972 1967 1969
f 1972 1969 1973
f 1973 1969 1970
f 1973 1970 1974
f 1974 1970 1965
f 1974 1965 1975
f 1975 1965 1964
f 1975 1964 1976
f 1976 1964 1962
f 1976 1962 1977
f 1977 1962 1961
f 1977 1961 1978
f 1978 1961 1960
f 1978 1960 1979
f 1979 1960 1959
f 1979 1959 1980
f 1980 1959 1958
f 1980 1958 1981
f 1981 1958 1966
f 1981 1966 1982
f 1982 1966 1963
f 1982 1963 1983
f 1983 1963 1968
f 1983 1968 1971
f 1971 1968 1967
f 1984 1985 1982
f 1982 1985 1986
f 1982 1986 1981
f 1981 1986 1987
f 1981 1987 1980
f 1980 1987 1988
f 1980 1988 1979
f 1979 1988 1989
f 1979 1989 1978
f 1978 1989 1990
f 1978 1990 1977
f 1977 1990 1991
f 1977 1991 1976
f 1976 1991 1992
f 1976 1992 1975
f 1975 1992 1993
f 1975 1993 1974
f 1974 1993 1994
f 1974 1994 1973
f 1973 1994 1995
f 1973 1995 1972
f 1972 1995 1996
f 1972 1996 1971
f 1971 1996 1997
f 1971 1997 1983
f 1983 1997 1984
f 1983 1984 1982
f 1997 1996 1998
f 1999 1989 2000
f 2000 1989 1988
f 2000 1988 2001
f 2001 1988 1987
f 1986 2002 1987
f 1987 2002 2003
f 1987 2003 2001
f 1985 2004 1986
f 1986 2004 2005
f 1986 2005 2002
f 1984 2006 1985
f 1985 2006 2007
f 1985 2007 2004
f 1998 2008 1997
f 1997 2008 2009
f 1997 2009 1984
f 1984 2009 2010
f 1984 2010 2006
f 1990 1989 1999
f 1994 2011 1995
f 1995 2011 1998
f 1995 1998 1996
f 1993 2012 1994
f 1994 2012 2013
f 1994 2013 2011
f 1992 2014 1993
f 1993 2014 2015
f 1993 2015 2012
f 1999 2016 1990
f 1990 2016 2017
f 1990 2017 1991
f 1991 2017 2018
f 1991 2018 1992
f 1992 2018 2019
f 1992 2019 2014
f 2020 1998 2021
f 2021 1998 2011
f 2021 2011 2022
f 2011 2013 2022
f 2022 2013 2012
f 2022 2012 2023
f 2023 2012 2015
f 2015 2014 2023
f 2023 2014 2019
f 2023 2019 2024
f 1999 2025 2016
f 2016 2025 2026
f 2016 2026 2017
f 2017 2026 2024
f 2017 2024 2018
f 2018 2024 2019
f 2027 2028 2004
f 2004 2007 2027
f 2027 2007 2006
f 2027 2006 2029
f 1998 2020 2008
f 2008 2020 2030
f 2008 2030 2009
f 2009 2030 2029
f 2009 2029 2010
f 2010 2029 2006
f 2025 1999 2031
f 2031 1999 2000
f 2031 2000 2032
f 2000 2001 2032
f 2032 2001 2003
f 2032 2003 2033
f 2004 2028 2005
f 2005 2028 2033
f 2005 2033 2002
f 2002 2033 2003
f 2034 2035 2036
f 2037 2038 2039
f 2040 2041 2042
f 2043 2044 2045
f 2046 2047 2048
f 2049 2050 2051
f 2052 2053 2054
f 2055 2056 2035
f 2035 2056 2057
f 2035 2057 2058
f 2058 2057 2059
f 2058 2059 2050
f 2050 2059 2060
f 2050 2060 2061
f 2062 2063 2064
f 2063 2065 2064
f 2064 2065 2066
f 2064 2066 2034
f 2066 2067 2034
f 2034 2067 2068
f 2034 2068 2035
f 2035 2068 2069
f 2069 2070 2035
f 2035 2070 2071
f 2035 2071 2055
f 2071 2072 2055
f 2055 2072 2073
f 2055 2073 2074
f 2074 2073 2075
f 2074 2075 2076
f 2076 2075 2077
f 2062 2078 2079
f 2079 2078 2076
f 2079 2076 2080
f 2080 2076 2077
f 2054 2081 2078
f 2078 2081 2082
f 2078 2082 2076
f 2062 2064 2078
f 2078 2064 2083
f 2078 2083 2054
f 2054 2083 2084
f 2054 2084 2052
f 2085 2086 2038
f 2038 2086 2087
f 2087 2088 2038
f 2038 2088 2089
f 2038 2089 2039
f 2039 2089 2090
f 2039 2090 2091
f 2090 2092 2091
f 2091 2092 2093
f 2091 2093 2094
f 2093 2095 2094
f 2094 2095 2096
f 2094 2096 2053
f 2097 2098 2086
f 2086 2098 2099
f 2086 2099 2087
f 2096 2100 2053
f 2053 2100 2101
f 2053 2101 2054
f 2054 2101 2102
f 2054 2102 2097
f 2097 2102 2103
f 2097 2103 2098
f 2104 2037 2105
f 2105 2037 2106
f 2104 2107 2037
f 2037 2107 2108
f 2037 2108 2038
f 2038 2108 2109
f 2038 2109 2085
f 2110 2111 2112
f 2112 2111 2113
f 2112 2113 2041
f 2041 2113 2114
f 2041 2114 2042
f 2109 2115 2085
f 2085 2115 2116
f 2085 2116 2117
f 2117 2116 2118
f 2117 2118 2110
f 2110 2118 2119
f 2110 2119 2111
f 2114 2120 2042
f 2042 2120 2121
f 2042 2121 2106
f 2106 2121 2122
f 2106 2122 2105
f 2123 2124 2044
f 2044 2124 2125
f 2044 2125 2126
f 2126 2125 2127
f 2126 2127 2041
f 2041 2127 2128
f 2041 2128 2112
f 2129 2130 2131
f 2129 2131 2132
f 2130 2129 2133
f 2133 2129 2134
f 2133 2134 2135
f 2135 2134 2123
f 2135 2123 2136
f 2136 2123 2044
f 2136 2044 2137
f 2138 2139 2140
f 2140 2139 2141
f 2140 2141 2142
f 2142 2141 2143
f 2138 2144 2139
f 2139 2144 2145
f 2139 2145 2043
f 2145 2146 2043
f 2043 2146 2147
f 2043 2147 2044
f 2044 2147 2148
f 2044 2148 2137
f 2131 2143 2132
f 2132 2143 2141
f 2132 2141 2149
f 2149 2141 2150
f 2139 2151 2141
f 2141 2151 2152
f 2141 2152 2150
f 2150 2152 2153
f 2150 2153 2154
f 2155 2156 2157
f 2158 2159 2047
f 2047 2159 2160
f 2047 2160 2048
f 2161 2162 2163
f 2163 2162 2164
f 2161 2165 2162
f 2162 2165 2166
f 2162 2166 2154
f 2160 2167 2048
f 2048 2167 2168
f 2048 2168 2164
f 2164 2168 2169
f 2164 2169 2163
f 2166 2170 2154
f 2154 2170 2171
f 2154 2171 2150
f 2150 2171 2172
f 2150 2172 2156
f 2156 2172 2173
f 2156 2173 2157
f 2050 2174 2051
f 2051 2174 2175
f 2051 2175 2176
f 2157 2158 2155
f 2155 2158 2047
f 2155 2047 2177
f 2177 2047 2178
f 2179 2046 2180
f 2180 2046 2176
f 2180 2176 2181
f 2181 2176 2175
f 2179 2182 2046
f 2046 2182 2183
f 2046 2183 2047
f 2047 2183 2184
f 2047 2184 2178
f 2178 2185 2177
f 2177 2185 2186
f 2177 2186 2187
f 2187 2186 2188
f 2187 2188 2189
f 2189 2188 2190
f 2189 2190 2061
f 2061 2190 2191
f 2061 2191 2050
f 2050 2191 2192
f 2050 2192 2174
f 2193 2194 2058
f 2058 2194 2195
f 2058 2195 2196
f 2196 2195 2197
f 2196 2197 2198
f 2197 2199 2198
f 2198 2199 2200
f 2198 2200 2201
f 2200 2202 2201
f 2201 2202 2203
f 2201 2203 2204
f 2204 2203 2205
f 2204 2205 2049
f 2049 2205 2206
f 2049 2206 2050
f 2050 2206 2207
f 2050 2207 2208
f 2208 2209 2050
f 2050 2209 2210
f 2050 2210 2058
f 2058 2210 2211
f 2058 2211 2193
f 2212 2213 2126
f 2126 2213 2214
f 2126 2214 2215
f 2216 2217 2212
f 2212 2217 2218
f 2212 2218 2213
f 2219 2045 2220
f 2221 2044 2222
f 2222 2044 2126
f 2222 2126 2223
f 2223 2126 2215
f 2221 2224 2044
f 2044 2224 2225
f 2044 2225 2045
f 2045 2225 2226
f 2045 2226 2220
f 2220 2227 2219
f 2219 2227 2228
f 2219 2228 2216
f 2216 2228 2229
f 2216 2229 2217
f 2230 2231 2212
f 2212 2231 2232
f 2212 2232 2216
f 2233 2230 2234
f 2234 2235 2233
f 2233 2235 2236
f 2233 2236 2040
f 2040 2236 2237
f 2040 2237 2041
f 2041 2237 2238
f 2239 2212 2240
f 2240 2212 2126
f 2240 2126 2241
f 2241 2126 2242
f 2238 2243 2041
f 2041 2243 2244
f 2041 2244 2126
f 2126 2244 2245
f 2126 2245 2242
f 2239 2246 2212
f 2212 2246 2247
f 2212 2247 2230
f 2230 2247 2248
f 2230 2248 2234
f 2249 2250 2024
f 2024 2250 2023
f 2023 2250 2036
f 2023 2036 2022
f 2022 2036 2035
f 2022 2035 2021
f 2024 2026 2249
f 2249 2026 2025
f 2249 2025 2251
f 2251 2025 2031
f 2251 2031 2196
f 2027 2029 2058
f 2058 2029 2030
f 2058 2030 2035
f 2035 2030 2020
f 2035 2020 2021
f 2031 2032 2196
f 2196 2032 2033
f 2196 2033 2058
f 2058 2033 2028
f 2058 2028 2027
f 2230 2252 2253
f 2230 2253 2231
f 2231 2253 2254
f 2231 2254 2232
f 2232 2254 2255
f 2232 2255 2216
f 2216 2255 2256
f 2216 2256 2219
f 2219 2256 2257
f 2219 2257 2045
f 2045 2257 2258
f 2045 2258 2043
f 2043 2258 2259
f 2043 2259 2139
f 2139 2259 2260
f 2139 2260 2151
f 2151 2260 2261
f 2151 2261 2152
f 2152 2261 2262
f 2152 2262 2153
f 2153 2262 2263
f 2153 2263 2154
f 2154 2263 2264
f 2154 2264 2162
f 2162 2264 2265
f 2162 2265 2164
f 2164 2265 2266
f 2164 2266 2048
f 2048 2266 2267
f 2048 2267 2046
f 2046 2267 2268
f 2046 2268 2176
f 2176 2268 2269
f 2176 2269 2051
f 2051 2269 2049
f 2049 2269 2270
f 2049 2270 2204
f 2204 2270 2271
f 2204 2271 2201
f 2272 2273 2274
f 2273 2275 2259
f 2259 2275 2260
f 2274 2276 2272
f 2272 2276 2277
f 2272 2277 2278
f 2278 2277 2279
f 2278 2279 2280
f 2280 2279 2281
f 2280 2281 2282
f 2283 2284 2264
f 2282 2281 2285
f 2285 2281 2286
f 2285 2286 2284
f 2264 2263 2283
f 2283 2263 2262
f 2283 2262 2287
f 2287 2262 2261
f 2287 2261 2288
f 2288 2261 2260
f 2288 2260 2289
f 2289 2260 2275
f 2273 2259 2274
f 2274 2259 2258
f 2274 2258 2290
f 2290 2258 2257
f 2290 2257 2291
f 2291 2257 2256
f 2291 2256 2292
f 2292 2256 2255
f 2292 2255 2293
f 2293 2255 2254
f 2293 2254 2294
f 2294 2254 2253
f 2294 2253 2295
f 2295 2253 2252
f 2295 2252 2296
f 2284 2286 2264
f 2264 2286 2297
f 2264 2297 2265
f 2265 2297 2298
f 2265 2298 2266
f 2266 2298 2299
f 2266 2299 2267
f 2267 2299 2300
f 2267 2300 2268
f 2268 2300 2301
f 2268 2301 2269
f 2269 2301 2302
f 2269 2302 2270
f 2270 2302 2303
f 2270 2303 2271
f 2304 2303 2302
f 2304 2302 2305
f 2305 2302 2301
f 2305 2301 2306
f 2306 2301 2300
f 2306 2300 2307
f 2307 2300 2299
f 2307 2299 2308
f 2308 2299 2298
f 2308 2298 2309
f 2309 2298 2297
f 2309 2297 2310
f 2310 2297 2286
f 2310 2286 2311
f 2311 2286 2281
f 2311 2281 2312
f 2312 2281 2279
f 2312 2279 2313
f 2313 2279 2277
f 2313 2277 2314
f 2314 2277 2276
f 2314 2276 2315
f 2315 2276 2274
f 2315 2274 2316
f 2316 2274 2290
f 2316 2290 2317
f 2317 2290 2291
f 2317 2291 2318
f 2318 2291 2292
f 2318 2292 2319
f 2319 2292 2293
f 2319 2293 2320
f 2320 2293 2294
f 2320 2294 2321
f 2321 2294 2295
f 2321 2295 2322
f 2322 2295 2296
f 2322 2296 2323
f 2324 2325 2314
f 2314 2325 2326
f 2314 2326 2313
f 2313 2326 2327
f 2313 2327 2312
f 2312 2327 2328
f 2312 2328 2311
f 2311 2328 2329
f 2311 2329 2310
f 2310 2329 2330
f 2310 2330 2309
f 2309 2330 2331
f 2309 2331 2308
f 2308 2331 2332
f 2308 2332 2307
f 2307 2332 2333
f 2307 2333 2306
f 2306 2333 2334
f 2306 2334 2305
f 2305 2334 2335
f 2305 2335 2304
f 2304 2335 2336
f 2304 2336 2337
f 2337 2336 2338
f 2337 2338 2339
f 2339 2338 2340
f 2339 2340 2341
f 2341 2340 2342
f 2341 2342 2343
f 2343 2342 2344
f 2343 2344 2345
f 2345 2344 2346
f 2345 2346 2347
f 2347 2346 2348
f 2347 2348 2349
f 2349 2348 2350
f 2349 2350 2351
f 2351 2350 2352
f 2351 2352 2353
f 2353 2352 2354
f 2353 2354 2355
f 2355 2354 2356
f 2355 2356 2357
f 2357 2356 2358
f 2357 2358 2359
f 2359 2358 2360
f 2359 2360 2361
f 2361 2360 2362
f 2361 2362 2363
f 2363 2362 2364
f 2363 2364 2365
f 2365 2364 2366
f 2365 2366 2367
f 2367 2366 2368
f 2367 2368 2369
f 2369 2368 2370
f 2369 2370 2371
f 2371 2370 2372
f 2371 2372 2323
f 2323 2372 2373
f 2323 2373 2322
f 2322 2373 2374
f 2322 2374 2321
f 2321 2374 2375
f 2321 2375 2320
f 2320 2375 2376
f 2320 2376 2319
f 2319 2376 2377
f 2319 2377 2318
f 2318 2377 2378
f 2318 2378 2317
f 2317 2378 2379
f 2317 2379 2316
f 2316 2379 2380
f 2316 2380 2315
f 2315 2380 2324
f 2315 2324 2314
f 2323 2296 2381
f 2323 2381 2371
f 2371 2381 2382
f 2371 2382 2369
f 2369 2382 2383
f 2369 2383 2367
f 2367 2383 2384
f 2367 2384 2365
f 2365 2384 2385
f 2365 2385 2363
f 2363 2385 2386
f 2363 2386 2361
f 2361 2386 2387
f 2361 2387 2359
f 2359 2387 2388
f 2359 2388 2357
f 2357 2388 2389
f 2357 2389 2355
f 2355 2389 2390
f 2355 2390 2353
f 2353 2390 2391
f 2353 2391 2351
f 2351 2391 2392
f 2351 2392 2349
f 2349 2392 2393
f 2349 2393 2347
f 2347 2393 2394
f 2347 2394 2345
f 2345 2394 2395
f 2345 2395 2343
f 2343 2395 2396
f 2343 2396 2341
f 2341 2396 2397
f 2341 2397 2339
f 2339 2397 2398
f 2339 2398 2337
f 2337 2398 2303
f 2337 2303 2304
f 2271 2303 2398
f 2271 2398 2399
f 2399 2398 2397
f 2399 2397 2400
f 2400 2397 2396
f 2400 2396 2401
f 2401 2396 2395
f 2401 2395 2402
f 2402 2395 2394
f 2402 2394 2403
f 2403 2394 2393
f 2403 2393 2404
f 2404 2393 2392
f 2404 2392 2405
f 2405 2392 2391
f 2405 2391 2406
f 2406 2391 2390
f 2406 2390 2407
f 2407 2390 2389
f 2407 2389 2408
f 2408 2389 2388
f 2408 2388 2409
f 2409 2388 2387
f 2409 2387 2410
f 2410 2387 2386
f 2410 2386 2411
f 2411 2386 2385
f 2411 2385 2412
f 2412 2385 2384
f 2412 2384 2413
f 2413 2384 2383
f 2413 2383 2414
f 2414 2383 2382
f 2414 2382 2415
f 2415 2382 2381
f 2415 2381 2416
f 2416 2381 2296
f 2416 2296 2252
f 2271 2399 2201
f 2201 2399 2198
f 2198 2399 2196
f 2196 2399 2400
f 2196 2400 2251
f 2251 2400 2401
f 2251 2401 2249
f 2249 2401 2402
f 2249 2402 2250
f 2250 2402 2403
f 2250 2403 2036
f 2036 2403 2404
f 2036 2404 2034
f 2034 2404 2405
f 2034 2405 2064
f 2064 2405 2406
f 2064 2406 2083
f 2083 2406 2407
f 2083 2407 2084
f 2084 2407 2408
f 2084 2408 2052
f 2052 2408 2409
f 2052 2409 2053
f 2053 2409 2410
f 2053 2410 2094
f 2094 2410 2411
f 2094 2411 2091
f 2091 2411 2412
f 2091 2412 2039
f 2039 2412 2413
f 2039 2413 2037
f 2037 2413 2414
f 2037 2414 2106
f 2106 2414 2415
f 2106 2415 2042
f 2042 2415 2040
f 2040 2415 2416
f 2040 2416 2233
f 2233 2416 2252
f 2233 2252 2230
f 2417 2373 2418
f 2418 2373 2372
f 2418 2372 2419
f 2419 2372 2370
f 2419 2370 2420
f 2420 2370 2368
f 2420 2368 2421
f 2421 2368 2366
f 2421 2366 2422
f 2422 2366 2364
f 2422 2364 2423
f 2423 2364 2362
f 2423 2362 2424
f 2424 2362 2360
f 2424 2360 2425
f 2425 2360 2358
f 2425 2358 2426
f 2426 2358 2356
f 2426 2356 2427
f 2427 2356 2354
f 2427 2354 2428
f 2428 2354 2352
f 2428 2352 2429
f 2429 2352 2350
f 2429 2350 2430
f 2430 2350 2348
f 2430 2348 2431
f 2431 2348 2346
f 2431 2346 2432
f 2432 2346 2344
f 2432 2344 2433
f 2433 2344 2342
f 2433 2342 2434
f 2434 2342 2340
f 2434 2340 2435
f 2435 2340 2338
f 2435 2338 2436
f 2436 2338 2336
f 2327 2326 2437
f 2437 2326 2438
f 2439 2329 2328
f 2437 2440 2327
f 2327 2440 2441
f 2327 2441 2328
f 2328 2441 2442
f 2328 2442 2439
f 2439 2443 2329
f 2329 2443 2444
f 2329 2444 2330
f 2330 2444 2445
f 2330 2445 2331
f 2445 2446 2331
f 2331 2446 2447
f 2331 2447 2332
f 2447 2448 2332
f 2332 2448 2449
f 2332 2449 2333
f 2449 2450 2333
f 2333 2450 2451
f 2333 2451 2334
f 2451 2452 2334
f 2334 2452 2453
f 2334 2453 2335
f 2436 2336 2454
f 2454 2336 2335
f 2454 2335 2455
f 2455 2335 2453
f 2374 2373 2417
f 2417 2456 2374
f 2374 2456 2457
f 2374 2457 2375
f 2457 2458 2375
f 2375 2458 2459
f 2375 2459 2376
f 2459 2460 2376
f 2376 2460 2461
f 2376 2461 2377
f 2461 2462 2377
f 2377 2462 2463
f 2377 2463 2378
f 2463 2464 2378
f 2378 2464 2465
f 2378 2465 2379
f 2465 2466 2379
f 2379 2466 2467
f 2379 2467 2380
f 2467 2468 2380
f 2380 2468 2469
f 2380 2469 2324
f 2469 2470 2324
f 2324 2470 2471
f 2324 2471 2325
f 2438 2326 2472
f 2472 2326 2325
f 2472 2325 2473
f 2473 2325 2471
f 2474 2436 2475
f 2475 2436 2454
f 2475 2454 2476
f 2476 2454 2455
f 2476 2455 2477
f 2477 2455 2453
f 2477 2453 2478
f 2478 2453 2452
f 2445 2479 2446
f 2446 2479 2480
f 2446 2480 2447
f 2447 2480 2481
f 2447 2481 2448
f 2448 2481 2482
f 2448 2482 2449
f 2449 2482 2483
f 2449 2483 2450
f 2450 2483 2484
f 2450 2484 2451
f 2451 2484 2485
f 2451 2485 2452
f 2452 2485 2486
f 2452 2486 2478
f 2440 2487 2441
f 2441 2487 2488
f 2441 2488 2442
f 2442 2488 2489
f 2442 2489 2439
f 2439 2489 2490
f 2439 2490 2443
f 2443 2490 2491
f 2443 2491 2444
f 2444 2491 2492
f 2444 2492 2445
f 2445 2492 2493
f 2445 2493 2479
f 2471 2494 2473
f 2473 2494 2495
f 2473 2495 2472
f 2472 2495 2496
f 2472 2496 2438
f 2438 2496 2497
f 2438 2497 2437
f 2437 2497 2498
f 2437 2498 2440
f 2440 2498 2499
f 2440 2499 2487
f 2465 2500 2466
f 2466 2500 2501
f 2466 2501 2467
f 2467 2501 2502
f 2467 2502 2468
f 2468 2502 2503
f 2468 2503 2469
f 2469 2503 2504
f 2469 2504 2470
f 2470 2504 2505
f 2470 2505 2471
f 2471 2505 2506
f 2471 2506 2494
f 2459 2507 2460
f 2460 2507 2508
f 2460 2508 2461
f 2461 2508 2509
f 2461 2509 2462
f 2462 2509 2510
f 2462 2510 2463
f 2463 2510 2511
f 2463 2511 2464
f 2464 2511 2512
f 2464 2512 2465
f 2465 2512 2513
f 2465 2513 2500
f 2417 2514 2456
f 2456 2514 2515
f 2456 2515 2457
f 2457 2515 2516
f 2457 2516 2458
f 2458 2516 2517
f 2458 2517 2459
f 2459 2517 2518
f 2459 2518 2507
f 2519 2520 2430
f 2514 2417 2521
f 2521 2417 2418
f 2521 2418 2522
f 2419 2523 2418
f 2418 2523 2524
f 2418 2524 2522
f 2420 2525 2419
f 2419 2525 2526
f 2419 2526 2523
f 2527 2528 2421
f 2421 2528 2529
f 2421 2529 2420
f 2420 2529 2530
f 2420 2530 2525
f 2527 2421 2531
f 2531 2421 2422
f 2531 2422 2532
f 2532 2422 2423
f 2532 2423 2533
f 2424 2534 2423
f 2423 2534 2535
f 2423 2535 2533
f 2425 2536 2424
f 2424 2536 2537
f 2424 2537 2534
f 2538 2539 2426
f 2426 2539 2540
f 2426 2540 2425
f 2425 2540 2541
f 2425 2541 2536
f 2538 2426 2542
f 2542 2426 2427
f 2542 2427 2543
f 2543 2427 2428
f 2543 2428 2544
f 2544 2428 2545
f 2545 2428 2429
f 2545 2429 2546
f 2430 2520 2429
f 2429 2520 2547
f 2429 2547 2546
f 2519 2430 2548
f 2548 2430 2431
f 2548 2431 2549
f 2549 2431 2550
f 2550 2431 2432
f 2550 2432 2551
f 2552 2553 2434
f 2434 2553 2554
f 2434 2554 2433
f 2433 2554 2555
f 2433 2555 2432
f 2432 2555 2556
f 2432 2556 2551
f 2552 2434 2557
f 2557 2434 2435
f 2557 2435 2558
f 2558 2435 2559
f 2559 2435 2436
f 2559 2436 2474
f 2551 2556 2560
f 2561 2562 2563
f 2564 2565 2566
f 2567 2568 2569
f 2570 2567 2571
f 2572 2573 2574
f 2575 2565 2576
f 2576 2565 2564
f 2576 2564 2577
f 2578 2562 2579
f 2579 2562 2561
f 2579 2561 2580
f 2581 2566 2582
f 2582 2566 2565
f 2582 2565 2583
f 2583 2565 2575
f 2583 2575 2584
f 2585 2563 2586
f 2586 2563 2562
f 2586 2562 2587
f 2587 2562 2578
f 2587 2578 2570
f 2588 2589 2590
f 2555 2554 2591
f 2591 2554 2588
f 2591 2588 2592
f 2592 2588 2590
f 2592 2590 2593
f 2594 2595 2596
f 2596 2595 2597
f 2596 2597 2598
f 2598 2597 2599
f 2598 2599 2600
f 2600 2599 2601
f 2595 2602 2597
f 2597 2602 2603
f 2597 2603 2599
f 2599 2603 2604
f 2599 2604 2601
f 2601 2604 2605
f 2601 2605 2519
f 2519 2605 2520
f 2606 2607 2608
f 2608 2607 2609
f 2608 2609 2610
f 2610 2609 2611
f 2610 2611 2612
f 2612 2611 2613
f 2614 2615 2616
f 2616 2615 2617
f 2616 2617 2618
f 2618 2617 2619
f 2618 2619 2620
f 2620 2619 2621
f 2620 2621 2543
f 2543 2621 2542
f 2622 2623 2624
f 2624 2623 2625
f 2624 2625 2626
f 2626 2625 2627
f 2626 2627 2628
f 2628 2627 2629
f 2630 2631 2632
f 2632 2631 2633
f 2632 2633 2634
f 2634 2633 2635
f 2634 2635 2636
f 2636 2635 2637
f 2636 2637 2536
f 2536 2637 2537
f 2638 2639 2640
f 2640 2639 2641
f 2640 2641 2642
f 2642 2641 2643
f 2642 2643 2644
f 2644 2643 2645
f 2639 2646 2641
f 2641 2646 2647
f 2641 2647 2643
f 2643 2647 2648
f 2643 2648 2645
f 2645 2648 2649
f 2645 2649 2532
f 2532 2649 2531
f 2650 2651 2652
f 2523 2526 2653
f 2653 2526 2650
f 2653 2650 2654
f 2654 2650 2652
f 2654 2652 2655
f 2572 2574 2656
f 2656 2574 2657
f 2656 2657 2658
f 2658 2657 2659
f 2658 2659 2660
f 2660 2659 2559
f 2660 2559 2474
f 2573 2593 2574
f 2574 2593 2590
f 2574 2590 2657
f 2657 2590 2589
f 2657 2589 2659
f 2659 2589 2558
f 2659 2558 2559
f 2554 2553 2588
f 2588 2553 2552
f 2588 2552 2589
f 2589 2552 2557
f 2589 2557 2558
f 2573 2661 2593
f 2593 2661 2662
f 2593 2662 2592
f 2592 2662 2663
f 2592 2663 2591
f 2591 2663 2560
f 2591 2560 2555
f 2555 2560 2556
f 2661 2594 2662
f 2662 2594 2596
f 2662 2596 2663
f 2663 2596 2598
f 2663 2598 2560
f 2560 2598 2600
f 2560 2600 2551
f 2519 2548 2601
f 2601 2548 2549
f 2601 2549 2600
f 2600 2549 2550
f 2600 2550 2551
f 2602 2606 2603
f 2603 2606 2608
f 2603 2608 2604
f 2604 2608 2610
f 2604 2610 2605
f 2605 2610 2612
f 2605 2612 2520
f 2544 2545 2613
f 2613 2545 2546
f 2613 2546 2612
f 2612 2546 2547
f 2612 2547 2520
f 2607 2614 2609
f 2609 2614 2616
f 2609 2616 2611
f 2611 2616 2618
f 2611 2618 2613
f 2613 2618 2620
f 2613 2620 2544
f 2544 2620 2543
f 2615 2622 2617
f 2617 2622 2624
f 2617 2624 2619
f 2619 2624 2626
f 2619 2626 2621
f 2621 2626 2628
f 2621 2628 2542
f 2541 2540 2629
f 2629 2540 2539
f 2629 2539 2628
f 2628 2539 2538
f 2628 2538 2542
f 2623 2630 2625
f 2625 2630 2632
f 2625 2632 2627
f 2627 2632 2634
f 2627 2634 2629
f 2629 2634 2636
f 2629 2636 2541
f 2541 2636 2536
f 2631 2638 2633
f 2633 2638 2640
f 2633 2640 2635
f 2635 2640 2642
f 2635 2642 2637
f 2637 2642 2644
f 2637 2644 2537
f 2532 2533 2645
f 2645 2533 2535
f 2645 2535 2644
f 2644 2535 2534
f 2644 2534 2537
f 2646 2577 2647
f 2647 2577 2564
f 2647 2564 2648
f 2648 2564 2566
f 2648 2566 2649
f 2649 2566 2581
f 2649 2581 2531
f 2531 2581 2527
f 2584 2655 2583
f 2583 2655 2652
f 2583 2652 2582
f 2582 2652 2651
f 2582 2651 2581
f 2581 2651 2528
f 2581 2528 2527
f 2526 2525 2650
f 2650 2525 2530
f 2650 2530 2651
f 2651 2530 2529
f 2651 2529 2528
f 2584 2580 2655
f 2655 2580 2561
f 2655 2561 2654
f 2654 2561 2563
f 2654 2563 2653
f 2653 2563 2585
f 2653 2585 2523
f 2523 2585 2524
f 2664 2521 2522
f 2570 2571 2587
f 2587 2571 2665
f 2587 2665 2586
f 2586 2665 2664
f 2586 2664 2585
f 2585 2664 2522
f 2585 2522 2524
f 2567 2569 2571
f 2571 2569 2666
f 2571 2666 2665
f 2665 2666 2667
f 2665 2667 2664
f 2664 2667 2514
f 2664 2514 2521
f 2490 2489 2668
f 2511 2510 2669
f 2670 2671 2672
f 2673 2674 2675
f 2676 2677 2678
f 2679 2572 2656
f 2680 2679 2681
f 2568 2682 2683
f 2684 2677 2685
f 2685 2677 2676
f 2685 2676 2686
f 2687 2674 2688
f 2688 2674 2673
f 2688 2673 2689
f 2690 2671 2691
f 2691 2671 2670
f 2691 2670 2692
f 2693 2678 2694
f 2694 2678 2677
f 2694 2677 2695
f 2695 2677 2684
f 2695 2684 2696
f 2697 2675 2698
f 2698 2675 2674
f 2698 2674 2699
f 2699 2674 2687
f 2699 2687 2700
f 2701 2672 2702
f 2702 2672 2671
f 2702 2671 2703
f 2703 2671 2690
f 2703 2690 2680
f 2704 2705 2706
f 2509 2508 2707
f 2707 2508 2704
f 2707 2704 2708
f 2708 2704 2706
f 2708 2706 2709
f 2710 2711 2712
f 2712 2711 2713
f 2712 2713 2714
f 2714 2713 2715
f 2714 2715 2716
f 2716 2715 2717
f 2711 2718 2713
f 2713 2718 2719
f 2713 2719 2715
f 2715 2719 2720
f 2715 2720 2717
f 2717 2720 2721
f 2717 2721 2501
f 2501 2721 2502
f 2722 2723 2724
f 2496 2495 2725
f 2725 2495 2722
f 2725 2722 2726
f 2726 2722 2724
f 2726 2724 2727
f 2728 2729 2730
f 2730 2729 2731
f 2730 2731 2732
f 2732 2731 2733
f 2732 2733 2734
f 2734 2733 2735
f 2729 2736 2731
f 2731 2736 2737
f 2731 2737 2733
f 2733 2737 2738
f 2733 2738 2735
f 2735 2738 2739
f 2735 2739 2487
f 2487 2739 2488
f 2740 2741 2742
f 2742 2741 2743
f 2742 2743 2744
f 2744 2743 2745
f 2744 2745 2746
f 2746 2745 2747
f 2741 2748 2743
f 2743 2748 2749
f 2743 2749 2745
f 2745 2749 2750
f 2745 2750 2747
f 2747 2750 2751
f 2747 2751 2479
f 2479 2751 2480
f 2752 2753 2754
f 2478 2486 2755
f 2755 2486 2752
f 2755 2752 2756
f 2756 2752 2754
f 2756 2754 2757
f 2568 2683 2569
f 2569 2683 2758
f 2569 2758 2666
f 2666 2758 2759
f 2666 2759 2667
f 2667 2759 2515
f 2667 2515 2514
f 2682 2709 2683
f 2683 2709 2706
f 2683 2706 2758
f 2758 2706 2705
f 2758 2705 2759
f 2759 2705 2516
f 2759 2516 2515
f 2508 2507 2704
f 2704 2507 2518
f 2704 2518 2705
f 2705 2518 2517
f 2705 2517 2516
f 2682 2760 2709
f 2709 2760 2761
f 2709 2761 2708
f 2708 2761 2762
f 2708 2762 2707
f 2707 2762 2669
f 2707 2669 2509
f 2509 2669 2510
f 2760 2710 2761
f 2761 2710 2712
f 2761 2712 2762
f 2762 2712 2714
f 2762 2714 2669
f 2669 2714 2716
f 2669 2716 2511
f 2501 2500 2717
f 2717 2500 2513
f 2717 2513 2716
f 2716 2513 2512
f 2716 2512 2511
f 2718 2686 2719
f 2719 2686 2676
f 2719 2676 2720
f 2720 2676 2678
f 2720 2678 2721
f 2721 2678 2693
f 2721 2693 2502
f 2502 2693 2503
f 2696 2727 2695
f 2695 2727 2724
f 2695 2724 2694
f 2694 2724 2723
f 2694 2723 2693
f 2693 2723 2504
f 2693 2504 2503
f 2495 2494 2722
f 2722 2494 2506
f 2722 2506 2723
f 2723 2506 2505
f 2723 2505 2504
f 2696 2728 2727
f 2727 2728 2730
f 2727 2730 2726
f 2726 2730 2732
f 2726 2732 2725
f 2725 2732 2734
f 2725 2734 2496
f 2487 2499 2735
f 2735 2499 2498
f 2735 2498 2734
f 2734 2498 2497
f 2734 2497 2496
f 2736 2763 2737
f 2737 2763 2764
f 2737 2764 2738
f 2738 2764 2765
f 2738 2765 2739
f 2739 2765 2668
f 2739 2668 2488
f 2488 2668 2489
f 2763 2740 2764
f 2764 2740 2742
f 2764 2742 2765
f 2765 2742 2744
f 2765 2744 2668
f 2668 2744 2746
f 2668 2746 2490
f 2479 2493 2747
f 2747 2493 2492
f 2747 2492 2746
f 2746 2492 2491
f 2746 2491 2490
f 2748 2689 2749
f 2749 2689 2673
f 2749 2673 2750
f 2750 2673 2675
f 2750 2675 2751
f 2751 2675 2697
f 2751 2697 2480
f 2480 2697 2481
f 2700 2757 2699
f 2699 2757 2754
f 2699 2754 2698
f 2698 2754 2753
f 2698 2753 2697
f 2697 2753 2482
f 2697 2482 2481
f 2486 2485 2752
f 2752 2485 2484
f 2752 2484 2753
f 2753 2484 2483
f 2753 2483 2482
f 2700 2692 2757
f 2757 2692 2670
f 2757 2670 2756
f 2756 2670 2672
f 2756 2672 2755
f 2755 2672 2701
f 2755 2701 2478
f 2478 2701 2477
f 2766 2475 2476
f 2680 2681 2703
f 2703 2681 2767
f 2703 2767 2702
f 2702 2767 2766
f 2702 2766 2701
f 2701 2766 2476
f 2701 2476 2477
f 2679 2656 2681
f 2681 2656 2658
f 2681 2658 2767
f 2767 2658 2660
f 2767 2660 2766
f 2766 2660 2474
f 2766 2474 2475
f 2567 2570 2573
f 2692 2700 2682
f 2682 2700 2687
f 2682 2687 2688
f 2631 2630 2614
f 2567 2573 2568
f 2568 2573 2572
f 2568 2572 2682
f 2682 2572 2679
f 2682 2679 2680
f 2570 2578 2573
f 2573 2578 2579
f 2573 2579 2580
f 2580 2584 2573
f 2573 2584 2575
f 2573 2575 2576
f 2631 2614 2638
f 2602 2595 2639
f 2680 2690 2682
f 2682 2690 2691
f 2682 2691 2692
f 2688 2689 2682
f 2682 2689 2748
f 2682 2748 2741
f 2741 2740 2682
f 2682 2740 2763
f 2682 2763 2736
f 2576 2577 2573
f 2573 2577 2646
f 2573 2646 2639
f 2630 2623 2614
f 2614 2623 2622
f 2614 2622 2615
f 2602 2639 2606
f 2595 2594 2639
f 2639 2594 2661
f 2639 2661 2573
f 2736 2684 2685
f 2638 2614 2639
f 2639 2614 2607
f 2639 2607 2606
f 2684 2736 2696
f 2696 2736 2729
f 2696 2729 2728
f 2685 2686 2736
f 2736 2686 2718
f 2736 2718 2711
f 2711 2710 2736
f 2736 2710 2760
f 2736 2760 2682
f 2285 2273 2272
f 2285 2272 2282
f 2282 2272 2278
f 2282 2278 2280
f 2768 2769 2285
f 2769 2770 2285
f 2285 2770 2771
f 2285 2771 2273
f 2772 2284 2773
f 2773 2284 2275
f 2773 2275 2774
f 2774 2275 2775
f 2772 2776 2284
f 2284 2776 2777
f 2284 2777 2285
f 2285 2777 2778
f 2285 2778 2768
f 2771 2779 2273
f 2273 2779 2780
f 2273 2780 2275
f 2275 2780 2781
f 2275 2781 2775
f 2275 2284 2289
f 2289 2284 2283
f 2289 2283 2288
f 2288 2283 2287
f 2782 2778 2783
f 2783 2778 2777
f 2783 2777 2784
f 2784 2777 2785
f 2785 2777 2776
f 2785 2776 2786
f 2772 2787 2788
f 2772 2788 2776
f 2776 2788 2789
f 2776 2789 2786
f 2773 2790 2791
f 2773 2791 2772
f 2772 2791 2792
f 2772 2792 2787
f 2790 2773 2793
f 2793 2773 2774
f 2793 2774 2794
f 2794 2774 2795
f 2795 2774 2775
f 2795 2775 2796
f 2796 2775 2797
f 2797 2775 2781
f 2797 2781 2798
f 2798 2781 2799
f 2799 2781 2780
f 2799 2780 2800
f 2800 2780 2801
f 2801 2780 2779
f 2801 2779 2802
f 2771 2803 2804
f 2771 2804 2779
f 2779 2804 2805
f 2779 2805 2802
f 2770 2806 2807
f 2770 2807 2771
f 2771 2807 2808
f 2771 2808 2803
f 2806 2770 2809
f 2809 2770 2769
f 2809 2769 2810
f 2810 2769 2811
f 2811 2769 2768
f 2811 2768 2812
f 2812 2768 2813
f 2813 2768 2778
f 2813 2778 2782
f 2808 2807 2791
f 2814 2795 2796
f 2814 2791 2790
f 2790 2793 2814
f 2814 2793 2794
f 2814 2794 2795
f 2796 2797 2814
f 2814 2797 2798
f 2814 2798 2799
f 2805 2804 2791
f 2791 2804 2803
f 2791 2803 2808
f 2799 2800 2814
f 2814 2800 2801
f 2814 2801 2791
f 2791 2801 2802
f 2791 2802 2805
f 2792 2791 2807
f 2815 2811 2812
f 2815 2807 2806
f 2806 2809 2815
f 2815 2809 2810
f 2815 2810 2811
f 2812 2813 2815
f 2815 2813 2782
f 2815 2782 2783
f 2789 2788 2807
f 2807 2788 2787
f 2807 2787 2792
f 2783 2784 2815
f 2815 2784 2785
f 2815 2785 2807
f 2807 2785 2786
f 2807 2786 2789
f 2816 2060 2059
f 2816 2059 2817
f 2817 2059 2057
f 2817 2057 2818
f 2818 2057 2056
f 2818 2056 2819
f 2819 2056 2055
f 2819 2055 2820
f 2820 2055 2074
f 2820 2074 2821
f 2821 2074 2076
f 2821 2076 2822
f 2822 2076 2082
f 2822 2082 2823
f 2823 2082 2081
f 2823 2081 2824
f 2824 2081 2054
f 2824 2054 2825
f 2825 2054 2097
f 2825 2097 2826
f 2826 2097 2086
f 2826 2086 2827
f 2827 2086 2085
f 2827 2085 2828
f 2828 2085 2117
f 2828 2117 2829
f 2829 2117 2110
f 2829 2110 2830
f 2830 2110 2112
f 2830 2112 2831
f 2831 2112 2128
f 2831 2128 2832
f 2833 2816 2817
f 2833 2817 2834
f 2834 2817 2818
f 2834 2818 2835
f 2835 2818 2819
f 2835 2819 2836
f 2836 2819 2820
f 2836 2820 2837
f 2837 2820 2821
f 2837 2821 2838
f 2838 2821 2822
f 2838 2822 2839
f 2839 2822 2823
f 2839 2823 2840
f 2840 2823 2824
f 2840 2824 2841
f 2841 2824 2825
f 2841 2825 2842
f 2842 2825 2826
f 2842 2826 2843
f 2843 2826 2827
f 2843 2827 2844
f 2844 2827 2828
f 2844 2828 2845
f 2845 2828 2829
f 2845 2829 2846
f 2846 2829 2830
f 2846 2830 2847
f 2847 2830 2831
f 2847 2831 2848
f 2848 2831 2832
f 2848 2832 2849
f 2850 2851 2852
f 2851 2850 2853
f 2833 2834 2854
f 2855 2856 2857
f 2857 2856 2858
f 2858 2856 2859
f 2858 2859 2860
f 2861 2862 2863
f 2862 2864 2863
f 2863 2864 2865
f 2863 2865 2857
f 2857 2865 2866
f 2857 2866 2855
f 2867 2868 2869
f 2869 2868 2870
f 2869 2870 2871
f 2871 2870 2872
f 2873 2874 2875
f 2875 2874 2876
f 2876 2877 2875
f 2875 2877 2878
f 2875 2878 2845
f 2845 2878 2879
f 2845 2879 2880
f 2881 2882 2873
f 2873 2882 2883
f 2873 2883 2874
f 2880 2884 2845
f 2845 2884 2885
f 2845 2885 2844
f 2844 2885 2886
f 2844 2886 2843
f 2843 2886 2887
f 2843 2887 2842
f 2842 2887 2888
f 2842 2888 2881
f 2881 2888 2889
f 2881 2889 2882
f 2890 2891 2892
f 2892 2891 2893
f 2892 2893 2894
f 2890 2892 2895
f 2895 2892 2896
f 2895 2896 2854
f 2897 2898 2899
f 2899 2898 2900
f 2899 2900 2854
f 2854 2900 2901
f 2854 2901 2895
f 2873 2902 2903
f 2903 2904 2873
f 2873 2904 2905
f 2873 2905 2881
f 2881 2905 2906
f 2881 2906 2899
f 2899 2906 2907
f 2899 2907 2897
f 2902 2873 2908
f 2908 2873 2875
f 2908 2875 2909
f 2910 2911 2912
f 2912 2911 2913
f 2914 2915 2916
f 2916 2915 2917
f 2916 2917 2918
f 2914 2916 2919
f 2919 2916 2920
f 2919 2920 2921
f 2922 2923 2921
f 2921 2923 2924
f 2921 2924 2919
f 2922 2858 2925
f 2925 2858 2860
f 2925 2860 2872
f 2872 2860 2926
f 2872 2926 2871
f 2853 2927 2851
f 2851 2927 2868
f 2851 2868 2852
f 2852 2868 2867
f 2852 2867 2928
f 2929 2930 2931
f 2931 2930 2932
f 2933 2932 2934
f 2934 2932 2930
f 2934 2930 2850
f 2850 2930 2929
f 2850 2929 2853
f 2935 2936 2934
f 2934 2936 2937
f 2937 2938 2934
f 2934 2938 2939
f 2934 2939 2933
f 2933 2939 2940
f 2933 2940 2941
f 2941 2940 2942
f 2941 2942 2943
f 2942 2944 2943
f 2943 2944 2945
f 2943 2945 2946
f 2946 2945 2947
f 2946 2947 2948
f 2948 2947 2949
f 2948 2949 2913
f 2913 2949 2950
f 2913 2950 2951
f 2846 2847 2952
f 2952 2847 2848
f 2952 2848 2913
f 2913 2848 2849
f 2913 2849 2948
f 2911 2953 2913
f 2913 2953 2909
f 2913 2909 2952
f 2952 2909 2875
f 2952 2875 2846
f 2846 2875 2845
f 2838 2839 2954
f 2954 2839 2840
f 2836 2837 2955
f 2956 2957 2854
f 2955 2958 2836
f 2836 2958 2959
f 2836 2959 2835
f 2835 2959 2960
f 2835 2960 2834
f 2834 2960 2961
f 2834 2961 2854
f 2854 2961 2962
f 2854 2962 2956
f 2957 2963 2854
f 2854 2963 2954
f 2854 2954 2899
f 2899 2954 2840
f 2899 2840 2881
f 2881 2840 2841
f 2881 2841 2842
f 2963 2964 2954
f 2954 2964 2965
f 2954 2965 2838
f 2965 2966 2838
f 2838 2966 2967
f 2838 2967 2837
f 2837 2967 2968
f 2837 2968 2955
f 2863 2969 2912
f 2912 2969 2970
f 2912 2970 2910
f 2951 2935 2913
f 2913 2935 2934
f 2913 2934 2912
f 2912 2934 2850
f 2912 2850 2863
f 2863 2850 2852
f 2863 2852 2861
f 2861 2852 2928
f 2971 2972 2857
f 2857 2972 2973
f 2857 2973 2920
f 2920 2973 2974
f 2922 2921 2858
f 2858 2921 2975
f 2858 2975 2976
f 2977 2978 2921
f 2921 2978 2979
f 2921 2979 2975
f 2976 2980 2858
f 2858 2980 2981
f 2858 2981 2857
f 2857 2981 2982
f 2857 2982 2971
f 2974 2983 2920
f 2920 2983 2984
f 2920 2984 2921
f 2921 2984 2985
f 2921 2985 2977
f 2833 2854 2918
f 2918 2854 2896
f 2918 2896 2916
f 2916 2896 2892
f 2916 2892 2920
f 2920 2892 2894
f 2920 2894 2857
f 2857 2894 2986
f 2857 2986 2863
f 2863 2986 2987
f 2863 2987 2969
f 2969 2987 2988
f 2969 2988 2970
f 2989 2943 2990
f 2990 2943 2946
f 2990 2946 2991
f 2991 2946 2948
f 2991 2948 2992
f 2992 2948 2849
f 2992 2849 2832
f 2932 2933 2989
f 2989 2933 2941
f 2989 2941 2943
f 2989 2993 2932
f 2932 2993 2994
f 2932 2994 2931
f 2995 2853 2994
f 2994 2853 2929
f 2994 2929 2931
f 2996 2922 2997
f 2997 2922 2925
f 2997 2925 2998
f 2998 2925 2872
f 2998 2872 2999
f 2999 2872 2870
f 2999 2870 3000
f 3000 2870 2868
f 3000 2868 2995
f 2995 2868 2927
f 2995 2927 2853
f 2919 2924 2996
f 2996 2924 2923
f 2996 2923 2922
f 2919 2996 2914
f 2914 2996 3001
f 2914 3001 2915
f 2915 3001 3002
f 2915 3002 2917
f 2917 3002 3003
f 2917 3003 2918
f 2918 3003 2816
f 2918 2816 2833
f 2832 2128 2127
f 2832 2127 2992
f 2992 2127 2125
f 2992 2125 2991
f 2991 2125 2124
f 2991 2124 2990
f 2990 2124 2123
f 2990 2123 2989
f 2989 2123 2134
f 2989 2134 2993
f 2993 2134 2129
f 2993 2129 2994
f 2994 2129 2132
f 2994 2132 2995
f 2995 2132 2149
f 2995 2149 3000
f 3000 2149 2150
f 3000 2150 2999
f 2999 2150 2156
f 2999 2156 2998
f 2998 2156 2155
f 2998 2155 2997
f 2997 2155 2177
f 2997 2177 2996
f 2996 2177 2187
f 2996 2187 3001
f 3001 2187 2189
f 3001 2189 3002
f 3002 2189 2061
f 3002 2061 3003
f 3003 2061 2060
f 3003 2060 2816
f 3004 2895 3005
f 3005 2895 2901
f 3005 2901 3006
f 3006 2901 2900
f 3006 2900 3007
f 3007 2900 2898
f 3007 2898 3008
f 3008 2898 2897
f 3008 2897 3009
f 3009 2897 2907
f 3009 2907 3010
f 3010 2907 2906
f 3010 2906 3011
f 3011 2906 2905
f 3011 2905 3012
f 3012 2905 2904
f 3012 2904 3013
f 3013 2904 2903
f 3013 2903 3014
f 3014 2903 2902
f 3014 2902 3015
f 3015 2902 2908
f 3015 2908 3016
f 3016 2908 2909
f 3016 3017 3015
f 3015 3017 3018
f 3015 3018 3014
f 3014 3018 3019
f 3014 3019 3013
f 3013 3019 3020
f 3013 3020 3012
f 3012 3020 3021
f 3012 3021 3011
f 3011 3021 3022
f 3011 3022 3010
f 3010 3022 3023
f 3010 3023 3009
f 3009 3023 3024
f 3009 3024 3008
f 3008 3024 3025
f 3008 3025 3007
f 3007 3025 3026
f 3007 3026 3006
f 3006 3026 3027
f 3006 3027 3005
f 3005 3027 3028
f 3005 3028 3004
f 3004 3028 3029
f 3029 3019 3018
f 3018 3017 3029
f 3029 3017 3030
f 3029 3030 3031
f 3031 3032 3029
f 3029 3032 3033
f 3029 3033 3034
f 3029 3028 3019
f 3019 3028 3027
f 3019 3027 3026
f 3026 3025 3019
f 3019 3025 3024
f 3019 3024 3023
f 3034 3035 3029
f 3029 3035 3036
f 3029 3036 3037
f 3023 3022 3019
f 3019 3022 3021
f 3019 3021 3020
f 3037 3038 3029
f 3029 3038 3039
f 3029 3039 3040
f 3004 3029 3041
f 3041 3029 3040
f 3041 3040 3042
f 3042 3040 3039
f 3042 3039 3043
f 3043 3039 3038
f 3043 3038 3044
f 3044 3038 3037
f 3044 3037 3045
f 3045 3037 3036
f 3045 3036 3046
f 3046 3036 3035
f 3046 3035 3047
f 3047 3035 3034
f 3047 3034 3048
f 3048 3034 3033
f 3048 3033 3049
f 3049 3033 3032
f 3049 3032 3050
f 3050 3032 3031
f 3050 3031 3051
f 3051 3031 3030
f 3051 3030 3016
f 3016 3030 3017
f 3016 2909 3051
f 3051 2909 2953
f 3051 2953 3050
f 3050 2953 2911
f 3050 2911 3049
f 3049 2911 2910
f 3049 2910 3048
f 3048 2910 2970
f 3048 2970 3047
f 3047 2970 2988
f 3047 2988 3046
f 3046 2988 2987
f 3046 2987 3045
f 3045 2987 2986
f 3045 2986 3044
f 3044 2986 2894
f 3044 2894 3043
f 3043 2894 2893
f 3043 2893 3042
f 3042 2893 2891
f 3042 2891 3041
f 3041 2891 2890
f 3041 2890 3004
f 3004 2890 2895
f 3052 2967 3053
f 3053 2967 2966
f 3053 2966 3054
f 3054 2966 2965
f 3054 2965 3055
f 3055 2965 2964
f 3055 2964 3056
f 3056 2964 2963
f 3056 2963 3057
f 3057 2963 2957
f 3057 2957 3058
f 3058 2957 2956
f 3058 2956 3059
f 3059 2956 2962
f 2968 2967 3052
f 3052 3060 2968
f 2968 3060 3061
f 2968 3061 2955
f 3061 3062 2955
f 2955 3062 3063
f 2955 3063 2958
f 2958 3063 3064
f 2958 3064 2959
f 3064 3065 2959
f 2959 3065 3066
f 2959 3066 2960
f 3066 3067 2960
f 2960 3067 3068
f 2960 3068 2961
f 3059 2962 3069
f 3069 2962 2961
f 3069 2961 3070
f 3070 2961 3068
f 3071 3059 3072
f 3072 3059 3069
f 3072 3069 3073
f 3073 3069 3070
f 3073 3070 3074
f 3074 3070 3068
f 3074 3068 3075
f 3075 3068 3067
f 3075 3067 3076
f 3076 3067 3066
f 3076 3066 3077
f 3077 3066 3065
f 3077 3065 3078
f 3078 3065 3064
f 3078 3064 3079
f 3079 3064 3063
f 3079 3063 3080
f 3080 3063 3062
f 3080 3062 3081
f 3081 3062 3061
f 3081 3061 3082
f 3082 3061 3060
f 3082 3060 3083
f 3083 3060 3052
f 3083 3052 3053
f 3083 3053 3084
f 3084 3053 3054
f 3084 3054 3085
f 3085 3054 3086
f 3086 3054 3055
f 3086 3055 3087
f 3087 3055 3088
f 3088 3055 3056
f 3088 3056 3089
f 3089 3056 3090
f 3090 3056 3057
f 3090 3057 3091
f 3091 3057 3058
f 3091 3058 3092
f 3092 3058 3059
f 3092 3059 3071
f 3093 3083 3084
f 3085 3086 3093
f 3087 3088 3093
f 3089 3090 3093
f 3093 3092 3071
f 3091 3092 3093
f 3090 3091 3093
f 3088 3089 3093
f 3086 3087 3093
f 3084 3085 3093
f 3093 3071 3072
f 3073 3074 3093
f 3075 3076 3093
f 3077 3078 3093
f 3079 3080 3093
f 3093 3082 3083
f 3081 3082 3093
f 3080 3081 3093
f 3078 3079 3093
f 3076 3077 3093
f 3074 3075 3093
f 3072 3073 3093
f 3094 2889 3095
f 3095 2889 2888
f 3095 2888 3096
f 3096 2888 2887
f 3096 2887 3097
f 3097 2887 2886
f 3097 2886 3098
f 3098 2886 2885
f 3098 2885 3099
f 3099 2885 2884
f 3099 2884 3100
f 3100 2884 2880
f 3100 2880 3101
f 3101 2880 2879
f 2876 2874 3102
f 3102 3103 2876
f 2876 3103 3104
f 2876 3104 2877
f 3101 2879 3105
f 3105 2879 2878
f 3105 2878 3106
f 3106 2878 2877
f 3106 2877 3107
f 3107 2877 3104
f 2889 3094 2882
f 2882 3094 3108
f 2882 3108 2883
f 3108 3109 2883
f 2883 3109 3110
f 2883 3110 2874
f 2874 3110 3111
f 2874 3111 3102
f 3112 3101 3105
f 3112 3105 3113
f 3113 3105 3106
f 3113 3106 3114
f 3114 3106 3107
f 3114 3107 3115
f 3115 3107 3104
f 3115 3104 3116
f 3116 3104 3103
f 3116 3103 3117
f 3117 3103 3102
f 3117 3102 3118
f 3118 3102 3111
f 3118 3111 3119
f 3119 3111 3110
f 3119 3110 3120
f 3110 3109 3120
f 3120 3109 3108
f 3120 3108 3121
f 3121 3108 3094
f 3121 3094 3122
f 3122 3094 3095
f 3122 3095 3123
f 3123 3095 3096
f 3123 3096 3124
f 3124 3096 3097
f 3124 3097 3125
f 3125 3097 3098
f 3125 3098 3126
f 3126 3098 3099
f 3126 3099 3127
f 3127 3099 3100
f 3127 3100 3128
f 3128 3100 3101
f 3128 3101 3112
f 3129 3122 3123
f 3129 3125 3126
f 3124 3125 3129
f 3123 3124 3129
f 3129 3128 3112
f 3127 3128 3129
f 3126 3127 3129
f 3129 3112 3113
f 3114 3115 3129
f 3116 3117 3129
f 3118 3119 3129
f 3129 3121 3122
f 3120 3121 3129
f 3119 3120 3129
f 3117 3118 3129
f 3115 3116 3129
f 3113 3114 3129
f 3130 2985 3131
f 3131 2985 2984
f 3131 2984 3132
f 3132 2984 2983
f 3132 2983 3133
f 3133 2983 2974
f 3133 2974 3134
f 3134 2974 2973
f 3134 2973 3135
f 3135 2973 2972
f 3135 2972 3136
f 3136 2972 2971
f 3136 2971 3137
f 3137 2971 2982
f 2976 2975 3138
f 3138 3139 2976
f 2976 3139 3140
f 2976 3140 2980
f 3137 2982 3141
f 3141 2982 2981
f 3141 2981 3142
f 3142 2981 2980
f 3142 2980 3143
f 3143 2980 3140
f 2985 3130 2977
f 2977 3130 3144
f 2977 3144 2978
f 3144 3145 2978
f 2978 3145 3146
f 2978 3146 2979
f 3138 2975 3147
f 3147 2975 2979
f 3147 2979 3148
f 3148 2979 3146
f 3130 3149 3150
f 3151 3137 3141
f 3151 3141 3152
f 3152 3141 3142
f 3152 3142 3153
f 3142 3143 3153
f 3153 3143 3140
f 3153 3140 3154
f 3140 3139 3154
f 3154 3139 3138
f 3154 3138 3155
f 3138 3147 3155
f 3155 3147 3148
f 3155 3148 3156
f 3148 3146 3156
f 3156 3146 3145
f 3156 3145 3150
f 3150 3145 3144
f 3150 3144 3130
f 3149 3130 3131
f 3149 3131 3157
f 3157 3131 3132
f 3157 3132 3158
f 3158 3132 3159
f 3159 3132 3133
f 3159 3133 3160
f 3160 3133 3161
f 3161 3133 3134
f 3161 3134 3162
f 3162 3134 3163
f 3163 3134 3135
f 3163 3135 3164
f 3164 3135 3165
f 3165 3135 3136
f 3165 3136 3166
f 3166 3136 3137
f 3166 3137 3151
f 3167 3149 3157
f 3158 3159 3167
f 3160 3161 3167
f 3162 3163 3167
f 3167 3165 3166
f 3151 3167 3166
f 3164 3165 3167
f 3163 3164 3167
f 3161 3162 3167
f 3159 3160 3167
f 3157 3158 3167
f 3167 3151 3152
f 3167 3154 3155
f 3153 3154 3167
f 3152 3153 3167
f 3167 3150 3149
f 3156 3150 3167
f 3155 3156 3167
f 3168 2950 3169
f 3169 2950 2949
f 3169 2949 3170
f 3170 2949 2947
f 3170 2947 3171
f 3171 2947 2945
f 3171 2945 3172
f 3172 2945 2944
f 3172 2944 3173
f 3173 2944 2942
f 3173 2942 3174
f 3174 2942 2940
f 3174 2940 3175
f 3175 2940 2939
f 3175 2939 3176
f 3176 2939 2938
f 3176 2938 3177
f 3177 2938 2937
f 3177 2937 3178
f 3178 2937 2936
f 3178 2936 3179
f 3179 2936 2935
f 3179 2935 3180
f 3180 2935 2951
f 3180 2951 3168
f 3168 2951 2950
f 3181 3175 3182
f 3182 3175 3176
f 3182 3176 3183
f 3183 3176 3177
f 3183 3177 3184
f 3184 3177 3178
f 3184 3178 3185
f 3185 3178 3179
f 3185 3179 3186
f 3186 3179 3180
f 3186 3180 3187
f 3187 3180 3168
f 3187 3168 3188
f 3188 3168 3169
f 3188 3169 3189
f 3189 3169 3170
f 3189 3170 3190
f 3190 3170 3171
f 3190 3171 3191
f 3191 3171 3172
f 3191 3172 3192
f 3192 3172 3173
f 3192 3173 3193
f 3193 3173 3174
f 3193 3174 3181
f 3181 3174 3175
f 3194 3187 3188
f 3194 3190 3191
f 3189 3190 3194
f 3188 3189 3194
f 3194 3193 3181
f 3192 3193 3194
f 3191 3192 3194
f 3194 3183 3184
f 3182 3183 3194
f 3181 3182 3194
f 3194 3186 3187
f 3185 3186 3194
f 3184 3185 3194
f 2862 3195 2864
f 2864 3195 3196
f 2864 3196 2865
f 3196 3197 2865
f 2865 3197 3198
f 2865 3198 2866
f 2866 3198 3199
f 3199 3200 2866
f 2866 3200 3201
f 2866 3201 2855
f 3202 2859 3203
f 3203 2859 2856
f 3203 2856 3204
f 3204 2856 2855
f 3204 2855 3205
f 3205 2855 3201
f 2867 2869 3206
f 3206 3207 2867
f 2867 3207 3208
f 2867 3208 2928
f 3195 2862 3209
f 3209 2862 2861
f 3209 2861 3210
f 3210 2861 2928
f 3210 2928 3211
f 3211 2928 3208
f 2859 3202 2860
f 2860 3202 3212
f 2860 3212 2926
f 3212 3213 2926
f 2926 3213 3214
f 2926 3214 2871
f 3206 2869 3215
f 3215 2869 2871
f 3215 2871 3216
f 3216 2871 3214
f 3217 3218 3195
f 3202 3219 3212
f 3212 3219 3220
f 3212 3220 3213
f 3213 3220 3221
f 3222 3216 3221
f 3221 3216 3214
f 3221 3214 3213
f 3223 3206 3222
f 3222 3206 3215
f 3222 3215 3216
f 3224 3208 3223
f 3223 3208 3207
f 3223 3207 3206
f 3195 3209 3217
f 3217 3209 3210
f 3217 3210 3224
f 3224 3210 3211
f 3224 3211 3208
f 3225 3219 3202
f 3226 3196 3227
f 3227 3196 3195
f 3227 3195 3218
f 3228 3198 3226
f 3226 3198 3197
f 3226 3197 3196
f 3229 3200 3228
f 3228 3200 3199
f 3228 3199 3198
f 3202 3203 3225
f 3225 3203 3204
f 3225 3204 3230
f 3230 3204 3205
f 3230 3205 3229
f 3229 3205 3201
f 3229 3201 3200
f 3227 3218 3225
f 3217 3220 3218
f 3218 3220 3219
f 3218 3219 3225
f 3229 3228 3226
f 3222 3221 3223
f 3223 3221 3220
f 3223 3220 3224
f 3224 3220 3217
f 3227 3225 3226
f 3226 3225 3230
f 3226 3230 3229
f 3231 2221 3232
f 3232 2221 2222
f 3232 2222 3233
f 3233 2222 2223
f 3233 2223 3234
f 3234 2223 2215
f 3234 2215 3235
f 3235 2215 2214
f 3235 2214 3236
f 3236 2214 2213
f 3236 2213 3237
f 3237 2213 2218
f 3237 2218 3238
f 3238 2218 2217
f 2227 2220 3239
f 3239 3240 2227
f 2227 3240 3241
f 2227 3241 2228
f 3238 2217 3242
f 3242 2217 2229
f 3242 2229 3243
f 3243 2229 2228
f 3243 2228 3244
f 3244 2228 3241
f 2221 3231 2224
f 2224 3231 3245
f 2224 3245 2225
f 3245 3246 2225
f 2225 3246 3247
f 2225 3247 2226
f 3239 2220 3248
f 3248 2220 2226
f 3248 2226 3249
f 3249 2226 3247
f 3250 3251 3238
f 3231 3252 3245
f 3245 3252 3253
f 3245 3253 3246
f 3246 3253 3254
f 3255 3249 3254
f 3254 3249 3247
f 3254 3247 3246
f 3256 3239 3255
f 3255 3239 3248
f 3255 3248 3249
f 3257 3241 3256
f 3256 3241 3240
f 3256 3240 3239
f 3238 3242 3250
f 3250 3242 3243
f 3250 3243 3257
f 3257 3243 3244
f 3257 3244 3241
f 3238 3251 3237
f 3237 3251 3258
f 3237 3258 3236
f 3236 3258 3259
f 3236 3259 3235
f 3235 3259 3260
f 3235 3260 3234
f 3234 3260 3261
f 3234 3261 3233
f 3233 3261 3262
f 3233 3262 3232
f 3232 3262 3263
f 3232 3263 3231
f 3231 3263 3252
f 3262 3261 3264
f 3264 3261 3260
f 3264 3260 3265
f 3265 3260 3259
f 3265 3259 3266
f 3266 3259 3258
f 3266 3258 3267
f 3267 3258 3251
f 3267 3251 3268
f 3268 3251 3250
f 3268 3250 3269
f 3269 3250 3257
f 3269 3257 3270
f 3270 3257 3256
f 3270 3256 3271
f 3271 3256 3255
f 3271 3255 3272
f 3272 3255 3254
f 3272 3254 3273
f 3273 3254 3253
f 3273 3253 3274
f 3274 3253 3252
f 3274 3252 3275
f 3275 3252 3263
f 3275 3263 3276
f 3276 3263 3262
f 3276 3262 3264
f 3275 3277 3274
f 3274 3277 3278
f 3274 3278 3273
f 3273 3278 3279
f 3273 3279 3272
f 3272 3279 3280
f 3272 3280 3271
f 3271 3280 3281
f 3271 3281 3270
f 3270 3281 3282
f 3270 3282 3269
f 3269 3282 3283
f 3269 3283 3268
f 3268 3283 3284
f 3268 3284 3267
f 3267 3284 3285
f 3267 3285 3266
f 3266 3285 3286
f 3266 3286 3265
f 3265 3286 3287
f 3265 3287 3264
f 3264 3287 3288
f 3264 3288 3276
f 3276 3288 3289
f 3276 3289 3275
f 3275 3289 3277
f 3286 3285 3284
f 3283 3282 3288
f 3288 3282 3281
f 3288 3281 3280
f 3283 3288 3284
f 3284 3288 3287
f 3284 3287 3286
f 3277 3289 3278
f 3278 3289 3288
f 3278 3288 3279
f 3279 3288 3280
f 3290 2168 3291
f 3291 2168 2167
f 3291 2167 3292
f 3292 2167 2160
f 3292 2160 3293
f 3293 2160 2159
f 3293 2159 3294
f 3294 2159 2158
f 3294 2158 3295
f 3295 2158 2157
f 3295 2157 3296
f 3296 2157 2173
f 3296 2173 3297
f 3297 2173 2172
f 2166 2165 3298
f 3298 3299 2166
f 2166 3299 3300
f 2166 3300 2170
f 3297 2172 3301
f 3301 2172 2171
f 3301 2171 3302
f 3302 2171 2170
f 3302 2170 3303
f 3303 2170 3300
f 2168 3290 2169
f 2169 3290 3304
f 2169 3304 2163
f 3304 3305 2163
f 2163 3305 3306
f 2163 3306 2161
f 3298 2165 3307
f 3307 2165 2161
f 3307 2161 3308
f 3308 2161 3306
f 3309 3310 3297
f 3290 3311 3304
f 3304 3311 3312
f 3304 3312 3305
f 3305 3312 3313
f 3314 3308 3313
f 3313 3308 3306
f 3313 3306 3305
f 3315 3298 3314
f 3314 3298 3307
f 3314 3307 3308
f 3316 3300 3315
f 3315 3300 3299
f 3315 3299 3298
f 3297 3301 3309
f 3309 3301 3302
f 3309 3302 3316
f 3316 3302 3303
f 3316 3303 3300
f 3297 3310 3296
f 3296 3310 3317
f 3296 3317 3295
f 3295 3317 3318
f 3295 3318 3294
f 3294 3318 3319
f 3294 3319 3293
f 3293 3319 3320
f 3293 3320 3292
f 3292 3320 3321
f 3292 3321 3291
f 3291 3321 3322
f 3291 3322 3290
f 3290 3322 3311
f 3316 3315 3323
f 3323 3315 3314
f 3323 3314 3324
f 3324 3314 3313
f 3324 3313 3325
f 3325 3313 3312
f 3325 3312 3326
f 3326 3312 3311
f 3326 3311 3327
f 3327 3311 3322
f 3327 3322 3328
f 3328 3322 3321
f 3328 3321 3329
f 3329 3321 3320
f 3329 3320 3330
f 3330 3320 3319
f 3330 3319 3331
f 3331 3319 3318
f 3331 3318 3332
f 3332 3318 3317
f 3332 3317 3333
f 3333 3317 3310
f 3333 3310 3334
f 3334 3310 3309
f 3334 3309 3335
f 3335 3309 3316
f 3335 3316 3323
f 3331 3336 3330
f 3330 3336 3337
f 3330 3337 3329
f 3329 3337 3338
f 3329 3338 3328
f 3328 3338 3339
f 3328 3339 3327
f 3327 3339 3340
f 3327 3340 3326
f 3326 3340 3341
f 3326 3341 3325
f 3325 3341 3342
f 3325 3342 3324
f 3324 3342 3343
f 3324 3343 3323
f 3323 3343 3344
f 3323 3344 3335
f 3335 3344 3345
f 3335 3345 3334
f 3334 3345 3346
f 3334 3346 3333
f 3333 3346 3347
f 3333 3347 3332
f 3332 3347 3348
f 3332 3348 3331
f 3331 3348 3336
f 3345 3344 3343
f 3342 3341 3347
f 3347 3341 3340
f 3347 3340 3339
f 3342 3347 3343
f 3343 3347 3346
f 3343 3346 3345
f 3336 3348 3337
f 3337 3348 3347
f 3337 3347 3338
f 3338 3347 3339
f 3349 2181 3350
f 3350 2181 2175
f 3350 2175 3351
f 3351 2175 2174
f 3351 2174 3352
f 3352 2174 2192
f 3352 2192 3353
f 3353 2192 2191
f 3353 2191 3354
f 3354 2191 2190
f 3354 2190 3355
f 3355 2190 2188
f 3355 2188 3356
f 3356 2188 2186
f 2184 2183 3357
f 3357 3358 2184
f 2184 3358 3359
f 2184 3359 2178
f 3356 2186 3360
f 3360 2186 2185
f 3360 2185 3361
f 3361 2185 2178
f 3361 2178 3362
f 3362 2178 3359
f 2181 3349 2180
f 2180 3349 3363
f 2180 3363 2179
f 3363 3364 2179
f 2179 3364 3365
f 2179 3365 2182
f 3357 2183 3366
f 3366 2183 2182
f 3366 2182 3367
f 3367 2182 3365
f 3368 3369 3356
f 3349 3370 3363
f 3363 3370 3371
f 3363 3371 3364
f 3364 3371 3372
f 3373 3367 3372
f 3372 3367 3365
f 3372 3365 3364
f 3374 3357 3373
f 3373 3357 3366
f 3373 3366 3367
f 3375 3359 3374
f 3374 3359 3358
f 3374 3358 3357
f 3356 3360 3368
f 3368 3360 3361
f 3368 3361 3375
f 3375 3361 3362
f 3375 3362 3359
f 3356 3369 3355
f 3355 3369 3376
f 3355 3376 3354
f 3354 3376 3377
f 3354 3377 3353
f 3353 3377 3378
f 3353 3378 3352
f 3352 3378 3379
f 3352 3379 3351
f 3351 3379 3380
f 3351 3380 3350
f 3350 3380 3381
f 3350 3381 3349
f 3349 3381 3370
f 3380 3379 3382
f 3382 3379 3378
f 3382 3378 3383
f 3383 3378 3377
f 3383 3377 3384
f 3384 3377 3376
f 3384 3376 3385
f 3385 3376 3369
f 3385 3369 3386
f 3386 3369 3368
f 3386 3368 3387
f 3387 3368 3375
f 3387 3375 3388
f 3388 3375 3374
f 3388 3374 3389
f 3389 3374 3373
f 3389 3373 3390
f 3390 3373 3372
f 3390 3372 3391
f 3391 3372 3371
f 3391 3371 3392
f 3392 3371 3370
f 3392 3370 3393
f 3393 3370 3381
f 3393 3381 3394
f 3394 3381 3380
f 3394 3380 3382
f 3384 3395 3383
f 3383 3395 3396
f 3383 3396 3382
f 3382 3396 3397
f 3382 3397 3394
f 3394 3397 3398
f 3394 3398 3393
f 3393 3398 3399
f 3393 3399 3392
f 3392 3399 3400
f 3392 3400 3391
f 3391 3400 3401
f 3391 3401 3390
f 3390 3401 3402
f 3390 3402 3389
f 3389 3402 3403
f 3389 3403 3388
f 3388 3403 3404
f 3388 3404 3387
f 3387 3404 3405
f 3387 3405 3386
f 3386 3405 3406
f 3386 3406 3385
f 3385 3406 3407
f 3385 3407 3384
f 3384 3407 3395
f 3398 3397 3396
f 3403 3402 3404
f 3404 3402 3396
f 3405 3404 3406
f 3406 3404 3396
f 3406 3396 3407
f 3407 3396 3395
f 3399 3398 3400
f 3400 3398 3396
f 3400 3396 3401
f 3401 3396 3402
f 3408 2202 3409
f 3409 2202 2200
f 3409 2200 3410
f 3410 2200 2199
f 3410 2199 3411
f 3411 2199 2197
f 3411 2197 3412
f 3412 2197 2195
f 3412 2195 3413
f 3413 2195 2194
f 3413 2194 3414
f 3414 2194 2193
f 3414 2193 3415
f 3415 2193 2211
f 2208 2207 3416
f 3416 3417 2208
f 2208 3417 3418
f 2208 3418 2209
f 3415 2211 3419
f 3419 2211 2210
f 3419 2210 3420
f 3420 2210 2209
f 3420 2209 3421
f 3421 2209 3418
f 2202 3408 2203
f 2203 3408 3422
f 2203 3422 2205
f 3422 3423 2205
f 2205 3423 3424
f 2205 3424 2206
f 3416 2207 3425
f 3425 2207 2206
f 3425 2206 3426
f 3426 2206 3424
f 3427 3428 3415
f 3408 3429 3422
f 3422 3429 3430
f 3422 3430 3423
f 3423 3430 3431
f 3432 3426 3431
f 3431 3426 3424
f 3431 3424 3423
f 3433 3416 3432
f 3432 3416 3425
f 3432 3425 3426
f 3434 3418 3433
f 3433 3418 3417
f 3433 3417 3416
f 3415 3419 3427
f 3427 3419 3420
f 3427 3420 3434
f 3434 3420 3421
f 3434 3421 3418
f 3415 3428 3414
f 3414 3428 3435
f 3414 3435 3413
f 3413 3435 3436
f 3413 3436 3412
f 3412 3436 3437
f 3412 3437 3411
f 3411 3437 3438
f 3411 3438 3410
f 3410 3438 3439
f 3410 3439 3409
f 3409 3439 3440
f 3409 3440 3408
f 3408 3440 3429
f 3441 3432 3442
f 3442 3432 3431
f 3442 3431 3443
f 3443 3431 3430
f 3443 3430 3444
f 3444 3430 3429
f 3444 3429 3445
f 3445 3429 3440
f 3445 3440 3446
f 3446 3440 3439
f 3446 3439 3447
f 3439 3438 3447
f 3447 3438 3437
f 3447 3437 3448
f 3448 3437 3436
f 3448 3436 3449
f 3449 3436 3435
f 3449 3435 3450
f 3450 3435 3428
f 3450 3428 3451
f 3451 3428 3427
f 3451 3427 3452
f 3452 3427 3434
f 3452 3434 3441
f 3441 3434 3433
f 3441 3433 3432
f 3450 3453 3449
f 3449 3453 3454
f 3449 3454 3448
f 3448 3454 3455
f 3448 3455 3447
f 3447 3455 3456
f 3447 3456 3446
f 3446 3456 3457
f 3446 3457 3445
f 3445 3457 3458
f 3445 3458 3444
f 3444 3458 3459
f 3444 3459 3443
f 3443 3459 3460
f 3443 3460 3442
f 3442 3460 3461
f 3442 3461 3441
f 3441 3461 3462
f 3441 3462 3452
f 3452 3462 3463
f 3452 3463 3451
f 3451 3463 3464
f 3451 3464 3450
f 3450 3464 3453
f 3464 3463 3459
f 3464 3459 3453
f 3453 3459 3458
f 3453 3458 3457
f 3463 3462 3459
f 3459 3462 3461
f 3459 3461 3460
f 3457 3456 3453
f 3453 3456 3455
f 3453 3455 3454
f 2069 3465 2070
f 2070 3465 3466
f 2070 3466 2071
f 3466 3467 2071
f 2071 3467 3468
f 2071 3468 2072
f 3469 2073 3470
f 3470 2073 2072
f 3470 2072 3471
f 3471 2072 3468
f 3472 3473 3474
f 3465 3475 3466
f 3466 3475 3476
f 3466 3476 3467
f 3467 3476 3477
f 3478 3471 3477
f 3477 3471 3468
f 3477 3468 3467
f 3479 3469 3478
f 3478 3469 3470
f 3478 3470 3471
f 3480 3481 3479
f 3479 3481 3482
f 3479 3482 3469
f 3474 3483 3472
f 3472 3483 3484
f 3472 3484 3480
f 3480 3484 3485
f 3480 3485 3481
f 3474 3473 3486
f 3486 3473 3487
f 3486 3487 3488
f 3488 3487 3489
f 3488 3489 3490
f 3490 3489 3491
f 3490 3491 3492
f 3492 3491 3493
f 3492 3493 3494
f 3494 3493 3495
f 3494 3495 3496
f 3496 3495 3497
f 3496 3497 3465
f 3465 3497 3475
f 3465 2069 3496
f 3496 2069 2068
f 3496 2068 3494
f 3494 2068 2067
f 3494 2067 3492
f 3492 2067 2066
f 3492 2066 3490
f 3490 2066 2065
f 3490 2065 3488
f 3488 2065 2063
f 3488 2063 3486
f 3486 2063 2062
f 3486 2062 3474
f 3474 2062 2079
f 2075 2073 3469
f 3469 3482 2075
f 2075 3482 3481
f 2075 3481 2077
f 3474 2079 3483
f 3483 2079 2080
f 3483 2080 3484
f 3484 2080 2077
f 3484 2077 3485
f 3485 2077 3481
f 3495 3493 3498
f 3498 3493 3491
f 3498 3491 3499
f 3499 3491 3489
f 3499 3489 3500
f 3500 3489 3487
f 3500 3487 3501
f 3501 3487 3473
f 3501 3473 3502
f 3502 3473 3472
f 3502 3472 3503
f 3503 3472 3480
f 3503 3480 3504
f 3504 3480 3479
f 3504 3479 3505
f 3505 3479 3478
f 3505 3478 3506
f 3506 3478 3477
f 3506 3477 3507
f 3507 3477 3476
f 3507 3476 3508
f 3508 3476 3475
f 3508 3475 3509
f 3509 3475 3497
f 3509 3497 3510
f 3510 3497 3495
f 3510 3495 3498
f 3503 3511 3502
f 3502 3511 3512
f 3502 3512 3501
f 3501 3512 3513
f 3501 3513 3500
f 3500 3513 3514
f 3500 3514 3499
f 3499 3514 3515
f 3499 3515 3498
f 3498 3515 3516
f 3498 3516 3510
f 3510 3516 3517
f 3510 3517 3509
f 3509 3517 3518
f 3509 3518 3508
f 3508 3518 3519
f 3508 3519 3507
f 3507 3519 3520
f 3507 3520 3506
f 3506 3520 3521
f 3506 3521 3505
f 3505 3521 3522
f 3505 3522 3504
f 3504 3522 3523
f 3504 3523 3503
f 3503 3523 3511
f 3514 3513 3512
f 3519 3518 3520
f 3520 3518 3512
f 3521 3520 3522
f 3522 3520 3512
f 3522 3512 3523
f 3523 3512 3511
f 3515 3514 3516
f 3516 3514 3512
f 3516 3512 3517
f 3517 3512 3518
f 3524 2102 3525
f 3525 2102 2101
f 3525 2101 3526
f 3526 2101 2100
f 3526 2100 3527
f 3527 2100 2096
f 3527 2096 3528
f 3528 2096 2095
f 3528 2095 3529
f 3529 2095 2093
f 3529 2093 3530
f 3530 2093 2092
f 3530 2092 3531
f 3531 2092 2090
f 2087 3532 3533
f 2087 3533 2088
f 3531 2090 3534
f 3534 2090 2089
f 3534 2089 3535
f 3535 2089 2088
f 3535 2088 3536
f 3536 2088 3533
f 2102 3524 2103
f 2103 3524 3537
f 2103 3537 2098
f 3537 3538 2098
f 2098 3538 3539
f 2098 3539 2099
f 3532 2087 3540
f 3540 2087 2099
f 3540 2099 3541
f 3541 2099 3539
f 3542 3543 3531
f 3524 3544 3537
f 3537 3544 3545
f 3537 3545 3538
f 3538 3545 3546
f 3547 3541 3546
f 3546 3541 3539
f 3546 3539 3538
f 3548 3532 3547
f 3547 3532 3540
f 3547 3540 3541
f 3531 3534 3542
f 3542 3534 3535
f 3542 3535 3549
f 3549 3535 3536
f 3549 3536 3548
f 3548 3536 3533
f 3548 3533 3532
f 3530 3531 3543
f 3550 3544 3524
f 3543 3551 3530
f 3530 3551 3552
f 3530 3552 3529
f 3529 3552 3553
f 3529 3553 3528
f 3528 3553 3554
f 3528 3554 3527
f 3527 3554 3555
f 3527 3555 3526
f 3526 3555 3550
f 3526 3550 3525
f 3525 3550 3524
f 3555 3554 3556
f 3556 3554 3553
f 3556 3553 3557
f 3557 3553 3552
f 3557 3552 3558
f 3558 3552 3551
f 3558 3551 3559
f 3559 3551 3543
f 3559 3543 3560
f 3560 3543 3542
f 3560 3542 3561
f 3561 3542 3549
f 3561 3549 3562
f 3562 3549 3548
f 3562 3548 3563
f 3563 3548 3547
f 3563 3547 3564
f 3564 3547 3546
f 3564 3546 3565
f 3565 3546 3545
f 3565 3545 3566
f 3566 3545 3544
f 3566 3544 3567
f 3567 3544 3550
f 3567 3550 3568
f 3568 3550 3555
f 3568 3555 3556
f 3564 3569 3563
f 3563 3569 3570
f 3563 3570 3562
f 3562 3570 3571
f 3562 3571 3561
f 3561 3571 3572
f 3561 3572 3560
f 3560 3572 3573
f 3560 3573 3559
f 3559 3573 3574
f 3559 3574 3558
f 3558 3574 3575
f 3558 3575 3557
f 3557 3575 3576
f 3557 3576 3556
f 3556 3576 3577
f 3556 3577 3568
f 3568 3577 3578
f 3568 3578 3567
f 3567 3578 3579
f 3567 3579 3566
f 3566 3579 3580
f 3566 3580 3565
f 3565 3580 3581
f 3565 3581 3564
f 3564 3581 3569
f 3578 3577 3576
f 3575 3574 3580
f 3580 3574 3573
f 3580 3573 3572
f 3575 3580 3576
f 3576 3580 3579
f 3576 3579 3578
f 3569 3581 3570
f 3570 3581 3580
f 3570 3580 3571
f 3571 3580 3572
f 3582 2116 3583
f 3583 2116 2115
f 3583 2115 3584
f 3584 2115 2109
f 3584 2109 3585
f 3585 2109 2108
f 3585 2108 3586
f 3586 2108 2107
f 3586 2107 3587
f 3587 2107 2104
f 3587 2104 3588
f 3588 2104 2105
f 3588 2105 3589
f 3589 2105 2122
f 2114 2113 3590
f 3590 3591 2114
f 2114 3591 3592
f 2114 3592 2120
f 3589 2122 3593
f 3593 2122 2121
f 3593 2121 3594
f 3594 2121 2120
f 3594 2120 3595
f 3595 2120 3592
f 2116 3582 2118
f 2118 3582 3596
f 2118 3596 2119
f 3596 3597 2119
f 2119 3597 3598
f 2119 3598 2111
f 3590 2113 3599
f 3599 2113 2111
f 3599 2111 3600
f 3600 2111 3598
f 3601 3602 3589
f 3582 3603 3596
f 3596 3603 3604
f 3596 3604 3597
f 3597 3604 3605
f 3606 3600 3605
f 3605 3600 3598
f 3605 3598 3597
f 3607 3590 3606
f 3606 3590 3599
f 3606 3599 3600
f 3608 3592 3607
f 3607 3592 3591
f 3607 3591 3590
f 3589 3593 3601
f 3601 3593 3594
f 3601 3594 3608
f 3608 3594 3595
f 3608 3595 3592
f 3589 3602 3588
f 3588 3602 3609
f 3588 3609 3587
f 3587 3609 3610
f 3587 3610 3586
f 3586 3610 3611
f 3586 3611 3585
f 3585 3611 3612
f 3585 3612 3584
f 3584 3612 3613
f 3584 3613 3583
f 3583 3613 3614
f 3583 3614 3582
f 3582 3614 3603
f 3608 3607 3615
f 3615 3607 3606
f 3615 3606 3616
f 3616 3606 3605
f 3616 3605 3617
f 3617 3605 3604
f 3617 3604 3618
f 3618 3604 3603
f 3618 3603 3619
f 3619 3603 3614
f 3619 3614 3620
f 3620 3614 3613
f 3620 3613 3621
f 3621 3613 3612
f 3621 3612 3622
f 3622 3612 3611
f 3622 3611 3623
f 3623 3611 3610
f 3623 3610 3624
f 3624 3610 3609
f 3624 3609 3625
f 3625 3609 3602
f 3625 3602 3626
f 3626 3602 3601
f 3626 3601 3627
f 3627 3601 3608
f 3627 3608 3615
f 3617 3628 3616
f 3616 3628 3629
f 3616 3629 3615
f 3615 3629 3630
f 3615 3630 3627
f 3627 3630 3631
f 3627 3631 3626
f 3626 3631 3632
f 3626 3632 3625
f 3625 3632 3633
f 3625 3633 3624
f 3624 3633 3634
f 3624 3634 3623
f 3623 3634 3635
f 3623 3635 3622
f 3622 3635 3636
f 3622 3636 3621
f 3621 3636 3637
f 3621 3637 3620
f 3620 3637 3638
f 3620 3638 3619
f 3619 3638 3639
f 3619 3639 3618
f 3618 3639 3640
f 3618 3640 3617
f 3617 3640 3628
f 3631 3630 3629
f 3629 3628 3635
f 3635 3628 3640
f 3635 3640 3639
f 3639 3638 3635
f 3635 3638 3637
f 3635 3637 3636
f 3632 3631 3633
f 3633 3631 3629
f 3633 3629 3634
f 3634 3629 3635
f 2245 3641 2242
f 2242 3641 3642
f 2242 3642 2241
f 3642 3643 2241
f 2241 3643 3644
f 2241 3644 2240
f 3645 2239 3646
f 3646 2239 2240
f 3646 2240 3647
f 3647 2240 3644
f 3648 3649 3650
f 3641 3651 3642
f 3642 3651 3652
f 3642 3652 3643
f 3643 3652 3653
f 3654 3647 3653
f 3653 3647 3644
f 3653 3644 3643
f 3655 3645 3654
f 3654 3645 3646
f 3654 3646 3647
f 3656 3657 3655
f 3655 3657 3658
f 3655 3658 3645
f 3650 3659 3648
f 3648 3659 3660
f 3648 3660 3656
f 3656 3660 3661
f 3656 3661 3657
f 3650 3649 3662
f 3662 3649 3663
f 3662 3663 3664
f 3664 3663 3665
f 3664 3665 3666
f 3666 3665 3667
f 3666 3667 3668
f 3668 3667 3669
f 3668 3669 3670
f 3670 3669 3671
f 3670 3671 3672
f 3672 3671 3673
f 3672 3673 3641
f 3641 3673 3651
f 3641 2245 3672
f 3672 2245 2244
f 3672 2244 3670
f 3670 2244 2243
f 3670 2243 3668
f 3668 2243 2238
f 3668 2238 3666
f 3666 2238 2237
f 3666 2237 3664
f 3664 2237 2236
f 3664 2236 3662
f 3662 2236 2235
f 3662 2235 3650
f 3650 2235 2234
f 2246 2239 3645
f 3645 3658 2246
f 2246 3658 3657
f 2246 3657 2247
f 3650 2234 3659
f 3659 2234 2248
f 3659 2248 3660
f 3660 2248 2247
f 3660 2247 3661
f 3661 2247 3657
f 3674 3654 3675
f 3675 3654 3653
f 3675 3653 3676
f 3676 3653 3652
f 3676 3652 3677
f 3677 3652 3651
f 3677 3651 3678
f 3678 3651 3673
f 3678 3673 3679
f 3679 3673 3671
f 3679 3671 3680
f 3671 3669 3680
f 3680 3669 3667
f 3680 3667 3681
f 3681 3667 3665
f 3681 3665 3682
f 3682 3665 3663
f 3682 3663 3683
f 3683 3663 3649
f 3683 3649 3684
f 3684 3649 3648
f 3684 3648 3685
f 3685 3648 3656
f 3685 3656 3674
f 3674 3656 3655
f 3674 3655 3654
f 3677 3686 3676
f 3676 3686 3687
f 3676 3687 3675
f 3675 3687 3688
f 3675 3688 3674
f 3674 3688 3689
f 3674 3689 3685
f 3685 3689 3690
f 3685 3690 3684
f 3684 3690 3691
f 3684 3691 3683
f 3683 3691 3692
f 3683 3692 3682
f 3682 3692 3693
f 3682 3693 3681
f 3681 3693 3694
f 3681 3694 3680
f 3680 3694 3695
f 3680 3695 3679
f 3679 3695 3696
f 3679 3696 3678
f 3678 3696 3697
f 3678 3697 3677
f 3677 3697 3686
f 3697 3696 3692
f 3697 3692 3686
f 3686 3692 3691
f 3686 3691 3690
f 3696 3695 3692
f 3692 3695 3694
f 3692 3694 3693
f 3690 3689 3686
f 3686 3689 3688
f 3686 3688 3687
f 2143 3698 2142
f 2142 3698 3699
f 2142 3699 2140
f 3699 3700 2140
f 2140 3700 3701
f 2140 3701 2138
f 3702 2144 3703
f 3703 2144 2138
f 3703 2138 3704
f 3704 2138 3701
f 3705 3706 3707
f 3698 3708 3699
f 3699 3708 3709
f 3699 3709 3700
f 3700 3709 3710
f 3711 3704 3710
f 3710 3704 3701
f 3710 3701 3700
f 3712 3702 3711
f 3711 3702 3703
f 3711 3703 3704
f 3713 3714 3712
f 3712 3714 3715
f 3712 3715 3702
f 3707 3716 3705
f 3705 3716 3717
f 3705 3717 3713
f 3713 3717 3718
f 3713 3718 3714
f 3707 3706 3719
f 3719 3706 3720
f 3719 3720 3721
f 3721 3720 3722
f 3721 3722 3723
f 3723 3722 3724
f 3723 3724 3725
f 3725 3724 3726
f 3725 3726 3727
f 3727 3726 3728
f 3727 3728 3729
f 3729 3728 3730
f 3729 3730 3698
f 3698 3730 3708
f 3698 2143 3729
f 3729 2143 2131
f 3729 2131 3727
f 3727 2131 2130
f 3727 2130 3725
f 3725 2130 2133
f 3725 2133 3723
f 3723 2133 2135
f 3723 2135 3721
f 3721 2135 2136
f 3721 2136 3719
f 3719 2136 2137
f 3719 2137 3707
f 3707 2137 2148
f 2145 2144 3702
f 3702 3715 2145
f 2145 3715 3714
f 2145 3714 2146
f 3707 2148 3716
f 3716 2148 2147
f 3716 2147 3717
f 3717 2147 2146
f 3717 2146 3718
f 3718 2146 3714
f 3713 3712 3731
f 3731 3712 3711
f 3731 3711 3732
f 3732 3711 3710
f 3732 3710 3733
f 3733 3710 3709
f 3733 3709 3734
f 3734 3709 3708
f 3734 3708 3735
f 3735 3708 3730
f 3735 3730 3736
f 3736 3730 3728
f 3736 3728 3737
f 3737 3728 3726
f 3737 3726 3738
f 3738 3726 3724
f 3738 3724 3739
f 3739 3724 3722
f 3739 3722 3740
f 3740 3722 3720
f 3740 3720 3741
f 3741 3720 3706
f 3741 3706 3742
f 3742 3706 3705
f 3742 3705 3743
f 3743 3705 3713
f 3743 3713 3731
f 3736 3744 3735
f 3735 3744 3745
f 3735 3745 3734
f 3734 3745 3746
f 3734 3746 3733
f 3733 3746 3747
f 3733 3747 3732
f 3732 3747 3748
f 3732 3748 3731
f 3731 3748 3749
f 3731 3749 3743
f 3743 3749 3750
f 3743 3750 3742
f 3742 3750 3751
f 3742 3751 3741
f 3741 3751 3752
f 3741 3752 3740
f 3740 3752 3753
f 3740 3753 3739
f 3739 3753 3754
f 3739 3754 3738
f 3738 3754 3755
f 3738 3755 3737
f 3737 3755 3756
f 3737 3756 3736
f 3736 3756 3744
f 3750 3745 3751
f 3751 3745 3753
f 3751 3753 3752
f 3754 3753 3755
f 3755 3753 3745
f 3755 3745 3756
f 3756 3745 3744
f 3747 3746 3748
f 3748 3746 3745
f 3748 3745 3749
f 3749 3745 3750
f 3757 3758 3759
f 3760 3758 3757
f 3761 3760 3757
f 3757 3762 3763
f 3764 3762 3757
f 3759 3764 3757
f 3757 3765 3766
f 3767 3765 3757
f 3763 3767 3757
f 3757 3768 3761
f 3769 3768 3757
f 3766 3769 3757
f 3763 3770 3767
f 3767 3770 3771
f 3767 3771 3765
f 3765 3771 3772
f 3765 3772 3766
f 3766 3772 3773
f 3766 3773 3769
f 3769 3773 3774
f 3769 3774 3768
f 3768 3774 3775
f 3768 3775 3761
f 3761 3775 3776
f 3761 3776 3760
f 3760 3776 3777
f 3760 3777 3758
f 3758 3777 3778
f 3758 3778 3759
f 3759 3778 3779
f 3759 3779 3764
f 3764 3779 3780
f 3764 3780 3762
f 3762 3780 3781
f 3762 3781 3763
f 3763 3781 3770
f 3776 3775 3774
f 3770 3781 3780
f 3771 3770 3772
f 3772 3770 3776
f 3772 3776 3773
f 3773 3776 3774
f 3777 3776 3778
f 3778 3776 3770
f 3778 3770 3779
f 3779 3770 3780
f 3782 3783 3784
f 3785 3783 3782
f 3786 3785 3782
f 3782 3787 3788
f 3789 3787 3782
f 3784 3789 3782
f 3782 3788 3790
f 3791 3792 3782
f 3793 3794 3782
f 3795 3796 3782
f 3797 3798 3782
f 3782 3799 3786
f 3800 3799 3782
f 3798 3800 3782
f 3796 3797 3782
f 3794 3795 3782
f 3792 3793 3782
f 3790 3791 3782
f 3788 3801 3790
f 3790 3801 3802
f 3790 3802 3791
f 3791 3802 3792
f 3792 3802 3803
f 3792 3803 3793
f 3793 3803 3794
f 3794 3803 3804
f 3794 3804 3795
f 3795 3804 3796
f 3796 3804 3805
f 3796 3805 3797
f 3797 3805 3798
f 3798 3805 3806
f 3798 3806 3800
f 3800 3806 3799
f 3799 3806 3807
f 3799 3807 3786
f 3808 3809 3807
f 3803 3802 3801
f 3806 3805 3807
f 3807 3805 3804
f 3801 3810 3811
f 3804 3803 3807
f 3807 3803 3801
f 3807 3801 3808
f 3808 3801 3811
f 3808 3811 3812
f 3786 3807 3785
f 3785 3807 3809
f 3785 3809 3783
f 3783 3809 3808
f 3783 3808 3784
f 3784 3808 3812
f 3784 3812 3789
f 3789 3812 3811
f 3789 3811 3787
f 3787 3811 3810
f 3787 3810 3788
f 3788 3810 3801
f 3813 3814 3815
f 3816 3814 3813
f 3817 3816 3813
f 3813 3818 3819
f 3820 3818 3813
f 3815 3820 3813
f 3813 3819 3821
f 3813 3822 3823
f 3824 3822 3813
f 3821 3824 3813
f 3813 3825 3817
f 3826 3825 3813
f 3823 3826 3813
f 3819 3827 3821
f 3821 3827 3828
f 3821 3828 3824
f 3824 3828 3829
f 3824 3829 3822
f 3822 3829 3830
f 3822 3830 3823
f 3823 3830 3831
f 3823 3831 3826
f 3826 3831 3832
f 3826 3832 3825
f 3825 3832 3833
f 3825 3833 3817
f 3817 3833 3834
f 3834 3833 3835
f 3835 3833 3832
f 3829 3828 3830
f 3830 3828 3835
f 3830 3835 3831
f 3831 3835 3832
f 3836 3837 3838
f 3828 3827 3835
f 3835 3827 3836
f 3835 3836 3839
f 3839 3836 3838
f 3817 3834 3816
f 3816 3834 3835
f 3816 3835 3814
f 3814 3835 3839
f 3814 3839 3815
f 3815 3839 3838
f 3815 3838 3820
f 3820 3838 3837
f 3820 3837 3818
f 3818 3837 3836
f 3818 3836 3819
f 3819 3836 3827
f 3840 3841 3842
f 3843 3841 3840
f 3844 3843 3840
f 3840 3845 3846
f 3847 3845 3840
f 3842 3847 3840
f 3844 3848 3843
f 3843 3848 3849
f 3843 3849 3841
f 3841 3849 3850
f 3841 3850 3842
f 3842 3850 3851
f 3842 3851 3847
f 3847 3851 3852
f 3847 3852 3845
f 3845 3852 3853
f 3845 3853 3846
f 3846 3853 3854
f 3849 3848 3850
f 3850 3848 3855
f 3850 3855 3856
f 3856 3857 3850
f 3850 3857 3858
f 3850 3858 3859
f 3854 3853 3852
f 3859 3860 3850
f 3850 3860 3854
f 3850 3854 3851
f 3851 3854 3852
f 3846 3854 3861
f 3861 3854 3860
f 3861 3860 3862
f 3862 3860 3859
f 3862 3859 3863
f 3863 3859 3858
f 3863 3858 3864
f 3864 3858 3857
f 3864 3857 3865
f 3865 3857 3856
f 3865 3856 3866
f 3866 3856 3855
f 3866 3855 3844
f 3844 3855 3848
f 3840 3846 3861
f 3840 3863 3864
f 3862 3863 3840
f 3861 3862 3840
f 3840 3866 3844
f 3865 3866 3840
f 3864 3865 3840
f 3867 3868 3869
f 3867 3870 3871
f 3872 3870 3867
f 3869 3872 3867
f 3867 3873 3874
f 3875 3873 3867
f 3871 3875 3867
f 3867 3876 3877
f 3878 3876 3867
f 3874 3878 3867
f 3867 3879 3868
f 3880 3879 3867
f 3877 3880 3867
f 3874 3881 3878
f 3878 3881 3882
f 3878 3882 3876
f 3876 3882 3883
f 3876 3883 3877
f 3877 3883 3884
f 3877 3884 3880
f 3880 3884 3885
f 3880 3885 3879
f 3879 3885 3886
f 3879 3886 3868
f 3868 3886 3887
f 3868 3887 3869
f 3869 3887 3888
f 3869 3888 3872
f 3872 3888 3889
f 3872 3889 3870
f 3870 3889 3890
f 3870 3890 3871
f 3871 3890 3891
f 3871 3891 3875
f 3875 3891 3892
f 3875 3892 3873
f 3873 3892 3893
f 3873 3893 3874
f 3874 3893 3881
f 3890 3889 3888
f 3888 3882 3881
f 3891 3890 3892
f 3892 3890 3888
f 3892 3888 3893
f 3893 3888 3881
f 3886 3885 3884
f 3888 3887 3882
f 3882 3887 3886
f 3882 3886 3883
f 3883 3886 3884
f 3894 3895 3896
f 3894 3896 3897
f 3895 3898 3899
f 3899 3900 3895
f 3895 3900 3901
f 3895 3901 3896
f 3902 3903 3896
f 3896 3903 3904
f 3905 3906 3907
f 3895 3908 3898
f 3898 3908 3909
f 3898 3909 3910
f 3911 3898 3912
f 3912 3898 3913
f 3907 3906 3896
f 3896 3906 3914
f 3896 3914 3902
f 3896 3915 3916
f 3910 3917 3898
f 3898 3917 3918
f 3898 3918 3913
f 3911 3919 3898
f 3898 3919 3920
f 3898 3920 3921
f 3921 3922 3898
f 3898 3922 3923
f 3898 3923 3924
f 3925 3926 3927
f 3904 3928 3896
f 3896 3928 3929
f 3896 3929 3915
f 3916 3930 3896
f 3896 3930 3931
f 3896 3931 3897
f 3905 3907 3927
f 3927 3907 3932
f 3927 3932 3925
f 3933 3934 3935
f 3936 3937 3938
f 3938 3939 3936
f 3936 3939 3940
f 3936 3940 3941
f 3941 3940 3942
f 3941 3942 3943
f 3944 3945 3946
f 3946 3947 3944
f 3944 3947 3948
f 3944 3948 3937
f 3937 3948 3949
f 3937 3949 3938
f 3950 3951 3952
f 3952 3953 3950
f 3950 3953 3954
f 3950 3954 3945
f 3945 3954 3955
f 3945 3955 3946
f 3935 3934 3956
f 3934 3957 3956
f 3956 3957 3958
f 3956 3958 3951
f 3951 3958 3959
f 3951 3959 3952
f 3933 3935 3960
f 3960 3935 3961
f 3960 3961 3962
f 3962 3961 3963
f 3962 3963 3901
f 3964 3965 3966
f 3901 3963 3896
f 3896 3963 3967
f 3896 3967 3907
f 3907 3967 3968
f 3907 3968 3932
f 3932 3968 3969
f 3932 3969 3925
f 3925 3969 3970
f 3925 3970 3926
f 3926 3970 3971
f 3926 3971 3927
f 3927 3971 3972
f 3927 3972 3905
f 3905 3972 3973
f 3905 3973 3906
f 3906 3973 3964
f 3906 3964 3914
f 3914 3964 3966
f 3914 3966 3902
f 3902 3966 3974
f 3902 3974 3903
f 3903 3974 3975
f 3903 3975 3904
f 3975 3976 3904
f 3904 3976 3977
f 3904 3977 3928
f 3977 3978 3928
f 3928 3978 3979
f 3928 3979 3929
f 3979 3980 3929
f 3929 3980 3981
f 3929 3981 3915
f 3981 3982 3915
f 3915 3982 3983
f 3915 3983 3916
f 3983 3984 3916
f 3916 3984 3985
f 3916 3985 3930
f 3985 3986 3930
f 3930 3986 3987
f 3930 3987 3931
f 3988 3894 3989
f 3989 3894 3897
f 3987 3990 3931
f 3931 3990 3991
f 3931 3991 3897
f 3897 3991 3992
f 3897 3992 3989
f 3966 3965 3974
f 3974 3965 3993
f 3974 3993 3975
f 3975 3993 3976
f 3976 3993 3994
f 3976 3994 3977
f 3977 3994 3978
f 3978 3994 3995
f 3978 3995 3979
f 3979 3995 3980
f 3980 3995 3996
f 3980 3996 3981
f 3981 3996 3982
f 3982 3996 3997
f 3982 3997 3983
f 3983 3997 3984
f 3984 3997 3998
f 3984 3998 3985
f 3985 3998 3986
f 3986 3998 3999
f 3986 3999 3987
f 4000 3991 3999
f 3999 3991 3990
f 3999 3990 3987
f 4001 3988 4002
f 4002 3988 3989
f 4002 3989 4000
f 4000 3989 3992
f 4000 3992 3991
f 3962 3901 3960
f 3960 3901 3900
f 3960 3900 3933
f 3933 3900 3934
f 3934 3900 3899
f 3934 3899 3957
f 3957 3899 3958
f 3958 3899 3898
f 3958 3898 3959
f 3959 3898 3952
f 3952 3898 3924
f 3952 3924 3953
f 3953 3924 3954
f 3954 3924 3923
f 3954 3923 3955
f 3955 3923 3946
f 3946 3923 3922
f 3946 3922 3947
f 3947 3922 3948
f 3948 3922 3921
f 3948 3921 3949
f 3949 3921 3938
f 3938 3921 3920
f 3938 3920 3939
f 3939 3920 3940
f 3940 3920 3919
f 3940 3919 3942
f 3942 3919 3943
f 3943 3919 3911
f 3943 3911 3941
f 3941 3911 4003
f 4003 3911 3912
f 4003 3912 4004
f 4004 3912 3913
f 4004 3913 4005
f 4005 3913 3918
f 4005 3918 4006
f 4006 3918 3917
f 4006 3917 4007
f 4007 3917 3910
f 4007 3910 4008
f 4008 3910 3909
f 4008 3909 4009
f 4009 3909 3908
f 4009 3908 4010
f 4010 3908 3895
f 4010 3895 4001
f 4001 3895 3894
f 4001 3894 3988
f 3999 4011 4000
f 4000 4011 4012
f 4000 4012 4002
f 4002 4012 4013
f 4002 4013 4001
f 4001 4013 4014
f 4001 4014 4010
f 4010 4014 4015
f 4010 4015 4009
f 4009 4015 4016
f 4009 4016 4008
f 4008 4016 4017
f 4008 4017 4007
f 4007 4017 4018
f 4007 4018 4006
f 4006 4018 4019
f 4006 4019 4005
f 4005 4019 4020
f 4005 4020 4004
f 4004 4020 4021
f 4004 4021 4003
f 4003 4021 4022
f 4003 4022 3941
f 3941 4022 4023
f 3941 4023 3936
f 3936 4023 4024
f 3936 4024 3937
f 3937 4024 4025
f 3937 4025 3944
f 3944 4025 4026
f 3944 4026 3945
f 3945 4026 4027
f 3945 4027 3950
f 3950 4027 4028
f 3950 4028 3951
f 3951 4028 4029
f 3951 4029 3956
f 3956 4029 4030
f 3956 4030 3935
f 3935 4030 4031
f 3935 4031 3961
f 3961 4031 4032
f 3961 4032 3963
f 4032 4033 3963
f 3963 4033 4034
f 3963 4034 3967
f 3967 4034 4035
f 3967 4035 3968
f 3968 4035 4036
f 3968 4036 3969
f 3969 4036 4037
f 3969 4037 3970
f 3970 4037 4038
f 3970 4038 3971
f 3971 4038 4039
f 3971 4039 3972
f 3972 4039 4040
f 3972 4040 3973
f 3973 4040 4041
f 3973 4041 3964
f 3964 4041 4042
f 3964 4042 3965
f 3965 4042 4043
f 3965 4043 3993
f 3993 4043 4044
f 3993 4044 3994
f 3994 4044 4045
f 3994 4045 3995
f 3995 4045 4046
f 3995 4046 3996
f 3996 4046 4047
f 3996 4047 3997
f 3997 4047 4048
f 3997 4048 3998
f 3998 4048 4049
f 3998 4049 3999
f 3999 4049 4050
f 3999 4050 4011
f 4043 4051 4052
f 4043 4052 4044
f 4044 4052 4053
f 4044 4053 4045
f 4045 4053 4054
f 4045 4054 4046
f 4046 4054 4055
f 4046 4055 4047
f 4047 4055 4056
f 4047 4056 4048
f 4048 4056 4057
f 4048 4057 4049
f 4049 4057 4058
f 4049 4058 4050
f 4050 4058 4059
f 4050 4059 4011
f 4011 4059 4060
f 4011 4060 4012
f 4012 4060 4061
f 4012 4061 4013
f 4013 4061 4062
f 4013 4062 4014
f 4014 4062 4063
f 4014 4063 4015
f 4015 4063 4064
f 4015 4064 4016
f 4016 4064 4065
f 4016 4065 4017
f 4017 4065 4066
f 4017 4066 4018
f 4018 4066 4067
f 4018 4067 4019
f 4019 4067 4068
f 4019 4068 4020
f 4020 4068 4069
f 4020 4069 4021
f 4021 4069 4070
f 4021 4070 4022
f 4022 4070 4071
f 4022 4071 4023
f 4033 4072 4073
f 4033 4073 4034
f 4034 4073 4074
f 4034 4074 4035
f 4035 4074 4075
f 4035 4075 4036
f 4036 4075 4076
f 4036 4076 4037
f 4037 4076 4077
f 4037 4077 4038
f 4038 4077 4078
f 4038 4078 4039
f 4039 4078 4079
f 4039 4079 4040
f 4040 4079 4080
f 4040 4080 4041
f 4041 4080 4081
f 4041 4081 4042
f 4042 4081 4051
f 4042 4051 4043
f 4071 4082 4083
f 4071 4083 4084
f 4084 4083 4085
f 4084 4085 4086
f 4086 4085 4087
f 4086 4087 4088
f 4088 4087 4089
f 4088 4089 4090
f 4090 4089 4091
f 4090 4091 4092
f 4092 4091 4093
f 4092 4093 4094
f 4094 4093 4095
f 4094 4095 4096
f 4096 4095 4097
f 4096 4097 4098
f 4098 4097 4099
f 4098 4099 4100
f 4100 4099 4101
f 4100 4101 4072
f 4072 4101 4102
f 4072 4102 4073
f 4073 4102 4103
f 4073 4103 4074
f 4074 4103 4104
f 4074 4104 4075
f 4075 4104 4105
f 4075 4105 4076
f 4076 4105 4106
f 4076 4106 4077
f 4077 4106 4107
f 4077 4107 4078
f 4078 4107 4108
f 4078 4108 4079
f 4079 4108 4109
f 4079 4109 4080
f 4080 4109 4110
f 4080 4110 4081
f 4081 4110 4111
f 4081 4111 4051
f 4051 4111 4112
f 4051 4112 4052
f 4052 4112 4113
f 4052 4113 4053
f 4053 4113 4114
f 4053 4114 4054
f 4054 4114 4115
f 4054 4115 4055
f 4055 4115 4116
f 4055 4116 4056
f 4056 4116 4117
f 4056 4117 4057
f 4057 4117 4118
f 4057 4118 4058
f 4058 4118 4119
f 4058 4119 4059
f 4059 4119 4120
f 4059 4120 4060
f 4060 4120 4121
f 4060 4121 4061
f 4061 4121 4122
f 4061 4122 4062
f 4062 4122 4123
f 4062 4123 4063
f 4063 4123 4124
f 4063 4124 4064
f 4064 4124 4125
f 4064 4125 4065
f 4065 4125 4126
f 4065 4126 4066
f 4066 4126 4127
f 4066 4127 4067
f 4067 4127 4128
f 4067 4128 4068
f 4068 4128 4129
f 4068 4129 4069
f 4069 4129 4130
f 4069 4130 4070
f 4070 4130 4082
f 4070 4082 4071
f 4131 4082 4130
f 4131 4130 4132
f 4132 4130 4129
f 4132 4129 4133
f 4133 4129 4128
f 4133 4128 4134
f 4134 4128 4127
f 4134 4127 4135
f 4135 4127 4126
f 4135 4126 4136
f 4136 4126 4125
f 4136 4125 4137
f 4137 4125 4124
f 4137 4124 4138
f 4138 4124 4123
f 4138 4123 4139
f 4139 4123 4122
f 4139 4122 4140
f 4140 4122 4121
f 4140 4121 4141
f 4141 4121 4120
f 4141 4120 4142
f 4142 4120 4119
f 4142 4119 4143
f 4143 4119 4118
f 4143 4118 4144
f 4144 4118 4117
f 4144 4117 4145
f 4145 4117 4116
f 4145 4116 4146
f 4146 4116 4115
f 4146 4115 4147
f 4147 4115 4114
f 4147 4114 4148
f 4148 4114 4113
f 4148 4113 4149
f 4149 4113 4112
f 4149 4112 4150
f 4150 4112 4111
f 4150 4111 4151
f 4151 4111 4110
f 4151 4110 4152
f 4152 4110 4109
f 4152 4109 4153
f 4153 4109 4108
f 4153 4108 4154
f 4154 4108 4107
f 4154 4107 4155
f 4155 4107 4106
f 4155 4106 4156
f 4156 4106 4105
f 4156 4105 4157
f 4157 4105 4104
f 4157 4104 4158
f 4158 4104 4103
f 4158 4103 4159
f 4159 4103 4102
f 4159 4102 4160
f 4160 4102 4101
f 4160 4101 4161
f 4161 4101 4099
f 4161 4099 4162
f 4162 4099 4097
f 4162 4097 4163
f 4163 4097 4095
f 4163 4095 4164
f 4164 4095 4093
f 4164 4093 4165
f 4165 4093 4091
f 4165 4091 4166
f 4166 4091 4089
f 4166 4089 4167
f 4167 4089 4087
f 4167 4087 4168
f 4168 4087 4085
f 4168 4085 4169
f 4169 4085 4083
f 4169 4083 4170
f 4170 4083 4082
f 4170 4082 4131
f 4171 4160 4172
f 4172 4160 4161
f 4172 4161 4173
f 4173 4161 4162
f 4173 4162 4174
f 4174 4162 4163
f 4174 4163 4175
f 4175 4163 4164
f 4175 4164 4176
f 4176 4164 4165
f 4176 4165 4177
f 4177 4165 4166
f 4177 4166 4178
f 4178 4166 4167
f 4178 4167 4179
f 4179 4167 4168
f 4179 4168 4180
f 4180 4168 4169
f 4180 4169 4181
f 4181 4169 4170
f 4181 4170 4182
f 4182 4170 4131
f 4182 4131 4183
f 4183 4131 4132
f 4183 4132 4184
f 4184 4132 4133
f 4184 4133 4185
f 4185 4133 4134
f 4185 4134 4186
f 4186 4134 4135
f 4186 4135 4187
f 4187 4135 4136
f 4187 4136 4188
f 4188 4136 4137
f 4188 4137 4189
f 4189 4137 4138
f 4189 4138 4190
f 4138 4139 4190
f 4190 4139 4140
f 4190 4140 4191
f 4191 4140 4141
f 4191 4141 4192
f 4192 4141 4142
f 4192 4142 4193
f 4193 4142 4143
f 4193 4143 4194
f 4194 4143 4144
f 4194 4144 4195
f 4195 4144 4145
f 4195 4145 4196
f 4196 4145 4146
f 4196 4146 4197
f 4197 4146 4147
f 4197 4147 4198
f 4198 4147 4148
f 4198 4148 4199
f 4199 4148 4149
f 4199 4149 4200
f 4200 4149 4150
f 4200 4150 4201
f 4201 4150 4151
f 4201 4151 4202
f 4202 4151 4152
f 4202 4152 4203
f 4203 4152 4153
f 4203 4153 4204
f 4204 4153 4154
f 4204 4154 4205
f 4205 4154 4155
f 4205 4155 4206
f 4206 4155 4156
f 4206 4156 4207
f 4207 4156 4157
f 4207 4157 4208
f 4208 4157 4158
f 4208 4158 4171
f 4171 4158 4159
f 4171 4159 4160
f 4209 4182 4210
f 4210 4182 4183
f 4210 4183 4211
f 4211 4183 4184
f 4211 4184 4212
f 4212 4184 4185
f 4212 4185 4213
f 4213 4185 4186
f 4213 4186 4214
f 4214 4186 4187
f 4214 4187 4215
f 4215 4187 4188
f 4215 4188 4216
f 4216 4188 4189
f 4216 4189 4217
f 4217 4189 4190
f 4217 4190 4218
f 4218 4190 4191
f 4218 4191 4219
f 4219 4191 4192
f 4219 4192 4220
f 4220 4192 4193
f 4220 4193 4221
f 4221 4193 4194
f 4221 4194 4222
f 4222 4194 4195
f 4222 4195 4223
f 4223 4195 4196
f 4223 4196 4224
f 4224 4196 4197
f 4224 4197 4225
f 4225 4197 4198
f 4225 4198 4226
f 4226 4198 4199
f 4226 4199 4227
f 4227 4199 4200
f 4227 4200 4228
f 4228 4200 4201
f 4228 4201 4229
f 4229 4201 4202
f 4229 4202 4230
f 4230 4202 4203
f 4230 4203 4231
f 4231 4203 4204
f 4231 4204 4232
f 4232 4204 4205
f 4232 4205 4233
f 4233 4205 4206
f 4233 4206 4234
f 4234 4206 4207
f 4234 4207 4235
f 4235 4207 4208
f 4235 4208 4236
f 4236 4208 4171
f 4236 4171 4237
f 4237 4171 4172
f 4237 4172 4238
f 4238 4172 4173
f 4238 4173 4239
f 4239 4173 4174
f 4239 4174 4240
f 4240 4174 4175
f 4240 4175 4241
f 4241 4175 4176
f 4241 4176 4242
f 4242 4176 4177
f 4242 4177 4243
f 4243 4177 4178
f 4243 4178 4244
f 4244 4178 4179
f 4244 4179 4245
f 4245 4179 4180
f 4245 4180 4246
f 4246 4180 4181
f 4246 4181 4209
f 4209 4181 4182
f 4247 4228 4248
f 4248 4228 4229
f 4248 4229 4249
f 4249 4229 4230
f 4249 4230 4250
f 4250 4230 4231
f 4250 4231 4251
f 4251 4231 4232
f 4251 4232 4252
f 4252 4232 4233
f 4252 4233 4253
f 4253 4233 4234
f 4253 4234 4254
f 4254 4234 4235
f 4254 4235 4255
f 4255 4235 4236
f 4255 4236 4256
f 4256 4236 4237
f 4256 4237 4257
f 4257 4237 4238
f 4257 4238 4258
f 4258 4238 4239
f 4258 4239 4259
f 4259 4239 4240
f 4259 4240 4260
f 4260 4240 4241
f 4260 4241 4261
f 4261 4241 4242
f 4261 4242 4262
f 4262 4242 4243
f 4262 4243 4263
f 4263 4243 4244
f 4263 4244 4264
f 4264 4244 4245
f 4264 4245 4265
f 4265 4245 4246
f 4265 4246 4266
f 4266 4246 4209
f 4267 4265 4266
f 4265 4267 4264
f 4264 4267 4247
f 4264 4247 4248
f 4257 4258 4264
f 4266 4268 4267
f 4267 4268 4269
f 4267 4269 4270
f 4271 4267 4272
f 4272 4267 4273
f 4248 4249 4264
f 4264 4249 4250
f 4264 4250 4251
f 4270 4274 4267
f 4267 4274 4275
f 4267 4275 4273
f 4264 4261 4263
f 4263 4261 4262
f 4276 4277 4278
f 4251 4252 4264
f 4264 4252 4253
f 4264 4253 4254
f 4258 4259 4264
f 4264 4259 4260
f 4264 4260 4261
f 4278 4279 4276
f 4276 4279 4280
f 4276 4280 4281
f 4281 4282 4276
f 4276 4282 4283
f 4276 4283 4271
f 4271 4283 4284
f 4271 4284 4267
f 4254 4255 4264
f 4264 4255 4256
f 4264 4256 4257
f 4266 4209 4268
f 4268 4209 4210
f 4268 4210 4269
f 4269 4210 4211
f 4269 4211 4270
f 4270 4211 4212
f 4270 4212 4274
f 4274 4212 4213
f 4274 4213 4275
f 4275 4213 4214
f 4275 4214 4273
f 4273 4214 4215
f 4273 4215 4272
f 4272 4215 4216
f 4272 4216 4271
f 4271 4216 4217
f 4271 4217 4276
f 4276 4217 4218
f 4276 4218 4277
f 4277 4218 4219
f 4277 4219 4278
f 4278 4219 4220
f 4278 4220 4279
f 4279 4220 4221
f 4279 4221 4280
f 4280 4221 4222
f 4280 4222 4281
f 4281 4222 4223
f 4281 4223 4282
f 4282 4223 4224
f 4282 4224 4283
f 4283 4224 4225
f 4283 4225 4284
f 4284 4225 4226
f 4284 4226 4267
f 4267 4226 4227
f 4267 4227 4247
f 4247 4227 4228
f 4023 4071 4084
f 4023 4084 4024
f 4024 4084 4086
f 4024 4086 4025
f 4025 4086 4088
f 4025 4088 4026
f 4026 4088 4090
f 4026 4090 4027
f 4027 4090 4092
f 4027 4092 4028
f 4028 4092 4094
f 4028 4094 4029
f 4029 4094 4096
f 4029 4096 4030
f 4030 4096 4098
f 4030 4098 4031
f 4031 4098 4100
f 4031 4100 4032
f 4032 4100 4072
f 4032 4072 4033

