# https://github.com/mikedh/trimesh

o Link3.STL
v -0.03799985 -0.00000000 0.00349998
v -0.03798841 0.00149564 0.00350000
v -0.03593139 0.00000000 0.00568419
v -0.03562037 0.00852292 0.00558217
v -0.03374551 0.00000000 0.00699161
v -0.02729176 0.01004868 0.00800000
v -0.02799986 -0.00000000 0.00800003
v -0.03244964 0.00000000 0.00745285
v -0.02342860 0.02016614 0.00800000
v -0.02473102 0.01810388 0.00800000
v -0.02941988 0.02173724 0.00703315
v -0.02575074 0.01588058 0.00800000
v -0.03188268 0.01543908 0.00702463
v -0.03329174 0.00807559 0.00701042
v -0.00784807 0.03328265 0.00701041
v 0.00000014 0.03374570 0.00699161
v 0.00000014 0.03244979 0.00745285
v -0.02192019 0.02192029 0.00800000
v -0.02617614 0.02624897 0.00703598
v -0.02016769 0.02342759 0.00800000
v -0.02178804 0.02943661 0.00703313
v -0.01810394 0.02473118 0.00800000
v -0.01551126 0.03185618 0.00702460
v -0.01588259 0.02575018 0.00800000
v -0.00997583 0.02730403 0.00800000
v 0.00000014 0.02799996 0.00800003
v -0.03720931 0.01139932 0.00350000
v -0.03536550 0.01924427 0.00350000
v -0.03410302 0.01643668 0.00559858
v -0.03250734 0.02587035 0.00350000
v -0.03142355 0.02335606 0.00560842
v -0.02939866 0.02999541 0.00350000
v -0.02803473 0.02814430 0.00561169
v -0.02494667 0.03309729 0.00350000
v -0.02343259 0.03144863 0.00560840
v -0.01916937 0.03540703 0.00350000
v -0.01654528 0.03406302 0.00559855
v -0.01080058 0.03722218 0.00350000
v -0.00818024 0.03560658 0.00558216
v 0.00000014 0.03799999 0.00350000
v 0.00000014 0.03593158 0.00568420
v 0.00000014 -0.03593158 0.00568420
v 0.00000014 -0.03799999 0.00350000
v -0.00818024 -0.03560658 0.00558216
v -0.00784807 -0.03328265 0.00701041
v 0.00000014 -0.03374570 0.00699161
v -0.01004891 -0.02729192 0.00800000
v 0.00000014 -0.02799996 0.00800003
v 0.00000014 -0.03244979 0.00745285
v -0.02016608 -0.02342879 0.00800000
v -0.01810388 -0.02473118 0.00800000
v -0.02178804 -0.02943661 0.00703313
v -0.01588063 -0.02575092 0.00800000
v -0.01551126 -0.03185618 0.00702460
v -0.03329174 -0.00807559 0.00701042
v -0.02192019 -0.02192029 0.00800000
v -0.02617614 -0.02624897 0.00703598
v -0.02342741 -0.02016777 0.00800000
v -0.02941988 -0.02173724 0.00703315
v -0.02473102 -0.01810392 0.00800000
v -0.03188268 -0.01543908 0.00702463
v -0.02575002 -0.01588251 0.00800000
v -0.02730392 -0.00997555 0.00800000
v -0.01088701 -0.03720973 0.00350000
v -0.01897578 -0.03546568 0.00350000
v -0.01654528 -0.03406302 0.00559855
v -0.02547572 -0.03281511 0.00350000
v -0.02343259 -0.03144863 0.00560840
v -0.02962558 -0.02977105 0.00350000
v -0.02803473 -0.02814430 0.00561169
v -0.03256504 -0.02576931 0.00350000
v -0.03142355 -0.02335606 0.00560842
v -0.03543912 -0.01901585 0.00350000
v -0.03410302 -0.01643668 0.00559858
v -0.03727202 -0.01098570 0.00350000
v -0.03562037 -0.00852292 0.00558217
v 0.03800013 -0.00000000 0.00349998
v 0.03798862 -0.00149565 0.00350000
v 0.03593167 -0.00000000 0.00568419
v 0.03562065 -0.00852292 0.00558217
v 0.03374578 -0.00000000 0.00699161
v 0.02729203 -0.01004869 0.00800000
v 0.02800008 -0.00000000 0.00800003
v 0.03244992 -0.00000000 0.00745285
v 0.02342888 -0.02016614 0.00800000
v 0.02473124 -0.01810388 0.00800000
v 0.02942016 -0.02173724 0.00703315
v 0.02575101 -0.01588058 0.00800000
v 0.03188296 -0.01543908 0.00702463
v 0.03329201 -0.00807559 0.00701042
v 0.00784834 -0.03328265 0.00701041
v 0.02192040 -0.02192029 0.00800000
v 0.02617641 -0.02624897 0.00703598
v 0.02016797 -0.02342759 0.00800000
v 0.02178832 -0.02943661 0.00703313
v 0.01810415 -0.02473118 0.00800000
v 0.01551147 -0.03185618 0.00702460
v 0.01588281 -0.02575018 0.00800000
v 0.00997611 -0.02730403 0.00800000
v 0.03720959 -0.01139932 0.00350000
v 0.03536572 -0.01924427 0.00350000
v 0.03410329 -0.01643668 0.00559858
v 0.03250762 -0.02587035 0.00350000
v 0.03142383 -0.02335606 0.00560842
v 0.02939888 -0.02999541 0.00350000
v 0.02803494 -0.02814430 0.00561169
v 0.02494695 -0.03309729 0.00350000
v 0.02343287 -0.03144863 0.00560840
v 0.01916959 -0.03540703 0.00350000
v 0.01654555 -0.03406302 0.00559855
v 0.01080086 -0.03722218 0.00350000
v 0.00818052 -0.03560658 0.00558216
v 0.00818052 0.03560658 0.00558216
v 0.00784834 0.03328265 0.00701041
v 0.01004918 0.02729192 0.00800000
v 0.02016630 0.02342879 0.00800000
v 0.01810415 0.02473118 0.00800000
v 0.02178832 0.02943661 0.00703313
v 0.01588090 0.02575092 0.00800000
v 0.01551147 0.03185618 0.00702460
v 0.03329201 0.00807559 0.00701042
v 0.02192040 0.02192029 0.00800000
v 0.02617641 0.02624897 0.00703598
v 0.02342768 0.02016777 0.00800000
v 0.02942016 0.02173724 0.00703315
v 0.02473124 0.01810392 0.00800000
v 0.03188296 0.01543908 0.00702463
v 0.02575024 0.01588251 0.00800000
v 0.02730413 0.00997555 0.00800000
v 0.01088728 0.03720973 0.00350000
v 0.01897605 0.03546568 0.00350000
v 0.01654555 0.03406302 0.00559855
v 0.02547600 0.03281511 0.00350000
v 0.02343287 0.03144863 0.00560840
v 0.02962579 0.02977105 0.00350000
v 0.02803494 0.02814430 0.00561169
v 0.03256531 0.02576931 0.00350000
v 0.03142383 0.02335606 0.00560842
v 0.03543933 0.01901585 0.00350000
v 0.03410329 0.01643668 0.00559858
v 0.03727223 0.01098570 0.00350000
v 0.03562065 0.00852292 0.00558217
v 0.03285541 0.02815793 0.00350000
v 0.03066494 0.03085415 0.00350000
v 0.02807798 0.03298619 0.00350000
v 0.03950014 -0.00000000 0.00350000
v 0.03919967 0.00738541 0.00350000
v 0.03761788 0.01687423 0.00350000
v 0.03489675 0.02452303 0.00350000
v 0.03326412 0.02752824 0.00350000
v 0.02462675 0.03492715 0.00350000
v 0.02753134 0.03334500 0.00350000
v 0.00000014 0.03950000 0.00350000
v 0.00129845 0.03948855 0.00350000
v 0.01554956 0.03789531 0.00350000
v 0.01628407 0.03773021 0.00350000
v 0.02753134 -0.03334500 0.00350000
v 0.02462675 -0.03492715 0.00350000
v 0.01628407 -0.03773021 0.00350000
v 0.03919967 -0.00738541 0.00350000
v 0.03761788 -0.01687423 0.00350000
v 0.03489675 -0.02452303 0.00350000
v 0.03326412 -0.02752824 0.00350000
v 0.03285541 -0.02815793 0.00350000
v 0.03066494 -0.03085415 0.00350000
v 0.02807798 -0.03298619 0.00350000
v 0.00000014 -0.03950000 0.00350000
v 0.00129845 -0.03948855 0.00350000
v 0.01554956 -0.03789531 0.00350000
v -0.03285513 -0.02815793 0.00350000
v -0.03066472 -0.03085415 0.00350000
v -0.02807770 -0.03298619 0.00350000
v -0.03949986 -0.00000000 0.00350000
v -0.03919945 -0.00738541 0.00350000
v -0.03761761 -0.01687423 0.00350000
v -0.03489653 -0.02452303 0.00350000
v -0.03326384 -0.02752824 0.00350000
v -0.02462647 -0.03492715 0.00350000
v -0.02753107 -0.03334500 0.00350000
v -0.00129823 -0.03948855 0.00350000
v -0.01554928 -0.03789531 0.00350000
v -0.01628379 -0.03773021 0.00350000
v -0.02753107 0.03334500 0.00350000
v -0.02462647 0.03492715 0.00350000
v -0.01628379 0.03773021 0.00350000
v -0.03919945 0.00738541 0.00350000
v -0.03761761 0.01687423 0.00350000
v -0.03489653 0.02452303 0.00350000
v -0.03326384 0.02752824 0.00350000
v -0.03285513 0.02815793 0.00350000
v -0.03066472 0.03085415 0.00350000
v -0.02807770 0.03298619 0.00350000
v -0.00129823 0.03948855 0.00350000
v -0.01554928 0.03789531 0.00350000
v -0.00141625 0.04647161 0.00486060
v 0.00000014 0.04648831 0.00486059
v 0.00000014 0.05300000 0.00799999
v -0.00910566 0.04597070 0.00486060
v -0.01209567 0.05219848 0.00800000
v -0.01704965 0.04467661 0.00486060
v -0.02168665 0.05028952 0.00800000
v -0.02758030 0.04119095 0.00486060
v -0.02965353 0.04747442 0.00800000
v -0.03197638 0.03870377 0.00486060
v -0.03635661 0.04366996 0.00800000
v -0.03557352 0.03572947 0.00486060
v -0.04116515 0.03939625 0.00800000
v -0.03858928 0.03203196 0.00486060
v -0.04522608 0.03383934 0.00800000
v -0.04115150 0.02749487 0.00486060
v -0.04846601 0.02713265 0.00800000
v -0.04336939 0.02190317 0.00486060
v -0.04495166 0.01601530 0.00486060
v -0.05118529 0.01818779 0.00800000
v -0.04613946 0.00799400 0.00486060
v -0.05262641 0.00881231 0.00800000
v -0.04648821 -0.00000000 0.00486061
v -0.05299990 -0.00000000 0.00800000
v 0.04613974 0.00799400 0.00486060
v 0.04648842 -0.00000000 0.00486061
v 0.05224033 0.01226140 0.00800000
v 0.05300011 -0.00000000 0.00800000
v 0.04495187 0.01601530 0.00486060
v 0.05034908 0.02150808 0.00800000
v 0.01704993 0.04467661 0.00486060
v 0.00910594 0.04597069 0.00486060
v 0.00141652 0.04647161 0.00486060
v 0.03858956 0.03203196 0.00486060
v 0.03557380 0.03572947 0.00486060
v 0.03197666 0.03870377 0.00486060
v 0.02758058 0.04119095 0.00486060
v 0.04115178 0.02749487 0.00486060
v 0.04336967 0.02190317 0.00486060
v 0.04705806 0.03038523 0.00800000
v 0.04363074 0.03631201 0.00800000
v 0.03937222 0.04120938 0.00800000
v 0.03386636 0.04529607 0.00800000
v 0.02727814 0.04846467 0.00800000
v 0.01838960 0.05109629 0.00800000
v 0.00891520 0.05256665 0.00800000
v 0.00141652 -0.04647161 0.00486060
v 0.00000014 -0.04648831 0.00486059
v 0.00000014 -0.05300000 0.00799999
v 0.00910594 -0.04597070 0.00486060
v 0.01209595 -0.05219848 0.00800000
v 0.01704993 -0.04467661 0.00486060
v 0.02168693 -0.05028952 0.00800000
v 0.02758058 -0.04119095 0.00486060
v 0.02965381 -0.04747442 0.00800000
v 0.03197666 -0.03870377 0.00486060
v 0.03635683 -0.04366996 0.00800000
v 0.03557380 -0.03572947 0.00486060
v 0.04116543 -0.03939625 0.00800000
v 0.03858956 -0.03203196 0.00486060
v 0.04522629 -0.03383934 0.00800000
v 0.04115178 -0.02749487 0.00486060
v 0.04846622 -0.02713265 0.00800000
v 0.04336967 -0.02190317 0.00486060
v 0.04495187 -0.01601530 0.00486060
v 0.05118557 -0.01818779 0.00800000
v 0.04613974 -0.00799400 0.00486060
v 0.05262669 -0.00881231 0.00800000
v -0.04613946 -0.00799400 0.00486060
v -0.05224006 -0.01226140 0.00800000
v -0.04495166 -0.01601530 0.00486060
v -0.05034886 -0.02150808 0.00800000
v -0.01704965 -0.04467661 0.00486060
v -0.00910566 -0.04597069 0.00486060
v -0.00141625 -0.04647161 0.00486060
v -0.03858928 -0.03203196 0.00486060
v -0.03557352 -0.03572947 0.00486060
v -0.03197638 -0.03870377 0.00486060
v -0.02758030 -0.04119095 0.00486060
v -0.04115150 -0.02749487 0.00486060
v -0.04336939 -0.02190317 0.00486060
v -0.04705779 -0.03038523 0.00800000
v -0.04363052 -0.03631201 0.00800000
v -0.03937195 -0.04120938 0.00800000
v -0.03386609 -0.04529607 0.00800000
v -0.02727793 -0.04846467 0.00800000
v -0.01838933 -0.05109629 0.00800000
v -0.00891493 -0.05256665 0.00800000
v -0.05499987 -0.00000000 0.00800000
v -0.05459575 0.00924691 0.00800001
v -0.05316464 0.01849890 0.00799999
v -0.05043856 0.02758214 0.00799997
v -0.02938734 -0.04977059 0.00800034
v -0.03652273 -0.04598146 0.00800000
v -0.04170344 -0.04172399 0.00800000
v -0.04630129 -0.03591370 0.00799999
v -0.05043856 -0.02758214 0.00799997
v -0.05201147 -0.02296348 0.00799998
v -0.05459575 -0.00924686 0.00800001
v -0.05485569 -0.00567324 0.00800001
v 0.04902943 -0.03090004 0.00800000
v 0.04526241 -0.03745789 0.00800000
v 0.04088618 -0.04253168 0.00800000
v 0.03526678 -0.04678341 0.00800000
v 0.02867426 -0.05006697 0.00800000
v 0.02664306 -0.05083645 0.00800000
v 0.01981058 -0.05282502 0.00800000
v 0.05233308 -0.02183923 0.00800000
v 0.05067249 -0.02697677 0.00800000
v 0.00000026 0.05500000 0.00800005
v 0.01223089 0.05419749 0.00800000
v 0.02192714 0.05229613 0.00800000
v 0.03067769 0.04920860 0.00800000
v 0.03762766 0.04521353 0.00800000
v 0.04256083 0.04083293 0.00800000
v 0.04683389 0.03504069 0.00800000
v -0.04851393 0.03196745 0.00799996
v -0.04630129 0.03591370 0.00799999
v -0.04179434 0.04163199 0.00800000
v -0.03634463 0.04610000 0.00800000
v -0.02938728 0.04977057 0.00800017
v -0.02062623 0.05262886 0.00800000
v -0.01499550 0.05378558 0.00800017
v -0.00377594 0.05492426 0.00800000
v 0.01384749 -0.05396683 0.00800000
v 0.01049038 -0.05441146 0.00800000
v 0.00000020 -0.05500000 0.00800005
v -0.01226709 -0.05419429 0.00800000
v -0.01499550 -0.05378558 0.00800017
v -0.02529816 -0.05129217 0.00800000
v 0.05500009 -0.00000000 0.00800006
v 0.05423738 -0.01241604 0.00800000
v 0.05387290 -0.01484640 0.00800000
v 0.05016770 0.02827820 0.00800000
v 0.05067398 0.02697287 0.00800000
v 0.05298980 0.01926474 0.00800000
v 0.05453463 0.00987381 0.00800000
v 0.05499281 0.00131328 0.00800000
v 0.03814252 -0.04700970 0.02165881
v 0.05907692 0.00000012 0.03480406
v 0.05954297 0.00000015 0.03987507
v 0.05920019 -0.00137136 0.03617631
v 0.05900009 0.00000048 0.11699996
v 0.06043168 -0.00136942 0.09514918
v 0.06066580 0.00000037 0.08935155
v 0.06088241 -0.00138379 0.07301890
v 0.06074049 0.00000025 0.06245551
v 0.06045856 -0.00138388 0.05462449
v 0.05612512 -0.01526491 0.02169278
v 0.05745455 -0.00134995 0.02173248
v 0.05732651 0.00000006 0.02082031
v 0.05252244 -0.02774207 0.02166922
v 0.04664679 -0.03855406 0.02165853
v 0.02738704 -0.05270066 0.02166987
v 0.01429440 -0.05623509 0.02169435
v 0.00000020 -0.05754501 0.02225756
v 0.01461704 -0.05782176 0.03613244
v 0.00687267 -0.05889793 0.03615560
v 0.00938000 -0.05824401 0.11700001
v -0.00000546 -0.05899974 0.11699999
v -0.00000242 -0.06066560 0.08935153
v 0.02768501 -0.05406815 0.09516782
v 0.01856317 -0.05600150 0.11700001
v 0.01485832 -0.05866482 0.09516054
v 0.00713976 -0.06003283 0.09515454
v 0.00000014 -0.06082038 0.06599997
v 0.04233630 -0.04109331 0.11700001
v 0.03702028 -0.04594086 0.11700001
v 0.03823902 -0.04745771 0.09517111
v 0.03524991 -0.04731259 0.11700001
v 0.02725901 -0.05232719 0.11700001
v 0.05385842 -0.02808749 0.09516801
v 0.05850722 -0.01559090 0.09516100
v 0.05653091 -0.01689254 0.11700001
v 0.05311437 -0.02568907 0.11700001
v 0.05228885 -0.02733067 0.11700001
v 0.04708149 -0.03869236 0.09517119
v 0.04834308 -0.03382261 0.11700001
v 0.04557784 -0.03746680 0.11700001
v 0.04370173 -0.04412813 0.07301920
v 0.04790415 -0.03939194 0.07301919
v 0.05460032 -0.02848662 0.07301915
v 0.05907639 -0.01574930 0.07301906
v 0.00711550 -0.06051206 0.07301898
v 0.01493366 -0.05922439 0.07301906
v 0.02808984 -0.05480651 0.07301915
v 0.03894045 -0.04828599 0.07301919
v 0.05850102 -0.00766222 0.11700001
v 0.05987545 -0.00853225 0.09515563
v 0.06036564 -0.00861522 0.07301899
v 0.05878605 -0.01572978 0.05460082
v 0.04802324 -0.03953506 0.05458041
v 0.05453839 -0.02852119 0.05458678
v 0.05769827 -0.01555061 0.03613063
v 0.05376663 -0.02824302 0.03610353
v 0.04755034 -0.03921784 0.03609124
v 0.04349478 -0.04391202 0.03608985
v 0.03909155 -0.04840394 0.05458058
v 0.03878881 -0.04792411 0.03609156
v 0.02813431 -0.05473804 0.05458717
v 0.02787127 -0.05395617 0.03610428
v 0.01485165 -0.05892327 0.05460176
v 0.00702908 -0.06011857 0.05461376
v 0.00000020 -0.05928109 0.03689860
v 0.00686314 0.05876610 0.03477775
v 0.00707807 0.06036973 0.06228646
v 0.01490756 0.05913265 0.06228024
v 0.01459761 0.05769966 0.03475428
v 0.02130516 0.05611468 0.03473812
v 0.00000020 0.06082038 0.06599997
v 0.00000014 0.06060327 0.09119733
v 0.00714757 0.06024539 0.08974580
v 0.00000026 0.05928109 0.03689860
v 0.00000026 0.05908002 0.03480367
v 0.00000026 0.05754501 0.02225756
v 0.02784147 0.05386129 0.03472574
v 0.05906566 0.00136480 0.03479878
v 0.02782371 0.05432850 0.08975775
v 0.03381993 0.04834467 0.11700001
v 0.03846594 0.04772568 0.08976071
v 0.04109331 0.04233617 0.11700001
v 0.04316600 0.04358228 0.08976110
v 0.04731633 0.03524444 0.11700001
v 0.04735323 0.03891230 0.08976078
v 0.05232789 0.02725393 0.11700001
v 0.05412342 0.02821680 0.08975791
v 0.05600246 0.01856677 0.11700001
v 0.05873986 0.01564314 0.08975160
v 0.05824639 0.00940013 0.11700001
v 0.06009163 0.00855711 0.08974678
v 0.06063904 0.00136935 0.08974097
v 0.01688834 0.05652747 0.11700001
v 0.02567800 0.05311986 0.11700001
v 0.02693369 0.05249429 0.11700001
v 0.01489975 0.05889298 0.08975119
v 0.00767614 0.05849421 0.11700001
v 0.00000014 0.05899997 0.11699998
v 0.05367639 0.02820295 0.03472499
v 0.05899294 0.01574998 0.06227976
v 0.05757936 0.01552471 0.03475247
v 0.06023117 0.00861354 0.06228533
v 0.05864866 0.00849764 0.03477348
v 0.06072362 0.00138011 0.06229204
v 0.05090441 0.03387801 0.03471715
v 0.04803957 0.03952072 0.06226916
v 0.05464174 0.02853588 0.06227247
v 0.04748913 0.03916813 0.03471253
v 0.04344537 0.04385514 0.03471111
v 0.04385366 0.04427321 0.06226879
v 0.03874798 0.04785656 0.03471285
v 0.03908076 0.04841561 0.06226925
v 0.03350588 0.05117778 0.03471772
v 0.02815326 0.05484043 0.06227267
v -0.01699982 0.05870754 0.06599997
v -0.00876103 0.06026121 0.06599996
v -0.00833211 0.05882369 0.03680788
v -0.01662288 0.05784452 0.04149976
v -0.00789980 0.05718549 0.02224126
v -0.01591925 0.05614207 0.02264306
v -0.02973501 0.05035947 0.01079645
v -0.03067778 0.05195536 0.02234091
v -0.02339826 0.05434976 0.02220599
v -0.03152297 0.05338576 0.04174909
v -0.02401135 0.05557606 0.03663421
v -0.03180818 0.05386771 0.06599998
v -0.02448563 0.05650121 0.06599998
v -0.06084518 0.04521240 0.06600000
v -0.05652277 0.04583911 0.06600000
v -0.05641560 0.04551605 0.05654071
v -0.05124811 0.04706224 0.06599999
v -0.04811738 0.04809392 0.05415138
v -0.06065397 0.04460580 0.05754346
v -0.06499986 0.04384665 0.05587720
v -0.06499986 0.04500000 0.06600001
v -0.06499986 0.04204733 0.04996810
v -0.06043098 0.04254358 0.04920861
v -0.06256167 0.03856802 0.04226551
v -0.06499986 0.03357951 0.03604315
v -0.06499986 0.03686184 0.04018906
v -0.06499986 0.03839683 0.04253335
v -0.04167758 0.04536538 0.01563046
v -0.04842756 0.04190480 0.02162436
v -0.04796324 0.04527686 0.03136201
v -0.05469475 0.03751231 0.02923213
v -0.05213539 0.04312782 0.03478800
v -0.05566869 0.03679394 0.03047629
v -0.05602227 0.04088680 0.03845073
v -0.05850617 0.03505652 0.03348535
v -0.06017212 0.03909330 0.04140588
v -0.06165443 0.03393568 0.03542646
v -0.03445761 0.04819048 0.01073678
v -0.03820537 0.04681572 0.01311826
v -0.03902326 0.04898907 0.02583678
v -0.03492002 0.05268681 0.06599998
v -0.03969882 0.05089723 0.05227882
v -0.03947298 0.05030013 0.03890982
v -0.04811053 0.04718934 0.04255201
v -0.05625449 0.04384961 0.04724384
v -0.05031268 0.04308246 0.09134957
v -0.04633359 0.04484259 0.09416611
v -0.04695330 0.04646686 0.08498026
v -0.03830854 0.04664917 0.10980485
v -0.03000103 0.05080309 0.11700007
v -0.05464296 0.04155967 0.08883220
v -0.05522565 0.03798066 0.09478982
v -0.05023519 0.04003748 0.09835253
v -0.05996279 0.03688777 0.09289671
v -0.05955557 0.04049868 0.08703019
v -0.05531685 0.04387642 0.08145238
v -0.06001292 0.04309848 0.08025398
v -0.06499986 0.04201089 0.08212688
v -0.06499980 0.03836632 0.08951636
v -0.04752086 0.04747559 0.07547447
v -0.03179822 0.05385062 0.06948531
v -0.03132502 0.05304764 0.09101466
v -0.06499980 0.03686184 0.09181094
v -0.06499980 0.03653051 0.09227780
v -0.06499992 0.04424696 0.07419769
v -0.06044946 0.04467599 0.07312532
v -0.05595331 0.04528672 0.07372086
v -0.03070722 0.05200022 0.10475267
v -0.04567407 0.04255608 0.10271508
v -0.04852078 0.03871923 0.10470822
v -0.05909477 0.00000033 0.11595260
v -0.05899976 0.00000038 0.11700008
v -0.05870919 0.00584324 0.11700001
v -0.05944489 0.00000027 0.11475888
v -0.05911247 0.00674071 0.11464831
v -0.06007461 0.00000021 0.11360057
v -0.06044559 0.00609139 0.11263044
v -0.06070982 0.00000017 0.11282688
v -0.06241111 0.00548323 0.11123319
v -0.06222967 0.00000010 0.11168402
v -0.06499992 0.00512509 0.11070716
v -0.06499986 -0.00000000 0.11100000
v -0.06499992 0.02052397 0.10604615
v -0.06499998 0.01381601 0.10882605
v -0.06327973 0.01071158 0.10990839
v -0.06499998 0.01043232 0.10977376
v -0.06499992 0.00858637 0.11017303
v -0.06499992 0.02944298 0.10003044
v -0.06499992 0.02650567 0.10236467
v -0.06079457 0.02995405 0.10035777
v -0.06499992 0.02450841 0.10373950
v -0.06224398 0.02100751 0.10619196
v -0.05708144 0.03096320 0.10175421
v -0.05393009 0.03243462 0.10398912
v -0.05985473 0.02175799 0.10697404
v -0.05136679 0.03426299 0.10666008
v -0.04189483 0.04154195 0.11700001
v -0.03609959 0.04666691 0.11700001
v -0.03770814 0.04537699 0.11700001
v -0.05397723 0.02937682 0.10842285
v -0.04445682 0.03878718 0.11700001
v -0.05440078 0.02282661 0.11700001
v -0.05006675 0.03120784 0.11700001
v -0.05620508 0.02041341 0.11399242
v -0.05370210 0.02677739 0.11343840
v -0.05626063 0.02407161 0.10994743
v -0.05955629 0.01235391 0.11208768
v -0.06057684 0.01169940 0.11112374
v -0.06181930 0.01114369 0.11038140
v -0.05783610 0.02278822 0.10829238
v -0.05702363 0.01513038 0.11700001
v -0.05802016 0.01369715 0.11439740
v -0.05813996 0.01837717 0.11118401
v -0.05938242 0.01740173 0.10992680
v -0.06095384 0.01659974 0.10894368
v -0.06321327 -0.01072662 0.10992190
v -0.06499986 -0.01043221 0.10977407
v -0.06499986 -0.02052412 0.10604698
v -0.05778305 -0.02282289 0.10833797
v -0.05622790 -0.02410396 0.10998851
v -0.05811409 -0.01840148 0.11121579
v -0.06042604 -0.00609899 0.11265130
v -0.03834460 -0.04662984 0.10977250
v -0.03000210 -0.05080253 0.11700010
v -0.03489081 -0.04757778 0.11700001
v -0.06062798 -0.02998640 0.10039586
v -0.06499986 -0.02944319 0.10003085
v -0.05996339 -0.03688748 0.09289656
v -0.06499986 -0.03653045 0.09227786
v -0.05824671 -0.00938762 0.11700001
v -0.05910669 -0.00674412 0.11466169
v -0.05801265 -0.01370452 0.11441232
v -0.05600582 -0.01854477 0.11700001
v -0.05619458 -0.02042468 0.11400989
v -0.05368720 -0.02679242 0.11345939
v -0.05233286 -0.02723613 0.11700001
v -0.05393473 -0.02941653 0.10847510
v -0.04732005 -0.03523539 0.11700001
v -0.05131141 -0.03430883 0.10672473
v -0.04202370 -0.04141155 0.11700001
v -0.04844926 -0.03876938 0.10478595
v -0.04558412 -0.04260783 0.10280566
v -0.06177179 -0.01116120 0.11040352
v -0.06237112 -0.00549220 0.11125131
v -0.05522577 -0.03798071 0.09479042
v -0.05695979 -0.03100774 0.10182113
v -0.05977659 -0.02178954 0.10701257
v -0.05934088 -0.01742826 0.10996094
v -0.05953471 -0.01236990 0.11211257
v -0.06499986 -0.00512485 0.11070723
v -0.06499986 -0.00858640 0.11017323
v -0.05384616 -0.03248447 0.10406450
v -0.05023972 -0.04003476 0.09834857
v -0.06054334 -0.01171737 0.11114950
v -0.06089316 -0.01662468 0.10897257
v -0.06213621 -0.02103340 0.10621240
v -0.06499986 -0.02450876 0.10374018
v -0.04752086 -0.04747558 0.07547465
v -0.04695324 -0.04646682 0.08498061
v -0.05531685 -0.04387636 0.08145266
v -0.06499986 -0.04384665 0.07612280
v -0.06499986 -0.04500000 0.06600001
v -0.06044946 -0.04467597 0.07312545
v -0.06084518 -0.04521243 0.06600000
v -0.05595331 -0.04528671 0.07372101
v -0.05652277 -0.04583913 0.06600000
v -0.05124811 -0.04706229 0.06600001
v -0.06499986 -0.03686184 0.09181094
v -0.05955557 -0.04049851 0.08703054
v -0.05464290 -0.04155952 0.08883260
v -0.05031262 -0.04308234 0.09135002
v -0.04633353 -0.04484249 0.09416662
v -0.03179864 -0.05385121 0.06947351
v -0.03132914 -0.05305331 0.09092583
v -0.03070764 -0.05199894 0.10475273
v -0.06001286 -0.04309840 0.08025424
v -0.06499986 -0.04012909 0.08636311
v -0.03491996 -0.05268696 0.06600000
v -0.03180812 -0.05386772 0.06599998
v -0.03074495 -0.05206916 0.02348126
v -0.03439413 -0.04821494 0.01069501
v -0.02983318 -0.05052561 0.01167843
v -0.06256066 -0.03854423 0.04222560
v -0.06499986 -0.03837273 0.04249396
v -0.06499986 -0.03686184 0.04018906
v -0.04846684 -0.04188237 0.02166257
v -0.05213438 -0.04311148 0.03473348
v -0.05468838 -0.03751636 0.02922443
v -0.05602084 -0.04086689 0.03840341
v -0.05566893 -0.03679350 0.03047640
v -0.06017057 -0.03907041 0.04136431
v -0.05850599 -0.03505725 0.03348354
v -0.06165270 -0.03393543 0.03542648
v -0.06499986 -0.03357945 0.03604301
v -0.06042818 -0.04251128 0.04911453
v -0.06499986 -0.04201291 0.04987811
v -0.03152750 -0.05339354 0.04188488
v -0.03969650 -0.05089258 0.05203775
v -0.05625222 -0.04382244 0.04713859
v -0.04810963 -0.04717269 0.04241996
v -0.04796211 -0.04526366 0.03130064
v -0.04165797 -0.04536780 0.01562598
v -0.06499986 -0.04384665 0.05587720
v -0.06065027 -0.04458185 0.05739275
v -0.05641327 -0.04549821 0.05637269
v -0.04811827 -0.04808676 0.05394210
v -0.03946904 -0.05028882 0.03875711
v -0.03902016 -0.04897997 0.02576409
v -0.03820561 -0.04681607 0.01311769
v -0.06499974 -0.02450876 0.02825982
v -0.06499974 -0.02429597 0.02812249
v -0.06334720 -0.02439366 0.02795330
v -0.05012206 -0.03309633 0.01287978
v -0.04795472 -0.03724471 0.01297693
v -0.05020640 -0.03303415 0.01298747
v -0.05486403 -0.02938136 0.01931431
v -0.05353765 -0.03317630 0.01958981
v -0.05883418 -0.02606825 0.02505277
v -0.06499986 -0.02920744 0.03176660
v -0.05756221 -0.03175380 0.02778084
v -0.06089417 -0.02992378 0.03073231
v -0.06290803 -0.02940056 0.03153873
v -0.04181896 -0.04425205 0.01301746
v -0.04979299 -0.03977046 0.02030913
v -0.04512994 -0.04104121 0.01297783
v -0.05182205 -0.03667952 0.01991628
v -0.05914841 -0.02586668 0.02540190
v -0.06193940 -0.02466053 0.02749106
v -0.05579786 -0.00848241 0.01225446
v -0.05731909 -0.01509696 0.01730121
v -0.05798940 -0.00756372 0.01675466
v -0.05615489 -0.00000002 0.01234080
v -0.06105075 -0.00668926 0.02020412
v -0.06141494 0.00000001 0.01992472
v -0.05822377 -0.00000000 0.01660024
v -0.06293366 -0.00641822 0.02114212
v -0.06436453 0.00000002 0.02096911
v -0.06266991 -0.01284111 0.02250368
v -0.06499992 -0.00910709 0.02193145
v -0.06499986 -0.00000000 0.02100000
v -0.06499986 -0.00687434 0.02152817
v -0.06499992 -0.00858637 0.02182700
v -0.06500003 -0.01698487 0.02432916
v -0.06226931 -0.01902258 0.02467077
v -0.05987970 -0.01983443 0.02321327
v -0.05625198 -0.02247468 0.01819817
v -0.05289130 -0.02526757 0.01264333
v -0.05474828 -0.01694092 0.01237157
v -0.06056295 -0.01336111 0.02139237
v -0.05798940 0.00756376 0.01675466
v -0.05731909 0.01509698 0.01730121
v -0.05474822 0.01694095 0.01237157
v -0.05012278 0.03309599 0.01288044
v -0.05020646 0.03303422 0.01298744
v -0.06056295 0.01336112 0.02139237
v -0.05987970 0.01983443 0.02321327
v -0.05625198 0.02247468 0.01819818
v -0.05289124 0.02526757 0.01264333
v -0.05486409 0.02938137 0.01931428
v -0.05883388 0.02606848 0.02505232
v -0.06334720 0.02439362 0.02795326
v -0.06193952 0.02466047 0.02749106
v -0.06226931 0.01902258 0.02467077
v -0.05914847 0.02586670 0.02540182
v -0.06293366 0.00641825 0.02114212
v -0.06499986 0.00858640 0.02182678
v -0.06266991 0.01284112 0.02250368
v -0.06499986 0.01873695 0.02508635
v -0.06499986 0.02429596 0.02812248
v -0.05579786 0.00848245 0.01225446
v -0.06105075 0.00668929 0.02020412
v -0.06290827 0.02939824 0.03153681
v -0.06089465 0.02992139 0.03073053
v -0.04182414 0.04424777 0.01301736
v -0.05182390 0.03667631 0.01991593
v -0.05756317 0.03175114 0.02777957
v -0.04979615 0.03976622 0.02030849
v -0.06499986 0.02920744 0.03176660
v -0.06499986 0.02450876 0.02825982
v -0.04795597 0.03724274 0.01297693
v -0.05353836 0.03317451 0.01958967
v -0.04513292 0.04103779 0.01297782
v -0.07049987 -0.04500000 0.06600001
v -0.07049987 -0.04384665 0.05587720
v -0.07049987 -0.03686184 0.04018906
v -0.07049987 -0.02450876 0.02825982
v -0.07049987 -0.00858641 0.02182678
v -0.07049987 0.00858640 0.02182678
v -0.07049987 0.02450876 0.02825982
v -0.07049987 0.03686184 0.04018906
v -0.07049987 0.04384665 0.05587720
v -0.07049987 0.04500000 0.06600001
v -0.07049987 -0.03880294 0.08207271
v -0.07049987 -0.03686184 0.09181094
v -0.07049987 -0.02969849 0.09569849
v -0.07049987 -0.02450876 0.10374018
v -0.07049987 -0.01607270 0.10480294
v -0.07049987 -0.00858640 0.11017323
v -0.07049987 -0.00000000 0.10800000
v -0.07049987 0.00858640 0.11017323
v -0.07049987 0.01607270 0.10480294
v -0.07049987 0.02450876 0.10374018
v -0.07049987 0.02969849 0.09569849
v -0.07049987 0.03686184 0.09181094
v -0.07049987 0.03880294 0.08207271
v -0.07049987 0.04384665 0.07612280
v -0.07049987 0.04200000 0.06600001
v -0.07049987 0.03880294 0.04992729
v -0.07049987 0.02969849 0.03630152
v -0.07049987 0.01607270 0.02719706
v -0.07049987 -0.00000000 0.02400000
v -0.07049987 -0.01607270 0.02719706
v -0.07049987 -0.02969849 0.03630152
v -0.07049987 -0.03880294 0.04992729
v -0.07049987 -0.04200000 0.06600001
v -0.07049987 -0.04384665 0.07612280
v -0.07119987 -0.00000000 0.02400000
v -0.07119987 -0.01607270 0.02719706
v -0.07119987 -0.02969849 0.03630152
v -0.07119987 -0.03880294 0.04992729
v -0.07119987 -0.04200000 0.06600001
v -0.07119987 -0.03880294 0.08207271
v -0.07119987 -0.02969849 0.09569849
v -0.07119987 -0.01607270 0.10480294
v -0.07119987 -0.00000000 0.10800000
v -0.07119987 0.03880294 0.08207271
v -0.07119987 0.03686184 0.09181094
v -0.07119987 0.02969849 0.09569849
v -0.07119987 0.02450876 0.10374018
v -0.07119987 0.01607270 0.10480294
v -0.07119987 0.00858640 0.11017323
v -0.07119987 -0.00858640 0.11017323
v -0.07119987 -0.02450876 0.10374018
v -0.07119987 -0.03686184 0.09181094
v -0.07119987 -0.04384665 0.07612280
v -0.07119987 -0.04500000 0.06600001
v -0.07119987 -0.04384665 0.05587720
v -0.07119987 -0.03686184 0.04018906
v -0.07119987 -0.02450876 0.02825982
v -0.07119987 -0.00858641 0.02182678
v -0.07119987 0.00858640 0.02182678
v -0.07119987 0.01607270 0.02719706
v -0.07119987 0.02450876 0.02825982
v -0.07119987 0.02969849 0.03630152
v -0.07119987 0.03686184 0.04018906
v -0.07119987 0.03880294 0.04992729
v -0.07119987 0.04384665 0.05587720
v -0.07119987 0.04200000 0.06600001
v -0.07119987 0.04500000 0.06600001
v -0.07119987 0.04384665 0.07612280
v -0.07519988 0.04500000 0.06600001
v -0.07519988 0.04384665 0.07612280
v -0.07519988 -0.04384665 0.07612280
v -0.07519988 -0.04500000 0.06600001
v -0.07519988 0.04157456 0.08322079
v -0.07519988 0.03686184 0.09181094
v -0.07519988 0.03181981 0.09781981
v -0.07519988 0.02450876 0.10374018
v -0.07519988 0.01722078 0.10757457
v -0.07519988 0.00858640 0.11017323
v -0.07519988 -0.00000000 0.11100000
v -0.07519988 -0.00858640 0.11017323
v -0.07519988 -0.01722076 0.10757458
v -0.07519988 -0.02450876 0.10374018
v -0.07519988 -0.03139983 0.09823431
v -0.07519988 -0.03686184 0.09181094
v -0.07519988 -0.04157456 0.08322081
v -0.07519988 -0.04384665 0.05587720
v -0.07519988 0.04384665 0.05587720
v -0.07519988 -0.04157456 0.04877921
v -0.07519988 -0.03686184 0.04018906
v -0.07519988 -0.03181981 0.03418020
v -0.07519988 -0.02450876 0.02825982
v -0.07519988 -0.01722078 0.02442543
v -0.07519988 -0.00858641 0.02182678
v -0.07519988 -0.00000000 0.02100000
v -0.07519988 0.00858640 0.02182678
v -0.07519988 0.01722076 0.02442542
v -0.07519988 0.02450876 0.02825982
v -0.07519988 0.03139983 0.03376569
v -0.07519988 0.03686184 0.04018906
v -0.07519988 0.04157456 0.04877919
v -0.39790335 0.01587147 0.02761055
v -0.39790419 0.00808618 0.02523935
v -0.50550014 0.00876306 0.02192926
v -0.50550014 0.00857420 0.02189209
v -0.18279515 -0.00000002 0.02433249
v -0.18279795 0.03461953 0.04289043
v -0.18279813 0.02943050 0.03656949
v -0.18279795 0.02310955 0.03138046
v -0.18279742 0.01590982 0.02751676
v -0.18279646 0.00810565 0.02513963
v -0.23658352 -0.00000001 0.02582023
v -0.18279509 0.04166751 0.06600000
v -0.39790335 0.03838944 0.05012852
v -0.50550014 0.04378179 0.05589255
v -0.39790419 0.04076065 0.05791380
v -0.50550014 0.04407073 0.05723692
v -0.50550002 0.04493836 0.06600001
v -0.39790252 0.02935909 0.03664089
v -0.50550002 0.03680344 0.04023094
v -0.39790276 0.03453533 0.04294632
v -0.50550002 0.03735804 0.04104165
v -0.50550002 0.04151494 0.04880876
v -0.50550002 0.01719121 0.02448505
v -0.50550002 0.02447045 0.02832043
v -0.39790276 0.02305366 0.03146466
v -0.50550002 0.02495833 0.02864195
v -0.50550002 0.03177071 0.03422927
v -0.50550002 -0.00000000 0.02106175
v -0.39790550 -0.00000002 0.02443423
v -0.34412888 0.00781505 0.02666697
v -0.34412840 0.01533402 0.02895036
v -0.34412804 0.02226566 0.03266339
v -0.34412792 0.02834719 0.03765279
v -0.34412804 0.03333660 0.04373432
v -0.34412840 0.03704963 0.05066596
v -0.34412888 0.03933302 0.05818493
v -0.29035929 0.03873879 0.05829394
v -0.29035929 0.03649346 0.05088381
v -0.29035929 0.03284108 0.04405616
v -0.29035929 0.02793119 0.03806879
v -0.29035929 0.02194382 0.03315891
v -0.29035929 0.01511616 0.02950653
v -0.29035929 0.00770603 0.02726120
v -0.34412947 -0.00000001 0.02589198
v -0.23658411 0.03940325 0.05817188
v -0.23658471 0.03711542 0.05063998
v -0.23658495 0.03339530 0.04369604
v -0.23658507 0.02839657 0.03760342
v -0.23658495 0.02230394 0.03260469
v -0.23658471 0.01536000 0.02888457
v -0.23658411 0.00782809 0.02659675
v -0.29035929 -0.00000001 0.02649936
v -0.18279646 0.04086037 0.05789432
v -0.18279742 0.03848324 0.05009016
v -0.39790550 0.04156577 0.06600000
v -0.34412947 0.04010801 0.06600000
v -0.29035929 0.03950064 0.06600001
v -0.23658340 0.04017977 0.06600000
v -0.51049989 0.00857471 0.02188693
v -0.50550002 -0.04493836 0.06600001
v -0.51049989 -0.04493872 0.06600001
v -0.50550002 -0.04407073 0.05723692
v -0.51049989 -0.04378694 0.05589099
v -0.50550002 -0.04378179 0.05589255
v -0.51049989 -0.03681165 0.04022421
v -0.50549990 -0.03680343 0.04023094
v -0.50549990 -0.03735805 0.04104166
v -0.50549990 -0.04151494 0.04880878
v -0.51049989 -0.02447538 0.02831122
v -0.50549990 -0.02447045 0.02832043
v -0.50549990 -0.02495835 0.02864196
v -0.50549990 -0.03177072 0.03422929
v -0.51049989 -0.00857471 0.02188693
v -0.50550002 -0.00857420 0.02189209
v -0.50550002 -0.00876309 0.02192927
v -0.50549990 -0.01719124 0.02448506
v -0.51049989 0.02447538 0.02831122
v -0.51049989 0.03681165 0.04022421
v -0.51049989 0.04378694 0.05589099
v -0.51049989 0.04493872 0.06600001
v -0.51049989 -0.03972682 0.08245539
v -0.51049989 -0.03681165 0.09177580
v -0.51049989 -0.03040559 0.09640560
v -0.51049989 -0.02447538 0.10368878
v -0.51049989 -0.01645539 0.10572682
v -0.51049989 -0.00857471 0.11011307
v -0.51049989 -0.00000000 0.10900000
v -0.51049989 0.00857471 0.11011307
v -0.51049989 0.01645539 0.10572682
v -0.51049989 0.02447538 0.10368878
v -0.51049989 0.03040559 0.09640560
v -0.51049989 0.03681165 0.09177580
v -0.51049989 0.03972682 0.08245539
v -0.51049989 0.04378694 0.07610901
v -0.51049989 0.04300000 0.06600001
v -0.51049989 0.03972682 0.04954461
v -0.51049989 0.03040559 0.03559441
v -0.51049989 0.01645539 0.02627318
v -0.51049989 -0.00000000 0.02300000
v -0.51049989 -0.01645539 0.02627318
v -0.51049989 -0.03040559 0.03559441
v -0.51049989 -0.03972682 0.04954461
v -0.51049989 -0.04300000 0.06600001
v -0.51049989 -0.04378694 0.07610901
v -0.50550014 -0.00876306 0.11007074
v -0.50550014 -0.00857420 0.11010791
v -0.50550002 0.04407073 0.07476307
v -0.50550002 0.04378179 0.07610745
v -0.50549990 0.03680343 0.09176906
v -0.50549990 0.03735805 0.09095834
v -0.50549990 0.04151494 0.08319122
v -0.50549990 0.02447045 0.10367958
v -0.50549990 0.02495835 0.10335804
v -0.50549990 0.03177072 0.09777071
v -0.50550002 0.00857420 0.11010791
v -0.50550002 0.00876309 0.11007073
v -0.50549990 0.01719124 0.10751494
v -0.50550002 -0.00000000 0.11093825
v -0.50550002 -0.01719121 0.10751496
v -0.50550002 -0.02447045 0.10367958
v -0.50550002 -0.03735804 0.09095836
v -0.50550002 -0.03680344 0.09176906
v -0.50550002 -0.03177071 0.09777073
v -0.50550002 -0.02495833 0.10335806
v -0.50550002 -0.04151494 0.08319124
v -0.50550014 -0.04378179 0.07610745
v -0.50550014 -0.04407073 0.07476309
v -0.39790419 0.00808621 0.10676065
v -0.18279652 0.04086037 0.07410567
v -0.18279801 0.03461954 0.08910956
v -0.18279819 0.02943051 0.09543050
v -0.18279801 0.02310957 0.10061953
v -0.18279742 0.01590984 0.10448323
v -0.18279652 0.00810569 0.10686037
v -0.23658507 0.03339531 0.08830395
v -0.23658507 0.02839658 0.09439658
v -0.29035929 0.03284109 0.08794384
v -0.29035941 0.02793120 0.09393120
v -0.34412804 0.03333661 0.08826566
v -0.34412792 0.02834721 0.09434720
v -0.39790276 0.03453533 0.08905367
v -0.39790252 0.02935911 0.09535910
v -0.23658507 0.02230396 0.09939530
v -0.29035929 0.02194384 0.09884109
v -0.34412804 0.02226568 0.09933660
v -0.39790276 0.02305368 0.10053533
v -0.18279515 0.00000001 0.10766751
v -0.23658423 0.00782812 0.10540325
v -0.23658352 0.00000001 0.10617977
v -0.29035929 0.00770606 0.10473879
v -0.29035929 0.00000001 0.10550065
v -0.34412876 0.00781508 0.10533302
v -0.34412947 0.00000001 0.10610802
v -0.39790550 0.00000001 0.10756578
v -0.23658423 0.03940325 0.07382811
v -0.29035929 0.03873879 0.07370605
v -0.34412876 0.03933302 0.07381507
v -0.39790419 0.04076065 0.07408620
v -0.18279742 0.03848324 0.08190983
v -0.23658471 0.03711542 0.08136002
v -0.29035929 0.03649347 0.08111618
v -0.34412828 0.03704964 0.08133403
v -0.39790323 0.03838944 0.08187148
v -0.23658471 0.01536003 0.10311542
v -0.29035929 0.01511619 0.10249346
v -0.34412828 0.01533405 0.10304964
v -0.39790323 0.01587149 0.10438944
v -0.39790335 -0.01587147 0.10438945
v -0.39790419 -0.00808618 0.10676066
v -0.18279795 -0.03461953 0.08910958
v -0.18279813 -0.02943050 0.09543052
v -0.18279795 -0.02310955 0.10061955
v -0.18279736 -0.01590982 0.10448325
v -0.18279640 -0.00810565 0.10686038
v -0.18279509 -0.04166751 0.06600001
v -0.39790335 -0.03838944 0.08187149
v -0.39790419 -0.04076065 0.07408621
v -0.39790252 -0.02935909 0.09535912
v -0.39790276 -0.03453532 0.08905368
v -0.39790276 -0.02305366 0.10053534
v -0.34412888 -0.00781505 0.10533303
v -0.34412840 -0.01533402 0.10304964
v -0.34412804 -0.02226566 0.09933662
v -0.34412792 -0.02834719 0.09434722
v -0.34412804 -0.03333660 0.08826568
v -0.34412840 -0.03704963 0.08133405
v -0.34412888 -0.03933302 0.07381508
v -0.29035929 -0.03873879 0.07370606
v -0.29035929 -0.03649346 0.08111618
v -0.29035929 -0.03284108 0.08794384
v -0.29035929 -0.02793119 0.09393121
v -0.29035929 -0.02194382 0.09884110
v -0.29035929 -0.01511616 0.10249347
v -0.29035929 -0.00770603 0.10473880
v -0.23658411 -0.03940325 0.07382812
v -0.23658471 -0.03711542 0.08136003
v -0.23658495 -0.03339530 0.08830397
v -0.23658507 -0.02839657 0.09439659
v -0.23658495 -0.02230394 0.09939532
v -0.23658471 -0.01536001 0.10311543
v -0.23658411 -0.00782809 0.10540325
v -0.18279640 -0.04086037 0.07410568
v -0.18279736 -0.03848324 0.08190984
v -0.39790550 -0.04156577 0.06600001
v -0.34412947 -0.04010801 0.06600001
v -0.29035929 -0.03950064 0.06600000
v -0.23658340 -0.04017977 0.06600001
v -0.39790419 -0.00808622 0.02523936
v -0.18279652 -0.04086037 0.05789433
v -0.18279801 -0.03461954 0.04289044
v -0.18279819 -0.02943051 0.03656950
v -0.18279801 -0.02310957 0.03138047
v -0.18279742 -0.01590984 0.02751677
v -0.18279652 -0.00810569 0.02513964
v -0.23658507 -0.03339531 0.04369605
v -0.23658507 -0.02839658 0.03760343
v -0.29035929 -0.03284109 0.04405617
v -0.29035929 -0.02793120 0.03806881
v -0.34412804 -0.03333661 0.04373433
v -0.34412792 -0.02834721 0.03765281
v -0.39790276 -0.03453533 0.04294634
v -0.39790252 -0.02935911 0.03664090
v -0.23658507 -0.02230396 0.03260470
v -0.29035929 -0.02194384 0.03315892
v -0.34412804 -0.02226568 0.03266340
v -0.39790276 -0.02305368 0.03146468
v -0.23658423 -0.00782813 0.02659675
v -0.29035929 -0.00770606 0.02726121
v -0.34412876 -0.00781509 0.02666698
v -0.23658423 -0.03940325 0.05817189
v -0.29035929 -0.03873879 0.05829395
v -0.34412876 -0.03933302 0.05818493
v -0.39790419 -0.04076065 0.05791380
v -0.18279742 -0.03848324 0.05009018
v -0.23658471 -0.03711542 0.05063999
v -0.29035929 -0.03649347 0.05088383
v -0.34412828 -0.03704964 0.05066597
v -0.39790323 -0.03838944 0.05012853
v -0.23658471 -0.01536003 0.02888458
v -0.29035929 -0.01511619 0.02950654
v -0.34412828 -0.01533405 0.02895037
v -0.39790323 -0.01587149 0.02761056
v -0.51099986 -0.00000000 0.10900000
v -0.51099986 0.01645539 0.10572682
v -0.51099986 0.03040559 0.09640560
v -0.51099986 0.03972682 0.08245539
v -0.51099986 0.04300000 0.06600001
v -0.51099986 0.03972682 0.04954461
v -0.51099986 0.03040559 0.03559441
v -0.51099986 0.01645539 0.02627318
v -0.51099986 -0.00000000 0.02300000
v -0.51099986 -0.01645539 0.02627318
v -0.51099986 -0.03040559 0.03559441
v -0.51099986 -0.03972682 0.04954461
v -0.51099986 -0.04300000 0.06600001
v -0.51099986 -0.03972682 0.08245539
v -0.51099986 -0.03040559 0.09640560
v -0.51099986 -0.01645539 0.10572682
v -0.51099986 -0.04277157 0.05201455
v -0.51099986 -0.04144977 0.04848095
v -0.51099986 -0.02678512 0.10216016
v -0.51099986 -0.01721414 0.10757731
v -0.51099986 -0.01405056 0.10875022
v -0.51099986 -0.04186293 0.08250742
v -0.51099986 -0.03668425 0.09206274
v -0.51099986 -0.03221726 0.09741733
v -0.51099986 0.01721414 0.10757731
v -0.51099986 0.01299548 0.10908267
v -0.51099986 0.00851948 0.11018617
v -0.51099986 0.00000005 0.11100000
v -0.51099986 -0.00851948 0.11018617
v -0.51099986 0.02583828 0.10284268
v -0.51099986 0.03221726 0.09741733
v -0.51099986 -0.01684222 0.02427068
v -0.51099986 -0.02650097 0.02963111
v -0.51099986 -0.03143320 0.03379824
v -0.51099986 0.04425615 0.07414822
v -0.51099986 0.04500002 0.06600016
v -0.51099986 0.04406040 0.05685226
v -0.51099986 0.04260512 0.05151540
v -0.51099986 0.04132282 0.04818357
v -0.51099986 0.03579325 0.03872653
v -0.51099986 0.03128323 0.03365253
v -0.51099986 0.00836477 0.02178431
v -0.51099986 -0.00000002 0.02100003
v -0.51099986 -0.00841627 0.02179408
v -0.51099986 -0.01398918 0.02322970
v -0.51099986 -0.03646677 0.03963384
v -0.51099986 0.04274644 0.08006205
v -0.51099986 0.03782251 0.09038151
v -0.51099986 0.03603509 0.09295316
v -0.51099986 0.01395388 0.02321817
v -0.51099986 0.02446140 0.02822915
v -0.51099986 0.02644324 0.02958911
v -0.51099986 -0.04287748 0.07965729
v -0.51099986 -0.04425615 0.07414822
v -0.51099986 -0.04500000 0.06600001
v -0.51099986 -0.04413665 0.05722755
v -0.52229947 0.01000459 0.11480883
v -0.52544016 0.01974272 0.11388160
v -0.52708024 0.02053534 0.11611893
v -0.52809197 0.02475549 0.11306237
v -0.55015880 0.04527957 0.06600012
v -0.56299990 0.04613750 0.06600000
v -0.56225866 0.04599679 0.07961638
v -0.53696519 0.04495820 0.06600011
v -0.51500851 0.00894194 0.11057664
v -0.51471001 -0.00000002 0.11136156
v -0.52345961 0.01035685 0.11661898
v -0.52229267 -0.00000003 0.11670051
v -0.52159327 -0.00000004 0.11547305
v -0.52264255 -0.00000003 0.11789861
v -0.52327329 0.00718420 0.11849672
v -0.52270573 -0.00000000 0.11850000
v -0.52819020 0.02168355 0.11829455
v -0.52509409 0.01457345 0.11846171
v -0.52434474 0.01212694 0.11848252
v -0.52398580 0.01074082 0.11848931
v -0.54277068 0.04006639 0.10253480
v -0.54514712 0.04176047 0.09800609
v -0.55507773 0.04407167 0.10321393
v -0.56065184 0.04565466 0.08888286
v -0.56013185 0.04553369 0.09093060
v -0.54816872 0.04384483 0.08825501
v -0.55836946 0.04508412 0.09637652
v -0.55586725 0.04433596 0.10183351
v -0.53673345 0.04434339 0.07626793
v -0.52383000 0.04416595 0.07511625
v -0.52378947 0.04494949 0.06600013
v -0.53211874 0.02775405 0.11784879
v -0.53169483 0.02982806 0.11176164
v -0.53687984 0.03307722 0.11686694
v -0.53564769 0.03413896 0.10971598
v -0.54241091 0.03762999 0.11488360
v -0.53949457 0.03755243 0.10664076
v -0.54701692 0.04050618 0.11219864
v -0.55133897 0.04262400 0.10831098
v -0.51821977 0.02589646 0.10419410
v -0.51953024 0.02950380 0.10166869
v -0.52773124 0.03133618 0.10491847
v -0.52515906 0.02744354 0.10717441
v -0.52277094 0.02301220 0.10893305
v -0.51605088 0.01771477 0.10816105
v -0.51822001 -0.00000005 0.11264671
v -0.51887029 0.00941833 0.11206601
v -0.52098364 0.01852500 0.11028636
v -0.53019434 0.03464509 0.10199708
v -0.52074534 0.03272741 0.09875064
v -0.53226930 0.03736622 0.09838340
v -0.52173680 0.03558030 0.09541954
v -0.53376979 0.03948462 0.09442456
v -0.52243787 0.03802192 0.09180794
v -0.53569824 0.04253639 0.08578096
v -0.52333564 0.04182066 0.08386642
v -0.52522510 0.01696718 0.01002290
v -0.52770013 0.02284943 0.01009410
v -0.52547807 0.02070903 0.01545163
v -0.52096623 -0.00000010 0.01576395
v -0.52268654 -0.00000000 0.01000000
v -0.52270144 0.00145933 0.01000005
v -0.52256078 0.01092359 0.01468997
v -0.51963407 0.00996536 0.01883795
v -0.51903290 -0.00000020 0.01826387
v -0.51717085 -0.00000026 0.01968510
v -0.51552564 0.00911714 0.02128230
v -0.51535422 -0.00000031 0.02046740
v -0.51811951 0.02506959 0.02702500
v -0.51919454 0.02843667 0.02918930
v -0.52035671 0.03160696 0.03179349
v -0.52137953 0.03452256 0.03492088
v -0.52214938 0.03711500 0.03848012
v -0.52312201 0.04128324 0.04659092
v -0.52363056 0.04397951 0.05578651
v -0.56226569 0.04600348 0.05288052
v -0.54605216 0.04273194 0.03546970
v -0.56016308 0.04560662 0.04103824
v -0.54761082 0.04369060 0.04109854
v -0.54951149 0.04487694 0.05282995
v -0.52821368 0.02382342 0.01011704
v -0.53247219 0.03018499 0.01045795
v -0.52765363 0.02511427 0.01606248
v -0.53715986 0.03501006 0.01128544
v -0.53031772 0.02925134 0.01691316
v -0.54132849 0.03817554 0.01272396
v -0.53361660 0.03318776 0.01830509
v -0.54582614 0.04081081 0.01542895
v -0.53744107 0.03672338 0.02091292
v -0.54988629 0.04265416 0.01927129
v -0.54105979 0.03947580 0.02502051
v -0.55374354 0.04401039 0.02465959
v -0.54392272 0.04139656 0.03003999
v -0.55701834 0.04491124 0.03128036
v -0.52348775 0.01002133 0.01000301
v -0.52387148 0.01201416 0.01000480
v -0.52393919 0.01232530 0.01000522
v -0.53662306 0.04422824 0.05445328
v -0.53550428 0.04218260 0.04418730
v -0.53330070 0.03881624 0.03486713
v -0.53157181 0.03649278 0.03072234
v -0.52935249 0.03362131 0.02723243
v -0.52695400 0.03029446 0.02470933
v -0.52483326 0.02672805 0.02296286
v -0.52160615 0.01896601 0.02045873
v -0.51646513 0.01764123 0.02356852
v -0.56136948 -0.04583932 0.04673001
v -0.55879325 -0.04532105 0.03617451
v -0.54770499 -0.04374849 0.04150954
v -0.56275660 -0.04609164 0.05835800
v -0.56212026 -0.04597720 0.05167302
v -0.54956192 -0.04490897 0.05333352
v -0.53665203 -0.04428598 0.05489988
v -0.53696519 -0.04495820 0.06599995
v -0.55015880 -0.04527957 0.06599993
v -0.52364403 -0.04405638 0.05618986
v -0.52378947 -0.04494949 0.06599999
v -0.51648110 -0.01773635 0.02360337
v -0.51552886 -0.00917112 0.02129192
v -0.52257234 -0.01098597 0.01469288
v -0.52412599 -0.01313553 0.01000663
v -0.52325422 -0.00852569 0.01000202
v -0.51964170 -0.01002294 0.01884477
v -0.53376991 -0.03334688 0.01838476
v -0.53468090 -0.03267017 0.01076743
v -0.53042370 -0.02939561 0.01695061
v -0.53064257 -0.02775851 0.01027674
v -0.53762442 -0.03687398 0.02107683
v -0.54387826 -0.03975394 0.01408199
v -0.53949219 -0.03688137 0.01198373
v -0.54123455 -0.03959875 0.02527295
v -0.54822189 -0.04195375 0.01750714
v -0.54500574 -0.04038030 0.01482562
v -0.54616970 -0.04280451 0.03583296
v -0.55540031 -0.04449168 0.02770488
v -0.54406899 -0.04149007 0.03035613
v -0.55211169 -0.04347940 0.02212564
v -0.55020243 -0.04277891 0.01963909
v -0.56299990 -0.04613750 0.06600000
v -0.53556019 -0.04227764 0.04454070
v -0.52314705 -0.04140655 0.04690326
v -0.52218813 -0.03725906 0.03870408
v -0.53338856 -0.03893929 0.03512855
v -0.52142733 -0.03467033 0.03510202
v -0.52490228 -0.02685837 0.02301708
v -0.51815504 -0.02519346 0.02709669
v -0.52705127 -0.03043992 0.02479623
v -0.51924282 -0.02857333 0.02928818
v -0.52946597 -0.03376976 0.02737783
v -0.52041012 -0.03175232 0.03193090
v -0.53167802 -0.03663133 0.03093155
v -0.52163774 -0.01906561 0.02048349
v -0.52772552 -0.02524097 0.01608367
v -0.52552468 -0.02081797 0.01546420
v -0.52680606 -0.02099085 0.01006186
v -0.52345437 -0.01035460 0.11660760
v -0.52326769 -0.00714951 0.11849682
v -0.51493782 -0.00893407 0.11056071
v -0.51596111 -0.01770339 0.10813729
v -0.51809317 -0.02587681 0.10415873
v -0.51938111 -0.02948144 0.10162872
v -0.52057439 -0.03270483 0.09870925
v -0.52154738 -0.03555991 0.09538048
v -0.52223486 -0.03800609 0.09177205
v -0.52311498 -0.04181437 0.08383784
v -0.52359992 -0.04416566 0.07509784
v -0.56228608 -0.04600220 0.07938201
v -0.53657883 -0.04433915 0.07625271
v -0.53554994 -0.04252398 0.08575454
v -0.54809457 -0.04383564 0.08823884
v -0.56013232 -0.04553376 0.09093073
v -0.56051415 -0.04562309 0.08945429
v -0.55818814 -0.04503426 0.09684544
v -0.54507989 -0.04174544 0.09798261
v -0.55586785 -0.04433610 0.10183382
v -0.55505008 -0.04406215 0.10326075
v -0.54270905 -0.04004862 0.10250758
v -0.55143613 -0.04266589 0.10820322
v -0.53944057 -0.03753304 0.10661023
v -0.54706401 -0.04053210 0.11216497
v -0.53560275 -0.03411989 0.10968413
v -0.54241115 -0.03763014 0.11488380
v -0.53165883 -0.02981149 0.11173064
v -0.53750259 -0.03366352 0.11669504
v -0.52806395 -0.02474313 0.11303382
v -0.53266054 -0.02844890 0.11776368
v -0.52707225 -0.02053020 0.11610521
v -0.52805108 -0.02142420 0.11830544
v -0.52875549 -0.02269819 0.11824771
v -0.52398580 -0.01074082 0.11848947
v -0.52434474 -0.01212695 0.11848266
v -0.52524740 -0.01502000 0.11845665
v -0.52228254 -0.01000066 0.11478873
v -0.52541739 -0.01973407 0.11385618
v -0.51882547 -0.00941211 0.11204102
v -0.52092606 -0.01851312 0.11025202
v -0.52270323 -0.02299531 0.10889256
v -0.52507764 -0.02742001 0.10712827
v -0.52763444 -0.03130808 0.10486921
v -0.53008217 -0.03461549 0.10194877
v -0.53214365 -0.03733846 0.09833995
v -0.53363413 -0.03946141 0.09438688
v -0.52464586 -0.01205873 0.12450000
v -0.56799990 -0.04613744 0.04079954
v -0.56799990 -0.04623187 0.08687460
v -0.56185597 -0.04573693 0.09313793
v -0.56199187 -0.04459694 0.12450000
v -0.56799990 -0.04499997 0.12450000
v -0.52299994 -0.00000000 0.12450000
v -0.52913576 -0.02268414 0.12450000
v -0.53236359 -0.02747809 0.12450000
v -0.53617924 -0.03181892 0.12450000
v -0.54051775 -0.03563306 0.12450000
v -0.54530889 -0.03886010 0.12450000
v -0.55568284 -0.04328138 0.12450000
v -0.56180578 -0.04562351 0.03027707
v -0.56799990 -0.04578064 0.02346225
v -0.55943221 -0.04505862 0.01890615
v -0.55537850 -0.04423433 0.01675138
v -0.54463273 -0.04006503 0.01103879
v -0.55105811 -0.04294062 0.01445426
v -0.54355758 -0.03945529 0.01046669
v -0.53766924 -0.03527640 0.00733564
v -0.53264016 -0.03006540 0.00466213
v -0.52884156 -0.02431820 0.00264159
v -0.52330989 -0.00023473 -0.00030020
v -0.52330953 -0.00011739 -0.00030006
v -0.52330941 -0.00000000 -0.00029992
v -0.52826303 -0.02321832 0.00233356
v -0.52582282 -0.01736156 0.00103789
v -0.52445430 -0.01223782 0.00031247
v -0.52398270 -0.00959638 0.00006036
v -0.57658023 -0.04527317 0.02802255
v -0.60510391 -0.02848626 0.07370272
v -0.59886771 -0.03542344 0.03987411
v -0.60109955 -0.03309783 0.07370278
v -0.59237915 -0.03996213 0.03642423
v -0.59246176 -0.03980861 0.07370257
v -0.58499378 -0.04328790 0.03249923
v -0.58664721 -0.04273695 0.07370222
v -0.58053285 -0.04479281 0.07370173
v -0.57410949 -0.04599967 0.07370107
v -0.60826510 -0.02393816 0.04487183
v -0.60558289 -0.02813222 0.04344545
v -0.60859197 -0.02334736 0.04504568
v -0.60506839 -0.02882935 0.04317194
v -0.60425502 -0.02987481 0.04273945
v -0.60843235 -0.02338308 0.07370251
v -0.61288184 -0.01218472 0.07370170
v -0.61171943 -0.01616925 0.04670686
v -0.61402053 -0.00593094 0.07370105
v -0.61360615 -0.00840408 0.04771309
v -0.61262959 -0.00575953 0.12450000
v -0.61299986 0.00000000 0.12450000
v -0.61435741 -0.00000000 0.07370030
v -0.57393306 -0.04460696 0.12450000
v -0.58017141 -0.04332251 0.12450000
v -0.58606917 -0.04121284 0.12450000
v -0.59161681 -0.03830452 0.12450000
v -0.59982055 -0.03181893 0.12450000
v -0.60366899 -0.02743548 0.12450000
v -0.60691804 -0.02259118 0.12450000
v -0.61141580 -0.01183399 0.12450000
v -0.61424261 -0.00000000 0.04804983
v -0.60781235 -0.02372031 0.00934667
v -0.60826284 -0.02393024 0.04338778
v -0.61255509 -0.01325667 0.04339067
v -0.61381322 -0.00648701 0.04339334
v -0.57430691 -0.04225008 -0.01950000
v -0.56799990 -0.04250001 -0.01950002
v -0.56799990 -0.04485330 0.00195617
v -0.61049992 -0.00000000 -0.01950002
v -0.61036974 -0.00464412 -0.01950001
v -0.61200398 -0.00635671 -0.00508729
v -0.61296958 -0.00643747 0.00936350
v -0.61349231 -0.00000000 0.01421435
v -0.61228818 -0.00000000 -0.00507471
v -0.57454938 -0.04495817 0.00936335
v -0.58134907 -0.04379421 0.00935518
v -0.59189826 -0.03971557 0.00934657
v -0.60096759 -0.03296588 0.00934376
v -0.60472804 -0.02858491 0.00934449
v -0.61025900 -0.00619970 -0.01950000
v -0.60810465 -0.01718884 -0.01949998
v -0.61096567 -0.01294806 -0.00509800
v -0.60579330 -0.02269549 -0.01949998
v -0.60712141 -0.02337255 -0.00510957
v -0.61184675 -0.01313179 0.00935541
v -0.60247475 -0.02799990 -0.01949997
v -0.59345847 -0.03622332 -0.01949997
v -0.59946698 -0.03146540 -0.01949997
v -0.57446700 -0.04399355 -0.00508749
v -0.58116192 -0.04291656 -0.00509830
v -0.58219653 -0.04097432 -0.01949999
v -0.59154779 -0.03902810 -0.00510971
v -0.59086519 -0.03770563 -0.01949998
v -0.52668875 -0.01274483 -0.01949999
v -0.55444127 -0.04335769 0.00206198
v -0.56133622 -0.04453588 0.00207251
v -0.52851027 -0.02365267 0.00205147
v -0.53153807 -0.02844763 0.00204873
v -0.53523570 -0.03276241 0.00204782
v -0.54400057 -0.03930083 0.00205122
v -0.53024298 -0.02276620 -0.01949998
v -0.52420706 -0.00000000 -0.00990491
v -0.52574712 -0.00627587 -0.01950000
v -0.52549988 -0.00000000 -0.01950002
v -0.56155056 -0.04223777 -0.01950000
v -0.55492014 -0.04123804 -0.01949999
v -0.54490119 -0.03758325 -0.01949997
v -0.53653282 -0.03146540 -0.01949997
v -0.53305215 -0.02735800 -0.01949997
v -0.56133622 0.04453588 0.00207251
v -0.56799990 0.04485330 0.00195616
v -0.56799990 0.04578064 0.02346225
v -0.56155056 0.04223777 -0.01950000
v -0.56799990 0.04250001 -0.01950002
v -0.54400057 0.03930083 0.00205122
v -0.53766924 0.03527640 0.00733564
v -0.53523570 0.03276241 0.00204782
v -0.53264016 0.03006541 0.00466213
v -0.53153807 0.02844763 0.00204873
v -0.52884156 0.02431820 0.00264159
v -0.52851027 0.02365267 0.00205147
v -0.52826303 0.02321832 0.00233356
v -0.52582282 0.01736155 0.00103789
v -0.55943221 0.04505862 0.01890615
v -0.55105811 0.04294062 0.01445426
v -0.55444127 0.04335769 0.00206198
v -0.54463273 0.04006503 0.01103879
v -0.54355758 0.03945529 0.01046669
v -0.55492014 0.04123804 -0.01949999
v -0.54490119 0.03758325 -0.01949997
v -0.53653282 0.03146540 -0.01949997
v -0.53305215 0.02735800 -0.01949997
v -0.53024298 0.02276620 -0.01949998
v -0.52668875 0.01274483 -0.01949999
v -0.52445430 0.01223781 0.00031247
v -0.52574712 0.00627586 -0.01950000
v -0.52398270 0.00959638 0.00006036
v -0.52330989 0.00023473 -0.00030020
v -0.52330953 0.00011739 -0.00030006
v -0.61285275 0.01221807 0.04730896
v -0.61171943 0.01616925 0.04670686
v -0.61255509 0.01325667 0.04339067
v -0.60558289 0.02813222 0.04344545
v -0.60826284 0.02393024 0.04338778
v -0.60826510 0.02393816 0.04487183
v -0.57454938 0.04495817 0.00936335
v -0.57658023 0.04527317 0.02802255
v -0.58134907 0.04379421 0.00935518
v -0.58499378 0.04328790 0.03249923
v -0.59189826 0.03971557 0.00934657
v -0.59237915 0.03996213 0.03642423
v -0.59886771 0.03542344 0.03987411
v -0.60096759 0.03296588 0.00934376
v -0.60425502 0.02987481 0.04273945
v -0.60472804 0.02858491 0.00934449
v -0.60859197 0.02334736 0.04504568
v -0.61360615 0.00840408 0.04771309
v -0.61381322 0.00648700 0.04339334
v -0.61200398 0.00635671 -0.00508729
v -0.61025900 0.00619970 -0.01950000
v -0.57264405 0.04236988 -0.01950001
v -0.57446700 0.04399355 -0.00508749
v -0.61184675 0.01313179 0.00935541
v -0.61296958 0.00643747 0.00936350
v -0.61096567 0.01294806 -0.00509800
v -0.60897416 0.01419660 -0.01949999
v -0.60712141 0.02337255 -0.00510957
v -0.60579330 0.02269549 -0.01949998
v -0.60781235 0.02372031 0.00934667
v -0.60506839 0.02882935 0.04317194
v -0.57430691 0.04225008 -0.01950000
v -0.58518869 0.04010481 -0.01949998
v -0.58116192 0.04291656 -0.00509831
v -0.59086519 0.03770563 -0.01949998
v -0.59154779 0.03902810 -0.00510971
v -0.59599978 0.03447486 -0.01949997
v -0.59946698 0.03146540 -0.01949997
v -0.60422319 0.02545856 -0.01949997
v -0.56799990 0.04613744 0.04079954
v -0.56799990 0.04623187 0.08687460
v -0.61288184 0.01218471 0.07370169
v -0.61402053 0.00593094 0.07370105
v -0.60843235 0.02338308 0.07370251
v -0.60510391 0.02848626 0.07370272
v -0.58664721 0.04273695 0.07370222
v -0.59246176 0.03980861 0.07370257
v -0.60109955 0.03309783 0.07370278
v -0.58053285 0.04479281 0.07370173
v -0.57410949 0.04599967 0.07370107
v -0.61262959 0.00575953 0.12450000
v -0.61075121 0.01404666 0.12450000
v -0.60691804 0.02259118 0.12450000
v -0.60422176 0.02670141 0.12450000
v -0.59982055 0.03181893 0.12450000
v -0.59470135 0.03622190 0.12450000
v -0.59161681 0.03830452 0.12450000
v -0.58204466 0.04275198 0.12450000
v -0.56799990 0.04499997 0.12450000
v -0.57393306 0.04460696 0.12450000
v -0.56185597 0.04573692 0.09313793
v -0.56180578 0.04562351 0.03027707
v -0.55568284 0.04328138 0.12450000
v -0.56199187 0.04459694 0.12450000
v -0.52913576 0.02268414 0.12450000
v -0.53236359 0.02747808 0.12450000
v -0.53617924 0.03181892 0.12450000
v -0.54051775 0.03563306 0.12450000
v -0.54530889 0.03886010 0.12450000
v -0.52464586 0.01205873 0.12450000
v -0.56799990 -0.04050000 -0.01950000
v -0.55531532 -0.03927714 -0.01950001
v -0.55404109 -0.03897141 -0.01950001
v -0.54193980 0.03341920 -0.01950001
v -0.54976135 0.03760253 -0.01950001
v -0.55265743 0.03858908 -0.01950001
v -0.56110841 0.04018794 -0.01950000
v -0.56799990 0.04050000 -0.01950000
v -0.57489139 -0.04018794 -0.01950000
v -0.58334237 -0.03858908 -0.01950001
v -0.58623844 -0.03760253 -0.01950001
v -0.59406000 -0.03341920 -0.01950001
v -0.59594494 -0.03197096 -0.01950001
v -0.60222477 -0.02487402 -0.01950001
v -0.60316306 -0.02334207 -0.01950001
v -0.60697132 -0.01395868 -0.01950001
v -0.60724980 -0.01280565 -0.01950001
v -0.60849994 -0.00000000 -0.01950000
v -0.52749985 -0.00000000 -0.01950000
v -0.52875000 0.01280565 -0.01950001
v -0.52902848 0.01395868 -0.01950001
v -0.53283662 0.02334207 -0.01950001
v -0.53377491 0.02487402 -0.01950001
v -0.54005486 0.03197096 -0.01950001
v -0.54467863 -0.03517525 -0.01950001
v -0.54312712 -0.03422583 -0.01950001
v -0.53606921 -0.02799343 -0.01950001
v -0.53458184 -0.02606150 -0.01950001
v -0.53038436 -0.01820481 -0.01950001
v -0.52941114 -0.01534362 -0.01950001
v -0.52776200 -0.00635905 -0.01950000
v -0.60823780 0.00635905 -0.01950000
v -0.60658866 0.01534362 -0.01950001
v -0.60561544 0.01820481 -0.01950001
v -0.60141796 0.02606150 -0.01950001
v -0.59993047 0.02799343 -0.01950001
v -0.59287268 0.03422583 -0.01950001
v -0.59132105 0.03517525 -0.01950001
v -0.58195871 0.03897141 -0.01950001
v -0.58068448 0.03927714 -0.01950001
v -0.58434933 -0.03272086 -0.02194354
v -0.57952732 -0.03414044 -0.02194627
v -0.60293370 -0.00000000 -0.02200928
v -0.60295111 -0.00588128 -0.02195031
v -0.59849995 -0.00000000 -0.02250000
v -0.59792370 -0.00836905 -0.02249998
v -0.59759969 -0.01061250 -0.02250335
v -0.60211724 -0.01163363 -0.02194620
v -0.59865052 -0.02073255 -0.02194180
v -0.59593576 -0.02466273 -0.02194092
v -0.59262162 -0.02797012 -0.02194093
v -0.58871466 -0.03066080 -0.02194180
v -0.57436460 -0.03490976 -0.02194994
v -0.56799990 -0.03493386 -0.02200928
v -0.59749931 -0.01059015 -0.02249997
v -0.59447342 -0.01839279 -0.02249996
v -0.56799990 -0.03050002 -0.02250000
v -0.57392126 -0.03033431 -0.02250327
v -0.57851976 -0.02962053 -0.02250335
v -0.58267123 -0.02837357 -0.02250341
v -0.58962709 -0.02436045 -0.02250346
v -0.59233135 -0.02166154 -0.02250346
v -0.59459728 -0.01839317 -0.02250344
v -0.60073179 -0.01632043 -0.02194356
v -0.57391220 -0.03023532 -0.02249998
v -0.58067745 -0.02894843 -0.02249997
v -0.58263332 -0.02827511 -0.02249997
v -0.58959466 -0.02424654 -0.02249996
v -0.56799990 0.03493386 -0.02200928
v -0.57436460 0.03490976 -0.02194994
v -0.57952732 0.03414044 -0.02194627
v -0.58434933 0.03272086 -0.02194354
v -0.58871466 0.03066080 -0.02194180
v -0.59262162 0.02797012 -0.02194093
v -0.59593576 0.02466273 -0.02194092
v -0.59865052 0.02073255 -0.02194180
v -0.60073179 0.01632043 -0.02194356
v -0.60211724 0.01163363 -0.02194620
v -0.60295111 0.00588128 -0.02195031
v -0.58263332 0.02827511 -0.02249997
v -0.57851976 0.02962053 -0.02250335
v -0.57637507 0.02992280 -0.02249998
v -0.57392126 0.03033431 -0.02250327
v -0.56799990 0.03050002 -0.02250000
v -0.59749931 0.01059014 -0.02249997
v -0.59759969 0.01061250 -0.02250335
v -0.59694880 0.01267610 -0.02249997
v -0.59638292 0.01464664 -0.02250341
v -0.59450418 0.01833959 -0.02249996
v -0.59459728 0.01839317 -0.02250344
v -0.59224313 0.02159810 -0.02249996
v -0.59233135 0.02166154 -0.02250346
v -0.58955795 0.02427699 -0.02249996
v -0.58962709 0.02436045 -0.02250346
v -0.58639961 0.02646949 -0.02249996
v -0.58637816 0.02660594 -0.02250344
v -0.58267123 0.02837357 -0.02250341
v -0.55165046 0.03272086 -0.02194354
v -0.55647248 0.03414044 -0.02194627
v -0.53306597 -0.00000000 -0.02200928
v -0.53304869 0.00588128 -0.02195031
v -0.53749985 -0.00000000 -0.02250000
v -0.53807610 0.00836905 -0.02249998
v -0.53840011 0.01061250 -0.02250335
v -0.53388256 0.01163363 -0.02194620
v -0.53734916 0.02073255 -0.02194180
v -0.54006404 0.02466273 -0.02194092
v -0.54337817 0.02797012 -0.02194093
v -0.54728514 0.03066080 -0.02194180
v -0.56163520 0.03490976 -0.02194994
v -0.53850049 0.01059014 -0.02249997
v -0.54152638 0.01839279 -0.02249996
v -0.56207854 0.03033431 -0.02250327
v -0.55748004 0.02962053 -0.02250335
v -0.55332857 0.02837357 -0.02250341
v -0.54637271 0.02436045 -0.02250346
v -0.54366845 0.02166154 -0.02250346
v -0.54140252 0.01839317 -0.02250344
v -0.53526801 0.01632043 -0.02194356
v -0.56208760 0.03023532 -0.02249998
v -0.55532223 0.02894843 -0.02249997
v -0.55336648 0.02827511 -0.02249997
v -0.54640514 0.02424654 -0.02249996
v -0.56163520 -0.03490976 -0.02194994
v -0.55647248 -0.03414044 -0.02194627
v -0.55165046 -0.03272086 -0.02194354
v -0.54728514 -0.03066080 -0.02194180
v -0.54337817 -0.02797012 -0.02194093
v -0.54006404 -0.02466273 -0.02194092
v -0.53734916 -0.02073255 -0.02194180
v -0.53526801 -0.01632043 -0.02194356
v -0.53388256 -0.01163363 -0.02194620
v -0.53304869 -0.00588128 -0.02195031
v -0.55336648 -0.02827511 -0.02249997
v -0.55748004 -0.02962053 -0.02250335
v -0.55962473 -0.02992280 -0.02249998
v -0.56207854 -0.03033431 -0.02250327
v -0.53850049 -0.01059015 -0.02249997
v -0.53840011 -0.01061250 -0.02250335
v -0.53905100 -0.01267610 -0.02249997
v -0.53961688 -0.01464664 -0.02250341
v -0.54149550 -0.01833959 -0.02249996
v -0.54140252 -0.01839317 -0.02250344
v -0.54375654 -0.02159810 -0.02249996
v -0.54366845 -0.02166154 -0.02250346
v -0.54644185 -0.02427699 -0.02249996
v -0.54637271 -0.02436045 -0.02250346
v -0.54960018 -0.02646949 -0.02249996
v -0.54962164 -0.02660594 -0.02250344
v -0.55332857 -0.02837357 -0.02250341
v -0.59213084 -0.01927651 -0.02250000
v -0.59544235 -0.01247120 -0.02250000
v -0.59667760 -0.00638194 -0.02250000
v -0.59699994 -0.00000000 -0.02250000
v -0.59617752 0.00960337 -0.02250000
v -0.59557468 0.01203610 -0.02250000
v -0.59228355 0.01905593 -0.02250000
v -0.55838734 0.02817577 -0.02250000
v -0.55605668 0.02760202 -0.02250000
v -0.54894549 0.02428536 -0.02250000
v -0.54524785 0.02103370 -0.02250000
v -0.59075195 -0.02103370 -0.02250000
v -0.58705431 -0.02428536 -0.02250000
v -0.57994312 -0.02760202 -0.02250000
v -0.57761246 -0.02817577 -0.02250000
v -0.54386884 0.01927651 -0.02250000
v -0.54055744 0.01247120 -0.02250000
v -0.53932220 0.00638193 -0.02250000
v -0.53899986 -0.00000000 -0.02250000
v -0.53982228 -0.00960337 -0.02250000
v -0.54042512 -0.01203610 -0.02250000
v -0.54371625 -0.01905593 -0.02250000
v -0.58903247 0.02275323 -0.02250000
v -0.58760327 0.02389792 -0.02250000
v -0.58047253 0.02744198 -0.02250000
v -0.57432705 0.02868380 -0.02250000
v -0.56799990 0.02900000 -0.02250000
v -0.54696721 -0.02275323 -0.02250000
v -0.54839641 -0.02389792 -0.02250000
v -0.55552715 -0.02744198 -0.02250000
v -0.56167275 -0.02868380 -0.02250000
v -0.56799990 -0.02900000 -0.02250000
v -0.57385749 -0.02739046 -0.02110612
v -0.56799990 -0.02805632 -0.02137398
v -0.57310945 -0.02488418 -0.01996673
v -0.56799990 -0.02548986 -0.02006494
v -0.57609922 -0.02033355 -0.01950000
v -0.56799990 -0.02090000 -0.01950000
v -0.58495647 -0.02097552 -0.01996673
v -0.58918327 -0.01664949 -0.01996673
v -0.58612114 -0.01401851 -0.01950000
v -0.57779664 -0.01993938 -0.01950000
v -0.57798630 -0.02406802 -0.01996673
v -0.58229965 -0.01794388 -0.01950000
v -0.58431202 -0.01631214 -0.01950000
v -0.59348971 -0.00000000 -0.02006494
v -0.58889991 -0.00000000 -0.01950000
v -0.59287959 -0.00515557 -0.01996673
v -0.58831948 -0.00817201 -0.01950000
v -0.59204680 -0.01006948 -0.01996673
v -0.58786315 -0.01006329 -0.01950000
v -0.59605616 -0.00000000 -0.02137398
v -0.59109420 -0.01831882 -0.02110612
v -0.59435529 -0.01129437 -0.02110612
v -0.59538454 -0.00590913 -0.02110612
v -0.58664054 -0.02286859 -0.02110612
v -0.57920474 -0.02638076 -0.02110612
v -0.54806107 -0.00979853 -0.01950000
v -0.54768032 -0.00817201 -0.01950000
v -0.54395300 -0.01006948 -0.01996673
v -0.54061526 -0.00590914 -0.02110612
v -0.53994352 -0.00000000 -0.02137398
v -0.54709989 -0.00000000 -0.01950000
v -0.54251009 -0.00000000 -0.02006494
v -0.54312021 -0.00515557 -0.01996673
v -0.54987866 -0.01401850 -0.01950000
v -0.54681653 -0.01664950 -0.01996673
v -0.55168778 -0.01631213 -0.01950000
v -0.55104333 -0.02097552 -0.01996673
v -0.55370015 -0.01794386 -0.01950000
v -0.55795652 -0.01986923 -0.01950000
v -0.55801350 -0.02406802 -0.01996673
v -0.55990058 -0.02033353 -0.01950000
v -0.56214219 -0.02739046 -0.02110612
v -0.55679506 -0.02638076 -0.02110612
v -0.54935926 -0.02286859 -0.02110612
v -0.54164451 -0.01129438 -0.02110612
v -0.56289035 -0.02488418 -0.01996673
v -0.54490560 -0.01831882 -0.02110612
v -0.56214219 0.02739046 -0.02110612
v -0.56799990 0.02805632 -0.02137398
v -0.56289035 0.02488418 -0.01996673
v -0.56799990 0.02548986 -0.02006494
v -0.55990058 0.02033355 -0.01950000
v -0.56799990 0.02090000 -0.01950000
v -0.55104333 0.02097552 -0.01996673
v -0.54681653 0.01664949 -0.01996673
v -0.54987866 0.01401851 -0.01950000
v -0.55820316 0.01993938 -0.01950000
v -0.55801350 0.02406802 -0.01996673
v -0.55370015 0.01794388 -0.01950000
v -0.55168778 0.01631214 -0.01950000
v -0.54312021 0.00515556 -0.01996673
v -0.54768032 0.00817201 -0.01950000
v -0.54395300 0.01006948 -0.01996673
v -0.54813653 0.01006329 -0.01950000
v -0.54490560 0.01831882 -0.02110612
v -0.54164451 0.01129437 -0.02110612
v -0.54061526 0.00590913 -0.02110612
v -0.54935926 0.02286859 -0.02110612
v -0.55679506 0.02638076 -0.02110612
v -0.58793873 0.00979853 -0.01950000
v -0.58831948 0.00817201 -0.01950000
v -0.59204680 0.01006948 -0.01996673
v -0.59538454 0.00590913 -0.02110612
v -0.59287959 0.00515557 -0.01996673
v -0.58612114 0.01401850 -0.01950000
v -0.58918327 0.01664949 -0.01996673
v -0.58431202 0.01631213 -0.01950000
v -0.58495647 0.02097552 -0.01996673
v -0.58229965 0.01794386 -0.01950000
v -0.57804316 0.01986923 -0.01950000
v -0.57798630 0.02406802 -0.01996673
v -0.57609922 0.02033353 -0.01950000
v -0.57385749 0.02739046 -0.02110612
v -0.57920474 0.02638076 -0.02110612
v -0.58664054 0.02286859 -0.02110612
v -0.59435529 0.01129438 -0.02110612
v -0.57310945 0.02488418 -0.01996673
v -0.59109420 0.01831882 -0.02110612
v -0.55208212 -0.00087248 -0.01950000
v -0.55197972 0.00045814 -0.01950000
v -0.57813793 0.01318075 -0.01950000
v -0.58463746 0.00192277 -0.01950000
v -0.57707828 0.01427297 -0.01950000
v -0.57587248 0.01485026 -0.01950000
v -0.57501656 0.01498220 -0.01950000
v -0.56201690 0.01498220 -0.01950000
v -0.58495194 0.00111204 -0.01950000
v -0.58505386 -0.00021632 -0.01950000
v -0.58463746 -0.00168118 -0.01950000
v -0.57813793 -0.01293916 -0.01950000
v -0.55239612 0.00192277 -0.01950000
v -0.55889612 0.01318075 -0.01950000
v -0.55889612 -0.01293916 -0.01950000
v -0.55995697 -0.01403260 -0.01950000
v -0.56115729 -0.01460815 -0.01950000
v -0.56201690 -0.01474131 -0.01950000
v -0.57501656 -0.01474131 -0.01950000
v -0.57649344 -0.01436948 -0.01950000
v -0.57759339 -0.01361657 -0.01950000
v -0.56054002 0.01461037 -0.01950000
v -0.55944127 0.01385856 -0.01950000
v -0.55239612 -0.00168118 -0.01950000
v -0.56653470 -0.00441248 -0.01950000
v -0.56619412 -0.00434574 -0.01950000
v -0.56494182 -0.00805328 -0.01950000
v -0.56409639 -0.00783253 -0.01950000
v -0.56592947 -0.00421175 -0.01950000
v -0.56360489 -0.00750734 -0.01950000
v -0.56118029 0.00376177 -0.01950000
v -0.55965060 0.00111178 -0.01950000
v -0.56558269 -0.00386263 -0.01950000
v -0.55945545 0.00056189 -0.01950000
v -0.57533818 -0.00441248 -0.01950000
v -0.57209164 -0.00805328 -0.01950000
v -0.57380825 -0.00706247 -0.01950000
v -0.57266635 -0.00794732 -0.01950000
v -0.57319456 -0.00768407 -0.01950000
v -0.56322545 -0.00706247 -0.01950000
v -0.55965060 -0.00087020 -0.01950000
v -0.55941933 -0.00002809 -0.01950000
v -0.57049948 0.00465389 -0.01950000
v -0.57084197 0.00458624 -0.01950000
v -0.57209164 0.00829487 -0.01950000
v -0.57293671 0.00807423 -0.01950000
v -0.57110339 0.00445348 -0.01950000
v -0.57343012 0.00774736 -0.01950000
v -0.57585329 -0.00352053 -0.01950000
v -0.57738322 -0.00087020 -0.01950000
v -0.57145113 0.00410353 -0.01950000
v -0.57757837 -0.00032069 -0.01950000
v -0.56169516 0.00465389 -0.01950000
v -0.56494182 0.00829487 -0.01950000
v -0.56322545 0.00730353 -0.01950000
v -0.56436414 0.00818767 -0.01950000
v -0.56384009 0.00792588 -0.01950000
v -0.57380825 0.00730353 -0.01950000
v -0.57738322 0.00111178 -0.01950000
v -0.57761461 0.00026981 -0.01950000
v -0.57501656 -0.01474131 -0.01940000
v -0.57649344 -0.01436948 -0.01940000
v -0.57759339 -0.01361657 -0.01940000
v -0.57813793 -0.01293916 -0.01940000
v -0.56201690 -0.01474131 -0.01940000
v -0.55889612 -0.01293916 -0.01940000
v -0.55995697 -0.01403260 -0.01940000
v -0.56115729 -0.01460815 -0.01940000
v -0.55239612 -0.00168118 -0.01940000
v -0.55239612 0.00192277 -0.01940000
v -0.55197972 0.00045814 -0.01940000
v -0.55208212 -0.00087248 -0.01940000
v -0.55889612 0.01318075 -0.01940000
v -0.56201690 0.01498220 -0.01940000
v -0.56054002 0.01461037 -0.01940000
v -0.55944127 0.01385856 -0.01940000
v -0.57501656 0.01498220 -0.01940000
v -0.57813793 0.01318075 -0.01940000
v -0.57707828 0.01427297 -0.01940000
v -0.57587248 0.01485026 -0.01940000
v -0.58463746 0.00192277 -0.01940000
v -0.58463746 -0.00168118 -0.01940000
v -0.58505386 -0.00021632 -0.01940000
v -0.58495194 0.00111204 -0.01940000
v -0.57757837 -0.00032069 -0.01940000
v -0.57738322 -0.00087020 -0.01940000
v -0.57585329 -0.00352053 -0.01940000
v -0.57533818 -0.00441248 -0.01940000
v -0.56118029 0.00376177 -0.01940000
v -0.56558269 -0.00386263 -0.01940000
v -0.57049948 0.00465389 -0.01940000
v -0.56592947 -0.00421175 -0.01940000
v -0.56653470 -0.00441248 -0.01940000
v -0.57145113 0.00410353 -0.01940000
v -0.57110339 0.00445348 -0.01940000
v -0.55945545 0.00056189 -0.01940000
v -0.55965060 0.00111178 -0.01940000
v -0.56169516 0.00465389 -0.01940000
v -0.56619412 -0.00434574 -0.01940000
v -0.57084197 0.00458624 -0.01940000
v -0.56322545 0.00730353 -0.01940000
v -0.56384009 0.00792588 -0.01940000
v -0.56436414 0.00818767 -0.01940000
v -0.56494182 0.00829487 -0.01940000
v -0.57209164 0.00829487 -0.01940000
v -0.57293671 0.00807423 -0.01940000
v -0.57343012 0.00774736 -0.01940000
v -0.57380825 0.00730353 -0.01940000
v -0.57738322 0.00111178 -0.01940000
v -0.57761461 0.00026981 -0.01940000
v -0.57380825 -0.00706247 -0.01940000
v -0.57319456 -0.00768407 -0.01940000
v -0.57266635 -0.00794732 -0.01940000
v -0.57209164 -0.00805328 -0.01940000
v -0.56494182 -0.00805328 -0.01940000
v -0.56409639 -0.00783253 -0.01940000
v -0.56360489 -0.00750734 -0.01940000
v -0.56322545 -0.00706247 -0.01940000
v -0.55965060 -0.00087020 -0.01940000
v -0.55941933 -0.00002809 -0.01940000
v -0.01699982 -0.05870754 0.06599997
v -0.02448617 -0.05650103 0.06599998
v -0.02401135 -0.05557607 0.03663426
v -0.01662151 -0.05784196 0.04146544
v -0.02339826 -0.05434977 0.02220606
v -0.01591901 -0.05614141 0.02263786
v -0.00871031 -0.06026767 0.06599996
v -0.00828258 -0.05882904 0.03680843
v -0.00785188 -0.05718981 0.02224137
v -0.00856815 -0.06002007 0.09141853
v -0.01678489 -0.05841537 0.09038831
v -0.00807331 -0.05844144 0.11700000
v -0.01599459 -0.05678688 0.11700003
v -0.02414618 -0.05597366 0.09184889
v -0.02153073 -0.05492990 0.11700001
v -0.00807337 0.05844142 0.11700001
v -0.01599465 0.05678686 0.11700001
v -0.02483014 0.05352022 0.11700001
v -0.00856827 0.06002006 0.09141853
v -0.01683680 0.05850453 0.08778571
v -0.02414558 0.05597387 0.09184886
f 1 2 3
f 3 2 4
f 3 4 5
f 6 7 8
f 9 10 11
f 11 10 12
f 11 12 13
f 13 12 6
f 13 6 14
f 14 6 8
f 14 8 5
f 15 16 17
f 9 11 18
f 18 11 19
f 18 19 20
f 20 19 21
f 20 21 22
f 22 21 23
f 22 23 24
f 24 23 15
f 24 15 25
f 25 15 17
f 25 17 26
f 2 27 4
f 4 27 28
f 4 28 29
f 29 28 30
f 29 30 31
f 31 30 32
f 31 32 33
f 33 32 34
f 33 34 35
f 35 34 36
f 35 36 37
f 37 36 38
f 37 38 39
f 39 38 40
f 39 40 41
f 5 4 14
f 14 4 29
f 14 29 13
f 13 29 31
f 13 31 11
f 11 31 33
f 11 33 19
f 19 33 35
f 19 35 21
f 21 35 37
f 21 37 23
f 23 37 39
f 23 39 15
f 15 39 41
f 15 41 16
f 42 43 44
f 45 46 42
f 47 48 49
f 50 51 52
f 52 51 53
f 52 53 54
f 54 53 47
f 54 47 45
f 45 47 49
f 45 49 46
f 55 5 8
f 50 52 56
f 56 52 57
f 56 57 58
f 58 57 59
f 58 59 60
f 60 59 61
f 60 61 62
f 62 61 55
f 62 55 63
f 63 55 8
f 63 8 7
f 43 64 44
f 44 64 65
f 44 65 66
f 66 65 67
f 66 67 68
f 68 67 69
f 68 69 70
f 70 69 71
f 70 71 72
f 72 71 73
f 72 73 74
f 74 73 75
f 74 75 76
f 76 75 1
f 76 1 3
f 42 44 45
f 45 44 66
f 45 66 54
f 54 66 68
f 54 68 52
f 52 68 70
f 52 70 57
f 57 70 72
f 57 72 59
f 59 72 74
f 59 74 61
f 61 74 76
f 61 76 55
f 55 76 3
f 55 3 5
f 77 78 79
f 79 78 80
f 79 80 81
f 82 83 84
f 85 86 87
f 87 86 88
f 87 88 89
f 89 88 82
f 89 82 90
f 90 82 84
f 90 84 81
f 91 46 49
f 85 87 92
f 92 87 93
f 92 93 94
f 94 93 95
f 94 95 96
f 96 95 97
f 96 97 98
f 98 97 91
f 98 91 99
f 99 91 49
f 99 49 48
f 78 100 80
f 80 100 101
f 80 101 102
f 102 101 103
f 102 103 104
f 104 103 105
f 104 105 106
f 106 105 107
f 106 107 108
f 108 107 109
f 108 109 110
f 110 109 111
f 110 111 112
f 112 111 43
f 112 43 42
f 81 80 90
f 90 80 102
f 90 102 89
f 89 102 104
f 89 104 87
f 87 104 106
f 87 106 93
f 93 106 108
f 93 108 95
f 95 108 110
f 95 110 97
f 97 110 112
f 97 112 91
f 91 112 42
f 91 42 46
f 41 40 113
f 114 16 41
f 115 26 17
f 116 117 118
f 118 117 119
f 118 119 120
f 120 119 115
f 120 115 114
f 114 115 17
f 114 17 16
f 121 81 84
f 116 118 122
f 122 118 123
f 122 123 124
f 124 123 125
f 124 125 126
f 126 125 127
f 126 127 128
f 128 127 121
f 128 121 129
f 129 121 84
f 129 84 83
f 40 130 113
f 113 130 131
f 113 131 132
f 132 131 133
f 132 133 134
f 134 133 135
f 134 135 136
f 136 135 137
f 136 137 138
f 138 137 139
f 138 139 140
f 140 139 141
f 140 141 142
f 142 141 77
f 142 77 79
f 41 113 114
f 114 113 132
f 114 132 120
f 120 132 134
f 120 134 118
f 118 134 136
f 118 136 123
f 123 136 138
f 123 138 125
f 125 138 140
f 125 140 127
f 127 140 142
f 127 142 121
f 121 142 79
f 121 79 81
f 82 10 9
f 10 82 12
f 12 82 88
f 12 88 6
f 6 88 86
f 6 86 85
f 82 117 116
f 82 126 83
f 83 126 128
f 83 128 129
f 6 51 50
f 6 60 7
f 7 60 62
f 7 62 63
f 9 18 82
f 82 18 20
f 82 20 22
f 22 24 82
f 82 24 25
f 82 25 26
f 26 115 82
f 82 115 119
f 82 119 117
f 116 122 82
f 82 122 124
f 82 124 126
f 85 92 6
f 6 92 94
f 6 94 96
f 96 98 6
f 6 98 99
f 6 99 48
f 48 47 6
f 6 47 53
f 6 53 51
f 50 56 6
f 6 56 58
f 6 58 60
f 143 137 144
f 144 137 135
f 144 135 145
f 145 135 133
f 146 77 147
f 147 77 141
f 147 141 148
f 148 141 139
f 148 139 149
f 149 139 137
f 149 137 150
f 150 137 143
f 131 151 133
f 133 151 152
f 133 152 145
f 40 153 154
f 40 154 130
f 130 154 155
f 130 155 131
f 131 155 156
f 131 156 151
f 157 158 107
f 107 158 109
f 109 158 159
f 109 159 111
f 100 160 161
f 162 163 103
f 103 163 164
f 103 164 105
f 105 164 165
f 105 165 107
f 107 165 166
f 107 166 157
f 162 103 161
f 161 103 101
f 161 101 100
f 167 43 168
f 168 43 111
f 168 111 169
f 169 111 159
f 160 100 146
f 146 100 78
f 146 78 77
f 170 71 171
f 171 71 69
f 171 69 172
f 172 69 67
f 173 1 174
f 174 1 75
f 174 75 175
f 175 75 73
f 175 73 176
f 176 73 71
f 176 71 177
f 177 71 170
f 65 178 67
f 67 178 179
f 67 179 172
f 43 167 180
f 43 180 64
f 64 180 181
f 64 181 65
f 65 181 182
f 65 182 178
f 183 184 34
f 34 184 36
f 36 184 185
f 36 185 38
f 27 186 187
f 188 189 30
f 30 189 190
f 30 190 32
f 32 190 191
f 32 191 34
f 34 191 192
f 34 192 183
f 188 30 187
f 187 30 28
f 187 28 27
f 153 40 193
f 193 40 38
f 193 38 194
f 194 38 185
f 186 27 173
f 173 27 2
f 173 2 1
f 193 195 153
f 153 195 196
f 197 198 199
f 199 198 200
f 199 200 201
f 201 200 202
f 201 202 203
f 203 202 204
f 203 204 205
f 205 204 206
f 205 206 207
f 207 206 208
f 207 208 209
f 209 208 210
f 209 210 211
f 210 212 211
f 211 212 213
f 211 213 214
f 214 213 215
f 214 215 216
f 186 173 217
f 183 192 204
f 204 192 191
f 204 191 206
f 206 191 190
f 206 190 208
f 208 190 189
f 208 189 210
f 210 189 188
f 210 188 212
f 212 188 187
f 212 187 213
f 213 187 186
f 213 186 215
f 215 186 217
f 215 217 216
f 216 217 218
f 183 204 184
f 184 204 202
f 184 202 185
f 185 202 200
f 185 200 194
f 194 200 193
f 193 200 198
f 193 198 195
f 195 198 197
f 195 197 196
f 219 220 146
f 221 222 220
f 220 219 221
f 221 219 223
f 221 223 224
f 154 153 196
f 225 155 226
f 226 155 154
f 226 154 227
f 227 154 196
f 228 144 229
f 229 144 145
f 229 145 230
f 230 145 152
f 230 152 231
f 231 152 151
f 231 151 225
f 225 151 156
f 225 156 155
f 149 150 228
f 228 150 143
f 228 143 144
f 228 232 149
f 149 232 233
f 149 233 148
f 146 147 219
f 219 147 148
f 219 148 223
f 223 148 233
f 223 233 224
f 224 233 232
f 224 232 234
f 234 232 228
f 234 228 235
f 235 228 229
f 235 229 236
f 236 229 230
f 236 230 237
f 237 230 231
f 237 231 238
f 238 231 225
f 238 225 239
f 239 225 226
f 239 226 240
f 240 226 227
f 240 227 197
f 197 227 196
f 168 241 167
f 167 241 242
f 243 244 245
f 245 244 246
f 245 246 247
f 247 246 248
f 247 248 249
f 249 248 250
f 249 250 251
f 251 250 252
f 251 252 253
f 253 252 254
f 253 254 255
f 255 254 256
f 255 256 257
f 256 258 257
f 257 258 259
f 257 259 260
f 260 259 261
f 260 261 262
f 160 146 220
f 157 166 250
f 250 166 165
f 250 165 252
f 252 165 164
f 252 164 254
f 254 164 163
f 254 163 256
f 256 163 162
f 256 162 258
f 258 162 161
f 258 161 259
f 259 161 160
f 259 160 261
f 261 160 220
f 261 220 262
f 262 220 222
f 157 250 158
f 158 250 248
f 158 248 159
f 159 248 246
f 159 246 169
f 169 246 168
f 168 246 244
f 168 244 241
f 241 244 243
f 241 243 242
f 263 217 173
f 264 218 217
f 217 263 264
f 264 263 265
f 264 265 266
f 180 167 242
f 267 181 268
f 268 181 180
f 268 180 269
f 269 180 242
f 270 171 271
f 271 171 172
f 271 172 272
f 272 172 179
f 272 179 273
f 273 179 178
f 273 178 267
f 267 178 182
f 267 182 181
f 176 177 270
f 270 177 170
f 270 170 171
f 270 274 176
f 176 274 275
f 176 275 175
f 173 174 263
f 263 174 175
f 263 175 265
f 265 175 275
f 265 275 266
f 266 275 274
f 266 274 276
f 276 274 270
f 276 270 277
f 277 270 271
f 277 271 278
f 278 271 272
f 278 272 279
f 279 272 273
f 279 273 280
f 280 273 267
f 280 267 281
f 281 267 268
f 281 268 282
f 282 268 269
f 282 269 243
f 243 269 242
f 218 283 216
f 216 283 284
f 216 284 214
f 214 284 285
f 214 285 211
f 211 285 286
f 211 286 209
f 280 287 279
f 279 287 288
f 279 288 278
f 278 288 289
f 278 289 277
f 277 289 290
f 277 290 276
f 276 290 291
f 276 291 266
f 266 291 292
f 266 292 264
f 264 292 293
f 264 293 218
f 218 293 294
f 218 294 283
f 257 295 255
f 255 295 296
f 255 296 253
f 253 296 297
f 253 297 251
f 251 297 298
f 251 298 249
f 298 299 249
f 249 299 300
f 249 300 247
f 247 300 301
f 247 301 245
f 260 302 257
f 257 302 303
f 257 303 295
f 197 304 240
f 240 304 305
f 240 305 239
f 239 305 306
f 239 306 238
f 238 306 307
f 238 307 237
f 237 307 308
f 237 308 236
f 236 308 309
f 236 309 235
f 235 309 310
f 235 310 234
f 286 311 209
f 209 311 312
f 209 312 207
f 207 312 313
f 207 313 205
f 205 313 314
f 205 314 203
f 203 314 315
f 203 315 201
f 201 315 316
f 201 316 199
f 199 316 317
f 199 317 197
f 197 317 318
f 197 318 304
f 301 319 245
f 245 319 320
f 245 320 243
f 243 320 321
f 243 321 282
f 282 321 322
f 282 322 281
f 281 322 323
f 281 323 280
f 280 323 324
f 280 324 287
f 222 325 262
f 262 325 326
f 262 326 260
f 260 326 327
f 260 327 302
f 310 328 234
f 234 328 329
f 234 329 224
f 224 329 330
f 224 330 221
f 221 330 331
f 221 331 222
f 222 331 332
f 222 332 325
f 333 298 297
f 334 335 336
f 337 338 339
f 339 338 340
f 339 340 341
f 341 340 342
f 341 342 335
f 343 326 344
f 344 326 325
f 344 325 345
f 295 303 346
f 346 303 302
f 346 302 343
f 343 302 327
f 343 327 326
f 295 346 296
f 296 346 347
f 296 347 297
f 298 333 299
f 299 333 348
f 299 348 300
f 300 348 301
f 301 348 349
f 301 349 319
f 350 321 349
f 349 321 320
f 349 320 319
f 351 352 350
f 353 354 355
f 356 357 358
f 358 357 353
f 358 353 359
f 359 353 355
f 359 355 360
f 361 362 363
f 363 362 364
f 363 364 356
f 356 364 365
f 356 365 357
f 366 367 368
f 368 369 366
f 366 369 370
f 366 370 371
f 371 370 372
f 371 372 373
f 374 375 371
f 371 375 376
f 371 376 366
f 366 376 377
f 366 377 367
f 360 378 359
f 359 378 379
f 359 379 358
f 358 379 380
f 358 380 356
f 356 380 381
f 356 381 363
f 337 382 338
f 338 382 383
f 338 383 340
f 340 383 384
f 340 384 342
f 342 384 385
f 374 386 375
f 375 386 387
f 375 387 376
f 376 387 385
f 376 385 377
f 377 385 384
f 377 384 367
f 367 384 383
f 367 383 368
f 368 383 382
f 335 342 336
f 336 342 385
f 336 385 388
f 388 385 387
f 388 387 389
f 389 387 386
f 389 386 390
f 390 386 374
f 390 374 391
f 391 374 392
f 391 392 393
f 393 392 394
f 393 394 395
f 395 394 396
f 395 396 351
f 351 396 397
f 351 397 352
f 352 397 398
f 352 398 350
f 350 349 351
f 351 349 348
f 351 348 395
f 395 348 333
f 395 333 393
f 393 333 297
f 393 297 391
f 391 297 347
f 391 347 390
f 390 347 346
f 390 346 389
f 389 346 343
f 389 343 388
f 388 343 344
f 388 344 336
f 336 344 345
f 336 345 334
f 373 361 371
f 371 361 363
f 371 363 374
f 374 363 381
f 374 381 392
f 392 381 380
f 392 380 394
f 394 380 379
f 394 379 396
f 396 379 378
f 396 378 397
f 397 378 360
f 397 360 398
f 399 400 401
f 305 402 403
f 404 405 406
f 404 400 407
f 407 400 399
f 407 399 408
f 408 399 409
f 305 403 306
f 306 403 410
f 306 410 307
f 411 334 345
f 412 413 414
f 414 413 415
f 414 415 416
f 416 415 417
f 416 417 418
f 418 417 419
f 418 419 420
f 420 419 421
f 420 421 422
f 422 421 423
f 422 423 424
f 424 423 337
f 424 337 425
f 425 337 339
f 425 339 341
f 426 427 412
f 412 427 428
f 412 428 413
f 412 429 426
f 426 429 406
f 426 406 430
f 430 406 405
f 430 405 431
f 432 433 434
f 434 433 435
f 434 435 436
f 436 435 437
f 436 437 411
f 411 437 335
f 411 335 334
f 438 439 432
f 432 439 440
f 432 440 433
f 438 441 439
f 439 441 442
f 439 442 443
f 443 442 444
f 443 444 445
f 445 444 446
f 445 446 447
f 404 406 400
f 400 406 429
f 400 429 401
f 401 429 412
f 401 412 447
f 447 412 414
f 447 414 445
f 445 414 416
f 445 416 443
f 443 416 418
f 443 418 439
f 439 418 420
f 439 420 440
f 440 420 422
f 440 422 433
f 433 422 424
f 433 424 435
f 435 424 425
f 435 425 437
f 437 425 341
f 437 341 335
f 304 409 305
f 305 409 399
f 305 399 402
f 402 399 401
f 402 401 403
f 403 401 447
f 403 447 410
f 410 447 446
f 410 446 307
f 307 446 444
f 307 444 308
f 308 444 442
f 308 442 309
f 309 442 441
f 309 441 310
f 310 441 438
f 310 438 328
f 328 438 432
f 328 432 329
f 329 432 434
f 329 434 330
f 330 434 436
f 330 436 331
f 331 436 411
f 331 411 332
f 332 411 345
f 332 345 325
f 448 449 450
f 448 450 451
f 451 450 452
f 451 452 453
f 453 452 318
f 453 318 317
f 304 318 409
f 409 318 452
f 409 452 408
f 408 452 450
f 408 450 407
f 407 450 449
f 407 449 404
f 454 455 456
f 456 455 457
f 456 457 458
f 458 457 459
f 458 459 460
f 453 317 316
f 315 454 316
f 316 454 456
f 316 456 453
f 453 456 458
f 453 458 451
f 451 458 460
f 451 460 448
f 461 462 463
f 463 462 464
f 463 464 465
f 463 466 461
f 461 466 467
f 461 467 468
f 469 470 471
f 472 473 471
f 471 473 474
f 471 474 469
f 475 476 477
f 477 476 478
f 477 478 479
f 479 478 480
f 479 480 481
f 481 480 482
f 481 482 483
f 483 482 484
f 485 486 487
f 488 459 489
f 489 459 457
f 489 457 490
f 490 457 455
f 465 491 463
f 463 491 492
f 463 492 466
f 466 492 470
f 466 470 467
f 467 470 469
f 486 475 487
f 487 475 477
f 487 477 491
f 491 477 479
f 491 479 492
f 492 479 481
f 492 481 470
f 470 481 483
f 470 483 471
f 471 483 484
f 471 484 472
f 464 488 465
f 465 488 489
f 465 489 491
f 491 489 490
f 491 490 487
f 487 490 455
f 487 455 485
f 485 455 454
f 485 454 315
f 493 494 495
f 494 496 497
f 498 499 500
f 501 499 502
f 502 499 498
f 502 498 503
f 504 505 506
f 507 464 462
f 464 507 488
f 459 488 508
f 508 488 507
f 508 507 509
f 503 504 502
f 502 504 506
f 502 506 501
f 501 506 510
f 501 510 511
f 468 512 461
f 461 512 513
f 461 513 462
f 462 513 514
f 462 514 507
f 507 514 495
f 507 495 509
f 509 495 494
f 509 494 515
f 515 494 497
f 512 505 513
f 513 505 504
f 513 504 514
f 514 504 503
f 514 503 495
f 495 503 498
f 495 498 493
f 493 498 500
f 493 500 494
f 494 500 516
f 494 516 496
f 496 516 517
f 518 519 520
f 518 520 521
f 521 520 522
f 521 522 523
f 523 522 524
f 523 524 525
f 525 524 526
f 525 526 527
f 527 526 528
f 527 528 529
f 530 531 532
f 532 531 533
f 532 533 526
f 526 533 534
f 526 534 528
f 535 536 537
f 537 536 538
f 537 538 539
f 540 499 501
f 500 499 541
f 541 499 540
f 541 540 542
f 517 543 544
f 497 496 545
f 545 496 517
f 545 517 546
f 546 517 544
f 516 500 517
f 517 500 541
f 517 541 543
f 543 541 547
f 543 547 544
f 544 547 548
f 549 550 551
f 551 550 552
f 551 552 553
f 522 554 524
f 524 554 555
f 524 555 526
f 526 555 556
f 526 556 532
f 532 556 539
f 532 539 530
f 530 539 538
f 550 548 552
f 552 548 547
f 552 547 553
f 553 547 541
f 553 541 557
f 557 541 542
f 520 558 522
f 522 558 559
f 522 559 554
f 554 559 560
f 554 560 555
f 555 560 561
f 555 561 556
f 556 561 562
f 556 562 539
f 558 549 559
f 559 549 551
f 559 551 560
f 560 551 553
f 560 553 561
f 561 553 557
f 561 557 562
f 562 557 542
f 562 542 539
f 539 542 540
f 539 540 537
f 537 540 501
f 537 501 535
f 535 501 511
f 563 564 565
f 566 567 568
f 523 525 569
f 570 571 572
f 573 574 575
f 575 574 576
f 523 569 521
f 577 519 518
f 518 578 577
f 577 578 579
f 577 579 580
f 579 581 580
f 580 581 582
f 580 582 583
f 583 582 584
f 583 584 585
f 585 586 587
f 587 586 588
f 587 588 572
f 572 588 589
f 572 589 570
f 563 590 591
f 591 590 569
f 591 569 527
f 527 569 525
f 575 592 573
f 573 592 593
f 573 593 594
f 594 593 566
f 594 566 595
f 595 566 568
f 595 568 596
f 527 529 591
f 591 529 597
f 591 597 563
f 563 597 598
f 563 598 564
f 585 584 586
f 586 584 599
f 586 599 588
f 588 599 600
f 588 600 589
f 596 601 595
f 595 601 602
f 595 602 594
f 594 602 603
f 594 603 573
f 596 569 601
f 601 569 590
f 601 590 602
f 602 590 563
f 602 563 603
f 603 563 565
f 603 565 573
f 573 565 604
f 573 604 574
f 518 521 578
f 578 521 569
f 578 569 579
f 579 569 596
f 579 596 581
f 581 596 568
f 581 568 582
f 582 568 567
f 582 567 584
f 584 567 566
f 584 566 599
f 599 566 593
f 599 593 600
f 600 593 592
f 605 606 607
f 608 609 610
f 610 609 611
f 610 611 612
f 612 611 613
f 612 613 614
f 575 576 615
f 615 616 575
f 575 616 617
f 575 617 592
f 592 617 618
f 592 618 600
f 600 618 589
f 589 618 619
f 589 619 570
f 605 620 606
f 606 620 621
f 606 621 622
f 616 623 617
f 617 623 607
f 617 607 618
f 618 607 606
f 618 606 619
f 619 606 622
f 619 622 570
f 570 622 571
f 615 624 616
f 616 624 608
f 616 608 623
f 623 608 610
f 623 610 607
f 607 610 612
f 607 612 605
f 605 612 614
f 605 614 620
f 620 614 625
f 620 625 626
f 627 628 629
f 629 628 287
f 630 631 632
f 633 634 635
f 635 634 636
f 635 636 637
f 637 636 638
f 637 638 639
f 639 638 630
f 639 630 640
f 640 630 632
f 640 632 641
f 642 643 631
f 644 626 645
f 645 626 625
f 645 625 614
f 631 630 642
f 642 630 638
f 642 638 646
f 646 638 636
f 646 636 647
f 647 636 634
f 647 634 648
f 648 634 633
f 648 633 649
f 609 650 611
f 611 650 651
f 611 651 613
f 613 651 652
f 613 652 614
f 614 652 653
f 614 653 645
f 645 653 654
f 645 654 644
f 644 654 655
f 644 655 627
f 627 655 656
f 627 656 628
f 650 643 651
f 651 643 642
f 651 642 652
f 652 642 646
f 652 646 653
f 653 646 647
f 653 647 654
f 654 647 648
f 654 648 655
f 655 648 649
f 655 649 656
f 657 658 659
f 290 289 660
f 660 289 661
f 660 661 662
f 662 661 663
f 663 661 664
f 663 664 665
f 640 641 666
f 667 639 668
f 668 639 640
f 668 640 669
f 669 640 666
f 628 656 670
f 670 656 649
f 670 649 671
f 671 649 633
f 671 633 635
f 289 288 661
f 661 288 672
f 661 672 664
f 664 672 673
f 664 673 665
f 665 673 667
f 665 667 674
f 674 667 668
f 674 668 675
f 675 668 669
f 675 669 659
f 659 669 666
f 659 666 657
f 287 628 288
f 288 628 670
f 288 670 672
f 672 670 671
f 672 671 673
f 673 671 635
f 673 635 667
f 667 635 637
f 667 637 639
f 294 293 676
f 677 678 676
f 678 679 676
f 676 679 283
f 676 283 294
f 680 681 682
f 683 684 681
f 683 685 686
f 687 684 688
f 688 684 683
f 688 683 689
f 689 683 686
f 658 690 659
f 659 690 691
f 659 691 675
f 675 691 692
f 675 692 674
f 674 692 665
f 663 693 662
f 662 693 694
f 662 694 660
f 660 694 291
f 660 291 290
f 293 292 676
f 676 292 695
f 676 695 677
f 292 291 695
f 695 291 694
f 695 694 677
f 677 694 693
f 677 693 692
f 692 693 663
f 692 663 665
f 681 680 683
f 683 680 696
f 683 696 685
f 690 686 691
f 691 686 685
f 691 685 692
f 692 685 696
f 692 696 677
f 677 696 680
f 677 680 678
f 678 680 682
f 678 682 679
f 697 698 699
f 312 311 700
f 700 311 701
f 702 703 704
f 311 286 701
f 701 286 705
f 701 705 706
f 706 705 704
f 706 704 707
f 707 704 703
f 708 709 710
f 710 709 711
f 712 713 714
f 714 713 715
f 714 715 710
f 710 715 716
f 710 716 708
f 682 717 679
f 679 717 284
f 679 284 283
f 285 284 699
f 699 284 717
f 699 717 697
f 697 717 682
f 697 682 681
f 286 285 705
f 705 285 699
f 705 699 704
f 704 699 698
f 704 698 702
f 702 698 697
f 702 697 718
f 718 697 681
f 718 681 684
f 687 713 684
f 684 713 712
f 684 712 718
f 718 712 714
f 718 714 702
f 702 714 710
f 702 710 703
f 703 710 711
f 703 711 707
f 708 719 720
f 485 315 314
f 485 314 486
f 476 475 721
f 722 723 724
f 724 723 478
f 478 723 480
f 480 723 720
f 480 720 482
f 482 720 719
f 482 719 484
f 472 484 725
f 725 484 719
f 725 719 726
f 726 719 708
f 726 708 716
f 727 728 722
f 722 728 707
f 722 707 723
f 723 707 711
f 723 711 720
f 720 711 709
f 720 709 708
f 312 700 727
f 727 700 701
f 727 701 728
f 728 701 706
f 728 706 707
f 475 486 721
f 721 486 314
f 721 314 729
f 729 314 313
f 478 476 724
f 724 476 721
f 724 721 722
f 722 721 729
f 722 729 727
f 727 729 313
f 727 313 312
f 609 730 650
f 650 730 731
f 650 731 643
f 643 731 631
f 631 731 732
f 631 732 632
f 658 657 733
f 733 657 666
f 733 666 732
f 732 666 641
f 732 641 632
f 734 689 686
f 734 686 733
f 733 686 690
f 733 690 658
f 735 687 734
f 734 687 688
f 734 688 689
f 726 716 736
f 736 716 715
f 736 715 735
f 735 715 713
f 735 713 687
f 474 473 737
f 737 473 472
f 737 472 736
f 736 472 725
f 736 725 726
f 474 737 469
f 469 737 738
f 469 738 467
f 467 738 739
f 467 739 468
f 740 741 742
f 742 741 743
f 742 743 744
f 744 743 745
f 744 745 746
f 746 745 747
f 746 747 748
f 748 747 749
f 748 749 750
f 750 749 751
f 750 751 752
f 752 751 753
f 752 753 754
f 754 753 739
f 754 739 755
f 739 738 755
f 755 738 737
f 755 737 756
f 756 737 736
f 756 736 757
f 757 736 735
f 757 735 758
f 758 735 734
f 758 734 759
f 759 734 733
f 759 733 760
f 760 733 732
f 760 732 761
f 761 732 731
f 761 731 762
f 762 731 730
f 762 730 740
f 740 730 763
f 740 763 741
f 468 739 512
f 512 739 753
f 512 753 505
f 505 753 506
f 506 753 751
f 506 751 510
f 538 536 749
f 749 536 535
f 749 535 751
f 751 535 511
f 751 511 510
f 534 533 747
f 747 533 531
f 747 531 749
f 749 531 530
f 749 530 538
f 598 597 745
f 745 597 529
f 745 529 747
f 747 529 528
f 747 528 534
f 743 604 565
f 743 565 745
f 745 565 564
f 745 564 598
f 741 576 743
f 743 576 574
f 743 574 604
f 608 624 741
f 741 624 615
f 741 615 576
f 741 763 608
f 608 763 730
f 608 730 609
f 764 758 759
f 764 759 765
f 765 759 760
f 765 760 766
f 766 760 761
f 766 761 767
f 767 761 762
f 767 762 768
f 768 762 740
f 768 740 769
f 769 740 742
f 769 742 770
f 770 742 744
f 770 744 771
f 771 744 746
f 771 746 772
f 773 774 775
f 775 774 776
f 775 776 777
f 777 776 778
f 777 778 772
f 772 778 779
f 772 779 771
f 771 779 780
f 771 780 770
f 770 780 781
f 770 781 769
f 769 781 782
f 769 782 768
f 768 782 783
f 768 783 767
f 783 784 767
f 767 784 785
f 767 785 766
f 766 785 786
f 766 786 765
f 765 786 787
f 765 787 764
f 764 787 788
f 764 788 789
f 789 788 790
f 789 790 791
f 791 790 792
f 791 792 793
f 793 792 794
f 793 794 795
f 795 794 796
f 795 796 773
f 773 796 797
f 773 797 774
f 796 798 799
f 800 801 782
f 782 801 783
f 796 799 797
f 797 799 802
f 797 802 774
f 802 803 774
f 774 803 804
f 774 804 776
f 804 805 776
f 776 805 806
f 776 806 778
f 806 807 778
f 778 807 808
f 778 808 779
f 779 808 809
f 779 809 780
f 809 810 780
f 780 810 811
f 780 811 781
f 811 812 781
f 781 812 813
f 781 813 782
f 782 813 814
f 782 814 800
f 783 801 815
f 794 816 796
f 796 816 798
f 783 815 784
f 784 815 817
f 784 817 785
f 817 818 785
f 785 818 819
f 785 819 786
f 819 820 786
f 786 820 821
f 786 821 787
f 821 822 787
f 787 822 823
f 787 823 788
f 788 823 824
f 788 824 790
f 824 825 790
f 790 825 826
f 790 826 792
f 826 827 792
f 792 827 828
f 792 828 794
f 794 828 829
f 794 829 816
f 830 831 832
f 832 831 833
f 824 823 834
f 835 827 836
f 836 827 826
f 836 826 837
f 837 826 825
f 837 825 838
f 838 825 824
f 838 824 839
f 839 824 834
f 839 834 840
f 841 798 816
f 842 843 844
f 844 843 845
f 844 845 846
f 847 848 849
f 849 848 850
f 849 850 842
f 842 850 851
f 842 851 843
f 832 852 830
f 830 852 853
f 830 853 854
f 854 853 855
f 854 855 847
f 847 855 856
f 847 856 848
f 857 833 858
f 858 833 831
f 858 831 859
f 859 831 830
f 859 830 860
f 860 830 854
f 860 854 861
f 861 854 847
f 861 847 862
f 862 847 849
f 862 849 863
f 863 849 842
f 863 842 864
f 864 842 844
f 864 844 865
f 865 866 867
f 865 867 864
f 864 867 868
f 864 868 863
f 863 868 869
f 863 869 862
f 862 869 870
f 862 870 861
f 861 870 871
f 861 871 860
f 860 871 872
f 860 872 859
f 859 872 873
f 859 873 858
f 866 874 875
f 866 875 867
f 867 875 876
f 867 876 868
f 868 876 877
f 868 877 869
f 869 877 878
f 869 878 870
f 870 878 879
f 870 879 871
f 871 879 880
f 871 880 872
f 872 880 881
f 872 881 873
f 874 882 883
f 874 883 875
f 875 883 835
f 875 835 876
f 876 835 836
f 876 836 877
f 877 836 837
f 877 837 878
f 878 837 838
f 878 838 879
f 879 838 839
f 879 839 880
f 880 839 840
f 880 840 881
f 846 884 844
f 844 884 885
f 844 885 865
f 865 885 886
f 865 886 866
f 866 886 887
f 866 887 874
f 874 887 841
f 874 841 882
f 882 841 816
f 882 816 883
f 883 816 829
f 883 829 835
f 835 829 828
f 835 828 827
f 832 833 888
f 889 890 891
f 891 890 892
f 891 892 893
f 894 895 896
f 894 896 892
f 892 896 897
f 892 897 893
f 898 899 900
f 898 900 894
f 894 900 901
f 894 901 895
f 902 903 904
f 902 904 898
f 898 904 905
f 898 905 899
f 888 833 902
f 902 833 857
f 902 857 903
f 832 888 852
f 852 888 906
f 852 906 853
f 850 848 907
f 907 848 856
f 907 856 906
f 906 856 855
f 906 855 853
f 850 907 851
f 851 907 908
f 851 908 843
f 909 846 908
f 908 846 845
f 908 845 843
f 910 911 912
f 912 911 913
f 912 913 914
f 914 913 915
f 914 915 916
f 916 915 917
f 916 917 918
f 918 917 919
f 918 919 920
f 920 919 921
f 920 921 922
f 922 921 923
f 922 923 924
f 924 923 909
f 924 909 925
f 909 908 925
f 925 908 907
f 925 907 926
f 926 907 906
f 926 906 927
f 927 906 888
f 927 888 928
f 928 888 902
f 928 902 929
f 929 902 898
f 929 898 930
f 930 898 894
f 930 894 931
f 931 894 892
f 931 892 932
f 932 892 890
f 932 890 910
f 910 890 933
f 910 933 911
f 934 935 915
f 846 909 936
f 936 909 923
f 936 923 937
f 921 938 939
f 921 939 923
f 923 939 940
f 923 940 937
f 919 941 942
f 919 942 921
f 921 942 943
f 921 943 938
f 917 944 945
f 917 945 919
f 919 945 946
f 919 946 941
f 915 935 917
f 917 935 947
f 917 947 944
f 934 915 948
f 948 915 913
f 948 913 949
f 950 951 911
f 911 951 952
f 911 952 913
f 913 952 953
f 913 953 949
f 950 911 954
f 954 911 933
f 954 933 955
f 890 889 933
f 933 889 956
f 933 956 955
f 957 945 944
f 884 846 936
f 799 798 841
f 802 799 958
f 804 803 959
f 805 804 960
f 806 805 961
f 807 806 962
f 808 807 963
f 804 959 960
f 960 959 964
f 960 964 965
f 965 964 966
f 965 966 967
f 967 966 968
f 967 968 969
f 969 968 970
f 969 970 971
f 805 960 961
f 961 960 965
f 961 965 972
f 972 965 967
f 972 967 973
f 973 967 969
f 973 969 974
f 974 969 971
f 974 971 975
f 808 963 976
f 976 963 977
f 976 977 978
f 978 977 979
f 978 979 980
f 980 979 981
f 980 981 982
f 982 981 957
f 982 957 983
f 983 957 944
f 983 944 947
f 799 841 958
f 958 841 887
f 958 887 984
f 984 887 886
f 984 886 985
f 985 886 885
f 985 885 986
f 986 885 884
f 986 884 987
f 987 884 936
f 987 936 937
f 802 958 988
f 988 958 984
f 988 984 989
f 989 984 985
f 989 985 990
f 990 985 986
f 990 986 991
f 991 986 987
f 991 987 992
f 992 987 937
f 992 937 940
f 940 970 992
f 992 970 968
f 992 968 991
f 991 968 966
f 991 966 990
f 990 966 964
f 990 964 989
f 989 964 959
f 989 959 988
f 988 959 803
f 988 803 802
f 940 939 970
f 970 939 938
f 970 938 971
f 971 938 943
f 971 943 975
f 975 943 942
f 975 942 941
f 806 961 962
f 962 961 972
f 962 972 993
f 993 972 973
f 993 973 994
f 994 973 974
f 994 974 995
f 995 974 975
f 995 975 996
f 996 975 941
f 996 941 946
f 807 962 963
f 963 962 993
f 963 993 977
f 977 993 994
f 977 994 979
f 979 994 995
f 979 995 981
f 981 995 996
f 981 996 957
f 957 996 946
f 957 946 945
f 997 998 934
f 934 998 935
f 809 808 976
f 999 812 1000
f 1000 812 811
f 1000 811 1001
f 1001 811 810
f 1001 810 1002
f 1002 810 809
f 1002 809 1003
f 1003 809 976
f 1003 976 978
f 1004 801 800
f 1005 955 1006
f 1006 955 956
f 1006 956 889
f 1007 951 1008
f 1008 951 950
f 1008 950 1005
f 1005 950 954
f 1005 954 955
f 934 948 997
f 997 948 949
f 997 949 1009
f 1009 949 953
f 1009 953 1007
f 1007 953 952
f 1007 952 951
f 947 935 983
f 983 935 998
f 983 998 1010
f 1010 998 997
f 1010 997 1011
f 1011 997 1009
f 1011 1009 1012
f 1012 1009 1007
f 1012 1007 1013
f 1013 1007 1008
f 1013 1008 1014
f 1014 1008 1005
f 1014 1005 1015
f 1015 1005 1006
f 1015 1006 1016
f 1016 1017 1018
f 1016 1018 1015
f 1015 1018 1019
f 1015 1019 1014
f 1014 1019 1020
f 1014 1020 1013
f 1013 1020 1021
f 1013 1021 1012
f 1012 1021 1022
f 1012 1022 1011
f 1011 1022 1023
f 1011 1023 1010
f 1010 1023 982
f 1010 982 983
f 1017 1024 1025
f 1017 1025 1018
f 1018 1025 1026
f 1018 1026 1019
f 1019 1026 1027
f 1019 1027 1020
f 1020 1027 1028
f 1020 1028 1021
f 1021 1028 1029
f 1021 1029 1022
f 1022 1029 1030
f 1022 1030 1023
f 1023 1030 980
f 1023 980 982
f 1024 1031 1032
f 1024 1032 1025
f 1025 1032 999
f 1025 999 1026
f 1026 999 1000
f 1026 1000 1027
f 1027 1000 1001
f 1027 1001 1028
f 1028 1001 1002
f 1028 1002 1029
f 1029 1002 1003
f 1029 1003 1030
f 1030 1003 978
f 1030 978 980
f 889 1033 1006
f 1006 1033 1034
f 1006 1034 1016
f 1016 1034 1035
f 1016 1035 1017
f 1017 1035 1036
f 1017 1036 1024
f 1024 1036 1004
f 1024 1004 1031
f 1031 1004 800
f 1031 800 1032
f 1032 800 814
f 1032 814 999
f 999 814 813
f 999 813 812
f 1037 904 903
f 1033 889 891
f 815 801 1004
f 817 815 1038
f 819 818 1039
f 820 819 1040
f 821 820 1041
f 822 821 1042
f 823 822 1043
f 819 1039 1040
f 1040 1039 1044
f 1040 1044 1045
f 1045 1044 1046
f 1045 1046 1047
f 1047 1046 1048
f 1047 1048 1049
f 1049 1048 1050
f 1049 1050 1051
f 820 1040 1041
f 1041 1040 1045
f 1041 1045 1052
f 1052 1045 1047
f 1052 1047 1053
f 1053 1047 1049
f 1053 1049 1054
f 1054 1049 1051
f 1054 1051 1055
f 823 1043 834
f 834 1043 1056
f 834 1056 840
f 840 1056 1057
f 840 1057 881
f 881 1057 1058
f 881 1058 873
f 873 1058 1037
f 873 1037 858
f 858 1037 903
f 858 903 857
f 815 1004 1038
f 1038 1004 1036
f 1038 1036 1059
f 1059 1036 1035
f 1059 1035 1060
f 1060 1035 1034
f 1060 1034 1061
f 1061 1034 1033
f 1061 1033 1062
f 1062 1033 891
f 1062 891 893
f 817 1038 1063
f 1063 1038 1059
f 1063 1059 1064
f 1064 1059 1060
f 1064 1060 1065
f 1065 1060 1061
f 1065 1061 1066
f 1066 1061 1062
f 1066 1062 1067
f 1067 1062 893
f 1067 893 897
f 897 1050 1067
f 1067 1050 1048
f 1067 1048 1066
f 1066 1048 1046
f 1066 1046 1065
f 1065 1046 1044
f 1065 1044 1064
f 1064 1044 1039
f 1064 1039 1063
f 1063 1039 818
f 1063 818 817
f 897 896 1050
f 1050 896 895
f 1050 895 1051
f 1051 895 901
f 1051 901 1055
f 1055 901 900
f 1055 900 899
f 821 1041 1042
f 1042 1041 1052
f 1042 1052 1068
f 1068 1052 1053
f 1068 1053 1069
f 1069 1053 1054
f 1069 1054 1070
f 1070 1054 1055
f 1070 1055 1071
f 1071 1055 899
f 1071 899 905
f 822 1042 1043
f 1043 1042 1068
f 1043 1068 1056
f 1056 1068 1069
f 1056 1069 1057
f 1057 1069 1070
f 1057 1070 1058
f 1058 1070 1071
f 1058 1071 1037
f 1037 1071 905
f 1037 905 904
f 1072 916 918
f 1072 918 1073
f 1073 918 920
f 1073 920 1074
f 1074 920 922
f 1074 922 1075
f 1075 922 924
f 1075 924 1076
f 1076 924 925
f 1076 925 1077
f 1077 925 926
f 1077 926 1078
f 1078 926 927
f 1078 927 1079
f 1079 927 928
f 1079 928 1080
f 1080 928 929
f 1080 929 1081
f 1081 929 930
f 1081 930 1082
f 1082 930 931
f 1082 931 1083
f 1083 931 932
f 1083 932 1084
f 1084 932 910
f 1084 910 1085
f 1085 910 912
f 1085 912 1086
f 1086 912 914
f 1086 914 1087
f 1087 914 916
f 1087 916 1072
f 1088 1089 1083
f 1090 1086 1091
f 1091 1086 1087
f 1091 1087 1092
f 1093 1085 1094
f 1094 1085 1086
f 1094 1086 1095
f 1095 1086 1090
f 1096 1097 1073
f 1073 1097 1098
f 1073 1098 1072
f 1072 1098 1099
f 1072 1099 1087
f 1087 1099 1100
f 1087 1100 1092
f 1096 1073 1101
f 1101 1073 1074
f 1101 1074 1102
f 1103 1081 1104
f 1104 1081 1082
f 1104 1082 1105
f 1106 1075 1107
f 1107 1075 1076
f 1107 1076 1108
f 1108 1076 1077
f 1108 1077 1109
f 1109 1077 1110
f 1110 1077 1111
f 1111 1077 1078
f 1111 1078 1112
f 1113 1079 1114
f 1114 1079 1080
f 1114 1080 1115
f 1115 1080 1081
f 1115 1081 1116
f 1116 1081 1103
f 1083 1089 1082
f 1082 1089 1117
f 1082 1117 1105
f 1106 1118 1075
f 1075 1118 1119
f 1075 1119 1074
f 1074 1119 1120
f 1074 1120 1102
f 1113 1121 1079
f 1079 1121 1122
f 1079 1122 1078
f 1078 1122 1123
f 1078 1123 1112
f 1093 1124 1085
f 1085 1124 1125
f 1085 1125 1084
f 1084 1125 1126
f 1084 1126 1083
f 1083 1126 1127
f 1083 1127 1088
f 1128 1129 1130
f 1130 1129 1131
f 1132 1133 1134
f 1132 1134 1135
f 1136 1137 1099
f 1138 1139 1140
f 1139 1138 1141
f 1141 1138 1142
f 1141 1142 1143
f 1144 1145 1138
f 1145 1146 1138
f 1138 1146 1147
f 1138 1147 1142
f 1148 1149 1150
f 1151 1152 1153
f 1153 1152 1154
f 1153 1154 1149
f 1149 1154 1155
f 1149 1155 1150
f 1151 1153 1134
f 1134 1153 1156
f 1134 1156 1135
f 1135 1156 1157
f 1135 1157 1158
f 1158 1157 1106
f 1158 1106 1107
f 1140 1128 1138
f 1138 1128 1130
f 1138 1130 1144
f 1144 1130 1131
f 1144 1131 1159
f 1159 1131 1160
f 1159 1160 1161
f 1161 1160 1162
f 1161 1162 1163
f 1163 1162 1164
f 1163 1164 1165
f 1165 1164 1148
f 1165 1148 1166
f 1166 1148 1150
f 1167 1168 1169
f 1169 1170 1167
f 1167 1170 1171
f 1167 1171 1172
f 1173 1137 1174
f 1174 1137 1136
f 1174 1136 1175
f 1099 1098 1136
f 1136 1098 1172
f 1136 1172 1175
f 1175 1172 1171
f 1098 1097 1172
f 1172 1097 1096
f 1172 1096 1167
f 1167 1096 1101
f 1167 1101 1168
f 1168 1101 1102
f 1176 1177 1178
f 1178 1177 1179
f 1178 1179 1180
f 1180 1179 1181
f 1180 1181 1182
f 1182 1181 1183
f 1118 1183 1119
f 1119 1183 1181
f 1119 1181 1120
f 1120 1181 1179
f 1120 1179 1102
f 1102 1179 1177
f 1102 1177 1168
f 1168 1177 1176
f 1168 1176 1169
f 1140 1173 1128
f 1128 1173 1174
f 1128 1174 1129
f 1129 1174 1175
f 1129 1175 1131
f 1131 1175 1171
f 1131 1171 1160
f 1160 1171 1170
f 1160 1170 1162
f 1162 1170 1169
f 1162 1169 1164
f 1164 1169 1176
f 1164 1176 1148
f 1148 1176 1178
f 1148 1178 1149
f 1149 1178 1180
f 1149 1180 1153
f 1153 1180 1182
f 1153 1182 1156
f 1156 1182 1183
f 1156 1183 1157
f 1157 1183 1118
f 1157 1118 1106
f 1184 1185 1186
f 1187 1188 1189
f 1189 1190 1187
f 1187 1190 1191
f 1187 1191 1192
f 1192 1191 1193
f 1193 1191 1194
f 1193 1194 1195
f 1196 1122 1121
f 1122 1196 1123
f 1123 1196 1197
f 1123 1197 1112
f 1197 1198 1112
f 1112 1198 1199
f 1112 1199 1111
f 1199 1200 1111
f 1111 1200 1201
f 1111 1201 1110
f 1110 1201 1109
f 1109 1201 1202
f 1109 1202 1108
f 1108 1202 1158
f 1108 1158 1107
f 1203 1133 1132
f 1204 1205 1206
f 1206 1205 1203
f 1206 1203 1207
f 1207 1203 1132
f 1208 1209 1210
f 1210 1209 1211
f 1210 1211 1212
f 1212 1211 1213
f 1212 1213 1214
f 1214 1213 1215
f 1214 1215 1216
f 1216 1215 1217
f 1216 1217 1218
f 1218 1217 1219
f 1218 1219 1220
f 1220 1219 1221
f 1189 1222 1190
f 1190 1222 1223
f 1190 1223 1224
f 1132 1135 1207
f 1207 1135 1225
f 1207 1225 1206
f 1206 1225 1226
f 1206 1226 1204
f 1204 1226 1227
f 1135 1158 1225
f 1225 1158 1202
f 1225 1202 1226
f 1226 1202 1201
f 1226 1201 1227
f 1227 1201 1200
f 1227 1200 1228
f 1228 1200 1199
f 1228 1199 1229
f 1229 1199 1198
f 1229 1198 1230
f 1230 1198 1197
f 1230 1197 1231
f 1231 1197 1196
f 1186 1231 1232
f 1232 1231 1196
f 1232 1196 1233
f 1233 1196 1121
f 1233 1121 1113
f 1114 1195 1113
f 1113 1195 1194
f 1113 1194 1233
f 1233 1194 1191
f 1233 1191 1232
f 1232 1191 1190
f 1232 1190 1186
f 1186 1190 1224
f 1186 1224 1184
f 1185 1208 1186
f 1186 1208 1210
f 1186 1210 1231
f 1231 1210 1212
f 1231 1212 1230
f 1230 1212 1214
f 1230 1214 1229
f 1229 1214 1216
f 1229 1216 1228
f 1228 1216 1218
f 1228 1218 1227
f 1227 1218 1220
f 1227 1220 1204
f 1204 1220 1221
f 1204 1221 1205
f 1234 1235 1236
f 1237 1238 1239
f 1240 1241 1242
f 1243 1244 1241
f 1126 1244 1127
f 1127 1244 1243
f 1127 1243 1088
f 1088 1243 1089
f 1116 1103 1245
f 1245 1103 1104
f 1114 1115 1195
f 1195 1115 1246
f 1195 1246 1193
f 1193 1246 1192
f 1247 1248 1249
f 1246 1250 1192
f 1192 1250 1247
f 1192 1247 1187
f 1187 1247 1249
f 1187 1249 1188
f 1251 1252 1253
f 1253 1252 1254
f 1255 1256 1251
f 1251 1256 1257
f 1251 1257 1252
f 1258 1259 1255
f 1255 1259 1260
f 1255 1260 1256
f 1236 1235 1261
f 1261 1235 1262
f 1261 1262 1263
f 1263 1262 1264
f 1263 1264 1258
f 1258 1264 1265
f 1258 1265 1259
f 1266 1237 1242
f 1242 1237 1239
f 1242 1239 1240
f 1240 1239 1267
f 1240 1267 1268
f 1268 1267 1269
f 1269 1267 1270
f 1269 1270 1271
f 1241 1240 1243
f 1243 1240 1268
f 1243 1268 1089
f 1089 1268 1269
f 1089 1269 1117
f 1117 1269 1271
f 1117 1271 1105
f 1272 1273 1274
f 1274 1273 1275
f 1274 1275 1276
f 1276 1275 1277
f 1276 1277 1278
f 1270 1278 1271
f 1271 1278 1277
f 1271 1277 1105
f 1105 1277 1275
f 1105 1275 1104
f 1104 1275 1273
f 1104 1273 1245
f 1245 1273 1272
f 1245 1272 1279
f 1279 1272 1280
f 1279 1280 1281
f 1281 1280 1282
f 1281 1282 1248
f 1248 1247 1281
f 1281 1247 1250
f 1281 1250 1279
f 1279 1250 1246
f 1279 1246 1245
f 1245 1246 1115
f 1245 1115 1116
f 1238 1234 1239
f 1239 1234 1236
f 1239 1236 1267
f 1267 1236 1261
f 1267 1261 1270
f 1270 1261 1263
f 1270 1263 1278
f 1278 1263 1258
f 1278 1258 1276
f 1276 1258 1255
f 1276 1255 1274
f 1274 1255 1251
f 1274 1251 1272
f 1272 1251 1253
f 1272 1253 1280
f 1280 1253 1254
f 1280 1254 1282
f 1283 1139 1284
f 1284 1139 1141
f 1284 1141 1143
f 1099 1137 1100
f 1100 1137 1285
f 1100 1285 1092
f 1092 1285 1286
f 1092 1286 1091
f 1091 1286 1287
f 1091 1287 1090
f 1090 1287 1288
f 1090 1288 1095
f 1288 1289 1095
f 1095 1289 1290
f 1095 1290 1094
f 1290 1291 1094
f 1094 1291 1292
f 1094 1292 1093
f 1293 1125 1292
f 1292 1125 1124
f 1292 1124 1093
f 1241 1244 1293
f 1293 1244 1126
f 1293 1126 1125
f 1266 1242 1294
f 1294 1242 1295
f 1294 1295 1296
f 1297 1298 1299
f 1298 1297 1300
f 1300 1297 1301
f 1300 1301 1302
f 1302 1301 1303
f 1303 1301 1304
f 1303 1304 1305
f 1305 1304 1306
f 1305 1306 1307
f 1307 1306 1308
f 1307 1308 1309
f 1309 1308 1310
f 1309 1310 1311
f 1311 1310 1312
f 1311 1312 1313
f 1314 1315 1316
f 1284 1317 1283
f 1283 1317 1318
f 1283 1318 1314
f 1314 1318 1319
f 1314 1319 1315
f 1140 1139 1320
f 1320 1139 1283
f 1320 1283 1321
f 1321 1283 1314
f 1321 1314 1312
f 1312 1314 1316
f 1312 1316 1313
f 1137 1173 1285
f 1285 1173 1322
f 1285 1322 1286
f 1286 1322 1323
f 1286 1323 1287
f 1323 1324 1287
f 1287 1324 1325
f 1287 1325 1288
f 1288 1325 1326
f 1288 1326 1289
f 1289 1326 1327
f 1289 1327 1290
f 1290 1327 1328
f 1290 1328 1291
f 1291 1328 1329
f 1291 1329 1292
f 1292 1329 1296
f 1292 1296 1293
f 1293 1296 1295
f 1293 1295 1241
f 1241 1295 1242
f 1173 1140 1322
f 1322 1140 1320
f 1322 1320 1323
f 1323 1320 1321
f 1323 1321 1324
f 1324 1321 1312
f 1324 1312 1325
f 1325 1312 1310
f 1325 1310 1326
f 1326 1310 1308
f 1326 1308 1327
f 1327 1308 1306
f 1327 1306 1328
f 1328 1306 1304
f 1328 1304 1329
f 1329 1304 1301
f 1329 1301 1296
f 1296 1301 1297
f 1296 1297 1294
f 1294 1297 1299
f 1319 1318 1330
f 1331 1266 1332
f 1332 1266 1294
f 1294 1333 1332
f 1332 1333 1334
f 1332 1334 1335
f 1143 1336 1284
f 1284 1336 1330
f 1284 1330 1317
f 1317 1330 1318
f 1319 1330 1315
f 1315 1330 1337
f 1315 1337 1316
f 1316 1337 1338
f 1316 1338 1313
f 1313 1338 1339
f 1313 1339 1311
f 1311 1339 1340
f 1311 1340 1309
f 1309 1340 1341
f 1309 1341 1307
f 1307 1341 1305
f 1305 1341 1342
f 1305 1342 1303
f 1294 1299 1333
f 1333 1299 1298
f 1333 1298 1334
f 1334 1298 1300
f 1334 1300 1342
f 1342 1300 1302
f 1342 1302 1303
f 1343 1262 1235
f 1235 1234 1343
f 1343 1234 1238
f 1343 1238 1331
f 1331 1238 1237
f 1331 1237 1266
f 1331 1344 1343
f 1343 1344 1345
f 1343 1345 1262
f 1262 1345 1346
f 1262 1346 1264
f 1257 1256 1347
f 1347 1256 1260
f 1347 1260 1348
f 1348 1260 1259
f 1348 1259 1346
f 1346 1259 1265
f 1346 1265 1264
f 1347 1349 1257
f 1257 1349 1350
f 1257 1350 1252
f 1252 1350 1351
f 1252 1351 1254
f 1254 1351 1352
f 1254 1352 1282
f 1249 1353 1188
f 1188 1353 1354
f 1188 1354 1355
f 1352 1356 1282
f 1282 1356 1357
f 1282 1357 1248
f 1248 1357 1358
f 1248 1358 1249
f 1249 1358 1359
f 1249 1359 1353
f 1360 1344 1331
f 1361 1362 1363
f 1363 1362 1364
f 1363 1364 1365
f 1365 1364 1366
f 1365 1366 1367
f 1367 1366 1360
f 1367 1360 1368
f 1368 1360 1369
f 1370 1371 1361
f 1370 1361 1372
f 1371 1373 1361
f 1361 1373 1374
f 1361 1374 1362
f 1361 1375 1372
f 1372 1375 1376
f 1372 1376 1377
f 1377 1376 1378
f 1377 1378 1379
f 1380 1381 1382
f 1360 1331 1369
f 1369 1331 1332
f 1369 1332 1335
f 1335 1383 1369
f 1369 1383 1384
f 1369 1384 1368
f 1368 1384 1385
f 1368 1385 1367
f 1367 1385 1386
f 1367 1386 1365
f 1365 1386 1387
f 1365 1387 1363
f 1363 1387 1388
f 1363 1388 1361
f 1361 1388 1389
f 1361 1389 1375
f 1375 1389 1390
f 1375 1390 1376
f 1376 1390 1380
f 1376 1380 1378
f 1378 1380 1382
f 1378 1382 1379
f 1379 1382 1391
f 1392 1393 1394
f 1379 1395 1394
f 1395 1379 1391
f 1396 1397 1398
f 1399 1400 1401
f 1402 1403 1404
f 1393 1372 1394
f 1394 1372 1377
f 1394 1377 1379
f 1344 1360 1405
f 1405 1360 1366
f 1405 1366 1406
f 1406 1366 1364
f 1406 1364 1407
f 1407 1364 1362
f 1407 1362 1408
f 1408 1362 1374
f 1408 1374 1409
f 1409 1374 1373
f 1409 1373 1371
f 1400 1410 1401
f 1401 1410 1411
f 1401 1411 1412
f 1412 1411 1413
f 1412 1413 1414
f 1414 1415 1412
f 1412 1415 1402
f 1412 1402 1401
f 1401 1402 1404
f 1401 1404 1399
f 1413 1416 1414
f 1414 1416 1392
f 1414 1392 1415
f 1415 1392 1394
f 1415 1394 1402
f 1402 1394 1395
f 1402 1395 1403
f 1403 1395 1391
f 1417 1407 1418
f 1418 1407 1408
f 1418 1408 1416
f 1416 1408 1409
f 1416 1409 1392
f 1392 1409 1371
f 1392 1371 1393
f 1393 1371 1370
f 1393 1370 1372
f 1398 1419 1396
f 1396 1419 1420
f 1396 1420 1421
f 1421 1420 1422
f 1421 1422 1423
f 1423 1422 1417
f 1417 1422 1407
f 1407 1422 1420
f 1407 1420 1406
f 1406 1420 1419
f 1406 1419 1405
f 1405 1419 1398
f 1405 1398 1344
f 1358 1357 1424
f 1349 1347 1425
f 1425 1347 1348
f 1425 1348 1426
f 1426 1348 1346
f 1426 1346 1345
f 1356 1352 1427
f 1427 1352 1351
f 1427 1351 1428
f 1428 1351 1350
f 1428 1350 1429
f 1429 1350 1349
f 1429 1349 1430
f 1430 1349 1425
f 1424 1357 1431
f 1353 1432 1354
f 1354 1432 1355
f 1358 1424 1359
f 1359 1424 1433
f 1359 1433 1353
f 1353 1433 1434
f 1353 1434 1432
f 1345 1344 1426
f 1426 1344 1398
f 1426 1398 1397
f 1397 1435 1426
f 1426 1435 1436
f 1426 1436 1425
f 1425 1436 1437
f 1425 1437 1430
f 1430 1437 1438
f 1430 1438 1429
f 1429 1438 1439
f 1429 1439 1428
f 1428 1439 1431
f 1428 1431 1427
f 1427 1431 1357
f 1427 1357 1356
f 1440 1441 1442
f 1443 1444 1441
f 1445 1446 1447
f 1447 1446 1448
f 1447 1448 1449
f 1449 1448 1450
f 1449 1450 1451
f 1451 1450 1452
f 1451 1452 1453
f 1442 1454 1440
f 1440 1454 1455
f 1440 1455 1456
f 1456 1455 1457
f 1456 1457 1445
f 1445 1457 1458
f 1445 1458 1446
f 1441 1440 1443
f 1443 1440 1456
f 1443 1456 1459
f 1459 1456 1445
f 1459 1445 1460
f 1460 1445 1447
f 1460 1447 1461
f 1461 1447 1449
f 1461 1449 1462
f 1462 1449 1451
f 1462 1451 1463
f 1463 1451 1453
f 1463 1453 1464
f 1464 1453 1465
f 1464 1465 1466
f 1466 1465 1467
f 1466 1467 1434
f 1434 1467 1468
f 1434 1468 1432
f 1432 1468 1469
f 1432 1469 1355
f 1470 1471 1472
f 1473 1474 1475
f 1442 1441 1476
f 1442 1476 1477
f 1477 1476 1478
f 1477 1478 1479
f 1479 1478 1480
f 1479 1480 1481
f 1482 1483 1484
f 1484 1483 1485
f 1472 1471 1474
f 1474 1471 1486
f 1474 1486 1475
f 1391 1487 1488
f 1489 1404 1403
f 1490 1399 1404
f 1444 1491 1492
f 1493 1494 1488
f 1404 1489 1490
f 1490 1489 1495
f 1490 1495 1496
f 1496 1495 1497
f 1496 1497 1498
f 1487 1470 1488
f 1488 1470 1472
f 1488 1472 1493
f 1493 1472 1474
f 1493 1474 1499
f 1499 1474 1473
f 1499 1473 1485
f 1485 1473 1500
f 1485 1500 1484
f 1391 1488 1403
f 1403 1488 1494
f 1403 1494 1489
f 1489 1494 1493
f 1489 1493 1495
f 1495 1493 1499
f 1495 1499 1497
f 1497 1499 1485
f 1497 1485 1498
f 1491 1501 1492
f 1492 1501 1502
f 1492 1502 1503
f 1503 1502 1504
f 1503 1504 1505
f 1505 1504 1506
f 1505 1506 1483
f 1483 1506 1507
f 1483 1507 1485
f 1485 1507 1508
f 1485 1508 1498
f 1482 1481 1483
f 1483 1481 1480
f 1483 1480 1505
f 1505 1480 1478
f 1505 1478 1503
f 1503 1478 1476
f 1503 1476 1492
f 1492 1476 1441
f 1492 1441 1444
f 1509 1442 1477
f 1509 1477 1510
f 1471 1470 1511
f 1511 1470 1487
f 1511 1487 1512
f 1512 1487 1391
f 1512 1391 1382
f 1513 1486 1471
f 1486 1513 1475
f 1475 1513 1514
f 1475 1514 1473
f 1515 1481 1516
f 1516 1481 1482
f 1516 1482 1517
f 1517 1482 1484
f 1517 1484 1514
f 1514 1484 1500
f 1514 1500 1473
f 1479 1518 1477
f 1477 1518 1519
f 1477 1519 1510
f 1382 1381 1512
f 1512 1381 1520
f 1512 1520 1511
f 1511 1520 1521
f 1511 1521 1522
f 1471 1511 1513
f 1513 1511 1522
f 1513 1522 1514
f 1514 1522 1523
f 1514 1523 1517
f 1517 1523 1524
f 1517 1524 1516
f 1524 1525 1516
f 1516 1525 1526
f 1516 1526 1515
f 1515 1526 1527
f 1528 1510 1529
f 1529 1510 1519
f 1529 1519 1527
f 1527 1519 1518
f 1527 1518 1515
f 1515 1518 1479
f 1515 1479 1481
f 1154 1152 1530
f 1209 1448 1446
f 1448 1209 1450
f 1450 1209 1208
f 1450 1208 1452
f 1452 1208 1185
f 1452 1185 1453
f 1453 1185 1184
f 1453 1184 1465
f 1184 1224 1465
f 1465 1224 1223
f 1465 1223 1467
f 1467 1223 1222
f 1467 1222 1468
f 1468 1222 1189
f 1468 1189 1469
f 1469 1189 1188
f 1469 1188 1355
f 1203 1205 1531
f 1531 1205 1221
f 1531 1221 1219
f 1152 1151 1530
f 1530 1151 1134
f 1530 1134 1510
f 1510 1134 1133
f 1510 1133 1509
f 1509 1133 1203
f 1509 1203 1442
f 1442 1203 1531
f 1442 1531 1454
f 1454 1531 1219
f 1454 1219 1455
f 1455 1219 1217
f 1455 1217 1457
f 1457 1217 1215
f 1457 1215 1458
f 1458 1215 1213
f 1458 1213 1446
f 1446 1213 1211
f 1446 1211 1209
f 1165 1166 1532
f 1166 1150 1532
f 1532 1150 1155
f 1532 1155 1533
f 1534 1159 1535
f 1535 1159 1161
f 1535 1161 1536
f 1536 1161 1163
f 1536 1163 1537
f 1537 1163 1165
f 1537 1165 1538
f 1538 1165 1532
f 1147 1146 1539
f 1539 1146 1145
f 1539 1145 1534
f 1534 1145 1144
f 1534 1144 1159
f 1336 1143 1539
f 1539 1143 1142
f 1539 1142 1147
f 1155 1154 1533
f 1533 1154 1530
f 1533 1530 1528
f 1528 1530 1510
f 1340 1528 1529
f 1340 1381 1380
f 1535 1340 1339
f 1535 1536 1340
f 1340 1536 1537
f 1340 1537 1538
f 1525 1524 1340
f 1340 1524 1523
f 1340 1523 1522
f 1383 1335 1388
f 1388 1335 1334
f 1538 1532 1340
f 1340 1532 1533
f 1340 1533 1528
f 1529 1527 1340
f 1340 1527 1526
f 1340 1526 1525
f 1522 1521 1340
f 1340 1521 1520
f 1340 1520 1381
f 1380 1390 1340
f 1340 1390 1389
f 1340 1389 1388
f 1387 1386 1385
f 1387 1385 1388
f 1388 1385 1384
f 1388 1384 1383
f 1334 1342 1388
f 1388 1342 1341
f 1388 1341 1340
f 1339 1338 1535
f 1535 1338 1337
f 1535 1337 1534
f 1534 1337 1330
f 1534 1330 1539
f 1539 1330 1336
f 1540 1541 1436
f 1436 1541 1542
f 1436 1542 1437
f 1461 1543 1460
f 1460 1543 1544
f 1460 1544 1459
f 1459 1544 1545
f 1459 1545 1443
f 1443 1545 1546
f 1443 1546 1444
f 1444 1546 1547
f 1436 1435 1540
f 1540 1435 1397
f 1540 1397 1548
f 1548 1397 1396
f 1548 1396 1549
f 1549 1396 1421
f 1549 1421 1550
f 1550 1421 1423
f 1550 1423 1551
f 1551 1423 1417
f 1551 1417 1552
f 1552 1417 1418
f 1552 1418 1553
f 1553 1418 1416
f 1553 1416 1554
f 1554 1416 1413
f 1554 1413 1555
f 1555 1413 1411
f 1555 1411 1556
f 1556 1411 1410
f 1556 1410 1557
f 1558 1559 1464
f 1464 1559 1560
f 1464 1560 1463
f 1463 1560 1561
f 1463 1561 1462
f 1462 1561 1562
f 1462 1562 1461
f 1461 1562 1563
f 1461 1563 1543
f 1542 1564 1437
f 1437 1564 1565
f 1437 1565 1438
f 1438 1565 1566
f 1438 1566 1439
f 1439 1566 1567
f 1439 1567 1431
f 1431 1567 1568
f 1431 1568 1424
f 1424 1568 1569
f 1424 1569 1433
f 1433 1569 1570
f 1433 1570 1434
f 1434 1570 1558
f 1434 1558 1466
f 1466 1558 1464
f 1410 1400 1557
f 1557 1400 1399
f 1557 1399 1571
f 1571 1399 1490
f 1571 1490 1572
f 1572 1490 1496
f 1572 1496 1573
f 1573 1496 1498
f 1573 1498 1574
f 1574 1498 1508
f 1574 1508 1575
f 1575 1508 1507
f 1575 1507 1576
f 1576 1507 1506
f 1576 1506 1577
f 1577 1506 1504
f 1577 1504 1578
f 1578 1504 1502
f 1578 1502 1579
f 1579 1502 1501
f 1579 1501 1547
f 1547 1501 1491
f 1547 1491 1444
f 1550 1580 1581
f 1582 1583 1557
f 1582 1584 1585
f 1582 1586 1583
f 1583 1586 1587
f 1583 1587 1557
f 1555 1588 1554
f 1554 1588 1589
f 1554 1589 1553
f 1553 1589 1590
f 1553 1590 1552
f 1552 1590 1591
f 1552 1591 1551
f 1550 1581 1549
f 1549 1581 1592
f 1549 1592 1548
f 1548 1592 1593
f 1548 1593 1540
f 1582 1585 1586
f 1586 1585 1594
f 1586 1594 1595
f 1596 1593 1597
f 1597 1593 1592
f 1597 1592 1598
f 1598 1592 1581
f 1598 1581 1599
f 1599 1581 1580
f 1599 1580 1600
f 1550 1551 1580
f 1580 1551 1591
f 1580 1591 1600
f 1600 1591 1590
f 1600 1590 1601
f 1601 1590 1589
f 1601 1589 1602
f 1602 1589 1588
f 1602 1588 1603
f 1603 1588 1555
f 1603 1555 1556
f 1596 1597 1604
f 1604 1597 1598
f 1604 1598 1605
f 1605 1598 1599
f 1605 1599 1606
f 1606 1599 1600
f 1606 1600 1607
f 1607 1600 1601
f 1607 1601 1595
f 1595 1601 1602
f 1595 1602 1586
f 1586 1602 1603
f 1586 1603 1587
f 1587 1603 1556
f 1587 1556 1557
f 1608 1609 1547
f 1547 1609 1610
f 1547 1610 1579
f 1579 1610 1611
f 1579 1611 1578
f 1578 1611 1612
f 1578 1612 1577
f 1577 1612 1613
f 1577 1613 1576
f 1576 1613 1614
f 1576 1614 1575
f 1575 1614 1615
f 1575 1615 1574
f 1574 1615 1616
f 1574 1616 1573
f 1573 1616 1617
f 1573 1617 1572
f 1572 1617 1618
f 1572 1618 1571
f 1619 1620 1621
f 1621 1620 1622
f 1621 1622 1623
f 1584 1582 1624
f 1624 1582 1625
f 1624 1625 1626
f 1626 1625 1627
f 1626 1627 1628
f 1628 1627 1629
f 1628 1629 1630
f 1630 1629 1631
f 1630 1631 1632
f 1632 1631 1633
f 1632 1633 1634
f 1634 1633 1635
f 1634 1635 1619
f 1619 1635 1636
f 1619 1636 1620
f 1557 1571 1582
f 1582 1571 1618
f 1582 1618 1625
f 1625 1618 1617
f 1625 1617 1627
f 1627 1617 1616
f 1627 1616 1629
f 1629 1616 1615
f 1629 1615 1631
f 1631 1615 1614
f 1631 1614 1633
f 1633 1614 1613
f 1633 1613 1635
f 1635 1613 1612
f 1635 1612 1636
f 1636 1612 1611
f 1636 1611 1620
f 1620 1611 1610
f 1620 1610 1622
f 1622 1610 1609
f 1622 1609 1623
f 1623 1609 1608
f 1544 1637 1638
f 1639 1640 1558
f 1639 1641 1642
f 1639 1643 1640
f 1640 1643 1644
f 1640 1644 1558
f 1560 1645 1561
f 1561 1645 1646
f 1561 1646 1562
f 1562 1646 1647
f 1562 1647 1563
f 1563 1647 1648
f 1563 1648 1543
f 1544 1638 1545
f 1545 1638 1649
f 1545 1649 1546
f 1546 1649 1608
f 1546 1608 1547
f 1639 1642 1643
f 1643 1642 1650
f 1643 1650 1651
f 1623 1608 1652
f 1652 1608 1649
f 1652 1649 1653
f 1653 1649 1638
f 1653 1638 1654
f 1654 1638 1637
f 1654 1637 1655
f 1544 1543 1637
f 1637 1543 1648
f 1637 1648 1655
f 1655 1648 1647
f 1655 1647 1656
f 1656 1647 1646
f 1656 1646 1657
f 1657 1646 1645
f 1657 1645 1658
f 1658 1645 1560
f 1658 1560 1559
f 1623 1652 1659
f 1659 1652 1653
f 1659 1653 1660
f 1660 1653 1654
f 1660 1654 1661
f 1661 1654 1655
f 1661 1655 1662
f 1662 1655 1656
f 1662 1656 1651
f 1651 1656 1657
f 1651 1657 1643
f 1643 1657 1658
f 1643 1658 1644
f 1644 1658 1559
f 1644 1559 1558
f 1593 1663 1540
f 1540 1663 1664
f 1540 1664 1541
f 1541 1664 1665
f 1541 1665 1542
f 1542 1665 1666
f 1542 1666 1564
f 1564 1666 1667
f 1564 1667 1565
f 1565 1667 1668
f 1565 1668 1566
f 1566 1668 1669
f 1566 1669 1567
f 1567 1669 1670
f 1567 1670 1568
f 1568 1670 1671
f 1568 1671 1569
f 1569 1671 1672
f 1569 1672 1570
f 1673 1674 1675
f 1675 1674 1676
f 1675 1676 1596
f 1641 1639 1677
f 1677 1639 1678
f 1677 1678 1679
f 1679 1678 1680
f 1679 1680 1681
f 1681 1680 1682
f 1681 1682 1683
f 1683 1682 1684
f 1683 1684 1685
f 1685 1684 1686
f 1685 1686 1687
f 1687 1686 1688
f 1687 1688 1673
f 1673 1688 1689
f 1673 1689 1674
f 1558 1570 1639
f 1639 1570 1672
f 1639 1672 1678
f 1678 1672 1671
f 1678 1671 1680
f 1680 1671 1670
f 1680 1670 1682
f 1682 1670 1669
f 1682 1669 1684
f 1684 1669 1668
f 1684 1668 1686
f 1686 1668 1667
f 1686 1667 1688
f 1688 1667 1666
f 1688 1666 1689
f 1689 1666 1665
f 1689 1665 1674
f 1674 1665 1664
f 1674 1664 1676
f 1676 1664 1663
f 1676 1663 1596
f 1596 1663 1593
f 1607 1595 1690
f 1690 1595 1691
f 1691 1595 1594
f 1691 1594 1692
f 1692 1594 1585
f 1692 1585 1693
f 1693 1585 1584
f 1693 1584 1694
f 1694 1584 1624
f 1694 1624 1695
f 1695 1624 1626
f 1695 1626 1696
f 1697 1660 1698
f 1698 1660 1661
f 1698 1661 1699
f 1699 1661 1662
f 1699 1662 1700
f 1690 1701 1607
f 1607 1701 1702
f 1607 1702 1606
f 1606 1702 1703
f 1606 1703 1605
f 1605 1703 1704
f 1700 1662 1705
f 1705 1662 1651
f 1705 1651 1706
f 1706 1651 1650
f 1706 1650 1707
f 1707 1650 1642
f 1707 1642 1708
f 1708 1642 1641
f 1708 1641 1709
f 1709 1641 1677
f 1709 1677 1710
f 1710 1677 1679
f 1710 1679 1711
f 1626 1628 1696
f 1696 1628 1630
f 1696 1630 1712
f 1712 1630 1632
f 1712 1632 1713
f 1713 1632 1634
f 1713 1634 1714
f 1714 1634 1619
f 1714 1619 1715
f 1715 1619 1621
f 1715 1621 1716
f 1716 1621 1623
f 1716 1623 1697
f 1697 1623 1659
f 1697 1659 1660
f 1679 1681 1711
f 1711 1681 1683
f 1711 1683 1717
f 1717 1683 1685
f 1717 1685 1718
f 1718 1685 1687
f 1718 1687 1719
f 1719 1687 1673
f 1719 1673 1720
f 1720 1673 1675
f 1720 1675 1721
f 1721 1675 1596
f 1721 1596 1704
f 1704 1596 1604
f 1704 1604 1605
f 1721 1704 1722
f 1723 1724 1725
f 1725 1724 1726
f 1725 1726 1727
f 1728 1729 1730
f 1731 1732 1733
f 1733 1732 1728
f 1733 1728 1734
f 1734 1728 1730
f 1735 1736 1737
f 1737 1736 1738
f 1737 1738 1739
f 1739 1738 1740
f 1692 1693 1741
f 1742 1691 1743
f 1743 1691 1692
f 1743 1692 1744
f 1744 1692 1741
f 1702 1701 1742
f 1742 1701 1690
f 1742 1690 1691
f 1742 1745 1702
f 1702 1745 1746
f 1702 1746 1703
f 1731 1726 1732
f 1732 1726 1724
f 1732 1724 1722
f 1722 1724 1723
f 1722 1723 1721
f 1704 1703 1722
f 1722 1703 1746
f 1722 1746 1732
f 1732 1746 1745
f 1732 1745 1728
f 1728 1745 1742
f 1728 1742 1729
f 1729 1742 1743
f 1741 1735 1744
f 1744 1735 1737
f 1744 1737 1743
f 1743 1737 1739
f 1743 1739 1729
f 1729 1739 1740
f 1729 1740 1730
f 1747 1748 1749
f 1750 1751 1708
f 1752 1753 1748
f 1748 1753 1754
f 1748 1754 1749
f 1747 1749 1755
f 1755 1749 1756
f 1755 1756 1757
f 1757 1756 1758
f 1757 1758 1759
f 1759 1758 1760
f 1760 1758 1761
f 1760 1761 1762
f 1725 1763 1723
f 1723 1763 1720
f 1723 1720 1721
f 1764 1765 1719
f 1719 1765 1718
f 1708 1709 1750
f 1750 1709 1710
f 1750 1710 1766
f 1766 1710 1711
f 1719 1720 1764
f 1764 1720 1763
f 1764 1763 1767
f 1767 1763 1725
f 1767 1725 1727
f 1749 1768 1756
f 1756 1768 1765
f 1756 1765 1758
f 1758 1765 1764
f 1758 1764 1761
f 1761 1764 1767
f 1761 1767 1762
f 1762 1767 1727
f 1753 1751 1754
f 1754 1751 1750
f 1754 1750 1749
f 1749 1750 1766
f 1749 1766 1768
f 1768 1766 1711
f 1768 1711 1765
f 1765 1711 1717
f 1765 1717 1718
f 1716 1697 1769
f 1770 1771 1772
f 1772 1771 1773
f 1772 1773 1774
f 1775 1776 1777
f 1778 1779 1780
f 1780 1779 1775
f 1780 1775 1781
f 1781 1775 1777
f 1753 1752 1782
f 1782 1752 1783
f 1782 1783 1784
f 1784 1783 1785
f 1707 1708 1751
f 1786 1706 1787
f 1787 1706 1707
f 1787 1707 1788
f 1788 1707 1751
f 1699 1700 1786
f 1786 1700 1705
f 1786 1705 1706
f 1786 1789 1699
f 1699 1789 1790
f 1699 1790 1698
f 1778 1773 1779
f 1779 1773 1771
f 1779 1771 1769
f 1769 1771 1770
f 1769 1770 1716
f 1697 1698 1769
f 1769 1698 1790
f 1769 1790 1779
f 1779 1790 1789
f 1779 1789 1775
f 1775 1789 1786
f 1775 1786 1776
f 1776 1786 1787
f 1751 1753 1788
f 1788 1753 1782
f 1788 1782 1787
f 1787 1782 1784
f 1787 1784 1776
f 1776 1784 1785
f 1776 1785 1777
f 1791 1792 1793
f 1794 1741 1693
f 1736 1735 1792
f 1792 1735 1795
f 1792 1795 1793
f 1791 1793 1796
f 1796 1793 1797
f 1796 1797 1798
f 1798 1797 1799
f 1798 1799 1800
f 1800 1799 1801
f 1801 1799 1802
f 1801 1802 1803
f 1772 1804 1770
f 1770 1804 1715
f 1770 1715 1716
f 1805 1806 1714
f 1714 1806 1713
f 1693 1694 1794
f 1794 1694 1695
f 1794 1695 1807
f 1807 1695 1696
f 1714 1715 1805
f 1805 1715 1804
f 1805 1804 1808
f 1808 1804 1772
f 1808 1772 1774
f 1793 1809 1797
f 1797 1809 1806
f 1797 1806 1799
f 1799 1806 1805
f 1799 1805 1802
f 1802 1805 1808
f 1802 1808 1803
f 1803 1808 1774
f 1735 1741 1795
f 1795 1741 1794
f 1795 1794 1793
f 1793 1794 1807
f 1793 1807 1809
f 1809 1807 1696
f 1809 1696 1806
f 1806 1696 1712
f 1806 1712 1713
f 1810 1811 1752
f 1791 1812 1792
f 1792 1812 1813
f 1792 1813 1736
f 1791 1796 1812
f 1812 1796 1798
f 1812 1798 1814
f 1814 1798 1800
f 1814 1800 1815
f 1815 1800 1801
f 1815 1801 1816
f 1816 1801 1803
f 1816 1803 1817
f 1813 1818 1736
f 1736 1818 1819
f 1736 1819 1738
f 1738 1819 1820
f 1738 1820 1740
f 1740 1820 1821
f 1740 1821 1730
f 1752 1811 1783
f 1783 1811 1822
f 1783 1822 1785
f 1785 1822 1823
f 1785 1823 1777
f 1755 1757 1824
f 1824 1757 1759
f 1824 1759 1825
f 1825 1759 1760
f 1825 1760 1826
f 1826 1760 1762
f 1826 1762 1827
f 1827 1762 1727
f 1827 1727 1828
f 1828 1727 1726
f 1828 1726 1829
f 1829 1726 1731
f 1829 1731 1830
f 1830 1731 1733
f 1830 1733 1821
f 1821 1733 1734
f 1821 1734 1730
f 1803 1774 1817
f 1817 1774 1773
f 1817 1773 1831
f 1831 1773 1778
f 1831 1778 1832
f 1832 1778 1780
f 1832 1780 1823
f 1823 1780 1781
f 1823 1781 1777
f 1810 1752 1833
f 1833 1752 1748
f 1833 1748 1824
f 1824 1748 1747
f 1824 1747 1755
f 1834 1835 1836
f 1836 1835 1837
f 1837 1835 1838
f 1837 1838 1839
f 1840 1841 1842
f 1842 1841 1843
f 1834 1836 1844
f 1844 1836 1845
f 1844 1845 1846
f 1846 1845 1847
f 1846 1847 1848
f 1839 1838 1849
f 1849 1838 1842
f 1849 1842 1850
f 1850 1842 1843
f 1850 1843 1851
f 1852 1853 1854
f 1854 1853 1855
f 1855 1853 1856
f 1855 1856 1857
f 1858 1859 1860
f 1860 1859 1861
f 1852 1854 1862
f 1862 1854 1863
f 1862 1863 1864
f 1864 1863 1865
f 1864 1865 1866
f 1857 1856 1867
f 1867 1856 1860
f 1867 1860 1868
f 1868 1860 1861
f 1868 1861 1869
f 1870 1828 1829
f 1870 1829 1871
f 1871 1829 1830
f 1871 1830 1872
f 1872 1830 1821
f 1872 1821 1873
f 1874 1827 1870
f 1870 1827 1828
f 1875 1824 1825
f 1875 1825 1876
f 1876 1825 1826
f 1876 1826 1877
f 1877 1826 1827
f 1877 1827 1874
f 1878 1833 1875
f 1875 1833 1824
f 1879 1822 1811
f 1879 1811 1880
f 1880 1811 1810
f 1880 1810 1881
f 1881 1810 1833
f 1881 1833 1878
f 1882 1823 1879
f 1879 1823 1822
f 1883 1817 1831
f 1883 1831 1884
f 1884 1831 1832
f 1884 1832 1885
f 1885 1832 1823
f 1885 1823 1882
f 1886 1816 1883
f 1883 1816 1817
f 1887 1812 1814
f 1887 1814 1888
f 1888 1814 1815
f 1888 1815 1889
f 1889 1815 1816
f 1889 1816 1886
f 1890 1813 1887
f 1887 1813 1812
f 1891 1820 1819
f 1891 1819 1892
f 1892 1819 1818
f 1892 1818 1893
f 1893 1818 1813
f 1893 1813 1890
f 1873 1821 1891
f 1891 1821 1820
f 1894 1895 1893
f 1893 1895 1896
f 1893 1896 1897
f 1898 1899 1900
f 1900 1899 1901
f 1897 1896 1902
f 1902 1896 1903
f 1902 1903 1904
f 1905 1906 1881
f 1881 1906 1898
f 1881 1898 1907
f 1907 1898 1900
f 1901 1908 1900
f 1900 1908 1902
f 1900 1902 1909
f 1909 1902 1904
f 1880 1881 1879
f 1879 1881 1907
f 1879 1907 1882
f 1882 1907 1910
f 1882 1910 1885
f 1885 1910 1911
f 1885 1911 1884
f 1884 1911 1912
f 1884 1912 1883
f 1883 1912 1913
f 1883 1913 1886
f 1886 1913 1914
f 1886 1914 1889
f 1889 1914 1915
f 1889 1915 1888
f 1888 1915 1916
f 1888 1916 1887
f 1887 1916 1917
f 1887 1917 1890
f 1890 1917 1918
f 1890 1918 1893
f 1893 1918 1919
f 1893 1919 1894
f 1892 1893 1891
f 1891 1893 1897
f 1891 1897 1873
f 1873 1897 1920
f 1873 1920 1872
f 1872 1920 1921
f 1872 1921 1871
f 1871 1921 1922
f 1871 1922 1870
f 1870 1922 1923
f 1870 1923 1874
f 1874 1923 1924
f 1874 1924 1877
f 1877 1924 1925
f 1877 1925 1876
f 1876 1925 1926
f 1876 1926 1875
f 1875 1926 1927
f 1875 1927 1878
f 1878 1927 1928
f 1878 1928 1881
f 1881 1928 1929
f 1881 1929 1905
f 1923 1845 1924
f 1924 1845 1836
f 1920 1846 1848
f 1920 1848 1921
f 1921 1848 1847
f 1921 1847 1922
f 1922 1847 1845
f 1922 1845 1923
f 1897 1844 1920
f 1920 1844 1846
f 1902 1834 1897
f 1897 1834 1844
f 1899 1842 1838
f 1899 1838 1901
f 1901 1838 1835
f 1901 1835 1908
f 1908 1835 1834
f 1908 1834 1902
f 1898 1840 1899
f 1899 1840 1842
f 1906 1841 1898
f 1898 1841 1840
f 1928 1850 1851
f 1928 1851 1929
f 1929 1851 1843
f 1929 1843 1905
f 1905 1843 1841
f 1905 1841 1906
f 1927 1849 1928
f 1928 1849 1850
f 1924 1836 1837
f 1924 1837 1925
f 1925 1837 1839
f 1925 1839 1926
f 1926 1839 1849
f 1926 1849 1927
f 1896 1858 1903
f 1903 1858 1860
f 1895 1859 1896
f 1896 1859 1858
f 1918 1868 1869
f 1918 1869 1919
f 1919 1869 1861
f 1919 1861 1894
f 1894 1861 1859
f 1894 1859 1895
f 1917 1867 1918
f 1918 1867 1868
f 1914 1854 1855
f 1914 1855 1915
f 1915 1855 1857
f 1915 1857 1916
f 1916 1857 1867
f 1916 1867 1917
f 1913 1863 1914
f 1914 1863 1854
f 1910 1864 1866
f 1910 1866 1911
f 1911 1866 1865
f 1911 1865 1912
f 1912 1865 1863
f 1912 1863 1913
f 1907 1862 1910
f 1910 1862 1864
f 1900 1852 1907
f 1907 1852 1862
f 1903 1860 1856
f 1903 1856 1904
f 1904 1856 1853
f 1904 1853 1909
f 1909 1853 1852
f 1909 1852 1900
f 772 746 748
f 772 748 777
f 777 748 750
f 777 750 775
f 775 750 752
f 775 752 773
f 773 752 754
f 773 754 795
f 795 754 755
f 795 755 793
f 793 755 756
f 793 756 791
f 791 756 757
f 791 757 789
f 789 757 758
f 789 758 764
f 629 287 324
f 1930 1931 1932
f 1930 1932 1933
f 1933 1932 1934
f 1933 1934 1935
f 629 324 627
f 323 1935 324
f 324 1935 1934
f 324 1934 627
f 627 1934 1932
f 627 1932 644
f 644 1932 1931
f 644 1931 626
f 360 1936 1937
f 360 1937 398
f 398 1937 1938
f 398 1938 350
f 1935 323 322
f 321 350 322
f 322 350 1938
f 322 1938 1935
f 1935 1938 1937
f 1935 1937 1933
f 1933 1937 1936
f 1933 1936 1930
f 1936 1939 1930
f 1930 1939 1940
f 355 354 1941
f 1942 1940 1941
f 1941 1940 1939
f 1941 1939 355
f 355 1939 1936
f 355 1936 360
f 626 1931 620
f 620 1931 1943
f 620 1943 621
f 621 1943 622
f 1940 1942 1944
f 571 622 1944
f 1944 622 1943
f 1944 1943 1940
f 1940 1943 1931
f 1940 1931 1930
f 497 545 362
f 361 373 428
f 428 373 372
f 587 572 519
f 571 1944 548
f 548 1944 1942
f 548 1942 1941
f 372 370 428
f 428 370 369
f 428 369 368
f 426 430 362
f 362 430 431
f 362 431 1945
f 580 583 585
f 421 419 413
f 413 419 417
f 413 417 415
f 361 428 362
f 362 428 427
f 362 427 426
f 1945 1946 362
f 362 1946 1947
f 362 1947 497
f 1941 354 548
f 548 354 353
f 548 353 357
f 368 382 428
f 428 382 337
f 428 337 413
f 413 337 423
f 413 423 421
f 571 548 572
f 572 548 550
f 572 550 549
f 549 558 572
f 572 558 520
f 572 520 519
f 587 519 585
f 585 519 577
f 585 577 580
f 545 546 362
f 362 546 544
f 362 544 364
f 364 544 548
f 364 548 365
f 365 548 357
f 449 1948 404
f 404 1948 405
f 1949 1946 1945
f 431 405 1945
f 1945 405 1948
f 1945 1948 1949
f 1949 1948 449
f 1949 449 448
f 460 1950 448
f 448 1950 1949
f 1947 1946 1949
f 1950 509 515
f 1949 1950 1947
f 1947 1950 515
f 1947 515 497
f 509 1950 508
f 508 1950 460
f 508 460 459

