# https://github.com/mikedh/trimesh

o Link2.STL
v -0.09000000 -0.06884556 0.22013462
v -0.09000000 -0.06801196 0.22216113
v -0.10400000 -0.06801196 0.22216113
v -0.09700000 0.07400000 0.19299994
v -0.10400000 0.07400000 0.19299997
v -0.10400000 0.07352286 0.20138979
v -0.09000000 0.07374717 0.19911182
v -0.09000000 0.07400000 0.19299991
v -0.09000000 0.07352286 0.20138979
v -0.09000000 0.07297426 0.20527834
v -0.10400000 0.06801196 0.22216113
v -0.09000099 0.06921594 0.21917543
v -0.09000000 0.07163657 0.21155266
v -0.09000120 0.06360434 0.23082183
v -0.09000120 0.06395619 0.23022373
v -0.09000096 0.05812687 0.23879597
v -0.10400000 0.05676528 0.24047317
v -0.09000093 0.05676530 0.24047320
v -0.09000117 0.06486312 0.22861992
v -0.09000105 0.06801198 0.22216114
v -0.10400000 0.04073128 0.25478157
v -0.09000048 0.04073125 0.25478151
v -0.09000054 0.04286030 0.25332412
v -0.09000075 0.05096144 0.24665573
v -0.09000036 0.03402648 0.25871304
v -0.10400000 0.02126222 0.26387960
v -0.09000021 0.02464991 0.26277369
v -0.09000000 0.00000000 0.26699999
v -0.09000003 0.00501172 0.26683009
v -0.10400000 -0.00000000 0.26699999
v -0.09000009 0.01491843 0.26548061
v -0.09000018 0.02126222 0.26387963
v -0.10400000 -0.02126222 0.26387960
v -0.09000000 -0.01417804 0.26562908
v -0.09000000 -0.00668182 0.26669770
v -0.09000000 -0.02905958 0.26105541
v -0.09000000 -0.03617417 0.25755563
v -0.10400000 -0.04073128 0.25478157
v -0.09000000 -0.02168083 0.26375267
v -0.09000000 -0.02126222 0.26387960
v -0.09000000 -0.04907206 0.24838890
v -0.09000000 -0.05462901 0.24291663
v -0.10400000 -0.05676528 0.24047317
v -0.09000000 -0.04288658 0.25330541
v -0.09000000 -0.04073128 0.25478157
v -0.09000000 -0.06395976 0.23021759
v -0.09000000 -0.06360435 0.23082176
v -0.09000000 -0.05676528 0.24047317
v -0.09000000 -0.07352286 0.20138979
v -0.09000000 -0.07297426 0.20527834
v -0.10400000 -0.07352286 0.20138979
v -0.09000000 -0.07163657 0.21155266
v -0.09000000 -0.06921594 0.21917544
v -0.10400000 -0.07400000 0.19299997
v -0.09700000 -0.07400000 0.19299994
v -0.09000000 -0.07374717 0.19911182
v -0.09000000 -0.07400000 0.19299991
v -0.04730543 0.07475344 0.18409193
v -0.04746157 0.07499091 0.19300000
v -0.00499983 0.07705472 0.19300011
v -0.06862085 0.07391703 0.18484247
v -0.09000000 0.07354072 0.18476821
v -0.06895211 0.07427759 0.19299993
v -0.09000000 0.07399956 0.19275455
v -0.09000000 0.05973887 0.14932771
v -0.09000000 0.06356148 0.15510622
v -0.07988614 0.06733588 0.16154838
v -0.09000000 0.05696608 0.14576794
v -0.08077693 0.06001634 0.14892356
v -0.09000000 0.05027859 0.13870391
v -0.08216080 0.05105786 0.13870868
v -0.09000000 0.04137376 0.13164681
v -0.08392373 0.04065101 0.13058650
v -0.09000000 0.04109931 0.13146262
v -0.09000000 0.03942524 0.13037689
v -0.08568206 0.02869363 0.12441766
v -0.09000000 0.02738073 0.12425192
v -0.09000000 0.02180712 0.12228613
v -0.08277428 0.02329860 0.12168214
v -0.09000000 0.02092987 0.12202153
v -0.07566172 0.00000003 0.11351290
v -0.07495207 0.00990281 0.11350692
v -0.07406971 -0.00000000 0.10849999
v -0.07344362 0.00960794 0.10850348
v -0.07257646 0.01480221 0.10851899
v -0.07305098 0.01973265 0.11392751
v -0.07165706 0.01876085 0.10854841
v -0.06825335 0.02881962 0.10877354
v -0.06992829 0.02913695 0.11473030
v -0.06815845 0.02904497 0.10878234
v -0.06577978 0.03779399 0.11605617
v -0.06362118 0.03805052 0.10936427
v -0.06659494 0.03249689 0.10894731
v -0.06090039 0.04549115 0.11804003
v -0.05794879 0.04637002 0.11052112
v -0.06093400 0.04228409 0.10985244
v -0.00807258 0.07631866 0.15814911
v -0.01086850 0.07561549 0.14897503
v -0.02974200 0.07303550 0.15435503
v -0.01451198 0.07463472 0.14117818
v -0.03234216 0.07128622 0.14678393
v -0.01918068 0.07320205 0.13426226
v -0.03570757 0.06904273 0.14009652
v -0.02480387 0.07113244 0.12817594
v -0.03986619 0.06615789 0.13414782
v -0.03118510 0.06823481 0.12289368
v -0.04473428 0.06245658 0.12889127
v -0.03796921 0.06439534 0.11850497
v -0.05011107 0.05778228 0.12439498
v -0.04507483 0.05934935 0.11491394
v -0.05559896 0.05213666 0.12078705
v -0.05165858 0.05347409 0.11235362
v -0.05415965 0.05085575 0.11155631
v -0.00519655 0.07705438 0.18162197
v -0.00616842 0.07680072 0.16900896
v -0.04769678 0.07381988 0.17464133
v -0.04849225 0.07224312 0.16586788
v -0.07206243 0.04436092 0.12868796
v -0.06634012 0.04672663 0.12667935
v -0.07467607 0.03844921 0.12553908
v -0.06980391 0.04060980 0.12366839
v -0.07711408 0.03187503 0.12289377
v -0.07302019 0.03371338 0.12122366
v -0.07576618 0.02605090 0.11932330
v -0.07793137 0.04231395 0.13000578
v -0.07970062 0.03652840 0.12674572
v -0.08135980 0.03019614 0.12395979
v -0.07936874 0.00000011 0.11680448
v -0.08446786 0.00000012 0.11851314
v -0.07901138 0.00895830 0.11710559
v -0.08437154 0.00805741 0.11889641
v -0.07781476 0.01773012 0.11795398
v -0.08380640 0.01588034 0.11997201
v -0.05932708 0.05690521 0.13458201
v -0.06682351 0.05448995 0.13660099
v -0.05620658 0.06100724 0.13945612
v -0.06451383 0.05876183 0.14137572
v -0.05354504 0.06452873 0.14492805
v -0.06255226 0.06255779 0.14671536
v -0.05139181 0.06755048 0.15106747
v -0.06096965 0.06591851 0.15269485
v -0.04972556 0.07012271 0.15800054
v -0.05974564 0.06884977 0.15942475
v -0.06920333 0.07059141 0.16799854
v -0.06979649 0.06787783 0.16059607
v -0.07059297 0.06465431 0.15397038
v -0.07162416 0.06100042 0.14804834
v -0.07290831 0.05694924 0.14274499
v -0.07443088 0.05249748 0.13799104
v -0.06939870 0.04969038 0.13236608
v -0.06278622 0.05214293 0.13030681
v -0.09000000 0.06709973 0.16179696
v -0.09000000 0.06808502 0.16400981
v -0.09000000 0.07001161 0.16903383
v -0.06881575 0.07265379 0.17613980
v -0.09000000 0.07218807 0.17672475
v -0.09000000 0.07352942 0.18466786
v -0.08759877 0.00000008 0.11891416
v -0.09000000 0.00000000 0.11899998
v -0.09000000 0.00069742 0.11900327
v -0.09000000 0.01420156 0.12037550
v -0.09000000 0.00721329 0.11935239
v -0.07999104 0.06961652 0.21870661
v -0.06956333 0.06999137 0.21950532
v -0.06909159 0.07321435 0.20636106
v -0.05583740 0.05039334 0.26893860
v -0.04152965 0.06012419 0.27159393
v -0.05048231 0.05588207 0.26625371
v -0.03411185 0.06447621 0.26813433
v -0.04512459 0.06040504 0.26244688
v -0.02354087 0.06897691 0.26320505
v -0.04027222 0.06410047 0.25738209
v -0.02187715 0.06969398 0.26127690
v -0.03597591 0.06725737 0.25075194
v -0.06130699 0.03755767 0.27821586
v -0.05957250 0.04069899 0.27808774
v -0.06200453 0.03804630 0.27519941
v -0.05424356 0.04832625 0.27752179
v -0.05666050 0.04661460 0.27428409
v -0.04834440 0.05475156 0.27476764
v -0.06706528 0.02270819 0.27846515
v -0.06669250 0.02692227 0.27569848
v -0.06899549 0.01400916 0.27849361
v -0.07004730 0.01308805 0.27590868
v -0.06938016 0.01150511 0.27849606
v -0.06631476 0.02526482 0.27844808
v -0.06512502 0.02880168 0.27841273
v -0.06371085 0.03241698 0.27835399
v -0.07014562 0.00176058 0.27849996
v -0.07130866 -0.00000034 0.27551433
v -0.07016300 0.00000000 0.27850002
v -0.08678442 0.00752532 0.26672176
v -0.08633617 0.01578561 0.26549923
v -0.08565384 0.02358346 0.26347461
v -0.08486089 0.03084266 0.26073563
v -0.08401936 0.03757687 0.25734705
v -0.08234483 0.04953609 0.24875753
v -0.08315545 0.04381185 0.25334287
v -0.08056247 0.06350096 0.23175202
v -0.08106524 0.05938909 0.23795986
v -0.08165261 0.05472840 0.24362823
v -0.03224660 0.07004686 0.24220486
v -0.01013128 0.07461948 0.23680976
v -0.02960264 0.07219222 0.23297794
v -0.00730940 0.07585540 0.22387139
v -0.02801893 0.07364149 0.22450392
v -0.00564427 0.07664432 0.20996796
v -0.02644674 0.07530086 0.20914385
v -0.01909521 0.07086869 0.25747547
v -0.01706552 0.07171556 0.25414342
v -0.01322460 0.07331386 0.24604669
v -0.04978792 0.06949922 0.22906069
v -0.07003132 0.06741124 0.22625294
v -0.07080594 0.06406500 0.23308147
v -0.04877598 0.07158495 0.22159433
v -0.04776473 0.07411385 0.20756933
v -0.05147014 0.06665485 0.23691267
v -0.06112422 0.06517282 0.23479334
v -0.05383743 0.06317712 0.24419414
v -0.06283833 0.06140362 0.24156816
v -0.05657310 0.05936188 0.25012550
v -0.06482320 0.05727705 0.24726959
v -0.05969138 0.05511038 0.25495744
v -0.06710307 0.05273706 0.25208670
v -0.06317680 0.05023051 0.25890949
v -0.06967990 0.04764947 0.25618470
v -0.06670287 0.04461841 0.26207215
v -0.07231987 0.04193598 0.25962472
v -0.06996298 0.03813249 0.26458260
v -0.07479131 0.03548216 0.26248485
v -0.07297295 0.03044759 0.26657733
v -0.07708535 0.02804038 0.26483181
v -0.07563409 0.02118652 0.26807433
v -0.07909989 0.01933841 0.26662844
v -0.07751554 0.01026277 0.26900044
v -0.08049548 0.00933896 0.26775473
v -0.07805428 -0.00000012 0.26928201
v -0.08252978 0.00000018 0.26764697
v -0.08357546 0.00842575 0.26703453
v -0.08265808 0.01753489 0.26579878
v -0.08129904 0.02574231 0.26381052
v -0.07973629 0.03302976 0.26119980
v -0.07806388 0.03954980 0.25803542
v -0.07630846 0.04545546 0.25430986
v -0.07462451 0.05081400 0.25000244
v -0.07315728 0.05566404 0.24509309
v -0.07189363 0.06007578 0.23948887
v -0.08875486 0.00000011 0.26701021
v -0.07424954 -0.00000036 0.27198762
v -0.07204548 0.01213619 0.27323306
v -0.06919998 0.02498157 0.27279961
v -0.06523356 0.03547137 0.27199730
v -0.06074264 0.04375474 0.27075985
v -0.02890584 0.06656326 0.26809287
v -0.03058128 0.06576227 0.26929247
v -0.03868532 0.06138887 0.27358091
v -0.03454433 0.06374244 0.27166143
v -0.05237783 0.05046305 0.27724579
v -0.04678335 0.05571825 0.27614149
v -0.04091555 0.05999036 0.27442399
v 0.00000000 0.06700002 0.29749995
v 0.00000000 0.06972706 0.28127629
v -0.01488328 0.06572144 0.29749998
v -0.00750430 0.07038783 0.27486873
v -0.03133721 0.06466424 0.27492842
v -0.01886545 0.06493176 0.29749998
v -0.02346587 0.06737978 0.27491304
v -0.01549120 0.06927511 0.27489316
v -0.04155597 0.05584969 0.29749998
v -0.03439766 0.05976702 0.29749998
v -0.03009973 0.06158026 0.29749998
v -0.06294090 0.02622824 0.29749998
v -0.06178452 0.02955992 0.29749998
v -0.06309730 0.03268844 0.28164917
v -0.05795534 0.03800129 0.29749998
v -0.06101057 0.03741322 0.28067535
v -0.06512780 0.02697035 0.28259653
v -0.06636338 0.02262009 0.28317481
v -0.06583455 0.01421949 0.29749998
v -0.06845549 0.01174978 0.28414652
v -0.06700002 0.00000000 0.29749995
v -0.06919701 0.00155041 0.28448802
v -0.06812710 0.00000000 0.29099545
v -0.06920847 0.00000000 0.28450009
v -0.04619920 0.05247952 0.29749998
v -0.05093164 0.04799317 0.29749998
v -0.05543509 0.04219006 0.29749998
v -0.05919888 0.04087554 0.27983215
v -0.06009215 0.03923118 0.28024736
v -0.01952882 0.07028399 0.26133642
v -0.00976270 0.07261348 0.25677916
v 0.00000000 0.07372796 0.25222784
v -0.00710053 0.07594461 0.14622888
v -0.00707242 0.07580618 0.22503853
v 0.00000000 0.07723538 0.18288416
v 0.00000000 0.07677802 0.21179177
v 0.00000000 0.07696541 0.16551782
v 0.00000000 0.07644423 0.15008119
v 0.00000000 0.07400000 0.10749998
v -0.01455421 0.07255463 0.10749998
v -0.02101713 0.07095266 0.10749999
v -0.02199070 0.07065699 0.10749998
v -0.02919058 0.06799933 0.10749999
v -0.03613022 0.06458024 0.10749999
v -0.04030329 0.06206162 0.10749999
v -0.04267497 0.06045533 0.10749999
v -0.05233039 0.05232141 0.10749999
v -0.06131075 0.04143660 0.10749999
v -0.05627004 0.04805915 0.10749999
v -0.06807365 0.02901687 0.10749999
v -0.06760237 0.03009851 0.10749999
v -0.07250628 0.01479328 0.10749999
v -0.07400000 0.00000000 0.10749999
v -0.07336691 0.00965894 0.10749999
v 0.00000000 0.07611922 0.22501616
v 0.00000000 0.07514779 0.23807555
v -0.00000024 -0.07568441 0.23141026
v 0.00000000 -0.07372796 0.25222784
v -0.00707264 -0.07579182 0.22527032
v -0.00839154 -0.07537444 0.22964057
v -0.00625403 -0.07634445 0.21627226
v -0.02354027 -0.06897715 0.26320449
v -0.02146791 -0.06986827 0.26076552
v -0.02023342 -0.07007241 0.26166260
v -0.00983166 -0.07260095 0.25681147
v -0.01881261 -0.07098711 0.25704151
v -0.01468773 -0.07270461 0.24945901
v -0.01104802 -0.07422923 0.23990642
v -0.00000004 -0.07610483 0.22524782
v -0.00000003 -0.07700634 0.20474350
v -0.00519076 -0.07689425 0.20238936
v -0.00000007 -0.07724396 0.18620653
v -0.00500008 -0.07705471 0.19300011
v 0.00000000 -0.07696541 0.16551782
v -0.00547366 -0.07698415 0.17644179
v 0.00000003 -0.07669118 0.15653045
v -0.00685218 -0.07662508 0.16424964
v 0.00000005 -0.07630998 0.14694233
v -0.00696708 -0.07367130 0.10749999
v 0.00000000 -0.07399999 0.10749999
v -0.07396653 -0.00390269 0.10850038
v -0.07336691 -0.00965894 0.10749999
v -0.07294032 -0.01288710 0.10851090
v -0.07250351 -0.01480682 0.10749999
v -0.07257369 -0.01481576 0.10851917
v -0.07030615 -0.02333308 0.10861589
v -0.06806900 -0.02902778 0.10749999
v -0.06815349 -0.02905670 0.10878290
v -0.06657380 -0.03254061 0.10894991
v -0.06760237 -0.03009851 0.10749999
v -0.06169520 -0.04114557 0.10970342
v -0.06130738 -0.04144157 0.10749999
v -0.05627004 -0.04805915 0.10749999
v -0.04905800 -0.05595547 0.11328231
v -0.05558134 -0.04925236 0.11114383
v -0.05725267 -0.04724717 0.11069596
v -0.05233039 -0.05232141 0.10749999
v -0.04268066 -0.06045131 0.10749999
v -0.04206688 -0.06162947 0.11632260
v -0.04030329 -0.06206162 0.10749999
v -0.03482398 -0.06628174 0.12040897
v -0.03613534 -0.06457737 0.10749999
v -0.03170251 -0.06797127 0.12252046
v -0.02919498 -0.06799746 0.10749999
v -0.01455660 -0.07255416 0.10749999
v -0.01885362 -0.07331018 0.13467763
v -0.02101713 -0.07095266 0.10749999
v -0.02167444 -0.07233509 0.13134551
v -0.02199414 -0.07065591 0.10749999
v -0.02476313 -0.07114899 0.12821469
v -0.02786472 -0.06982137 0.12547404
v -0.00911326 -0.07605945 0.15421028
v -0.01219509 -0.07526947 0.14577168
v -0.00710362 -0.07597581 0.14693302
v -0.01408547 -0.07475487 0.14194779
v -0.01647040 -0.07406152 0.13798596
v -0.00772209 -0.07640614 0.15969485
v -0.06569539 -0.02508004 0.28286165
v -0.06512828 -0.02696864 0.28259727
v -0.06294090 -0.02622824 0.29749998
v -0.04865902 -0.05411676 0.27656227
v -0.04219000 -0.05543514 0.29749998
v -0.05093164 -0.04799317 0.29749998
v -0.03067125 -0.06571838 0.26935384
v -0.02490778 -0.06837898 0.26462594
v -0.02346587 -0.06737978 0.27491304
v -0.01549120 -0.06927511 0.27489316
v -0.03868477 -0.06138913 0.27358115
v -0.03600837 -0.06294242 0.27239805
v -0.03133721 -0.06466424 0.27492842
v -0.04264907 -0.05882663 0.27500135
v -0.02955985 -0.06178454 0.29749998
v -0.04155597 -0.05584969 0.29749998
v -0.04687781 -0.05564076 0.27616435
v -0.05247946 -0.04619926 0.29749998
v -0.05795534 -0.03800129 0.29749998
v -0.06009131 -0.03923104 0.28024924
v -0.05920036 -0.04087403 0.27983344
v -0.05424381 -0.04832594 0.27752182
v -0.05293530 -0.04984813 0.27733278
v -0.05976697 -0.03439775 0.29749998
v -0.06310286 -0.03267051 0.28165311
v -0.06100915 -0.03741249 0.28067729
v -0.06914867 -0.00339945 0.28446716
v -0.06615593 -0.02341604 0.28307638
v -0.06493174 -0.01886558 0.29749998
v -0.06823024 -0.01335877 0.28404525
v -0.06610341 -0.01249968 0.29749998
v -0.01488328 -0.06572144 0.29749998
v -0.00750430 -0.07038783 0.27486873
v 0.00000000 -0.06700002 0.29749995
v -0.01421940 -0.06583455 0.29749998
v 0.00000000 -0.07202882 0.26575571
v -0.04836194 -0.05473639 0.27477583
v -0.03415627 -0.06445493 0.26815492
v -0.04155887 -0.06010628 0.27160734
v -0.07998997 -0.06961658 0.21870655
v -0.04746170 -0.07499087 0.19299988
v -0.04027195 -0.06410061 0.25738204
v -0.03597565 -0.06725749 0.25075182
v -0.03224633 -0.07004695 0.24220470
v -0.02960240 -0.07219229 0.23297779
v -0.02801871 -0.07364154 0.22450379
v -0.02644652 -0.07530088 0.20914373
v -0.02597908 -0.07592131 0.19300000
v -0.08056146 -0.06350107 0.23175199
v -0.08106428 -0.05938923 0.23795985
v -0.08315474 -0.04381217 0.25334278
v -0.08234400 -0.04953634 0.24875747
v -0.08165172 -0.05472858 0.24362820
v -0.08565336 -0.02358394 0.26347452
v -0.08486032 -0.03084310 0.26073554
v -0.08401874 -0.03757725 0.25734696
v -0.08633578 -0.01578608 0.26549917
v -0.08678406 -0.00752573 0.26672173
v -0.06946136 -0.01090119 0.27849731
v -0.07004721 -0.01308862 0.27590868
v -0.06512368 -0.02880443 0.27841499
v -0.06631432 -0.02526448 0.27845159
v -0.06669235 -0.02692274 0.27569848
v -0.06726164 -0.02198299 0.27847385
v -0.06899501 -0.01401030 0.27849549
v -0.06200434 -0.03804665 0.27519941
v -0.06130693 -0.03755729 0.27821761
v -0.06413263 -0.03139292 0.27837566
v -0.04512430 -0.06040521 0.26244682
v -0.05048203 -0.05588228 0.26625368
v -0.05583715 -0.05039359 0.26893860
v -0.05666031 -0.04661486 0.27428406
v -0.05533838 -0.04696383 0.27766335
v -0.05981247 -0.04028736 0.27810821
v -0.07003044 -0.06741137 0.22625290
v -0.06956244 -0.06999146 0.21950527
v -0.06909068 -0.07321440 0.20636100
v -0.07751536 -0.01026326 0.26900050
v -0.08049521 -0.00933942 0.26775479
v -0.07563382 -0.02118699 0.26807439
v -0.07909960 -0.01933889 0.26662847
v -0.07297266 -0.03044801 0.26657736
v -0.07708499 -0.02804083 0.26483184
v -0.06996262 -0.03813286 0.26458266
v -0.07479089 -0.03548257 0.26248488
v -0.06670247 -0.04461874 0.26207221
v -0.07231942 -0.04193635 0.25962478
v -0.06317635 -0.05023081 0.25890955
v -0.06967936 -0.04764980 0.25618476
v -0.05969089 -0.05511064 0.25495747
v -0.06710249 -0.05273735 0.25208673
v -0.05657260 -0.05936210 0.25012553
v -0.06482257 -0.05727730 0.24726962
v -0.05383689 -0.06317731 0.24419411
v -0.06283766 -0.06140384 0.24156818
v -0.05146959 -0.06665501 0.23691261
v -0.06112352 -0.06517300 0.23479331
v -0.04978737 -0.06949935 0.22906061
v -0.04877543 -0.07158503 0.22159426
v -0.04776416 -0.07411390 0.20756924
v -0.07080509 -0.06406516 0.23308145
v -0.07189283 -0.06007598 0.23948887
v -0.07315654 -0.05566427 0.24509311
v -0.07462382 -0.05081428 0.25000247
v -0.07630783 -0.04545580 0.25430986
v -0.07806331 -0.03955019 0.25803542
v -0.07973582 -0.03303019 0.26119977
v -0.08129862 -0.02574277 0.26381049
v -0.08265775 -0.01753536 0.26579878
v -0.08357516 -0.00842619 0.26703453
v -0.07204536 -0.01213672 0.27323309
v -0.06919980 -0.02498204 0.27279967
v -0.06523333 -0.03547174 0.27199733
v -0.06074239 -0.04375504 0.27075985
v -0.02979594 -0.07299858 0.15416235
v -0.09000000 -0.01156214 0.11990882
v -0.08387199 -0.01524046 0.11985703
v -0.08286950 -0.02274101 0.12152840
v -0.08439881 -0.00734371 0.11883324
v -0.09000000 -0.02047040 0.12188765
v -0.08573925 -0.02823367 0.12423369
v -0.09000000 -0.02692844 0.12407351
v -0.08397815 -0.04031824 0.13037460
v -0.09000000 -0.03993212 0.13069889
v -0.08079726 -0.05986929 0.14872073
v -0.09000000 -0.05606571 0.14470261
v -0.08219966 -0.05082627 0.13849142
v -0.09000000 -0.05003460 0.13847899
v -0.09000000 -0.04137376 0.13164681
v -0.07989421 -0.06726023 0.16138220
v -0.09000000 -0.06709976 0.16179705
v -0.08028731 -0.06379946 0.15472431
v -0.09000000 -0.06356148 0.15510622
v -0.09000000 -0.05958415 0.14911684
v -0.09000000 -0.07399956 0.19275296
v -0.06862153 -0.07391210 0.18478937
v -0.04730676 -0.07474991 0.18403414
v -0.04770374 -0.07380470 0.17453212
v -0.04851047 -0.07220963 0.16571869
v -0.03243102 -0.07122711 0.14657274
v -0.03584288 -0.06895152 0.13987146
v -0.04005614 -0.06602100 0.13391447
v -0.06123638 -0.04501831 0.11788759
v -0.05592270 -0.05176901 0.12059993
v -0.05040626 -0.05750375 0.12417814
v -0.04498177 -0.06225628 0.12865847
v -0.06610480 -0.03720436 0.11594083
v -0.07021032 -0.02843102 0.11465122
v -0.07325819 -0.01892306 0.11387950
v -0.07505941 -0.00901572 0.11348405
v -0.07002455 -0.04018172 0.12349103
v -0.06655072 -0.04638228 0.12648305
v -0.07222089 -0.04402548 0.12848571
v -0.07981408 -0.03613027 0.12654825
v -0.08147091 -0.02972109 0.12377930
v -0.07907462 -0.00816105 0.11705493
v -0.07794860 -0.01701137 0.11786330
v -0.07595250 -0.02542724 0.11919829
v -0.07323521 -0.03318965 0.12106973
v -0.06954099 -0.04941788 0.13215449
v -0.06297670 -0.05186880 0.13009547
v -0.06694144 -0.05427314 0.13638660
v -0.05948595 -0.05669325 0.13436410
v -0.06460364 -0.05859339 0.14116545
v -0.05632822 -0.06084825 0.13924094
v -0.06261596 -0.06242959 0.14651379
v -0.05363161 -0.06441172 0.14472130
v -0.06101141 -0.06582443 0.15250632
v -0.05144868 -0.06746703 0.15087371
v -0.05977110 -0.06878501 0.15925439
v -0.04976020 -0.07006638 0.15782458
v -0.07803825 -0.04198299 0.12979808
v -0.07450897 -0.05227457 0.13777710
v -0.07296729 -0.05677153 0.14253592
v -0.07166573 -0.06086221 0.14784835
v -0.07062015 -0.06455131 0.15378405
v -0.06981307 -0.06780641 0.16042908
v -0.06921215 -0.07054812 0.16785924
v -0.09000000 -0.07354072 0.18476821
v -0.09000000 -0.07335931 0.18328342
v -0.06881917 -0.07263364 0.17603894
v -0.09000000 -0.07218807 0.17672476
v -0.09000000 -0.07001185 0.16903456
v -0.09000000 -0.06752650 0.16273166
v -0.10400000 -0.07335931 0.18328342
v -0.10400000 0.07352942 0.18466786
v -0.10400000 0.06808502 0.16400981
v -0.10400000 0.05696608 0.14576794
v -0.10400000 0.04109931 0.13146262
v -0.10400000 0.02180712 0.12228613
v -0.10400000 0.00069742 0.11900327
v -0.10400000 -0.02047040 0.12188765
v -0.10400000 -0.03993212 0.13069889
v -0.10400000 -0.05606571 0.14470261
v -0.10400000 -0.06752650 0.16273166
v -0.10400000 -0.06812400 0.21300299
v -0.10400000 -0.05972900 0.23138548
v -0.10400000 -0.04649511 0.24665821
v -0.10400000 -0.02949446 0.25758386
v -0.10400000 -0.01010435 0.26327732
v -0.10400000 0.01010435 0.26327732
v -0.10400000 0.02949447 0.25758386
v -0.10400000 0.04649511 0.24665821
v -0.10400000 0.05972900 0.23138548
v -0.10400000 0.06812400 0.21300299
v -0.10400000 0.07100000 0.19299997
v -0.10400000 0.06812400 0.17299697
v -0.10400000 0.05972900 0.15461448
v -0.10400000 0.04649511 0.13934176
v -0.10400000 0.02949447 0.12841611
v -0.10400000 0.01010435 0.12272266
v -0.10400000 -0.01010435 0.12272266
v -0.10400000 -0.02949446 0.12841611
v -0.10400000 -0.04649511 0.13934176
v -0.10400000 -0.05972900 0.15461448
v -0.10400000 -0.06812400 0.17299697
v -0.10400000 -0.07100000 0.19299997
v -0.10450000 -0.07100000 0.19299997
v -0.10450000 -0.06812400 0.21300299
v -0.10450000 -0.05972900 0.23138548
v -0.10450000 -0.04649511 0.24665821
v -0.10450000 -0.02949446 0.25758386
v -0.10450000 -0.01010435 0.26327732
v -0.10450000 0.01010435 0.26327732
v -0.10450000 0.02949447 0.25758386
v -0.10450000 0.04649511 0.24665821
v -0.10450000 0.05972900 0.23138548
v -0.10450000 0.06812400 0.21300299
v -0.10450000 0.07100000 0.19299997
v -0.10450000 0.06812400 0.17299697
v -0.10450000 0.05972900 0.15461448
v -0.10450000 0.04649511 0.13934176
v -0.10450000 0.02949447 0.12841611
v -0.10450000 0.01010435 0.12272266
v -0.10450000 -0.01010435 0.12272266
v -0.10450000 -0.02949446 0.12841611
v -0.10450000 -0.04649511 0.13934176
v -0.10450000 -0.05972900 0.15461448
v -0.10450000 -0.06812400 0.17299697
v -0.10449997 -0.07267317 0.20692268
v -0.10449994 -0.07399984 0.19300333
v -0.10449997 -0.01392280 0.26567316
v -0.10449997 -0.02799573 0.26149914
v -0.10449997 0.01392281 0.12032682
v -0.10449997 0.02799573 0.12450084
v -0.10449997 -0.04096392 0.25462067
v -0.10449997 -0.05232577 0.24532568
v -0.10449997 -0.06162072 0.23396382
v -0.10449997 -0.06849918 0.22099562
v -0.10449997 0.07267318 0.17907728
v -0.10449994 0.07399985 0.19299664
v -0.10450000 0.07267366 0.20692016
v -0.10450000 0.06849987 0.22099392
v -0.10450000 0.06162133 0.23396289
v -0.10449997 0.04096393 0.13137932
v -0.10449997 0.05232577 0.14067428
v -0.10449997 0.06162072 0.15203615
v -0.10449997 0.06849918 0.16500434
v -0.10450000 -0.07267366 0.17907982
v -0.10450000 -0.06849987 0.16500604
v -0.10450000 -0.06162133 0.15203707
v -0.10450000 0.05232603 0.24532542
v -0.10450000 0.04096362 0.25462085
v -0.10450000 0.02799471 0.26149955
v -0.10450000 0.01392100 0.26567349
v -0.10449994 -0.00000253 0.26699990
v -0.10450000 -0.05232603 0.14067455
v -0.10450000 -0.04096362 0.13137911
v -0.10450000 -0.02799471 0.12450042
v -0.10450000 -0.01392100 0.12032648
v -0.10449994 0.00000254 0.11900006
v -0.51930439 -0.00000006 0.25192344
v -0.53100002 0.00000000 0.25200000
v -0.53100002 -0.00922963 0.25127360
v -0.53100002 -0.05256939 0.21978542
v -0.53100002 -0.05461473 0.21532109
v -0.47762489 -0.05344282 0.21479043
v -0.13121358 -0.07110740 0.20656520
v -0.13126752 -0.07241481 0.19300245
v -0.15779054 -0.06879922 0.20611174
v -0.21085104 -0.06398513 0.20519246
v -0.20881620 -0.06536216 0.19299997
v -0.26404324 -0.05958846 0.20437607
v -0.26435268 -0.06067711 0.19299990
v -0.31737930 -0.05645868 0.20380417
v -0.30881807 -0.05790044 0.19299996
v -0.37079954 -0.05523206 0.20357169
v -0.35160875 -0.05651274 0.19300006
v -0.42423755 -0.05553496 0.20361346
v -0.39646178 -0.05629161 0.19300012
v -0.47763449 -0.05676523 0.20383093
v -0.46187568 -0.05746634 0.19300011
v -0.51974392 -0.05892887 0.19300000
v -0.53100002 -0.05827361 0.20222962
v -0.53100002 -0.05900000 0.19299997
v -0.13121358 -0.01356533 0.26410738
v -0.13126647 -0.00000232 0.26541489
v -0.15779054 -0.01311186 0.26179919
v -0.20680222 -0.00000170 0.25854588
v -0.21085104 -0.01219257 0.25698510
v -0.26367310 -0.00000130 0.25372794
v -0.26404324 -0.01137617 0.25258845
v -0.30814666 -0.00000103 0.25093293
v -0.31737930 -0.01080427 0.24945866
v -0.35090023 -0.00000081 0.24952544
v -0.37079954 -0.01057178 0.24823202
v -0.39567846 -0.00000061 0.24928667
v -0.42423755 -0.01061356 0.24853493
v -0.46069598 -0.00000032 0.25043535
v -0.47763449 -0.01083103 0.24976520
v -0.53100002 -0.03266319 0.24213365
v -0.53100002 -0.04171930 0.23471928
v -0.47761762 -0.04076873 0.23376866
v -0.53100002 -0.02232119 0.24761467
v -0.47762489 -0.02179052 0.24644276
v -0.13121876 -0.06699754 0.22030234
v -0.15779957 -0.06481526 0.21939510
v -0.21085924 -0.06027645 0.21754481
v -0.26404673 -0.05614138 0.21589130
v -0.31737852 -0.05319980 0.21472833
v -0.37079662 -0.05203648 0.21425821
v -0.42423099 -0.05229989 0.21434666
v -0.13122192 -0.06023684 0.23298478
v -0.15780503 -0.05826665 0.23166376
v -0.21086419 -0.05418459 0.22895385
v -0.26404887 -0.05047896 0.22651778
v -0.31737813 -0.04784756 0.22479799
v -0.37079495 -0.04680010 0.22410633
v -0.42422730 -0.04702341 0.22424179
v -0.47761941 -0.04803861 0.22490005
v -0.53100002 -0.04913371 0.22566310
v -0.13122296 -0.05111569 0.24411561
v -0.15780684 -0.04943586 0.24243577
v -0.21086586 -0.04597156 0.23897147
v -0.26404959 -0.04284090 0.23584081
v -0.31737801 -0.04062359 0.23362352
v -0.37079442 -0.03973627 0.23273620
v -0.42422611 -0.03991713 0.23291706
v -0.13122192 -0.03998489 0.25323677
v -0.15780503 -0.03866386 0.25126660
v -0.21086419 -0.03595395 0.24718451
v -0.26404887 -0.03351787 0.24347889
v -0.31737813 -0.03179808 0.24084750
v -0.37079495 -0.03110641 0.23980004
v -0.42422730 -0.03124187 0.24002334
v -0.47761941 -0.03190014 0.24103855
v -0.53100002 -0.02678544 0.24556936
v -0.13121876 -0.02730246 0.25999752
v -0.15779957 -0.02639521 0.25781521
v -0.21085924 -0.02454492 0.25327641
v -0.26404673 -0.02289140 0.24914132
v -0.31737852 -0.02172843 0.24619976
v -0.37079662 -0.02125830 0.24503642
v -0.42423099 -0.02134676 0.24529985
v -0.12882110 -0.06717192 0.16562474
v -0.12881637 -0.07129081 0.17939959
v -0.15556097 -0.06900296 0.17985135
v -0.53100002 -0.05827361 0.18377034
v -0.51930439 0.00000006 0.13407654
v -0.46069598 0.00000032 0.13556464
v -0.47731429 -0.01082794 0.13624366
v -0.39567846 0.00000061 0.13671331
v -0.42359638 -0.01061046 0.13747507
v -0.35090023 0.00000082 0.13647452
v -0.36983764 -0.01057187 0.13776092
v -0.30814666 0.00000104 0.13506705
v -0.31609797 -0.01081265 0.13648783
v -0.26367310 0.00000130 0.13227202
v -0.26244509 -0.01139634 0.13329329
v -0.20680222 0.00000170 0.12745412
v -0.20893952 -0.01222310 0.12884378
v -0.13126647 0.00000232 0.12058509
v -0.15556097 -0.01314941 0.12399717
v -0.12881637 -0.01360119 0.12170932
v -0.53100002 -0.02678544 0.14043060
v -0.53100002 -0.02232037 0.13838495
v -0.47730470 -0.02178631 0.13956551
v -0.53100002 -0.00922963 0.13472638
v -0.47729921 -0.03189483 0.14496900
v -0.53100002 -0.03266294 0.14386617
v -0.12882397 -0.06039521 0.15290856
v -0.12882492 -0.05125149 0.14174907
v -0.15556982 -0.06500781 0.16652764
v -0.20893952 -0.06415634 0.18077761
v -0.20894781 -0.06043785 0.16839178
v -0.26244509 -0.05970682 0.18160433
v -0.26244873 -0.05625280 0.17006609
v -0.31609797 -0.05651228 0.18218797
v -0.31609729 -0.05325045 0.17125307
v -0.36983764 -0.05523918 0.18242875
v -0.36983472 -0.05204365 0.17174016
v -0.42359638 -0.05552503 0.18239015
v -0.42358994 -0.05229101 0.17165813
v -0.47731429 -0.05675646 0.18217269
v -0.47730470 -0.05343473 0.17121428
v -0.42358994 -0.02134244 0.14070921
v -0.42358625 -0.03123636 0.14598472
v -0.36983472 -0.02126042 0.14095657
v -0.36983311 -0.03111036 0.14619364
v -0.31609729 -0.02174751 0.13974978
v -0.31609693 -0.03182721 0.14510743
v -0.26244873 -0.02293453 0.13674745
v -0.26245096 -0.03358255 0.14242171
v -0.20894781 -0.02460889 0.13256241
v -0.20895284 -0.03604898 0.13867094
v -0.15556982 -0.02647308 0.12799248
v -0.15557516 -0.03877877 0.13456035
v -0.12882110 -0.02737601 0.12582837
v -0.12882397 -0.04009211 0.13260522
v -0.53100002 -0.00000000 0.13399999
v -0.53100002 -0.05461528 0.17068022
v -0.53100002 -0.05256939 0.16621454
v -0.15557516 -0.05844007 0.15422188
v -0.20895284 -0.05432945 0.15695162
v -0.26245096 -0.05057865 0.15941800
v -0.31609693 -0.04789291 0.16117331
v -0.36983311 -0.04680670 0.16189015
v -0.42358625 -0.04701561 0.16176416
v -0.47729921 -0.04803135 0.16110569
v -0.53100002 -0.04913419 0.16033760
v -0.15557694 -0.04958306 0.14341748
v -0.20895451 -0.04609397 0.14690654
v -0.26245174 -0.04292475 0.15007572
v -0.31609681 -0.04066164 0.15233880
v -0.36983263 -0.03974176 0.15325867
v -0.42358506 -0.03991045 0.15308999
v -0.47729748 -0.04076241 0.15223804
v -0.53100002 -0.04171930 0.15128069
v -0.53100002 0.00922963 0.13472638
v -0.53100002 0.05256939 0.16621454
v -0.53100002 0.05461473 0.17067887
v -0.47762489 0.05344282 0.17120953
v -0.13121358 0.07110741 0.17943475
v -0.13126749 0.07241481 0.19299752
v -0.15779054 0.06879922 0.17988822
v -0.21085104 0.06398513 0.18080750
v -0.20881635 0.06536216 0.19299999
v -0.26404324 0.05958846 0.18162389
v -0.26435357 0.06067705 0.19300006
v -0.31737930 0.05645869 0.18219580
v -0.30881888 0.05790041 0.19300000
v -0.37079954 0.05523206 0.18242827
v -0.35160965 0.05651272 0.19299990
v -0.42423755 0.05553496 0.18238650
v -0.39646316 0.05629162 0.19299984
v -0.47763449 0.05676523 0.18216904
v -0.46187764 0.05746639 0.19299985
v -0.51974469 0.05892888 0.19299994
v -0.53100002 0.05827361 0.18377034
v -0.53100002 0.05900000 0.19299997
v -0.13121358 0.01356533 0.12189259
v -0.15779054 0.01311186 0.12420078
v -0.21085104 0.01219257 0.12901486
v -0.26404324 0.01137617 0.13341154
v -0.31737930 0.01080427 0.13654131
v -0.37079954 0.01057178 0.13776794
v -0.42423755 0.01061356 0.13746503
v -0.47763449 0.01083103 0.13623476
v -0.53100002 0.03266319 0.14386632
v -0.53100002 0.04171930 0.15128069
v -0.47761762 0.04076873 0.15223131
v -0.53100002 0.02232119 0.13838528
v -0.47762489 0.02179052 0.13955718
v -0.13121879 0.06699755 0.16569762
v -0.15779957 0.06481527 0.16660486
v -0.21085924 0.06027645 0.16845514
v -0.26404673 0.05614138 0.17010866
v -0.31737852 0.05319981 0.17127164
v -0.37079662 0.05203648 0.17174175
v -0.42423099 0.05229989 0.17165330
v -0.13122192 0.06023684 0.15301518
v -0.15780503 0.05826665 0.15433620
v -0.21086422 0.05418459 0.15704611
v -0.26404887 0.05047897 0.15948218
v -0.31737813 0.04784757 0.16120197
v -0.37079495 0.04680010 0.16189364
v -0.42422730 0.04702341 0.16175817
v -0.47761941 0.04803861 0.16109991
v -0.53100002 0.04913371 0.16033687
v -0.13122296 0.05111569 0.14188436
v -0.15780684 0.04943586 0.14356419
v -0.21086586 0.04597156 0.14702849
v -0.26404959 0.04284090 0.15015914
v -0.31737801 0.04062359 0.15237644
v -0.37079442 0.03973627 0.15326376
v -0.42422611 0.03991713 0.15308291
v -0.13122192 0.03998489 0.13276321
v -0.15780503 0.03866386 0.13473339
v -0.21086422 0.03595395 0.13881545
v -0.26404887 0.03351787 0.14252107
v -0.31737813 0.03179808 0.14515246
v -0.37079495 0.03110641 0.14619993
v -0.42422730 0.03124188 0.14597662
v -0.47761941 0.03190014 0.14496142
v -0.53100002 0.02678544 0.14043060
v -0.13121879 0.02730246 0.12600248
v -0.15779957 0.02639521 0.12818475
v -0.21085924 0.02454492 0.13272357
v -0.26404673 0.02289140 0.13685864
v -0.31737852 0.02172843 0.13980021
v -0.37079662 0.02125830 0.14096354
v -0.42423099 0.02134676 0.14070012
v -0.12882110 0.06717192 0.22037522
v -0.12881637 0.07129081 0.20660037
v -0.15556097 0.06900296 0.20614861
v -0.53100002 0.05827361 0.20222962
v -0.47731429 0.01082794 0.24975632
v -0.42359638 0.01061047 0.24852489
v -0.36983764 0.01057187 0.24823903
v -0.31609797 0.01081265 0.24951215
v -0.26244509 0.01139634 0.25270668
v -0.20893952 0.01222311 0.25715619
v -0.15556097 0.01314942 0.26200280
v -0.12881637 0.01360120 0.26429066
v -0.53100002 0.02678544 0.24556936
v -0.53100002 0.02232037 0.24761501
v -0.47730470 0.02178631 0.24643445
v -0.53100002 0.00922963 0.25127360
v -0.47729921 0.03189483 0.24103096
v -0.53100002 0.03266294 0.24213380
v -0.12882397 0.06039521 0.23309140
v -0.12882492 0.05125149 0.24425089
v -0.15556982 0.06500781 0.21947233
v -0.20893952 0.06415634 0.20522235
v -0.20894781 0.06043785 0.21760818
v -0.26244509 0.05970682 0.20439564
v -0.26244873 0.05625280 0.21593387
v -0.31609797 0.05651228 0.20381199
v -0.31609729 0.05325045 0.21474689
v -0.36983764 0.05523918 0.20357122
v -0.36983472 0.05204365 0.21425980
v -0.42359638 0.05552503 0.20360982
v -0.42358994 0.05229101 0.21434183
v -0.47731429 0.05675646 0.20382728
v -0.47730470 0.05343473 0.21478568
v -0.42358994 0.02134245 0.24529074
v -0.42358625 0.03123636 0.24001524
v -0.36983472 0.02126042 0.24504340
v -0.36983311 0.03111037 0.23980632
v -0.31609729 0.02174751 0.24625018
v -0.31609693 0.03182722 0.24089253
v -0.26244873 0.02293453 0.24925251
v -0.26245096 0.03358255 0.24357826
v -0.20894781 0.02460889 0.25343755
v -0.20895284 0.03604898 0.24732903
v -0.15556982 0.02647309 0.25800750
v -0.15557516 0.03877877 0.25143963
v -0.12882110 0.02737601 0.26017159
v -0.12882397 0.04009211 0.25339475
v -0.53100002 0.05461528 0.21531974
v -0.53100002 0.05256939 0.21978542
v -0.15557516 0.05844007 0.23177809
v -0.20895284 0.05432945 0.22904834
v -0.26245096 0.05057865 0.22658196
v -0.31609693 0.04789291 0.22482665
v -0.36983311 0.04680670 0.22410981
v -0.42358625 0.04701561 0.22423580
v -0.47729921 0.04803135 0.22489427
v -0.53100002 0.04913419 0.22566237
v -0.15557694 0.04958307 0.24258249
v -0.20895451 0.04609398 0.23909342
v -0.26245174 0.04292475 0.23592424
v -0.31609681 0.04066164 0.23366116
v -0.36983263 0.03974176 0.23274130
v -0.42358506 0.03991045 0.23290998
v -0.47729748 0.04076241 0.23376192
v -0.53100002 0.04171930 0.23471928
v -0.53549999 -0.05900000 0.19299997
v -0.53549999 0.05900000 0.19299997
v -0.53549999 0.05827361 0.20222962
v -0.53549999 -0.05256939 0.21978542
v -0.53549999 -0.05827361 0.20222962
v -0.53549999 -0.04171930 0.23471928
v -0.53549999 -0.02678544 0.24556936
v -0.53549999 -0.00922963 0.25127360
v -0.53549999 0.00922963 0.25127360
v -0.53549999 0.02678544 0.24556936
v -0.53549999 0.04171930 0.23471928
v -0.53549999 0.05256939 0.21978542
v -0.53549999 0.05256939 0.16621454
v -0.53549999 0.05827361 0.18377034
v -0.53549999 0.04171930 0.15128069
v -0.53549999 0.02678544 0.14043060
v -0.53549999 0.00922963 0.13472638
v -0.53549999 -0.00922963 0.13472638
v -0.53549999 -0.02678544 0.14043060
v -0.53549999 -0.04171930 0.15128069
v -0.53549999 -0.05256939 0.16621454
v -0.53549999 -0.05827361 0.18377034
v -0.53549999 0.05325916 0.17569503
v -0.53549999 0.04530495 0.16008401
v -0.53549999 0.03291598 0.14769503
v -0.53549999 0.01730495 0.13974081
v -0.53549999 -0.00000000 0.13699998
v -0.53549999 -0.01730495 0.13974081
v -0.53549999 -0.03291598 0.14769503
v -0.53549999 -0.04530495 0.16008401
v -0.53549999 -0.05325916 0.17569503
v -0.53549999 -0.05600000 0.19299997
v -0.53549999 -0.05325916 0.21030493
v -0.53549999 -0.04530495 0.22591595
v -0.53549999 -0.03291598 0.23830493
v -0.53549999 -0.01730495 0.24625915
v -0.53549999 0.00000000 0.24899997
v -0.53549999 0.01730495 0.24625915
v -0.53549999 0.03291598 0.23830493
v -0.53549999 0.04530495 0.22591595
v -0.53549999 0.05325916 0.21030493
v -0.53549999 0.05600000 0.19299997
v -0.53600001 -0.05600000 0.19299997
v -0.53600001 -0.05325916 0.21030493
v -0.53600001 -0.04530495 0.22591595
v -0.53600001 -0.03291598 0.23830493
v -0.53600001 -0.01730495 0.24625915
v -0.53600001 0.00000000 0.24899997
v -0.53600001 0.01730495 0.24625915
v -0.53600001 0.03291598 0.23830493
v -0.53600001 0.04530495 0.22591595
v -0.53600001 0.05325916 0.21030493
v -0.53600001 0.05600000 0.19299997
v -0.53600001 0.05325916 0.17569503
v -0.53600001 0.04530495 0.16008401
v -0.53600001 0.03291598 0.14769503
v -0.53600001 0.01730495 0.13974081
v -0.53600001 -0.00000000 0.13699998
v -0.53600001 -0.01730495 0.13974081
v -0.53600001 -0.03291598 0.14769503
v -0.53600001 -0.04530495 0.16008401
v -0.53600001 -0.05325916 0.17569503
v 0.05995400 -0.02506263 0.29749998
v 0.06228210 -0.02818754 0.29749998
v 0.06289420 -0.01232670 0.29749998
v 0.06583454 -0.01421953 0.29749998
v 0.06379999 -0.00000000 0.29749998
v 0.06700001 -0.00000000 0.29749998
v 0.06289420 0.01232670 0.29749998
v 0.01435855 0.06581128 0.29749995
v 0.01421944 0.06583456 0.29749995
v 0.01232671 0.06289420 0.29749998
v 0.06573552 0.01480231 0.29749998
v 0.06493174 0.01886560 0.29749998
v 0.05995400 0.02506263 0.29749998
v 0.06228210 0.02818754 0.29749998
v 0.05479686 0.03709998 0.29749998
v 0.05976699 0.03439777 0.29749998
v 0.05133176 0.04247518 0.29749998
v 0.01232671 -0.06289420 0.29749998
v 0.01886547 -0.06493177 0.29749995
v 0.02506262 -0.05995400 0.29749998
v 0.02909021 -0.06195829 0.29749995
v 0.03709998 -0.05479686 0.29749998
v -0.06289420 -0.01232670 0.29749998
v -0.05995400 -0.02506263 0.29749998
v -0.05479686 -0.03709998 0.29749998
v -0.05995400 0.02506263 0.29749998
v -0.06289421 0.01232670 0.29749998
v -0.06380001 0.00000000 0.29749998
v -0.01232670 -0.06289420 0.29749998
v 0.00000000 -0.06380000 0.29749998
v 0.01435855 -0.06581128 0.29749995
v -0.05133175 -0.04247518 0.29749998
v -0.04723474 -0.04723474 0.29749998
v -0.04247518 -0.05133176 0.29749998
v -0.03709998 -0.05479686 0.29749998
v -0.02506262 -0.05995400 0.29749998
v -0.01232670 0.06289420 0.29749998
v -0.02506262 0.05995400 0.29749998
v -0.03709998 0.05479686 0.29749998
v 0.03439768 -0.05976703 0.29749995
v 0.04072838 -0.05637197 0.29749995
v 0.04247518 -0.05133176 0.29749998
v 0.04619921 -0.05247954 0.29749995
v 0.04723473 -0.04723474 0.29749998
v 0.05133176 -0.04247518 0.29749998
v 0.00000000 0.06380000 0.29749998
v 0.05355867 -0.04483147 0.29749995
v 0.05543510 -0.04219009 0.29749995
v 0.05479686 -0.03709998 0.29749998
v 0.05701824 -0.03965689 0.29749998
v 0.06178452 -0.02955996 0.29749998
v -0.04247518 0.05133176 0.29749998
v -0.04723474 0.04723474 0.29749998
v -0.05133175 0.04247518 0.29749998
v -0.05479686 0.03709998 0.29749998
v 0.02175452 0.06423638 0.29749995
v 0.02506262 0.05995400 0.29749998
v 0.02909021 0.06195829 0.29749995
v 0.05355867 0.04483147 0.29749995
v 0.05247948 0.04619927 0.29749995
v 0.04723473 0.04723474 0.29749998
v 0.04950153 0.04949354 0.29749995
v 0.04247518 0.05133176 0.29749998
v 0.04219003 0.05543515 0.29749995
v 0.03709998 0.05479686 0.29749998
v 0.04072838 0.05637197 0.29749995
v 0.02955988 0.06178455 0.29749995
v 0.07280293 0.00764396 0.25707984
v 0.07315918 0.00000000 0.25704500
v 0.07657829 -0.00000000 0.21651857
v 0.07161885 0.01581104 0.25711212
v 0.06988933 0.02299561 0.25713560
v 0.06749909 0.03011192 0.25715449
v 0.06141413 0.04236604 0.25717711
v 0.05751437 0.04793800 0.25718275
v 0.04351624 0.06068026 0.25717854
v 0.05302258 0.05301382 0.25718462
v 0.03107445 0.06711854 0.25715673
v 0.02325003 0.06981597 0.25713634
v 0.01533515 0.07171056 0.25711039
v 0.00740463 0.07282503 0.25707880
v 0.01445087 0.07316089 0.24546343
v 0.01060248 0.07357848 0.24726179
v 0.03172860 0.06881787 0.23742275
v 0.03056743 0.06924600 0.23797038
v 0.02959393 0.06958810 0.23843269
v 0.02109322 0.07198171 0.24239753
v 0.03843706 0.06588762 0.23430295
v 0.06414238 0.04274864 0.22231750
v 0.05931547 0.04940569 0.22458285
v 0.05317288 0.05587633 0.22746010
v 0.04625267 0.06131991 0.23067082
v 0.04461407 0.06239797 0.23143058
v 0.07642045 0.00495447 0.21661364
v 0.07508665 0.01516004 0.21724877
v 0.07248016 0.02507501 0.21845417
v 0.07078782 0.02972442 0.21923523
v 0.06876135 0.03437972 0.22017194
v 0.03053557 -0.06925813 0.23798519
v 0.03172869 -0.06881887 0.23742191
v 0.03107445 -0.06711854 0.25715673
v 0.07280293 -0.00764396 0.25707984
v 0.07642016 -0.00496028 0.21661384
v 0.07161885 -0.01581104 0.25711212
v 0.06988933 -0.02299561 0.25713560
v 0.07508135 -0.01518629 0.21725149
v 0.07247700 -0.02507976 0.21845606
v 0.07078801 -0.02972444 0.21923557
v 0.06749909 -0.03011192 0.25715449
v 0.06875885 -0.03438733 0.22017348
v 0.06141413 -0.04236604 0.25717711
v 0.06414381 -0.04274642 0.22231685
v 0.05302258 -0.05301382 0.25718462
v 0.05926104 -0.04947141 0.22460850
v 0.05751437 -0.04793800 0.25718275
v 0.03835106 -0.06593131 0.23434292
v 0.04461424 -0.06239757 0.23143044
v 0.04351624 -0.06068026 0.25717854
v 0.04617784 -0.06137033 0.23070547
v 0.05310949 -0.05593382 0.22748981
v 0.01060464 -0.07357859 0.24726155
v 0.02325003 -0.06981597 0.25713634
v 0.01533515 -0.07171056 0.25711039
v 0.00740463 -0.07282503 0.25707880
v 0.01445136 -0.07316075 0.24546364
v 0.02108328 -0.07198172 0.24240178
v 0.02959434 -0.06958828 0.23843305
v 0.01464239 -0.07433657 0.23146072
v 0.01483028 -0.07545292 0.20967767
v 0.03010677 -0.07100496 0.20969625
v 0.04411231 -0.06272420 0.23151948
v 0.02976112 -0.07005642 0.23149802
v 0.07644423 -0.00000000 0.15008119
v 0.07696541 -0.00000000 0.16551782
v 0.07662855 -0.00717959 0.16551048
v 0.07653142 -0.00716290 0.20966551
v 0.07723773 -0.00000000 0.18341742
v 0.07675371 -0.00000000 0.21241947
v 0.07399999 0.00000000 0.10749998
v 0.07340499 -0.00936259 0.10749999
v 0.07548806 -0.01498952 0.16550349
v 0.07253950 -0.01462951 0.10749999
v 0.06905705 -0.02659169 0.10749999
v 0.07101890 -0.02982730 0.16549319
v 0.06812950 -0.02888550 0.10749999
v 0.06407152 -0.04305286 0.16548736
v 0.06135118 -0.04137678 0.10749999
v 0.06760232 -0.03009849 0.10749999
v 0.05466526 -0.05465588 0.16548543
v 0.04436869 -0.06318956 0.16548698
v 0.04261479 -0.06049774 0.10749999
v 0.04890912 -0.05553262 0.10749999
v 0.05233038 -0.05232147 0.10749999
v 0.05966541 -0.04909655 0.16548592
v 0.05626987 -0.04805900 0.10749999
v 0.06072670 -0.04228791 0.10749999
v 0.00712756 -0.07663344 0.16551052
v 0.00695312 -0.07367221 0.10749999
v 0.01763414 -0.07186809 0.10749999
v 0.00711115 -0.07653613 0.20966542
v 0.04456400 -0.06344926 0.20970693
v 0.05496410 -0.05495467 0.20970966
v 0.05995856 -0.04935157 0.20970881
v 0.06431898 -0.04322985 0.20970625
v 0.07111418 -0.02983109 0.20969598
v 0.07543332 -0.01493312 0.20967782
v 0.03712172 -0.06677239 0.23151077
v 0.03752201 -0.06761102 0.20970260
v 0.03742478 -0.06742448 0.16548944
v 0.01488640 -0.07550842 0.16550358
v 0.02257198 -0.07359547 0.16549774
v 0.03010017 -0.07090642 0.16549304
v 0.03425795 -0.06559233 0.10749999
v 0.04030329 -0.06206163 0.10749999
v 0.02101705 -0.07095244 0.10749999
v 0.02914481 -0.06801897 0.10749999
v 0.00712756 0.07663344 0.16551052
v 0.00711115 0.07653613 0.20966542
v 0.07653142 0.00716290 0.20966551
v 0.07111418 0.02983109 0.20969598
v 0.07543332 0.01493312 0.20967782
v 0.05496410 0.05495467 0.20970966
v 0.05995856 0.04935157 0.20970881
v 0.06431898 0.04322985 0.20970625
v 0.04456400 0.06344926 0.20970693
v 0.04411231 0.06272420 0.23151948
v 0.03712172 0.06677239 0.23151077
v 0.02976112 0.07005642 0.23149802
v 0.01464239 0.07433657 0.23146072
v 0.00695318 0.07367261 0.10749998
v 0.01488640 0.07550842 0.16550358
v 0.02101714 0.07095266 0.10749998
v 0.02257198 0.07359547 0.16549774
v 0.02195476 0.07066816 0.10749998
v 0.03010017 0.07090642 0.16549304
v 0.02914481 0.06801897 0.10749998
v 0.03607636 0.06461035 0.10749998
v 0.03742478 0.06742448 0.16548944
v 0.04030329 0.06206162 0.10749998
v 0.04436869 0.06318956 0.16548698
v 0.04261481 0.06049776 0.10749998
v 0.05466526 0.05465588 0.16548543
v 0.05233036 0.05232144 0.10749998
v 0.07662855 0.00717959 0.16551048
v 0.05627004 0.04805915 0.10749998
v 0.05966541 0.04909655 0.16548592
v 0.06135115 0.04137676 0.10749998
v 0.06407152 0.04305286 0.16548736
v 0.06760236 0.03009851 0.10749998
v 0.07101890 0.02982730 0.16549319
v 0.06812949 0.02888550 0.10749998
v 0.07548806 0.01498952 0.16550349
v 0.07253949 0.01462950 0.10749998
v 0.07336692 0.00965894 0.10749998
v 0.03752201 0.06761102 0.20970260
v 0.03010677 0.07100496 0.20969625
v 0.01483028 0.07545292 0.20967767
v -0.07400000 0.00000000 0.10199998
v 0.07336692 0.00965894 0.10199998
v 0.07399999 0.00000000 0.10199998
v -0.07336691 0.00965894 0.10199998
v -0.06760237 0.03009851 0.10199998
v -0.05627004 0.04805915 0.10199998
v -0.04030329 0.06206162 0.10199998
v -0.02101713 0.07095266 0.10199998
v 0.00000000 0.07400000 0.10199998
v 0.02101714 0.07095266 0.10199998
v 0.04030329 0.06206162 0.10199998
v 0.05627004 0.04805915 0.10199998
v 0.06760236 0.03009851 0.10199998
v 0.07336692 -0.00965894 0.10199998
v -0.07336691 -0.00965894 0.10199998
v -0.06760237 -0.03009851 0.10199998
v 0.06760236 -0.03009851 0.10199998
v 0.05627004 -0.04805915 0.10199998
v -0.02101713 -0.07095266 0.10199998
v -0.04030329 -0.06206162 0.10199998
v 0.00000000 -0.07400000 0.10199998
v 0.02101714 -0.07095266 0.10199998
v 0.04030329 -0.06206162 0.10199998
v -0.05627004 -0.04805915 0.10199998
v -0.05593319 0.00000000 0.30080685
v -0.05531644 0.01094841 0.30081636
v -0.05310553 0.02221976 0.30082351
v -0.04880018 0.03295767 0.30082783
v -0.04576501 0.03780519 0.30082890
v -0.04210405 0.04210405 0.30082926
v -0.03780518 0.04576501 0.30082890
v -0.03295767 0.04880018 0.30082783
v -0.02221976 0.05310553 0.30082351
v -0.01094842 0.05531644 0.30081636
v 0.00000000 0.05593318 0.30080685
v 0.00000000 0.04750000 0.30199999
v -0.00950180 0.04722973 0.30199999
v -0.01547365 0.04655860 0.30199999
v -0.01923479 0.04581360 0.30200002
v -0.02708819 0.04315533 0.30200002
v -0.03287786 0.03986385 0.30200002
v -0.03667727 0.03667727 0.30200002
v -0.03986385 0.03287786 0.30200002
v -0.04308934 0.02723300 0.30200002
v -0.04581360 0.01923479 0.30200002
v -0.04750000 0.00000000 0.30199999
v -0.04722973 0.00950179 0.30199999
v -0.04641536 0.01632260 0.30200002
v 0.00000000 -0.05593318 0.30080685
v -0.01094842 -0.05531644 0.30081636
v -0.02221976 -0.05310553 0.30082351
v -0.03295767 -0.04880018 0.30082783
v -0.03780518 -0.04576501 0.30082890
v -0.04210405 -0.04210405 0.30082926
v -0.04576501 -0.03780519 0.30082890
v -0.04880018 -0.03295767 0.30082783
v -0.05310553 -0.02221976 0.30082351
v -0.05531644 -0.01094841 0.30081636
v -0.04722973 -0.00950179 0.30199999
v -0.04655861 -0.01547356 0.30199999
v -0.04581360 -0.01923479 0.30200002
v -0.04315535 -0.02708812 0.30200002
v -0.03986385 -0.03287786 0.30200002
v -0.03667727 -0.03667727 0.30200002
v -0.03287786 -0.03986385 0.30200002
v -0.02723300 -0.04308934 0.30200002
v -0.01923479 -0.04581360 0.30200002
v 0.00000000 -0.04750000 0.30199999
v -0.00950180 -0.04722973 0.30199999
v -0.01632259 -0.04641536 0.30200002
v 0.05593318 -0.00000000 0.30080685
v 0.05531644 -0.01094841 0.30081636
v 0.05310552 -0.02221976 0.30082351
v 0.04880019 -0.03295767 0.30082783
v 0.04576502 -0.03780519 0.30082890
v 0.04210404 -0.04210405 0.30082926
v 0.03780519 -0.04576501 0.30082890
v 0.03295766 -0.04880018 0.30082783
v 0.02221975 -0.05310553 0.30082351
v 0.01094841 -0.05531644 0.30081636
v 0.00950179 -0.04722973 0.30199999
v 0.01547364 -0.04655860 0.30199999
v 0.01923478 -0.04581360 0.30200002
v 0.02708818 -0.04315533 0.30200002
v 0.03287785 -0.03986385 0.30200002
v 0.03667727 -0.03667727 0.30200002
v 0.03986384 -0.03287786 0.30200002
v 0.04308933 -0.02723300 0.30200002
v 0.04581359 -0.01923479 0.30200002
v 0.04750000 -0.00000000 0.30199999
v 0.04722973 -0.00950179 0.30199999
v 0.04641536 -0.01632260 0.30200002
v 0.01094841 0.05531644 0.30081636
v 0.02221975 0.05310553 0.30082351
v 0.03295766 0.04880018 0.30082783
v 0.03780519 0.04576501 0.30082890
v 0.04210404 0.04210405 0.30082926
v 0.04576502 0.03780519 0.30082890
v 0.04880019 0.03295767 0.30082783
v 0.05310552 0.02221976 0.30082351
v 0.05531644 0.01094841 0.30081636
v 0.04722973 0.00950179 0.30199999
v 0.04655862 0.01547356 0.30199999
v 0.04581359 0.01923479 0.30200002
v 0.04315536 0.02708812 0.30200002
v 0.03986384 0.03287786 0.30200002
v 0.03667727 0.03667727 0.30200002
v 0.03287785 0.03986385 0.30200002
v 0.02723301 0.04308934 0.30200002
v 0.01923478 0.04581360 0.30200002
v 0.00950179 0.04722973 0.30199999
v 0.01632259 0.04641536 0.30200002
v -0.02708819 0.04315533 0.30199999
v -0.03561656 0.03561656 0.30199999
v 0.04315536 0.02708812 0.30199999
v 0.03561657 0.03561656 0.30199999
v 0.04504276 -0.01544377 0.30199999
v 0.04435407 -0.01888796 0.30199999
v 0.04308933 -0.02723300 0.30199999
v 0.02708818 -0.04315533 0.30199999
v 0.03561657 -0.03561656 0.30199999
v -0.04315535 -0.02708812 0.30199999
v -0.03561656 -0.03561656 0.30199999
v 0.03667727 -0.03667727 0.30199999
v 0.04109393 -0.02791787 0.30199999
v 0.04160656 -0.02686628 0.30199999
v 0.01544378 0.04504275 0.30199999
v 0.01888797 0.04435407 0.30199999
v 0.02723301 0.04308934 0.30199999
v 0.04641536 -0.01632260 0.30199999
v 0.04600001 -0.00000000 0.30199999
v 0.04573346 0.00939593 0.30199999
v 0.04503292 0.01550326 0.30199999
v 0.04435407 0.01888796 0.30199999
v 0.04183603 0.02636629 0.30199999
v 0.04109393 0.02791787 0.30199999
v -0.01544378 -0.04504275 0.30199999
v -0.01888796 -0.04435407 0.30199999
v -0.02723300 -0.04308934 0.30199999
v -0.04504275 0.01544377 0.30199999
v -0.04435408 0.01888796 0.30199999
v -0.04308934 0.02723300 0.30199999
v 0.03667727 0.03667727 0.30199999
v 0.02791787 0.04109394 0.30199999
v 0.02686628 0.04160657 0.30199999
v -0.03667727 -0.03667727 0.30199999
v -0.02791786 -0.04109394 0.30199999
v -0.02686628 -0.04160657 0.30199999
v -0.03667727 0.03667727 0.30199999
v -0.04109394 0.02791786 0.30199999
v -0.04160657 0.02686628 0.30199999
v 0.01632259 0.04641536 0.30199999
v 0.00000000 0.04600000 0.30199999
v -0.00939592 0.04573346 0.30199999
v -0.01550325 0.04503292 0.30199999
v -0.01888796 0.04435407 0.30199999
v -0.02636629 0.04183602 0.30199999
v -0.02791787 0.04109394 0.30199999
v -0.01632259 -0.04641536 0.30199999
v 0.00000000 -0.04600000 0.30199999
v 0.00939593 -0.04573346 0.30199999
v 0.01550326 -0.04503292 0.30199999
v 0.01888797 -0.04435407 0.30199999
v 0.02636630 -0.04183602 0.30199999
v 0.02791787 -0.04109394 0.30199999
v -0.04641536 0.01632260 0.30199999
v -0.04600000 -0.00000001 0.30199999
v -0.04573346 -0.00939594 0.30199999
v -0.04503291 -0.01550326 0.30199999
v -0.04435408 -0.01888797 0.30199999
v -0.04183602 -0.02636629 0.30199999
v -0.04109394 -0.02791787 0.30199999
v -0.00666847 0.03287499 0.29749998
v 0.00000000 0.03299999 0.29749998
v 0.00000000 0.03912832 0.29787478
v -0.02133172 0.02929571 0.29749998
v -0.02019250 0.02987185 0.29749998
v -0.02424371 0.03580434 0.29807174
v -0.01256208 0.03223695 0.29749998
v -0.01633806 0.03859164 0.29807174
v -0.00809233 0.03976417 0.29807174
v -0.02592858 0.02592858 0.29749998
v -0.03102691 0.03102691 0.29807174
v -0.02800564 0.02343436 0.29749998
v -0.03580434 0.02424371 0.29807174
v -0.02987185 0.02019249 0.29749998
v -0.03859165 0.01633805 0.29807174
v -0.03165260 0.01524136 0.29749998
v -0.03976418 0.00809231 0.29807174
v -0.03287500 0.00666847 0.29749998
v -0.03299196 0.00237828 0.29749998
v -0.03912831 -0.00000000 0.29787478
v -0.03299999 -0.00000001 0.29749998
v -0.00000001 0.04396819 0.29980344
v -0.00879486 0.04311907 0.29945004
v -0.01771699 0.04178986 0.29945004
v -0.03871289 0.02623802 0.29945004
v -0.04178986 0.01771699 0.29945004
v -0.04311907 0.00879485 0.29945004
v -0.04396818 -0.00000001 0.29980344
v -0.02623804 0.03871288 0.29945004
v -0.03353223 0.03353222 0.29945004
v 0.03287499 0.00666847 0.29749998
v 0.03300000 -0.00000000 0.29749998
v 0.03912832 -0.00000000 0.29787478
v 0.02929566 0.02133183 0.29749998
v 0.02987185 0.02019250 0.29749998
v 0.03580435 0.02424371 0.29807174
v 0.03223692 0.01256220 0.29749998
v 0.03859164 0.01633806 0.29807174
v 0.03976417 0.00809232 0.29807174
v 0.02592858 0.02592858 0.29749998
v 0.03102692 0.03102691 0.29807174
v 0.02343427 0.02800571 0.29749998
v 0.02424372 0.03580434 0.29807174
v 0.02019249 0.02987185 0.29749998
v 0.01633805 0.03859164 0.29807174
v 0.01524125 0.03165262 0.29749998
v 0.00809232 0.03976417 0.29807174
v 0.00666847 0.03287499 0.29749998
v 0.00237811 0.03299196 0.29749998
v 0.00879485 0.04311907 0.29945004
v 0.01771699 0.04178986 0.29945004
v 0.02623803 0.03871289 0.29945004
v 0.04396819 0.00000001 0.29980344
v 0.04311906 0.00879485 0.29945004
v 0.04178985 0.01771699 0.29945004
v 0.03353222 0.03353223 0.29945004
v 0.03871288 0.02623803 0.29945004
v 0.00666847 -0.03287499 0.29749998
v 0.00000000 -0.03299999 0.29749998
v 0.00000000 -0.03912832 0.29787478
v 0.02133173 -0.02929571 0.29749998
v 0.02019249 -0.02987185 0.29749998
v 0.02424372 -0.03580434 0.29807174
v 0.01256207 -0.03223695 0.29749998
v 0.01633805 -0.03859164 0.29807174
v 0.00809232 -0.03976417 0.29807174
v 0.02592858 -0.02592858 0.29749998
v 0.03102692 -0.03102692 0.29807174
v 0.02800565 -0.02343436 0.29749998
v 0.03580435 -0.02424371 0.29807174
v 0.02987185 -0.02019250 0.29749998
v 0.03859164 -0.01633806 0.29807174
v 0.03165259 -0.01524136 0.29749998
v 0.03976417 -0.00809232 0.29807174
v 0.03287499 -0.00666847 0.29749998
v 0.03299195 -0.00237828 0.29749998
v 0.00000000 -0.04396819 0.29980344
v 0.00879485 -0.04311907 0.29945004
v 0.01771699 -0.04178986 0.29945004
v 0.03871288 -0.02623803 0.29945004
v 0.04178985 -0.01771699 0.29945004
v 0.04311906 -0.00879485 0.29945004
v 0.02623803 -0.03871289 0.29945004
v 0.03353222 -0.03353223 0.29945004
v -0.03287500 -0.00666847 0.29749998
v -0.02929565 -0.02133184 0.29749998
v -0.02987185 -0.02019250 0.29749998
v -0.03580434 -0.02424372 0.29807174
v -0.03223693 -0.01256222 0.29749998
v -0.03859163 -0.01633806 0.29807174
v -0.03976418 -0.00809233 0.29807174
v -0.02592857 -0.02592858 0.29749998
v -0.03102691 -0.03102692 0.29807174
v -0.02343426 -0.02800572 0.29749998
v -0.02424371 -0.03580434 0.29807174
v -0.02019250 -0.02987185 0.29749998
v -0.01633805 -0.03859164 0.29807174
v -0.01524123 -0.03165262 0.29749998
v -0.00809233 -0.03976417 0.29807174
v -0.00666847 -0.03287499 0.29749998
v -0.00237809 -0.03299196 0.29749998
v -0.00879486 -0.04311907 0.29945004
v -0.01771699 -0.04178986 0.29945004
v -0.02623802 -0.03871289 0.29945004
v -0.04311907 -0.00879486 0.29945004
v -0.04178986 -0.01771700 0.29945004
v -0.03353223 -0.03353223 0.29945004
v -0.03871289 -0.02623803 0.29945004
v 0.01461323 0.00745385 0.29749998
v 0.01498218 0.00598295 0.29749998
v 0.01498218 -0.00701671 0.29749998
v -0.01360325 -0.00960742 0.29749998
v -0.01437237 -0.00848760 0.29749998
v -0.00022296 -0.01705344 0.29749998
v 0.00113076 -0.01694745 0.29749998
v 0.00192274 -0.01663757 0.29749998
v 0.00046476 0.01601969 0.29749998
v -0.00089121 0.01591320 0.29749998
v -0.00168119 0.01560381 0.29749998
v 0.01384521 0.00857256 0.29749998
v 0.01318074 0.00910372 0.29749998
v 0.01485563 -0.00785411 0.29749998
v 0.01426919 -0.00908390 0.29749998
v 0.01318074 -0.01013800 0.29749998
v -0.01293918 -0.01013800 0.29749998
v -0.01474133 0.00598295 0.29749998
v -0.01461357 0.00682406 0.29749998
v -0.01402886 0.00804843 0.29749998
v -0.01293918 0.00910372 0.29749998
v -0.01474133 -0.00701671 0.29749998
v -0.00168119 -0.01663757 0.29749998
v 0.00192274 0.01560381 0.29749998
v 0.00465387 -0.00249964 0.29749998
v 0.00458551 -0.00284401 0.29749998
v 0.00829485 -0.00409180 0.29749998
v 0.00807558 -0.00493408 0.29749998
v 0.00445384 -0.00310291 0.29749998
v 0.00774150 -0.00543700 0.29749998
v -0.00352055 -0.00785336 0.29749998
v -0.00087021 -0.00938334 0.29749998
v 0.00410351 -0.00345118 0.29749998
v -0.00032949 -0.00957684 0.29749998
v 0.00465387 0.00630473 0.29749998
v 0.00829485 0.00305804 0.29749998
v 0.00730352 0.00477440 0.29749998
v 0.00819061 0.00362728 0.29749998
v 0.00792417 0.00416231 0.29749998
v 0.00730352 -0.00580834 0.29749998
v 0.00111176 -0.00938334 0.29749998
v 0.00027284 -0.00961453 0.29749998
v -0.00441248 0.00146519 0.29749998
v -0.00434503 0.00180777 0.29749998
v -0.00805330 0.00305804 0.29749998
v -0.00783391 0.00390078 0.29749998
v -0.00421215 0.00206977 0.29749998
v -0.00750151 0.00440172 0.29749998
v 0.00376176 0.00681960 0.29749998
v 0.00111176 0.00834924 0.29749998
v -0.00386265 0.00241725 0.29749998
v 0.00057067 0.00854279 0.29749998
v -0.00441248 -0.00733832 0.29749998
v -0.00805330 -0.00409180 0.29749998
v -0.00706248 -0.00580834 0.29749998
v -0.00795027 -0.00465803 0.29749998
v -0.00768239 -0.00519717 0.29749998
v -0.00706248 0.00477440 0.29749998
v -0.00087021 0.00834924 0.29749998
v -0.00003115 0.00858041 0.29749998
v -0.01293918 -0.01013800 0.29740000
v -0.00168119 -0.01663757 0.29740000
v -0.01474133 -0.00701671 0.29740000
v -0.01437237 -0.00848760 0.29740000
v -0.01360325 -0.00960742 0.29740000
v -0.01474133 0.00598295 0.29740000
v -0.01293918 0.00910372 0.29740000
v -0.01402886 0.00804843 0.29740000
v -0.01461357 0.00682406 0.29740000
v -0.00168119 0.01560381 0.29740000
v 0.00192274 0.01560381 0.29740000
v 0.00046476 0.01601969 0.29740000
v -0.00089121 0.01591320 0.29740000
v 0.01318074 0.00910372 0.29740000
v 0.01498218 0.00598295 0.29740000
v 0.01461323 0.00745385 0.29740000
v 0.01384521 0.00857256 0.29740000
v 0.01498218 -0.00701671 0.29740000
v 0.01318074 -0.01013800 0.29740000
v 0.01426919 -0.00908390 0.29740000
v 0.01485563 -0.00785411 0.29740000
v 0.00192274 -0.01663757 0.29740000
v -0.00022296 -0.01705344 0.29740000
v 0.00113076 -0.01694745 0.29740000
v 0.00730352 0.00477440 0.29740000
v 0.00792417 0.00416231 0.29740000
v 0.00465387 0.00630473 0.29740000
v 0.00376176 0.00681960 0.29740000
v 0.00465387 -0.00249964 0.29740000
v -0.00386265 0.00241725 0.29740000
v -0.00421215 0.00206977 0.29740000
v -0.00441248 0.00146519 0.29740000
v 0.00410351 -0.00345118 0.29740000
v 0.00445384 -0.00310291 0.29740000
v -0.00352055 -0.00785336 0.29740000
v -0.00441248 -0.00733832 0.29740000
v -0.00434503 0.00180777 0.29740000
v 0.00458551 -0.00284401 0.29740000
v -0.00706248 -0.00580834 0.29740000
v -0.00768239 -0.00519717 0.29740000
v 0.00819061 0.00362728 0.29740000
v 0.00829485 0.00305804 0.29740000
v 0.00829485 -0.00409180 0.29740000
v 0.00807558 -0.00493408 0.29740000
v 0.00774150 -0.00543700 0.29740000
v 0.00730352 -0.00580834 0.29740000
v 0.00111176 -0.00938334 0.29740000
v 0.00027284 -0.00961453 0.29740000
v -0.00032949 -0.00957684 0.29740000
v -0.00087021 -0.00938334 0.29740000
v 0.00111176 0.00834924 0.29740000
v 0.00057067 0.00854279 0.29740000
v -0.00003115 0.00858041 0.29740000
v -0.00087021 0.00834924 0.29740000
v -0.00706248 0.00477440 0.29740000
v -0.00750151 0.00440172 0.29740000
v -0.00783391 0.00390078 0.29740000
v -0.00805330 0.00305804 0.29740000
v -0.00805330 -0.00409180 0.29740000
v -0.00795027 -0.00465803 0.29740000
v -0.56092769 0.03520521 0.26055545
v -0.56227899 0.03707246 0.26041368
v -0.56364524 0.03600262 0.27200001
v -0.58901060 0.05582829 0.24779594
v -0.59139156 0.05683140 0.24460830
v -0.59061736 0.05558055 0.25252837
v -0.60699999 0.05926295 0.23812820
v -0.60699999 0.05738182 0.25247052
v -0.60178971 0.05722125 0.25249133
v -0.60699999 0.05977884 0.23316920
v -0.60628861 0.05974351 0.23350063
v -0.60048616 0.05920174 0.23620659
v -0.59615988 0.05664142 0.25251138
v -0.59462106 0.05814917 0.23894188
v -0.59357113 0.05772622 0.24097577
v -0.58631885 0.05464564 0.25066280
v -0.58512354 0.05398403 0.25254232
v -0.58331013 0.05323883 0.25316763
v -0.58032584 0.05172594 0.25509462
v -0.58607763 0.05107716 0.27200001
v -0.57990122 0.05149920 0.25533178
v -0.58093756 0.04914600 0.27200001
v -0.57693636 0.04981971 0.25677985
v -0.57351124 0.04762684 0.25807616
v -0.57601190 0.04668019 0.27200001
v -0.57141489 0.04367073 0.27200001
v -0.57007128 0.04506721 0.25905389
v -0.56726050 0.04010861 0.27200001
v -0.56659299 0.04197463 0.25978747
v -0.56365108 0.03879021 0.26024550
v -0.55927944 0.03264578 0.26069939
v -0.56058341 0.03144281 0.27200001
v -0.55837435 0.03108194 0.26076549
v -0.55806589 0.02654304 0.27200001
v -0.55633366 0.02701777 0.26088005
v -0.55608428 0.02141889 0.27200001
v -0.55435061 0.02200425 0.26095307
v -0.55462885 0.01618284 0.27200001
v -0.55279535 0.01665374 0.26098347
v -0.55229849 0.01439526 0.26098984
v -0.55367506 0.01090423 0.27200001
v -0.55186701 0.01198936 0.26099464
v -0.55128491 0.00721919 0.26099980
v -0.55315667 0.00553358 0.27200001
v -0.55123103 0.00656402 0.26100016
v -0.55299997 0.00000000 0.27200001
v -0.55098844 0.00000000 0.26099992
v -0.59131908 0.05248304 0.27200001
v -0.59660316 0.05339202 0.27200001
v -0.60198635 0.05387276 0.27200001
v -0.60699999 0.05400002 0.27200001
v -0.60130352 0.06080061 0.21610868
v -0.60147506 0.06086705 0.21498954
v -0.60157710 0.06024252 0.22552161
v -0.59787911 0.05994784 0.15742657
v -0.59602225 0.05943789 0.15316865
v -0.60160184 0.06024933 0.15460260
v -0.59446323 0.05765270 0.12599996
v -0.59589899 0.05794622 0.12599996
v -0.59269947 0.05844434 0.14751327
v -0.55215025 0.02190963 0.12714979
v -0.55238521 0.02232099 0.12599996
v -0.55486882 0.02762801 0.12599996
v -0.55184770 0.02095771 0.12599996
v -0.54797441 0.00177961 0.12700023
v -0.54794747 -0.00000000 0.12699997
v -0.54799998 -0.00000037 0.12600000
v -0.60699999 0.06082981 0.21962523
v -0.60239917 0.06121964 0.20710817
v -0.60699999 0.06139718 0.20592782
v -0.60699999 0.06122574 0.21140315
v -0.60259426 0.06129202 0.20466015
v -0.60291880 0.06140815 0.19828190
v -0.60699993 0.06154335 0.19138147
v -0.60300004 0.06143209 0.19299997
v -0.60699993 0.06145500 0.18308137
v -0.60276508 0.06133166 0.18361403
v -0.60264945 0.06128906 0.18167731
v -0.60699993 0.06127395 0.17512609
v -0.60206807 0.06109615 0.17534041
v -0.60699993 0.06048159 0.15460880
v -0.54834265 0.00682309 0.12700295
v -0.54823875 0.00529824 0.12599996
v -0.54857427 0.00820960 0.12599996
v -0.54913187 0.01177712 0.12701222
v -0.54879600 0.00965813 0.12599996
v -0.54905373 0.01110071 0.12599996
v -0.55044055 0.01679366 0.12599996
v -0.55044758 0.01701821 0.12705445
v -0.55134422 0.01958149 0.12599996
v -0.56280434 0.03933621 0.12880105
v -0.56123692 0.03746642 0.12844385
v -0.56134832 0.03737520 0.12599996
v -0.55968273 0.03545092 0.12812863
v -0.55786604 0.03266281 0.12599996
v -0.55777764 0.03271738 0.12779571
v -0.55707008 0.03143243 0.12599996
v -0.55684698 0.03125530 0.12765437
v -0.55630493 0.03018263 0.12599996
v -0.55562276 0.02917810 0.12748897
v -0.55433762 0.02676880 0.12734033
v -0.56326050 0.03959605 0.12599996
v -0.56425732 0.04067019 0.12599996
v -0.56608939 0.04281587 0.12968197
v -0.56528056 0.04171920 0.12599996
v -0.56962460 0.04565135 0.12599996
v -0.57193756 0.04745106 0.12599996
v -0.57379216 0.04922649 0.13252455
v -0.56990325 0.04625287 0.13094495
v -0.57312679 0.04830732 0.12599996
v -0.57433689 0.04913376 0.12599996
v -0.57653195 0.05105152 0.13383865
v -0.57937157 0.05213129 0.12599996
v -0.57764810 0.05173807 0.13442791
v -0.58332920 0.05404345 0.12599996
v -0.58467871 0.05461467 0.12599996
v -0.58114064 0.05369318 0.13650440
v -0.58136725 0.05381053 0.13665269
v -0.58199430 0.05343889 0.12599996
v -0.59104055 0.05789779 0.14530779
v -0.58923155 0.05725665 0.14322838
v -0.59020603 0.05655938 0.12599996
v -0.58813095 0.05684143 0.14209571
v -0.58493304 0.05551697 0.13924667
v -0.59303528 0.05732356 0.12599996
v -0.60699987 0.05900003 0.12600000
v -0.60699993 0.06034676 0.15179457
v -0.60567361 0.05898497 0.12599997
v -0.60434794 0.05894012 0.12599997
v -0.60170144 0.05876121 0.12599996
v -0.59368539 0.05875226 0.14899521
v -0.60161561 0.06096007 0.17202619
v -0.60103387 0.06079465 0.16868250
v -0.59998268 0.06050874 0.16403286
v -0.59965158 0.06042032 0.16280615
v -0.59674060 0.05899778 0.23400567
v -0.59858763 0.05973135 0.22846666
v -0.60017449 0.06035857 0.22217543
v -0.66465271 0.01253674 0.12600000
v -0.66494626 0.01110103 0.12600000
v -0.66637844 0.01129335 0.15313528
v -0.63843262 0.04992994 0.12599999
v -0.63966292 0.04913387 0.12599999
v -0.64045960 0.05047454 0.15312102
v -0.61665833 0.05820394 0.12600000
v -0.61810094 0.05794625 0.12600000
v -0.61829323 0.05937846 0.15313528
v -0.66717947 0.00539341 0.15314108
v -0.66817552 0.00546445 0.18016732
v -0.66739762 0.01143281 0.18016259
v -0.66180891 0.02880681 0.19363500
v -0.66176361 0.02878308 0.20709437
v -0.65871215 0.03420387 0.20709731
v -0.65093875 0.04393880 0.19363497
v -0.65094978 0.04394984 0.20709966
v -0.64629036 0.04810112 0.20709907
v -0.63012362 0.05723941 0.20709026
v -0.62996787 0.05679376 0.22051178
v -0.62419790 0.05862725 0.22050045
v -0.61246437 0.06117552 0.18016732
v -0.61239332 0.06017949 0.15314108
v -0.66656291 0.01577052 0.20539479
v -0.66623980 0.01735303 0.19363503
v -0.66757107 0.01145683 0.19363506
v -0.60943842 0.05984984 0.23203403
v -0.61835957 0.05987847 0.22048661
v -0.61995620 0.05914672 0.22712871
v -0.61462301 0.05972197 0.22961721
v -0.63264561 0.05568770 0.22121236
v -0.62986052 0.05671812 0.22251195
v -0.62504178 0.05813204 0.22475678
v -0.64425206 0.04940829 0.21580170
v -0.64138198 0.05130070 0.21713957
v -0.64120376 0.05171219 0.20709731
v -0.63953954 0.05238700 0.21799758
v -0.63449419 0.05491199 0.22034882
v -0.65510112 0.03929055 0.20709907
v -0.65524447 0.03901650 0.21067314
v -0.65172625 0.04302923 0.21231332
v -0.65838104 0.03465784 0.20921062
v -0.66523778 0.02036202 0.20601299
v -0.66431785 0.02315792 0.19363502
v -0.66424918 0.02313102 0.20647392
v -0.66349286 0.02501035 0.20682654
v -0.66757596 0.01081873 0.20491995
v -0.66833061 0.00547918 0.19363511
v -0.66819650 0.00574036 0.20463735
v -0.66854727 0.00000005 0.19376497
v -0.66833293 0.00000013 0.17734203
v -0.66758597 0.00000023 0.15686022
v -0.66576123 0.00529857 0.12600000
v -0.66594011 0.00265215 0.12600000
v -0.66598499 0.00132660 0.12600000
v -0.66600007 0.00000037 0.12600000
v -0.61244220 0.06058156 0.22047025
v -0.61247337 0.06115876 0.20707089
v -0.66843015 -0.00000000 0.20452377
v -0.61843604 0.06042372 0.20707852
v -0.61845672 0.06057110 0.19363506
v -0.62435293 0.05923982 0.19363503
v -0.62431592 0.05904321 0.18015859
v -0.63009447 0.05710031 0.18015532
v -0.62976694 0.05604665 0.15312637
v -0.63524354 0.05353078 0.15312324
v -0.62431943 0.05912603 0.20708498
v -0.63015783 0.05731785 0.19363502
v -0.63570541 0.05457637 0.18015277
v -0.63578331 0.05476369 0.20709437
v -0.64121205 0.05172943 0.19363499
v -0.64628470 0.04809836 0.19363497
v -0.64609802 0.04786215 0.18014987
v -0.65071970 0.04371981 0.18014951
v -0.64984977 0.04284983 0.15311924
v -0.65390390 0.03834944 0.15311968
v -0.65509838 0.03928491 0.19363497
v -0.65486217 0.03909822 0.18014987
v -0.65848964 0.03406705 0.18015096
v -0.65747446 0.03345970 0.15312102
v -0.66053051 0.02824345 0.15312324
v -0.65872937 0.03421211 0.19363499
v -0.66157621 0.02870524 0.18015277
v -0.66410029 0.02309456 0.18015532
v -0.66304660 0.02276703 0.15312637
v -0.66500038 0.01709726 0.15313038
v -0.61229849 0.05876122 0.12600000
v -0.61520982 0.05842573 0.12600000
v -0.61247909 0.06133061 0.19363511
v -0.61843270 0.06039764 0.18016259
v -0.62409717 0.05800042 0.15313038
v -0.62379384 0.05655942 0.12599999
v -0.62658167 0.05565571 0.12599999
v -0.62795788 0.05515223 0.12599999
v -0.62932116 0.05461473 0.12599999
v -0.63462830 0.05213138 0.12599999
v -0.63718289 0.05069518 0.12599999
v -0.63580704 0.05480904 0.19363500
v -0.64106697 0.05148967 0.18015096
v -0.64534926 0.04690390 0.15311968
v -0.64437526 0.04565149 0.12599999
v -0.64659613 0.04373936 0.12599999
v -0.64767027 0.04274256 0.12599999
v -0.64871931 0.04171936 0.12599999
v -0.65265155 0.03737539 0.12599999
v -0.65445119 0.03506245 0.12599999
v -0.64618909 0.04797690 0.21489753
v -0.65530741 0.03387320 0.12599999
v -0.65613383 0.03266302 0.12599999
v -0.65913105 0.02762825 0.12599999
v -0.66043878 0.02500558 0.12599999
v -0.64823407 0.04631159 0.21394232
v -0.66104341 0.02367072 0.12599999
v -0.66161472 0.02232125 0.12599999
v -0.66355938 0.01679396 0.12599999
v -0.66432357 0.01396472 0.12600000
v -0.66111577 0.03001664 0.20793504
v -0.66604316 0.01731603 0.18015859
v -0.63594979 0.05416431 0.22122233
v -0.61272687 0.05679204 0.25508338
v -0.66754133 0.00540450 0.22117010
v -0.66773671 -0.00000001 0.22115280
v -0.66626298 -0.00000001 0.23812820
v -0.66684896 0.01128429 0.22118680
v -0.66561633 0.01708563 0.22120094
v -0.66380918 0.02282044 0.22121254
v -0.66142207 0.02842490 0.22122160
v -0.65846455 0.03380156 0.22122809
v -0.65494859 0.03885035 0.22123204
v -0.65088850 0.04347316 0.22123343
v -0.64631128 0.04758434 0.22123228
v -0.64129907 0.05115294 0.22122857
v -0.61287516 0.05904380 0.23815453
v -0.61863488 0.05835865 0.23817731
v -0.62431681 0.05715609 0.23819658
v -0.62994146 0.05539336 0.23821232
v -0.63543826 0.05306125 0.23822451
v -0.61253357 0.05384335 0.27200001
v -0.61790425 0.05332494 0.27200001
v -0.61831659 0.05618149 0.25510162
v -0.62318283 0.05237114 0.27200001
v -0.62382317 0.05509032 0.25511706
v -0.62841892 0.05091574 0.27200001
v -0.62928128 0.05346440 0.25512964
v -0.63354361 0.04893390 0.27200001
v -0.63462073 0.05128718 0.25513941
v -0.63844281 0.04641662 0.27200001
v -0.63973129 0.04855702 0.25514632
v -0.64300245 0.04335480 0.27200001
v -0.64450282 0.04527305 0.25515044
v -0.64710861 0.03973949 0.27200001
v -0.64882547 0.04143538 0.25515172
v -0.65067071 0.03558530 0.27200001
v -0.65261036 0.03706529 0.25515017
v -0.65368021 0.03098810 0.27200001
v -0.65584147 0.03225647 0.25514579
v -0.65614623 0.02606191 0.27200001
v -0.65851891 0.02711883 0.25513858
v -0.65807718 0.02092242 0.27200001
v -0.66064328 0.02176396 0.25512856
v -0.65948308 0.01568092 0.27200001
v -0.66221690 0.01629962 0.25511569
v -0.66039205 0.01039688 0.27200001
v -0.66325951 0.01078765 0.25510001
v -0.66087276 0.00501364 0.27200001
v -0.66382748 0.00518710 0.25508150
v -0.66100001 -0.00000000 0.27200001
v -0.64070195 0.05016450 0.23823318
v -0.64562726 0.04670938 0.23823830
v -0.65010965 0.04270389 0.23823990
v -0.65406299 0.03817484 0.23823798
v -0.65746516 0.03321255 0.23823251
v -0.66030830 0.02792169 0.23822351
v -0.66258615 0.02240871 0.23821096
v -0.66429460 0.01677678 0.23819490
v -0.66544557 0.01108924 0.23817530
v -0.66608405 0.00532010 0.23815216
v -0.66398418 -0.00000001 0.25506231
v -0.57954216 0.04629303 0.27199996
v -0.57684112 0.04484984 0.27199996
v -0.57291257 0.04229229 0.27199996
v -0.56848931 0.03851020 0.27199996
v -0.56723815 0.03719498 0.27199996
v -0.56505823 0.03455860 0.27199996
v -0.56269097 0.03107088 0.27199996
v -0.64419651 0.03976033 0.27199996
v -0.64155853 0.04194162 0.27199996
v -0.63807213 0.04430820 0.27199996
v -0.55806589 -0.02654304 0.27200001
v -0.56070727 -0.02745812 0.27199996
v -0.56058341 -0.03144281 0.27200001
v -0.56215054 -0.03015951 0.27199996
v -0.56364524 -0.03600262 0.27200001
v -0.56470722 -0.03408704 0.27199996
v -0.56726050 -0.04010861 0.27200001
v -0.56848931 -0.03851020 0.27199996
v -0.56980348 -0.03976033 0.27199996
v -0.57141489 -0.04367073 0.27200001
v -0.57244152 -0.04194162 0.27199996
v -0.57601190 -0.04668019 0.27200001
v -0.57592791 -0.04430820 0.27199996
v -0.58093756 -0.04914600 0.27200001
v -0.64692467 -0.03992468 0.27200001
v -0.64676189 -0.03719498 0.27199996
v -0.65053314 -0.03576837 0.27200001
v -0.64894181 -0.03455860 0.27199996
v -0.65358192 -0.03115897 0.27200001
v -0.65130901 -0.03107088 0.27199996
v -0.65608042 -0.02621248 0.27200001
v -0.63240999 0.04724682 0.27199996
v -0.63096309 0.04785546 0.27199996
v -0.62743276 0.04913383 0.27199996
v -0.62280089 0.05040689 0.27199996
v -0.61720401 0.05140034 0.27199998
v -0.61390579 0.05174300 0.27199998
v -0.60699999 0.05200003 0.27199998
v -0.60206139 0.05187392 0.27199998
v -0.59587437 0.05127432 0.27199998
v -0.59165484 0.05050914 0.27199996
v -0.58736569 0.04938469 0.27199996
v -0.58159006 0.04724683 0.27199996
v -0.63321304 -0.04908024 0.27200001
v -0.63445783 -0.04629303 0.27199996
v -0.63815898 -0.04658193 0.27200001
v -0.63715893 -0.04484984 0.27199996
v -0.64276820 -0.04353312 0.27200001
v -0.64108741 -0.04229229 0.27199996
v -0.64551073 -0.03851020 0.27199996
v -0.65329278 0.02745812 0.27199996
v -0.65184951 0.03015951 0.27199996
v -0.64929277 0.03408704 0.27199996
v -0.64551073 0.03851020 0.27199996
v -0.55975336 0.02541004 0.27199996
v -0.55914426 0.02396202 0.27199996
v -0.55786610 0.02043249 0.27199996
v -0.55659252 0.01579827 0.27199996
v -0.55559969 0.01020400 0.27199998
v -0.55525684 0.00690420 0.27199998
v -0.55499995 0.00000000 0.27199998
v -0.55315667 -0.00553358 0.27200001
v -0.55512607 -0.00493856 0.27199998
v -0.55367506 -0.01090423 0.27200001
v -0.55572563 -0.01112534 0.27199998
v -0.55462885 -0.01618284 0.27200001
v -0.55649090 -0.01534521 0.27199996
v -0.55608428 -0.02141889 0.27200001
v -0.55761474 -0.01963261 0.27199996
v -0.55975336 -0.02541004 0.27199996
v -0.58159006 -0.04724682 0.27199996
v -0.58303696 -0.04785546 0.27199996
v -0.58607763 -0.05107716 0.27200001
v -0.58656728 -0.04913383 0.27199996
v -0.59131908 -0.05248304 0.27200001
v -0.59119910 -0.05040689 0.27199996
v -0.59660316 -0.05339202 0.27200001
v -0.59679598 -0.05140034 0.27199998
v -0.60198635 -0.05387276 0.27200001
v -0.60009420 -0.05174300 0.27199998
v -0.60699999 -0.05400002 0.27200001
v -0.60699999 -0.05200003 0.27199998
v -0.61204618 -0.05387102 0.27200001
v -0.61193860 -0.05187392 0.27199998
v -0.61746037 -0.05338385 0.27200001
v -0.61812568 -0.05127432 0.27199998
v -0.62277508 -0.05246241 0.27200001
v -0.62234515 -0.05050914 0.27199998
v -0.62804663 -0.05103725 0.27200001
v -0.62663436 -0.04938469 0.27199996
v -0.63240999 -0.04724683 0.27199996
v -0.65424663 -0.02541004 0.27199996
v -0.65485579 -0.02396202 0.27199996
v -0.65803725 -0.02104663 0.27200001
v -0.65613395 -0.02043249 0.27199996
v -0.65946239 -0.01577504 0.27200001
v -0.65740746 -0.01579827 0.27199996
v -0.66038388 -0.01046034 0.27200001
v -0.65840036 -0.01020400 0.27199998
v -0.66087103 -0.00504618 0.27200001
v -0.65874314 -0.00690420 0.27199998
v -0.65900004 -0.00000000 0.27199998
v -0.65887392 0.00493856 0.27199998
v -0.65827435 0.01112534 0.27199998
v -0.65750915 0.01534522 0.27199996
v -0.65638524 0.01963261 0.27199996
v -0.65424663 0.02541004 0.27199996
v -0.62954199 -0.05553845 0.23821130
v -0.62504178 -0.05813204 0.22475679
v -0.62387806 -0.05726900 0.23819523
v -0.61995620 -0.05914672 0.22712871
v -0.61815751 -0.05843494 0.23817556
v -0.61462301 -0.05972197 0.22961722
v -0.61235482 -0.05908163 0.23815231
v -0.60943836 -0.05984984 0.23203404
v -0.60699999 -0.05926295 0.23812820
v -0.60699999 -0.05977884 0.23316920
v -0.63508368 -0.05323162 0.23822382
v -0.63264561 -0.05568771 0.22121236
v -0.62986052 -0.05671813 0.22251195
v -0.63558942 -0.05434209 0.22122182
v -0.64098847 -0.05134830 0.22122827
v -0.63449419 -0.05491199 0.22034882
v -0.63953954 -0.05238700 0.21799758
v -0.64425206 -0.04940828 0.21580170
v -0.64605242 -0.04778981 0.22123215
v -0.64618927 -0.04797675 0.21489744
v -0.64823407 -0.04631157 0.21394232
v -0.65068144 -0.04368142 0.22123344
v -0.65172619 -0.04302919 0.21231331
v -0.65478987 -0.03905254 0.22123215
v -0.65524447 -0.03901644 0.21067312
v -0.65834832 -0.03398848 0.22122827
v -0.65838104 -0.03465777 0.20921060
v -0.66134208 -0.02858903 0.22122182
v -0.66111577 -0.03001657 0.20793502
v -0.66349292 -0.02501027 0.20682652
v -0.66375899 -0.02295603 0.22121279
v -0.66424930 -0.02313073 0.20647387
v -0.66523778 -0.02036197 0.20601298
v -0.66558915 -0.01718888 0.22120118
v -0.66656291 -0.01577046 0.20539477
v -0.66683751 -0.01135390 0.22118698
v -0.66757601 -0.01081869 0.20491995
v -0.66753870 -0.00543985 0.22117020
v -0.66819650 -0.00574034 0.20463735
v -0.64039642 -0.05035300 0.23823276
v -0.64537317 -0.04690889 0.23823813
v -0.64990741 -0.04290738 0.23823991
v -0.65390891 -0.03837331 0.23823813
v -0.65735298 -0.03339643 0.23823276
v -0.66023171 -0.02808321 0.23822382
v -0.66253847 -0.02254200 0.23821130
v -0.66426903 -0.01687806 0.23819523
v -0.66543496 -0.01115748 0.23817556
v -0.66608161 -0.00535483 0.23815231
v -0.60699999 -0.05738182 0.25247052
v -0.61222088 -0.05682535 0.25508162
v -0.61785382 -0.05624999 0.25510022
v -0.62339783 -0.05519356 0.25511596
v -0.62889338 -0.05359903 0.25512883
v -0.63427621 -0.05144696 0.25513884
v -0.63943493 -0.04873538 0.25514600
v -0.64425713 -0.04546339 0.25515029
v -0.64863110 -0.04163106 0.25515172
v -0.65246338 -0.03725727 0.25515029
v -0.65573537 -0.03243489 0.25514600
v -0.65844709 -0.02727573 0.25513884
v -0.66059905 -0.02189338 0.25512883
v -0.66219354 -0.01639781 0.25511596
v -0.66325003 -0.01085380 0.25510022
v -0.66382533 -0.00522088 0.25508162
v -0.66215235 -0.02095771 0.12599996
v -0.66161484 -0.02232099 0.12599996
v -0.66304672 -0.02276676 0.15312634
v -0.65692991 -0.03143243 0.12599996
v -0.65613395 -0.03266281 0.12599996
v -0.65747464 -0.03345948 0.15312099
v -0.64974266 -0.04067019 0.12599996
v -0.64871943 -0.04171920 0.12599996
v -0.64984989 -0.04284966 0.15311921
v -0.64534944 -0.04690376 0.15311965
v -0.63524371 -0.05353069 0.15312323
v -0.64045978 -0.05047442 0.15312099
v -0.63966310 -0.04913376 0.12599996
v -0.61953676 -0.05765270 0.12599996
v -0.61810106 -0.05794622 0.12599996
v -0.61829340 -0.05937843 0.15313525
v -0.66176373 -0.02878282 0.20709437
v -0.65871227 -0.03420364 0.20709731
v -0.60699999 -0.06063331 0.22273837
v -0.61244231 -0.06058156 0.22047025
v -0.60700005 -0.06122576 0.21140252
v -0.61247349 -0.06115875 0.20707087
v -0.60700005 -0.06129878 0.20933317
v -0.61247921 -0.06133060 0.19363509
v -0.60700005 -0.06154626 0.19459383
v -0.61246449 -0.06117551 0.18016729
v -0.60700005 -0.06134710 0.17791229
v -0.61239344 -0.06017948 0.15314105
v -0.60700011 -0.06058597 0.15686022
v -0.61229861 -0.05876121 0.12599997
v -0.60965204 -0.05894012 0.12599997
v -0.60832644 -0.05898497 0.12599997
v -0.60700011 -0.05900003 0.12600000
v -0.66576123 -0.00529824 0.12599996
v -0.66623986 -0.01735272 0.19363503
v -0.66757113 -0.01145650 0.19363505
v -0.66833061 -0.00547884 0.19363509
v -0.66431791 -0.02315764 0.19363500
v -0.66180903 -0.02880655 0.19363499
v -0.65510124 -0.03929035 0.20709907
v -0.65094995 -0.04394966 0.20709965
v -0.64629054 -0.04810099 0.20709907
v -0.64120394 -0.05171208 0.20709731
v -0.63578349 -0.05476361 0.20709437
v -0.63012379 -0.05723935 0.20709026
v -0.62996805 -0.05679371 0.22051178
v -0.62419808 -0.05862721 0.22050045
v -0.61835968 -0.05987845 0.22048661
v -0.62409729 -0.05800037 0.15313035
v -0.62379402 -0.05655938 0.12599996
v -0.62096477 -0.05732357 0.12599996
v -0.63462847 -0.05213129 0.12599996
v -0.63200569 -0.05343889 0.12599996
v -0.62976706 -0.05604658 0.15312634
v -0.63067079 -0.05404345 0.12599996
v -0.62932128 -0.05461467 0.12599996
v -0.64437538 -0.04565135 0.12599996
v -0.64206249 -0.04745106 0.12599996
v -0.64087325 -0.04830732 0.12599996
v -0.65390408 -0.03834925 0.15311965
v -0.65265167 -0.03737520 0.12599996
v -0.65073949 -0.03959605 0.12599996
v -0.66053063 -0.02824320 0.15312323
v -0.65913117 -0.02762801 0.12599996
v -0.65769506 -0.03018263 0.12599996
v -0.66542578 -0.00820960 0.12599996
v -0.66637850 -0.01129304 0.15313525
v -0.66717952 -0.00539307 0.15314105
v -0.66520399 -0.00965813 0.12599996
v -0.66494632 -0.01110071 0.12599996
v -0.66500050 -0.01709696 0.15313035
v -0.66355950 -0.01679366 0.12599996
v -0.66265583 -0.01958149 0.12599996
v -0.63009459 -0.05710025 0.18015531
v -0.63570559 -0.05457629 0.18015276
v -0.64106715 -0.05148956 0.18015094
v -0.64609820 -0.04786201 0.18014985
v -0.65071988 -0.04371964 0.18014950
v -0.65486228 -0.03909802 0.18014985
v -0.65848976 -0.03406682 0.18015094
v -0.66157633 -0.02870499 0.18015276
v -0.66410041 -0.02309429 0.18015531
v -0.66604328 -0.01731573 0.18015857
v -0.66739768 -0.01143249 0.18016256
v -0.66817558 -0.00546411 0.18016729
v -0.63015795 -0.05731779 0.19363500
v -0.63580716 -0.05480895 0.19363499
v -0.64121222 -0.05172932 0.19363497
v -0.64628488 -0.04809823 0.19363496
v -0.65093887 -0.04393863 0.19363496
v -0.65509850 -0.03928471 0.19363496
v -0.65872949 -0.03421188 0.19363497
v -0.61843616 -0.06042369 0.20707852
v -0.61845684 -0.06057107 0.19363505
v -0.61843282 -0.06039761 0.18016256
v -0.62431955 -0.05912599 0.20708497
v -0.62435305 -0.05923978 0.19363503
v -0.62431610 -0.05904317 0.18015857
v -0.56475532 -0.04146793 0.12930168
v -0.56528074 -0.04171937 0.12599999
v -0.56134850 -0.03737540 0.12599999
v -0.60300058 -0.06143212 0.19299997
v -0.60035938 -0.05918457 0.23626599
v -0.59565580 -0.05856449 0.23668388
v -0.59462172 -0.05814938 0.23894103
v -0.60646296 -0.05975278 0.23341933
v -0.60157722 -0.06024259 0.22552088
v -0.59952217 -0.06010085 0.22499783
v -0.59773415 -0.05939269 0.23120917
v -0.60206324 -0.06109234 0.21048042
v -0.60130483 -0.06080070 0.21610898
v -0.60097170 -0.06067104 0.21810427
v -0.60259545 -0.06129209 0.20466037
v -0.60275906 -0.06135168 0.20205669
v -0.60160196 -0.06024933 0.15460241
v -0.60224038 -0.06115038 0.17686476
v -0.60270995 -0.06131083 0.18262175
v -0.60283291 -0.06135756 0.18499647
v -0.59639454 -0.05954206 0.15393917
v -0.59833610 -0.06007012 0.15865628
v -0.59991366 -0.06049010 0.16376533
v -0.60122144 -0.06084696 0.16967383
v -0.60172838 -0.06099293 0.17276834
v -0.58943158 -0.05732993 0.14344294
v -0.59589911 -0.05794625 0.12600000
v -0.58912963 -0.05721894 0.14311840
v -0.59020615 -0.05655943 0.12599999
v -0.58613181 -0.05603483 0.14024535
v -0.59186822 -0.05817507 0.14636578
v -0.59288806 -0.05850408 0.14778437
v -0.59424996 -0.05892320 0.14990860
v -0.59572512 -0.05935368 0.15257390
v -0.59734166 -0.05820394 0.12600000
v -0.58467889 -0.05461473 0.12599999
v -0.58279157 -0.05452308 0.13762662
v -0.58604217 -0.05515223 0.12599999
v -0.58741838 -0.05565571 0.12599999
v -0.57554442 -0.05041724 0.13334355
v -0.57670820 -0.05116200 0.13392892
v -0.57937175 -0.05213138 0.12599999
v -0.57922602 -0.05265636 0.13531923
v -0.58132195 -0.05378713 0.13662225
v -0.57681715 -0.05069518 0.12599999
v -0.57556742 -0.04992994 0.12599999
v -0.57415104 -0.04947736 0.13268603
v -0.57433707 -0.04913387 0.12599999
v -0.57183206 -0.04778801 0.13168868
v -0.56834370 -0.04491625 0.13039561
v -0.56962478 -0.04565150 0.12599999
v -0.56740391 -0.04373937 0.12599999
v -0.56632978 -0.04274257 0.12599999
v -0.55954880 -0.03506246 0.12599999
v -0.55845892 -0.03373202 0.12790762
v -0.56145602 -0.03773698 0.12849106
v -0.55869257 -0.03387321 0.12599999
v -0.55786622 -0.03266304 0.12599999
v -0.55580246 -0.02949516 0.12751152
v -0.55486894 -0.02762826 0.12599999
v -0.55479705 -0.02766057 0.12739019
v -0.55341297 -0.02485300 0.12724943
v -0.55356127 -0.02500559 0.12599999
v -0.55295658 -0.02367074 0.12599999
v -0.55160797 -0.02049344 0.12711455
v -0.55238533 -0.02232127 0.12599999
v -0.55070829 -0.01786417 0.12706605
v -0.55044061 -0.01679397 0.12599999
v -0.54998249 -0.01538337 0.12703569
v -0.54967642 -0.01396473 0.12600000
v -0.54887509 -0.01043358 0.12700823
v -0.54934728 -0.01253676 0.12600000
v -0.54905379 -0.01110104 0.12600000
v -0.54823881 -0.00529860 0.12600000
v -0.54817796 -0.00521286 0.12700163
v -0.54805988 -0.00265216 0.12600000
v -0.54801506 -0.00132660 0.12600000
v -0.60170156 -0.05876122 0.12600000
v -0.59879017 -0.05842573 0.12600000
v -0.58684915 -0.05488294 0.25015491
v -0.58512354 -0.05398403 0.25254232
v -0.59061736 -0.05558055 0.25252837
v -0.55123127 -0.00656839 0.26099938
v -0.55229855 -0.01439558 0.26098979
v -0.55184293 -0.01183782 0.26099405
v -0.55631465 -0.02697673 0.26087758
v -0.55443442 -0.02224763 0.26094952
v -0.55401963 -0.02100945 0.26096120
v -0.55294448 -0.01725897 0.26098311
v -0.56117070 -0.03555623 0.26052690
v -0.55879378 -0.03182302 0.26073310
v -0.56416339 -0.03939223 0.26016825
v -0.56227845 -0.03707315 0.26040742
v -0.57058531 -0.04547773 0.25892136
v -0.56731671 -0.04266997 0.25965169
v -0.56600344 -0.04138559 0.25988668
v -0.57760859 -0.05021649 0.25648037
v -0.57431471 -0.04817020 0.25779843
v -0.58411616 -0.05362697 0.25255194
v -0.58098197 -0.05207152 0.25470310
v -0.60178971 -0.05722125 0.25249133
v -0.59615988 -0.05664142 0.25251138
v -0.59221530 -0.05717276 0.24331784
v -0.58959258 -0.05607671 0.24707982
v -0.56031066 -0.03541305 0.25783685
v -0.57576996 -0.05007537 0.25210693
v -0.57255507 -0.04785897 0.25397509
v -0.58378553 -0.05485757 0.24413334
v -0.58131993 -0.05346372 0.24726364
v -0.57868332 -0.05190746 0.24987794
v -0.56916678 -0.04520946 0.25545540
v -0.56309199 -0.03911775 0.25727665
v -0.56601274 -0.04231660 0.25651285
v -0.55247366 -0.01830585 0.25859401
v -0.55299836 -0.01989011 0.25872013
v -0.55509418 -0.02574784 0.25853813
v -0.55759555 -0.03096102 0.25825137
v -0.55410397 -0.02415792 0.25783747
v -0.55253726 -0.01857889 0.25856459
v -0.55248570 -0.01835815 0.25858843
v -0.55163270 -0.01404780 0.25898561
v -0.55143666 -0.01278791 0.25907803
v -0.55080163 -0.00686362 0.25937277
v -0.55057323 0.00000000 0.25948146
v -0.55792099 -0.03313827 0.25605896
v -0.55745208 -0.03224299 0.25627667
v -0.55585593 -0.02882631 0.25701806
v -0.56037188 -0.03721270 0.25491264
v -0.56589079 -0.04375073 0.25233778
v -0.56367767 -0.04145740 0.25336793
v -0.56292003 -0.04058304 0.25372094
v -0.56943059 -0.04681151 0.25069022
v -0.57544380 -0.05087688 0.24788402
v -0.57344693 -0.04965673 0.24881567
v -0.57189494 -0.04862416 0.24954022
v -0.57801968 -0.05228797 0.24668320
v -0.58294505 -0.05454606 0.24439037
v -0.58848625 -0.05651948 0.24179240
v -0.58890647 -0.05664816 0.24159551
v -0.57868004 0.05190630 0.24987651
v -0.57795298 0.05225401 0.24671441
v -0.58131641 0.05346265 0.24726231
v -0.58286679 0.05451439 0.24442714
v -0.58378178 0.05485659 0.24413218
v -0.58839697 0.05649178 0.24183361
v -0.56916434 0.04520808 0.25545382
v -0.56937963 0.04677196 0.25071383
v -0.57255226 0.04785763 0.25397354
v -0.57189393 0.04862385 0.24954067
v -0.57576692 0.05007411 0.25210544
v -0.57339334 0.04962282 0.24884067
v -0.57544315 0.05087698 0.24788438
v -0.55745178 0.03224283 0.25627679
v -0.55790710 0.03311290 0.25606537
v -0.56030911 0.03541171 0.25783539
v -0.56033802 0.03716301 0.25492850
v -0.56309021 0.03911637 0.25727513
v -0.56287956 0.04053515 0.25373989
v -0.56601065 0.04231521 0.25651130
v -0.56367797 0.04145800 0.25336784
v -0.56585246 0.04371424 0.25235558
v -0.55759430 0.03095978 0.25825000
v -0.55583930 0.02878802 0.25702539
v -0.55509317 0.02574677 0.25853685
v -0.55412155 0.02421196 0.25782877
v -0.55299759 0.01988927 0.25871891
v -0.55253875 0.01858496 0.25856376
v -0.55248547 0.01835675 0.25858834
v -0.55247360 0.01830568 0.25859380
v -0.55163240 0.01404766 0.25898525
v -0.55157381 0.01368629 0.25901291
v -0.55143452 0.01277475 0.25907880
v -0.55080211 0.00686586 0.25937256
v -0.59085244 0.05720958 0.24068499
v -0.57368320 0.05084372 0.24488336
v -0.57516450 0.05200522 0.24297316
v -0.55074996 0.00929299 0.25870505
v -0.55034178 0.00431771 0.25872502
v -0.56135112 0.05938748 0.19299993
v -0.56974077 0.05967986 0.19299994
v -0.56954342 0.05939939 0.20141828
v -0.58052075 0.05609567 0.23263615
v -0.58168083 0.05696547 0.22929361
v -0.58273876 0.05775664 0.22564758
v -0.58368355 0.05846192 0.22170226
v -0.58519608 0.05958639 0.21293193
v -0.58614683 0.06027890 0.20300104
v -0.58644861 0.06047576 0.19299999
v -0.55279380 0.05884969 0.19994162
v -0.53600001 0.05873794 0.19855462
v -0.53600001 0.05900000 0.19299993
v -0.54430968 0.05904200 0.19299993
v -0.55288672 0.05917299 0.19299993
v -0.55249286 0.05778541 0.20713882
v -0.54412240 0.05771323 0.20582457
v -0.54389906 0.05605385 0.21203934
v -0.53600001 0.05594287 0.21174555
v -0.53600001 0.05784679 0.20460813
v -0.54290801 0.04811712 0.22785650
v -0.53600001 0.05224984 0.22040357
v -0.54327852 0.05116960 0.22308227
v -0.53600001 0.05427233 0.21614121
v -0.54361308 0.05384288 0.21780547
v -0.53600001 0.04502315 0.23113029
v -0.53600001 0.04724198 0.22834399
v -0.53600001 0.04856647 0.22650075
v -0.54022610 0.02812057 0.24530202
v -0.53600001 0.03378944 0.24136606
v -0.54082114 0.03273890 0.24260187
v -0.53600001 0.03676686 0.23914325
v -0.54144615 0.03705682 0.23950718
v -0.53600001 0.04107668 0.23535220
v -0.54202503 0.04106278 0.23602232
v -0.54250181 0.04474489 0.23215114
v -0.53600001 0.02201833 0.24773750
v -0.53600001 0.02557123 0.24617060
v -0.53600001 0.02720325 0.24535440
v -0.53964418 0.02313579 0.24761945
v -0.53909308 0.01772203 0.24952848
v -0.53600001 0.01660650 0.24961470
v -0.53866500 0.01191296 0.25095764
v -0.53600001 0.01101695 0.25096229
v -0.53842759 0.00579971 0.25183311
v -0.53600001 0.00715214 0.25156489
v -0.53600001 -0.00000005 0.25200000
v -0.53837562 -0.00000005 0.25210148
v -0.54191440 -0.00000004 0.25273192
v -0.54532033 0.00750163 0.25374350
v -0.54521704 -0.00000000 0.25403824
v -0.54713631 0.00374107 0.25514066
v -0.54707158 0.00000001 0.25517678
v -0.54894876 0.00402811 0.25673500
v -0.54868037 0.00000001 0.25656080
v -0.55023712 -0.00000003 0.25872436
v -0.55146021 0.01392553 0.25866103
v -0.55076569 0.01715713 0.25637600
v -0.55247015 0.01830378 0.25858775
v -0.55623561 0.03138395 0.25512424
v -0.55320072 0.02483984 0.25587022
v -0.55945146 0.03664400 0.25411737
v -0.56287181 0.04102143 0.25275150
v -0.56667799 0.04492464 0.25080395
v -0.56861615 0.04666907 0.24955614
v -0.57042086 0.04820661 0.24815987
v -0.57658422 0.05310390 0.24082471
v -0.57927400 0.05515600 0.23567116
v -0.56998956 0.05155343 0.23764178
v -0.57218802 0.05386293 0.23269759
v -0.57795697 0.05415570 0.23839712
v -0.56761688 0.04905347 0.24162255
v -0.56494164 0.04622436 0.24491182
v -0.57415968 0.05592975 0.22666849
v -0.56792980 0.05695558 0.21751752
v -0.56074440 0.05804516 0.20849860
v -0.56891781 0.05845678 0.20991181
v -0.56001765 0.05640633 0.21558647
v -0.55202222 0.05608406 0.21376088
v -0.53600001 0.05822384 0.20253834
v -0.55907071 0.05427707 0.22188339
v -0.56663436 0.05500034 0.22419541
v -0.55794811 0.05177298 0.22736263
v -0.56509072 0.05269367 0.22991799
v -0.55670094 0.04900583 0.23203617
v -0.56337279 0.05014097 0.23469396
v -0.55534798 0.04604508 0.23599873
v -0.56151521 0.04740626 0.23863484
v -0.55380160 0.04282496 0.23943423
v -0.55940968 0.04438592 0.24197112
v -0.55199021 0.03921995 0.24245101
v -0.55697095 0.04090209 0.24482818
v -0.55010468 0.03523589 0.24504204
v -0.55446345 0.03696963 0.24718383
v -0.54836768 0.03091170 0.24724716
v -0.55218142 0.03266388 0.24910383
v -0.54670179 0.02601862 0.24915703
v -0.55001092 0.02769162 0.25072283
v -0.54511744 0.02033294 0.25077632
v -0.54794735 0.02176461 0.25207484
v -0.54385900 0.01390555 0.25202051
v -0.54629660 0.01495564 0.25310239
v -0.54312742 0.00692418 0.25280032
v -0.55141383 0.05385961 0.21974875
v -0.55069703 0.05122544 0.22507194
v -0.54990196 0.04828710 0.22973633
v -0.54903561 0.04511268 0.23380858
v -0.54803389 0.04167492 0.23741600
v -0.54684186 0.03790342 0.24063930
v -0.54558051 0.03380089 0.24347852
v -0.54440057 0.02938202 0.24594949
v -0.54325843 0.02449249 0.24810134
v -0.54217386 0.01898276 0.24991734
v -0.54132128 0.01289087 0.25130570
v -0.54083663 0.00635682 0.25217050
v -0.54929614 0.00868665 0.25666487
v -0.54990250 0.01303812 0.25654584
v -0.54741859 0.00808915 0.25502065
v -0.54791963 0.01216881 0.25482291
v -0.54863816 0.01603993 0.25454924
v -0.55187929 0.02111075 0.25615177
v -0.55067551 0.02326966 0.25377783
v -0.56186402 0.04284025 0.24764694
v -0.55872416 0.03892419 0.24978574
v -0.55589086 0.03459067 0.25141969
v -0.55321401 0.02948796 0.25272813
v -0.54347289 0.00371076 0.13264599
v -0.54389477 0.00830406 0.13282670
v -0.54200053 0.00752577 0.13354892
v -0.53600001 0.01112009 0.13505739
v -0.53844333 0.01251985 0.13517793
v -0.53917366 0.01868019 0.13676505
v -0.54761744 0.00000005 0.12845446
v -0.54768491 0.00476981 0.12874043
v -0.53980625 0.00302137 0.13376908
v -0.53917843 0.00000000 0.13379984
v -0.54164433 0.00000003 0.13327016
v -0.53797084 0.00599850 0.13421863
v -0.53600001 0.00000003 0.13399997
v -0.53600001 0.00528447 0.13423711
v -0.53600001 0.00955579 0.13477898
v -0.53599995 0.02250730 0.13846168
v -0.53600001 0.01893855 0.13712215
v -0.53600001 0.01688458 0.13646756
v -0.54138380 0.03432284 0.14451005
v -0.53599995 0.02777970 0.14094910
v -0.54074031 0.02956706 0.14149716
v -0.53998435 0.02436438 0.13889688
v -0.53599995 0.03781769 0.14771391
v -0.53599995 0.03584574 0.14613757
v -0.53599995 0.03304148 0.14411984
v -0.54318488 0.04945481 0.16024153
v -0.53600001 0.04610273 0.15618227
v -0.54281914 0.04624932 0.15578631
v -0.53600001 0.04238486 0.15195695
v -0.54239357 0.04264677 0.15166442
v -0.54192346 0.03867364 0.14790395
v -0.53600001 0.05481192 0.17116752
v -0.53600001 0.05314943 0.16738473
v -0.54348338 0.05223119 0.16498435
v -0.53600001 0.05243484 0.16595204
v -0.53600001 0.04840437 0.15926540
v -0.54373521 0.05456644 0.16999970
v -0.54395705 0.05645118 0.17530818
v -0.53600001 0.05653372 0.17611983
v -0.54414189 0.05785725 0.18092947
v -0.53600001 0.05796087 0.18197556
v -0.53600001 0.05849361 0.18528651
v -0.54426509 0.05873711 0.18684033
v -0.53600001 0.05874095 0.18747728
v -0.58619797 0.06024836 0.18325910
v -0.58544111 0.05967910 0.17479666
v -0.58425778 0.05884816 0.16761547
v -0.58278602 0.05783014 0.16164362
v -0.58107287 0.05664001 0.15654577
v -0.57902408 0.05521140 0.15196240
v -0.57971829 0.05360698 0.14172125
v -0.58308399 0.05543573 0.14539948
v -0.57066274 0.04890681 0.14097077
v -0.56728208 0.04591667 0.13818435
v -0.56336874 0.04199964 0.13567166
v -0.56118804 0.03953957 0.13453431
v -0.56225556 0.03932918 0.13137592
v -0.55671775 0.03183851 0.12986955
v -0.55947602 0.03586448 0.13054040
v -0.54846513 0.01069919 0.12877263
v -0.54984981 0.01654373 0.12886253
v -0.55176353 0.02211662 0.12904969
v -0.55409712 0.02724034 0.12937535
v -0.54672295 0.00000008 0.12997499
v -0.54658186 0.00441362 0.13035621
v -0.54723841 0.00989101 0.13043945
v -0.54840600 0.01528836 0.13060392
v -0.55002099 0.02044655 0.13087875
v -0.55199176 0.02521448 0.13129401
v -0.55420679 0.02952703 0.13187088
v -0.55654031 0.03334300 0.13261247
v -0.55889434 0.03666976 0.13350619
v -0.54544991 0.00000008 0.13127422
v -0.54512119 0.00406048 0.13166560
v -0.54565799 0.00909240 0.13179985
v -0.54662043 0.01404936 0.13204469
v -0.54795647 0.01879748 0.13241793
v -0.54959047 0.02321018 0.13293697
v -0.55142909 0.02723315 0.13361225
v -0.55336714 0.03083194 0.13444024
v -0.55532289 0.03401236 0.13540682
v -0.55904090 0.03923658 0.13768187
v -0.54788333 0.02889796 0.13811061
v -0.54550821 0.02278958 0.13602182
v -0.54852170 0.02498019 0.13500948
v -0.54704320 0.02124073 0.13423654
v -0.54438400 0.01931757 0.13517164
v -0.54573071 0.01717572 0.13361588
v -0.54338676 0.01558583 0.13447106
v -0.54257679 0.01162845 0.13392866
v -0.54466099 0.01282908 0.13314767
v -0.54040265 0.01044843 0.13441043
v -0.54095167 0.01403243 0.13498963
v -0.54239428 0.02068280 0.13661720
v -0.54001451 0.00675732 0.13400143
v -0.54168767 0.00336440 0.13333344
v -0.54373127 0.00000006 0.13241933
v -0.56957102 0.05937728 0.18476444
v -0.56122100 0.05906402 0.18547408
v -0.56906760 0.05857275 0.17741461
v -0.56084293 0.05818192 0.17863177
v -0.56828922 0.05736654 0.17097841
v -0.56026351 0.05684047 0.17251086
v -0.56733054 0.05586085 0.16542137
v -0.55955493 0.05513991 0.16709626
v -0.56622243 0.05410042 0.16052780
v -0.55874002 0.05313040 0.16223447
v -0.55008000 0.02836686 0.13592464
v -0.55165136 0.03140597 0.13696630
v -0.55013561 0.03397872 0.14061101
v -0.55463344 0.03653834 0.13935967
v -0.55208868 0.03823152 0.14341518
v -0.55723363 0.04064338 0.14205682
v -0.55375642 0.04189570 0.14648692
v -0.55946690 0.04404774 0.14501101
v -0.55523360 0.04516136 0.14986116
v -0.56145722 0.04701311 0.14827314
v -0.55659014 0.04813563 0.15361722
v -0.56329542 0.04968738 0.15195586
v -0.55777055 0.05080221 0.15775958
v -0.56490141 0.05205720 0.15606549
v -0.55117494 0.05247908 0.16372597
v -0.55170333 0.05468661 0.16862348
v -0.55216569 0.05652038 0.17395213
v -0.55254692 0.05793491 0.17980035
v -0.55279821 0.05884704 0.18616392
v -0.54400378 0.02653578 0.13877484
v -0.54551893 0.03163160 0.14135070
v -0.54682201 0.03609492 0.14426243
v -0.54792589 0.04007063 0.14747955
v -0.54889619 0.04367035 0.15101603
v -0.54978138 0.04695400 0.15491273
v -0.55054736 0.04990159 0.15916370
v -0.56229186 0.04323642 0.14027970
v -0.56509465 0.04642025 0.14314035
v -0.56760472 0.04911321 0.14632849
v -0.57370245 0.05134934 0.14410964
v -0.56993419 0.05149678 0.14998710
v -0.57653552 0.05345139 0.14777403
v -0.57197577 0.05356183 0.15411942
v -0.57365614 0.05530000 0.15862469
v -0.53980696 -0.00304360 0.13376994
v -0.54001808 -0.00680168 0.13400526
v -0.54200590 -0.00757517 0.13355246
v -0.54708534 -0.02135705 0.13425739
v -0.54575944 -0.01727627 0.13362888
v -0.54340857 -0.01567771 0.13448595
v -0.57915878 -0.05530546 0.15222564
v -0.57627833 -0.05150135 0.13874358
v -0.58644885 -0.06047578 0.19299999
v -0.58624154 -0.06028380 0.18407847
v -0.56960022 -0.05942614 0.18546563
v -0.56974107 -0.05967987 0.19300003
v -0.56124312 -0.05911704 0.18612020
v -0.56135124 -0.05938748 0.19300005
v -0.55281299 -0.05890121 0.18675698
v -0.55288678 -0.05917298 0.19300005
v -0.54427242 -0.05878849 0.18738191
v -0.54430974 -0.05904199 0.19300003
v -0.53600001 -0.05496152 0.17154692
v -0.53600001 -0.05587149 0.17404272
v -0.54397303 -0.05657784 0.17573290
v -0.53600001 -0.05677365 0.17694525
v -0.53600001 -0.05822077 0.18344264
v -0.54241490 -0.04282716 0.15185298
v -0.53600001 -0.04671401 0.15696101
v -0.54284048 -0.04643176 0.15601730
v -0.53600001 -0.04971509 0.16122870
v -0.54320455 -0.04963271 0.16051678
v -0.53600001 -0.05199765 0.16512083
v -0.53600001 -0.01530515 0.13601968
v -0.53600001 -0.01698662 0.13649814
v -0.53918803 -0.01878621 0.13679866
v -0.53599995 -0.02430054 0.13923673
v -0.54000342 -0.02449399 0.13895372
v -0.53599995 -0.02807355 0.14110699
v -0.54076129 -0.02971513 0.14158125
v -0.53599995 -0.03269790 0.14388937
v -0.54140472 -0.03448530 0.14462505
v -0.53599995 -0.03800862 0.14787403
v -0.54194427 -0.03884694 0.14805365
v -0.53600001 -0.04026499 0.14987534
v -0.53600001 -0.04238486 0.15195696
v -0.53797263 -0.00603793 0.13422234
v -0.53600001 -0.00597718 0.13430353
v -0.53600001 -0.01118937 0.13507073
v -0.54168874 -0.00338917 0.13333425
v -0.54768777 -0.00480500 0.12874047
v -0.54847813 -0.01076968 0.12877324
v -0.54987973 -0.01664636 0.12886485
v -0.55181479 -0.02224463 0.12905563
v -0.56130844 -0.03968159 0.13459279
v -0.56238705 -0.03948114 0.13141954
v -0.55959243 -0.03602012 0.13057204
v -0.55681497 -0.03199266 0.12989047
v -0.55417180 -0.02738526 0.12938748
v -0.57228982 -0.04870408 0.13599238
v -0.56767833 -0.04488707 0.13352410
v -0.57988435 -0.05370213 0.14188249
v -0.58325523 -0.05552357 0.14561388
v -0.58119416 -0.05672433 0.15686126
v -0.58436149 -0.05892000 0.16812648
v -0.58552259 -0.05973782 0.17545429
v -0.57079512 -0.04901768 0.14109363
v -0.56741148 -0.04603698 0.13827929
v -0.56349438 -0.04213461 0.13574229
v -0.54658425 -0.00444616 0.13035648
v -0.54724938 -0.00995609 0.13044085
v -0.54843128 -0.01538319 0.13060774
v -0.55006427 -0.02056530 0.13088687
v -0.55205494 -0.02534984 0.13130875
v -0.55428898 -0.02967234 0.13189456
v -0.55663884 -0.03349149 0.13264680
v -0.55900580 -0.03681681 0.13355231
v -0.54512316 -0.00409039 0.13166609
v -0.54566699 -0.00915215 0.13180205
v -0.54664129 -0.01413651 0.13205016
v -0.54799229 -0.01890704 0.13242851
v -0.54964286 -0.02333591 0.13295478
v -0.55149734 -0.02736940 0.13363926
v -0.55344898 -0.03097293 0.13447790
v -0.55541545 -0.03415409 0.13545609
v -0.55914533 -0.03937167 0.13775526
v -0.54857659 -0.02510758 0.13503984
v -0.54554993 -0.02290870 0.13605483
v -0.55014575 -0.02850055 0.13596569
v -0.54793960 -0.02903050 0.13816594
v -0.54347438 -0.00373808 0.13264665
v -0.54390192 -0.00835859 0.13282967
v -0.54441601 -0.01942493 0.13519487
v -0.54096651 -0.01411608 0.13500544
v -0.54242265 -0.02079468 0.13665150
v -0.53845084 -0.01259582 0.13519330
v -0.54041117 -0.01051363 0.13441931
v -0.54258937 -0.01170075 0.13393693
v -0.54467762 -0.01290871 0.13315472
v -0.55783427 -0.05095071 0.15801758
v -0.56498826 -0.05218822 0.15632233
v -0.55665869 -0.04828692 0.15382996
v -0.56338847 -0.04982267 0.15216587
v -0.55530107 -0.04530960 0.15003125
v -0.56154847 -0.04714688 0.14843869
v -0.55382127 -0.04203894 0.14662124
v -0.55955404 -0.04417886 0.14514031
v -0.55215293 -0.03837146 0.14352047
v -0.55731934 -0.04077546 0.14215806
v -0.55019861 -0.03411638 0.14069061
v -0.55471706 -0.03667409 0.13943619
v -0.55172569 -0.03154265 0.13701884
v -0.55058867 -0.05006595 0.15942745
v -0.54982591 -0.04712107 0.15513211
v -0.54894036 -0.04383408 0.15119356
v -0.54796863 -0.04022782 0.14762054
v -0.54686469 -0.03624480 0.14437231
v -0.54556113 -0.03177314 0.14143296
v -0.54404181 -0.02666575 0.13883181
v -0.56835717 -0.05747186 0.17144445
v -0.56912148 -0.05865680 0.17799369
v -0.56031394 -0.05695841 0.17295915
v -0.56088328 -0.05827463 0.17917594
v -0.55219871 -0.05664596 0.17438647
v -0.55257362 -0.05803153 0.18031251
v -0.54415488 -0.05795156 0.18141250
v -0.53600001 -0.05878528 0.18797089
v -0.53600001 -0.05900000 0.19300000
v -0.56740403 -0.05597719 0.16579399
v -0.58289927 -0.05790846 0.16203725
v -0.57375568 -0.05540419 0.15893415
v -0.54375201 -0.05471652 0.17036958
v -0.54350108 -0.05239798 0.16530494
v -0.55173856 -0.05483056 0.16898926
v -0.55121213 -0.05263516 0.16403620
v -0.55960912 -0.05527213 0.16746323
v -0.55879754 -0.05327168 0.16254012
v -0.56630075 -0.05422400 0.16083357
v -0.57208622 -0.05367446 0.15437841
v -0.57005239 -0.05161603 0.15019728
v -0.57667941 -0.05355478 0.14798610
v -0.56772012 -0.04923342 0.14649159
v -0.57384253 -0.05145673 0.14427161
v -0.56520420 -0.04654071 0.14326596
v -0.56239927 -0.04336215 0.14037748
v -0.55146021 -0.01392563 0.25866112
v -0.55247021 -0.01830387 0.25858784
v -0.55076575 -0.01715722 0.25637606
v -0.56761706 -0.04905351 0.24162264
v -0.56494176 -0.04622441 0.24491191
v -0.57042104 -0.04820667 0.24815996
v -0.58519632 -0.05958640 0.21293207
v -0.58614707 -0.06027891 0.20300116
v -0.53600001 -0.02741102 0.24524593
v -0.54022616 -0.02812059 0.24530201
v -0.54082119 -0.03273891 0.24260187
v -0.53600001 -0.01867794 0.24896546
v -0.53600001 -0.01661059 0.24961348
v -0.53909308 -0.01772207 0.24952848
v -0.56861627 -0.04666913 0.24955623
v -0.56667811 -0.04492470 0.25080407
v -0.57658440 -0.05310394 0.24082483
v -0.57516468 -0.05200526 0.24297328
v -0.57368338 -0.05084377 0.24488346
v -0.56287193 -0.04102150 0.25275159
v -0.55187935 -0.02111084 0.25615183
v -0.55320078 -0.02483992 0.25587028
v -0.55623567 -0.03138404 0.25512433
v -0.55945158 -0.03664408 0.25411746
v -0.54713637 -0.00374115 0.25514069
v -0.54532033 -0.00750171 0.25374353
v -0.53842759 -0.00579976 0.25183311
v -0.53600001 -0.00527892 0.25176334
v -0.53600001 -0.02201835 0.24773748
v -0.53600001 -0.03213076 0.24248350
v -0.54144621 -0.03705682 0.23950720
v -0.53600001 -0.03549391 0.24012944
v -0.54202509 -0.04106278 0.23602232
v -0.53600001 -0.04107668 0.23535220
v -0.53600001 -0.04265191 0.23376539
v -0.54250181 -0.04474489 0.23215115
v -0.53600001 -0.04502314 0.23113030
v -0.54290801 -0.04811710 0.22785653
v -0.53600001 -0.04874473 0.22624083
v -0.54327857 -0.05116958 0.22308230
v -0.53600001 -0.05166422 0.22149228
v -0.54361314 -0.05384287 0.21780552
v -0.53600001 -0.05353612 0.21779688
v -0.54389906 -0.05605384 0.21203940
v -0.53600001 -0.05634682 0.21049391
v -0.55279386 -0.05884968 0.19994171
v -0.53600001 -0.05687863 0.20867862
v -0.54412240 -0.05771322 0.20582463
v -0.53600001 -0.05784678 0.20460817
v -0.53600001 -0.05867729 0.19916250
v -0.58168101 -0.05696549 0.22929373
v -0.58052099 -0.05609569 0.23263627
v -0.57927418 -0.05515603 0.23567128
v -0.57795715 -0.05415574 0.23839724
v -0.57218820 -0.05386295 0.23269768
v -0.56998974 -0.05155346 0.23764187
v -0.58368379 -0.05846194 0.22170238
v -0.56792998 -0.05695558 0.21751761
v -0.56663448 -0.05500034 0.22419550
v -0.58273900 -0.05775665 0.22564770
v -0.57415986 -0.05592977 0.22666860
v -0.56954354 -0.05939939 0.20141838
v -0.56891793 -0.05845678 0.20991190
v -0.53600001 -0.00950897 0.25122869
v -0.53866506 -0.01191301 0.25095764
v -0.54132128 -0.01289092 0.25130567
v -0.54083669 -0.00635688 0.25217050
v -0.54312748 -0.00692424 0.25280032
v -0.56074452 -0.05804516 0.20849867
v -0.56001770 -0.05640633 0.21558654
v -0.55907077 -0.05427707 0.22188346
v -0.56509084 -0.05269367 0.22991806
v -0.55794823 -0.05177298 0.22736269
v -0.56337297 -0.05014099 0.23469403
v -0.55670106 -0.04900584 0.23203623
v -0.56151533 -0.04740629 0.23863491
v -0.55534810 -0.04604509 0.23599878
v -0.55940980 -0.04438595 0.24197118
v -0.55380172 -0.04282498 0.23943426
v -0.55697101 -0.04090213 0.24482822
v -0.55199033 -0.03921997 0.24245104
v -0.55446357 -0.03696968 0.24718387
v -0.55010480 -0.03523592 0.24504207
v -0.55218154 -0.03266393 0.24910386
v -0.54836774 -0.03091174 0.24724719
v -0.55001104 -0.02769168 0.25072286
v -0.54670185 -0.02601867 0.24915703
v -0.54794741 -0.02176467 0.25207487
v -0.54511750 -0.02033299 0.25077632
v -0.54629666 -0.01495571 0.25310239
v -0.54385900 -0.01390561 0.25202051
v -0.54217392 -0.01898281 0.24991734
v -0.53964418 -0.02313582 0.24761945
v -0.55249292 -0.05778540 0.20713890
v -0.55202228 -0.05608405 0.21376094
v -0.55141389 -0.05385960 0.21974880
v -0.55069709 -0.05122543 0.22507198
v -0.54990208 -0.04828709 0.22973636
v -0.54903567 -0.04511268 0.23380861
v -0.54803395 -0.04167492 0.23741601
v -0.54684192 -0.03790343 0.24063931
v -0.54558051 -0.03380091 0.24347854
v -0.54440063 -0.02938205 0.24594949
v -0.54325843 -0.02449252 0.24810134
v -0.55034178 -0.00431781 0.25872511
v -0.55075002 -0.00929308 0.25870511
v -0.54929614 -0.00868674 0.25666493
v -0.54990256 -0.01303821 0.25654590
v -0.54791969 -0.01216889 0.25482294
v -0.54863822 -0.01604001 0.25454926
v -0.55067557 -0.02326973 0.25377786
v -0.54741865 -0.00808923 0.25502068
v -0.54894882 -0.00402820 0.25673506
v -0.55321413 -0.02948803 0.25272816
v -0.55589098 -0.03459074 0.25141975
v -0.55872428 -0.03892425 0.24978580
v -0.56186414 -0.04284030 0.24764702
v -0.61852056 0.05791784 0.12599999
v -0.61566484 0.05841337 0.12599999
v -0.61278814 0.05876817 0.12599999
v -0.60699999 0.05905252 0.12599999
v -0.60410243 0.05898139 0.12599999
v -0.59265143 0.05728279 0.12599999
v -0.58985794 0.05650974 0.12599999
v -0.58440161 0.05455742 0.12599999
v -0.58175182 0.05338285 0.12599999
v -0.58440161 -0.05455742 0.12599999
v -0.58710581 -0.05560055 0.12599999
v -0.58985794 -0.05650974 0.12599999
v -0.59547943 -0.05791784 0.12599999
v -0.62134862 -0.05728279 0.12599999
v -0.62414205 -0.05650974 0.12599999
v -0.62959844 -0.05455742 0.12599999
v -0.63224822 -0.05338285 0.12599999
v -0.62959844 0.05455742 0.12599999
v -0.62689418 0.05560055 0.12599999
v -0.62414205 0.05650974 0.12599999
v -0.60121185 0.05876817 0.12599999
v -0.59547943 0.05791784 0.12599999
v -0.55789965 0.03280782 0.12599999
v -0.55634898 0.03035906 0.12599999
v -0.55492032 0.02783717 0.12599999
v -0.55244261 0.02259842 0.12599999
v -0.60989755 -0.05898139 0.12599999
v -0.61278814 -0.05876817 0.12599999
v -0.61852056 -0.05791784 0.12599999
v -0.65610039 -0.03280782 0.12599999
v -0.65765107 -0.03035907 0.12599999
v -0.65907967 -0.02783717 0.12599999
v -0.66155744 -0.02259842 0.12599999
v -0.57916284 0.05207968 0.12599999
v -0.57419217 0.04910038 0.12599999
v -0.57182246 0.04743143 0.12599999
v -0.56953746 0.04564822 0.12599999
v -0.56524354 0.04175644 0.12599999
v -0.56324500 0.03965725 0.12599999
v -0.56135178 0.03746253 0.12599999
v -0.59833521 -0.05841337 0.12599999
v -0.60121185 -0.05876817 0.12599999
v -0.60699999 -0.05905252 0.12599999
v -0.63483715 -0.05207968 0.12599999
v -0.63980782 -0.04910038 0.12599999
v -0.64217758 -0.04743143 0.12599999
v -0.64446253 -0.04564822 0.12599999
v -0.64875644 -0.04175644 0.12599999
v -0.65075505 -0.03965725 0.12599999
v -0.65264821 -0.03746253 0.12599999
v -0.54908216 0.01152058 0.12599999
v -0.54858661 0.00866480 0.12599999
v -0.54823184 0.00578816 0.12599999
v -0.54794747 -0.00000000 0.12599999
v -0.54801863 -0.00289757 0.12599999
v -0.54823184 -0.00578816 0.12599999
v -0.54908216 -0.01152058 0.12599999
v -0.54971719 -0.01434859 0.12599999
v -0.56524354 -0.04175644 0.12599999
v -0.56734276 -0.04375504 0.12599999
v -0.56953746 -0.04564822 0.12599999
v -0.57419217 -0.04910038 0.12599999
v -0.66491783 -0.01152058 0.12599999
v -0.66541338 -0.00866481 0.12599999
v -0.66576815 -0.00578816 0.12599999
v -0.66605252 -0.00000000 0.12599999
v -0.66598141 0.00289757 0.12599999
v -0.66576815 0.00578816 0.12599999
v -0.66491783 0.01152058 0.12599999
v -0.66428280 0.01434859 0.12599999
v -0.64875644 0.04175644 0.12599999
v -0.64665723 0.04375503 0.12599999
v -0.64446253 0.04564822 0.12599999
v -0.63980782 0.04910038 0.12599999
v -0.55139947 0.01989420 0.12599999
v -0.55049026 0.01714204 0.12599999
v -0.55049026 -0.01714204 0.12599999
v -0.55244261 -0.02259842 0.12599999
v -0.55361718 -0.02524821 0.12599999
v -0.55492032 -0.02783717 0.12599999
v -0.55789965 -0.03280782 0.12599999
v -0.55956858 -0.03517755 0.12599999
v -0.56135178 -0.03746253 0.12599999
v -0.57664096 -0.05065104 0.12599999
v -0.57916284 -0.05207968 0.12599999
v -0.66260058 -0.01989420 0.12599999
v -0.66350973 -0.01714204 0.12599999
v -0.66350973 0.01714204 0.12599999
v -0.66155744 0.02259842 0.12599999
v -0.66038287 0.02524821 0.12599999
v -0.65907967 0.02783717 0.12599999
v -0.65610039 0.03280782 0.12599999
v -0.65443146 0.03517755 0.12599999
v -0.65264821 0.03746253 0.12599999
v -0.63735908 0.05065104 0.12599999
v -0.63483715 0.05207968 0.12599999
v -0.60699999 0.05905252 0.11699998
v -0.59547943 0.05791784 0.11699998
v -0.58440161 0.05455742 0.11699998
v -0.57419217 0.04910038 0.11699998
v -0.56524354 0.04175644 0.11699998
v -0.55789965 0.03280782 0.11699998
v -0.55244261 0.02259842 0.11699998
v -0.54908216 0.01152058 0.11699998
v -0.54794747 -0.00000000 0.11699998
v -0.54908216 -0.01152058 0.11699998
v -0.55244261 -0.02259842 0.11699998
v -0.55789965 -0.03280782 0.11699998
v -0.56524354 -0.04175644 0.11699998
v -0.57419217 -0.04910038 0.11699998
v -0.58440161 -0.05455742 0.11699998
v -0.59547943 -0.05791784 0.11699998
v -0.60699999 -0.05905252 0.11699998
v -0.61852056 -0.05791784 0.11699998
v -0.62959844 -0.05455742 0.11699998
v -0.63980782 -0.04910038 0.11699998
v -0.64875644 -0.04175644 0.11699998
v -0.65610039 -0.03280782 0.11699998
v -0.66155744 -0.02259842 0.11699998
v -0.66491783 -0.01152058 0.11699998
v -0.66605252 -0.00000000 0.11699998
v -0.66491783 0.01152058 0.11699998
v -0.66155744 0.02259842 0.11699998
v -0.65610039 0.03280782 0.11699998
v -0.64875644 0.04175644 0.11699998
v -0.63980782 0.04910038 0.11699998
v -0.62959844 0.05455742 0.11699998
v -0.61852056 0.05791784 0.11699998
v -0.56977344 0.00452013 0.11699998
v -0.56977344 -0.00452013 0.11699998
v -0.57193691 -0.01329768 0.11699998
v -0.57613814 -0.02130243 0.11699998
v -0.58213294 -0.02806915 0.11699998
v -0.58957291 0.03320460 0.11699998
v -0.58213294 0.02806915 0.11699998
v -0.57613814 0.02130243 0.11699998
v -0.57193691 0.01329768 0.11699998
v -0.63186711 0.02806915 0.11699998
v -0.62442714 0.03320460 0.11699998
v -0.61597437 0.03641032 0.11699998
v -0.60699999 0.03750000 0.11699998
v -0.59802568 0.03641032 0.11699998
v -0.62442714 -0.03320460 0.11699998
v -0.63186711 -0.02806915 0.11699998
v -0.63786191 -0.02130243 0.11699998
v -0.64206314 -0.01329768 0.11699998
v -0.64422661 -0.00452013 0.11699998
v -0.58957291 -0.03320460 0.11699998
v -0.59802568 -0.03641032 0.11699998
v -0.60699999 -0.03750000 0.11699998
v -0.61597437 -0.03641032 0.11699998
v -0.64422661 0.00452013 0.11699998
v -0.64206314 0.01329768 0.11699998
v -0.63786191 0.02130243 0.11699998
v -0.60699999 -0.03750000 0.12299998
v -0.61597437 -0.03641032 0.12299998
v -0.62442714 -0.03320460 0.12299998
v -0.63186711 -0.02806915 0.12299998
v -0.63786191 -0.02130243 0.12299998
v -0.64206314 -0.01329768 0.12299998
v -0.64422661 -0.00452013 0.12299998
v -0.64422661 0.00452013 0.12299998
v -0.64206314 0.01329768 0.12299998
v -0.63786191 0.02130243 0.12299998
v -0.63186711 0.02806915 0.12299998
v -0.62442714 0.03320460 0.12299998
v -0.61597437 0.03641032 0.12299998
v -0.60699999 0.03750000 0.12299998
v -0.59802568 0.03641032 0.12299998
v -0.58957291 0.03320460 0.12299998
v -0.58213294 0.02806915 0.12299998
v -0.57613814 0.02130243 0.12299998
v -0.57193691 0.01329768 0.12299998
v -0.56977344 0.00452013 0.12299998
v -0.56977344 -0.00452013 0.12299998
v -0.57193691 -0.01329768 0.12299998
v -0.57613814 -0.02130243 0.12299998
v -0.58213294 -0.02806915 0.12299998
v -0.58957291 -0.03320460 0.12299998
v -0.59802568 -0.03641032 0.12299998
v -0.56533986 -0.00833848 0.27614138
v -0.56500918 -0.00000000 0.27613887
v -0.56649613 -0.00000000 0.27637783
v -0.56239069 -0.02400167 0.27369967
v -0.56067514 -0.01928731 0.27369767
v -0.55944651 -0.01447555 0.27369511
v -0.55866188 -0.00961016 0.27369198
v -0.55824959 -0.00463913 0.27368829
v -0.56460321 -0.02851270 0.27370107
v -0.56731963 -0.03269586 0.27370194
v -0.57055438 -0.03644523 0.27370220
v -0.57430422 -0.03968022 0.27370194
v -0.57848775 -0.04239704 0.27370107
v -0.58299839 -0.04460949 0.27369967
v -0.58771253 -0.04632478 0.27369767
v -0.59252453 -0.04755351 0.27369511
v -0.59738982 -0.04833814 0.27369198
v -0.60236084 -0.04875038 0.27368829
v -0.60699999 -0.04886381 0.27368447
v -0.60699999 -0.04199082 0.27613887
v -0.60699999 -0.04548833 0.27513939
v -0.60267699 -0.04539482 0.27514282
v -0.59929872 -0.03828149 0.27649999
v -0.60699999 -0.03850000 0.27649999
v -0.60699999 -0.04050387 0.27637783
v -0.59017396 -0.04021665 0.27614328
v -0.59731984 -0.03811033 0.27649999
v -0.59439105 -0.04111877 0.27614242
v -0.59866154 -0.04166015 0.27614138
v -0.58755130 -0.03599110 0.27649999
v -0.59024054 -0.03683567 0.27649999
v -0.59140915 -0.03713339 0.27649999
v -0.57832766 -0.03477949 0.27614471
v -0.58402199 -0.03449295 0.27649999
v -0.58203781 -0.03707482 0.27614442
v -0.58602947 -0.03888066 0.27614394
v -0.57727182 -0.02972818 0.27650002
v -0.57901156 -0.03129587 0.27650002
v -0.58035082 -0.03231115 0.27649999
v -0.56992531 -0.02496232 0.27614442
v -0.57491595 -0.02696548 0.27649999
v -0.57222050 -0.02867238 0.27614471
v -0.57502294 -0.03197695 0.27614480
v -0.57100892 -0.01944873 0.27649999
v -0.57192409 -0.02173801 0.27649999
v -0.57260776 -0.02317855 0.27649999
v -0.56811941 -0.02097053 0.27614394
v -0.56678331 -0.01682597 0.27614328
v -0.56985968 -0.01556178 0.27649999
v -0.56588125 -0.01260896 0.27614242
v -0.56913251 -0.01167277 0.27649999
v -0.56877542 -0.00844522 0.27649999
v -0.56849998 0.00000000 0.27649999
v -0.59801817 -0.04505369 0.27514613
v -0.59344631 -0.04438709 0.27514893
v -0.58892775 -0.04331798 0.27515122
v -0.58449441 -0.04178855 0.27515301
v -0.58023918 -0.03977553 0.27515429
v -0.57628828 -0.03726552 0.27515504
v -0.57275695 -0.03424278 0.27515531
v -0.56973439 -0.03071178 0.27515504
v -0.56722462 -0.02676112 0.27515429
v -0.56521153 -0.02250566 0.27515301
v -0.56368196 -0.01807215 0.27515122
v -0.56261295 -0.01355373 0.27514893
v -0.56194633 -0.00898180 0.27514613
v -0.56160516 -0.00432300 0.27514282
v -0.56151170 0.00000000 0.27513939
v -0.55813622 0.00000000 0.27368447
v -0.59866154 0.04166015 0.27614138
v -0.60699999 0.04199082 0.27613887
v -0.60699999 0.04050387 0.27637783
v -0.60699999 0.04886381 0.27368447
v -0.58299839 0.04460949 0.27369967
v -0.58771253 0.04632478 0.27369767
v -0.59252453 0.04755351 0.27369511
v -0.59738982 0.04833814 0.27369198
v -0.60236084 0.04875038 0.27368829
v -0.57848775 0.04239704 0.27370107
v -0.57430422 0.03968022 0.27370194
v -0.57055438 0.03644523 0.27370220
v -0.56731963 0.03269586 0.27370194
v -0.56460321 0.02851270 0.27370107
v -0.56239069 0.02400167 0.27369967
v -0.56067514 0.01928731 0.27369767
v -0.55944651 0.01447555 0.27369511
v -0.55866188 0.00961016 0.27369198
v -0.55824959 0.00463913 0.27368829
v -0.56871849 0.00770130 0.27649999
v -0.56678331 0.01682598 0.27614328
v -0.56888968 0.00968013 0.27649999
v -0.56588125 0.01260896 0.27614242
v -0.56533986 0.00833848 0.27614138
v -0.57100892 0.01944873 0.27649999
v -0.57016432 0.01675946 0.27649999
v -0.56986660 0.01559087 0.27649999
v -0.57222050 0.02867238 0.27614471
v -0.57250702 0.02297798 0.27649999
v -0.56992531 0.02496232 0.27614442
v -0.56811941 0.02097053 0.27614394
v -0.57727182 0.02972818 0.27649999
v -0.57570410 0.02798845 0.27649999
v -0.57468885 0.02664919 0.27649999
v -0.58203781 0.03707482 0.27614442
v -0.58003449 0.03208403 0.27649999
v -0.57832766 0.03477949 0.27614471
v -0.57502294 0.03197695 0.27614480
v -0.58755130 0.03599110 0.27649999
v -0.58526200 0.03507591 0.27649999
v -0.58382148 0.03439225 0.27649999
v -0.58602947 0.03888066 0.27614394
v -0.59017396 0.04021665 0.27614328
v -0.59143823 0.03714029 0.27649999
v -0.59439105 0.04111877 0.27614242
v -0.59532726 0.03786748 0.27649999
v -0.59855473 0.03822457 0.27649999
v -0.60699999 0.03850000 0.27649999
v -0.60267699 0.04539482 0.27514282
v -0.59801817 0.04505369 0.27514613
v -0.59344631 0.04438709 0.27514893
v -0.58892775 0.04331798 0.27515122
v -0.58449441 0.04178855 0.27515301
v -0.58023918 0.03977553 0.27515429
v -0.57628828 0.03726552 0.27515504
v -0.57275701 0.03424278 0.27515531
v -0.56973439 0.03071178 0.27515504
v -0.56722462 0.02676112 0.27515429
v -0.56521153 0.02250566 0.27515301
v -0.56368196 0.01807215 0.27515122
v -0.56261295 0.01355373 0.27514893
v -0.56194633 0.00898180 0.27514613
v -0.56160516 0.00432300 0.27514282
v -0.60699999 0.04548833 0.27513939
v -0.64866018 0.00833848 0.27614138
v -0.64899081 0.00000000 0.27613887
v -0.64750385 0.00000000 0.27637783
v -0.65160936 0.02400167 0.27369967
v -0.65332484 0.01928731 0.27369767
v -0.65455347 0.01447555 0.27369511
v -0.65533817 0.00961016 0.27369198
v -0.65575039 0.00463913 0.27368829
v -0.64939678 0.02851270 0.27370107
v -0.64668036 0.03269586 0.27370194
v -0.64344561 0.03644523 0.27370220
v -0.63969576 0.03968022 0.27370194
v -0.63551223 0.04239704 0.27370107
v -0.63100159 0.04460949 0.27369967
v -0.62628752 0.04632478 0.27369767
v -0.62147552 0.04755351 0.27369511
v -0.61661017 0.04833814 0.27369198
v -0.61163914 0.04875038 0.27368829
v -0.61132306 0.04539482 0.27514282
v -0.61470133 0.03828149 0.27649999
v -0.62382603 0.04021665 0.27614328
v -0.61668015 0.03811033 0.27649999
v -0.61960894 0.04111877 0.27614242
v -0.61533850 0.04166015 0.27614138
v -0.62644875 0.03599110 0.27649999
v -0.62375951 0.03683567 0.27649999
v -0.62259090 0.03713339 0.27649999
v -0.63567233 0.03477949 0.27614471
v -0.62997800 0.03449295 0.27649999
v -0.63196218 0.03707482 0.27614442
v -0.62797052 0.03888066 0.27614394
v -0.63672817 0.02972818 0.27649999
v -0.63498849 0.03129587 0.27649999
v -0.63364917 0.03231115 0.27649999
v -0.64407474 0.02496232 0.27614442
v -0.63908404 0.02696548 0.27649999
v -0.64177954 0.02867238 0.27614471
v -0.63897711 0.03197695 0.27614480
v -0.64299113 0.01944873 0.27649999
v -0.64207590 0.02173801 0.27649999
v -0.64139223 0.02317855 0.27649999
v -0.64588064 0.02097053 0.27614394
v -0.64721668 0.01682597 0.27614328
v -0.64414030 0.01556178 0.27649999
v -0.64811879 0.01260896 0.27614242
v -0.64486748 0.01167277 0.27649999
v -0.64522457 0.00844523 0.27649999
v -0.64550000 -0.00000000 0.27649999
v -0.61598182 0.04505369 0.27514613
v -0.62055367 0.04438709 0.27514893
v -0.62507230 0.04331798 0.27515122
v -0.62950563 0.04178855 0.27515301
v -0.63376081 0.03977553 0.27515429
v -0.63771176 0.03726552 0.27515504
v -0.64124304 0.03424278 0.27515531
v -0.64426559 0.03071178 0.27515504
v -0.64677536 0.02676112 0.27515429
v -0.64878845 0.02250566 0.27515301
v -0.65031803 0.01807215 0.27515122
v -0.65138710 0.01355373 0.27514893
v -0.65205371 0.00898180 0.27514613
v -0.65239483 0.00432300 0.27514282
v -0.65248835 -0.00000000 0.27513939
v -0.65586382 -0.00000000 0.27368447
v -0.61533850 -0.04166015 0.27614138
v -0.63100159 -0.04460949 0.27369967
v -0.62628752 -0.04632478 0.27369767
v -0.62147552 -0.04755351 0.27369511
v -0.61661017 -0.04833814 0.27369198
v -0.61163914 -0.04875038 0.27368829
v -0.63551223 -0.04239704 0.27370107
v -0.63969576 -0.03968022 0.27370194
v -0.64344561 -0.03644523 0.27370220
v -0.64668036 -0.03269586 0.27370194
v -0.64939678 -0.02851270 0.27370107
v -0.65160936 -0.02400167 0.27369967
v -0.65332484 -0.01928731 0.27369767
v -0.65455347 -0.01447555 0.27369511
v -0.65533817 -0.00961016 0.27369198
v -0.65575039 -0.00463913 0.27368829
v -0.64528149 -0.00770130 0.27649999
v -0.64721668 -0.01682598 0.27614328
v -0.64511037 -0.00968013 0.27649999
v -0.64811879 -0.01260896 0.27614242
v -0.64866018 -0.00833848 0.27614138
v -0.64299113 -0.01944873 0.27649999
v -0.64383566 -0.01675946 0.27649999
v -0.64413339 -0.01559087 0.27649999
v -0.64177954 -0.02867238 0.27614471
v -0.64149296 -0.02297798 0.27649999
v -0.64407474 -0.02496232 0.27614442
v -0.64588064 -0.02097053 0.27614394
v -0.63672817 -0.02972818 0.27650002
v -0.63829589 -0.02798845 0.27650002
v -0.63931113 -0.02664919 0.27649999
v -0.63196218 -0.03707482 0.27614442
v -0.63396549 -0.03208403 0.27650002
v -0.63567233 -0.03477949 0.27614471
v -0.63897711 -0.03197695 0.27614480
v -0.62644875 -0.03599110 0.27649999
v -0.62873805 -0.03507591 0.27649999
v -0.63017857 -0.03439225 0.27649999
v -0.62797052 -0.03888066 0.27614394
v -0.62382603 -0.04021665 0.27614328
v -0.62256181 -0.03714029 0.27649999
v -0.61960894 -0.04111877 0.27614242
v -0.61867279 -0.03786748 0.27649999
v -0.61544526 -0.03822457 0.27649999
v -0.61132306 -0.04539482 0.27514282
v -0.61598182 -0.04505369 0.27514613
v -0.62055367 -0.04438709 0.27514893
v -0.62507230 -0.04331798 0.27515122
v -0.62950563 -0.04178855 0.27515301
v -0.63376081 -0.03977553 0.27515429
v -0.63771176 -0.03726552 0.27515504
v -0.64124304 -0.03424278 0.27515531
v -0.64426559 -0.03071178 0.27515504
v -0.64677536 -0.02676112 0.27515429
v -0.64878845 -0.02250566 0.27515301
v -0.65031803 -0.01807215 0.27515122
v -0.65138710 -0.01355373 0.27514893
v -0.65205371 -0.00898180 0.27514613
v -0.65239483 -0.00432300 0.27514282
v -0.63771415 -0.02629927 0.27649999
v -0.58069992 -0.03071322 0.27649999
v -0.63330013 0.03071322 0.27649999
v -0.63042814 0.03256232 0.27649999
v -0.58725816 0.03428028 0.27649999
v -0.58386564 0.03272270 0.27649999
v -0.58096403 0.03090804 0.27649999
v -0.57850862 0.02884063 0.27649999
v -0.57628584 0.02629927 0.27649999
v -0.62711394 0.03413322 0.27649999
v -0.62338156 0.03538337 0.27649999
v -0.63584054 0.02849155 0.27649999
v -0.63790643 0.02603858 0.27649999
v -0.63972145 0.02313671 0.27649999
v -0.64127833 0.01974634 0.27649999
v -0.57815951 -0.02849155 0.27649999
v -0.57609355 -0.02603858 0.27649999
v -0.57427859 -0.02313671 0.27649999
v -0.57272172 -0.01974634 0.27649999
v -0.63549137 -0.02884063 0.27649999
v -0.63303602 -0.03090804 0.27649999
v -0.63013440 -0.03272270 0.27649999
v -0.62674183 -0.03428028 0.27649999
v -0.61931127 0.03625336 0.27649999
v -0.61477244 0.03677179 0.27649999
v -0.59103584 0.03549437 0.27649999
v -0.59521449 0.03633473 0.27649999
v -0.60003328 0.03682611 0.27649999
v -0.60699999 0.03700000 0.27649999
v -0.60789424 0.03699815 0.27649999
v -0.63956225 -0.02342827 0.27649999
v -0.64113218 -0.02011604 0.27649999
v -0.64238310 -0.01638150 0.27649999
v -0.57443774 0.02342827 0.27649999
v -0.57286781 0.02011604 0.27649999
v -0.57161689 0.01638150 0.27649999
v -0.58357185 -0.03256232 0.27649999
v -0.58688611 -0.03413322 0.27649999
v -0.59061849 -0.03538337 0.27649999
v -0.64325589 -0.01230228 0.27649999
v -0.64377171 -0.00777314 0.27649999
v -0.57074410 0.01230228 0.27649999
v -0.57022828 0.00777314 0.27649999
v -0.59468877 -0.03625336 0.27649999
v -0.59922755 -0.03677179 0.27649999
v -0.64249456 0.01596276 0.27649999
v -0.64333600 0.01178480 0.27649999
v -0.64382499 0.00698086 0.27649999
v -0.64399999 0.00000000 0.27649999
v -0.64399815 -0.00086795 0.27649999
v -0.57150543 -0.01596276 0.27649999
v -0.57066399 -0.01178480 0.27649999
v -0.57017505 -0.00698086 0.27649999
v -0.56999999 -0.00000000 0.27649999
v -0.57000184 0.00086795 0.27649999
v -0.62296420 -0.03549437 0.27649999
v -0.61878556 -0.03633473 0.27649999
v -0.61396670 -0.03682611 0.27649999
v -0.60699999 -0.03700000 0.27649999
v -0.60610580 -0.03699815 0.27649999
v -0.60699999 -0.03123428 0.27253708
v -0.60699999 -0.03256254 0.27297956
v -0.60040671 -0.03233600 0.27297956
v -0.59986383 -0.03484921 0.27438289
v -0.60699999 -0.03482464 0.27417663
v -0.60699999 -0.03617612 0.27536708
v -0.60699999 -0.02700000 0.27199998
v -0.60699999 -0.02980676 0.27222258
v -0.60154408 -0.02689776 0.27199998
v -0.60097510 -0.02963602 0.27222258
v -0.59875041 -0.02666971 0.27199998
v -0.59786999 -0.02934059 0.27222258
v -0.59592140 -0.02622216 0.27199998
v -0.58377647 -0.02322352 0.27222258
v -0.58855575 -0.02339851 0.27199998
v -0.58616108 -0.02520515 0.27222258
v -0.59047902 -0.02444057 0.27199998
v -0.58887619 -0.02677893 0.27222258
v -0.59318006 -0.02550440 0.27199998
v -0.59179580 -0.02797333 0.27222258
v -0.59480947 -0.02881026 0.27222258
v -0.57576573 0.00000000 0.27253708
v -0.57719326 0.00000000 0.27222258
v -0.57736403 -0.00602499 0.27222258
v -0.58000004 -0.00000000 0.27199998
v -0.58004653 -0.00409728 0.27199998
v -0.58010232 -0.00545601 0.27199998
v -0.57765841 -0.00912770 0.27222258
v -0.58081627 -0.01126181 0.27199998
v -0.57818961 -0.01219028 0.27222258
v -0.58150339 -0.01384295 0.27199998
v -0.57902819 -0.01520778 0.27222258
v -0.58238763 -0.01614853 0.27199998
v -0.58022106 -0.01812392 0.27222258
v -0.58397877 -0.01901739 0.27199998
v -0.58179671 -0.02083629 0.27222258
v -0.58491641 -0.02026125 0.27199998
v -0.58578569 -0.02121428 0.27199998
v -0.57082391 -0.00000000 0.27536705
v -0.59961671 -0.03592856 0.27536708
v -0.59621722 -0.03445210 0.27438289
v -0.57107157 -0.00738344 0.27536708
v -0.57147634 -0.01114615 0.27536708
v -0.57217813 -0.01483552 0.27536708
v -0.57426846 -0.01786390 0.27438289
v -0.57571310 -0.02123906 0.27438289
v -0.57758033 -0.02436561 0.27438289
v -0.57988566 -0.02711428 0.27438289
v -0.58263415 -0.02942056 0.27438289
v -0.58576095 -0.03128688 0.27438289
v -0.58913928 -0.03273301 0.27438289
v -0.59264296 -0.03377283 0.27438289
v -0.57217532 -0.00000000 0.27417666
v -0.57215089 -0.00713630 0.27438289
v -0.57254648 -0.01077989 0.27438289
v -0.57322705 -0.01435678 0.27438289
v -0.59702408 -0.03198302 0.27297956
v -0.59369999 -0.03137150 0.27297956
v -0.59043461 -0.03042641 0.27297956
v -0.58727890 -0.02909943 0.27297956
v -0.58435124 -0.02737266 0.27297956
v -0.58177799 -0.02522199 0.27297956
v -0.57962871 -0.02264732 0.27297956
v -0.57790059 -0.01972115 0.27297956
v -0.57657510 -0.01656878 0.27297956
v -0.57562840 -0.01329976 0.27297956
v -0.57501578 -0.00997331 0.27297956
v -0.57466406 -0.00659344 0.27297956
v -0.57443750 -0.00000000 0.27297956
v -0.63823432 -0.00000000 0.27253708
v -0.63956255 0.00000000 0.27297956
v -0.63933593 -0.00659344 0.27297956
v -0.64317608 0.00000000 0.27536705
v -0.64292848 -0.00738344 0.27536708
v -0.63400000 0.00000000 0.27199998
v -0.63680673 -0.00000000 0.27222258
v -0.63389772 -0.00545601 0.27199998
v -0.63663596 -0.00602499 0.27222258
v -0.63366365 -0.00830647 0.27199998
v -0.63634157 -0.00912770 0.27222258
v -0.63322228 -0.01107837 0.27199998
v -0.63022357 -0.02322352 0.27222258
v -0.63037091 -0.01848204 0.27199998
v -0.63220334 -0.02083629 0.27222258
v -0.63144058 -0.01652111 0.27199998
v -0.63377893 -0.01812392 0.27222258
v -0.63249195 -0.01385744 0.27199998
v -0.63497180 -0.01520777 0.27222258
v -0.63581038 -0.01219028 0.27222258
v -0.61302489 -0.02963602 0.27222258
v -0.61099970 -0.02695664 0.27199998
v -0.61245590 -0.02689776 0.27199998
v -0.61613005 -0.02934059 0.27222258
v -0.61821014 -0.02619473 0.27199998
v -0.61919051 -0.02881026 0.27222258
v -0.62083918 -0.02549818 0.27199998
v -0.62220418 -0.02797333 0.27222258
v -0.62307203 -0.02464615 0.27199998
v -0.62512386 -0.02677893 0.27222258
v -0.62602121 -0.02302351 0.27199998
v -0.62783891 -0.02520515 0.27222258
v -0.62720644 -0.02213299 0.27199998
v -0.62821430 -0.02121428 0.27199998
v -0.61438328 -0.03592856 0.27536708
v -0.63973153 -0.01786390 0.27438289
v -0.63828689 -0.02123906 0.27438289
v -0.63641971 -0.02436560 0.27438289
v -0.63411433 -0.02711428 0.27438289
v -0.63136584 -0.02942056 0.27438289
v -0.62823904 -0.03128688 0.27438289
v -0.62486070 -0.03273301 0.27438289
v -0.62135708 -0.03377283 0.27438289
v -0.61778283 -0.03445210 0.27438289
v -0.61413616 -0.03484921 0.27438289
v -0.64252371 -0.01114615 0.27536708
v -0.64182186 -0.01483552 0.27536708
v -0.64182466 0.00000000 0.27417666
v -0.64184910 -0.00713630 0.27438289
v -0.64145356 -0.01077989 0.27438289
v -0.64077294 -0.01435678 0.27438289
v -0.61359334 -0.03233600 0.27297956
v -0.61697590 -0.03198302 0.27297956
v -0.62030005 -0.03137150 0.27297956
v -0.62356538 -0.03042641 0.27297956
v -0.62672108 -0.02909943 0.27297956
v -0.62964875 -0.02737266 0.27297956
v -0.63222206 -0.02522199 0.27297956
v -0.63437134 -0.02264732 0.27297956
v -0.63609946 -0.01972115 0.27297956
v -0.63742489 -0.01656878 0.27297956
v -0.63837165 -0.01329976 0.27297956
v -0.63898426 -0.00997331 0.27297956
v -0.60699999 0.03123428 0.27253708
v -0.60699999 0.03256254 0.27297956
v -0.61359334 0.03233600 0.27297956
v -0.61413616 0.03484921 0.27438289
v -0.60699999 0.03482464 0.27417663
v -0.60699999 0.03617612 0.27536708
v -0.60699999 0.02700000 0.27199998
v -0.60699999 0.02980676 0.27222258
v -0.61245590 0.02689776 0.27199998
v -0.61302489 0.02963602 0.27222258
v -0.61524957 0.02666971 0.27199998
v -0.61613005 0.02934059 0.27222258
v -0.61807865 0.02622216 0.27199998
v -0.63022357 0.02322352 0.27222258
v -0.62544429 0.02339851 0.27199998
v -0.62783891 0.02520515 0.27222258
v -0.62352103 0.02444057 0.27199998
v -0.62512386 0.02677893 0.27222258
v -0.62081993 0.02550440 0.27199998
v -0.62220418 0.02797333 0.27222258
v -0.61919051 0.02881026 0.27222258
v -0.63663596 0.00602499 0.27222258
v -0.63395345 0.00409728 0.27199998
v -0.63389772 0.00545601 0.27199998
v -0.63634157 0.00912770 0.27222258
v -0.63318378 0.01126181 0.27199998
v -0.63581038 0.01219028 0.27222258
v -0.63249660 0.01384295 0.27199998
v -0.63497180 0.01520778 0.27222258
v -0.63161242 0.01614853 0.27199998
v -0.63377893 0.01812392 0.27222258
v -0.63002121 0.01901739 0.27199998
v -0.63220334 0.02083629 0.27222258
v -0.62908363 0.02026125 0.27199998
v -0.62821430 0.02121428 0.27199998
v -0.61438328 0.03592856 0.27536708
v -0.61778283 0.03445210 0.27438289
v -0.64292848 0.00738344 0.27536708
v -0.64252371 0.01114615 0.27536708
v -0.64182186 0.01483552 0.27536708
v -0.63973153 0.01786390 0.27438289
v -0.63828689 0.02123906 0.27438289
v -0.63641971 0.02436561 0.27438289
v -0.63411433 0.02711428 0.27438289
v -0.63136584 0.02942056 0.27438289
v -0.62823904 0.03128688 0.27438289
v -0.62486070 0.03273301 0.27438289
v -0.62135708 0.03377283 0.27438289
v -0.64184910 0.00713630 0.27438289
v -0.64145356 0.01077989 0.27438289
v -0.64077294 0.01435678 0.27438289
v -0.61697590 0.03198302 0.27297956
v -0.62030005 0.03137150 0.27297956
v -0.62356538 0.03042641 0.27297956
v -0.62672108 0.02909943 0.27297956
v -0.62964875 0.02737266 0.27297956
v -0.63222206 0.02522199 0.27297956
v -0.63437134 0.02264732 0.27297956
v -0.63609946 0.01972115 0.27297956
v -0.63742489 0.01656878 0.27297956
v -0.63837165 0.01329976 0.27297956
v -0.63898426 0.00997331 0.27297956
v -0.63933593 0.00659344 0.27297956
v -0.57466406 0.00659344 0.27297956
v -0.57107157 0.00738344 0.27536708
v -0.58010232 0.00545601 0.27199998
v -0.57736403 0.00602499 0.27222258
v -0.58033633 0.00830647 0.27199998
v -0.57765841 0.00912770 0.27222258
v -0.58077776 0.01107837 0.27199998
v -0.58377647 0.02322352 0.27222258
v -0.58362907 0.01848204 0.27199998
v -0.58179671 0.02083629 0.27222258
v -0.58255941 0.01652111 0.27199998
v -0.58022106 0.01812392 0.27222258
v -0.58150810 0.01385744 0.27199998
v -0.57902819 0.01520777 0.27222258
v -0.57818961 0.01219028 0.27222258
v -0.60097510 0.02963602 0.27222258
v -0.60300034 0.02695664 0.27199998
v -0.60154408 0.02689776 0.27199998
v -0.59786999 0.02934059 0.27222258
v -0.59578985 0.02619473 0.27199998
v -0.59480947 0.02881026 0.27222258
v -0.59316087 0.02549818 0.27199998
v -0.59179580 0.02797333 0.27222258
v -0.59092802 0.02464615 0.27199998
v -0.58887619 0.02677893 0.27222258
v -0.58797878 0.02302351 0.27199998
v -0.58616108 0.02520515 0.27222258
v -0.58679354 0.02213299 0.27199998
v -0.58578569 0.02121428 0.27199998
v -0.59961671 0.03592856 0.27536708
v -0.57426846 0.01786390 0.27438289
v -0.57571310 0.02123906 0.27438289
v -0.57758033 0.02436561 0.27438289
v -0.57988566 0.02711428 0.27438289
v -0.58263415 0.02942056 0.27438289
v -0.58576095 0.03128688 0.27438289
v -0.58913928 0.03273301 0.27438289
v -0.59264296 0.03377283 0.27438289
v -0.59621722 0.03445210 0.27438289
v -0.59986383 0.03484921 0.27438289
v -0.57147634 0.01114615 0.27536708
v -0.57217813 0.01483552 0.27536708
v -0.57215089 0.00713630 0.27438289
v -0.57254648 0.01077989 0.27438289
v -0.57322705 0.01435678 0.27438289
v -0.60040671 0.03233600 0.27297956
v -0.59702408 0.03198302 0.27297956
v -0.59369999 0.03137150 0.27297956
v -0.59043461 0.03042641 0.27297956
v -0.58727890 0.02909943 0.27297956
v -0.58435124 0.02737266 0.27297956
v -0.58177799 0.02522199 0.27297956
v -0.57962871 0.02264732 0.27297956
v -0.57790059 0.01972115 0.27297956
v -0.57657510 0.01656878 0.27297956
v -0.57562840 0.01329976 0.27297956
v -0.57501578 0.00997331 0.27297956
v -0.61401671 -0.01498220 0.27199998
v -0.61507845 -0.01478360 0.27199998
v -0.61556011 0.01433687 0.27199998
v -0.61401671 0.01474131 0.27199998
v -0.60101706 0.01474131 0.27199998
v -0.59995192 0.01454131 0.27199998
v -0.59901851 0.01407385 0.27199998
v -0.60101706 -0.01498220 0.27199998
v -0.59947366 -0.01457774 0.27199998
v -0.59860218 -0.01400325 0.27199998
v -0.61601686 -0.01431427 0.27199998
v -0.59789628 0.01293916 0.27199998
v -0.59103715 0.00066102 0.27199998
v -0.59097481 -0.00038424 0.27199998
v -0.59139621 -0.00192277 0.27199998
v -0.59789628 -0.01318075 0.27199998
v -0.62399697 -0.00090039 0.27199998
v -0.62405896 0.00014238 0.27199998
v -0.62363756 0.00168118 0.27199998
v -0.61643285 0.01376125 0.27199998
v -0.61713803 0.01293916 0.27199998
v -0.59139621 0.00168118 0.27199998
v -0.61713803 -0.01318075 0.27199998
v -0.62363756 -0.00192277 0.27199998
v -0.60222560 -0.00730354 0.27199998
v -0.60069525 -0.00465389 0.27199998
v -0.60949963 -0.00465389 0.27199998
v -0.60394198 -0.00829487 0.27199998
v -0.61109179 -0.00829487 0.27199998
v -0.60977668 -0.00460863 0.27199998
v -0.61187673 -0.00810320 0.27199998
v -0.61012316 -0.00444039 0.27199998
v -0.61257088 -0.00761438 0.27199998
v -0.61485338 0.00352053 0.27199998
v -0.61638337 0.00087020 0.27199998
v -0.61045116 -0.00410353 0.27199998
v -0.61653370 0.00050937 0.27199998
v -0.61280835 -0.00730354 0.27199998
v -0.61638337 -0.00111178 0.27199998
v -0.61660975 -0.00033648 0.27199998
v -0.60335237 -0.00818345 0.27199998
v -0.60261673 -0.00775845 0.27199998
v -0.60553479 0.00441247 0.27199998
v -0.60525924 0.00436783 0.27199998
v -0.60394198 0.00805328 0.27199998
v -0.60315663 0.00786151 0.27199998
v -0.60491014 0.00419875 0.27199998
v -0.60246420 0.00737444 0.27199998
v -0.60018039 -0.00376177 0.27199998
v -0.59865075 -0.00111178 0.27199998
v -0.60458279 0.00386263 0.27199998
v -0.59850037 -0.00075061 0.27199998
v -0.61433834 0.00441247 0.27199998
v -0.61109179 0.00805328 0.27199998
v -0.61280835 0.00706246 0.27199998
v -0.61148101 0.00800278 0.27199998
v -0.61224973 0.00764651 0.27199998
v -0.60222560 0.00706246 0.27199998
v -0.59865075 0.00087020 0.27199998
v -0.59842438 0.00009477 0.27199998
v -0.61401671 0.01474131 0.27190000
v -0.61556011 0.01433687 0.27190000
v -0.61643285 0.01376125 0.27190000
v -0.61713803 0.01293916 0.27190000
v -0.60101706 0.01474131 0.27190000
v -0.59789628 0.01293916 0.27190000
v -0.59901851 0.01407385 0.27190000
v -0.59995192 0.01454131 0.27190000
v -0.59139621 0.00168118 0.27190000
v -0.59139621 -0.00192277 0.27190000
v -0.59097481 -0.00038424 0.27190000
v -0.59103715 0.00066102 0.27190000
v -0.59789628 -0.01318075 0.27190000
v -0.60101706 -0.01498220 0.27190000
v -0.59947366 -0.01457774 0.27190000
v -0.59860218 -0.01400325 0.27190000
v -0.61401671 -0.01498220 0.27190000
v -0.61713803 -0.01318075 0.27190000
v -0.61601686 -0.01431427 0.27190000
v -0.61507845 -0.01478360 0.27190000
v -0.62363756 -0.00192277 0.27190000
v -0.62363756 0.00168118 0.27190000
v -0.62405896 0.00014238 0.27190000
v -0.62399697 -0.00090039 0.27190000
v -0.61280835 0.00706246 0.27190000
v -0.61224973 0.00764651 0.27190000
v -0.59850037 -0.00075061 0.27190000
v -0.59865075 -0.00111178 0.27190000
v -0.60018039 -0.00376177 0.27190000
v -0.60949963 -0.00465389 0.27190000
v -0.60458279 0.00386263 0.27190000
v -0.60491014 0.00419875 0.27190000
v -0.61433834 0.00441247 0.27190000
v -0.61485338 0.00352053 0.27190000
v -0.60553479 0.00441247 0.27190000
v -0.61045116 -0.00410353 0.27190000
v -0.61012316 -0.00444039 0.27190000
v -0.60261673 -0.00775845 0.27190000
v -0.60335237 -0.00818345 0.27190000
v -0.60525924 0.00436783 0.27190000
v -0.60977668 -0.00460863 0.27190000
v -0.60069525 -0.00465389 0.27190000
v -0.60222560 -0.00730354 0.27190000
v -0.61638337 0.00087020 0.27190000
v -0.61653370 0.00050937 0.27190000
v -0.61660975 -0.00033648 0.27190000
v -0.61638337 -0.00111178 0.27190000
v -0.61280835 -0.00730354 0.27190000
v -0.61257088 -0.00761438 0.27190000
v -0.61187673 -0.00810320 0.27190000
v -0.61109179 -0.00829487 0.27190000
v -0.60394198 -0.00829487 0.27190000
v -0.61148101 0.00800278 0.27190000
v -0.61109179 0.00805328 0.27190000
v -0.60394198 0.00805328 0.27190000
v -0.60315663 0.00786151 0.27190000
v -0.60246420 0.00737444 0.27190000
v -0.60222560 0.00706246 0.27190000
v -0.59865075 0.00087020 0.27190000
v -0.59842438 0.00009477 0.27190000
f 1 2 3
f 4 5 6
f 7 8 4
f 7 4 9
f 9 4 6
f 9 6 10
f 11 12 6
f 6 12 13
f 6 13 10
f 14 15 11
f 14 11 16
f 16 11 17
f 16 17 18
f 15 19 11
f 11 19 20
f 11 20 12
f 21 22 23
f 21 23 17
f 17 23 24
f 17 24 18
f 22 21 25
f 25 21 26
f 25 26 27
f 28 29 30
f 30 29 31
f 30 31 26
f 26 31 32
f 26 32 27
f 33 34 30
f 30 34 35
f 30 35 28
f 36 33 37
f 37 33 38
f 36 39 33
f 33 39 40
f 33 40 34
f 41 38 42
f 42 38 43
f 41 44 38
f 38 44 45
f 38 45 37
f 2 46 3
f 3 46 47
f 3 47 43
f 43 47 48
f 43 48 42
f 49 50 51
f 51 50 52
f 51 52 3
f 3 52 53
f 3 53 1
f 51 54 49
f 49 54 55
f 49 55 56
f 56 55 57
f 58 59 60
f 61 62 63
f 63 62 64
f 63 64 8
f 65 66 67
f 68 69 70
f 70 69 71
f 70 71 72
f 72 71 73
f 72 73 74
f 74 73 75
f 75 73 76
f 75 76 77
f 77 76 78
f 78 76 79
f 78 79 80
f 81 82 83
f 83 82 84
f 84 82 85
f 85 82 86
f 85 86 87
f 87 86 88
f 88 86 89
f 88 89 90
f 91 92 89
f 89 92 93
f 89 93 90
f 94 95 91
f 91 95 96
f 91 96 92
f 97 98 99
f 99 98 100
f 99 100 101
f 101 100 102
f 101 102 103
f 103 102 104
f 103 104 105
f 105 104 106
f 105 106 107
f 107 106 108
f 107 108 109
f 109 108 110
f 109 110 111
f 111 110 112
f 111 112 94
f 94 112 113
f 94 113 95
f 60 114 58
f 58 114 115
f 58 115 116
f 116 115 97
f 116 97 117
f 117 97 99
f 118 119 120
f 120 119 121
f 120 121 122
f 122 121 123
f 122 123 124
f 71 125 73
f 73 125 126
f 73 126 76
f 76 126 127
f 76 127 79
f 128 129 130
f 130 129 131
f 130 131 132
f 132 131 133
f 132 133 124
f 124 133 79
f 124 79 122
f 122 79 127
f 122 127 120
f 120 127 126
f 120 126 118
f 118 126 125
f 134 135 136
f 136 135 137
f 136 137 138
f 138 137 139
f 138 139 140
f 140 139 141
f 140 141 142
f 142 141 143
f 142 143 144
f 145 146 67
f 67 146 69
f 67 69 65
f 65 69 68
f 146 147 69
f 69 147 148
f 69 148 71
f 71 148 149
f 71 149 125
f 125 149 150
f 125 150 118
f 118 150 151
f 118 151 119
f 152 153 144
f 144 153 154
f 144 154 155
f 155 154 156
f 155 156 61
f 61 156 157
f 61 157 62
f 66 152 67
f 67 152 144
f 67 144 145
f 145 144 143
f 145 143 146
f 146 143 141
f 146 141 147
f 147 141 139
f 147 139 148
f 148 139 137
f 148 137 149
f 149 137 135
f 149 135 150
f 150 135 134
f 150 134 151
f 158 159 160
f 80 79 161
f 161 79 133
f 161 133 162
f 162 133 131
f 162 131 160
f 160 131 129
f 160 129 158
f 81 128 82
f 82 128 130
f 82 130 86
f 86 130 132
f 86 132 89
f 89 132 124
f 89 124 91
f 91 124 123
f 91 123 94
f 94 123 121
f 94 121 111
f 111 121 119
f 111 119 109
f 109 119 151
f 109 151 107
f 107 151 134
f 107 134 105
f 105 134 136
f 105 136 103
f 103 136 138
f 103 138 101
f 101 138 140
f 101 140 99
f 99 140 142
f 99 142 117
f 117 142 144
f 117 144 116
f 116 144 155
f 116 155 58
f 58 155 61
f 58 61 59
f 59 61 63
f 163 164 165
f 166 167 168
f 168 167 169
f 168 169 170
f 170 169 171
f 170 171 172
f 172 171 173
f 172 173 174
f 175 176 177
f 177 176 178
f 177 178 179
f 179 178 180
f 181 182 183
f 183 182 184
f 183 184 185
f 181 186 182
f 182 186 187
f 182 187 177
f 177 187 188
f 177 188 175
f 185 184 189
f 189 184 190
f 189 190 191
f 192 193 29
f 29 193 31
f 31 193 32
f 32 193 194
f 32 194 27
f 27 194 195
f 27 195 196
f 197 23 198
f 198 23 22
f 198 22 196
f 196 22 25
f 196 25 27
f 19 199 20
f 20 199 163
f 20 163 12
f 19 15 199
f 199 15 14
f 199 14 200
f 200 14 16
f 200 16 201
f 201 16 18
f 201 18 197
f 197 18 24
f 197 24 23
f 63 8 7
f 63 7 165
f 7 9 165
f 165 9 10
f 165 10 163
f 163 10 13
f 163 13 12
f 202 203 204
f 204 203 205
f 204 205 206
f 206 205 207
f 206 207 208
f 208 207 60
f 173 209 174
f 174 209 210
f 174 210 202
f 202 210 211
f 202 211 203
f 212 213 214
f 164 215 165
f 165 215 216
f 165 216 63
f 63 216 59
f 217 218 219
f 219 218 220
f 219 220 221
f 221 220 222
f 221 222 223
f 223 222 224
f 223 224 225
f 225 224 226
f 225 226 227
f 227 226 228
f 227 228 229
f 229 228 230
f 229 230 231
f 231 230 232
f 231 232 233
f 233 232 234
f 233 234 235
f 235 234 236
f 235 236 237
f 237 236 238
f 192 239 193
f 193 239 240
f 193 240 194
f 194 240 241
f 194 241 195
f 195 241 242
f 195 242 196
f 196 242 243
f 196 243 198
f 198 243 244
f 198 244 197
f 197 244 245
f 197 245 201
f 201 245 246
f 201 246 200
f 200 246 247
f 200 247 199
f 199 247 214
f 199 214 163
f 163 214 213
f 163 213 164
f 164 213 212
f 164 212 215
f 217 212 218
f 218 212 214
f 218 214 220
f 220 214 247
f 220 247 222
f 222 247 246
f 222 246 224
f 224 246 245
f 224 245 226
f 226 245 244
f 226 244 228
f 228 244 243
f 228 243 230
f 230 243 242
f 230 242 232
f 232 242 241
f 232 241 234
f 234 241 240
f 234 240 236
f 236 240 239
f 236 239 238
f 238 239 192
f 238 192 248
f 248 192 29
f 248 29 28
f 249 190 250
f 250 190 184
f 250 184 251
f 251 184 182
f 251 182 252
f 252 182 177
f 252 177 253
f 253 177 179
f 253 179 166
f 166 179 180
f 166 180 167
f 60 59 208
f 208 59 216
f 208 216 206
f 206 216 215
f 206 215 204
f 204 215 212
f 204 212 202
f 202 212 217
f 202 217 174
f 174 217 219
f 174 219 172
f 172 219 221
f 172 221 170
f 170 221 223
f 170 223 168
f 168 223 225
f 168 225 166
f 166 225 227
f 166 227 253
f 253 227 229
f 253 229 252
f 252 229 231
f 252 231 251
f 251 231 233
f 251 233 250
f 250 233 235
f 250 235 249
f 249 235 237
f 171 169 254
f 254 169 255
f 167 256 169
f 169 256 257
f 169 257 255
f 178 258 180
f 180 258 259
f 180 259 167
f 167 259 260
f 167 260 256
f 261 262 263
f 263 262 264
f 265 266 267
f 267 266 263
f 267 263 268
f 268 263 264
f 269 270 265
f 265 270 271
f 265 271 266
f 272 273 274
f 274 273 275
f 274 275 276
f 274 277 272
f 272 277 278
f 272 278 279
f 279 278 280
f 279 280 281
f 281 280 282
f 281 282 283
f 283 282 284
f 265 255 257
f 257 256 265
f 265 256 260
f 265 260 269
f 269 260 259
f 269 259 285
f 285 259 258
f 285 258 286
f 286 258 178
f 286 178 287
f 287 178 288
f 287 288 275
f 275 288 289
f 275 289 276
f 255 265 254
f 254 265 267
f 254 267 171
f 171 267 268
f 171 268 290
f 290 268 264
f 290 264 291
f 291 264 262
f 291 262 292
f 97 293 98
f 203 294 205
f 211 210 291
f 291 210 209
f 291 209 290
f 290 209 173
f 290 173 171
f 211 291 203
f 203 291 292
f 203 292 294
f 295 114 60
f 295 60 296
f 114 295 115
f 115 295 297
f 115 297 97
f 97 297 298
f 97 298 293
f 293 298 299
f 293 299 300
f 98 293 100
f 100 293 300
f 100 300 102
f 102 300 301
f 102 301 104
f 301 302 104
f 104 302 303
f 104 303 106
f 106 303 304
f 106 304 108
f 108 304 305
f 108 305 110
f 305 306 110
f 110 306 307
f 110 307 112
f 308 96 309
f 309 96 95
f 309 95 307
f 307 95 113
f 307 113 112
f 310 90 311
f 311 90 93
f 311 93 308
f 308 93 92
f 308 92 96
f 312 87 310
f 310 87 88
f 310 88 90
f 313 83 314
f 314 83 84
f 314 84 312
f 312 84 85
f 312 85 87
f 60 207 296
f 296 207 205
f 296 205 315
f 315 205 294
f 315 294 316
f 316 294 292
f 317 318 319
f 319 318 320
f 319 320 321
f 322 323 324
f 324 323 325
f 323 326 325
f 325 326 327
f 325 327 318
f 318 327 328
f 318 328 320
f 317 319 329
f 329 319 321
f 329 321 330
f 330 321 331
f 330 331 332
f 332 331 333
f 332 333 334
f 334 333 335
f 334 335 336
f 336 335 337
f 336 337 338
f 339 340 338
f 83 313 341
f 341 313 342
f 341 342 343
f 343 342 344
f 343 344 345
f 345 344 346
f 346 344 347
f 346 347 348
f 348 347 349
f 349 347 350
f 349 350 351
f 351 350 352
f 351 352 353
f 354 355 353
f 353 355 356
f 353 356 351
f 353 357 354
f 354 357 358
f 354 358 359
f 359 358 360
f 359 360 361
f 361 360 362
f 361 362 363
f 363 362 364
f 365 366 367
f 367 366 368
f 367 368 369
f 369 368 370
f 369 370 364
f 364 370 371
f 364 371 363
f 372 373 374
f 374 373 375
f 338 374 339
f 339 374 375
f 339 375 365
f 365 375 376
f 365 376 366
f 338 337 374
f 374 337 377
f 374 377 372
f 378 379 380
f 381 382 383
f 384 385 386
f 386 385 322
f 386 322 387
f 388 389 390
f 388 390 391
f 391 390 392
f 391 392 393
f 382 381 393
f 393 381 394
f 393 394 391
f 395 396 397
f 397 398 395
f 395 398 399
f 395 399 383
f 383 399 400
f 383 400 381
f 380 379 401
f 401 379 402
f 401 402 396
f 396 402 403
f 396 403 397
f 283 284 404
f 378 380 405
f 405 380 406
f 405 406 407
f 407 406 408
f 407 408 404
f 404 408 281
f 404 281 283
f 389 384 390
f 390 384 386
f 390 386 392
f 392 386 387
f 392 387 409
f 410 411 387
f 387 411 412
f 387 412 409
f 325 318 413
f 322 324 387
f 387 324 325
f 387 325 410
f 410 325 413
f 410 413 411
f 400 399 414
f 415 322 385
f 385 384 415
f 415 384 389
f 415 389 416
f 400 414 381
f 389 388 416
f 416 388 391
f 416 391 414
f 414 391 394
f 414 394 381
f 52 50 417
f 56 57 418
f 419 420 323
f 323 420 326
f 326 420 421
f 326 421 327
f 327 421 422
f 327 422 328
f 328 422 423
f 328 423 320
f 320 423 424
f 320 424 321
f 321 424 331
f 331 424 425
f 331 425 333
f 56 418 49
f 46 2 417
f 426 47 46
f 2 1 417
f 417 1 53
f 417 53 52
f 47 426 48
f 48 426 427
f 48 427 42
f 428 41 429
f 429 41 42
f 429 42 430
f 430 42 427
f 37 45 428
f 428 45 44
f 428 44 41
f 431 36 432
f 432 36 37
f 432 37 433
f 433 37 428
f 34 40 431
f 431 40 39
f 431 39 36
f 431 434 34
f 34 434 435
f 34 435 35
f 35 435 248
f 35 248 28
f 191 190 436
f 436 190 437
f 438 439 440
f 440 439 441
f 440 441 437
f 437 441 442
f 437 442 436
f 443 444 440
f 440 444 445
f 440 445 438
f 323 322 419
f 419 322 415
f 419 415 446
f 446 415 416
f 446 416 447
f 447 416 414
f 447 414 448
f 448 414 399
f 448 399 449
f 449 399 450
f 449 450 443
f 443 450 451
f 443 451 444
f 452 417 453
f 453 417 50
f 453 50 454
f 455 456 457
f 457 456 458
f 457 458 459
f 459 458 460
f 459 460 461
f 461 460 462
f 461 462 463
f 463 462 464
f 463 464 465
f 465 464 466
f 465 466 467
f 467 466 468
f 467 468 469
f 469 468 470
f 469 470 471
f 471 470 472
f 471 472 473
f 473 472 474
f 473 474 475
f 475 474 452
f 475 452 476
f 476 452 453
f 476 453 477
f 477 453 454
f 477 454 418
f 418 454 50
f 418 50 49
f 426 478 427
f 427 478 479
f 427 479 430
f 430 479 480
f 430 480 429
f 429 480 481
f 429 481 428
f 428 481 482
f 428 482 433
f 433 482 483
f 433 483 432
f 432 483 484
f 432 484 431
f 431 484 485
f 431 485 434
f 434 485 486
f 434 486 435
f 435 486 487
f 435 487 248
f 248 487 238
f 46 417 426
f 426 417 452
f 426 452 478
f 478 452 474
f 478 474 479
f 479 474 472
f 479 472 480
f 480 472 470
f 480 470 481
f 481 470 468
f 481 468 482
f 482 468 466
f 482 466 483
f 483 466 464
f 483 464 484
f 484 464 462
f 484 462 485
f 485 462 460
f 485 460 486
f 486 460 458
f 486 458 487
f 487 458 456
f 487 456 238
f 238 456 455
f 238 455 237
f 190 249 437
f 437 249 488
f 437 488 440
f 440 488 489
f 440 489 443
f 443 489 490
f 443 490 449
f 449 490 491
f 449 491 448
f 418 425 477
f 477 425 424
f 477 424 476
f 476 424 423
f 476 423 475
f 475 423 422
f 475 422 473
f 473 422 421
f 473 421 471
f 471 421 420
f 471 420 469
f 469 420 419
f 469 419 467
f 467 419 446
f 467 446 465
f 465 446 447
f 465 447 463
f 463 447 448
f 463 448 461
f 461 448 491
f 461 491 459
f 459 491 490
f 459 490 457
f 457 490 489
f 457 489 455
f 455 489 488
f 455 488 237
f 237 488 249
f 492 372 377
f 493 494 495
f 81 83 341
f 493 159 158
f 494 493 496
f 496 493 158
f 496 158 129
f 497 498 499
f 499 498 500
f 499 500 501
f 502 503 504
f 504 503 505
f 504 505 500
f 500 505 506
f 500 506 501
f 507 508 509
f 509 508 510
f 509 510 502
f 502 510 511
f 502 511 503
f 418 57 512
f 418 512 513
f 335 333 425
f 425 514 335
f 335 514 515
f 335 515 337
f 337 515 516
f 372 492 373
f 373 492 517
f 373 517 375
f 375 517 376
f 376 517 518
f 376 518 366
f 366 518 368
f 368 518 519
f 368 519 370
f 520 354 521
f 521 354 359
f 521 359 522
f 522 359 361
f 522 361 523
f 523 361 363
f 523 363 519
f 519 363 371
f 519 371 370
f 351 356 520
f 520 356 355
f 520 355 354
f 520 524 351
f 351 524 525
f 351 525 349
f 526 346 525
f 525 346 348
f 525 348 349
f 81 341 527
f 527 341 343
f 527 343 526
f 526 343 345
f 526 345 346
f 528 529 530
f 531 500 532
f 532 500 498
f 532 498 495
f 495 498 497
f 495 497 493
f 129 128 496
f 496 128 533
f 496 533 494
f 494 533 534
f 494 534 495
f 495 534 535
f 495 535 532
f 532 535 536
f 532 536 531
f 530 529 537
f 537 529 538
f 537 538 539
f 539 538 540
f 539 540 541
f 541 540 542
f 541 542 543
f 543 542 544
f 543 544 545
f 545 544 546
f 545 546 547
f 547 546 548
f 547 548 516
f 531 549 500
f 500 549 550
f 500 550 504
f 504 550 551
f 504 551 502
f 502 551 552
f 502 552 509
f 509 552 553
f 509 553 507
f 507 553 554
f 507 554 555
f 512 556 513
f 513 556 557
f 513 557 558
f 558 557 559
f 558 559 555
f 555 559 560
f 555 560 507
f 507 560 561
f 507 561 508
f 536 528 531
f 531 528 530
f 531 530 549
f 549 530 537
f 549 537 550
f 550 537 539
f 550 539 551
f 551 539 541
f 551 541 552
f 552 541 543
f 552 543 553
f 553 543 545
f 553 545 554
f 554 545 547
f 554 547 555
f 555 547 516
f 555 516 558
f 558 516 515
f 558 515 513
f 513 515 514
f 513 514 418
f 418 514 425
f 128 81 533
f 533 81 527
f 533 527 534
f 534 527 526
f 534 526 535
f 535 526 525
f 535 525 536
f 536 525 524
f 536 524 528
f 528 524 520
f 528 520 529
f 529 520 521
f 529 521 538
f 538 521 522
f 538 522 540
f 540 522 523
f 540 523 542
f 542 523 519
f 542 519 544
f 544 519 518
f 544 518 546
f 546 518 517
f 546 517 548
f 548 517 492
f 548 492 516
f 516 492 377
f 516 377 337
f 57 55 512
f 512 55 54
f 512 54 556
f 556 54 562
f 556 562 557
f 4 8 64
f 4 64 5
f 5 64 62
f 5 62 563
f 62 157 563
f 563 157 156
f 563 156 564
f 564 156 154
f 564 154 153
f 153 152 564
f 564 152 66
f 564 66 565
f 565 66 65
f 65 68 565
f 565 68 70
f 565 70 566
f 566 70 72
f 566 72 74
f 74 75 566
f 566 75 77
f 566 77 567
f 567 77 78
f 567 78 80
f 80 161 567
f 567 161 162
f 567 162 568
f 493 569 159
f 159 569 568
f 159 568 160
f 160 568 162
f 493 497 569
f 569 497 499
f 569 499 570
f 505 571 506
f 506 571 570
f 506 570 501
f 501 570 499
f 505 503 571
f 571 503 511
f 571 511 572
f 572 511 510
f 572 510 508
f 508 561 572
f 572 561 560
f 572 560 562
f 562 560 559
f 562 559 557
f 573 3 574
f 574 3 43
f 574 43 575
f 575 43 38
f 575 38 576
f 576 38 33
f 576 33 577
f 577 33 30
f 577 30 578
f 578 30 26
f 578 26 579
f 579 26 21
f 579 21 580
f 580 21 17
f 580 17 581
f 581 17 11
f 581 11 582
f 582 11 6
f 582 6 583
f 583 6 5
f 583 5 584
f 5 563 584
f 584 563 564
f 584 564 585
f 585 564 565
f 585 565 586
f 586 565 566
f 586 566 587
f 587 566 567
f 587 567 588
f 588 567 568
f 588 568 589
f 589 568 569
f 589 569 590
f 590 569 570
f 590 570 591
f 591 570 571
f 591 571 592
f 592 571 572
f 592 572 593
f 593 572 562
f 593 562 594
f 594 562 54
f 594 54 573
f 573 54 51
f 573 51 3
f 595 594 573
f 595 573 596
f 596 573 574
f 596 574 597
f 597 574 575
f 597 575 598
f 598 575 576
f 598 576 599
f 599 576 577
f 599 577 600
f 600 577 578
f 600 578 601
f 601 578 579
f 601 579 602
f 602 579 580
f 602 580 603
f 603 580 581
f 603 581 604
f 604 581 582
f 604 582 605
f 605 582 583
f 605 583 606
f 606 583 584
f 606 584 607
f 607 584 585
f 607 585 608
f 608 585 586
f 608 586 609
f 609 586 587
f 609 587 610
f 610 587 588
f 610 588 611
f 611 588 589
f 611 589 612
f 612 589 590
f 612 590 613
f 613 590 591
f 613 591 614
f 614 591 592
f 614 592 615
f 615 592 593
f 615 593 616
f 616 593 594
f 616 594 595
f 596 617 595
f 595 617 618
f 595 618 616
f 600 619 599
f 599 619 620
f 599 620 598
f 611 621 610
f 610 621 622
f 610 622 609
f 620 623 598
f 598 623 624
f 598 624 597
f 597 624 625
f 597 625 596
f 596 625 626
f 596 626 617
f 607 627 606
f 606 627 628
f 606 628 605
f 628 629 605
f 605 629 630
f 605 630 604
f 604 630 631
f 604 631 603
f 622 632 609
f 609 632 633
f 609 633 608
f 608 633 634
f 608 634 607
f 607 634 635
f 607 635 627
f 618 636 616
f 616 636 637
f 616 637 615
f 615 637 638
f 615 638 614
f 631 639 603
f 603 639 640
f 603 640 602
f 602 640 641
f 602 641 601
f 601 641 642
f 601 642 600
f 600 642 643
f 600 643 619
f 638 644 614
f 614 644 645
f 614 645 613
f 613 645 646
f 613 646 612
f 612 646 647
f 612 647 611
f 611 647 648
f 611 648 621
f 649 650 651
f 652 653 654
f 655 656 618
f 655 657 656
f 656 657 658
f 656 658 659
f 659 658 660
f 659 660 661
f 661 660 662
f 661 662 663
f 663 662 664
f 663 664 665
f 665 664 666
f 665 666 667
f 667 666 668
f 667 668 669
f 669 668 670
f 670 668 671
f 670 671 672
f 673 674 675
f 675 674 676
f 675 676 677
f 677 676 678
f 677 678 679
f 679 678 680
f 679 680 681
f 681 680 682
f 681 682 683
f 683 682 684
f 683 684 685
f 685 684 686
f 685 686 687
f 643 674 619
f 619 674 673
f 619 673 620
f 688 689 690
f 651 691 692
f 618 617 655
f 655 617 693
f 655 693 657
f 657 693 694
f 657 694 658
f 658 694 695
f 658 695 660
f 660 695 696
f 660 696 662
f 662 696 697
f 662 697 664
f 664 697 698
f 664 698 666
f 666 698 699
f 666 699 668
f 668 699 654
f 668 654 671
f 671 654 653
f 617 626 693
f 693 626 700
f 693 700 694
f 694 700 701
f 694 701 695
f 695 701 702
f 695 702 696
f 696 702 703
f 696 703 697
f 697 703 704
f 697 704 698
f 698 704 705
f 698 705 699
f 699 705 706
f 699 706 654
f 654 706 707
f 654 707 652
f 652 707 708
f 626 625 700
f 700 625 709
f 700 709 701
f 701 709 710
f 701 710 702
f 702 710 711
f 702 711 703
f 703 711 712
f 703 712 704
f 704 712 713
f 704 713 705
f 705 713 714
f 705 714 706
f 706 714 715
f 706 715 707
f 707 715 690
f 707 690 708
f 708 690 689
f 625 624 709
f 709 624 716
f 709 716 710
f 710 716 717
f 710 717 711
f 711 717 718
f 711 718 712
f 712 718 719
f 712 719 713
f 713 719 720
f 713 720 714
f 714 720 721
f 714 721 715
f 715 721 722
f 715 722 690
f 690 722 723
f 690 723 688
f 688 723 724
f 624 623 716
f 716 623 725
f 716 725 717
f 717 725 726
f 717 726 718
f 718 726 727
f 718 727 719
f 719 727 728
f 719 728 720
f 720 728 729
f 720 729 721
f 721 729 730
f 721 730 722
f 722 730 731
f 722 731 723
f 723 731 692
f 723 692 724
f 724 692 691
f 623 620 725
f 725 620 673
f 725 673 726
f 726 673 675
f 726 675 727
f 727 675 677
f 727 677 728
f 728 677 679
f 728 679 729
f 729 679 681
f 729 681 730
f 730 681 683
f 730 683 731
f 731 683 685
f 731 685 692
f 692 685 687
f 692 687 651
f 651 687 686
f 651 686 649
f 732 733 734
f 670 672 735
f 736 737 738
f 738 737 739
f 738 739 740
f 740 739 741
f 740 741 742
f 742 741 743
f 742 743 744
f 744 743 745
f 744 745 746
f 746 745 747
f 746 747 748
f 748 747 749
f 748 749 750
f 750 749 751
f 752 753 754
f 754 753 755
f 756 757 752
f 670 735 669
f 636 618 656
f 732 637 636
f 758 638 637
f 759 644 638
f 749 648 751
f 751 648 647
f 751 647 646
f 732 734 760
f 760 734 761
f 760 761 762
f 762 761 763
f 762 763 764
f 764 763 765
f 764 765 766
f 766 765 767
f 766 767 768
f 768 767 769
f 768 769 770
f 770 769 771
f 770 771 772
f 752 754 756
f 756 754 773
f 756 773 774
f 774 773 775
f 774 775 776
f 776 775 777
f 776 777 778
f 778 777 779
f 778 779 780
f 780 779 781
f 780 781 782
f 782 781 783
f 782 783 784
f 784 783 785
f 784 785 786
f 786 785 645
f 786 645 644
f 787 736 755
f 755 736 738
f 755 738 754
f 754 738 740
f 754 740 773
f 773 740 742
f 773 742 775
f 775 742 744
f 775 744 777
f 777 744 746
f 777 746 779
f 779 746 748
f 779 748 781
f 781 748 750
f 781 750 783
f 783 750 751
f 783 751 785
f 785 751 646
f 785 646 645
f 732 636 733
f 733 636 656
f 733 656 734
f 734 656 659
f 734 659 761
f 761 659 661
f 761 661 763
f 763 661 663
f 763 663 765
f 765 663 665
f 765 665 767
f 767 665 667
f 767 667 769
f 769 667 669
f 769 669 771
f 771 669 735
f 771 735 772
f 772 735 788
f 772 788 789
f 637 732 758
f 758 732 760
f 758 760 790
f 790 760 762
f 790 762 791
f 791 762 764
f 791 764 792
f 792 764 766
f 792 766 793
f 793 766 768
f 793 768 794
f 794 768 770
f 794 770 795
f 795 770 772
f 795 772 796
f 796 772 789
f 796 789 797
f 638 758 759
f 759 758 790
f 759 790 798
f 798 790 791
f 798 791 799
f 799 791 792
f 799 792 800
f 800 792 793
f 800 793 801
f 801 793 794
f 801 794 802
f 802 794 795
f 802 795 803
f 803 795 796
f 803 796 804
f 804 796 797
f 804 797 805
f 644 759 786
f 786 759 798
f 786 798 784
f 784 798 799
f 784 799 782
f 782 799 800
f 782 800 780
f 780 800 801
f 780 801 778
f 778 801 802
f 778 802 776
f 776 802 803
f 776 803 774
f 774 803 804
f 774 804 756
f 756 804 805
f 756 805 757
f 736 787 806
f 807 808 809
f 810 811 628
f 810 812 811
f 811 812 813
f 811 813 814
f 814 813 815
f 814 815 816
f 816 815 817
f 816 817 818
f 818 817 819
f 818 819 820
f 820 819 821
f 820 821 822
f 822 821 823
f 822 823 824
f 824 823 825
f 825 823 826
f 825 826 827
f 828 749 829
f 829 749 747
f 829 747 830
f 830 747 745
f 830 745 831
f 831 745 743
f 831 743 832
f 832 743 741
f 832 741 833
f 833 741 739
f 833 739 834
f 834 739 737
f 834 737 835
f 648 749 621
f 621 749 828
f 621 828 622
f 836 837 838
f 806 839 840
f 628 627 810
f 810 627 841
f 810 841 812
f 812 841 842
f 812 842 813
f 813 842 843
f 813 843 815
f 815 843 844
f 815 844 817
f 817 844 845
f 817 845 819
f 819 845 846
f 819 846 821
f 821 846 847
f 821 847 823
f 823 847 809
f 823 809 826
f 826 809 808
f 627 635 841
f 841 635 848
f 841 848 842
f 842 848 849
f 842 849 843
f 843 849 850
f 843 850 844
f 844 850 851
f 844 851 845
f 845 851 852
f 845 852 846
f 846 852 853
f 846 853 847
f 847 853 854
f 847 854 809
f 809 854 855
f 809 855 807
f 807 855 856
f 635 634 848
f 848 634 857
f 848 857 849
f 849 857 858
f 849 858 850
f 850 858 859
f 850 859 851
f 851 859 860
f 851 860 852
f 852 860 861
f 852 861 853
f 853 861 862
f 853 862 854
f 854 862 863
f 854 863 855
f 855 863 838
f 855 838 856
f 856 838 837
f 634 633 857
f 857 633 864
f 857 864 858
f 858 864 865
f 858 865 859
f 859 865 866
f 859 866 860
f 860 866 867
f 860 867 861
f 861 867 868
f 861 868 862
f 862 868 869
f 862 869 863
f 863 869 870
f 863 870 838
f 838 870 871
f 838 871 836
f 836 871 872
f 633 632 864
f 864 632 873
f 864 873 865
f 865 873 874
f 865 874 866
f 866 874 875
f 866 875 867
f 867 875 876
f 867 876 868
f 868 876 877
f 868 877 869
f 869 877 878
f 869 878 870
f 870 878 879
f 870 879 871
f 871 879 840
f 871 840 872
f 872 840 839
f 632 622 873
f 873 622 828
f 873 828 874
f 874 828 829
f 874 829 875
f 875 829 830
f 875 830 876
f 876 830 831
f 876 831 877
f 877 831 832
f 877 832 878
f 878 832 833
f 878 833 879
f 879 833 834
f 879 834 840
f 840 834 835
f 840 835 806
f 806 835 737
f 806 737 736
f 880 881 882
f 825 827 883
f 649 686 884
f 884 686 684
f 884 684 885
f 885 684 682
f 885 682 886
f 886 682 680
f 886 680 887
f 887 680 678
f 887 678 888
f 888 678 676
f 888 676 889
f 889 676 674
f 889 674 890
f 890 674 891
f 892 893 894
f 894 893 895
f 896 897 892
f 825 883 824
f 629 628 811
f 880 630 629
f 898 631 630
f 899 639 631
f 674 643 891
f 891 643 642
f 891 642 641
f 880 882 900
f 900 882 901
f 900 901 902
f 902 901 903
f 902 903 904
f 904 903 905
f 904 905 906
f 906 905 907
f 906 907 908
f 908 907 909
f 908 909 910
f 910 909 911
f 910 911 912
f 892 894 896
f 896 894 913
f 896 913 914
f 914 913 915
f 914 915 916
f 916 915 917
f 916 917 918
f 918 917 919
f 918 919 920
f 920 919 921
f 920 921 922
f 922 921 923
f 922 923 924
f 924 923 925
f 924 925 926
f 926 925 640
f 926 640 639
f 650 649 895
f 895 649 884
f 895 884 894
f 894 884 885
f 894 885 913
f 913 885 886
f 913 886 915
f 915 886 887
f 915 887 917
f 917 887 888
f 917 888 919
f 919 888 889
f 919 889 921
f 921 889 890
f 921 890 923
f 923 890 891
f 923 891 925
f 925 891 641
f 925 641 640
f 880 629 881
f 881 629 811
f 881 811 882
f 882 811 814
f 882 814 901
f 901 814 816
f 901 816 903
f 903 816 818
f 903 818 905
f 905 818 820
f 905 820 907
f 907 820 822
f 907 822 909
f 909 822 824
f 909 824 911
f 911 824 883
f 911 883 912
f 912 883 927
f 912 927 928
f 630 880 898
f 898 880 900
f 898 900 929
f 929 900 902
f 929 902 930
f 930 902 904
f 930 904 931
f 931 904 906
f 931 906 932
f 932 906 908
f 932 908 933
f 933 908 910
f 933 910 934
f 934 910 912
f 934 912 935
f 935 912 928
f 935 928 936
f 631 898 899
f 899 898 929
f 899 929 937
f 937 929 930
f 937 930 938
f 938 930 931
f 938 931 939
f 939 931 932
f 939 932 940
f 940 932 933
f 940 933 941
f 941 933 934
f 941 934 942
f 942 934 935
f 942 935 943
f 943 935 936
f 943 936 944
f 639 899 926
f 926 899 937
f 926 937 924
f 924 937 938
f 924 938 922
f 922 938 939
f 922 939 920
f 920 939 940
f 920 940 918
f 918 940 941
f 918 941 916
f 916 941 942
f 916 942 914
f 914 942 943
f 914 943 896
f 896 943 944
f 896 944 897
f 945 672 671
f 827 946 947
f 653 948 671
f 671 948 949
f 671 949 945
f 653 652 948
f 948 652 708
f 948 708 950
f 950 708 689
f 950 689 951
f 951 689 688
f 688 724 951
f 951 724 691
f 951 691 952
f 691 651 952
f 952 651 650
f 952 650 953
f 953 650 895
f 953 895 954
f 954 895 893
f 893 892 954
f 954 892 897
f 954 897 955
f 955 897 944
f 955 944 956
f 956 944 936
f 936 928 956
f 956 928 927
f 956 927 947
f 947 927 883
f 947 883 827
f 946 827 826
f 808 957 826
f 826 957 958
f 826 958 946
f 808 807 957
f 957 807 856
f 957 856 959
f 959 856 837
f 959 837 960
f 960 837 836
f 836 872 960
f 960 872 839
f 960 839 961
f 961 839 806
f 961 806 962
f 806 787 962
f 962 787 755
f 962 755 963
f 963 755 753
f 753 752 963
f 963 752 757
f 963 757 964
f 964 757 805
f 964 805 965
f 965 805 797
f 672 945 735
f 735 945 966
f 735 966 788
f 788 966 965
f 788 965 789
f 789 965 797
f 967 957 968
f 968 957 959
f 968 959 969
f 969 959 960
f 969 960 970
f 970 960 961
f 970 961 971
f 971 961 962
f 971 962 972
f 972 962 963
f 972 963 973
f 973 963 964
f 973 964 974
f 974 964 965
f 974 965 975
f 975 965 966
f 975 966 976
f 976 966 945
f 976 945 977
f 945 949 977
f 977 949 948
f 977 948 978
f 978 948 950
f 978 950 979
f 979 950 951
f 979 951 980
f 980 951 952
f 980 952 981
f 981 952 953
f 981 953 982
f 982 953 954
f 982 954 983
f 983 954 955
f 983 955 984
f 984 955 956
f 984 956 985
f 985 956 947
f 985 947 986
f 986 947 946
f 986 946 967
f 967 946 958
f 967 958 957
f 987 976 977
f 987 977 988
f 988 977 978
f 988 978 989
f 989 978 979
f 989 979 990
f 990 979 980
f 990 980 991
f 991 980 981
f 991 981 992
f 992 981 982
f 992 982 993
f 993 982 983
f 993 983 994
f 994 983 984
f 994 984 995
f 995 984 985
f 995 985 996
f 996 985 986
f 996 986 997
f 997 986 967
f 997 967 998
f 998 967 968
f 998 968 999
f 999 968 969
f 999 969 1000
f 1000 969 970
f 1000 970 1001
f 1001 970 971
f 1001 971 1002
f 1002 971 972
f 1002 972 1003
f 1003 972 973
f 1003 973 1004
f 1004 973 974
f 1004 974 1005
f 1005 974 975
f 1005 975 1006
f 1006 975 976
f 1006 976 987
f 995 996 997
f 988 993 994
f 1001 1002 1003
f 991 992 990
f 990 992 993
f 990 993 989
f 989 993 988
f 994 995 988
f 988 995 997
f 988 997 987
f 987 997 998
f 987 998 1006
f 1006 998 1005
f 999 1000 998
f 998 1000 1001
f 1001 1003 998
f 998 1003 1004
f 998 1004 1005
f 444 451 398
f 398 451 450
f 398 450 399
f 284 191 404
f 404 191 436
f 404 436 407
f 407 436 442
f 407 442 405
f 405 442 441
f 405 441 378
f 378 441 439
f 378 439 379
f 379 439 438
f 379 438 402
f 402 438 445
f 402 445 403
f 403 445 444
f 403 444 397
f 397 444 398
f 191 284 189
f 189 284 282
f 189 282 185
f 185 282 280
f 185 280 183
f 183 280 278
f 175 188 274
f 274 188 187
f 274 187 277
f 277 187 186
f 277 186 278
f 278 186 181
f 278 181 183
f 274 276 175
f 175 276 289
f 175 289 176
f 176 289 288
f 176 288 178
f 1007 1008 1009
f 1009 1008 1010
f 1009 1010 1011
f 1011 1010 1012
f 1011 1012 1013
f 1014 1015 1016
f 1012 1017 1013
f 1013 1017 1018
f 1013 1018 1019
f 1019 1018 1020
f 1019 1020 1021
f 1021 1020 1022
f 1021 1022 1023
f 1024 1025 1026
f 1026 1025 1027
f 1026 1027 1028
f 1029 406 1030
f 1030 406 380
f 1030 380 1031
f 1032 272 1033
f 1033 272 279
f 1033 279 1034
f 1034 279 281
f 1034 281 1029
f 1029 281 408
f 1029 408 406
f 1035 412 1036
f 1036 412 411
f 1036 411 1024
f 1024 411 1037
f 1024 1037 1025
f 380 401 1031
f 1031 401 396
f 1031 396 1038
f 1038 396 395
f 1038 395 1039
f 1039 395 383
f 1039 383 1040
f 1040 383 382
f 1040 382 1041
f 1041 382 393
f 1041 393 1042
f 1042 393 392
f 1042 392 1035
f 1035 392 409
f 1035 409 412
f 1043 266 1044
f 1044 266 271
f 1044 271 1045
f 1027 1046 1028
f 1028 1046 1047
f 1028 1047 1048
f 1048 1047 1049
f 1048 1049 1050
f 1050 1049 1051
f 1016 1015 1052
f 1052 1015 261
f 1052 261 1043
f 1043 261 263
f 1043 263 266
f 1049 1053 1051
f 1051 1053 1054
f 1051 1054 1055
f 1055 1054 1056
f 1055 1056 1007
f 1007 1056 1057
f 1007 1057 1008
f 271 270 1045
f 1045 270 269
f 1045 269 1058
f 1058 269 285
f 1058 285 1059
f 1059 285 286
f 1059 286 1060
f 1060 286 287
f 1060 287 1061
f 1061 287 275
f 1061 275 1032
f 1032 275 273
f 1032 273 272
f 1014 1016 1062
f 1062 1016 1063
f 1062 1063 1064
f 1022 1065 1023
f 1023 1065 1066
f 1023 1066 1067
f 1067 1066 1068
f 1067 1068 1069
f 1069 1068 1070
f 1069 1070 1071
f 1071 1070 1072
f 1071 1072 1063
f 1063 1072 1073
f 1063 1073 1064
f 1074 1075 1076
f 1075 1074 1012
f 1012 1074 1077
f 1012 1077 1017
f 1017 1077 1018
f 1018 1077 1078
f 1018 1078 1020
f 1078 1079 1020
f 1020 1079 1080
f 1020 1080 1022
f 1022 1080 1081
f 1022 1081 1065
f 1073 1072 1082
f 1082 1072 1070
f 1082 1070 1083
f 1083 1070 1068
f 1083 1068 1081
f 1081 1068 1066
f 1081 1066 1065
f 1073 1084 1064
f 1064 1084 1085
f 1064 1085 1062
f 1062 1085 1086
f 1062 1086 1014
f 262 261 1015
f 1014 1086 1015
f 1015 1086 1087
f 1015 1087 262
f 1085 1088 1086
f 1086 1088 1089
f 1086 1089 1087
f 1087 1089 292
f 1087 292 262
f 1090 1091 1084
f 1084 1091 1092
f 1084 1092 1085
f 1085 1092 1093
f 1085 1093 1088
f 1073 1082 1084
f 1084 1082 1094
f 1084 1094 1090
f 1079 1095 1080
f 1080 1095 1096
f 1080 1096 1081
f 1081 1096 1097
f 1081 1097 1083
f 1083 1097 1098
f 1083 1098 1082
f 1082 1098 1099
f 1082 1099 1094
f 1076 1100 1074
f 1074 1100 1101
f 1074 1101 1077
f 1077 1101 1102
f 1077 1102 1078
f 1078 1102 1103
f 1078 1103 1079
f 1079 1103 1104
f 1079 1104 1095
f 1105 1106 1107
f 1075 1108 1076
f 1076 1108 1109
f 1110 1111 1112
f 1112 1111 1113
f 1113 1111 1114
f 1114 1111 1115
f 1114 1115 1116
f 1116 1115 1117
f 1116 1117 1118
f 1119 1120 1121
f 1121 1120 1118
f 1122 1123 1124
f 1124 1123 1125
f 1124 1125 1119
f 1119 1125 1126
f 1119 1126 1120
f 413 318 1127
f 1037 411 413
f 1107 1025 1128
f 1128 1025 1037
f 1128 1037 1129
f 1129 1037 413
f 1129 413 1130
f 1130 413 1127
f 1130 1127 1129
f 1129 1127 1131
f 1129 1131 1128
f 1128 1131 1132
f 1128 1132 1107
f 1107 1132 1133
f 1107 1133 1105
f 1047 1046 1107
f 1107 1046 1027
f 1107 1027 1025
f 1106 1122 1107
f 1107 1122 1124
f 1107 1124 1047
f 1047 1124 1119
f 1047 1119 1049
f 1049 1119 1121
f 1049 1121 1053
f 1118 1117 1121
f 1121 1117 1054
f 1121 1054 1053
f 1110 1010 1111
f 1111 1010 1008
f 1111 1008 1115
f 1115 1008 1057
f 1115 1057 1117
f 1117 1057 1056
f 1117 1056 1054
f 1112 1109 1110
f 1110 1109 1108
f 1110 1108 1010
f 1010 1108 1075
f 1010 1075 1012
f 1134 1135 1136
f 1122 1137 1123
f 1105 1133 1138
f 1132 1131 1134
f 1127 318 317
f 1139 1140 1141
f 1142 1143 1144
f 1139 1141 1145
f 1145 1141 1146
f 1146 1141 1147
f 1146 1147 1148
f 1148 1147 1149
f 1149 1147 1150
f 1149 1150 1151
f 1152 1153 1150
f 1150 1153 1154
f 1150 1154 1151
f 1155 1156 1157
f 1157 1158 1155
f 1155 1158 1159
f 1155 1159 1160
f 1160 1159 1161
f 1160 1161 1152
f 1152 1161 1162
f 1152 1162 1153
f 1163 1164 1165
f 340 1164 338
f 338 1164 1163
f 338 1163 336
f 336 1163 334
f 317 329 1166
f 1166 329 330
f 1166 330 1163
f 1163 330 332
f 1163 332 334
f 1127 317 1131
f 1132 1134 1133
f 1126 1125 1167
f 1167 1168 1126
f 1126 1168 1169
f 1126 1169 1120
f 1120 1169 1170
f 1120 1170 1118
f 1171 1114 1170
f 1170 1114 1116
f 1170 1116 1118
f 1144 1076 1142
f 1142 1076 1109
f 1142 1109 1172
f 1172 1109 1112
f 1172 1112 1171
f 1171 1112 1113
f 1171 1113 1114
f 1167 1173 1174
f 1174 1173 1138
f 1140 1143 1141
f 1141 1143 1142
f 1141 1142 1147
f 1147 1142 1172
f 1147 1172 1150
f 1150 1172 1171
f 1150 1171 1152
f 1152 1171 1170
f 1152 1170 1160
f 1160 1170 1169
f 1160 1169 1155
f 1155 1169 1168
f 1155 1168 1156
f 1156 1168 1167
f 1156 1167 1175
f 1175 1167 1174
f 1125 1123 1167
f 1167 1123 1137
f 1167 1137 1173
f 1173 1137 1122
f 1173 1122 1138
f 1138 1122 1106
f 1138 1106 1105
f 1135 1176 1136
f 1136 1176 1177
f 1136 1177 1178
f 1133 1134 1138
f 1138 1134 1136
f 1138 1136 1174
f 1174 1136 1178
f 1174 1178 1175
f 1175 1178 1179
f 1175 1179 1156
f 1156 1179 1180
f 1156 1180 1157
f 1131 317 1134
f 1134 317 1166
f 1134 1166 1135
f 1135 1166 1163
f 1135 1163 1176
f 1176 1163 1165
f 1176 1165 1177
f 1177 1165 1181
f 1177 1181 1178
f 1178 1181 1182
f 1178 1182 1179
f 298 297 1183
f 295 296 1184
f 1185 1076 1144
f 1186 1102 1187
f 1187 1102 1101
f 1187 1101 1185
f 1185 1101 1100
f 1185 1100 1076
f 1188 1096 1189
f 1189 1096 1095
f 1189 1095 1190
f 1190 1095 1104
f 1190 1104 1186
f 1186 1104 1103
f 1186 1103 1102
f 1191 1098 1188
f 1188 1098 1097
f 1188 1097 1096
f 1099 1192 1094
f 1094 1192 1193
f 1094 1193 1090
f 1090 1193 1194
f 1090 1194 1091
f 1091 1194 1092
f 1092 1194 1093
f 1093 1194 1195
f 1093 1195 1088
f 316 292 1089
f 1088 1195 1089
f 1089 1195 315
f 1089 315 316
f 298 1183 299
f 299 1183 1196
f 1196 1183 1197
f 1196 1197 1198
f 1198 1197 1199
f 1198 1199 1200
f 1200 1199 1201
f 1200 1201 1202
f 1203 1204 1205
f 1205 1204 1206
f 1205 1206 1207
f 1207 1206 1208
f 1207 1208 1209
f 1143 1140 1210
f 1210 1140 1139
f 1209 1208 1211
f 1211 1208 1212
f 1211 1212 1213
f 1213 1212 1214
f 1213 1214 1215
f 1215 1214 1216
f 1215 1216 1217
f 1217 1216 1218
f 1217 1218 1219
f 1219 1218 1210
f 1219 1210 1220
f 1220 1210 1139
f 1220 1139 1145
f 1144 1143 1185
f 1185 1143 1210
f 1185 1210 1187
f 1187 1210 1218
f 1187 1218 1186
f 1186 1218 1216
f 1186 1216 1190
f 1190 1216 1214
f 1190 1214 1189
f 1189 1214 1212
f 1189 1212 1188
f 1188 1212 1208
f 1188 1208 1191
f 1191 1208 1206
f 1191 1206 1221
f 1221 1206 1204
f 1221 1204 1222
f 296 315 1184
f 1184 315 1195
f 1184 1195 1223
f 1223 1195 1194
f 1223 1194 1222
f 1222 1194 1193
f 1222 1193 1221
f 1221 1193 1192
f 1221 1192 1191
f 1191 1192 1099
f 1191 1099 1098
f 1203 1202 1204
f 1204 1202 1201
f 1204 1201 1222
f 1222 1201 1199
f 1222 1199 1223
f 1223 1199 1197
f 1223 1197 1184
f 1184 1197 1183
f 1184 1183 295
f 295 1183 297
f 1224 313 314
f 1225 1220 1226
f 1226 1220 1145
f 1224 314 1227
f 1227 314 312
f 1227 312 1228
f 312 310 1228
f 1228 310 311
f 1228 311 1229
f 1229 311 308
f 306 1230 307
f 307 1230 1229
f 307 1229 309
f 309 1229 308
f 306 305 1230
f 1230 305 304
f 1230 304 1231
f 1231 304 303
f 1231 303 302
f 302 301 1231
f 1231 301 300
f 1231 300 1232
f 1198 1233 1196
f 1196 1233 1232
f 1196 1232 299
f 299 1232 300
f 1203 1234 1202
f 1202 1234 1233
f 1202 1233 1200
f 1200 1233 1198
f 1203 1205 1234
f 1234 1205 1207
f 1234 1207 1235
f 1235 1207 1209
f 1209 1211 1235
f 1235 1211 1213
f 1235 1213 1236
f 1213 1215 1236
f 1236 1215 1217
f 1236 1217 1225
f 1225 1217 1219
f 1225 1219 1220
f 1228 1225 1227
f 1227 1225 1226
f 1227 1226 1224
f 1224 1226 1237
f 1224 1237 1238
f 1233 1234 1235
f 1238 1237 1239
f 1239 1237 1240
f 1239 1240 1241
f 1228 1229 1225
f 1225 1229 1230
f 1225 1230 1231
f 1231 1232 1225
f 1225 1232 1233
f 1225 1233 1236
f 1236 1233 1235
f 1242 1243 1244
f 1244 1243 1245
f 1241 1246 1239
f 1239 1246 1245
f 1239 1245 1247
f 1247 1245 1243
f 1162 1161 1241
f 1238 342 1224
f 1224 342 313
f 1149 1240 1148
f 1148 1240 1237
f 1148 1237 1146
f 1146 1237 1226
f 1146 1226 1145
f 1149 1151 1240
f 1240 1151 1154
f 1240 1154 1241
f 1241 1154 1153
f 1241 1153 1162
f 1161 1159 1241
f 1241 1159 1158
f 1241 1158 1246
f 1246 1158 1157
f 1182 1245 1179
f 1179 1245 1246
f 1179 1246 1180
f 1180 1246 1157
f 1182 1181 1245
f 1245 1181 1165
f 1245 1165 1244
f 1244 1165 1164
f 1164 340 1244
f 1244 340 339
f 1244 339 1242
f 1242 339 365
f 1242 365 367
f 362 1243 364
f 364 1243 1242
f 364 1242 369
f 369 1242 367
f 362 360 1243
f 1243 360 358
f 1243 358 1247
f 1247 358 357
f 357 353 1247
f 1247 353 352
f 1247 352 1239
f 352 350 1239
f 1239 350 347
f 1239 347 1238
f 1238 347 344
f 1238 344 342
f 1033 1034 1248
f 1248 1249 1033
f 1033 1249 1250
f 1033 1250 1032
f 1032 1250 1251
f 1032 1251 1061
f 1061 1251 1252
f 1061 1252 1060
f 1060 1252 1253
f 1060 1253 1059
f 1059 1253 1254
f 1059 1254 1058
f 1058 1254 1255
f 1058 1255 1045
f 1045 1255 1256
f 1045 1256 1044
f 1257 1258 1043
f 1043 1258 1052
f 1259 1258 1260
f 1260 1258 1257
f 1260 1257 1261
f 1261 1257 1262
f 1043 1044 1257
f 1257 1044 1256
f 1257 1256 1262
f 1262 1256 1255
f 1262 1255 1263
f 1263 1255 1254
f 1263 1254 1264
f 1264 1254 1253
f 1264 1253 1265
f 1265 1253 1252
f 1265 1252 1266
f 1266 1252 1251
f 1266 1251 1267
f 1267 1251 1250
f 1267 1250 1268
f 1248 1269 1249
f 1249 1269 1270
f 1249 1270 1250
f 1250 1270 1271
f 1250 1271 1268
f 1035 1036 1272
f 1272 1273 1035
f 1035 1273 1274
f 1035 1274 1042
f 1042 1274 1275
f 1042 1275 1041
f 1041 1275 1276
f 1041 1276 1040
f 1040 1276 1277
f 1040 1277 1039
f 1039 1277 1278
f 1039 1278 1038
f 1038 1278 1279
f 1038 1279 1031
f 1031 1279 1280
f 1031 1280 1030
f 1281 1248 1029
f 1029 1248 1034
f 1269 1248 1282
f 1282 1248 1281
f 1282 1281 1283
f 1283 1281 1284
f 1029 1030 1281
f 1281 1030 1280
f 1281 1280 1284
f 1284 1280 1279
f 1284 1279 1285
f 1285 1279 1278
f 1285 1278 1286
f 1286 1278 1277
f 1286 1277 1287
f 1287 1277 1276
f 1287 1276 1288
f 1288 1276 1275
f 1288 1275 1289
f 1289 1275 1274
f 1289 1274 1290
f 1272 1291 1273
f 1273 1291 1292
f 1273 1292 1274
f 1274 1292 1293
f 1274 1293 1290
f 1009 1011 1294
f 1294 1295 1009
f 1009 1295 1296
f 1009 1296 1007
f 1007 1296 1297
f 1007 1297 1055
f 1055 1297 1298
f 1055 1298 1051
f 1051 1298 1299
f 1051 1299 1050
f 1050 1299 1300
f 1050 1300 1048
f 1048 1300 1301
f 1048 1301 1028
f 1028 1301 1302
f 1028 1302 1026
f 1303 1272 1024
f 1024 1272 1036
f 1291 1272 1304
f 1304 1272 1303
f 1304 1303 1305
f 1305 1303 1306
f 1024 1026 1303
f 1303 1026 1302
f 1303 1302 1306
f 1306 1302 1301
f 1306 1301 1307
f 1307 1301 1300
f 1307 1300 1308
f 1308 1300 1299
f 1308 1299 1309
f 1309 1299 1298
f 1309 1298 1310
f 1310 1298 1297
f 1310 1297 1311
f 1311 1297 1296
f 1311 1296 1312
f 1294 1313 1295
f 1295 1313 1314
f 1295 1314 1296
f 1296 1314 1315
f 1296 1315 1312
f 1016 1052 1258
f 1258 1316 1016
f 1016 1316 1317
f 1016 1317 1063
f 1063 1317 1318
f 1063 1318 1071
f 1071 1318 1319
f 1071 1319 1069
f 1069 1319 1320
f 1069 1320 1067
f 1067 1320 1321
f 1067 1321 1023
f 1023 1321 1322
f 1023 1322 1021
f 1021 1322 1323
f 1021 1323 1019
f 1324 1294 1013
f 1013 1294 1011
f 1313 1294 1325
f 1325 1294 1324
f 1325 1324 1326
f 1326 1324 1327
f 1013 1019 1324
f 1324 1019 1323
f 1324 1323 1327
f 1327 1323 1322
f 1327 1322 1328
f 1328 1322 1321
f 1328 1321 1329
f 1329 1321 1320
f 1329 1320 1330
f 1330 1320 1319
f 1330 1319 1331
f 1331 1319 1318
f 1331 1318 1332
f 1332 1318 1317
f 1332 1317 1333
f 1258 1259 1316
f 1316 1259 1334
f 1316 1334 1317
f 1317 1334 1335
f 1317 1335 1333
f 1336 1264 1337
f 1338 1329 1339
f 1340 1341 1312
f 1312 1341 1342
f 1343 1308 1344
f 1345 1286 1346
f 1308 1347 1344
f 1344 1347 1310
f 1344 1310 1348
f 1348 1310 1342
f 1348 1342 1349
f 1349 1342 1341
f 1350 1351 1333
f 1333 1351 1352
f 1312 1353 1340
f 1340 1353 1314
f 1340 1314 1354
f 1354 1314 1313
f 1354 1313 1355
f 1355 1313 1325
f 1355 1325 1356
f 1356 1325 1326
f 1356 1326 1357
f 1357 1326 1327
f 1357 1327 1358
f 1358 1327 1338
f 1358 1338 1359
f 1359 1338 1339
f 1360 1361 1290
f 1290 1361 1362
f 1363 1364 1268
f 1268 1364 1365
f 1329 1366 1339
f 1339 1366 1331
f 1339 1331 1367
f 1367 1331 1352
f 1367 1352 1368
f 1368 1352 1351
f 1286 1369 1346
f 1346 1369 1288
f 1346 1288 1370
f 1370 1288 1362
f 1370 1362 1371
f 1371 1362 1361
f 1264 1372 1337
f 1337 1372 1266
f 1337 1266 1373
f 1373 1266 1365
f 1373 1365 1374
f 1374 1365 1364
f 1333 1375 1350
f 1350 1375 1334
f 1350 1334 1376
f 1376 1334 1259
f 1376 1259 1377
f 1377 1259 1260
f 1377 1260 1378
f 1378 1260 1261
f 1378 1261 1379
f 1379 1261 1262
f 1379 1262 1380
f 1380 1262 1336
f 1380 1336 1381
f 1381 1336 1337
f 1290 1382 1360
f 1360 1382 1292
f 1360 1292 1383
f 1383 1292 1291
f 1383 1291 1384
f 1384 1291 1304
f 1384 1304 1385
f 1385 1304 1305
f 1385 1305 1386
f 1386 1305 1306
f 1386 1306 1387
f 1387 1306 1343
f 1387 1343 1388
f 1388 1343 1344
f 1268 1389 1363
f 1363 1389 1270
f 1363 1270 1390
f 1390 1270 1269
f 1390 1269 1391
f 1391 1269 1282
f 1391 1282 1392
f 1392 1282 1283
f 1392 1283 1393
f 1393 1283 1284
f 1393 1284 1394
f 1394 1284 1345
f 1394 1345 1395
f 1395 1345 1346
f 1396 1397 1398
f 1399 1400 1401
f 1401 1400 1402
f 1401 1402 1403
f 1403 1402 1396
f 1403 1396 1404
f 1404 1396 1398
f 1399 1401 1405
f 1405 1401 1406
f 1405 1406 1407
f 1407 1406 1408
f 1407 1408 1409
f 1409 1408 1410
f 1409 1410 1411
f 1411 1410 1412
f 1411 1412 1413
f 1413 1412 1414
f 1414 1412 1415
f 1414 1415 1416
f 1417 1376 1418
f 1418 1376 1377
f 1418 1377 1419
f 1419 1377 1378
f 1420 1374 1421
f 1421 1374 1364
f 1421 1364 1422
f 1422 1364 1363
f 1422 1363 1423
f 1423 1363 1390
f 1398 1417 1404
f 1404 1417 1418
f 1404 1418 1403
f 1403 1418 1419
f 1403 1419 1401
f 1401 1419 1424
f 1401 1424 1406
f 1406 1424 1425
f 1406 1425 1408
f 1408 1425 1420
f 1408 1420 1410
f 1410 1420 1421
f 1410 1421 1412
f 1412 1421 1422
f 1412 1422 1415
f 1415 1422 1423
f 1378 1379 1419
f 1419 1379 1380
f 1419 1380 1424
f 1424 1380 1381
f 1424 1381 1425
f 1425 1381 1337
f 1425 1337 1420
f 1420 1337 1373
f 1420 1373 1374
f 1426 1427 1428
f 1429 1430 1431
f 1431 1430 1432
f 1431 1432 1433
f 1433 1432 1426
f 1433 1426 1434
f 1434 1426 1428
f 1429 1431 1435
f 1435 1431 1436
f 1435 1436 1437
f 1437 1436 1438
f 1437 1438 1439
f 1439 1438 1440
f 1439 1440 1441
f 1441 1440 1442
f 1441 1442 1443
f 1443 1442 1444
f 1444 1442 1398
f 1444 1398 1397
f 1376 1417 1350
f 1350 1417 1445
f 1350 1445 1351
f 1351 1445 1446
f 1351 1446 1368
f 1368 1446 1447
f 1448 1354 1449
f 1449 1354 1355
f 1449 1355 1450
f 1450 1355 1356
f 1417 1398 1445
f 1445 1398 1442
f 1445 1442 1446
f 1446 1442 1440
f 1446 1440 1447
f 1447 1440 1438
f 1447 1438 1451
f 1451 1438 1436
f 1451 1436 1452
f 1452 1436 1431
f 1452 1431 1450
f 1450 1431 1433
f 1450 1433 1449
f 1449 1433 1434
f 1449 1434 1448
f 1448 1434 1428
f 1356 1357 1450
f 1450 1357 1358
f 1450 1358 1452
f 1452 1358 1359
f 1452 1359 1451
f 1451 1359 1339
f 1451 1339 1447
f 1447 1339 1367
f 1447 1367 1368
f 1453 1454 1455
f 1456 1457 1458
f 1458 1457 1459
f 1458 1459 1460
f 1460 1459 1453
f 1460 1453 1461
f 1461 1453 1455
f 1456 1458 1462
f 1462 1458 1463
f 1462 1463 1464
f 1464 1463 1465
f 1464 1465 1466
f 1466 1465 1467
f 1466 1467 1468
f 1468 1467 1469
f 1468 1469 1470
f 1470 1469 1471
f 1471 1469 1428
f 1471 1428 1427
f 1472 1383 1473
f 1473 1383 1384
f 1473 1384 1474
f 1474 1384 1385
f 1475 1349 1476
f 1476 1349 1341
f 1476 1341 1477
f 1477 1341 1340
f 1477 1340 1448
f 1448 1340 1354
f 1455 1472 1461
f 1461 1472 1473
f 1461 1473 1460
f 1460 1473 1474
f 1460 1474 1458
f 1458 1474 1478
f 1458 1478 1463
f 1463 1478 1479
f 1463 1479 1465
f 1465 1479 1475
f 1465 1475 1467
f 1467 1475 1476
f 1467 1476 1469
f 1469 1476 1477
f 1469 1477 1428
f 1428 1477 1448
f 1385 1386 1474
f 1474 1386 1387
f 1474 1387 1478
f 1478 1387 1388
f 1478 1388 1479
f 1479 1388 1344
f 1479 1344 1475
f 1475 1344 1348
f 1475 1348 1349
f 1480 1416 1415
f 1481 1482 1483
f 1483 1482 1484
f 1483 1484 1485
f 1485 1484 1480
f 1485 1480 1486
f 1486 1480 1415
f 1481 1483 1487
f 1487 1483 1488
f 1487 1488 1489
f 1489 1488 1490
f 1489 1490 1491
f 1491 1490 1492
f 1491 1492 1493
f 1493 1492 1494
f 1493 1494 1495
f 1495 1494 1496
f 1496 1494 1455
f 1496 1455 1454
f 1383 1472 1360
f 1360 1472 1497
f 1360 1497 1361
f 1361 1497 1498
f 1361 1498 1371
f 1371 1498 1499
f 1423 1390 1500
f 1500 1390 1391
f 1500 1391 1501
f 1501 1391 1392
f 1472 1455 1497
f 1497 1455 1494
f 1497 1494 1498
f 1498 1494 1492
f 1498 1492 1499
f 1499 1492 1490
f 1499 1490 1502
f 1502 1490 1488
f 1502 1488 1503
f 1503 1488 1483
f 1503 1483 1501
f 1501 1483 1485
f 1501 1485 1500
f 1500 1485 1486
f 1500 1486 1423
f 1423 1486 1415
f 1392 1393 1501
f 1501 1393 1394
f 1501 1394 1503
f 1503 1394 1395
f 1503 1395 1502
f 1502 1395 1346
f 1502 1346 1499
f 1499 1346 1370
f 1499 1370 1371
f 1504 1505 1426
f 1426 1505 1427
f 1427 1505 1471
f 1471 1505 1506
f 1471 1506 1470
f 1482 1507 1508
f 1509 1454 1510
f 1510 1454 1453
f 1510 1453 1511
f 1512 1397 1513
f 1513 1397 1396
f 1513 1396 1514
f 1426 1432 1504
f 1504 1432 1430
f 1504 1430 1515
f 1515 1430 1429
f 1515 1429 1516
f 1516 1429 1435
f 1516 1435 1437
f 1470 1506 1468
f 1468 1506 1517
f 1468 1517 1466
f 1466 1517 1518
f 1466 1518 1464
f 1464 1518 1519
f 1464 1519 1462
f 1489 1520 1487
f 1487 1520 1507
f 1487 1507 1481
f 1481 1507 1482
f 1413 1521 1411
f 1411 1521 1522
f 1411 1522 1409
f 1409 1522 1523
f 1409 1523 1407
f 1407 1523 1524
f 1407 1524 1405
f 1453 1459 1511
f 1511 1459 1457
f 1511 1457 1519
f 1519 1457 1456
f 1519 1456 1462
f 1413 1414 1521
f 1521 1414 1416
f 1521 1416 1525
f 1525 1416 1480
f 1525 1480 1508
f 1508 1480 1484
f 1508 1484 1482
f 1396 1402 1514
f 1514 1402 1400
f 1514 1400 1524
f 1524 1400 1399
f 1524 1399 1405
f 1489 1491 1520
f 1520 1491 1493
f 1520 1493 1526
f 1526 1493 1495
f 1526 1495 1509
f 1509 1495 1496
f 1509 1496 1454
f 1437 1439 1516
f 1516 1439 1441
f 1516 1441 1527
f 1527 1441 1443
f 1527 1443 1512
f 1512 1443 1444
f 1512 1444 1397
f 1528 1529 1530
f 1530 1529 1531
f 1531 1529 1532
f 1531 1532 1533
f 1534 1535 1536
f 1536 1535 1537
f 1528 1530 1538
f 1538 1530 1539
f 1538 1539 1540
f 1540 1539 1541
f 1540 1541 1542
f 1533 1532 1543
f 1543 1532 1536
f 1543 1536 1544
f 1544 1536 1537
f 1544 1537 1545
f 1546 1547 1548
f 1548 1547 1549
f 1549 1547 1550
f 1549 1550 1551
f 1552 1553 1554
f 1554 1553 1555
f 1546 1548 1556
f 1556 1548 1557
f 1556 1557 1558
f 1558 1557 1559
f 1558 1559 1560
f 1551 1550 1561
f 1561 1550 1554
f 1561 1554 1562
f 1562 1554 1555
f 1562 1555 1563
f 1564 1520 1565
f 1565 1520 1526
f 1566 1525 1508
f 1566 1508 1567
f 1567 1508 1507
f 1567 1507 1568
f 1568 1507 1520
f 1568 1520 1564
f 1569 1521 1566
f 1566 1521 1525
f 1570 1524 1523
f 1570 1523 1571
f 1571 1523 1522
f 1571 1522 1572
f 1572 1522 1521
f 1572 1521 1569
f 1573 1514 1570
f 1570 1514 1524
f 1574 1527 1512
f 1574 1512 1575
f 1575 1512 1513
f 1575 1513 1576
f 1576 1513 1514
f 1576 1514 1573
f 1577 1516 1574
f 1574 1516 1527
f 1578 1505 1504
f 1578 1504 1579
f 1579 1504 1515
f 1579 1515 1580
f 1580 1515 1516
f 1580 1516 1577
f 1581 1506 1578
f 1578 1506 1505
f 1582 1519 1518
f 1582 1518 1583
f 1583 1518 1517
f 1583 1517 1584
f 1584 1517 1506
f 1584 1506 1581
f 1585 1511 1582
f 1582 1511 1519
f 1565 1526 1509
f 1565 1509 1586
f 1586 1509 1510
f 1586 1510 1587
f 1587 1510 1511
f 1587 1511 1585
f 1588 1589 1579
f 1579 1589 1578
f 1588 1579 1590
f 1590 1579 1591
f 1590 1591 1592
f 1592 1591 1593
f 1592 1593 1594
f 1595 1596 1597
f 1596 1595 1598
f 1598 1595 1599
f 1598 1599 1567
f 1594 1600 1592
f 1592 1600 1595
f 1592 1595 1601
f 1601 1595 1597
f 1599 1602 1567
f 1567 1602 1603
f 1567 1603 1566
f 1589 1604 1578
f 1578 1604 1605
f 1578 1605 1581
f 1581 1605 1606
f 1581 1606 1584
f 1584 1606 1607
f 1584 1607 1583
f 1583 1607 1608
f 1583 1608 1582
f 1582 1608 1609
f 1582 1609 1585
f 1585 1609 1610
f 1585 1610 1587
f 1587 1610 1611
f 1587 1611 1586
f 1586 1611 1612
f 1586 1612 1565
f 1565 1612 1613
f 1565 1613 1564
f 1564 1613 1598
f 1564 1598 1568
f 1568 1598 1567
f 1579 1580 1591
f 1591 1580 1577
f 1591 1577 1614
f 1614 1577 1574
f 1614 1574 1615
f 1615 1574 1575
f 1615 1575 1616
f 1616 1575 1576
f 1616 1576 1617
f 1617 1576 1573
f 1617 1573 1618
f 1618 1573 1570
f 1618 1570 1619
f 1619 1570 1571
f 1619 1571 1620
f 1620 1571 1572
f 1620 1572 1621
f 1621 1572 1569
f 1621 1569 1622
f 1622 1569 1566
f 1622 1566 1623
f 1623 1566 1603
f 1610 1544 1545
f 1610 1545 1611
f 1611 1545 1537
f 1611 1537 1612
f 1612 1537 1535
f 1612 1535 1613
f 1609 1543 1610
f 1610 1543 1544
f 1606 1530 1531
f 1606 1531 1607
f 1607 1531 1533
f 1607 1533 1608
f 1608 1533 1543
f 1608 1543 1609
f 1605 1539 1606
f 1606 1539 1530
f 1588 1540 1542
f 1588 1542 1589
f 1589 1542 1541
f 1589 1541 1604
f 1604 1541 1539
f 1604 1539 1605
f 1590 1538 1588
f 1588 1538 1540
f 1592 1528 1590
f 1590 1528 1538
f 1596 1536 1532
f 1596 1532 1597
f 1597 1532 1529
f 1597 1529 1601
f 1601 1529 1528
f 1601 1528 1592
f 1598 1534 1596
f 1596 1534 1536
f 1613 1535 1598
f 1598 1535 1534
f 1591 1552 1593
f 1593 1552 1554
f 1614 1553 1591
f 1591 1553 1552
f 1617 1562 1563
f 1617 1563 1616
f 1616 1563 1555
f 1616 1555 1615
f 1615 1555 1553
f 1615 1553 1614
f 1618 1561 1617
f 1617 1561 1562
f 1621 1548 1549
f 1621 1549 1620
f 1620 1549 1551
f 1620 1551 1619
f 1619 1551 1561
f 1619 1561 1618
f 1622 1557 1621
f 1621 1557 1548
f 1602 1558 1560
f 1602 1560 1603
f 1603 1560 1559
f 1603 1559 1623
f 1623 1559 1557
f 1623 1557 1622
f 1599 1556 1602
f 1602 1556 1558
f 1595 1546 1599
f 1599 1546 1556
f 1593 1554 1550
f 1593 1550 1594
f 1594 1550 1547
f 1594 1547 1600
f 1600 1547 1546
f 1600 1546 1595
f 1624 1625 1626
f 1627 1628 1629
f 1630 1631 1632
f 1633 1630 1634
f 1634 1630 1635
f 1630 1632 1635
f 1635 1632 1636
f 1635 1636 1637
f 1629 1628 1636
f 1636 1628 1638
f 1636 1638 1637
f 1627 1629 1639
f 1639 1629 1640
f 1639 1640 1641
f 1642 1643 1644
f 1644 1643 1645
f 1644 1645 1646
f 1646 1645 1647
f 1645 1648 1647
f 1647 1648 1649
f 1647 1649 1650
f 1650 1649 1651
f 1650 1651 1652
f 1626 1625 1651
f 1651 1625 1653
f 1651 1653 1652
f 1624 1626 1654
f 1654 1626 1655
f 1654 1655 1656
f 1656 1655 1657
f 1656 1657 1658
f 1658 1657 1659
f 1658 1659 1660
f 1660 1659 1661
f 1660 1661 1662
f 1662 1661 1663
f 1663 1661 1664
f 1663 1664 1665
f 1665 1664 1666
f 1666 1664 1667
f 1666 1667 1668
f 1668 1667 1669
f 1668 1669 1670
f 1642 1641 1643
f 1643 1641 1640
f 1643 1640 1671
f 1671 1640 1629
f 1671 1629 1672
f 1672 1629 1636
f 1672 1636 1673
f 1673 1636 1632
f 1673 1632 1674
f 1674 1632 1631
f 1675 1676 1677
f 1678 1679 1680
f 1681 1682 1683
f 1684 1685 1686
f 1685 1684 1687
f 1688 1689 1690
f 1677 1676 1691
f 1691 1633 1677
f 1677 1633 1634
f 1677 1634 1635
f 1692 1693 1676
f 1676 1693 1694
f 1676 1694 1691
f 1692 1695 1693
f 1693 1695 1696
f 1693 1696 1697
f 1697 1696 1698
f 1697 1698 1699
f 1698 1700 1699
f 1699 1700 1701
f 1699 1701 1702
f 1702 1701 1703
f 1702 1703 1704
f 1688 1690 1705
f 1690 1706 1705
f 1705 1706 1707
f 1705 1707 1708
f 1708 1707 1709
f 1709 1710 1708
f 1708 1710 1711
f 1708 1711 1712
f 1712 1711 1684
f 1684 1711 1713
f 1684 1713 1687
f 1714 1715 1716
f 1716 1715 1717
f 1716 1717 1718
f 1718 1717 1719
f 1718 1719 1720
f 1720 1719 1721
f 1720 1721 1722
f 1722 1721 1723
f 1722 1723 1686
f 1686 1723 1724
f 1686 1724 1684
f 1716 1725 1714
f 1714 1725 1726
f 1714 1726 1727
f 1727 1726 1728
f 1727 1728 1729
f 1730 1731 1729
f 1729 1731 1732
f 1729 1732 1727
f 1730 1733 1731
f 1731 1733 1734
f 1731 1734 1735
f 1735 1734 1736
f 1735 1736 1737
f 1738 1739 1740
f 1740 1739 1741
f 1737 1736 1740
f 1740 1736 1742
f 1740 1742 1738
f 1743 1744 1745
f 1745 1744 1746
f 1745 1746 1739
f 1739 1746 1747
f 1739 1747 1741
f 1743 1745 1683
f 1683 1745 1748
f 1683 1748 1681
f 1749 1750 1751
f 1751 1750 1704
f 1751 1704 1752
f 1752 1704 1680
f 1752 1680 1753
f 1753 1680 1679
f 1753 1679 1682
f 1682 1679 1754
f 1682 1754 1683
f 1704 1703 1680
f 1680 1703 1755
f 1680 1755 1756
f 1756 1757 1680
f 1680 1757 1758
f 1680 1758 1678
f 1637 1759 1635
f 1635 1759 1760
f 1635 1760 1677
f 1677 1760 1761
f 1677 1761 1675
f 1762 1763 1764
f 1765 1766 1767
f 1768 1769 1770
f 1771 1772 1773
f 1774 1775 1776
f 1777 1778 1779
f 1780 1781 1782
f 1699 1702 1783
f 1704 1750 1784
f 1785 1786 1787
f 1788 1633 1691
f 1789 1790 1791
f 1792 1793 1781
f 1781 1793 1794
f 1781 1794 1782
f 1782 1794 1790
f 1795 1796 1797
f 1797 1796 1798
f 1797 1798 1799
f 1800 1801 1802
f 1776 1803 1801
f 1785 1804 1805
f 1805 1804 1806
f 1805 1806 1807
f 1785 1787 1808
f 1808 1787 1809
f 1808 1809 1810
f 1811 1772 1812
f 1812 1772 1771
f 1812 1771 1813
f 1813 1771 1814
f 1814 1815 1813
f 1813 1815 1816
f 1813 1816 1817
f 1818 1691 1819
f 1819 1691 1694
f 1819 1694 1693
f 1786 1773 1787
f 1787 1773 1772
f 1787 1772 1809
f 1809 1772 1811
f 1809 1811 1810
f 1810 1811 1820
f 1770 1783 1784
f 1784 1783 1702
f 1784 1702 1704
f 1818 1819 1821
f 1821 1819 1822
f 1821 1822 1823
f 1823 1822 1824
f 1823 1824 1825
f 1825 1824 1826
f 1825 1826 1827
f 1788 1691 1791
f 1791 1691 1818
f 1791 1818 1789
f 1789 1818 1821
f 1789 1821 1828
f 1828 1821 1823
f 1828 1823 1829
f 1829 1823 1825
f 1829 1825 1830
f 1830 1825 1827
f 1830 1827 1767
f 1799 1831 1797
f 1797 1831 1832
f 1797 1832 1833
f 1833 1832 1834
f 1833 1834 1835
f 1835 1834 1836
f 1835 1836 1837
f 1778 1777 1838
f 1838 1777 1839
f 1838 1839 1840
f 1840 1839 1841
f 1840 1841 1842
f 1801 1800 1776
f 1776 1800 1843
f 1776 1843 1774
f 1774 1843 1844
f 1774 1844 1845
f 1845 1844 1846
f 1845 1846 1847
f 1750 1749 1784
f 1784 1749 1848
f 1784 1848 1770
f 1770 1848 1849
f 1770 1849 1768
f 1697 1699 1850
f 1850 1699 1783
f 1850 1783 1851
f 1851 1783 1770
f 1851 1770 1852
f 1852 1770 1769
f 1852 1769 1853
f 1693 1697 1819
f 1819 1697 1850
f 1819 1850 1822
f 1822 1850 1851
f 1822 1851 1824
f 1824 1851 1852
f 1824 1852 1826
f 1826 1852 1853
f 1826 1853 1854
f 1854 1855 1826
f 1826 1855 1856
f 1826 1856 1827
f 1827 1856 1857
f 1827 1857 1767
f 1767 1857 1858
f 1767 1858 1765
f 1790 1789 1782
f 1782 1789 1828
f 1782 1828 1780
f 1780 1828 1829
f 1780 1829 1859
f 1859 1829 1830
f 1859 1830 1860
f 1860 1830 1767
f 1860 1767 1861
f 1861 1767 1766
f 1861 1766 1862
f 1792 1781 1799
f 1799 1781 1780
f 1799 1780 1831
f 1831 1780 1859
f 1831 1859 1832
f 1832 1859 1860
f 1832 1860 1834
f 1834 1860 1861
f 1834 1861 1836
f 1836 1861 1862
f 1836 1862 1863
f 1863 1864 1836
f 1836 1864 1865
f 1836 1865 1837
f 1837 1865 1866
f 1837 1866 1867
f 1867 1841 1837
f 1837 1841 1839
f 1837 1839 1835
f 1835 1839 1777
f 1835 1777 1833
f 1833 1777 1779
f 1833 1779 1797
f 1797 1779 1868
f 1797 1868 1795
f 1867 1869 1841
f 1841 1869 1870
f 1841 1870 1842
f 1842 1870 1871
f 1842 1871 1872
f 1872 1846 1842
f 1842 1846 1844
f 1842 1844 1840
f 1840 1844 1843
f 1840 1843 1838
f 1838 1843 1800
f 1838 1800 1778
f 1778 1800 1802
f 1778 1802 1779
f 1779 1802 1873
f 1779 1873 1868
f 1872 1874 1846
f 1846 1874 1875
f 1846 1875 1847
f 1847 1875 1876
f 1847 1876 1877
f 1803 1776 1878
f 1878 1776 1775
f 1878 1775 1807
f 1807 1775 1774
f 1807 1774 1805
f 1805 1774 1845
f 1805 1845 1879
f 1879 1845 1847
f 1879 1847 1764
f 1764 1847 1877
f 1764 1877 1762
f 1785 1805 1786
f 1786 1805 1879
f 1786 1879 1773
f 1773 1879 1764
f 1773 1764 1771
f 1771 1764 1763
f 1771 1763 1814
f 1799 1880 1792
f 1881 1631 1630
f 1882 1883 1884
f 1810 1820 1883
f 1883 1882 1810
f 1810 1882 1885
f 1810 1885 1808
f 1808 1885 1886
f 1808 1886 1785
f 1785 1886 1804
f 1804 1886 1887
f 1804 1887 1806
f 1806 1887 1807
f 1807 1887 1888
f 1807 1888 1878
f 1878 1888 1889
f 1878 1889 1803
f 1803 1889 1890
f 1803 1890 1801
f 1801 1890 1891
f 1801 1891 1802
f 1802 1891 1873
f 1873 1891 1892
f 1873 1892 1868
f 1868 1892 1795
f 1795 1892 1893
f 1795 1893 1796
f 1880 1799 1893
f 1893 1799 1798
f 1893 1798 1796
f 1788 1791 1894
f 1894 1791 1790
f 1894 1790 1895
f 1895 1790 1794
f 1895 1794 1896
f 1896 1794 1793
f 1896 1793 1897
f 1897 1793 1792
f 1897 1792 1898
f 1674 1631 1899
f 1899 1631 1881
f 1899 1881 1900
f 1900 1881 1901
f 1900 1901 1902
f 1902 1901 1903
f 1902 1903 1904
f 1904 1903 1905
f 1904 1905 1906
f 1906 1905 1907
f 1906 1907 1908
f 1908 1907 1909
f 1908 1909 1910
f 1910 1909 1911
f 1910 1911 1912
f 1912 1911 1913
f 1912 1913 1914
f 1914 1913 1915
f 1914 1915 1916
f 1916 1915 1917
f 1916 1917 1918
f 1918 1917 1919
f 1918 1919 1920
f 1920 1919 1921
f 1920 1921 1922
f 1922 1921 1923
f 1922 1923 1924
f 1924 1923 1925
f 1924 1925 1926
f 1926 1925 1927
f 1926 1927 1928
f 1633 1788 1630
f 1630 1788 1894
f 1630 1894 1881
f 1881 1894 1895
f 1881 1895 1901
f 1901 1895 1896
f 1901 1896 1903
f 1903 1896 1897
f 1903 1897 1905
f 1905 1897 1898
f 1905 1898 1907
f 1907 1898 1929
f 1907 1929 1909
f 1909 1929 1930
f 1909 1930 1911
f 1911 1930 1931
f 1911 1931 1913
f 1913 1931 1932
f 1913 1932 1915
f 1915 1932 1933
f 1915 1933 1917
f 1917 1933 1934
f 1917 1934 1919
f 1919 1934 1935
f 1919 1935 1921
f 1921 1935 1936
f 1921 1936 1923
f 1923 1936 1937
f 1923 1937 1925
f 1925 1937 1938
f 1925 1938 1927
f 1927 1938 1939
f 1927 1939 1928
f 1792 1880 1898
f 1898 1880 1893
f 1898 1893 1929
f 1929 1893 1892
f 1929 1892 1930
f 1930 1892 1891
f 1930 1891 1931
f 1931 1891 1890
f 1931 1890 1932
f 1932 1890 1889
f 1932 1889 1933
f 1933 1889 1888
f 1933 1888 1934
f 1934 1888 1887
f 1934 1887 1935
f 1935 1887 1886
f 1935 1886 1936
f 1936 1886 1885
f 1936 1885 1937
f 1937 1885 1882
f 1937 1882 1938
f 1938 1882 1884
f 1938 1884 1939
f 1645 1940 1648
f 1648 1940 1941
f 1648 1941 1649
f 1649 1941 1942
f 1649 1942 1651
f 1942 1943 1651
f 1651 1943 1944
f 1651 1944 1626
f 1626 1944 1945
f 1626 1945 1655
f 1655 1945 1946
f 1655 1946 1657
f 1912 1947 1910
f 1910 1947 1948
f 1910 1948 1908
f 1908 1948 1949
f 1908 1949 1906
f 1950 1951 1952
f 1952 1951 1953
f 1952 1953 1954
f 1954 1953 1955
f 1954 1955 1956
f 1955 1957 1956
f 1956 1957 1958
f 1956 1958 1959
f 1959 1958 1960
f 1959 1960 1961
f 1961 1960 1962
f 1961 1962 1963
f 1964 1965 1966
f 1966 1965 1967
f 1966 1967 1968
f 1968 1967 1969
f 1968 1969 1970
f 1949 1971 1906
f 1906 1971 1972
f 1906 1972 1904
f 1904 1972 1973
f 1904 1973 1902
f 1902 1973 1974
f 1902 1974 1900
f 1900 1974 1975
f 1900 1975 1899
f 1899 1975 1976
f 1899 1976 1674
f 1674 1976 1977
f 1674 1977 1673
f 1673 1977 1978
f 1673 1978 1672
f 1672 1978 1979
f 1672 1979 1671
f 1671 1979 1980
f 1671 1980 1643
f 1643 1980 1981
f 1643 1981 1645
f 1645 1981 1982
f 1645 1982 1940
f 1983 1984 1985
f 1985 1984 1986
f 1985 1986 1987
f 1987 1986 1988
f 1987 1988 1964
f 1964 1988 1989
f 1964 1989 1965
f 1918 1990 1916
f 1916 1990 1991
f 1916 1991 1914
f 1914 1991 1992
f 1914 1992 1912
f 1912 1992 1993
f 1912 1993 1947
f 1946 1994 1657
f 1657 1994 1995
f 1657 1995 1659
f 1659 1995 1996
f 1659 1996 1661
f 1661 1996 1997
f 1661 1997 1664
f 1664 1997 1998
f 1664 1998 1667
f 1667 1998 1999
f 1667 1999 1669
f 1669 1999 2000
f 1669 2000 2001
f 2001 2000 2002
f 2001 2002 2003
f 2003 2002 2004
f 2003 2004 2005
f 2005 2004 2006
f 2005 2006 2007
f 2007 2006 2008
f 2007 2008 1950
f 1950 2008 2009
f 1950 2009 1951
f 1962 2010 1963
f 1963 2010 2011
f 1963 2011 2012
f 2012 2011 2013
f 2012 2013 2014
f 2014 2013 2015
f 2014 2015 2016
f 2016 2015 2017
f 2016 2017 2018
f 2018 2017 2019
f 2018 2019 2020
f 2020 2019 2021
f 2020 2021 2022
f 2022 2021 2023
f 2022 2023 2024
f 2024 2023 2025
f 2024 2025 2026
f 2026 2025 2027
f 2026 2027 2028
f 2028 2027 2029
f 2028 2029 1983
f 1983 2029 2030
f 1983 2030 1984
f 1969 2031 1970
f 1970 2031 2032
f 1970 2032 2033
f 2033 2032 2034
f 2033 2034 2035
f 2035 2034 2036
f 2035 2036 2037
f 2037 2036 2038
f 2037 2038 2039
f 2039 2038 2040
f 2039 2040 1928
f 1928 2040 2041
f 1928 2041 1926
f 1926 2041 2042
f 1926 2042 1924
f 1924 2042 2043
f 1924 2043 1922
f 1922 2043 2044
f 1922 2044 1920
f 1920 2044 2045
f 1920 2045 1918
f 1918 2045 2046
f 1918 2046 1990
f 2047 2048 2049
f 2049 2048 2050
f 2049 2050 2051
f 2051 2050 2052
f 2051 2052 2053
f 2053 2052 2054
f 2053 2054 2055
f 2055 2054 2056
f 2057 2058 2047
f 2047 2058 2059
f 2047 2059 2048
f 2060 2061 2062
f 2062 2061 2063
f 2063 2061 2064
f 2064 2061 2065
f 2064 2065 2066
f 2066 2065 2067
f 2067 2065 2068
f 2067 2068 2069
f 2069 2068 2070
f 2069 2070 2071
f 2071 2070 2072
f 2071 2072 2073
f 2073 2072 2074
f 2073 2074 2075
f 2075 2074 2076
f 2076 2074 2077
f 2076 2077 2078
f 2078 2077 2079
f 2079 2077 2080
f 2079 2080 2081
f 2081 2080 2082
f 2081 2082 2083
f 2083 2082 2084
f 2083 2084 2085
f 2085 2084 1883
f 2085 1883 1820
f 2062 2058 2060
f 2060 2058 2057
f 2060 2057 2061
f 2061 2057 2086
f 2061 2086 2065
f 2065 2086 2087
f 2065 2087 2068
f 2068 2087 2088
f 2068 2088 2070
f 2070 2088 2089
f 2070 2089 2072
f 2072 2089 2090
f 2072 2090 2074
f 2074 2090 2091
f 2074 2091 2077
f 2077 2091 2092
f 2077 2092 2080
f 2080 2092 2093
f 2080 2093 2082
f 2082 2093 2094
f 2082 2094 2084
f 2084 2094 2095
f 2084 2095 1883
f 1883 2095 1884
f 2055 2096 2053
f 2053 2096 2097
f 2053 2097 2051
f 2051 2097 2098
f 2051 2098 2049
f 2049 2098 2099
f 2049 2099 2047
f 2047 2099 2100
f 2047 2100 2057
f 2057 2100 2101
f 2057 2101 2086
f 2086 2101 2102
f 2086 2102 2087
f 2087 2102 2103
f 2087 2103 2088
f 2088 2103 2104
f 2088 2104 2089
f 2089 2104 2105
f 2089 2105 2090
f 2090 2105 2106
f 2090 2106 2091
f 2091 2106 2107
f 2091 2107 2092
f 2092 2107 2108
f 2092 2108 2093
f 2093 2108 2109
f 2093 2109 2094
f 2094 2109 2110
f 2094 2110 2095
f 2095 2110 2111
f 2095 2111 1884
f 1884 2111 1939
f 1928 1939 2039
f 2039 1939 2111
f 2039 2111 2037
f 2037 2111 2110
f 2037 2110 2035
f 2035 2110 2109
f 2035 2109 2033
f 2033 2109 2108
f 2033 2108 1970
f 1970 2108 2107
f 1970 2107 1968
f 1968 2107 2106
f 1968 2106 1966
f 1966 2106 2105
f 1966 2105 1964
f 1964 2105 2104
f 1964 2104 1987
f 1987 2104 2103
f 1987 2103 1985
f 1985 2103 2102
f 1985 2102 1983
f 1983 2102 2101
f 1983 2101 2028
f 2028 2101 2100
f 2028 2100 2026
f 2026 2100 2099
f 2026 2099 2024
f 2024 2099 2098
f 2024 2098 2022
f 2022 2098 2097
f 2022 2097 2020
f 2020 2097 2096
f 2112 2113 2114
f 2115 2116 2117
f 2118 2119 2120
f 2120 2119 2121
f 2122 2123 2124
f 2125 2126 2127
f 2075 2128 2129
f 2130 2056 2054
f 2130 2131 2132
f 2132 2131 2133
f 2132 2133 2134
f 2134 2133 2135
f 2134 2135 2136
f 2136 2135 2137
f 2136 2137 2138
f 2138 2137 2139
f 2138 2139 2140
f 2140 2139 2141
f 2141 2142 2140
f 2140 2142 2143
f 2140 2143 2144
f 1813 1817 2145
f 2085 1820 1811
f 2146 2083 2147
f 2147 2083 2085
f 2147 2085 2148
f 2148 2085 1811
f 2149 2079 2146
f 2146 2079 2081
f 2146 2081 2083
f 2150 2076 2149
f 2149 2076 2078
f 2149 2078 2079
f 2075 2129 2073
f 2073 2129 2151
f 2073 2151 2071
f 2071 2151 2152
f 2071 2152 2069
f 2069 2152 2067
f 2067 2152 2153
f 2067 2153 2066
f 2066 2153 2064
f 2064 2153 2154
f 2064 2154 2063
f 2063 2154 2155
f 2063 2155 2062
f 2155 2156 2062
f 2062 2156 2157
f 2062 2157 2058
f 2058 2157 2059
f 2158 2048 2059
f 2159 2050 2048
f 2130 2054 2131
f 2131 2054 2052
f 2131 2052 2050
f 2160 2161 2162
f 2124 2163 2122
f 2122 2163 2164
f 2122 2164 2165
f 2165 2164 2166
f 2165 2166 2167
f 2119 2168 2121
f 2121 2168 2169
f 2121 2169 2123
f 2123 2169 2170
f 2123 2170 2124
f 2117 2116 2171
f 2171 2116 2172
f 2171 2172 2120
f 2120 2172 2173
f 2120 2173 2118
f 2114 2113 2174
f 2174 2113 2175
f 2174 2175 2117
f 2117 2175 2176
f 2117 2176 2115
f 2177 2178 2145
f 2145 2178 2179
f 2145 2179 1813
f 2177 2180 2178
f 2178 2180 2181
f 2178 2181 2182
f 2182 2181 2183
f 2182 2183 2114
f 2114 2183 2184
f 2114 2184 2112
f 2165 2185 2122
f 2122 2185 2186
f 2122 2186 2123
f 2123 2186 2187
f 2123 2187 2121
f 2121 2187 2188
f 2121 2188 2120
f 2120 2188 2189
f 2120 2189 2171
f 2171 2189 2190
f 2171 2190 2117
f 2117 2190 2191
f 2117 2191 2174
f 2174 2191 2192
f 2174 2192 2114
f 2114 2192 2193
f 2114 2193 2182
f 2182 2193 2194
f 2182 2194 2178
f 2178 2194 2195
f 2178 2195 2179
f 2179 2195 2196
f 2179 2196 1813
f 1813 2196 1812
f 2185 2197 2186
f 2186 2197 2198
f 2186 2198 2187
f 2187 2198 2199
f 2187 2199 2188
f 2188 2199 2200
f 2188 2200 2189
f 2189 2200 2201
f 2189 2201 2190
f 2190 2201 2202
f 2190 2202 2191
f 2191 2202 2203
f 2191 2203 2192
f 2192 2203 2150
f 2192 2150 2193
f 2193 2150 2149
f 2193 2149 2194
f 2194 2149 2146
f 2194 2146 2195
f 2195 2146 2147
f 2195 2147 2196
f 2196 2147 2148
f 2196 2148 1812
f 1812 2148 1811
f 2197 2156 2198
f 2198 2156 2155
f 2198 2155 2199
f 2199 2155 2154
f 2199 2154 2200
f 2200 2154 2153
f 2200 2153 2201
f 2201 2153 2152
f 2201 2152 2202
f 2202 2152 2151
f 2202 2151 2203
f 2203 2151 2129
f 2203 2129 2150
f 2150 2129 2128
f 2150 2128 2076
f 2076 2128 2075
f 2050 2159 2131
f 2131 2159 2204
f 2131 2204 2133
f 2133 2204 2205
f 2133 2205 2135
f 2135 2205 2206
f 2135 2206 2137
f 2137 2206 2127
f 2137 2127 2139
f 2139 2127 2126
f 2139 2126 2141
f 2048 2158 2159
f 2159 2158 2207
f 2159 2207 2204
f 2204 2207 2208
f 2204 2208 2205
f 2205 2208 2209
f 2205 2209 2206
f 2206 2209 2160
f 2206 2160 2127
f 2127 2160 2162
f 2127 2162 2125
f 2059 2157 2158
f 2158 2157 2156
f 2158 2156 2207
f 2207 2156 2197
f 2207 2197 2208
f 2208 2197 2185
f 2208 2185 2209
f 2209 2185 2165
f 2209 2165 2160
f 2160 2165 2167
f 2160 2167 2161
f 2210 2211 2212
f 2213 2136 2138
f 2214 2215 2216
f 2217 2056 2130
f 2218 2219 2214
f 2214 2219 2220
f 2214 2220 2215
f 2221 2222 2218
f 2218 2222 2223
f 2218 2223 2219
f 2136 2213 2134
f 2214 2217 2218
f 2218 2217 2130
f 2218 2130 2221
f 2221 2130 2132
f 2221 2132 2224
f 2224 2132 2134
f 2224 2134 2225
f 2225 2134 2213
f 2138 2140 2226
f 2227 2228 2138
f 2138 2228 2229
f 2138 2229 2213
f 2226 2230 2231
f 2231 2232 2226
f 2226 2232 2233
f 2226 2233 2138
f 2138 2233 2234
f 2138 2234 2227
f 2235 2236 2237
f 2237 2236 2238
f 2237 2238 2239
f 2235 2240 2236
f 2236 2240 2241
f 2236 2241 2242
f 2242 2243 2236
f 2236 2243 2230
f 2236 2230 2244
f 2245 2246 2247
f 2247 2246 2239
f 2247 2239 2248
f 2248 2239 2238
f 2249 2250 2251
f 2251 2250 2252
f 2251 2252 2245
f 2245 2252 2253
f 2245 2253 2246
f 2251 2254 2249
f 2249 2254 2255
f 2249 2255 2256
f 2256 2255 2257
f 2256 2257 2258
f 2258 2257 2259
f 2257 2260 2259
f 2259 2260 2261
f 2259 2261 2210
f 2210 2261 2262
f 2210 2262 2211
f 2263 2264 2212
f 2212 2264 2265
f 2212 2265 2210
f 2263 2266 2264
f 2264 2266 2267
f 2264 2267 2268
f 2268 2267 2269
f 2268 2269 2270
f 2270 2269 2271
f 2269 2272 2271
f 2271 2272 2273
f 2271 2273 2274
f 2274 2273 2275
f 2274 2275 2276
f 2276 2275 2277
f 2276 2277 2278
f 2278 2277 2279
f 2278 2279 2280
f 2280 2279 2281
f 2281 2282 2280
f 2280 2282 2283
f 2280 2283 2284
f 2284 2283 2285
f 2284 2285 1689
f 1689 2285 2286
f 1689 2286 1690
f 2140 2144 2226
f 2226 2144 2287
f 2226 2287 2230
f 2230 2287 2288
f 2230 2288 2244
f 2289 2290 2291
f 2056 2217 2055
f 2055 2217 2214
f 2055 2214 2096
f 2003 2292 2001
f 2001 2292 1670
f 2001 1670 1669
f 2005 2293 2003
f 2003 2293 2294
f 2003 2294 2292
f 1952 2295 1950
f 1950 2295 2296
f 1950 2296 2007
f 2007 2296 2297
f 2007 2297 2005
f 2005 2297 2298
f 2005 2298 2293
f 1954 2299 1952
f 1952 2299 2300
f 1952 2300 2295
f 1956 2301 1954
f 1954 2301 2302
f 1954 2302 2299
f 1961 2303 1959
f 1959 2303 2304
f 1959 2304 1956
f 1956 2304 2305
f 1956 2305 2301
f 1963 2306 1961
f 1961 2306 2307
f 1961 2307 2303
f 2012 2308 1963
f 1963 2308 2309
f 1963 2309 2306
f 2096 2214 2310
f 2310 2214 2216
f 2310 2216 2311
f 2311 2216 2312
f 2311 2312 2291
f 2291 2312 2313
f 2291 2313 2289
f 2289 2308 2290
f 2290 2308 2012
f 2290 2012 2291
f 2291 2012 2014
f 2291 2014 2311
f 2311 2014 2016
f 2311 2016 2310
f 2310 2016 2018
f 2310 2018 2096
f 2096 2018 2020
f 2299 2302 2314
f 2309 2315 2316
f 2313 2317 2318
f 2313 2318 2289
f 2289 2318 2319
f 2289 2319 2308
f 2309 2316 2306
f 2306 2316 2320
f 2306 2320 2307
f 2314 2302 2321
f 2302 2301 2321
f 2321 2301 2305
f 2321 2305 2322
f 2322 2305 2304
f 2322 2304 2303
f 2293 2298 2323
f 2298 2297 2324
f 2324 2297 2296
f 2324 2296 2325
f 2325 2296 2295
f 2325 2295 2300
f 2300 2326 2325
f 2325 2326 2327
f 2325 2327 2324
f 2324 2327 2328
f 2324 2328 2298
f 2298 2328 2329
f 2298 2329 2323
f 2323 2330 2293
f 2293 2330 2331
f 2293 2331 2294
f 2294 2331 2292
f 2331 2332 2292
f 2292 2332 2333
f 2292 2333 1670
f 2334 2335 2326
f 2326 2335 2336
f 2326 2336 2327
f 2322 2337 2321
f 2321 2337 2334
f 2321 2334 2314
f 2314 2334 2326
f 2314 2326 2299
f 2299 2326 2300
f 2338 2339 2322
f 2322 2339 2340
f 2322 2340 2337
f 2315 2341 2316
f 2316 2341 2338
f 2316 2338 2320
f 2320 2338 2322
f 2320 2322 2307
f 2307 2322 2303
f 2342 2343 2315
f 2315 2343 2344
f 2315 2344 2341
f 2309 2308 2315
f 2315 2308 2319
f 2315 2319 2342
f 2342 2319 2318
f 2342 2318 2345
f 2345 2318 2346
f 2346 2318 2317
f 2346 2317 2347
f 2347 2317 2313
f 2347 2313 2348
f 2348 2313 2312
f 2348 2312 2216
f 2349 2350 2351
f 2351 2350 2352
f 2351 2352 2353
f 2353 2352 2354
f 2355 2356 2357
f 2357 2356 2358
f 2357 2358 2359
f 2359 2358 2360
f 2359 2360 2349
f 2349 2360 2361
f 2349 2361 2350
f 2362 2363 2364
f 2364 2363 2365
f 2364 2365 2366
f 2366 2365 2367
f 2366 2367 2368
f 2368 2367 2369
f 2368 2369 2355
f 2355 2369 2370
f 2355 2370 2356
f 2362 2371 2372
f 2372 2371 2373
f 2372 2373 2374
f 2375 1660 2376
f 2376 1660 1662
f 2376 1662 2377
f 2377 1662 2378
f 2378 1662 2379
f 2379 1662 1663
f 2379 1663 2380
f 2380 1663 2381
f 2381 1663 1665
f 2381 1665 2382
f 1670 2333 1668
f 1668 2333 2382
f 1668 2382 1666
f 1666 2382 1665
f 2376 2374 2375
f 2375 2374 2373
f 2375 2373 1660
f 1660 2373 1658
f 1658 2373 1656
f 1656 2373 2371
f 1656 2371 1654
f 2362 2364 2371
f 2371 2364 1624
f 2371 1624 1654
f 2357 1647 2355
f 2355 1647 1650
f 2355 1650 2368
f 2368 1650 1652
f 2368 1652 2366
f 2366 1652 1653
f 2366 1653 2364
f 2364 1653 1625
f 2364 1625 1624
f 1637 1638 2383
f 2383 1638 1628
f 2383 1628 2354
f 2354 1628 1627
f 2354 1627 2353
f 2353 1627 1639
f 2353 1639 2351
f 2351 1639 1641
f 2351 1641 2349
f 2349 1641 1642
f 2349 1642 2359
f 2359 1642 1644
f 2359 1644 2357
f 2357 1644 1646
f 2357 1646 1647
f 2361 2384 2385
f 2381 2382 2386
f 2387 2382 2333
f 2388 2389 2390
f 1637 2391 2392
f 1759 2393 1760
f 1760 2393 2394
f 1760 2394 1761
f 1676 1675 2395
f 2395 1675 1761
f 1698 1696 2396
f 2396 1696 1695
f 2396 1695 1692
f 2390 2389 2396
f 2396 2389 2397
f 2396 2397 1698
f 2398 2399 2400
f 2400 2401 2398
f 2398 2401 2402
f 2398 2402 2390
f 2390 2402 2388
f 2398 2403 2404
f 2405 2406 2407
f 2408 2409 2410
f 2410 2409 2411
f 2410 2411 2412
f 2412 2411 2406
f 2413 2414 2408
f 2408 2414 2415
f 2408 2415 2409
f 2416 2417 2418
f 2418 2417 2419
f 2418 2419 2420
f 2420 2419 2421
f 2420 2421 2422
f 2422 2421 2413
f 2422 2413 2423
f 2423 2413 2408
f 2424 2425 2416
f 2416 2425 2426
f 2416 2426 2417
f 2416 2427 2424
f 2424 2427 2428
f 2424 2428 2429
f 2429 2428 2430
f 2429 2430 2431
f 2431 2430 2432
f 2431 2432 2433
f 2434 2433 2435
f 2435 2433 2432
f 2435 2432 2436
f 2436 2437 2438
f 2438 2437 2439
f 2438 2439 2440
f 2440 2439 2441
f 2440 2441 2442
f 2442 2441 2387
f 2442 2387 2443
f 2443 2387 2333
f 2444 2380 2381
f 2445 2377 2446
f 2446 2377 2378
f 2446 2378 2379
f 2363 2362 2447
f 2447 2362 2372
f 2447 2372 2448
f 2448 2372 2374
f 2363 2447 2365
f 2365 2447 2449
f 2365 2449 2367
f 2367 2449 2450
f 2367 2450 2369
f 2369 2450 2451
f 2369 2451 2370
f 2370 2451 2452
f 2370 2452 2356
f 2356 2452 2358
f 2358 2452 2453
f 2358 2453 2360
f 2361 2385 2350
f 2350 2385 2454
f 2350 2454 2352
f 2391 1637 2455
f 2455 1637 2383
f 2455 2383 2354
f 2456 2457 2458
f 2354 2352 2458
f 2458 2352 2454
f 2458 2454 2456
f 2456 2454 2385
f 2456 2385 2459
f 2459 2385 2384
f 2459 2384 2460
f 2354 2458 2455
f 2455 2458 2457
f 2455 2457 2391
f 2391 2457 2461
f 2391 2461 2392
f 2462 2394 2461
f 2461 2394 2393
f 2461 2393 2392
f 2392 2393 1759
f 2392 1759 1637
f 2403 2398 2463
f 2463 2398 2390
f 2463 2390 2464
f 2464 2390 2396
f 2464 2396 2395
f 2395 2396 1692
f 2395 1692 1676
f 1761 2394 2395
f 2395 2394 2462
f 2395 2462 2464
f 2464 2462 2465
f 2464 2465 2463
f 2463 2465 2466
f 2463 2466 2403
f 2403 2466 2405
f 2403 2405 2404
f 2404 2405 2407
f 2404 2407 2398
f 2398 2407 2467
f 2398 2467 2399
f 2468 2469 2470
f 2470 2469 2471
f 2470 2471 2472
f 2472 2471 2473
f 2472 2473 2474
f 2474 2473 2475
f 2474 2475 2476
f 2476 2475 2477
f 2476 2477 2478
f 2478 2477 2479
f 2478 2479 2480
f 2480 2479 2481
f 2480 2481 2482
f 2482 2481 2483
f 2482 2483 2484
f 2484 2483 2485
f 2484 2485 2486
f 2486 2485 2487
f 2486 2487 2488
f 2488 2487 2489
f 2488 2489 2490
f 2491 2468 2492
f 2492 2468 2470
f 2492 2470 2493
f 2493 2470 2472
f 2493 2472 2494
f 2494 2472 2474
f 2494 2474 2495
f 2495 2474 2476
f 2495 2476 2496
f 2496 2476 2478
f 2496 2478 2497
f 2497 2478 2480
f 2497 2480 2498
f 2498 2480 2482
f 2498 2482 2499
f 2499 2482 2484
f 2499 2484 2500
f 2500 2484 2486
f 2500 2486 2501
f 2501 2486 2488
f 2501 2488 2502
f 2502 2488 2490
f 2381 2386 2444
f 2444 2386 2503
f 2444 2503 2504
f 2504 2503 2505
f 2504 2505 2506
f 2382 2387 2386
f 2386 2387 2441
f 2386 2441 2503
f 2503 2441 2439
f 2503 2439 2505
f 2505 2439 2437
f 2505 2437 2506
f 2445 2507 2508
f 2508 2507 2509
f 2412 2491 2410
f 2410 2491 2492
f 2410 2492 2408
f 2408 2492 2493
f 2408 2493 2423
f 2423 2493 2494
f 2423 2494 2422
f 2422 2494 2495
f 2422 2495 2420
f 2420 2495 2496
f 2420 2496 2418
f 2418 2496 2497
f 2418 2497 2416
f 2416 2497 2498
f 2416 2498 2427
f 2427 2498 2499
f 2427 2499 2428
f 2428 2499 2500
f 2428 2500 2430
f 2430 2500 2501
f 2430 2501 2432
f 2432 2501 2502
f 2432 2502 2436
f 2436 2502 2490
f 2436 2490 2437
f 2437 2490 2489
f 2437 2489 2506
f 2361 2360 2384
f 2384 2360 2453
f 2384 2453 2460
f 2460 2453 2452
f 2460 2452 2510
f 2510 2452 2451
f 2510 2451 2511
f 2511 2451 2450
f 2511 2450 2512
f 2512 2450 2449
f 2512 2449 2513
f 2513 2449 2447
f 2513 2447 2509
f 2509 2447 2448
f 2509 2448 2508
f 2508 2448 2374
f 2508 2374 2445
f 2445 2374 2376
f 2445 2376 2377
f 2406 2405 2412
f 2412 2405 2466
f 2412 2466 2491
f 2491 2466 2465
f 2491 2465 2468
f 2468 2465 2462
f 2468 2462 2469
f 2469 2462 2461
f 2469 2461 2471
f 2471 2461 2457
f 2471 2457 2473
f 2473 2457 2456
f 2473 2456 2475
f 2475 2456 2459
f 2475 2459 2477
f 2477 2459 2460
f 2477 2460 2479
f 2479 2460 2510
f 2479 2510 2481
f 2481 2510 2511
f 2481 2511 2483
f 2483 2511 2512
f 2483 2512 2485
f 2485 2512 2513
f 2485 2513 2487
f 2487 2513 2509
f 2487 2509 2489
f 2489 2509 2507
f 2489 2507 2506
f 2506 2507 2445
f 2506 2445 2504
f 2504 2445 2446
f 2504 2446 2444
f 2444 2446 2379
f 2444 2379 2380
f 2514 2515 2516
f 2517 2518 2519
f 2520 1689 1688
f 2520 1688 2521
f 2522 2523 2524
f 2523 2522 2525
f 2526 2523 2527
f 2527 2523 2525
f 2527 2525 2528
f 2529 2530 2519
f 2519 2530 2531
f 2519 2531 2517
f 2532 2533 2534
f 2534 2533 2529
f 2534 2529 2535
f 2535 2529 2519
f 2536 2537 2532
f 2532 2537 2538
f 2532 2538 2533
f 2539 2540 2541
f 2541 2540 2542
f 2541 2542 2543
f 2543 2542 2536
f 2543 2536 2544
f 2544 2536 2532
f 2545 2546 2547
f 2547 2546 2548
f 2547 2548 2549
f 2547 2550 2545
f 2545 2550 2551
f 2545 2551 2552
f 2552 2551 2553
f 2552 2553 2554
f 2554 2553 2555
f 2555 2553 2556
f 2555 2556 2557
f 2400 2557 2401
f 2401 2557 2556
f 2401 2556 2402
f 1698 2397 1700
f 1700 2397 2558
f 2559 1703 2558
f 2558 1703 1701
f 2558 1701 1700
f 2560 1756 2559
f 2559 1756 1755
f 2559 1755 1703
f 2561 1758 2560
f 2560 1758 1757
f 2560 1757 1756
f 2562 1679 1678
f 1679 2562 1754
f 1754 2562 2563
f 1754 2563 1683
f 2564 1746 2565
f 2565 1746 1744
f 2565 1744 2563
f 2563 1744 1743
f 2563 1743 1683
f 1740 1741 2564
f 2564 1741 1747
f 2564 1747 1746
f 1735 1737 2566
f 2566 2567 1735
f 1735 2567 2568
f 1735 2568 1731
f 1731 2568 2569
f 1731 2569 1732
f 1732 2569 2570
f 1715 1714 2570
f 2570 1714 1727
f 2570 1727 1732
f 1719 1717 2571
f 2571 1717 2572
f 1688 1705 2521
f 2521 1705 1708
f 2521 1708 2573
f 2573 1708 1712
f 2573 1712 2574
f 2574 1712 1684
f 2574 1684 2575
f 2575 1684 1724
f 2575 1724 2576
f 2576 1724 1723
f 2576 1723 2571
f 2571 1723 1721
f 2571 1721 1719
f 2577 2520 2578
f 2578 2520 2521
f 2578 2521 2579
f 2579 2521 2573
f 2579 2573 2580
f 2580 2573 2574
f 2580 2574 2581
f 2581 2574 2575
f 2581 2575 2582
f 2582 2575 2576
f 2582 2576 2583
f 2583 2576 2571
f 2583 2571 2584
f 2584 2571 2572
f 2584 2572 2585
f 2586 2577 2587
f 2587 2577 2578
f 2587 2578 2588
f 2588 2578 2579
f 2588 2579 2589
f 2589 2579 2580
f 2589 2580 2590
f 2590 2580 2581
f 2590 2581 2591
f 2591 2581 2582
f 2591 2582 2592
f 2592 2582 2583
f 2592 2583 2593
f 2593 2583 2584
f 2593 2584 2594
f 2594 2584 2585
f 2594 2585 2595
f 2596 2597 2598
f 2598 2597 2599
f 2599 2597 2600
f 2599 2600 2601
f 2602 2603 2604
f 2605 2516 2603
f 2603 2516 2515
f 2603 2515 2604
f 2605 2603 2606
f 2606 2603 2602
f 2606 2602 2607
f 2517 2528 2518
f 2518 2528 2525
f 2518 2525 2608
f 2608 2525 2522
f 2608 2522 2609
f 2609 2522 2524
f 2609 2524 2610
f 2611 2612 2613
f 2613 2612 2614
f 2613 2614 2615
f 2615 2614 2616
f 2615 2616 2617
f 2617 2616 2618
f 2617 2618 2619
f 2619 2618 2620
f 2598 2621 2596
f 2596 2621 2622
f 2596 2622 2623
f 2623 2622 2624
f 2623 2624 2625
f 2625 2624 2626
f 2625 2626 2627
f 2627 2626 2628
f 2627 2628 2629
f 2629 2628 2630
f 2629 2630 2631
f 2631 2630 2632
f 2631 2632 2633
f 2633 2632 2634
f 2635 2620 2636
f 2636 2620 2618
f 2636 2618 2637
f 2637 2618 2616
f 2637 2616 2638
f 2638 2616 2614
f 2638 2614 2639
f 2639 2614 2612
f 2547 2635 2550
f 2550 2635 2636
f 2550 2636 2551
f 2551 2636 2637
f 2551 2637 2553
f 2553 2637 2638
f 2553 2638 2556
f 2556 2638 2639
f 2556 2639 2402
f 2402 2639 2612
f 2402 2612 2388
f 2388 2612 2611
f 2388 2611 2389
f 2610 2514 2609
f 2609 2514 2516
f 2609 2516 2608
f 2608 2516 2605
f 2608 2605 2518
f 2518 2605 2606
f 2518 2606 2519
f 2519 2606 2607
f 2519 2607 2535
f 2535 2607 2640
f 2535 2640 2534
f 2534 2640 2641
f 2534 2641 2532
f 2532 2641 2642
f 2532 2642 2544
f 2544 2642 2643
f 2544 2643 2543
f 2543 2643 2644
f 2543 2644 2541
f 2541 2644 2645
f 2541 2645 2539
f 2539 2645 2646
f 2604 2601 2602
f 2602 2601 2600
f 2602 2600 2607
f 2607 2600 2597
f 2607 2597 2640
f 2640 2597 2596
f 2640 2596 2641
f 2641 2596 2623
f 2641 2623 2642
f 2642 2623 2625
f 2642 2625 2643
f 2643 2625 2627
f 2643 2627 2644
f 2644 2627 2629
f 2644 2629 2645
f 2645 2629 2631
f 2645 2631 2646
f 2646 2631 2633
f 1717 1715 2572
f 2572 1715 2570
f 2572 2570 2585
f 2585 2570 2569
f 2585 2569 2595
f 2595 2569 2568
f 2595 2568 2647
f 2647 2568 2567
f 2647 2567 2648
f 2648 2567 2566
f 2648 2566 2649
f 2649 2566 2650
f 2649 2650 2651
f 2651 2650 2652
f 2651 2652 2653
f 1737 1740 2566
f 2566 1740 2564
f 2566 2564 2650
f 2650 2564 2565
f 2650 2565 2652
f 2652 2565 2563
f 2652 2563 2653
f 2653 2563 2562
f 2397 2389 2558
f 2558 2389 2611
f 2558 2611 2559
f 2559 2611 2613
f 2559 2613 2560
f 2560 2613 2615
f 2560 2615 2561
f 2561 2615 2617
f 2561 2617 2654
f 2654 2617 2619
f 2654 2619 2634
f 2634 2619 2620
f 2634 2620 2633
f 2633 2620 2635
f 2633 2635 2646
f 2646 2635 2547
f 2646 2547 2539
f 2539 2547 2549
f 2539 2549 2540
f 2610 2586 2514
f 2514 2586 2587
f 2514 2587 2515
f 2515 2587 2588
f 2515 2588 2604
f 2604 2588 2589
f 2604 2589 2601
f 2601 2589 2590
f 2601 2590 2599
f 2599 2590 2591
f 2599 2591 2598
f 2598 2591 2592
f 2598 2592 2621
f 2621 2592 2593
f 2621 2593 2622
f 2622 2593 2594
f 2622 2594 2624
f 2624 2594 2595
f 2624 2595 2626
f 2626 2595 2647
f 2626 2647 2628
f 2628 2647 2648
f 2628 2648 2630
f 2630 2648 2649
f 2630 2649 2632
f 2632 2649 2651
f 2632 2651 2634
f 2634 2651 2653
f 2634 2653 2654
f 2654 2653 2562
f 2654 2562 2561
f 2561 2562 1678
f 2561 1678 1758
f 2655 2656 2657
f 2658 2659 2660
f 2242 2241 2661
f 2252 2250 2662
f 2663 2664 2665
f 2663 2213 2229
f 2663 2665 2666
f 2666 2665 2667
f 2666 2667 2668
f 2668 2667 2669
f 2668 2669 2670
f 2670 2669 2671
f 2670 2671 2672
f 2673 2674 2675
f 2675 2674 2676
f 2675 2676 2677
f 2678 2679 2680
f 2680 2679 2681
f 2680 2681 2682
f 2682 2681 2683
f 2684 2685 2686
f 2686 2685 2687
f 2686 2687 2688
f 2688 2687 2689
f 2688 2689 2690
f 2690 2689 2691
f 2690 2691 2692
f 2692 2691 2693
f 2692 2693 2694
f 2694 2693 2695
f 2694 2695 2678
f 2678 2695 2696
f 2678 2696 2679
f 2697 2698 2699
f 2523 2526 2698
f 2656 2655 2697
f 2700 2524 2523
f 1689 2520 2284
f 2284 2520 2701
f 2284 2701 2702
f 2703 2278 2702
f 2702 2278 2280
f 2702 2280 2284
f 2704 2274 2703
f 2703 2274 2276
f 2703 2276 2278
f 2705 2210 2706
f 2706 2210 2265
f 2706 2265 2707
f 2707 2265 2264
f 2707 2264 2708
f 2708 2264 2268
f 2708 2268 2709
f 2709 2268 2270
f 2709 2270 2704
f 2704 2270 2271
f 2704 2271 2274
f 2710 2256 2711
f 2711 2256 2258
f 2711 2258 2259
f 2712 2246 2662
f 2662 2246 2253
f 2662 2253 2252
f 2240 2235 2713
f 2713 2235 2237
f 2713 2237 2712
f 2712 2237 2239
f 2712 2239 2246
f 2714 2243 2242
f 2233 2232 2715
f 2715 2232 2231
f 2716 2234 2233
f 2663 2229 2664
f 2664 2229 2228
f 2664 2228 2227
f 2717 2710 2718
f 2718 2710 2711
f 2718 2711 2719
f 2719 2711 2259
f 2520 2577 2701
f 2701 2577 2720
f 2701 2720 2702
f 2702 2720 2721
f 2702 2721 2703
f 2703 2721 2722
f 2703 2722 2704
f 2704 2722 2723
f 2704 2723 2709
f 2709 2723 2724
f 2709 2724 2708
f 2708 2724 2725
f 2708 2725 2707
f 2707 2725 2726
f 2707 2726 2706
f 2706 2726 2727
f 2706 2727 2705
f 2577 2586 2720
f 2720 2586 2728
f 2720 2728 2721
f 2721 2728 2729
f 2721 2729 2722
f 2722 2729 2730
f 2722 2730 2723
f 2723 2730 2731
f 2723 2731 2724
f 2724 2731 2732
f 2724 2732 2725
f 2725 2732 2733
f 2725 2733 2726
f 2726 2733 2734
f 2726 2734 2727
f 2727 2734 2735
f 2727 2735 2705
f 2705 2735 2736
f 2737 2738 2739
f 2739 2738 2740
f 2610 2524 2741
f 2741 2524 2700
f 2741 2700 2742
f 2698 2697 2523
f 2523 2697 2655
f 2523 2655 2700
f 2700 2655 2657
f 2700 2657 2742
f 2658 2660 2743
f 2743 2660 2744
f 2743 2744 2745
f 2684 2686 2699
f 2699 2686 2746
f 2699 2746 2697
f 2697 2746 2747
f 2697 2747 2656
f 2656 2747 2748
f 2656 2748 2657
f 2657 2748 2749
f 2657 2749 2742
f 2750 2751 2752
f 2752 2751 2753
f 2752 2753 2754
f 2754 2753 2755
f 2754 2755 2756
f 2756 2755 2757
f 2756 2757 2758
f 2758 2757 2759
f 2758 2759 2760
f 2760 2759 2761
f 2760 2761 2740
f 2740 2761 2762
f 2740 2762 2739
f 2682 2763 2680
f 2680 2763 2764
f 2680 2764 2678
f 2678 2764 2765
f 2678 2765 2694
f 2694 2765 2766
f 2694 2766 2692
f 2692 2766 2767
f 2692 2767 2690
f 2690 2767 2768
f 2690 2768 2688
f 2688 2768 2769
f 2688 2769 2686
f 2686 2769 2745
f 2686 2745 2746
f 2746 2745 2744
f 2746 2744 2747
f 2747 2744 2660
f 2747 2660 2748
f 2748 2660 2659
f 2748 2659 2749
f 2763 2750 2764
f 2764 2750 2752
f 2764 2752 2765
f 2765 2752 2754
f 2765 2754 2766
f 2766 2754 2756
f 2766 2756 2767
f 2767 2756 2758
f 2767 2758 2768
f 2768 2758 2760
f 2768 2760 2769
f 2769 2760 2740
f 2769 2740 2745
f 2745 2740 2738
f 2745 2738 2743
f 2743 2738 2737
f 2743 2737 2658
f 2233 2715 2716
f 2716 2715 2770
f 2716 2770 2771
f 2771 2770 2772
f 2771 2772 2773
f 2773 2772 2774
f 2773 2774 2775
f 2775 2774 2675
f 2775 2675 2776
f 2776 2675 2677
f 2776 2677 2777
f 2778 2672 2777
f 2777 2672 2671
f 2777 2671 2776
f 2776 2671 2669
f 2776 2669 2775
f 2775 2669 2667
f 2775 2667 2773
f 2773 2667 2665
f 2773 2665 2771
f 2771 2665 2664
f 2771 2664 2716
f 2716 2664 2227
f 2716 2227 2234
f 2779 2780 2714
f 2714 2780 2230
f 2714 2230 2243
f 2242 2661 2714
f 2714 2661 2781
f 2714 2781 2779
f 2673 2782 2783
f 2783 2782 2784
f 2783 2784 2785
f 2785 2784 2786
f 2785 2786 2787
f 2787 2786 2779
f 2787 2779 2788
f 2788 2779 2781
f 2788 2781 2789
f 2789 2781 2661
f 2789 2661 2790
f 2790 2661 2791
f 2790 2791 2792
f 2792 2791 2793
f 2792 2793 2794
f 2794 2793 2717
f 2794 2717 2795
f 2795 2717 2718
f 2795 2718 2736
f 2736 2718 2719
f 2736 2719 2705
f 2705 2719 2259
f 2705 2259 2210
f 2241 2240 2661
f 2661 2240 2713
f 2661 2713 2791
f 2791 2713 2712
f 2791 2712 2793
f 2793 2712 2662
f 2793 2662 2717
f 2717 2662 2250
f 2717 2250 2710
f 2710 2250 2249
f 2710 2249 2256
f 2673 2675 2782
f 2782 2675 2774
f 2782 2774 2784
f 2784 2774 2772
f 2784 2772 2786
f 2786 2772 2770
f 2786 2770 2779
f 2779 2770 2715
f 2779 2715 2780
f 2780 2715 2231
f 2780 2231 2230
f 2586 2610 2728
f 2728 2610 2741
f 2728 2741 2729
f 2729 2741 2742
f 2729 2742 2730
f 2730 2742 2749
f 2730 2749 2731
f 2731 2749 2659
f 2731 2659 2732
f 2732 2659 2658
f 2732 2658 2733
f 2733 2658 2737
f 2733 2737 2734
f 2734 2737 2739
f 2734 2739 2735
f 2735 2739 2762
f 2735 2762 2736
f 2736 2762 2761
f 2736 2761 2795
f 2795 2761 2759
f 2795 2759 2794
f 2794 2759 2757
f 2794 2757 2792
f 2792 2757 2755
f 2792 2755 2790
f 2790 2755 2753
f 2790 2753 2789
f 2789 2753 2751
f 2789 2751 2788
f 2788 2751 2750
f 2788 2750 2787
f 2787 2750 2763
f 2787 2763 2785
f 2785 2763 2682
f 2785 2682 2783
f 2783 2682 2683
f 2783 2683 2673
f 2796 2797 2798
f 2799 2800 2801
f 2223 2222 2802
f 2663 2666 2803
f 2804 2805 2806
f 2807 2808 2809
f 2341 2810 2811
f 2344 2343 2801
f 2347 2812 2346
f 2346 2812 2813
f 2346 2813 2345
f 2345 2813 2814
f 2345 2814 2342
f 2341 2811 2338
f 2338 2811 2815
f 2338 2815 2339
f 2328 2327 2816
f 2816 2327 2336
f 2816 2336 2817
f 2817 2336 2335
f 2817 2335 2818
f 2818 2335 2334
f 2818 2334 2819
f 2819 2334 2337
f 2819 2337 2815
f 2815 2337 2340
f 2815 2340 2339
f 2331 2330 2796
f 2796 2330 2323
f 2796 2323 2797
f 2797 2323 2329
f 2797 2329 2798
f 2442 2820 2440
f 2440 2820 2821
f 2440 2821 2438
f 2822 2435 2436
f 2823 2434 2822
f 2822 2434 2435
f 2807 2809 2824
f 2804 2806 2825
f 2825 2806 2826
f 2825 2826 2827
f 2827 2826 2828
f 2827 2828 2829
f 2829 2828 2830
f 2830 2828 2831
f 2830 2831 2832
f 2832 2831 2833
f 2832 2833 2834
f 2834 2833 2835
f 2834 2835 2836
f 2836 2835 2837
f 2836 2837 2838
f 2838 2837 2839
f 2838 2839 2840
f 2668 2670 2841
f 2841 2670 2672
f 2840 2839 2842
f 2842 2839 2843
f 2842 2843 2844
f 2844 2843 2841
f 2844 2841 2845
f 2845 2841 2672
f 2845 2672 2778
f 2213 2663 2225
f 2225 2663 2803
f 2225 2803 2224
f 2224 2803 2221
f 2220 2846 2215
f 2215 2846 2847
f 2215 2847 2216
f 2216 2847 2848
f 2216 2848 2348
f 2849 2850 2851
f 2347 2849 2812
f 2812 2849 2851
f 2812 2851 2813
f 2813 2851 2799
f 2813 2799 2814
f 2814 2799 2801
f 2814 2801 2342
f 2342 2801 2343
f 2852 2853 2854
f 2220 2855 2846
f 2846 2855 2856
f 2846 2856 2847
f 2847 2856 2850
f 2847 2850 2848
f 2848 2850 2849
f 2848 2849 2348
f 2348 2849 2347
f 2666 2857 2803
f 2803 2857 2802
f 2803 2802 2221
f 2221 2802 2222
f 2853 2852 2858
f 2808 2859 2809
f 2809 2859 2860
f 2809 2860 2861
f 2861 2860 2862
f 2861 2862 2863
f 2858 2864 2853
f 2853 2864 2865
f 2853 2865 2854
f 2854 2865 2866
f 2854 2866 2867
f 2867 2866 2868
f 2867 2868 2869
f 2869 2868 2870
f 2869 2870 2871
f 2871 2870 2872
f 2871 2872 2873
f 2873 2872 2874
f 2873 2874 2875
f 2875 2874 2876
f 2875 2876 2877
f 2877 2876 2878
f 2877 2878 2879
f 2879 2878 2880
f 2879 2880 2881
f 2881 2880 2882
f 2881 2882 2883
f 2883 2882 2884
f 2883 2884 2885
f 2438 2863 2436
f 2436 2863 2862
f 2436 2862 2822
f 2822 2862 2860
f 2822 2860 2823
f 2823 2860 2859
f 2438 2821 2863
f 2863 2821 2886
f 2863 2886 2861
f 2861 2886 2887
f 2861 2887 2809
f 2809 2887 2888
f 2809 2888 2824
f 2666 2668 2857
f 2857 2668 2841
f 2857 2841 2889
f 2889 2841 2843
f 2889 2843 2890
f 2890 2843 2839
f 2890 2839 2891
f 2891 2839 2837
f 2891 2837 2892
f 2892 2837 2835
f 2892 2835 2893
f 2893 2835 2833
f 2893 2833 2894
f 2894 2833 2831
f 2894 2831 2895
f 2895 2831 2828
f 2895 2828 2896
f 2896 2828 2826
f 2896 2826 2897
f 2897 2826 2806
f 2897 2806 2898
f 2898 2806 2805
f 2898 2805 2899
f 2219 2223 2852
f 2852 2223 2802
f 2852 2802 2858
f 2858 2802 2857
f 2858 2857 2864
f 2864 2857 2889
f 2864 2889 2865
f 2865 2889 2890
f 2865 2890 2866
f 2866 2890 2891
f 2866 2891 2868
f 2868 2891 2892
f 2868 2892 2870
f 2870 2892 2893
f 2870 2893 2872
f 2872 2893 2894
f 2872 2894 2874
f 2874 2894 2895
f 2874 2895 2876
f 2876 2895 2896
f 2876 2896 2878
f 2878 2896 2897
f 2878 2897 2880
f 2880 2897 2898
f 2880 2898 2882
f 2882 2898 2899
f 2882 2899 2884
f 2333 2332 2900
f 2900 2332 2901
f 2900 2901 2902
f 2902 2901 2903
f 2902 2903 2904
f 2904 2903 2905
f 2332 2331 2901
f 2901 2331 2796
f 2901 2796 2903
f 2903 2796 2798
f 2903 2798 2905
f 2905 2798 2906
f 2804 2824 2805
f 2805 2824 2888
f 2805 2888 2899
f 2899 2888 2887
f 2899 2887 2884
f 2884 2887 2886
f 2884 2886 2885
f 2885 2886 2821
f 2885 2821 2907
f 2907 2821 2820
f 2907 2820 2908
f 2908 2820 2442
f 2908 2442 2443
f 2329 2328 2798
f 2798 2328 2816
f 2798 2816 2906
f 2906 2816 2817
f 2906 2817 2909
f 2909 2817 2818
f 2909 2818 2910
f 2910 2818 2819
f 2910 2819 2911
f 2911 2819 2815
f 2911 2815 2912
f 2912 2815 2811
f 2912 2811 2800
f 2800 2811 2810
f 2800 2810 2801
f 2801 2810 2341
f 2801 2341 2344
f 2220 2219 2855
f 2855 2219 2852
f 2855 2852 2856
f 2856 2852 2854
f 2856 2854 2850
f 2850 2854 2867
f 2850 2867 2851
f 2851 2867 2869
f 2851 2869 2799
f 2799 2869 2871
f 2799 2871 2800
f 2800 2871 2873
f 2800 2873 2912
f 2912 2873 2875
f 2912 2875 2911
f 2911 2875 2877
f 2911 2877 2910
f 2910 2877 2879
f 2910 2879 2909
f 2909 2879 2881
f 2909 2881 2906
f 2906 2881 2883
f 2906 2883 2905
f 2905 2883 2885
f 2905 2885 2904
f 2904 2885 2907
f 2904 2907 2902
f 2902 2907 2908
f 2902 2908 2900
f 2900 2908 2443
f 2900 2443 2333
f 2778 2777 2555
f 2415 2414 2845
f 2808 2807 2845
f 2674 2546 2545
f 2808 2845 2859
f 2777 2677 2555
f 2555 2677 2676
f 2555 2676 2674
f 2415 2845 2409
f 2674 2528 2517
f 2545 2552 2674
f 2674 2552 2554
f 2674 2554 2555
f 2414 2413 2845
f 2845 2413 2421
f 2845 2421 2419
f 2845 2425 2424
f 2832 2842 2830
f 2830 2842 2844
f 2830 2844 2845
f 2687 2685 2674
f 2778 2555 2845
f 2845 2555 2557
f 2845 2557 2400
f 2400 2399 2845
f 2845 2399 2467
f 2845 2467 2407
f 2419 2417 2845
f 2845 2417 2426
f 2845 2426 2425
f 2807 2824 2845
f 2845 2824 2804
f 2845 2804 2825
f 2685 2684 2674
f 2674 2684 2699
f 2674 2699 2698
f 2517 2531 2674
f 2674 2531 2530
f 2674 2530 2529
f 2407 2406 2845
f 2845 2406 2411
f 2845 2411 2409
f 2424 2429 2845
f 2845 2429 2431
f 2845 2431 2433
f 2825 2827 2845
f 2845 2827 2829
f 2845 2829 2830
f 2832 2834 2842
f 2842 2834 2836
f 2842 2836 2840
f 2840 2836 2838
f 2679 2674 2681
f 2681 2674 2673
f 2681 2673 2683
f 2679 2696 2674
f 2674 2696 2695
f 2674 2695 2693
f 2698 2526 2674
f 2674 2526 2527
f 2674 2527 2528
f 2529 2533 2674
f 2674 2533 2538
f 2674 2538 2537
f 2433 2434 2845
f 2845 2434 2823
f 2845 2823 2859
f 2693 2691 2674
f 2674 2691 2689
f 2674 2689 2687
f 2537 2536 2674
f 2674 2536 2542
f 2674 2542 2540
f 2540 2549 2674
f 2674 2549 2548
f 2674 2548 2546
f 2913 1768 2914
f 2914 1768 1849
f 2914 1849 2915
f 2915 1849 1848
f 2915 1848 2916
f 1848 1749 2916
f 2916 1749 1751
f 2916 1751 2917
f 2918 1745 2919
f 2919 1745 1739
f 2919 1739 2920
f 2920 1739 1738
f 2920 1738 2921
f 2922 2247 2923
f 2923 2247 2248
f 2923 2248 2924
f 2924 2248 2238
f 2924 2238 2925
f 2926 2161 2927
f 2927 2161 2167
f 2927 2167 2928
f 2928 2167 2166
f 2928 2166 2929
f 2930 1855 2931
f 2931 1855 1854
f 2931 1854 2932
f 2932 1854 1853
f 2932 1853 2913
f 2913 1853 1769
f 2913 1769 1768
f 1751 1752 2917
f 2917 1752 1753
f 2917 1753 2933
f 2933 1753 1682
f 2933 1682 2934
f 2934 1682 1681
f 2934 1681 2918
f 2918 1681 1748
f 2918 1748 1745
f 2935 1720 2936
f 2936 1720 1722
f 2936 1722 2937
f 2937 1722 1686
f 2937 1686 2938
f 2939 2141 2940
f 2940 2141 2126
f 2940 2126 2941
f 2941 2126 2125
f 2941 2125 2926
f 2926 2125 2162
f 2926 2162 2161
f 2942 2115 2943
f 2943 2115 2176
f 2943 2176 2944
f 2944 2176 2175
f 2944 2175 2945
f 1738 1742 2921
f 2921 1742 1736
f 2921 1736 2946
f 2946 1736 1734
f 2946 1734 2947
f 2947 1734 1733
f 2947 1733 2948
f 2948 1733 1730
f 2948 1730 2949
f 2949 1730 1729
f 2949 1729 2950
f 1729 1728 2950
f 2950 1728 1726
f 2950 1726 2951
f 2951 1726 1725
f 2951 1725 2952
f 2952 1725 1716
f 2952 1716 2935
f 2935 1716 1718
f 2935 1718 1720
f 2238 2236 2925
f 2925 2236 2244
f 2925 2244 2953
f 2953 2244 2288
f 2953 2288 2954
f 2954 2288 2287
f 2954 2287 2955
f 2287 2144 2955
f 2955 2144 2143
f 2955 2143 2939
f 2939 2143 2142
f 2939 2142 2141
f 2166 2164 2929
f 2929 2164 2163
f 2929 2163 2956
f 2956 2163 2124
f 2956 2124 2957
f 2957 2124 2170
f 2957 2170 2958
f 2958 2170 2169
f 2958 2169 2959
f 2959 2169 2168
f 2959 2168 2960
f 2168 2119 2960
f 2960 2119 2118
f 2960 2118 2961
f 2961 2118 2173
f 2961 2173 2962
f 2962 2173 2172
f 2962 2172 2942
f 2942 2172 2116
f 2942 2116 2115
f 2963 1709 2964
f 2964 1709 1707
f 2964 1707 2965
f 2965 1707 1706
f 2965 1706 2966
f 2967 2283 2968
f 2968 2283 2282
f 2968 2282 2969
f 2969 2282 2281
f 2969 2281 2970
f 2971 2262 2972
f 2972 2262 2261
f 2972 2261 2973
f 2973 2261 2260
f 2973 2260 2974
f 2975 2180 2976
f 2976 2180 2177
f 2976 2177 2977
f 2977 2177 2145
f 2977 2145 2978
f 2979 1814 2980
f 2980 1814 1763
f 2980 1763 2981
f 2981 1763 1762
f 2981 1762 2982
f 2983 1864 2984
f 2984 1864 1863
f 2984 1863 2985
f 2985 1863 1862
f 2985 1862 2986
f 1686 1685 2938
f 2938 1685 1687
f 2938 1687 2987
f 2987 1687 1713
f 2987 1713 2988
f 2988 1713 1711
f 2988 1711 2963
f 2963 1711 1710
f 2963 1710 1709
f 1706 1690 2966
f 2966 1690 2286
f 2966 2286 2967
f 2967 2286 2285
f 2967 2285 2283
f 2281 2279 2970
f 2970 2279 2277
f 2970 2277 2989
f 2989 2277 2275
f 2989 2275 2990
f 2990 2275 2273
f 2990 2273 2991
f 2273 2272 2991
f 2991 2272 2269
f 2991 2269 2992
f 2992 2269 2267
f 2992 2267 2993
f 2993 2267 2266
f 2993 2266 2994
f 2994 2266 2263
f 2994 2263 2995
f 2995 2263 2212
f 2995 2212 2971
f 2971 2212 2211
f 2971 2211 2262
f 2260 2257 2974
f 2974 2257 2255
f 2974 2255 2996
f 2996 2255 2254
f 2996 2254 2997
f 2997 2254 2251
f 2997 2251 2922
f 2922 2251 2245
f 2922 2245 2247
f 2175 2113 2945
f 2945 2113 2112
f 2945 2112 2998
f 2998 2112 2184
f 2998 2184 2999
f 2999 2184 2183
f 2999 2183 2975
f 2975 2183 2181
f 2975 2181 2180
f 2145 1817 2978
f 2978 1817 1816
f 2978 1816 2979
f 2979 1816 1815
f 2979 1815 1814
f 1762 1877 2982
f 2982 1877 1876
f 2982 1876 3000
f 3000 1876 1875
f 3000 1875 3001
f 3001 1875 1874
f 3001 1874 3002
f 1874 1872 3002
f 3002 1872 1871
f 3002 1871 3003
f 3003 1871 1870
f 3003 1870 3004
f 3004 1870 1869
f 3004 1869 3005
f 3005 1869 1867
f 3005 1867 3006
f 3006 1867 1866
f 3006 1866 2983
f 2983 1866 1865
f 2983 1865 1864
f 1862 1766 2986
f 2986 1766 1765
f 2986 1765 3007
f 3007 1765 1858
f 3007 1858 3008
f 3008 1858 1857
f 3008 1857 2930
f 2930 1857 1856
f 2930 1856 1855
f 2916 2917 3009
f 3009 2917 2933
f 3009 2933 3010
f 2919 3011 2918
f 2918 3011 3010
f 2918 3010 2934
f 2934 3010 2933
f 2946 3012 2921
f 2921 3012 3011
f 2921 3011 2920
f 2920 3011 2919
f 2949 3013 2948
f 2948 3013 3012
f 2948 3012 2947
f 2947 3012 2946
f 2952 3014 2951
f 2951 3014 3013
f 2951 3013 2950
f 2950 3013 2949
f 2937 3015 2936
f 2936 3015 3014
f 2936 3014 2935
f 2935 3014 2952
f 2988 3016 2987
f 2987 3016 3015
f 2987 3015 2938
f 2938 3015 2937
f 2965 3017 2964
f 2964 3017 3016
f 2964 3016 2963
f 2963 3016 2988
f 2968 3018 2967
f 2967 3018 3017
f 2967 3017 2966
f 2966 3017 2965
f 2989 3019 2970
f 2970 3019 3018
f 2970 3018 2969
f 2969 3018 2968
f 2992 3020 2991
f 2991 3020 3019
f 2991 3019 2990
f 2990 3019 2989
f 2995 3021 2994
f 2994 3021 3020
f 2994 3020 2993
f 2993 3020 2992
f 2973 3022 2972
f 2972 3022 3021
f 2972 3021 2971
f 2971 3021 2995
f 2997 3023 2996
f 2996 3023 3022
f 2996 3022 2974
f 2974 3022 2973
f 2924 3024 2923
f 2923 3024 3023
f 2923 3023 2922
f 2922 3023 2997
f 2924 2925 3024
f 3024 2925 2953
f 3024 2953 3025
f 3025 2953 2954
f 3025 2954 2955
f 2940 2941 3026
f 2940 3026 2939
f 2939 3026 3025
f 2939 3025 2955
f 2928 3027 2927
f 2927 3027 3026
f 2927 3026 2926
f 2926 3026 2941
f 2957 3028 2956
f 2956 3028 3027
f 2956 3027 2929
f 2929 3027 2928
f 2960 3029 2959
f 2959 3029 3028
f 2959 3028 2958
f 2958 3028 2957
f 2942 3030 2962
f 2962 3030 3029
f 2962 3029 2961
f 2961 3029 2960
f 2945 3031 2944
f 2944 3031 3030
f 2944 3030 2943
f 2943 3030 2942
f 2975 3032 2999
f 2999 3032 3031
f 2999 3031 2998
f 2998 3031 2945
f 2978 3033 2977
f 2977 3033 3032
f 2977 3032 2976
f 2976 3032 2975
f 2981 3034 2980
f 2980 3034 3033
f 2980 3033 2979
f 2979 3033 2978
f 3001 3035 3000
f 3000 3035 3034
f 3000 3034 2982
f 2982 3034 2981
f 3004 3036 3003
f 3003 3036 3035
f 3003 3035 3002
f 3002 3035 3001
f 2983 3037 3006
f 3006 3037 3036
f 3006 3036 3005
f 3005 3036 3004
f 2986 3038 2985
f 2985 3038 3037
f 2985 3037 2984
f 2984 3037 2983
f 2930 3039 3008
f 3008 3039 3038
f 3008 3038 3007
f 3007 3038 2986
f 2913 3040 2932
f 2932 3040 3039
f 2932 3039 2931
f 2931 3039 2930
f 2916 3009 2915
f 2915 3009 3040
f 2915 3040 2914
f 2914 3040 2913
f 3041 3017 3042
f 3042 3017 3018
f 3042 3018 3043
f 3043 3018 3019
f 3043 3019 3044
f 3044 3019 3020
f 3044 3020 3045
f 3046 3012 3047
f 3047 3012 3013
f 3047 3013 3048
f 3048 3013 3014
f 3048 3014 3049
f 3049 3014 3015
f 3049 3015 3041
f 3041 3015 3016
f 3041 3016 3017
f 3050 3038 3051
f 3051 3038 3039
f 3051 3039 3052
f 3052 3039 3040
f 3052 3040 3053
f 3053 3040 3009
f 3053 3009 3054
f 3054 3009 3010
f 3054 3010 3046
f 3046 3010 3011
f 3046 3011 3012
f 3055 3028 3056
f 3056 3028 3029
f 3056 3029 3057
f 3057 3029 3030
f 3057 3030 3058
f 3058 3030 3031
f 3058 3031 3059
f 3020 3021 3045
f 3045 3021 3022
f 3045 3022 3060
f 3060 3022 3023
f 3060 3023 3061
f 3061 3023 3024
f 3061 3024 3062
f 3062 3024 3025
f 3062 3025 3063
f 3063 3025 3026
f 3063 3026 3055
f 3055 3026 3027
f 3055 3027 3028
f 3031 3032 3059
f 3059 3032 3033
f 3059 3033 3064
f 3064 3033 3034
f 3064 3034 3065
f 3065 3034 3035
f 3065 3035 3066
f 3066 3035 3036
f 3066 3036 3050
f 3050 3036 3037
f 3050 3037 3038
f 3067 3062 3068
f 3068 3062 3063
f 3068 3063 3069
f 3069 3063 3055
f 3069 3055 3070
f 3070 3055 3056
f 3070 3056 3071
f 3071 3056 3057
f 3071 3057 3072
f 3072 3057 3058
f 3072 3058 3073
f 3073 3058 3059
f 3073 3059 3074
f 3074 3059 3064
f 3074 3064 3075
f 3075 3064 3065
f 3075 3065 3076
f 3076 3065 3066
f 3076 3066 3077
f 3077 3066 3050
f 3077 3050 3078
f 3078 3050 3051
f 3078 3051 3079
f 3079 3051 3052
f 3079 3052 3080
f 3080 3052 3053
f 3080 3053 3081
f 3081 3053 3054
f 3081 3054 3082
f 3082 3054 3046
f 3082 3046 3083
f 3083 3046 3047
f 3083 3047 3084
f 3084 3047 3048
f 3084 3048 3085
f 3085 3048 3049
f 3085 3049 3086
f 3086 3049 3041
f 3086 3041 3087
f 3087 3041 3042
f 3087 3042 3088
f 3088 3042 3043
f 3088 3043 3089
f 3089 3043 3044
f 3089 3044 3090
f 3090 3044 3045
f 3090 3045 3091
f 3091 3045 3060
f 3091 3060 3092
f 3092 3060 3061
f 3092 3061 3067
f 3067 3061 3062
f 3082 3089 3081
f 3081 3089 3090
f 3081 3090 3091
f 3091 3092 3081
f 3081 3092 3067
f 3081 3067 3080
f 3080 3067 3079
f 3079 3067 3068
f 3079 3068 3069
f 3077 3071 3076
f 3076 3071 3072
f 3072 3073 3076
f 3076 3073 3074
f 3076 3074 3075
f 3069 3070 3079
f 3079 3070 3071
f 3079 3071 3078
f 3078 3071 3077
f 3082 3083 3089
f 3089 3083 3084
f 3089 3084 3085
f 3085 3086 3089
f 3089 3086 3087
f 3089 3087 3088
f 3093 3094 3095
f 3096 2008 3097
f 3097 2008 2006
f 3097 2006 3098
f 3098 2006 2004
f 3098 2004 3099
f 3099 2004 2002
f 3099 2002 3100
f 1953 1951 3096
f 3096 1951 2009
f 3096 2009 2008
f 3096 3101 1953
f 1953 3101 3102
f 1953 3102 1955
f 1955 3102 3103
f 1955 3103 1957
f 1957 3103 1958
f 1958 3103 3104
f 1958 3104 1960
f 1960 3104 3105
f 1960 3105 1962
f 1962 3105 3106
f 1962 3106 2010
f 2010 3106 2011
f 2011 3106 3107
f 2011 3107 2013
f 2013 3107 3108
f 2013 3108 2015
f 2015 3108 3109
f 2015 3109 2017
f 2017 3109 3110
f 2017 3110 2019
f 2019 3110 3111
f 2019 3111 2021
f 3112 3113 3114
f 3115 3116 3117
f 3118 3119 3120
f 3120 3119 3115
f 3120 3115 3121
f 3121 3115 3117
f 3121 3117 3112
f 3122 3123 3118
f 3118 3123 3124
f 3118 3124 3119
f 3125 3126 3127
f 3127 3126 3122
f 3127 3122 3128
f 3128 3122 3118
f 3129 3130 3125
f 3125 3130 3131
f 3125 3131 3126
f 3132 3133 3134
f 3134 3133 3129
f 3134 3129 3135
f 3135 3129 3125
f 3136 3137 3132
f 3132 3137 3138
f 3132 3138 3133
f 3132 3139 3136
f 3136 3139 3140
f 3136 3140 3141
f 3141 3140 3142
f 3141 3142 3143
f 3143 3142 3093
f 3143 3093 3144
f 3144 3093 3095
f 3144 3095 3145
f 3113 3111 3114
f 3114 3111 3110
f 3114 3110 3146
f 3146 3110 3109
f 3146 3109 3147
f 3147 3109 3108
f 3147 3108 3148
f 3148 3108 3107
f 3148 3107 3149
f 3149 3107 3106
f 3149 3106 3150
f 3150 3106 3105
f 3150 3105 3151
f 3151 3105 3104
f 3151 3104 3152
f 3152 3104 3103
f 3152 3103 3153
f 3153 3103 3102
f 3153 3102 3154
f 3154 3102 3101
f 3154 3101 3155
f 3155 3101 3096
f 3155 3096 3156
f 3156 3096 3097
f 3156 3097 3157
f 3157 3097 3098
f 3157 3098 3158
f 3158 3098 3099
f 3158 3099 3159
f 3159 3099 3100
f 3112 3114 3121
f 3121 3114 3146
f 3121 3146 3120
f 3120 3146 3147
f 3120 3147 3118
f 3118 3147 3148
f 3118 3148 3128
f 3128 3148 3149
f 3128 3149 3127
f 3127 3149 3150
f 3127 3150 3125
f 3125 3150 3151
f 3125 3151 3135
f 3135 3151 3152
f 3135 3152 3134
f 3134 3152 3153
f 3134 3153 3132
f 3132 3153 3154
f 3132 3154 3139
f 3139 3154 3155
f 3139 3155 3140
f 3140 3155 3156
f 3140 3156 3142
f 3142 3156 3157
f 3142 3157 3093
f 3093 3157 3158
f 3093 3158 3094
f 3094 3158 3159
f 3094 3159 3160
f 3160 3159 3100
f 3160 3100 3161
f 3161 3100 2002
f 3161 2002 2000
f 3162 3163 3164
f 1978 1977 3165
f 3166 1981 3167
f 3167 1981 1980
f 3167 1980 3168
f 3168 1980 1979
f 3168 1979 3169
f 3169 1979 1978
f 3169 1978 3170
f 1941 1940 3166
f 3166 1940 1982
f 3166 1982 1981
f 3166 3171 1941
f 1941 3171 3172
f 1941 3172 1942
f 1942 3172 3173
f 1942 3173 1943
f 1943 3173 1944
f 1944 3173 3174
f 1944 3174 1945
f 1945 3174 3175
f 1945 3175 1946
f 1946 3175 3176
f 1946 3176 1994
f 1994 3176 1995
f 1995 3176 3177
f 1995 3177 1996
f 1996 3177 3178
f 1996 3178 1997
f 1997 3178 3179
f 1997 3179 1998
f 1998 3179 3180
f 1998 3180 1999
f 1999 3180 3161
f 1999 3161 2000
f 3181 3145 3095
f 3182 3183 3184
f 3184 3183 3181
f 3184 3181 3185
f 3185 3181 3095
f 3185 3095 3094
f 3186 3187 3182
f 3182 3187 3188
f 3182 3188 3183
f 3189 3190 3191
f 3191 3190 3186
f 3191 3186 3192
f 3192 3186 3182
f 3193 3194 3189
f 3189 3194 3195
f 3189 3195 3190
f 3196 3197 3198
f 3198 3197 3193
f 3198 3193 3199
f 3199 3193 3189
f 3200 3201 3196
f 3196 3201 3202
f 3196 3202 3197
f 3196 3203 3200
f 3200 3203 3204
f 3200 3204 3205
f 3205 3204 3206
f 3205 3206 3207
f 3207 3206 3162
f 3207 3162 3208
f 3208 3162 3164
f 3208 3164 3209
f 3170 3210 3169
f 3169 3210 3211
f 3169 3211 3168
f 3168 3211 3212
f 3168 3212 3167
f 3167 3212 3213
f 3167 3213 3166
f 3166 3213 3214
f 3166 3214 3171
f 3171 3214 3215
f 3171 3215 3172
f 3172 3215 3216
f 3172 3216 3173
f 3173 3216 3217
f 3173 3217 3174
f 3174 3217 3218
f 3174 3218 3175
f 3175 3218 3219
f 3175 3219 3176
f 3176 3219 3220
f 3176 3220 3177
f 3177 3220 3221
f 3177 3221 3178
f 3178 3221 3222
f 3178 3222 3179
f 3179 3222 3223
f 3179 3223 3180
f 3180 3223 3224
f 3180 3224 3161
f 3161 3224 3160
f 1978 3165 3170
f 3170 3165 3225
f 3170 3225 3210
f 3210 3225 3163
f 3210 3163 3211
f 3211 3163 3162
f 3211 3162 3212
f 3212 3162 3206
f 3212 3206 3213
f 3213 3206 3204
f 3213 3204 3214
f 3214 3204 3203
f 3214 3203 3215
f 3215 3203 3196
f 3215 3196 3216
f 3216 3196 3198
f 3216 3198 3217
f 3217 3198 3199
f 3217 3199 3218
f 3218 3199 3189
f 3218 3189 3219
f 3219 3189 3191
f 3219 3191 3220
f 3220 3191 3192
f 3220 3192 3221
f 3221 3192 3182
f 3221 3182 3222
f 3222 3182 3184
f 3222 3184 3223
f 3223 3184 3185
f 3223 3185 3224
f 3224 3185 3094
f 3224 3094 3160
f 3226 3227 3228
f 3229 2045 3230
f 3230 2045 2044
f 3230 2044 3231
f 3231 2044 2043
f 3231 2043 3232
f 3232 2043 2042
f 3232 2042 3233
f 1991 1990 3229
f 3229 1990 2046
f 3229 2046 2045
f 3229 3234 1991
f 1991 3234 3235
f 1991 3235 1992
f 1992 3235 3236
f 1992 3236 1993
f 1993 3236 1947
f 1947 3236 3237
f 1947 3237 1948
f 1948 3237 3238
f 1948 3238 1949
f 1949 3238 3239
f 1949 3239 1971
f 1971 3239 1972
f 1972 3239 3240
f 1972 3240 1973
f 1973 3240 3241
f 1973 3241 1974
f 1974 3241 3242
f 1974 3242 1975
f 1975 3242 3243
f 1975 3243 1976
f 1976 3243 3165
f 1976 3165 1977
f 3163 3225 3244
f 3245 3209 3164
f 3246 3247 3248
f 3248 3247 3245
f 3248 3245 3249
f 3249 3245 3164
f 3249 3164 3163
f 3250 3251 3246
f 3246 3251 3252
f 3246 3252 3247
f 3253 3254 3255
f 3255 3254 3250
f 3255 3250 3256
f 3256 3250 3246
f 3257 3258 3253
f 3253 3258 3259
f 3253 3259 3254
f 3260 3261 3262
f 3262 3261 3257
f 3262 3257 3263
f 3263 3257 3253
f 3264 3265 3260
f 3260 3265 3266
f 3260 3266 3261
f 3260 3267 3264
f 3264 3267 3268
f 3264 3268 3269
f 3269 3268 3270
f 3269 3270 3271
f 3271 3270 3226
f 3271 3226 3272
f 3272 3226 3228
f 3272 3228 3273
f 3225 3165 3244
f 3244 3165 3243
f 3244 3243 3274
f 3274 3243 3242
f 3274 3242 3275
f 3275 3242 3241
f 3275 3241 3276
f 3276 3241 3240
f 3276 3240 3277
f 3277 3240 3239
f 3277 3239 3278
f 3278 3239 3238
f 3278 3238 3279
f 3279 3238 3237
f 3279 3237 3280
f 3280 3237 3236
f 3280 3236 3281
f 3281 3236 3235
f 3281 3235 3282
f 3282 3235 3234
f 3282 3234 3283
f 3283 3234 3229
f 3283 3229 3284
f 3284 3229 3230
f 3284 3230 3285
f 3285 3230 3231
f 3285 3231 3286
f 3286 3231 3232
f 3286 3232 3287
f 3287 3232 3233
f 3163 3244 3249
f 3249 3244 3274
f 3249 3274 3248
f 3248 3274 3275
f 3248 3275 3246
f 3246 3275 3276
f 3246 3276 3256
f 3256 3276 3277
f 3256 3277 3255
f 3255 3277 3278
f 3255 3278 3253
f 3253 3278 3279
f 3253 3279 3263
f 3263 3279 3280
f 3263 3280 3262
f 3262 3280 3281
f 3262 3281 3260
f 3260 3281 3282
f 3260 3282 3267
f 3267 3282 3283
f 3267 3283 3268
f 3268 3283 3284
f 3268 3284 3270
f 3270 3284 3285
f 3270 3285 3226
f 3226 3285 3286
f 3226 3286 3227
f 3227 3286 3287
f 3227 3287 3288
f 3288 3287 3233
f 3288 3233 3289
f 3289 3233 2042
f 3289 2042 2041
f 3290 3112 3117
f 2023 2021 3111
f 3291 2029 3292
f 3292 2029 2027
f 3292 2027 3293
f 3293 2027 2025
f 3293 2025 3294
f 3294 2025 2023
f 3294 2023 3295
f 1986 1984 3291
f 3291 1984 2030
f 3291 2030 2029
f 3291 3296 1986
f 1986 3296 3297
f 1986 3297 1988
f 1988 3297 3298
f 1988 3298 1989
f 1989 3298 1965
f 1965 3298 3299
f 1965 3299 1967
f 1967 3299 3300
f 1967 3300 1969
f 1969 3300 3301
f 1969 3301 2031
f 2031 3301 2032
f 2032 3301 3302
f 2032 3302 2034
f 2034 3302 3303
f 2034 3303 2036
f 2036 3303 3304
f 2036 3304 2038
f 2038 3304 3305
f 2038 3305 2040
f 2040 3305 3289
f 2040 3289 2041
f 3306 3273 3228
f 3307 3308 3309
f 3309 3308 3306
f 3309 3306 3310
f 3310 3306 3228
f 3310 3228 3227
f 3311 3312 3307
f 3307 3312 3313
f 3307 3313 3308
f 3314 3315 3316
f 3316 3315 3311
f 3316 3311 3317
f 3317 3311 3307
f 3318 3319 3314
f 3314 3319 3320
f 3314 3320 3315
f 3321 3322 3323
f 3323 3322 3318
f 3323 3318 3324
f 3324 3318 3314
f 3325 3326 3321
f 3321 3326 3327
f 3321 3327 3322
f 3321 3328 3325
f 3325 3328 3329
f 3325 3329 3330
f 3330 3329 3331
f 3330 3331 3332
f 3332 3331 3290
f 3332 3290 3333
f 3333 3290 3117
f 3333 3117 3116
f 3295 3334 3294
f 3294 3334 3335
f 3294 3335 3293
f 3293 3335 3336
f 3293 3336 3292
f 3292 3336 3337
f 3292 3337 3291
f 3291 3337 3338
f 3291 3338 3296
f 3296 3338 3339
f 3296 3339 3297
f 3297 3339 3340
f 3297 3340 3298
f 3298 3340 3341
f 3298 3341 3299
f 3299 3341 3342
f 3299 3342 3300
f 3300 3342 3343
f 3300 3343 3301
f 3301 3343 3344
f 3301 3344 3302
f 3302 3344 3345
f 3302 3345 3303
f 3303 3345 3346
f 3303 3346 3304
f 3304 3346 3347
f 3304 3347 3305
f 3305 3347 3348
f 3305 3348 3289
f 3289 3348 3288
f 2023 3111 3295
f 3295 3111 3113
f 3295 3113 3334
f 3334 3113 3112
f 3334 3112 3335
f 3335 3112 3290
f 3335 3290 3336
f 3336 3290 3331
f 3336 3331 3337
f 3337 3331 3329
f 3337 3329 3338
f 3338 3329 3328
f 3338 3328 3339
f 3339 3328 3321
f 3339 3321 3340
f 3340 3321 3323
f 3340 3323 3341
f 3341 3323 3324
f 3341 3324 3342
f 3342 3324 3314
f 3342 3314 3343
f 3343 3314 3316
f 3343 3316 3344
f 3344 3316 3317
f 3344 3317 3345
f 3345 3317 3307
f 3345 3307 3346
f 3346 3307 3309
f 3346 3309 3347
f 3347 3309 3310
f 3347 3310 3348
f 3348 3310 3227
f 3348 3227 3288
f 3349 3320 3319
f 3350 3131 3130
f 3351 3352 3254
f 3353 3354 3202
f 3202 3354 3197
f 3197 3354 3355
f 3197 3355 3193
f 3193 3355 3356
f 3193 3356 3194
f 3194 3356 3357
f 3194 3357 3195
f 3254 3352 3250
f 3250 3352 3358
f 3250 3358 3251
f 3251 3358 3359
f 3251 3359 3252
f 3254 3259 3351
f 3351 3259 3258
f 3351 3258 3360
f 3360 3258 3257
f 3360 3257 3361
f 3361 3257 3261
f 3361 3261 3362
f 3362 3261 3266
f 3362 3266 3363
f 3350 3130 3364
f 3364 3130 3129
f 3364 3129 3365
f 3365 3129 3133
f 3365 3133 3366
f 3366 3133 3138
f 3366 3138 3367
f 3349 3319 3368
f 3368 3319 3318
f 3368 3318 3369
f 3369 3318 3322
f 3369 3322 3370
f 3370 3322 3327
f 3370 3327 3371
f 3252 3359 3247
f 3247 3359 3372
f 3247 3372 3245
f 3245 3372 3373
f 3245 3373 3209
f 3202 3201 3353
f 3353 3201 3200
f 3353 3200 3374
f 3374 3200 3205
f 3374 3205 3375
f 3375 3205 3207
f 3375 3207 3376
f 3376 3207 3208
f 3376 3208 3377
f 3377 3208 3209
f 3377 3209 3378
f 3378 3209 3373
f 3320 3349 3315
f 3315 3349 3379
f 3315 3379 3311
f 3311 3379 3380
f 3311 3380 3312
f 3312 3380 3381
f 3312 3381 3313
f 3195 3357 3190
f 3190 3357 3382
f 3190 3382 3186
f 3186 3382 3383
f 3186 3383 3187
f 3187 3383 3384
f 3187 3384 3188
f 3131 3350 3126
f 3126 3350 3385
f 3126 3385 3122
f 3122 3385 3386
f 3122 3386 3123
f 3123 3386 3387
f 3123 3387 3124
f 3313 3381 3308
f 3308 3381 3388
f 3308 3388 3306
f 3306 3388 3389
f 3306 3389 3273
f 3188 3384 3183
f 3183 3384 3390
f 3183 3390 3181
f 3181 3390 3391
f 3181 3391 3145
f 3124 3387 3119
f 3119 3387 3392
f 3119 3392 3115
f 3115 3392 3393
f 3115 3393 3116
f 3266 3265 3363
f 3363 3265 3264
f 3363 3264 3394
f 3394 3264 3269
f 3394 3269 3395
f 3395 3269 3271
f 3395 3271 3396
f 3396 3271 3272
f 3396 3272 3397
f 3397 3272 3273
f 3397 3273 3398
f 3398 3273 3389
f 3138 3137 3367
f 3367 3137 3136
f 3367 3136 3399
f 3399 3136 3141
f 3399 3141 3400
f 3400 3141 3143
f 3400 3143 3401
f 3401 3143 3144
f 3401 3144 3402
f 3402 3144 3145
f 3402 3145 3403
f 3403 3145 3391
f 3327 3326 3371
f 3371 3326 3325
f 3371 3325 3404
f 3404 3325 3330
f 3404 3330 3405
f 3405 3330 3332
f 3405 3332 3406
f 3406 3332 3333
f 3406 3333 3407
f 3407 3333 3116
f 3407 3116 3408
f 3408 3116 3393
f 3409 3410 3411
f 3412 3413 3414
f 3415 3416 3417
f 3417 3416 3418
f 3417 3418 3419
f 3419 3418 3420
f 3419 3420 3421
f 3422 3423 3424
f 3424 3423 3425
f 3424 3425 3426
f 3426 3425 3427
f 3426 3427 3428
f 3428 3427 3421
f 3428 3421 3429
f 3429 3421 3420
f 3430 3431 3432
f 3432 3431 3433
f 3433 3434 3432
f 3432 3434 3435
f 3432 3435 3436
f 3436 3435 3437
f 3436 3437 3438
f 3438 3437 3439
f 3438 3439 3440
f 3440 3439 3441
f 3440 3441 3442
f 3442 3441 3443
f 3442 3443 3444
f 3444 3443 3445
f 3444 3445 3422
f 3422 3445 3446
f 3422 3446 3423
f 3401 3402 3447
f 3407 3408 3414
f 3414 3408 3448
f 3414 3448 3412
f 3412 3448 3449
f 3447 3450 3401
f 3401 3450 3451
f 3401 3451 3400
f 3400 3451 3452
f 3400 3452 3399
f 3399 3452 3453
f 3399 3453 3367
f 3367 3453 3454
f 3367 3454 3366
f 3366 3454 3455
f 3366 3455 3365
f 3365 3455 3456
f 3365 3456 3364
f 3364 3456 3457
f 3364 3457 3350
f 3350 3457 3458
f 3350 3458 3385
f 3385 3458 3459
f 3385 3459 3386
f 3386 3459 3460
f 3386 3460 3387
f 3387 3460 3449
f 3387 3449 3392
f 3392 3449 3448
f 3392 3448 3393
f 3393 3448 3408
f 3447 3461 3450
f 3450 3461 3462
f 3450 3462 3451
f 3451 3462 3463
f 3451 3463 3452
f 3452 3463 3464
f 3452 3464 3453
f 3410 3413 3411
f 3411 3413 3412
f 3411 3412 3465
f 3465 3412 3449
f 3465 3449 3466
f 3466 3449 3460
f 3466 3460 3467
f 3467 3460 3459
f 3467 3459 3468
f 3468 3459 3458
f 3468 3458 3469
f 3469 3458 3457
f 3469 3457 3470
f 3470 3457 3456
f 3470 3456 3471
f 3471 3456 3455
f 3471 3455 3472
f 3472 3455 3454
f 3472 3454 3473
f 3473 3454 3453
f 3473 3453 3474
f 3474 3453 3464
f 3474 3464 3475
f 3475 3464 3463
f 3475 3463 3476
f 3476 3463 3462
f 3476 3462 3477
f 3477 3462 3461
f 3416 3409 3418
f 3418 3409 3411
f 3418 3411 3420
f 3420 3411 3465
f 3420 3465 3429
f 3429 3465 3466
f 3429 3466 3428
f 3428 3466 3467
f 3428 3467 3426
f 3426 3467 3468
f 3426 3468 3424
f 3424 3468 3469
f 3424 3469 3422
f 3422 3469 3470
f 3422 3470 3444
f 3444 3470 3471
f 3444 3471 3442
f 3442 3471 3472
f 3442 3472 3440
f 3440 3472 3473
f 3440 3473 3438
f 3438 3473 3474
f 3438 3474 3436
f 3436 3474 3475
f 3436 3475 3432
f 3432 3475 3476
f 3432 3476 3430
f 3430 3476 3477
f 3478 3479 3480
f 3481 3397 3398
f 3481 3398 3482
f 3483 3484 3485
f 3485 3484 3486
f 3485 3486 3487
f 3487 3486 3488
f 3487 3488 3489
f 3490 3491 3492
f 3492 3491 3493
f 3492 3493 3494
f 3494 3493 3495
f 3494 3495 3496
f 3496 3495 3489
f 3496 3489 3497
f 3497 3489 3488
f 3409 3416 3498
f 3498 3416 3415
f 3415 3499 3498
f 3498 3499 3500
f 3498 3500 3501
f 3501 3500 3502
f 3501 3502 3503
f 3503 3502 3504
f 3503 3504 3505
f 3505 3504 3506
f 3505 3506 3507
f 3507 3506 3508
f 3507 3508 3509
f 3509 3508 3510
f 3509 3510 3490
f 3490 3510 3511
f 3490 3511 3491
f 3512 3414 3413
f 3407 3414 3406
f 3406 3414 3512
f 3406 3512 3405
f 3513 3379 3514
f 3514 3379 3349
f 3514 3349 3515
f 3515 3349 3368
f 3515 3368 3516
f 3516 3368 3369
f 3516 3369 3517
f 3517 3369 3370
f 3517 3370 3518
f 3518 3370 3371
f 3518 3371 3519
f 3519 3371 3404
f 3519 3404 3520
f 3520 3404 3405
f 3520 3405 3521
f 3521 3405 3512
f 3521 3512 3522
f 3522 3512 3413
f 3398 3389 3482
f 3482 3389 3388
f 3482 3388 3523
f 3523 3388 3381
f 3523 3381 3524
f 3524 3381 3380
f 3525 3481 3526
f 3526 3481 3482
f 3526 3482 3527
f 3527 3482 3523
f 3527 3523 3528
f 3528 3523 3524
f 3528 3524 3513
f 3513 3524 3380
f 3513 3380 3379
f 3413 3410 3522
f 3522 3410 3529
f 3522 3529 3521
f 3521 3529 3530
f 3521 3530 3520
f 3520 3530 3531
f 3520 3531 3519
f 3519 3531 3532
f 3519 3532 3518
f 3518 3532 3533
f 3518 3533 3517
f 3517 3533 3534
f 3517 3534 3516
f 3516 3534 3535
f 3516 3535 3515
f 3515 3535 3536
f 3515 3536 3514
f 3514 3536 3537
f 3514 3537 3513
f 3513 3537 3538
f 3513 3538 3528
f 3528 3538 3539
f 3528 3539 3527
f 3527 3539 3540
f 3527 3540 3526
f 3526 3540 3480
f 3526 3480 3525
f 3525 3480 3479
f 3410 3409 3529
f 3529 3409 3498
f 3529 3498 3530
f 3530 3498 3501
f 3530 3501 3531
f 3531 3501 3503
f 3531 3503 3532
f 3532 3503 3505
f 3532 3505 3533
f 3533 3505 3507
f 3533 3507 3534
f 3534 3507 3509
f 3534 3509 3535
f 3535 3509 3490
f 3535 3490 3536
f 3536 3490 3492
f 3536 3492 3537
f 3537 3492 3494
f 3537 3494 3538
f 3538 3494 3496
f 3538 3496 3539
f 3539 3496 3497
f 3539 3497 3540
f 3540 3497 3488
f 3540 3488 3480
f 3480 3488 3486
f 3480 3486 3478
f 3478 3486 3484
f 3541 3542 3543
f 3544 3545 3546
f 3547 3548 3549
f 3549 3548 3550
f 3549 3550 3551
f 3551 3550 3552
f 3551 3552 3553
f 3554 3555 3556
f 3556 3555 3557
f 3556 3557 3558
f 3558 3557 3559
f 3558 3559 3560
f 3560 3559 3553
f 3560 3553 3561
f 3561 3553 3552
f 3478 3484 3562
f 3562 3484 3483
f 3483 3563 3562
f 3562 3563 3564
f 3562 3564 3565
f 3565 3564 3566
f 3565 3566 3567
f 3567 3566 3568
f 3567 3568 3569
f 3569 3568 3570
f 3569 3570 3571
f 3571 3570 3572
f 3571 3572 3573
f 3573 3572 3574
f 3573 3574 3554
f 3554 3574 3575
f 3554 3575 3555
f 3396 3397 3481
f 3377 3378 3546
f 3546 3378 3576
f 3546 3576 3544
f 3544 3576 3577
f 3481 3578 3396
f 3396 3578 3579
f 3396 3579 3395
f 3395 3579 3580
f 3395 3580 3394
f 3394 3580 3581
f 3394 3581 3363
f 3363 3581 3582
f 3363 3582 3362
f 3362 3582 3583
f 3362 3583 3361
f 3361 3583 3584
f 3361 3584 3360
f 3360 3584 3585
f 3360 3585 3351
f 3351 3585 3586
f 3351 3586 3352
f 3352 3586 3587
f 3352 3587 3358
f 3358 3587 3588
f 3358 3588 3359
f 3359 3588 3577
f 3359 3577 3372
f 3372 3577 3576
f 3372 3576 3373
f 3373 3576 3378
f 3481 3525 3578
f 3578 3525 3589
f 3578 3589 3579
f 3579 3589 3590
f 3579 3590 3580
f 3580 3590 3591
f 3580 3591 3581
f 3542 3545 3543
f 3543 3545 3544
f 3543 3544 3592
f 3592 3544 3577
f 3592 3577 3593
f 3593 3577 3588
f 3593 3588 3594
f 3594 3588 3587
f 3594 3587 3595
f 3595 3587 3586
f 3595 3586 3596
f 3596 3586 3585
f 3596 3585 3597
f 3597 3585 3584
f 3597 3584 3598
f 3598 3584 3583
f 3598 3583 3599
f 3599 3583 3582
f 3599 3582 3600
f 3600 3582 3581
f 3600 3581 3601
f 3601 3581 3591
f 3601 3591 3602
f 3602 3591 3590
f 3602 3590 3603
f 3603 3590 3589
f 3603 3589 3479
f 3479 3589 3525
f 3548 3541 3550
f 3550 3541 3543
f 3550 3543 3552
f 3552 3543 3592
f 3552 3592 3561
f 3561 3592 3593
f 3561 3593 3560
f 3560 3593 3594
f 3560 3594 3558
f 3558 3594 3595
f 3558 3595 3556
f 3556 3595 3596
f 3556 3596 3554
f 3554 3596 3597
f 3554 3597 3573
f 3573 3597 3598
f 3573 3598 3571
f 3571 3598 3599
f 3571 3599 3569
f 3569 3599 3600
f 3569 3600 3567
f 3567 3600 3601
f 3567 3601 3565
f 3565 3601 3602
f 3565 3602 3562
f 3562 3602 3603
f 3562 3603 3478
f 3478 3603 3479
f 3430 3477 3604
f 3447 3402 3403
f 3447 3403 3605
f 3433 3431 3606
f 3606 3431 3607
f 3606 3607 3608
f 3608 3607 3609
f 3608 3609 3610
f 3611 3612 3613
f 3613 3612 3614
f 3613 3614 3615
f 3615 3614 3616
f 3615 3616 3617
f 3617 3616 3610
f 3617 3610 3618
f 3618 3610 3609
f 3541 3548 3619
f 3619 3548 3547
f 3547 3620 3619
f 3619 3620 3621
f 3619 3621 3622
f 3622 3621 3623
f 3622 3623 3624
f 3624 3623 3625
f 3624 3625 3626
f 3626 3625 3627
f 3626 3627 3628
f 3628 3627 3629
f 3628 3629 3630
f 3630 3629 3631
f 3630 3631 3611
f 3611 3631 3632
f 3611 3632 3612
f 3633 3546 3545
f 3377 3546 3376
f 3376 3546 3633
f 3376 3633 3375
f 3634 3382 3635
f 3635 3382 3357
f 3635 3357 3636
f 3636 3357 3356
f 3636 3356 3637
f 3637 3356 3355
f 3637 3355 3638
f 3638 3355 3354
f 3638 3354 3639
f 3639 3354 3353
f 3639 3353 3640
f 3640 3353 3374
f 3640 3374 3641
f 3641 3374 3375
f 3641 3375 3642
f 3642 3375 3633
f 3642 3633 3643
f 3643 3633 3545
f 3403 3391 3605
f 3605 3391 3390
f 3605 3390 3644
f 3644 3390 3384
f 3644 3384 3645
f 3645 3384 3383
f 3461 3447 3646
f 3646 3447 3605
f 3646 3605 3647
f 3647 3605 3644
f 3647 3644 3648
f 3648 3644 3645
f 3648 3645 3634
f 3634 3645 3383
f 3634 3383 3382
f 3545 3542 3643
f 3643 3542 3649
f 3643 3649 3642
f 3642 3649 3650
f 3642 3650 3641
f 3641 3650 3651
f 3641 3651 3640
f 3640 3651 3652
f 3640 3652 3639
f 3639 3652 3653
f 3639 3653 3638
f 3638 3653 3654
f 3638 3654 3637
f 3637 3654 3655
f 3637 3655 3636
f 3636 3655 3656
f 3636 3656 3635
f 3635 3656 3657
f 3635 3657 3634
f 3634 3657 3658
f 3634 3658 3648
f 3648 3658 3659
f 3648 3659 3647
f 3647 3659 3660
f 3647 3660 3646
f 3646 3660 3604
f 3646 3604 3461
f 3461 3604 3477
f 3542 3541 3649
f 3649 3541 3619
f 3649 3619 3650
f 3650 3619 3622
f 3650 3622 3651
f 3651 3622 3624
f 3651 3624 3652
f 3652 3624 3626
f 3652 3626 3653
f 3653 3626 3628
f 3653 3628 3654
f 3654 3628 3630
f 3654 3630 3655
f 3655 3630 3611
f 3655 3611 3656
f 3656 3611 3613
f 3656 3613 3657
f 3657 3613 3615
f 3657 3615 3658
f 3658 3615 3617
f 3658 3617 3659
f 3659 3617 3618
f 3659 3618 3660
f 3660 3618 3609
f 3660 3609 3604
f 3604 3609 3607
f 3604 3607 3430
f 3430 3607 3431
f 3661 3662 3502
f 3553 3663 3664
f 3665 3621 3620
f 3621 3665 3623
f 3623 3665 3666
f 3623 3666 3625
f 3625 3666 3667
f 3625 3667 3627
f 3417 3419 3668
f 3668 3419 3421
f 3668 3421 3669
f 3669 3421 3427
f 3669 3427 3670
f 3502 3662 3504
f 3504 3662 3671
f 3504 3671 3506
f 3620 3547 3665
f 3665 3547 3549
f 3665 3549 3664
f 3664 3549 3551
f 3664 3551 3553
f 3627 3667 3629
f 3629 3667 3672
f 3629 3672 3631
f 3606 3673 3433
f 3433 3673 3674
f 3433 3674 3434
f 3434 3674 3675
f 3446 3676 3423
f 3423 3676 3670
f 3423 3670 3425
f 3425 3670 3427
f 3485 3677 3483
f 3483 3677 3678
f 3483 3678 3563
f 3563 3678 3679
f 3553 3559 3663
f 3663 3559 3557
f 3663 3557 3680
f 3680 3557 3555
f 3680 3555 3681
f 3681 3555 3575
f 3608 3672 3606
f 3606 3672 3682
f 3606 3682 3673
f 3506 3671 3508
f 3508 3671 3683
f 3508 3683 3510
f 3487 3683 3485
f 3485 3683 3684
f 3485 3684 3677
f 3502 3500 3661
f 3661 3500 3499
f 3661 3499 3668
f 3668 3499 3415
f 3668 3415 3417
f 3608 3610 3672
f 3672 3610 3616
f 3672 3616 3614
f 3446 3445 3676
f 3676 3445 3443
f 3676 3443 3441
f 3441 3439 3676
f 3676 3439 3437
f 3676 3437 3675
f 3675 3437 3435
f 3675 3435 3434
f 3487 3489 3683
f 3683 3489 3495
f 3683 3495 3493
f 3575 3574 3681
f 3681 3574 3572
f 3681 3572 3570
f 3570 3568 3681
f 3681 3568 3566
f 3681 3566 3679
f 3679 3566 3564
f 3679 3564 3563
f 3493 3491 3683
f 3683 3491 3511
f 3683 3511 3510
f 3614 3612 3672
f 3672 3612 3632
f 3672 3632 3631
f 3685 3686 3687
f 3688 3687 3689
f 3689 3687 3690
f 3689 3690 3691
f 3691 3690 3692
f 3691 3692 3693
f 3694 3695 3696
f 3696 3695 3697
f 3693 3692 3698
f 3698 3692 3696
f 3698 3696 3699
f 3699 3696 3697
f 3699 3697 3700
f 3688 3701 3687
f 3687 3701 3702
f 3687 3702 3685
f 3703 3704 3705
f 3705 3704 3706
f 3706 3704 3707
f 3706 3707 3708
f 3709 3710 3711
f 3711 3710 3712
f 3703 3705 3713
f 3713 3705 3714
f 3713 3714 3715
f 3715 3714 3716
f 3715 3716 3717
f 3708 3707 3718
f 3718 3707 3711
f 3718 3711 3719
f 3719 3711 3712
f 3719 3712 3720
f 3721 3664 3663
f 3721 3663 3722
f 3722 3663 3680
f 3722 3680 3723
f 3723 3680 3681
f 3723 3681 3724
f 3725 3665 3721
f 3721 3665 3664
f 3726 3672 3667
f 3726 3667 3727
f 3727 3667 3666
f 3727 3666 3728
f 3728 3666 3665
f 3728 3665 3725
f 3729 3682 3726
f 3726 3682 3672
f 3730 3675 3674
f 3730 3674 3731
f 3731 3674 3673
f 3731 3673 3732
f 3732 3673 3682
f 3732 3682 3729
f 3733 3676 3730
f 3730 3676 3675
f 3734 3668 3669
f 3734 3669 3735
f 3735 3669 3670
f 3735 3670 3736
f 3736 3670 3676
f 3736 3676 3733
f 3737 3661 3734
f 3734 3661 3668
f 3738 3683 3671
f 3738 3671 3739
f 3739 3671 3662
f 3739 3662 3740
f 3740 3662 3661
f 3740 3661 3737
f 3741 3684 3738
f 3738 3684 3683
f 3742 3679 3678
f 3742 3678 3743
f 3743 3678 3677
f 3743 3677 3744
f 3744 3677 3684
f 3744 3684 3741
f 3724 3681 3742
f 3742 3681 3679
f 3745 3746 3722
f 3722 3746 3721
f 3747 3748 3732
f 3732 3748 3749
f 3750 3751 3752
f 3745 3722 3753
f 3753 3722 3754
f 3753 3754 3755
f 3755 3754 3756
f 3755 3756 3757
f 3733 3758 3736
f 3736 3758 3759
f 3752 3760 3750
f 3750 3760 3755
f 3750 3755 3761
f 3761 3755 3757
f 3730 3762 3733
f 3733 3762 3763
f 3733 3763 3758
f 3751 3750 3749
f 3749 3750 3762
f 3749 3762 3732
f 3732 3762 3730
f 3732 3730 3731
f 3722 3723 3754
f 3754 3723 3724
f 3754 3724 3764
f 3764 3724 3742
f 3764 3742 3765
f 3765 3742 3743
f 3765 3743 3766
f 3766 3743 3744
f 3766 3744 3767
f 3767 3744 3741
f 3767 3741 3768
f 3768 3741 3738
f 3768 3738 3769
f 3769 3738 3739
f 3769 3739 3770
f 3770 3739 3740
f 3770 3740 3771
f 3771 3740 3737
f 3771 3737 3772
f 3772 3737 3734
f 3772 3734 3759
f 3759 3734 3735
f 3759 3735 3736
f 3746 3773 3721
f 3721 3773 3774
f 3721 3774 3725
f 3725 3774 3775
f 3725 3775 3728
f 3728 3775 3776
f 3728 3776 3727
f 3727 3776 3777
f 3727 3777 3726
f 3726 3777 3778
f 3726 3778 3729
f 3729 3778 3779
f 3729 3779 3732
f 3732 3779 3780
f 3732 3780 3747
f 3764 3695 3754
f 3754 3695 3694
f 3767 3699 3700
f 3767 3700 3766
f 3766 3700 3697
f 3766 3697 3765
f 3765 3697 3695
f 3765 3695 3764
f 3768 3698 3767
f 3767 3698 3699
f 3771 3689 3691
f 3771 3691 3770
f 3770 3691 3693
f 3770 3693 3769
f 3769 3693 3698
f 3769 3698 3768
f 3772 3688 3771
f 3771 3688 3689
f 3763 3685 3702
f 3763 3702 3758
f 3758 3702 3701
f 3758 3701 3759
f 3759 3701 3688
f 3759 3688 3772
f 3762 3686 3763
f 3763 3686 3685
f 3750 3687 3762
f 3762 3687 3686
f 3756 3696 3692
f 3756 3692 3757
f 3757 3692 3690
f 3757 3690 3761
f 3761 3690 3687
f 3761 3687 3750
f 3754 3694 3756
f 3756 3694 3696
f 3755 3703 3753
f 3753 3703 3713
f 3751 3711 3707
f 3751 3707 3752
f 3752 3707 3704
f 3752 3704 3760
f 3760 3704 3703
f 3760 3703 3755
f 3749 3709 3751
f 3751 3709 3711
f 3748 3710 3749
f 3749 3710 3709
f 3779 3719 3720
f 3779 3720 3780
f 3780 3720 3712
f 3780 3712 3747
f 3747 3712 3710
f 3747 3710 3748
f 3778 3718 3779
f 3779 3718 3719
f 3775 3705 3706
f 3775 3706 3776
f 3776 3706 3708
f 3776 3708 3777
f 3777 3708 3718
f 3777 3718 3778
f 3774 3714 3775
f 3775 3714 3705
f 3745 3715 3717
f 3745 3717 3746
f 3746 3717 3716
f 3746 3716 3773
f 3773 3716 3714
f 3773 3714 3774
f 3753 3713 3745
f 3745 3713 3715

