# https://github.com/mikedh/trimesh

o Link4.STL
v 0.03209772 0.08846539 -0.00000000
v 0.03050002 0.08850001 -0.00000000
v 0.03041874 0.08849999 0.00340541
v 0.03763657 0.08706242 0.00376116
v 0.03771095 0.08706628 0.00000000
v 0.03652040 0.08753598 -0.00000000
v 0.04040723 0.08550005 0.00390236
v 0.04049994 0.08550005 -0.00000000
v 0.03731904 0.08705869 0.00775279
v 0.04005691 0.08550005 0.00808809
v 0.03671030 0.08705555 0.01157481
v 0.03939418 0.08550005 0.01214365
v 0.03576085 0.08705297 0.01524982
v 0.03836243 0.08550006 0.01608019
v 0.03442598 0.08705097 0.01879852
v 0.03691194 0.08550006 0.01990262
v 0.03269533 0.08704954 0.02219061
v 0.03503289 0.08550006 0.02356563
v 0.03059437 0.08704868 0.02533008
v 0.03274229 0.08550006 0.02697724
v 0.02813916 0.08704840 0.02813916
v 0.03005201 0.08550006 0.03005200
v 0.02533094 0.08704868 0.03059344
v 0.02697772 0.08550006 0.03274180
v 0.02219060 0.08704954 0.03269535
v 0.02356563 0.08550006 0.03503290
v 0.01879853 0.08705097 0.03442597
v 0.01990264 0.08550006 0.03691193
v 0.01524982 0.08705297 0.03576085
v 0.01608020 0.08550006 0.03836243
v 0.01157481 0.08705555 0.03671031
v 0.01214365 0.08550005 0.03939419
v 0.00775280 0.08705869 0.03731903
v 0.00808810 0.08550005 0.04005691
v 0.00376117 0.08706242 0.03763657
v 0.00390238 0.08550005 0.04040721
v 0.00362145 0.08800636 0.03487659
v -0.00000000 0.08753598 0.03652040
v -0.00000000 0.08706628 0.03771095
v 0.00349834 0.08843499 0.03239129
v 0.00000000 0.08843549 0.03244662
v 0.00340539 0.08849999 0.03041875
v 0.00000000 0.08850001 0.03050002
v 0.00000000 0.08846539 0.03209772
v 0.03239129 0.08843499 0.00349835
v 0.03012894 0.08849999 0.00688894
v 0.03211864 0.08843450 0.00712223
v 0.02960977 0.08849998 0.01008371
v 0.03159643 0.08843409 0.01049634
v 0.02883358 0.08849998 0.01304698
v 0.03078986 0.08843374 0.01366658
v 0.02777120 0.08849996 0.01584731
v 0.02966463 0.08843347 0.01668582
v 0.02641096 0.08849996 0.01849989
v 0.02820949 0.08843328 0.01955434
v 0.02480447 0.08849996 0.02089601
v 0.02646746 0.08843318 0.02216763
v 0.02298098 0.08849996 0.02298097
v 0.02446344 0.08843313 0.02446343
v 0.02089805 0.08849996 0.02480223
v 0.02216929 0.08843318 0.02646565
v 0.01849986 0.08849996 0.02641100
v 0.01955432 0.08843328 0.02820952
v 0.01584733 0.08849996 0.02777117
v 0.01668584 0.08843347 0.02966461
v 0.01304698 0.08849998 0.02883358
v 0.01366658 0.08843374 0.03078986
v 0.01008370 0.08849998 0.02960976
v 0.01049633 0.08843409 0.03159644
v 0.00688895 0.08849999 0.03012894
v 0.00712224 0.08843450 0.03211863
v 0.00741996 0.08800353 0.03459009
v 0.01100869 0.08800113 0.03403340
v 0.01442193 0.08799918 0.03316431
v 0.01769648 0.08799766 0.03194333
v 0.02081730 0.08799657 0.03035968
v 0.02368549 0.08799592 0.02844610
v 0.02622724 0.08799569 0.02622723
v 0.02844747 0.08799592 0.02368423
v 0.03035966 0.08799657 0.02081732
v 0.03194334 0.08799766 0.01769647
v 0.03316431 0.08799918 0.01442193
v 0.03403340 0.08800113 0.01100869
v 0.03459010 0.08800353 0.00741995
v 0.03487660 0.08800636 0.00362145
v 0.03244662 0.08843549 -0.00000000
v -0.00000000 0.08550005 0.04049994
v 0.00000000 0.08846539 -0.03209772
v 0.00000000 0.08850001 -0.03050003
v 0.00340539 0.08849999 -0.03041876
v 0.00349834 0.08843499 -0.03239129
v 0.00000000 0.08843549 -0.03244662
v 0.00390238 0.08550005 -0.04040721
v 0.00000000 0.08550005 -0.04049994
v 0.00000000 0.08706628 -0.03771095
v 0.00376117 0.08706242 -0.03763657
v 0.00775280 0.08705869 -0.03731903
v 0.00808810 0.08550005 -0.04005690
v 0.01157481 0.08705555 -0.03671031
v 0.01214365 0.08550005 -0.03939419
v 0.01524982 0.08705297 -0.03576085
v 0.01608020 0.08550006 -0.03836243
v 0.01879853 0.08705097 -0.03442597
v 0.01990264 0.08550006 -0.03691193
v 0.02219060 0.08704954 -0.03269535
v 0.02356563 0.08550006 -0.03503290
v 0.02533094 0.08704868 -0.03059345
v 0.02697772 0.08550006 -0.03274180
v 0.02813916 0.08704840 -0.02813916
v 0.03005201 0.08550006 -0.03005200
v 0.03059437 0.08704868 -0.02533008
v 0.03274229 0.08550006 -0.02697725
v 0.03269533 0.08704954 -0.02219061
v 0.03503289 0.08550006 -0.02356564
v 0.03442598 0.08705097 -0.01879852
v 0.03691194 0.08550006 -0.01990263
v 0.03576085 0.08705297 -0.01524982
v 0.03836243 0.08550006 -0.01608019
v 0.03671030 0.08705555 -0.01157481
v 0.03939418 0.08550005 -0.01214365
v 0.03731904 0.08705869 -0.00775279
v 0.04005691 0.08550005 -0.00808809
v 0.03763657 0.08706242 -0.00376116
v 0.04040723 0.08550005 -0.00390236
v 0.03041874 0.08849999 -0.00340541
v 0.00688895 0.08849999 -0.03012894
v 0.00712224 0.08843450 -0.03211863
v 0.01008370 0.08849998 -0.02960977
v 0.01049633 0.08843409 -0.03159644
v 0.01304698 0.08849998 -0.02883358
v 0.01366658 0.08843374 -0.03078986
v 0.01584733 0.08849996 -0.02777118
v 0.01668584 0.08843347 -0.02966461
v 0.01849986 0.08849996 -0.02641100
v 0.01955432 0.08843328 -0.02820952
v 0.02089805 0.08849996 -0.02480223
v 0.02216929 0.08843318 -0.02646565
v 0.02298098 0.08849996 -0.02298098
v 0.02446344 0.08843313 -0.02446343
v 0.02480447 0.08849996 -0.02089601
v 0.02646746 0.08843318 -0.02216763
v 0.02641096 0.08849996 -0.01849989
v 0.02820949 0.08843328 -0.01955435
v 0.02777120 0.08849996 -0.01584731
v 0.02966463 0.08843347 -0.01668582
v 0.02883358 0.08849998 -0.01304698
v 0.03078986 0.08843374 -0.01366658
v 0.02960976 0.08849998 -0.01008371
v 0.03159643 0.08843409 -0.01049634
v 0.03012894 0.08849999 -0.00688894
v 0.03211864 0.08843450 -0.00712223
v 0.03239129 0.08843499 -0.00349835
v 0.00000000 0.08753598 -0.03652040
v 0.00362145 0.08800636 -0.03487659
v 0.00741996 0.08800353 -0.03459009
v 0.01100869 0.08800113 -0.03403340
v 0.01442193 0.08799918 -0.03316431
v 0.01769648 0.08799766 -0.03194333
v 0.02081730 0.08799657 -0.03035968
v 0.02368549 0.08799592 -0.02844610
v 0.02622724 0.08799569 -0.02622724
v 0.02844747 0.08799592 -0.02368423
v 0.03035966 0.08799657 -0.02081732
v 0.03194334 0.08799766 -0.01769647
v 0.03316431 0.08799918 -0.01442193
v 0.03403340 0.08800113 -0.01100869
v 0.03459010 0.08800353 -0.00741996
v 0.03487660 0.08800636 -0.00362145
v -0.03209772 0.08846539 -0.00000000
v -0.03050002 0.08850001 -0.00000000
v -0.03041874 0.08849999 -0.00340541
v -0.03763657 0.08706242 -0.00376116
v -0.03771095 0.08706628 -0.00000000
v -0.03652040 0.08753598 -0.00000000
v -0.04040723 0.08550005 -0.00390236
v -0.04049994 0.08550005 -0.00000000
v -0.03731904 0.08705869 -0.00775279
v -0.04005691 0.08550005 -0.00808809
v -0.03671030 0.08705555 -0.01157481
v -0.03939418 0.08550005 -0.01214365
v -0.03576085 0.08705297 -0.01524982
v -0.03836243 0.08550006 -0.01608019
v -0.03442598 0.08705097 -0.01879852
v -0.03691194 0.08550006 -0.01990263
v -0.03269533 0.08704954 -0.02219061
v -0.03503289 0.08550006 -0.02356564
v -0.03059437 0.08704868 -0.02533008
v -0.03274229 0.08550006 -0.02697725
v -0.02813916 0.08704840 -0.02813916
v -0.03005201 0.08550006 -0.03005200
v -0.02533094 0.08704868 -0.03059345
v -0.02697772 0.08550006 -0.03274180
v -0.02219060 0.08704954 -0.03269535
v -0.02356563 0.08550006 -0.03503290
v -0.01879853 0.08705097 -0.03442597
v -0.01990264 0.08550006 -0.03691193
v -0.01524982 0.08705297 -0.03576085
v -0.01608020 0.08550006 -0.03836243
v -0.01157481 0.08705555 -0.03671031
v -0.01214365 0.08550005 -0.03939419
v -0.00775280 0.08705869 -0.03731903
v -0.00808810 0.08550005 -0.04005691
v -0.00376117 0.08706242 -0.03763657
v -0.00390238 0.08550005 -0.04040721
v -0.00362145 0.08800636 -0.03487659
v -0.00349834 0.08843499 -0.03239129
v -0.00340539 0.08849999 -0.03041876
v -0.03239129 0.08843499 -0.00349835
v -0.03012894 0.08849999 -0.00688895
v -0.03211864 0.08843450 -0.00712223
v -0.02960977 0.08849998 -0.01008371
v -0.03159643 0.08843409 -0.01049634
v -0.02883358 0.08849998 -0.01304698
v -0.03078986 0.08843374 -0.01366658
v -0.02777120 0.08849996 -0.01584731
v -0.02966463 0.08843347 -0.01668582
v -0.02641096 0.08849996 -0.01849989
v -0.02820949 0.08843328 -0.01955435
v -0.02480447 0.08849996 -0.02089601
v -0.02646746 0.08843318 -0.02216763
v -0.02298098 0.08849996 -0.02298098
v -0.02446344 0.08843313 -0.02446343
v -0.02089805 0.08849996 -0.02480223
v -0.02216929 0.08843318 -0.02646565
v -0.01849986 0.08849996 -0.02641100
v -0.01955432 0.08843328 -0.02820952
v -0.01584733 0.08849996 -0.02777118
v -0.01668584 0.08843347 -0.02966461
v -0.01304698 0.08849998 -0.02883358
v -0.01366658 0.08843374 -0.03078986
v -0.01008370 0.08849998 -0.02960977
v -0.01049633 0.08843409 -0.03159644
v -0.00688895 0.08849999 -0.03012894
v -0.00712224 0.08843450 -0.03211863
v -0.00741996 0.08800353 -0.03459009
v -0.01100869 0.08800113 -0.03403340
v -0.01442193 0.08799918 -0.03316431
v -0.01769648 0.08799766 -0.03194333
v -0.02081730 0.08799657 -0.03035968
v -0.02368549 0.08799592 -0.02844610
v -0.02622724 0.08799569 -0.02622724
v -0.02844747 0.08799592 -0.02368423
v -0.03035966 0.08799657 -0.02081732
v -0.03194334 0.08799766 -0.01769647
v -0.03316431 0.08799918 -0.01442193
v -0.03403340 0.08800113 -0.01100869
v -0.03459010 0.08800353 -0.00741996
v -0.03487660 0.08800636 -0.00362145
v -0.03244662 0.08843549 -0.00000000
v -0.00340539 0.08849999 0.03041875
v -0.00349834 0.08843499 0.03239129
v -0.00390238 0.08550005 0.04040721
v -0.00376117 0.08706242 0.03763657
v -0.00775280 0.08705869 0.03731903
v -0.00808810 0.08550005 0.04005690
v -0.01157481 0.08705555 0.03671031
v -0.01214365 0.08550005 0.03939419
v -0.01524982 0.08705297 0.03576085
v -0.01608020 0.08550006 0.03836243
v -0.01879853 0.08705097 0.03442597
v -0.01990264 0.08550006 0.03691193
v -0.02219060 0.08704954 0.03269535
v -0.02356563 0.08550006 0.03503290
v -0.02533094 0.08704868 0.03059344
v -0.02697772 0.08550006 0.03274180
v -0.02813916 0.08704840 0.02813916
v -0.03005201 0.08550006 0.03005200
v -0.03059437 0.08704868 0.02533008
v -0.03274229 0.08550006 0.02697724
v -0.03269533 0.08704954 0.02219061
v -0.03503289 0.08550006 0.02356563
v -0.03442598 0.08705097 0.01879852
v -0.03691194 0.08550006 0.01990262
v -0.03576085 0.08705297 0.01524982
v -0.03836243 0.08550006 0.01608019
v -0.03671030 0.08705555 0.01157481
v -0.03939418 0.08550005 0.01214365
v -0.03731904 0.08705869 0.00775279
v -0.04005691 0.08550005 0.00808809
v -0.03763657 0.08706242 0.00376116
v -0.04040723 0.08550005 0.00390236
v -0.03041874 0.08849999 0.00340541
v -0.00688895 0.08849999 0.03012894
v -0.00712224 0.08843450 0.03211863
v -0.01008370 0.08849998 0.02960976
v -0.01049633 0.08843409 0.03159644
v -0.01304698 0.08849998 0.02883358
v -0.01366658 0.08843374 0.03078986
v -0.01584733 0.08849996 0.02777117
v -0.01668584 0.08843347 0.02966461
v -0.01849986 0.08849996 0.02641100
v -0.01955432 0.08843328 0.02820952
v -0.02089805 0.08849996 0.02480223
v -0.02216929 0.08843318 0.02646565
v -0.02298098 0.08849996 0.02298097
v -0.02446344 0.08843313 0.02446343
v -0.02480447 0.08849996 0.02089601
v -0.02646746 0.08843318 0.02216763
v -0.02641096 0.08849996 0.01849989
v -0.02820949 0.08843328 0.01955434
v -0.02777120 0.08849996 0.01584731
v -0.02966463 0.08843347 0.01668582
v -0.02883358 0.08849998 0.01304698
v -0.03078986 0.08843374 0.01366658
v -0.02960976 0.08849998 0.01008371
v -0.03159643 0.08843409 0.01049634
v -0.03012894 0.08849999 0.00688894
v -0.03211864 0.08843450 0.00712223
v -0.03239129 0.08843499 0.00349835
v -0.00362145 0.08800636 0.03487659
v -0.00741996 0.08800353 0.03459009
v -0.01100869 0.08800113 0.03403340
v -0.01442193 0.08799918 0.03316431
v -0.01769648 0.08799766 0.03194333
v -0.02081730 0.08799657 0.03035968
v -0.02368549 0.08799592 0.02844610
v -0.02622724 0.08799569 0.02622723
v -0.02844747 0.08799592 0.02368423
v -0.03035966 0.08799657 0.02081732
v -0.03194334 0.08799766 0.01769647
v -0.03316431 0.08799918 0.01442193
v -0.03403340 0.08800113 0.01100869
v -0.03459010 0.08800353 0.00741995
v -0.03487660 0.08800636 0.00362145
v 0.02846993 0.08549997 -0.03411382
v -0.02863209 0.08549997 0.03398624
v 0.03289221 0.08549997 0.02994416
v 0.03334290 0.08549997 0.02942004
v 0.02863209 0.08549997 0.03398624
v 0.03085439 0.08549997 0.03206186
v -0.03656805 0.08549997 0.02489708
v -0.03406049 0.08549997 0.02853796
v -0.03085439 0.08549997 0.03206186
v -0.02942005 0.08549997 0.03334290
v 0.03642095 0.08549997 -0.02513943
v 0.03406049 0.08549997 -0.02853796
v 0.03068338 0.08549997 -0.03222275
v 0.02942005 0.08549997 -0.03334290
v -0.01809761 0.08549999 -0.03978991
v -0.02299225 0.08549999 -0.03763930
v -0.02359564 0.08549999 -0.03731569
v -0.02853796 0.08549997 -0.03406049
v -0.03271759 0.08549997 -0.03014139
v -0.03334290 0.08549997 -0.02942005
v 0.00305169 0.08550002 -0.04244597
v 0.00000000 0.08550002 -0.04250001
v -0.00582201 0.08550002 -0.04228953
v -0.00967917 0.08550000 -0.04186191
v -0.01214949 0.08550000 -0.04143452
v -0.01663460 0.08549999 -0.04028484
v 0.02390707 0.08549999 -0.03714308
v 0.02359564 0.08549999 -0.03731569
v 0.01809761 0.08549999 -0.03978991
v 0.01761657 0.08549999 -0.03995967
v 0.01214949 0.08550000 -0.04143452
v 0.01066026 0.08550000 -0.04170787
v 0.00582201 0.08550002 -0.04228953
v 0.03656805 0.08549997 0.02489708
v 0.03714308 0.08549999 0.02390707
v 0.03938210 0.08549999 0.01917994
v 0.03995967 0.08549999 0.01761657
v 0.01822093 0.08549999 0.03974526
v 0.02299225 0.08549999 0.03763930
v 0.02373096 0.08549999 0.03724116
v 0.02853796 0.08549997 0.03406049
v -0.03642095 0.08549997 -0.02513943
v -0.03714308 0.08549999 -0.02390707
v -0.03927979 0.08549999 -0.01943718
v -0.03995967 0.08549999 -0.01761657
v -0.04108250 0.08549999 -0.01375425
v -0.04170787 0.08550000 -0.01066026
v 0.04114475 0.08549999 0.01349009
v 0.04170787 0.08550000 0.01066026
v 0.04215662 0.08550000 0.00730433
v 0.04244597 0.08550002 0.00305169
v 0.04250001 0.08550002 -0.00000000
v 0.04213145 0.08550000 -0.00754542
v 0.04186191 0.08550000 -0.00967917
v 0.04108250 0.08549999 -0.01375425
v 0.04028484 0.08549999 -0.01663460
v 0.03797219 0.08549999 -0.02234279
v 0.03763930 0.08549999 -0.02299225
v -0.00305169 0.08550002 0.04244597
v 0.00000000 0.08550002 0.04250001
v 0.00597900 0.08550002 0.04227718
v 0.00967917 0.08550000 0.04186191
v 0.01227557 0.08550000 0.04140908
v 0.01663460 0.08549999 0.04028484
v -0.02390707 0.08549999 0.03714308
v -0.02373096 0.08549999 0.03724116
v -0.01822093 0.08549999 0.03974526
v -0.01761657 0.08549999 0.03995967
v -0.01227557 0.08550000 0.04140908
v -0.01066026 0.08550000 0.04170787
v -0.00597900 0.08550002 0.04227718
v -0.04242370 0.08550002 -0.00360200
v -0.04244597 0.08550002 -0.00305169
v -0.04250001 0.08550002 -0.00000000
v -0.04215662 0.08550000 0.00730433
v -0.04186191 0.08550000 0.00967917
v -0.04114475 0.08549999 0.01349009
v -0.04028484 0.08549999 0.01663460
v -0.03809683 0.08549999 0.02209149
v -0.03763930 0.08549999 0.02299225
v 0.04302670 0.05141569 -0.01669665
v 0.04374285 0.05075828 -0.01439027
v 0.04412477 0.04947723 -0.01305579
v 0.00591108 0.07772660 -0.04334841
v 0.04349610 0.07772332 -0.00365487
v 0.04358156 0.07771754 -0.00000000
v 0.04485330 0.06404383 -0.00000000
v 0.00023473 0.06630020 -0.04469002
v 0.00011739 0.06630006 -0.04469031
v 0.00597675 0.06994058 -0.04414098
v 0.00000000 0.06629993 -0.04469043
v -0.00000000 0.07590492 -0.04379278
v 0.01439564 0.06542477 -0.04304714
v 0.01257050 0.06565277 -0.04347552
v 0.01250476 0.06995144 -0.04316269
v 0.01009974 0.06590119 -0.04393805
v 0.00559597 0.06618500 -0.04447626
v 0.01793715 0.06485727 -0.04198150
v 0.01865518 0.06995936 -0.04134784
v 0.01877644 0.06469703 -0.04167971
v 0.02189018 0.06400858 -0.04038169
v 0.02434242 0.06996451 -0.03868654
v 0.02453743 0.06329432 -0.03903791
v 0.02549312 0.06300415 -0.03849262
v 0.02939673 0.06996720 -0.03529548
v 0.02867949 0.06189624 -0.03641042
v 0.03170128 0.06996769 -0.03331007
v 0.03193620 0.06049452 -0.03377341
v 0.03700741 0.05750540 -0.02815313
v 0.03818552 0.06037319 -0.02621413
v 0.03926214 0.05570638 -0.02476844
v 0.03987904 0.06037143 -0.02328697
v 0.04116722 0.05381912 -0.02121669
v 0.04132546 0.06036909 -0.02024910
v 0.04337220 0.06036304 -0.01430656
v 0.04278745 0.05177234 -0.01736699
v 0.04278622 0.05177413 -0.01737034
v 0.04157362 0.05335392 -0.02034200
v 0.04504160 0.05075261 -0.00786432
v 0.04515072 0.04677475 -0.00797674
v 0.04419373 0.04933282 -0.01278457
v 0.03304520 0.05993859 -0.03272669
v 0.03382856 0.06996761 -0.03113617
v 0.03466910 0.05903402 -0.03102471
v 0.03589335 0.06996691 -0.02862142
v 0.03773440 0.06996557 -0.02594120
v 0.03938802 0.06996353 -0.02304579
v 0.04079458 0.06996082 -0.02004039
v 0.04276884 0.06995381 -0.01416364
v 0.01235360 0.07773481 -0.04242555
v 0.01841848 0.07774077 -0.04068646
v 0.03717979 0.07774547 -0.02560277
v 0.04015221 0.07774188 -0.01978457
v 0.03878897 0.07774393 -0.02274838
v 0.04317595 0.07772902 -0.00766426
v 0.04205043 0.07773659 -0.01398948
v 0.04321186 0.08062440 -0.00000000
v 0.04462163 0.06035439 -0.00782340
v 0.04395674 0.06994377 -0.00775206
v 0.04567939 0.04404373 -0.00283580
v 0.04542605 0.05074834 -0.00374185
v 0.04498737 0.06034787 -0.00372470
v 0.04429970 0.06993622 -0.00369369
v 0.02402682 0.07774468 -0.03810706
v 0.02900631 0.07774669 -0.03479752
v 0.04553124 0.05074402 -0.00000000
v 0.04578064 0.04253775 -0.00000000
v 0.03401170 0.06996758 0.03093066
v 0.04211662 0.07773630 0.01372017
v 0.04562824 0.03974802 0.00524885
v 0.04543329 0.05074820 0.00361361
v 0.04507406 0.05075236 0.00761165
v 0.04505049 0.03721248 0.01001666
v 0.04381777 0.05075807 0.01411218
v 0.04408716 0.03488801 0.01438691
v 0.04175763 0.05076208 0.02009933
v 0.04275862 0.03272379 0.01845728
v 0.04030520 0.05076366 0.02316027
v 0.04099529 0.03060110 0.02245036
v 0.03860665 0.05076484 0.02611254
v 0.03886009 0.02860231 0.02620931
v 0.03005669 0.05076588 0.03578537
v 0.03020820 0.02340464 0.03598457
v 0.03052503 0.02354417 0.03572214
v 0.03241904 0.05076613 0.03371080
v 0.02714017 0.02218478 0.03827894
v 0.02488484 0.05076439 0.03935137
v 0.02502849 0.02146603 0.03963079
v 0.02348243 0.02099409 0.04051839
v 0.01909098 0.05076149 0.04217383
v 0.01959267 0.01998676 0.04241292
v 0.01283385 0.05075705 0.04413838
v 0.01554079 0.01918254 0.04392554
v 0.01921709 0.01990215 0.04257206
v 0.00681114 0.01816961 0.04583009
v 0.01129295 0.01857651 0.04506499
v 0.00622399 0.05075097 0.04523100
v 0.01140816 0.01858999 0.04503963
v 0.01292232 0.01878214 0.04467833
v 0.00625552 0.01822629 0.04589514
v -0.00000000 0.01822373 0.04623926
v 0.00207457 0.01797018 0.04620576
v -0.00000000 0.01795017 0.04624272
v -0.00000000 0.05074402 0.04553124
v 0.00619302 0.06035189 0.04480219
v -0.00000000 0.05178565 0.04549240
v 0.00613837 0.06994088 0.04412649
v -0.00000000 0.06916954 0.04445856
v 0.00607073 0.07772684 0.04333489
v -0.00000000 0.07771754 0.04358156
v 0.04320333 0.07772869 0.00741893
v 0.01276049 0.06036117 0.04375436
v 0.01263507 0.06995164 0.04313409
v 0.01897769 0.06036795 0.04184636
v 0.01878269 0.06995949 0.04129929
v 0.02473931 0.06037237 0.03907847
v 0.02448251 0.06996462 0.03860707
v 0.02988085 0.06037463 0.03556048
v 0.02956529 0.06996724 0.03516118
v 0.03187972 0.06996770 0.03314164
v 0.01248211 0.07773495 0.04239837
v 0.01854423 0.07774088 0.04063964
v 0.02416493 0.07774475 0.03802974
v 0.02917220 0.07774673 0.03466609
v 0.03733209 0.07774535 0.02535532
v 0.03891860 0.07774377 0.02249199
v 0.04025922 0.07774167 0.01952223
v 0.03363352 0.02507779 0.03283772
v 0.03636995 0.02673897 0.02971381
v 0.03460341 0.05076606 0.03144944
v 0.03671611 0.05076564 0.02886174
v 0.03606402 0.06996682 0.02839229
v 0.03834529 0.06037306 0.02596025
v 0.03789065 0.06996542 0.02569012
v 0.04001604 0.06037125 0.02302415
v 0.03952151 0.06996332 0.02278577
v 0.04143962 0.06036885 0.01998020
v 0.04090529 0.06996053 0.01977438
v 0.04344468 0.06036272 0.01403031
v 0.04283822 0.06995343 0.01389052
v 0.04465262 0.06035401 0.00757229
v 0.04398593 0.06994334 0.00750358
v 0.04499422 0.06034766 0.00359713
v 0.04430609 0.06993596 0.00356727
v 0.02858347 -0.05850000 0.03475600
v 0.03289681 -0.05850000 0.03070495
v 0.03373861 -0.03391663 0.03147938
v 0.04041333 0.02159715 0.02366873
v -0.00000000 -0.01718311 0.04628121
v -0.00000000 -0.03390736 0.04596237
v 0.00456591 -0.03390957 0.04574649
v -0.00000000 -0.03804342 0.04584389
v 0.00000000 -0.05850000 0.04499996
v 0.00473346 -0.05850000 0.04475031
v 0.04568570 -0.04283191 -0.00000001
v 0.04596237 -0.03390736 -0.00000000
v 0.04585655 -0.03390894 0.00320105
v 0.04620133 -0.02281409 -0.00000000
v 0.04636955 0.00000414 0.00000000
v 0.04627284 0.00000426 0.00324205
v 0.04635813 0.00430003 0.00000000
v 0.00462266 0.00000431 0.04617148
v 0.00803243 0.00000442 0.04575907
v 0.01140085 0.00000452 0.04511119
v 0.01467876 0.00000461 0.04423242
v 0.01789493 0.00000468 0.04311042
v 0.02099244 0.00000474 0.04176262
v 0.02399605 0.00000479 0.04018011
v 0.02682881 0.00000483 0.03840666
v 0.02952685 0.00000485 0.03642203
v 0.04629221 0.01357375 0.00000000
v 0.04610392 0.02159039 0.00324768
v 0.04577729 0.02159202 0.00690063
v 0.04520383 0.02159343 0.01047287
v 0.04436748 0.02159466 0.01399069
v 0.04330042 0.02159567 0.01732047
v 0.04196723 0.02159650 0.02058028
v 0.00793895 -0.03391102 0.04530327
v 0.01105917 -0.05850000 0.04361984
v 0.01127085 -0.03391230 0.04461636
v 0.01450882 -0.03391341 0.04369746
v 0.01328434 -0.05850000 0.04299444
v 0.01767720 -0.03391435 0.04254061
v 0.01732277 -0.05850000 0.04153211
v 0.02071755 -0.03391512 0.04116920
v 0.02133533 -0.05850000 0.03962068
v 0.02365725 -0.03391574 0.03957533
v 0.02313321 -0.05850000 0.03859857
v 0.02836354 -0.05850000 0.03493571
v 0.02906071 -0.03391648 0.03583334
v 0.03594932 -0.03391647 0.02891616
v 0.03475601 -0.05850000 0.02858346
v 0.03796065 -0.03391615 0.02619641
v 0.03701406 -0.05850000 0.02559207
v 0.03977961 -0.03391567 0.02330778
v 0.03962069 -0.05850000 0.02133531
v 0.04137480 -0.03391502 0.02029747
v 0.04037403 -0.05850000 0.01987290
v 0.04276936 -0.03391419 0.01710507
v 0.04176041 -0.05850000 0.01676494
v 0.04391279 -0.03391319 0.01382565
v 0.04290795 -0.05850000 0.01356110
v 0.04299444 -0.05850000 0.01328432
v 0.04483214 -0.03391196 0.01034828
v 0.04383921 -0.05850000 0.01015478
v 0.04547882 -0.03391055 0.00681264
v 0.04475031 -0.05850000 0.00473344
v 0.04499996 -0.05850000 -0.00000000
v 0.03199703 0.00000485 0.03430140
v 0.04592307 0.00000439 0.00689404
v 0.04531565 0.00000450 0.01046789
v 0.04443943 0.00000459 0.01398657
v 0.04333351 0.00000467 0.01731331
v 0.04196563 0.00000474 0.02056385
v 0.04038369 0.00000478 0.02363865
v 0.03856460 0.00000482 0.02659465
v 0.03653919 0.00000485 0.02937894
v 0.03429964 0.00000485 0.03199893
v -0.00000000 0.00542782 0.04635307
v 0.04550970 -0.04283374 -0.00406793
v 0.02404512 -0.05217104 -0.03844063
v 0.02513270 -0.05850000 -0.03732749
v 0.02133532 -0.05850000 -0.03962069
v 0.04279757 0.05141271 -0.01736997
v 0.04470994 0.03657018 -0.01178076
v 0.04409927 0.04084055 -0.01396435
v 0.04107086 0.05141528 -0.02158483
v 0.04022191 0.05137571 -0.02328643
v 0.03869540 0.05289463 -0.02587305
v 0.03691053 0.05400179 -0.02846849
v 0.03472794 0.05479353 -0.03116278
v 0.03315629 0.05514727 -0.03283928
v 0.03222214 0.05530177 -0.03374618
v 0.02905769 0.05563667 -0.03641352
v 0.02575294 0.05581990 -0.03867023
v 0.02297076 0.05590317 -0.04023751
v 0.02217942 0.05591879 -0.04063474
v 0.02192598 0.05592325 -0.04075767
v 0.01868812 0.05596389 -0.04215532
v 0.01767622 0.05597213 -0.04252950
v 0.01473086 0.05598817 -0.04346091
v 0.01208265 0.05599499 -0.04411372
v 0.01068680 0.05599641 -0.04439348
v 0.00903416 0.05599758 -0.04467133
v 0.00568371 0.05599911 -0.04507104
v 0.00455441 0.05599945 -0.04516025
v 0.00000000 0.05600000 -0.04531336
v 0.00000000 0.06115140 -0.04503916
v 0.04148290 0.04944638 -0.02080736
v 0.04254543 0.04703449 -0.01838384
v 0.04343352 0.04406174 -0.01602118
v 0.04580097 0.03572160 -0.00414488
v 0.04620165 0.00430058 -0.00414563
v 0.04597386 0.01446734 -0.00589844
v 0.04609475 0.00736715 -0.00522627
v 0.04577624 0.02104522 -0.00696567
v 0.04549012 0.02714577 -0.00841017
v 0.04530448 0.03572444 -0.00866586
v 0.04514601 0.03213978 -0.00999063
v 0.04532059 -0.02783808 -0.00873382
v 0.04553365 -0.02493054 -0.00786826
v 0.04595077 -0.02713710 -0.00410650
v 0.04563470 -0.02324574 -0.00743548
v 0.04586343 -0.01817744 -0.00639417
v 0.04603006 -0.01206780 -0.00557238
v 0.04611995 -0.00523262 -0.00510046
v 0.04613750 0.00000000 -0.00499999
v 0.04490481 -0.04283550 -0.00852569
v 0.04442610 -0.03531238 -0.01185353
v 0.04490598 -0.03196084 -0.01026818
v 0.04379358 -0.03847090 -0.01371105
v 0.04386790 -0.04283699 -0.01290446
v 0.04310156 -0.04096773 -0.01551908
v 0.04240298 -0.04283822 -0.01716628
v 0.04213911 -0.04344938 -0.01774725
v 0.04169522 -0.05850000 -0.01692643
v 0.03962069 -0.05850000 -0.02133533
v 0.04099765 -0.04550740 -0.02006825
v 0.03529714 -0.05010769 -0.02863442
v 0.03579607 -0.04989042 -0.02802435
v 0.03756270 -0.05850000 -0.02477979
v 0.03790848 -0.04869453 -0.02518951
v 0.03957021 -0.04728426 -0.02260976
v 0.03475600 -0.05850000 -0.02858347
v 0.03196935 -0.05850000 -0.03166946
v 0.03338185 -0.05077960 -0.03079936
v 0.02858346 -0.05850000 -0.03475601
v 0.02735010 -0.05189401 -0.03618662
v 0.02892366 -0.05169930 -0.03495673
v 0.03056284 -0.05143641 -0.03355310
v 0.01686879 -0.05242918 -0.04206204
v 0.02040304 -0.05234253 -0.04047623
v 0.02147046 -0.05230328 -0.03992416
v 0.01731863 -0.05850000 -0.04153384
v 0.01328433 -0.05850000 -0.04299444
v 0.01265428 -0.05247895 -0.04350631
v 0.00473345 -0.05850000 -0.04475031
v 0.00000000 -0.05850000 -0.04499996
v 0.00000000 -0.05550069 -0.04515206
v 0.01074092 -0.05248922 -0.04401411
v 0.00883103 -0.05850000 -0.04412492
v 0.00872066 -0.05249441 -0.04445510
v 0.00435844 -0.05249901 -0.04508611
v 0.00000000 -0.05250001 -0.04529412
v 0.04507020 -0.03050863 -0.00968142
v 0.04299444 -0.05850000 -0.01328434
v 0.04420619 -0.05850000 -0.00841478
v 0.04475031 -0.05850000 -0.00473346
v -0.04144143 0.04952424 -0.02089494
v -0.04107086 0.05141528 -0.02158483
v -0.04026601 0.05132122 -0.02320552
v -0.00473346 -0.05850000 -0.04475031
v -0.04578064 0.04253775 -0.00000000
v -0.04580097 0.03572160 -0.00414488
v -0.04629221 0.01357375 -0.00000001
v -0.04620165 0.00430058 -0.00414563
v -0.04620133 -0.02281409 -0.00000000
v -0.04636955 0.00000414 -0.00000000
v -0.04635813 0.00430003 -0.00000000
v -0.04568570 -0.04283191 0.00000000
v -0.04596237 -0.03390736 0.00000000
v -0.04595077 -0.02713710 -0.00410650
v -0.00883103 -0.05850000 -0.04412492
v -0.00513346 -0.05249860 -0.04500532
v -0.00387090 -0.05249928 -0.04513010
v -0.01275831 -0.05247847 -0.04347611
v -0.01074096 -0.05248950 -0.04401409
v -0.00832792 -0.05249525 -0.04452969
v -0.02513270 -0.05850000 -0.03732749
v -0.02041897 -0.05234233 -0.04046824
v -0.02133532 -0.05850000 -0.03962069
v -0.01677663 -0.05243105 -0.04209863
v -0.01731863 -0.05850000 -0.04153384
v -0.01328433 -0.05850000 -0.04299444
v -0.02858346 -0.05850000 -0.03475600
v -0.02763627 -0.05186257 -0.03597096
v -0.02394491 -0.05217768 -0.03850257
v -0.03756270 -0.05850000 -0.02477979
v -0.03617794 -0.04971021 -0.02754312
v -0.03475601 -0.05850000 -0.02858346
v -0.03370656 -0.05068174 -0.03045066
v -0.03196935 -0.05850000 -0.03166946
v -0.03103177 -0.05134787 -0.03312648
v -0.02892395 -0.05169963 -0.03495647
v -0.04299444 -0.05850000 -0.01328433
v -0.04242878 -0.04279371 -0.01710644
v -0.04169522 -0.05850000 -0.01692643
v -0.04128359 -0.04505840 -0.01951421
v -0.03962069 -0.05850000 -0.02133532
v -0.03985705 -0.04697970 -0.02212606
v -0.03813539 -0.04853244 -0.02485747
v -0.04490481 -0.04283550 -0.00852569
v -0.04462035 -0.03408822 -0.01123274
v -0.04386790 -0.04283699 -0.01290446
v -0.04401795 -0.03747180 -0.01307767
v -0.04330277 -0.04031977 -0.01501365
v -0.04550970 -0.04283374 -0.00406794
v -0.04547009 -0.02587944 -0.00813253
v -0.04509299 -0.03029271 -0.00959770
v -0.04609727 -0.00769488 -0.00522228
v -0.04596960 -0.01472277 -0.00587730
v -0.04575172 -0.02093254 -0.00691386
v -0.04613749 0.00000000 -0.00500006
v -0.04572130 0.02243571 -0.00725228
v -0.04542405 0.02825544 -0.00872611
v -0.04530448 0.03572444 -0.00866586
v -0.04504992 0.03326092 -0.01040414
v -0.04592977 0.01624248 -0.00614050
v -0.04606852 0.00941282 -0.00537167
v -0.04613277 0.00224545 -0.00502085
v -0.04460270 0.03745127 -0.01218888
v -0.04515072 0.04677475 -0.00797673
v -0.04400979 0.04134456 -0.01425822
v -0.04419373 0.04933282 -0.01278457
v -0.04412477 0.04947723 -0.01305579
v -0.04278745 0.05177234 -0.01736699
v -0.04279757 0.05141271 -0.01736997
v -0.04302670 0.05141569 -0.01669665
v -0.04277892 0.04636089 -0.01779747
v -0.04330898 0.04455433 -0.01637574
v -0.04246036 0.04726605 -0.01859198
v -0.03700741 0.05750540 -0.02815313
v -0.03621551 0.05430515 -0.02937781
v -0.03718683 0.05386484 -0.02809226
v -0.03926214 0.05570638 -0.02476844
v -0.03500975 0.05471497 -0.03084034
v -0.03466910 0.05903402 -0.03102471
v -0.03315623 0.05514779 -0.03283932
v -0.03304520 0.05993859 -0.03272669
v -0.03244126 0.05526913 -0.03353896
v -0.03193620 0.06049452 -0.03377341
v -0.02977369 0.05557939 -0.03585851
v -0.02867949 0.06189624 -0.03641042
v -0.02549312 0.06300415 -0.03849262
v -0.02648707 0.05578909 -0.03820875
v -0.02453743 0.06329432 -0.03903791
v -0.02288507 0.05590540 -0.04028150
v -0.02189018 0.06400858 -0.04038169
v -0.01893237 0.05596199 -0.04206065
v -0.01877644 0.06469703 -0.04167971
v -0.01767636 0.05597246 -0.04252944
v -0.01793715 0.06485727 -0.04198150
v -0.01439564 0.06542477 -0.04304714
v -0.01471963 0.05598855 -0.04346402
v -0.01208270 0.05599532 -0.04411369
v -0.01257049 0.06565277 -0.04347552
v -0.00998696 0.05599711 -0.04451801
v -0.01009974 0.06590119 -0.04393805
v -0.00559597 0.06618500 -0.04447626
v -0.00524246 0.05599928 -0.04510849
v -0.00023473 0.06630020 -0.04469002
v -0.00011739 0.06630006 -0.04469031
v -0.03883309 0.05278456 -0.02565511
v -0.04116723 0.05381912 -0.02121669
v -0.04157362 0.05335392 -0.02034200
v -0.04278622 0.05177413 -0.01737034
v -0.04567939 0.04404372 -0.00283580
v -0.04420619 -0.05850000 -0.00841478
v -0.04475031 -0.05850000 -0.00473345
v -0.04499996 -0.05850000 -0.00000000
v -0.04475031 -0.05850000 0.00473345
v -0.04547882 -0.03391055 0.00681264
v -0.04585655 -0.03390894 0.00320104
v -0.02906071 -0.03391648 0.03583334
v -0.02836354 -0.05850000 0.03493571
v -0.02313321 -0.05850000 0.03859857
v -0.04627284 0.00000426 0.00324205
v -0.00456591 -0.03390957 0.04574649
v -0.04562824 0.03974802 0.00524885
v -0.04610392 0.02159039 0.00324768
v -0.04577730 0.02159202 0.00690063
v -0.04520383 0.02159343 0.01047287
v -0.04505050 0.03721248 0.01001666
v -0.04436748 0.02159466 0.01399069
v -0.04408716 0.03488801 0.01438691
v -0.04330042 0.02159567 0.01732047
v -0.04275862 0.03272380 0.01845728
v -0.04196723 0.02159650 0.02058028
v -0.04099530 0.03060110 0.02245036
v -0.04041333 0.02159715 0.02366873
v -0.03886009 0.02860231 0.02620931
v -0.02399605 0.00000479 0.04018011
v -0.02099244 0.00000474 0.04176262
v -0.02348243 0.02099409 0.04051839
v -0.01959268 0.01998676 0.04241292
v -0.00207458 0.01797018 0.04620576
v -0.00462266 0.00000431 0.04617148
v -0.00681114 0.01816961 0.04583009
v -0.00803243 0.00000442 0.04575907
v -0.01129296 0.01857651 0.04506499
v -0.01140085 0.00000452 0.04511119
v -0.01140816 0.01858999 0.04503963
v -0.01467876 0.00000461 0.04423242
v -0.01292232 0.01878214 0.04467833
v -0.01789493 0.00000468 0.04311042
v -0.01554079 0.01918254 0.04392554
v -0.01921710 0.01990215 0.04257206
v -0.04483214 -0.03391196 0.01034828
v -0.04383921 -0.05850000 0.01015478
v -0.04391279 -0.03391319 0.01382565
v -0.04299444 -0.05850000 0.01328433
v -0.04290795 -0.05850000 0.01356110
v -0.04276936 -0.03391419 0.01710507
v -0.04176041 -0.05850000 0.01676494
v -0.04137480 -0.03391502 0.02029747
v -0.04037403 -0.05850000 0.01987290
v -0.03977961 -0.03391567 0.02330778
v -0.03962069 -0.05850000 0.02133532
v -0.03796065 -0.03391615 0.02619641
v -0.03701406 -0.05850000 0.02559207
v -0.03594932 -0.03391647 0.02891616
v -0.03475600 -0.05850000 0.02858346
v -0.03373861 -0.03391663 0.03147938
v -0.03289681 -0.05850000 0.03070495
v -0.02858346 -0.05850000 0.03475601
v -0.00793895 -0.03391102 0.04530327
v -0.01127085 -0.03391230 0.04461636
v -0.01450882 -0.03391341 0.04369746
v -0.01767720 -0.03391435 0.04254061
v -0.02071755 -0.03391512 0.04116920
v -0.02365725 -0.03391574 0.03957533
v -0.02682881 0.00000483 0.03840666
v -0.02502849 0.02146603 0.03963079
v -0.02133532 -0.05850000 0.03962069
v -0.01732277 -0.05850000 0.04153211
v -0.01328433 -0.05850000 0.04299444
v -0.01105917 -0.05850000 0.04361984
v -0.00473345 -0.05850000 0.04475031
v -0.02714018 0.02218479 0.03827894
v -0.02952685 0.00000485 0.03642203
v -0.03199703 0.00000485 0.03430140
v -0.03429964 0.00000485 0.03199893
v -0.03653919 0.00000485 0.02937894
v -0.03856460 0.00000482 0.02659465
v -0.04038369 0.00000478 0.02363865
v -0.04196563 0.00000474 0.02056385
v -0.04333351 0.00000467 0.01731331
v -0.04443943 0.00000459 0.01398657
v -0.04531565 0.00000450 0.01046789
v -0.04592307 0.00000439 0.00689404
v -0.03020820 0.02340464 0.03598457
v -0.03052504 0.02354417 0.03572214
v -0.03363353 0.02507779 0.03283772
v -0.03636995 0.02673897 0.02971381
v -0.03834529 0.06037306 0.02596025
v -0.03789066 0.06996542 0.02569012
v -0.03952151 0.06996332 0.02278577
v -0.04543329 0.05074820 0.00361361
v -0.04553124 0.05074402 -0.00000000
v -0.04499422 0.06034766 0.00359713
v -0.04485330 0.06404383 -0.00000000
v -0.04430609 0.06993596 0.00356727
v -0.04358156 0.07771754 -0.00000000
v -0.04320333 0.07772869 0.00741893
v -0.04321186 0.08062440 -0.00000000
v -0.00622399 0.05075097 0.04523100
v -0.00625552 0.01822629 0.04589514
v -0.01909098 0.05076149 0.04217383
v -0.01283385 0.05075705 0.04413838
v -0.02488484 0.05076439 0.03935137
v -0.03005669 0.05076588 0.03578537
v -0.03241904 0.05076613 0.03371080
v -0.03460341 0.05076606 0.03144944
v -0.03671611 0.05076564 0.02886174
v -0.03860666 0.05076484 0.02611254
v -0.04030520 0.05076366 0.02316027
v -0.04175763 0.05076208 0.02009933
v -0.04381777 0.05075807 0.01411218
v -0.04507406 0.05075236 0.00761165
v -0.03187972 0.06996770 0.03314164
v -0.02988085 0.06037463 0.03556048
v -0.02956529 0.06996724 0.03516118
v -0.02473931 0.06037237 0.03907847
v -0.02448251 0.06996462 0.03860707
v -0.01897769 0.06036795 0.04184636
v -0.01878269 0.06995949 0.04129929
v -0.01276049 0.06036117 0.04375436
v -0.01263507 0.06995164 0.04313409
v -0.00619302 0.06035189 0.04480219
v -0.00613837 0.06994088 0.04412649
v -0.04001604 0.06037125 0.02302415
v -0.04090529 0.06996053 0.01977438
v -0.04143962 0.06036885 0.01998020
v -0.04283822 0.06995343 0.01389052
v -0.04344468 0.06036272 0.01403031
v -0.04398593 0.06994334 0.00750358
v -0.04465262 0.06035401 0.00757229
v -0.00607073 0.07772684 0.04333489
v -0.01248211 0.07773495 0.04239837
v -0.01854423 0.07774088 0.04063964
v -0.03891860 0.07774377 0.02249199
v -0.03733209 0.07774535 0.02535531
v -0.04025922 0.07774167 0.01952223
v -0.04211662 0.07773630 0.01372017
v -0.03606402 0.06996682 0.02839229
v -0.03401170 0.06996758 0.03093066
v -0.02416493 0.07774475 0.03802974
v -0.02917220 0.07774673 0.03466609
v -0.03382856 0.06996761 -0.03113617
v -0.04504160 0.05075261 -0.00786432
v -0.04542605 0.05074834 -0.00374185
v -0.04374285 0.05075828 -0.01439027
v -0.04132546 0.06036909 -0.02024910
v -0.04337220 0.06036304 -0.01430656
v -0.03987904 0.06037143 -0.02328697
v -0.03818552 0.06037319 -0.02621413
v -0.03589335 0.06996691 -0.02862142
v -0.03170128 0.06996769 -0.03331007
v -0.02939673 0.06996720 -0.03529549
v -0.02434242 0.06996451 -0.03868654
v -0.01250476 0.06995144 -0.04316269
v -0.01865518 0.06995936 -0.04134784
v -0.00597675 0.06994058 -0.04414098
v -0.00591108 0.07772660 -0.04334841
v -0.04349610 0.07772332 -0.00365487
v -0.03773440 0.06996557 -0.02594120
v -0.03938802 0.06996353 -0.02304579
v -0.04079458 0.06996082 -0.02004039
v -0.04276884 0.06995381 -0.01416364
v -0.04462163 0.06035439 -0.00782340
v -0.04395674 0.06994377 -0.00775207
v -0.04498737 0.06034787 -0.00372470
v -0.04429970 0.06993622 -0.00369369
v -0.01235360 0.07773481 -0.04242555
v -0.01841847 0.07774077 -0.04068646
v -0.02402682 0.07774468 -0.03810706
v -0.02900631 0.07774669 -0.03479752
v -0.03717979 0.07774547 -0.02560277
v -0.03878897 0.07774393 -0.02274838
v -0.04015221 0.07774188 -0.01978458
v -0.04205043 0.07773659 -0.01398948
v -0.04317595 0.07772902 -0.00766426
v -0.00473345 -0.06800000 0.04475031
v 0.00000000 -0.06800000 0.04499996
v -0.01328433 -0.06800000 0.04299444
v -0.02133532 -0.06800000 0.03962069
v -0.02858346 -0.06800000 0.03475601
v -0.03475600 -0.06800000 0.02858346
v -0.03962069 -0.06800000 0.02133532
v -0.04299444 -0.06800000 0.01328433
v -0.04499996 -0.06800000 0.00000000
v -0.04475031 -0.06800000 0.00473345
v 0.04475031 -0.06800000 0.00473344
v 0.04499996 -0.06800000 -0.00000001
v 0.04299444 -0.06800000 0.01328432
v 0.03962069 -0.06800000 0.02133531
v 0.03475601 -0.06800000 0.02858346
v 0.02858347 -0.06800000 0.03475600
v 0.02133533 -0.06800000 0.03962068
v 0.01328434 -0.06800000 0.04299444
v 0.00473346 -0.06800000 0.04475031
v 0.00473345 -0.06800000 -0.04475031
v -0.00000000 -0.06800000 -0.04499996
v 0.01328433 -0.06800000 -0.04299444
v 0.02133532 -0.06800000 -0.03962069
v 0.02858346 -0.06800000 -0.03475601
v 0.03475600 -0.06800000 -0.02858347
v 0.03962069 -0.06800000 -0.02133533
v 0.04299444 -0.06800000 -0.01328434
v 0.04475031 -0.06800000 -0.00473346
v -0.04475031 -0.06800000 -0.00473345
v -0.04299444 -0.06800000 -0.01328433
v -0.03962069 -0.06800000 -0.02133532
v -0.03475601 -0.06800000 -0.02858346
v -0.02858346 -0.06800000 -0.03475600
v -0.02133532 -0.06800000 -0.03962069
v -0.01328433 -0.06800000 -0.04299444
v -0.00473346 -0.06800000 -0.04475031
v -0.03890944 -0.03864795 -0.02681324
v -0.04004861 -0.03650755 -0.02529087
v -0.03861128 -0.03430494 -0.03055110
v -0.02314586 -0.04986401 -0.03952614
v -0.02587501 -0.04953139 -0.03781393
v -0.02474312 -0.04703380 -0.03993601
v -0.01035460 -0.05060757 -0.04454549
v -0.02864834 -0.04906282 -0.03578330
v -0.04553766 0.00000009 -0.01281239
v -0.04527956 0.00000009 -0.01784116
v -0.04518791 -0.00584825 -0.01797037
v -0.04476431 -0.00443973 -0.04426643
v -0.04495820 0.00000006 -0.03103471
v -0.04500000 -0.00000000 -0.05700000
v -0.00204284 -0.04495360 -0.05700000
v 0.00000000 -0.04500000 -0.05700000
v -0.00000006 -0.04523026 -0.05398517
v -0.00496232 -0.05069091 -0.04544386
v -0.00416414 -0.04489157 -0.05515609
v -0.00428010 -0.04517332 -0.05327218
v -0.00000008 -0.04588038 -0.05147839
v -0.00439889 -0.04569688 -0.05144163
v -0.00000007 -0.04685043 -0.04941909
v -0.00452350 -0.04649610 -0.04966956
v -0.00000006 -0.04809668 -0.04767866
v -0.00465701 -0.04759452 -0.04797636
v -0.00000004 -0.04943674 -0.04643313
v -0.00480211 -0.04900174 -0.04649875
v -0.00000002 -0.05092809 -0.04561682
v -0.01314779 -0.04317197 -0.05487426
v -0.01111048 -0.04360684 -0.05700000
v -0.00851949 -0.04418617 -0.05700000
v -0.02901782 -0.03478694 -0.05286046
v -0.02744921 -0.03565867 -0.05700000
v -0.02524401 -0.03725238 -0.05700000
v -0.03518347 -0.02849277 -0.05181490
v -0.03408288 -0.02938294 -0.05700000
v -0.03221726 -0.03141732 -0.05700000
v -0.03773741 -0.02491976 -0.05149424
v -0.03782251 -0.02438150 -0.05700000
v -0.04174098 -0.01710327 -0.05108763
v -0.04186293 -0.01650742 -0.05700000
v -0.03931301 -0.02189720 -0.05700000
v -0.04317875 -0.01355376 -0.04460258
v -0.04292420 -0.01350972 -0.05700000
v -0.04416566 -0.00909784 -0.04439998
v -0.04425615 -0.00814820 -0.05700000
v -0.04476776 -0.00456592 -0.05700000
v -0.04491901 -0.01165278 -0.01835374
v -0.04447730 -0.01704963 -0.01898261
v -0.04383563 -0.02223881 -0.01990537
v -0.04174542 -0.03198258 -0.02292003
v -0.04097501 -0.03427572 -0.02400911
v -0.03765246 -0.04498745 -0.02640378
v -0.03581488 -0.04641436 -0.02876221
v -0.03370707 -0.04754053 -0.03114655
v -0.03411987 -0.04368411 -0.03239718
v -0.01548636 -0.05042592 -0.04305977
v -0.03130566 -0.04841160 -0.03351590
v -0.03208651 -0.04481568 -0.03437304
v -0.03260795 -0.04112092 -0.03631259
v -0.02053019 -0.05010518 -0.04092767
v -0.02851439 -0.04325857 -0.03953482
v -0.02619286 -0.04408716 -0.04108952
v -0.02732519 -0.04645981 -0.03823187
v -0.02981148 -0.04573061 -0.03634109
v -0.03066011 -0.04227791 -0.03792385
v -0.03130807 -0.03886919 -0.04036549
v -0.03923183 -0.04321574 -0.02412404
v -0.03753303 -0.04061020 -0.02855932
v -0.03593231 -0.04229534 -0.03044528
v -0.03597723 -0.03814200 -0.03319635
v -0.03437739 -0.03975346 -0.03472579
v -0.03461548 -0.03594875 -0.03791781
v -0.03302850 -0.03750515 -0.03911617
v -0.02742000 -0.04112826 -0.04292223
v -0.02944472 -0.04006800 -0.04164061
v -0.02653808 -0.03940094 -0.04638206
v -0.03226452 -0.03180403 -0.05227818
v -0.02948144 -0.03562871 -0.04861884
v -0.03270483 -0.03270923 -0.04742548
v -0.03025489 -0.03700553 -0.04446291
v -0.03350585 -0.03410546 -0.04265193
v -0.02587681 -0.03815872 -0.04990673
v -0.02544295 -0.03743795 -0.05350244
v -0.01968517 -0.04046596 -0.05700000
v -0.02378649 -0.04478457 -0.04249841
v -0.02299530 -0.04289254 -0.04529662
v -0.02236268 -0.04139367 -0.04818297
v -0.02188028 -0.04034185 -0.05112837
v -0.02153945 -0.03975150 -0.05411810
v -0.01721414 -0.04157731 -0.05700000
v -0.01973406 -0.04785616 -0.04258256
v -0.01906630 -0.04587677 -0.04470453
v -0.01851312 -0.04425201 -0.04707389
v -0.01806306 -0.04299631 -0.04953130
v -0.01770339 -0.04213729 -0.05203883
v -0.01742149 -0.04167009 -0.05457311
v -0.01340900 -0.04354248 -0.05265643
v -0.01370713 -0.04424267 -0.05046319
v -0.01405305 -0.04529132 -0.04831582
v -0.01445786 -0.04668207 -0.04625019
v -0.01493163 -0.04841490 -0.04442419
v -0.01000066 -0.04878870 -0.04571738
v -0.00968918 -0.04725182 -0.04733259
v -0.00941211 -0.04604100 -0.04917449
v -0.00916285 -0.04514770 -0.05109390
v -0.00893407 -0.04456070 -0.05306204
v -0.00871864 -0.04425111 -0.05506484
v -0.00207826 -0.04495198 -0.05700000
v -0.04358022 -0.01510412 -0.03184633
v -0.04433915 -0.01025269 -0.03142106
v -0.04480582 -0.00508783 -0.03114646
v -0.04181437 -0.01783784 -0.04488488
v -0.04208206 -0.01871520 -0.03868065
v -0.04252398 -0.01975453 -0.03244996
v -0.03555991 -0.02938047 -0.04645256
v -0.03800609 -0.02577204 -0.04576505
v -0.03629892 -0.03067175 -0.04114706
v -0.03859944 -0.02692999 -0.04006822
v -0.03733846 -0.03233993 -0.03585631
v -0.03946141 -0.02838687 -0.03436574
v -0.03992544 -0.02111635 -0.05126277
v -0.04008542 -0.02192352 -0.04526400
v -0.04050992 -0.02294719 -0.03927776
v -0.04115866 -0.02419665 -0.03327223
v -0.04198701 -0.02563319 -0.02722763
v -0.03964187 -0.03222542 -0.02951412
v -0.04053092 -0.03008429 -0.02863227
v -0.04294897 -0.02723399 -0.02118969
v -0.03739446 -0.03629992 -0.03178272
v -0.03605830 -0.03420808 -0.03681467
v 0.03992544 -0.02111635 -0.05126276
v 0.04174098 -0.01710327 -0.05108762
v 0.04181437 -0.01783784 -0.04488486
v 0.03629893 -0.03067176 -0.04114704
v 0.03859944 -0.02692999 -0.04006819
v 0.03946141 -0.02838688 -0.03436571
v 0.04317875 -0.01355377 -0.04460256
v 0.04416566 -0.00909784 -0.04439996
v 0.04433915 -0.01025270 -0.03142102
v 0.01548637 -0.05042595 -0.04305976
v 0.02053020 -0.05010520 -0.04092766
v 0.00416414 -0.04489157 -0.05515609
v 0.00428010 -0.04517332 -0.05327217
v 0.03408288 -0.02938294 -0.05700000
v 0.03518347 -0.02849277 -0.05181489
v 0.03226452 -0.03180403 -0.05227817
v 0.04527970 -0.00000006 -0.01783837
v 0.04553770 -0.00000008 -0.01281209
v 0.04518791 -0.00584825 -0.01797031
v 0.04527959 -0.00000006 -0.01784111
v 0.04480582 -0.00508783 -0.03114642
v 0.04495822 -0.00000004 -0.03103467
v 0.04476431 -0.00443973 -0.04426641
v 0.04500000 0.00000000 -0.05700000
v 0.04476776 -0.00456592 -0.05700000
v 0.04425615 -0.00814820 -0.05700000
v 0.04292420 -0.01350972 -0.05700000
v 0.04186293 -0.01650742 -0.05700000
v 0.03931301 -0.02189720 -0.05700000
v 0.03221726 -0.03141732 -0.05700000
v 0.02901782 -0.03478694 -0.05286046
v 0.02744921 -0.03565867 -0.05700000
v 0.02544295 -0.03743796 -0.05350244
v 0.02524401 -0.03725238 -0.05700000
v 0.02153945 -0.03975150 -0.05411809
v 0.01968517 -0.04046596 -0.05700000
v 0.01742149 -0.04167009 -0.05457311
v 0.01721414 -0.04157731 -0.05700000
v 0.01314779 -0.04317197 -0.05487426
v 0.01111048 -0.04360684 -0.05700000
v 0.00871864 -0.04425111 -0.05506483
v 0.00851949 -0.04418617 -0.05700000
v 0.00207826 -0.04495198 -0.05700000
v 0.00496232 -0.05069093 -0.04544385
v 0.01035460 -0.05060759 -0.04454549
v 0.02587502 -0.04953142 -0.03781391
v 0.02314587 -0.04986404 -0.03952612
v 0.04174544 -0.03198260 -0.02291998
v 0.04097502 -0.03427574 -0.02400906
v 0.04004862 -0.03650757 -0.02529083
v 0.03890945 -0.03864797 -0.02681320
v 0.03923184 -0.04321577 -0.02412399
v 0.03765247 -0.04498748 -0.02640374
v 0.03581490 -0.04641438 -0.02876218
v 0.03370709 -0.04754055 -0.03114652
v 0.03130567 -0.04841163 -0.03351588
v 0.04383563 -0.02223882 -0.01990531
v 0.04294898 -0.02723401 -0.02118964
v 0.02474313 -0.04703382 -0.03993599
v 0.02732520 -0.04645983 -0.03823185
v 0.02864835 -0.04906285 -0.03578328
v 0.02981149 -0.04573064 -0.03634107
v 0.03208653 -0.04481570 -0.03437301
v 0.03411989 -0.04368413 -0.03239715
v 0.03593232 -0.04229537 -0.03044524
v 0.03753304 -0.04061022 -0.02855928
v 0.00480211 -0.04900176 -0.04649874
v 0.01000066 -0.04878872 -0.04571737
v 0.01493164 -0.04841492 -0.04442418
v 0.01973407 -0.04785617 -0.04258254
v 0.00465701 -0.04759453 -0.04797634
v 0.00968919 -0.04725184 -0.04733257
v 0.01445786 -0.04668209 -0.04625017
v 0.01906630 -0.04587679 -0.04470452
v 0.02378649 -0.04478459 -0.04249839
v 0.02619286 -0.04408718 -0.04108950
v 0.00452350 -0.04649610 -0.04966955
v 0.00941211 -0.04604101 -0.04917448
v 0.01405305 -0.04529132 -0.04831581
v 0.01851312 -0.04425202 -0.04707388
v 0.02299531 -0.04289255 -0.04529660
v 0.02742001 -0.04112827 -0.04292221
v 0.03025489 -0.03700554 -0.04446289
v 0.03350586 -0.03410547 -0.04265191
v 0.03302851 -0.03750516 -0.03911615
v 0.03130808 -0.03886921 -0.04036546
v 0.02944473 -0.04006801 -0.04164058
v 0.02653808 -0.03940094 -0.04638205
v 0.02236268 -0.04139368 -0.04818296
v 0.01806307 -0.04299632 -0.04953129
v 0.01370713 -0.04424267 -0.05046318
v 0.00916285 -0.04514770 -0.05109389
v 0.00439890 -0.04569688 -0.05144162
v 0.04115867 -0.02419666 -0.03327219
v 0.04050992 -0.02294720 -0.03927773
v 0.04252398 -0.01975454 -0.03244993
v 0.03733846 -0.03233995 -0.03585628
v 0.03605831 -0.03420809 -0.03681464
v 0.03461549 -0.03594876 -0.03791778
v 0.03782251 -0.02438150 -0.05700000
v 0.03773741 -0.02491976 -0.05149423
v 0.04008542 -0.02192353 -0.04526398
v 0.04208206 -0.01871520 -0.03868062
v 0.04358022 -0.01510413 -0.03184630
v 0.04491901 -0.01165279 -0.01835369
v 0.00893407 -0.04456070 -0.05306203
v 0.01340900 -0.04354248 -0.05265643
v 0.01770339 -0.04213729 -0.05203882
v 0.02188028 -0.04034185 -0.05112837
v 0.02587681 -0.03815873 -0.04990673
v 0.02948144 -0.03562871 -0.04861883
v 0.03270483 -0.03270924 -0.04742547
v 0.03555991 -0.02938047 -0.04645254
v 0.03800609 -0.02577204 -0.04576503
v 0.04198702 -0.02563320 -0.02722759
v 0.02851440 -0.04325859 -0.03953480
v 0.03066012 -0.04227793 -0.03792383
v 0.03260796 -0.04112094 -0.03631256
v 0.03437740 -0.03975348 -0.03472576
v 0.03597724 -0.03814201 -0.03319632
v 0.03739448 -0.03629993 -0.03178268
v 0.03861129 -0.03430495 -0.03055107
v 0.03964188 -0.03222543 -0.02951408
v 0.04053093 -0.03008430 -0.02863223
v 0.04447730 -0.01704964 -0.01898255
v 0.01411935 0.04478310 -0.04970899
v 0.00958592 0.04565403 -0.05030823
v 0.01002305 0.04715572 -0.04835767
v 0.01685041 0.05355331 -0.04313865
v 0.04374883 0.02449114 -0.02029245
v 0.04280496 0.03016790 -0.02182779
v 0.03143320 0.03220177 -0.05700000
v 0.03135239 0.03280167 -0.05233775
v 0.03430637 0.02965395 -0.05185964
v 0.00577378 0.05376235 -0.04537629
v 0.00522618 0.04939454 -0.04732166
v -0.00000005 0.05201642 -0.04617445
v 0.00549238 0.05148452 -0.04615422
v -0.00000001 0.05376158 -0.04562970
v 0.00497166 0.04759538 -0.04883283
v -0.00000016 0.04854162 -0.04822059
v -0.00000013 0.04947865 -0.04751139
v -0.00000027 0.04617860 -0.05107595
v -0.00000019 0.04773656 -0.04896652
v 0.00472568 0.04620666 -0.05063162
v 0.00448563 0.04532897 -0.05264646
v -0.00000031 0.04553260 -0.05264568
v 0.00425043 0.04490972 -0.05481195
v -0.00000034 0.04514850 -0.05445119
v 0.00207826 0.04495199 -0.05700000
v 0.00877645 0.04426968 -0.05474545
v 0.00841626 0.04420596 -0.05700000
v 0.01310862 0.04322265 -0.05457401
v 0.01111048 0.04360685 -0.05700000
v 0.01722842 0.04180045 -0.05429296
v 0.01684222 0.04172936 -0.05700000
v 0.02110999 0.04003708 -0.05391569
v 0.01968517 0.04046597 -0.05700000
v 0.03408288 0.02938294 -0.05700000
v 0.03697183 0.02615196 -0.05151160
v 0.03713399 0.02541785 -0.05700000
v 0.03931478 0.02233114 -0.05126086
v 0.03931301 0.02189721 -0.05700000
v 0.04130236 0.01822076 -0.05107602
v 0.04144976 0.01751905 -0.05700000
v 0.04289958 0.01384803 -0.05093867
v 0.04292420 0.01350973 -0.05700000
v 0.04406557 0.00926568 -0.05084397
v 0.04413665 0.00877245 -0.05700000
v 0.04474179 0.00480224 -0.04423627
v 0.04476776 0.00456592 -0.05700000
v 0.04519554 0.00634428 -0.01798056
v 0.04220577 0.03293339 -0.02279473
v 0.03834716 0.04298501 -0.02849171
v 0.03959941 0.04072830 -0.02676338
v 0.04063493 0.03826055 -0.02524513
v 0.04149064 0.03564493 -0.02392874
v 0.03864259 0.04822315 -0.02654938
v 0.03696660 0.04984133 -0.02891707
v 0.03507230 0.05099964 -0.03124088
v 0.03304248 0.05177950 -0.03339056
v 0.03094115 0.05230068 -0.03530470
v 0.02877321 0.05266921 -0.03701379
v 0.02654568 0.05294127 -0.03853847
v 0.02186377 0.05331707 -0.04112842
v 0.01152522 0.05369541 -0.04454646
v 0.04295954 0.02291677 -0.02633369
v 0.04174188 0.02816055 -0.02754660
v 0.04015150 0.03317147 -0.02921111
v 0.04443613 0.01863106 -0.01918327
v 0.04344379 0.01637004 -0.03178153
v 0.04227781 0.02145969 -0.03243804
v 0.04490915 0.01266683 -0.01843536
v 0.04480323 0.00551136 -0.03109219
v 0.04428604 0.01110033 -0.03134608
v 0.03547721 0.03271170 -0.04136848
v 0.03408089 0.03445016 -0.04212314
v 0.03526843 0.03695267 -0.03737426
v 0.04412676 0.01041449 -0.03784552
v 0.04312202 0.01539615 -0.03815561
v 0.04174576 0.02016821 -0.03862172
v 0.04079123 0.02629905 -0.03335229
v 0.04002274 0.02466538 -0.03926769
v 0.03893960 0.03087206 -0.03460988
v 0.03794495 0.02887057 -0.04015500
v 0.03785041 0.03303110 -0.03540189
v 0.03663169 0.03506917 -0.03632057
v 0.04405638 0.00981023 -0.04435492
v 0.04293586 0.01456449 -0.04455545
v 0.04140658 0.01909688 -0.04485203
v 0.03950745 0.02334764 -0.04525756
v 0.03725913 0.02729611 -0.04581103
v 0.03467041 0.03089820 -0.04657182
v 0.03175240 0.03406932 -0.04758909
v 0.02857341 0.03671203 -0.04875648
v 0.03377013 0.03862297 -0.03853276
v 0.03258524 0.03602366 -0.04296068
v 0.03215442 0.04003755 -0.03974391
v 0.03100496 0.03740655 -0.04384620
v 0.03044025 0.04120458 -0.04094758
v 0.02935152 0.03860709 -0.04473698
v 0.02685866 0.04298367 -0.04309671
v 0.00917116 0.04470818 -0.05247079
v 0.01358769 0.04371795 -0.05209671
v 0.01773641 0.04239676 -0.05151843
v 0.02459199 0.03768599 -0.05700000
v 0.02474867 0.03795754 -0.05345246
v 0.02159818 0.04078468 -0.05076189
v 0.01834955 0.04362966 -0.04882887
v 0.01470530 0.04645417 -0.04753533
v 0.01048772 0.04908762 -0.04671104
v 0.01098616 0.05130808 -0.04542711
v 0.01606346 0.05099333 -0.04420448
v 0.01535103 0.04857920 -0.04568118
v 0.01988743 0.04788187 -0.04422634
v 0.01906580 0.04551711 -0.04636153
v 0.02309709 0.04436580 -0.04487757
v 0.02226405 0.04222855 -0.04770343
v 0.02590572 0.04058694 -0.04635144
v 0.02519353 0.03890350 -0.04984440
v 0.02815885 0.03556016 -0.05290658
v 0.02744921 0.03565868 -0.05700000
v 0.00000000 0.04500000 -0.05700000
v 0.03917261 0.03555181 -0.03025618
v 0.03803734 0.03779775 -0.03146382
v 0.03672027 0.03986091 -0.03284198
v 0.03687469 0.04492456 -0.03037393
v 0.03522624 0.04165884 -0.03434760
v 0.03519759 0.04646676 -0.03231931
v 0.03357362 0.04313028 -0.03590965
v 0.03334755 0.04761666 -0.03422873
v 0.03178862 0.04428213 -0.03744919
v 0.03139645 0.04844405 -0.03599628
v 0.02992784 0.04517092 -0.03888062
v 0.02939620 0.04905074 -0.03757523
v 0.02802921 0.04587801 -0.04016648
v 0.02524146 0.04991758 -0.04027357
v 0.02081836 0.05053694 -0.04247456
v 0.02409104 0.04699736 -0.04238847
v -0.04474179 0.00480219 -0.04423718
v -0.04405638 0.00981015 -0.04435583
v -0.04406557 0.00926564 -0.05084441
v -0.04476776 0.00456592 -0.05700000
v -0.04289958 0.01384799 -0.05093910
v -0.04292420 0.01350973 -0.05700000
v -0.04413665 0.00877245 -0.05700000
v -0.04130236 0.01822070 -0.05107645
v -0.04144976 0.01751905 -0.05700000
v -0.03931478 0.02233108 -0.05126126
v -0.03931301 0.02189721 -0.05700000
v -0.03697182 0.02615189 -0.05151198
v -0.03713399 0.02541785 -0.05700000
v -0.03430636 0.02965388 -0.05186000
v -0.03408288 0.02938294 -0.05700000
v -0.03135238 0.03280161 -0.05233807
v -0.03143320 0.03220177 -0.05700000
v -0.02815883 0.03556010 -0.05290687
v -0.02744921 0.03565868 -0.05700000
v -0.02474865 0.03795750 -0.05345271
v -0.02459199 0.03768599 -0.05700000
v -0.02110997 0.04003705 -0.05391591
v -0.01968517 0.04046597 -0.05700000
v -0.01722839 0.04180044 -0.05429315
v -0.01684222 0.04172936 -0.05700000
v -0.01310859 0.04322263 -0.05457418
v -0.01111048 0.04360685 -0.05700000
v -0.00877643 0.04426966 -0.05474560
v -0.00841626 0.04420596 -0.05700000
v -0.00425041 0.04490970 -0.05481210
v -0.00207826 0.04495199 -0.05700000
v -0.00497159 0.04759492 -0.04883330
v -0.00577364 0.05376120 -0.04537657
v -0.01152494 0.05369421 -0.04454678
v -0.01685000 0.05355204 -0.04313907
v -0.03094035 0.05229910 -0.03530575
v -0.02877246 0.05266767 -0.03701468
v -0.02654500 0.05293979 -0.03853923
v -0.02186322 0.05331570 -0.04112898
v -0.03507142 0.05099800 -0.03124231
v -0.03696569 0.04983970 -0.02891871
v -0.03864169 0.04822155 -0.02655124
v -0.03834645 0.04298367 -0.02849352
v -0.04220525 0.03293242 -0.02279705
v -0.04149006 0.03564386 -0.02393096
v -0.04063430 0.03825938 -0.02524723
v -0.03959874 0.04072704 -0.02676534
v -0.04280450 0.03016703 -0.02183019
v -0.04374848 0.02449046 -0.02029500
v -0.04443588 0.01863055 -0.01918592
v -0.04480321 0.00551125 -0.03109403
v -0.04519541 0.00634409 -0.01798333
v -0.04174152 0.02815987 -0.02754862
v -0.04015104 0.03317063 -0.02921298
v -0.03917211 0.03555088 -0.03025796
v -0.03803681 0.03779675 -0.03146550
v -0.03671972 0.03985984 -0.03284354
v -0.04344368 0.01636975 -0.03178331
v -0.04295928 0.02291623 -0.02633582
v -0.03175231 0.03406910 -0.04758974
v -0.03467032 0.03089799 -0.04657255
v -0.03408068 0.03444970 -0.04212415
v -0.03663132 0.03506845 -0.03632196
v -0.03547700 0.03271125 -0.04136956
v -0.03785007 0.03303043 -0.03540336
v -0.03794477 0.02887019 -0.04015618
v -0.04174567 0.02016796 -0.03862302
v -0.04227763 0.02145930 -0.03243977
v -0.04002260 0.02466507 -0.03926894
v -0.04079098 0.02629855 -0.03335394
v -0.03893928 0.03087145 -0.03461142
v -0.04140654 0.01909674 -0.04485290
v -0.03950740 0.02334748 -0.04525839
v -0.03725906 0.02729592 -0.04581182
v -0.04412674 0.01041435 -0.03784689
v -0.04428598 0.01110013 -0.03134790
v -0.04490897 0.01266648 -0.01843808
v -0.04312197 0.01539596 -0.03815695
v -0.04293585 0.01456438 -0.04455634
v -0.00472562 0.04620642 -0.05063203
v -0.01002292 0.04715523 -0.04835818
v -0.00958583 0.04565377 -0.05030867
v -0.01470513 0.04645363 -0.04753590
v -0.01411924 0.04478281 -0.04970947
v -0.01906558 0.04551650 -0.04636218
v -0.01834941 0.04362932 -0.04882942
v -0.02309684 0.04436512 -0.04487832
v -0.02226389 0.04222817 -0.04770405
v -0.02685836 0.04298291 -0.04309759
v -0.02590555 0.04058651 -0.04635216
v -0.03043991 0.04120376 -0.04094861
v -0.02935132 0.03860662 -0.04473780
v -0.03215405 0.04003674 -0.03974502
v -0.03100475 0.03740605 -0.04384708
v -0.03376975 0.03862217 -0.03853397
v -0.03258503 0.03602317 -0.04296163
v -0.03526806 0.03695190 -0.03737556
v -0.02857332 0.03671182 -0.04875705
v -0.02519345 0.03890331 -0.04984489
v -0.02159810 0.04078453 -0.05076232
v -0.01773634 0.04239663 -0.05151881
v -0.01358762 0.04371784 -0.05209705
v -0.00917110 0.04470808 -0.05247110
v -0.00448560 0.04532888 -0.05264675
v -0.02939558 0.04904937 -0.03757626
v -0.03139579 0.04844264 -0.03599744
v -0.03304163 0.05177788 -0.03339178
v -0.00549226 0.05148359 -0.04615463
v -0.01098594 0.05130710 -0.04542758
v -0.01606315 0.05099227 -0.04420502
v -0.02081794 0.05053578 -0.04247521
v -0.02524094 0.04991631 -0.04027439
v -0.00522609 0.04939384 -0.04732214
v -0.01048755 0.04908689 -0.04671156
v -0.01535080 0.04857839 -0.04568177
v -0.01988712 0.04788097 -0.04422702
v -0.02409066 0.04699637 -0.04238928
v -0.02802876 0.04587693 -0.04016745
v -0.02992735 0.04516980 -0.03888169
v -0.03522569 0.04165772 -0.03434904
v -0.03687396 0.04492316 -0.03037557
v -0.03357308 0.04312914 -0.03591096
v -0.03519687 0.04646532 -0.03232078
v -0.03178810 0.04428099 -0.03745037
v -0.03334685 0.04761522 -0.03423004
v 0.00000000 -0.04500000 -0.06650000
v -0.00207826 -0.04495198 -0.06650000
v -0.01111048 -0.04360684 -0.06650000
v -0.01968517 -0.04046596 -0.06650000
v -0.02744921 -0.03565867 -0.06650000
v -0.03408288 -0.02938294 -0.06650000
v -0.03931301 -0.02189720 -0.06650000
v -0.04292420 -0.01350972 -0.06650000
v -0.04476776 -0.00456592 -0.06650000
v -0.04476776 0.00456592 -0.06650000
v -0.04292420 0.01350973 -0.06650000
v -0.03931301 0.02189721 -0.06650000
v -0.03408288 0.02938294 -0.06650000
v -0.02744921 0.03565868 -0.06650000
v -0.01968517 0.04046597 -0.06650000
v -0.01111048 0.04360685 -0.06650000
v 0.00000000 0.04500001 -0.06650000
v -0.00207826 0.04495199 -0.06650000
v 0.00207826 -0.04495198 -0.06650000
v 0.00000000 -0.03650000 -0.06650000
v 0.00812201 -0.03558487 -0.06650000
v -0.00812201 -0.03558487 -0.06650000
v -0.01583676 -0.03288536 -0.06650000
v -0.02275738 -0.02853684 -0.06650000
v -0.02853685 -0.02275737 -0.06650000
v -0.03288537 -0.01583675 -0.06650000
v -0.03558487 -0.00812201 -0.06650000
v 0.03558487 0.00812202 -0.06650000
v 0.04476776 0.00456592 -0.06650000
v 0.03650000 0.00000000 -0.06650000
v 0.04476776 -0.00456592 -0.06650000
v 0.03558487 -0.00812201 -0.06650000
v 0.04292420 -0.01350972 -0.06650000
v 0.03288537 -0.01583675 -0.06650000
v 0.03931301 -0.02189720 -0.06650000
v 0.02853685 -0.02275737 -0.06650000
v 0.03408288 -0.02938294 -0.06650000
v 0.02275738 -0.02853684 -0.06650000
v 0.02744921 -0.03565867 -0.06650000
v 0.01583676 -0.03288536 -0.06650000
v 0.01968517 -0.04046596 -0.06650000
v 0.01111048 -0.04360684 -0.06650000
v 0.00000000 0.03650000 -0.06650000
v -0.00812201 0.03558487 -0.06650000
v 0.00207826 0.04495199 -0.06650000
v 0.00812201 0.03558487 -0.06650000
v 0.01111048 0.04360685 -0.06650000
v 0.01583676 0.03288537 -0.06650000
v 0.01968517 0.04046597 -0.06650000
v 0.02275738 0.02853685 -0.06650000
v 0.02744921 0.03565868 -0.06650000
v 0.02853685 0.02275738 -0.06650000
v 0.03408288 0.02938294 -0.06650000
v 0.03288537 0.01583676 -0.06650000
v 0.03931301 0.02189721 -0.06650000
v 0.04292420 0.01350973 -0.06650000
v -0.03650000 0.00000000 -0.06650000
v -0.03558487 0.00812202 -0.06650000
v -0.03288537 0.01583676 -0.06650000
v -0.02853685 0.02275738 -0.06650000
v -0.02275738 0.02853685 -0.06650000
v -0.01583676 0.03288537 -0.06650000
v 0.00000000 -0.03650000 -0.05700000
v -0.00812201 -0.03558487 -0.05700000
v -0.01583676 -0.03288536 -0.05700000
v -0.02275738 -0.02853684 -0.05700000
v -0.02853685 -0.02275737 -0.05700000
v -0.03288537 -0.01583675 -0.05700000
v -0.03558487 -0.00812201 -0.05700000
v -0.03650000 0.00000000 -0.05700000
v -0.03558487 0.00812202 -0.05700000
v -0.03288537 0.01583676 -0.05700000
v -0.02853685 0.02275738 -0.05700000
v -0.02275738 0.02853685 -0.05700000
v -0.01583676 0.03288537 -0.05700000
v -0.00812201 0.03558487 -0.05700000
v 0.00000000 0.03650000 -0.05700000
v 0.00812201 0.03558487 -0.05700000
v 0.01583676 0.03288537 -0.05700000
v 0.02275738 0.02853685 -0.05700000
v 0.02853685 0.02275738 -0.05700000
v 0.03288537 0.01583676 -0.05700000
v 0.03558487 0.00812202 -0.05700000
v 0.03650000 0.00000000 -0.05700000
v 0.03558487 -0.00812201 -0.05700000
v 0.03288537 -0.01583675 -0.05700000
v 0.02853685 -0.02275737 -0.05700000
v 0.02275738 -0.02853684 -0.05700000
v 0.01583676 -0.03288536 -0.05700000
v 0.00812201 -0.03558487 -0.05700000
v 0.02900000 0.08850001 -0.00000000
v 0.02890956 0.08850001 -0.00353888
v 0.02863961 0.08850001 -0.00671024
v 0.02803613 0.08850001 -0.01026153
v 0.02740438 0.08850001 -0.01259168
v 0.02612576 0.08850001 -0.01583565
v 0.02511761 0.08850001 -0.01774011
v 0.02324137 0.08850001 -0.02045580
v 0.02192031 0.08850001 -0.02192031
v 0.01947629 0.08850001 -0.02398920
v 0.01774007 0.08850001 -0.02511766
v 0.01424980 0.08850001 -0.02681456
v 0.01259167 0.08850001 -0.02740439
v 0.00861008 0.08850001 -0.02836399
v 0.00671025 0.08850001 -0.02863961
v 0.00000000 0.08850001 -0.02900000
v 0.00000000 0.08850001 0.02900000
v 0.00354594 0.08850001 0.02890919
v 0.00671025 0.08850001 0.02863961
v 0.01027148 0.08850001 0.02803387
v 0.01259167 0.08850001 0.02740439
v 0.01584810 0.08850001 0.02611992
v 0.01774007 0.08850001 0.02511766
v 0.02046590 0.08850001 0.02323262
v 0.02192031 0.08850001 0.02192031
v 0.02399295 0.08850001 0.01947211
v 0.02511761 0.08850001 0.01774011
v 0.02681567 0.08850001 0.01424714
v 0.02740438 0.08850001 0.01259167
v 0.02836394 0.08850001 0.00861037
v 0.02863961 0.08850001 0.00671024
v -0.02900000 0.08850001 -0.00000000
v -0.02890956 0.08850001 0.00353888
v -0.02863961 0.08850001 0.00671024
v -0.02803613 0.08850001 0.01026153
v -0.02740438 0.08850001 0.01259167
v -0.02612576 0.08850001 0.01583565
v -0.02511761 0.08850001 0.01774011
v -0.02324137 0.08850001 0.02045580
v -0.02192031 0.08850001 0.02192031
v -0.01947629 0.08850001 0.02398920
v -0.01774007 0.08850001 0.02511766
v -0.01424980 0.08850001 0.02681456
v -0.01259167 0.08850001 0.02740439
v -0.00861008 0.08850001 0.02836398
v -0.00671025 0.08850001 0.02863961
v -0.00354594 0.08850001 -0.02890920
v -0.00671025 0.08850001 -0.02863961
v -0.01027148 0.08850001 -0.02803388
v -0.01259167 0.08850001 -0.02740439
v -0.01584810 0.08850001 -0.02611992
v -0.01774007 0.08850001 -0.02511766
v -0.02046590 0.08850001 -0.02323262
v -0.02192031 0.08850001 -0.02192031
v -0.02399295 0.08850001 -0.01947211
v -0.02511761 0.08850001 -0.01774011
v -0.02681567 0.08850001 -0.01424715
v -0.02740438 0.08850001 -0.01259168
v -0.02836394 0.08850001 -0.00861037
v -0.02863961 0.08850001 -0.00671024
v -0.02718977 0.08699366 0.00616382
v -0.02755352 0.08699366 -0.00000000
v -0.02781337 0.08717833 -0.00000000
v -0.02295254 0.08561501 0.00487083
v -0.02314954 0.08561501 -0.00000000
v -0.02548986 0.08606495 -0.00000000
v -0.02090000 0.08550000 -0.00000000
v -0.02079623 0.08550000 0.00422763
v -0.02059671 0.08550000 0.00641671
v -0.02023035 0.08550000 0.00860827
v -0.00965368 0.08561501 0.02218983
v -0.00487083 0.08561501 0.02295254
v -0.00690963 0.08550000 0.02053088
v -0.00422764 0.08550000 0.02079624
v 0.00000000 0.08561501 0.02314954
v 0.00000000 0.08550000 0.02090000
v -0.00000000 0.08717833 0.02781337
v -0.00645439 0.08768256 0.02801050
v -0.00943938 0.08768256 0.02752581
v -0.01220042 0.08768256 0.02681048
v -0.02801050 0.08768256 0.00645438
v -0.02673014 0.08699366 0.00905290
v -0.01429336 0.08699366 0.02511746
v -0.01671083 0.08699366 0.02391271
v -0.01890472 0.08699366 0.02246792
v -0.02081221 0.08699366 0.02081220
v -0.02247046 0.08699366 0.01890308
v -0.02391266 0.08699366 0.01671086
v -0.02511748 0.08699366 0.01429334
v -0.02604976 0.08699366 0.01174468
v 0.00000000 0.08606495 0.02548986
v -0.00553399 0.08606492 0.02519272
v -0.00820568 0.08606492 0.02480873
v -0.02519272 0.08606492 0.00553398
v -0.02218983 0.08561501 0.00965367
v -0.02149574 0.08561501 0.01191011
v -0.01958889 0.08550000 0.01092072
v -0.02054161 0.08561501 0.01406424
v -0.01883342 0.08550000 0.01273497
v -0.01931739 0.08561501 0.01605916
v -0.01773691 0.08550000 0.01460578
v -0.01782181 0.08561501 0.01782180
v -0.01631207 0.08550000 0.01631207
v -0.01605935 0.08561501 0.01931483
v -0.01486982 0.08550000 0.01754519
v -0.01406424 0.08561501 0.02054166
v -0.01273498 0.08550000 0.01883347
v -0.01191012 0.08561501 0.02149572
v -0.01121331 0.08550000 0.01948412
v -0.00860827 0.08550000 0.02023035
v -0.02480875 0.08606492 0.00820566
v -0.02422387 0.08606492 0.01073331
v -0.02340195 0.08606492 0.01314461
v -0.02231374 0.08606492 0.01543918
v -0.02097178 0.08606492 0.01754149
v -0.01938612 0.08606492 0.01938611
v -0.01754240 0.08606492 0.02096923
v -0.01543916 0.08606492 0.02231378
v -0.01314462 0.08606492 0.02340193
v -0.01073332 0.08606492 0.02422388
v -0.00000000 0.08699366 0.02755352
v -0.00616383 0.08699366 0.02718977
v -0.00905291 0.08699366 0.02673012
v -0.01174468 0.08699366 0.02604976
v 0.00000000 0.08717833 -0.02781337
v -0.00645439 0.08768256 -0.02801050
v -0.00487083 0.08561501 -0.02295252
v -0.00000000 0.08561501 -0.02314954
v 0.00000000 0.08606495 -0.02548986
v 0.00000000 0.08550000 -0.02090000
v -0.00422763 0.08550000 -0.02079623
v -0.00641827 0.08550000 -0.02059646
v -0.00860827 0.08550000 -0.02023035
v -0.02218981 0.08561501 -0.00965366
v -0.02295252 0.08561501 -0.00487083
v -0.02053044 0.08550000 -0.00691299
v -0.02079623 0.08550000 -0.00422764
v -0.02801050 0.08768256 -0.00645438
v -0.01429336 0.08699366 -0.02511746
v -0.01671083 0.08699366 -0.02391271
v -0.01890472 0.08699366 -0.02246792
v -0.02081221 0.08699366 -0.02081220
v -0.02247046 0.08699366 -0.01890308
v -0.02391266 0.08699366 -0.01671086
v -0.02511748 0.08699366 -0.01429334
v -0.02604975 0.08699366 -0.01174468
v -0.02673013 0.08699366 -0.00905290
v -0.02718977 0.08699366 -0.00616382
v -0.00943938 0.08768256 -0.02752581
v -0.01220042 0.08768256 -0.02681048
v -0.00553398 0.08606492 -0.02519271
v -0.00965367 0.08561501 -0.02218982
v -0.01191011 0.08561501 -0.02149571
v -0.01090765 0.08550000 -0.01959346
v -0.01406423 0.08561501 -0.02054165
v -0.01273498 0.08550000 -0.01883347
v -0.01605933 0.08561501 -0.01931482
v -0.01461011 0.08550000 -0.01773096
v -0.01782179 0.08561501 -0.01782179
v -0.01631207 0.08550000 -0.01631207
v -0.01931738 0.08561501 -0.01605915
v -0.01755903 0.08550000 -0.01485495
v -0.02054160 0.08561501 -0.01406423
v -0.01883342 0.08550000 -0.01273497
v -0.02149573 0.08561501 -0.01191010
v -0.01948716 0.08550000 -0.01120466
v -0.02023034 0.08550000 -0.00860826
v -0.02519271 0.08606492 -0.00553398
v -0.02480874 0.08606492 -0.00820565
v -0.00820567 0.08606492 -0.02480872
v -0.01073331 0.08606492 -0.02422387
v -0.01314462 0.08606492 -0.02340192
v -0.01543915 0.08606492 -0.02231377
v -0.01754239 0.08606492 -0.02096922
v -0.01938611 0.08606492 -0.01938611
v -0.02097177 0.08606492 -0.01754148
v -0.02231373 0.08606492 -0.01543917
v -0.02340194 0.08606492 -0.01314461
v -0.02422386 0.08606492 -0.01073331
v 0.00000000 0.08699366 -0.02755352
v -0.00616382 0.08699366 -0.02718977
v -0.00905291 0.08699366 -0.02673012
v -0.01174468 0.08699366 -0.02604976
v 0.02718977 0.08699366 -0.00616382
v 0.02755351 0.08699366 -0.00000000
v 0.02781337 0.08717833 0.00000000
v 0.02295254 0.08561501 -0.00487083
v 0.02314956 0.08561501 -0.00000000
v 0.02548986 0.08606495 -0.00000000
v 0.02090000 0.08550000 -0.00000000
v 0.02079623 0.08550000 -0.00422764
v 0.02059671 0.08550000 -0.00641672
v 0.02023035 0.08550000 -0.00860827
v 0.00965368 0.08561501 -0.02218983
v 0.00487083 0.08561501 -0.02295254
v 0.00690963 0.08550000 -0.02053088
v 0.00422764 0.08550000 -0.02079624
v 0.00645439 0.08768256 -0.02801050
v 0.00943938 0.08768256 -0.02752581
v 0.01220042 0.08768256 -0.02681048
v 0.02801050 0.08768256 -0.00645438
v 0.02673014 0.08699366 -0.00905290
v 0.01429336 0.08699366 -0.02511746
v 0.01671083 0.08699366 -0.02391271
v 0.01890472 0.08699366 -0.02246792
v 0.02081221 0.08699366 -0.02081221
v 0.02247046 0.08699366 -0.01890308
v 0.02391266 0.08699366 -0.01671086
v 0.02511748 0.08699366 -0.01429334
v 0.02604976 0.08699366 -0.01174468
v 0.00553399 0.08606492 -0.02519272
v 0.00820568 0.08606492 -0.02480873
v 0.02519272 0.08606492 -0.00553398
v 0.02218983 0.08561501 -0.00965367
v 0.02149574 0.08561501 -0.01191011
v 0.01958889 0.08550000 -0.01092072
v 0.02054161 0.08561501 -0.01406424
v 0.01883342 0.08550000 -0.01273497
v 0.01931739 0.08561501 -0.01605916
v 0.01773691 0.08550000 -0.01460579
v 0.01782181 0.08561501 -0.01782181
v 0.01631207 0.08550000 -0.01631207
v 0.01605935 0.08561501 -0.01931483
v 0.01486982 0.08550000 -0.01754519
v 0.01406424 0.08561501 -0.02054166
v 0.01273498 0.08550000 -0.01883347
v 0.01191012 0.08561501 -0.02149573
v 0.01121331 0.08550000 -0.01948412
v 0.00860827 0.08550000 -0.02023035
v 0.02480875 0.08606492 -0.00820566
v 0.02422387 0.08606492 -0.01073332
v 0.02340195 0.08606492 -0.01314461
v 0.02231374 0.08606492 -0.01543918
v 0.02097178 0.08606492 -0.01754149
v 0.01938612 0.08606492 -0.01938612
v 0.01754240 0.08606492 -0.02096923
v 0.01543916 0.08606492 -0.02231378
v 0.01314462 0.08606492 -0.02340193
v 0.01073332 0.08606492 -0.02422388
v 0.00616383 0.08699366 -0.02718977
v 0.00905291 0.08699366 -0.02673013
v 0.01174468 0.08699366 -0.02604976
v 0.00645439 0.08768256 0.02801050
v 0.00487083 0.08561501 0.02295252
v 0.00422763 0.08550000 0.02079623
v 0.00641827 0.08550000 0.02059645
v 0.00860827 0.08550000 0.02023034
v 0.02218981 0.08561501 0.00965366
v 0.02295252 0.08561501 0.00487082
v 0.02053044 0.08550000 0.00691299
v 0.02079623 0.08550000 0.00422763
v 0.02801050 0.08768256 0.00645438
v 0.01429336 0.08699366 0.02511745
v 0.01671083 0.08699366 0.02391271
v 0.01890472 0.08699366 0.02246792
v 0.02081221 0.08699366 0.02081220
v 0.02247046 0.08699366 0.01890308
v 0.02391266 0.08699366 0.01671086
v 0.02511748 0.08699366 0.01429334
v 0.02604975 0.08699366 0.01174467
v 0.02673013 0.08699366 0.00905290
v 0.02718977 0.08699366 0.00616382
v 0.00943938 0.08768256 0.02752581
v 0.01220042 0.08768256 0.02681047
v 0.00553398 0.08606492 0.02519271
v 0.00965367 0.08561501 0.02218981
v 0.01191011 0.08561501 0.02149571
v 0.01090765 0.08550000 0.01959346
v 0.01406423 0.08561501 0.02054164
v 0.01273498 0.08550000 0.01883346
v 0.01605933 0.08561501 0.01931481
v 0.01461011 0.08550000 0.01773095
v 0.01782179 0.08561501 0.01782179
v 0.01631207 0.08550000 0.01631206
v 0.01931738 0.08561501 0.01605915
v 0.01755903 0.08550000 0.01485495
v 0.02054160 0.08561501 0.01406423
v 0.01883342 0.08550000 0.01273497
v 0.02149573 0.08561501 0.01191010
v 0.01948716 0.08550000 0.01120466
v 0.02023034 0.08550000 0.00860826
v 0.02519271 0.08606492 0.00553398
v 0.02480874 0.08606492 0.00820565
v 0.00820567 0.08606492 0.02480872
v 0.01073331 0.08606492 0.02422387
v 0.01314462 0.08606492 0.02340192
v 0.01543915 0.08606492 0.02231377
v 0.01754239 0.08606492 0.02096922
v 0.01938611 0.08606492 0.01938611
v 0.02097177 0.08606492 0.01754148
v 0.02231373 0.08606492 0.01543917
v 0.02340194 0.08606492 0.01314460
v 0.02422386 0.08606492 0.01073331
v 0.00616382 0.08699366 0.02718977
v 0.00905291 0.08699366 0.02673012
v 0.01174468 0.08699366 0.02604976
v 0.01430316 0.08550000 0.00903366
v 0.01480292 0.08550000 0.00802266
v 0.01498220 0.08550000 0.00701671
v -0.00168118 0.08550000 -0.01560381
v -0.00071898 0.08550000 -0.01595170
v 0.00040432 0.08550000 -0.01602397
v 0.00192277 0.08550000 -0.01560381
v 0.01318075 0.08550000 -0.00910372
v 0.00192277 0.08550000 0.01663757
v -0.01474131 0.08550000 -0.00598295
v -0.01456068 0.08550000 -0.00699234
v -0.01406274 0.08550000 -0.00799824
v -0.01293916 0.08550000 -0.00910372
v 0.01498220 0.08550000 -0.00598295
v 0.01318075 0.08550000 0.01013800
v 0.00095838 0.08550000 0.01698589
v -0.00016247 0.08550000 0.01705771
v -0.00168118 0.08550000 0.01663757
v -0.01293916 0.08550000 0.01013800
v -0.01474131 0.08550000 0.00701671
v -0.01434584 0.08550000 0.00854207
v -0.01372265 0.08550000 0.00947747
v 0.01458671 0.08550000 -0.00750836
v 0.01396465 0.08550000 -0.00844249
v -0.00441247 0.08550000 -0.00146519
v -0.00437153 0.08550000 -0.00172851
v -0.00805328 0.08550000 -0.00305804
v -0.00786457 0.08550000 -0.00383678
v -0.00419627 0.08550000 -0.00209353
v -0.00735938 0.08550000 -0.00455018
v 0.00376177 0.08550000 -0.00681960
v 0.00111178 0.08550000 -0.00834924
v -0.00386263 0.08550000 -0.00241725
v 0.00077061 0.08550000 -0.00849376
v -0.00441247 0.08550000 0.00733831
v -0.00805328 0.08550000 0.00409180
v -0.00706247 0.08550000 0.00580833
v -0.00800767 0.08550000 0.00446080
v -0.00764233 0.08550000 0.00525569
v -0.00706247 0.08550000 -0.00477440
v -0.00087020 0.08550000 -0.00834924
v -0.00010202 0.08550000 -0.00857496
v 0.00465389 0.08550000 0.00249964
v 0.00461236 0.08550000 0.00276445
v 0.00829487 0.08550000 0.00409180
v 0.00810626 0.08550000 0.00487011
v 0.00443791 0.08550000 0.00312679
v 0.00759932 0.08550000 0.00558523
v -0.00352053 0.08550000 0.00785336
v -0.00087020 0.08550000 0.00938334
v 0.00410353 0.08550000 0.00345118
v -0.00052936 0.08550000 0.00952778
v 0.00465389 0.08550000 -0.00630473
v 0.00829487 0.08550000 -0.00305804
v 0.00730354 0.08550000 -0.00477440
v 0.00824854 0.08550000 -0.00342970
v 0.00788406 0.08550000 -0.00422096
v 0.00730354 0.08550000 0.00580833
v 0.00111178 0.08550000 0.00938334
v 0.00034374 0.08550000 0.00960907
v -0.01474131 0.08540000 0.00701671
v -0.01434584 0.08540000 0.00854207
v -0.01372265 0.08540000 0.00947747
v -0.01293916 0.08540000 0.01013800
v -0.01474131 0.08540000 -0.00598295
v -0.01293916 0.08540000 -0.00910372
v -0.01406274 0.08540000 -0.00799824
v -0.01456068 0.08540000 -0.00699234
v -0.00168118 0.08540000 -0.01560381
v 0.00192277 0.08540000 -0.01560381
v 0.00040432 0.08540000 -0.01602397
v -0.00071898 0.08540000 -0.01595170
v 0.01318075 0.08540000 -0.00910372
v 0.01498220 0.08540000 -0.00598295
v 0.01458671 0.08540000 -0.00750836
v 0.01396465 0.08540000 -0.00844249
v 0.01498220 0.08540000 0.00701671
v 0.01318075 0.08540000 0.01013800
v 0.01430316 0.08540000 0.00903366
v 0.01480292 0.08540000 0.00802266
v 0.00192277 0.08540000 0.01663757
v -0.00168118 0.08540000 0.01663757
v -0.00016247 0.08540000 0.01705771
v 0.00095838 0.08540000 0.01698589
v 0.00077061 0.08540000 -0.00849376
v 0.00111178 0.08540000 -0.00834924
v 0.00376177 0.08540000 -0.00681960
v 0.00465389 0.08540000 -0.00630473
v 0.00465389 0.08540000 0.00249964
v 0.00443791 0.08540000 0.00312679
v 0.00461236 0.08540000 0.00276445
v 0.00410353 0.08540000 0.00345118
v -0.00352053 0.08540000 0.00785336
v -0.00441247 0.08540000 -0.00146519
v -0.00386263 0.08540000 -0.00241725
v -0.00437153 0.08540000 -0.00172851
v -0.00419627 0.08540000 -0.00209353
v -0.00052936 0.08540000 0.00952778
v -0.00087020 0.08540000 0.00938334
v -0.00441247 0.08540000 0.00733831
v -0.00706247 0.08540000 0.00580833
v -0.00764233 0.08540000 0.00525569
v -0.00800767 0.08540000 0.00446080
v -0.00805328 0.08540000 0.00409180
v -0.00805328 0.08540000 -0.00305804
v -0.00786457 0.08540000 -0.00383678
v -0.00735938 0.08540000 -0.00455018
v -0.00706247 0.08540000 -0.00477440
v -0.00087020 0.08540000 -0.00834924
v -0.00010202 0.08540000 -0.00857496
v 0.00730354 0.08540000 -0.00477440
v 0.00788406 0.08540000 -0.00422096
v 0.00824854 0.08540000 -0.00342970
v 0.00829487 0.08540000 -0.00305804
v 0.00829487 0.08540000 0.00409180
v 0.00810626 0.08540000 0.00487011
v 0.00759932 0.08540000 0.00558523
v 0.00730354 0.08540000 0.00580833
v 0.00111178 0.08540000 0.00938334
v 0.00034374 0.08540000 0.00960907
f 1 2 3
f 4 5 6
f 7 8 5
f 5 4 7
f 7 4 9
f 7 9 10
f 10 9 11
f 10 11 12
f 12 11 13
f 12 13 14
f 14 13 15
f 14 15 16
f 16 15 17
f 16 17 18
f 18 17 19
f 18 19 20
f 20 19 21
f 20 21 22
f 22 21 23
f 22 23 24
f 24 23 25
f 24 25 26
f 26 25 27
f 26 27 28
f 28 27 29
f 28 29 30
f 30 29 31
f 30 31 32
f 32 31 33
f 32 33 34
f 34 33 35
f 34 35 36
f 37 38 39
f 40 41 38
f 42 43 44
f 1 3 45
f 45 3 46
f 45 46 47
f 47 46 48
f 47 48 49
f 49 48 50
f 49 50 51
f 51 50 52
f 51 52 53
f 53 52 54
f 53 54 55
f 55 54 56
f 55 56 57
f 57 56 58
f 57 58 59
f 59 58 60
f 59 60 61
f 61 60 62
f 61 62 63
f 63 62 64
f 63 64 65
f 65 64 66
f 65 66 67
f 67 66 68
f 67 68 69
f 69 68 70
f 69 70 71
f 71 70 42
f 71 42 40
f 40 42 44
f 40 44 41
f 38 37 40
f 40 37 72
f 40 72 71
f 71 72 73
f 71 73 69
f 69 73 74
f 69 74 67
f 67 74 75
f 67 75 65
f 65 75 76
f 65 76 63
f 63 76 77
f 63 77 61
f 61 77 78
f 61 78 59
f 59 78 79
f 59 79 57
f 57 79 80
f 57 80 55
f 55 80 81
f 55 81 53
f 53 81 82
f 53 82 51
f 51 82 83
f 51 83 49
f 49 83 84
f 49 84 47
f 47 84 85
f 47 85 45
f 45 85 86
f 45 86 1
f 87 36 39
f 39 36 35
f 39 35 37
f 37 35 33
f 37 33 72
f 72 33 31
f 72 31 73
f 73 31 29
f 73 29 74
f 74 29 27
f 74 27 75
f 75 27 25
f 75 25 76
f 76 25 23
f 76 23 77
f 77 23 21
f 77 21 78
f 78 21 19
f 78 19 79
f 79 19 17
f 79 17 80
f 80 17 15
f 80 15 81
f 81 15 13
f 81 13 82
f 82 13 11
f 82 11 83
f 83 11 9
f 83 9 84
f 84 9 4
f 84 4 85
f 85 4 6
f 85 6 86
f 88 89 90
f 91 92 88
f 93 94 95
f 95 96 93
f 93 96 97
f 93 97 98
f 98 97 99
f 98 99 100
f 100 99 101
f 100 101 102
f 102 101 103
f 102 103 104
f 104 103 105
f 104 105 106
f 106 105 107
f 106 107 108
f 108 107 109
f 108 109 110
f 110 109 111
f 110 111 112
f 112 111 113
f 112 113 114
f 114 113 115
f 114 115 116
f 116 115 117
f 116 117 118
f 118 117 119
f 118 119 120
f 120 119 121
f 120 121 122
f 122 121 123
f 122 123 124
f 124 123 5
f 124 5 8
f 125 2 1
f 88 90 91
f 91 90 126
f 91 126 127
f 127 126 128
f 127 128 129
f 129 128 130
f 129 130 131
f 131 130 132
f 131 132 133
f 133 132 134
f 133 134 135
f 135 134 136
f 135 136 137
f 137 136 138
f 137 138 139
f 139 138 140
f 139 140 141
f 141 140 142
f 141 142 143
f 143 142 144
f 143 144 145
f 145 144 146
f 145 146 147
f 147 146 148
f 147 148 149
f 149 148 150
f 149 150 151
f 151 150 125
f 151 125 152
f 152 125 1
f 152 1 86
f 153 92 154
f 154 92 91
f 154 91 155
f 155 91 127
f 155 127 156
f 156 127 129
f 156 129 157
f 157 129 131
f 157 131 158
f 158 131 133
f 158 133 159
f 159 133 135
f 159 135 160
f 160 135 137
f 160 137 161
f 161 137 139
f 161 139 162
f 162 139 141
f 162 141 163
f 163 141 143
f 163 143 164
f 164 143 145
f 164 145 165
f 165 145 147
f 165 147 166
f 166 147 149
f 166 149 167
f 167 149 151
f 167 151 168
f 168 151 152
f 168 152 6
f 6 152 86
f 95 153 96
f 96 153 154
f 96 154 97
f 97 154 155
f 97 155 99
f 99 155 156
f 99 156 101
f 101 156 157
f 101 157 103
f 103 157 158
f 103 158 105
f 105 158 159
f 105 159 107
f 107 159 160
f 107 160 109
f 109 160 161
f 109 161 111
f 111 161 162
f 111 162 113
f 113 162 163
f 113 163 115
f 115 163 164
f 115 164 117
f 117 164 165
f 117 165 119
f 119 165 166
f 119 166 121
f 121 166 167
f 121 167 123
f 123 167 168
f 123 168 5
f 5 168 6
f 169 170 171
f 172 173 174
f 175 176 173
f 173 172 175
f 175 172 177
f 175 177 178
f 178 177 179
f 178 179 180
f 180 179 181
f 180 181 182
f 182 181 183
f 182 183 184
f 184 183 185
f 184 185 186
f 186 185 187
f 186 187 188
f 188 187 189
f 188 189 190
f 190 189 191
f 190 191 192
f 192 191 193
f 192 193 194
f 194 193 195
f 194 195 196
f 196 195 197
f 196 197 198
f 198 197 199
f 198 199 200
f 200 199 201
f 200 201 202
f 202 201 203
f 202 203 204
f 205 153 95
f 206 92 153
f 207 89 88
f 169 171 208
f 208 171 209
f 208 209 210
f 210 209 211
f 210 211 212
f 212 211 213
f 212 213 214
f 214 213 215
f 214 215 216
f 216 215 217
f 216 217 218
f 218 217 219
f 218 219 220
f 220 219 221
f 220 221 222
f 222 221 223
f 222 223 224
f 224 223 225
f 224 225 226
f 226 225 227
f 226 227 228
f 228 227 229
f 228 229 230
f 230 229 231
f 230 231 232
f 232 231 233
f 232 233 234
f 234 233 207
f 234 207 206
f 206 207 88
f 206 88 92
f 153 205 206
f 206 205 235
f 206 235 234
f 234 235 236
f 234 236 232
f 232 236 237
f 232 237 230
f 230 237 238
f 230 238 228
f 228 238 239
f 228 239 226
f 226 239 240
f 226 240 224
f 224 240 241
f 224 241 222
f 222 241 242
f 222 242 220
f 220 242 243
f 220 243 218
f 218 243 244
f 218 244 216
f 216 244 245
f 216 245 214
f 214 245 246
f 214 246 212
f 212 246 247
f 212 247 210
f 210 247 248
f 210 248 208
f 208 248 249
f 208 249 169
f 94 204 95
f 95 204 203
f 95 203 205
f 205 203 201
f 205 201 235
f 235 201 199
f 235 199 236
f 236 199 197
f 236 197 237
f 237 197 195
f 237 195 238
f 238 195 193
f 238 193 239
f 239 193 191
f 239 191 240
f 240 191 189
f 240 189 241
f 241 189 187
f 241 187 242
f 242 187 185
f 242 185 243
f 243 185 183
f 243 183 244
f 244 183 181
f 244 181 245
f 245 181 179
f 245 179 246
f 246 179 177
f 246 177 247
f 247 177 172
f 247 172 248
f 248 172 174
f 248 174 249
f 44 43 250
f 251 41 44
f 252 87 39
f 39 253 252
f 252 253 254
f 252 254 255
f 255 254 256
f 255 256 257
f 257 256 258
f 257 258 259
f 259 258 260
f 259 260 261
f 261 260 262
f 261 262 263
f 263 262 264
f 263 264 265
f 265 264 266
f 265 266 267
f 267 266 268
f 267 268 269
f 269 268 270
f 269 270 271
f 271 270 272
f 271 272 273
f 273 272 274
f 273 274 275
f 275 274 276
f 275 276 277
f 277 276 278
f 277 278 279
f 279 278 280
f 279 280 281
f 281 280 173
f 281 173 176
f 282 170 169
f 44 250 251
f 251 250 283
f 251 283 284
f 284 283 285
f 284 285 286
f 286 285 287
f 286 287 288
f 288 287 289
f 288 289 290
f 290 289 291
f 290 291 292
f 292 291 293
f 292 293 294
f 294 293 295
f 294 295 296
f 296 295 297
f 296 297 298
f 298 297 299
f 298 299 300
f 300 299 301
f 300 301 302
f 302 301 303
f 302 303 304
f 304 303 305
f 304 305 306
f 306 305 307
f 306 307 308
f 308 307 282
f 308 282 309
f 309 282 169
f 309 169 249
f 38 41 310
f 310 41 251
f 310 251 311
f 311 251 284
f 311 284 312
f 312 284 286
f 312 286 313
f 313 286 288
f 313 288 314
f 314 288 290
f 314 290 315
f 315 290 292
f 315 292 316
f 316 292 294
f 316 294 317
f 317 294 296
f 317 296 318
f 318 296 298
f 318 298 319
f 319 298 300
f 319 300 320
f 320 300 302
f 320 302 321
f 321 302 304
f 321 304 322
f 322 304 306
f 322 306 323
f 323 306 308
f 323 308 324
f 324 308 309
f 324 309 174
f 174 309 249
f 39 38 253
f 253 38 310
f 253 310 254
f 254 310 311
f 254 311 256
f 256 311 312
f 256 312 258
f 258 312 313
f 258 313 260
f 260 313 314
f 260 314 262
f 262 314 315
f 262 315 264
f 264 315 316
f 264 316 266
f 266 316 317
f 266 317 268
f 268 317 318
f 268 318 270
f 270 318 319
f 270 319 272
f 272 319 320
f 272 320 274
f 274 320 321
f 274 321 276
f 276 321 322
f 276 322 278
f 278 322 323
f 278 323 280
f 280 323 324
f 280 324 173
f 173 324 174
f 106 108 325
f 263 265 326
f 22 327 20
f 20 327 328
f 20 328 18
f 24 329 22
f 22 329 330
f 22 330 327
f 271 331 269
f 269 331 332
f 269 332 267
f 267 332 333
f 267 333 265
f 265 333 334
f 265 334 326
f 114 335 112
f 112 335 336
f 112 336 110
f 110 336 337
f 110 337 108
f 108 337 338
f 108 338 325
f 198 339 196
f 196 339 340
f 196 340 194
f 194 340 341
f 194 341 192
f 192 341 342
f 192 342 190
f 190 342 343
f 190 343 188
f 188 343 344
f 188 344 186
f 93 345 94
f 94 345 346
f 94 346 204
f 204 346 347
f 204 347 202
f 202 347 348
f 202 348 200
f 200 348 349
f 200 349 198
f 198 349 350
f 198 350 339
f 325 351 106
f 106 351 352
f 106 352 104
f 104 352 353
f 104 353 102
f 102 353 354
f 102 354 100
f 100 354 355
f 100 355 98
f 98 355 356
f 98 356 93
f 93 356 357
f 93 357 345
f 328 358 18
f 18 358 359
f 18 359 16
f 16 359 360
f 16 360 14
f 14 360 361
f 14 361 12
f 30 362 28
f 28 362 363
f 28 363 26
f 26 363 364
f 26 364 24
f 24 364 365
f 24 365 329
f 344 366 186
f 186 366 367
f 186 367 184
f 184 367 368
f 184 368 182
f 182 368 369
f 182 369 180
f 180 369 370
f 180 370 178
f 178 370 371
f 178 371 175
f 361 372 12
f 12 372 373
f 12 373 10
f 10 373 374
f 10 374 7
f 7 374 375
f 7 375 8
f 8 375 376
f 8 376 124
f 124 376 377
f 124 377 122
f 122 377 378
f 122 378 120
f 120 378 379
f 120 379 118
f 118 379 380
f 118 380 116
f 116 380 381
f 116 381 114
f 114 381 382
f 114 382 335
f 252 383 87
f 87 383 384
f 87 384 36
f 36 384 385
f 36 385 34
f 34 385 386
f 34 386 32
f 32 386 387
f 32 387 30
f 30 387 388
f 30 388 362
f 326 389 263
f 263 389 390
f 263 390 261
f 261 390 391
f 261 391 259
f 259 391 392
f 259 392 257
f 257 392 393
f 257 393 255
f 255 393 394
f 255 394 252
f 252 394 395
f 252 395 383
f 371 396 175
f 175 396 397
f 175 397 176
f 176 397 398
f 176 398 281
f 281 398 399
f 281 399 279
f 279 399 400
f 279 400 277
f 277 400 401
f 277 401 275
f 275 401 402
f 275 402 273
f 273 402 403
f 273 403 271
f 271 403 404
f 271 404 331
f 405 406 407
f 345 357 408
f 409 410 411
f 412 413 414
f 414 413 415
f 414 415 416
f 417 418 419
f 419 418 420
f 419 420 414
f 414 420 421
f 414 421 412
f 417 419 422
f 422 419 423
f 422 423 424
f 424 423 425
f 425 423 426
f 425 426 427
f 427 426 428
f 428 426 429
f 428 429 430
f 430 429 431
f 430 431 432
f 433 434 435
f 435 434 436
f 435 436 437
f 437 436 438
f 406 405 439
f 405 440 439
f 439 440 441
f 439 441 438
f 438 441 442
f 438 442 437
f 443 444 445
f 432 431 446
f 446 431 447
f 446 447 448
f 448 447 449
f 448 449 433
f 433 449 450
f 433 450 434
f 434 450 451
f 434 451 436
f 436 451 452
f 436 452 438
f 438 452 453
f 438 453 439
f 408 357 454
f 357 356 454
f 454 356 355
f 454 355 455
f 455 355 354
f 336 335 456
f 379 457 380
f 380 457 458
f 380 458 381
f 456 335 458
f 458 335 382
f 458 382 381
f 378 459 379
f 379 459 460
f 379 460 457
f 378 377 459
f 459 377 376
f 459 376 409
f 409 376 461
f 409 461 410
f 445 407 443
f 443 407 406
f 443 406 462
f 462 406 439
f 462 439 463
f 463 439 453
f 464 444 465
f 465 444 443
f 465 443 466
f 466 443 462
f 466 462 467
f 467 462 463
f 354 353 455
f 455 353 352
f 455 352 468
f 468 352 351
f 468 351 469
f 469 351 325
f 469 325 338
f 346 345 416
f 416 345 408
f 416 408 414
f 414 408 454
f 414 454 419
f 419 454 455
f 419 455 423
f 423 455 468
f 423 468 426
f 426 468 469
f 426 469 429
f 429 469 338
f 429 338 431
f 431 338 337
f 431 337 447
f 447 337 336
f 447 336 449
f 449 336 456
f 449 456 450
f 450 456 458
f 450 458 451
f 451 458 457
f 451 457 452
f 452 457 460
f 452 460 453
f 453 460 459
f 453 459 463
f 463 459 409
f 463 409 467
f 467 409 411
f 467 411 466
f 466 411 470
f 466 470 465
f 465 470 471
f 465 471 464
f 328 327 472
f 373 372 473
f 474 475 476
f 474 476 477
f 477 476 478
f 477 478 479
f 479 478 480
f 479 480 481
f 481 480 482
f 481 482 483
f 483 482 484
f 483 484 485
f 486 487 488
f 486 488 489
f 487 486 490
f 490 486 491
f 490 491 492
f 492 491 493
f 493 491 494
f 493 494 495
f 496 497 494
f 494 497 498
f 494 498 495
f 499 500 501
f 501 500 502
f 501 502 496
f 496 502 503
f 496 503 497
f 504 505 506
f 506 505 507
f 506 499 504
f 504 499 501
f 504 501 505
f 505 501 508
f 509 510 508
f 511 512 510
f 513 514 512
f 461 376 375
f 374 515 375
f 375 515 410
f 375 410 461
f 474 471 475
f 475 471 470
f 475 470 411
f 510 509 511
f 511 509 516
f 511 516 517
f 517 516 518
f 517 518 519
f 519 518 520
f 519 520 521
f 521 520 522
f 521 522 523
f 472 524 489
f 384 514 385
f 385 514 513
f 385 513 386
f 386 513 525
f 526 388 525
f 525 388 387
f 525 387 386
f 527 363 526
f 526 363 362
f 526 362 388
f 528 365 527
f 527 365 364
f 527 364 363
f 328 529 358
f 358 529 530
f 358 530 359
f 359 530 531
f 359 531 360
f 473 372 531
f 531 372 361
f 531 361 360
f 532 533 534
f 534 533 535
f 534 535 536
f 536 535 537
f 536 537 538
f 538 537 539
f 538 539 540
f 540 539 541
f 540 541 542
f 542 541 543
f 542 543 544
f 544 543 545
f 544 545 546
f 546 545 547
f 546 547 548
f 512 511 513
f 513 511 517
f 513 517 525
f 525 517 519
f 525 519 526
f 526 519 521
f 526 521 527
f 527 521 523
f 527 523 528
f 472 327 524
f 524 327 330
f 524 330 329
f 508 501 509
f 509 501 496
f 509 496 516
f 516 496 494
f 516 494 518
f 518 494 491
f 518 491 520
f 520 491 486
f 520 486 522
f 522 486 489
f 522 489 523
f 523 489 524
f 523 524 528
f 528 524 329
f 528 329 365
f 546 473 544
f 544 473 531
f 544 531 542
f 542 531 530
f 542 530 540
f 540 530 529
f 540 529 538
f 538 529 328
f 538 328 536
f 536 328 472
f 536 472 534
f 534 472 489
f 534 489 532
f 532 489 488
f 533 485 535
f 535 485 484
f 535 484 537
f 537 484 482
f 537 482 539
f 539 482 480
f 539 480 541
f 541 480 478
f 541 478 543
f 543 478 476
f 543 476 545
f 545 476 475
f 545 475 547
f 547 475 411
f 547 411 548
f 548 411 410
f 548 410 546
f 546 410 515
f 546 515 473
f 473 515 374
f 473 374 373
f 549 550 551
f 552 483 485
f 553 554 555
f 556 557 558
f 559 560 561
f 562 563 564
f 564 563 565
f 506 566 499
f 499 566 567
f 499 567 500
f 500 567 568
f 500 568 502
f 502 568 503
f 503 568 569
f 503 569 497
f 497 569 570
f 497 570 498
f 498 570 571
f 498 571 495
f 495 571 572
f 495 572 493
f 493 572 492
f 492 572 573
f 492 573 490
f 490 573 487
f 487 573 574
f 487 574 488
f 575 471 576
f 576 471 474
f 576 474 577
f 577 474 477
f 577 477 578
f 578 477 479
f 578 479 579
f 579 479 481
f 579 481 580
f 580 481 483
f 580 483 581
f 581 483 552
f 554 556 555
f 555 556 558
f 555 558 582
f 582 558 583
f 582 583 584
f 584 583 585
f 585 583 586
f 585 586 587
f 587 586 588
f 587 588 589
f 589 588 590
f 589 590 591
f 590 592 591
f 591 592 593
f 591 593 594
f 551 550 595
f 595 550 596
f 595 596 597
f 597 596 598
f 597 598 599
f 599 598 600
f 599 600 601
f 601 600 602
f 601 602 603
f 603 602 604
f 603 604 605
f 604 606 605
f 605 606 607
f 605 607 608
f 608 607 609
f 608 609 610
f 610 609 611
f 610 611 561
f 561 611 612
f 561 612 559
f 593 549 594
f 594 549 551
f 594 551 613
f 560 562 561
f 561 562 564
f 561 564 610
f 610 564 614
f 610 614 608
f 608 614 615
f 608 615 605
f 605 615 616
f 605 616 603
f 603 616 617
f 603 617 601
f 601 617 618
f 601 618 599
f 599 618 619
f 599 619 597
f 597 619 620
f 597 620 595
f 595 620 621
f 595 621 551
f 551 621 622
f 551 622 613
f 507 623 506
f 506 623 553
f 506 553 566
f 566 553 555
f 566 555 567
f 567 555 582
f 567 582 568
f 568 582 584
f 568 584 569
f 569 584 585
f 569 585 570
f 570 585 587
f 570 587 571
f 571 587 589
f 571 589 572
f 572 589 591
f 572 591 573
f 573 591 594
f 573 594 574
f 574 594 613
f 574 613 488
f 488 613 622
f 488 622 532
f 532 622 621
f 532 621 533
f 533 621 620
f 533 620 485
f 485 620 619
f 485 619 552
f 552 619 618
f 552 618 581
f 581 618 617
f 581 617 580
f 580 617 616
f 580 616 579
f 579 616 615
f 579 615 578
f 578 615 614
f 578 614 577
f 577 614 564
f 577 564 576
f 576 564 565
f 576 565 575
f 560 559 624
f 625 626 627
f 441 440 628
f 628 440 405
f 629 630 444
f 441 628 442
f 442 628 631
f 442 631 437
f 632 633 435
f 435 633 634
f 435 634 433
f 433 634 448
f 448 634 635
f 448 635 446
f 446 635 636
f 446 636 432
f 432 636 637
f 432 637 430
f 637 638 430
f 430 638 639
f 430 639 428
f 428 639 427
f 427 639 640
f 427 640 425
f 640 641 425
f 425 641 642
f 425 642 424
f 424 642 643
f 424 643 422
f 643 644 422
f 422 644 645
f 422 645 417
f 417 645 646
f 417 646 418
f 418 646 647
f 418 647 420
f 647 648 420
f 420 648 649
f 420 649 421
f 421 649 650
f 421 650 412
f 412 650 651
f 412 651 413
f 413 651 652
f 413 652 415
f 435 437 632
f 632 437 631
f 632 631 653
f 653 631 628
f 653 628 654
f 654 628 405
f 654 405 655
f 655 405 407
f 655 407 630
f 630 407 445
f 630 445 444
f 656 657 658
f 658 657 659
f 658 660 656
f 656 660 661
f 656 661 662
f 662 661 663
f 662 663 629
f 664 665 666
f 666 665 667
f 666 667 668
f 668 669 666
f 666 669 670
f 666 670 657
f 657 670 671
f 657 671 659
f 672 673 674
f 673 672 675
f 675 672 676
f 675 676 677
f 677 676 678
f 677 678 679
f 680 681 682
f 683 684 685
f 685 684 686
f 685 686 681
f 681 686 687
f 681 687 682
f 685 688 683
f 683 688 689
f 683 689 690
f 626 625 691
f 625 692 691
f 691 692 693
f 691 693 689
f 689 693 694
f 689 694 690
f 695 696 627
f 627 696 697
f 627 697 625
f 627 698 695
f 695 698 699
f 695 699 700
f 701 702 703
f 700 699 704
f 704 699 705
f 704 705 706
f 706 705 701
f 706 701 707
f 707 701 703
f 707 703 708
f 562 560 666
f 666 560 624
f 666 624 664
f 664 624 672
f 664 672 709
f 709 672 674
f 562 666 563
f 563 666 657
f 563 657 565
f 629 444 662
f 662 444 464
f 662 464 656
f 656 464 471
f 656 471 657
f 657 471 575
f 657 575 565
f 682 679 680
f 680 679 678
f 680 678 710
f 710 678 676
f 710 676 711
f 711 676 672
f 711 672 712
f 712 672 624
f 712 624 612
f 612 624 559
f 713 714 715
f 703 702 716
f 717 718 719
f 719 718 720
f 721 722 720
f 720 722 723
f 720 723 719
f 724 725 726
f 703 716 708
f 727 728 716
f 716 728 729
f 716 729 708
f 730 731 727
f 727 731 732
f 727 732 728
f 733 734 735
f 735 734 736
f 735 736 737
f 737 736 730
f 737 730 738
f 738 730 727
f 739 740 733
f 733 740 741
f 733 741 734
f 742 743 744
f 744 743 745
f 744 745 746
f 746 745 747
f 746 747 739
f 739 747 748
f 739 748 740
f 749 750 751
f 751 750 752
f 751 752 753
f 753 752 754
f 753 754 742
f 742 754 755
f 742 755 743
f 756 757 758
f 758 757 759
f 758 759 760
f 724 726 761
f 761 726 762
f 761 762 756
f 756 762 763
f 756 763 757
f 764 765 726
f 726 765 766
f 726 766 762
f 725 721 726
f 726 721 720
f 726 720 764
f 764 720 767
f 768 718 769
f 769 718 770
f 769 770 771
f 768 772 718
f 718 772 773
f 718 773 720
f 720 773 774
f 720 774 767
f 775 776 777
f 777 776 778
f 777 778 779
f 780 781 782
f 782 781 783
f 782 783 779
f 779 783 784
f 779 784 777
f 714 713 781
f 781 713 785
f 781 785 783
f 786 787 788
f 786 788 789
f 787 786 790
f 790 786 791
f 790 791 792
f 792 791 793
f 792 793 794
f 794 793 795
f 794 795 796
f 795 797 796
f 796 797 798
f 796 798 799
f 799 798 800
f 799 800 801
f 801 800 802
f 801 802 803
f 803 802 804
f 803 804 805
f 804 806 805
f 805 806 807
f 805 807 808
f 808 807 809
f 809 807 810
f 809 810 811
f 810 812 811
f 811 812 813
f 811 813 814
f 814 813 815
f 814 815 651
f 651 815 816
f 651 816 652
f 652 816 415
f 788 817 789
f 789 817 715
f 789 715 818
f 818 715 714
f 818 714 819
f 819 714 781
f 819 781 820
f 820 781 780
f 717 821 718
f 718 821 776
f 718 776 770
f 770 776 775
f 770 775 771
f 760 750 758
f 758 750 749
f 758 749 756
f 756 749 822
f 756 822 761
f 761 822 823
f 761 823 724
f 724 823 824
f 825 826 827
f 828 829 830
f 723 722 831
f 556 554 832
f 833 717 834
f 834 717 719
f 834 835 833
f 833 835 836
f 833 836 837
f 837 836 838
f 837 838 839
f 839 838 840
f 839 840 841
f 841 840 842
f 841 842 843
f 843 842 844
f 843 844 845
f 846 847 848
f 848 847 849
f 507 850 623
f 623 850 553
f 553 850 851
f 851 850 852
f 851 852 853
f 853 852 854
f 853 854 855
f 855 854 856
f 855 856 857
f 857 856 858
f 857 858 859
f 859 858 860
f 859 860 847
f 847 860 861
f 847 861 849
f 824 825 724
f 724 825 827
f 724 827 725
f 725 827 721
f 826 825 862
f 862 825 863
f 862 863 864
f 863 865 864
f 864 865 866
f 864 866 867
f 867 866 868
f 867 868 869
f 869 868 870
f 869 870 871
f 871 870 872
f 871 872 873
f 873 872 874
f 873 874 875
f 875 874 876
f 875 876 877
f 877 876 878
f 877 878 828
f 828 878 879
f 828 879 829
f 554 553 832
f 832 553 851
f 832 851 880
f 880 851 853
f 880 853 881
f 881 853 855
f 881 855 882
f 882 855 857
f 882 857 883
f 883 857 859
f 883 859 884
f 884 859 847
f 884 847 885
f 885 847 846
f 885 846 886
f 886 846 848
f 886 848 887
f 886 828 885
f 885 828 830
f 885 830 884
f 884 830 888
f 884 888 883
f 883 888 889
f 883 889 882
f 882 889 890
f 882 890 881
f 881 890 891
f 881 891 880
f 880 891 892
f 880 892 832
f 832 892 557
f 832 557 556
f 887 893 886
f 886 893 894
f 886 894 828
f 828 894 895
f 828 895 877
f 877 895 896
f 877 896 875
f 875 896 897
f 875 897 873
f 873 897 898
f 873 898 871
f 871 898 899
f 871 899 869
f 869 899 900
f 869 900 867
f 867 900 901
f 867 901 864
f 864 901 902
f 864 902 862
f 862 902 903
f 862 903 826
f 826 903 904
f 826 904 827
f 827 904 831
f 827 831 721
f 721 831 722
f 893 905 894
f 894 905 906
f 894 906 895
f 895 906 907
f 895 907 896
f 896 907 908
f 896 908 897
f 897 908 845
f 897 845 898
f 898 845 844
f 898 844 899
f 899 844 842
f 899 842 900
f 900 842 840
f 900 840 901
f 901 840 838
f 901 838 902
f 902 838 836
f 902 836 903
f 903 836 835
f 903 835 904
f 904 835 834
f 904 834 831
f 831 834 719
f 831 719 723
f 909 910 911
f 717 833 912
f 717 912 913
f 913 912 914
f 913 914 915
f 915 914 916
f 915 916 917
f 917 916 918
f 917 918 919
f 919 918 399
f 919 399 398
f 510 920 508
f 508 920 921
f 508 921 505
f 507 505 850
f 850 505 921
f 850 921 852
f 852 921 920
f 852 920 854
f 849 861 922
f 922 861 860
f 922 860 923
f 923 860 858
f 923 858 920
f 920 858 856
f 920 856 854
f 849 922 848
f 848 922 924
f 848 924 887
f 925 905 893
f 905 925 906
f 906 925 926
f 906 926 907
f 926 927 907
f 907 927 928
f 907 928 908
f 908 928 929
f 908 929 845
f 845 929 930
f 845 930 843
f 843 930 931
f 843 931 841
f 841 931 932
f 841 932 839
f 839 932 933
f 839 933 837
f 934 935 936
f 936 935 937
f 936 937 938
f 938 937 939
f 938 939 940
f 940 939 941
f 940 941 942
f 942 941 943
f 942 943 944
f 944 943 512
f 944 512 514
f 909 911 945
f 945 911 946
f 945 946 947
f 947 946 948
f 947 948 949
f 949 948 950
f 949 950 951
f 384 383 952
f 952 383 395
f 952 395 953
f 395 394 953
f 953 394 393
f 953 393 954
f 954 393 392
f 404 955 331
f 331 955 956
f 331 956 332
f 404 403 955
f 955 403 402
f 955 402 957
f 957 402 401
f 957 401 958
f 958 401 918
f 918 401 400
f 918 400 399
f 935 924 937
f 937 924 922
f 937 922 939
f 939 922 923
f 939 923 941
f 941 923 920
f 941 920 943
f 943 920 510
f 943 510 512
f 959 928 960
f 960 928 927
f 960 927 934
f 934 927 926
f 934 926 935
f 935 926 925
f 935 925 924
f 924 925 893
f 924 893 887
f 959 910 928
f 928 910 909
f 928 909 929
f 929 909 945
f 929 945 930
f 930 945 947
f 930 947 931
f 931 947 949
f 931 949 932
f 932 949 951
f 932 951 933
f 392 391 954
f 954 391 390
f 954 390 961
f 961 390 389
f 961 389 962
f 962 389 326
f 962 326 334
f 833 837 912
f 912 837 933
f 912 933 914
f 914 933 951
f 914 951 916
f 916 951 950
f 916 950 918
f 918 950 948
f 918 948 958
f 958 948 946
f 958 946 957
f 957 946 911
f 957 911 955
f 955 911 910
f 955 910 956
f 956 910 959
f 956 959 332
f 332 959 960
f 332 960 333
f 333 960 934
f 333 934 334
f 334 934 936
f 334 936 962
f 962 936 938
f 962 938 961
f 961 938 940
f 961 940 954
f 954 940 942
f 954 942 953
f 953 942 944
f 953 944 952
f 952 944 514
f 952 514 384
f 793 791 963
f 778 776 964
f 964 776 821
f 964 821 965
f 778 964 779
f 779 964 966
f 779 966 782
f 789 818 967
f 967 818 819
f 967 819 968
f 968 819 820
f 968 820 780
f 967 969 789
f 789 969 970
f 789 970 786
f 786 970 971
f 793 963 795
f 344 343 963
f 963 343 972
f 963 972 795
f 795 972 973
f 795 973 797
f 974 800 973
f 973 800 798
f 973 798 797
f 975 810 807
f 975 807 976
f 807 806 976
f 976 806 804
f 976 804 974
f 974 804 802
f 974 802 800
f 816 815 977
f 977 815 813
f 977 813 975
f 975 813 812
f 975 812 810
f 978 416 415
f 398 397 919
f 919 397 979
f 821 717 965
f 965 717 913
f 965 913 915
f 971 970 980
f 980 970 969
f 980 969 981
f 981 969 967
f 981 967 982
f 982 967 968
f 982 968 983
f 983 968 984
f 983 984 985
f 985 984 986
f 985 986 987
f 346 416 347
f 347 416 978
f 347 978 348
f 348 978 988
f 348 988 349
f 349 988 350
f 350 988 989
f 350 989 339
f 339 989 340
f 340 989 990
f 340 990 341
f 341 990 991
f 341 991 342
f 344 992 366
f 366 992 993
f 366 993 367
f 367 993 994
f 370 369 994
f 994 369 368
f 994 368 367
f 994 995 370
f 370 995 996
f 370 996 371
f 371 996 979
f 371 979 396
f 396 979 397
f 917 987 915
f 915 987 986
f 915 986 965
f 965 986 984
f 965 984 964
f 964 984 968
f 964 968 966
f 966 968 780
f 966 780 782
f 343 342 972
f 972 342 991
f 972 991 973
f 973 991 990
f 973 990 974
f 974 990 989
f 974 989 976
f 976 989 988
f 976 988 975
f 975 988 978
f 975 978 977
f 977 978 415
f 977 415 816
f 791 786 963
f 963 786 971
f 963 971 344
f 344 971 980
f 344 980 992
f 992 980 981
f 992 981 993
f 993 981 982
f 993 982 994
f 994 982 983
f 994 983 995
f 995 983 985
f 995 985 996
f 996 985 987
f 996 987 979
f 979 987 917
f 979 917 919
f 997 998 557
f 557 892 997
f 997 892 891
f 997 891 999
f 888 1000 889
f 889 1000 999
f 889 999 890
f 890 999 891
f 888 830 1000
f 1000 830 829
f 1000 829 1001
f 829 879 1001
f 1001 879 878
f 1001 878 1002
f 878 876 1002
f 1002 876 874
f 1002 874 1003
f 874 872 1003
f 1003 872 870
f 1003 870 1004
f 1004 870 868
f 1004 868 866
f 824 1005 825
f 825 1005 1006
f 825 1006 863
f 863 1006 1004
f 863 1004 865
f 865 1004 866
f 1007 1008 612
f 607 1009 609
f 609 1009 1007
f 609 1007 611
f 611 1007 612
f 602 1010 604
f 604 1010 1009
f 604 1009 606
f 606 1009 607
f 602 600 1010
f 1010 600 598
f 1010 598 1011
f 549 1012 550
f 550 1012 1011
f 550 1011 596
f 596 1011 598
f 549 593 1012
f 1012 593 592
f 1012 592 1013
f 592 590 1013
f 1013 590 588
f 1013 588 1014
f 557 998 558
f 558 998 1015
f 558 1015 583
f 583 1015 1014
f 583 1014 586
f 586 1014 588
f 1016 1017 702
f 702 701 1016
f 1016 701 705
f 1016 705 1018
f 705 699 1018
f 1018 699 698
f 1018 698 1019
f 698 627 1019
f 1019 627 626
f 1019 626 1020
f 626 691 1020
f 1020 691 689
f 1020 689 1021
f 689 688 1021
f 1021 688 685
f 1021 685 1022
f 685 681 1022
f 1022 681 680
f 1022 680 1023
f 612 1008 712
f 712 1008 1024
f 712 1024 711
f 711 1024 1023
f 711 1023 710
f 710 1023 680
f 1025 1005 824
f 824 823 1025
f 1025 823 822
f 1025 822 1026
f 822 749 1026
f 1026 749 751
f 1026 751 1027
f 751 753 1027
f 1027 753 742
f 1027 742 1028
f 742 744 1028
f 1028 744 746
f 1028 746 1029
f 746 739 1029
f 1029 739 733
f 1029 733 1030
f 733 735 1030
f 1030 735 737
f 1030 737 1031
f 702 1017 716
f 716 1017 1032
f 716 1032 727
f 727 1032 1031
f 727 1031 738
f 738 1031 737
f 1023 1024 998
f 1031 1032 998
f 998 1032 1017
f 998 1017 1016
f 997 1002 1003
f 997 999 1002
f 1002 999 1000
f 1002 1000 1001
f 1003 1004 997
f 997 1004 1006
f 997 1006 998
f 998 1006 1005
f 998 1005 1025
f 1024 1008 998
f 998 1008 1007
f 998 1007 1015
f 1015 1007 1009
f 1015 1009 1014
f 1014 1009 1013
f 1025 1026 998
f 998 1026 1027
f 998 1027 1028
f 1016 1018 998
f 998 1018 1019
f 998 1019 1020
f 1010 1011 1009
f 1009 1011 1012
f 1009 1012 1013
f 1028 1029 998
f 998 1029 1030
f 998 1030 1031
f 1020 1021 998
f 998 1021 1022
f 998 1022 1023
f 1033 1034 1035
f 1036 1037 1038
f 732 731 1039
f 748 747 1040
f 1041 1042 1043
f 1044 1045 1046
f 1047 1048 1049
f 729 728 1050
f 1051 1049 1052
f 1052 1049 1053
f 1052 1053 1054
f 1054 1053 1055
f 1054 1055 1056
f 1056 1055 1057
f 1056 1057 1058
f 1058 1057 1059
f 1058 1059 1060
f 1060 1059 1061
f 1060 1061 1050
f 1050 1061 708
f 1050 708 729
f 1062 1063 1064
f 1065 1066 1067
f 1068 1069 1070
f 1071 1072 1069
f 1073 1074 1075
f 1074 1076 1077
f 1077 1076 1078
f 1077 1078 1079
f 1079 1078 1044
f 1079 1044 1080
f 1080 1044 1046
f 1041 1043 767
f 767 1043 764
f 764 1043 1081
f 764 1081 765
f 765 1081 1082
f 765 1082 766
f 766 1082 1083
f 766 1083 762
f 763 1084 757
f 757 1084 1085
f 757 1085 759
f 759 1085 1034
f 759 1034 760
f 760 1034 1033
f 760 1033 750
f 1086 754 752
f 1087 755 754
f 743 755 1088
f 1088 755 1087
f 1088 1087 1089
f 748 1040 740
f 731 730 1090
f 745 743 1091
f 1091 743 1088
f 1091 1088 1092
f 1092 1088 1089
f 1092 1089 1093
f 1036 1038 1094
f 1095 1096 1097
f 747 745 1040
f 1040 745 1091
f 1040 1091 1098
f 1098 1091 1092
f 1098 1092 1099
f 1099 1092 1093
f 1099 1093 1100
f 752 1101 1086
f 1086 1101 1102
f 1086 1102 1103
f 1103 1102 1104
f 1103 1104 1105
f 1105 1104 1106
f 1105 1106 1107
f 754 1086 1087
f 1087 1086 1103
f 1087 1103 1089
f 1089 1103 1105
f 1089 1105 1093
f 1093 1105 1107
f 1093 1107 1100
f 1096 1095 1108
f 1108 1095 1109
f 1108 1109 1110
f 1066 1065 1111
f 1111 1065 1112
f 1111 1112 1113
f 1113 1112 1114
f 1113 1114 1115
f 1109 1114 1110
f 1110 1114 1112
f 1110 1112 1116
f 1116 1112 1065
f 1116 1065 1117
f 1117 1065 1067
f 1117 1067 1118
f 1037 1097 1038
f 1038 1097 1096
f 1038 1096 1119
f 1119 1096 1108
f 1119 1108 1120
f 1120 1108 1110
f 1120 1110 1121
f 1121 1110 1116
f 1121 1116 1122
f 1122 1116 1117
f 1122 1117 1123
f 1123 1117 1118
f 1123 1118 1124
f 1094 1038 1125
f 1125 1038 1119
f 1125 1119 1126
f 1126 1119 1120
f 1126 1120 1127
f 1127 1120 1121
f 1127 1121 1128
f 1128 1121 1122
f 1128 1122 1129
f 1129 1122 1123
f 1129 1123 1130
f 1130 1123 1124
f 1130 1124 1063
f 1063 1062 1130
f 1130 1062 1131
f 1130 1131 1129
f 1129 1131 1132
f 1129 1132 1128
f 1128 1132 1133
f 1128 1133 1127
f 1127 1133 1134
f 1127 1134 1126
f 1126 1134 1135
f 1126 1135 1125
f 1125 1135 1090
f 1125 1090 1094
f 731 1090 1039
f 1039 1090 1135
f 1039 1135 1136
f 1136 1135 1134
f 1136 1134 1137
f 1137 1134 1133
f 1137 1133 1138
f 1138 1133 1132
f 1138 1132 1139
f 1139 1132 1131
f 1139 1131 1140
f 1140 1131 1062
f 1140 1062 1141
f 1141 1062 1064
f 1141 1064 1142
f 1047 1049 1142
f 1142 1049 1051
f 1142 1051 1141
f 1141 1051 1052
f 1141 1052 1140
f 1140 1052 1054
f 1140 1054 1139
f 1139 1054 1056
f 1139 1056 1138
f 1138 1056 1058
f 1138 1058 1137
f 1137 1058 1060
f 1137 1060 1136
f 1136 1060 1050
f 1136 1050 1039
f 1039 1050 728
f 1039 728 732
f 1076 1143 1078
f 1078 1143 1144
f 1078 1144 1044
f 1044 1144 1145
f 1044 1145 1045
f 1074 1073 1076
f 1076 1073 1146
f 1076 1146 1143
f 1143 1146 1147
f 1143 1147 1148
f 1069 1068 1071
f 1071 1068 1149
f 1071 1149 1150
f 1150 1149 1151
f 1150 1151 1152
f 1152 1151 1153
f 1152 1153 1154
f 1072 1071 1155
f 1155 1071 1150
f 1155 1150 1156
f 1156 1150 1152
f 1156 1152 1157
f 1157 1152 1154
f 1157 1154 1158
f 1158 1154 1159
f 1158 1159 1083
f 1035 1034 1160
f 1160 1034 1085
f 1160 1085 1161
f 1161 1085 1084
f 1161 1084 1162
f 1162 1084 763
f 1162 763 762
f 1163 1153 1164
f 1164 1153 1151
f 1164 1151 1115
f 1115 1151 1149
f 1115 1149 1113
f 1113 1149 1068
f 1113 1068 1111
f 1111 1068 1070
f 1111 1070 1066
f 762 1083 1162
f 1162 1083 1159
f 1162 1159 1161
f 1161 1159 1154
f 1161 1154 1160
f 1160 1154 1153
f 1160 1153 1035
f 1035 1153 1163
f 1035 1163 1033
f 1042 1045 1043
f 1043 1045 1145
f 1043 1145 1081
f 1081 1145 1144
f 1081 1144 1082
f 1082 1144 1143
f 1082 1143 1083
f 1083 1143 1148
f 1083 1148 1158
f 1158 1148 1147
f 1158 1147 1157
f 1157 1147 1146
f 1157 1146 1156
f 1156 1146 1073
f 1156 1073 1155
f 1155 1073 1075
f 1155 1075 1072
f 752 750 1101
f 1101 750 1033
f 1101 1033 1102
f 1102 1033 1163
f 1102 1163 1104
f 1104 1163 1164
f 1104 1164 1106
f 1106 1164 1115
f 1106 1115 1107
f 1107 1115 1114
f 1107 1114 1100
f 1100 1114 1109
f 1100 1109 1099
f 1099 1109 1095
f 1099 1095 1098
f 1098 1095 1097
f 1098 1097 1040
f 1040 1097 1037
f 1040 1037 740
f 740 1037 1036
f 740 1036 741
f 741 1036 1094
f 741 1094 734
f 734 1094 1090
f 734 1090 736
f 736 1090 730
f 1165 1166 1167
f 1168 1169 1170
f 1171 1172 1173
f 695 1174 1175
f 1049 1176 1177
f 1178 1179 1180
f 1181 1182 1183
f 1181 1183 1184
f 1184 1183 1185
f 1184 1185 1186
f 1186 1185 1187
f 1186 1187 1188
f 1167 1166 1171
f 1189 1172 1190
f 1190 1172 1171
f 1190 1171 1191
f 1191 1171 1166
f 1191 1166 1192
f 1192 1166 1165
f 1192 1165 1193
f 1178 1180 1194
f 1194 1180 1195
f 1194 1195 1196
f 1196 1195 1197
f 1196 1197 1198
f 1198 1197 1199
f 1198 1199 1200
f 1200 1199 1201
f 1200 1201 1202
f 1202 1201 1203
f 1202 1203 1204
f 1204 1203 1205
f 1204 1205 1206
f 1206 1205 1176
f 1206 1176 1207
f 1207 1176 1049
f 1207 1049 1048
f 708 1061 707
f 707 1061 1208
f 707 1208 706
f 706 1208 1209
f 706 1209 704
f 1174 695 1209
f 1209 695 700
f 1209 700 704
f 693 692 1210
f 1210 692 625
f 1210 625 1211
f 1211 625 697
f 1211 697 1175
f 1175 697 696
f 1175 696 695
f 674 673 1212
f 1212 673 675
f 1212 675 1213
f 1213 675 677
f 1213 677 1214
f 1214 677 679
f 1214 679 1215
f 1215 679 682
f 1215 682 1216
f 1216 682 687
f 1216 687 1217
f 1217 687 686
f 1217 686 1218
f 1218 686 684
f 1218 684 1219
f 1219 684 683
f 1219 683 1220
f 1220 683 690
f 1220 690 694
f 667 665 1221
f 1221 665 664
f 1221 664 1222
f 1222 664 709
f 1222 709 674
f 669 1183 670
f 670 1183 1182
f 670 1182 671
f 1223 1224 1225
f 1220 1226 1219
f 1219 1226 1227
f 1219 1227 1218
f 1218 1227 1228
f 1218 1228 1217
f 1217 1228 1229
f 1217 1229 1216
f 1216 1229 1230
f 1216 1230 1215
f 1061 1059 1208
f 1208 1059 1231
f 1208 1231 1209
f 1209 1231 1232
f 1209 1232 1174
f 1174 1232 1233
f 1174 1233 1175
f 1175 1233 1234
f 1175 1234 1211
f 1211 1234 1223
f 1211 1223 1210
f 1210 1223 1225
f 1210 1225 693
f 1059 1057 1231
f 1231 1057 1235
f 1231 1235 1232
f 1232 1235 1236
f 1232 1236 1233
f 1233 1236 1237
f 1233 1237 1234
f 1234 1237 1238
f 1234 1238 1223
f 1223 1238 1239
f 1223 1239 1224
f 1224 1239 1240
f 1057 1055 1235
f 1235 1055 1241
f 1235 1241 1236
f 1236 1241 1242
f 1236 1242 1237
f 1237 1242 1243
f 1237 1243 1238
f 1238 1243 1244
f 1238 1244 1239
f 1239 1244 1245
f 1239 1245 1240
f 1240 1245 1246
f 1247 1248 1249
f 1249 1250 1247
f 1247 1250 1251
f 1247 1251 1252
f 1252 1251 1246
f 1252 1246 1253
f 1253 1246 1245
f 1253 1245 1254
f 1254 1245 1244
f 1254 1244 1255
f 1255 1244 1243
f 1255 1243 1256
f 1256 1243 1242
f 1256 1242 1257
f 1257 1242 1241
f 1257 1241 1053
f 1053 1241 1055
f 1170 1169 1258
f 1258 1169 1259
f 1258 1259 1260
f 1170 1261 1168
f 1168 1261 1262
f 1168 1262 1248
f 1248 1262 1263
f 1248 1263 1249
f 1264 1193 1265
f 1265 1193 1165
f 1265 1165 1266
f 1266 1165 1167
f 1266 1167 1267
f 1267 1167 1171
f 1267 1171 1268
f 1268 1171 1173
f 1268 1173 1269
f 1177 1176 1270
f 1270 1176 1205
f 1270 1205 1271
f 1271 1205 1203
f 1271 1203 1272
f 1272 1203 1201
f 1272 1201 1273
f 1273 1201 1199
f 1273 1199 1274
f 1274 1199 1197
f 1274 1197 1275
f 1275 1197 1195
f 1275 1195 1276
f 1276 1195 1180
f 1276 1180 1277
f 1277 1180 1179
f 1277 1179 1278
f 1053 1049 1257
f 1257 1049 1177
f 1257 1177 1256
f 1256 1177 1270
f 1256 1270 1255
f 1255 1270 1271
f 1255 1271 1254
f 1254 1271 1272
f 1254 1272 1253
f 1253 1272 1273
f 1253 1273 1252
f 1252 1273 1274
f 1252 1274 1247
f 1247 1274 1275
f 1247 1275 1248
f 1248 1275 1276
f 1248 1276 1168
f 1168 1276 1277
f 1168 1277 1169
f 1169 1277 1278
f 1169 1278 1259
f 669 1269 1183
f 1183 1269 1173
f 1183 1173 1185
f 1185 1173 1172
f 1185 1172 1187
f 1187 1172 1189
f 1187 1189 1188
f 674 1212 1222
f 1222 1212 1279
f 1222 1279 1221
f 1226 1280 1227
f 1227 1280 1281
f 1227 1281 1228
f 1228 1281 1282
f 1228 1282 1229
f 1229 1282 1283
f 1229 1283 1230
f 1230 1283 1284
f 1230 1284 1215
f 1215 1284 1285
f 1215 1285 1214
f 1214 1285 1286
f 1214 1286 1213
f 1213 1286 1287
f 1213 1287 1212
f 1212 1287 1288
f 1212 1288 1279
f 669 668 1269
f 1269 668 1289
f 1269 1289 1268
f 1268 1289 1260
f 1268 1260 1267
f 1267 1260 1259
f 1267 1259 1266
f 1266 1259 1278
f 1266 1278 1265
f 1265 1278 1179
f 1265 1179 1264
f 1264 1179 1178
f 668 667 1289
f 1289 667 1221
f 1289 1221 1260
f 1260 1221 1279
f 1260 1279 1258
f 1258 1279 1288
f 1258 1288 1170
f 1170 1288 1287
f 1170 1287 1261
f 1261 1287 1286
f 1261 1286 1262
f 1262 1286 1285
f 1262 1285 1263
f 1263 1285 1284
f 1263 1284 1249
f 1249 1284 1283
f 1249 1283 1250
f 1250 1283 1282
f 1250 1282 1251
f 1251 1282 1281
f 1251 1281 1246
f 1246 1281 1280
f 1246 1280 1240
f 1240 1280 1226
f 1240 1226 1224
f 1224 1226 1220
f 1224 1220 1225
f 1225 1220 694
f 1225 694 693
f 1290 1291 1292
f 645 644 1293
f 661 1294 1295
f 1296 1297 1298
f 651 650 1299
f 1300 1301 1302
f 1302 1301 1303
f 1304 1305 1300
f 1300 1305 1306
f 1300 1306 1301
f 1307 1308 1304
f 1304 1308 1305
f 1304 1309 1307
f 1307 1309 1310
f 1307 1310 1311
f 1311 1310 1312
f 1311 1312 1313
f 1314 1315 1316
f 1316 1315 1317
f 1316 1317 1318
f 1318 1317 1319
f 1318 1319 1320
f 1320 1319 1321
f 1320 1321 1322
f 1296 1298 1323
f 1323 1298 1324
f 1323 1324 1325
f 1325 1324 1326
f 1325 1326 1327
f 1327 1326 1328
f 1327 1328 1329
f 1329 1328 1330
f 1329 1330 1331
f 1331 1330 1332
f 1331 1332 1333
f 1333 1332 1334
f 1333 1334 1335
f 1335 1334 1186
f 1335 1186 1188
f 659 671 1336
f 1336 671 1182
f 1336 1182 1181
f 661 1295 663
f 663 1295 1337
f 663 1337 629
f 1338 654 1339
f 1339 654 655
f 1339 655 1340
f 1340 655 630
f 1340 630 1341
f 1341 630 629
f 653 1342 632
f 632 1342 1343
f 632 1343 633
f 633 1343 1344
f 633 1344 634
f 634 1344 1345
f 634 1345 635
f 635 1345 636
f 636 1345 1346
f 636 1346 637
f 637 1346 1347
f 637 1347 638
f 638 1347 1348
f 638 1348 639
f 643 642 1349
f 1349 642 641
f 1349 641 640
f 645 1293 646
f 649 648 1350
f 1350 648 647
f 1294 1351 1295
f 1295 1351 1352
f 1295 1352 1337
f 1337 1352 1353
f 1354 1355 1356
f 658 659 1357
f 1357 659 1336
f 1357 1336 1358
f 1358 1336 1181
f 1358 1181 1184
f 1355 1354 1359
f 1360 1361 1362
f 1359 1363 1355
f 1355 1363 1364
f 1355 1364 1356
f 1356 1364 1365
f 1356 1365 1366
f 1366 1365 1367
f 1366 1367 1368
f 1368 1367 1369
f 1368 1369 1370
f 1370 1369 1360
f 1370 1360 1371
f 1371 1360 1362
f 660 658 1354
f 1354 658 1357
f 1354 1357 1359
f 1359 1357 1358
f 1359 1358 1363
f 1363 1358 1372
f 1363 1372 1364
f 1364 1372 1373
f 1364 1373 1365
f 1365 1373 1374
f 1365 1374 1367
f 1367 1374 1375
f 1367 1375 1369
f 1369 1375 1376
f 1369 1376 1360
f 1360 1376 1377
f 1360 1377 1361
f 1361 1377 1378
f 1184 1186 1358
f 1358 1186 1334
f 1358 1334 1372
f 1372 1334 1332
f 1372 1332 1373
f 1373 1332 1330
f 1373 1330 1374
f 1374 1330 1328
f 1374 1328 1375
f 1375 1328 1326
f 1375 1326 1376
f 1376 1326 1324
f 1376 1324 1377
f 1377 1324 1298
f 1377 1298 1378
f 1378 1298 1297
f 1378 1297 1379
f 1380 1381 1382
f 1382 1381 1383
f 1382 1383 1384
f 1384 1383 1385
f 1384 1385 1386
f 1387 1291 1388
f 1388 1291 1290
f 1388 1290 1389
f 1315 1387 1317
f 1317 1387 1388
f 1317 1388 1319
f 1319 1388 1389
f 1319 1389 1321
f 1390 1322 1391
f 1391 1322 1321
f 1391 1321 1392
f 1392 1321 1389
f 1392 1389 1393
f 1393 1389 1290
f 1393 1290 1394
f 1394 1290 1292
f 1394 1292 1395
f 650 649 1299
f 1299 649 1350
f 1299 1350 1396
f 1396 1350 1397
f 1396 1397 1398
f 1398 1397 1399
f 1398 1399 1400
f 1400 1399 1401
f 1400 1401 1402
f 1402 1401 1403
f 1402 1403 1404
f 1404 1403 1379
f 1404 1379 1405
f 1405 1379 1297
f 1405 1297 1406
f 1406 1297 1296
f 1407 1313 1314
f 1314 1313 1312
f 1314 1312 1315
f 1315 1312 1310
f 1315 1310 1387
f 1387 1310 1309
f 1387 1309 1291
f 1291 1309 1304
f 1291 1304 1292
f 1292 1304 1300
f 1292 1300 1395
f 1395 1300 1302
f 629 1337 1341
f 1341 1337 1353
f 1341 1353 1340
f 1340 1353 1408
f 1340 1408 1339
f 1339 1408 1409
f 1339 1409 1338
f 1338 1409 1410
f 1338 1410 1411
f 1411 1410 1412
f 1411 1412 1413
f 1413 1412 1414
f 1413 1414 1415
f 1415 1414 1416
f 1415 1416 1417
f 1417 1416 1418
f 1417 1418 1419
f 1419 1418 1420
f 1419 1420 1421
f 647 646 1350
f 1350 646 1293
f 1350 1293 1397
f 1397 1293 1422
f 1397 1422 1399
f 1399 1422 1423
f 1399 1423 1401
f 1401 1423 1386
f 1401 1386 1403
f 1403 1386 1385
f 1403 1385 1379
f 1379 1385 1383
f 1379 1383 1378
f 1378 1383 1381
f 1378 1381 1361
f 1361 1381 1380
f 1361 1380 1362
f 640 639 1349
f 1349 639 1348
f 1349 1348 1421
f 1421 1348 1347
f 1421 1347 1419
f 1419 1347 1346
f 1419 1346 1417
f 1417 1346 1345
f 1417 1345 1415
f 1415 1345 1344
f 1415 1344 1413
f 1413 1344 1343
f 1413 1343 1411
f 1411 1343 1342
f 1411 1342 1338
f 1338 1342 653
f 1338 653 654
f 1406 1390 1405
f 1405 1390 1391
f 1405 1391 1404
f 1404 1391 1392
f 1404 1392 1402
f 1402 1392 1393
f 1402 1393 1400
f 1400 1393 1394
f 1400 1394 1398
f 1398 1394 1395
f 1398 1395 1396
f 1396 1395 1302
f 1396 1302 1299
f 1299 1302 1303
f 1299 1303 651
f 661 660 1294
f 1294 660 1354
f 1294 1354 1351
f 1351 1354 1356
f 1351 1356 1352
f 1352 1356 1366
f 1352 1366 1353
f 1353 1366 1368
f 1353 1368 1408
f 1408 1368 1370
f 1408 1370 1409
f 1409 1370 1371
f 1409 1371 1410
f 1410 1371 1362
f 1410 1362 1412
f 1412 1362 1380
f 1412 1380 1414
f 1414 1380 1382
f 1414 1382 1416
f 1416 1382 1384
f 1416 1384 1418
f 1418 1384 1386
f 1418 1386 1420
f 1420 1386 1423
f 1420 1423 1421
f 1421 1423 1422
f 1421 1422 1349
f 1349 1422 1293
f 1349 1293 643
f 643 1293 644
f 767 774 1041
f 1041 774 773
f 1041 773 1042
f 1424 1425 1426
f 1424 1426 1427
f 1428 1429 1430
f 1429 1431 1432
f 1432 1431 1433
f 1432 1433 1434
f 1434 1433 1435
f 1434 1435 1436
f 1436 1435 1437
f 1436 1437 1438
f 1438 1437 1439
f 1438 1439 1440
f 1440 1439 1441
f 1440 1441 1442
f 1442 1441 1443
f 1442 1443 1444
f 1444 1443 1445
f 1444 1445 1446
f 1446 1445 1447
f 1446 1447 1448
f 1448 1447 1449
f 1448 1449 1450
f 1450 1449 1451
f 1450 1451 1452
f 1452 1451 1453
f 1452 1453 1454
f 1454 1453 1313
f 1454 1313 1407
f 1306 1305 1455
f 1455 1305 1308
f 814 1456 811
f 811 1456 1457
f 1458 808 1457
f 1457 808 809
f 1457 809 811
f 801 803 1458
f 1458 803 805
f 1458 805 808
f 792 794 1459
f 1459 794 796
f 1459 796 1460
f 1460 796 799
f 1460 799 1461
f 1461 799 801
f 1461 801 1462
f 1462 801 1458
f 787 1463 788
f 788 1463 1464
f 788 1464 817
f 817 1464 1465
f 817 1465 715
f 715 1465 1466
f 1467 777 1468
f 1468 777 784
f 1468 784 1469
f 1469 784 783
f 1469 783 1470
f 1470 783 785
f 1470 785 1466
f 1466 785 713
f 1466 713 715
f 775 1471 771
f 771 1471 1472
f 771 1472 769
f 769 1472 1473
f 769 1473 768
f 1427 1046 1424
f 1424 1046 1045
f 1424 1045 1474
f 1474 1045 1042
f 1474 1042 1475
f 1475 1042 773
f 1475 773 772
f 1476 1467 1477
f 1477 1467 1468
f 1477 1468 1478
f 1478 1468 1469
f 1478 1469 1479
f 1479 1469 1470
f 1479 1470 1480
f 1480 1470 1466
f 1481 1473 1482
f 1482 1473 1472
f 1482 1472 1476
f 1476 1472 1471
f 1476 1471 1467
f 1467 1471 775
f 1467 775 777
f 1483 1484 1485
f 1486 1487 1488
f 1488 1487 1489
f 1490 1491 1492
f 1492 1491 1493
f 1492 1493 1489
f 1489 1493 1494
f 1489 1494 1488
f 1495 1490 1496
f 1496 1490 1492
f 1496 1492 1497
f 1497 1492 1489
f 1497 1489 1484
f 1484 1489 1487
f 1484 1487 1485
f 1485 1487 1486
f 1425 1424 1498
f 1498 1424 1474
f 1498 1474 1499
f 1499 1474 1475
f 1499 1475 1500
f 1500 1475 772
f 1500 772 768
f 768 1473 1500
f 1500 1473 1481
f 1500 1481 1499
f 1499 1481 1501
f 1499 1501 1498
f 1498 1501 1502
f 1498 1502 1425
f 1425 1502 1428
f 1425 1428 1426
f 1426 1428 1430
f 1426 1430 1427
f 1308 1307 1455
f 1455 1307 1503
f 1455 1503 1504
f 1504 1503 1505
f 1504 1505 1506
f 1506 1505 1507
f 1506 1507 1508
f 1508 1507 1509
f 1508 1509 1510
f 1510 1509 1511
f 1510 1511 1512
f 1512 1511 1513
f 1512 1513 1514
f 1514 1513 1515
f 1514 1515 1516
f 1516 1515 1517
f 1516 1517 1518
f 1518 1517 1519
f 1518 1519 1520
f 1431 1495 1433
f 1433 1495 1496
f 1433 1496 1435
f 1435 1496 1497
f 1435 1497 1437
f 1437 1497 1484
f 1437 1484 1439
f 1439 1484 1483
f 1439 1483 1441
f 1441 1483 1521
f 1441 1521 1443
f 1443 1521 1522
f 1443 1522 1445
f 1445 1522 1523
f 1445 1523 1447
f 1447 1523 1524
f 1447 1524 1449
f 1449 1524 1525
f 1449 1525 1451
f 1451 1525 1526
f 1451 1526 1453
f 1453 1526 1527
f 1453 1527 1313
f 1313 1527 1311
f 1307 1311 1503
f 1503 1311 1527
f 1503 1527 1505
f 1505 1527 1526
f 1505 1526 1507
f 1507 1526 1525
f 1507 1525 1509
f 1509 1525 1524
f 1509 1524 1511
f 1511 1524 1523
f 1511 1523 1513
f 1513 1523 1522
f 1513 1522 1515
f 1515 1522 1521
f 1515 1521 1517
f 1517 1521 1483
f 1517 1483 1519
f 1519 1483 1485
f 1519 1485 1520
f 1520 1485 1486
f 1528 1529 1530
f 1456 1531 1457
f 1457 1531 1532
f 1457 1532 1458
f 1458 1532 1533
f 1458 1533 1462
f 1462 1533 1534
f 1462 1534 1461
f 1461 1534 1535
f 1461 1535 1460
f 1460 1535 1528
f 1460 1528 1459
f 1459 1528 1530
f 1459 1530 792
f 792 1530 790
f 1531 1536 1532
f 1532 1536 1537
f 1532 1537 1533
f 1533 1537 1538
f 1533 1538 1534
f 1534 1538 1539
f 1534 1539 1535
f 1535 1539 1540
f 1535 1540 1528
f 1528 1540 1541
f 1528 1541 1529
f 1529 1541 1542
f 1543 1544 1545
f 1545 1544 1546
f 1545 1546 1547
f 1547 1546 1548
f 1463 1548 1464
f 1464 1548 1546
f 1464 1546 1465
f 1465 1546 1544
f 1465 1544 1466
f 1466 1544 1543
f 1466 1543 1480
f 1514 1542 1512
f 1512 1542 1541
f 1512 1541 1510
f 1510 1541 1540
f 1510 1540 1508
f 1508 1540 1539
f 1508 1539 1506
f 1506 1539 1538
f 1506 1538 1504
f 1504 1538 1537
f 1504 1537 1455
f 1455 1537 1536
f 1455 1536 1306
f 1306 1536 1531
f 1306 1531 1301
f 1301 1531 1456
f 1301 1456 1303
f 1303 1456 814
f 1303 814 651
f 1429 1428 1431
f 1431 1428 1502
f 1431 1502 1495
f 1495 1502 1501
f 1495 1501 1490
f 1490 1501 1481
f 1490 1481 1491
f 1491 1481 1482
f 1491 1482 1493
f 1493 1482 1476
f 1493 1476 1494
f 1494 1476 1477
f 1494 1477 1488
f 1488 1477 1478
f 1488 1478 1486
f 1486 1478 1479
f 1486 1479 1520
f 1520 1479 1480
f 1520 1480 1518
f 1518 1480 1543
f 1518 1543 1516
f 1516 1543 1545
f 1516 1545 1514
f 1514 1545 1547
f 1514 1547 1542
f 1542 1547 1548
f 1542 1548 1529
f 1529 1548 1463
f 1529 1463 1530
f 1530 1463 787
f 1530 787 790
f 1549 1048 1047
f 1549 1047 1550
f 1550 1047 1142
f 1550 1142 1551
f 1142 1064 1551
f 1551 1064 1063
f 1551 1063 1552
f 1063 1124 1552
f 1552 1124 1118
f 1552 1118 1553
f 1118 1067 1553
f 1553 1067 1066
f 1553 1066 1554
f 1066 1070 1554
f 1554 1070 1069
f 1554 1069 1555
f 1069 1072 1555
f 1555 1072 1075
f 1555 1075 1556
f 1075 1074 1556
f 1556 1074 1077
f 1556 1077 1557
f 1557 1077 1079
f 1079 1080 1557
f 1557 1080 1046
f 1557 1046 1558
f 1046 1427 1558
f 1558 1427 1430
f 1558 1430 1559
f 1430 1429 1559
f 1559 1429 1432
f 1559 1432 1560
f 1432 1434 1560
f 1560 1434 1436
f 1560 1436 1561
f 1436 1438 1561
f 1561 1438 1440
f 1561 1440 1562
f 1440 1442 1562
f 1562 1442 1444
f 1562 1444 1563
f 1444 1446 1563
f 1563 1446 1448
f 1563 1448 1564
f 1407 1565 1454
f 1454 1565 1566
f 1454 1566 1452
f 1452 1566 1564
f 1452 1564 1450
f 1450 1564 1448
f 1567 1568 1569
f 1567 1549 1568
f 1568 1549 1550
f 1568 1550 1570
f 1570 1550 1551
f 1570 1551 1571
f 1571 1551 1552
f 1571 1552 1572
f 1572 1552 1553
f 1572 1553 1573
f 1573 1553 1554
f 1573 1554 1574
f 1574 1554 1555
f 1574 1555 1575
f 1576 1577 1578
f 1578 1577 1579
f 1578 1579 1580
f 1580 1579 1581
f 1580 1581 1582
f 1582 1581 1583
f 1582 1583 1584
f 1584 1583 1585
f 1584 1585 1586
f 1586 1585 1587
f 1586 1587 1588
f 1588 1587 1589
f 1588 1589 1569
f 1569 1589 1590
f 1569 1590 1567
f 1566 1591 1592
f 1566 1565 1591
f 1591 1565 1593
f 1591 1593 1594
f 1594 1593 1595
f 1594 1595 1596
f 1596 1595 1597
f 1596 1597 1598
f 1598 1597 1599
f 1598 1599 1600
f 1600 1599 1601
f 1600 1601 1602
f 1602 1601 1603
f 1602 1603 1576
f 1576 1603 1604
f 1576 1604 1577
f 1555 1556 1575
f 1575 1556 1557
f 1575 1557 1605
f 1605 1557 1558
f 1605 1558 1606
f 1606 1558 1559
f 1606 1559 1607
f 1607 1559 1560
f 1607 1560 1608
f 1608 1560 1561
f 1608 1561 1609
f 1609 1561 1562
f 1609 1562 1610
f 1610 1562 1563
f 1610 1563 1592
f 1592 1563 1564
f 1592 1564 1566
f 1048 1549 1567
f 1593 1565 1407
f 1407 1314 1593
f 1593 1314 1316
f 1593 1316 1595
f 1316 1318 1595
f 1595 1318 1320
f 1595 1320 1597
f 1320 1322 1597
f 1597 1322 1390
f 1597 1390 1599
f 1390 1406 1599
f 1599 1406 1296
f 1599 1296 1601
f 1296 1323 1601
f 1601 1323 1325
f 1601 1325 1603
f 1325 1327 1603
f 1603 1327 1329
f 1603 1329 1604
f 1329 1331 1604
f 1604 1331 1333
f 1604 1333 1577
f 1333 1335 1577
f 1577 1335 1188
f 1577 1188 1579
f 1188 1189 1579
f 1579 1189 1190
f 1579 1190 1581
f 1190 1191 1581
f 1581 1191 1192
f 1581 1192 1583
f 1192 1193 1583
f 1583 1193 1264
f 1583 1264 1585
f 1264 1178 1585
f 1585 1178 1194
f 1585 1194 1587
f 1194 1196 1587
f 1587 1196 1198
f 1587 1198 1589
f 1198 1200 1589
f 1589 1200 1202
f 1589 1202 1590
f 1202 1204 1590
f 1590 1204 1206
f 1590 1206 1567
f 1567 1206 1207
f 1567 1207 1048
f 1611 1568 1612
f 1612 1568 1570
f 1612 1570 1613
f 1613 1570 1571
f 1613 1571 1614
f 1614 1571 1572
f 1614 1572 1615
f 1615 1572 1573
f 1615 1573 1616
f 1616 1573 1574
f 1616 1574 1617
f 1617 1574 1575
f 1617 1575 1618
f 1618 1575 1605
f 1618 1605 1619
f 1619 1605 1606
f 1619 1606 1620
f 1620 1606 1607
f 1620 1607 1621
f 1621 1607 1608
f 1621 1608 1622
f 1622 1608 1609
f 1622 1609 1623
f 1623 1609 1610
f 1623 1610 1624
f 1624 1610 1592
f 1624 1592 1625
f 1625 1592 1591
f 1625 1591 1626
f 1626 1591 1594
f 1626 1594 1627
f 1627 1594 1596
f 1627 1596 1628
f 1628 1596 1598
f 1628 1598 1629
f 1629 1598 1600
f 1629 1600 1630
f 1630 1600 1602
f 1630 1602 1631
f 1631 1602 1576
f 1631 1576 1632
f 1632 1576 1578
f 1632 1578 1633
f 1633 1578 1580
f 1633 1580 1634
f 1634 1580 1582
f 1634 1582 1635
f 1635 1582 1584
f 1635 1584 1636
f 1636 1584 1586
f 1636 1586 1637
f 1637 1586 1588
f 1637 1588 1638
f 1638 1588 1569
f 1638 1569 1611
f 1611 1569 1568
f 1618 1625 1626
f 1629 1630 1614
f 1614 1630 1631
f 1614 1631 1632
f 1629 1614 1628
f 1628 1614 1615
f 1628 1615 1616
f 1616 1617 1628
f 1628 1617 1618
f 1628 1618 1627
f 1627 1618 1626
f 1637 1638 1636
f 1636 1638 1635
f 1635 1638 1634
f 1634 1638 1611
f 1634 1611 1612
f 1618 1619 1625
f 1625 1619 1620
f 1625 1620 1621
f 1632 1633 1614
f 1614 1633 1634
f 1614 1634 1613
f 1613 1634 1612
f 1621 1622 1625
f 1625 1622 1623
f 1625 1623 1624
f 1639 2 1640
f 1640 2 125
f 1640 125 1641
f 1641 125 150
f 1641 150 1642
f 1642 150 148
f 1642 148 1643
f 1643 148 146
f 1643 146 1644
f 1644 146 144
f 1644 144 1645
f 1645 144 142
f 1645 142 1646
f 1646 142 140
f 1646 140 1647
f 1647 140 138
f 1647 138 1648
f 1648 138 136
f 1648 136 1649
f 1649 136 134
f 1649 134 1650
f 1650 134 132
f 1650 132 1651
f 1651 132 130
f 1651 130 1652
f 1652 130 128
f 1652 128 1653
f 1653 128 126
f 1653 126 1654
f 1655 43 1656
f 1656 43 42
f 1656 42 1657
f 1657 42 70
f 1657 70 1658
f 1658 70 68
f 1658 68 1659
f 1659 68 66
f 1659 66 1660
f 1660 66 64
f 1660 64 1661
f 1661 64 62
f 1661 62 1662
f 1662 62 60
f 1662 60 1663
f 1663 60 58
f 1663 58 1664
f 1664 58 56
f 1664 56 1665
f 1665 56 54
f 1665 54 1666
f 1666 54 52
f 1666 52 1667
f 1667 52 50
f 1667 50 1668
f 1668 50 48
f 1668 48 1669
f 1669 48 46
f 1669 46 1639
f 1639 46 3
f 1639 3 2
f 1670 170 1671
f 1671 170 282
f 1671 282 1672
f 1672 282 307
f 1672 307 1673
f 1673 307 305
f 1673 305 1674
f 1674 305 303
f 1674 303 1675
f 1675 303 301
f 1675 301 1676
f 1676 301 299
f 1676 299 1677
f 1677 299 297
f 1677 297 1678
f 1678 297 295
f 1678 295 1679
f 1679 295 293
f 1679 293 1680
f 1680 293 291
f 1680 291 1681
f 1681 291 289
f 1681 289 1682
f 1682 289 287
f 1682 287 1683
f 1683 287 285
f 1683 285 1684
f 1684 285 283
f 1684 283 1655
f 1655 283 250
f 1655 250 43
f 126 90 1654
f 1654 90 89
f 1654 89 1685
f 1685 89 207
f 1685 207 1686
f 1686 207 233
f 1686 233 1687
f 1687 233 231
f 1687 231 1688
f 1688 231 229
f 1688 229 1689
f 1689 229 227
f 1689 227 1690
f 1690 227 225
f 1690 225 1691
f 1691 225 223
f 1691 223 1692
f 1692 223 221
f 1692 221 1693
f 1693 221 219
f 1693 219 1694
f 1694 219 217
f 1694 217 1695
f 1695 217 215
f 1695 215 1696
f 1696 215 213
f 1696 213 1697
f 1697 213 211
f 1697 211 1698
f 1698 211 209
f 1698 209 1670
f 1670 209 171
f 1670 171 170
f 1699 1700 1701
f 1702 1703 1704
f 1705 1703 1706
f 1706 1703 1702
f 1706 1702 1707
f 1707 1702 1708
f 1709 1710 1711
f 1711 1710 1712
f 1712 1710 1713
f 1712 1713 1714
f 1684 1655 1715
f 1715 1716 1684
f 1684 1716 1717
f 1684 1717 1683
f 1683 1717 1718
f 1683 1718 1682
f 1682 1718 1681
f 1670 1671 1701
f 1701 1671 1719
f 1701 1719 1699
f 1699 1719 1720
f 1718 1721 1681
f 1681 1721 1722
f 1681 1722 1680
f 1680 1722 1723
f 1680 1723 1679
f 1679 1723 1724
f 1679 1724 1678
f 1678 1724 1725
f 1678 1725 1677
f 1677 1725 1726
f 1677 1726 1676
f 1676 1726 1727
f 1676 1727 1675
f 1675 1727 1728
f 1675 1728 1674
f 1674 1728 1720
f 1674 1720 1673
f 1673 1720 1719
f 1673 1719 1672
f 1672 1719 1671
f 1729 1713 1730
f 1730 1713 1710
f 1730 1710 1731
f 1731 1710 1709
f 1704 1732 1702
f 1702 1732 1733
f 1702 1733 1708
f 1708 1733 1734
f 1708 1734 1735
f 1735 1734 1736
f 1735 1736 1737
f 1737 1736 1738
f 1737 1738 1739
f 1739 1738 1740
f 1739 1740 1741
f 1741 1740 1742
f 1741 1742 1743
f 1743 1742 1744
f 1743 1744 1745
f 1745 1744 1746
f 1745 1746 1747
f 1747 1746 1709
f 1747 1709 1748
f 1748 1709 1711
f 1732 1749 1733
f 1733 1749 1750
f 1733 1750 1734
f 1734 1750 1751
f 1734 1751 1736
f 1736 1751 1752
f 1736 1752 1738
f 1738 1752 1753
f 1738 1753 1740
f 1740 1753 1754
f 1740 1754 1742
f 1742 1754 1755
f 1742 1755 1744
f 1744 1755 1756
f 1744 1756 1746
f 1746 1756 1757
f 1746 1757 1709
f 1709 1757 1758
f 1709 1758 1731
f 1715 1759 1716
f 1716 1759 1760
f 1716 1760 1717
f 1717 1760 1761
f 1717 1761 1718
f 1718 1761 1762
f 1718 1762 1721
f 1704 1700 1732
f 1732 1700 1699
f 1732 1699 1749
f 1749 1699 1720
f 1749 1720 1750
f 1750 1720 1728
f 1750 1728 1751
f 1751 1728 1727
f 1751 1727 1752
f 1752 1727 1726
f 1752 1726 1753
f 1753 1726 1725
f 1753 1725 1754
f 1754 1725 1724
f 1754 1724 1755
f 1755 1724 1723
f 1755 1723 1756
f 1756 1723 1722
f 1756 1722 1757
f 1757 1722 1721
f 1757 1721 1758
f 1758 1721 1762
f 1758 1762 1731
f 1731 1762 1761
f 1731 1761 1730
f 1730 1761 1760
f 1730 1760 1729
f 1729 1760 1759
f 1763 1654 1685
f 1763 1685 1764
f 1765 1766 1767
f 1768 1766 1769
f 1769 1766 1765
f 1769 1765 1770
f 1770 1765 1771
f 1772 1773 1774
f 1774 1773 1775
f 1775 1773 1703
f 1775 1703 1705
f 1776 1701 1700
f 1670 1701 1698
f 1698 1701 1776
f 1698 1776 1697
f 1777 1690 1778
f 1778 1690 1691
f 1778 1691 1779
f 1779 1691 1692
f 1779 1692 1780
f 1780 1692 1693
f 1780 1693 1781
f 1781 1693 1694
f 1781 1694 1782
f 1782 1694 1695
f 1782 1695 1783
f 1783 1695 1696
f 1783 1696 1784
f 1784 1696 1697
f 1784 1697 1785
f 1785 1697 1776
f 1785 1776 1786
f 1786 1776 1700
f 1685 1686 1764
f 1764 1686 1687
f 1764 1687 1787
f 1787 1687 1688
f 1787 1688 1788
f 1788 1688 1689
f 1767 1789 1765
f 1765 1789 1790
f 1765 1790 1771
f 1771 1790 1791
f 1771 1791 1792
f 1792 1791 1793
f 1792 1793 1794
f 1794 1793 1795
f 1794 1795 1796
f 1796 1795 1797
f 1796 1797 1798
f 1798 1797 1799
f 1798 1799 1800
f 1800 1799 1801
f 1800 1801 1802
f 1802 1801 1803
f 1802 1803 1804
f 1804 1803 1772
f 1804 1772 1805
f 1805 1772 1774
f 1704 1703 1806
f 1806 1703 1773
f 1806 1773 1807
f 1807 1773 1772
f 1789 1808 1790
f 1790 1808 1809
f 1790 1809 1791
f 1791 1809 1810
f 1791 1810 1793
f 1793 1810 1811
f 1793 1811 1795
f 1795 1811 1812
f 1795 1812 1797
f 1797 1812 1813
f 1797 1813 1799
f 1799 1813 1814
f 1799 1814 1801
f 1801 1814 1815
f 1801 1815 1803
f 1803 1815 1816
f 1803 1816 1772
f 1772 1816 1817
f 1772 1817 1807
f 1818 1763 1819
f 1819 1763 1764
f 1819 1764 1820
f 1820 1764 1787
f 1820 1787 1821
f 1821 1787 1788
f 1821 1788 1777
f 1777 1788 1689
f 1777 1689 1690
f 1700 1704 1786
f 1786 1704 1806
f 1786 1806 1785
f 1785 1806 1807
f 1785 1807 1784
f 1784 1807 1817
f 1784 1817 1783
f 1783 1817 1816
f 1783 1816 1782
f 1782 1816 1815
f 1782 1815 1781
f 1781 1815 1814
f 1781 1814 1780
f 1780 1814 1813
f 1780 1813 1779
f 1779 1813 1812
f 1779 1812 1778
f 1778 1812 1811
f 1778 1811 1777
f 1777 1811 1810
f 1777 1810 1821
f 1821 1810 1809
f 1821 1809 1820
f 1820 1809 1808
f 1820 1808 1819
f 1819 1808 1789
f 1819 1789 1818
f 1818 1789 1767
f 1822 1823 1824
f 1825 1826 1827
f 1828 1826 1829
f 1829 1826 1825
f 1829 1825 1830
f 1830 1825 1831
f 1832 1833 1834
f 1834 1833 1835
f 1835 1833 1766
f 1835 1766 1768
f 1653 1654 1763
f 1763 1836 1653
f 1653 1836 1837
f 1653 1837 1652
f 1652 1837 1838
f 1652 1838 1651
f 1651 1838 1650
f 1639 1640 1824
f 1824 1640 1839
f 1824 1839 1822
f 1822 1839 1840
f 1838 1841 1650
f 1650 1841 1842
f 1650 1842 1649
f 1649 1842 1843
f 1649 1843 1648
f 1648 1843 1844
f 1648 1844 1647
f 1647 1844 1845
f 1647 1845 1646
f 1646 1845 1846
f 1646 1846 1645
f 1645 1846 1847
f 1645 1847 1644
f 1644 1847 1848
f 1644 1848 1643
f 1643 1848 1840
f 1643 1840 1642
f 1642 1840 1839
f 1642 1839 1641
f 1641 1839 1640
f 1767 1766 1849
f 1849 1766 1833
f 1849 1833 1850
f 1850 1833 1832
f 1827 1851 1825
f 1825 1851 1852
f 1825 1852 1831
f 1831 1852 1853
f 1831 1853 1854
f 1854 1853 1855
f 1854 1855 1856
f 1856 1855 1857
f 1856 1857 1858
f 1858 1857 1859
f 1858 1859 1860
f 1860 1859 1861
f 1860 1861 1862
f 1862 1861 1863
f 1862 1863 1864
f 1864 1863 1865
f 1864 1865 1866
f 1866 1865 1832
f 1866 1832 1867
f 1867 1832 1834
f 1851 1868 1852
f 1852 1868 1869
f 1852 1869 1853
f 1853 1869 1870
f 1853 1870 1855
f 1855 1870 1871
f 1855 1871 1857
f 1857 1871 1872
f 1857 1872 1859
f 1859 1872 1873
f 1859 1873 1861
f 1861 1873 1874
f 1861 1874 1863
f 1863 1874 1875
f 1863 1875 1865
f 1865 1875 1876
f 1865 1876 1832
f 1832 1876 1877
f 1832 1877 1850
f 1763 1818 1836
f 1836 1818 1878
f 1836 1878 1837
f 1837 1878 1879
f 1837 1879 1838
f 1838 1879 1880
f 1838 1880 1841
f 1827 1823 1851
f 1851 1823 1822
f 1851 1822 1868
f 1868 1822 1840
f 1868 1840 1869
f 1869 1840 1848
f 1869 1848 1870
f 1870 1848 1847
f 1870 1847 1871
f 1871 1847 1846
f 1871 1846 1872
f 1872 1846 1845
f 1872 1845 1873
f 1873 1845 1844
f 1873 1844 1874
f 1874 1844 1843
f 1874 1843 1875
f 1875 1843 1842
f 1875 1842 1876
f 1876 1842 1841
f 1876 1841 1877
f 1877 1841 1880
f 1877 1880 1850
f 1850 1880 1879
f 1850 1879 1849
f 1849 1879 1878
f 1849 1878 1767
f 1767 1878 1818
f 1715 1655 1656
f 1715 1656 1881
f 1882 1713 1729
f 1714 1713 1883
f 1883 1713 1882
f 1883 1882 1884
f 1884 1882 1885
f 1886 1887 1888
f 1888 1887 1889
f 1889 1887 1826
f 1889 1826 1828
f 1890 1824 1823
f 1639 1824 1669
f 1669 1824 1890
f 1669 1890 1668
f 1891 1661 1892
f 1892 1661 1662
f 1892 1662 1893
f 1893 1662 1663
f 1893 1663 1894
f 1894 1663 1664
f 1894 1664 1895
f 1895 1664 1665
f 1895 1665 1896
f 1896 1665 1666
f 1896 1666 1897
f 1897 1666 1667
f 1897 1667 1898
f 1898 1667 1668
f 1898 1668 1899
f 1899 1668 1890
f 1899 1890 1900
f 1900 1890 1823
f 1656 1657 1881
f 1881 1657 1658
f 1881 1658 1901
f 1901 1658 1659
f 1901 1659 1902
f 1902 1659 1660
f 1729 1903 1882
f 1882 1903 1904
f 1882 1904 1885
f 1885 1904 1905
f 1885 1905 1906
f 1906 1905 1907
f 1906 1907 1908
f 1908 1907 1909
f 1908 1909 1910
f 1910 1909 1911
f 1910 1911 1912
f 1912 1911 1913
f 1912 1913 1914
f 1914 1913 1915
f 1914 1915 1916
f 1916 1915 1917
f 1916 1917 1918
f 1918 1917 1886
f 1918 1886 1919
f 1919 1886 1888
f 1827 1826 1920
f 1920 1826 1887
f 1920 1887 1921
f 1921 1887 1886
f 1903 1922 1904
f 1904 1922 1923
f 1904 1923 1905
f 1905 1923 1924
f 1905 1924 1907
f 1907 1924 1925
f 1907 1925 1909
f 1909 1925 1926
f 1909 1926 1911
f 1911 1926 1927
f 1911 1927 1913
f 1913 1927 1928
f 1913 1928 1915
f 1915 1928 1929
f 1915 1929 1917
f 1917 1929 1930
f 1917 1930 1886
f 1886 1930 1931
f 1886 1931 1921
f 1759 1715 1932
f 1932 1715 1881
f 1932 1881 1933
f 1933 1881 1901
f 1933 1901 1934
f 1934 1901 1902
f 1934 1902 1891
f 1891 1902 1660
f 1891 1660 1661
f 1823 1827 1900
f 1900 1827 1920
f 1900 1920 1899
f 1899 1920 1921
f 1899 1921 1898
f 1898 1921 1931
f 1898 1931 1897
f 1897 1931 1930
f 1897 1930 1896
f 1896 1930 1929
f 1896 1929 1895
f 1895 1929 1928
f 1895 1928 1894
f 1894 1928 1927
f 1894 1927 1893
f 1893 1927 1926
f 1893 1926 1892
f 1892 1926 1925
f 1892 1925 1891
f 1891 1925 1924
f 1891 1924 1934
f 1934 1924 1923
f 1934 1923 1933
f 1933 1923 1922
f 1933 1922 1932
f 1932 1922 1903
f 1932 1903 1759
f 1759 1903 1729
f 1935 1918 1936
f 1936 1918 1919
f 1936 1919 1937
f 1938 1939 1768
f 1768 1939 1940
f 1768 1940 1835
f 1835 1940 1941
f 1835 1941 1834
f 1834 1941 1942
f 1834 1942 1867
f 1867 1942 1866
f 1714 1883 1943
f 1774 1944 1805
f 1805 1944 1945
f 1805 1945 1804
f 1804 1945 1946
f 1804 1946 1802
f 1802 1946 1947
f 1919 1888 1937
f 1937 1888 1889
f 1937 1889 1948
f 1948 1889 1828
f 1948 1828 1829
f 1943 1883 1949
f 1949 1883 1884
f 1949 1884 1885
f 1943 1950 1714
f 1714 1950 1951
f 1714 1951 1712
f 1712 1951 1952
f 1712 1952 1711
f 1711 1952 1953
f 1711 1953 1748
f 1774 1775 1944
f 1944 1775 1705
f 1944 1705 1954
f 1954 1705 1706
f 1706 1707 1954
f 1954 1707 1708
f 1954 1708 1955
f 1955 1708 1735
f 1955 1735 1956
f 1768 1769 1938
f 1938 1769 1770
f 1938 1770 1947
f 1947 1770 1771
f 1860 1862 1942
f 1942 1862 1864
f 1942 1864 1866
f 1743 1745 1953
f 1953 1745 1747
f 1953 1747 1748
f 1829 1830 1948
f 1948 1830 1831
f 1948 1831 1957
f 1957 1831 1854
f 1957 1854 1958
f 1958 1854 1856
f 1958 1856 1942
f 1942 1856 1858
f 1942 1858 1860
f 1885 1906 1949
f 1949 1906 1908
f 1949 1908 1910
f 1735 1737 1956
f 1956 1737 1739
f 1956 1739 1953
f 1953 1739 1741
f 1953 1741 1743
f 1771 1792 1947
f 1947 1792 1794
f 1947 1794 1796
f 1910 1912 1949
f 1949 1912 1914
f 1949 1914 1935
f 1935 1914 1916
f 1935 1916 1918
f 1796 1798 1947
f 1947 1798 1800
f 1947 1800 1802
f 1959 1960 1961
f 1961 1960 1962
f 1962 1960 1963
f 1962 1963 1964
f 1965 1966 1967
f 1967 1966 1968
f 1959 1961 1969
f 1969 1961 1970
f 1969 1970 1971
f 1971 1970 1972
f 1971 1972 1973
f 1964 1963 1974
f 1974 1963 1967
f 1974 1967 1975
f 1975 1967 1968
f 1975 1968 1976
f 1977 1978 1979
f 1979 1978 1980
f 1980 1978 1981
f 1980 1981 1982
f 1983 1984 1985
f 1985 1984 1986
f 1977 1979 1987
f 1987 1979 1988
f 1987 1988 1989
f 1989 1988 1990
f 1989 1990 1991
f 1982 1981 1992
f 1992 1981 1985
f 1992 1985 1993
f 1993 1985 1986
f 1993 1986 1994
f 1995 1954 1955
f 1995 1955 1996
f 1996 1955 1956
f 1996 1956 1997
f 1997 1956 1953
f 1997 1953 1998
f 1999 1944 1995
f 1995 1944 1954
f 2000 1947 1946
f 2000 1946 2001
f 2001 1946 1945
f 2001 1945 2002
f 2002 1945 1944
f 2002 1944 1999
f 2003 1938 2000
f 2000 1938 1947
f 2004 1941 1940
f 2004 1940 2005
f 2005 1940 1939
f 2005 1939 2006
f 2006 1939 1938
f 2006 1938 2003
f 2007 1942 2004
f 2004 1942 1941
f 2008 1948 1957
f 2008 1957 2009
f 2009 1957 1958
f 2009 1958 2010
f 2010 1958 1942
f 2010 1942 2007
f 2011 1937 2008
f 2008 1937 1948
f 2012 1949 1935
f 2012 1935 2013
f 2013 1935 1936
f 2013 1936 2014
f 2014 1936 1937
f 2014 1937 2011
f 2015 1943 2012
f 2012 1943 1949
f 2016 1952 1951
f 2016 1951 2017
f 2017 1951 1950
f 2017 1950 2018
f 2018 1950 1943
f 2018 1943 2015
f 1998 1953 2016
f 2016 1953 1952
f 2019 2020 2006
f 2006 2020 2021
f 2006 2021 2022
f 2022 2021 2023
f 2024 2025 2026
f 2026 2025 2023
f 2026 2023 2027
f 2027 2023 2021
f 2027 2021 2028
f 2028 2021 2029
f 2028 2029 2030
f 2030 2029 2031
f 2032 2033 2018
f 2018 2033 2027
f 2018 2027 2034
f 2034 2027 2028
f 2017 2018 2016
f 2016 2018 2034
f 2016 2034 1998
f 1998 2034 2035
f 1998 2035 1997
f 1997 2035 2036
f 1997 2036 1996
f 1996 2036 2037
f 1996 2037 1995
f 1995 2037 2038
f 1995 2038 1999
f 1999 2038 2039
f 1999 2039 2002
f 2002 2039 2040
f 2002 2040 2001
f 2001 2040 2041
f 2001 2041 2000
f 2000 2041 2042
f 2000 2042 2003
f 2003 2042 2043
f 2003 2043 2006
f 2006 2043 2044
f 2006 2044 2019
f 2005 2006 2004
f 2004 2006 2022
f 2004 2022 2007
f 2007 2022 2045
f 2007 2045 2010
f 2010 2045 2046
f 2010 2046 2009
f 2009 2046 2047
f 2009 2047 2008
f 2008 2047 2048
f 2008 2048 2011
f 2011 2048 2049
f 2011 2049 2014
f 2014 2049 2050
f 2014 2050 2013
f 2013 2050 2051
f 2013 2051 2012
f 2012 2051 2052
f 2012 2052 2015
f 2015 2052 2053
f 2015 2053 2018
f 2018 2053 2054
f 2018 2054 2032
f 2039 1961 1962
f 2039 1962 2040
f 2040 1962 1964
f 2040 1964 2041
f 2041 1964 1974
f 2041 1974 2042
f 2038 1970 2039
f 2039 1970 1961
f 2035 1971 1973
f 2035 1973 2036
f 2036 1973 1972
f 2036 1972 2037
f 2037 1972 1970
f 2037 1970 2038
f 2034 1969 2035
f 2035 1969 1971
f 2028 1959 2034
f 2034 1959 1969
f 2029 1967 1963
f 2029 1963 2031
f 2031 1963 1960
f 2031 1960 2030
f 2030 1960 1959
f 2030 1959 2028
f 2021 1965 2029
f 2029 1965 1967
f 2020 1966 2021
f 2021 1966 1965
f 2043 1975 1976
f 2043 1976 2044
f 2044 1976 1968
f 2044 1968 2019
f 2019 1968 1966
f 2019 1966 2020
f 2042 1974 2043
f 2043 1974 1975
f 2027 1983 2026
f 2026 1983 1985
f 2033 1984 2027
f 2027 1984 1983
f 2053 1993 1994
f 2053 1994 2054
f 2054 1994 1986
f 2054 1986 2032
f 2032 1986 1984
f 2032 1984 2033
f 2052 1992 2053
f 2053 1992 1993
f 2049 1979 1980
f 2049 1980 2050
f 2050 1980 1982
f 2050 1982 2051
f 2051 1982 1992
f 2051 1992 2052
f 2048 1988 2049
f 2049 1988 1979
f 2045 1989 1991
f 2045 1991 2046
f 2046 1991 1990
f 2046 1990 2047
f 2047 1990 1988
f 2047 1988 2048
f 2022 1987 2045
f 2045 1987 1989
f 2023 1977 2022
f 2022 1977 1987
f 2026 1985 1981
f 2026 1981 2024
f 2024 1981 1978
f 2024 1978 2025
f 2025 1978 1977
f 2025 1977 2023

